# atego_wheel_fl.obj - ISO 8855 (x ileri, y sol, z yukari), metre
mtllib atego.mtl
v 0.407105 0.079016 -0.168628
v 0.385337 0.089625 -0.103251
v 0.425632 0.079016 -0.114049
v 0.057514 0.079016 0.436877
v 0.114047 0.079016 0.425633
v 0.103250 0.089625 0.385336
v -0.268251 0.079016 -0.349588
v -0.199467 0.089625 -0.345483
v -0.220326 0.079016 -0.381612
v -0.436879 0.079016 0.057516
v -0.398931 0.089625 0.000000
v -0.440648 0.079016 0.000000
v 0.381611 0.079016 -0.220325
v 0.345482 0.089625 -0.199466
v 0.168627 0.079016 0.407106
v -0.311586 0.079016 -0.311584
v -0.282086 0.089625 -0.282085
v -0.425634 0.079016 0.114049
v -0.385337 0.089625 0.103251
v 0.349589 0.079016 -0.268249
v 0.220323 0.079016 0.381612
v 0.199465 0.089625 0.345483
v -0.349592 0.079016 -0.268249
v -0.407107 0.079016 0.168628
v 0.311586 0.079016 -0.311587
v 0.282086 0.089625 -0.282085
v 0.268248 0.079016 0.349590
v -0.381613 0.079016 -0.220325
v -0.345484 0.089625 -0.199464
v -0.381613 0.079016 0.220325
v -0.345484 0.089625 0.199464
v 0.268248 0.079016 -0.349590
v 0.311586 0.079016 0.311584
v 0.282086 0.089625 0.282085
v -0.407107 0.079016 -0.168628
v -0.349589 0.079016 0.268249
v 0.220323 0.079016 -0.381612
v 0.199465 0.089625 -0.345483
v 0.349589 0.079016 0.268249
v -0.425634 0.079016 -0.114046
v -0.385337 0.089625 -0.103251
v -0.311586 0.079016 0.311584
v -0.282086 0.089625 0.282085
v 0.168629 0.079016 -0.407106
v 0.381611 0.079016 0.220325
v 0.345482 0.089625 0.199464
v -0.436879 0.079016 -0.057516
v -0.268251 0.079016 0.349590
v 0.114047 0.079016 -0.425633
v 0.103250 0.089625 -0.385336
v 0.407105 0.079016 0.168628
v -0.220323 0.079016 0.381612
v -0.199465 0.089625 0.345483
v 0.057514 0.079016 -0.436877
v 0.425632 0.079016 0.114049
v 0.385337 0.089625 0.103251
v -0.168629 0.079016 0.407106
v -0.000001 0.079016 -0.440649
v -0.000001 0.089625 -0.398930
v 0.436876 0.079016 0.057516
v -0.114047 0.079016 0.425633
v -0.103252 0.089625 0.385336
v -0.057517 0.079016 -0.436877
v 0.440648 0.079016 0.000000
v 0.398929 0.089625 0.000000
v -0.057517 0.079016 0.436877
v -0.114050 0.079016 -0.425633
v -0.103252 0.089625 -0.385336
v 0.436876 0.079016 -0.057516
v -0.000001 0.079016 0.440647
v -0.000001 0.089625 0.398930
v -0.168629 0.079016 -0.407106
v -0.432314 0.036935 0.115839
v 0.355075 0.036935 -0.272461
v -0.443737 0.036935 0.058420
v 0.316475 0.036935 0.316476
v -0.000001 -0.027977 0.449105
v -0.058419 0.036935 0.443735
v -0.058619 -0.027977 0.445262
v -0.115838 0.036935 0.432316
v -0.171276 0.036935 0.413497
v -0.445263 -0.027977 0.058621
v -0.447565 0.036935 0.000000
v -0.449104 -0.027977 0.000000
v -0.387603 0.036935 0.223784
v -0.356300 -0.027977 0.273398
v -0.355078 0.036935 0.272461
v 0.058419 0.036935 -0.443735
v -0.000001 0.036935 -0.447566
v 0.171863 -0.027977 -0.414919
v 0.223783 0.036935 -0.387604
v 0.224553 -0.027977 -0.388935
v -0.413495 0.036935 -0.171275
v -0.387603 0.036935 -0.223782
v 0.355075 0.036935 0.272461
v 0.447565 0.036935 0.000000
v 0.443734 0.036935 0.058417
v 0.413495 0.036935 -0.171275
v 0.432314 0.036935 -0.115839
v 0.387603 0.036935 -0.223782
v 0.414918 -0.027977 -0.171864
v 0.388936 -0.027977 -0.224554
v 0.272459 0.036935 -0.355077
v 0.273397 -0.027977 -0.356299
v 0.171865 -0.027977 0.414919
v 0.115838 0.036935 0.432316
v 0.116237 -0.027977 0.433802
v -0.388936 -0.027977 -0.224551
v -0.414918 -0.027977 -0.171864
v -0.432314 0.036935 -0.115837
v 0.257321 0.056752 -0.068948
v 0.270709 0.083905 -0.156296
v 0.230707 0.056752 -0.133200
v -0.156295 0.083905 -0.270711
v -0.188373 0.056752 -0.188371
v -0.133199 0.056752 -0.230708
v -0.221035 0.083905 -0.221033
v -0.230707 0.056752 -0.133198
v 0.312589 0.083905 0.000000
v 0.301939 0.083905 -0.080904
v -0.312589 0.083905 0.000000
v -0.257321 0.056752 0.068948
v -0.266399 0.056752 0.000000
v -0.000001 0.091510 -0.353957
v 0.080903 0.083905 -0.301937
v 0.091611 0.091510 -0.341897
v 0.250285 0.091510 -0.250287
v 0.176978 0.091510 -0.306535
v -0.080905 0.083905 -0.301937
v -0.000001 0.083905 -0.312590
v 0.306534 0.091510 -0.176980
v -0.156295 0.083905 0.270711
v -0.250285 0.091507 0.250284
v -0.176978 0.091507 0.306535
v 0.341895 0.091510 0.091610
v -0.221035 0.083905 0.221033
v -0.306536 0.091507 0.176977
v -0.091611 0.091510 -0.341894
v 0.250285 0.091507 0.250284
v 0.273397 -0.027977 0.356298
v 0.223780 0.036935 0.387601
v 0.224553 -0.027977 0.388935
v 0.432314 0.036935 0.115839
v -0.272462 0.036935 0.355077
v 0.171276 0.036935 0.413497
v -0.316478 0.036935 -0.316476
v -0.272462 0.036935 -0.355077
v 0.272459 0.036935 0.355077
v -0.171276 0.036935 -0.413497
v 0.171273 0.036935 -0.413497
v 0.317565 -0.027977 0.317563
v -0.356300 -0.027977 -0.273395
v -0.317565 -0.027977 -0.317564
v -0.171865 -0.027977 -0.414919
v -0.223783 0.036935 -0.387604
v -0.316478 0.036935 0.316476
v 0.058619 -0.027977 -0.445262
v -0.115841 0.036935 -0.432316
v 0.317565 -0.027977 -0.317564
v 0.316475 0.036935 -0.316476
v -0.273397 -0.027977 0.356298
v -0.317565 -0.027977 0.317563
v 0.413495 0.036935 0.171275
v -0.445263 -0.027977 -0.058621
v -0.443737 0.036935 -0.058417
v -0.116237 -0.027977 0.433802
v -0.171865 -0.027977 0.414919
v -0.388936 -0.027977 0.224551
v -0.413495 0.036935 0.171275
v -0.414918 -0.027977 0.171864
v -0.224553 -0.027977 0.388935
v -0.000001 0.083905 0.312590
v 0.068950 0.056752 0.257320
v -0.000001 0.056752 0.266398
v 0.230707 0.056752 0.133198
v 0.301939 0.083905 0.080904
v 0.257321 0.056752 0.068948
v -0.133199 0.056752 0.230708
v -0.270712 0.083905 -0.156294
v -0.257321 0.056752 -0.068948
v -0.068950 0.056752 -0.257320
v -0.000001 0.056752 -0.266398
v -0.068950 0.056752 0.257320
v -0.080905 0.083905 0.301937
v -0.230707 0.056752 0.133198
v -0.270712 0.083905 0.156294
v 0.221035 0.083905 -0.221033
v 0.188370 0.056752 -0.188371
v -0.341898 0.091510 0.091610
v 0.353955 0.091510 0.000000
v 0.091611 0.091507 0.341897
v -0.000001 0.091507 0.353957
v -0.353958 0.091510 0.000000
v -0.306536 0.091510 -0.176977
v -0.250285 0.091510 -0.250284
v -0.091611 0.091507 0.341897
v -0.301939 0.083905 -0.080904
v -0.341898 0.091510 -0.091610
v -0.176978 0.091510 -0.306535
v 0.306534 0.091507 0.176977
v 0.115838 0.036935 -0.432316
v 0.443734 0.036935 -0.058420
v -0.000001 0.036935 0.447566
v 0.058419 0.036935 0.443735
v 0.058619 -0.027977 0.445262
v -0.273397 -0.027977 -0.356299
v -0.433803 -0.027977 -0.116235
v 0.433800 -0.027977 0.116235
v 0.445261 -0.027977 0.058621
v -0.000001 -0.027977 -0.449105
v -0.058419 0.036935 -0.443735
v 0.445261 -0.027977 -0.058621
v 0.449104 -0.027977 0.000000
v -0.116237 -0.027977 -0.433802
v -0.433803 -0.027977 0.116235
v 0.116237 -0.027977 -0.433802
v 0.433800 -0.027977 -0.116235
v -0.301939 0.083905 0.080904
v 0.133199 0.056752 0.230708
v 0.221035 0.083905 0.221033
v 0.188370 0.056752 0.188371
v 0.156295 0.083905 0.270711
v 0.156295 0.083905 -0.270711
v -0.223783 0.036935 0.387601
v -0.058619 -0.027977 -0.445262
v -0.224553 -0.027977 -0.388935
v 0.388936 -0.027977 0.224551
v 0.414918 -0.027977 0.171864
v 0.356300 -0.027977 -0.273395
v 0.356297 -0.027977 0.273398
v 0.270709 0.083905 0.156294
v 0.133199 0.056752 -0.230708
v 0.068950 0.056752 -0.257320
v 0.176978 0.091507 0.306535
v -0.355078 0.036935 -0.272461
v -0.407107 -0.134972 -0.168628
v -0.385337 -0.145579 -0.103251
v -0.425634 -0.134972 -0.114049
v -0.057517 -0.134972 0.436877
v -0.114047 -0.134972 0.425633
v -0.103252 -0.145579 0.385336
v 0.268251 -0.134972 -0.349590
v 0.199465 -0.145579 -0.345483
v 0.220323 -0.134972 -0.381612
v 0.436876 -0.134972 0.057516
v 0.398929 -0.145579 0.000000
v 0.440648 -0.134972 0.000000
v -0.381613 -0.134972 -0.220325
v -0.345484 -0.145579 -0.199464
v -0.168629 -0.134972 0.407106
v 0.311586 -0.134972 -0.311584
v 0.282086 -0.145579 -0.282085
v 0.425632 -0.134972 0.114049
v 0.385337 -0.145579 0.103251
v -0.349592 -0.134972 -0.268249
v -0.220323 -0.134972 0.381612
v -0.199465 -0.145579 0.345483
v 0.349589 -0.134972 -0.268249
v 0.407105 -0.134972 0.168628
v -0.311586 -0.134972 -0.311584
v -0.282086 -0.145579 -0.282085
v -0.268251 -0.134972 0.349590
v 0.381613 -0.134972 -0.220325
v 0.345482 -0.145579 -0.199464
v 0.381611 -0.134972 0.220322
v 0.345482 -0.145579 0.199464
v -0.268251 -0.134972 -0.349590
v -0.311586 -0.134972 0.311584
v -0.282086 -0.145579 0.282085
v 0.407105 -0.134972 -0.168628
v 0.349589 -0.134972 0.268249
v -0.220326 -0.134972 -0.381612
v -0.199465 -0.145579 -0.345483
v -0.349589 -0.134972 0.268249
v 0.425632 -0.134972 -0.114046
v 0.385337 -0.145579 -0.103251
v 0.311586 -0.134972 0.311584
v 0.282086 -0.145579 0.282085
v -0.168629 -0.134972 -0.407106
v -0.381613 -0.134972 0.220325
v -0.345482 -0.145579 0.199464
v 0.436879 -0.134972 -0.057516
v 0.268248 -0.134972 0.349590
v -0.114047 -0.134972 -0.425633
v -0.103252 -0.145579 -0.385336
v -0.407107 -0.134972 0.168628
v 0.220323 -0.134972 0.381612
v 0.199465 -0.145579 0.345483
v -0.057517 -0.134972 -0.436877
v -0.425634 -0.134972 0.114049
v -0.385337 -0.145579 0.103251
v 0.168629 -0.134972 0.407106
v -0.000001 -0.134972 -0.440649
v -0.000001 -0.145579 -0.398930
v -0.436879 -0.134972 0.057516
v 0.114047 -0.134972 0.425633
v 0.103250 -0.145579 0.385336
v 0.057514 -0.134972 -0.436877
v -0.440648 -0.134972 0.000000
v -0.398931 -0.145579 0.000000
v 0.057514 -0.134972 0.436877
v 0.114047 -0.134972 -0.425633
v 0.103250 -0.145579 -0.385336
v -0.436879 -0.134972 -0.057516
v -0.000001 -0.134972 0.440647
v -0.000001 -0.145579 0.398930
v 0.168629 -0.134972 -0.407106
v 0.432314 -0.092892 0.115839
v -0.355078 -0.092892 -0.272461
v 0.443734 -0.092892 0.058417
v -0.316478 -0.092892 0.316476
v 0.058419 -0.092892 0.443735
v 0.115838 -0.092892 0.432316
v 0.171276 -0.092892 0.413497
v 0.447565 -0.092892 0.000000
v 0.387603 -0.092892 0.223782
v 0.355075 -0.092892 0.272461
v -0.058419 -0.092892 -0.443735
v -0.000001 -0.092892 -0.447566
v -0.223783 -0.092892 -0.387604
v 0.413495 -0.092892 -0.171275
v 0.387603 -0.092892 -0.223782
v -0.355078 -0.092892 0.272461
v -0.447565 -0.092892 0.000000
v -0.443737 -0.092892 0.058420
v -0.413495 -0.092892 -0.171275
v -0.432314 -0.092892 -0.115837
v -0.387603 -0.092892 -0.223782
v -0.272462 -0.092892 -0.355077
v -0.115838 -0.092892 0.432316
v 0.432314 -0.092892 -0.115837
v -0.257321 -0.112706 -0.068948
v -0.270712 -0.139859 -0.156296
v -0.230707 -0.112706 -0.133200
v 0.156295 -0.139859 -0.270711
v 0.188373 -0.112706 -0.188371
v 0.133199 -0.112706 -0.230708
v 0.221035 -0.139859 -0.221033
v 0.230707 -0.112706 -0.133198
v -0.312589 -0.139859 0.000000
v -0.301939 -0.139859 -0.080904
v 0.312589 -0.139859 0.000000
v 0.257321 -0.112706 0.068948
v 0.266396 -0.112706 0.000000
v -0.000001 -0.147464 -0.353957
v -0.080905 -0.139859 -0.301937
v -0.091611 -0.147464 -0.341897
v -0.250285 -0.147464 -0.250284
v -0.176978 -0.147464 -0.306535
v 0.080903 -0.139859 -0.301937
v -0.000001 -0.139859 -0.312590
v -0.306536 -0.147464 -0.176980
v 0.156295 -0.139859 0.270711
v 0.250285 -0.147461 0.250284
v 0.176978 -0.147461 0.306535
v -0.341898 -0.147464 0.091610
v 0.221035 -0.139859 0.221033
v 0.306534 -0.147461 0.176977
v 0.091611 -0.147464 -0.341894
v -0.250285 -0.147464 0.250284
v -0.223783 -0.092892 0.387601
v -0.432314 -0.092892 0.115839
v 0.272459 -0.092892 0.355077
v -0.171276 -0.092892 0.413497
v 0.316478 -0.092892 -0.316476
v 0.272459 -0.092892 -0.355077
v -0.272462 -0.092892 0.355077
v 0.171276 -0.092892 -0.413497
v -0.171276 -0.092892 -0.413497
v 0.223783 -0.092892 -0.387604
v 0.316475 -0.092892 0.316476
v 0.115838 -0.092892 -0.432316
v -0.316478 -0.092892 -0.316476
v -0.413495 -0.092892 0.171275
v 0.443734 -0.092892 -0.058417
v 0.413495 -0.092892 0.171275
v -0.000001 -0.139859 0.312590
v -0.068950 -0.112706 0.257320
v -0.000001 -0.112706 0.266398
v -0.230707 -0.112706 0.133198
v -0.301939 -0.139859 0.080904
v -0.257321 -0.112706 0.068948
v 0.133199 -0.112706 0.230708
v 0.270709 -0.139859 -0.156294
v 0.257321 -0.112706 -0.068948
v 0.068950 -0.112706 -0.257320
v -0.000001 -0.112706 -0.266398
v 0.068950 -0.112706 0.257320
v 0.080903 -0.139859 0.301937
v 0.230707 -0.112706 0.133198
v 0.270709 -0.139859 0.156294
v -0.221035 -0.139859 -0.221033
v -0.188373 -0.112706 -0.188371
v 0.341895 -0.147461 0.091610
v -0.353958 -0.147464 0.000000
v -0.091611 -0.147464 0.341897
v -0.000001 -0.147464 0.353957
v 0.353955 -0.147461 0.000000
v 0.306536 -0.147461 -0.176977
v 0.250285 -0.147461 -0.250284
v 0.091611 -0.147461 0.341897
v 0.301939 -0.139859 -0.080904
v 0.341895 -0.147461 -0.091610
v 0.176978 -0.147461 -0.306535
v -0.306536 -0.147464 0.176977
v -0.115841 -0.092892 -0.432316
v -0.443737 -0.092892 -0.058420
v -0.000001 -0.092892 0.447566
v -0.058419 -0.092892 0.443735
v 0.058419 -0.092892 -0.443735
v 0.301939 -0.139859 0.080904
v -0.133199 -0.112706 0.230708
v -0.221035 -0.139859 0.221033
v -0.188373 -0.112706 0.188371
v -0.156295 -0.139859 0.270711
v -0.156295 -0.139859 -0.270711
v 0.223783 -0.092892 0.387601
v -0.270712 -0.139859 0.156294
v -0.133199 -0.112706 -0.230708
v -0.068950 -0.112706 -0.257320
v -0.176978 -0.147464 0.306535
v 0.355078 -0.092892 -0.272461
v 0.387603 0.036935 0.223782
v 0.266396 0.056752 0.000000
v 0.341895 0.091510 -0.091610
v 0.080903 0.083905 0.301937
v -0.188373 0.056752 0.188371
v -0.387603 -0.092892 0.223784
v -0.266399 -0.112706 0.000000
v -0.341898 -0.147464 -0.091610
v -0.080905 -0.139859 0.301937
v 0.188370 -0.112706 0.188371
v 0.054345 0.098053 0.054346
v 0.066559 0.098053 0.038430
v 0.058675 0.098094 0.033876
v 0.047906 0.098094 0.047907
v -0.066562 0.098053 0.038428
v -0.054347 0.098053 0.054346
v -0.047908 0.098094 0.047907
v -0.058675 0.098094 0.033876
v 0.019892 0.098053 -0.074239
v -0.000001 0.098053 -0.076858
v -0.000001 0.098094 -0.067752
v 0.017535 0.098094 -0.065443
v 0.074238 0.098053 0.019893
v 0.065442 0.098094 0.017534
v -0.050799 0.103730 0.056416
v -0.046095 0.104090 0.051194
v -0.019892 0.098053 -0.074239
v -0.017535 0.098094 -0.065443
v -0.038429 0.098053 0.066561
v -0.019892 0.098053 0.074239
v -0.023461 0.103730 0.072199
v -0.037959 0.103730 0.065745
v 0.065442 0.098094 -0.017536
v 0.067751 0.098094 0.000000
v 0.068889 0.104090 0.000000
v 0.067382 0.104090 -0.014323
v 0.046095 0.104090 0.051194
v 0.050796 0.103730 0.056416
v -0.000001 0.098053 0.076858
v -0.000001 0.098094 0.067752
v -0.017535 0.098094 0.065443
v -0.054347 0.098053 -0.054348
v -0.047908 0.098094 -0.047907
v -0.046095 0.104090 -0.051194
v -0.050799 0.103730 -0.056416
v 0.074238 0.098053 -0.019893
v 0.066559 0.098053 -0.038428
v 0.058675 0.098094 -0.033876
v 0.019892 0.098053 0.074239
v 0.017535 0.098094 0.065443
v -0.066562 0.098053 -0.038430
v -0.058675 0.098094 -0.033876
v 0.054347 0.098053 -0.054346
v 0.047906 0.098094 -0.047907
v 0.038429 0.098053 -0.066561
v 0.023458 0.103730 -0.072200
v 0.037956 0.103730 -0.065745
v -0.074238 0.098053 -0.019893
v -0.065444 0.098094 -0.017536
v 0.067382 0.104090 0.014323
v 0.050796 0.103730 -0.056416
v -0.067751 0.098094 0.000000
v -0.067385 0.104090 -0.014323
v -0.068889 0.104090 0.000000
v 0.074256 0.103730 -0.015784
v -0.074238 0.098053 0.019893
v -0.065444 0.098094 0.017534
v -0.076859 0.098053 0.000000
v -0.074258 0.103730 0.015784
v -0.075917 0.103730 0.000000
v 0.026387 0.073085 -0.045705
v 0.013659 0.073085 -0.050978
v 0.016707 0.072833 -0.040335
v 0.031683 0.085571 -0.054877
v 0.016400 0.085571 -0.061206
v -0.033877 0.098094 -0.058674
v -0.044807 0.085571 -0.044806
v -0.031683 0.085571 -0.054877
v 0.054878 0.085571 -0.031684
v 0.061205 0.085571 -0.016401
v 0.016400 0.085571 0.061206
v -0.000001 0.085571 0.063365
v -0.054878 0.085571 -0.031684
v 0.044807 0.085571 -0.044806
v 0.033875 0.098094 0.058674
v 0.031683 0.085571 0.054877
v -0.061208 0.085571 -0.016401
v -0.061208 0.085571 0.016401
v -0.063367 0.085571 0.000000
v 0.033875 0.098094 -0.058674
v 0.044807 0.085571 0.044806
v -0.054878 0.085571 0.031684
v 0.054878 0.085571 0.031684
v -0.044807 0.085571 0.044806
v -0.000001 0.085571 -0.063368
v 0.061205 0.085571 0.016401
v -0.033877 0.098094 0.058674
v -0.031683 0.085571 0.054877
v -0.016402 0.085571 -0.061206
v 0.063367 0.085571 0.000000
v -0.016402 0.085571 0.061206
v 0.037316 0.073085 0.037318
v 0.045703 0.073085 0.026388
v 0.040334 0.072833 0.016708
v 0.031137 0.072833 0.031138
v -0.045703 0.073085 0.026388
v -0.037319 0.073085 0.037318
v -0.031137 0.072833 0.031138
v -0.040336 0.072833 0.016708
v -0.000001 0.073085 -0.052776
v -0.000001 0.072833 -0.044033
v 0.050977 0.073085 0.013660
v -0.026387 0.073085 0.045705
v -0.016709 0.072833 0.040335
v -0.013659 0.073085 -0.050978
v -0.016709 0.072833 -0.040335
v 0.052775 0.073085 0.000000
v 0.044035 0.072833 0.000000
v -0.013659 0.073085 0.050975
v -0.026387 0.073085 -0.045705
v 0.050977 0.073085 -0.013660
v 0.040334 0.072833 -0.016708
v -0.000001 0.073085 0.052774
v -0.000001 0.072833 0.044033
v -0.037319 0.073085 -0.037318
v -0.031137 0.072833 -0.031138
v 0.045703 0.073085 -0.026388
v 0.013659 0.073085 0.050975
v 0.016707 0.072833 0.040335
v -0.045703 0.073085 -0.026388
v -0.040336 0.072833 -0.016708
v 0.037316 0.073085 -0.037318
v 0.031137 0.072833 -0.031138
v 0.026387 0.073085 0.045705
v -0.050977 0.073085 -0.013660
v -0.052775 0.073085 0.000000
v -0.050977 0.073085 0.013660
v -0.044035 0.072833 0.000000
v 0.041797 0.082274 0.000000
v 0.038287 0.082274 0.015860
v 0.029554 0.082274 0.029555
v 0.015858 0.082274 0.038285
v -0.015858 0.082274 0.038285
v -0.029557 0.082274 0.029555
v -0.038287 0.082274 0.015860
v -0.041800 0.082274 0.000000
v -0.038287 0.082274 -0.015860
v -0.029557 0.082274 -0.029555
v 0.015858 0.082274 -0.038288
v -0.000001 0.082274 -0.041798
v -0.000001 0.082274 0.041798
v -0.015858 0.082274 -0.038285
v 0.038287 0.082274 -0.015860
v 0.029554 0.082274 -0.029555
v -0.034444 0.104090 0.059660
v 0.074256 0.103730 0.015784
v 0.075914 0.103730 0.000000
v -0.021289 0.104090 0.065517
v -0.023461 0.103730 -0.072200
v -0.037959 0.103730 -0.065745
v -0.034444 0.104090 -0.059660
v -0.021289 0.104090 -0.065517
v 0.023458 0.103730 0.072199
v 0.037956 0.103730 0.065745
v 0.034444 0.104090 0.059660
v 0.021286 0.104090 0.065517
v -0.067385 0.104090 0.014323
v 0.034444 0.104090 -0.059660
v 0.046095 0.104090 -0.051194
v -0.074258 0.103730 -0.015784
v 0.021286 0.104090 -0.065517
v -0.038429 0.098053 -0.066561
v 0.038429 0.098053 0.066561
v 0.076857 0.098053 0.000000
v -0.035538 0.082274 -0.014719
v -0.027200 0.082274 -0.027198
v -0.038464 0.082274 0.000000
v -0.035538 0.082274 0.014719
v -0.027200 0.082274 0.027198
v -0.014721 0.082274 0.035537
v -0.000001 0.082274 0.038466
v 0.014718 0.082274 0.035537
v 0.027197 0.082274 0.027198
v 0.035536 0.082274 0.014719
v 0.038464 0.082274 0.000000
v 0.035536 0.082274 -0.014719
v 0.027197 0.082274 -0.027198
v 0.014718 0.082274 -0.035537
v -0.000001 0.082274 -0.038466
v -0.014721 0.082274 -0.035537
v 0.038429 0.091705 -0.066561
v 0.019892 0.091705 -0.074239
v -0.074238 0.091705 0.019893
v -0.066562 0.091705 0.038428
v -0.074238 0.091705 -0.019893
v -0.076859 0.091705 0.000000
v 0.038429 0.091705 0.066561
v 0.054345 0.091705 0.054346
v 0.054347 0.091705 -0.054346
v -0.066562 0.091705 -0.038430
v 0.019892 0.091705 0.074239
v 0.066559 0.091705 -0.038428
v -0.054347 0.091705 -0.054348
v -0.000001 0.091705 0.076858
v 0.074238 0.091705 -0.019893
v -0.038429 0.091705 -0.066561
v -0.019892 0.091705 0.074239
v 0.076857 0.091705 0.000000
v -0.019892 0.091705 -0.074239
v -0.038429 0.091705 0.066561
v 0.074238 0.091705 0.019893
v -0.000001 0.091705 -0.076858
v -0.054347 0.091705 0.054346
v 0.066559 0.091705 0.038430
v -0.043331 0.121416 0.094656
v -0.046913 0.121416 0.098232
v -0.046913 0.118866 0.098232
v -0.043331 0.118866 0.094656
v -0.060311 0.121416 0.084854
v -0.056730 0.121416 0.081277
v -0.056730 0.118866 0.081277
v -0.060311 0.118866 0.084854
v -0.051810 0.121416 0.099535
v -0.051810 0.118866 0.099535
v -0.051833 0.121416 0.079974
v -0.051833 0.118866 0.079974
v -0.060296 0.121416 0.094635
v -0.061617 0.121416 0.089743
v -0.061617 0.118866 0.089743
v -0.060296 0.118866 0.094635
v -0.046933 0.121416 0.081293
v -0.046933 0.118866 0.081293
v -0.042026 0.121416 0.089769
v -0.042026 0.118866 0.089769
v -0.056707 0.121416 0.098219
v -0.056707 0.118866 0.098219
v -0.043344 0.121416 0.084877
v -0.043344 0.118866 0.084877
v -0.051820 0.121416 0.089756
v 0.060308 0.121416 0.084854
v 0.061617 0.121416 0.089743
v 0.061617 0.118866 0.089743
v 0.060308 0.118866 0.084854
v 0.043331 0.121416 0.094656
v 0.042026 0.121416 0.089769
v 0.042026 0.118866 0.089769
v 0.043331 0.118866 0.094656
v 0.060296 0.121416 0.094635
v 0.060296 0.118866 0.094635
v 0.043344 0.121416 0.084877
v 0.043344 0.118866 0.084877
v 0.051807 0.121416 0.099535
v 0.046913 0.121416 0.098232
v 0.046913 0.118866 0.098232
v 0.051807 0.118866 0.099535
v 0.046933 0.121416 0.081293
v 0.046933 0.118866 0.081293
v 0.056727 0.121416 0.081277
v 0.056727 0.118866 0.081277
v 0.056707 0.121416 0.098219
v 0.056707 0.118866 0.098219
v 0.051833 0.121416 0.079974
v 0.051833 0.118866 0.079974
v 0.051820 0.121416 0.089756
v 0.103641 0.121416 -0.009802
v 0.108528 0.121416 -0.008489
v 0.108528 0.118866 -0.008489
v 0.103641 0.118866 -0.009802
v 0.103641 0.121416 0.009802
v 0.098754 0.121416 0.008489
v 0.098754 0.118866 0.008489
v 0.103641 0.118866 0.009802
v 0.112104 0.121416 -0.004902
v 0.112104 0.118866 -0.004902
v 0.095175 0.121416 0.004900
v 0.095175 0.118866 0.004900
v 0.112104 0.121416 0.004900
v 0.108528 0.121416 0.008489
v 0.108528 0.118866 0.008489
v 0.112104 0.118866 0.004900
v 0.093867 0.121416 0.000000
v 0.093867 0.118866 0.000000
v 0.098754 0.121416 -0.008489
v 0.098754 0.118866 -0.008489
v 0.113412 0.121416 0.000000
v 0.113412 0.118866 0.000000
v 0.095175 0.121416 -0.004902
v 0.095175 0.118866 -0.004902
v 0.103641 0.121416 0.000000
v 0.043331 0.121416 -0.094658
v 0.046913 0.121416 -0.098232
v 0.046913 0.118866 -0.098232
v 0.043331 0.118866 -0.094658
v 0.060308 0.121416 -0.084854
v 0.056727 0.121416 -0.081280
v 0.056727 0.118866 -0.081280
v 0.060308 0.118866 -0.084854
v 0.051807 0.121416 -0.099538
v 0.051807 0.118866 -0.099538
v 0.051833 0.121416 -0.079974
v 0.051833 0.118866 -0.079974
v 0.060296 0.121416 -0.094635
v 0.061614 0.121416 -0.089743
v 0.061614 0.118866 -0.089743
v 0.060296 0.118866 -0.094635
v 0.046933 0.121416 -0.081293
v 0.046933 0.118866 -0.081293
v 0.042026 0.121416 -0.089769
v 0.042026 0.118866 -0.089769
v 0.056707 0.121416 -0.098219
v 0.056707 0.118866 -0.098219
v 0.043344 0.121416 -0.084877
v 0.043344 0.118866 -0.084877
v 0.051820 0.121416 -0.089756
v -0.060311 0.121416 -0.084854
v -0.061617 0.121416 -0.089743
v -0.061617 0.118866 -0.089743
v -0.060311 0.118866 -0.084854
v -0.043331 0.121416 -0.094658
v -0.042026 0.121416 -0.089769
v -0.042026 0.118866 -0.089769
v -0.043331 0.118866 -0.094658
v -0.060298 0.121416 -0.094635
v -0.060298 0.118866 -0.094635
v -0.043344 0.121416 -0.084877
v -0.043344 0.118866 -0.084877
v -0.051810 0.121416 -0.099538
v -0.046913 0.121416 -0.098232
v -0.046913 0.118866 -0.098232
v -0.051810 0.118866 -0.099538
v -0.046933 0.121416 -0.081293
v -0.046933 0.118866 -0.081293
v -0.056730 0.121416 -0.081280
v -0.056730 0.118866 -0.081280
v -0.056709 0.121416 -0.098219
v -0.056709 0.118866 -0.098219
v -0.051833 0.121416 -0.079974
v -0.051833 0.118866 -0.079974
v -0.051820 0.121416 -0.089756
v -0.103641 0.121416 0.009802
v -0.108528 0.121416 0.008489
v -0.108528 0.118866 0.008489
v -0.103641 0.118866 0.009802
v -0.103641 0.121416 -0.009802
v -0.098754 0.121416 -0.008489
v -0.098754 0.118866 -0.008489
v -0.103641 0.118866 -0.009802
v -0.112104 0.121416 0.004900
v -0.112104 0.118866 0.004900
v -0.095178 0.121416 -0.004902
v -0.095178 0.118866 -0.004902
v -0.112104 0.121416 -0.004902
v -0.108528 0.121416 -0.008489
v -0.108528 0.118866 -0.008489
v -0.112104 0.118866 -0.004902
v -0.093870 0.121416 0.000000
v -0.093870 0.118866 0.000000
v -0.098754 0.121416 0.008489
v -0.098754 0.118866 0.008489
v -0.113415 0.121416 0.000000
v -0.113415 0.118866 0.000000
v -0.095178 0.121416 0.004900
v -0.095178 0.118866 0.004900
v -0.103641 0.121416 0.000000
v -0.001701 0.052991 0.205242
v 0.000006 0.053128 0.205936
v 0.000006 0.053801 0.207490
v -0.002874 0.053567 0.206322
v 0.001716 0.052320 0.201892
v 0.000006 0.052180 0.201198
v 0.000006 0.052203 0.199502
v 0.002887 0.052440 0.200673
v 0.001716 0.052991 0.205242
v 0.002422 0.052655 0.203566
v 0.004081 0.053003 0.203497
v 0.002887 0.053567 0.206322
v -0.001701 0.052320 0.201892
v -0.002409 0.052655 0.203566
v -0.004065 0.053003 0.203497
v -0.002874 0.052440 0.200673
v 0.000009 0.060654 0.206004
v -0.002871 0.060420 0.204836
v 0.000009 0.059056 0.198018
v 0.002889 0.059290 0.199187
v 0.004081 0.059856 0.202011
v 0.002889 0.060420 0.204836
v -0.004065 0.059856 0.202011
v -0.002871 0.059290 0.199187
v 0.001934 0.060367 0.201097
v 0.000806 0.060900 0.203764
v -0.001916 0.060679 0.202659
v -0.000789 0.060146 0.199989
v -0.001937 0.063590 0.201920
v -0.000809 0.063057 0.199250
v 0.001911 0.063278 0.200355
v 0.000784 0.063811 0.203025
v 0.025312 0.097042 -0.016914
v 0.005940 0.097042 -0.029860
v 0.005709 0.108655 -0.028705
v 0.024334 0.108655 -0.016259
v -0.000001 0.091530 0.038466
v -0.014721 0.091530 0.035537
v -0.000001 0.091530 -0.038466
v 0.014718 0.091530 -0.035537
v 0.014718 0.091530 0.035537
v -0.014721 0.091530 -0.035537
v 0.027197 0.091530 0.027198
v -0.027200 0.091530 -0.027198
v 0.035536 0.091530 0.014719
v -0.035538 0.091530 -0.014719
v 0.038464 0.091530 0.000000
v -0.035538 0.091530 0.014719
v -0.038464 0.091530 0.000000
v 0.035536 0.091530 -0.014719
v -0.027200 0.091530 0.027198
v 0.027197 0.091530 -0.027198
v -0.024444 0.095683 -0.024442
v -0.031937 0.095683 -0.013228
v -0.029859 0.097042 -0.005939
v -0.016915 0.097042 -0.025314
v 0.031937 0.095683 0.013228
v 0.034568 0.095683 0.000000
v 0.029859 0.097042 0.005939
v -0.034568 0.095683 0.000000
v -0.031937 0.095683 0.013228
v -0.025312 0.097042 0.016914
v 0.031937 0.095683 -0.013228
v -0.024444 0.095683 0.024442
v 0.024444 0.095683 -0.024442
v -0.013230 0.095683 0.031935
v -0.005940 0.097042 0.029858
v 0.013227 0.095683 -0.031935
v -0.000001 0.095683 0.034567
v -0.000001 0.095683 -0.034567
v 0.013227 0.095683 0.031935
v 0.016913 0.097042 0.025314
v -0.013230 0.095683 -0.031935
v 0.024444 0.095683 0.024442
v -0.016260 0.108655 -0.024333
v 0.005244 0.111573 -0.026365
v -0.014934 0.111573 -0.022352
v -0.000001 0.111573 0.000000
v 0.014934 0.111573 0.022349
v 0.026364 0.111573 0.005245
v -0.005246 0.111573 0.026365
v -0.026366 0.111573 -0.005245
v -0.022351 0.111573 0.014935
v 0.028703 0.108655 0.005710
v 0.016260 0.108655 0.024333
v -0.028703 0.108655 -0.005710
v -0.005711 0.108655 0.028705
v -0.024334 0.108655 0.016259
v 0.022351 0.111573 -0.014935
v -0.068208 0.118960 0.080294
v -0.068185 0.118960 0.099177
v -0.051820 0.118960 0.089756
v -0.068208 0.102742 0.080294
v -0.068185 0.102742 0.099177
v -0.051797 0.102742 0.108636
v -0.035434 0.102742 0.099217
v -0.035434 0.118960 0.099217
v -0.051797 0.118960 0.108636
v -0.051845 0.118960 0.070874
v -0.051845 0.102742 0.070874
v -0.035457 0.102742 0.080335
v -0.035457 0.118960 0.080335
v 0.035432 0.118960 0.099217
v 0.051794 0.118960 0.108636
v 0.051820 0.118960 0.089756
v 0.035432 0.102742 0.099217
v 0.051794 0.102742 0.108636
v 0.068185 0.102742 0.099177
v 0.068208 0.102742 0.080294
v 0.068208 0.118960 0.080294
v 0.068185 0.118960 0.099177
v 0.035455 0.118960 0.080335
v 0.035455 0.102742 0.080335
v 0.051845 0.102742 0.070874
v 0.051845 0.118960 0.070874
v 0.103641 0.118960 0.018923
v 0.119981 0.118960 0.009461
v 0.103641 0.118960 0.000000
v 0.103641 0.102742 0.018923
v 0.119981 0.102742 0.009461
v 0.119981 0.102742 -0.009462
v 0.103641 0.102742 -0.018923
v 0.103641 0.118960 -0.018923
v 0.119981 0.118960 -0.009462
v 0.087301 0.118960 0.009461
v 0.087301 0.102742 0.009461
v 0.087301 0.102742 -0.009462
v 0.087301 0.118960 -0.009462
v 0.068208 0.118960 -0.080294
v 0.068185 0.118960 -0.099177
v 0.051820 0.118960 -0.089756
v 0.068208 0.102742 -0.080294
v 0.068185 0.102742 -0.099177
v 0.051794 0.102742 -0.108638
v 0.035432 0.102742 -0.099217
v 0.035432 0.118960 -0.099217
v 0.051794 0.118960 -0.108638
v 0.051845 0.118960 -0.070874
v 0.051845 0.102742 -0.070874
v 0.035455 0.102742 -0.080335
v 0.035455 0.118960 -0.080335
v -0.035434 0.118960 -0.099217
v -0.051797 0.118960 -0.108638
v -0.051820 0.118960 -0.089756
v -0.035434 0.102742 -0.099217
v -0.051797 0.102742 -0.108638
v -0.068185 0.102742 -0.099177
v -0.068210 0.102742 -0.080294
v -0.068210 0.118960 -0.080294
v -0.068185 0.118960 -0.099177
v -0.035457 0.118960 -0.080335
v -0.035457 0.102742 -0.080335
v -0.051845 0.102742 -0.070874
v -0.051845 0.118960 -0.070874
v -0.103641 0.118960 -0.018923
v -0.119981 0.118960 -0.009462
v -0.103641 0.118960 0.000000
v -0.103641 0.102742 -0.018923
v -0.119981 0.102742 -0.009462
v -0.119981 0.102742 0.009461
v -0.103641 0.102742 0.018923
v -0.103641 0.118960 0.018923
v -0.119981 0.118960 0.009461
v -0.087301 0.118960 -0.009462
v -0.087301 0.102742 -0.009462
v -0.087301 0.102742 0.009461
v -0.087301 0.118960 0.009461
v -0.008053 0.140303 0.001130
v -0.003047 0.140303 0.007539
v -0.000001 0.140303 0.000000
v 0.008053 0.140303 -0.001133
v 0.003047 0.140303 -0.007539
v -0.005008 0.134314 -0.006408
v -0.008053 0.134314 0.001130
v -0.005008 0.140303 -0.006408
v 0.008053 0.134314 -0.001133
v 0.003047 0.134314 -0.007539
v 0.005005 0.134314 0.006408
v 0.005005 0.140303 0.006408
v -0.003047 0.134314 0.007539
v 0.000006 0.051040 0.207485
v 0.000006 -0.004850 0.218935
v 0.002468 -0.005165 0.217968
v 0.002468 0.050839 0.206484
v -0.002455 0.050839 0.206484
v -0.002455 -0.005165 0.217968
v -0.003473 0.050357 0.204071
v -0.003473 -0.005925 0.215626
v -0.002455 0.049874 0.201658
v -0.002455 -0.006681 0.213284
v 0.000006 0.049676 0.200657
v 0.000006 -0.006996 0.212314
v 0.002468 0.049874 0.201658
v 0.002468 -0.006681 0.213284
v 0.003486 0.050357 0.204071
v 0.003486 -0.005925 0.215626
v 0.002468 -0.011769 0.220817
v 0.003486 -0.013308 0.218923
v 0.000006 -0.011132 0.221605
v -0.002455 -0.011769 0.220817
v -0.003473 -0.013308 0.218923
v -0.002455 -0.014850 0.217025
v 0.000006 -0.015488 0.216240
v 0.002468 -0.014850 0.217025
v 0.002468 -0.014317 0.224287
v 0.003486 -0.016575 0.223307
v 0.000006 -0.013385 0.224693
v -0.002455 -0.014317 0.224287
v -0.003473 -0.016575 0.223307
v -0.002455 -0.018833 0.222326
v 0.000006 -0.019768 0.221920
v 0.002468 -0.018833 0.222326
v 0.002468 -0.015259 0.227648
v 0.003486 -0.017697 0.227312
v 0.000006 -0.014251 0.227787
v -0.002455 -0.015259 0.227648
v -0.003473 -0.017697 0.227312
v -0.002455 -0.020136 0.226977
v 0.000006 -0.021144 0.226840
v 0.002468 -0.020136 0.226977
v 0.002468 -0.015236 0.232725
v 0.003486 -0.017697 0.232725
v 0.000006 -0.014218 0.232725
v -0.002455 -0.015236 0.232725
v -0.003473 -0.017697 0.232725
v -0.002455 -0.020159 0.232725
v 0.000006 -0.021177 0.232725
v 0.002468 -0.020159 0.232725
v 0.001716 0.050659 0.202270
v 0.002422 0.050994 0.203944
v 0.000006 0.050519 0.201574
v 0.000006 0.051467 0.206311
v -0.001701 0.051330 0.205618
v -0.002409 0.050994 0.203944
v -0.001701 0.050659 0.202270
v 0.001716 0.051330 0.205618
v -0.023895 0.102721 0.135517
v -0.000001 0.102721 0.137607
v -0.000001 0.102742 0.076530
v -0.013291 0.102742 0.075367
v 0.171649 0.083295 0.026645
v 0.179376 0.079798 0.047810
v 0.178322 0.072427 0.047236
v 0.170776 0.075879 0.026269
v -0.047065 0.102721 0.129309
v -0.026176 0.102742 0.071915
v -0.105498 0.073925 0.182728
v -0.071858 0.073925 0.198105
v -0.063189 0.076704 0.189944
v -0.051960 0.085348 0.142753
v -0.075960 0.085348 0.131562
v -0.135625 0.073925 0.161630
v -0.097652 0.085348 0.116375
v 0.189945 0.076704 0.063188
v 0.188721 0.069361 0.062548
v -0.026382 0.085348 0.149609
v -0.026646 0.083295 0.171648
v -0.000001 0.084172 0.168262
v -0.000001 0.085348 0.151917
v 0.199419 0.043400 0.091095
v 0.190042 0.043400 0.109720
v 0.183587 0.043331 0.105915
v 0.192711 0.043265 0.087815
v -0.139615 0.067123 0.166385
v -0.108602 0.067123 0.188100
v -0.075462 0.067123 0.203439
v -0.109676 0.059966 0.189962
v -0.077253 0.059966 0.205080
v -0.140997 0.059966 0.168031
v 0.168101 0.043400 0.141054
v 0.162358 0.043400 0.136235
v 0.075368 0.102742 0.013289
v 0.076531 0.102742 0.000000
v 0.076531 0.094456 0.000000
v 0.075368 0.094456 0.013289
v -0.047812 0.079798 0.179375
v -0.136237 0.043400 0.162359
v -0.136186 0.058820 0.162298
v -0.105937 0.058757 0.183500
v -0.105917 0.043331 0.183589
v -0.087817 0.043265 0.192710
v -0.074129 0.058398 0.198394
v -0.103516 0.067113 0.179309
v -0.074027 0.078431 0.128252
v -0.050563 0.078381 0.139230
v -0.062546 0.069361 0.188719
v -0.070347 0.066862 0.194925
v -0.133082 0.067111 0.158600
v -0.095188 0.078429 0.113439
v 0.071914 0.102742 0.026175
v 0.071914 0.094456 0.026175
v -0.025625 0.078195 0.146055
v -0.000001 0.078094 0.148420
v -0.000001 0.076730 0.167635
v -0.026267 0.075879 0.170774
v 0.066277 0.102742 0.038265
v 0.066277 0.094456 0.038265
v 0.058624 0.102742 0.049192
v 0.058624 0.094456 0.049192
v -0.080491 0.056092 0.203756
v -0.091096 0.043400 0.199420
v -0.047238 0.072427 0.178323
v 0.133196 0.094515 0.023485
v 0.146054 0.078195 0.025626
v 0.139229 0.078381 0.050561
v 0.127095 0.094515 0.046258
v -0.067626 0.094515 0.117132
v -0.086940 0.094515 0.103609
v -0.046260 0.094515 0.127094
v -0.023486 0.094515 0.133198
v 0.128251 0.078431 0.074026
v 0.117131 0.094515 0.067625
v -0.049193 0.102742 0.058626
v -0.038266 0.102742 0.066279
v -0.038266 0.094456 0.066279
v -0.049193 0.094456 0.058626
v -0.026176 0.094456 0.071915
v -0.013291 0.094456 0.075367
v -0.000001 0.094456 0.076530
v 0.113438 0.078429 0.095186
v 0.103608 0.094515 0.086939
v -0.109722 0.043400 0.190043
v -0.141055 0.043400 0.168102
v -0.000001 0.094525 0.135258
v -0.088452 0.102721 0.105413
v -0.068805 0.102721 0.119172
v 0.205081 0.059966 0.077252
v 0.203758 0.056092 0.080490
v 0.198393 0.058398 0.074127
v -0.040537 -0.008160 0.229888
v -0.040537 -0.099582 0.229888
v -0.079839 -0.099582 0.219357
v -0.079839 -0.008160 0.219357
v -0.000001 -0.008160 0.233434
v -0.000001 -0.099582 0.233434
v -0.150049 -0.099582 0.178821
v -0.150049 -0.008160 0.178821
v -0.116717 -0.008160 0.202159
v -0.116717 -0.099582 0.202159
v -0.147545 -0.003296 0.175839
v -0.114771 -0.003296 0.198788
v -0.078508 -0.003296 0.215697
v -0.039861 -0.003296 0.226052
v -0.000001 -0.003296 0.229540
v 0.183501 0.058757 0.105936
v 0.179310 0.067113 0.103515
v 0.194923 0.066862 0.070348
v -0.141055 0.056151 0.168102
v -0.109722 0.056151 0.190043
v -0.038106 0.042716 0.216108
v -0.075053 0.042716 0.206207
v -0.075053 0.056151 0.206207
v -0.038106 0.056151 0.216108
v -0.000001 0.042716 0.219443
v -0.000001 0.056151 0.219443
v -0.149744 0.056145 0.178458
v -0.116481 0.056145 0.201747
v -0.079676 0.056145 0.218910
v -0.040453 0.056145 0.229420
v -0.000001 0.056145 0.232959
v 0.162300 0.058820 0.136185
v 0.158599 0.067111 0.133081
v 0.148419 0.078094 0.000000
v 0.167636 0.076730 0.000000
v -0.168947 -0.113407 0.201343
v -0.131418 -0.113407 0.227622
v -0.132345 -0.119026 0.229230
v -0.170141 -0.119026 0.202766
v -0.089894 -0.113407 0.246985
v -0.090529 -0.119026 0.248727
v -0.045643 -0.113407 0.258841
v -0.045963 -0.119026 0.260670
v -0.000001 -0.113407 0.262834
v -0.000001 -0.119026 0.264691
v -0.171426 -0.120024 0.204297
v -0.133346 -0.120024 0.230962
v -0.134347 -0.119026 0.232692
v -0.172711 -0.119026 0.205829
v -0.091213 -0.120024 0.250607
v -0.091898 -0.119026 0.252486
v -0.046311 -0.120024 0.262639
v -0.046659 -0.119026 0.264607
v -0.000001 -0.120024 0.266690
v -0.000001 -0.119026 0.268689
v -0.134347 -0.105287 0.232692
v -0.172711 -0.105287 0.205829
v -0.091898 -0.105287 0.252486
v -0.046659 -0.105287 0.264607
v -0.000001 -0.105287 0.268689
v -0.161873 -0.103727 0.192913
v -0.125917 -0.103727 0.218092
v -0.086133 -0.103727 0.236642
v -0.043730 -0.103727 0.248003
v -0.000001 -0.103727 0.251828
v 0.149607 0.085348 0.026380
v 0.142754 0.085348 0.051958
v -0.118726 -0.104037 0.205638
v -0.152632 -0.104037 0.181900
v -0.081213 -0.104037 0.223131
v -0.041233 -0.104037 0.233845
v -0.000001 -0.104037 0.237452
v 0.168030 0.059966 0.140995
v 0.189963 0.059966 0.109675
v 0.188101 0.067123 0.108600
v 0.166384 0.067123 0.139614
v 0.203440 0.067123 0.075463
v 0.198106 0.073925 0.071859
v 0.182726 0.073925 0.105496
v -0.147545 0.023639 0.175839
v -0.114771 0.023639 0.198788
v -0.078508 0.023639 0.215697
v -0.039861 0.023639 0.226052
v -0.000001 0.023639 0.229540
v 0.161632 0.073925 0.135623
v -0.000001 0.057451 0.262834
v -0.045643 0.057451 0.258841
v -0.045963 0.063072 0.260670
v -0.000001 0.063072 0.264691
v -0.089894 0.057451 0.246985
v -0.090529 0.063072 0.248727
v -0.131418 0.057451 0.227622
v -0.132345 0.063072 0.229230
v -0.168947 0.057451 0.201343
v -0.170141 0.063072 0.202766
v -0.000001 0.064070 0.266690
v -0.046311 0.064070 0.262639
v -0.046659 0.063072 0.264607
v -0.000001 0.063072 0.268689
v -0.091213 0.064070 0.250607
v -0.091898 0.063072 0.252486
v -0.133346 0.064070 0.230962
v -0.134347 0.063072 0.232692
v -0.171426 0.064070 0.204297
v -0.172711 0.063072 0.205829
v 0.168261 0.084172 0.000000
v 0.151916 0.085348 0.000000
v -0.046659 0.048205 0.264607
v -0.000001 0.048205 0.268689
v -0.091898 0.048205 0.252486
v -0.134347 0.048205 0.232692
v -0.172711 0.048205 0.205829
v -0.000001 0.049844 0.251828
v -0.043730 0.049844 0.248003
v -0.086133 0.049844 0.236642
v -0.125917 0.049844 0.218092
v -0.161873 0.049844 0.192913
v 0.131563 0.085348 0.075959
v 0.116374 0.085348 0.097650
v 0.129308 0.102721 0.047064
v 0.135515 0.102721 0.023894
v 0.137606 0.102721 0.000000
v 0.023895 0.102721 0.135517
v 0.013288 0.102742 0.075367
v 0.105411 0.102721 0.088453
v 0.049193 0.102742 0.058626
v 0.088452 0.102721 0.105413
v 0.047062 0.102721 0.129309
v 0.026176 0.102742 0.071915
v 0.105498 0.073925 0.182728
v 0.075957 0.085348 0.131562
v 0.051957 0.085348 0.142753
v 0.063189 0.076704 0.189944
v 0.071858 0.073925 0.198105
v 0.135625 0.073925 0.161630
v 0.097649 0.085348 0.116375
v 0.026379 0.085348 0.149609
v 0.026646 0.083295 0.171648
v 0.139612 0.067123 0.166385
v 0.108599 0.067123 0.188100
v 0.075462 0.067123 0.203439
v 0.109673 0.059966 0.189962
v 0.077250 0.059966 0.205080
v 0.140994 0.059966 0.168031
v 0.136234 0.043400 0.162359
v 0.136186 0.058820 0.162298
v 0.047809 0.079798 0.179375
v 0.105914 0.043331 0.183589
v 0.105935 0.058757 0.183500
v 0.087814 0.043265 0.192710
v 0.074126 0.058398 0.198394
v 0.103516 0.067113 0.179309
v 0.070347 0.066862 0.194925
v 0.062546 0.069361 0.188719
v 0.050563 0.078381 0.139230
v 0.074024 0.078431 0.128252
v 0.133079 0.067111 0.158600
v 0.095188 0.078429 0.113439
v 0.025625 0.078195 0.146055
v 0.026267 0.075879 0.170774
v 0.091096 0.043400 0.199420
v 0.080491 0.056092 0.203756
v 0.047235 0.072427 0.178323
v 0.086938 0.094515 0.103609
v 0.067626 0.094515 0.117132
v 0.046260 0.094515 0.127094
v 0.023486 0.094515 0.133198
v 0.049193 0.094456 0.058626
v 0.038264 0.094456 0.066279
v 0.038264 0.102742 0.066279
v 0.026176 0.094456 0.071915
v 0.013288 0.094456 0.075367
v 0.141055 0.043400 0.168102
v 0.109722 0.043400 0.190043
v 0.068802 0.102721 0.119172
v 0.040535 -0.008160 0.229888
v 0.079839 -0.008160 0.219357
v 0.079839 -0.099582 0.219357
v 0.040535 -0.099582 0.229888
v 0.178820 -0.099582 0.150048
v 0.150049 -0.099582 0.178821
v 0.150049 -0.008160 0.178821
v 0.178820 -0.008160 0.150048
v 0.116717 -0.099582 0.202159
v 0.116717 -0.008160 0.202159
v 0.147545 -0.003296 0.175839
v 0.175838 -0.003296 0.147546
v 0.114771 -0.003296 0.198788
v 0.078508 -0.003296 0.215697
v 0.039859 -0.003296 0.226052
v 0.141055 0.056151 0.168102
v 0.168101 0.056151 0.141054
v 0.109722 0.056151 0.190043
v 0.038106 0.042716 0.216108
v 0.038106 0.056151 0.216108
v 0.075053 0.056151 0.206207
v 0.075053 0.042716 0.206207
v 0.116478 0.056145 0.201747
v 0.149742 0.056145 0.178458
v 0.079676 0.056145 0.218910
v 0.040453 0.056145 0.229420
v 0.178457 0.056145 0.149743
v 0.168947 0.057451 0.201343
v 0.170141 0.063072 0.202766
v 0.202764 0.063072 0.170139
v 0.201342 0.057451 0.168946
v 0.201342 -0.113407 0.168946
v 0.202764 -0.119026 0.170139
v 0.170141 -0.119026 0.202766
v 0.168947 -0.113407 0.201343
v 0.132345 -0.119026 0.229230
v 0.131416 -0.113407 0.227622
v 0.090529 -0.119026 0.248727
v 0.089894 -0.113407 0.246985
v 0.045963 -0.119026 0.260670
v 0.045640 -0.113407 0.258841
v 0.204296 -0.120024 0.171425
v 0.205828 -0.119026 0.172710
v 0.172711 -0.119026 0.205829
v 0.171426 -0.120024 0.204297
v 0.134344 -0.119026 0.232692
v 0.133346 -0.120024 0.230962
v 0.091896 -0.119026 0.252486
v 0.091213 -0.120024 0.250607
v 0.046659 -0.119026 0.264607
v 0.046311 -0.120024 0.262639
v 0.205828 -0.105287 0.172710
v 0.172711 -0.105287 0.205829
v 0.134344 -0.105287 0.232692
v 0.091896 -0.105287 0.252486
v 0.046659 -0.105287 0.264607
v 0.161873 -0.103727 0.192913
v 0.192912 -0.103727 0.161872
v 0.125914 -0.103727 0.218092
v 0.086130 -0.103727 0.236642
v 0.043730 -0.103727 0.248003
v 0.152630 -0.104037 0.181900
v 0.181898 -0.104037 0.152631
v 0.118726 -0.104037 0.205638
v 0.081213 -0.104037 0.223131
v 0.041233 -0.104037 0.233845
v 0.147545 0.023639 0.175839
v 0.175838 0.023639 0.147546
v 0.114771 0.023639 0.198788
v 0.078508 0.023639 0.215697
v 0.039859 0.023639 0.226052
v 0.045963 0.063072 0.260670
v 0.045640 0.057451 0.258841
v 0.090529 0.063072 0.248727
v 0.089894 0.057451 0.246985
v 0.132345 0.063072 0.229230
v 0.131416 0.057451 0.227622
v 0.046659 0.063072 0.264607
v 0.046311 0.064070 0.262639
v 0.091896 0.063072 0.252486
v 0.091213 0.064070 0.250607
v 0.134344 0.063072 0.232692
v 0.133346 0.064070 0.230962
v 0.172711 0.063072 0.205829
v 0.171426 0.064070 0.204297
v 0.161873 0.049844 0.192913
v 0.192912 0.049844 0.161872
v 0.046659 0.048205 0.264607
v 0.091896 0.048205 0.252486
v 0.134344 0.048205 0.232692
v 0.172711 0.048205 0.205829
v 0.043730 0.049844 0.248003
v 0.086130 0.049844 0.236642
v 0.125914 0.049844 0.218092
v 0.204296 0.064070 0.171425
v 0.205828 0.048205 0.172710
v 0.205828 0.063072 0.172710
v -0.178325 0.072427 -0.047236
v -0.188721 0.069361 -0.062548
v -0.139231 0.078381 -0.050561
v -0.146056 0.078195 -0.025626
v -0.170776 0.075879 -0.026269
v 0.046260 0.094515 -0.127097
v 0.026176 0.094456 -0.071915
v 0.013288 0.094456 -0.075369
v 0.023486 0.094515 -0.133198
v 0.088452 0.102721 -0.105413
v 0.097649 0.085348 -0.116375
v 0.075957 0.085348 -0.131564
v 0.068802 0.102721 -0.119172
v 0.038264 0.102742 -0.066279
v 0.049193 0.102742 -0.058626
v 0.040535 -0.008160 -0.229888
v 0.040535 -0.099582 -0.229888
v 0.079839 -0.099582 -0.219357
v 0.079839 -0.008160 -0.219357
v -0.000001 0.094456 -0.076530
v -0.000001 0.094525 -0.135258
v -0.133199 0.094515 -0.023487
v -0.127095 0.094515 -0.046258
v 0.050560 0.078381 -0.139230
v 0.074024 0.078431 -0.128252
v 0.067626 0.094515 -0.117132
v 0.095188 0.078429 -0.113439
v 0.086938 0.094515 -0.103609
v 0.026176 0.102742 -0.071915
v 0.013288 0.102742 -0.075369
v -0.000001 0.102742 -0.076530
v -0.128251 0.078431 -0.074026
v -0.117133 0.094515 -0.067628
v -0.179376 0.079798 -0.047810
v -0.189945 0.076704 -0.063188
v 0.049193 0.094456 -0.058626
v 0.038264 0.094456 -0.066279
v 0.135625 0.073925 -0.161630
v 0.105498 0.073925 -0.182728
v 0.071858 0.073925 -0.198107
v 0.063189 0.076704 -0.189946
v 0.051957 0.085348 -0.142756
v 0.136234 0.043400 -0.162359
v 0.136186 0.058820 -0.162301
v 0.105935 0.058757 -0.183500
v 0.105914 0.043331 -0.183589
v 0.103514 0.067113 -0.179311
v 0.062546 0.069361 -0.188722
v 0.070347 0.066862 -0.194925
v -0.071916 0.102742 -0.026175
v -0.075368 0.102742 -0.013289
v -0.075368 0.094456 -0.013289
v -0.071916 0.094456 -0.026175
v 0.140994 0.059966 -0.168031
v 0.109673 0.059966 -0.189962
v 0.108599 0.067123 -0.188100
v 0.139612 0.067123 -0.166385
v 0.204296 0.064070 -0.171427
v 0.205828 0.063072 -0.172710
v 0.172711 0.063072 -0.205829
v 0.171426 0.064070 -0.204297
v 0.189963 0.059966 -0.109675
v 0.205081 0.059966 -0.077252
v 0.203758 0.056092 -0.080490
v 0.190042 0.056151 -0.109720
v 0.199419 0.043400 -0.091097
v 0.206209 0.042716 -0.075054
v 0.206209 0.056151 -0.075054
v -0.171649 0.083295 -0.026647
v 0.047062 0.102721 -0.129309
v 0.023895 0.102721 -0.135517
v -0.000001 0.102721 -0.137607
v 0.133079 0.067111 -0.158600
v -0.076531 0.102742 0.000000
v -0.076531 0.094456 0.000000
v 0.025625 0.078195 -0.146055
v -0.000001 0.078094 -0.148420
v -0.000001 0.076730 -0.167635
v 0.026267 0.075879 -0.170777
v 0.087814 0.043265 -0.192712
v 0.074126 0.058398 -0.198394
v 0.047809 0.079798 -0.179377
v 0.026646 0.083295 -0.171648
v 0.026379 0.085348 -0.149609
v -0.000001 0.085348 -0.151917
v 0.075462 0.067123 -0.203439
v 0.077250 0.059966 -0.205082
v -0.000001 0.084172 -0.168262
v 0.047235 0.072427 -0.178323
v 0.091096 0.043400 -0.199420
v 0.109722 0.043400 -0.190043
v -0.113440 0.078429 -0.095187
v -0.103610 0.094515 -0.086939
v -0.058627 0.102742 -0.049192
v -0.066277 0.102742 -0.038265
v -0.066277 0.094456 -0.038265
v -0.058627 0.094456 -0.049192
v 0.080491 0.056092 -0.203756
v -0.205081 0.059966 -0.077252
v -0.203758 0.056092 -0.080490
v -0.199422 0.043400 -0.091097
v -0.192711 0.043265 -0.087815
v -0.198396 0.058398 -0.074127
v -0.190044 0.043400 -0.109720
v -0.168104 0.043400 -0.141056
v -0.162361 0.043400 -0.136235
v -0.183590 0.043331 -0.105915
v 0.150049 -0.099582 -0.178821
v 0.150049 -0.008160 -0.178821
v 0.116717 -0.008160 -0.202159
v 0.116717 -0.099582 -0.202159
v -0.000001 -0.008160 -0.233434
v -0.000001 -0.099582 -0.233434
v 0.264690 0.063072 0.000000
v 0.266689 0.064070 0.000000
v 0.262637 0.064070 -0.046312
v 0.260669 0.063072 -0.045964
v 0.248728 0.063072 -0.090531
v 0.250608 0.064070 -0.091214
v 0.230961 0.064070 -0.133345
v 0.229229 0.063072 -0.132347
v 0.201342 0.057451 -0.168948
v 0.168947 0.057451 -0.201343
v 0.161873 0.049844 -0.192913
v 0.192912 0.049844 -0.161874
v 0.218909 0.056145 -0.079677
v 0.236643 0.049844 -0.086131
v 0.218091 0.049844 -0.125915
v 0.201748 0.056145 -0.116479
v 0.232957 0.056145 0.000000
v 0.251830 0.049844 0.000000
v 0.248004 0.049844 -0.043731
v 0.229419 0.056145 -0.040452
v 0.205828 0.048205 -0.172710
v 0.172711 0.048205 -0.205829
v 0.178457 0.056145 -0.149743
v 0.202764 0.063072 -0.170139
v 0.170138 0.063072 -0.202766
v 0.232691 0.063072 -0.134346
v 0.232691 0.048205 -0.134346
v 0.252487 0.063072 -0.091897
v 0.264608 0.063072 -0.046657
v 0.264608 0.048205 -0.046657
v 0.252487 0.048205 -0.091897
v 0.268690 0.063072 0.000000
v 0.268690 0.048205 0.000000
v 0.149742 0.056145 -0.178458
v 0.198787 0.023639 -0.114770
v 0.215696 0.023639 -0.078509
v 0.190042 0.043400 -0.109720
v 0.147545 0.023639 -0.175839
v 0.175838 0.023639 -0.147546
v 0.168101 0.043400 -0.141056
v 0.141055 0.043400 -0.168102
v 0.226051 0.023639 -0.039860
v 0.216110 0.042716 -0.038108
v 0.226051 -0.003296 -0.039860
v 0.215696 -0.003296 -0.078509
v 0.198787 -0.003296 -0.114770
v 0.175838 -0.003296 -0.147546
v 0.248004 -0.103727 -0.043731
v 0.233844 -0.104037 -0.041234
v 0.223133 -0.104037 -0.081214
v 0.236643 -0.103727 -0.086131
v 0.218091 -0.103727 -0.125915
v 0.205640 -0.104037 -0.118727
v 0.181898 -0.104037 -0.152631
v 0.192912 -0.103727 -0.161874
v 0.251830 -0.103727 0.000000
v 0.237451 -0.104037 0.000000
v 0.202764 -0.119026 -0.170139
v 0.204296 -0.120024 -0.171427
v 0.230961 -0.120024 -0.133345
v 0.229229 -0.119026 -0.132347
v 0.248728 -0.119026 -0.090531
v 0.250608 -0.120024 -0.091214
v 0.262637 -0.120024 -0.046312
v 0.260669 -0.119026 -0.045964
v 0.147545 -0.003296 -0.175839
v 0.152630 -0.104037 -0.181900
v 0.161873 -0.103727 -0.192913
v 0.170138 -0.119026 -0.202766
v 0.171426 -0.120024 -0.204297
v 0.233432 -0.099582 0.000000
v 0.229887 -0.099582 -0.040536
v 0.219356 -0.099582 -0.079840
v 0.202160 -0.099582 -0.116716
v 0.178820 -0.099582 -0.150048
v 0.246983 -0.113407 -0.089896
v 0.258840 -0.113407 -0.045641
v 0.201342 -0.113407 -0.168948
v 0.227621 -0.113407 -0.131417
v 0.168947 -0.113407 -0.201343
v 0.264608 -0.119026 -0.046657
v 0.264608 -0.105287 -0.046657
v 0.268690 -0.105287 0.000000
v 0.268690 -0.119026 0.000000
v 0.252487 -0.119026 -0.091897
v 0.252487 -0.105287 -0.091897
v 0.232691 -0.119026 -0.134346
v 0.232691 -0.105287 -0.134346
v 0.205828 -0.119026 -0.172710
v 0.205828 -0.105287 -0.172710
v 0.229539 -0.003296 0.000000
v 0.229539 0.023639 0.000000
v 0.219442 0.042716 0.000000
v 0.262835 0.057451 0.000000
v 0.258840 0.057451 -0.045641
v 0.266689 -0.120024 0.000000
v 0.264690 -0.119026 0.000000
v 0.262835 -0.113407 0.000000
v 0.227621 0.057451 -0.131417
v 0.246983 0.057451 -0.089896
v 0.172711 -0.119026 -0.205829
v 0.172711 -0.105287 -0.205829
v 0.219442 0.056151 0.000000
v 0.216110 0.056151 -0.038108
v 0.168030 0.059966 -0.140995
v 0.168101 0.056151 -0.141056
v 0.141055 0.056151 -0.168102
v 0.229887 -0.008160 -0.040536
v 0.219356 -0.008160 -0.079840
v 0.202160 -0.008160 -0.116716
v 0.178820 -0.008160 -0.150048
v 0.233432 -0.008160 0.000000
v 0.105411 0.102721 -0.088453
v 0.116374 0.085348 -0.097650
v 0.127095 0.094515 -0.046258
v 0.133196 0.094515 -0.023487
v 0.075368 0.094456 -0.013289
v 0.071914 0.094456 -0.026175
v 0.119170 0.102721 -0.068804
v 0.131563 0.085348 -0.075959
v 0.058624 0.102742 -0.049192
v 0.066277 0.102742 -0.038265
v 0.135256 0.094525 0.000000
v 0.103608 0.094515 -0.086939
v 0.113438 0.078429 -0.095187
v 0.117131 0.094515 -0.067628
v 0.128251 0.078431 -0.074026
v 0.139229 0.078381 -0.050561
v 0.071914 0.102742 -0.026175
v 0.075368 0.102742 -0.013289
v 0.058624 0.094456 -0.049192
v 0.161632 0.073925 -0.135626
v 0.066277 0.094456 -0.038265
v 0.182726 0.073925 -0.105496
v 0.142754 0.085348 -0.051958
v 0.189945 0.076704 -0.063188
v 0.198106 0.073925 -0.071859
v 0.162358 0.043400 -0.136235
v 0.183587 0.043331 -0.105915
v 0.183498 0.058757 -0.105936
v 0.162300 0.058820 -0.136187
v 0.179310 0.067113 -0.103515
v 0.194923 0.066862 -0.070348
v 0.188721 0.069361 -0.062548
v 0.158599 0.067111 -0.133081
v 0.166384 0.067123 -0.139614
v 0.188101 0.067123 -0.108600
v 0.201748 0.056145 0.116479
v 0.218091 0.049844 0.125915
v 0.190042 0.056151 0.109720
v 0.206209 0.056151 0.075054
v 0.206209 0.042716 0.075054
v 0.129308 0.102721 -0.047064
v 0.135515 0.102721 -0.023896
v 0.146054 0.078195 -0.025626
v 0.170776 0.075879 -0.026269
v 0.192711 0.043265 -0.087815
v 0.198393 0.058398 -0.074127
v 0.179376 0.079798 -0.047810
v 0.149607 0.085348 -0.026380
v 0.171649 0.083295 -0.026647
v 0.203440 0.067123 -0.075463
v 0.178322 0.072427 -0.047236
v 0.227621 0.057451 0.131417
v 0.258840 0.057451 0.045641
v 0.248004 0.049844 0.043729
v 0.236643 0.049844 0.086131
v 0.246983 0.057451 0.089896
v 0.229419 0.056145 0.040452
v 0.218909 0.056145 0.079677
v 0.260669 0.063072 0.045964
v 0.262637 0.064070 0.046309
v 0.248728 0.063072 0.090531
v 0.229229 0.063072 0.132344
v 0.230961 0.064070 0.133345
v 0.250608 0.064070 0.091214
v 0.232691 0.063072 0.134346
v 0.252487 0.063072 0.091897
v 0.264608 0.063072 0.046657
v 0.229887 -0.008160 0.040536
v 0.229887 -0.099582 0.040536
v 0.219356 -0.099582 0.079840
v 0.219356 -0.008160 0.079840
v 0.226051 -0.003296 0.039860
v 0.215696 -0.003296 0.078506
v 0.215696 0.023639 0.078506
v 0.226051 0.023639 0.039860
v 0.198787 -0.003296 0.114770
v 0.198787 0.023639 0.114770
v 0.236643 -0.103727 0.086131
v 0.218091 -0.103727 0.125915
v 0.205640 -0.104037 0.118725
v 0.223133 -0.104037 0.081214
v 0.248004 -0.103727 0.043729
v 0.233844 -0.104037 0.041232
v 0.229229 -0.119026 0.132344
v 0.248728 -0.119026 0.090531
v 0.250608 -0.120024 0.091214
v 0.230961 -0.120024 0.133345
v 0.260669 -0.119026 0.045964
v 0.262637 -0.120024 0.046309
v 0.202160 -0.099582 0.116716
v 0.246983 -0.113407 0.089896
v 0.258840 -0.113407 0.045641
v 0.227621 -0.113407 0.131417
v 0.252487 -0.119026 0.091897
v 0.264608 -0.119026 0.046657
v 0.264608 -0.105287 0.046657
v 0.252487 -0.105287 0.091897
v 0.232691 -0.119026 0.134346
v 0.232691 -0.105287 0.134346
v 0.216110 0.056151 0.038105
v 0.232691 0.048205 0.134346
v 0.252487 0.048205 0.091897
v 0.264608 0.048205 0.046657
v 0.216110 0.042716 0.038105
v 0.202160 -0.008160 0.116716
v 0.119170 0.102721 0.068804
v 0.114771 -0.003296 -0.198788
v 0.078508 -0.003296 -0.215697
v 0.039859 -0.003296 -0.226052
v -0.000001 -0.003296 -0.229540
v -0.183501 0.058757 -0.105936
v -0.179310 0.067113 -0.103515
v -0.194926 0.066862 -0.070348
v 0.109722 0.056151 -0.190043
v 0.038106 0.042716 -0.216108
v 0.075053 0.042716 -0.206210
v 0.075053 0.056151 -0.206210
v 0.038106 0.056151 -0.216108
v -0.000001 0.042716 -0.219443
v -0.000001 0.056151 -0.219443
v 0.116478 0.056145 -0.201750
v 0.079676 0.056145 -0.218910
v 0.040451 0.056145 -0.229420
v -0.000001 0.056145 -0.232959
v -0.162300 0.058820 -0.136187
v -0.158599 0.067111 -0.133081
v -0.148421 0.078094 0.000000
v -0.167636 0.076730 0.000000
v 0.131416 -0.113407 -0.227622
v 0.132345 -0.119026 -0.229230
v 0.089894 -0.113407 -0.246985
v 0.090529 -0.119026 -0.248727
v 0.045640 -0.113407 -0.258841
v 0.045963 -0.119026 -0.260670
v -0.000001 -0.113407 -0.262834
v -0.000001 -0.119026 -0.264691
v 0.133346 -0.120024 -0.230962
v 0.134344 -0.119026 -0.232692
v 0.091213 -0.120024 -0.250607
v 0.091896 -0.119026 -0.252486
v 0.046311 -0.120024 -0.262639
v 0.046659 -0.119026 -0.264607
v -0.000001 -0.120024 -0.266690
v -0.000001 -0.119026 -0.268691
v 0.134344 -0.105287 -0.232692
v 0.091896 -0.105287 -0.252486
v 0.046659 -0.105287 -0.264607
v -0.000001 -0.105287 -0.268691
v 0.125914 -0.103727 -0.218092
v 0.086130 -0.103727 -0.236644
v 0.043730 -0.103727 -0.248006
v -0.000001 -0.103727 -0.251831
v -0.149610 0.085348 -0.026380
v -0.142754 0.085348 -0.051958
v 0.118726 -0.104037 -0.205638
v 0.081213 -0.104037 -0.223131
v 0.041233 -0.104037 -0.233845
v -0.000001 -0.104037 -0.237452
v -0.168032 0.059966 -0.140995
v -0.189963 0.059966 -0.109675
v -0.188101 0.067123 -0.108600
v -0.166384 0.067123 -0.139614
v -0.203440 0.067123 -0.075463
v -0.198106 0.073925 -0.071859
v -0.182729 0.073925 -0.105496
v 0.114771 0.023639 -0.198788
v 0.078508 0.023639 -0.215697
v 0.039859 0.023639 -0.226052
v -0.000001 0.023639 -0.229540
v -0.161632 0.073925 -0.135626
v -0.000001 0.057451 -0.262834
v 0.045640 0.057451 -0.258841
v 0.045963 0.063072 -0.260670
v -0.000001 0.063072 -0.264691
v 0.089894 0.057451 -0.246985
v 0.090529 0.063072 -0.248727
v 0.131416 0.057451 -0.227622
v 0.132345 0.063072 -0.229230
v -0.000001 0.064070 -0.266690
v 0.046311 0.064070 -0.262639
v 0.046659 0.063072 -0.264607
v -0.000001 0.063072 -0.268691
v 0.091213 0.064070 -0.250607
v 0.091896 0.063072 -0.252486
v 0.133346 0.064070 -0.230962
v 0.134344 0.063072 -0.232692
v -0.168261 0.084172 0.000000
v -0.151919 0.085348 0.000000
v 0.046659 0.048205 -0.264607
v -0.000001 0.048205 -0.268691
v 0.091896 0.048205 -0.252486
v 0.134344 0.048205 -0.232692
v -0.000001 0.049844 -0.251831
v 0.043730 0.049844 -0.248006
v 0.086130 0.049844 -0.236644
v 0.125914 0.049844 -0.218092
v -0.131563 0.085348 -0.075959
v -0.116376 0.085348 -0.097650
v -0.129308 0.102721 -0.047064
v -0.135518 0.102721 -0.023896
v -0.137608 0.102721 0.000000
v -0.023895 0.102721 -0.135517
v -0.013291 0.102742 -0.075369
v -0.105414 0.102721 -0.088453
v -0.049193 0.102742 -0.058626
v -0.088452 0.102721 -0.105413
v -0.047065 0.102721 -0.129309
v -0.026176 0.102742 -0.071915
v -0.105498 0.073925 -0.182728
v -0.075960 0.085348 -0.131564
v -0.051960 0.085348 -0.142756
v -0.063189 0.076704 -0.189944
v -0.071858 0.073925 -0.198107
v -0.135625 0.073925 -0.161630
v -0.097652 0.085348 -0.116375
v -0.026382 0.085348 -0.149609
v -0.026646 0.083295 -0.171648
v -0.139615 0.067123 -0.166385
v -0.108602 0.067123 -0.188100
v -0.075462 0.067123 -0.203439
v -0.109676 0.059966 -0.189962
v -0.077253 0.059966 -0.205082
v -0.140997 0.059966 -0.168031
v -0.136237 0.043400 -0.162359
v -0.136186 0.058820 -0.162301
v -0.047812 0.079798 -0.179377
v -0.105917 0.043331 -0.183589
v -0.105937 0.058757 -0.183500
v -0.087817 0.043265 -0.192712
v -0.074129 0.058398 -0.198394
v -0.103516 0.067113 -0.179311
v -0.070347 0.066862 -0.194925
v -0.062546 0.069361 -0.188722
v -0.050563 0.078381 -0.139230
v -0.074027 0.078431 -0.128252
v -0.133082 0.067111 -0.158600
v -0.095188 0.078429 -0.113439
v -0.025625 0.078195 -0.146055
v -0.026267 0.075879 -0.170777
v -0.091096 0.043400 -0.199420
v -0.080491 0.056092 -0.203756
v -0.047238 0.072427 -0.178323
v -0.086940 0.094515 -0.103609
v -0.067626 0.094515 -0.117132
v -0.046260 0.094515 -0.127097
v -0.023486 0.094515 -0.133198
v -0.049193 0.094456 -0.058626
v -0.038266 0.094456 -0.066279
v -0.038266 0.102742 -0.066279
v -0.026176 0.094456 -0.071915
v -0.013291 0.094456 -0.075369
v -0.141055 0.043400 -0.168102
v -0.109722 0.043400 -0.190043
v -0.068805 0.102721 -0.119172
v -0.040537 -0.008160 -0.229888
v -0.079839 -0.008160 -0.219357
v -0.079839 -0.099582 -0.219357
v -0.040537 -0.099582 -0.229888
v -0.178822 -0.099582 -0.150048
v -0.150049 -0.099582 -0.178821
v -0.150049 -0.008160 -0.178821
v -0.178822 -0.008160 -0.150048
v -0.116717 -0.099582 -0.202159
v -0.116717 -0.008160 -0.202159
v -0.147545 -0.003296 -0.175839
v -0.175838 -0.003296 -0.147546
v -0.114771 -0.003296 -0.198788
v -0.078508 -0.003296 -0.215697
v -0.039861 -0.003296 -0.226052
v -0.141055 0.056151 -0.168102
v -0.168104 0.056151 -0.141056
v -0.109722 0.056151 -0.190043
v -0.038106 0.042716 -0.216108
v -0.038106 0.056151 -0.216108
v -0.075053 0.056151 -0.206210
v -0.075053 0.042716 -0.206210
v -0.116481 0.056145 -0.201750
v -0.149744 0.056145 -0.178458
v -0.079676 0.056145 -0.218910
v -0.040453 0.056145 -0.229420
v -0.178457 0.056145 -0.149743
v -0.168947 0.057451 -0.201343
v -0.170141 0.063072 -0.202766
v -0.202767 0.063072 -0.170139
v -0.201345 0.057451 -0.168948
v -0.201345 -0.113407 -0.168948
v -0.202767 -0.119026 -0.170139
v -0.170141 -0.119026 -0.202766
v -0.168947 -0.113407 -0.201343
v -0.132345 -0.119026 -0.229230
v -0.131418 -0.113407 -0.227622
v -0.090529 -0.119026 -0.248727
v -0.089894 -0.113407 -0.246985
v -0.045965 -0.119026 -0.260670
v -0.045643 -0.113407 -0.258841
v -0.204296 -0.120024 -0.171425
v -0.205830 -0.119026 -0.172710
v -0.172711 -0.119026 -0.205829
v -0.171426 -0.120024 -0.204297
v -0.134347 -0.119026 -0.232692
v -0.133346 -0.120024 -0.230962
v -0.091898 -0.119026 -0.252486
v -0.091213 -0.120024 -0.250607
v -0.046659 -0.119026 -0.264607
v -0.046311 -0.120024 -0.262639
v -0.205830 -0.105287 -0.172710
v -0.172711 -0.105287 -0.205829
v -0.134347 -0.105287 -0.232692
v -0.091898 -0.105287 -0.252486
v -0.046659 -0.105287 -0.264607
v -0.161873 -0.103727 -0.192913
v -0.192914 -0.103727 -0.161874
v -0.125917 -0.103727 -0.218092
v -0.086133 -0.103727 -0.236644
v -0.043730 -0.103727 -0.248006
v -0.152632 -0.104037 -0.181900
v -0.181898 -0.104037 -0.152631
v -0.118726 -0.104037 -0.205638
v -0.081213 -0.104037 -0.223131
v -0.041233 -0.104037 -0.233845
v -0.147545 0.023639 -0.175839
v -0.175838 0.023639 -0.147546
v -0.114771 0.023639 -0.198788
v -0.078508 0.023639 -0.215697
v -0.039861 0.023639 -0.226052
v -0.045965 0.063072 -0.260670
v -0.045643 0.057451 -0.258841
v -0.090529 0.063072 -0.248727
v -0.089894 0.057451 -0.246985
v -0.132345 0.063072 -0.229230
v -0.131418 0.057451 -0.227622
v -0.046659 0.063072 -0.264607
v -0.046311 0.064070 -0.262639
v -0.091898 0.063072 -0.252486
v -0.091213 0.064070 -0.250607
v -0.134347 0.063072 -0.232692
v -0.133346 0.064070 -0.230962
v -0.172711 0.063072 -0.205829
v -0.171426 0.064070 -0.204297
v -0.161873 0.049844 -0.192913
v -0.192914 0.049844 -0.161874
v -0.046659 0.048205 -0.264607
v -0.091898 0.048205 -0.252486
v -0.134347 0.048205 -0.232692
v -0.172711 0.048205 -0.205829
v -0.043730 0.049844 -0.248006
v -0.086133 0.049844 -0.236644
v -0.125917 0.049844 -0.218092
v -0.204296 0.064070 -0.171425
v -0.205830 0.048205 -0.172710
v -0.205830 0.063072 -0.172710
v -0.204296 0.064070 0.171425
v -0.205830 0.063072 0.172710
v -0.189963 0.059966 0.109675
v -0.205081 0.059966 0.077252
v -0.203758 0.056092 0.080490
v -0.190044 0.056151 0.109720
v -0.199422 0.043400 0.091095
v -0.206209 0.042716 0.075054
v -0.206209 0.056151 0.075054
v -0.264692 0.063072 0.000000
v -0.266691 0.064070 0.000000
v -0.262640 0.064070 0.046309
v -0.260671 0.063072 0.045964
v -0.248728 0.063072 0.090531
v -0.250608 0.064070 0.091214
v -0.230961 0.064070 0.133345
v -0.229229 0.063072 0.132347
v -0.201345 0.057451 0.168946
v -0.192914 0.049844 0.161872
v -0.218911 0.056145 0.079677
v -0.236643 0.049844 0.086131
v -0.218091 0.049844 0.125915
v -0.201748 0.056145 0.116479
v -0.232960 0.056145 0.000000
v -0.251830 0.049844 0.000000
v -0.248004 0.049844 0.043729
v -0.229419 0.056145 0.040452
v -0.205830 0.048205 0.172710
v -0.178457 0.056145 0.149743
v -0.202767 0.063072 0.170139
v -0.232693 0.063072 0.134346
v -0.232693 0.048205 0.134346
v -0.252487 0.063072 0.091897
v -0.264608 0.063072 0.046657
v -0.264608 0.048205 0.046657
v -0.252487 0.048205 0.091897
v -0.268690 0.063072 0.000000
v -0.268690 0.048205 0.000000
v -0.198789 0.023639 0.114770
v -0.215698 0.023639 0.078506
v -0.190044 0.043400 0.109720
v -0.175838 0.023639 0.147546
v -0.168104 0.043400 0.141054
v -0.226054 0.023639 0.039860
v -0.216110 0.042716 0.038105
v -0.226054 -0.003296 0.039860
v -0.215698 -0.003296 0.078506
v -0.198789 -0.003296 0.114770
v -0.175838 -0.003296 0.147546
v -0.248004 -0.103727 0.043729
v -0.233844 -0.104037 0.041232
v -0.223133 -0.104037 0.081214
v -0.236643 -0.103727 0.086131
v -0.218091 -0.103727 0.125915
v -0.205640 -0.104037 0.118725
v -0.181898 -0.104037 0.152631
v -0.192914 -0.103727 0.161872
v -0.251830 -0.103727 0.000000
v -0.237453 -0.104037 0.000000
v -0.202767 -0.119026 0.170139
v -0.204296 -0.120024 0.171425
v -0.230961 -0.120024 0.133345
v -0.229229 -0.119026 0.132347
v -0.248728 -0.119026 0.090531
v -0.250608 -0.120024 0.091214
v -0.262640 -0.120024 0.046309
v -0.260671 -0.119026 0.045964
v -0.233435 -0.099582 0.000000
v -0.229889 -0.099582 0.040536
v -0.219356 -0.099582 0.079840
v -0.202160 -0.099582 0.116716
v -0.178822 -0.099582 0.150048
v -0.246983 -0.113407 0.089896
v -0.258843 -0.113407 0.045641
v -0.201345 -0.113407 0.168946
v -0.227621 -0.113407 0.131417
v -0.264608 -0.119026 0.046657
v -0.264608 -0.105287 0.046657
v -0.268690 -0.105287 0.000000
v -0.268690 -0.119026 0.000000
v -0.252487 -0.119026 0.091897
v -0.252487 -0.105287 0.091897
v -0.232693 -0.119026 0.134346
v -0.232693 -0.105287 0.134346
v -0.205830 -0.119026 0.172710
v -0.205830 -0.105287 0.172710
v -0.229541 -0.003296 0.000000
v -0.229541 0.023639 0.000000
v -0.219445 0.042716 0.000000
v -0.262835 0.057451 0.000000
v -0.258843 0.057451 0.045641
v -0.266691 -0.120024 0.000000
v -0.264692 -0.119026 0.000000
v -0.262835 -0.113407 0.000000
v -0.227621 0.057451 0.131417
v -0.246983 0.057451 0.089896
v -0.219445 0.056151 0.000000
v -0.216110 0.056151 0.038105
v -0.168032 0.059966 0.140995
v -0.168104 0.056151 0.141054
v -0.229889 -0.008160 0.040536
v -0.219356 -0.008160 0.079840
v -0.202160 -0.008160 0.116716
v -0.178822 -0.008160 0.150048
v -0.233435 -0.008160 0.000000
v -0.105414 0.102721 0.088453
v -0.116376 0.085348 0.097650
v -0.127095 0.094515 0.046258
v -0.133199 0.094515 0.023485
v -0.075368 0.094456 0.013289
v -0.071916 0.094456 0.026175
v -0.119170 0.102721 0.068804
v -0.131563 0.085348 0.075959
v -0.058627 0.102742 0.049192
v -0.066277 0.102742 0.038265
v -0.135256 0.094525 0.000000
v -0.103610 0.094515 0.086939
v -0.113440 0.078429 0.095186
v -0.117133 0.094515 0.067625
v -0.128251 0.078431 0.074026
v -0.139231 0.078381 0.050561
v -0.071916 0.102742 0.026175
v -0.075368 0.102742 0.013289
v -0.058627 0.094456 0.049192
v -0.161632 0.073925 0.135623
v -0.066277 0.094456 0.038265
v -0.182729 0.073925 0.105496
v -0.142754 0.085348 0.051958
v -0.189945 0.076704 0.063188
v -0.198106 0.073925 0.071859
v -0.162361 0.043400 0.136235
v -0.183590 0.043331 0.105915
v -0.183501 0.058757 0.105936
v -0.162300 0.058820 0.136185
v -0.179310 0.067113 0.103515
v -0.194926 0.066862 0.070348
v -0.188721 0.069361 0.062548
v -0.158599 0.067111 0.133081
v -0.166384 0.067123 0.139614
v -0.188101 0.067123 0.108600
v -0.201748 0.056145 -0.116479
v -0.218091 0.049844 -0.125915
v -0.190044 0.056151 -0.109720
v -0.206209 0.056151 -0.075054
v -0.206209 0.042716 -0.075054
v -0.129308 0.102721 0.047064
v -0.135518 0.102721 0.023894
v -0.146056 0.078195 0.025626
v -0.170776 0.075879 0.026269
v -0.192711 0.043265 0.087815
v -0.198396 0.058398 0.074127
v -0.179376 0.079798 0.047810
v -0.149610 0.085348 0.026380
v -0.171649 0.083295 0.026645
v -0.203440 0.067123 0.075463
v -0.178325 0.072427 0.047236
v -0.227621 0.057451 -0.131417
v -0.258843 0.057451 -0.045641
v -0.248004 0.049844 -0.043731
v -0.236643 0.049844 -0.086131
v -0.246983 0.057451 -0.089896
v -0.229419 0.056145 -0.040452
v -0.218911 0.056145 -0.079677
v -0.260671 0.063072 -0.045964
v -0.262640 0.064070 -0.046312
v -0.248728 0.063072 -0.090531
v -0.229229 0.063072 -0.132347
v -0.230961 0.064070 -0.133345
v -0.250608 0.064070 -0.091214
v -0.232693 0.063072 -0.134346
v -0.252487 0.063072 -0.091897
v -0.264608 0.063072 -0.046657
v -0.229889 -0.008160 -0.040536
v -0.229889 -0.099582 -0.040536
v -0.219358 -0.099582 -0.079840
v -0.219358 -0.008160 -0.079840
v -0.226054 -0.003296 -0.039860
v -0.215698 -0.003296 -0.078509
v -0.215698 0.023639 -0.078509
v -0.226054 0.023639 -0.039860
v -0.198789 -0.003296 -0.114770
v -0.198789 0.023639 -0.114770
v -0.236643 -0.103727 -0.086131
v -0.218091 -0.103727 -0.125915
v -0.205640 -0.104037 -0.118725
v -0.223133 -0.104037 -0.081214
v -0.248004 -0.103727 -0.043731
v -0.233844 -0.104037 -0.041234
v -0.229229 -0.119026 -0.132347
v -0.248728 -0.119026 -0.090531
v -0.250608 -0.120024 -0.091214
v -0.230961 -0.120024 -0.133345
v -0.260671 -0.119026 -0.045964
v -0.262640 -0.120024 -0.046312
v -0.202160 -0.099582 -0.116716
v -0.246983 -0.113407 -0.089896
v -0.258843 -0.113407 -0.045641
v -0.227621 -0.113407 -0.131417
v -0.252487 -0.119026 -0.091897
v -0.264608 -0.119026 -0.046657
v -0.264608 -0.105287 -0.046657
v -0.252487 -0.105287 -0.091897
v -0.232693 -0.119026 -0.134346
v -0.232693 -0.105287 -0.134346
v -0.216110 0.056151 -0.038108
v -0.232693 0.048205 -0.134346
v -0.252487 0.048205 -0.091897
v -0.264608 0.048205 -0.046657
v -0.216110 0.042716 -0.038108
v -0.202160 -0.008160 -0.116716
v -0.119170 0.102721 -0.068804
v 0.047481 0.102909 0.130454
v 0.069412 0.102909 0.120226
v 0.065937 0.106204 0.114206
v 0.050387 0.107936 0.119850
v 0.024106 0.102909 0.136716
v 0.036214 0.108944 0.120137
v -0.000001 0.102909 0.138826
v -0.000001 0.109402 0.125288
v 0.050829 0.093364 0.139652
v 0.051957 0.085348 0.142753
v 0.075957 0.085348 0.131562
v 0.074306 0.093364 0.128704
v 0.025805 0.093364 0.146357
v 0.026379 0.085348 0.149609
v 0.061025 0.125051 0.105700
v 0.047309 0.125018 0.111765
v -0.000001 0.134504 0.088560
v -0.022940 0.134388 0.086898
v -0.008907 0.111822 0.100348
v -0.000001 0.111937 0.100947
v -0.000001 0.147464 0.052421
v 0.026209 0.147464 0.045397
v 0.022539 0.147464 0.039037
v -0.000001 0.147464 0.045075
v 0.076694 0.134504 0.044280
v 0.063786 0.134388 0.063317
v 0.082450 0.111822 0.057884
v 0.087423 0.111937 0.050472
v 0.022940 0.134388 0.086898
v 0.036006 0.137519 0.062365
v -0.000001 0.137519 0.072012
v 0.044690 0.134504 0.077406
v 0.039036 0.147464 0.022537
v 0.034307 0.134314 0.019807
v 0.019808 0.134314 0.034308
v -0.000001 0.093364 0.148615
v -0.000001 0.085348 0.151917
v 0.008904 0.111822 0.100348
v 0.062363 0.137519 0.036007
v 0.045396 0.147464 0.026210
v 0.089234 0.102909 0.106347
v 0.078599 0.107936 0.103561
v 0.106346 0.102909 0.089235
v 0.085935 0.108944 0.091432
v 0.120225 0.102909 0.069413
v 0.108502 0.109402 0.062644
v 0.095528 0.093364 0.113845
v 0.097649 0.085348 0.116375
v 0.113847 0.093364 0.095527
v 0.116374 0.085348 0.097650
v 0.073135 0.125018 0.096853
v 0.091355 0.111822 0.042461
v 0.086724 0.134388 0.023581
v -0.000001 0.134314 0.039616
v 0.131563 0.085348 0.075959
v 0.128703 0.093364 0.074308
v 0.052419 0.147464 0.000000
v 0.072013 0.137519 0.000000
v 0.062363 0.137519 -0.036007
v 0.045396 0.147464 -0.026210
v 0.136717 0.102909 0.024107
v 0.138825 0.102909 0.000000
v 0.131876 0.106204 0.000000
v 0.128985 0.107936 0.016289
v 0.130453 0.102909 0.047480
v 0.122150 0.108944 0.028705
v 0.146356 0.093364 0.025806
v 0.149607 0.085348 0.026380
v 0.151916 0.085348 0.000000
v 0.148614 0.093364 0.000000
v 0.139653 0.093364 0.050830
v 0.142754 0.085348 0.051958
v 0.122051 0.125051 0.000000
v 0.120446 0.125018 0.014910
v 0.045076 0.147464 0.000000
v 0.076694 0.134504 -0.044280
v 0.086724 0.134388 -0.023581
v 0.091355 0.111822 -0.042464
v 0.087423 0.111937 -0.050472
v 0.089384 0.134504 0.000000
v 0.039036 0.147464 -0.022540
v 0.034307 0.134314 -0.019807
v 0.039615 0.134314 0.000000
v 0.026209 0.147464 -0.045397
v 0.036006 0.137519 -0.062365
v -0.000001 0.137519 -0.072014
v -0.000001 0.147464 -0.052421
v 0.136717 0.102909 -0.024107
v 0.128985 0.107936 -0.016289
v 0.130453 0.102909 -0.047483
v 0.122150 0.108944 -0.028707
v 0.120225 0.102909 -0.069413
v 0.108502 0.109402 -0.062644
v 0.146356 0.093364 -0.025806
v 0.149607 0.085348 -0.026380
v 0.139653 0.093364 -0.050830
v 0.142754 0.085348 -0.051958
v 0.120446 0.125018 -0.014912
v 0.085935 0.108944 -0.091432
v 0.073135 0.125018 -0.096855
v 0.063786 0.134388 -0.063317
v 0.082450 0.111822 -0.057884
v -0.034309 0.134314 0.019807
v -0.039618 0.134314 0.000000
v -0.045076 0.147464 0.000000
v -0.039039 0.147464 0.022537
v 0.131563 0.085348 -0.075959
v 0.128703 0.093364 -0.074308
v 0.089234 0.102909 -0.106347
v 0.069412 0.102909 -0.120226
v 0.065937 0.106204 -0.114206
v 0.078599 0.107936 -0.103561
v 0.106346 0.102909 -0.089235
v 0.095528 0.093364 -0.113845
v 0.097649 0.085348 -0.116375
v 0.075957 0.085348 -0.131564
v 0.074306 0.093364 -0.128704
v 0.113847 0.093364 -0.095529
v 0.116374 0.085348 -0.097650
v 0.061025 0.125051 -0.105702
v -0.000001 0.134504 -0.088560
v 0.022940 0.134388 -0.086898
v 0.008904 0.111822 -0.100348
v -0.000001 0.111937 -0.100947
v 0.022539 0.147464 -0.039037
v 0.044690 0.134504 -0.077409
v -0.034309 0.134314 -0.019807
v -0.000001 0.134314 0.000000
v -0.052419 0.147464 0.000000
v -0.072013 0.137519 0.000000
v -0.062366 0.137519 0.036007
v -0.045399 0.147464 0.026210
v 0.047481 0.102909 -0.130454
v 0.050387 0.107936 -0.119850
v 0.024106 0.102909 -0.136716
v 0.036214 0.108944 -0.120139
v -0.000001 0.102909 -0.138826
v -0.000001 0.109402 -0.125288
v 0.050829 0.093364 -0.139652
v 0.051957 0.085348 -0.142756
v 0.025805 0.093364 -0.146357
v 0.026379 0.085348 -0.149609
v 0.047309 0.125018 -0.111765
v -0.000001 0.147464 -0.045077
v -0.000001 0.134314 -0.039616
v -0.019808 0.134314 -0.034308
v -0.036217 0.108944 -0.120139
v -0.047311 0.125018 -0.111765
v -0.022940 0.134388 -0.086898
v -0.008907 0.111822 -0.100348
v 0.019808 0.134314 -0.034308
v -0.000001 0.085348 -0.151917
v -0.000001 0.093364 -0.148615
v -0.026212 0.147464 -0.045397
v -0.036006 0.137519 -0.062365
v -0.062366 0.137519 -0.036007
v -0.045399 0.147464 -0.026210
v -0.039039 0.147464 -0.022540
v -0.047481 0.102909 -0.130454
v -0.069414 0.102909 -0.120226
v -0.065937 0.106204 -0.114206
v -0.050387 0.107936 -0.119850
v -0.024108 0.102909 -0.136716
v -0.050829 0.093364 -0.139652
v -0.051960 0.085348 -0.142756
v -0.075960 0.085348 -0.131564
v -0.074309 0.093364 -0.128704
v -0.025808 0.093364 -0.146357
v -0.026382 0.085348 -0.149609
v -0.061027 0.125051 -0.105702
v -0.122152 0.108944 -0.028707
v -0.120448 0.125018 -0.014912
v -0.086727 0.134388 -0.023581
v -0.091357 0.111822 -0.042461
v -0.022539 0.147464 -0.039037
v -0.076694 0.134504 -0.044280
v -0.063786 0.134388 -0.063317
v -0.082452 0.111822 -0.057884
v -0.087423 0.111937 -0.050472
v -0.044693 0.134504 -0.077409
v -0.089237 0.102909 -0.106347
v -0.078599 0.107936 -0.103561
v -0.106346 0.102909 -0.089235
v -0.085935 0.108944 -0.091432
v -0.120227 0.102909 -0.069413
v -0.108502 0.109402 -0.062644
v -0.095528 0.093364 -0.113845
v -0.097652 0.085348 -0.116375
v -0.113847 0.093364 -0.095527
v -0.116376 0.085348 -0.097650
v -0.073138 0.125018 -0.096855
v -0.131563 0.085348 -0.075959
v -0.128706 0.093364 -0.074308
v -0.136717 0.102909 -0.024107
v -0.138825 0.102909 0.000000
v -0.131876 0.106204 0.000000
v -0.128988 0.107936 -0.016289
v -0.130456 0.102909 -0.047483
v -0.146359 0.093364 -0.025806
v -0.149610 0.085348 -0.026380
v -0.151919 0.085348 0.000000
v -0.148617 0.093364 0.000000
v -0.139653 0.093364 -0.050830
v -0.142754 0.085348 -0.051958
v -0.122053 0.125051 0.000000
v -0.086727 0.134388 0.023581
v -0.120448 0.125018 0.014910
v -0.122152 0.108944 0.028705
v -0.091357 0.111822 0.042464
v -0.089384 0.134504 0.000000
v -0.019808 0.134314 0.034308
v -0.022539 0.147464 0.039037
v -0.136717 0.102909 0.024107
v -0.128988 0.107936 0.016289
v -0.130456 0.102909 0.047480
v -0.120227 0.102909 0.069413
v -0.108502 0.109402 0.062644
v -0.146359 0.093364 0.025806
v -0.149610 0.085348 0.026380
v -0.139653 0.093364 0.050830
v -0.142754 0.085348 0.051958
v -0.082452 0.111822 0.057884
v -0.063786 0.134388 0.063317
v -0.076694 0.134504 0.044280
v -0.087423 0.111937 0.050472
v -0.131563 0.085348 0.075959
v -0.128706 0.093364 0.074308
v -0.026212 0.147464 0.045397
v -0.036006 0.137519 0.062365
v -0.089237 0.102909 0.106347
v -0.069414 0.102909 0.120226
v -0.065937 0.106204 0.114206
v -0.078599 0.107936 0.103561
v -0.106346 0.102909 0.089235
v -0.085935 0.108944 0.091432
v -0.095528 0.093364 0.113845
v -0.097652 0.085348 0.116375
v -0.075960 0.085348 0.131562
v -0.074309 0.093364 0.128704
v -0.113847 0.093364 0.095527
v -0.116376 0.085348 0.097650
v -0.061027 0.125051 0.105700
v -0.073138 0.125018 0.096853
v -0.047311 0.125018 0.111765
v -0.036217 0.108944 0.120137
v -0.044693 0.134504 0.077406
v -0.047481 0.102909 0.130454
v -0.050387 0.107936 0.119850
v -0.024108 0.102909 0.136716
v -0.050829 0.093364 0.139652
v -0.051960 0.085348 0.142753
v -0.025808 0.093364 0.146357
v -0.026382 0.085348 0.149609
vt 0.044654 0.398623
vt 0.062299 0.428010
vt 0.047573 0.434805
vt 0.233904 0.634045
vt 0.216356 0.644778
vt 0.212924 0.615268
vt 0.206011 0.092837
vt 0.187344 0.120011
vt 0.187614 0.089474
vt 0.316436 0.271111
vt 0.295218 0.251699
vt 0.308731 0.237150
vt 0.044025 0.362102
vt 0.059093 0.363101
vt 0.198247 0.650731
vt 0.224040 0.100851
vt 0.219837 0.130032
vt 0.321861 0.306679
vt 0.306944 0.313583
vt 0.045818 0.325763
vt 0.179893 0.652213
vt 0.180392 0.621767
vt 0.241530 0.113079
vt 0.324816 0.343318
vt 0.049850 0.290171
vt 0.064318 0.298909
vt 0.161664 0.648173
vt 0.257993 0.130329
vt 0.250017 0.156504
vt 0.325480 0.380338
vt 0.310172 0.379221
vt 0.056403 0.256113
vt 0.143764 0.640121
vt 0.148098 0.611090
vt 0.273098 0.151886
vt 0.323451 0.417084
vt 0.064925 0.223902
vt 0.077705 0.239700
vt 0.126490 0.627320
vt 0.286878 0.176869
vt 0.275768 0.198078
vt 0.319186 0.452966
vt 0.304667 0.444009
vt 0.075529 0.194377
vt 0.110154 0.610165
vt 0.118203 0.584235
vt 0.298797 0.205572
vt 0.312541 0.487261
vt 0.087779 0.167518
vt 0.098158 0.189284
vt 0.095273 0.588406
vt 0.304027 0.519886
vt 0.291080 0.503740
vt 0.101777 0.144172
vt 0.081760 0.563366
vt 0.092834 0.542559
vt 0.293164 0.549672
vt 0.117126 0.124456
vt 0.124401 0.150876
vt 0.069998 0.534865
vt 0.280552 0.576502
vt 0.270207 0.554272
vt 0.133680 0.108845
vt 0.060426 0.503405
vt 0.073780 0.489242
vt 0.266258 0.599658
vt 0.151180 0.097872
vt 0.154783 0.127264
vt 0.052854 0.469934
vt 0.250608 0.618868
vt 0.243527 0.592213
vt 0.169244 0.091656
vt 0.336871 0.299990
vt 0.030905 0.320697
vt 0.330945 0.260408
vt 0.139337 0.669157
vt 0.268632 0.687073
vt 0.275202 0.624522
vt 0.288636 0.662380
vt 0.291008 0.598682
vt 0.304960 0.568946
vt 0.353200 0.244075
vt 0.322346 0.222762
vt 0.343537 0.200097
vt 0.340572 0.381494
vt 0.361343 0.429983
vt 0.338495 0.422072
vt 0.092920 0.119705
vt 0.109931 0.098018
vt 0.046107 0.146574
vt 0.052020 0.208207
vt 0.032575 0.184084
vt 0.282906 0.127475
vt 0.265917 0.103891
vt 0.120166 0.655221
vt 0.046802 0.517806
vt 0.057651 0.552462
vt 0.029556 0.401329
vt 0.032814 0.441337
vt 0.028946 0.360882
vt 0.006587 0.405411
vt 0.006155 0.359049
vt 0.042716 0.243942
vt 0.021585 0.224948
vt 0.201845 0.726518
vt 0.219692 0.674402
vt 0.224782 0.719307
vt 0.277924 0.063840
vt 0.297489 0.090707
vt 0.298167 0.155568
vt 0.100491 0.410151
vt 0.083544 0.364661
vt 0.098227 0.365551
vt 0.186800 0.169304
vt 0.208713 0.205891
vt 0.186438 0.198866
vt 0.212900 0.177449
vt 0.229371 0.224253
vt 0.095449 0.466089
vt 0.086164 0.416875
vt 0.273371 0.275271
vt 0.268363 0.331685
vt 0.260292 0.289417
vt 0.130119 0.171794
vt 0.114946 0.224660
vt 0.106328 0.206491
vt 0.075724 0.305767
vt 0.087802 0.252137
vt 0.160615 0.174951
vt 0.136134 0.193850
vt 0.070996 0.363873
vt 0.270191 0.477624
vt 0.293195 0.436993
vt 0.280906 0.491016
vt 0.101584 0.526174
vt 0.281106 0.429614
vt 0.298119 0.378387
vt 0.157631 0.150479
vt 0.151552 0.588179
vt 0.155588 0.723973
vt 0.179408 0.682406
vt 0.178729 0.727867
vt 0.070596 0.584035
vt 0.326574 0.500013
vt 0.199667 0.680933
vt 0.228275 0.071235
vt 0.208228 0.062517
vt 0.159163 0.678499
vt 0.167480 0.061096
vt 0.063598 0.175024
vt 0.132707 0.713975
vt 0.256904 0.042419
vt 0.234740 0.025975
vt 0.164717 0.015230
vt 0.187857 0.059227
vt 0.333802 0.461791
vt 0.079375 0.082912
vt 0.147458 0.068495
vt 0.013692 0.268436
vt 0.035608 0.281530
vt 0.347597 0.519310
vt 0.355927 0.475516
vt 0.085412 0.612392
vt 0.330652 0.159436
vt 0.311421 0.187501
vt 0.306798 0.632650
vt 0.322824 0.598487
vt 0.363805 0.383456
vt 0.340070 0.340604
vt 0.363304 0.336548
vt 0.336486 0.560514
vt 0.231992 0.548872
vt 0.204010 0.538679
vt 0.225057 0.522848
vt 0.138976 0.517256
vt 0.110798 0.508910
vt 0.121570 0.488715
vt 0.257661 0.461979
vt 0.237120 0.198885
vt 0.246979 0.252747
vt 0.164088 0.203591
vt 0.143160 0.219689
vt 0.243362 0.496699
vt 0.253432 0.518282
vt 0.270633 0.376575
vt 0.285440 0.377538
vt 0.087735 0.312977
vt 0.101786 0.321396
vt 0.295186 0.319066
vt 0.084333 0.477975
vt 0.210213 0.591962
vt 0.237914 0.571114
vt 0.284572 0.263176
vt 0.243738 0.177162
vt 0.216464 0.153123
vt 0.262039 0.536740
vt 0.257768 0.232264
vt 0.266999 0.214732
vt 0.187086 0.144022
vt 0.124526 0.563827
vt 0.077423 0.145497
vt 0.038433 0.480472
vt 0.257844 0.646121
vt 0.239181 0.662730
vt 0.247188 0.706133
vt 0.211594 0.016208
vt 0.315190 0.122766
vt 0.053384 0.616189
vt 0.038558 0.579446
vt 0.098821 0.057995
vt 0.128206 0.080957
vt 0.016906 0.496379
vt 0.026336 0.539258
vt 0.141785 0.023847
vt 0.359786 0.289850
vt 0.061709 0.112596
vt 0.010076 0.451606
vt 0.282813 0.324870
vt 0.181652 0.543104
vt 0.155199 0.564038
vt 0.159471 0.535794
vt 0.181175 0.572597
vt 0.098454 0.265262
vt 0.316832 0.535874
vt 0.119724 0.038219
vt 0.188121 0.012668
vt 0.089898 0.675718
vt 0.070764 0.648200
vt 0.008649 0.313298
vt 0.110745 0.697385
vt 0.131186 0.542352
vt 0.110922 0.280615
vt 0.125022 0.245936
vt 0.180772 0.597819
vt 0.247640 0.084969
vt 0.044387 0.392747
vt 0.061721 0.422866
vt 0.046927 0.429043
vt 0.231133 0.636036
vt 0.213478 0.646033
vt 0.210354 0.616386
vt 0.208908 0.093780
vt 0.189960 0.120166
vt 0.190550 0.089648
vt 0.317444 0.276634
vt 0.296433 0.256338
vt 0.310095 0.242358
vt 0.044140 0.356208
vt 0.059195 0.357837
vt 0.195310 0.651226
vt 0.226849 0.102545
vt 0.222342 0.131544
vt 0.322496 0.312421
vt 0.307509 0.318699
vt 0.046313 0.319952
vt 0.176944 0.651940
vt 0.177762 0.621521
vt 0.244207 0.115503
vt 0.325067 0.349176
vt 0.050717 0.284537
vt 0.065090 0.293877
vt 0.158762 0.647139
vt 0.260487 0.133437
vt 0.252238 0.159274
vt 0.325344 0.386216
vt 0.310050 0.384458
vt 0.057625 0.250760
vt 0.140949 0.638339
vt 0.145586 0.609496
vt 0.275362 0.155622
vt 0.322930 0.422869
vt 0.066481 0.218913
vt 0.079094 0.235242
vt 0.123813 0.624818
vt 0.288878 0.181176
vt 0.277549 0.201916
vt 0.318291 0.458565
vt 0.303869 0.449002
vt 0.077392 0.189837
vt 0.107660 0.606984
vt 0.115979 0.581396
vt 0.300494 0.210372
vt 0.311289 0.492574
vt 0.089920 0.163497
vt 0.100069 0.185693
vt 0.093010 0.584606
vt 0.302435 0.524835
vt 0.289660 0.508151
vt 0.104159 0.140742
vt 0.079762 0.559007
vt 0.091051 0.538667
vt 0.291263 0.554160
vt 0.119711 0.121673
vt 0.126709 0.148391
vt 0.068301 0.530020
vt 0.278374 0.580457
vt 0.268263 0.557799
vt 0.136425 0.106757
vt 0.059060 0.498166
vt 0.072559 0.484565
vt 0.263840 0.603010
vt 0.154036 0.096519
vt 0.157331 0.126055
vt 0.051839 0.464385
vt 0.247993 0.621561
vt 0.241192 0.594615
vt 0.172161 0.091060
vt 0.337572 0.306361
vt 0.031456 0.314263
vt 0.332062 0.266541
vt 0.136220 0.667184
vt 0.265299 0.690505
vt 0.272522 0.628243
vt 0.285557 0.666654
vt 0.288594 0.603069
vt 0.302855 0.573924
vt 0.354483 0.251142
vt 0.323858 0.228543
vt 0.345282 0.206769
vt 0.340420 0.388003
vt 0.360679 0.437351
vt 0.337919 0.428486
vt 0.095561 0.115909
vt 0.112795 0.094940
vt 0.048477 0.140815
vt 0.053743 0.202681
vt 0.034555 0.177750
vt 0.285424 0.131627
vt 0.268685 0.107337
vt 0.117198 0.652449
vt 0.045289 0.511994
vt 0.055773 0.547097
vt 0.029264 0.394821
vt 0.032103 0.434956
vt 0.029078 0.354357
vt 0.006257 0.397941
vt 0.006310 0.351571
vt 0.044067 0.238019
vt 0.023139 0.218146
vt 0.198115 0.727147
vt 0.216503 0.675789
vt 0.221122 0.720897
vt 0.281107 0.067797
vt 0.300388 0.095477
vt 0.300387 0.160352
vt 0.100092 0.406609
vt 0.083624 0.360419
vt 0.098295 0.361924
vt 0.188901 0.169426
vt 0.210426 0.206922
vt 0.188230 0.198966
vt 0.214910 0.178661
vt 0.230888 0.226144
vt 0.094466 0.462324
vt 0.085697 0.412732
vt 0.274345 0.278991
vt 0.268748 0.335184
vt 0.261121 0.292587
vt 0.132207 0.169544
vt 0.116484 0.221763
vt 0.108057 0.203238
vt 0.076422 0.301211
vt 0.089059 0.248099
vt 0.162663 0.173976
vt 0.137990 0.191847
vt 0.071087 0.359107
vt 0.269048 0.481167
vt 0.292473 0.441507
vt 0.279622 0.495005
vt 0.099971 0.522652
vt 0.280464 0.433625
vt 0.298008 0.383120
vt 0.159935 0.149384
vt 0.149280 0.586734
vt 0.151894 0.722668
vt 0.176144 0.682106
vt 0.174989 0.727528
vt 0.068385 0.579204
vt 0.325185 0.505911
vt 0.196413 0.681481
vt 0.231393 0.073113
vt 0.211441 0.063559
vt 0.155944 0.677353
vt 0.170717 0.060434
vt 0.065666 0.169989
vt 0.129123 0.711714
vt 0.260317 0.045502
vt 0.238329 0.028134
vt 0.168434 0.014462
vt 0.191109 0.059417
vt 0.332811 0.467999
vt 0.082403 0.078558
vt 0.150621 0.066993
vt 0.014794 0.261293
vt 0.036568 0.275301
vt 0.346002 0.526083
vt 0.354788 0.482647
vt 0.082900 0.608175
vt 0.332825 0.165579
vt 0.313304 0.192832
vt 0.304027 0.637691
vt 0.320406 0.604206
vt 0.363627 0.390937
vt 0.340345 0.347101
vt 0.363617 0.344018
vt 0.334462 0.566812
vt 0.230113 0.550802
vt 0.202244 0.539440
vt 0.223452 0.524493
vt 0.137448 0.515301
vt 0.109364 0.505778
vt 0.120344 0.486037
vt 0.256686 0.465001
vt 0.238900 0.201105
vt 0.248194 0.255368
vt 0.165835 0.202755
vt 0.144744 0.217973
vt 0.242027 0.499116
vt 0.251868 0.521115
vt 0.270547 0.380159
vt 0.285341 0.381741
vt 0.088355 0.308922
vt 0.102315 0.317928
vt 0.295696 0.323689
vt 0.083228 0.473742
vt 0.207888 0.592970
vt 0.235801 0.573287
vt 0.285669 0.267368
vt 0.245745 0.179665
vt 0.218727 0.154490
vt 0.260280 0.539930
vt 0.259194 0.235341
vt 0.268608 0.218199
vt 0.189451 0.144161
vt 0.122513 0.561257
vt 0.079796 0.141048
vt 0.037311 0.474318
vt 0.254942 0.649111
vt 0.236109 0.664935
vt 0.243660 0.708664
vt 0.215291 0.017400
vt 0.317750 0.128270
vt 0.050840 0.610631
vt 0.036402 0.573275
vt 0.102105 0.054460
vt 0.131244 0.078646
vt 0.015623 0.489321
vt 0.024603 0.532586
vt 0.145417 0.022117
vt 0.360588 0.297182
vt 0.064430 0.107496
vt 0.009263 0.444272
vt 0.283265 0.328974
vt 0.179844 0.542929
vt 0.153178 0.562751
vt 0.157745 0.534692
vt 0.179059 0.572395
vt 0.099571 0.261666
vt 0.315070 0.541355
vt 0.123210 0.035563
vt 0.191860 0.012880
vt 0.086723 0.671674
vt 0.067881 0.643362
vt 0.009283 0.305935
vt 0.107339 0.694210
vt 0.129397 0.540066
vt 0.111876 0.277537
vt 0.126335 0.243456
vt 0.178392 0.597594
vt 0.250610 0.087654
vt 0.102220 0.635791
vt 0.108445 0.452164
vt 0.073916 0.422596
vt 0.207355 0.567409
vt 0.266965 0.421009
vt 0.099460 0.632272
vt 0.107605 0.448945
vt 0.073392 0.417939
vt 0.205287 0.568304
vt 0.266416 0.424429
vt 0.334716 0.817624
vt 0.325399 0.817624
vt 0.325399 0.809167
vt 0.334716 0.809167
vt 0.153711 0.817624
vt 0.145070 0.817624
vt 0.145070 0.809167
vt 0.153711 0.809167
vt 0.248568 0.817624
vt 0.239926 0.817624
vt 0.239926 0.809167
vt 0.248568 0.809167
vt 0.316167 0.817624
vt 0.316167 0.809167
vt 0.141550 0.817624
vt 0.141550 0.809167
vt 0.230609 0.817624
vt 0.230609 0.809167
vt 0.127502 0.793912
vt 0.117145 0.793912
vt 0.119383 0.786985
vt 0.127502 0.786985
vt 0.004079 0.753566
vt 0.008623 0.772930
vt 0.005437 0.776668
vt 0.001494 0.760733
vt 0.338237 0.809167
vt 0.338237 0.817624
vt 0.138177 0.793912
vt 0.135939 0.786985
vt 0.120039 0.817624
vt 0.111397 0.817624
vt 0.111397 0.809167
vt 0.120039 0.809167
vt 0.206187 0.817624
vt 0.206187 0.809167
vt 0.209707 0.809167
vt 0.209707 0.817624
vt 0.291472 0.817624
vt 0.282241 0.817624
vt 0.282241 0.809167
vt 0.291472 0.809167
vt 0.368455 0.817624
vt 0.359138 0.817624
vt 0.359138 0.809167
vt 0.368455 0.809167
vt 0.196870 0.817624
vt 0.196870 0.809167
vt 0.273599 0.817624
vt 0.273599 0.809167
vt 0.253065 0.793912
vt 0.242708 0.793912
vt 0.244946 0.786985
vt 0.253065 0.786985
vt 0.187638 0.817624
vt 0.187638 0.809167
vt 0.014852 0.790297
vt 0.010467 0.791315
vt 0.263740 0.793912
vt 0.261502 0.786985
vt 0.080138 0.690395
vt 0.073944 0.673029
vt 0.078321 0.672038
vt 0.083321 0.686681
vt 0.294993 0.809167
vt 0.294993 0.817624
vt 0.162943 0.817624
vt 0.162943 0.809167
vt 0.169747 0.793912
vt 0.159071 0.793912
vt 0.161267 0.786985
vt 0.169747 0.786985
vt 0.022214 0.706094
vt 0.026278 0.695808
vt 0.027390 0.705944
vt 0.015049 0.697959
vt 0.020354 0.684043
vt 0.044348 0.649600
vt 0.055001 0.651504
vt 0.053185 0.666649
vt 0.044442 0.664569
vt 0.002538 0.731787
vt 0.010331 0.731619
vt 0.011529 0.749129
vt 0.065288 0.803244
vt 0.055110 0.811549
vt 0.053110 0.796472
vt 0.061339 0.789791
vt 0.065210 0.659676
vt 0.061424 0.673306
vt 0.004040 0.709945
vt 0.011558 0.714077
vt 0.044493 0.813563
vt 0.044376 0.798605
vt 0.068446 0.684064
vt 0.084649 0.709733
vt 0.077212 0.714131
vt 0.073745 0.698073
vt 0.008557 0.690593
vt 0.033841 0.811729
vt 0.035635 0.796572
vt 0.086164 0.731448
vt 0.078392 0.731595
vt 0.014766 0.673206
vt 0.023615 0.803616
vt 0.027384 0.789956
vt 0.084656 0.753203
vt 0.077160 0.749080
vt 0.023505 0.659800
vt 0.027442 0.673301
vt 0.020343 0.779221
vt 0.080160 0.772484
vt 0.073682 0.765148
vt 0.033717 0.651544
vt 0.035695 0.666654
vt 0.015019 0.765211
vt 0.073984 0.789830
vt 0.068400 0.779040
vt 0.037630 0.780254
vt 0.031402 0.775253
vt 0.031225 0.764774
vt 0.038728 0.771872
vt 0.070078 0.731741
vt 0.069111 0.744837
vt 0.064996 0.742532
vt 0.065697 0.726287
vt 0.031682 0.687899
vt 0.033802 0.695524
vt 0.026151 0.767248
vt 0.066527 0.757029
vt 0.061356 0.757172
vt 0.037930 0.682840
vt 0.041743 0.690174
vt 0.022108 0.756680
vt 0.025811 0.752368
vt 0.062475 0.767310
vt 0.044523 0.681194
vt 0.019507 0.744458
vt 0.023064 0.736913
vt 0.057089 0.775239
vt 0.054965 0.767638
vt 0.051170 0.682959
vt 0.050064 0.691342
vt 0.018665 0.731455
vt 0.050857 0.780321
vt 0.047042 0.773016
vt 0.057392 0.687984
vt 0.057561 0.698457
vt 0.019625 0.718321
vt 0.023747 0.720626
vt 0.044274 0.781994
vt 0.062633 0.696000
vt 0.066662 0.706565
vt 0.069248 0.718770
vt 0.062963 0.710859
vt 0.029460 0.748103
vt 0.033972 0.757448
vt 0.039809 0.763597
vt 0.046435 0.763818
vt 0.057834 0.751489
vt 0.060939 0.740251
vt 0.061236 0.727461
vt 0.059320 0.715111
vt 0.054814 0.705774
vt 0.048977 0.699619
vt 0.030910 0.711621
vt 0.035887 0.703143
vt 0.052879 0.760057
vt 0.042347 0.699388
vt 0.027540 0.735727
vt 0.027808 0.722906
vt 0.132418 0.817624
vt 0.132418 0.809167
vt 0.312647 0.817624
vt 0.304125 0.817624
vt 0.304125 0.809167
vt 0.312647 0.809167
vt 0.123559 0.817624
vt 0.123559 0.809167
vt 0.227089 0.817624
vt 0.218230 0.817624
vt 0.218230 0.809167
vt 0.227089 0.809167
vt 0.355618 0.817624
vt 0.346759 0.817624
vt 0.346759 0.809167
vt 0.355618 0.809167
vt 0.175596 0.817624
vt 0.166464 0.817624
vt 0.166464 0.809167
vt 0.175596 0.809167
vt 0.270079 0.817624
vt 0.260947 0.817624
vt 0.260947 0.809167
vt 0.270079 0.809167
vt 0.184118 0.817624
vt 0.184118 0.809167
vt 0.252088 0.817624
vt 0.252088 0.809167
vt 0.087236 0.702597
vt 0.221714 0.793912
vt 0.211357 0.793912
vt 0.211357 0.786985
vt 0.219552 0.786985
vt 0.001451 0.702803
vt 0.005370 0.686872
vt 0.201394 0.793912
vt 0.203556 0.786985
vt 0.347277 0.793912
vt 0.336920 0.793912
vt 0.336920 0.786985
vt 0.345115 0.786985
vt 0.010381 0.672209
vt 0.326957 0.793912
vt 0.329119 0.786985
vt 0.087236 0.760314
vt 0.083337 0.776186
vt 0.078354 0.790811
vt 0.179710 0.793912
vt 0.177514 0.786985
vt 0.035495 0.643480
vt 0.044344 0.642216
vt 0.305273 0.793912
vt 0.295310 0.793912
vt 0.295310 0.786985
vt 0.303077 0.786985
vt 0.053208 0.643432
vt 0.053348 0.819618
vt 0.044509 0.820942
vt 0.284634 0.793912
vt 0.286830 0.786985
vt 0.035647 0.819786
vt 0.169783 0.303929
vt 0.168490 0.302120
vt 0.171693 0.287551
vt 0.173419 0.288316
vt 0.163693 0.316108
vt 0.162743 0.313127
vt 0.155602 0.322006
vt 0.155328 0.318899
vt 0.146990 0.322006
vt 0.147372 0.318555
vt 0.139184 0.314734
vt 0.140088 0.312149
vt 0.133094 0.302555
vt 0.134584 0.300655
vt 0.130145 0.286372
vt 0.131699 0.285823
vt 0.130145 0.269149
vt 0.131871 0.269913
vt 0.133781 0.253536
vt 0.135074 0.255345
vt 0.139871 0.241357
vt 0.140821 0.244337
vt 0.147962 0.235459
vt 0.148236 0.238566
vt 0.156574 0.235459
vt 0.156192 0.238909
vt 0.164380 0.242731
vt 0.163476 0.245316
vt 0.170470 0.254910
vt 0.168979 0.256809
vt 0.173419 0.271092
vt 0.171865 0.271641
vt 0.253065 0.800519
vt 0.242708 0.800519
vt 0.148279 0.793912
vt 0.159071 0.800519
vt 0.148279 0.800519
vt 0.179710 0.800519
vt 0.169747 0.800519
vt 0.336920 0.800519
vt 0.326957 0.800519
vt 0.263740 0.800519
vt 0.190502 0.793912
vt 0.190502 0.800519
vt 0.347277 0.800519
vt 0.273842 0.793912
vt 0.273842 0.800519
vt 0.201394 0.800519
vt 0.358169 0.793912
vt 0.358169 0.800519
vt 0.284634 0.800519
vt 0.211357 0.800519
vt 0.107043 0.793912
vt 0.117145 0.800519
vt 0.107043 0.800519
vt 0.295310 0.800519
vt 0.221714 0.800519
vt 0.127502 0.800519
vt 0.305273 0.800519
vt 0.232606 0.793912
vt 0.232606 0.800519
vt 0.138177 0.800519
vt 0.316065 0.793912
vt 0.316065 0.800519
vt 0.321537 0.763333
vt 0.314921 0.763333
vt 0.314921 0.756669
vt 0.321537 0.756669
vt 0.281793 0.763333
vt 0.275178 0.763333
vt 0.275178 0.756669
vt 0.281793 0.756669
vt 0.308297 0.763333
vt 0.308297 0.756669
vt 0.268554 0.763333
vt 0.268554 0.756669
vt 0.295033 0.763333
vt 0.288409 0.763333
vt 0.288409 0.756669
vt 0.295033 0.756669
vt 0.261922 0.763333
vt 0.261922 0.756669
vt 0.328152 0.763333
vt 0.328152 0.756669
vt 0.301665 0.763333
vt 0.301665 0.756669
vt 0.334776 0.763333
vt 0.334776 0.756669
vt 0.255289 0.763333
vt 0.255289 0.756669
vt 0.426254 0.129742
vt 0.431952 0.136322
vt 0.422963 0.154371
vt 0.413975 0.136374
vt 0.419673 0.129761
vt 0.419673 0.179001
vt 0.413975 0.172421
vt 0.410685 0.161004
vt 0.410685 0.147810
vt 0.431952 0.172368
vt 0.426253 0.178981
vt 0.435242 0.147738
vt 0.435242 0.160932
vt 0.321537 0.763333
vt 0.314921 0.763333
vt 0.314921 0.756669
vt 0.321537 0.756669
vt 0.281793 0.763333
vt 0.275178 0.763333
vt 0.275178 0.756669
vt 0.281793 0.756669
vt 0.308297 0.763333
vt 0.308297 0.756669
vt 0.268554 0.763333
vt 0.268554 0.756669
vt 0.295033 0.763333
vt 0.288409 0.763333
vt 0.288409 0.756669
vt 0.295033 0.756669
vt 0.261922 0.763333
vt 0.261922 0.756669
vt 0.328152 0.763333
vt 0.328152 0.756669
vt 0.301665 0.763333
vt 0.301665 0.756669
vt 0.334776 0.763333
vt 0.334776 0.756669
vt 0.255289 0.763333
vt 0.255289 0.756669
vt 0.426254 0.129742
vt 0.431952 0.136322
vt 0.422963 0.154371
vt 0.413975 0.136374
vt 0.419673 0.129761
vt 0.419673 0.179001
vt 0.413975 0.172421
vt 0.410685 0.161004
vt 0.410685 0.147810
vt 0.431952 0.172368
vt 0.426253 0.178981
vt 0.435242 0.147738
vt 0.435242 0.160932
vt 0.321537 0.763333
vt 0.314921 0.763333
vt 0.314921 0.756669
vt 0.321537 0.756669
vt 0.281793 0.763333
vt 0.275178 0.763333
vt 0.275178 0.756669
vt 0.281793 0.756669
vt 0.308297 0.763333
vt 0.308297 0.756669
vt 0.268554 0.763333
vt 0.268554 0.756669
vt 0.295033 0.763333
vt 0.288409 0.763333
vt 0.288409 0.756669
vt 0.295033 0.756669
vt 0.261922 0.763333
vt 0.261922 0.756669
vt 0.328152 0.763333
vt 0.328152 0.756669
vt 0.301665 0.763333
vt 0.301665 0.756669
vt 0.334776 0.763333
vt 0.334776 0.756669
vt 0.255289 0.763333
vt 0.255289 0.756669
vt 0.426254 0.129742
vt 0.431952 0.136322
vt 0.422963 0.154371
vt 0.413975 0.136374
vt 0.419673 0.129761
vt 0.419673 0.179001
vt 0.413975 0.172421
vt 0.410685 0.161004
vt 0.410685 0.147810
vt 0.431952 0.172368
vt 0.426253 0.178981
vt 0.435242 0.147738
vt 0.435242 0.160932
vt 0.321537 0.763333
vt 0.314921 0.763333
vt 0.314921 0.756669
vt 0.321537 0.756669
vt 0.281793 0.763333
vt 0.275178 0.763333
vt 0.275178 0.756669
vt 0.281793 0.756669
vt 0.308297 0.763333
vt 0.308297 0.756669
vt 0.268554 0.763333
vt 0.268554 0.756669
vt 0.295033 0.763333
vt 0.288409 0.763333
vt 0.288409 0.756669
vt 0.295033 0.756669
vt 0.261922 0.763333
vt 0.261922 0.756669
vt 0.328152 0.763333
vt 0.328152 0.756669
vt 0.301665 0.763333
vt 0.301665 0.756669
vt 0.334776 0.763333
vt 0.334776 0.756669
vt 0.255289 0.763333
vt 0.255289 0.756669
vt 0.426254 0.129742
vt 0.431952 0.136322
vt 0.422963 0.154371
vt 0.413975 0.136374
vt 0.419673 0.129761
vt 0.419673 0.179001
vt 0.413975 0.172421
vt 0.410685 0.161004
vt 0.410685 0.147810
vt 0.431952 0.172368
vt 0.426253 0.178981
vt 0.435242 0.147738
vt 0.435242 0.160932
vt 0.321537 0.763333
vt 0.314921 0.763333
vt 0.314921 0.756669
vt 0.321537 0.756669
vt 0.281793 0.763333
vt 0.275178 0.763333
vt 0.275178 0.756669
vt 0.281793 0.756669
vt 0.308297 0.763333
vt 0.308297 0.756669
vt 0.268554 0.763333
vt 0.268554 0.756669
vt 0.295033 0.763333
vt 0.288409 0.763333
vt 0.288409 0.756669
vt 0.295033 0.756669
vt 0.261922 0.763333
vt 0.261922 0.756669
vt 0.328152 0.763333
vt 0.328152 0.756669
vt 0.301665 0.763333
vt 0.301665 0.756669
vt 0.334776 0.763333
vt 0.334776 0.756669
vt 0.255289 0.763333
vt 0.255289 0.756669
vt 0.426254 0.129742
vt 0.431952 0.136322
vt 0.422963 0.154371
vt 0.413975 0.136374
vt 0.419673 0.129761
vt 0.419673 0.179001
vt 0.413975 0.172421
vt 0.410685 0.161004
vt 0.410685 0.147810
vt 0.431952 0.172368
vt 0.426253 0.178981
vt 0.435242 0.147738
vt 0.435242 0.160932
vt 0.321537 0.763333
vt 0.314921 0.763333
vt 0.314921 0.756669
vt 0.321537 0.756669
vt 0.281793 0.763333
vt 0.275178 0.763333
vt 0.275178 0.756669
vt 0.281793 0.756669
vt 0.308297 0.763333
vt 0.308297 0.756669
vt 0.268554 0.763333
vt 0.268554 0.756669
vt 0.295033 0.763333
vt 0.288409 0.763333
vt 0.288409 0.756669
vt 0.295033 0.756669
vt 0.261922 0.763333
vt 0.261922 0.756669
vt 0.328152 0.763333
vt 0.328152 0.756669
vt 0.301665 0.763333
vt 0.301665 0.756669
vt 0.334776 0.763333
vt 0.334776 0.756669
vt 0.255289 0.763333
vt 0.255289 0.756669
vt 0.426254 0.129742
vt 0.431952 0.136322
vt 0.422963 0.154371
vt 0.413975 0.136374
vt 0.419673 0.129761
vt 0.419673 0.179001
vt 0.413975 0.172421
vt 0.410685 0.161004
vt 0.410685 0.147810
vt 0.431952 0.172368
vt 0.426253 0.178981
vt 0.435242 0.147738
vt 0.435242 0.160932
vt 0.444318 0.326909
vt 0.442202 0.322665
vt 0.443253 0.317546
vt 0.446873 0.324773
vt 0.437087 0.332894
vt 0.439206 0.337136
vt 0.438143 0.342254
vt 0.434529 0.335011
vt 0.439204 0.322653
vt 0.437087 0.326896
vt 0.434527 0.324777
vt 0.438145 0.317545
vt 0.442201 0.337146
vt 0.444311 0.332899
vt 0.446873 0.335017
vt 0.443260 0.342256
vt 0.495553 0.349434
vt 0.490382 0.349434
vt 0.490382 0.326705
vt 0.495553 0.326705
vt 0.475106 0.349434
vt 0.469935 0.349434
vt 0.469935 0.326705
vt 0.475106 0.326705
vt 0.464883 0.326705
vt 0.464883 0.349434
vt 0.459714 0.349434
vt 0.459714 0.326705
vt 0.454659 0.349434
vt 0.454659 0.326705
vt 0.485330 0.349434
vt 0.485330 0.326705
vt 0.480161 0.349434
vt 0.480161 0.326705
vt 0.402825 0.343648
vt 0.399162 0.336345
vt 0.402081 0.331130
vt 0.405391 0.337821
vt 0.408000 0.343645
vt 0.399162 0.325997
vt 0.407979 0.318654
vt 0.411641 0.325957
vt 0.408722 0.331172
vt 0.405412 0.324481
vt 0.402804 0.318657
vt 0.411641 0.336305
vt 0.383226 0.337648
vt 0.378379 0.337648
vt 0.378379 0.327762
vt 0.383226 0.327762
vt 0.392920 0.337648
vt 0.388074 0.337648
vt 0.388074 0.327762
vt 0.392920 0.327762
vt 0.373531 0.337648
vt 0.373531 0.327762
vt 0.378379 0.319044
vt 0.373531 0.319044
vt 0.150947 0.778634
vt 0.139101 0.778634
vt 0.139101 0.766269
vt 0.150947 0.766269
vt 0.354034 0.066689
vt 0.348722 0.064370
vt 0.348683 0.049494
vt 0.354034 0.047570
vt 0.306000 0.047582
vt 0.311311 0.049901
vt 0.311348 0.064782
vt 0.305997 0.066699
vt 0.350378 0.084367
vt 0.345912 0.078164
vt 0.309653 0.029905
vt 0.314118 0.036103
vt 0.343621 0.097889
vt 0.340684 0.088740
vt 0.316406 0.016382
vt 0.319342 0.025525
vt 0.334788 0.105218
vt 0.333824 0.094521
vt 0.325236 0.009051
vt 0.326199 0.019744
vt 0.325232 0.105218
vt 0.326392 0.094601
vt 0.343620 0.016376
vt 0.340516 0.025297
vt 0.333627 0.019667
vt 0.334789 0.009054
vt 0.316399 0.097899
vt 0.319503 0.088979
vt 0.350374 0.029898
vt 0.345798 0.035762
vt 0.309649 0.084373
vt 0.314226 0.078516
vt 0.320965 0.030181
vt 0.326810 0.025281
vt 0.329965 0.028741
vt 0.319970 0.037129
vt 0.333213 0.088981
vt 0.326893 0.089016
vt 0.330054 0.085518
vt 0.333125 0.025250
vt 0.338985 0.030075
vt 0.339991 0.036999
vt 0.321031 0.084203
vt 0.320026 0.077289
vt 0.343466 0.039003
vt 0.316557 0.075282
vt 0.345910 0.050713
vt 0.344175 0.057037
vt 0.314122 0.063568
vt 0.315862 0.057240
vt 0.345927 0.063368
vt 0.314107 0.050902
vt 0.343520 0.075109
vt 0.340059 0.077131
vt 0.316511 0.039155
vt 0.339062 0.084082
vt 0.127014 0.778634
vt 0.127014 0.766269
vt 0.165659 0.266853
vt 0.165659 0.288669
vt 0.152492 0.277761
vt 0.139325 0.266853
vt 0.147038 0.251426
vt 0.139325 0.288669
vt 0.157946 0.304095
vt 0.147038 0.304095
vt 0.174881 0.778634
vt 0.162794 0.778634
vt 0.162794 0.766269
vt 0.174880 0.766269
vt 0.114928 0.778634
vt 0.114928 0.766269
vt 0.103081 0.778634
vt 0.091235 0.778634
vt 0.091235 0.766269
vt 0.103081 0.766269
vt 0.186967 0.778634
vt 0.186967 0.766269
vt 0.157946 0.251426
vt 0.127014 0.762291
vt 0.114928 0.762291
vt 0.186967 0.762291
vt 0.174881 0.762291
vt 0.162794 0.762291
vt 0.150947 0.762291
vt 0.103081 0.762291
vt 0.091235 0.762291
vt 0.139101 0.762291
vt 0.208627 0.489583
vt 0.196316 0.532108
vt 0.184004 0.489583
vt 0.208587 0.437548
vt 0.184018 0.437548
vt 0.184018 0.395339
vt 0.208587 0.395339
vt 0.159394 0.437548
vt 0.134824 0.437548
vt 0.134824 0.395339
vt 0.159394 0.395339
vt 0.171692 0.532108
vt 0.159380 0.489583
vt 0.196316 0.447058
vt 0.233157 0.437548
vt 0.233157 0.395339
vt 0.257781 0.437548
vt 0.257781 0.395339
vt 0.110254 0.437548
vt 0.110254 0.395339
vt 0.171692 0.447058
vt 0.208627 0.489583
vt 0.196316 0.532108
vt 0.184004 0.489583
vt 0.208587 0.437548
vt 0.184018 0.437548
vt 0.184018 0.395339
vt 0.208587 0.395339
vt 0.159394 0.437548
vt 0.134824 0.437548
vt 0.134824 0.395339
vt 0.159394 0.395339
vt 0.171692 0.532108
vt 0.159380 0.489583
vt 0.196316 0.447058
vt 0.233157 0.437548
vt 0.233157 0.395339
vt 0.257781 0.437548
vt 0.257781 0.395339
vt 0.110254 0.437548
vt 0.110254 0.395339
vt 0.171692 0.447058
vt 0.208627 0.489583
vt 0.196316 0.532108
vt 0.184004 0.489583
vt 0.208587 0.437548
vt 0.184018 0.437548
vt 0.184018 0.395339
vt 0.208587 0.395339
vt 0.159394 0.437548
vt 0.134824 0.437548
vt 0.134824 0.395339
vt 0.159394 0.395339
vt 0.171692 0.532108
vt 0.159380 0.489583
vt 0.196316 0.447058
vt 0.233157 0.437548
vt 0.233157 0.395339
vt 0.257781 0.437548
vt 0.257781 0.395339
vt 0.110254 0.437548
vt 0.110254 0.395339
vt 0.171692 0.447058
vt 0.208627 0.489583
vt 0.196316 0.532108
vt 0.184004 0.489583
vt 0.208587 0.437548
vt 0.184018 0.437548
vt 0.184018 0.395339
vt 0.208587 0.395339
vt 0.159394 0.437548
vt 0.134824 0.437548
vt 0.134824 0.395339
vt 0.159394 0.395339
vt 0.171692 0.532108
vt 0.159380 0.489583
vt 0.196316 0.447058
vt 0.233157 0.437548
vt 0.233157 0.395339
vt 0.257781 0.437548
vt 0.257781 0.395339
vt 0.110254 0.437548
vt 0.110254 0.395339
vt 0.171692 0.447058
vt 0.208627 0.489583
vt 0.196316 0.532108
vt 0.184004 0.489583
vt 0.208587 0.437548
vt 0.184018 0.437548
vt 0.184018 0.395339
vt 0.208587 0.395339
vt 0.159394 0.437548
vt 0.134824 0.437548
vt 0.134824 0.395339
vt 0.159394 0.395339
vt 0.171692 0.532108
vt 0.159380 0.489583
vt 0.196316 0.447058
vt 0.233157 0.437548
vt 0.233157 0.395339
vt 0.257781 0.437548
vt 0.257781 0.395339
vt 0.110254 0.437548
vt 0.110254 0.395339
vt 0.171692 0.447058
vt 0.208627 0.489583
vt 0.196316 0.532108
vt 0.184004 0.489583
vt 0.208587 0.437548
vt 0.184018 0.437548
vt 0.184018 0.395339
vt 0.208587 0.395339
vt 0.159394 0.437548
vt 0.134824 0.437548
vt 0.134824 0.395339
vt 0.159394 0.395339
vt 0.171692 0.532108
vt 0.159380 0.489583
vt 0.196316 0.447058
vt 0.233157 0.437548
vt 0.233157 0.395339
vt 0.257781 0.437548
vt 0.257781 0.395339
vt 0.110254 0.437548
vt 0.110254 0.395339
vt 0.171692 0.447058
vt 0.851395 0.262669
vt 0.860409 0.293895
vt 0.842381 0.293895
vt 0.833367 0.325122
vt 0.824353 0.293895
vt 0.531008 0.464669
vt 0.512979 0.464669
vt 0.512979 0.438319
vt 0.531008 0.438319
vt 0.567065 0.464669
vt 0.549036 0.464669
vt 0.549036 0.438319
vt 0.567065 0.438319
vt 0.833367 0.262669
vt 0.585093 0.464669
vt 0.585093 0.438319
vt 0.851395 0.325122
vt 0.621150 0.464669
vt 0.603122 0.464669
vt 0.603122 0.438319
vt 0.621150 0.438319
vt 0.497616 0.434266
vt 0.407014 0.434266
vt 0.407014 0.425453
vt 0.497616 0.425453
vt 0.497616 0.371991
vt 0.407014 0.371991
vt 0.407014 0.362977
vt 0.497616 0.362977
vt 0.497616 0.380799
vt 0.407014 0.380799
vt 0.497616 0.389809
vt 0.407014 0.389809
vt 0.497616 0.398622
vt 0.407014 0.398622
vt 0.497616 0.407635
vt 0.407014 0.407636
vt 0.497616 0.416443
vt 0.407014 0.416443
vt 0.394258 0.425453
vt 0.394258 0.416443
vt 0.394258 0.434266
vt 0.394258 0.371991
vt 0.394258 0.362977
vt 0.394258 0.380799
vt 0.394258 0.389809
vt 0.394258 0.398622
vt 0.394258 0.407636
vt 0.385638 0.425453
vt 0.385638 0.416443
vt 0.385638 0.434266
vt 0.385638 0.371991
vt 0.385638 0.362977
vt 0.385638 0.380799
vt 0.385638 0.389809
vt 0.385638 0.398622
vt 0.385638 0.407636
vt 0.379077 0.425453
vt 0.379077 0.416443
vt 0.379077 0.434266
vt 0.379077 0.371991
vt 0.379077 0.362977
vt 0.379077 0.380799
vt 0.379077 0.389809
vt 0.379077 0.398622
vt 0.379077 0.407636
vt 0.370543 0.425453
vt 0.370543 0.416443
vt 0.370543 0.434266
vt 0.370543 0.371991
vt 0.370543 0.362977
vt 0.370543 0.380799
vt 0.370543 0.389809
vt 0.370543 0.398622
vt 0.370543 0.407635
vt 0.425943 0.341341
vt 0.421474 0.341311
vt 0.422274 0.337466
vt 0.425173 0.337569
vt 0.418287 0.334988
vt 0.420171 0.333399
vt 0.425905 0.319584
vt 0.429107 0.326017
vt 0.427162 0.327628
vt 0.425144 0.323449
vt 0.418262 0.326054
vt 0.421402 0.319638
vt 0.422242 0.323417
vt 0.420185 0.327542
vt 0.429107 0.335071
vt 0.427213 0.333430
vt 0.468810 0.312307
vt 0.465778 0.312307
vt 0.465778 0.306722
vt 0.468810 0.306722
vt 0.480797 0.312307
vt 0.477766 0.312307
vt 0.477766 0.306722
vt 0.480797 0.306722
vt 0.474802 0.312307
vt 0.474802 0.306722
vt 0.471772 0.312307
vt 0.471772 0.306722
vt 0.486789 0.312307
vt 0.483759 0.312307
vt 0.483759 0.306722
vt 0.486789 0.306722
vt 0.489753 0.312307
vt 0.489753 0.306722
vt 0.619074 0.618482
vt 0.619825 0.633997
vt 0.600073 0.634023
vt 0.599693 0.625421
vt 0.935924 0.744505
vt 0.928445 0.744505
vt 0.928445 0.739570
vt 0.935924 0.739570
vt 0.616972 0.603528
vt 0.598566 0.617085
vt 0.636999 0.561072
vt 0.643186 0.582752
vt 0.640515 0.589355
vt 0.623980 0.598222
vt 0.620001 0.582055
vt 0.629779 0.541916
vt 0.614792 0.567621
vt 0.922090 0.744505
vt 0.922358 0.739570
vt 0.626481 0.615749
vt 0.634169 0.615393
vt 0.632997 0.633987
vt 0.627316 0.633990
vt 0.838970 0.774640
vt 0.830317 0.774640
vt 0.830317 0.769891
vt 0.838970 0.769891
vt 0.632048 0.537955
vt 0.639530 0.557679
vt 0.645791 0.578895
vt 0.641597 0.554880
vt 0.647852 0.575688
vt 0.633901 0.534713
vt 0.818615 0.774640
vt 0.818615 0.769891
vt 0.654992 0.775136
vt 0.659413 0.775136
vt 0.659413 0.780626
vt 0.654992 0.780626
vt 0.636864 0.600346
vt 0.633289 0.247623
vt 0.629337 0.240845
vt 0.636639 0.221615
vt 0.640916 0.227356
vt 0.644677 0.215496
vt 0.642768 0.201204
vt 0.633974 0.218064
vt 0.617037 0.197202
vt 0.620907 0.181458
vt 0.638155 0.190802
vt 0.640189 0.196659
vt 0.626950 0.236739
vt 0.611991 0.211232
vt 0.650572 0.775136
vt 0.650572 0.780626
vt 0.623389 0.164461
vt 0.624241 0.146829
vt 0.630912 0.146825
vt 0.631977 0.165115
vt 0.646151 0.775136
vt 0.646151 0.780626
vt 0.641731 0.775136
vt 0.641731 0.780626
vt 0.974851 0.762032
vt 0.975196 0.765432
vt 0.976337 0.776560
vt 0.973892 0.777406
vt 0.972474 0.763620
vt 0.634586 0.179944
vt 0.581170 0.061127
vt 0.582385 0.047406
vt 0.590883 0.052373
vt 0.588508 0.065218
vt 0.611214 0.190352
vt 0.606849 0.202590
vt 0.614485 0.176709
vt 0.616530 0.162035
vt 0.598756 0.060115
vt 0.595330 0.071761
vt 0.761081 0.775136
vt 0.765501 0.775136
vt 0.765501 0.780626
vt 0.761081 0.780626
vt 0.769922 0.775136
vt 0.769922 0.780626
vt 0.774342 0.775136
vt 0.774342 0.780626
vt 0.778762 0.775136
vt 0.778762 0.780626
vt 0.605771 0.070210
vt 0.601449 0.080493
vt 0.895528 0.775067
vt 0.883826 0.775067
vt 0.883826 0.770317
vt 0.895528 0.770317
vt 0.904181 0.775067
vt 0.904181 0.770317
vt 0.961119 0.752091
vt 0.967474 0.752091
vt 0.967205 0.757026
vt 0.961119 0.757026
vt 0.953640 0.752091
vt 0.953640 0.757026
vt 0.971485 0.753364
vt 0.970561 0.758271
vt 0.944782 0.752091
vt 0.944782 0.757026
vt 0.973836 0.757440
vt 0.617266 0.146838
vt 0.590128 0.025012
vt 0.595558 0.017874
vt 0.582713 0.030229
vt 0.609139 0.577203
vt 0.613616 0.589635
vt 0.596816 0.163767
vt 0.597930 0.155454
vt 0.598307 0.146880
vt 0.914712 0.734564
vt 0.914368 0.731165
vt 0.913227 0.720036
vt 0.915672 0.719191
vt 0.917089 0.732977
vt 0.592531 0.178593
vt 0.594995 0.171559
vt 0.596734 0.609274
vt 0.594262 0.602227
vt 0.983718 0.896628
vt 0.983718 0.957811
vt 0.969333 0.957811
vt 0.969333 0.896628
vt 0.998103 0.896628
vt 0.998103 0.957811
vt 0.942377 0.957811
vt 0.942377 0.896628
vt 0.954971 0.896628
vt 0.954971 0.957811
vt 0.954971 0.892066
vt 0.942377 0.892066
vt 0.942377 0.887580
vt 0.954971 0.887580
vt 0.969333 0.892066
vt 0.969333 0.887580
vt 0.983718 0.892066
vt 0.983718 0.887580
vt 0.998103 0.892066
vt 0.998103 0.887580
vt 0.610966 0.020911
vt 0.609190 0.026241
vt 0.598487 0.013808
vt 0.600760 0.008649
vt 0.634868 0.533018
vt 0.642658 0.553437
vt 0.667309 0.721778
vt 0.654634 0.721778
vt 0.654634 0.713120
vt 0.667309 0.713120
vt 0.679985 0.721778
vt 0.679985 0.713120
vt 0.954971 0.838921
vt 0.942377 0.838921
vt 0.942377 0.826658
vt 0.954971 0.826658
vt 0.969333 0.838921
vt 0.966734 0.838921
vt 0.969333 0.826658
vt 0.983718 0.838921
vt 0.983718 0.826658
vt 0.998103 0.838921
vt 0.998103 0.826658
vt 0.620581 0.035517
vt 0.618527 0.040291
vt 0.573568 0.045699
vt 0.573567 0.032356
vt 0.942377 0.981259
vt 0.954971 0.981259
vt 0.954971 0.985220
vt 0.942377 0.985220
vt 0.969333 0.981259
vt 0.969333 0.985220
vt 0.983718 0.981259
vt 0.983718 0.985220
vt 0.998103 0.981259
vt 0.998103 0.985220
vt 0.942377 0.986715
vt 0.954971 0.986715
vt 0.954971 0.988211
vt 0.942377 0.988211
vt 0.969333 0.986715
vt 0.969333 0.988211
vt 0.983718 0.986715
vt 0.983718 0.988211
vt 0.998103 0.986715
vt 0.998103 0.988211
vt 0.607907 0.004832
vt 0.613837 0.012357
vt 0.954971 0.997407
vt 0.942377 0.997407
vt 0.969333 0.997407
vt 0.983718 0.997407
vt 0.998103 0.997407
vt 0.623970 0.027614
vt 0.942377 0.971451
vt 0.954971 0.971451
vt 0.969333 0.971451
vt 0.983718 0.971451
vt 0.998103 0.971451
vt 0.592331 0.757263
vt 0.584764 0.751984
vt 0.584549 0.736543
vt 0.593327 0.731365
vt 0.597853 0.764506
vt 0.954971 0.961827
vt 0.942377 0.961827
vt 0.969333 0.961827
vt 0.983718 0.961827
vt 0.998103 0.961827
vt 0.625144 0.751022
vt 0.615094 0.766503
vt 0.613685 0.762383
vt 0.623515 0.747330
vt 0.604721 0.779112
vt 0.603108 0.775005
vt 0.601167 0.769816
vt 0.611977 0.757337
vt 0.545055 0.865124
vt 0.557649 0.865124
vt 0.557649 0.883580
vt 0.545055 0.883580
vt 0.530692 0.865124
vt 0.530692 0.883579
vt 0.516308 0.865124
vt 0.516308 0.883579
vt 0.501923 0.865124
vt 0.501923 0.883579
vt 0.969333 0.860723
vt 0.969333 0.843256
vt 0.983718 0.843256
vt 0.983718 0.860723
vt 0.998103 0.843256
vt 0.998103 0.860723
vt 0.621524 0.742808
vt 0.942377 0.860723
vt 0.942377 0.843256
vt 0.954971 0.843256
vt 0.954971 0.860723
vt 0.962339 0.843256
vt 0.998103 0.804750
vt 0.983718 0.804750
vt 0.983718 0.800868
vt 0.998103 0.800868
vt 0.969333 0.804750
vt 0.969333 0.800868
vt 0.954971 0.804750
vt 0.954971 0.800868
vt 0.942377 0.804750
vt 0.942377 0.800868
vt 0.998103 0.799402
vt 0.983718 0.799402
vt 0.983718 0.797936
vt 0.998103 0.797936
vt 0.969333 0.799402
vt 0.969333 0.797936
vt 0.954971 0.799402
vt 0.954971 0.797936
vt 0.942377 0.799402
vt 0.942377 0.797936
vt 0.575369 0.749680
vt 0.575366 0.738223
vt 0.983718 0.788185
vt 0.998103 0.788185
vt 0.969333 0.788185
vt 0.954971 0.788185
vt 0.942377 0.788185
vt 0.998103 0.813526
vt 0.983718 0.813526
vt 0.969333 0.813526
vt 0.954971 0.813526
vt 0.942377 0.813526
vt 0.601398 0.723385
vt 0.608602 0.712927
vt 0.590651 0.717467
vt 0.583146 0.721541
vt 0.579651 0.682802
vt 0.583817 0.680548
vt 0.575360 0.723100
vt 0.575345 0.683561
vt 0.648861 0.721778
vt 0.652657 0.713120
vt 0.648374 0.572256
vt 0.619084 0.649513
vt 0.599701 0.642626
vt 0.603791 0.701655
vt 0.591240 0.671913
vt 0.594282 0.665818
vt 0.609211 0.690852
vt 0.616996 0.664470
vt 0.598581 0.650960
vt 0.637051 0.706726
vt 0.620042 0.685909
vt 0.624002 0.669742
vt 0.640512 0.678510
vt 0.643185 0.685073
vt 0.629879 0.725883
vt 0.614849 0.700345
vt 0.626488 0.652224
vt 0.634166 0.652565
vt 0.632153 0.729824
vt 0.639581 0.710092
vt 0.645787 0.688899
vt 0.641648 0.712869
vt 0.647848 0.692081
vt 0.634020 0.733063
vt 0.633125 0.045587
vt 0.629139 0.052594
vt 0.636862 0.667569
vt 0.640874 0.065999
vt 0.636575 0.071821
vt 0.644677 0.077913
vt 0.642780 0.092291
vt 0.633907 0.075424
vt 0.640194 0.096876
vt 0.638163 0.102771
vt 0.620884 0.112175
vt 0.616992 0.096402
vt 0.626760 0.056764
vt 0.611917 0.082322
vt 0.623380 0.129189
vt 0.631977 0.128522
vt 0.918078 0.753364
vt 0.919002 0.758271
vt 0.915727 0.757440
vt 0.914712 0.762032
vt 0.917089 0.763620
vt 0.915672 0.777406
vt 0.913227 0.776560
vt 0.914368 0.765432
vt 0.634589 0.113663
vt 0.606752 0.091125
vt 0.611158 0.103322
vt 0.614455 0.116960
vt 0.616516 0.131638
vt 0.637311 0.780626
vt 0.637311 0.775136
vt 0.632890 0.780626
vt 0.632890 0.775136
vt 0.628470 0.780626
vt 0.628470 0.775136
vt 0.624049 0.780626
vt 0.624049 0.775136
vt 0.619629 0.780626
vt 0.619629 0.775136
vt 0.806915 0.774640
vt 0.806915 0.769891
vt 0.795213 0.774640
vt 0.795213 0.769891
vt 0.786560 0.774640
vt 0.786560 0.769891
vt 0.928445 0.752091
vt 0.928445 0.757026
vt 0.922358 0.757026
vt 0.922090 0.752092
vt 0.935924 0.752091
vt 0.935924 0.757026
vt 0.613660 0.678379
vt 0.597918 0.138306
vt 0.596792 0.129996
vt 0.589447 0.109120
vt 0.592485 0.115186
vt 0.594958 0.122209
vt 0.596753 0.658769
vt 0.516308 0.896628
vt 0.530692 0.896628
vt 0.530692 0.957811
vt 0.516308 0.957811
vt 0.501923 0.957811
vt 0.501923 0.896628
vt 0.570242 0.957811
vt 0.557649 0.957811
vt 0.557649 0.896628
vt 0.570242 0.896628
vt 0.545055 0.957811
vt 0.545055 0.896628
vt 0.557649 0.892066
vt 0.557649 0.887580
vt 0.570242 0.887580
vt 0.570242 0.892066
vt 0.545055 0.892066
vt 0.545055 0.887580
vt 0.530692 0.892066
vt 0.530692 0.887580
vt 0.516308 0.892066
vt 0.516308 0.887580
vt 0.501923 0.892066
vt 0.501923 0.887580
vt 0.634986 0.734732
vt 0.625996 0.752950
vt 0.642709 0.714300
vt 0.692661 0.721778
vt 0.692661 0.713120
vt 0.705337 0.713120
vt 0.705337 0.721778
vt 0.545055 0.838921
vt 0.545055 0.826658
vt 0.557649 0.826658
vt 0.557649 0.838921
vt 0.530692 0.838921
vt 0.530692 0.826658
vt 0.533294 0.838921
vt 0.516308 0.838921
vt 0.516308 0.826658
vt 0.501923 0.838921
vt 0.501923 0.826658
vt 0.570242 0.826658
vt 0.570242 0.838921
vt 0.557649 0.804750
vt 0.557649 0.800868
vt 0.570242 0.800868
vt 0.570242 0.804750
vt 0.570242 0.981259
vt 0.570242 0.985220
vt 0.557649 0.985220
vt 0.557649 0.981259
vt 0.545055 0.985220
vt 0.545055 0.981259
vt 0.530692 0.985220
vt 0.530692 0.981259
vt 0.516308 0.985220
vt 0.516308 0.981259
vt 0.501923 0.985220
vt 0.501923 0.981259
vt 0.570242 0.986715
vt 0.570242 0.988211
vt 0.557649 0.988211
vt 0.557649 0.986715
vt 0.545055 0.988211
vt 0.545055 0.986715
vt 0.530692 0.988211
vt 0.530692 0.986715
vt 0.516308 0.988211
vt 0.516308 0.986715
vt 0.501923 0.988211
vt 0.501923 0.986715
vt 0.570242 0.997407
vt 0.557649 0.997407
vt 0.545055 0.997407
vt 0.530692 0.997407
vt 0.516308 0.997407
vt 0.501923 0.997407
vt 0.557649 0.971451
vt 0.570242 0.971451
vt 0.545055 0.971451
vt 0.530692 0.971451
vt 0.516308 0.971451
vt 0.501923 0.971451
vt 0.557649 0.961827
vt 0.570242 0.961827
vt 0.545055 0.961827
vt 0.530692 0.961827
vt 0.516308 0.961827
vt 0.501923 0.961827
vt 0.942377 0.865124
vt 0.942377 0.883579
vt 0.929784 0.883579
vt 0.929784 0.865124
vt 0.954971 0.865124
vt 0.954971 0.883579
vt 0.969333 0.865124
vt 0.969333 0.883579
vt 0.983718 0.865124
vt 0.983718 0.883579
vt 0.998103 0.865124
vt 0.998103 0.883579
vt 0.530692 0.860723
vt 0.516308 0.860723
vt 0.516308 0.843256
vt 0.530692 0.843256
vt 0.501923 0.860723
vt 0.501923 0.843256
vt 0.570242 0.860723
vt 0.557649 0.860723
vt 0.557649 0.843256
vt 0.570242 0.843256
vt 0.545055 0.860723
vt 0.545055 0.843256
vt 0.536956 0.843256
vt 0.501923 0.804750
vt 0.501923 0.800868
vt 0.516308 0.800868
vt 0.516308 0.804750
vt 0.530692 0.800868
vt 0.530692 0.804750
vt 0.545055 0.800868
vt 0.545055 0.804750
vt 0.501923 0.799402
vt 0.501923 0.797936
vt 0.516308 0.797936
vt 0.516308 0.799402
vt 0.530692 0.797936
vt 0.530692 0.799402
vt 0.545055 0.797936
vt 0.545055 0.799402
vt 0.557649 0.797936
vt 0.557649 0.799402
vt 0.557649 0.813526
vt 0.570242 0.813526
vt 0.501923 0.788185
vt 0.516308 0.788185
vt 0.530692 0.788185
vt 0.545055 0.788185
vt 0.557649 0.788185
vt 0.516308 0.813526
vt 0.501923 0.813526
vt 0.530692 0.813526
vt 0.545055 0.813526
vt 0.570242 0.799402
vt 0.570242 0.788185
vt 0.570242 0.797936
vt 0.711109 0.721778
vt 0.707313 0.713120
vt 0.648374 0.695499
vt 0.557132 0.268886
vt 0.551702 0.276030
vt 0.556370 0.241523
vt 0.564870 0.246483
vt 0.564547 0.263660
vt 0.532753 0.117176
vt 0.550429 0.130109
vt 0.549318 0.138428
vt 0.530710 0.131856
vt 0.541471 0.691002
vt 0.535871 0.700563
vt 0.530598 0.686164
vt 0.537040 0.678483
vt 0.553908 0.658832
vt 0.556382 0.665881
vt 0.735628 0.896628
vt 0.735628 0.957811
vt 0.721243 0.957811
vt 0.721243 0.896628
vt 0.548948 0.147008
vt 0.529974 0.147057
vt 0.566082 0.232761
vt 0.558743 0.228676
vt 0.526328 0.112428
vt 0.530199 0.096676
vt 0.536024 0.103528
vt 0.535246 0.082641
vt 0.540389 0.091286
vt 0.690355 0.775136
vt 0.694775 0.775136
vt 0.694775 0.780626
vt 0.690355 0.780626
vt 0.699196 0.775136
vt 0.699196 0.780626
vt 0.548495 0.233786
vt 0.551920 0.222136
vt 0.981150 0.708272
vt 0.987506 0.708272
vt 0.987237 0.713207
vt 0.981150 0.713207
vt 0.554702 0.115277
vt 0.552243 0.122311
vt 0.520856 0.726357
vt 0.513600 0.707208
vt 0.507362 0.685506
vt 0.510030 0.678862
vt 0.526612 0.669925
vt 0.513939 0.046233
vt 0.517893 0.053014
vt 0.510588 0.072255
vt 0.506308 0.066512
vt 0.513254 0.075807
vt 0.509072 0.103086
vt 0.507038 0.097226
vt 0.730139 0.775136
vt 0.734559 0.775136
vt 0.734559 0.780626
vt 0.730139 0.780626
vt 0.516739 0.733588
vt 0.509002 0.713439
vt 0.511068 0.710622
vt 0.518589 0.730333
vt 0.681694 0.799402
vt 0.681694 0.797936
vt 0.694287 0.797936
vt 0.694287 0.799402
vt 0.535781 0.766681
vt 0.546150 0.779139
vt 0.544440 0.780180
vt 0.535063 0.768798
vt 0.711109 0.767785
vt 0.705337 0.767785
vt 0.705337 0.759127
vt 0.707313 0.759127
vt 0.973672 0.708272
vt 0.973672 0.713207
vt 0.533654 0.664580
vt 0.531543 0.649596
vt 0.550960 0.642672
vt 0.552080 0.651018
vt 0.530803 0.634039
vt 0.550584 0.634056
vt 0.520281 0.057123
vt 0.738979 0.775136
vt 0.738979 0.780626
vt 0.523847 0.129431
vt 0.522997 0.147068
vt 0.516325 0.147075
vt 0.515257 0.128781
vt 0.502545 0.078379
vt 0.504456 0.092679
vt 0.513684 0.667824
vt 0.516379 0.652701
vt 0.524101 0.652337
vt 0.523267 0.634016
vt 0.935760 0.696552
vt 0.937122 0.690372
vt 0.939034 0.695721
vt 0.934744 0.691960
vt 0.964814 0.701901
vt 0.955956 0.701901
vt 0.955956 0.696966
vt 0.964814 0.696966
vt 0.948477 0.701901
vt 0.948477 0.696966
vt 0.770068 0.766608
vt 0.761415 0.766608
vt 0.761415 0.761858
vt 0.770068 0.761858
vt 0.541477 0.223695
vt 0.545799 0.213407
vt 0.721298 0.775136
vt 0.725718 0.775136
vt 0.725718 0.780626
vt 0.721298 0.780626
vt 0.512644 0.113948
vt 0.934400 0.688561
vt 0.933259 0.677432
vt 0.935704 0.676587
vt 0.994883 0.718213
vt 0.995228 0.721613
vt 0.996369 0.732741
vt 0.993924 0.733586
vt 0.992506 0.719801
vt 0.697435 0.702935
vt 0.685733 0.702935
vt 0.685733 0.698186
vt 0.697435 0.698186
vt 0.694287 0.957811
vt 0.694287 0.896628
vt 0.706881 0.896628
vt 0.706881 0.957811
vt 0.750013 0.896628
vt 0.750013 0.957811
vt 0.706088 0.702935
vt 0.706088 0.698186
vt 0.517554 0.634005
vt 0.502696 0.692620
vt 0.504757 0.689391
vt 0.625968 0.800868
vt 0.625968 0.799402
vt 0.640353 0.799402
vt 0.640353 0.800868
vt 0.654737 0.800868
vt 0.654737 0.799402
vt 0.669111 0.799402
vt 0.669111 0.800868
vt 0.681694 0.804750
vt 0.694287 0.804750
vt 0.694287 0.813526
vt 0.681694 0.813526
vt 0.654737 0.826657
vt 0.654737 0.813526
vt 0.669111 0.813526
vt 0.669106 0.826657
vt 0.625968 0.826657
vt 0.625968 0.813526
vt 0.640352 0.813526
vt 0.640352 0.826657
vt 0.681694 0.788185
vt 0.694287 0.788185
vt 0.681694 0.826657
vt 0.681694 0.800868
vt 0.694287 0.800868
vt 0.685935 0.775136
vt 0.685935 0.780626
vt 0.669111 0.797936
vt 0.669111 0.788185
vt 0.654737 0.797936
vt 0.640353 0.797936
vt 0.640352 0.788185
vt 0.654737 0.788185
vt 0.625968 0.797936
vt 0.625968 0.788185
vt 0.694287 0.826658
vt 0.669100 0.860723
vt 0.654737 0.860723
vt 0.654737 0.843256
vt 0.660716 0.843256
vt 0.669100 0.843256
vt 0.694287 0.860723
vt 0.681694 0.860723
vt 0.681694 0.843256
vt 0.694287 0.843256
vt 0.640352 0.860723
vt 0.640352 0.843256
vt 0.859673 0.865124
vt 0.859673 0.883579
vt 0.845288 0.883579
vt 0.845288 0.865124
vt 0.830926 0.865124
vt 0.830926 0.883579
vt 0.818332 0.883580
vt 0.818332 0.865124
vt 0.640352 0.971451
vt 0.640352 0.961827
vt 0.654737 0.961827
vt 0.654737 0.971451
vt 0.669100 0.971451
vt 0.669100 0.961827
vt 0.681694 0.961827
vt 0.681694 0.971451
vt 0.625968 0.971451
vt 0.625968 0.961827
vt 0.681694 0.985220
vt 0.681694 0.986715
vt 0.669100 0.986715
vt 0.669100 0.985220
vt 0.654737 0.985220
vt 0.654737 0.986715
vt 0.640352 0.986715
vt 0.640352 0.985220
vt 0.805739 0.883580
vt 0.805739 0.865124
vt 0.694287 0.961827
vt 0.694287 0.971451
vt 0.694287 0.985220
vt 0.694287 0.986715
vt 0.625968 0.957811
vt 0.640352 0.957811
vt 0.654737 0.957811
vt 0.669100 0.957811
vt 0.681694 0.957811
vt 0.654737 0.981259
vt 0.640352 0.981259
vt 0.681694 0.981259
vt 0.669100 0.981259
vt 0.694287 0.981259
vt 0.640352 0.988211
vt 0.640352 0.997407
vt 0.625968 0.997407
vt 0.625968 0.988211
vt 0.654737 0.988211
vt 0.654737 0.997407
vt 0.669100 0.988211
vt 0.669100 0.997407
vt 0.681694 0.988211
vt 0.681694 0.997407
vt 0.874058 0.865124
vt 0.874058 0.883579
vt 0.625968 0.860723
vt 0.625968 0.843256
vt 0.625968 0.804750
vt 0.640353 0.804750
vt 0.625968 0.986715
vt 0.625968 0.985220
vt 0.625968 0.981259
vt 0.669111 0.804750
vt 0.654737 0.804750
vt 0.694287 0.988211
vt 0.694287 0.997407
vt 0.942122 0.701901
vt 0.938110 0.700628
vt 0.942390 0.696966
vt 0.749713 0.766608
vt 0.749713 0.761858
vt 0.625968 0.838921
vt 0.640352 0.838921
vt 0.654737 0.838921
vt 0.669100 0.838921
vt 0.657298 0.838921
vt 0.679985 0.767785
vt 0.679985 0.759127
vt 0.692661 0.759127
vt 0.692661 0.767785
vt 0.525705 0.751378
vt 0.524868 0.753307
vt 0.681694 0.838921
vt 0.694287 0.838921
vt 0.640352 0.892066
vt 0.640352 0.887580
vt 0.654737 0.887580
vt 0.654737 0.892066
vt 0.669100 0.887580
vt 0.669100 0.892066
vt 0.681694 0.887580
vt 0.681694 0.892066
vt 0.694287 0.887580
vt 0.694287 0.892066
vt 0.654737 0.896628
vt 0.669100 0.896628
vt 0.625968 0.892066
vt 0.625968 0.887580
vt 0.515773 0.735290
vt 0.681514 0.775136
vt 0.681514 0.780626
vt 0.546880 0.701845
vt 0.542132 0.713086
vt 0.558628 0.065270
vt 0.565969 0.061149
vt 0.569301 0.098363
vt 0.565143 0.100611
vt 0.553115 0.710781
vt 0.549338 0.723501
vt 0.559428 0.671967
vt 0.562957 0.676913
vt 0.640352 0.896628
vt 0.681694 0.896628
vt 0.573571 0.059652
vt 0.573593 0.097592
vt 0.545707 0.080676
vt 0.541304 0.070343
vt 0.551806 0.071863
vt 0.548347 0.060192
vt 0.556236 0.052408
vt 0.668253 0.775136
vt 0.668253 0.780626
vt 0.663833 0.780626
vt 0.663833 0.775136
vt 0.677094 0.780626
vt 0.677094 0.775136
vt 0.529305 0.743112
vt 0.557733 0.109202
vt 0.561246 0.104266
vt 0.538865 0.757508
vt 0.557412 0.731430
vt 0.552954 0.764521
vt 0.549667 0.769841
vt 0.522930 0.027914
vt 0.533141 0.012408
vt 0.536053 0.021010
vt 0.526435 0.035889
vt 0.537855 0.026349
vt 0.548586 0.013771
vt 0.551535 0.017837
vt 0.528521 0.040649
vt 0.527328 0.747652
vt 0.537175 0.762558
vt 0.582836 0.826657
vt 0.582836 0.813526
vt 0.615821 0.768619
vt 0.606439 0.780139
vt 0.648861 0.767785
vt 0.652657 0.759127
vt 0.654634 0.759127
vt 0.654634 0.767785
vt 0.560065 0.717534
vt 0.566869 0.680572
vt 0.571039 0.682812
vt 0.567574 0.721570
vt 0.564746 0.047417
vt 0.564414 0.030220
vt 0.539101 0.004800
vt 0.546293 0.008597
vt 0.558444 0.757273
vt 0.566187 0.736567
vt 0.565985 0.751986
vt 0.970561 0.738325
vt 0.972474 0.732977
vt 0.973836 0.739156
vt 0.974851 0.734564
vt 0.944782 0.744505
vt 0.944782 0.739570
vt 0.953640 0.739570
vt 0.953640 0.744505
vt 0.961118 0.739570
vt 0.961118 0.744505
vt 0.717658 0.766608
vt 0.717658 0.761858
vt 0.726311 0.761858
vt 0.726311 0.766608
vt 0.738013 0.766608
vt 0.738013 0.761858
vt 0.556983 0.024991
vt 0.918078 0.743232
vt 0.915727 0.739157
vt 0.919002 0.738326
vt 0.973891 0.719191
vt 0.976337 0.720036
vt 0.975196 0.731165
vt 0.971485 0.743232
vt 0.625968 0.896628
vt 0.547746 0.775031
vt 0.582836 0.804750
vt 0.611583 0.804750
vt 0.611583 0.813526
vt 0.597198 0.813526
vt 0.597198 0.804750
vt 0.611583 0.826657
vt 0.597198 0.826657
vt 0.611583 0.800868
vt 0.611583 0.799402
vt 0.597198 0.800868
vt 0.582836 0.800868
vt 0.582836 0.799402
vt 0.597198 0.799402
vt 0.672674 0.775136
vt 0.672674 0.780626
vt 0.582836 0.797936
vt 0.597198 0.797936
vt 0.611583 0.797936
vt 0.611583 0.896628
vt 0.611583 0.957811
vt 0.597198 0.957811
vt 0.597198 0.896628
vt 0.888443 0.865124
vt 0.902828 0.865124
vt 0.902828 0.883579
vt 0.888443 0.883579
vt 0.917190 0.865124
vt 0.917190 0.883579
vt 0.597198 0.971451
vt 0.582836 0.971451
vt 0.582836 0.961827
vt 0.597198 0.961827
vt 0.611583 0.971451
vt 0.611583 0.961827
vt 0.582836 0.985220
vt 0.597198 0.985220
vt 0.597198 0.986715
vt 0.582836 0.986715
vt 0.611583 0.985220
vt 0.611583 0.986715
vt 0.582836 0.957811
vt 0.597198 0.981259
vt 0.611583 0.981259
vt 0.582836 0.981259
vt 0.597198 0.988211
vt 0.611583 0.988211
vt 0.611583 0.997407
vt 0.597198 0.997407
vt 0.582836 0.988211
vt 0.582836 0.997407
vt 0.611583 0.838921
vt 0.597198 0.838921
vt 0.594855 0.838921
vt 0.582836 0.838921
vt 0.582836 0.788185
vt 0.597198 0.788185
vt 0.611583 0.788185
vt 0.667309 0.767785
vt 0.667309 0.759127
vt 0.967474 0.744505
vt 0.967205 0.739570
vt 0.611583 0.892066
vt 0.597198 0.892066
vt 0.597198 0.887580
vt 0.611583 0.887580
vt 0.582836 0.892066
vt 0.582836 0.887580
vt 0.582836 0.896628
vt 0.587722 0.676874
vt 0.597587 0.710664
vt 0.585933 0.104195
vt 0.582038 0.100559
vt 0.577881 0.098337
vt 0.597198 0.860723
vt 0.597198 0.843256
vt 0.611583 0.843256
vt 0.611583 0.860723
vt 0.582836 0.843256
vt 0.582836 0.860723
vt 0.590461 0.843256
vt 0.706881 0.892066
vt 0.706881 0.887580
vt 0.721243 0.892066
vt 0.721243 0.887580
vt 0.735628 0.892066
vt 0.735628 0.887580
vt 0.750013 0.892066
vt 0.750013 0.887580
vt 0.536290 0.273004
vt 0.538065 0.267673
vt 0.548773 0.280100
vt 0.546501 0.285262
vt 0.507941 0.714892
vt 0.667309 0.752235
vt 0.654634 0.752235
vt 0.654634 0.743577
vt 0.667309 0.743577
vt 0.679985 0.752235
vt 0.679985 0.743577
vt 0.706881 0.838921
vt 0.706881 0.826658
vt 0.721243 0.838921
vt 0.718427 0.838921
vt 0.721243 0.826658
vt 0.735628 0.838921
vt 0.735628 0.826658
vt 0.750013 0.838921
vt 0.750013 0.826658
vt 0.526670 0.258402
vt 0.528723 0.253625
vt 0.573687 0.248182
vt 0.573691 0.261522
vt 0.706881 0.981259
vt 0.706881 0.985220
vt 0.721243 0.981259
vt 0.721243 0.985220
vt 0.735628 0.981259
vt 0.735628 0.985220
vt 0.750013 0.981259
vt 0.750013 0.985220
vt 0.706881 0.986715
vt 0.706881 0.988211
vt 0.721243 0.986715
vt 0.721243 0.988211
vt 0.735628 0.986715
vt 0.735628 0.988211
vt 0.750013 0.986715
vt 0.750013 0.988211
vt 0.539353 0.289085
vt 0.533420 0.281563
vt 0.706881 0.997407
vt 0.721243 0.997407
vt 0.735628 0.997407
vt 0.750013 0.997407
vt 0.523281 0.266308
vt 0.706881 0.971451
vt 0.721243 0.971451
vt 0.735628 0.971451
vt 0.750013 0.971451
vt 0.558391 0.510922
vt 0.565934 0.516198
vt 0.566143 0.531608
vt 0.557378 0.536759
vt 0.552892 0.503685
vt 0.706881 0.961827
vt 0.721243 0.961827
vt 0.735628 0.961827
vt 0.750013 0.961827
vt 0.525660 0.516956
vt 0.535709 0.501592
vt 0.537107 0.505710
vt 0.527278 0.520652
vt 0.546069 0.489086
vt 0.547671 0.493190
vt 0.549597 0.498374
vt 0.538803 0.510753
vt 0.793145 0.865124
vt 0.793145 0.883580
vt 0.778782 0.865124
vt 0.778782 0.883580
vt 0.764398 0.865124
vt 0.764398 0.883580
vt 0.750013 0.865124
vt 0.750013 0.883580
vt 0.721243 0.860723
vt 0.721243 0.843256
vt 0.735628 0.843256
vt 0.735628 0.860723
vt 0.750013 0.843256
vt 0.750013 0.860723
vt 0.529256 0.525178
vt 0.706881 0.843256
vt 0.706881 0.860723
vt 0.715741 0.843256
vt 0.750013 0.804750
vt 0.735628 0.804750
vt 0.735628 0.800868
vt 0.750013 0.800868
vt 0.721243 0.804750
vt 0.721243 0.800868
vt 0.706881 0.804750
vt 0.706881 0.800868
vt 0.750013 0.799402
vt 0.735628 0.799402
vt 0.735628 0.797936
vt 0.750013 0.797936
vt 0.721243 0.799402
vt 0.721243 0.797936
vt 0.706881 0.799402
vt 0.706881 0.797936
vt 0.575311 0.518499
vt 0.575313 0.529940
vt 0.735628 0.788185
vt 0.750013 0.788185
vt 0.721243 0.788185
vt 0.706881 0.788185
vt 0.750013 0.813526
vt 0.735628 0.813526
vt 0.721243 0.813526
vt 0.706881 0.813526
vt 0.549318 0.544702
vt 0.542135 0.555119
vt 0.560037 0.550637
vt 0.567536 0.546589
vt 0.571009 0.585314
vt 0.566842 0.587553
vt 0.575314 0.545046
vt 0.575315 0.584562
vt 0.648861 0.752235
vt 0.652657 0.743577
vt 0.502179 0.696065
vt 0.531585 0.618487
vt 0.550962 0.625442
vt 0.546877 0.566336
vt 0.559415 0.596152
vt 0.556376 0.602239
vt 0.541491 0.577197
vt 0.533615 0.603491
vt 0.552081 0.617103
vt 0.513675 0.561078
vt 0.530637 0.582031
vt 0.526672 0.598170
vt 0.510146 0.589228
vt 0.507493 0.582646
vt 0.520883 0.542003
vt 0.535838 0.567590
vt 0.524102 0.615695
vt 0.516405 0.615281
vt 0.518620 0.538050
vt 0.511155 0.557690
vt 0.504903 0.578797
vt 0.509099 0.554896
vt 0.502854 0.575598
vt 0.516764 0.534801
vt 0.514122 0.248336
vt 0.518107 0.241325
vt 0.513765 0.600210
vt 0.506367 0.227922
vt 0.510667 0.222096
vt 0.502562 0.216006
vt 0.504459 0.201623
vt 0.513335 0.218491
vt 0.507045 0.197037
vt 0.509076 0.191140
vt 0.526358 0.181727
vt 0.530252 0.197502
vt 0.520486 0.237153
vt 0.535328 0.211583
vt 0.523860 0.164711
vt 0.515261 0.165381
vt 0.991517 0.700628
vt 0.990593 0.695721
vt 0.993868 0.696552
vt 0.994883 0.691960
vt 0.992506 0.690372
vt 0.993923 0.676587
vt 0.996369 0.677432
vt 0.995227 0.688560
vt 0.512650 0.180243
vt 0.540493 0.202776
vt 0.536085 0.190580
vt 0.532788 0.176940
vt 0.530725 0.162259
vt 0.716877 0.780626
vt 0.716877 0.775136
vt 0.712457 0.780626
vt 0.712457 0.775136
vt 0.708037 0.780626
vt 0.708037 0.775136
vt 0.703616 0.780626
vt 0.703616 0.775136
vt 0.674032 0.702935
vt 0.674032 0.698186
vt 0.662331 0.702935
vt 0.662331 0.698186
vt 0.653677 0.702935
vt 0.653677 0.698186
vt 0.981150 0.701901
vt 0.981150 0.696966
vt 0.987237 0.696966
vt 0.987506 0.701901
vt 0.973672 0.701901
vt 0.973672 0.696966
vt 0.537001 0.589618
vt 0.549333 0.155591
vt 0.550456 0.163906
vt 0.557791 0.184773
vt 0.554752 0.178717
vt 0.552283 0.171695
vt 0.553906 0.609286
vt 0.764398 0.896628
vt 0.778782 0.896628
vt 0.778782 0.957811
vt 0.764398 0.957811
vt 0.818332 0.957811
vt 0.805739 0.957811
vt 0.805739 0.896628
vt 0.818332 0.896628
vt 0.793145 0.957811
vt 0.793145 0.896628
vt 0.805739 0.892066
vt 0.805739 0.887580
vt 0.818332 0.887580
vt 0.818332 0.892066
vt 0.793145 0.892066
vt 0.793145 0.887580
vt 0.778782 0.892066
vt 0.778782 0.887580
vt 0.764398 0.892066
vt 0.764398 0.887580
vt 0.515803 0.533125
vt 0.524814 0.515026
vt 0.508042 0.553457
vt 0.692661 0.752235
vt 0.692661 0.743577
vt 0.705337 0.743577
vt 0.705337 0.752235
vt 0.793145 0.838921
vt 0.793145 0.826658
vt 0.805739 0.826658
vt 0.805739 0.838921
vt 0.778782 0.838921
vt 0.778782 0.826658
vt 0.781866 0.838921
vt 0.764398 0.838921
vt 0.764398 0.826658
vt 0.818332 0.826658
vt 0.818332 0.838921
vt 0.805739 0.804750
vt 0.805739 0.800868
vt 0.818332 0.800868
vt 0.818332 0.804750
vt 0.818332 0.981259
vt 0.818332 0.985220
vt 0.805739 0.985220
vt 0.805739 0.981259
vt 0.793145 0.985220
vt 0.793145 0.981259
vt 0.778782 0.985220
vt 0.778782 0.981259
vt 0.764398 0.985220
vt 0.764398 0.981259
vt 0.818332 0.986715
vt 0.818332 0.988211
vt 0.805739 0.988211
vt 0.805739 0.986715
vt 0.793145 0.988211
vt 0.793145 0.986715
vt 0.778782 0.988211
vt 0.778782 0.986715
vt 0.764398 0.988211
vt 0.764398 0.986715
vt 0.818332 0.997407
vt 0.805739 0.997407
vt 0.793145 0.997407
vt 0.778782 0.997407
vt 0.764398 0.997407
vt 0.805739 0.971451
vt 0.818332 0.971451
vt 0.793145 0.971451
vt 0.778782 0.971451
vt 0.764398 0.971451
vt 0.805739 0.961827
vt 0.818332 0.961827
vt 0.793145 0.961827
vt 0.778782 0.961827
vt 0.764398 0.961827
vt 0.694287 0.865125
vt 0.694287 0.883580
vt 0.681694 0.883580
vt 0.681694 0.865125
vt 0.706881 0.865125
vt 0.706881 0.883580
vt 0.721243 0.865125
vt 0.721243 0.883580
vt 0.735628 0.865124
vt 0.735628 0.883580
vt 0.778782 0.860723
vt 0.764398 0.860723
vt 0.764398 0.843256
vt 0.778782 0.843256
vt 0.818332 0.860723
vt 0.805739 0.860723
vt 0.805739 0.843256
vt 0.818332 0.843256
vt 0.793145 0.860723
vt 0.793145 0.843256
vt 0.787237 0.843256
vt 0.764397 0.800868
vt 0.764397 0.804750
vt 0.778782 0.800868
vt 0.778782 0.804750
vt 0.793145 0.800868
vt 0.793145 0.804750
vt 0.764397 0.797936
vt 0.764397 0.799402
vt 0.778782 0.797936
vt 0.778782 0.799402
vt 0.793145 0.797936
vt 0.793145 0.799402
vt 0.805739 0.797936
vt 0.805739 0.799402
vt 0.805739 0.813526
vt 0.818332 0.813526
vt 0.764397 0.788185
vt 0.778782 0.788185
vt 0.793145 0.788185
vt 0.805739 0.788185
vt 0.764397 0.813526
vt 0.778782 0.813526
vt 0.793145 0.813526
vt 0.818332 0.799402
vt 0.818332 0.788185
vt 0.818332 0.797936
vt 0.711109 0.752235
vt 0.707313 0.743577
vt 0.502337 0.572179
vt 0.929784 0.799402
vt 0.929784 0.797936
vt 0.614898 0.501549
vt 0.604536 0.489060
vt 0.606247 0.488024
vt 0.615618 0.499434
vt 0.711109 0.737548
vt 0.705337 0.737548
vt 0.705337 0.728890
vt 0.707313 0.728890
vt 0.874058 0.800868
vt 0.874058 0.799402
vt 0.888443 0.799402
vt 0.888443 0.800868
vt 0.902828 0.800868
vt 0.902828 0.799402
vt 0.917190 0.799402
vt 0.917190 0.800868
vt 0.929784 0.804750
vt 0.929784 0.813526
vt 0.902828 0.826657
vt 0.902828 0.813526
vt 0.917190 0.813526
vt 0.917190 0.826657
vt 0.874058 0.826657
vt 0.874058 0.813526
vt 0.888443 0.813526
vt 0.888443 0.826657
vt 0.929784 0.788185
vt 0.929784 0.826657
vt 0.929784 0.800868
vt 0.917190 0.797936
vt 0.917190 0.788185
vt 0.902828 0.797936
vt 0.888443 0.797936
vt 0.888443 0.788185
vt 0.902828 0.788185
vt 0.874058 0.797936
vt 0.874058 0.788185
vt 0.917190 0.860723
vt 0.902828 0.860723
vt 0.902828 0.843256
vt 0.910966 0.843256
vt 0.917190 0.843256
vt 0.929784 0.860723
vt 0.929784 0.843256
vt 0.888443 0.860723
vt 0.888443 0.843256
vt 0.611583 0.865124
vt 0.611583 0.883580
vt 0.597198 0.883580
vt 0.597198 0.865124
vt 0.582836 0.865124
vt 0.582836 0.883580
vt 0.570242 0.883580
vt 0.570242 0.865124
vt 0.888443 0.971451
vt 0.888443 0.961827
vt 0.902828 0.961827
vt 0.902828 0.971451
vt 0.917190 0.971451
vt 0.917190 0.961827
vt 0.929784 0.961827
vt 0.929784 0.971451
vt 0.874058 0.971451
vt 0.874058 0.961827
vt 0.929784 0.985220
vt 0.929784 0.986715
vt 0.917190 0.986715
vt 0.917190 0.985220
vt 0.902828 0.985220
vt 0.902828 0.986715
vt 0.888443 0.986715
vt 0.888443 0.985220
vt 0.874058 0.957811
vt 0.888443 0.957811
vt 0.902828 0.957811
vt 0.917190 0.957811
vt 0.929784 0.957811
vt 0.902828 0.981259
vt 0.888443 0.981259
vt 0.929784 0.981259
vt 0.917190 0.981259
vt 0.888443 0.988211
vt 0.888443 0.997407
vt 0.874058 0.997407
vt 0.874058 0.988211
vt 0.902828 0.988211
vt 0.902828 0.997407
vt 0.917190 0.988211
vt 0.917190 0.997407
vt 0.929784 0.988211
vt 0.929784 0.997407
vt 0.625968 0.865125
vt 0.625968 0.883580
vt 0.874058 0.860723
vt 0.874058 0.843256
vt 0.874058 0.804750
vt 0.888443 0.804750
vt 0.874058 0.986715
vt 0.874058 0.985220
vt 0.874058 0.981259
vt 0.917190 0.804750
vt 0.902828 0.804750
vt 0.874058 0.838921
vt 0.888443 0.838921
vt 0.902828 0.838921
vt 0.917190 0.838921
vt 0.905473 0.838921
vt 0.679985 0.737548
vt 0.679985 0.728890
vt 0.692661 0.728890
vt 0.692661 0.737548
vt 0.624960 0.516887
vt 0.625798 0.514962
vt 0.929784 0.838921
vt 0.888443 0.892066
vt 0.888443 0.887580
vt 0.902828 0.887580
vt 0.902828 0.892066
vt 0.917190 0.887580
vt 0.917190 0.892066
vt 0.929784 0.887580
vt 0.929784 0.892066
vt 0.902828 0.896628
vt 0.917190 0.896628
vt 0.874058 0.892066
vt 0.874058 0.887580
vt 0.603757 0.566330
vt 0.608521 0.555092
vt 0.588619 0.228604
vt 0.581281 0.232729
vt 0.577948 0.195529
vt 0.582102 0.193282
vt 0.597536 0.557383
vt 0.601319 0.544674
vt 0.591222 0.596140
vt 0.587698 0.591202
vt 0.888443 0.896628
vt 0.929784 0.896628
vt 0.573682 0.234231
vt 0.573661 0.196300
vt 0.601534 0.213197
vt 0.605936 0.223525
vt 0.595437 0.222010
vt 0.598897 0.233675
vt 0.591012 0.241461
vt 0.747820 0.775136
vt 0.747820 0.780626
vt 0.743400 0.780626
vt 0.743400 0.775136
vt 0.756661 0.780626
vt 0.756661 0.775136
vt 0.621353 0.525136
vt 0.589500 0.184674
vt 0.585993 0.189621
vt 0.611806 0.510712
vt 0.593251 0.536739
vt 0.597720 0.503663
vt 0.601012 0.498350
vt 0.624304 0.265931
vt 0.614100 0.281430
vt 0.611189 0.272835
vt 0.620801 0.257962
vt 0.609388 0.267499
vt 0.598664 0.280074
vt 0.595717 0.276012
vt 0.618716 0.253205
vt 0.623333 0.520606
vt 0.613501 0.505668
vt 0.830926 0.826657
vt 0.830926 0.813526
vt 0.534988 0.499478
vt 0.544358 0.488052
vt 0.648861 0.737548
vt 0.652657 0.728890
vt 0.654634 0.728890
vt 0.654634 0.737548
vt 0.590595 0.550625
vt 0.583790 0.587554
vt 0.579621 0.585317
vt 0.583093 0.546583
vt 0.582507 0.246456
vt 0.582842 0.263648
vt 0.608145 0.289036
vt 0.600956 0.285244
vt 0.592227 0.510906
vt 0.584482 0.531599
vt 0.584687 0.516191
vt 0.939034 0.714452
vt 0.937122 0.719801
vt 0.935760 0.713621
vt 0.934744 0.718213
vt 0.964814 0.708272
vt 0.964814 0.713207
vt 0.955956 0.713207
vt 0.955956 0.708272
vt 0.948477 0.713207
vt 0.948477 0.708272
vt 0.851770 0.775067
vt 0.851770 0.770317
vt 0.860424 0.770317
vt 0.860424 0.775067
vt 0.872125 0.775067
vt 0.872125 0.770317
vt 0.590271 0.268867
vt 0.991517 0.709545
vt 0.993868 0.713621
vt 0.990593 0.714452
vt 0.935704 0.733586
vt 0.933259 0.732741
vt 0.934400 0.721613
vt 0.938110 0.709545
vt 0.874058 0.896628
vt 0.602936 0.493165
vt 0.830926 0.804750
vt 0.859673 0.804750
vt 0.859673 0.813526
vt 0.845288 0.813526
vt 0.845288 0.804750
vt 0.859673 0.826657
vt 0.845288 0.826657
vt 0.859673 0.800868
vt 0.859673 0.799402
vt 0.845288 0.800868
vt 0.830926 0.800868
vt 0.830926 0.799402
vt 0.845288 0.799402
vt 0.752240 0.775136
vt 0.752240 0.780626
vt 0.830926 0.797936
vt 0.845288 0.797936
vt 0.859673 0.797936
vt 0.859673 0.896628
vt 0.859673 0.957811
vt 0.845288 0.957811
vt 0.845288 0.896628
vt 0.640352 0.865125
vt 0.654737 0.865125
vt 0.654737 0.883580
vt 0.640352 0.883580
vt 0.669100 0.865125
vt 0.669100 0.883580
vt 0.845288 0.971451
vt 0.830926 0.971451
vt 0.830926 0.961827
vt 0.845288 0.961827
vt 0.859673 0.971451
vt 0.859673 0.961827
vt 0.830926 0.985220
vt 0.845288 0.985220
vt 0.845288 0.986715
vt 0.830926 0.986715
vt 0.859673 0.985220
vt 0.859673 0.986715
vt 0.830926 0.957811
vt 0.845288 0.981259
vt 0.859673 0.981259
vt 0.830926 0.981259
vt 0.845288 0.988211
vt 0.859673 0.988211
vt 0.859673 0.997407
vt 0.845288 0.997407
vt 0.830926 0.988211
vt 0.830926 0.997407
vt 0.859673 0.838921
vt 0.845288 0.838921
vt 0.842336 0.838921
vt 0.830926 0.838921
vt 0.830926 0.788185
vt 0.845288 0.788185
vt 0.859673 0.788185
vt 0.667309 0.737548
vt 0.667309 0.728890
vt 0.942122 0.708272
vt 0.942390 0.713207
vt 0.859673 0.892066
vt 0.845288 0.892066
vt 0.845288 0.887580
vt 0.859673 0.887580
vt 0.830926 0.892066
vt 0.830926 0.887580
vt 0.830926 0.896628
vt 0.562936 0.591206
vt 0.553099 0.557397
vt 0.561311 0.189690
vt 0.565211 0.193324
vt 0.569370 0.195549
vt 0.845288 0.860723
vt 0.845288 0.843256
vt 0.859673 0.843256
vt 0.859673 0.860723
vt 0.830926 0.843256
vt 0.830926 0.860723
vt 0.839162 0.843256
vt 0.548776 0.383340
vt 0.546173 0.374357
vt 0.547679 0.372931
vt 0.549796 0.378592
vt 0.552139 0.391315
vt 0.552248 0.382130
vt 0.556165 0.397977
vt 0.557995 0.392689
vt 0.546341 0.386798
vt 0.544736 0.389035
vt 0.541720 0.378607
vt 0.543468 0.376945
vt 0.550023 0.395564
vt 0.548626 0.398345
vt 0.839121 0.462728
vt 0.837852 0.457651
vt 0.841498 0.452674
vt 0.842979 0.460612
vt 0.839536 0.468699
vt 0.849437 0.482214
vt 0.849821 0.492635
vt 0.844121 0.486433
vt 0.843917 0.482919
vt 0.570283 0.125227
vt 0.576456 0.125404
vt 0.576040 0.128477
vt 0.570735 0.128433
vt 0.830976 0.431044
vt 0.835181 0.434315
vt 0.830614 0.440957
vt 0.829160 0.439947
vt 0.986826 0.065346
vt 0.986463 0.075381
vt 0.981053 0.081029
vt 0.983156 0.065346
vt 0.984377 0.084871
vt 0.580556 0.133814
vt 0.578436 0.137893
vt 0.575216 0.134223
vt 0.554451 0.402933
vt 0.553312 0.406224
vt 0.992149 0.086313
vt 0.990808 0.092303
vt 0.559468 0.381763
vt 0.560958 0.384131
vt 0.577798 0.115526
vt 0.585284 0.124481
vt 0.581727 0.131484
vt 0.544333 0.364621
vt 0.546810 0.366034
vt 0.543391 0.354378
vt 0.547000 0.360035
vt 0.543363 0.343931
vt 0.546570 0.344453
vt 0.541461 0.366259
vt 0.539577 0.367332
vt 0.540401 0.354983
vt 0.538435 0.355383
vt 0.836184 0.453878
vt 0.838265 0.447723
vt 0.833647 0.451224
vt 0.827732 0.438593
vt 0.826858 0.427534
vt 0.977143 0.098868
vt 0.975307 0.092507
vt 0.981308 0.093223
vt 0.571549 0.134368
vt 0.538363 0.343119
vt 0.540358 0.343444
vt 0.988883 0.097618
vt 0.551760 0.345305
vt 0.551730 0.349115
vt 0.584669 0.141971
vt 0.589465 0.139403
vt 0.589465 0.156242
vt 0.584736 0.153788
vt 0.546003 0.323797
vt 0.548592 0.314785
vt 0.549964 0.316681
vt 0.548572 0.323187
vt 0.544232 0.333619
vt 0.548266 0.329209
vt 0.543285 0.321309
vt 0.541512 0.319649
vt 0.544519 0.309198
vt 0.546115 0.311394
vt 0.541332 0.332081
vt 0.539428 0.331053
vt 0.819273 0.439852
vt 0.816723 0.440043
vt 0.816204 0.431045
vt 0.820116 0.432644
vt 0.821852 0.441474
vt 0.583172 0.142787
vt 0.798991 0.436858
vt 0.803432 0.430555
vt 0.803765 0.443974
vt 0.802320 0.446271
vt 0.972616 0.103260
vt 0.967462 0.096722
vt 0.967464 0.104403
vt 0.583165 0.152987
vt 0.580486 0.151602
vt 0.580361 0.144248
vt 0.970735 0.118580
vt 0.967471 0.119259
vt 0.552041 0.341537
vt 0.581874 0.164105
vt 0.585372 0.170939
vt 0.578120 0.179425
vt 0.576813 0.170050
vt 0.551889 0.306717
vt 0.552518 0.311720
vt 0.555858 0.299950
vt 0.555214 0.309045
vt 0.560373 0.294664
vt 0.561755 0.300488
vt 0.549740 0.302559
vt 0.548331 0.299830
vt 0.554096 0.295067
vt 0.552938 0.291860
vt 0.813743 0.441112
vt 0.812115 0.433483
vt 0.810831 0.444477
vt 0.798419 0.461970
vt 0.792926 0.460275
vt 0.794526 0.443061
vt 0.800717 0.448299
vt 0.957784 0.098897
vt 0.959617 0.092537
vt 0.962313 0.103276
vt 0.566718 0.144237
vt 0.566875 0.151565
vt 0.564119 0.153401
vt 0.563890 0.143130
vt 0.558218 0.285583
vt 0.559078 0.289207
vt 0.964206 0.118590
vt 0.563986 0.309919
vt 0.562319 0.311778
vt 0.570419 0.289161
vt 0.575632 0.289168
vt 0.575496 0.292496
vt 0.571956 0.293304
vt 0.565279 0.291002
vt 0.569210 0.295782
vt 0.570144 0.283202
vt 0.569980 0.279292
vt 0.576025 0.279312
vt 0.575866 0.283178
vt 0.564494 0.285202
vt 0.563986 0.281381
vt 0.795995 0.466065
vt 0.794609 0.471638
vt 0.790173 0.467207
vt 0.783998 0.498641
vt 0.783717 0.488262
vt 0.789347 0.494539
vt 0.789521 0.498159
vt 0.580785 0.161984
vt 0.953619 0.093255
vt 0.953874 0.081062
vt 0.950549 0.084903
vt 0.786388 0.296232
vt 0.784149 0.288474
vt 0.792506 0.283995
vt 0.946043 0.097650
vt 0.944118 0.092334
vt 0.565762 0.308522
vt 0.562644 0.154326
vt 0.557928 0.157291
vt 0.557459 0.140324
vt 0.562295 0.142424
vt 0.580765 0.290874
vt 0.578898 0.294465
vt 0.585686 0.294375
vt 0.581423 0.297814
vt 0.590232 0.299551
vt 0.588402 0.304850
vt 0.581500 0.285070
vt 0.581981 0.281266
vt 0.586921 0.288883
vt 0.587732 0.285274
vt 0.793310 0.476888
vt 0.789247 0.475697
vt 0.793183 0.483001
vt 0.576382 0.166939
vt 0.794746 0.300710
vt 0.790267 0.300710
vt 0.793848 0.512124
vt 0.790375 0.520628
vt 0.784196 0.509064
vt 0.789500 0.501697
vt 0.948101 0.065378
vt 0.951772 0.065379
vt 0.948464 0.075414
vt 0.575645 0.161604
vt 0.578687 0.157925
vt 0.593087 0.291283
vt 0.591947 0.294583
vt 0.942778 0.086344
vt 0.585443 0.313413
vt 0.583804 0.311466
vt 0.570925 0.170178
vt 0.569720 0.179667
vt 0.562392 0.171474
vt 0.565753 0.164383
vt 0.568792 0.157961
vt 0.566875 0.162028
vt 0.597638 0.314215
vt 0.600244 0.323229
vt 0.598732 0.324655
vt 0.596613 0.318973
vt 0.594268 0.306221
vt 0.594158 0.315424
vt 0.600080 0.310749
vt 0.601689 0.308506
vt 0.604714 0.318970
vt 0.602960 0.320636
vt 0.596387 0.301962
vt 0.597787 0.299172
vt 0.794286 0.518539
vt 0.795538 0.523636
vt 0.791882 0.528563
vt 0.811462 0.540021
vt 0.813179 0.548945
vt 0.806371 0.553890
vt 0.805560 0.542781
vt 0.571305 0.167218
vt 0.802268 0.550262
vt 0.798089 0.546888
vt 0.802689 0.540352
vt 0.804138 0.541394
vt 0.948465 0.055343
vt 0.953876 0.049690
vt 0.950549 0.045849
vt 0.942774 0.044415
vt 0.944114 0.038423
vt 0.586933 0.315789
vt 0.572060 0.161492
vt 0.602082 0.333005
vt 0.599597 0.331577
vt 0.603009 0.343297
vt 0.599400 0.337597
vt 0.603022 0.353760
vt 0.599813 0.353214
vt 0.604968 0.331372
vt 0.606865 0.330300
vt 0.606007 0.342718
vt 0.608003 0.342347
vt 0.797174 0.527292
vt 0.795094 0.533449
vt 0.799703 0.530006
vt 0.957779 0.031838
vt 0.959616 0.038195
vt 0.953616 0.037490
vt 0.608003 0.354631
vt 0.606031 0.354275
vt 0.946038 0.033104
vt 0.594617 0.352336
vt 0.594650 0.348521
vt 0.600353 0.373840
vt 0.597740 0.382834
vt 0.596373 0.380933
vt 0.597796 0.374417
vt 0.602135 0.364052
vt 0.598102 0.368438
vt 0.603061 0.376348
vt 0.604829 0.378021
vt 0.601797 0.388443
vt 0.600208 0.386235
vt 0.605028 0.365604
vt 0.606926 0.366641
vt 0.814033 0.541698
vt 0.816658 0.541472
vt 0.817161 0.550594
vt 0.830012 0.551034
vt 0.821292 0.548116
vt 0.822580 0.537050
vt 0.829675 0.537558
vt 0.962307 0.027447
vt 0.967462 0.033991
vt 0.967460 0.026307
vt 0.964192 0.012125
vt 0.967457 0.011447
vt 0.594331 0.356104
vt 0.568441 0.137922
vt 0.566265 0.133961
vt 0.594434 0.390842
vt 0.593819 0.385822
vt 0.590461 0.397588
vt 0.591108 0.388506
vt 0.585953 0.402851
vt 0.584579 0.397041
vt 0.596572 0.395015
vt 0.597973 0.397749
vt 0.592214 0.402467
vt 0.593366 0.405672
vt 0.819654 0.540430
vt 0.832735 0.533218
vt 0.838950 0.538486
vt 0.834466 0.544704
vt 0.831125 0.535253
vt 0.977142 0.031821
vt 0.975308 0.038181
vt 0.972613 0.027438
vt 0.784149 0.279516
vt 0.786388 0.271759
vt 0.588095 0.411912
vt 0.587241 0.408295
vt 0.970722 0.012119
vt 0.582359 0.387638
vt 0.584022 0.385790
vt 0.565114 0.131809
vt 0.561388 0.124889
vt 0.798625 0.296232
vt 0.575924 0.408321
vt 0.570735 0.408334
vt 0.570871 0.405014
vt 0.574380 0.404181
vt 0.581057 0.406489
vt 0.577137 0.401706
vt 0.576202 0.414266
vt 0.576368 0.418162
vt 0.570347 0.418166
vt 0.570502 0.414310
vt 0.581838 0.412275
vt 0.582343 0.416085
vt 0.837479 0.515378
vt 0.838861 0.509773
vt 0.843361 0.514225
vt 0.840569 0.521211
vt 0.835042 0.519491
vt 0.794746 0.267280
vt 0.798625 0.271759
vt 0.844303 0.505618
vt 0.840278 0.497890
vt 0.981308 0.037467
vt 0.981051 0.049664
vt 0.984377 0.045821
vt 0.988884 0.033074
vt 0.990808 0.038390
vt 0.580587 0.389032
vt 0.568898 0.115487
vt 0.800864 0.279516
vt 0.800864 0.288474
vt 0.565602 0.406648
vt 0.567452 0.403068
vt 0.560699 0.403154
vt 0.564951 0.399737
vt 0.564874 0.412438
vt 0.564395 0.416236
vt 0.559464 0.408632
vt 0.558654 0.412233
vt 0.840149 0.504476
vt 0.849149 0.471847
vt 0.843903 0.479288
vt 0.986462 0.055311
vt 0.992149 0.044380
vt 0.562592 0.386088
vt 0.790267 0.267280
vn 0.622109 0.743411 -0.245604
vn 0.125097 0.991579 -0.033499
vn 0.793668 0.575677 -0.196692
vn 0.076200 0.743396 0.664497
vn 0.196692 0.575677 0.793668
vn 0.036100 0.989802 0.137800
vn -0.416008 0.743414 -0.523710
vn -0.071901 0.989811 -0.122901
vn -0.431899 0.503799 -0.748098
vn -0.664497 0.743396 0.076200
vn -0.142401 0.989809 0.000800
vn -0.817509 0.575707 -0.015500
vn 0.715701 0.575701 -0.395400
vn 0.122901 0.989811 -0.071901
vn 0.245604 0.743411 0.622109
vn -0.519585 0.678280 -0.519585
vn -0.101301 0.989807 -0.100101
vn -0.793668 0.575677 0.196692
vn -0.137400 0.989802 0.037600
vn 0.537399 0.743398 -0.398199
vn 0.431899 0.503799 0.748098
vn 0.064798 0.991571 0.112197
vn -0.584212 0.676613 -0.448209
vn -0.622109 0.743411 0.245604
vn 0.610810 0.503808 -0.610810
vn 0.112897 0.987172 -0.112897
vn 0.347817 0.820740 0.453222
vn -0.715701 0.575701 -0.395400
vn -0.123800 0.989800 -0.070500
vn -0.748098 0.503799 0.431899
vn -0.122901 0.989811 0.071901
vn 0.398220 0.743438 -0.537327
vn 0.567181 0.575681 0.588980
vn 0.112897 0.987172 0.112897
vn -0.527824 0.820738 -0.218610
vn -0.523710 0.743414 0.416008
vn 0.395400 0.575701 -0.715701
vn 0.071901 0.989811 -0.122901
vn 0.523710 0.743414 0.416008
vn -0.785678 0.575684 -0.226494
vn -0.137800 0.989802 -0.036100
vn -0.567181 0.575681 0.588980
vn -0.112994 0.987150 0.112994
vn 0.218610 0.820738 -0.527824
vn 0.748098 0.503799 0.431899
vn 0.122901 0.989811 0.071901
vn -0.661587 0.743385 -0.098398
vn -0.347817 0.820740 0.453222
vn 0.226494 0.575684 -0.785678
vn 0.033499 0.991579 -0.125097
vn 0.527824 0.820738 0.218610
vn -0.431899 0.503799 0.748098
vn -0.064798 0.991571 0.112197
vn 0.098405 0.743434 -0.661530
vn 0.785678 0.575684 0.226494
vn 0.137400 0.989802 0.037600
vn -0.245604 0.743411 0.622109
vn 0.015500 0.575707 -0.817509
vn -0.000800 0.989809 -0.142401
vn 0.730028 0.676626 0.096104
vn -0.196692 0.575677 0.793668
vn -0.036100 0.989802 0.137800
vn -0.096104 0.676626 -0.730028
vn 0.734792 0.678293 -0.000000
vn 0.142401 0.989809 0.000800
vn -0.076200 0.743396 0.664497
vn -0.226494 0.575684 -0.785678
vn -0.037600 0.989802 -0.137400
vn 0.664497 0.743396 -0.076200
vn -0.000000 0.678293 0.734792
vn 0.000000 0.987166 0.159695
vn -0.218610 0.820738 -0.527824
vn -0.957098 0.078600 0.278900
vn 0.793838 0.078604 -0.603029
vn -0.985312 0.078601 0.151602
vn 0.711486 0.092498 0.696586
vn 0.000000 0.000000 1.000000
vn -0.125300 0.078600 0.989000
vn -0.130506 -0.000000 0.991447
vn -0.253297 0.078599 0.964190
vn -0.376990 0.078598 0.922876
vn -0.994053 0.000000 0.108895
vn -0.997571 0.069298 0.007000
vn -1.000000 0.000000 0.000000
vn -0.856390 0.065999 0.512094
vn -0.801237 0.004700 0.598328
vn -0.787932 0.078603 0.610725
vn 0.134905 0.078603 -0.987736
vn 0.004800 0.078600 -0.996895
vn 0.391284 0.003400 -0.920263
vn 0.494270 0.078595 -0.865748
vn 0.518725 0.000000 -0.854941
vn -0.915715 0.088301 -0.392006
vn -0.852306 0.078601 -0.517104
vn 0.795706 0.069301 0.601705
vn 0.996914 0.078501 0.000000
vn 0.987176 0.065898 0.145397
vn 0.915813 0.092501 -0.390806
vn 0.957098 0.078600 -0.278900
vn 0.865748 0.078595 -0.494270
vn 0.927419 0.003400 -0.374008
vn 0.866019 0.000000 -0.500011
vn 0.612908 0.069301 -0.787110
vn 0.619099 -0.004700 -0.785299
vn 0.382690 -0.000000 0.923877
vn 0.278900 0.078600 0.957098
vn 0.258808 0.000000 0.965929
vn -0.866019 0.000000 -0.500011
vn -0.927419 -0.003400 -0.374008
vn -0.961673 0.078598 -0.262693
vn -0.489490 0.862083 0.131197
vn -0.316310 0.932430 0.174706
vn -0.426405 0.861810 0.274703
vn 0.188108 0.924040 0.332814
vn 0.340801 0.861802 0.375701
vn 0.253392 0.862074 0.438887
vn 0.260303 0.932411 0.250703
vn 0.426405 0.861810 0.274703
vn -0.415008 0.909818 -0.000000
vn -0.296596 0.951688 0.079499
vn 0.361308 0.932422 -0.006800
vn 0.495717 0.861830 -0.107304
vn 0.506612 0.861820 0.024701
vn 0.000900 0.997069 0.076498
vn -0.095900 0.941904 0.321901
vn -0.017100 0.997816 0.063801
vn -0.042001 0.998234 0.042001
vn -0.028800 0.998098 0.054500
vn 0.081298 0.943279 0.321893
vn 0.000000 0.909818 0.415008
vn -0.054500 0.998098 0.028800
vn 0.153500 0.951701 -0.265900
vn 0.029700 0.998991 -0.033700
vn 0.033100 0.997808 -0.057300
vn -0.058300 0.998093 -0.020300
vn 0.272812 0.924040 -0.267812
vn 0.051100 0.998094 -0.034600
vn 0.020300 0.998093 0.058300
vn -0.029600 0.998997 -0.033600
vn 0.608763 0.000000 0.793352
vn 0.512094 0.065999 0.856390
vn 0.500011 0.000000 0.866019
vn 0.964465 0.092497 0.247491
vn -0.596984 0.088298 0.797379
vn 0.401493 0.078599 0.912483
vn -0.704930 0.078403 -0.704930
vn -0.589517 0.078602 -0.803923
vn 0.615709 0.088301 0.783011
vn -0.370302 0.088300 -0.924705
vn 0.380708 0.102302 -0.919019
vn 0.713672 0.003400 0.700472
vn -0.787589 0.003400 -0.616191
vn -0.697789 -0.004700 -0.716288
vn -0.391284 -0.003400 -0.920263
vn -0.485594 0.065999 -0.871689
vn -0.701511 0.078601 0.708311
vn 0.130506 0.000000 -0.991447
vn -0.237006 0.078602 -0.968323
vn 0.697789 0.004700 -0.716288
vn 0.716282 0.065998 -0.694683
vn -0.608763 -0.000000 0.793352
vn -0.713672 -0.003400 0.700472
vn 0.921032 0.078403 0.381513
vn -0.994053 0.000000 -0.108895
vn -0.987736 0.078603 -0.134905
vn -0.258808 -0.000000 0.965929
vn -0.382690 0.000000 0.923877
vn -0.870658 -0.003400 0.491876
vn -0.912483 0.078599 0.401493
vn -0.928783 0.004700 0.370593
vn -0.500011 -0.000000 0.866019
vn -0.000000 0.933911 -0.357504
vn -0.131197 0.862083 -0.489490
vn -0.000000 0.862073 -0.506784
vn -0.451107 0.861814 -0.231904
vn -0.347211 0.932429 -0.100103
vn -0.495717 0.861830 -0.107304
vn 0.253392 0.862074 -0.438887
vn 0.316310 0.932430 0.174706
vn 0.483004 0.861808 0.154901
vn 0.131197 0.862083 0.489490
vn 0.000000 0.862073 0.506784
vn 0.107304 0.861830 -0.495717
vn 0.115205 0.917942 -0.379618
vn 0.438887 0.862074 -0.253392
vn 0.289895 0.943283 -0.161797
vn -0.289606 0.917919 0.271206
vn -0.340801 0.861802 0.375701
vn 0.058300 0.998095 -0.020200
vn -0.076498 0.997069 -0.000900
vn -0.018899 0.997064 -0.074197
vn 0.000000 0.999654 -0.026299
vn 0.061599 0.998091 -0.004400
vn 0.055599 0.998091 0.026900
vn 0.046700 0.998092 0.040400
vn 0.018899 0.997072 -0.074098
vn 0.350803 0.932408 0.086901
vn 0.060600 0.998095 0.011600
vn 0.034600 0.998094 0.051100
vn -0.051100 0.998094 -0.034600
vn 0.262693 0.078598 -0.961673
vn 0.985312 0.078601 -0.151602
vn 0.011700 0.088302 0.996025
vn 0.151602 0.078601 0.985312
vn 0.130506 0.000000 0.991447
vn -0.619099 0.004700 -0.785299
vn -0.971336 -0.000000 -0.237709
vn 0.968292 0.003400 0.249798
vn 0.994053 -0.000000 0.108895
vn 0.000000 0.000000 -1.000000
vn -0.115095 0.065997 -0.991160
vn 0.994053 0.000000 -0.108895
vn 1.000000 0.000000 -0.000000
vn -0.258808 -0.000000 -0.965929
vn -0.968292 -0.003400 0.249798
vn 0.258808 0.000000 -0.965929
vn 0.971336 -0.000000 -0.237709
vn 0.347211 0.932429 -0.100103
vn -0.274703 0.861810 -0.426405
vn -0.250703 0.932411 -0.260303
vn -0.375615 0.861835 -0.340814
vn -0.159797 0.941885 -0.295495
vn -0.193492 0.932362 0.305388
vn -0.485594 0.065999 0.871689
vn -0.130506 -0.000000 -0.991447
vn -0.518798 -0.000000 -0.854897
vn 0.870658 0.003400 0.491876
vn 0.928783 -0.004700 0.370593
vn 0.787589 -0.003400 -0.616191
vn 0.801237 -0.004700 0.598328
vn -0.309503 0.932410 -0.186602
vn -0.231904 0.861814 0.451107
vn -0.107304 0.861830 0.495717
vn -0.033100 0.997808 -0.057300
vn -0.790876 0.078798 -0.606882
vn -0.622109 -0.743411 -0.245604
vn -0.125097 -0.991579 -0.033499
vn -0.793668 -0.575677 -0.196692
vn -0.076200 -0.743396 0.664497
vn -0.196692 -0.575677 0.793668
vn -0.036100 -0.989802 0.137800
vn 0.416008 -0.743414 -0.523710
vn 0.071901 -0.989811 -0.122901
vn 0.431899 -0.503799 -0.748098
vn 0.664497 -0.743396 0.076200
vn 0.142401 -0.989809 0.000800
vn 0.817509 -0.575707 -0.015500
vn -0.715701 -0.575701 -0.395400
vn -0.122901 -0.989811 -0.071901
vn -0.245604 -0.743411 0.622109
vn 0.519585 -0.678280 -0.519585
vn 0.101301 -0.989807 -0.100101
vn 0.793668 -0.575677 0.196692
vn 0.137400 -0.989802 0.037600
vn -0.537327 -0.743438 -0.398220
vn -0.431899 -0.503799 0.748098
vn -0.064798 -0.991571 0.112197
vn 0.584212 -0.676613 -0.448209
vn 0.622109 -0.743411 0.245604
vn -0.610710 -0.503808 -0.610910
vn -0.112897 -0.987172 -0.112897
vn -0.347817 -0.820740 0.453222
vn 0.715701 -0.575701 -0.395400
vn 0.123800 -0.989800 -0.070500
vn 0.748098 -0.503799 0.431899
vn 0.122901 -0.989811 0.071901
vn -0.398220 -0.743438 -0.537327
vn -0.567181 -0.575681 0.588980
vn -0.112897 -0.987172 0.112897
vn 0.527824 -0.820738 -0.218610
vn 0.523710 -0.743414 0.416008
vn -0.395400 -0.575701 -0.715701
vn -0.071901 -0.989811 -0.122901
vn -0.523710 -0.743414 0.416008
vn 0.785678 -0.575684 -0.226494
vn 0.137800 -0.989802 -0.036100
vn 0.567181 -0.575681 0.588980
vn 0.112897 -0.987172 0.112897
vn -0.218610 -0.820738 -0.527824
vn -0.748098 -0.503799 0.431899
vn -0.122901 -0.989811 0.071901
vn 0.661587 -0.743385 -0.098398
vn 0.347817 -0.820740 0.453222
vn -0.226494 -0.575684 -0.785678
vn -0.033499 -0.991579 -0.125097
vn -0.527824 -0.820738 0.218610
vn 0.432012 -0.503814 0.748022
vn 0.064798 -0.991571 0.112197
vn -0.098398 -0.743385 -0.661587
vn -0.785678 -0.575684 0.226494
vn -0.137400 -0.989802 0.037600
vn 0.245604 -0.743411 0.622109
vn -0.015500 -0.575707 -0.817509
vn 0.000800 -0.989809 -0.142401
vn -0.730028 -0.676626 0.096104
vn 0.196692 -0.575677 0.793668
vn 0.036100 -0.989802 0.137800
vn 0.096104 -0.676626 -0.730028
vn -0.734792 -0.678293 0.000000
vn -0.142401 -0.989809 0.000800
vn 0.076200 -0.743396 0.664497
vn 0.226494 -0.575684 -0.785678
vn 0.037700 -0.989798 -0.137400
vn -0.664497 -0.743396 -0.076200
vn -0.000000 -0.678293 0.734792
vn -0.000000 -0.987166 0.159695
vn 0.218610 -0.820738 -0.527824
vn 0.957098 -0.078600 0.278900
vn -0.793838 -0.078604 -0.603029
vn 0.985312 -0.078601 0.151602
vn -0.711486 -0.092498 0.696586
vn 0.125300 -0.078600 0.989000
vn 0.253297 -0.078599 0.964190
vn 0.376990 -0.078598 0.922876
vn 0.997571 -0.069298 0.007000
vn 0.856390 -0.065999 0.512094
vn 0.787932 -0.078603 0.610725
vn -0.134905 -0.078603 -0.987736
vn -0.004800 -0.078600 -0.996895
vn -0.494270 -0.078595 -0.865748
vn 0.915715 -0.088301 -0.392006
vn 0.852306 -0.078601 -0.517104
vn -0.795706 -0.069301 0.601705
vn -0.996914 -0.078501 0.000000
vn -0.987170 -0.065998 0.145396
vn -0.915813 -0.092501 -0.390806
vn -0.957098 -0.078600 -0.278900
vn -0.865748 -0.078595 -0.494270
vn -0.612908 -0.069301 -0.787110
vn -0.278900 -0.078600 0.957098
vn 0.961673 -0.078598 -0.262693
vn 0.489490 -0.862083 0.131197
vn 0.316310 -0.932430 0.174706
vn 0.426417 -0.861834 0.274611
vn -0.188108 -0.924040 0.332814
vn -0.340801 -0.861802 0.375701
vn -0.253392 -0.862074 0.438887
vn -0.260303 -0.932411 0.250703
vn -0.426405 -0.861810 0.274703
vn 0.415008 -0.909818 -0.000000
vn 0.296596 -0.951688 0.079499
vn -0.361308 -0.932422 -0.006800
vn -0.495717 -0.861830 -0.107304
vn -0.506612 -0.861820 0.024701
vn -0.000900 -0.997069 0.076498
vn 0.095900 -0.941904 0.321901
vn 0.017100 -0.997816 0.063801
vn 0.042001 -0.998234 0.042001
vn 0.028800 -0.998098 0.054500
vn -0.081298 -0.943279 0.321893
vn -0.000000 -0.909818 0.415008
vn 0.054500 -0.998098 0.028800
vn -0.153500 -0.951701 -0.265900
vn -0.029700 -0.998991 -0.033700
vn -0.033001 -0.997817 -0.057201
vn 0.058300 -0.998095 -0.020200
vn -0.272812 -0.924040 -0.267812
vn -0.051100 -0.998094 -0.034600
vn -0.020300 -0.998093 0.058300
vn 0.029600 -0.998997 -0.033600
vn -0.512094 -0.065999 0.856390
vn -0.964465 -0.092497 0.247491
vn 0.596984 -0.088298 0.797379
vn -0.401493 -0.078599 0.912483
vn 0.704925 -0.078503 -0.704925
vn 0.589517 -0.078602 -0.803923
vn -0.615709 -0.088301 0.783011
vn 0.370302 -0.088300 -0.924705
vn -0.380708 -0.102302 -0.919019
vn 0.485594 -0.065999 -0.871689
vn 0.701511 -0.078601 0.708311
vn 0.237006 -0.078602 -0.968323
vn -0.716282 -0.065998 -0.694683
vn -0.921032 -0.078403 0.381513
vn 0.987736 -0.078603 -0.134905
vn 0.912483 -0.078599 0.401493
vn -0.000000 -0.933911 -0.357504
vn 0.131197 -0.862083 -0.489490
vn -0.000000 -0.862073 -0.506784
vn 0.451107 -0.861814 -0.231904
vn 0.347211 -0.932429 -0.100103
vn 0.495717 -0.861830 -0.107304
vn -0.253392 -0.862074 -0.438887
vn -0.316310 -0.932430 0.174706
vn -0.482997 -0.861794 0.154999
vn -0.131197 -0.862083 0.489490
vn 0.000000 -0.862073 0.506784
vn -0.107304 -0.861830 -0.495717
vn -0.115205 -0.917942 -0.379618
vn -0.438887 -0.862074 -0.253392
vn -0.289895 -0.943283 -0.161797
vn 0.289606 -0.917919 0.271206
vn 0.340801 -0.861802 0.375701
vn -0.058300 -0.998093 -0.020300
vn 0.076498 -0.997069 -0.000900
vn 0.018899 -0.997072 -0.074098
vn 0.000000 -0.999657 -0.026199
vn -0.061599 -0.998091 -0.004500
vn -0.055500 -0.998096 0.026900
vn -0.046700 -0.998092 0.040400
vn -0.018899 -0.997072 -0.074098
vn -0.350803 -0.932408 0.086901
vn -0.060600 -0.998095 0.011600
vn -0.034700 -0.998091 0.051100
vn 0.051100 -0.998094 -0.034600
vn -0.262693 -0.078598 -0.961673
vn -0.985312 -0.078601 -0.151602
vn -0.011700 -0.088302 0.996025
vn -0.151602 -0.078601 0.985312
vn 0.115095 -0.065997 -0.991160
vn -0.347211 -0.932429 -0.100103
vn 0.274703 -0.861810 -0.426405
vn 0.250703 -0.932411 -0.260303
vn 0.375701 -0.861802 -0.340801
vn 0.159895 -0.941870 -0.295491
vn 0.193492 -0.932362 0.305388
vn 0.485594 -0.065999 0.871689
vn 0.309503 -0.932410 -0.186602
vn 0.231904 -0.861814 0.451107
vn 0.107304 -0.861830 0.495717
vn 0.033001 -0.997817 -0.057201
vn 0.790876 -0.078798 -0.606882
vn 0.863344 0.078804 0.498425
vn -0.506784 0.862073 0.000000
vn -0.063901 0.997810 0.017100
vn -0.095495 0.929448 -0.356380
vn 0.358305 0.862111 -0.358305
vn -0.863344 -0.078804 0.498425
vn 0.506784 -0.862073 0.000000
vn 0.063801 -0.997816 0.017100
vn 0.095495 -0.929448 -0.356380
vn -0.358305 -0.862111 -0.358305
vn 0.349598 0.880594 -0.319898
vn 0.003900 0.999990 0.002300
vn 0.321403 0.900309 -0.293503
vn -0.003900 0.999990 0.002300
vn -0.349598 0.880594 -0.319898
vn -0.321403 0.900309 -0.293503
vn -0.451880 0.880560 -0.142894
vn -0.000000 0.999990 -0.004500
vn -0.414900 0.900300 -0.131600
vn -0.102200 0.880603 0.462702
vn -0.093500 0.900303 0.425102
vn -0.395699 0.857197 -0.329599
vn -0.370903 0.877608 -0.303703
vn 0.451880 0.880560 -0.142894
vn 0.414900 0.900300 -0.131600
vn -0.499001 0.061700 0.864402
vn -0.290511 0.028901 0.956435
vn -0.390312 0.123004 0.912429
vn -0.496091 0.123898 0.859385
vn -0.929496 0.302099 0.211599
vn -0.961727 0.274008 -0.000000
vn -0.975681 0.219196 -0.000000
vn -0.969119 0.217604 0.116002
vn 0.370903 0.877608 -0.303703
vn 0.395699 0.857197 -0.329599
vn -0.683078 0.028799 0.729777
vn -0.594980 0.122996 0.794274
vn 0.451880 0.880560 0.142894
vn -0.000000 0.999990 0.004500
vn 0.414900 0.900300 0.131600
vn -0.349686 0.880564 0.319887
vn -0.321403 0.900309 0.293503
vn -0.370903 0.877608 0.303703
vn -0.395686 0.857169 0.329688
vn -0.102200 0.880603 -0.462702
vn 0.003900 0.999990 -0.002300
vn -0.093496 0.900265 -0.425184
vn -0.451880 0.880560 0.142894
vn -0.414900 0.900300 0.131600
vn -0.003900 0.999990 -0.002300
vn 0.349598 0.880594 0.319898
vn 0.321394 0.900282 0.293594
vn 0.499076 0.061697 -0.864359
vn 0.290511 0.028901 -0.956435
vn 0.390312 0.123004 -0.912429
vn 0.496091 0.123898 -0.859385
vn 0.102200 0.880603 -0.462702
vn 0.093496 0.900265 -0.425184
vn -0.929496 0.302099 -0.211599
vn -0.969098 0.217700 -0.116000
vn 0.683078 0.028799 -0.729777
vn 0.595027 0.123006 -0.794237
vn 0.961727 0.274008 -0.000000
vn 0.929496 0.302099 0.211599
vn 0.969119 0.217604 0.116002
vn 0.975702 0.219101 0.000000
vn -0.077500 0.877595 -0.473097
vn -0.087599 0.857191 -0.507494
vn 0.102200 0.880603 0.462702
vn 0.093496 0.900265 0.425184
vn -0.998095 0.061700 -0.000000
vn -0.973537 0.028801 0.226709
vn -0.985341 0.123005 0.118205
vn -0.992295 0.123899 -0.000000
vn -0.229900 0.888201 0.397800
vn -0.118703 0.888223 0.443812
vn 0.215205 0.826919 -0.519512
vn -0.435712 0.490614 0.754621
vn -0.225500 0.490601 0.841701
vn 0.480885 0.273991 0.832874
vn 0.648029 0.302114 0.699132
vn 0.616171 0.490577 0.616171
vn 0.435679 0.490577 0.754664
vn -0.817374 0.330490 0.471885
vn -0.754664 0.490577 0.435679
vn -0.841701 0.490601 0.225500
vn -0.000000 0.330413 -0.943837
vn -0.281399 0.302099 -0.910797
vn -0.225500 0.490601 -0.841701
vn -0.000000 0.490594 -0.871389
vn 0.817374 0.330490 0.471885
vn 0.754621 0.490614 0.435712
vn -0.648029 0.302114 0.699132
vn -0.616171 0.490577 0.616171
vn -0.480885 0.273991 -0.832874
vn -0.435679 0.490577 -0.754664
vn 0.841701 0.490601 0.225500
vn 0.929496 0.302099 -0.211599
vn 0.841701 0.490601 -0.225500
vn 0.871389 0.490594 -0.000000
vn -0.480885 0.273991 0.832874
vn -0.648029 0.302114 -0.699132
vn -0.616171 0.490577 -0.616171
vn 0.817374 0.330490 -0.471885
vn 0.754621 0.490614 -0.435712
vn -0.281399 0.302099 0.910797
vn -0.817374 0.330490 -0.471885
vn -0.754664 0.490577 -0.435679
vn 0.648029 0.302114 -0.699132
vn 0.616171 0.490577 -0.616171
vn -0.000000 0.330502 0.943805
vn -0.000000 0.490594 0.871389
vn -0.841701 0.490601 -0.225500
vn 0.480885 0.273991 -0.832874
vn 0.435679 0.490577 -0.754664
vn 0.281399 0.302099 0.910797
vn 0.225500 0.490601 0.841701
vn -0.871389 0.490594 -0.000000
vn 0.281399 0.302099 -0.910797
vn 0.225500 0.490601 -0.841701
vn -0.324602 0.888407 -0.324602
vn -0.397800 0.888201 -0.229900
vn 0.519512 0.826919 0.215205
vn 0.388105 0.835912 0.388105
vn 0.397800 0.888201 -0.229900
vn 0.324602 0.888407 -0.324602
vn -0.388105 0.835912 0.388105
vn -0.519512 0.826919 0.215205
vn -0.000000 0.888388 0.459094
vn -0.000000 0.835892 -0.548895
vn -0.443812 0.888223 -0.118703
vn 0.229900 0.888201 -0.397800
vn -0.215205 0.826919 0.519512
vn 0.118703 0.888223 0.443812
vn -0.215205 0.826919 -0.519512
vn -0.459094 0.888388 0.000000
vn 0.548895 0.835892 0.000000
vn 0.118703 0.888223 -0.443812
vn 0.229900 0.888201 0.397800
vn -0.443812 0.888223 0.118703
vn 0.519512 0.826919 -0.215205
vn -0.000000 0.888388 -0.459094
vn 0.000000 0.835892 0.548895
vn 0.324602 0.888407 0.324602
vn -0.388105 0.835912 -0.388105
vn -0.397800 0.888201 0.229900
vn -0.118703 0.888223 -0.443812
vn 0.215205 0.826919 0.519512
vn 0.397800 0.888201 0.229900
vn -0.519512 0.826919 -0.215205
vn -0.324602 0.888407 0.324602
vn 0.388105 0.835912 -0.388105
vn -0.229900 0.888201 -0.397800
vn 0.443812 0.888223 0.118703
vn 0.459094 0.888388 0.000000
vn 0.443812 0.888223 -0.118703
vn -0.548895 0.835892 0.000000
vn 0.973074 0.230494 0.000000
vn 0.899409 0.228702 0.372504
vn 0.688068 0.230489 0.688068
vn 0.372598 0.228599 0.899396
vn -0.372504 0.228702 0.899409
vn -0.688068 0.230489 0.688068
vn -0.899429 0.228607 0.372512
vn -0.973074 0.230494 0.000000
vn -0.899429 0.228607 -0.372512
vn -0.688068 0.230489 -0.688068
vn 0.372504 0.228702 -0.899409
vn -0.000000 0.230494 -0.973074
vn 0.000000 0.230494 0.973074
vn -0.372504 0.228702 -0.899409
vn 0.899409 0.228702 -0.372504
vn 0.688068 0.230489 -0.688068
vn -0.025600 0.998686 0.044399
vn -0.087599 0.857191 0.507494
vn 0.051199 0.998688 0.000000
vn -0.077500 0.877595 0.473097
vn 0.483295 0.857192 0.177898
vn 0.448493 0.877587 0.169397
vn 0.483295 0.857192 -0.177898
vn -0.025600 0.998686 -0.044399
vn 0.448413 0.877626 -0.169405
vn -0.483295 0.857192 0.177898
vn 0.025600 0.998686 0.044399
vn -0.448493 0.877587 0.169397
vn -0.051199 0.998688 0.000000
vn 0.087599 0.857191 0.507494
vn 0.077599 0.877588 0.473094
vn 0.395699 0.857197 0.329599
vn 0.025600 0.998686 -0.044399
vn 0.370903 0.877608 0.303703
vn 0.087599 0.857191 -0.507494
vn 0.077500 0.877595 -0.473097
vn -0.483295 0.857192 -0.177898
vn -0.448413 0.877626 -0.169405
vn 0.969119 0.217604 -0.116002
vn -0.290512 0.028801 -0.956438
vn -0.499001 0.061700 -0.864402
vn -0.496091 0.123898 -0.859385
vn -0.390312 0.123004 -0.912429
vn -0.585064 0.217587 0.781253
vn -0.487892 0.218996 0.844986
vn -0.683078 0.028799 -0.729777
vn -0.594980 0.122996 -0.794274
vn 0.290512 0.028801 0.956438
vn 0.499076 0.061697 0.864359
vn 0.496173 0.123793 0.859353
vn 0.390312 0.123004 0.912429
vn -0.384094 0.217597 0.897287
vn 0.683078 0.028799 0.729777
vn 0.594988 0.122897 0.794283
vn 0.585077 0.217492 -0.781270
vn 0.487881 0.219092 -0.844968
vn 0.384094 0.217597 -0.897287
vn -0.973537 0.028801 -0.226709
vn -0.985341 0.123005 -0.118205
vn 0.384094 0.217597 0.897287
vn 0.487892 0.218996 0.844986
vn 0.973537 0.028801 0.226709
vn 0.998095 0.061700 -0.000000
vn 0.992295 0.123899 -0.000000
vn 0.985341 0.123005 0.118205
vn 0.585077 0.217492 0.781270
vn -0.384094 0.217597 -0.897287
vn -0.487881 0.219092 -0.844968
vn 0.973537 0.028801 -0.226709
vn 0.985341 0.123005 -0.118205
vn -0.585064 0.217587 -0.781253
vn 0.000000 1.000000 0.000000
vn 0.500011 0.000000 -0.866019
vn -0.866019 0.000000 0.500011
vn -0.965929 0.000000 0.258808
vn -0.965929 0.000000 -0.258808
vn 0.707107 0.000000 0.707107
vn 0.707107 0.000000 -0.707107
vn -0.707107 0.000000 -0.707107
vn 0.965929 0.000000 -0.258808
vn -0.500011 0.000000 -0.866019
vn 0.965929 0.000000 0.258808
vn -0.707107 0.000000 0.707107
vn 0.866019 0.000000 0.500011
vn 0.499001 0.000000 0.866601
vn -0.866087 0.000000 -0.499893
vn -0.499001 0.000000 -0.866601
vn -0.001100 0.000000 0.999999
vn 0.001200 0.000000 -0.999999
vn -0.865504 0.000000 0.500902
vn -0.999999 0.000000 0.001200
vn 0.999999 0.000000 -0.001200
vn 0.865461 0.000000 -0.500977
vn 0.999999 0.000000 0.001100
vn -0.999999 0.000000 -0.001200
vn 0.865461 0.000000 0.500977
vn -0.865504 0.000000 -0.500902
vn 0.001100 0.000000 0.999999
vn -0.499001 0.000000 0.866601
vn 0.499001 0.000000 -0.866601
vn -0.001200 0.000000 -0.999999
vn 0.500977 0.000000 -0.865461
vn -0.500977 0.000000 0.865461
vn 0.866601 0.000000 -0.499001
vn -0.866601 0.000000 0.499001
vn 0.866601 0.000000 0.499001
vn 0.500977 0.000000 0.865461
vn -0.500977 0.000000 -0.865461
vn -0.866601 0.000000 -0.499001
vn 0.866087 0.000000 0.499893
vn 0.001100 0.000000 -0.999999
vn -0.001200 0.000000 0.999999
vn 0.865504 0.000000 -0.500902
vn -0.865461 0.000000 0.500977
vn -0.999999 0.000000 -0.001100
vn 0.866044 0.000000 -0.499968
vn 0.999999 0.000000 0.001200
vn -0.865461 0.000000 -0.500977
vn 0.865504 0.000000 0.500902
vn -0.001100 0.000000 -0.999999
vn 0.001200 0.000000 0.999999
vn -0.148093 -0.929754 0.337083
vn 0.000000 -0.917727 0.397212
vn -0.147995 -0.929768 0.337088
vn 0.148196 -0.987874 0.046299
vn 0.000000 -0.999906 -0.013700
vn 0.147995 -0.929768 0.337088
vn 0.209395 -0.958877 0.191595
vn 0.209391 -0.958859 0.191692
vn -0.148196 -0.987874 0.046299
vn -0.209395 -0.958877 0.191595
vn -0.209411 -0.958850 0.191710
vn 0.000100 0.211898 0.977292
vn -0.709078 0.149595 0.689079
vn -0.705236 0.150408 0.692835
vn -0.000000 0.211898 0.977292
vn 0.000100 -0.211898 -0.977292
vn 0.705088 -0.150397 -0.692988
vn 0.708980 -0.149596 -0.689180
vn -0.000000 -0.211898 -0.977292
vn 0.999992 0.000600 0.003900
vn 0.999992 -0.001100 -0.003800
vn 0.709072 0.149194 0.689172
vn 0.705119 0.150104 0.693019
vn -0.999992 -0.000600 -0.003900
vn -0.999992 0.001100 0.003800
vn -0.705119 -0.150104 -0.693019
vn -0.709120 -0.149204 -0.689120
vn 0.222409 0.974940 0.005200
vn 0.295990 0.940069 -0.169294
vn 0.239893 0.927471 -0.286791
vn 0.099400 0.993998 0.045700
vn -0.018400 0.994521 0.102902
vn 0.196293 0.892868 -0.405285
vn -0.222301 0.898003 -0.379701
vn -0.296012 0.932837 -0.205408
vn -0.239907 0.966427 -0.092003
vn -0.099396 0.899964 -0.424483
vn 0.018400 0.878495 -0.477397
vn -0.195908 0.980142 0.030701
vn -0.387796 -0.229598 -0.892692
vn -0.914979 0.093198 0.392591
vn -0.758313 0.628211 0.174103
vn -0.376982 -0.230589 -0.897058
vn 0.923515 0.100702 0.370106
vn 0.932230 -0.082603 -0.352311
vn 0.915006 -0.093301 -0.392503
vn -0.382394 0.224997 0.896187
vn -0.266715 0.829547 0.490628
vn 0.000000 0.980565 -0.196193
vn 0.827234 0.100904 -0.552723
vn 0.194096 0.100898 -0.975780
vn 0.181998 0.360096 -0.914990
vn 0.775693 0.360097 -0.518295
vn 0.000000 0.353183 0.935554
vn -0.358013 0.353213 0.864331
vn 0.000000 0.353183 -0.935554
vn 0.358013 0.353213 -0.864331
vn 0.382690 0.000000 -0.923877
vn 0.358013 0.353213 0.864331
vn -0.382690 0.000000 -0.923877
vn -0.358013 0.353213 -0.864331
vn 0.661528 0.353215 0.661528
vn -0.661528 0.353215 -0.661528
vn 0.923877 0.000000 0.382690
vn 0.864331 0.353213 0.358013
vn -0.923877 0.000000 -0.382690
vn -0.864331 0.353213 -0.358013
vn 0.935554 0.353183 0.000000
vn -0.923877 0.000000 0.382690
vn -0.864331 0.353213 0.358013
vn -0.935554 0.353183 0.000000
vn 0.923877 0.000000 -0.382690
vn 0.864331 0.353213 -0.358013
vn -0.661528 0.353215 0.661528
vn 0.661528 0.353215 -0.661528
vn -0.385610 0.845221 -0.370009
vn -0.489407 0.845212 -0.214703
vn -0.291294 0.954880 -0.057899
vn -0.164998 0.954891 -0.246898
vn 0.489407 0.845212 0.214703
vn 0.534311 0.845217 -0.011000
vn 0.291294 0.954880 0.057899
vn -0.534311 0.845217 0.011000
vn -0.497895 0.845192 0.194298
vn -0.246898 0.954891 0.164998
vn 0.497895 0.845192 -0.194298
vn 0.246898 0.954891 -0.164998
vn -0.370009 0.845221 0.385610
vn 0.370009 0.845221 -0.385610
vn -0.214703 0.845212 0.489407
vn -0.057899 0.954880 0.291294
vn 0.214703 0.845212 -0.489407
vn 0.057899 0.954880 -0.291294
vn 0.011000 0.845217 0.534311
vn -0.011000 0.845217 -0.534311
vn 0.194298 0.845192 0.497895
vn 0.164998 0.954891 0.246898
vn -0.194298 0.845192 -0.497895
vn 0.385610 0.845221 0.370009
vn -0.552792 0.100899 -0.827188
vn -0.518295 0.360097 -0.775693
vn 0.099100 0.861497 -0.497998
vn -0.282110 0.861530 -0.422115
vn 0.282110 0.861530 0.422115
vn 0.497998 0.861497 0.099100
vn -0.099100 0.861497 0.497998
vn -0.497998 0.861497 -0.099100
vn -0.422115 0.861530 0.282110
vn 0.552792 0.100899 0.827188
vn 0.975780 0.100898 0.194096
vn 0.914990 0.360096 0.181998
vn 0.518295 0.360097 0.775693
vn -0.975780 0.100898 -0.194096
vn -0.914990 0.360096 -0.181998
vn -0.827234 0.100904 0.552723
vn -0.194096 0.100898 0.975780
vn -0.181998 0.360096 0.914990
vn -0.775693 0.360097 0.518295
vn 0.422197 0.861493 -0.282098
vn -0.865727 0.000000 0.500516
vn -0.000600 0.000000 1.000000
vn 0.000600 0.000000 -1.000000
vn 0.865727 0.000000 -0.500516
vn 0.000600 0.000000 1.000000
vn 0.865727 0.000000 0.500516
vn -0.865727 0.000000 -0.500516
vn -0.000600 0.000000 -1.000000
vn 0.866379 0.000000 0.499388
vn 0.866379 0.000000 -0.499388
vn -0.866379 0.000000 0.499388
vn -0.866379 0.000000 -0.499388
vn -0.865684 0.000000 -0.500591
vn -0.615629 0.000000 -0.788037
vn -0.990265 0.000000 0.139195
vn 0.990265 0.000000 -0.139195
vn 0.374595 0.000000 -0.927188
vn 0.615629 0.000000 0.788037
vn -0.374595 0.000000 0.927188
vn 0.000100 0.200806 0.979631
vn 0.000100 0.298685 0.954352
vn 0.717726 0.209307 0.664124
vn 0.706896 0.142099 0.692896
vn -0.707005 0.142001 0.692805
vn -0.717822 0.209306 0.664020
vn -0.999999 -0.000300 -0.001200
vn -0.999650 -0.009200 -0.024801
vn -0.705706 -0.142601 -0.694006
vn -0.691902 -0.224801 -0.686102
vn 0.000100 -0.201402 -0.979509
vn 0.000100 -0.311814 -0.950143
vn 0.705696 -0.142699 -0.693996
vn 0.691902 -0.224801 -0.686102
vn 0.999999 -0.000300 -0.001200
vn 0.999648 -0.009200 -0.024901
vn 0.742080 0.417789 0.524186
vn 0.998080 -0.038899 -0.048199
vn 0.000100 0.622118 0.782923
vn -0.742194 0.417697 0.524096
vn -0.998084 -0.038799 -0.048199
vn -0.679266 -0.460577 -0.571372
vn 0.000100 -0.627897 -0.778296
vn 0.679213 -0.460609 -0.571411
vn 0.728440 0.615634 0.300616
vn 0.998996 -0.038900 -0.022200
vn 0.000100 0.898490 0.438995
vn -0.728532 0.615527 0.300613
vn -0.998996 -0.038900 -0.022200
vn -0.684382 -0.653483 -0.323391
vn 0.000100 -0.897308 -0.441404
vn 0.684329 -0.653527 -0.323414
vn 0.725011 0.682511 0.092401
vn 0.999449 -0.032802 -0.005000
vn 0.000100 0.991063 0.133395
vn -0.725108 0.682408 0.092401
vn -0.999449 -0.032802 -0.005000
vn -0.691671 -0.715270 -0.099896
vn 0.000100 -0.990363 -0.138495
vn 0.691619 -0.715320 -0.099903
vn 0.705301 0.708901 -0.003200
vn 1.000000 0.000000 -0.000900
vn 0.000100 0.999985 -0.005500
vn -0.705401 0.708801 -0.003200
vn -1.000000 0.000000 -0.000900
vn -0.705502 -0.708702 -0.002800
vn 0.000100 -0.999988 -0.004800
vn 0.705402 -0.708802 -0.002900
vn 0.520802 0.837103 -0.167401
vn 0.368295 0.764889 -0.528492
vn 0.368323 0.764847 -0.528533
vn 0.520793 0.837089 -0.167498
vn 0.000000 0.734984 -0.678085
vn -0.368196 0.909390 0.193498
vn 0.000000 0.939299 0.343100
vn -0.368295 0.909286 0.193797
vn -0.367998 0.765097 -0.528398
vn -0.520802 0.837103 -0.167401
vn -0.520793 0.837089 -0.167498
vn -0.368104 0.765109 -0.528306
vn 0.368182 0.909355 0.193690
vn 0.368222 0.909355 0.193612
vn -0.703882 0.157296 0.692682
vn 0.000100 0.221491 0.975162
vn -0.710210 0.155902 0.686510
vn 0.710221 -0.155805 -0.686521
vn 0.000100 -0.222010 -0.975044
vn 0.000000 -0.221703 -0.975114
vn 0.703688 -0.157697 -0.692788
vn -0.710173 -0.155794 -0.686573
vn -0.703794 -0.157199 -0.692794
vn -0.999981 0.001300 0.006100
vn -0.999979 -0.001500 -0.006300
vn 0.703771 0.157394 0.692772
vn 0.999981 0.001300 0.006100
vn 0.999979 -0.001500 -0.006300
vn 0.710101 0.156000 0.686601
vn -0.001900 0.999940 0.010800
vn 0.000000 0.999941 0.010900
vn -0.000000 1.000000 0.000300
vn -0.000100 1.000000 0.000300
vn 0.967887 -0.097999 -0.231497
vn 0.885020 -0.090302 -0.456711
vn -0.003700 0.999940 0.010300
vn -0.106898 0.978280 0.177596
vn -0.094998 0.978080 0.185296
vn -0.082604 0.984343 0.155707
vn -0.091799 0.978687 0.183698
vn -0.113100 0.975597 0.188199
vn -0.132696 0.978467 0.158095
vn -0.140700 0.975798 0.167400
vn 0.784515 -0.095502 -0.612712
vn 0.784467 -0.095496 -0.612774
vn -0.078401 0.978512 0.190702
vn -0.071802 0.988034 0.136505
vn -0.000000 0.996483 0.083799
vn -0.000000 0.935049 0.354519
vn 0.011400 -0.999906 0.007600
vn 0.007300 -0.999958 0.005500
vn -0.552273 0.511675 0.658167
vn -0.428088 0.516385 0.741679
vn -0.358507 0.519811 0.775416
vn -0.491717 0.205207 0.846229
vn -0.412685 0.210292 0.886267
vn -0.629797 0.199899 0.750597
vn 0.001600 -0.999997 0.001700
vn -0.984816 0.000000 -0.173603
vn -0.076704 0.987047 0.140907
vn 0.642809 -0.004800 -0.766011
vn 0.629585 -0.200995 -0.750482
vn 0.496693 -0.221497 -0.839188
vn 0.515482 -0.014899 -0.856771
vn 0.433215 -0.028801 -0.900830
vn 0.415083 -0.245390 -0.876065
vn 0.108705 -0.977344 -0.181608
vn 0.111204 -0.976235 -0.186007
vn 0.089799 -0.979394 -0.180899
vn 0.081198 -0.984573 -0.154996
vn 0.096296 -0.976955 -0.190491
vn 0.134997 -0.977679 -0.160997
vn 0.138298 -0.976584 -0.164797
vn -0.939700 0.000000 -0.342000
vn 0.075702 -0.979930 -0.184406
vn 0.000000 -0.946705 -0.322102
vn 0.000000 -0.996524 -0.083302
vn 0.069401 -0.988521 -0.134203
vn -0.766020 0.000000 -0.642817
vn 0.680395 -0.611696 0.403597
vn 0.624231 -0.679833 0.384919
vn 0.724312 -0.537509 0.431807
vn 0.074903 -0.987441 -0.139106
vn -0.008500 -0.999952 -0.004800
vn -0.184406 -0.979930 -0.075702
vn -0.180899 -0.979394 -0.089799
vn -0.008600 -0.999958 -0.003200
vn 0.004900 -0.999958 -0.007700
vn 0.005800 -0.999959 -0.007000
vn 0.005600 -0.999955 -0.007700
vn 0.004800 -0.999952 -0.008500
vn -0.186007 -0.976235 -0.111204
vn -0.007900 -0.999959 -0.004500
vn 0.642817 0.000000 -0.766020
vn 0.342000 0.000000 -0.939700
vn 0.173603 0.000000 -0.984816
vn -0.164698 -0.976586 -0.138398
vn -0.007000 -0.999959 -0.005800
vn -0.005500 -0.999958 0.007300
vn -0.001700 -0.999997 0.001600
vn -0.007600 -0.999906 0.011400
vn 0.456711 -0.090302 0.885020
vn 0.612712 -0.095502 0.784515
vn 0.612774 -0.095496 0.784467
vn 0.231497 -0.097999 0.967887
vn 0.732930 -0.101904 0.672628
vn 0.765502 -0.119700 0.632202
vn 0.000000 -0.097197 0.995265
vn 0.860790 -0.116299 0.495494
vn 0.000000 -0.999958 -0.009200
vn -0.139106 -0.987441 -0.074903
vn -0.154996 -0.984573 -0.081198
vn -0.134203 -0.988521 -0.069401
vn -0.007200 0.999940 0.008200
vn -0.005500 0.999940 0.009500
vn -0.000300 -1.000000 0.000900
vn -0.000000 -1.000000 0.001000
vn -0.000000 -0.999999 0.001100
vn 0.403597 -0.611696 -0.680395
vn 0.384893 -0.679887 -0.624188
vn 0.431807 -0.537509 -0.724312
vn -0.000600 -1.000000 0.000800
vn -0.000500 -0.999999 0.000900
vn -0.000200 1.000000 0.000300
vn 0.173505 -0.042201 -0.983928
vn 0.341688 -0.042198 -0.938866
vn -0.000000 -0.042200 -0.999109
vn 0.642188 -0.042199 -0.765385
vn 0.499569 -0.042197 -0.865246
vn 0.390311 -0.624917 -0.676118
vn 0.501823 -0.624929 -0.598028
vn 0.266989 -0.624974 -0.733570
vn 0.135596 -0.624979 -0.768775
vn -0.000000 -0.624963 -0.780654
vn -0.839188 -0.221497 -0.496693
vn -0.181608 -0.977344 -0.108705
vn -0.190491 -0.976955 -0.096296
vn -0.876065 -0.245390 -0.415083
vn -0.642608 0.024300 0.765810
vn -0.504314 0.029301 0.863023
vn 0.173700 0.000000 -0.984799
vn 0.290795 -0.001800 -0.956784
vn 0.000300 1.000000 -0.000800
vn -0.000100 1.000000 0.000200
vn -0.008700 0.999908 0.010400
vn -0.006300 0.999922 0.010800
vn 0.000400 1.000000 -0.000800
vn 0.000800 0.999998 -0.001700
vn -0.004200 0.999922 0.011800
vn -0.000000 1.000000 0.000200
vn -0.002400 0.999907 0.013400
vn -0.000000 0.999908 0.013600
vn -0.750391 -0.200998 -0.629693
vn -0.160994 -0.977666 -0.135095
vn -0.322102 -0.946705 -0.000000
vn -0.083203 -0.996533 -0.000000
vn 0.493192 -0.641390 -0.587691
vn 0.383606 -0.641410 -0.664410
vn 0.431713 -0.504515 -0.747722
vn 0.555001 -0.504501 -0.661402
vn 0.262407 -0.641418 -0.720920
vn 0.295286 -0.504477 -0.811363
vn 0.133196 -0.641378 -0.755574
vn 0.149998 -0.504492 -0.850287
vn -0.000000 -0.641403 -0.767204
vn 0.000000 -0.504505 -0.863409
vn -0.001200 -0.999998 0.001400
vn -0.000900 -0.999998 0.001600
vn -0.495504 -0.134001 0.858207
vn -0.637013 -0.134003 0.759116
vn -0.000600 -0.999998 0.001800
vn -0.338910 -0.134004 0.931227
vn -0.000300 -0.999998 0.001900
vn -0.172104 -0.134003 0.975922
vn -0.000000 -0.999998 0.001900
vn 0.000000 -0.133998 0.990982
vn -0.900830 -0.028801 -0.433215
vn -0.856771 -0.014899 -0.515482
vn -0.642817 0.000000 0.766020
vn -0.342000 0.000000 0.939700
vn -0.173603 0.000000 0.984816
vn -0.766011 -0.004800 -0.642809
vn -0.001200 -0.999998 0.001500
vn -0.001000 -0.999998 0.001700
vn -0.000700 -0.999998 0.001800
vn 0.141005 0.987033 0.076703
vn 0.136505 0.988034 0.071802
vn 0.190702 0.978512 0.078401
vn 0.183698 0.978687 0.091799
vn 0.155707 0.984343 0.082604
vn -0.006700 -0.999911 0.011500
vn -0.008600 -0.999913 0.010000
vn -0.004600 -0.999913 0.012400
vn -0.002300 -0.999913 0.013000
vn 0.000000 -0.999912 0.013300
vn 0.750597 0.199899 0.629797
vn 0.846229 0.205207 0.491717
vn 0.741679 0.516385 0.428088
vn 0.658167 0.511675 0.552273
vn 0.886285 0.210197 0.412693
vn 0.775416 0.519811 0.358507
vn 0.185296 0.978080 0.094998
vn 0.177596 0.978280 0.106898
vn 0.303312 -0.457219 -0.836034
vn 0.303196 -0.457194 -0.836089
vn 0.153500 -0.467801 -0.870402
vn 0.000000 -0.467814 -0.883827
vn 0.158095 0.978467 0.132696
vn 0.572421 -0.455017 -0.682125
vn 0.444797 -0.450997 -0.773794
vn 0.444487 -0.450987 -0.773978
vn 0.375005 -0.445406 -0.813010
vn -0.000000 0.694598 -0.719398
vn 0.124897 0.694586 -0.708485
vn 0.149900 0.504500 -0.850300
vn -0.000000 0.504505 -0.863409
vn 0.246005 0.694613 -0.676013
vn 0.295286 0.504477 -0.811363
vn 0.359703 0.694606 -0.623006
vn 0.431681 0.504477 -0.747766
vn 0.462401 0.694602 -0.551102
vn 0.555001 0.504501 -0.661402
vn 0.000000 0.999998 0.001900
vn -0.000300 0.999998 0.001800
vn -0.172305 0.124604 0.977131
vn 0.000000 0.124601 0.992207
vn -0.000600 0.999998 0.001800
vn -0.339385 0.124595 0.932359
vn -0.000900 0.999998 0.001600
vn -0.496091 0.124598 0.859284
vn -0.001200 0.999998 0.001400
vn -0.637779 0.124596 0.760075
vn 0.083799 0.996483 -0.000000
vn 0.354519 0.935049 0.000000
vn 0.000000 0.998317 -0.058001
vn 0.010100 0.998317 -0.057101
vn 0.019800 0.998317 -0.054501
vn 0.029001 0.998318 -0.050201
vn 0.037301 0.998317 -0.044401
vn 0.188199 0.975597 0.113100
vn 0.167499 0.975795 0.140599
vn 0.010300 0.999940 0.003700
vn 0.010800 0.999940 0.001900
vn 0.000300 1.000000 0.000100
vn 0.010900 0.999941 0.000000
vn 0.000300 1.000000 0.000000
vn 0.394981 -0.007900 -0.918655
vn -0.423312 0.034501 0.905327
vn 0.001900 0.999940 0.010800
vn 0.000100 1.000000 0.000300
vn 0.008400 0.999940 0.007000
vn 0.000300 1.000000 0.000200
vn 0.000200 1.000000 0.000300
vn 0.007000 0.999940 0.008400
vn 0.003700 0.999940 0.010300
vn 0.104500 0.978302 0.178900
vn 0.113100 0.975597 0.188199
vn 0.091799 0.978687 0.183698
vn 0.082604 0.984343 0.155707
vn 0.094998 0.978080 0.185296
vn 0.132696 0.978467 0.158095
vn 0.140599 0.975795 0.167499
vn 0.078401 0.978512 0.190702
vn 0.071803 0.988047 0.136407
vn 0.552273 0.511675 0.658167
vn 0.428088 0.516385 0.741679
vn 0.358507 0.519811 0.775416
vn 0.491717 0.205207 0.846229
vn 0.412693 0.210197 0.886285
vn 0.629797 0.199899 0.750597
vn -0.642809 -0.004800 -0.766011
vn -0.629585 -0.200995 -0.750482
vn 0.076703 0.987033 0.141005
vn -0.515482 -0.014899 -0.856771
vn -0.496693 -0.221497 -0.839188
vn -0.433215 -0.028801 -0.900830
vn -0.415083 -0.245390 -0.876065
vn -0.108705 -0.977344 -0.181608
vn -0.096296 -0.976955 -0.190491
vn -0.081198 -0.984573 -0.154996
vn -0.089799 -0.979394 -0.180899
vn -0.109895 -0.976253 -0.186691
vn -0.135095 -0.977666 -0.160994
vn -0.138298 -0.976584 -0.164797
vn -0.075702 -0.979930 -0.184406
vn -0.069401 -0.988521 -0.134203
vn -0.732930 -0.101904 0.672628
vn -0.765502 -0.119700 0.632202
vn -0.860790 -0.116299 0.495494
vn -0.680395 -0.611696 0.403597
vn -0.724312 -0.537509 0.431807
vn -0.624188 -0.679887 0.384893
vn -0.074903 -0.987441 -0.139106
vn -0.005900 -0.999958 -0.007000
vn -0.004600 -0.999958 -0.007900
vn -0.003100 -0.999958 -0.008600
vn -0.001700 -0.999958 -0.009000
vn -0.642817 0.000000 -0.766020
vn -0.342000 0.000000 -0.939700
vn -0.173603 0.000000 -0.984816
vn 0.001700 -0.999997 0.001600
vn 0.005500 -0.999958 0.007300
vn 0.007600 -0.999906 0.011400
vn -0.456711 -0.090302 0.885020
vn -0.612774 -0.095496 0.784467
vn -0.612712 -0.095502 0.784515
vn -0.231497 -0.097999 0.967887
vn 0.005300 0.999940 0.009600
vn 0.000300 -1.000000 0.000900
vn 0.000800 -1.000000 0.000600
vn 0.000600 -1.000000 0.000800
vn 0.000500 -0.999999 0.000900
vn -0.341688 -0.042198 -0.938866
vn -0.173505 -0.042201 -0.983928
vn -0.765385 -0.042199 -0.642188
vn -0.642188 -0.042199 -0.765385
vn -0.499569 -0.042197 -0.865246
vn -0.501823 -0.624929 -0.598028
vn -0.598028 -0.624929 -0.501823
vn -0.390311 -0.624917 -0.676118
vn -0.266989 -0.624974 -0.733570
vn -0.135596 -0.624979 -0.768775
vn 0.642608 0.024300 0.765810
vn 0.765810 0.024300 0.642608
vn 0.504314 0.029301 0.863023
vn -0.173700 0.000000 -0.984799
vn -0.290795 -0.001800 -0.956784
vn -0.000300 1.000000 -0.000800
vn 0.006300 0.999922 0.010800
vn 0.008700 0.999908 0.010400
vn 0.000100 1.000000 0.000200
vn -0.000400 1.000000 -0.000800
vn 0.004200 0.999922 0.011800
vn -0.000800 0.999998 -0.001700
vn 0.002400 0.999907 0.013400
vn 0.010400 0.999908 0.008700
vn 0.000200 1.000000 0.000100
vn -0.462401 0.694602 -0.551102
vn -0.555001 0.504501 -0.661402
vn -0.661402 0.504501 -0.555001
vn -0.551102 0.694602 -0.462401
vn -0.587691 -0.641390 -0.493192
vn -0.661402 -0.504501 -0.555001
vn -0.555001 -0.504501 -0.661402
vn -0.493192 -0.641390 -0.587691
vn -0.431681 -0.504477 -0.747766
vn -0.383606 -0.641410 -0.664410
vn -0.295286 -0.504477 -0.811363
vn -0.262407 -0.641418 -0.720920
vn -0.149900 -0.504500 -0.850300
vn -0.133196 -0.641378 -0.755574
vn 0.001400 -0.999998 0.001200
vn 0.759116 -0.134003 0.637013
vn 0.636857 -0.133991 0.759249
vn 0.001200 -0.999998 0.001400
vn 0.495311 -0.134003 0.858318
vn 0.000900 -0.999998 0.001600
vn 0.338910 -0.134004 0.931227
vn 0.000600 -0.999998 0.001800
vn 0.172104 -0.134003 0.975922
vn 0.000300 -0.999998 0.001900
vn 0.766020 0.000000 0.642817
vn 0.642817 0.000000 0.766020
vn 0.342000 0.000000 0.939700
vn 0.173603 0.000000 0.984816
vn 0.001300 -0.999998 0.001500
vn 0.001500 -0.999998 0.001200
vn 0.001000 -0.999998 0.001700
vn 0.000700 -0.999998 0.001800
vn 0.000400 -0.999998 0.001900
vn 0.008500 -0.999912 0.010200
vn 0.010100 -0.999913 0.008500
vn 0.006400 -0.999913 0.011500
vn 0.004500 -0.999912 0.012500
vn 0.002500 -0.999912 0.013000
vn -0.303287 -0.457180 -0.836064
vn -0.153500 -0.467801 -0.870402
vn -0.303196 -0.457194 -0.836089
vn -0.682178 -0.454986 -0.572382
vn -0.572382 -0.454986 -0.682178
vn -0.572421 -0.455017 -0.682125
vn -0.682125 -0.455017 -0.572421
vn -0.444487 -0.450987 -0.773978
vn -0.445186 -0.450986 -0.773576
vn -0.375005 -0.445406 -0.813010
vn -0.149900 0.504500 -0.850300
vn -0.124897 0.694586 -0.708485
vn -0.295286 0.504477 -0.811363
vn -0.246099 0.694596 -0.675996
vn -0.431681 0.504477 -0.747766
vn -0.359703 0.694606 -0.623006
vn 0.172305 0.124604 0.977131
vn 0.000300 0.999998 0.001900
vn 0.339417 0.124606 0.932346
vn 0.000600 0.999998 0.001800
vn 0.496209 0.124602 0.859215
vn 0.000900 0.999998 0.001600
vn 0.637935 0.124607 0.759942
vn 0.001200 0.999998 0.001400
vn -0.037301 0.998317 -0.044401
vn -0.044401 0.998317 -0.037301
vn -0.010100 0.998317 -0.057101
vn -0.019800 0.998317 -0.054501
vn -0.029001 0.998318 -0.050201
vn 0.001400 0.999998 0.001200
vn 0.760075 0.124596 0.637779
vn -0.394981 -0.007900 -0.918655
vn 0.423312 0.034501 0.905327
vn 0.139106 -0.987441 0.074903
vn 0.154996 -0.984573 0.081198
vn 0.180899 -0.979394 0.089799
vn 0.184406 -0.979930 0.075702
vn 0.134203 -0.988521 0.069401
vn -0.003000 -0.999958 0.008700
vn 0.000300 -1.000000 -0.000900
vn 0.000000 -1.000000 -0.001000
vn -0.001700 -0.999958 0.009000
vn 0.007200 0.999940 -0.008200
vn 0.140599 0.975795 -0.167499
vn 0.111400 0.975599 -0.189200
vn 0.005500 0.999940 -0.009500
vn 0.000200 1.000000 -0.000300
vn -0.173505 -0.042201 0.983928
vn -0.341688 -0.042198 0.938866
vn -0.000000 -0.999999 -0.001100
vn -0.000000 -0.999958 0.009200
vn 0.008500 -0.999952 0.004800
vn 0.008600 -0.999958 0.003200
vn -0.089799 -0.979394 0.180899
vn -0.111204 -0.976235 0.186007
vn -0.004500 -0.999959 0.007900
vn -0.138298 -0.976584 0.164797
vn -0.005800 -0.999959 0.007000
vn 0.186007 -0.976235 0.111204
vn 0.007900 -0.999959 0.004500
vn -0.885020 -0.090302 0.456711
vn -0.784515 -0.095502 0.612712
vn -0.784467 -0.095496 0.612774
vn 0.000600 -1.000000 -0.000800
vn 0.000500 -0.999999 -0.000900
vn 0.132696 0.978467 -0.158095
vn 0.104500 0.978302 -0.178900
vn 0.094998 0.978080 -0.185296
vn 0.082604 0.984343 -0.155707
vn 0.091799 0.978687 -0.183698
vn -0.642809 -0.004800 0.766011
vn -0.629585 -0.200995 0.750482
vn -0.496693 -0.221497 0.839188
vn -0.515482 -0.014899 0.856771
vn -0.108705 -0.977344 0.181608
vn -0.081198 -0.984573 0.154996
vn -0.096296 -0.976955 0.190491
vn 0.939700 0.000000 0.342000
vn 0.984816 0.000000 0.173603
vn 0.629797 0.199899 -0.750597
vn 0.491717 0.205207 -0.846229
vn 0.428088 0.516385 -0.741679
vn 0.552273 0.511675 -0.658167
vn 0.001400 0.999998 -0.001200
vn 0.760075 0.124596 -0.637779
vn 0.637612 0.124602 -0.760214
vn 0.001200 0.999998 -0.001400
vn 0.846229 0.205207 -0.491717
vn 0.886323 0.210005 -0.412711
vn 0.905330 0.034401 -0.423314
vn 0.863023 0.029301 -0.504314
vn -0.918655 -0.007900 0.394981
vn -0.956784 -0.001800 0.290795
vn -0.967887 -0.097999 0.231497
vn 0.003700 0.999940 -0.010300
vn 0.001900 0.999940 -0.010800
vn 0.000100 1.000000 -0.000300
vn 0.000000 0.999941 -0.010900
vn -0.000000 1.000000 -0.000300
vn -0.135097 -0.977681 0.160897
vn -0.075702 -0.979930 0.184406
vn 0.000000 -0.946705 0.322102
vn 0.000000 -0.996533 0.083203
vn -0.069401 -0.988521 0.134203
vn -0.433215 -0.028801 0.900830
vn -0.415083 -0.245390 0.876065
vn 0.076703 0.987033 -0.141005
vn 0.071803 0.988047 -0.136407
vn 0.078401 0.978512 -0.190702
vn 0.000000 0.935049 -0.354519
vn -0.860790 -0.116299 -0.495494
vn -0.724312 -0.537509 -0.431807
vn -0.765502 -0.119700 -0.632202
vn -0.680395 -0.611696 -0.403597
vn -0.000000 -0.097197 -0.995265
vn -0.231497 -0.097999 -0.967887
vn -0.456711 -0.090302 -0.885020
vn 0.007600 -0.999906 -0.011400
vn 0.005500 -0.999958 -0.007300
vn 0.164797 -0.976584 0.138298
vn 0.007000 -0.999959 0.005800
vn -0.074903 -0.987441 0.139106
vn -0.624231 -0.679833 -0.384919
vn -0.403597 -0.611696 0.680395
vn -0.384919 -0.679833 0.624231
vn -0.431807 -0.537509 0.724312
vn -0.007300 -0.999958 -0.005500
vn -0.001600 -0.999997 -0.001700
vn -0.642188 -0.042199 0.765385
vn -0.499569 -0.042197 0.865246
vn 0.000000 -0.042200 0.999109
vn -0.011400 -0.999906 -0.007600
vn 0.000000 0.996483 -0.083799
vn 0.412702 0.210101 -0.886304
vn 0.358507 0.519811 -0.775416
vn -0.863409 0.504505 -0.000100
vn 0.001900 0.999998 -0.000000
vn 0.001900 0.999998 -0.000300
vn -0.850300 0.504500 0.149900
vn -0.811363 0.504477 0.295286
vn 0.001800 0.999998 -0.000600
vn 0.001600 0.999998 -0.000900
vn -0.747766 0.504477 0.431681
vn -0.551102 0.694602 0.462401
vn -0.462401 0.694602 0.551102
vn -0.037301 0.998317 0.044401
vn -0.044401 0.998317 0.037301
vn 0.011800 0.999922 -0.004100
vn -0.054501 0.998317 0.019800
vn -0.050201 0.998318 0.029001
vn 0.010800 0.999921 -0.006400
vn 0.013600 0.999908 0.000000
vn -0.058001 0.998317 0.000000
vn -0.057101 0.998317 0.010100
vn 0.013400 0.999907 -0.002400
vn 0.766020 0.000000 -0.642817
vn 0.010400 0.999908 -0.008700
vn -0.661402 0.504501 0.555001
vn -0.555001 0.504501 0.661402
vn 0.859284 0.124598 -0.496091
vn 0.932391 0.124599 -0.339297
vn 0.977131 0.124604 -0.172305
vn 0.984816 0.000000 -0.173603
vn 0.939700 0.000000 -0.342000
vn 0.992207 0.124601 -0.000000
vn 0.008700 0.999908 -0.010400
vn -0.773978 -0.450987 0.444487
vn -0.836034 -0.457219 0.303312
vn -0.836089 -0.457194 0.303196
vn -0.813010 -0.445406 0.375005
vn -0.773794 -0.450997 0.444797
vn -0.572421 -0.455017 0.682125
vn -0.682125 -0.455017 0.572421
vn -0.870402 -0.467801 0.153500
vn -0.984799 0.000000 0.173700
vn -0.939700 0.000000 0.342000
vn -0.766020 0.000000 0.642817
vn 0.001900 -0.999998 -0.000500
vn 0.013000 -0.999913 -0.002300
vn 0.012500 -0.999911 -0.004600
vn 0.001800 -0.999998 -0.000600
vn 0.001700 -0.999998 -0.000800
vn 0.011500 -0.999911 -0.006700
vn 0.010200 -0.999912 -0.008500
vn 0.001500 -0.999998 -0.001200
vn 0.001900 -0.999998 0.000000
vn 0.013300 -0.999912 0.000000
vn -0.661402 -0.504501 0.555001
vn 0.001400 -0.999998 -0.001200
vn 0.001600 -0.999998 -0.000900
vn -0.747722 -0.504515 0.431713
vn -0.811328 -0.504518 0.295310
vn 0.001900 -0.999998 -0.000300
vn -0.850287 -0.504492 0.149998
vn 0.008600 -0.999911 -0.010200
vn 0.001300 -0.999998 -0.001500
vn -0.555071 -0.504473 0.661365
vn 0.001200 -0.999998 -0.001400
vn -0.999109 -0.042200 -0.000000
vn -0.983966 -0.042199 0.173294
vn -0.938866 -0.042198 0.341688
vn -0.865332 -0.042202 0.499419
vn -0.765385 -0.042199 0.642188
vn -0.720920 -0.641418 0.262407
vn -0.755574 -0.641378 0.133196
vn -0.587691 -0.641390 0.493192
vn -0.664410 -0.641410 0.383606
vn -0.493192 -0.641390 0.587691
vn 0.975922 -0.134003 -0.172104
vn 0.990982 -0.133998 0.000000
vn 0.931227 -0.134004 -0.338910
vn 0.858207 -0.134001 -0.495504
vn 0.759116 -0.134003 -0.637013
vn -0.883827 -0.467814 0.000000
vn -0.719398 0.694598 0.000000
vn -0.708485 0.694586 0.124897
vn -0.863409 -0.504505 0.000000
vn -0.767204 -0.641403 0.000000
vn -0.623006 0.694606 0.359703
vn -0.675996 0.694596 0.246099
vn 0.637013 -0.134003 -0.759116
vn -0.612712 -0.095502 -0.784515
vn -0.732930 -0.101904 -0.672628
vn -0.612774 -0.095496 -0.784467
vn 0.001700 -0.999997 -0.001600
vn 0.000200 1.000000 0.000000
vn -0.000700 1.000000 0.000400
vn -0.000800 1.000000 0.000300
vn -0.001700 0.999998 0.000800
vn 0.750597 0.199899 -0.629797
vn 0.765810 0.024300 -0.642608
vn 0.000200 1.000000 -0.000100
vn 0.000100 1.000000 -0.000200
vn -0.768775 -0.624979 0.135596
vn -0.733570 -0.624974 0.266989
vn -0.676118 -0.624917 0.390311
vn -0.598028 -0.624929 0.501823
vn -0.501823 -0.624929 0.598028
vn -0.780615 -0.625012 -0.000000
vn 0.642608 0.024300 -0.765810
vn 0.008400 0.999940 -0.007000
vn 0.167501 0.975809 -0.140501
vn -0.008600 -0.999958 0.003200
vn -0.009000 -0.999958 0.001800
vn 0.001000 -1.000000 -0.000000
vn 0.000900 -1.000000 -0.000300
vn 0.009600 0.999940 -0.005300
vn 0.188199 0.975597 -0.113100
vn 0.000300 1.000000 -0.000200
vn -0.984816 0.000000 0.173603
vn -0.009200 -0.999958 -0.000100
vn 0.001100 -0.999999 0.000000
vn -0.007000 -0.999958 0.005900
vn -0.164797 -0.976584 0.138298
vn -0.007700 -0.999958 0.004900
vn -0.186007 -0.976235 0.111204
vn -0.180899 -0.979394 0.089799
vn 0.158095 0.978467 -0.132696
vn 0.000800 -1.000000 -0.000600
vn 0.000900 -0.999999 -0.000500
vn 0.177596 0.978280 -0.106898
vn 0.183698 0.978687 -0.091799
vn 0.155707 0.984343 -0.082604
vn 0.185296 0.978080 -0.094998
vn -0.766011 -0.004800 0.642809
vn -0.856771 -0.014899 0.515482
vn -0.839188 -0.221497 0.496693
vn -0.750482 -0.200995 0.629585
vn -0.181608 -0.977344 0.108705
vn -0.190491 -0.976955 0.096296
vn -0.154996 -0.984573 0.081198
vn -0.160994 -0.977666 0.135095
vn 0.658167 0.511675 -0.552273
vn 0.741679 0.516385 -0.428088
vn 0.010800 0.999922 0.006300
vn -0.050201 0.998318 -0.029001
vn 0.863023 0.029301 0.504314
vn 0.905327 0.034501 0.423312
vn -0.918655 -0.007900 -0.394981
vn -0.956784 -0.001800 -0.290795
vn 0.010300 0.999940 -0.003700
vn 0.000300 1.000000 -0.000100
vn 0.010800 0.999940 -0.001900
vn -0.184406 -0.979930 0.075702
vn -0.134203 -0.988521 0.069401
vn -0.900828 -0.028901 0.433213
vn -0.876065 -0.245390 0.415083
vn 0.141005 0.987033 -0.076703
vn 0.190702 0.978512 -0.078401
vn 0.136505 0.988034 -0.071802
vn 0.632202 -0.119700 0.765502
vn 0.431807 -0.537509 0.724312
vn 0.495494 -0.116299 0.860790
vn 0.403597 -0.611696 0.680395
vn 0.995265 -0.097197 -0.000000
vn 0.967887 -0.097999 0.231497
vn 0.885020 -0.090302 0.456711
vn 0.011400 -0.999906 -0.007600
vn 0.007300 -0.999958 -0.005500
vn 0.001600 -0.999997 -0.001700
vn -0.139106 -0.987441 0.074903
vn 0.672628 -0.101904 -0.732930
vn 0.495494 -0.116299 -0.860790
vn 0.632202 -0.119700 -0.765502
vn 0.384919 -0.679833 0.624231
vn 0.672628 -0.101904 0.732930
vn 0.775416 0.519811 -0.358507
vn -0.622983 0.694581 -0.359790
vn -0.708485 0.694586 -0.124897
vn -0.057101 0.998317 -0.010100
vn -0.054501 0.998317 -0.019800
vn -0.675996 0.694596 -0.246099
vn 0.013400 0.999907 0.002400
vn 0.011800 0.999921 0.004300
vn -0.850300 0.504500 -0.149900
vn 0.001900 0.999998 0.000300
vn -0.811363 0.504477 -0.295286
vn -0.747766 0.504477 -0.431681
vn 0.001600 0.999998 0.000900
vn 0.001800 0.999998 0.000700
vn 0.859215 0.124602 0.496209
vn 0.932359 0.124595 0.339385
vn 0.977131 0.124604 0.172305
vn -0.983928 -0.042201 -0.173505
vn -0.938866 -0.042198 -0.341688
vn -0.984799 0.000000 -0.173700
vn 0.001800 -0.999998 0.000700
vn 0.001700 -0.999998 0.001000
vn 0.011500 -0.999912 0.006600
vn 0.012500 -0.999911 0.004600
vn 0.001900 -0.999998 0.000400
vn 0.013100 -0.999912 0.002300
vn -0.747766 -0.504477 -0.431681
vn -0.811363 -0.504477 -0.295286
vn 0.001800 -0.999998 0.000600
vn 0.001600 -0.999998 0.000900
vn -0.850300 -0.504500 -0.149900
vn 0.001900 -0.999998 0.000300
vn -0.865221 -0.042201 -0.499612
vn -0.720987 -0.641388 -0.262295
vn -0.755574 -0.641378 -0.133196
vn -0.664410 -0.641410 -0.383606
vn 0.931227 -0.134004 0.338910
vn 0.975922 -0.134003 0.172104
vn 0.858207 -0.134001 0.495504
vn -0.000700 1.000000 -0.000400
vn -0.001700 0.999998 -0.000800
vn -0.000800 1.000000 -0.000300
vn 0.784515 -0.095502 0.612712
vn 0.784467 -0.095496 0.612774
vn -0.768775 -0.624979 -0.135596
vn -0.733570 -0.624974 -0.266989
vn -0.676118 -0.624917 -0.390311
vn 0.009500 0.999940 0.005400
vn 0.000900 -0.999999 0.000500
vn 0.000900 -1.000000 0.000300
vn -0.835983 -0.457191 -0.303494
vn -0.835941 -0.457122 -0.303715
vn -0.870402 -0.467801 -0.153500
vn -0.773794 -0.450997 -0.444797
vn -0.773685 -0.450992 -0.444992
vn -0.813010 -0.445406 -0.375005
vn -0.390311 -0.624917 0.676118
vn -0.266989 -0.624974 0.733570
vn -0.135596 -0.624979 0.768775
vn -0.135497 -0.624988 0.768785
vn -0.000000 -0.624963 0.780654
vn 0.839188 -0.221497 0.496693
vn 0.181608 -0.977344 0.108705
vn 0.190491 -0.976955 0.096296
vn 0.876065 -0.245390 0.415083
vn 0.504314 0.029301 -0.863023
vn -0.173700 0.000000 0.984799
vn -0.290795 -0.001800 0.956784
vn -0.000300 1.000000 0.000800
vn 0.006300 0.999922 -0.010800
vn -0.000400 1.000000 0.000800
vn -0.000800 0.999998 0.001700
vn 0.004200 0.999922 -0.011800
vn 0.000000 1.000000 -0.000200
vn 0.002400 0.999907 -0.013400
vn 0.000000 0.999908 -0.013600
vn 0.750391 -0.200998 0.629693
vn 0.160897 -0.977681 0.135097
vn 0.322102 -0.946705 0.000000
vn 0.083203 -0.996533 0.000000
vn -0.383606 -0.641410 0.664410
vn -0.431713 -0.504515 0.747722
vn -0.262407 -0.641418 0.720920
vn -0.295286 -0.504477 0.811363
vn -0.133196 -0.641378 0.755574
vn -0.149998 -0.504492 0.850287
vn -0.000000 -0.641403 0.767204
vn -0.000000 -0.504505 0.863409
vn 0.000900 -0.999998 -0.001600
vn 0.495504 -0.134001 -0.858207
vn 0.000600 -0.999998 -0.001800
vn 0.338910 -0.134004 -0.931227
vn 0.000300 -0.999998 -0.001900
vn 0.172104 -0.134003 -0.975922
vn 0.000000 -0.999998 -0.001900
vn -0.000000 -0.133998 -0.990982
vn 0.900830 -0.028801 0.433215
vn 0.856771 -0.014899 0.515482
vn 0.766011 -0.004800 0.642809
vn 0.001000 -0.999998 -0.001700
vn 0.000700 -0.999998 -0.001800
vn -0.141005 0.987033 -0.076703
vn -0.136407 0.988047 -0.071803
vn -0.190702 0.978512 -0.078401
vn -0.183698 0.978687 -0.091799
vn -0.155707 0.984343 -0.082604
vn 0.006700 -0.999911 -0.011500
vn 0.004600 -0.999913 -0.012400
vn 0.002300 -0.999913 -0.013000
vn -0.000000 -0.999912 -0.013300
vn -0.750597 0.199899 -0.629797
vn -0.846229 0.205207 -0.491717
vn -0.741679 0.516385 -0.428088
vn -0.658167 0.511675 -0.552273
vn -0.886323 0.210005 -0.412711
vn -0.775416 0.519811 -0.358507
vn -0.185296 0.978080 -0.094998
vn -0.177596 0.978280 -0.106898
vn -0.303403 -0.457205 0.836009
vn -0.303792 -0.457187 0.835877
vn -0.153500 -0.467801 0.870402
vn -0.000000 -0.467814 0.883827
vn -0.158095 0.978467 -0.132696
vn -0.444797 -0.450997 0.773794
vn -0.444487 -0.450987 0.773978
vn -0.375005 -0.445406 0.813010
vn 0.000000 0.694598 0.719398
vn -0.124897 0.694586 0.708485
vn -0.149900 0.504500 0.850300
vn 0.000000 0.504505 0.863409
vn -0.246005 0.694613 0.676013
vn -0.295286 0.504477 0.811363
vn -0.359703 0.694606 0.623006
vn -0.431681 0.504477 0.747766
vn -0.000000 0.999998 -0.001900
vn 0.000300 0.999998 -0.001900
vn 0.172305 0.124604 -0.977131
vn -0.000000 0.124601 -0.992207
vn 0.000600 0.999998 -0.001700
vn 0.339385 0.124595 -0.932359
vn 0.001000 0.999998 -0.001600
vn 0.496091 0.124598 -0.859284
vn -0.083799 0.996483 0.000000
vn -0.354519 0.935049 -0.000000
vn -0.000000 0.998317 0.058001
vn -0.010100 0.998317 0.057101
vn -0.019800 0.998317 0.054501
vn -0.029001 0.998318 0.050201
vn -0.188199 0.975597 -0.113100
vn -0.167499 0.975795 -0.140599
vn -0.010300 0.999940 -0.003700
vn -0.010800 0.999940 -0.001900
vn -0.000300 1.000000 -0.000100
vn -0.010900 0.999941 -0.000000
vn -0.000300 1.000000 -0.000000
vn -0.394981 -0.007900 0.918655
vn 0.423314 0.034401 -0.905330
vn -0.001900 0.999940 -0.010800
vn -0.000100 1.000000 -0.000300
vn -0.008400 0.999940 -0.007000
vn -0.000300 1.000000 -0.000200
vn -0.000200 1.000000 -0.000300
vn -0.007000 0.999940 -0.008400
vn -0.003700 0.999940 -0.010300
vn -0.104500 0.978302 -0.178900
vn -0.113100 0.975597 -0.188199
vn -0.091799 0.978687 -0.183698
vn -0.082604 0.984343 -0.155707
vn -0.094998 0.978080 -0.185296
vn -0.132696 0.978467 -0.158095
vn -0.140599 0.975795 -0.167499
vn -0.078401 0.978512 -0.190702
vn -0.071802 0.988034 -0.136505
vn -0.552273 0.511675 -0.658167
vn -0.428088 0.516385 -0.741679
vn -0.358507 0.519811 -0.775416
vn -0.491717 0.205207 -0.846229
vn -0.412711 0.210005 -0.886323
vn -0.629797 0.199899 -0.750597
vn 0.642809 -0.004800 0.766011
vn 0.629585 -0.200995 0.750482
vn -0.076704 0.987047 -0.140907
vn 0.515482 -0.014899 0.856771
vn 0.496693 -0.221497 0.839188
vn 0.433215 -0.028801 0.900830
vn 0.415083 -0.245390 0.876065
vn 0.108705 -0.977344 0.181608
vn 0.096296 -0.976955 0.190491
vn 0.081198 -0.984573 0.154996
vn 0.089799 -0.979394 0.180899
vn 0.109895 -0.976253 0.186691
vn 0.135095 -0.977666 0.160994
vn 0.138298 -0.976584 0.164797
vn 0.075702 -0.979930 0.184406
vn 0.069401 -0.988521 0.134203
vn 0.732930 -0.101904 -0.672628
vn 0.765502 -0.119700 -0.632202
vn 0.860790 -0.116299 -0.495494
vn 0.680395 -0.611696 -0.403597
vn 0.724312 -0.537509 -0.431807
vn 0.624231 -0.679833 -0.384919
vn 0.074903 -0.987441 0.139106
vn 0.005900 -0.999958 0.007000
vn 0.004600 -0.999958 0.007900
vn 0.003100 -0.999958 0.008600
vn 0.001700 -0.999958 0.009000
vn -0.001700 -0.999997 -0.001600
vn -0.005500 -0.999958 -0.007300
vn -0.007600 -0.999906 -0.011400
vn 0.456711 -0.090302 -0.885020
vn 0.612774 -0.095496 -0.784467
vn 0.612712 -0.095502 -0.784515
vn 0.231497 -0.097999 -0.967887
vn -0.005300 0.999940 -0.009600
vn -0.000300 -1.000000 -0.000900
vn -0.000800 -1.000000 -0.000600
vn -0.000600 -1.000000 -0.000800
vn -0.000500 -0.999999 -0.000900
vn 0.341688 -0.042198 0.938866
vn 0.173505 -0.042201 0.983928
vn 0.765385 -0.042199 0.642188
vn 0.642188 -0.042199 0.765385
vn 0.499569 -0.042197 0.865246
vn 0.501823 -0.624929 0.598028
vn 0.598028 -0.624929 0.501823
vn 0.390311 -0.624917 0.676118
vn 0.266989 -0.624974 0.733570
vn 0.135596 -0.624979 0.768775
vn -0.642608 0.024300 -0.765810
vn -0.765810 0.024300 -0.642608
vn -0.504314 0.029301 -0.863023
vn 0.173700 0.000000 0.984799
vn 0.290795 -0.001800 0.956784
vn 0.000300 1.000000 0.000800
vn -0.006300 0.999922 -0.010800
vn -0.008700 0.999908 -0.010400
vn -0.000100 1.000000 -0.000200
vn 0.000400 1.000000 0.000800
vn -0.004200 0.999922 -0.011800
vn 0.000800 0.999998 0.001700
vn -0.002400 0.999907 -0.013400
vn -0.010400 0.999908 -0.008700
vn -0.000200 1.000000 -0.000100
vn 0.462401 0.694602 0.551102
vn 0.555001 0.504501 0.661402
vn 0.661402 0.504501 0.555001
vn 0.551102 0.694602 0.462401
vn 0.587691 -0.641390 0.493192
vn 0.661402 -0.504501 0.555001
vn 0.555001 -0.504501 0.661402
vn 0.493192 -0.641390 0.587691
vn 0.431681 -0.504477 0.747766
vn 0.383606 -0.641410 0.664410
vn 0.295286 -0.504477 0.811363
vn 0.262407 -0.641418 0.720920
vn 0.149900 -0.504500 0.850300
vn 0.133196 -0.641378 0.755574
vn -0.001500 -0.999998 -0.001200
vn -0.759116 -0.134003 -0.637013
vn -0.636857 -0.133991 -0.759249
vn -0.001200 -0.999998 -0.001400
vn -0.495580 -0.133994 -0.858165
vn -0.000900 -0.999998 -0.001600
vn -0.338998 -0.133999 -0.931195
vn -0.000600 -0.999998 -0.001800
vn -0.172104 -0.134003 -0.975922
vn -0.000300 -0.999998 -0.001900
vn -0.001300 -0.999998 -0.001500
vn -0.001000 -0.999998 -0.001700
vn -0.000700 -0.999998 -0.001800
vn -0.000400 -0.999998 -0.001900
vn -0.008500 -0.999912 -0.010200
vn -0.010100 -0.999913 -0.008500
vn -0.006600 -0.999912 -0.011500
vn -0.004500 -0.999912 -0.012500
vn -0.002500 -0.999912 -0.013000
vn 0.303610 -0.457215 0.835928
vn 0.153500 -0.467801 0.870402
vn 0.303196 -0.457194 0.836089
vn 0.682178 -0.454986 0.572382
vn 0.572382 -0.454986 0.682178
vn 0.572421 -0.455017 0.682125
vn 0.682125 -0.455017 0.572421
vn 0.444911 -0.451012 0.773720
vn 0.444797 -0.450997 0.773794
vn 0.375005 -0.445406 0.813010
vn 0.149900 0.504500 0.850300
vn 0.124897 0.694586 0.708485
vn 0.295286 0.504477 0.811363
vn 0.246099 0.694596 0.675996
vn 0.431681 0.504477 0.747766
vn 0.359703 0.694606 0.623006
vn -0.172402 0.124602 -0.977114
vn -0.000300 0.999998 -0.001900
vn -0.339505 0.124602 -0.932315
vn -0.000600 0.999998 -0.001800
vn -0.496209 0.124602 -0.859215
vn -0.000900 0.999998 -0.001600
vn -0.637779 0.124596 -0.760075
vn -0.001200 0.999998 -0.001400
vn 0.037301 0.998317 0.044401
vn 0.044401 0.998317 0.037301
vn 0.010100 0.998317 0.057101
vn 0.019800 0.998317 0.054501
vn 0.029001 0.998318 0.050201
vn -0.001400 0.999998 -0.001200
vn -0.760075 0.124596 -0.637779
vn 0.394981 -0.007900 0.918655
vn -0.423312 0.034501 -0.905327
vn -0.001400 0.999998 0.001200
vn -0.760075 0.124596 0.637779
vn -0.846229 0.205207 0.491717
vn -0.886323 0.210005 0.412711
vn -0.905330 0.034401 0.423314
vn -0.863023 0.029301 0.504314
vn 0.918655 -0.007900 -0.394981
vn 0.956784 -0.001800 -0.290795
vn 0.863409 0.504505 0.000100
vn -0.001900 0.999998 0.000000
vn -0.001900 0.999998 0.000300
vn 0.850300 0.504500 -0.149900
vn 0.811363 0.504477 -0.295286
vn -0.001700 0.999998 0.000600
vn -0.001600 0.999998 0.000900
vn 0.747766 0.504477 -0.431681
vn 0.551102 0.694602 -0.462401
vn 0.044401 0.998317 -0.037301
vn -0.011800 0.999922 0.004100
vn 0.054501 0.998317 -0.019800
vn 0.050201 0.998318 -0.029001
vn -0.010800 0.999921 0.006400
vn -0.013600 0.999908 -0.000000
vn 0.058001 0.998317 -0.000000
vn 0.057101 0.998318 -0.010000
vn -0.013400 0.999907 0.002400
vn -0.010400 0.999908 0.008700
vn 0.661365 0.504473 -0.555071
vn -0.859284 0.124598 0.496091
vn -0.932391 0.124599 0.339297
vn -0.977131 0.124604 0.172305
vn -0.992207 0.124601 0.000000
vn 0.773978 -0.450987 -0.444487
vn 0.836089 -0.457194 -0.303196
vn 0.813010 -0.445406 -0.375005
vn 0.773794 -0.450997 -0.444797
vn 0.682125 -0.455017 -0.572421
vn 0.870402 -0.467801 -0.153500
vn -0.001900 -0.999998 0.000500
vn -0.013000 -0.999913 0.002300
vn -0.012500 -0.999911 0.004600
vn -0.001800 -0.999998 0.000600
vn -0.001800 -0.999998 0.000800
vn -0.011500 -0.999911 0.006700
vn -0.010200 -0.999912 0.008500
vn -0.001500 -0.999998 0.001200
vn -0.001900 -0.999998 -0.000000
vn -0.013300 -0.999912 -0.000000
vn 0.661402 -0.504501 -0.555001
vn -0.001400 -0.999998 0.001200
vn -0.001600 -0.999998 0.000900
vn 0.747722 -0.504515 -0.431713
vn 0.811304 -0.504503 -0.295402
vn -0.001900 -0.999998 0.000300
vn 0.850287 -0.504492 -0.149998
vn 0.999109 -0.042200 0.000000
vn 0.983966 -0.042199 -0.173294
vn 0.938866 -0.042198 -0.341688
vn 0.865332 -0.042202 -0.499419
vn 0.765385 -0.042199 -0.642188
vn 0.720920 -0.641418 -0.262407
vn 0.755574 -0.641378 -0.133196
vn 0.587691 -0.641390 -0.493192
vn 0.664410 -0.641410 -0.383606
vn -0.975922 -0.134003 0.172104
vn -0.990982 -0.133998 -0.000000
vn -0.931227 -0.134004 0.338910
vn -0.858207 -0.134001 0.495504
vn -0.759116 -0.134003 0.637013
vn 0.883849 -0.467773 0.000000
vn 0.719398 0.694598 -0.000000
vn 0.708485 0.694586 -0.124897
vn 0.863409 -0.504505 -0.000000
vn 0.767204 -0.641403 -0.000000
vn 0.623006 0.694606 -0.359703
vn 0.675996 0.694596 -0.246099
vn -0.000200 1.000000 -0.000000
vn 0.000700 1.000000 -0.000400
vn 0.000800 1.000000 -0.000300
vn 0.001700 0.999998 -0.000800
vn 0.984799 0.000000 -0.173700
vn -0.750597 0.199899 0.629797
vn -0.765810 0.024300 0.642608
vn -0.000200 1.000000 0.000100
vn 0.768775 -0.624979 -0.135596
vn 0.733570 -0.624974 -0.266989
vn 0.676118 -0.624917 -0.390311
vn 0.598028 -0.624929 -0.501823
vn 0.780654 -0.624963 0.000000
vn -0.008400 0.999940 0.007000
vn -0.167501 0.975809 0.140501
vn 0.008600 -0.999958 -0.003200
vn 0.009100 -0.999957 -0.001600
vn -0.001000 -1.000000 0.000000
vn -0.000900 -1.000000 0.000300
vn -0.009400 0.999940 0.005600
vn -0.188199 0.975597 0.113100
vn -0.000300 1.000000 0.000200
vn 0.009200 -0.999958 0.000100
vn -0.001100 -0.999999 -0.000000
vn 0.007000 -0.999958 -0.005900
vn 0.164797 -0.976584 -0.138298
vn 0.007700 -0.999958 -0.004900
vn 0.186007 -0.976235 -0.111204
vn 0.180899 -0.979394 -0.089799
vn -0.158095 0.978467 0.132696
vn -0.000800 -1.000000 0.000600
vn -0.000900 -0.999999 0.000500
vn -0.177596 0.978280 0.106898
vn -0.183698 0.978687 0.091799
vn -0.155707 0.984343 0.082604
vn -0.185296 0.978080 0.094998
vn 0.766011 -0.004800 -0.642809
vn 0.856771 -0.014899 -0.515482
vn 0.839188 -0.221497 -0.496693
vn 0.750482 -0.200995 -0.629585
vn 0.181608 -0.977344 -0.108705
vn 0.190491 -0.976955 -0.096296
vn 0.154996 -0.984573 -0.081198
vn 0.160895 -0.977668 -0.135196
vn -0.658167 0.511675 0.552273
vn -0.741679 0.516385 0.428088
vn -0.010800 0.999922 -0.006300
vn 0.050201 0.998318 0.029001
vn -0.863023 0.029301 -0.504314
vn -0.905327 0.034501 -0.423312
vn 0.918655 -0.007900 0.394981
vn 0.956784 -0.001800 0.290795
vn -0.010300 0.999940 0.003700
vn -0.000300 1.000000 0.000100
vn -0.010800 0.999940 0.001900
vn 0.184406 -0.979930 -0.075702
vn 0.134203 -0.988521 -0.069401
vn 0.900830 -0.028801 -0.433215
vn 0.876065 -0.245390 -0.415083
vn -0.141005 0.987033 0.076703
vn -0.190702 0.978512 0.078401
vn -0.136407 0.988047 0.071803
vn -0.632202 -0.119700 -0.765502
vn -0.431807 -0.537509 -0.724312
vn -0.495494 -0.116299 -0.860790
vn -0.403597 -0.611696 -0.680395
vn -0.995265 -0.097197 -0.000000
vn -0.967887 -0.097999 -0.231497
vn -0.885020 -0.090302 -0.456711
vn -0.011400 -0.999906 0.007600
vn -0.007300 -0.999958 0.005500
vn -0.001600 -0.999997 0.001700
vn 0.139106 -0.987441 -0.074903
vn -0.672628 -0.101904 0.732930
vn -0.495494 -0.116299 0.860790
vn -0.632202 -0.119700 0.765502
vn -0.384919 -0.679833 -0.624231
vn -0.672628 -0.101904 -0.732930
vn -0.775416 0.519811 0.358507
vn 0.623006 0.694606 0.359703
vn 0.708485 0.694586 0.124897
vn 0.057101 0.998317 0.010100
vn 0.054501 0.998317 0.019800
vn 0.675996 0.694596 0.246099
vn -0.013400 0.999907 -0.002400
vn -0.011800 0.999921 -0.004300
vn 0.850300 0.504500 0.149900
vn -0.001900 0.999998 -0.000300
vn 0.811363 0.504477 0.295286
vn 0.747690 0.504493 0.431794
vn -0.001600 0.999998 -0.000900
vn -0.001800 0.999998 -0.000700
vn -0.859215 0.124602 -0.496209
vn -0.932359 0.124595 -0.339385
vn -0.977131 0.124604 -0.172305
vn 0.983928 -0.042201 0.173505
vn 0.938866 -0.042198 0.341688
vn -0.001800 -0.999998 -0.000700
vn -0.001700 -0.999998 -0.001000
vn -0.011500 -0.999912 -0.006600
vn -0.012500 -0.999911 -0.004600
vn -0.001900 -0.999998 -0.000400
vn -0.013100 -0.999912 -0.002300
vn 0.747766 -0.504477 0.431681
vn 0.811363 -0.504477 0.295286
vn -0.001800 -0.999998 -0.000600
vn -0.001600 -0.999998 -0.000900
vn 0.850300 -0.504500 0.149900
vn -0.001900 -0.999998 -0.000300
vn 0.865221 -0.042201 0.499612
vn 0.720987 -0.641388 0.262295
vn 0.755574 -0.641378 0.133196
vn 0.664410 -0.641410 0.383606
vn -0.931227 -0.134004 -0.338910
vn -0.975922 -0.134003 -0.172104
vn -0.858207 -0.134001 -0.495504
vn 0.000700 1.000000 0.000400
vn 0.001700 0.999998 0.000800
vn 0.000800 1.000000 0.000300
vn 0.984799 0.000000 0.173700
vn -0.784515 -0.095502 -0.612712
vn -0.784467 -0.095496 -0.612774
vn 0.768775 -0.624979 0.135596
vn 0.733570 -0.624974 0.266989
vn 0.768785 -0.624988 0.135497
vn 0.676118 -0.624917 0.390311
vn -0.009500 0.999940 -0.005400
vn -0.000900 -0.999999 -0.000500
vn -0.000900 -1.000000 -0.000300
vn 0.836089 -0.457194 0.303196
vn 0.870402 -0.467801 0.153500
vn 0.773794 -0.450997 0.444797
vn 0.813010 -0.445406 0.375005
vn 0.206293 0.793471 0.572579
vn 0.314604 0.777310 0.544807
vn 0.241989 0.875059 0.419181
vn 0.149699 0.892396 0.425698
vn 0.096302 0.828321 0.551914
vn 0.052099 0.957587 0.283396
vn 0.000000 0.844792 0.535095
vn -0.000000 0.968913 0.247403
vn 0.275097 0.594094 0.755893
vn 0.316293 0.380792 0.868882
vn 0.462298 0.380798 0.800796
vn 0.402206 0.594109 0.696610
vn 0.139696 0.594085 0.792180
vn 0.160601 0.380801 0.910603
vn 0.266396 0.454294 0.850088
vn 0.444393 0.458193 0.769788
vn -0.196905 0.612916 0.765220
vn -0.358575 0.621257 0.696752
vn -0.000000 0.481400 0.876501
vn 0.269486 0.607068 0.747560
vn -0.000000 0.930925 0.365210
vn 0.182609 0.930947 0.316216
vn -0.343409 0.726819 -0.594815
vn -0.000000 0.726775 -0.686876
vn 0.759104 0.481303 0.438302
vn 0.782153 0.607064 0.140392
vn 0.782114 0.607111 0.140403
vn -0.000000 0.987423 0.158104
vn 0.071898 0.976370 0.203794
vn 0.078897 0.987466 0.136695
vn 0.125899 0.967794 0.217999
vn -0.594815 0.726819 -0.343409
vn -0.799795 0.383498 -0.461797
vn -0.461797 0.383498 -0.799795
vn 0.000000 0.594096 0.804394
vn -0.000000 0.380820 0.924649
vn 0.108602 0.960316 0.256904
vn 0.138496 0.960870 0.239892
vn 0.026101 0.994044 0.105805
vn 0.000000 0.994388 0.105799
vn 0.226308 0.891733 0.391914
vn 0.391914 0.891733 0.226308
vn 0.316216 0.930947 0.182609
vn 0.392684 0.793468 0.464981
vn 0.293800 0.892399 0.342500
vn 0.429805 0.828309 0.359404
vn 0.219397 0.957586 0.186797
vn 0.463392 0.844785 0.267595
vn 0.214205 0.968924 0.123703
vn 0.517014 0.594116 0.616217
vn 0.594397 0.380798 0.708297
vn 0.616217 0.594116 0.517014
vn 0.708297 0.380798 0.594397
vn 0.602979 0.454284 0.655777
vn 0.761178 0.612882 0.212094
vn 0.782673 0.621278 0.037899
vn 0.512595 0.607094 0.607194
vn 0.512668 0.607063 0.607162
vn 0.136904 0.987429 0.079002
vn 0.140498 0.976387 0.164098
vn -0.000000 0.383514 -0.923535
vn 0.800796 0.380798 0.462298
vn 0.696610 0.594109 0.402206
vn 0.168202 0.960313 0.222503
vn 0.091599 0.994390 0.052899
vn 0.078603 0.994043 0.075503
vn 0.365210 0.930925 -0.000000
vn 0.452526 0.891751 -0.000000
vn 0.391914 0.891733 -0.226308
vn 0.316216 0.930947 -0.182609
vn 0.598994 0.793492 0.107599
vn 0.629112 0.777315 -0.000000
vn 0.484105 0.875010 -0.000000
vn 0.443502 0.892403 0.083200
vn 0.526121 0.828334 0.192508
vn 0.271494 0.957580 0.096598
vn 0.792142 0.594132 0.139707
vn 0.910603 0.380801 0.160601
vn 0.924664 0.380785 -0.000000
vn 0.804394 0.594096 -0.000000
vn 0.755850 0.594139 0.275118
vn 0.868882 0.380792 0.316293
vn 0.869401 0.454301 0.194300
vn 0.888839 0.458220 -0.000000
vn 0.564232 0.612934 0.553131
vn 0.424095 0.621293 0.658892
vn -0.686876 0.726775 0.000000
vn 0.759067 0.481379 -0.438281
vn 0.512668 0.607063 -0.607162
vn 0.512595 0.607094 -0.607194
vn 0.212396 0.976381 0.039599
vn 0.157893 0.987456 0.000000
vn 0.251701 0.967805 -0.000000
vn -0.594815 0.726819 0.343409
vn -0.799795 0.383498 0.461797
vn -0.923535 0.383514 0.000000
vn 0.276803 0.960311 0.034400
vn 0.276992 0.960872 -0.000000
vn 0.104605 0.994052 0.030302
vn 0.182609 0.930947 -0.316216
vn 0.226308 0.891733 -0.391914
vn -0.000000 0.891751 -0.452526
vn -0.000000 0.930925 -0.365210
vn 0.598994 0.793492 -0.107599
vn 0.443502 0.892403 -0.083200
vn 0.526121 0.828334 -0.192508
vn 0.271494 0.957580 -0.096598
vn 0.463392 0.844785 -0.267595
vn 0.214205 0.968924 -0.123703
vn 0.792142 0.594132 -0.139707
vn 0.910603 0.380801 -0.160601
vn 0.755850 0.594139 -0.275118
vn 0.868882 0.380792 -0.316293
vn 0.869401 0.454301 -0.194300
vn 0.564232 0.612934 -0.553131
vn 0.424095 0.621293 -0.658892
vn 0.782673 0.621278 -0.037899
vn 0.761178 0.612882 -0.212094
vn 0.782153 0.607064 -0.140392
vn 0.136904 0.987429 -0.079002
vn 0.212300 0.976402 -0.039600
vn 0.799795 0.383498 -0.461797
vn 0.923535 0.383514 -0.000000
vn 0.686876 0.726775 0.000000
vn 0.594815 0.726819 -0.343409
vn 0.800796 0.380798 -0.462298
vn 0.696610 0.594109 -0.402206
vn 0.276803 0.960311 -0.034400
vn 0.091599 0.994390 -0.052899
vn 0.104605 0.994052 -0.030302
vn 0.392684 0.793468 -0.464981
vn 0.314514 0.777334 -0.544824
vn 0.241989 0.875059 -0.419181
vn 0.293800 0.892399 -0.342500
vn 0.429805 0.828309 -0.359404
vn 0.219397 0.957586 -0.186797
vn 0.517014 0.594116 -0.616217
vn 0.594397 0.380798 -0.708297
vn 0.462298 0.380798 -0.800796
vn 0.402206 0.594109 -0.696610
vn 0.616217 0.594116 -0.517014
vn 0.708297 0.380798 -0.594397
vn 0.602979 0.454284 -0.655777
vn 0.444393 0.458193 -0.769788
vn 0.000000 0.481400 -0.876501
vn -0.269486 0.607068 -0.747560
vn -0.343409 0.726819 0.594815
vn 0.140498 0.976387 -0.164098
vn 0.078897 0.987466 -0.136695
vn 0.125899 0.967794 -0.217999
vn 0.168202 0.960313 -0.222503
vn 0.138496 0.960870 -0.239892
vn 0.078603 0.994043 -0.075503
vn -0.365210 0.930925 0.000000
vn -0.452526 0.891751 0.000000
vn -0.391914 0.891733 0.226308
vn -0.316216 0.930947 0.182609
vn 0.206293 0.793471 -0.572579
vn 0.149699 0.892396 -0.425698
vn 0.096302 0.828321 -0.551914
vn 0.052099 0.957587 -0.283396
vn 0.000000 0.844792 -0.535095
vn 0.000000 0.968913 -0.247403
vn 0.275118 0.594139 -0.755850
vn 0.316293 0.380792 -0.868882
vn 0.139696 0.594085 -0.792180
vn 0.160601 0.380801 -0.910603
vn 0.266396 0.454294 -0.850088
vn -0.196905 0.612916 -0.765220
vn -0.358575 0.621257 -0.696752
vn 0.000000 0.726775 0.686876
vn 0.358598 0.621196 -0.696795
vn 0.196905 0.612916 -0.765220
vn 0.269486 0.607068 -0.747560
vn 0.000000 0.987423 -0.158104
vn 0.071898 0.976370 -0.203794
vn 0.000000 0.383514 0.923535
vn -0.461797 0.383498 0.799795
vn 0.000000 0.380820 -0.924649
vn -0.000000 0.594096 -0.804394
vn 0.108602 0.960316 -0.256904
vn -0.000000 0.994388 -0.105799
vn 0.026101 0.994044 -0.105805
vn -0.182609 0.930947 -0.316216
vn -0.226308 0.891733 -0.391914
vn -0.391914 0.891733 -0.226308
vn -0.316216 0.930947 -0.182609
vn 0.799795 0.383498 0.461797
vn 0.594815 0.726819 0.343409
vn -0.206293 0.793471 -0.572579
vn -0.314604 0.777310 -0.544807
vn -0.242010 0.875036 -0.419217
vn -0.149699 0.892396 -0.425698
vn -0.096302 0.828321 -0.551914
vn -0.052099 0.957587 -0.283396
vn -0.275118 0.594139 -0.755850
vn -0.316293 0.380792 -0.868882
vn -0.462298 0.380798 -0.800796
vn -0.402206 0.594109 -0.696610
vn -0.139699 0.594196 -0.792095
vn -0.160601 0.380801 -0.910603
vn -0.266396 0.454294 -0.850088
vn -0.444393 0.458193 -0.769788
vn -0.424095 0.621293 -0.658892
vn -0.564232 0.612934 -0.553131
vn -0.512668 0.607063 -0.607162
vn -0.512595 0.607094 -0.607194
vn 0.343409 0.726819 0.594815
vn -0.759104 0.481303 -0.438302
vn -0.782153 0.607064 -0.140392
vn -0.071800 0.976397 -0.203699
vn -0.078897 0.987466 -0.136695
vn -0.125899 0.967794 -0.217999
vn -0.108602 0.960316 -0.256904
vn -0.138496 0.960870 -0.239892
vn -0.026101 0.994044 -0.105805
vn 0.461797 0.383498 0.799795
vn -0.392684 0.793468 -0.464981
vn -0.293800 0.892399 -0.342500
vn -0.429805 0.828309 -0.359404
vn -0.219397 0.957586 -0.186797
vn -0.463404 0.844807 -0.267502
vn -0.214205 0.968924 -0.123703
vn -0.517014 0.594116 -0.616217
vn -0.594397 0.380798 -0.708297
vn -0.616217 0.594116 -0.517014
vn -0.708297 0.380798 -0.594397
vn -0.602979 0.454284 -0.655777
vn -0.761178 0.612882 -0.212094
vn -0.782673 0.621278 -0.037899
vn -0.136904 0.987429 -0.079002
vn -0.140498 0.976387 -0.164098
vn -0.800796 0.380798 -0.462298
vn -0.696610 0.594109 -0.402206
vn -0.168202 0.960313 -0.222503
vn -0.091599 0.994390 -0.052899
vn -0.078603 0.994043 -0.075503
vn -0.598994 0.793492 -0.107599
vn -0.629112 0.777315 0.000000
vn -0.484105 0.875010 0.000000
vn -0.443502 0.892403 -0.083200
vn -0.526121 0.828334 -0.192508
vn -0.271494 0.957580 -0.096598
vn -0.792180 0.594085 -0.139696
vn -0.910603 0.380801 -0.160601
vn -0.924649 0.380820 0.000000
vn -0.804311 0.594208 0.000000
vn -0.755893 0.594094 -0.275097
vn -0.868882 0.380792 -0.316293
vn -0.869401 0.454301 -0.194300
vn -0.888839 0.458220 -0.000000
vn -0.512668 0.607063 0.607162
vn -0.564232 0.612934 0.553131
vn -0.424095 0.621293 0.658892
vn -0.512595 0.607094 0.607194
vn -0.212300 0.976402 -0.039600
vn -0.157893 0.987456 -0.000000
vn -0.251701 0.967805 0.000000
vn -0.276803 0.960311 -0.034400
vn -0.276992 0.960872 0.000000
vn -0.104605 0.994052 -0.030302
vn 0.461797 0.383498 -0.799795
vn 0.343409 0.726819 -0.594815
vn -0.598994 0.793492 0.107599
vn -0.443502 0.892403 0.083200
vn -0.526121 0.828334 0.192508
vn -0.271494 0.957580 0.096598
vn -0.463392 0.844785 0.267595
vn -0.214205 0.968924 0.123703
vn -0.792095 0.594196 0.139699
vn -0.910603 0.380801 0.160601
vn -0.755893 0.594094 0.275097
vn -0.868882 0.380792 0.316293
vn -0.869401 0.454301 0.194300
vn -0.782153 0.607064 0.140392
vn -0.759067 0.481379 0.438281
vn -0.136904 0.987429 0.079002
vn -0.212396 0.976381 0.039599
vn -0.800796 0.380798 0.462298
vn -0.696569 0.594173 0.402182
vn -0.276803 0.960311 0.034400
vn -0.091599 0.994390 0.052899
vn -0.104605 0.994052 0.030302
vn -0.182609 0.930947 0.316216
vn -0.226308 0.891733 0.391914
vn -0.392684 0.793468 0.464981
vn -0.314514 0.777334 0.544824
vn -0.241989 0.875059 0.419181
vn -0.293800 0.892399 0.342500
vn -0.429805 0.828309 0.359404
vn -0.219397 0.957586 0.186797
vn -0.516983 0.594181 0.616180
vn -0.594397 0.380798 0.708297
vn -0.462298 0.380798 0.800796
vn -0.402182 0.594173 0.696569
vn -0.616180 0.594181 0.516983
vn -0.708297 0.380798 0.594397
vn -0.602979 0.454284 0.655777
vn -0.444393 0.458193 0.769788
vn -0.761178 0.612882 0.212094
vn -0.782673 0.621278 0.037899
vn 0.196905 0.612916 0.765220
vn 0.358575 0.621257 0.696752
vn -0.140498 0.976387 0.164098
vn -0.079003 0.987442 0.136806
vn -0.125899 0.967794 0.217999
vn -0.168202 0.960313 0.222503
vn -0.138496 0.960870 0.239892
vn -0.078603 0.994043 0.075503
vn 0.000000 0.891751 0.452526
vn -0.206293 0.793471 0.572579
vn -0.149699 0.892396 0.425698
vn -0.096302 0.828321 0.551914
vn -0.052099 0.957587 0.283396
vn -0.275118 0.594139 0.755850
vn -0.316293 0.380792 0.868882
vn -0.139699 0.594196 0.792095
vn -0.160601 0.380801 0.910603
vn -0.266396 0.454294 0.850088
vn -0.269486 0.607068 0.747560
vn -0.071898 0.976370 0.203794
vn -0.108602 0.960316 0.256904
vn -0.026101 0.994044 0.105805
o wheel_fl
usemtl tire_mat
f 1/1/1 2/2/2 3/3/3
f 4/4/4 5/5/5 6/6/6
f 7/7/7 8/8/8 9/9/9
f 10/10/10 11/11/11 12/12/12
f 1/1/1 13/13/13 14/14/14
f 15/15/15 6/6/6 5/5/5
f 7/7/7 16/16/16 17/17/17
f 10/10/10 18/18/18 19/19/19
f 20/20/20 14/14/14 13/13/13
f 15/15/15 21/21/21 22/22/22
f 23/23/23 17/17/17 16/16/16
f 24/24/24 19/19/19 18/18/18
f 20/20/20 25/25/25 26/26/26
f 27/27/27 22/22/22 21/21/21
f 23/23/23 28/28/28 29/29/29
f 24/24/24 30/30/30 31/31/31
f 32/32/32 26/26/26 25/25/25
f 27/27/27 33/33/33 34/34/34
f 35/35/35 29/29/29 28/28/28
f 36/36/36 31/31/31 30/30/30
f 32/32/32 37/37/37 38/38/38
f 39/39/39 34/34/34 33/33/33
f 35/35/35 40/40/40 41/41/41
f 36/36/36 42/42/42 43/43/43
f 44/44/44 38/38/38 37/37/37
f 39/39/39 45/45/45 46/46/46
f 47/47/47 41/41/41 40/40/40
f 48/48/48 43/43/43 42/42/42
f 44/44/44 49/49/49 50/50/50
f 51/51/51 46/46/46 45/45/45
f 47/47/47 12/12/12 11/11/11
f 48/48/48 52/52/52 53/53/53
f 54/54/54 50/50/50 49/49/49
f 51/51/51 55/55/55 56/56/56
f 57/57/57 53/53/53 52/52/52
f 54/54/54 58/58/58 59/59/59
f 60/60/60 56/56/56 55/55/55
f 57/57/57 61/61/61 62/62/62
f 63/63/63 59/59/59 58/58/58
f 60/60/60 64/64/64 65/65/65
f 66/66/66 62/62/62 61/61/61
f 63/63/63 67/67/67 68/68/68
f 69/69/69 65/65/65 64/64/64
f 66/66/66 70/70/70 71/71/71
f 72/72/72 68/68/68 67/67/67
f 69/69/69 3/3/3 2/2/2
f 4/4/4 71/71/71 70/70/70
f 72/72/72 9/9/9 8/8/8
f 73/73/73 24/24/24 18/18/18
f 74/74/74 25/25/25 20/20/20
f 18/18/18 75/75/75 73/73/73
f 76/76/76 39/39/39 33/33/33
f 77/77/77 78/78/78 79/79/79
f 80/80/80 57/57/57 81/81/81
f 82/82/82 83/83/83 84/84/84
f 85/85/85 86/86/86 87/87/87
f 58/58/58 88/88/88 89/89/89
f 90/90/90 91/91/91 92/92/92
f 93/93/93 28/28/28 94/94/94
f 95/95/95 45/45/45 39/39/39
f 93/93/93 40/40/40 35/35/35
f 96/96/96 60/60/60 97/97/97
f 10/10/10 83/83/83 75/75/75
f 98/98/98 13/13/13 1/1/1
f 99/99/99 1/1/1 3/3/3
f 100/100/100 101/101/101 102/102/102
f 92/92/92 103/103/103 104/104/104
f 105/105/105 106/106/106 107/107/107
f 108/108/108 93/93/93 94/94/94
f 109/109/109 110/110/110 93/93/93
f 1/1/1 14/14/14 2/2/2
f 7/7/7 17/17/17 8/8/8
f 10/10/10 19/19/19 11/11/11
f 15/15/15 22/22/22 6/6/6
f 20/20/20 26/26/26 14/14/14
f 23/23/23 29/29/29 17/17/17
f 24/24/24 31/31/31 19/19/19
f 27/27/27 34/34/34 22/22/22
f 32/32/32 38/38/38 26/26/26
f 35/35/35 41/41/41 29/29/29
f 36/36/36 43/43/43 31/31/31
f 39/39/39 46/46/46 34/34/34
f 44/44/44 50/50/50 38/38/38
f 47/47/47 11/11/11 41/41/41
f 48/48/48 53/53/53 43/43/43
f 51/51/51 56/56/56 46/46/46
f 54/54/54 59/59/59 50/50/50
f 57/57/57 62/62/62 53/53/53
f 60/60/60 65/65/65 56/56/56
f 63/63/63 68/68/68 59/59/59
f 66/66/66 71/71/71 62/62/62
f 69/69/69 2/2/2 65/65/65
f 72/72/72 8/8/8 68/68/68
f 4/4/4 6/6/6 71/71/71
f 111/111/111 112/112/112 113/113/113
f 114/114/114 115/115/115 116/116/116
f 117/117/117 118/118/118 115/115/115
f 111/111/111 119/119/119 120/120/120
f 121/121/121 122/122/122 123/123/123
f 124/124/124 125/125/125 126/126/126
f 127/127/127 38/38/38 128/128/128
f 124/124/124 129/129/129 130/130/130
f 120/120/120 131/131/131 112/112/112
f 132/132/132 133/133/133 134/134/134
f 65/65/65 135/135/135 56/56/56
f 136/136/136 137/137/137 133/133/133
f 59/59/59 138/138/138 124/124/124
f 50/50/50 128/128/128 38/38/38
f 139/139/139 22/22/22 34/34/34
f 140/140/140 141/141/141 142/142/142
f 60/60/60 143/143/143 97/97/97
f 42/42/42 144/144/144 48/48/48
f 21/21/21 145/145/145 141/141/141
f 146/146/146 7/7/7 147/147/147
f 21/21/21 148/148/148 27/27/27
f 67/67/67 149/149/149 72/72/72
f 106/106/106 15/15/15 5/5/5
f 150/150/150 37/37/37 91/91/91
f 96/96/96 69/69/69 64/64/64
f 100/100/100 20/20/20 13/13/13
f 151/151/151 148/148/148 140/140/140
f 152/152/152 146/146/146 153/153/153
f 144/144/144 52/52/52 48/48/48
f 80/80/80 79/79/79 78/78/78
f 154/154/154 155/155/155 149/149/149
f 156/156/156 36/36/36 87/87/87
f 157/157/157 89/89/89 88/88/88
f 63/63/63 158/158/158 67/67/67
f 159/159/159 103/103/103 160/160/160
f 23/23/23 94/94/94 28/28/28
f 161/161/161 156/156/156 162/162/162
f 163/163/163 55/55/55 51/51/51
f 164/164/164 83/83/83 165/165/165
f 166/166/166 81/81/81 167/167/167
f 168/168/168 169/169/169 170/170/170
f 171/171/171 144/144/144 161/161/161
f 172/172/172 173/173/173 174/174/174
f 175/175/175 176/176/176 177/177/177
f 178/178/178 136/136/136 132/132/132
f 179/179/179 180/180/180 118/118/118
f 114/114/114 181/181/181 129/129/129
f 130/130/130 181/181/181 182/182/182
f 172/172/172 183/183/183 184/184/184
f 136/136/136 185/185/185 186/186/186
f 113/113/113 187/187/187 188/188/188
f 19/19/19 137/137/137 189/189/189
f 190/190/190 120/120/120 119/119/119
f 191/191/191 172/172/172 192/192/192
f 11/11/11 189/189/189 193/193/193
f 17/17/17 194/194/194 195/195/195
f 53/53/53 196/196/196 134/134/134
f 197/197/197 194/194/194 198/198/198
f 199/199/199 117/117/117 114/114/114
f 29/29/29 198/198/198 194/194/194
f 138/138/138 114/114/114 129/129/129
f 56/56/56 200/200/200 46/46/46
f 125/125/125 128/128/128 126/126/126
f 192/192/192 6/6/6 191/191/191
f 90/90/90 201/201/201 150/150/150
f 49/49/49 150/150/150 201/201/201
f 202/202/202 3/3/3 69/69/69
f 148/148/148 33/33/33 27/27/27
f 146/146/146 23/23/23 16/16/16
f 203/203/203 4/4/4 70/70/70
f 107/107/107 204/204/204 205/205/205
f 103/103/103 25/25/25 160/160/160
f 206/206/206 146/146/146 147/147/147
f 66/66/66 203/203/203 70/70/70
f 207/207/207 165/165/165 110/110/110
f 149/149/149 9/9/9 72/72/72
f 97/97/97 208/208/208 209/209/209
f 147/147/147 9/9/9 155/155/155
f 91/91/91 32/32/32 103/103/103
f 210/210/210 211/211/211 89/89/89
f 52/52/52 81/81/81 57/57/57
f 78/78/78 61/61/61 80/80/80
f 47/47/47 110/110/110 165/165/165
f 212/212/212 96/96/96 213/213/213
f 214/214/214 149/149/149 158/158/158
f 170/170/170 73/73/73 215/215/215
f 216/216/216 88/88/88 201/201/201
f 215/215/215 75/75/75 82/82/82
f 217/217/217 202/202/202 212/212/212
f 162/162/162 87/87/87 86/86/86
f 131/131/131 2/2/2 14/14/14
f 218/218/218 185/185/185 122/122/122
f 41/41/41 193/193/193 198/198/198
f 219/219/219 220/220/220 221/221/221
f 173/173/173 222/222/222 219/219/219
f 127/127/127 223/223/223 187/187/187
f 186/186/186 189/189/189 137/137/137
f 22/22/22 191/191/191 6/6/6
f 196/196/196 132/132/132 134/134/134
f 195/195/195 179/179/179 117/117/117
f 53/53/53 133/133/133 43/43/43
f 127/127/127 112/112/112 131/131/131
f 218/218/218 193/193/193 189/189/189
f 139/139/139 46/46/46 200/200/200
f 172/172/172 196/196/196 192/192/192
f 5/5/5 204/204/204 106/106/106
f 63/63/63 89/89/89 211/211/211
f 197/197/197 123/123/123 180/180/180
f 165/165/165 12/12/12 47/47/47
f 30/30/30 169/169/169 85/85/85
f 201/201/201 54/54/54 49/49/49
f 167/167/167 224/224/224 171/171/171
f 225/225/225 158/158/158 211/211/211
f 226/226/226 147/147/147 155/155/155
f 151/151/151 95/95/95 76/76/76
f 163/163/163 227/227/227 228/228/228
f 101/101/101 99/99/99 217/217/217
f 74/74/74 102/102/102 229/229/229
f 96/96/96 209/209/209 213/213/213
f 142/142/142 145/145/145 105/105/105
f 87/87/87 30/30/30 85/85/85
f 198/198/198 121/121/121 197/197/197
f 45/45/45 163/163/163 51/51/51
f 227/227/227 95/95/95 230/230/230
f 208/208/208 163/163/163 228/228/228
f 205/205/205 203/203/203 77/77/77
f 229/229/229 160/160/160 74/74/74
f 221/221/221 231/231/231 175/175/175
f 125/125/125 232/232/232 223/223/223
f 223/223/223 188/188/188 187/187/187
f 184/184/184 178/178/178 132/132/132
f 119/119/119 177/177/177 176/176/176
f 130/130/130 233/233/233 125/125/125
f 68/68/68 199/199/199 138/138/138
f 50/50/50 124/124/124 126/126/126
f 192/192/192 62/62/62 71/71/71
f 8/8/8 195/195/195 199/199/199
f 220/220/220 200/200/200 231/231/231
f 2/2/2 190/190/190 65/65/65
f 139/139/139 222/222/222 234/234/234
f 127/127/127 14/14/14 26/26/26
f 231/231/231 135/135/135 176/176/176
f 190/190/190 176/176/176 135/135/135
f 222/222/222 191/191/191 234/234/234
f 31/31/31 133/133/133 137/137/137
f 152/152/152 94/94/94 235/235/235
f 236/236/236 237/237/237 238/238/238
f 239/239/239 240/240/240 241/241/241
f 242/242/242 243/243/243 244/244/244
f 245/245/245 246/246/246 247/247/247
f 236/236/236 248/248/248 249/249/249
f 250/250/250 241/241/241 240/240/240
f 242/242/242 251/251/251 252/252/252
f 245/245/245 253/253/253 254/254/254
f 255/255/255 249/249/249 248/248/248
f 250/250/250 256/256/256 257/257/257
f 258/258/258 252/252/252 251/251/251
f 259/259/259 254/254/254 253/253/253
f 255/255/255 260/260/260 261/261/261
f 262/262/262 257/257/257 256/256/256
f 258/258/258 263/263/263 264/264/264
f 259/259/259 265/265/265 266/266/266
f 267/267/267 261/261/261 260/260/260
f 262/262/262 268/268/268 269/269/269
f 270/270/270 264/264/264 263/263/263
f 271/271/271 266/266/266 265/265/265
f 267/267/267 272/272/272 273/273/273
f 274/274/274 269/269/269 268/268/268
f 270/270/270 275/275/275 276/276/276
f 271/271/271 277/277/277 278/278/278
f 279/279/279 273/273/273 272/272/272
f 274/274/274 280/280/280 281/281/281
f 282/282/282 276/276/276 275/275/275
f 283/283/283 278/278/278 277/277/277
f 279/279/279 284/284/284 285/285/285
f 286/286/286 281/281/281 280/280/280
f 282/282/282 247/247/247 246/246/246
f 283/283/283 287/287/287 288/288/288
f 289/289/289 285/285/285 284/284/284
f 286/286/286 290/290/290 291/291/291
f 292/292/292 288/288/288 287/287/287
f 289/289/289 293/293/293 294/294/294
f 295/295/295 291/291/291 290/290/290
f 292/292/292 296/296/296 297/297/297
f 298/298/298 294/294/294 293/293/293
f 295/295/295 299/299/299 300/300/300
f 301/301/301 297/297/297 296/296/296
f 298/298/298 302/302/302 303/303/303
f 304/304/304 300/300/300 299/299/299
f 301/301/301 305/305/305 306/306/306
f 307/307/307 303/303/303 302/302/302
f 304/304/304 238/238/238 237/237/237
f 239/239/239 306/306/306 305/305/305
f 307/307/307 244/244/244 243/243/243
f 308/308/308 259/259/259 253/253/253
f 309/309/309 260/260/260 255/255/255
f 253/253/253 310/310/310 308/308/308
f 311/311/311 274/274/274 268/268/268
f 77/312/77 312/313/312 205/314/205
f 313/315/313 292/292/292 314/316/314
f 209/317/209 315/318/315 213/319/213
f 316/320/316 230/321/230 317/322/317
f 293/293/293 318/323/318 319/324/319
f 154/325/154 320/326/320 226/327/226
f 321/328/321 263/263/263 322/329/322
f 323/330/323 280/280/280 274/274/274
f 321/328/321 275/275/275 270/270/270
f 324/331/324 295/295/295 325/332/325
f 245/245/245 315/318/315 310/310/310
f 326/333/326 248/248/248 236/236/236
f 327/334/327 236/236/236 238/238/238
f 328/335/328 109/336/109 108/337/108
f 226/327/226 329/338/329 206/339/206
f 167/340/167 330/341/330 166/342/166
f 102/343/102 321/328/321 322/329/322
f 101/344/101 331/345/331 321/328/321
f 236/236/236 249/249/249 237/237/237
f 242/242/242 252/252/252 243/243/243
f 245/245/245 254/254/254 246/246/246
f 250/250/250 257/257/257 241/241/241
f 255/255/255 261/261/261 249/249/249
f 258/258/258 264/264/264 252/252/252
f 259/259/259 266/266/266 254/254/254
f 262/262/262 269/269/269 257/257/257
f 267/267/267 273/273/273 261/261/261
f 270/270/270 276/276/276 264/264/264
f 271/271/271 278/278/278 266/266/266
f 274/274/274 281/281/281 269/269/269
f 279/279/279 285/285/285 273/273/273
f 282/282/282 246/246/246 276/276/276
f 283/283/283 288/288/288 278/278/278
f 286/286/286 291/291/291 281/281/281
f 289/289/289 294/294/294 285/285/285
f 292/292/292 297/297/297 288/288/288
f 295/295/295 300/300/300 291/291/291
f 298/298/298 303/303/303 294/294/294
f 301/301/301 306/306/306 297/297/297
f 304/304/304 237/237/237 300/300/300
f 307/307/307 243/243/243 303/303/303
f 239/239/239 241/241/241 306/306/306
f 332/346/332 333/347/333 334/348/334
f 335/349/335 336/350/336 337/351/337
f 338/352/338 339/353/339 336/350/336
f 332/346/332 340/354/340 341/355/341
f 342/356/342 343/357/343 344/358/344
f 345/359/345 346/360/346 347/361/347
f 348/362/348 273/273/273 349/363/349
f 345/359/345 350/364/350 351/365/351
f 341/355/341 352/366/352 333/347/333
f 353/367/353 354/368/354 355/369/355
f 300/300/300 356/370/356 291/291/291
f 357/371/357 358/372/358 354/368/354
f 294/294/294 359/373/359 345/359/345
f 285/285/285 349/363/349 273/273/273
f 360/374/360 257/257/257 269/269/269
f 161/375/161 361/376/361 171/377/171
f 295/295/295 362/378/362 325/332/325
f 277/277/277 363/379/363 283/283/283
f 256/256/256 364/380/364 361/376/361
f 365/381/365 242/242/242 366/382/366
f 256/256/256 367/383/367 262/262/262
f 302/302/302 368/384/368 307/307/307
f 330/341/330 250/250/250 240/240/240
f 369/385/369 272/272/272 320/326/320
f 324/331/324 304/304/304 299/299/299
f 328/335/328 255/255/255 248/248/248
f 162/386/162 367/383/367 161/375/161
f 229/387/229 365/381/365 159/388/159
f 363/379/363 287/287/287 283/283/283
f 313/315/313 205/314/205 312/313/312
f 90/389/90 370/390/370 368/384/368
f 371/391/371 271/271/271 317/322/317
f 225/392/225 319/324/319 318/323/318
f 298/298/298 372/393/372 302/302/302
f 153/394/153 329/338/329 373/395/373
f 258/258/258 322/329/322 263/263/263
f 140/396/140 371/391/371 151/397/151
f 374/398/374 290/290/290 286/286/286
f 212/399/212 315/318/315 375/400/375
f 107/401/107 314/316/314 105/402/105
f 227/403/227 376/404/376 228/405/228
f 142/406/142 363/379/363 140/396/140
f 377/407/377 378/408/378 379/409/379
f 380/410/380 381/411/381 382/412/382
f 383/413/383 357/371/357 353/367/353
f 384/414/384 385/415/385 339/353/339
f 335/349/335 386/416/386 350/364/350
f 351/365/351 386/416/386 387/417/387
f 377/407/377 388/418/388 389/419/389
f 357/371/357 390/420/390 391/421/391
f 334/348/334 392/422/392 393/423/393
f 254/254/254 358/372/358 394/424/394
f 395/425/395 341/355/341 340/354/340
f 396/426/396 377/407/377 397/427/397
f 246/246/246 394/424/394 398/428/398
f 252/252/252 399/429/399 400/430/400
f 288/288/288 401/431/401 355/369/355
f 402/432/402 399/429/399 403/433/403
f 404/434/404 338/352/338 335/349/335
f 264/264/264 403/433/403 399/429/399
f 359/373/359 335/349/335 350/364/350
f 291/291/291 405/435/405 281/281/281
f 346/360/346 349/363/349 347/361/347
f 397/427/397 241/241/241 396/426/396
f 154/325/154 406/436/406 369/385/369
f 284/284/284 369/385/369 406/436/406
f 407/437/407 238/238/238 304/304/304
f 367/383/367 268/268/268 262/262/262
f 365/381/365 258/258/258 251/251/251
f 408/438/408 239/239/239 305/305/305
f 166/342/166 409/439/409 79/440/79
f 329/338/329 260/260/260 373/395/373
f 104/441/104 365/381/365 366/382/366
f 301/301/301 408/438/408 305/305/305
f 217/442/217 375/400/375 331/345/331
f 368/384/368 244/244/244 307/307/307
f 325/332/325 215/443/215 82/444/82
f 366/382/366 244/244/244 370/390/370
f 320/326/320 267/267/267 329/338/329
f 210/445/210 410/446/410 319/324/319
f 287/287/287 314/316/314 292/292/292
f 312/313/312 296/296/296 313/315/313
f 282/282/282 331/345/331 375/400/375
f 164/447/164 324/331/324 84/448/84
f 216/449/216 368/384/368 372/393/372
f 228/405/228 308/308/308 208/450/208
f 214/451/214 318/323/318 406/436/406
f 208/450/208 310/310/310 209/317/209
f 207/452/207 407/437/407 164/447/164
f 151/397/151 317/322/317 230/321/230
f 352/366/352 237/237/237 249/249/249
f 411/453/411 390/420/390 343/357/343
f 276/276/276 398/428/398 403/433/403
f 412/454/412 413/455/413 414/456/414
f 378/408/378 415/457/415 412/454/412
f 348/362/348 416/458/416 392/422/392
f 391/421/391 394/424/394 358/372/358
f 257/257/257 396/426/396 241/241/241
f 401/431/401 353/367/353 355/369/355
f 400/430/400 384/414/384 338/352/338
f 288/288/288 354/368/354 278/278/278
f 348/362/348 333/347/333 352/366/352
f 411/453/411 398/428/398 394/424/394
f 360/374/360 281/281/281 405/435/405
f 377/407/377 401/431/401 397/427/397
f 240/240/240 409/439/409 330/341/330
f 298/298/298 319/324/319 410/446/410
f 402/432/402 344/358/344 385/415/385
f 375/400/375 247/247/247 282/282/282
f 265/265/265 376/404/376 316/320/316
f 406/436/406 289/289/289 284/284/284
f 105/402/105 417/459/417 142/406/142
f 157/460/157 372/393/372 410/446/410
f 92/461/92 366/382/366 370/390/370
f 162/386/162 323/330/323 311/311/311
f 374/398/374 168/462/168 170/463/170
f 109/336/109 327/334/327 207/452/207
f 309/309/309 108/337/108 152/464/152
f 324/331/324 82/444/82 84/448/84
f 171/377/171 364/380/364 167/340/167
f 317/322/317 265/265/265 316/320/316
f 403/433/403 342/356/342 402/432/402
f 280/280/280 374/398/374 286/286/286
f 168/462/168 323/330/323 86/465/86
f 215/443/215 374/398/374 170/463/170
f 79/440/79 408/438/408 77/312/77
f 152/464/152 373/395/373 309/309/309
f 414/456/414 418/466/418 380/410/380
f 346/360/346 419/467/419 416/458/416
f 416/458/416 393/423/393 392/422/392
f 389/419/389 383/413/383 353/367/353
f 340/354/340 382/412/382 381/411/381
f 351/365/351 420/468/420 346/360/346
f 303/303/303 404/434/404 359/373/359
f 285/285/285 345/359/345 347/361/347
f 397/427/397 297/297/297 306/306/306
f 243/243/243 400/430/400 404/434/404
f 413/455/413 405/435/405 418/466/418
f 237/237/237 395/425/395 300/300/300
f 360/374/360 415/457/415 421/469/421
f 348/362/348 249/249/249 261/261/261
f 418/466/418 356/370/356 381/411/381
f 395/425/395 381/411/381 356/370/356
f 415/457/415 396/426/396 421/469/421
f 266/266/266 354/368/354 358/372/358
f 229/387/229 322/329/322 422/470/422
f 73/73/73 169/169/169 24/24/24
f 74/74/74 160/160/160 25/25/25
f 18/18/18 10/10/10 75/75/75
f 76/76/76 95/95/95 39/39/39
f 77/77/77 203/203/203 78/78/78
f 80/80/80 61/61/61 57/57/57
f 82/82/82 75/75/75 83/83/83
f 85/85/85 168/168/168 86/86/86
f 58/58/58 54/54/54 88/88/88
f 90/90/90 150/150/150 91/91/91
f 93/93/93 35/35/35 28/28/28
f 95/95/95 423/471/423 45/45/45
f 93/93/93 110/110/110 40/40/40
f 96/96/96 64/64/64 60/60/60
f 10/10/10 12/12/12 83/83/83
f 98/98/98 100/100/100 13/13/13
f 99/99/99 98/98/98 1/1/1
f 100/100/100 98/98/98 101/101/101
f 92/92/92 91/91/91 103/103/103
f 105/105/105 145/145/145 106/106/106
f 108/108/108 109/109/109 93/93/93
f 109/109/109 207/207/207 110/110/110
f 111/111/111 120/120/120 112/112/112
f 114/114/114 117/117/117 115/115/115
f 117/117/117 179/179/179 118/118/118
f 111/111/111 424/472/424 119/119/119
f 121/121/121 218/218/218 122/122/122
f 124/124/124 130/130/130 125/125/125
f 127/127/127 26/26/26 38/38/38
f 124/124/124 138/138/138 129/129/129
f 120/120/120 425/473/425 131/131/131
f 132/132/132 136/136/136 133/133/133
f 65/65/65 190/190/190 135/135/135
f 136/136/136 186/186/186 137/137/137
f 59/59/59 68/68/68 138/138/138
f 50/50/50 126/126/126 128/128/128
f 139/139/139 234/234/234 22/22/22
f 140/140/140 148/148/148 141/141/141
f 60/60/60 55/55/55 143/143/143
f 42/42/42 156/156/156 144/144/144
f 21/21/21 15/15/15 145/145/145
f 146/146/146 16/16/16 7/7/7
f 21/21/21 141/141/141 148/148/148
f 67/67/67 158/158/158 149/149/149
f 106/106/106 145/145/145 15/15/15
f 150/150/150 44/44/44 37/37/37
f 96/96/96 202/202/202 69/69/69
f 100/100/100 74/74/74 20/20/20
f 151/151/151 76/76/76 148/148/148
f 152/152/152 235/235/235 146/146/146
f 144/144/144 224/224/224 52/52/52
f 80/80/80 166/166/166 79/79/79
f 154/154/154 226/226/226 155/155/155
f 156/156/156 42/42/42 36/36/36
f 157/157/157 210/210/210 89/89/89
f 63/63/63 211/211/211 158/158/158
f 159/159/159 104/104/104 103/103/103
f 23/23/23 235/235/235 94/94/94
f 161/161/161 144/144/144 156/156/156
f 163/163/163 143/143/143 55/55/55
f 164/164/164 84/84/84 83/83/83
f 166/166/166 80/80/80 81/81/81
f 168/168/168 85/85/85 169/169/169
f 171/171/171 224/224/224 144/144/144
f 172/172/172 426/474/426 173/173/173
f 175/175/175 231/231/231 176/176/176
f 178/178/178 427/475/427 136/136/136
f 179/179/179 197/197/197 180/180/180
f 114/114/114 116/116/116 181/181/181
f 130/130/130 129/129/129 181/181/181
f 172/172/172 174/174/174 183/183/183
f 136/136/136 427/475/427 185/185/185
f 113/113/113 112/112/112 187/187/187
f 19/19/19 31/31/31 137/137/137
f 190/190/190 425/473/425 120/120/120
f 191/191/191 426/474/426 172/172/172
f 11/11/11 19/19/19 189/189/189
f 17/17/17 29/29/29 194/194/194
f 53/53/53 62/62/62 196/196/196
f 197/197/197 179/179/179 194/194/194
f 199/199/199 195/195/195 117/117/117
f 29/29/29 41/41/41 198/198/198
f 138/138/138 199/199/199 114/114/114
f 56/56/56 135/135/135 200/200/200
f 125/125/125 223/223/223 128/128/128
f 192/192/192 71/71/71 6/6/6
f 90/90/90 216/216/216 201/201/201
f 49/49/49 44/44/44 150/150/150
f 202/202/202 99/99/99 3/3/3
f 148/148/148 76/76/76 33/33/33
f 146/146/146 235/235/235 23/23/23
f 203/203/203 204/204/204 4/4/4
f 107/107/107 106/106/106 204/204/204
f 103/103/103 32/32/32 25/25/25
f 206/206/206 153/153/153 146/146/146
f 66/66/66 78/78/78 203/203/203
f 207/207/207 164/164/164 165/165/165
f 149/149/149 155/155/155 9/9/9
f 97/97/97 143/143/143 208/208/208
f 147/147/147 7/7/7 9/9/9
f 91/91/91 37/37/37 32/32/32
f 210/210/210 225/225/225 211/211/211
f 52/52/52 224/224/224 81/81/81
f 78/78/78 66/66/66 61/61/61
f 47/47/47 40/40/40 110/110/110
f 212/212/212 202/202/202 96/96/96
f 214/214/214 154/154/154 149/149/149
f 170/170/170 169/169/169 73/73/73
f 216/216/216 157/157/157 88/88/88
f 215/215/215 73/73/73 75/75/75
f 217/217/217 99/99/99 202/202/202
f 162/162/162 156/156/156 87/87/87
f 131/131/131 425/473/425 2/2/2
f 218/218/218 186/186/186 185/185/185
f 41/41/41 11/11/11 193/193/193
f 219/219/219 222/222/222 220/220/220
f 173/173/173 426/474/426 222/222/222
f 127/127/127 128/128/128 223/223/223
f 186/186/186 218/218/218 189/189/189
f 22/22/22 234/234/234 191/191/191
f 196/196/196 184/184/184 132/132/132
f 195/195/195 194/194/194 179/179/179
f 53/53/53 134/134/134 133/133/133
f 127/127/127 187/187/187 112/112/112
f 218/218/218 121/121/121 193/193/193
f 139/139/139 34/34/34 46/46/46
f 172/172/172 184/184/184 196/196/196
f 5/5/5 4/4/4 204/204/204
f 63/63/63 58/58/58 89/89/89
f 197/197/197 121/121/121 123/123/123
f 165/165/165 83/83/83 12/12/12
f 30/30/30 24/24/24 169/169/169
f 201/201/201 88/88/88 54/54/54
f 167/167/167 81/81/81 224/224/224
f 225/225/225 214/214/214 158/158/158
f 226/226/226 206/206/206 147/147/147
f 151/151/151 230/230/230 95/95/95
f 163/163/163 423/471/423 227/227/227
f 101/101/101 98/98/98 99/99/99
f 74/74/74 100/100/100 102/102/102
f 96/96/96 97/97/97 209/209/209
f 142/142/142 141/141/141 145/145/145
f 87/87/87 36/36/36 30/30/30
f 198/198/198 193/193/193 121/121/121
f 45/45/45 423/471/423 163/163/163
f 227/227/227 423/471/423 95/95/95
f 208/208/208 143/143/143 163/163/163
f 205/205/205 204/204/204 203/203/203
f 229/229/229 159/159/159 160/160/160
f 221/221/221 220/220/220 231/231/231
f 125/125/125 233/233/233 232/232/232
f 223/223/223 232/232/232 188/188/188
f 184/184/184 183/183/183 178/178/178
f 119/119/119 424/472/424 177/177/177
f 130/130/130 182/182/182 233/233/233
f 68/68/68 8/8/8 199/199/199
f 50/50/50 59/59/59 124/124/124
f 192/192/192 196/196/196 62/62/62
f 8/8/8 17/17/17 195/195/195
f 220/220/220 139/139/139 200/200/200
f 2/2/2 425/473/425 190/190/190
f 139/139/139 220/220/220 222/222/222
f 127/127/127 131/131/131 14/14/14
f 231/231/231 200/200/200 135/135/135
f 190/190/190 119/119/119 176/176/176
f 222/222/222 426/474/426 191/191/191
f 31/31/31 43/43/43 133/133/133
f 152/152/152 108/108/108 94/94/94
f 308/308/308 376/404/376 259/259/259
f 309/309/309 373/395/373 260/260/260
f 253/253/253 245/245/245 310/310/310
f 311/311/311 323/330/323 274/274/274
f 77/312/77 408/438/408 312/313/312
f 313/315/313 296/296/296 292/292/292
f 209/317/209 310/310/310 315/318/315
f 316/320/316 227/403/227 230/321/230
f 293/293/293 289/289/289 318/323/318
f 154/325/154 369/385/369 320/326/320
f 321/328/321 270/270/270 263/263/263
f 323/330/323 428/476/428 280/280/280
f 321/328/321 331/345/331 275/275/275
f 324/331/324 299/299/299 295/295/295
f 245/245/245 247/247/247 315/318/315
f 326/333/326 328/335/328 248/248/248
f 327/334/327 326/333/326 236/236/236
f 328/335/328 326/333/326 109/336/109
f 226/327/226 320/326/320 329/338/329
f 167/340/167 364/380/364 330/341/330
f 102/343/102 101/344/101 321/328/321
f 101/344/101 217/442/217 331/345/331
f 332/346/332 341/355/341 333/347/333
f 335/349/335 338/352/338 336/350/336
f 338/352/338 384/414/384 339/353/339
f 332/346/332 429/477/429 340/354/340
f 342/356/342 411/453/411 343/357/343
f 345/359/345 351/365/351 346/360/346
f 348/362/348 261/261/261 273/273/273
f 345/359/345 359/373/359 350/364/350
f 341/355/341 430/478/430 352/366/352
f 353/367/353 357/371/357 354/368/354
f 300/300/300 395/425/395 356/370/356
f 357/371/357 391/421/391 358/372/358
f 294/294/294 303/303/303 359/373/359
f 285/285/285 347/361/347 349/363/349
f 360/374/360 421/469/421 257/257/257
f 161/375/161 367/383/367 361/376/361
f 295/295/295 290/290/290 362/378/362
f 277/277/277 371/391/371 363/379/363
f 256/256/256 250/250/250 364/380/364
f 365/381/365 251/251/251 242/242/242
f 256/256/256 361/376/361 367/383/367
f 302/302/302 372/393/372 368/384/368
f 330/341/330 364/380/364 250/250/250
f 369/385/369 279/279/279 272/272/272
f 324/331/324 407/437/407 304/304/304
f 328/335/328 309/309/309 255/255/255
f 162/386/162 311/311/311 367/383/367
f 229/387/229 422/470/422 365/381/365
f 363/379/363 417/459/417 287/287/287
f 313/315/313 107/401/107 205/314/205
f 90/389/90 92/461/92 370/390/370
f 371/391/371 277/277/277 271/271/271
f 225/392/225 210/445/210 319/324/319
f 298/298/298 410/446/410 372/393/372
f 153/394/153 206/339/206 329/338/329
f 258/258/258 422/470/422 322/329/322
f 140/396/140 363/379/363 371/391/371
f 374/398/374 362/378/362 290/290/290
f 212/399/212 213/319/213 315/318/315
f 107/401/107 313/315/313 314/316/314
f 227/403/227 316/320/316 376/404/376
f 142/406/142 417/459/417 363/379/363
f 377/407/377 431/479/431 378/408/378
f 380/410/380 418/466/418 381/411/381
f 383/413/383 432/480/432 357/371/357
f 384/414/384 402/432/402 385/415/385
f 335/349/335 337/351/337 386/416/386
f 351/365/351 350/364/350 386/416/386
f 377/407/377 379/409/379 388/418/388
f 357/371/357 432/480/432 390/420/390
f 334/348/334 333/347/333 392/422/392
f 254/254/254 266/266/266 358/372/358
f 395/425/395 430/478/430 341/355/341
f 396/426/396 431/479/431 377/407/377
f 246/246/246 254/254/254 394/424/394
f 252/252/252 264/264/264 399/429/399
f 288/288/288 297/297/297 401/431/401
f 402/432/402 384/414/384 399/429/399
f 404/434/404 400/430/400 338/352/338
f 264/264/264 276/276/276 403/433/403
f 359/373/359 404/434/404 335/349/335
f 291/291/291 356/370/356 405/435/405
f 346/360/346 416/458/416 349/363/349
f 397/427/397 306/306/306 241/241/241
f 154/325/154 214/451/214 406/436/406
f 284/284/284 279/279/279 369/385/369
f 407/437/407 327/334/327 238/238/238
f 367/383/367 311/311/311 268/268/268
f 365/381/365 422/470/422 258/258/258
f 408/438/408 409/439/409 239/239/239
f 166/342/166 330/341/330 409/439/409
f 329/338/329 267/267/267 260/260/260
f 104/441/104 159/388/159 365/381/365
f 301/301/301 312/313/312 408/438/408
f 217/442/217 212/399/212 375/400/375
f 368/384/368 370/390/370 244/244/244
f 325/332/325 362/378/362 215/443/215
f 366/382/366 242/242/242 244/244/244
f 320/326/320 272/272/272 267/267/267
f 210/445/210 157/460/157 410/446/410
f 287/287/287 417/459/417 314/316/314
f 312/313/312 301/301/301 296/296/296
f 282/282/282 275/275/275 331/345/331
f 164/447/164 407/437/407 324/331/324
f 216/449/216 90/389/90 368/384/368
f 228/405/228 376/404/376 308/308/308
f 214/451/214 225/392/225 318/323/318
f 208/450/208 308/308/308 310/310/310
f 207/452/207 327/334/327 407/437/407
f 151/397/151 371/391/371 317/322/317
f 352/366/352 430/478/430 237/237/237
f 411/453/411 391/421/391 390/420/390
f 276/276/276 246/246/246 398/428/398
f 412/454/412 415/457/415 413/455/413
f 378/408/378 431/479/431 415/457/415
f 348/362/348 349/363/349 416/458/416
f 391/421/391 411/453/411 394/424/394
f 257/257/257 421/469/421 396/426/396
f 401/431/401 389/419/389 353/367/353
f 400/430/400 399/429/399 384/414/384
f 288/288/288 355/369/355 354/368/354
f 348/362/348 392/422/392 333/347/333
f 411/453/411 342/356/342 398/428/398
f 360/374/360 269/269/269 281/281/281
f 377/407/377 389/419/389 401/431/401
f 240/240/240 239/239/239 409/439/409
f 298/298/298 293/293/293 319/324/319
f 402/432/402 342/356/342 344/358/344
f 375/400/375 315/318/315 247/247/247
f 265/265/265 259/259/259 376/404/376
f 406/436/406 318/323/318 289/289/289
f 105/402/105 314/316/314 417/459/417
f 157/460/157 216/449/216 372/393/372
f 92/461/92 104/441/104 366/382/366
f 162/386/162 86/465/86 323/330/323
f 374/398/374 428/476/428 168/462/168
f 109/336/109 326/333/326 327/334/327
f 309/309/309 328/335/328 108/337/108
f 324/331/324 325/332/325 82/444/82
f 171/377/171 361/376/361 364/380/364
f 317/322/317 271/271/271 265/265/265
f 403/433/403 398/428/398 342/356/342
f 280/280/280 428/476/428 374/398/374
f 168/462/168 428/476/428 323/330/323
f 215/443/215 362/378/362 374/398/374
f 79/440/79 409/439/409 408/438/408
f 152/464/152 153/394/153 373/395/373
f 414/456/414 413/455/413 418/466/418
f 346/360/346 420/468/420 419/467/419
f 416/458/416 419/467/419 393/423/393
f 389/419/389 388/418/388 383/413/383
f 340/354/340 429/477/429 382/412/382
f 351/365/351 387/417/387 420/468/420
f 303/303/303 243/243/243 404/434/404
f 285/285/285 294/294/294 345/359/345
f 397/427/397 401/431/401 297/297/297
f 243/243/243 252/252/252 400/430/400
f 413/455/413 360/374/360 405/435/405
f 237/237/237 430/478/430 395/425/395
f 360/374/360 413/455/413 415/457/415
f 348/362/348 352/366/352 249/249/249
f 418/466/418 405/435/405 356/370/356
f 395/425/395 340/354/340 381/411/381
f 415/457/415 431/479/431 396/426/396
f 266/266/266 278/278/278 354/368/354
f 229/387/229 102/343/102 322/329/322
usemtl rim_mat
f 433/481/433 434/482/434 435/483/434 436/484/435
f 437/485/436 438/486/437 439/487/438 440/488/436
f 441/489/439 442/490/440 443/491/440 444/492/441
f 434/482/434 445/493/442 446/494/443 435/483/434
f 439/487/438 438/486/437 447/495/444 448/496/445
f 442/490/440 449/497/446 450/498/447 443/491/440
f 451/499/448 452/500/449 453/501/450 454/502/451
f 455/503/452 456/504/453 457/505/454 458/506/455
f 433/481/433 436/484/435 459/507/456 460/508/457
f 438/509/458 451/499/448 454/502/451 447/510/459
f 452/511/460 461/512/461 462/513/461 463/514/462
f 464/515/463 465/516/464 466/517/465 467/518/466
f 468/519/467 469/520/468 470/521/468 455/522/469
f 461/523/461 471/524/470 472/525/471 462/526/461
f 464/515/463 473/527/472 474/528/472 465/516/464
f 469/520/468 475/529/473 476/530/474 470/521/468
f 477/531/475 441/532/476 478/533/477 479/534/478
f 473/527/472 480/535/479 481/536/480 474/528/472
f 456/504/453 446/537/481 482/538/482 457/505/454
f 475/539/483 477/531/475 479/534/478 483/540/484
f 484/541/485 481/542/486 485/543/487 486/544/488
f 468/519/467 455/522/469 458/545/489 487/546/490
f 488/547/491 437/485/436 440/488/436 489/548/492
f 490/549/493 488/550/494 491/551/495 492/552/496
f 493/553/497 494/554/498 495/555/499
f 496/556/500 497/557/501 494/554/498 493/553/497
f 498/558/502 465/559/503 499/560/504 500/561/505
f 455/503/452 470/562/506 501/563/507 502/564/508
f 462/565/509 472/566/510 503/567/511 504/568/512
f 465/559/503 474/569/513 505/570/514 499/560/504
f 470/562/506 476/571/515 506/572/516 501/563/507
f 472/566/510 507/573/517 508/574/518 503/567/511
f 474/569/513 481/542/486 509/575/519 505/570/514
f 484/541/485 489/576/520 510/577/521 511/578/522
f 476/571/515 512/579/523 496/556/500 506/572/516
f 507/573/517 436/580/524 513/581/525 508/574/518
f 481/542/486 484/541/485 511/578/522 509/575/519
f 489/576/520 440/582/526 514/583/527 510/577/521
f 512/579/523 444/584/528 497/557/501 496/556/500
f 436/580/524 435/585/529 515/586/530 513/581/525
f 440/582/526 439/587/531 516/588/532 514/583/527
f 444/584/528 443/589/533 517/590/534 497/557/501
f 435/585/529 446/537/481 518/591/535 515/586/530
f 439/587/531 519/592/536 520/593/537 516/588/532
f 443/589/533 450/594/538 521/595/539 517/590/534
f 446/537/481 456/504/453 522/596/540 518/591/535
f 519/592/536 463/597/541 523/598/542 520/593/537
f 450/594/538 498/558/502 500/561/505 521/595/539
f 524/599/543 525/600/544 526/601/545 527/602/546
f 528/603/547 529/604/548 530/605/549 531/606/550
f 494/554/498 532/607/551 533/608/552 495/555/499
f 525/600/544 534/609/553 526/601/545
f 529/604/548 535/610/554 536/611/555 530/605/549
f 532/607/551 537/612/556 538/613/557 533/608/552
f 534/609/553 539/614/558 540/615/559 526/601/545
f 535/610/554 541/616/560 536/611/555
f 537/612/556 542/617/561 538/613/557
f 539/614/558 543/618/562 544/619/563 540/615/559
f 541/616/560 545/620/564 546/621/565 536/611/555
f 542/617/561 547/622/566 548/623/567 538/613/557
f 543/618/562 549/624/568 544/619/563
f 545/620/564 550/625/569 551/626/570 546/621/565
f 547/622/566 552/627/571 553/628/572 548/623/567
f 549/624/568 554/629/573 555/630/574 544/619/563
f 550/625/569 556/631/575 551/626/570
f 552/627/571 557/632/576 553/628/572
f 558/633/577 559/634/578 531/606/550 560/635/579
f 554/629/573 493/553/497 495/555/499 555/630/574
f 556/631/575 524/599/543 527/602/546 551/626/570
f 557/632/576 558/633/577 560/635/579 553/628/572
f 531/606/550 559/634/578 528/603/547
f 540/615/559 561/636/580 562/637/581 526/601/545
f 527/602/546 563/638/582 564/639/583 551/626/570
f 536/611/555 565/640/584 566/641/585 530/605/549
f 531/606/550 567/642/586 568/643/587 560/635/579
f 553/628/572 569/644/588 570/645/589 548/623/567
f 571/646/590 495/555/499 533/608/552 572/647/591
f 546/621/565 573/648/592 565/640/584 536/611/555
f 563/638/582 527/602/546 526/601/545 562/637/581
f 510/577/521 514/583/527 528/603/547 559/634/578
f 509/575/519 511/578/522 558/633/577 557/632/576
f 508/574/518 513/581/525 524/599/543 556/631/575
f 506/572/516 496/556/500 493/553/497 554/629/573
f 511/578/522 510/577/521 559/634/578 558/633/577
f 505/570/514 509/575/519 557/632/576 552/627/571
f 503/567/511 508/574/518 556/631/575 550/625/569
f 501/563/507 506/572/516 554/629/573 549/624/568
f 499/560/504 505/570/514 552/627/571 547/622/566
f 504/568/512 503/567/511 550/625/569 545/620/564
f 502/564/508 501/563/507 549/624/568 543/618/562
f 500/561/505 499/560/504 547/622/566 542/617/561
f 523/598/542 504/568/512 545/620/564 541/616/560
f 522/596/540 502/564/508 543/618/562 539/614/558
f 521/595/539 500/561/505 542/617/561 537/612/556
f 520/593/537 523/598/542 541/616/560 535/610/554
f 518/591/535 522/596/540 539/614/558 534/609/553
f 517/590/534 521/595/539 537/612/556 532/607/551
f 516/588/532 520/593/537 535/610/554 529/604/548
f 515/586/530 518/591/535 534/609/553 525/600/544
f 497/557/501 517/590/534 532/607/551 494/554/498
f 514/583/527 516/588/532 529/604/548 528/603/547
f 551/626/570 564/639/583 573/648/592 546/621/565
f 548/623/567 570/645/589 574/649/593 538/613/557
f 567/642/586 531/606/550 530/605/549 566/641/585
f 544/619/563 575/650/594 561/636/580 540/615/559
f 569/644/588 553/628/572 560/635/579 568/643/587
f 538/613/557 574/649/593 572/647/591 533/608/552
f 495/555/499 571/646/590 576/651/595 555/630/574
f 555/630/574 576/651/595 575/650/594 544/619/563
f 513/581/525 515/586/530 525/600/544 524/599/543
f 502/564/508 522/596/540 456/504/453 455/503/452
f 447/495/444 454/652/596 577/653/596 448/496/445
f 578/654/597 579/655/598 457/656/598 482/657/599
f 454/652/596 453/658/600 580/659/601 577/653/596
f 581/660/602 582/661/603 583/662/603 584/663/604
f 579/655/598 487/546/490 458/545/489 457/656/598
f 582/661/603 467/518/466 466/517/465 583/662/603
f 585/664/605 586/665/606 587/666/606 588/667/607
f 492/668/608 491/669/609 589/670/610 486/671/608
f 483/672/611 479/673/612 590/674/612 591/675/613
f 586/665/606 460/508/457 459/507/456 587/666/606
f 592/676/614 492/668/608 486/671/608 485/677/615
f 479/673/612 478/678/616 593/679/617 590/674/612
f 472/525/471 471/524/470 585/664/605 588/667/607
f 489/576/520 484/541/485 486/544/488 589/680/618
f 449/681/619 594/682/620 582/683/621 581/684/622
f 512/579/523 476/571/515 591/685/623 590/686/624
f 594/682/620 464/687/625 467/688/626 582/683/621
f 476/530/474 475/529/473 483/672/611 591/675/613
f 471/689/627 595/690/628 586/691/629 585/692/630
f 441/489/439 444/492/441 593/679/617 478/678/616
f 444/584/528 512/579/523 590/686/624 593/693/631
f 595/690/628 433/694/632 460/695/633 586/691/629
f 519/592/536 439/587/531 448/696/634 577/697/635
f 446/494/443 445/493/442 578/654/597 482/657/599
f 481/536/480 480/535/479 592/676/614 485/677/615
f 463/597/541 519/592/536 577/697/635 580/698/636
f 480/699/637 490/549/493 492/552/496 592/700/638
f 488/547/491 489/548/492 589/670/610 491/669/609
f 450/498/447 449/497/446 581/660/602 584/663/604
f 498/558/502 450/594/538 584/701/639 583/702/640
f 445/703/641 596/704/642 579/705/643 578/706/644
f 465/559/503 498/558/502 583/702/640 466/707/645
f 507/573/517 472/566/510 588/708/646 587/709/647
f 596/704/642 468/710/648 487/711/649 579/705/643
f 452/511/460 463/514/462 580/659/601 453/658/600
f 436/580/524 507/573/517 587/709/647 459/712/650
f 569/713/651 597/714/651 598/715/651 570/716/651
f 568/717/651 599/718/651 597/714/651 569/713/651
f 567/719/651 600/720/651 599/718/651 568/717/651
f 566/721/651 601/722/651 600/720/651 567/719/651
f 565/723/651 602/724/651 601/722/651 566/721/651
f 573/725/651 603/726/651 602/724/651 565/723/651
f 564/727/651 604/728/651 603/726/651 573/725/651
f 563/729/651 605/730/651 604/728/651 564/727/651
f 562/731/651 606/732/651 605/730/651 563/729/651
f 561/733/651 607/734/651 606/732/651 562/731/651
f 575/735/651 608/736/651 607/734/651 561/733/651
f 576/737/651 609/738/651 608/736/651 575/735/651
f 571/739/651 610/740/651 609/738/651 576/737/651
f 572/741/651 611/742/651 610/740/651 571/739/651
f 574/743/651 612/744/651 611/742/651 572/741/651
f 570/716/651 598/715/651 612/744/651 574/743/651
f 441/532/476 477/531/475 613/745/652 614/746/216
f 437/747/653 488/550/494 615/748/654 616/749/653
f 490/549/493 480/699/637 617/750/655 618/751/84
f 433/694/632 595/690/628 619/752/142 620/753/656
f 477/531/475 475/539/483 621/754/657 613/745/652
f 488/550/494 490/549/493 618/751/84 615/748/654
f 480/699/637 473/755/108 622/756/108 617/750/655
f 595/690/628 471/689/627 623/757/107 619/752/142
f 475/539/483 469/758/102 624/759/102 621/754/657
f 473/755/108 464/687/625 625/760/658 622/756/108
f 471/689/627 461/761/77 626/762/77 623/757/107
f 469/758/102 468/710/648 627/763/659 624/759/102
f 464/687/625 594/682/620 628/764/660 625/760/658
f 461/765/77 452/500/449 629/766/166 626/767/77
f 468/710/648 596/704/642 630/768/213 627/763/659
f 594/682/620 449/681/619 631/769/214 628/764/660
f 452/500/449 451/499/448 632/770/171 629/766/166
f 596/704/642 445/703/641 633/771/661 630/768/213
f 449/681/619 442/772/210 634/773/210 631/769/214
f 451/499/448 438/509/458 635/774/662 632/770/171
f 445/703/641 434/775/663 636/776/663 633/771/661
f 442/772/210 441/532/476 614/746/216 634/773/210
f 438/509/458 437/747/653 616/749/653 635/774/662
f 434/775/663 433/694/632 620/753/656 636/776/663
f 463/597/541 462/565/509 504/568/512 523/598/542
f 637/777/663 638/778/664 639/779/664 640/780/663
f 641/781/665 642/782/666 643/783/666 644/784/665
f 638/778/664 645/785/667 646/786/667 639/779/664
f 642/782/666 647/787/668 648/788/668 643/783/666
f 649/789/669 650/790/670 651/791/670 652/792/669
f 647/787/668 653/793/652 654/794/652 648/788/668
f 655/795/671 637/777/663 640/780/663 656/796/671
f 657/797/171 649/789/669 652/792/669 658/798/171
f 645/785/667 657/797/171 658/798/171 646/786/667
f 659/799/672 655/795/671 656/796/671 660/800/672
f 650/790/670 641/781/665 644/784/665 651/791/670
f 653/793/652 659/801/672 660/802/672 654/794/652
f 641/803/651 650/804/651 661/805/651
f 647/806/651 642/807/651 661/805/651
f 637/808/651 655/809/651 661/805/651
f 655/809/651 659/810/651 661/805/651
f 653/811/651 647/806/651 661/805/651
f 642/807/651 641/803/651 661/805/651
f 645/812/651 638/813/651 661/805/651
f 650/804/651 649/814/651 661/805/651
f 659/810/651 653/811/651 661/805/651
f 638/813/651 637/808/651 661/805/651
f 649/814/651 657/815/651 661/805/651
f 657/815/651 645/812/651 661/805/651
f 662/816/102 663/817/673 664/818/673 665/819/102
f 666/820/653 667/821/674 668/822/674 669/823/653
f 663/817/673 670/824/675 671/825/675 664/818/673
f 667/821/674 672/826/676 673/827/676 668/822/674
f 674/828/677 675/829/678 676/830/678 677/831/677
f 672/826/676 678/832/660 679/833/660 673/827/676
f 680/834/679 662/816/102 665/819/102 681/835/679
f 682/836/142 674/828/677 677/831/677 683/837/142
f 670/824/675 682/836/142 683/837/142 671/825/675
f 684/838/680 680/834/679 681/835/679 685/839/680
f 675/829/678 666/820/653 669/823/653 676/830/678
f 678/832/660 684/840/680 685/841/680 679/833/660
f 666/842/651 675/843/651 686/844/651
f 672/845/651 667/846/651 686/844/651
f 662/847/651 680/848/651 686/844/651
f 680/848/651 684/849/651 686/844/651
f 678/850/651 672/845/651 686/844/651
f 667/846/651 666/842/651 686/844/651
f 670/851/651 663/852/651 686/844/651
f 675/843/651 674/853/651 686/844/651
f 684/849/651 678/850/651 686/844/651
f 663/852/651 662/847/651 686/844/651
f 674/853/651 682/854/651 686/844/651
f 682/854/651 670/851/651 686/844/651
f 687/855/210 688/856/681 689/857/681 690/858/210
f 691/859/77 692/860/682 693/861/682 694/862/77
f 688/856/681 695/863/683 696/864/683 689/857/681
f 692/860/682 697/865/684 698/866/684 693/861/682
f 699/867/685 700/868/686 701/869/686 702/870/685
f 697/865/684 703/871/84 704/872/84 698/866/684
f 705/873/687 687/855/210 690/858/210 706/874/687
f 707/875/213 699/867/685 702/870/685 708/876/213
f 695/863/683 707/875/213 708/876/213 696/864/683
f 709/877/688 705/873/687 706/874/687 710/878/688
f 700/868/686 691/859/77 694/862/77 701/869/686
f 703/871/84 709/879/688 710/880/688 704/872/84
f 691/881/651 700/882/651 711/883/651
f 697/884/651 692/885/651 711/883/651
f 687/886/651 705/887/651 711/883/651
f 705/887/651 709/888/651 711/883/651
f 703/889/651 697/884/651 711/883/651
f 692/885/651 691/881/651 711/883/651
f 695/890/651 688/891/651 711/883/651
f 700/882/651 699/892/651 711/883/651
f 709/888/651 703/889/651 711/883/651
f 688/891/651 687/886/651 711/883/651
f 699/892/651 707/893/651 711/883/651
f 707/893/651 695/890/651 711/883/651
f 712/894/108 713/895/666 714/896/666 715/897/108
f 716/898/689 717/899/664 718/900/664 719/901/689
f 713/895/666 720/902/690 721/903/690 714/896/666
f 717/899/664 722/904/691 723/905/691 718/900/664
f 724/906/692 725/907/671 726/908/671 727/909/692
f 722/904/691 728/910/171 729/911/171 723/905/691
f 730/912/670 712/894/108 715/897/108 731/913/670
f 732/914/652 724/906/692 727/909/692 733/915/652
f 720/902/690 732/914/652 733/915/652 721/903/690
f 734/916/693 730/912/670 731/913/670 735/917/693
f 725/907/671 716/898/689 719/901/689 726/908/671
f 728/910/171 734/918/693 735/919/693 729/911/171
f 716/920/651 725/921/651 736/922/651
f 722/923/651 717/924/651 736/922/651
f 712/925/651 730/926/651 736/922/651
f 730/926/651 734/927/651 736/922/651
f 728/928/651 722/923/651 736/922/651
f 717/924/651 716/920/651 736/922/651
f 720/929/651 713/930/651 736/922/651
f 725/921/651 724/931/651 736/922/651
f 734/927/651 728/928/651 736/922/651
f 713/930/651 712/925/651 736/922/651
f 724/931/651 732/932/651 736/922/651
f 732/932/651 720/929/651 736/922/651
f 737/933/653 738/934/694 739/935/694 740/936/653
f 741/937/695 742/938/696 743/939/696 744/940/695
f 738/934/694 745/941/697 746/942/697 739/935/694
f 742/938/696 747/943/698 748/944/698 743/939/696
f 749/945/699 750/946/679 751/947/679 752/948/699
f 747/943/698 753/949/142 754/950/142 748/944/698
f 755/951/678 737/933/653 740/936/653 756/952/678
f 757/953/660 749/945/699 752/948/699 758/954/660
f 745/941/697 757/953/660 758/954/660 746/942/697
f 759/955/700 755/951/678 756/952/678 760/956/700
f 750/946/679 741/937/695 744/940/695 751/947/679
f 753/949/142 759/957/700 760/958/700 754/950/142
f 741/959/651 750/960/651 761/961/651
f 747/962/651 742/963/651 761/961/651
f 737/964/651 755/965/651 761/961/651
f 755/965/651 759/966/651 761/961/651
f 753/967/651 747/962/651 761/961/651
f 742/963/651 741/959/651 761/961/651
f 745/968/651 738/969/651 761/961/651
f 750/960/651 749/970/651 761/961/651
f 759/966/651 753/967/651 761/961/651
f 738/969/651 737/964/651 761/961/651
f 749/970/651 757/971/651 761/961/651
f 757/971/651 745/968/651 761/961/651
f 762/972/77 763/973/682 764/974/682 765/975/77
f 766/976/210 767/977/681 768/978/681 769/979/210
f 763/973/682 770/980/684 771/981/684 764/974/682
f 767/977/681 772/982/683 773/983/683 768/978/681
f 774/984/688 775/985/687 776/986/687 777/987/688
f 772/982/683 778/988/213 779/989/213 773/983/683
f 780/990/686 762/972/77 765/975/77 781/991/686
f 782/992/84 774/984/688 777/987/688 783/993/84
f 770/980/684 782/992/84 783/993/84 771/981/684
f 784/994/685 780/990/686 781/991/686 785/995/685
f 775/985/687 766/976/210 769/979/210 776/986/687
f 778/988/213 784/996/685 785/997/685 779/989/213
f 766/998/651 775/999/651 786/1000/651
f 772/1001/651 767/1002/651 786/1000/651
f 762/1003/651 780/1004/651 786/1000/651
f 780/1004/651 784/1005/651 786/1000/651
f 778/1006/651 772/1001/651 786/1000/651
f 767/1002/651 766/998/651 786/1000/651
f 770/1007/651 763/1008/651 786/1000/651
f 775/999/651 774/1009/651 786/1000/651
f 784/1005/651 778/1006/651 786/1000/651
f 763/1008/651 762/1003/651 786/1000/651
f 774/1009/651 782/1010/651 786/1000/651
f 782/1010/651 770/1007/651 786/1000/651
usemtl stil_mat
f 787/1011/701 788/1012/702 789/1013/702 790/1014/703
f 791/1015/704 792/1016/705 793/1017/705 794/1018/704
f 795/1019/706 796/1020/707 797/1021/708 798/1022/706
f 788/1012/702 795/1019/706 798/1022/706 789/1013/702
f 796/1020/707 791/1015/704 794/1018/704 797/1021/708
f 799/1023/709 800/1024/710 801/1025/711 802/1026/709
f 792/1016/705 799/1023/709 802/1026/709 793/1017/705
f 800/1024/710 787/1011/701 790/1014/703 801/1025/711
f 803/1027/712 804/1028/713 790/1029/714 789/1030/715
f 805/1031/716 806/1032/717 794/1033/718 793/1034/719
f 797/1035/720 807/1036/721 808/1037/722 798/1038/723
f 808/1037/722 803/1039/712 789/1040/715 798/1038/723
f 804/1028/713 809/1041/724 801/1042/725 790/1029/714
f 806/1032/717 807/1036/721 797/1035/720 794/1033/718
f 809/1041/724 810/1043/726 802/1044/727 801/1042/725
f 802/1044/727 810/1043/726 805/1031/716 793/1034/719
f 808/1045/728 807/1046/729 811/1047/730 812/1048/731
f 803/1049/732 808/1045/728 812/1048/731
f 807/1046/729 806/1050/733 811/1047/730
f 810/1051/734 809/1052/735 813/1053/736 814/1054/737
f 805/1055/738 810/1051/734 814/1054/737
f 809/1052/735 804/1056/739 813/1053/736
f 804/1056/739 803/1049/732 812/1048/731 813/1053/736
f 806/1050/733 805/1055/738 814/1054/737 811/1047/730
f 814/1057/740 813/1058/741 815/1059/742 816/1060/743
f 812/1061/744 811/1062/745 817/1063/746 818/1064/744
f 811/1062/745 814/1057/740 816/1060/743 817/1063/746
f 813/1058/741 812/1065/747 818/1066/748 815/1059/742
f 816/1067/749 815/1059/742 818/1066/748 817/1068/749
f 819/1069/750 820/1070/751 821/1071/752 822/1072/753
f 603/1073/77 823/1074/754 824/1075/755 602/1076/167
f 611/1077/210 825/1078/756 826/1079/757 610/1080/758
f 604/1081/105 827/1082/759 823/1074/754 603/1073/77
f 612/1083/760 828/1084/761 825/1078/756 611/1077/210
f 605/1085/656 829/1086/762 827/1082/759 604/1081/105
f 598/1087/658 830/1088/763 828/1084/761 612/1083/760
f 606/1089/764 831/1090/765 829/1086/762 605/1085/656
f 597/1091/766 832/1092/767 830/1088/763 598/1087/658
f 607/1093/213 833/1094/768 831/1090/765 606/1089/764
f 600/1095/769 834/1096/770 835/1097/771 599/1098/84
f 599/1098/84 835/1097/771 832/1092/767 597/1091/766
f 608/1099/772 836/1100/773 833/1094/768 607/1093/213
f 601/1101/662 837/1102/774 834/1096/770 600/1095/769
f 609/1103/657 838/1104/775 836/1100/773 608/1099/772
f 602/1076/167 824/1075/755 837/1102/774 601/1101/662
f 839/1105/776 840/1106/777 841/1107/778 842/1108/779
f 843/1109/780 844/1110/781 845/1111/782
f 846/1112/783 847/1113/784 848/1114/785 841/1107/778
f 840/1106/777 846/1112/783 841/1107/778
f 844/1110/781 849/1115/786 819/1116/787 845/1111/782
f 847/1113/784 850/1117/788 848/1114/785
f 849/1115/786 851/1118/789 819/1116/787
f 850/1117/788 852/1119/790 853/1120/791 848/1114/785
f 851/1118/789 854/1121/792 820/1122/793 819/1116/787
f 852/1119/790 855/1123/794 853/1120/791
f 854/1121/792 856/1124/795 820/1122/793
f 855/1123/794 857/1125/796 858/1126/797 853/1120/791
f 856/1124/795 859/1127/798 842/1108/779 820/1122/793
f 857/1125/796 860/1128/799 858/1126/797
f 859/1127/798 839/1105/776 842/1108/779
f 860/1128/799 843/1109/780 845/1111/782 858/1126/797
f 829/1086/762 831/1090/765 843/1109/780 860/1128/799
f 828/1084/761 830/1088/763 839/1105/776 859/1127/798
f 827/1082/759 829/1086/762 860/1128/799 857/1125/796
f 825/1078/756 828/1084/761 859/1127/798 856/1124/795
f 823/1074/754 827/1082/759 857/1125/796 855/1123/794
f 826/1079/757 825/1078/756 856/1124/795 854/1121/792
f 824/1075/755 823/1074/754 855/1123/794 852/1119/790
f 838/1104/775 826/1079/757 854/1121/792 851/1118/789
f 837/1102/774 824/1075/755 852/1119/790 850/1117/788
f 836/1100/773 838/1104/775 851/1118/789 849/1115/786
f 834/1096/770 837/1102/774 850/1117/788 847/1113/784
f 833/1094/768 836/1100/773 849/1115/786 844/1110/781
f 832/1092/767 835/1097/771 846/1112/783 840/1106/777
f 835/1097/771 834/1096/770 847/1113/784 846/1112/783
f 831/1090/765 833/1094/768 844/1110/781 843/1109/780
f 830/1088/763 832/1092/767 840/1106/777 839/1105/776
f 820/1070/751 842/1129/800 861/1130/801 821/1071/752
f 862/1131/802 863/1132/803 864/1133/651
f 865/1134/804 866/1135/805 864/1133/651
f 867/1136/806 865/1134/804 864/1133/651
f 868/1137/807 869/1138/808 864/1133/651
f 869/1138/808 867/1136/806 864/1133/651
f 858/1139/809 845/1140/810 870/1141/811 871/1142/812
f 842/1129/800 841/1143/813 872/1144/814 861/1130/801
f 848/1145/815 853/1146/816 873/1147/817 874/1148/818
f 845/1140/810 819/1069/750 822/1072/753 870/1141/811
f 853/1149/816 858/1139/809 871/1142/812 873/1150/817
f 841/1143/813 848/1145/815 874/1148/818 872/1144/814
f 866/1135/805 875/1151/819 864/1133/651
f 875/1151/819 862/1131/802 864/1133/651
f 863/1152/803 861/1130/801 872/1144/814 868/1153/807
f 867/1154/806 873/1150/817 871/1142/812 865/1155/804
f 866/1156/805 870/1141/811 822/1072/753 875/1157/819
f 869/1158/808 874/1148/818 873/1147/817 867/1159/806
f 865/1155/804 871/1142/812 870/1141/811 866/1156/805
f 862/1160/802 821/1071/752 861/1130/801 863/1152/803
f 868/1153/807 872/1144/814 874/1148/818 869/1158/808
f 863/1132/803 868/1137/807 864/1133/651
f 875/1157/819 822/1072/753 821/1071/752 862/1160/802
f 610/1080/758 826/1079/757 838/1104/775 609/1103/657
f 876/1161/651 877/1162/651 878/1163/651
f 879/1164/108 880/1165/820 877/1166/820 876/1167/108
f 881/1168/821 882/1169/663 883/1170/663 884/1171/821
f 884/1172/651 883/1173/651 878/1163/651
f 885/1174/651 876/1161/651 878/1163/651
f 886/1175/822 879/1164/108 876/1167/108 885/1176/822
f 880/1165/820 881/1168/821 884/1171/821 877/1166/820
f 887/1177/823 886/1175/822 885/1176/822 888/1178/823
f 882/1169/663 887/1179/823 888/1180/823 883/1170/663
f 888/1181/651 885/1174/651 878/1163/651
f 883/1173/651 888/1181/651 878/1163/651
f 877/1162/651 884/1172/651 878/1163/651
f 889/1182/651 890/1183/651 891/1184/651
f 892/1185/653 893/1186/824 890/1187/824 889/1188/653
f 894/1189/825 895/1190/102 896/1191/102 897/1192/825
f 897/1193/651 896/1194/651 891/1184/651
f 898/1195/651 889/1182/651 891/1184/651
f 899/1196/826 892/1185/653 889/1188/653 898/1197/826
f 893/1186/824 894/1189/825 897/1192/825 890/1187/824
f 900/1198/827 899/1196/826 898/1197/826 901/1199/827
f 895/1190/102 900/1200/827 901/1201/827 896/1191/102
f 901/1202/651 898/1195/651 891/1184/651
f 896/1194/651 901/1202/651 891/1184/651
f 890/1183/651 897/1193/651 891/1184/651
f 902/1203/651 903/1204/651 904/1205/651
f 905/1206/77 906/1207/828 903/1208/828 902/1209/77
f 907/1210/829 908/1211/210 909/1212/210 910/1213/829
f 910/1214/651 909/1215/651 904/1205/651
f 911/1216/651 902/1203/651 904/1205/651
f 912/1217/830 905/1206/77 902/1209/77 911/1218/830
f 906/1207/828 907/1210/829 910/1213/829 903/1208/828
f 913/1219/831 912/1217/830 911/1218/830 914/1220/831
f 908/1211/210 913/1221/831 914/1222/831 909/1212/210
f 914/1223/651 911/1216/651 904/1205/651
f 909/1215/651 914/1223/651 904/1205/651
f 903/1204/651 910/1214/651 904/1205/651
f 915/1224/651 916/1225/651 917/1226/651
f 918/1227/663 919/1228/823 916/1229/823 915/1230/663
f 920/1231/822 921/1232/108 922/1233/108 923/1234/822
f 923/1235/651 922/1236/651 917/1226/651
f 924/1237/651 915/1224/651 917/1226/651
f 925/1238/821 918/1227/663 915/1230/663 924/1239/821
f 919/1228/823 920/1231/822 923/1234/822 916/1229/823
f 926/1240/820 925/1238/821 924/1239/821 927/1241/820
f 921/1232/108 926/1242/820 927/1243/820 922/1233/108
f 927/1244/651 924/1237/651 917/1226/651
f 922/1236/651 927/1244/651 917/1226/651
f 916/1225/651 923/1235/651 917/1226/651
f 928/1245/651 929/1246/651 930/1247/651
f 931/1248/102 932/1249/827 929/1250/827 928/1251/102
f 933/1252/832 934/1253/653 935/1254/653 936/1255/832
f 936/1256/651 935/1257/651 930/1247/651
f 937/1258/651 928/1245/651 930/1247/651
f 938/1259/825 931/1248/102 928/1251/102 937/1260/825
f 932/1249/827 933/1252/832 936/1255/832 929/1250/827
f 939/1261/824 938/1259/825 937/1260/825 940/1262/824
f 934/1253/653 939/1263/824 940/1264/824 935/1254/653
f 940/1265/651 937/1258/651 930/1247/651
f 935/1257/651 940/1265/651 930/1247/651
f 929/1246/651 936/1256/651 930/1247/651
f 941/1266/651 942/1267/651 943/1268/651
f 944/1269/210 945/1270/831 942/1271/831 941/1272/210
f 946/1273/830 947/1274/77 948/1275/77 949/1276/830
f 949/1277/651 948/1278/651 943/1268/651
f 950/1279/651 941/1266/651 943/1268/651
f 951/1280/829 944/1269/210 941/1272/210 950/1281/829
f 945/1270/831 946/1273/830 949/1276/830 942/1271/831
f 952/1282/828 951/1280/829 950/1281/829 953/1283/828
f 947/1274/77 952/1284/828 953/1285/828 948/1275/77
f 953/1286/651 950/1279/651 943/1268/651
f 948/1278/651 953/1286/651 943/1268/651
f 942/1267/651 949/1277/651 943/1268/651
f 954/1287/651 955/1288/651 956/1289/651
f 957/1290/651 958/1291/651 956/1289/651
f 959/1292/833 960/1293/834 954/1294/834 961/1295/833
f 962/1296/835 963/1297/836 958/1298/836 957/1299/835
f 958/1291/651 961/1300/651 956/1289/651
f 964/1301/837 962/1296/835 957/1299/835 965/1302/837
f 955/1288/651 965/1303/651 956/1289/651
f 965/1303/651 957/1290/651 956/1289/651
f 961/1300/651 954/1287/651 956/1289/651
f 963/1297/836 959/1292/833 961/1295/833 958/1298/836
f 960/1304/834 966/1305/838 955/1306/838 954/1307/834
f 966/1305/838 964/1301/837 965/1302/837 955/1306/838
usemtl gold_mat
f 967/1308/839 968/1309/840 969/1310/841 970/1311/842
f 971/1312/843 972/1313/844 968/1314/840 967/1315/839
f 973/1316/845 974/1317/846 972/1313/844 971/1312/843
f 975/1318/847 976/1319/848 974/1317/846 973/1316/845
f 977/1320/849 978/1321/850 976/1319/848 975/1318/847
f 979/1322/851 980/1323/852 978/1321/850 977/1320/849
f 981/1324/853 982/1325/854 980/1323/852 979/1322/851
f 969/1310/841 983/1326/855 984/1327/856 982/1325/854
f 970/1311/842 969/1310/841 982/1325/854 981/1324/853
f 968/1309/840 985/1328/857 983/1326/855 969/1310/841
f 972/1313/844 986/1329/858 985/1330/857 968/1314/840
f 974/1317/846 987/1331/859 986/1329/858 972/1313/844
f 976/1319/848 988/1332/860 987/1331/859 974/1317/846
f 978/1321/850 989/1333/861 988/1332/860 976/1319/848
f 980/1323/852 990/1334/862 989/1333/861 978/1321/850
f 982/1325/854 984/1327/856 990/1334/862 980/1323/852
f 983/1326/855 991/1335/863 992/1336/864 984/1327/856
f 985/1328/857 993/1337/865 991/1335/863 983/1326/855
f 986/1329/858 994/1338/866 993/1339/865 985/1330/857
f 987/1331/859 995/1340/867 994/1338/866 986/1329/858
f 988/1332/860 996/1341/868 995/1340/867 987/1331/859
f 989/1333/861 997/1342/869 996/1341/868 988/1332/860
f 990/1334/862 998/1343/870 997/1342/869 989/1333/861
f 984/1327/856 992/1336/864 998/1343/870 990/1334/862
f 991/1335/863 999/1344/871 1000/1345/872 992/1336/864
f 993/1337/865 1001/1346/873 999/1344/871 991/1335/863
f 994/1338/866 1002/1347/874 1001/1348/873 993/1339/865
f 995/1340/867 1003/1349/875 1002/1347/874 994/1338/866
f 996/1341/868 1004/1350/876 1003/1349/875 995/1340/867
f 997/1342/869 1005/1351/877 1004/1350/876 996/1341/868
f 998/1343/870 1006/1352/878 1005/1351/877 997/1342/869
f 992/1336/864 1000/1345/872 1006/1352/878 998/1343/870
f 999/1344/871 1007/1353/879 1008/1354/880 1000/1345/872
f 1001/1346/873 1009/1355/881 1007/1353/879 999/1344/871
f 1002/1347/874 1010/1356/882 1009/1357/881 1001/1348/873
f 1003/1349/875 1011/1358/883 1010/1356/882 1002/1347/874
f 1004/1350/876 1012/1359/884 1011/1358/883 1003/1349/875
f 1005/1351/877 1013/1360/885 1012/1359/884 1004/1350/876
f 1006/1352/878 1014/1361/886 1013/1360/885 1005/1351/877
f 1000/1345/872 1008/1354/880 1014/1361/886 1006/1352/878
f 981/1362/887 979/1363/888 1015/1364/889 1016/1365/890
f 979/1363/888 977/1366/891 1017/1367/891 1015/1364/889
f 971/1368/892 967/1369/893 1018/1370/893 1019/1371/894
f 975/1372/895 973/1373/896 1020/1374/897 1021/1375/898
f 973/1373/896 971/1368/892 1019/1371/894 1020/1374/897
f 977/1366/891 975/1372/895 1021/1375/898 1017/1367/891
f 970/1376/899 981/1362/887 1016/1365/890 1022/1377/900
f 967/1369/893 970/1376/899 1022/1377/900 1018/1370/893
f 1019/1378/901 1018/1379/902 788/1380/902 787/1381/903
f 1015/1382/904 1017/1383/905 792/1384/906 791/1385/907
f 1017/1383/905 1021/1386/908 799/1387/909 792/1384/906
f 1020/1388/910 1019/1378/901 787/1381/903 800/1389/911
f 1021/1386/908 1020/1388/910 800/1389/911 799/1387/909
f 1022/1390/912 1016/1391/913 796/1392/914 795/1393/915
f 1018/1394/902 1022/1390/912 795/1393/915 788/1395/902
f 1016/1391/913 1015/1382/904 791/1385/907 796/1392/914
usemtl disc_mat
f 1023/1396/916 1024/1397/917 1025/1398/918 1026/1399/919
f 1027/1400/920 1028/1401/921 1029/1402/921 1030/1403/920
f 1031/1404/922 1023/1396/916 1026/1399/919 1032/1405/919
f 1033/1406/923 1034/1407/924 1035/1408/925 1036/1409/926 1037/1410/927
f 1038/1411/928 1033/1406/923 1037/1410/927 1039/1412/929
f 1028/1401/921 1040/1413/930 1041/1414/931 1029/1402/921
f 1042/1415/932 1043/1416/933 1044/1417/934 1045/1418/935
f 1046/1419/936 1047/1420/937 1048/1421/937 1049/1422/936
f 1050/1423/938 1051/1424/939 1033/1406/923 1038/1411/928
f 1051/1424/939 1052/1425/940 1034/1407/924 1033/1406/923
f 1053/1426/941 1054/1427/942 1052/1425/940 1051/1424/939
f 1055/1428/943 1053/1426/941 1051/1424/939 1050/1423/938
f 1047/1420/937 1056/1429/944 1057/1430/944 1048/1421/937
f 1058/1431/945 1059/1432/84 1060/1433/84 1061/1434/945
f 1062/1435/946 1043/1416/933 1042/1415/932 1036/1409/926 1035/1408/925
f 1063/1436/947 1064/1437/948 1065/1438/949 1066/1439/950
f 1067/1440/951 1066/1439/950 1065/1438/949 1068/1441/952
f 1069/1442/953 1070/1443/954 1071/1444/955 1072/1445/956 1073/1446/957
f 1074/1447/958 1075/1448/959 1070/1443/954 1069/1442/953
f 1076/1449/960 1058/1431/945 1061/1434/945 1077/1450/960
f 1078/1451/961 1079/1452/962 1080/1453/963 1081/1454/964
f 1082/1455/108 1076/1449/960 1077/1450/960 1083/1456/108
f 1064/1437/948 1074/1447/958 1069/1442/953 1065/1438/949
f 1065/1438/949 1069/1442/953 1073/1446/957 1068/1441/952
f 1084/1457/965 1082/1455/108 1083/1456/108 1085/1458/965
f 1054/1459/966 1086/1460/967 1087/1461/967 1067/1462/967 1068/1463/968
f 1088/1464/969 1072/1445/956 1071/1444/955 1078/1451/961 1081/1454/964
f 1089/1465/970 1090/1466/971 1091/1467/972 1092/1468/973
f 1093/1469/974 1070/1443/954 1075/1448/959 1094/1470/975
f 1095/1471/976 1071/1444/955 1070/1443/954 1093/1469/974
f 1096/1472/977 1078/1451/961 1071/1444/955 1095/1471/976
f 1092/1468/973 1091/1467/972 1097/1473/978 1098/1474/979
f 1099/1475/980 1100/1476/652 1101/1477/652 1102/1478/980
f 1100/1476/652 1032/1479/981 1103/1480/981 1101/1477/652
f 1032/1479/981 1026/1481/982 1104/1482/982 1103/1480/981
f 1026/1481/982 1025/1483/210 1105/1484/210 1104/1482/982
f 1098/1474/979 1097/1473/978 1106/1485/983 1107/1486/984
f 1108/1487/985 1109/1488/986 1063/1489/986 1066/1490/985
f 1087/1491/987 1108/1487/985 1066/1490/985 1067/1492/987
f 1062/1493/988 1035/1494/989 1072/1495/990 1088/1496/988
f 1043/1497/991 1062/1493/988 1088/1496/988 1081/1498/991
f 1035/1494/989 1034/1499/992 1073/1500/993 1072/1495/990
f 1044/1501/994 1043/1497/991 1081/1498/991 1080/1502/994
f 1052/1503/995 1054/1459/966 1068/1463/968
f 1052/1503/995 1068/1463/968 1073/1500/993
f 1045/1418/935 1024/1397/917 1023/1396/916 1042/1415/932
f 1078/1451/961 1096/1472/977 1110/1504/996 1079/1452/962
f 1029/1505/997 1041/1506/998 1091/1467/972 1090/1466/971 1030/1507/999
f 1111/1508/1000 1039/1412/929 1037/1410/927 1112/1509/1001
f 1112/1509/1001 1037/1410/927 1036/1409/926 1031/1404/922
f 1031/1404/922 1036/1409/926 1042/1415/932 1023/1396/916
f 1095/1471/976 1103/1510/1002 1104/1511/1003 1096/1472/977
f 1104/1511/1003 1105/1512/1004 1110/1504/996 1096/1472/977
f 1113/1513/1005 1114/1514/1006 1046/1515/1006 1049/1516/1006 1115/1517/1007
f 1102/1518/1008 1101/1519/1009 1093/1469/974 1094/1470/975
f 1093/1469/974 1101/1519/1009 1103/1510/1002 1095/1471/976
f 1112/1509/1001 1100/1520/1010 1099/1521/1010 1111/1508/1000
f 1032/1405/919 1100/1520/1010 1112/1509/1001 1031/1404/922
f 1116/1522/982 1117/1523/1011 1118/1524/1012 1119/1525/981
f 1117/1523/1011 1116/1522/982 1120/1526/210 1121/1527/1013
f 1122/1528/1014 1123/1529/980 1124/1530/652 1125/1531/1015
f 1125/1531/1015 1124/1530/652 1119/1525/981 1118/1524/1012
f 1124/1532/1016 1123/1533/1017 1126/1534/1017 1127/1535/1016
f 1119/1536/1018 1124/1532/1016 1127/1535/1016 1128/1537/1018
f 1116/1538/1019 1119/1536/1018 1128/1537/1018 1129/1539/1019
f 1120/1540/1020 1116/1538/1019 1129/1539/1019 1130/1541/1020
f 1131/1542/1021 1132/1543/1022 1133/1544/1023 1115/1545/1024
f 1055/1428/943 1134/1546/1025 1135/1547/1026 1053/1426/941
f 1136/1548/1027 1137/1549/1028 1138/1550/1028 1139/1551/1027
f 1140/1552/210 1136/1548/1027 1139/1551/1027 1141/1553/210
f 1135/1554/1029 1134/1555/1030 1142/1556/1031 1143/1557/1032
f 1138/1558/1033 1086/1559/1034 1135/1554/1029 1143/1557/1032 1144/1560/1035
f 1139/1561/1036 1138/1558/1033 1144/1560/1035 1145/1562/1037
f 1141/1563/1036 1139/1561/1036 1145/1562/1037 1146/1564/1038
f 1147/1565/1039 1148/1566/1040 1132/1543/1022 1131/1542/1021
f 1090/1466/971 1149/1567/1041 1150/1568/1042 1030/1507/999
f 1148/1566/1040 1106/1485/983 1097/1473/978 1132/1543/1022
f 1151/1569/1043 1152/1570/1044 1153/1571/1045 1154/1572/1046
f 1152/1570/1044 1155/1573/1047 1156/1574/1048 1153/1571/1045
f 1155/1573/1047 1157/1575/1049 1158/1576/1050 1156/1574/1048
f 1157/1575/1049 1159/1577/1051 1160/1578/1052 1158/1576/1050
f 1132/1543/1022 1097/1473/978 1091/1467/972 1041/1506/998 1133/1544/1023
f 1161/1579/1053 1162/1580/1054 1163/1581/1055 1164/1582/1056
f 1162/1580/1054 1165/1583/1057 1166/1584/1058 1163/1581/1055
f 1165/1583/1057 1167/1585/1059 1168/1586/1060 1166/1584/1058
f 1167/1585/1059 1169/1587/1061 1170/1588/1062 1168/1586/1060
f 1049/1589/1063 1048/1590/1064 1131/1542/1021 1115/1545/1024
f 1164/1582/1056 1163/1581/1055 1171/1591/171 1172/1592/1065
f 1163/1581/1055 1166/1584/1058 1173/1593/1066 1171/1591/171
f 1166/1584/1058 1168/1586/1060 1174/1594/1067 1173/1593/1066
f 1168/1586/1060 1170/1588/1062 1175/1595/77 1174/1594/1067
f 1057/1596/1068 1147/1565/1039 1131/1542/1021 1048/1590/1064
f 1151/1569/1043 1176/1597/1069 1177/1598/1070 1152/1570/1044
f 1152/1570/1044 1177/1598/1070 1178/1599/1071 1155/1573/1047
f 1155/1573/1047 1178/1599/1071 1179/1600/1059 1157/1575/1049
f 1157/1575/1049 1179/1600/1059 1180/1601/1061 1159/1577/1051
f 1028/1602/1072 1027/1603/1073 1181/1604/1074 1182/1605/1075 1040/1606/1076
f 1183/1607/1077 1184/1608/1078 1122/1528/1014 1125/1531/1015
f 1185/1609/1079 1183/1607/1077 1125/1531/1015 1118/1524/1012
f 1186/1610/1080 1185/1609/1079 1118/1524/1012 1117/1523/1011
f 1187/1611/1081 1186/1610/1080 1117/1523/1011 1121/1527/1013
f 1158/1576/1050 1160/1578/1052 1169/1587/1061 1167/1585/1059
f 1156/1574/1048 1158/1576/1050 1167/1585/1059 1165/1583/1057
f 1153/1571/1045 1156/1574/1048 1165/1583/1057 1162/1580/1054
f 1154/1572/1046 1153/1571/1045 1162/1580/1054 1161/1579/1053
f 1188/1612/1082 1189/1613/1083 1190/1614/1084 1191/1615/1085
f 1180/1601/1061 1179/1600/1059 1186/1610/1080 1187/1611/1081
f 1189/1613/1083 1113/1616/1086 1192/1617/1087 1190/1614/1084
f 1177/1598/1070 1176/1597/1069 1184/1608/1078 1183/1607/1077
f 1178/1599/1071 1177/1598/1070 1183/1607/1077 1185/1609/1079
f 1179/1600/1059 1178/1599/1071 1185/1609/1079 1186/1610/1080
f 1190/1614/1084 1192/1617/1087 1193/1618/1088 1194/1619/1089
f 1127/1620/652 1126/1621/980 1195/1622/980 1196/1623/652
f 1128/1624/981 1127/1620/652 1196/1623/652 1197/1625/981
f 1129/1626/982 1128/1624/981 1197/1625/981 1198/1627/982
f 1130/1628/210 1129/1626/982 1198/1627/982 1199/1629/210
f 1197/1630/1090 1137/1631/1091 1136/1632/1092 1198/1633/1092
f 1198/1633/1092 1136/1632/1092 1140/1634/1093 1199/1635/1093
f 1191/1615/1085 1190/1614/1084 1194/1619/1089 1200/1636/1094
f 1195/1637/1095 1109/1638/1095 1108/1639/1096 1196/1640/1097
f 1196/1640/1097 1108/1639/1096 1087/1641/1098 1137/1631/1091 1197/1630/1090
f 1201/1642/1099 1202/1643/1100 1203/1644/1101 1204/1645/1102
f 1202/1643/1100 1205/1646/1103 1206/1647/1104 1203/1644/1101
f 1205/1646/1103 1207/1648/1105 1208/1649/1106 1206/1647/1104
f 1207/1648/1105 1209/1650/1107 1210/1651/1108 1208/1649/1106
f 1211/1652/1109 1212/1653/1110 1213/1654/1111 1214/1655/1112
f 1212/1653/1110 1215/1656/1113 1216/1657/1114 1213/1654/1111
f 1215/1656/1113 1217/1658/1115 1218/1659/1116 1216/1657/1114
f 1217/1658/1115 1219/1660/1117 1220/1661/1118 1218/1659/1116
f 1181/1604/1074 1027/1603/1073 1221/1662/1119 1222/1663/1120
f 1214/1655/1112 1213/1654/1111 1223/1664/1067 1224/1665/77
f 1213/1654/1111 1216/1657/1114 1225/1666/1066 1223/1664/1067
f 1216/1657/1114 1218/1659/1116 1226/1667/171 1225/1666/1066
f 1218/1659/1116 1220/1661/1118 1227/1668/1065 1226/1667/171
f 1201/1642/1099 1228/1669/1121 1229/1670/1122 1202/1643/1100
f 1202/1643/1100 1229/1670/1122 1230/1671/1123 1205/1646/1103
f 1205/1646/1103 1230/1671/1123 1231/1672/1124 1207/1648/1105
f 1207/1648/1105 1231/1672/1124 1232/1673/1125 1209/1650/1107
f 1208/1649/1106 1210/1651/1108 1219/1660/1117 1217/1658/1115
f 1206/1647/1104 1208/1649/1106 1217/1658/1115 1215/1656/1113
f 1203/1644/1101 1206/1647/1104 1215/1656/1113 1212/1653/1110
f 1204/1645/1102 1203/1644/1101 1212/1653/1110 1211/1652/1109
f 1200/1636/1094 1194/1619/1089 1233/1674/1126 1234/1675/1127
f 1146/1564/1038 1145/1562/1037 1229/1670/1122 1228/1669/1121
f 1145/1562/1037 1144/1560/1035 1230/1671/1123 1229/1670/1122
f 1144/1560/1035 1143/1557/1032 1231/1672/1124 1230/1671/1123
f 1143/1557/1032 1142/1556/1031 1232/1673/1125 1231/1672/1124
f 1194/1619/1089 1193/1618/1088 1040/1606/1076 1182/1605/1075 1233/1674/1126
f 1235/1676/1128 1236/1677/1129 1058/1678/1130 1076/1679/1130
f 1236/1677/1129 1237/1680/1131 1059/1681/1132 1058/1678/1130
f 1087/1682/1133 1086/1683/1133 1138/1550/1028 1137/1549/1028
f 1053/1426/941 1135/1547/1026 1086/1684/1134 1054/1427/942
f 1238/1685/1135 1239/1686/1136 1025/1398/918 1024/1397/917
f 1240/1687/1137 1084/1688/1138 1241/1689/1139 1242/1690/1140
f 1243/1691/1141 1244/1692/1136 1239/1686/1136 1238/1685/1135
f 1245/1693/1142 1246/1694/1143 1247/1695/1144 1248/1696/1145 1249/1697/1146
f 1250/1698/1147 1251/1699/1148 1246/1694/1143 1245/1693/1142
f 1200/1636/1094 1234/1675/1127 1251/1699/1148 1250/1698/1147
f 1252/1700/1149 1045/1418/935 1044/1417/934 1253/1701/1150
f 1191/1615/1085 1200/1636/1094 1250/1698/1147 1254/1702/1151
f 1254/1702/1151 1250/1698/1147 1245/1693/1142 1255/1703/1152
f 1255/1703/1152 1245/1693/1142 1249/1697/1146 1256/1704/1153
f 1257/1705/1154 1255/1703/1152 1256/1704/1153 1258/1706/1155
f 1259/1707/1156 1254/1702/1151 1255/1703/1152 1257/1705/1154
f 1188/1612/1082 1191/1615/1085 1254/1702/1151 1259/1707/1156
f 1057/1596/1068 1260/1708/1157 1261/1709/1158 1147/1565/1039
f 1262/1710/1159 1248/1696/1145 1247/1695/1144 1252/1700/1149 1253/1701/1150
f 1260/1708/1157 1263/1711/1160 1264/1712/1161 1261/1709/1158
f 1265/1713/1162 1266/1714/1163 1264/1712/1161 1263/1711/1160
f 1267/1715/1164 1268/1716/1165 1269/1717/1166 1270/1718/1167 1271/1719/1168
f 1272/1720/1169 1267/1715/1164 1271/1719/1168 1273/1721/1170
f 1148/1566/1040 1272/1720/1169 1273/1721/1170 1106/1485/983
f 1274/1722/1171 1275/1723/1172 1080/1453/963 1079/1452/962
f 1147/1565/1039 1261/1709/1158 1272/1720/1169 1148/1566/1040
f 1261/1709/1158 1264/1712/1161 1267/1715/1164 1272/1720/1169
f 1264/1712/1161 1266/1714/1163 1268/1716/1165 1267/1715/1164
f 1249/1724/1173 1268/1725/1174 1256/1726/1175
f 1258/1727/1176 1266/1728/1177 1265/1729/1178 1276/1730/1178 1277/1731/1178
f 1278/1732/1179 1275/1723/1172 1274/1722/1171 1270/1718/1167 1269/1717/1166
f 1279/1733/1180 1107/1486/984 1106/1485/983 1273/1721/1170
f 1280/1734/1181 1279/1733/1180 1273/1721/1170 1271/1719/1168
f 1281/1735/1182 1280/1734/1181 1271/1719/1168 1270/1718/1167
f 1282/1736/1183 1281/1735/1182 1270/1718/1167 1274/1722/1171
f 1084/1457/965 1085/1458/965 1283/1737/1184 1241/1738/1184
f 1241/1738/1184 1283/1737/1184 1284/1739/660 1285/1740/660
f 1285/1740/660 1284/1739/660 1286/1741/1185 1244/1742/1185
f 1244/1742/1185 1286/1741/1185 1287/1743/1186 1239/1744/1186
f 1239/1744/1186 1287/1743/1186 1105/1745/210 1025/1746/210
f 1288/1747/1187 1260/1748/1187 1057/1430/944 1056/1429/944
f 1289/1749/1188 1263/1750/1188 1260/1748/1187 1288/1747/1187
f 1276/1751/1189 1265/1752/1189 1263/1750/1188 1289/1749/1188
f 1262/1753/1190 1278/1754/1190 1269/1755/1191 1248/1756/1192
f 1253/1757/1193 1275/1758/1193 1278/1754/1190 1262/1753/1190
f 1248/1756/1192 1269/1755/1191 1268/1725/1174 1249/1724/1173
f 1044/1501/994 1080/1502/994 1275/1758/1193 1253/1757/1193
f 1256/1726/1175 1266/1728/1177 1258/1727/1176
f 1268/1725/1174 1266/1728/1177 1256/1726/1175
f 1045/1418/935 1252/1700/1149 1238/1685/1135 1024/1397/917
f 1274/1722/1171 1079/1452/962 1110/1504/996 1282/1736/1183
f 1240/1687/1137 1242/1690/1140 1251/1699/1148 1234/1675/1127
f 1242/1690/1140 1290/1759/1194 1246/1694/1143 1251/1699/1148
f 1290/1759/1194 1243/1691/1141 1247/1695/1144 1246/1694/1143
f 1243/1691/1141 1238/1685/1135 1252/1700/1149 1247/1695/1144
f 1281/1735/1182 1282/1736/1183 1287/1760/1003 1286/1761/1195
f 1287/1760/1003 1282/1736/1183 1110/1504/996 1105/1512/1004
f 1085/1762/1196 1107/1486/984 1279/1733/1180 1283/1763/1197
f 1283/1763/1197 1279/1733/1180 1280/1734/1181 1284/1764/1198
f 1280/1734/1181 1281/1735/1182 1286/1761/1195 1284/1764/1198
f 1290/1759/1194 1242/1690/1140 1241/1689/1139 1285/1765/1139
f 1244/1692/1136 1243/1691/1141 1290/1759/1194 1285/1765/1139
f 1291/1766/1186 1292/1767/1185 1293/1768/1199 1294/1769/1200
f 1294/1769/1200 1121/1770/1013 1120/1771/210 1291/1766/1186
f 1295/1772/1201 1296/1773/1202 1297/1774/1184 1298/1775/965
f 1296/1773/1202 1299/1776/1203 1300/1777/660 1297/1774/1184
f 1299/1776/1203 1293/1768/1199 1292/1767/1185 1300/1777/660
f 1297/1778/1204 1301/1779/1204 1302/1780/1205 1298/1781/1205
f 1300/1782/1206 1303/1783/1206 1301/1779/1204 1297/1778/1204
f 1292/1784/1207 1304/1785/1207 1303/1783/1206 1300/1782/1206
f 1291/1786/1208 1305/1787/1208 1304/1785/1207 1292/1784/1207
f 1120/1788/1020 1130/1789/1020 1305/1787/1208 1291/1786/1208
f 1188/1612/1082 1259/1707/1156 1306/1790/1209 1307/1791/1210
f 1259/1707/1156 1257/1705/1154 1308/1792/1211 1306/1790/1209
f 1309/1793/1212 1310/1794/1212 1311/1795/1213 1312/1796/1213
f 1140/1552/210 1141/1553/210 1310/1794/1212 1309/1793/1212
f 1308/1797/1214 1313/1798/1215 1314/1799/1216 1306/1800/1217
f 1311/1801/1218 1315/1802/1219 1313/1798/1215 1308/1797/1214 1277/1803/1220
f 1310/1804/1036 1316/1805/1221 1315/1802/1219 1311/1801/1218
f 1141/1806/1036 1146/1807/1038 1316/1805/1221 1310/1804/1036
f 1306/1800/1217 1314/1799/1216 1317/1808/1222 1307/1809/1223
f 1318/1810/1224 1319/1811/1225 1320/1812/1226 1321/1813/1227
f 1322/1814/1228 1323/1815/1229 1324/1816/1230 1325/1817/1231
f 1325/1817/1231 1324/1816/1230 1326/1818/1232 1327/1819/1233
f 1327/1819/1233 1326/1818/1232 1328/1820/1234 1329/1821/1235
f 1329/1821/1235 1328/1820/1234 1330/1822/1236 1331/1823/1237
f 1331/1823/1237 1330/1822/1236 1160/1824/1052 1159/1825/1051
f 1332/1826/1238 1333/1827/1239 1334/1828/1240 1335/1829/1241
f 1335/1829/1241 1334/1828/1240 1336/1830/1242 1337/1831/1243
f 1337/1831/1243 1336/1830/1242 1338/1832/1244 1339/1833/1245
f 1339/1833/1245 1338/1832/1244 1340/1834/1246 1341/1835/1247
f 1341/1835/1247 1340/1834/1246 1170/1836/1062 1169/1837/1061
f 1333/1827/1239 1342/1838/1248 1343/1839/1249 1334/1828/1240
f 1334/1828/1240 1343/1839/1249 1344/1840/142 1336/1830/1242
f 1336/1830/1242 1344/1840/142 1345/1841/1250 1338/1832/1244
f 1338/1832/1244 1345/1841/1250 1346/1842/1251 1340/1834/1246
f 1340/1834/1246 1346/1842/1251 1175/1843/77 1170/1836/1062
f 1322/1814/1228 1325/1817/1231 1347/1844/1252 1348/1845/1253
f 1325/1817/1231 1327/1819/1233 1349/1846/1254 1347/1844/1252
f 1327/1819/1233 1329/1821/1235 1350/1847/1255 1349/1846/1254
f 1329/1821/1235 1331/1823/1237 1351/1848/1256 1350/1847/1255
f 1331/1823/1237 1159/1825/1051 1180/1849/1061 1351/1848/1256
f 1352/1850/1257 1296/1773/1202 1295/1772/1201 1353/1851/1258
f 1354/1852/1259 1299/1776/1203 1296/1773/1202 1352/1850/1257
f 1355/1853/1260 1293/1768/1199 1299/1776/1203 1354/1852/1259
f 1356/1854/1261 1294/1769/1200 1293/1768/1199 1355/1853/1260
f 1187/1855/1081 1121/1770/1013 1294/1769/1200 1356/1854/1261
f 1330/1822/1236 1341/1835/1247 1169/1837/1061 1160/1824/1052
f 1328/1820/1234 1339/1833/1245 1341/1835/1247 1330/1822/1236
f 1326/1818/1232 1337/1831/1243 1339/1833/1245 1328/1820/1234
f 1324/1816/1230 1335/1829/1241 1337/1831/1243 1326/1818/1232
f 1323/1815/1229 1332/1826/1238 1335/1829/1241 1324/1816/1230
f 1180/1849/1061 1187/1855/1081 1356/1854/1261 1351/1848/1256
f 1347/1844/1252 1352/1850/1257 1353/1851/1258 1348/1845/1253
f 1349/1846/1254 1354/1852/1259 1352/1850/1257 1347/1844/1252
f 1350/1847/1255 1355/1853/1260 1354/1852/1259 1349/1846/1254
f 1351/1848/1256 1356/1854/1261 1355/1853/1260 1350/1847/1255
f 1301/1856/1184 1357/1857/1184 1358/1858/965 1302/1859/965
f 1303/1860/660 1359/1861/660 1357/1857/1184 1301/1856/1184
f 1304/1862/1185 1360/1863/1185 1359/1861/660 1303/1860/660
f 1305/1864/1186 1361/1865/1186 1360/1863/1185 1304/1862/1185
f 1130/1866/210 1199/1867/210 1361/1865/1186 1305/1864/1186
f 1360/1868/1262 1361/1869/1263 1309/1870/1263 1312/1871/1264
f 1361/1869/1263 1199/1872/1093 1140/1873/1093 1309/1870/1263
f 1358/1874/1265 1357/1875/1266 1288/1876/1267 1056/1877/1268
f 1357/1875/1266 1359/1878/1269 1289/1879/1270 1288/1876/1267
f 1359/1878/1269 1360/1868/1262 1312/1871/1264 1276/1880/1271 1289/1879/1270
f 1201/1881/1099 1204/1882/1102 1362/1883/1272 1363/1884/1273
f 1363/1884/1273 1362/1883/1272 1364/1885/1274 1365/1886/1275
f 1365/1886/1275 1364/1885/1274 1366/1887/1276 1367/1888/1277
f 1367/1888/1277 1366/1887/1276 1319/1811/1225 1318/1810/1224
f 1211/1889/1109 1214/1890/1112 1368/1891/1278 1369/1892/1279
f 1369/1892/1279 1368/1891/1278 1370/1893/1280 1371/1894/1281
f 1371/1894/1281 1370/1893/1280 1372/1895/1282 1373/1896/1283
f 1373/1896/1283 1372/1895/1282 1374/1897/1284 1375/1898/1285
f 1314/1799/1216 1376/1899/1286 1377/1900/1287 1317/1808/1222
f 1214/1890/1112 1224/1901/77 1378/1902/1251 1368/1891/1278
f 1368/1891/1278 1378/1902/1251 1379/1903/1250 1370/1893/1280
f 1370/1893/1280 1379/1903/1250 1380/1904/142 1372/1895/1282
f 1372/1895/1282 1380/1904/142 1381/1905/1249 1374/1897/1284
f 1201/1881/1099 1363/1884/1273 1382/1906/1288 1228/1907/1121
f 1363/1884/1273 1365/1886/1275 1383/1908/1289 1382/1906/1288
f 1365/1886/1275 1367/1888/1277 1384/1909/1290 1383/1908/1289
f 1367/1888/1277 1318/1810/1224 1376/1899/1286 1384/1909/1290
f 1366/1887/1276 1373/1896/1283 1375/1898/1285 1319/1811/1225
f 1364/1885/1274 1371/1894/1281 1373/1896/1283 1366/1887/1276
f 1362/1883/1272 1369/1892/1279 1371/1894/1281 1364/1885/1274
f 1204/1882/1102 1211/1889/1109 1369/1892/1279 1362/1883/1272
f 1319/1811/1225 1375/1898/1285 1385/1910/1291 1320/1812/1226
f 1146/1807/1038 1228/1907/1121 1382/1906/1288 1316/1805/1221
f 1316/1805/1221 1382/1906/1288 1383/1908/1289 1315/1802/1219
f 1315/1802/1219 1383/1908/1289 1384/1909/1290 1313/1798/1215
f 1313/1798/1215 1384/1909/1290 1376/1899/1286 1314/1799/1216
f 1318/1810/1224 1321/1813/1227 1377/1900/1287 1376/1899/1286
f 1374/1897/1284 1381/1905/1249 1386/1911/1248 1387/1912/1292
f 1375/1898/1285 1374/1897/1284 1387/1912/1292 1385/1910/1291
f 1276/1913/1293 1312/1796/1213 1311/1795/1213 1277/1914/1293
f 1257/1705/1154 1258/1706/1155 1277/1915/1294 1308/1792/1211
f 1388/1916/1295 1389/1917/1296 1390/1918/1297 1391/1919/1298 1392/1920/1299
f 1393/1921/1300 1394/1922/1301 1395/1923/1302 1396/1924/1303
f 1397/1925/1304 1398/1926/1305 1399/1927/1306 1400/1928/1307
f 1400/1928/1307 1401/1929/1308 1402/1930/1308 1397/1925/1304
f 1403/1931/1067 1404/1932/1309 1405/1933/1310 1406/1934/1066
f 1395/1923/1302 1407/1935/1311 1408/1936/1312 1396/1924/1303
f 1409/1937/1313 1391/1919/1298 1390/1918/1297 1410/1938/1314
f 1393/1921/1300 1411/1939/1315 1412/1940/1316 1413/1941/1317
f 1413/1941/1317 1412/1940/1316 1414/1942/1318 1415/1943/1319
f 1416/1944/1066 1417/1945/1067 1395/1946/1067 1394/1947/1066
f 1417/1945/1067 1418/1948/77 1407/1949/77 1395/1946/1067
f 1410/1938/1314 1390/1918/1297 1419/1950/1320 1420/1951/1321
f 1421/1952/1322 1422/1953/1323 1389/1954/1324 1388/1955/1322
f 1423/1956/1325 1424/1957/1326 1413/1941/1317 1415/1943/1319
f 1425/1958/1327 1426/1959/1328 1399/1927/1306 1398/1926/1305
f 1426/1959/1328 1427/1960/1329 1428/1961/1330 1429/1962/1331 1399/1927/1306
f 1430/1963/1332 1431/1964/1333 1432/1965/1334 1433/1966/1335
f 1434/1967/1336 1412/1940/1316 1411/1939/1315 1435/1968/1337 1436/1969/1338
f 1437/1970/1339 1438/1971/1340 1439/1972/1340 1440/1973/1339
f 1441/1974/1341 1442/1975/1342 1443/1976/1343 1444/1977/1344
f 1445/1978/1345 1446/1979/1346 1447/1980/1347 1448/1981/1348
f 1449/1982/1349 1450/1983/1350 1451/1984/1351 1452/1985/1352
f 1453/1986/1353 1454/1987/1354 1455/1988/1354 1451/1989/1353
f 1456/1990/1355 1421/1952/1322 1388/1955/1322 1392/1991/1355
f 1457/1992/1356 1458/1993/1357 1417/1994/1358 1416/1995/1358
f 1458/1993/1357 1459/1996/1359 1418/1997/1360 1417/1994/1358
f 1431/1964/1333 1460/1998/1361 1434/1967/1336 1432/1965/1334
f 1438/1971/1340 1461/1999/213 1462/2000/213 1439/1972/1340
f 1463/2001/1362 1464/2002/1363 1465/2003/1364 1466/2004/1365
f 1460/1998/1361 1414/1942/1318 1412/1940/1316 1434/1967/1336
f 1467/2005/1366 1433/1966/1335 1432/1965/1334 1468/2006/1367
f 1469/2007/1368 1470/2008/1369 1471/2009/1370 1429/1962/1331 1428/1961/1330
f 1463/2001/1362 1396/1924/1303 1408/1936/1312 1464/2002/1363
f 1472/2010/1371 1459/1996/1359 1458/1993/1357 1471/2009/1370
f 1473/2011/1372 1468/2012/1373 1436/2013/1374
f 1473/2011/1372 1474/2014/1375 1468/2012/1373
f 1475/2015/1376 1470/2016/1377 1466/2017/1377 1465/2018/1376
f 1470/2016/1377 1469/2019/1378 1476/2020/1378 1466/2017/1377
f 1477/2021/1379 1478/2022/1380 1433/2023/1380 1467/2024/1379
f 1420/1951/1321 1419/1950/1320 1479/2025/1381 1480/2026/1382
f 1481/2027/1248 1482/2028/663 1483/2029/663 1484/2030/1248
f 1476/2031/1383 1435/1968/1337 1411/1939/1315 1463/2001/1362 1466/2004/1365
f 1474/2014/1375 1485/2032/1384 1477/2033/1384 1467/2034/1384 1468/2012/1373
f 1482/2028/663 1437/1970/1339 1440/1973/1339 1483/2029/663
f 1486/2035/1385 1487/2036/1386 1488/2037/1386 1489/2038/1386 1490/2039/1387
f 1491/2040/1388 1492/2041/1389 1493/2042/1389 1494/2043/1388
f 1495/2044/1390 1496/2045/1065 1497/2046/171 1498/2047/1391
f 1404/1932/1309 1403/1931/1067 1499/2048/77 1500/2049/1392
f 1416/1995/1358 1401/1929/1308 1400/1928/1307 1457/1992/1356
f 1413/1941/1317 1424/1957/1326 1394/1922/1301 1393/1921/1300
f 1488/2050/1393 1491/2040/1388 1494/2043/1388 1489/2051/1393
f 1471/2009/1370 1470/2008/1369 1475/2052/1394 1472/2010/1371
f 1442/1975/1342 1474/2053/1395 1473/2054/1396 1443/1976/1343
f 1443/1976/1343 1473/2054/1396 1427/1960/1329 1426/1959/1328
f 1444/1977/1344 1443/1976/1343 1426/1959/1328 1425/1958/1327
f 1457/1992/1356 1429/1962/1331 1471/2009/1370 1458/1993/1357
f 1400/1928/1307 1399/1927/1306 1429/1962/1331 1457/1992/1356
f 1501/2055/1397 1502/2056/1398 1503/2057/1399 1504/2058/1400
f 1505/2059/1401 1506/2060/1402 1507/2061/1403 1508/2062/1404
f 1509/2063/1405 1510/2064/1406 1511/2065/1407 1512/2066/1408
f 1513/2067/1409 1514/2068/1410 1515/2069/1411 1516/2070/1412
f 1517/2071/1413 1518/2072/1414 1519/2073/1415 1520/2074/1416
f 1446/1979/1346 1521/2075/1417 1522/2076/980 1447/1980/1347
f 1516/2070/1412 1515/2069/1411 1512/2066/1408 1523/2077/1418
f 1520/2074/1416 1519/2073/1415 1514/2068/1410 1513/2067/1409
f 1524/2078/1419 1445/1978/1345 1448/1981/1348 1525/2079/1420
f 1504/2058/1400 1503/2057/1399 1506/2060/1402 1505/2059/1401
f 1396/1924/1303 1463/2001/1362 1411/1939/1315 1393/1921/1300
f 1401/2080/171 1416/1944/1066 1394/1947/1066 1424/2081/171
f 1526/2082/1421 1527/2083/102 1521/2075/1417 1446/1979/1346
f 1506/2060/1402 1528/2084/1422 1526/2082/1421 1507/2061/1403
f 1529/2085/1423 1530/2086/1424 1531/2087/1425 1528/2084/1422
f 1532/2088/1426 1533/2089/213 1530/2086/1424 1529/2085/1423
f 1523/2077/1418 1512/2066/1408 1511/2065/1407 1534/2090/1427
f 1507/2061/1403 1526/2082/1421 1446/1979/1346 1445/1978/1345
f 1528/2084/1422 1531/2087/1425 1527/2083/102 1526/2082/1421
f 1509/2063/1405 1524/2078/1419 1525/2079/1420 1510/2064/1406
f 1535/2091/1428 1536/2092/1429 1454/2093/1430 1453/2094/1431 1537/2095/1432
f 1538/2096/1433 1539/2097/1434 1540/2098/1434 1541/2099/1433
f 1536/2092/1429 1542/2100/1435 1543/2101/1435 1454/2093/1430
f 1544/2102/1436 1542/2103/1436 1536/2104/1437 1545/2105/1437
f 1546/2106/653 1535/2107/653 1539/2108/1438 1547/2109/1438
f 1548/2110/1439 1549/2111/1440 1550/2112/1441 1551/2113/1442
f 1552/2114/1443 1553/2115/1444 1554/2116/1445 1555/2117/1446
f 1556/2118/1447 1557/2119/1448 1549/2111/1440 1548/2110/1439
f 1558/2120/1449 1559/2121/1450 1560/2122/1451 1561/2123/1452
f 1562/2124/1453 1563/2125/1442 1564/2126/1454 1565/2127/1455
f 1547/2109/1438 1539/2108/1438 1538/2128/1065 1566/2129/1065
f 1551/2113/1442 1550/2112/1441 1553/2115/1444 1552/2114/1443
f 1555/2117/1446 1554/2116/1445 1567/2130/1456 1568/2131/1457
f 1569/2132/1458 1570/2133/1459 1559/2121/1450 1558/2120/1449
f 1561/2123/1452 1560/2122/1451 1563/2125/1442 1562/2124/1453
f 1557/2119/1448 1571/2134/1460 1572/2135/1461 1549/2111/1440
f 1550/2112/1441 1573/2136/1462 1574/2137/1463 1553/2115/1444
f 1554/2116/1445 1575/2138/1464 1495/2044/1390 1567/2130/1456
f 1576/2139/1465 1577/2140/1466 1548/2110/1439 1551/2113/1442
f 1578/2141/1467 1579/2142/1468 1552/2114/1443 1555/2117/1446
f 1580/2143/1469 1578/2141/1467 1555/2117/1446 1568/2131/1457
f 1581/2144/1470 1582/2145/1424 1583/2146/213 1584/2147/1471
f 1585/2148/1472 1586/2149/1425 1582/2145/1424 1581/2144/1470
f 1587/2150/1473 1588/2151/102 1586/2149/1425 1585/2148/1472
f 1589/2152/1474 1590/2153/1417 1588/2151/102 1587/2150/1473
f 1545/2105/1437 1536/2104/1437 1535/2107/653 1546/2106/653
f 1591/2154/84 1592/2155/84 1542/2103/1436 1544/2102/1436
f 1542/2100/1435 1592/2156/1475 1593/2157/1475 1543/2101/1435
f 1539/2097/1434 1535/2091/1428 1537/2095/1432 1540/2098/1434
f 1594/2158/1476 1501/2055/1397 1504/2058/1400 1595/2159/1477
f 1579/2142/1468 1576/2139/1465 1551/2113/1442 1552/2114/1443
f 1565/2127/1455 1564/2126/1454 1596/2160/1447 1597/2161/1478
f 1549/2111/1440 1572/2135/1461 1573/2136/1462 1550/2112/1441
f 1553/2115/1444 1574/2137/1463 1575/2138/1464 1554/2116/1445
f 1577/2140/1466 1598/2162/1479 1556/2118/1447 1548/2110/1439
f 1599/2163/1480 1509/2063/1405 1512/2066/1408 1515/2069/1411
f 1508/2062/1404 1507/2061/1403 1445/1978/1345 1524/2078/1419
f 1600/2164/1481 1599/2163/1480 1515/2069/1411 1514/2068/1410
f 1595/2159/1477 1600/2164/1481 1514/2068/1410 1519/2073/1415
f 1601/2165/1482 1602/2166/980 1590/2153/1417 1589/2152/1474
f 1594/2158/1476 1595/2159/1477 1519/2073/1415 1518/2072/1414
f 1564/2126/1454 1581/2144/1470 1584/2147/1471 1596/2160/1447
f 1428/2167/1483 1427/2168/1484 1436/2013/1374 1435/2169/1485
f 1469/2019/1378 1428/2167/1483 1435/2169/1485 1476/2020/1378
f 1478/2022/1380 1541/2170/1486 1430/2171/1486 1433/2023/1380
f 1560/2122/1451 1587/2150/1473 1585/2148/1472 1563/2125/1442
f 1570/2133/1459 1601/2165/1482 1589/2152/1474 1559/2121/1450
f 1576/2139/1465 1562/2124/1453 1565/2127/1455 1577/2140/1466
f 1578/2141/1467 1558/2120/1449 1561/2123/1452 1579/2142/1468
f 1603/2172/1487 1517/2071/1413 1520/2074/1416 1604/2173/1487
f 1455/2174/1488 1513/2067/1409 1516/2070/1412 1452/2175/1489 1451/2176/1490
f 1593/2177/84 1603/2178/84 1604/2179/1436 1543/2180/1436
f 1605/2181/1491 1449/1982/1349 1452/1985/1352 1606/2182/1492
f 1503/2057/1399 1529/2085/1423 1528/2084/1422 1506/2060/1402
f 1606/2183/1493 1523/2077/1418 1534/2090/1427 1607/2184/1494
f 1604/2173/1487 1520/2074/1416 1513/2067/1409 1455/2174/1488
f 1452/2175/1489 1516/2070/1412 1523/2077/1418 1606/2183/1493
f 1543/2180/1436 1604/2179/1436 1455/1988/1354 1454/1987/1354
f 1608/2185/1495 1544/2186/1495 1545/2187/1496 1609/2188/1496
f 1609/2188/1496 1545/2187/1496 1546/2189/1497 1610/2190/1497
f 1610/2190/1497 1546/2189/1497 1547/2191/1498 1611/2192/1498
f 1611/2192/1498 1547/2191/1498 1566/2193/1499 1496/2194/1499
f 1579/2142/1468 1561/2123/1452 1562/2124/1453 1576/2139/1465
f 1577/2140/1466 1565/2127/1455 1597/2161/1478 1598/2162/1479
f 1559/2121/1450 1589/2152/1474 1587/2150/1473 1560/2122/1451
f 1563/2125/1442 1585/2148/1472 1581/2144/1470 1564/2126/1454
f 1580/2143/1469 1569/2132/1458 1558/2120/1449 1578/2141/1467
f 1595/2159/1477 1504/2058/1400 1505/2059/1401 1600/2164/1481
f 1600/2164/1481 1505/2059/1401 1508/2062/1404 1599/2163/1480
f 1599/2163/1480 1508/2062/1404 1524/2078/1419 1509/2063/1405
f 1502/2056/1398 1532/2088/1426 1529/2085/1423 1503/2057/1399
f 1574/2137/1463 1573/2136/1462 1609/2195/1437 1610/2196/653
f 1612/2197/1500 1591/2198/1500 1544/2186/1495 1608/2185/1495
f 1441/1974/1341 1605/2181/1491 1606/2182/1492 1607/2199/1501
f 1432/1965/1334 1434/1967/1336 1436/1969/1338 1468/2006/1367
f 1402/2200/1065 1401/2080/171 1424/2081/171 1423/2201/1065
f 1397/1925/1304 1613/2202/1502 1614/2203/1503 1398/1926/1305
f 1615/2204/1504 1616/2205/1505 1617/2206/1506 1618/2207/1507
f 1613/2202/1502 1619/2208/1508 1620/2209/1509 1614/2203/1503
f 1619/2208/1508 1613/2202/1502 1621/2210/1510 1622/2211/1510
f 1608/2212/1511 1609/2195/1437 1573/2136/1462 1572/2135/1461
f 1495/2044/1390 1575/2138/1464 1611/2213/1438 1496/2045/1065
f 1617/2206/1506 1616/2205/1505 1623/2214/1512 1060/2215/1513
f 1624/2216/1514 1415/1943/1319 1414/1942/1318 1625/2217/1515
f 1615/2204/1504 1626/2218/1516 1627/2219/1517 1628/2220/1518
f 1626/2218/1516 1624/2216/1514 1625/2217/1515 1627/2219/1517
f 1629/2221/1437 1618/2222/1437 1617/2223/1511 1630/2224/1511
f 1630/2224/1511 1617/2223/1511 1060/1433/84 1059/1432/84
f 1402/2200/1065 1423/2201/1065 1631/2225/1438 1621/2226/1438
f 1425/1958/1327 1398/1926/1305 1614/2203/1503 1632/2227/1519
f 1631/2228/1520 1624/2216/1514 1626/2218/1516 1633/2229/1521
f 1632/2227/1519 1614/2203/1503 1620/2209/1509 1634/2230/1522
f 1634/2230/1522 1620/2209/1509 1635/2231/1523 1636/2232/1524 1637/2233/1525
f 1638/2234/1526 1639/2235/1527 1640/2236/1528 1641/2237/1529
f 1642/2238/1530 1643/2239/1531 1644/2240/1532 1628/2220/1518 1627/2219/1517
f 1460/1998/1361 1645/2241/1533 1625/2217/1515 1414/1942/1318
f 1605/2181/1491 1646/2242/1534 1647/2243/1535 1449/1982/1349
f 1648/2244/1536 1317/1808/1222 1377/1900/1287 1649/2245/1537
f 1189/1613/1083 1650/2246/1538 1114/2247/1539 1113/1616/1086
f 1046/2248/1540 1114/2249/1540 1651/2250/1541 1652/2251/1541
f 1397/1925/1304 1402/1930/1308 1621/2210/1510 1613/2202/1502
f 1653/2252/1542 1629/2253/1543 1630/2254/1543 1654/2255/1544
f 1654/2255/1544 1630/2254/1543 1059/1681/1132 1237/1680/1131
f 1641/2237/1529 1640/2236/1528 1642/2238/1530 1645/2241/1533
f 1430/1963/1332 1638/2234/1526 1641/2237/1529 1431/1964/1333
f 1655/2256/1545 1656/2257/1546 1150/1568/1042 1149/1567/1041
f 1645/2241/1533 1642/2238/1530 1627/2219/1517 1625/2217/1515
f 1657/2258/1547 1658/2259/1548 1640/2236/1528 1639/2235/1527
f 1659/2260/1549 1636/2232/1524 1635/2231/1523 1660/2261/1550 1661/2262/1551
f 1655/2256/1545 1149/1567/1041 1623/2214/1512 1616/2205/1505
f 1222/1663/1120 1660/2261/1550 1654/2255/1544 1237/1680/1131
f 1643/2263/1552 1658/2264/1553 1662/2265/1554
f 1662/2265/1554 1658/2264/1553 1450/2266/1555
f 1221/2267/1556 1150/2268/1556 1656/2269/1557 1661/2270/1557
f 1661/2270/1557 1656/2269/1557 1663/2271/1558 1659/2272/1558
f 1453/2273/1559 1657/2274/1559 1639/2275/1560 1537/2276/1560
f 1540/2277/1561 1638/2278/1561 1430/2171/1486 1541/2170/1486
f 1663/2279/1562 1656/2257/1546 1655/2256/1545 1628/2220/1518 1644/2240/1532
f 1193/2280/1563 1192/2281/1564 1133/2282/1565
f 1450/2266/1555 1658/2264/1553 1657/2283/1566 1453/2284/1566 1451/2285/1566
f 1431/1964/1333 1641/2237/1529 1645/2241/1533 1460/1998/1361
f 1637/2286/1567 1643/2263/1552 1662/2265/1554
f 1423/1956/1325 1415/1943/1319 1624/2216/1514 1631/2228/1520
f 1441/1974/1341 1444/1977/1344 1646/2242/1534 1605/2181/1491
f 1575/2138/1464 1574/2137/1463 1610/2196/653 1611/2213/1438
f 1572/2135/1461 1571/2134/1460 1612/2287/84 1608/2212/1511
f 1629/2253/1543 1653/2252/1542 1619/2208/1508 1622/2211/1510
f 1626/2218/1516 1615/2204/1504 1618/2207/1507 1633/2229/1521
f 1444/1977/1344 1425/1958/1327 1632/2227/1519 1646/2242/1534
f 1660/2261/1550 1222/1663/1120 1221/1662/1119 1661/2262/1551
f 1449/1982/1349 1647/2243/1535 1662/2288/1568 1450/1983/1350
f 1647/2243/1535 1634/2230/1522 1637/2233/1525 1662/2288/1568
f 1646/2242/1534 1632/2227/1519 1634/2230/1522 1647/2243/1535
f 1653/2252/1542 1654/2255/1544 1660/2261/1550 1635/2231/1523
f 1619/2208/1508 1653/2252/1542 1635/2231/1523 1620/2209/1509
f 1664/2289/1569 1649/2245/1537 1377/1900/1287 1321/1813/1227
f 1665/2290/1570 1666/2291/1571 1667/2292/1572 1668/2293/1573
f 1669/2294/1574 1670/2295/1575 1667/2292/1572 1666/2291/1571
f 1501/2055/1397 1671/2296/1576 1672/2297/1577 1502/2056/1398
f 1673/2298/1578 1674/2299/1579 1675/2300/1580 1676/2301/1581
f 1670/2295/1575 1648/2244/1536 1649/2245/1537 1667/2292/1572
f 1517/2071/1413 1669/2294/1574 1666/2291/1571 1518/2072/1414
f 1671/2296/1576 1673/2298/1578 1676/2301/1581 1672/2297/1577
f 1674/2299/1579 1320/1812/1226 1385/1910/1291 1675/2300/1580
f 1668/2293/1573 1667/2292/1572 1649/2245/1537 1664/2289/1569
f 1616/2205/1505 1615/2204/1504 1628/2220/1518 1655/2256/1545
f 1622/2302/653 1633/2303/653 1618/2222/1437 1629/2221/1437
f 1675/2300/1580 1385/1910/1291 1387/1912/1292 1677/2304/1582
f 1665/2290/1570 1668/2293/1573 1673/2298/1578 1671/2296/1576
f 1672/2297/1577 1676/2301/1581 1678/2305/1583 1679/2306/1584
f 1502/2056/1398 1672/2297/1577 1679/2306/1584 1532/2088/1426
f 1664/2289/1569 1321/1813/1227 1320/1812/1226 1674/2299/1579
f 1668/2293/1573 1664/2289/1569 1674/2299/1579 1673/2298/1578
f 1676/2301/1581 1675/2300/1580 1677/2304/1582 1678/2305/1583
f 1680/2307/945 1681/2308/1585 1682/2309/1586 1683/2310/960
f 1684/2311/1587 1685/2312/960 1686/2313/960 1687/2314/1587
f 1688/2315/108 1302/1859/965 1358/1858/965 1689/2316/108
f 1690/2317/1588 1691/2318/1589 1692/2319/1590 1693/2320/1591
f 1556/2118/1447 1694/2321/1592 1695/2322/1593 1557/2119/1448
f 1696/2323/1594 1697/2324/1595 1698/2325/1596 1699/2326/1597
f 1700/2327/1598 1597/2161/1478 1596/2160/1447 1701/2328/1599
f 1695/2322/1593 1693/2320/1591 1682/2309/1586 1681/2308/1585
f 1692/2319/1590 1353/1851/1258 1295/1772/1201 1702/2329/1600
f 1703/2330/1601 1690/2317/1588 1694/2321/1592 1704/2331/1602
f 1322/1814/1228 1348/1845/1253 1691/2318/1589 1705/2332/1603
f 1697/2324/1595 1700/2327/1598 1701/2328/1599 1698/2325/1596
f 1557/2119/1448 1695/2322/1593 1681/2308/1585 1571/2134/1460
f 1693/2320/1591 1692/2319/1590 1702/2329/1600 1682/2309/1586
f 1704/2331/1602 1694/2321/1592 1556/2118/1447 1598/2162/1479
f 1705/2332/1603 1691/2318/1589 1690/2317/1588 1703/2330/1601
f 1706/2333/1604 1707/2334/1605 1708/2335/1340 1709/2336/1339
f 1333/1827/1239 1710/2337/1606 1711/2338/663 1342/1838/1248
f 1698/2325/1596 1701/2328/1599 1707/2334/1605 1706/2333/1604
f 1332/1826/1238 1699/2326/1597 1710/2337/1606 1333/1827/1239
f 1703/2330/1601 1704/2331/1602 1700/2327/1598 1697/2324/1595
f 1705/2332/1603 1703/2330/1601 1697/2324/1595 1696/2323/1594
f 1322/1814/1228 1705/2332/1603 1696/2323/1594 1323/1815/1229
f 1603/2172/1487 1712/2339/1487 1669/2294/1574 1517/2071/1413
f 1712/2339/1487 1651/2340/1607 1670/2295/1575 1669/2294/1574
f 1651/2340/1607 1114/2341/1608 1650/2342/1609 1648/2244/1536 1670/2295/1575
f 1323/1815/1229 1696/2323/1594 1699/2326/1597 1332/1826/1238
f 1691/2318/1589 1348/1845/1253 1353/1851/1258 1692/2319/1590
f 1694/2321/1592 1690/2317/1588 1693/2320/1591 1695/2322/1593
f 1685/2312/960 1688/2315/108 1689/2316/108 1686/2313/960
f 1591/2154/84 1684/2311/1587 1687/2314/1587 1592/2155/84
f 1704/2331/1602 1598/2162/1479 1597/2161/1478 1700/2327/1598
f 1707/2334/1605 1584/2147/1471 1583/2146/213 1708/2335/1340
f 1710/2337/1606 1706/2333/1604 1709/2336/1339 1711/2338/663
f 1701/2328/1599 1596/2160/1447 1584/2147/1471 1707/2334/1605
f 1699/2326/1597 1698/2325/1596 1706/2333/1604 1710/2337/1606
f 1677/2304/1582 1387/1912/1292 1386/1911/1248 1713/2343/663
f 1594/2158/1476 1518/2072/1414 1666/2291/1571 1665/2290/1570
f 1678/2305/1583 1677/2304/1582 1713/2343/663 1714/2344/1339
f 1679/2306/1584 1678/2305/1583 1714/2344/1339 1715/2345/1340
f 1650/2342/1609 1307/1809/1223 1317/1808/1222 1648/2244/1536
f 1532/2088/1426 1679/2306/1584 1715/2345/1340 1533/2089/213
f 1593/2177/84 1716/2346/1587 1712/2347/1587 1603/2178/84
f 1636/2348/1610 1644/2349/1611 1643/2263/1552 1637/2286/1567
f 1659/2272/1558 1663/2271/1558 1644/2349/1611 1636/2348/1610
f 1537/2276/1560 1639/2275/1560 1638/2278/1561 1540/2277/1561
f 1188/1612/1082 1307/1791/1210 1650/2246/1538 1189/1613/1083
f 1680/2350/1612 1683/2351/1613 1685/2352/1613 1684/2353/1612
f 1717/2354/1614 1298/1781/1205 1302/1780/1205 1688/2355/1614
f 1295/1772/1201 1298/1775/965 1717/2356/108 1702/2329/1600
f 1076/1679/1130 1082/2357/1138 1718/2358/1615 1235/1676/1128
f 1085/1762/1196 1083/2359/1616 1098/1474/979 1107/1486/984
f 1092/1468/973 1077/2360/1617 1061/2361/1506 1089/1465/970
f 1718/2358/1615 1233/1674/1126 1182/1605/1075 1235/1676/1128
f 1594/2158/1476 1665/2290/1570 1671/2296/1576 1501/2055/1397
f 1718/2358/1615 1082/2357/1138 1084/1688/1138 1240/1687/1137
f 1098/1474/979 1083/2359/1616 1077/2360/1617 1092/1468/973
f 1061/2361/1506 1060/2215/1513 1623/2214/1512 1089/1465/970
f 1235/1676/1128 1182/1605/1075 1181/1604/1074 1236/1677/1129
f 1222/1663/1120 1237/1680/1131 1236/1677/1129 1181/1604/1074
f 1192/2281/1564 1115/1517/1007 1133/2282/1565
f 1192/2281/1564 1113/1513/1005 1115/1517/1007
f 1221/2267/1556 1027/1400/920 1030/1403/920 1150/2268/1556
f 1702/2329/1600 1717/2356/108 1683/2310/960 1682/2309/1586
f 1683/2351/1613 1717/2354/1614 1688/2355/1614 1685/2352/1613
f 1612/2197/1500 1680/2350/1612 1684/2353/1612 1591/2198/1500
f 1716/2346/1587 1652/2251/1541 1651/2250/1541 1712/2347/1587
f 1681/2308/1585 1680/2307/945 1612/2287/84 1571/2134/1460
f 1686/2362/1618 1652/2363/1619 1716/2364/1620 1687/2365/1620
f 1687/2365/1620 1716/2364/1620 1593/2157/1475 1592/2156/1475
f 1358/1874/1265 1056/1877/1268 1047/2366/1621 1689/2367/1622
f 1689/2367/1622 1047/2366/1621 1046/2368/1623 1652/2363/1619 1686/2362/1618
f 1040/1413/930 1193/2280/1563 1133/2282/1565 1041/1414/931
f 1090/1466/971 1089/1465/970 1623/2214/1512 1149/1567/1041
f 1240/1687/1137 1234/1675/1127 1233/1674/1126 1718/2358/1615
f 1640/2236/1528 1658/2259/1548 1643/2239/1531 1642/2238/1530
f 1621/2226/1438 1631/2225/1438 1633/2303/653 1622/2302/653
f 1498/2047/1391 1497/2046/171 1406/1934/1066 1405/1933/1310
f 1497/2369/1624 1496/2194/1499 1566/2193/1499 1719/2370/1624
f 1406/2371/1625 1497/2369/1624 1719/2370/1624 1720/2372/1625
f 1403/2373/1626 1406/2371/1625 1720/2372/1625 1721/2374/1627
f 1499/2375/1628 1403/2373/1626 1721/2374/1627 1722/2376/1628
f 1723/2377/1629 1724/2378/1630 1725/2379/1631 1490/2380/1632
f 1441/1974/1341 1607/2199/1501 1726/2381/1633 1442/1975/1342
f 1727/2382/1634 1728/2383/1635 1729/2384/1635 1730/2385/1634
f 1731/2386/77 1727/2382/1634 1730/2385/1634 1732/2387/77
f 1726/2388/1636 1607/2184/1494 1534/2090/1427 1733/2389/1637
f 1729/2390/1638 1485/2391/1639 1726/2388/1636 1733/2389/1637 1734/2392/1640
f 1730/2393/1641 1729/2390/1638 1734/2392/1640 1735/2394/1642
f 1732/2395/1641 1730/2393/1641 1735/2394/1642 1736/2396/1643
f 1737/2397/1644 1738/2398/1645 1724/2378/1630 1723/2377/1629
f 1391/1919/1298 1739/2399/1646 1740/2400/1647 1392/1920/1299
f 1738/2398/1645 1479/2025/1381 1419/1950/1320 1724/2378/1630
f 1580/2143/1469 1741/2401/1648 1742/2402/1649 1569/2132/1458
f 1741/2401/1648 1743/2403/1650 1744/2404/1651 1742/2402/1649
f 1743/2403/1650 1745/2405/1652 1746/2406/1653 1744/2404/1651
f 1745/2405/1652 1747/2407/1654 1748/2408/1655 1746/2406/1653
f 1724/2378/1630 1419/1950/1320 1390/1918/1297 1389/1917/1296 1725/2379/1631
f 1570/2133/1459 1749/2409/1656 1750/2410/1657 1601/2165/1482
f 1749/2409/1656 1751/2411/1658 1752/2412/1659 1750/2410/1657
f 1751/2411/1658 1753/2413/1660 1754/2414/1661 1752/2412/1659
f 1753/2413/1660 1755/2415/1662 1756/2416/1663 1754/2414/1661
f 1489/2417/1664 1494/2418/1665 1723/2377/1629 1490/2380/1632
f 1601/2165/1482 1750/2410/1657 1757/2419/652 1602/2166/980
f 1750/2410/1657 1752/2412/1659 1758/2420/981 1757/2419/652
f 1752/2412/1659 1754/2414/1661 1759/2421/982 1758/2420/981
f 1754/2414/1661 1756/2416/1663 1760/2422/210 1759/2421/982
f 1493/2423/1666 1737/2397/1644 1723/2377/1629 1494/2418/1665
f 1580/2143/1469 1568/2131/1457 1761/2424/1667 1741/2401/1648
f 1741/2401/1648 1761/2424/1667 1762/2425/1668 1743/2403/1650
f 1743/2403/1650 1762/2425/1668 1763/2426/1660 1745/2405/1652
f 1745/2405/1652 1763/2426/1660 1764/2427/1662 1747/2407/1654
f 1421/2428/1669 1456/2429/1670 1765/2430/1671 1766/2431/1672 1422/2432/1673
f 1767/2433/1674 1567/2130/1456 1495/2044/1390 1498/2047/1391
f 1768/2434/1675 1767/2433/1674 1498/2047/1391 1405/1933/1310
f 1769/2435/1676 1768/2434/1675 1405/1933/1310 1404/1932/1309
f 1770/2436/1677 1769/2435/1676 1404/1932/1309 1500/2049/1392
f 1746/2406/1653 1748/2408/1655 1755/2415/1662 1753/2413/1660
f 1744/2404/1651 1746/2406/1653 1753/2413/1660 1751/2411/1658
f 1742/2402/1649 1744/2404/1651 1751/2411/1658 1749/2409/1656
f 1569/2132/1458 1742/2402/1649 1749/2409/1656 1570/2133/1459
f 1771/2437/1678 1772/2438/1679 1773/2439/1680 1774/2440/1681
f 1764/2427/1662 1763/2426/1660 1769/2435/1676 1770/2436/1677
f 1772/2438/1679 1486/2441/1682 1775/2442/1683 1773/2439/1680
f 1761/2424/1667 1568/2131/1457 1567/2130/1456 1767/2433/1674
f 1762/2425/1668 1761/2424/1667 1767/2433/1674 1768/2434/1675
f 1763/2426/1660 1762/2425/1668 1768/2434/1675 1769/2435/1676
f 1773/2439/1680 1775/2442/1683 1776/2443/1684 1777/2444/1685
f 1719/2445/171 1566/2129/1065 1538/2128/1065 1778/2446/171
f 1720/2447/1066 1719/2445/171 1778/2446/171 1779/2448/1066
f 1721/2449/1067 1720/2447/1066 1779/2448/1066 1780/2450/1067
f 1722/2451/77 1721/2449/1067 1780/2450/1067 1781/2452/77
f 1779/2453/1686 1728/2454/1687 1727/2455/1688 1780/2456/1688
f 1780/2456/1688 1727/2455/1688 1731/2457/1689 1781/2458/1689
f 1774/2440/1681 1773/2439/1680 1777/2444/1685 1782/2459/1690
f 1538/2096/1433 1541/2099/1433 1478/2460/1691 1778/2461/1692
f 1778/2461/1692 1478/2460/1691 1477/2462/1693 1728/2454/1687 1779/2453/1686
f 1783/2463/1694 1784/2464/1695 1785/2465/1696 1786/2466/1697
f 1784/2464/1695 1787/2467/1698 1788/2468/1699 1785/2465/1696
f 1787/2467/1698 1789/2469/1700 1790/2470/1701 1788/2468/1699
f 1789/2469/1700 1510/2064/1406 1525/2079/1420 1790/2470/1701
f 1791/2471/1702 1792/2472/1703 1793/2473/1704 1794/2474/1705
f 1792/2472/1703 1795/2475/1706 1796/2476/1707 1793/2473/1704
f 1795/2475/1706 1797/2477/1708 1798/2478/1709 1796/2476/1707
f 1797/2477/1708 1448/1981/1348 1447/1980/1347 1798/2478/1709
f 1765/2430/1671 1456/2429/1670 1799/2479/1710 1800/2480/1711
f 1794/2474/1705 1793/2473/1704 1801/2481/982 1802/2482/210
f 1793/2473/1704 1796/2476/1707 1803/2483/981 1801/2481/982
f 1796/2476/1707 1798/2478/1709 1804/2484/652 1803/2483/981
f 1798/2478/1709 1447/1980/1347 1522/2076/980 1804/2484/652
f 1783/2463/1694 1805/2485/1712 1806/2486/1713 1784/2464/1695
f 1784/2464/1695 1806/2486/1713 1807/2487/1714 1787/2467/1698
f 1787/2467/1698 1807/2487/1714 1808/2488/1715 1789/2469/1700
f 1789/2469/1700 1808/2488/1715 1511/2065/1407 1510/2064/1406
f 1790/2470/1701 1525/2079/1420 1448/1981/1348 1797/2477/1708
f 1788/2468/1699 1790/2470/1701 1797/2477/1708 1795/2475/1706
f 1785/2465/1696 1788/2468/1699 1795/2475/1706 1792/2472/1703
f 1786/2466/1697 1785/2465/1696 1792/2472/1703 1791/2471/1702
f 1782/2459/1690 1777/2444/1685 1809/2489/1716 1810/2490/1717
f 1736/2396/1643 1735/2394/1642 1806/2486/1713 1805/2485/1712
f 1735/2394/1642 1734/2392/1640 1807/2487/1714 1806/2486/1713
f 1734/2392/1640 1733/2389/1637 1808/2488/1715 1807/2487/1714
f 1733/2389/1637 1534/2090/1427 1511/2065/1407 1808/2488/1715
f 1777/2444/1685 1776/2443/1684 1422/2432/1673 1766/2431/1672 1809/2489/1716
f 1811/2491/1718 1812/2492/1719 1438/2493/1720 1437/2494/1720
f 1812/2492/1719 1813/2495/1721 1461/2496/1722 1438/2493/1720
f 1477/2497/1723 1485/2498/1723 1729/2384/1635 1728/2383/1635
f 1442/1975/1342 1726/2381/1633 1485/2499/1724 1474/2053/1395
f 1814/2500/1725 1815/2501/1726 1418/1997/1360 1459/1996/1359
f 1816/2502/1727 1481/2503/1728 1817/2504/1729 1818/2505/1730
f 1819/2506/1731 1820/2507/1726 1815/2501/1726 1814/2500/1725
f 1821/2508/1732 1822/2509/1733 1823/2510/1734 1824/2511/1735 1825/2512/1736
f 1826/2513/1737 1827/2514/1738 1822/2509/1733 1821/2508/1732
f 1782/2459/1690 1810/2490/1717 1827/2514/1738 1826/2513/1737
f 1828/2515/1739 1472/2010/1371 1475/2052/1394 1829/2516/1740
f 1774/2440/1681 1782/2459/1690 1826/2513/1737 1830/2517/1741
f 1830/2517/1741 1826/2513/1737 1821/2508/1732 1831/2518/1742
f 1831/2518/1742 1821/2508/1732 1825/2512/1736 1832/2519/1743
f 1833/2520/1744 1831/2518/1742 1832/2519/1743 1834/2521/1745
f 1835/2522/1746 1830/2517/1741 1831/2518/1742 1833/2520/1744
f 1771/2437/1678 1774/2440/1681 1830/2517/1741 1835/2522/1746
f 1493/2423/1666 1836/2523/1747 1837/2524/1748 1737/2397/1644
f 1838/2525/1749 1824/2511/1735 1823/2510/1734 1828/2515/1739 1829/2516/1740
f 1836/2523/1747 1839/2526/1750 1840/2527/1751 1837/2524/1748
f 1841/2528/1752 1842/2529/1753 1840/2527/1751 1839/2526/1750
f 1843/2530/1754 1844/2531/1755 1845/2532/1756 1846/2533/1757 1847/2534/1758
f 1848/2535/1759 1843/2530/1754 1847/2534/1758 1849/2536/1760
f 1738/2398/1645 1848/2535/1759 1849/2536/1760 1479/2025/1381
f 1850/2537/1761 1851/2538/1762 1465/2003/1364 1464/2002/1363
f 1737/2397/1644 1837/2524/1748 1848/2535/1759 1738/2398/1645
f 1837/2524/1748 1840/2527/1751 1843/2530/1754 1848/2535/1759
f 1840/2527/1751 1842/2529/1753 1844/2531/1755 1843/2530/1754
f 1825/2539/1763 1844/2540/1764 1832/2541/1765
f 1427/2168/1484 1473/2011/1372 1436/2013/1374
f 1834/2542/1766 1842/2543/1767 1841/2544/1768 1852/2545/1768 1853/2546/1768
f 1854/2547/1769 1851/2538/1762 1850/2537/1761 1846/2533/1757 1845/2532/1756
f 1855/2548/1770 1480/2026/1382 1479/2025/1381 1849/2536/1760
f 1856/2549/1771 1855/2548/1770 1849/2536/1760 1847/2534/1758
f 1857/2550/1772 1856/2549/1771 1847/2534/1758 1846/2533/1757
f 1858/2551/1773 1857/2550/1772 1846/2533/1757 1850/2537/1761
f 1481/2027/1248 1484/2030/1248 1859/2552/1249 1817/2553/1249
f 1817/2553/1249 1859/2552/1249 1860/2554/142 1861/2555/142
f 1861/2555/142 1860/2554/142 1862/2556/1250 1820/2557/1250
f 1820/2557/1250 1862/2556/1250 1863/2558/1251 1815/2559/1251
f 1815/2559/1251 1863/2558/1251 1407/1949/77 1418/1948/77
f 1864/2560/1774 1836/2561/1774 1493/2042/1389 1492/2041/1389
f 1865/2562/1775 1839/2563/1775 1836/2561/1774 1864/2560/1774
f 1852/2564/1776 1841/2565/1776 1839/2563/1775 1865/2562/1775
f 1838/2566/1777 1854/2567/1777 1845/2568/1778 1824/2569/1779
f 1829/2570/1780 1851/2571/1780 1854/2567/1777 1838/2566/1777
f 1824/2569/1779 1845/2568/1778 1844/2540/1764 1825/2539/1763
f 1475/2015/1376 1465/2018/1376 1851/2571/1780 1829/2570/1780
f 1832/2541/1765 1842/2543/1767 1834/2542/1766
f 1844/2540/1764 1842/2543/1767 1832/2541/1765
f 1472/2010/1371 1828/2515/1739 1814/2500/1725 1459/1996/1359
f 1850/2537/1761 1464/2002/1363 1408/1936/1312 1858/2551/1773
f 1816/2502/1727 1818/2505/1730 1827/2514/1738 1810/2490/1717
f 1818/2505/1730 1866/2572/1781 1822/2509/1733 1827/2514/1738
f 1866/2572/1781 1819/2506/1731 1823/2510/1734 1822/2509/1733
f 1819/2506/1731 1814/2500/1725 1828/2515/1739 1823/2510/1734
f 1857/2550/1772 1858/2551/1773 1863/2573/1302 1862/2574/1782
f 1863/2573/1302 1858/2551/1773 1408/1936/1312 1407/1935/1311
f 1484/2575/1783 1480/2026/1382 1855/2548/1770 1859/2576/1784
f 1859/2576/1784 1855/2548/1770 1856/2549/1771 1860/2577/1785
f 1856/2549/1771 1857/2550/1772 1862/2574/1782 1860/2577/1785
f 1866/2572/1781 1818/2505/1730 1817/2504/1729 1861/2578/1729
f 1820/2507/1726 1819/2506/1731 1866/2572/1781 1861/2578/1729
f 1867/2579/1251 1868/2580/1250 1869/2581/1786 1870/2582/1787
f 1870/2582/1787 1500/2049/1392 1499/2048/77 1867/2579/1251
f 1871/2583/1788 1872/2584/1789 1873/2585/1249 1874/2586/1248
f 1872/2584/1789 1875/2587/1790 1876/2588/142 1873/2585/1249
f 1875/2587/1790 1869/2581/1786 1868/2580/1250 1876/2588/142
f 1873/2589/1791 1877/2590/1791 1878/2591/1792 1874/2592/1792
f 1876/2593/1793 1879/2594/1793 1877/2590/1791 1873/2589/1791
f 1868/2595/1794 1880/2596/1794 1879/2594/1793 1876/2593/1793
f 1867/2597/1795 1881/2598/1795 1880/2596/1794 1868/2595/1794
f 1499/2375/1628 1722/2376/1628 1881/2598/1795 1867/2597/1795
f 1771/2437/1678 1835/2522/1746 1882/2599/1796 1883/2600/1797
f 1835/2522/1746 1833/2520/1744 1884/2601/1798 1882/2599/1796
f 1885/2602/1799 1886/2603/1799 1887/2604/1800 1888/2605/1800
f 1731/2386/77 1732/2387/77 1886/2603/1799 1885/2602/1799
f 1884/2606/1801 1889/2607/1802 1890/2608/1803 1882/2609/1804
f 1887/2610/1805 1891/2611/1806 1889/2607/1802 1884/2606/1801 1853/2612/1807
f 1886/2613/1641 1892/2614/1808 1891/2611/1806 1887/2610/1805
f 1732/2395/1641 1736/2396/1643 1892/2614/1808 1886/2613/1641
f 1882/2609/1804 1890/2608/1803 1893/2615/1809 1883/2616/1810
f 1894/2617/1811 1895/2618/1812 1896/2619/1813 1897/2620/1814
f 1898/2621/1815 1899/2622/1816 1900/2623/1817 1901/2624/1818
f 1901/2624/1818 1900/2623/1817 1902/2625/1819 1903/2626/1820
f 1903/2626/1820 1902/2625/1819 1904/2627/1821 1905/2628/1822
f 1905/2628/1822 1904/2627/1821 1906/2629/1823 1907/2630/1824
f 1907/2630/1824 1906/2629/1823 1748/2408/1655 1747/2407/1654
f 1908/2631/1825 1909/2632/1826 1910/2633/1827 1911/2634/1828
f 1911/2634/1828 1910/2633/1827 1912/2635/1829 1913/2636/1830
f 1913/2636/1830 1912/2635/1829 1914/2637/1831 1915/2638/1832
f 1915/2638/1832 1914/2637/1831 1916/2639/1833 1917/2640/1834
f 1917/2640/1834 1916/2639/1833 1756/2416/1663 1755/2415/1662
f 1909/2632/1826 1918/2641/965 1919/2642/1184 1910/2633/1827
f 1910/2633/1827 1919/2642/1184 1920/2643/660 1912/2635/1829
f 1912/2635/1829 1920/2643/660 1921/2644/1185 1914/2637/1831
f 1914/2637/1831 1921/2644/1185 1922/2645/1186 1916/2639/1833
f 1916/2639/1833 1922/2645/1186 1760/2422/210 1756/2416/1663
f 1898/2621/1815 1901/2624/1818 1923/2646/1835 1924/2647/1825
f 1901/2624/1818 1903/2626/1820 1925/2648/1836 1923/2646/1835
f 1903/2626/1820 1905/2628/1822 1926/2649/1837 1925/2648/1836
f 1905/2628/1822 1907/2630/1824 1927/2650/1838 1926/2649/1837
f 1907/2630/1824 1747/2407/1654 1764/2427/1662 1927/2650/1838
f 1928/2651/1839 1872/2584/1789 1871/2583/1788 1929/2652/1840
f 1930/2653/1841 1875/2587/1790 1872/2584/1789 1928/2651/1839
f 1931/2654/1842 1869/2581/1786 1875/2587/1790 1930/2653/1841
f 1932/2655/1843 1870/2582/1787 1869/2581/1786 1931/2654/1842
f 1770/2436/1677 1500/2049/1392 1870/2582/1787 1932/2655/1843
f 1906/2629/1823 1917/2640/1834 1755/2415/1662 1748/2408/1655
f 1904/2627/1821 1915/2638/1832 1917/2640/1834 1906/2629/1823
f 1902/2625/1819 1913/2636/1830 1915/2638/1832 1904/2627/1821
f 1900/2623/1817 1911/2634/1828 1913/2636/1830 1902/2625/1819
f 1899/2622/1816 1908/2631/1825 1911/2634/1828 1900/2623/1817
f 1764/2427/1662 1770/2436/1677 1932/2655/1843 1927/2650/1838
f 1923/2646/1835 1928/2651/1839 1929/2652/1840 1924/2647/1825
f 1925/2648/1836 1930/2653/1841 1928/2651/1839 1923/2646/1835
f 1926/2649/1837 1931/2654/1842 1930/2653/1841 1925/2648/1836
f 1927/2650/1838 1932/2655/1843 1931/2654/1842 1926/2649/1837
f 1877/2656/1249 1933/2657/1249 1934/2658/1248 1878/2659/1248
f 1879/2660/142 1935/2661/142 1933/2657/1249 1877/2656/1249
f 1880/2662/1250 1936/2663/1250 1935/2661/142 1879/2660/142
f 1881/2664/1799 1937/2665/1799 1936/2663/1250 1880/2662/1250
f 1722/2451/77 1781/2452/77 1937/2665/1799 1881/2664/1799
f 1936/2666/1844 1937/2667/1845 1885/2668/1845 1888/2669/1846
f 1937/2667/1845 1781/2458/1689 1731/2457/1689 1885/2668/1845
f 1934/2670/1847 1933/2671/1848 1864/2672/1849 1492/2673/1850
f 1933/2671/1848 1935/2674/1851 1865/2675/1852 1864/2672/1849
f 1935/2674/1851 1936/2666/1844 1888/2669/1846 1852/2676/1853 1865/2675/1852
f 1783/2463/1694 1786/2466/1697 1938/2677/1854 1939/2678/1855
f 1939/2678/1855 1938/2677/1854 1940/2679/1856 1941/2680/1857
f 1941/2680/1857 1940/2679/1856 1942/2681/1858 1943/2682/1859
f 1943/2682/1859 1942/2681/1858 1895/2618/1812 1894/2617/1811
f 1791/2471/1702 1794/2474/1705 1944/2683/1860 1945/2684/1861
f 1945/2684/1861 1944/2683/1860 1946/2685/1862 1947/2686/1863
f 1947/2686/1863 1946/2685/1862 1948/2687/1864 1949/2688/1865
f 1949/2688/1865 1948/2687/1864 1950/2689/1866 1951/2690/1867
f 1890/2608/1803 1952/2691/1868 1953/2692/1869 1893/2615/1809
f 1794/2474/1705 1802/2482/210 1954/2693/1186 1944/2683/1860
f 1944/2683/1860 1954/2693/1186 1955/2694/1185 1946/2685/1862
f 1946/2685/1862 1955/2694/1185 1956/2695/660 1948/2687/1864
f 1948/2687/1864 1956/2695/660 1957/2696/1184 1950/2689/1866
f 1783/2463/1694 1939/2678/1855 1958/2697/1870 1805/2485/1712
f 1939/2678/1855 1941/2680/1857 1959/2698/1871 1958/2697/1870
f 1941/2680/1857 1943/2682/1859 1960/2699/1872 1959/2698/1871
f 1943/2682/1859 1894/2617/1811 1952/2691/1868 1960/2699/1872
f 1942/2681/1858 1949/2688/1865 1951/2690/1867 1895/2618/1812
f 1940/2679/1856 1947/2686/1863 1949/2688/1865 1942/2681/1858
f 1938/2677/1854 1945/2684/1861 1947/2686/1863 1940/2679/1856
f 1786/2466/1697 1791/2471/1702 1945/2684/1861 1938/2677/1854
f 1895/2618/1812 1951/2690/1867 1961/2700/1873 1896/2619/1813
f 1736/2396/1643 1805/2485/1712 1958/2697/1870 1892/2614/1808
f 1892/2614/1808 1958/2697/1870 1959/2698/1871 1891/2611/1806
f 1891/2611/1806 1959/2698/1871 1960/2699/1872 1889/2607/1802
f 1889/2607/1802 1960/2699/1872 1952/2691/1868 1890/2608/1803
f 1894/2617/1811 1897/2620/1814 1953/2692/1869 1952/2691/1868
f 1950/2689/1866 1957/2696/1184 1962/2701/965 1963/2702/1874
f 1951/2690/1867 1950/2689/1866 1963/2702/1874 1961/2700/1873
f 1852/2703/1875 1888/2605/1800 1887/2604/1800 1853/2704/1875
f 1833/2520/1744 1834/2521/1745 1853/2705/1876 1884/2601/1798
f 1964/2706/1877 1965/2707/1878 1220/1661/1118 1219/1660/1117
f 1966/2708/1879 1967/2709/1880 1968/2710/1881 1969/2711/1882
f 1970/2712/1883 1971/2713/1884 1972/2714/1884 1968/2715/1883
f 1973/2716/1885 1974/2717/1886 1975/2718/1887 1976/2719/1888
f 1977/2720/1889 1978/2721/1890 1979/2722/1891 1980/2723/1892
f 1981/2724/1893 1209/1650/1107 1232/1673/1125 1982/2725/1894
f 1983/2726/1895 1984/2727/1896 1985/2728/1897 1986/2729/1898
f 1987/2730/1899 1988/2731/1900 1989/2732/1901 1990/2733/1902
f 1965/2707/1878 1991/2734/1438 1227/1668/1065 1220/1661/1118
f 1986/2729/1898 1985/2728/1897 1982/2725/1894 1992/2735/1903
f 1990/2733/1902 1989/2732/1901 1984/2727/1896 1983/2726/1895
f 1993/2736/1904 1964/2706/1877 1219/1660/1117 1210/1651/1108
f 1976/2719/1888 1975/2718/1887 1978/2721/1890 1977/2720/1889
f 1994/2737/1905 1995/2738/653 1991/2734/1438 1965/2707/1878
f 1978/2721/1890 1996/2739/1906 1994/2737/1905 1979/2722/1891
f 1997/2740/1907 1998/2741/1511 1999/2742/1437 1996/2739/1906
f 2000/2743/1908 2001/2744/84 1998/2741/1511 1997/2740/1907
f 1992/2735/1903 1982/2725/1894 1232/1673/1125 1142/1556/1031
f 1979/2722/1891 1994/2737/1905 1965/2707/1878 1964/2706/1877
f 1996/2739/1906 1999/2742/1437 1995/2738/653 1994/2737/1905
f 1981/2724/1893 1993/2736/1904 1210/1651/1108 1209/1650/1107
f 2002/2745/1909 2003/2746/1910 1971/2747/1910 1970/2748/1911 2004/2749/1912
f 1195/1637/1095 2005/2750/1913 2006/2751/1913 1109/1638/1095
f 2003/2746/1910 2007/2752/1914 2008/2753/1914 1971/2747/1910
f 2009/2754/1424 2007/2755/1424 2003/2756/1425 2010/2757/1425
f 2011/2758/102 2002/2759/102 2005/2760/1417 2012/2761/1417
f 2013/2762/1915 2014/2763/1916 2015/2764/1917 2016/2765/1918
f 2017/2766/1919 2018/2767/1920 2019/2768/1921 2020/2769/1922
f 2021/2770/1923 2022/2771/1924 2014/2763/1916 2013/2762/1915
f 2023/2772/1925 2024/2773/1926 2025/2774/1927 2026/2775/1928
f 2027/2776/1929 2028/2777/1918 2029/2778/1930 2030/2779/1931
f 2012/2761/1417 2005/2760/1417 1195/1622/980 1126/1621/980
f 2016/2765/1918 2015/2764/1917 2018/2767/1920 2017/2766/1919
f 2020/2769/1922 2019/2768/1921 1184/1608/1078 1176/1597/1069
f 1154/1572/1046 1161/1579/1053 2024/2773/1926 2023/2772/1925
f 2026/2775/1928 2025/2774/1927 2028/2777/1918 2027/2776/1929
f 2022/2771/1924 2031/2780/1932 2032/2781/1933 2014/2763/1916
f 2015/2764/1917 2033/2782/1934 2034/2783/1935 2018/2767/1920
f 2019/2768/1921 2035/2784/1936 1122/1528/1014 1184/1608/1078
f 2036/2785/1937 2037/2786/1938 2013/2762/1915 2016/2765/1918
f 2038/2787/1939 2039/2788/1940 2017/2766/1919 2020/2769/1922
f 1151/1569/1043 2038/2787/1939 2020/2769/1922 1176/1597/1069
f 2040/2789/1941 2041/2790/1511 2042/2791/84 2043/2792/1942
f 2044/2793/1943 2045/2794/1437 2041/2790/1511 2040/2789/1941
f 2046/2795/1944 2047/2796/653 2045/2794/1437 2044/2793/1943
f 2048/2797/1945 2049/2798/1438 2047/2796/653 2046/2795/1944
f 2010/2757/1425 2003/2756/1425 2002/2759/102 2011/2758/102
f 2050/2799/213 2051/2800/213 2007/2755/1424 2009/2754/1424
f 2007/2752/1914 2051/2801/1946 2052/2802/1946 2008/2753/1914
f 2005/2750/1913 2002/2745/1909 2004/2749/1912 2006/2751/1913
f 2053/2803/1947 1973/2716/1885 1976/2719/1888 2054/2804/1948
f 2039/2788/1940 2036/2785/1937 2016/2765/1918 2017/2766/1919
f 2030/2779/1931 2029/2778/1930 2055/2805/1923 2056/2806/1949
f 2014/2763/1916 2032/2781/1933 2033/2782/1934 2015/2764/1917
f 2018/2767/1920 2034/2783/1935 2035/2784/1936 2019/2768/1921
f 2037/2786/1938 2057/2807/1950 2021/2770/1923 2013/2762/1915
f 2058/2808/1951 1981/2724/1893 1982/2725/1894 1985/2728/1897
f 1980/2723/1892 1979/2722/1891 1964/2706/1877 1993/2736/1904
f 2059/2809/1952 2058/2808/1951 1985/2728/1897 1984/2727/1896
f 2054/2804/1948 2059/2809/1952 1984/2727/1896 1989/2732/1901
f 1164/1582/1056 1172/1592/1065 2049/2798/1438 2048/2797/1945
f 2053/2803/1947 2054/2804/1948 1989/2732/1901 1988/2731/1900
f 2029/2778/1930 2040/2789/1941 2043/2792/1942 2055/2805/1923
f 2025/2774/1927 2046/2795/1944 2044/2793/1943 2028/2777/1918
f 1161/1579/1053 1164/1582/1056 2048/2797/1945 2024/2773/1926
f 2036/2785/1937 2027/2776/1929 2030/2779/1931 2037/2786/1938
f 2038/2787/1939 2023/2772/1925 2026/2775/1928 2039/2788/1940
f 2060/2810/1953 1987/2730/1899 1990/2733/1902 2061/2811/1953
f 1972/2812/1954 1983/2726/1895 1986/2729/1898 1969/2813/1955 1968/2814/1956
f 2052/2815/213 2060/2816/213 2061/2817/1957 2008/2818/1957
f 2062/2819/1958 1966/2708/1879 1969/2711/1882 2063/2820/1959
f 1975/2718/1887 1997/2740/1907 1996/2739/1906 1978/2721/1890
f 2063/2821/1960 1992/2735/1903 1142/1556/1031 1134/1555/1030
f 2061/2811/1953 1990/2733/1902 1983/2726/1895 1972/2812/1954
f 1969/2813/1955 1986/2729/1898 1992/2735/1903 2063/2821/1960
f 2008/2818/1957 2061/2817/1957 1972/2714/1884 1971/2713/1884
f 2064/2822/1961 2009/2823/1961 2010/2824/1962 2065/2825/1962
f 2065/2825/1962 2010/2824/1962 2011/2826/1963 2066/2827/1963
f 2066/2827/1963 2011/2826/1963 2012/2828/1964 2067/2829/1964
f 2067/2829/1964 2012/2828/1964 1126/1534/1017 1123/1533/1017
f 2039/2788/1940 2026/2775/1928 2027/2776/1929 2036/2785/1937
f 2037/2786/1938 2030/2779/1931 2056/2806/1949 2057/2807/1950
f 2024/2773/1926 2048/2797/1945 2046/2795/1944 2025/2774/1927
f 2028/2777/1918 2044/2793/1943 2040/2789/1941 2029/2778/1930
f 1151/1569/1043 1154/1572/1046 2023/2772/1925 2038/2787/1939
f 2054/2804/1948 1976/2719/1888 1977/2720/1889 2059/2809/1952
f 2059/2809/1952 1977/2720/1889 1980/2723/1892 2058/2808/1951
f 2058/2808/1951 1980/2723/1892 1993/2736/1904 1981/2724/1893
f 1974/2717/1886 2000/2743/1908 1997/2740/1907 1975/2718/1887
f 2034/2783/1935 2033/2782/1934 2065/2830/1425 2066/2831/102
f 2068/2832/1965 2050/2833/1965 2009/2823/1961 2064/2822/1961
f 1055/1428/943 2062/2819/1958 2063/2820/1959 1134/1546/1025
f 1111/1508/1000 2069/2834/1966 2070/2835/1967 1039/1412/929
f 2071/2836/1968 2072/2837/1969 2073/2838/1970 2074/2839/1971
f 2069/2834/1966 2075/2840/1972 2076/2841/1973 2070/2835/1967
f 2075/2840/1972 2069/2834/1966 2077/2842/1974 2078/2843/1974
f 2064/2844/1424 2065/2830/1425 2033/2782/1934 2032/2781/1933
f 1122/1528/1014 2035/2784/1936 2067/2845/1417 1123/1529/980
f 2073/2838/1970 2072/2837/1969 2079/2846/1975 1462/2847/1976
f 2080/2848/1977 1094/1470/975 1075/1448/959 2081/2849/1978
f 2071/2836/1968 2082/2850/1979 2083/2851/1980 2084/2852/1981
f 2082/2850/1979 2080/2848/1977 2081/2849/1978 2083/2851/1980
f 2085/2853/1425 2074/2854/1425 2073/2855/1424 2086/2856/1424
f 2086/2856/1424 2073/2855/1424 1462/2000/213 1461/1999/213
f 1099/1475/980 1102/1478/980 2087/2857/1417 2077/2858/1417
f 1038/1411/928 1039/1412/929 2070/2835/1967 2088/2859/1982
f 2087/2860/1983 2080/2848/1977 2082/2850/1979 2089/2861/1984
f 2088/2859/1982 2070/2835/1967 2076/2841/1973 2090/2862/1985
f 2090/2862/1985 2076/2841/1973 2091/2863/1986 2092/2864/1987 2093/2865/1988
f 2094/2866/1989 2095/2867/1990 2096/2868/1991 2097/2869/1992
f 2098/2870/1993 2099/2871/1994 2100/2872/1995 2084/2852/1981 2083/2851/1980
f 1074/1447/958 2101/2873/1996 2081/2849/1978 1075/1448/959
f 2062/2819/1958 2102/2874/1997 2103/2875/1998 1966/2708/1879
f 2104/2876/1999 1893/2615/1809 1953/2692/1869 2105/2877/2000
f 1772/2438/1679 2106/2878/2001 1487/2879/2002 1486/2441/1682
f 1488/2880/2003 1487/2881/2003 2107/2882/2004 2108/2883/2004
f 1111/1508/1000 1099/1521/1010 2077/2842/1974 2069/2834/1966
f 2109/2884/2005 2085/2885/2006 2086/2886/2006 2110/2887/2007
f 2110/2887/2007 2086/2886/2006 1461/2496/1722 1813/2495/1721
f 2097/2869/1992 2096/2868/1991 2098/2870/1993 2101/2873/1996
f 1063/1436/947 2094/2866/1989 2097/2869/1992 1064/1437/948
f 2111/2888/2008 2112/2889/2009 1740/2400/1647 1739/2399/1646
f 2101/2873/1996 2098/2870/1993 2083/2851/1980 2081/2849/1978
f 2113/2890/2010 2114/2891/2011 2096/2868/1991 2095/2867/1990
f 2115/2892/2012 2092/2864/1987 2091/2863/1986 2116/2893/2013 2117/2894/2014
f 2111/2888/2008 1739/2399/1646 2079/2846/1975 2072/2837/1969
f 1800/2480/1711 2116/2893/2013 2110/2887/2007 1813/2495/1721
f 2099/2895/2015 2114/2896/2016 2118/2897/2017
f 2118/2897/2017 2114/2896/2016 1967/2898/2018
f 1799/2899/2019 1740/2900/2019 2112/2901/2020 2117/2902/2020
f 2117/2902/2020 2112/2901/2020 2119/2903/2021 2115/2904/2021
f 1970/2905/2022 2113/2906/2022 2095/2907/2023 2004/2908/2023
f 2006/2909/2024 2094/2910/2024 1063/1489/986 1109/1488/986
f 2119/2911/2025 2112/2889/2009 2111/2888/2008 2084/2852/1981 2100/2872/1995
f 1776/2912/2026 1775/2913/2027 1725/2914/2028
f 1967/2898/2018 2114/2896/2016 2113/2915/2029 1970/2916/2029 1968/2917/2029
f 1064/1437/948 2097/2869/1992 2101/2873/1996 1074/1447/958
f 2093/2918/2030 2099/2895/2015 2118/2897/2017
f 1102/1518/1008 1094/1470/975 2080/2848/1977 2087/2860/1983
f 1055/1428/943 1050/1423/938 2102/2874/1997 2062/2819/1958
f 2035/2784/1936 2034/2783/1935 2066/2831/102 2067/2845/1417
f 2032/2781/1933 2031/2780/1932 2068/2919/213 2064/2844/1424
f 2085/2885/2006 2109/2884/2005 2075/2840/1972 2078/2843/1974
f 2082/2850/1979 2071/2836/1968 2074/2839/1971 2089/2861/1984
f 1050/1423/938 1038/1411/928 2088/2859/1982 2102/2874/1997
f 2116/2893/2013 1800/2480/1711 1799/2479/1710 2117/2894/2014
f 1966/2708/1879 2103/2875/1998 2118/2920/2031 1967/2709/1880
f 2103/2875/1998 2090/2862/1985 2093/2865/1988 2118/2920/2031
f 2102/2874/1997 2088/2859/1982 2090/2862/1985 2103/2875/1998
f 2109/2884/2005 2110/2887/2007 2116/2893/2013 2091/2863/1986
f 2075/2840/1972 2109/2884/2005 2091/2863/1986 2076/2841/1973
f 2120/2921/2032 2105/2877/2000 1953/2692/1869 1897/2620/1814
f 2121/2922/2033 2122/2923/2034 2123/2924/2035 2124/2925/2036
f 2125/2926/2037 2126/2927/2038 2123/2924/2035 2122/2923/2034
f 1973/2716/1885 2127/2928/2039 2128/2929/2040 1974/2717/1886
f 2129/2930/2041 2130/2931/2042 2131/2932/2043 2132/2933/2044
f 2126/2927/2038 2104/2876/1999 2105/2877/2000 2123/2924/2035
f 1987/2730/1899 2125/2926/2037 2122/2923/2034 1988/2731/1900
f 2127/2928/2039 2129/2930/2041 2132/2933/2044 2128/2929/2040
f 2130/2931/2042 1896/2619/1813 1961/2700/1873 2131/2932/2043
f 2124/2925/2036 2123/2924/2035 2105/2877/2000 2120/2921/2032
f 2072/2837/1969 2071/2836/1968 2084/2852/1981 2111/2888/2008
f 2078/2934/102 2089/2935/102 2074/2854/1425 2085/2853/1425
f 2131/2932/2043 1961/2700/1873 1963/2702/1874 2133/2936/2045
f 2121/2922/2033 2124/2925/2036 2129/2930/2041 2127/2928/2039
f 2128/2929/2040 2132/2933/2044 2134/2937/2046 2135/2938/2047
f 1974/2717/1886 2128/2929/2040 2135/2938/2047 2000/2743/1908
f 2120/2921/2032 1897/2620/1814 1896/2619/1813 2130/2931/2042
f 2124/2925/2036 2120/2921/2032 2130/2931/2042 2129/2930/2041
f 2132/2933/2044 2131/2932/2043 2133/2936/2045 2134/2937/2046
f 2136/2939/1340 2137/2940/2048 2138/2941/2049 2139/2942/1339
f 2140/2943/1340 2141/2944/1339 2142/2945/1339 2143/2946/1340
f 2144/2947/663 1878/2659/1248 1934/2658/1248 2145/2948/663
f 2146/2949/2050 2147/2950/2051 2148/2951/2052 2149/2952/2053
f 2021/2770/1923 2150/2953/2054 2151/2954/2055 2022/2771/1924
f 2152/2955/2056 2153/2956/2057 2154/2957/2058 2155/2958/2059
f 2156/2959/2060 2056/2806/1949 2055/2805/1923 2157/2960/2061
f 2151/2954/2055 2149/2952/2053 2138/2941/2049 2137/2940/2048
f 2148/2951/2052 1929/2652/1840 1871/2583/1788 2158/2961/2062
f 2159/2962/2063 2146/2949/2050 2150/2953/2054 2160/2963/2064
f 1898/2621/1815 1924/2647/1825 2147/2950/2051 2161/2964/2065
f 2153/2956/2057 2156/2959/2060 2157/2960/2061 2154/2957/2058
f 2022/2771/1924 2151/2954/2055 2137/2940/2048 2031/2780/1932
f 2149/2952/2053 2148/2951/2052 2158/2961/2062 2138/2941/2049
f 2160/2963/2064 2150/2953/2054 2021/2770/1923 2057/2807/1950
f 2161/2964/2065 2147/2950/2051 2146/2949/2050 2159/2962/2063
f 2162/2965/2066 2163/2966/2067 2164/2967/945 2165/2968/960
f 1909/2632/1826 2166/2969/2068 2167/2970/108 1918/2641/965
f 2154/2957/2058 2157/2960/2061 2163/2966/2067 2162/2965/2066
f 1908/2631/1825 2155/2958/2059 2166/2969/2068 1909/2632/1826
f 2159/2962/2063 2160/2963/2064 2156/2959/2060 2153/2956/2057
f 2161/2964/2065 2159/2962/2063 2153/2956/2057 2152/2955/2056
f 1898/2621/1815 2161/2964/2065 2152/2955/2056 1899/2622/1816
f 2060/2810/1953 2168/2971/1953 2125/2926/2037 1987/2730/1899
f 2168/2971/1953 2107/2972/2069 2126/2927/2038 2125/2926/2037
f 2107/2972/2069 1487/2973/2070 2106/2974/2071 2104/2876/1999 2126/2927/2038
f 1899/2622/1816 2152/2955/2056 2155/2958/2059 1908/2631/1825
f 2147/2950/2051 1924/2647/1825 1929/2652/1840 2148/2951/2052
f 2150/2953/2054 2146/2949/2050 2149/2952/2053 2151/2954/2055
f 2141/2944/1339 2144/2947/663 2145/2948/663 2142/2945/1339
f 2050/2799/213 2140/2943/1340 2143/2946/1340 2051/2800/213
f 2160/2963/2064 2057/2807/1950 2056/2806/1949 2156/2959/2060
f 2163/2966/2067 2043/2792/1942 2042/2791/84 2164/2967/945
f 2166/2969/2068 2162/2965/2066 2165/2968/960 2167/2970/108
f 2157/2960/2061 2055/2805/1923 2043/2792/1942 2163/2966/2067
f 2155/2958/2059 2154/2957/2058 2162/2965/2066 2166/2969/2068
f 2133/2936/2045 1963/2702/1874 1962/2701/965 2169/2975/108
f 2053/2803/1947 1988/2731/1900 2122/2923/2034 2121/2922/2033
f 2134/2937/2046 2133/2936/2045 2169/2975/108 2170/2976/960
f 2135/2938/2047 2134/2937/2046 2170/2976/960 2171/2977/945
f 2106/2974/2071 1883/2616/1810 1893/2615/1809 2104/2876/1999
f 2000/2743/1908 2135/2938/2047 2171/2977/945 2001/2744/84
f 2052/2815/213 2172/2978/2072 2168/2979/2072 2060/2816/213
f 2092/2980/2073 2100/2981/2074 2099/2895/2015 2093/2918/2030
f 2115/2904/2021 2119/2903/2021 2100/2981/2074 2092/2980/2073
f 2004/2908/2023 2095/2907/2023 2094/2910/2024 2006/2909/2024
f 1771/2437/1678 1883/2600/1797 2106/2878/2001 1772/2438/1679
f 2136/2982/2075 2139/2983/2076 2141/2984/2076 2140/2985/2077
f 2173/2986/2078 1874/2592/1792 1878/2591/1792 2144/2987/2078
f 1871/2583/1788 1874/2586/1248 2173/2988/663 2158/2961/2062
f 1437/2494/1720 1482/2989/1728 2174/2990/2079 1811/2491/1718
f 1484/2575/1783 1483/2991/2080 1420/1951/1321 1480/2026/1382
f 1410/1938/1314 1440/2992/2081 1439/2993/1970 1409/1937/1313
f 2174/2990/2079 1809/2489/1716 1766/2431/1672 1811/2491/1718
f 2053/2803/1947 2121/2922/2033 2127/2928/2039 1973/2716/1885
f 2174/2990/2079 1482/2989/1728 1481/2503/1728 1816/2502/1727
f 1420/1951/1321 1483/2991/2080 1440/2992/2081 1410/1938/1314
f 1439/2993/1970 1462/2847/1976 2079/2846/1975 1409/1937/1313
f 1811/2491/1718 1766/2431/1672 1765/2430/1671 1812/2492/1719
f 1800/2480/1711 1813/2495/1721 1812/2492/1719 1765/2430/1671
f 1775/2913/2027 1490/2039/1387 1725/2914/2028
f 1775/2913/2027 1486/2035/1385 1490/2039/1387
f 1799/2899/2019 1456/1990/1355 1392/1991/1355 1740/2900/2019
f 2158/2961/2062 2173/2988/663 2139/2942/1339 2138/2941/2049
f 2139/2983/2076 2173/2986/2078 2144/2987/2078 2141/2984/2076
f 2068/2832/1965 2136/2982/2075 2140/2985/2077 2050/2833/1965
f 2172/2978/2072 2108/2883/2004 2107/2882/2004 2168/2979/2072
f 2137/2940/2048 2136/2939/1340 2068/2919/213 2031/2780/1932
f 2142/2994/2082 2108/2995/2082 2172/2996/2083 2143/2997/2083
f 2143/2997/2083 2172/2996/2083 2052/2802/1946 2051/2801/1946
f 1934/2670/1847 1492/2673/1850 1491/2998/2084 2145/2999/2084
f 2145/2999/2084 1491/2998/2084 1488/3000/2085 2108/2995/2082 2142/2994/2082
f 1422/1953/1323 1776/2912/2026 1725/2914/2028 1389/1954/1324
f 1391/1919/1298 1409/1937/1313 2079/2846/1975 1739/2399/1646
f 1816/2502/1727 1810/2490/1717 1809/2489/1716 2174/2990/2079
f 2096/2868/1991 2114/2891/2011 2099/2871/1994 2098/2870/1993
f 2077/2858/1417 2087/2857/1417 2089/2935/102 2078/2934/102
f 1034/1499/992 1052/1503/995 1073/1500/993
usemtl disk_mat
f 2175/3001/2086 2176/3002/2087 2177/3003/2088 2178/3004/2089
f 2179/3005/2090 2175/3001/2086 2178/3004/2089 2180/3006/2091
f 2181/3007/2092 2179/3005/2090 2180/3006/2091 2182/3008/2093
f 2183/3009/2094 2184/3010/2095 2185/3011/2096 2186/3012/2097
f 2187/3013/2098 2188/3014/2099 2184/3010/2095 2183/3009/2094
f 2178/3015/2100 2177/3016/2101 2189/3017/2101 2190/3018/2102
f 2180/3019/2103 2178/3015/2100 2190/3018/2102
f 2191/3020/2104 2192/3021/2105 2193/3022/2105 2194/3023/2104
f 2195/3024/2106 2196/3025/2107 2197/3026/2108 2198/3027/2109
f 2199/3028/2110 2200/3029/2111 2201/3030/2112 2202/3031/2110
f 2191/3032/2113 2203/3033/2114 2204/3034/2115 2205/3035/2113
f 2203/3033/2114 2206/3036/2116 2204/3034/2115
f 2207/3037/2117 2208/3038/2118 2209/3039/2119 2197/3026/2108
f 2188/3014/2099 2187/3013/2098 2210/3040/2120 2211/3041/2121
f 2183/3009/2094 2186/3012/2097 2176/3002/2087 2175/3001/2086
f 2187/3013/2098 2179/3005/2090 2181/3007/2092 2210/3040/2120
f 2187/3013/2098 2183/3009/2094 2175/3001/2086 2179/3005/2090
f 2190/3042/2122 2189/3043/2123 2206/3036/2116 2203/3033/2114
f 2182/3008/2093 2180/3006/2091 2212/3044/2124 2194/3045/2125
f 2196/3025/2107 2204/3046/2126 2213/3047/2127 2214/3048/2128
f 2215/3049/2129 2216/3050/2130 2177/3003/2088 2176/3002/2087
f 2217/3051/2131 2218/3052/2132 2216/3050/2130 2215/3049/2129
f 2219/3053/2133 2220/3054/2134 2218/3052/2132 2217/3051/2131
f 2221/3055/2135 2186/3012/2097 2185/3011/2096 2222/3056/2136
f 2223/3057/2137 2221/3055/2135 2222/3056/2136 2224/3058/2138
f 2216/3059/2139 2225/3060/2140 2189/3017/2101 2177/3016/2101
f 2218/3061/2141 2225/3060/2140 2216/3059/2139
f 2200/3029/2111 2225/3060/2140 2218/3061/2141 2201/3030/2112
f 2214/3048/2128 2207/3037/2117 2197/3026/2108 2196/3025/2107
f 2226/3062/2142 2227/3063/2143 2199/3028/2110 2202/3031/2110
f 2199/3064/2144 2213/3065/2144 2204/3034/2115 2200/3066/2145
f 2200/3066/2145 2204/3034/2115 2206/3036/2116
f 2197/3026/2108 2209/3039/2119 2228/3067/2146 2198/3027/2109
f 2224/3058/2138 2229/3068/2147 2230/3069/2148 2223/3057/2137
f 2186/3012/2097 2221/3055/2135 2215/3049/2129 2176/3002/2087
f 2223/3057/2137 2230/3069/2148 2219/3053/2133 2217/3051/2131
f 2221/3055/2135 2223/3057/2137 2217/3051/2131 2215/3049/2129
f 2225/3070/2149 2200/3066/2145 2206/3036/2116 2189/3043/2123
f 2220/3054/2134 2202/3071/2150 2201/3072/2151 2218/3052/2132
f 2231/3073/2152 2232/3074/2153 2233/3075/2154 2234/3076/2155
f 2235/3077/2156 2236/3078/2157 2237/3079/2158 2238/3080/2159
f 2239/3081/2160 2235/3077/2156 2238/3080/2159 2240/3082/2161
f 2219/3053/2133 2239/3081/2160 2240/3082/2161 2220/3054/2134
f 2241/3083/2162 2242/3084/2163 2243/3085/2164 2244/3086/2165
f 2245/3087/2166 2246/3088/2167 2242/3084/2163 2241/3083/2162
f 2238/3089/2168 2237/3090/2169 2247/3091/2169 2248/3092/2170
f 2240/3093/2171 2238/3089/2168 2248/3092/2170
f 2240/3093/2171 2248/3092/2170 2227/3063/2143 2226/3062/2142
f 2214/3048/2128 2231/3073/2152 2249/3094/2172 2207/3037/2117
f 2250/3095/2173 2251/3096/2174 2252/3097/2175 2253/3098/2173
f 2199/3064/2144 2227/3099/2176 2232/3100/2177 2213/3065/2144
f 2227/3099/2176 2254/3101/2178 2232/3100/2177
f 2255/3102/2179 2256/3103/2180 2257/3104/2181 2249/3094/2172
f 2246/3088/2167 2245/3087/2166 2230/3069/2148 2229/3068/2147
f 2241/3083/2162 2244/3086/2165 2236/3078/2157 2235/3077/2156
f 2245/3087/2166 2239/3081/2160 2219/3053/2133 2230/3069/2148
f 2245/3087/2166 2241/3083/2162 2235/3077/2156 2239/3081/2160
f 2248/3105/2182 2247/3106/2183 2254/3101/2178 2227/3099/2176
f 2220/3054/2134 2240/3082/2161 2226/3107/2184 2202/3071/2150
f 2258/3108/2185 2259/3109/2186 2260/3110/2187 2261/3111/2188
f 2262/3112/2189 2263/3113/2190 2237/3079/2158 2236/3078/2157
f 2264/3114/2191 2265/3115/2192 2263/3113/2190 2262/3112/2189
f 2266/3116/2193 2267/3117/2194 2265/3115/2192 2264/3114/2191
f 2268/3118/2195 2244/3086/2165 2243/3085/2164 2269/3119/2196
f 2270/3120/2197 2268/3118/2195 2269/3119/2196 2271/3121/2198
f 2263/3122/2199 2272/3123/2200 2247/3091/2169 2237/3090/2169
f 2265/3124/2201 2272/3123/2200 2263/3122/2199
f 2251/3096/2174 2272/3123/2200 2265/3124/2201 2252/3097/2175
f 2234/3076/2155 2255/3102/2179 2249/3094/2172 2231/3073/2152
f 2273/3125/2202 2274/3126/2203 2275/3127/2204 2276/3128/2204
f 2250/3129/2205 2233/3130/2205 2232/3100/2177 2251/3131/2206
f 2251/3131/2206 2232/3100/2177 2254/3101/2178
f 2277/3132/2207 2278/3133/2208 2279/3134/2209 2280/3135/2210
f 2271/3121/2198 2281/3136/2211 2282/3137/2212 2270/3120/2197
f 2244/3086/2165 2268/3118/2195 2262/3112/2189 2236/3078/2157
f 2270/3120/2197 2282/3137/2212 2266/3116/2193 2264/3114/2191
f 2268/3118/2195 2270/3120/2197 2264/3114/2191 2262/3112/2189
f 2272/3138/2213 2251/3131/2206 2254/3101/2178 2247/3106/2183
f 2267/3117/2194 2253/3139/2214 2252/3140/2215 2265/3115/2192
f 2231/3073/2152 2214/3048/2128 2213/3047/2127 2232/3074/2153
f 2249/3094/2172 2257/3104/2181 2208/3038/2118 2207/3037/2117
f 2283/3141/2216 2284/3142/2217 2285/3143/2218 2286/3144/2219
f 2287/3145/2220 2283/3141/2216 2286/3144/2219 2273/3146/2221
f 2266/3116/2193 2287/3145/2220 2273/3146/2221 2267/3117/2194
f 2288/3147/2222 2289/3148/2223 2290/3149/2224 2291/3150/2225
f 2292/3151/2226 2293/3152/2227 2289/3148/2223 2288/3147/2222
f 2286/3153/2228 2285/3154/2229 2294/3155/2229 2274/3126/2203
f 2273/3125/2202 2286/3153/2228 2274/3126/2203
f 2295/3156/2230 2296/3157/2231 2297/3158/2231 2298/3159/2230
f 2234/3076/2155 2258/3108/2185 2299/3160/2232 2255/3102/2179
f 2276/3128/2204 2275/3127/2204 2250/3095/2173 2253/3098/2173
f 2250/3129/2205 2275/3161/2233 2259/3162/2234 2233/3130/2205
f 2275/3161/2233 2300/3163/2235 2259/3162/2234
f 2301/3164/651 2278/3165/651 2302/3166/651
f 2293/3152/2227 2292/3151/2226 2282/3137/2212 2281/3136/2211
f 2288/3147/2222 2291/3150/2225 2284/3142/2217 2283/3141/2216
f 2292/3151/2226 2287/3145/2220 2266/3116/2193 2282/3137/2212
f 2292/3151/2226 2288/3147/2222 2283/3141/2216 2287/3145/2220
f 2274/3167/2236 2294/3168/2237 2300/3163/2235 2275/3161/2233
f 2267/3117/2194 2273/3146/2221 2276/3169/2238 2253/3139/2214
f 2303/3170/2239 2304/3171/2240 2305/3172/2241 2306/3173/2242
f 2307/3174/2243 2308/3175/2244 2285/3143/2218 2284/3142/2217
f 2309/3176/2245 2310/3177/2246 2308/3175/2244 2307/3174/2243
f 2311/3178/2247 2312/3179/2248 2310/3177/2246 2309/3176/2245
f 2313/3180/2249 2291/3150/2225 2290/3149/2224 2314/3181/2250
f 2315/3182/2251 2313/3180/2249 2314/3181/2250 2316/3183/2252
f 2308/3184/2253 2317/3185/2254 2294/3155/2229 2285/3154/2229
f 2310/3186/2255 2317/3185/2254 2308/3184/2253
f 2296/3157/2231 2317/3185/2254 2310/3186/2255 2297/3158/2231
f 2261/3111/2188 2318/3187/2256 2299/3160/2232 2258/3108/2185
f 2319/3188/651 2320/3189/651 2302/3166/651
f 2321/3190/2257 2322/3191/2258 2323/3192/2259 2324/3193/2259
f 2295/3194/2260 2260/3195/2260 2259/3162/2234 2296/3196/2261
f 2296/3196/2261 2259/3162/2234 2300/3163/2235
f 2318/3187/2256 2319/3197/2262 2325/3198/2263 2299/3160/2232
f 2316/3183/2252 2326/3199/2264 2327/3200/2265 2315/3182/2251
f 2291/3150/2225 2313/3180/2249 2307/3174/2243 2284/3142/2217
f 2315/3182/2251 2327/3200/2265 2311/3178/2247 2309/3176/2245
f 2313/3180/2249 2315/3182/2251 2309/3176/2245 2307/3174/2243
f 2317/3201/2266 2296/3196/2261 2300/3163/2235 2294/3168/2237
f 2312/3179/2248 2298/3202/2267 2297/3203/2268 2310/3177/2246
f 2328/3204/2269 2329/3205/2270 2330/3206/2271 2331/3207/2272
f 2255/3102/2179 2299/3160/2232 2325/3198/2263 2256/3103/2180
f 2278/3133/2208 2301/3208/2273 2332/3209/2274 2279/3134/2209
f 2333/3210/2275 2334/3211/2276 2335/3212/2277 2336/3213/2278
f 2337/3214/2279 2333/3210/2275 2336/3213/2278 2321/3215/2280
f 2311/3178/2247 2337/3214/2279 2321/3215/2280 2312/3179/2248
f 2338/3216/2281 2339/3217/2282 2340/3218/2283 2341/3219/2284
f 2342/3220/2285 2343/3221/2286 2339/3217/2282 2338/3216/2281
f 2336/3222/2287 2335/3223/2288 2344/3224/2288 2322/3191/2258
f 2321/3190/2257 2336/3222/2287 2322/3191/2258
f 2345/3225/2289 2346/3226/2290 2347/3227/2291 2348/3228/2292
f 2261/3111/2188 2328/3204/2269 2349/3229/2293 2318/3187/2256
f 2350/3230/2294 2351/3231/2295 2352/3232/2295 2353/3233/2294
f 2295/3194/2260 2323/3234/2296 2329/3235/2297 2260/3195/2260
f 2323/3234/2296 2354/3236/2298 2329/3235/2297
f 2343/3221/2286 2342/3220/2285 2327/3200/2265 2326/3199/2264
f 2338/3216/2281 2341/3219/2284 2334/3211/2276 2333/3210/2275
f 2342/3220/2285 2337/3214/2279 2311/3178/2247 2327/3200/2265
f 2342/3220/2285 2338/3216/2281 2333/3210/2275 2337/3214/2279
f 2322/3237/2299 2344/3238/2300 2354/3236/2298 2323/3234/2296
f 2312/3179/2248 2321/3215/2280 2324/3239/2301 2298/3202/2267
f 2258/3108/2185 2234/3076/2155 2233/3075/2154 2259/3109/2186
f 2320/3240/2302 2319/3197/2262 2318/3187/2256 2349/3229/2293
f 2355/3241/2303 2356/3242/2304 2335/3212/2277 2334/3211/2276
f 2357/3243/2305 2358/3244/2306 2356/3242/2304 2355/3241/2303
f 2359/3245/2307 2360/3246/2308 2358/3244/2306 2357/3243/2305
f 2361/3247/2309 2341/3219/2284 2340/3218/2283 2362/3248/2310
f 2363/3249/2311 2361/3247/2309 2362/3248/2310 2364/3250/2312
f 2356/3251/2313 2365/3252/2314 2344/3224/2288 2335/3223/2288
f 2358/3253/2315 2365/3252/2314 2356/3251/2313
f 2351/3231/2295 2365/3252/2314 2358/3253/2315 2352/3232/2295
f 2331/3207/2272 2332/3209/2274 2349/3229/2293 2328/3204/2269
f 2324/3193/2259 2323/3192/2259 2295/3156/2230 2298/3159/2230
f 2350/3254/2316 2330/3255/2316 2329/3235/2297 2351/3256/2317
f 2351/3256/2317 2329/3235/2297 2354/3236/2298
f 2332/3209/2274 2301/3208/2273 2320/3240/2302 2349/3229/2293
f 2364/3250/2312 2366/3257/2318 2367/3258/2319 2363/3249/2311
f 2341/3219/2284 2361/3247/2309 2355/3241/2303 2334/3211/2276
f 2363/3249/2311 2367/3258/2319 2359/3245/2307 2357/3243/2305
f 2361/3247/2309 2363/3249/2311 2357/3243/2305 2355/3241/2303
f 2365/3259/2320 2351/3256/2317 2354/3236/2298 2344/3238/2300
f 2360/3246/2308 2353/3260/2321 2352/3261/2322 2358/3244/2306
f 2328/3204/2269 2261/3111/2188 2260/3110/2187 2329/3205/2270
f 2368/3262/2323 2369/3263/2324 2370/3264/2325 2371/3265/2326
f 2372/3266/2327 2368/3262/2323 2371/3265/2326 2345/3267/2328
f 2359/3245/2307 2372/3266/2327 2345/3267/2328 2360/3246/2308
f 2373/3268/2329 2374/3269/2330 2375/3270/2331 2376/3271/2332
f 2377/3272/2333 2378/3273/2334 2374/3269/2330 2373/3268/2329
f 2371/3274/2335 2370/3275/2336 2379/3276/2336 2346/3226/2290
f 2345/3225/2289 2371/3274/2335 2346/3226/2290
f 2380/3277/2337 2381/3278/2338 2382/3279/2339 2383/3280/2340
f 2331/3207/2272 2303/3170/2239 2279/3134/2209 2332/3209/2274
f 2348/3228/2292 2347/3227/2291 2350/3230/2294 2353/3233/2294
f 2350/3254/2316 2347/3281/2341 2304/3282/2342 2330/3255/2316
f 2347/3281/2341 2384/3283/2343 2304/3282/2342
f 2378/3273/2334 2377/3272/2333 2367/3258/2319 2366/3257/2318
f 2373/3268/2329 2376/3271/2332 2369/3263/2324 2368/3262/2323
f 2377/3272/2333 2372/3266/2327 2359/3245/2307 2367/3258/2319
f 2377/3272/2333 2373/3268/2329 2368/3262/2323 2372/3266/2327
f 2346/3284/2344 2379/3285/2345 2384/3283/2343 2347/3281/2341
f 2360/3246/2308 2345/3267/2328 2348/3286/2346 2353/3260/2321
f 2228/3067/2146 2385/3287/2347 2386/3288/2348 2198/3027/2109
f 2387/3289/2349 2388/3290/2350 2370/3264/2325 2369/3263/2324
f 2389/3291/2351 2382/3292/2352 2388/3290/2350 2387/3289/2349
f 2390/3293/2353 2391/3294/2354 2382/3292/2352 2389/3291/2351
f 2392/3295/2355 2376/3271/2332 2375/3270/2331 2393/3296/2356
f 2394/3297/2357 2392/3295/2355 2393/3296/2356 2395/3298/2358
f 2388/3299/2359 2381/3278/2338 2379/3276/2336 2370/3275/2336
f 2382/3279/2339 2381/3278/2338 2388/3299/2359
f 2396/3300/2360 2397/3301/2360 2398/3302/2361 2399/3303/2361
f 2306/3173/2242 2280/3135/2210 2279/3134/2209 2303/3170/2239
f 2320/3189/651 2301/3164/651 2302/3166/651
f 2398/3304/2362 2305/3305/2362 2304/3282/2342 2380/3306/2363
f 2380/3306/2363 2304/3282/2342 2384/3283/2343
f 2277/3307/651 2385/3308/651 2302/3166/651
f 2395/3298/2358 2400/3309/2364 2401/3310/2365 2394/3297/2357
f 2376/3271/2332 2392/3295/2355 2387/3289/2349 2369/3263/2324
f 2394/3297/2357 2401/3310/2365 2390/3293/2353 2389/3291/2351
f 2392/3295/2355 2394/3297/2357 2389/3291/2351 2387/3289/2349
f 2381/3311/2366 2380/3306/2363 2384/3283/2343 2379/3285/2345
f 2391/3294/2354 2399/3312/2367 2383/3313/2368 2382/3292/2352
f 2402/3314/2369 2306/3173/2242 2305/3172/2241 2403/3315/2370
f 2325/3316/651 2319/3188/651 2302/3166/651
f 2404/3317/2371 2405/3318/2372 2406/3319/2373 2407/3320/2374
f 2408/3321/2375 2404/3317/2371 2407/3320/2374 2409/3322/2376
f 2390/3293/2353 2408/3321/2375 2409/3322/2376 2391/3294/2354
f 2410/3323/2377 2411/3324/2378 2412/3325/2379 2413/3326/2380
f 2414/3327/2381 2415/3328/2382 2411/3324/2378 2410/3323/2377
f 2407/3329/2383 2406/3330/2384 2416/3331/2384 2417/3332/2385
f 2409/3333/2386 2407/3329/2383 2417/3332/2385
f 2409/3333/2386 2417/3332/2385 2397/3301/2360 2396/3300/2360
f 2306/3173/2242 2402/3314/2369 2386/3288/2348 2280/3135/2210
f 2209/3334/651 2208/3335/651 2302/3166/651
f 2192/3021/2105 2418/3336/2387 2419/3337/2388 2193/3022/2105
f 2398/3304/2362 2397/3338/2389 2403/3339/2390 2305/3305/2362
f 2397/3338/2389 2420/3340/2391 2403/3339/2390
f 2415/3328/2382 2414/3327/2381 2401/3310/2365 2400/3309/2364
f 2410/3323/2377 2413/3326/2380 2405/3318/2372 2404/3317/2371
f 2414/3327/2381 2408/3321/2375 2390/3293/2353 2401/3310/2365
f 2414/3327/2381 2410/3323/2377 2404/3317/2371 2408/3321/2375
f 2417/3341/2392 2416/3342/2393 2420/3340/2391 2397/3338/2389
f 2391/3294/2354 2409/3322/2376 2396/3343/2394 2399/3312/2367
f 2402/3314/2369 2403/3315/2370 2205/3344/2395 2195/3024/2106
f 2385/3287/2347 2277/3132/2207 2280/3135/2210 2386/3288/2348
f 2257/3345/651 2256/3346/651 2302/3166/651
f 2421/3347/2396 2422/3348/2397 2406/3319/2373 2405/3318/2372
f 2423/3349/2398 2419/3350/2399 2422/3348/2397 2421/3347/2396
f 2181/3007/2092 2182/3008/2093 2419/3350/2399 2423/3349/2398
f 2424/3351/2400 2413/3326/2380 2412/3325/2379 2425/3352/2401
f 2426/3353/2402 2424/3351/2400 2425/3352/2401 2427/3354/2403
f 2422/3355/2404 2418/3336/2387 2416/3331/2384 2406/3330/2384
f 2419/3337/2388 2418/3336/2387 2422/3355/2404
f 2398/3302/2361 2380/3277/2337 2383/3280/2340 2399/3303/2361
f 2195/3024/2106 2198/3027/2109 2386/3288/2348 2402/3314/2369
f 2180/3019/2103 2190/3018/2102 2203/3356/2405 2212/3357/2405
f 2191/3032/2113 2205/3035/2113 2403/3339/2390 2192/3358/2406
f 2192/3358/2406 2403/3339/2390 2420/3340/2391
f 2208/3335/651 2257/3345/651 2302/3166/651
f 2427/3354/2403 2211/3041/2121 2210/3040/2120 2426/3353/2402
f 2413/3326/2380 2424/3351/2400 2421/3347/2396 2405/3318/2372
f 2426/3353/2402 2210/3040/2120 2181/3007/2092 2423/3349/2398
f 2424/3351/2400 2426/3353/2402 2423/3349/2398 2421/3347/2396
f 2418/3359/2407 2192/3358/2406 2420/3340/2391 2416/3342/2393
f 2182/3008/2093 2194/3045/2125 2193/3360/2408 2419/3350/2399
f 2303/3170/2239 2331/3207/2272 2330/3206/2271 2304/3171/2240
f 2278/3165/651 2277/3307/651 2302/3166/651
f 2256/3346/651 2325/3316/651 2302/3166/651
f 2228/3361/651 2209/3334/651 2302/3166/651
f 2385/3308/651 2228/3361/651 2302/3166/651
f 2196/3025/2107 2195/3024/2106 2205/3344/2395 2204/3046/2126
f 2212/3357/2405 2203/3356/2405 2191/3020/2104 2194/3023/2104
