# feature-edge wireframe (30 derece), ISO 8855, metre
o trailer_wheel_3r_wire
v 0.51500 0.04350 0.01100
v 0.51500 0.29450 0.01100
v 0.51400 0.04350 -0.03600
v 0.51400 0.29450 -0.03600
v 0.51200 0.29550 -0.03600
v 0.51200 0.04050 0.01100
v 0.51200 0.29750 0.01100
v 0.51200 0.04350 0.05800
v 0.51200 0.29450 0.05800
v 0.51100 0.04050 -0.03500
v 0.51100 0.29750 -0.03500
v 0.50900 0.04350 -0.08200
v 0.50900 0.29450 -0.08200
v 0.50900 0.04050 0.05800
v 0.50900 0.29750 0.05800
v 0.50700 -0.04250 -0.08200
v 0.50700 0.29550 -0.08200
v 0.50500 0.04050 -0.08200
v 0.50400 0.04350 0.10400
v 0.50400 0.29450 0.10400
v 0.50100 0.04050 0.10400
v 0.50100 0.29750 0.10400
v 0.49900 0.29450 -0.12800
v 0.49800 -0.29650 -0.12800
v 0.49800 -0.04250 -0.12800
v 0.49300 0.04350 0.15000
v 0.49300 0.29450 0.15000
v 0.49000 0.04050 0.14900
v 0.49000 0.29750 0.14900
v 0.48500 0.04350 -0.17300
v 0.48400 -0.29650 -0.17200
v 0.48400 -0.04250 -0.17200
v 0.48200 0.29750 -0.17200
v 0.47700 0.04350 0.19400
v 0.47600 -0.29650 0.19300
v 0.47400 0.04050 0.19300
v 0.47400 0.29750 0.19300
v 0.46800 0.04350 -0.21600
v 0.46500 0.04050 -0.21500
v 0.46500 0.29750 -0.21500
v 0.45600 -0.29650 0.23600
v 0.45600 -0.04250 0.23600
v 0.45500 0.04050 0.23500
v 0.45500 0.29750 0.23500
v 0.44500 -0.29650 -0.25700
v 0.44500 -0.04250 -0.25700
v 0.44300 0.04050 -0.25600
v 0.43300 -0.29650 0.27600
v 0.43300 -0.04250 0.27600
v 0.43100 -0.04150 0.27500
v 0.43100 0.29750 0.27500
v 0.42900 -0.29950 0.27400
v 0.42000 -0.29650 -0.29700
v 0.42000 -0.04250 -0.29700
v 0.40600 -0.29650 0.31400
v 0.40600 -0.04250 0.31400
v 0.40400 -0.29750 0.31300
v 0.40400 -0.04150 0.31300
v 0.40300 -0.29950 0.31200
v 0.40300 -0.03950 0.31200
v 0.39100 -0.29650 -0.33400
v 0.39100 -0.04250 -0.33400
v 0.37500 0.04350 0.35200
v 0.37400 -0.29650 0.35100
v 0.37400 -0.04250 0.35100
v 0.37200 -0.29750 0.35000
v 0.37200 -0.04150 0.35000
v 0.37100 -0.29950 0.34900
v 0.37100 -0.03950 0.34900
v 0.35900 -0.29650 -0.36800
v 0.35600 -0.03950 -0.36500
v 0.34300 0.04350 0.38400
v 0.34300 0.29450 0.38400
v 0.34200 -0.29650 0.38300
v 0.33900 -0.03950 0.38000
v 0.33600 -0.31650 0.00000
v 0.33500 -0.31850 0.00000
v 0.33500 -0.31750 0.00000
v 0.33400 -0.31850 0.00000
v 0.33300 -0.31950 0.00000
v 0.32800 -0.06450 0.00000
v 0.32700 0.01650 0.00000
v 0.32600 -0.31950 0.00000
v 0.32600 0.01550 0.00000
v 0.32500 -0.31850 0.00000
v 0.32500 0.01450 0.00000
v 0.32500 0.28250 0.00000
v 0.32400 -0.29650 -0.39900
v 0.32400 -0.04250 -0.39900
v 0.32400 -0.31750 0.00000
v 0.32400 -0.31650 0.00000
v 0.32400 -0.04350 0.00000
v 0.32400 -0.01850 0.00000
v 0.32400 -0.01750 0.00000
v 0.32400 0.31550 0.00000
v 0.32300 -0.04150 -0.39700
v 0.32300 -0.31550 0.00000
v 0.32300 -0.31450 0.00000
v 0.32300 -0.31350 0.00000
v 0.32300 -0.01650 0.00000
v 0.32300 0.31650 0.00000
v 0.32200 -0.29950 -0.39600
v 0.32200 -0.03950 -0.39600
v 0.32200 -0.31350 0.00000
v 0.32200 -0.31250 0.00000
v 0.31900 -0.31750 -0.10400
v 0.31900 -0.31650 -0.10400
v 0.31900 -0.31750 0.10300
v 0.31900 -0.31650 0.10300
v 0.31800 -0.31850 -0.10400
v 0.31800 0.01450 0.00000
v 0.31800 -0.31850 0.10300
v 0.31700 -0.31850 -0.10300
v 0.31700 0.01550 0.00000
v 0.31700 -0.31850 0.10300
v 0.31600 -0.31950 -0.10300
v 0.31600 0.01550 0.00000
v 0.31600 0.01650 0.00000
v 0.31600 -0.31950 0.10300
v 0.31500 0.01750 0.00000
v 0.31500 0.02850 0.00000
v 0.31400 0.02850 0.00000
v 0.31400 0.02950 0.00000
v 0.31200 -0.06450 -0.10200
v 0.31200 -0.06450 0.10100
v 0.31100 0.01650 -0.10100
v 0.31100 0.01650 0.10100
v 0.31000 0.01550 -0.10100
v 0.31000 0.01650 -0.10100
v 0.31000 0.01550 0.10000
v 0.31000 0.01550 0.10100
v 0.31000 0.01650 0.10100
v 0.30900 -0.31950 -0.10100
v 0.30900 -0.31850 -0.10100
v 0.30900 0.01450 -0.10100
v 0.30900 -0.31950 0.10000
v 0.30900 -0.31850 0.10000
v 0.30900 0.01450 0.10000
v 0.30800 0.28250 -0.10100
v 0.30800 -0.31850 -0.10000
v 0.30800 -0.31750 -0.10000
v 0.30800 -0.04350 -0.10000
v 0.30800 -0.01850 -0.10000
v 0.30800 0.31550 -0.10000
v 0.30800 -0.31850 0.10000
v 0.30800 -0.31750 0.10000
v 0.30800 -0.04350 0.10000
v 0.30800 -0.01850 0.10000
v 0.30800 0.28250 0.10000
v 0.30800 0.31550 0.10000
v 0.30700 -0.31650 -0.10000
v 0.30700 -0.31550 -0.10000
v 0.30700 -0.31450 -0.10000
v 0.30700 -0.31350 -0.10000
v 0.30700 -0.01750 -0.10000
v 0.30700 -0.01650 -0.10000
v 0.30700 0.31550 -0.10000
v 0.30700 0.31650 -0.10000
v 0.30700 -0.31350 0.09900
v 0.30700 -0.01650 0.09900
v 0.30700 0.31650 0.09900
v 0.30700 -0.31650 0.10000
v 0.30700 -0.31550 0.10000
v 0.30700 -0.31450 0.10000
v 0.30700 -0.01750 0.10000
v 0.30700 0.31550 0.10000
v 0.30700 0.04350 0.41300
v 0.30700 0.29450 0.41300
v 0.30600 -0.31350 -0.10000
v 0.30600 -0.31250 -0.10000
v 0.30600 0.31650 -0.10000
v 0.30600 -0.31350 0.09900
v 0.30600 -0.31250 0.09900
v 0.30600 -0.29650 0.41200
v 0.30500 0.04050 0.41100
v 0.30500 0.29750 0.41100
v 0.30200 0.01450 -0.09900
v 0.30200 0.01450 -0.09800
v 0.30200 0.01450 0.09800
v 0.30100 0.01550 -0.09800
v 0.30100 -0.31250 0.00000
v 0.30100 0.01550 0.09800
v 0.30000 0.01550 -0.09800
v 0.30000 0.01650 -0.09800
v 0.30000 -0.31150 0.00000
v 0.30000 0.01550 0.09700
v 0.30000 0.01650 0.09700
v 0.30000 0.01750 0.09700
v 0.29900 0.02850 -0.09700
v 0.29900 -0.31150 0.00000
v 0.29900 0.02850 0.09700
v 0.29800 0.02850 -0.09700
v 0.29800 0.02950 -0.09700
v 0.29800 -0.31050 0.00000
v 0.29800 0.31650 0.00000
v 0.29800 0.02850 0.09700
v 0.29800 0.02950 0.09700
v 0.29700 -0.29050 0.00000
v 0.29700 -0.28950 0.00000
v 0.29700 0.31450 0.00000
v 0.29700 0.31550 0.00000
v 0.29600 -0.28850 0.00000
v 0.29600 0.31350 0.00000
v 0.29500 -0.28850 0.00000
v 0.29400 -0.28750 0.00000
v 0.29300 0.03050 0.00000
v 0.29200 0.03050 0.00000
v 0.29100 0.03050 0.00000
v 0.29100 0.03150 0.00000
v 0.29000 0.03250 0.00000
v 0.29000 0.05250 0.00000
v 0.28900 -0.03450 0.00000
v 0.28900 -0.01550 0.00000
v 0.28900 0.05350 0.00000
v 0.28900 0.05450 0.00000
v 0.28900 0.05550 0.00000
v 0.28800 -0.03450 0.00000
v 0.28800 0.05650 0.00000
v 0.28700 -0.29650 -0.42700
v 0.28700 -0.04250 -0.42700
v 0.28700 -0.06450 0.00000
v 0.28700 -0.03550 0.00000
v 0.28600 -0.04150 -0.42500
v 0.28600 -0.31250 -0.09300
v 0.28600 -0.03650 0.00000
v 0.28600 -0.31250 0.09300
v 0.28500 -0.31150 -0.09300
v 0.28500 -0.21050 0.00000
v 0.28500 -0.06250 0.00000
v 0.28500 -0.31150 0.09200
v 0.28400 -0.29950 -0.42300
v 0.28400 -0.31150 -0.09300
v 0.28400 -0.31150 -0.09200
v 0.28400 -0.31150 0.09200
v 0.28300 -0.31050 -0.09200
v 0.28300 0.31650 -0.09200
v 0.28300 -0.20850 0.00000
v 0.28300 -0.31050 0.09200
v 0.28300 0.31650 0.09200
v 0.28200 -0.29050 -0.09200
v 0.28200 -0.28950 -0.09200
v 0.28200 0.31450 -0.09200
v 0.28200 0.31550 -0.09200
v 0.28200 -0.28950 0.09100
v 0.28200 0.31350 0.09100
v 0.28200 0.31550 0.09100
v 0.28200 -0.29050 0.09200
v 0.28200 0.31550 0.09200
v 0.28100 -0.28850 -0.09200
v 0.28100 -0.28850 0.09100
v 0.28000 -0.28850 -0.09100
v 0.28000 -0.28750 -0.09100
v 0.28000 -0.16850 0.00000
v 0.28000 -0.28850 0.09100
v 0.28000 -0.28750 0.09100
v 0.27900 -0.20750 0.00000
v 0.27800 0.03050 -0.09100
v 0.27800 0.03050 0.09000
v 0.27700 0.03050 -0.09000
v 0.27700 -0.21550 0.00000
v 0.27700 0.03050 0.09000
v 0.27600 0.03050 -0.09000
v 0.27600 0.03150 -0.09000
v 0.27600 0.03250 0.08900
v 0.27600 0.03050 0.09000
v 0.27500 -0.03450 -0.09000
v 0.27500 -0.01550 -0.09000
v 0.27500 0.05250 -0.09000
v 0.27500 0.05450 -0.09000
v 0.27500 -0.28450 0.00000
v 0.27500 -0.28350 0.00000
v 0.27500 -0.21950 0.00000
v 0.27500 -0.20150 0.00000
v 0.27500 -0.17050 0.00000
v 0.27500 -0.16650 0.00000
v 0.27500 -0.03450 0.08900
v 0.27500 -0.01550 0.08900
v 0.27500 0.05150 0.08900
v 0.27500 0.05250 0.08900
v 0.27500 0.05350 0.08900
v 0.27500 0.05450 0.08900
v 0.27400 -0.03450 -0.08900
v 0.27400 0.05550 -0.08900
v 0.27400 0.05650 -0.08900
v 0.27400 -0.28350 0.00000
v 0.27400 -0.28250 0.00000
v 0.27400 -0.22050 0.00000
v 0.27400 -0.20050 0.00000
v 0.27400 -0.17250 0.00000
v 0.27400 -0.17150 0.00000
v 0.27400 -0.16550 0.00000
v 0.27400 -0.16450 0.00000
v 0.27400 -0.03450 0.08900
v 0.27400 0.05550 0.08900
v 0.27400 0.05650 0.08900
v 0.27300 -0.03550 -0.08900
v 0.27300 -0.13750 0.00000
v 0.27300 0.07550 0.00000
v 0.27300 0.07650 0.00000
v 0.27300 -0.03550 0.08800
v 0.27200 -0.31650 -0.19800
v 0.27200 -0.06450 -0.08900
v 0.27200 -0.03650 -0.08900
v 0.27200 -0.03550 -0.08900
v 0.27200 -0.13750 0.00000
v 0.27200 0.07650 0.00000
v 0.27200 -0.06450 0.08800
v 0.27200 -0.03650 0.08800
v 0.27200 -0.03550 0.08800
v 0.27200 -0.31650 0.19700
v 0.27100 -0.31850 -0.19700
v 0.27100 -0.03650 -0.08900
v 0.27100 -0.21050 -0.08800
v 0.27100 -0.06250 -0.08800
v 0.27100 -0.13750 0.00000
v 0.27100 -0.13150 0.00000
v 0.27100 -0.13050 0.00000
v 0.27100 0.06750 0.00000
v 0.27100 0.06850 0.00000
v 0.27100 0.06950 0.00000
v 0.27100 0.07550 0.00000
v 0.27100 -0.21050 0.08800
v 0.27100 -0.03650 0.08800
v 0.27100 -0.31850 0.19700
v 0.27100 -0.31750 0.19700
v 0.27000 -0.31850 -0.19700
v 0.27000 -0.12950 0.00000
v 0.27000 0.06650 0.00000
v 0.27000 -0.31850 0.19600
v 0.26900 -0.31950 -0.19600
v 0.26900 -0.20850 -0.08800
v 0.26900 -0.12850 0.00000
v 0.26900 0.06550 0.00000
v 0.26900 -0.20850 0.08700
v 0.26900 -0.31950 0.19600
v 0.26800 -0.12850 0.00000
v 0.26800 0.06550 0.00000
v 0.26800 0.04350 0.43900
v 0.26800 0.29450 0.43900
v 0.26700 -0.04250 0.43800
v 0.26600 -0.16850 -0.08700
v 0.26600 -0.12650 0.00000
v 0.26600 -0.16850 0.08600
v 0.26600 0.04050 0.43700
v 0.26600 0.29750 0.43700
v 0.26500 -0.06450 -0.19300
v 0.26500 0.01650 -0.19300
v 0.26500 -0.20750 -0.08600
v 0.26500 0.01650 0.19200
v 0.26500 -0.06450 0.19300
v 0.26400 0.01650 -0.19300
v 0.26400 -0.31950 -0.19200
v 0.26400 0.01550 -0.19200
v 0.26400 -0.12650 0.00000
v 0.26400 0.06250 0.00000
v 0.26400 -0.31950 0.19100
v 0.26400 0.01550 0.19100
v 0.26400 0.01550 0.19200
v 0.26400 0.01650 0.19200
v 0.26300 0.01450 -0.19200
v 0.26300 -0.31850 -0.19100
v 0.26300 0.28250 -0.19100
v 0.26300 -0.21550 -0.08600
v 0.26300 -0.21550 0.08500
v 0.26300 -0.31850 0.19100
v 0.26300 0.01450 0.19100
v 0.26300 0.28250 0.19100
v 0.26200 -0.31750 -0.19100
v 0.26200 -0.31650 -0.19100
v 0.26200 -0.31550 -0.19100
v 0.26200 -0.04350 -0.19100
v 0.26200 -0.01750 -0.19100
v 0.26200 0.31450 -0.19100
v 0.26200 0.31550 -0.19100
v 0.26200 -0.31450 -0.19000
v 0.26200 -0.12250 0.00000
v 0.26200 0.05850 0.00000
v 0.26200 -0.28450 0.08500
v 0.26200 -0.31750 0.19000
v 0.26200 -0.31650 0.19000
v 0.26200 -0.31550 0.19000
v 0.26200 -0.31450 0.19000
v 0.26200 -0.04350 0.19000
v 0.26200 -0.01850 0.19000
v 0.26200 -0.01750 0.19000
v 0.26200 0.31450 0.19000
v 0.26200 0.31550 0.19000
v 0.26200 0.31350 0.19100
v 0.26100 -0.31450 -0.19000
v 0.26100 -0.31350 -0.19000
v 0.26100 -0.01650 -0.19000
v 0.26100 0.31650 -0.19000
v 0.26100 -0.28450 -0.08500
v 0.26100 -0.28350 -0.08500
v 0.26100 -0.22050 -0.08500
v 0.26100 -0.20150 -0.08500
v 0.26100 -0.17150 -0.08500
v 0.26100 -0.17050 -0.08500
v 0.26100 -0.16650 -0.08500
v 0.26100 -0.16550 -0.08500
v 0.26100 -0.28350 0.08400
v 0.26100 -0.20050 0.08400
v 0.26100 -0.28450 0.08500
v 0.26100 -0.28350 0.08500
v 0.26100 -0.21950 0.08500
v 0.26100 -0.17150 0.08500
v 0.26100 -0.17050 0.08500
v 0.26100 -0.16650 0.08500
v 0.26100 -0.16550 0.08500
v 0.26100 -0.31350 0.18900
v 0.26100 0.31650 0.18900
v 0.26100 -0.31450 0.19000
v 0.26100 -0.31350 0.19000
v 0.26100 -0.01650 0.19000
v 0.26100 0.31650 0.19000
v 0.26000 -0.31250 -0.19000
v 0.26000 -0.28250 -0.08500
v 0.26000 -0.28150 -0.08500
v 0.26000 -0.17250 -0.08500
v 0.26000 -0.16450 -0.08500
v 0.26000 -0.16350 -0.08500
v 0.26000 -0.28250 0.08400
v 0.26000 -0.17350 0.08400
v 0.26000 -0.17250 0.08400
v 0.26000 -0.16450 0.08400
v 0.26000 -0.31250 0.18900
v 0.25900 -0.13750 -0.08500
v 0.25900 0.07550 -0.08500
v 0.25900 -0.13750 -0.08400
v 0.25900 0.07650 -0.08400
v 0.25900 -0.13750 0.08400
v 0.25900 0.07550 0.08400
v 0.25900 0.07650 0.08400
v 0.25800 -0.13750 -0.08400
v 0.25800 -0.13650 -0.08400
v 0.25800 -0.13150 -0.08400
v 0.25800 0.06950 -0.08400
v 0.25800 0.07550 -0.08400
v 0.25800 0.07650 -0.08400
v 0.25800 -0.13150 0.08300
v 0.25800 0.06950 0.08300
v 0.25800 -0.13750 0.08400
v 0.25800 0.07550 0.08400
v 0.25800 0.07650 0.08400
v 0.25700 0.01450 -0.18700
v 0.25700 -0.13050 -0.08400
v 0.25700 -0.12950 -0.08400
v 0.25700 0.06650 -0.08400
v 0.25700 0.06750 -0.08400
v 0.25700 0.06850 -0.08400
v 0.25700 -0.13050 0.08300
v 0.25700 -0.12950 0.08300
v 0.25700 0.06650 0.08300
v 0.25700 0.06850 0.08300
v 0.25700 0.01450 0.18700
v 0.25600 0.01550 -0.18700
v 0.25600 0.01550 -0.18600
v 0.25600 0.01650 -0.18600
v 0.25600 -0.12950 -0.08400
v 0.25600 0.06650 -0.08400
v 0.25600 -0.12850 -0.08300
v 0.25600 0.06550 -0.08300
v 0.25600 -0.12950 0.08300
v 0.25600 -0.12850 0.08300
v 0.25600 0.06550 0.08300
v 0.25600 0.06650 0.08300
v 0.25600 0.01550 0.18600
v 0.25600 0.01650 0.18600
v 0.25500 0.01650 -0.18600
v 0.25500 0.02750 -0.18600
v 0.25500 0.02850 -0.18500
v 0.25500 -0.12850 -0.08300
v 0.25500 0.06550 -0.08300
v 0.25500 -0.12850 0.08300
v 0.25500 0.06550 0.08300
v 0.25500 0.01650 0.18500
v 0.25500 0.02650 0.18500
v 0.25500 0.02850 0.18500
v 0.25400 0.02850 -0.18500
v 0.25400 0.02950 -0.18500
v 0.25400 0.02950 0.18400
v 0.25400 0.02850 0.18500
v 0.25200 -0.12650 -0.08200
v 0.25200 -0.12650 0.08200
v 0.25100 0.06250 -0.08200
v 0.25100 -0.12650 0.08100
v 0.25100 0.06250 0.08100
v 0.25000 -0.12650 -0.08200
v 0.25000 0.06250 -0.08200
v 0.25000 -0.12650 0.08100
v 0.25000 0.06250 0.08100
v 0.24700 -0.29650 -0.45100
v 0.24700 -0.04250 -0.45100
v 0.24700 -0.12450 -0.08100
v 0.24700 0.06150 -0.08100
v 0.24700 -0.12450 0.08000
v 0.24700 0.06150 0.08000
v 0.24600 0.29750 -0.44900
v 0.24300 -0.31250 -0.17700
v 0.24300 -0.31150 -0.17700
v 0.24300 -0.31150 0.17600
v 0.24300 -0.31250 0.17700
v 0.24200 -0.31150 -0.17600
v 0.24200 -0.31150 0.17500
v 0.24100 -0.31050 -0.17600
v 0.24100 0.31650 -0.17600
v 0.24100 -0.31050 -0.17500
v 0.24100 -0.29050 -0.17500
v 0.24100 0.31650 -0.17500
v 0.24100 -0.31050 0.17500
v 0.24100 -0.29050 0.17500
v 0.24100 0.31650 0.17500
v 0.24000 -0.29050 -0.17500
v 0.24000 -0.28950 -0.17500
v 0.24000 0.31550 -0.17500
v 0.24000 -0.28950 0.17400
v 0.24000 0.31450 0.17400
v 0.24000 0.31550 0.17400
v 0.24000 -0.29050 0.17500
v 0.24000 0.31550 0.17500
v 0.23900 -0.28850 -0.17400
v 0.23900 -0.28850 0.17300
v 0.23900 -0.28850 0.17400
v 0.23800 -0.28750 -0.17300
v 0.23800 -0.28750 0.17300
v 0.23700 0.03050 -0.17300
v 0.23600 0.03050 -0.17200
v 0.23600 0.03050 0.17200
v 0.23500 0.03050 -0.17100
v 0.23500 0.03150 -0.17100
v 0.23500 0.03250 -0.17100
v 0.23500 0.05150 -0.17100
v 0.23500 0.03350 0.17000
v 0.23500 0.05150 0.17000
v 0.23500 0.03050 0.17100
v 0.23500 0.03150 0.17100
v 0.23500 0.03250 0.17100
v 0.23400 -0.03450 -0.17100
v 0.23400 -0.01550 -0.17100
v 0.23400 0.05250 -0.17100
v 0.23400 0.05350 -0.17000
v 0.23400 0.05450 -0.17000
v 0.23400 -0.03450 0.17000
v 0.23400 -0.01550 0.17000
v 0.23400 0.05250 0.17000
v 0.23400 0.05350 0.17000
v 0.23400 0.05450 0.17000
v 0.23300 -0.03450 -0.17000
v 0.23300 0.05550 -0.17000
v 0.23300 0.05650 -0.17000
v 0.23300 -0.03450 0.16900
v 0.23300 0.05650 0.16900
v 0.23300 0.05550 0.17000
v 0.23200 -0.06450 -0.16900
v 0.23200 -0.03550 -0.16900
v 0.23200 -0.06450 0.16800
v 0.23200 -0.03550 0.16800
v 0.23200 -0.03550 0.16900
v 0.23100 -0.03650 -0.16900
v 0.23100 -0.21050 -0.16800
v 0.23100 -0.06250 -0.16800
v 0.23100 -0.03650 -0.16800
v 0.23100 -0.21050 0.16800
v 0.23100 -0.06250 0.16800
v 0.23100 -0.03650 0.16800
v 0.22700 0.04350 0.46200
v 0.22700 0.29450 0.46200
v 0.22600 -0.16850 -0.16500
v 0.22600 -0.20750 -0.16400
v 0.22600 -0.20750 0.16400
v 0.22600 -0.16850 0.16400
v 0.22600 -0.04250 0.46100
v 0.22500 0.04050 0.45900
v 0.22500 0.29750 0.45900
v 0.22400 -0.21550 -0.16300
v 0.22400 -0.21550 0.16300
v 0.22300 -0.28450 -0.16200
v 0.22300 -0.28450 0.16200
v 0.22200 -0.28350 -0.16200
v 0.22200 -0.21950 -0.16200
v 0.22200 -0.20150 -0.16200
v 0.22200 -0.20050 -0.16200
v 0.22200 -0.17150 -0.16200
v 0.22200 -0.17050 -0.16200
v 0.22200 -0.16650 -0.16200
v 0.22200 -0.16550 -0.16200
v 0.22200 -0.28250 -0.16100
v 0.22200 -0.17250 -0.16100
v 0.22200 -0.16450 -0.16100
v 0.22200 -0.28350 0.16100
v 0.22200 -0.28250 0.16100
v 0.22200 -0.21950 0.16100
v 0.22200 -0.20150 0.16100
v 0.22200 -0.17250 0.16100
v 0.22200 -0.17150 0.16100
v 0.22200 -0.17050 0.16100
v 0.22200 -0.16650 0.16100
v 0.22200 -0.16550 0.16100
v 0.22200 -0.16450 0.16100
v 0.22100 -0.28250 -0.16100
v 0.22100 -0.17350 -0.16100
v 0.22100 -0.16350 -0.16100
v 0.22100 -0.13750 -0.16100
v 0.22100 0.07550 -0.16100
v 0.22100 0.07650 -0.16100
v 0.22100 -0.13750 0.16000
v 0.22100 0.07550 0.16000
v 0.22100 0.07650 0.16000
v 0.22100 -0.28250 0.16100
v 0.22100 -0.17350 0.16100
v 0.22100 -0.16350 0.16100
v 0.22000 -0.13750 -0.16000
v 0.22000 0.07550 -0.16000
v 0.22000 0.07650 -0.16000
v 0.22000 -0.13750 0.15900
v 0.22000 0.07550 0.15900
v 0.22000 -0.13750 0.16000
v 0.22000 0.07650 0.16000
v 0.21900 -0.13650 -0.16000
v 0.21900 -0.13150 -0.16000
v 0.21900 -0.13050 -0.16000
v 0.21900 0.06750 -0.16000
v 0.21900 0.06850 -0.16000
v 0.21900 0.06950 -0.16000
v 0.21900 0.07550 -0.16000
v 0.21900 -0.12950 -0.15900
v 0.21900 0.06650 -0.15900
v 0.21900 -0.13650 0.15900
v 0.21900 -0.13050 0.15900
v 0.21900 -0.12950 0.15900
v 0.21900 0.06650 0.15900
v 0.21900 0.06750 0.15900
v 0.21900 0.06850 0.15900
v 0.21900 0.07550 0.15900
v 0.21800 -0.12950 -0.15900
v 0.21800 -0.12850 -0.15900
v 0.21800 0.06550 -0.15900
v 0.21800 0.06650 -0.15900
v 0.21800 -0.12950 0.15800
v 0.21800 -0.12850 0.15800
v 0.21800 0.06550 0.15800
v 0.21800 0.06650 0.15800
v 0.21700 -0.12850 -0.15800
v 0.21700 0.06550 -0.15800
v 0.21700 -0.12850 0.15800
v 0.21700 0.06550 0.15800
v 0.21500 -0.12650 -0.15700
v 0.21500 -0.12650 0.15600
v 0.21400 0.06250 -0.15600
v 0.21400 0.06250 0.15500
v 0.21300 -0.12650 -0.15500
v 0.21300 0.06250 -0.15500
v 0.21300 -0.12650 0.15500
v 0.21300 0.06250 0.15500
v 0.21200 -0.12250 -0.15400
v 0.21200 0.05850 -0.15400
v 0.21200 -0.12250 0.15400
v 0.21200 0.05850 0.15400
v 0.20500 0.04350 -0.47300
v 0.20500 0.29450 -0.47300
v 0.20500 0.29550 -0.47100
v 0.20400 0.04050 -0.47000
v 0.20400 0.29750 -0.47000
v 0.19700 -0.31650 -0.27200
v 0.19700 -0.31850 -0.27100
v 0.19700 -0.31750 -0.27100
v 0.19700 -0.31850 0.27000
v 0.19700 -0.31750 0.27100
v 0.19600 -0.31850 -0.27000
v 0.19600 -0.31850 0.27000
v 0.19500 -0.31950 -0.27000
v 0.19500 -0.31950 0.26900
v 0.19300 -0.06450 -0.26600
v 0.19300 -0.06450 0.26500
v 0.19200 0.01650 -0.26500
v 0.19200 -0.31950 -0.26400
v 0.19200 0.01550 -0.26400
v 0.19200 0.01550 0.26400
v 0.19200 0.01650 0.26400
v 0.19100 -0.31950 -0.26400
v 0.19100 0.01550 -0.26400
v 0.19100 -0.31850 -0.26300
v 0.19100 0.01450 -0.26300
v 0.19100 -0.31950 0.26300
v 0.19100 -0.31850 0.26300
v 0.19100 0.01450 0.26300
v 0.19100 0.01550 0.26300
v 0.19000 -0.31850 -0.26300
v 0.19000 0.28250 -0.26300
v 0.19000 0.31350 -0.26300
v 0.19000 -0.31750 -0.26200
v 0.19000 -0.31650 -0.26200
v 0.19000 -0.31550 -0.26200
v 0.19000 -0.31450 -0.26200
v 0.19000 -0.04350 -0.26200
v 0.19000 -0.01850 -0.26200
v 0.19000 -0.01750 -0.26200
v 0.19000 0.31450 -0.26200
v 0.19000 0.31550 -0.26200
v 0.19000 -0.01650 -0.26100
v 0.19000 -0.31650 0.26100
v 0.19000 -0.31550 0.26100
v 0.19000 -0.31450 0.26100
v 0.19000 -0.01750 0.26100
v 0.19000 -0.01650 0.26100
v 0.19000 0.31550 0.26100
v 0.19000 -0.31850 0.26200
v 0.19000 -0.31750 0.26200
v 0.19000 -0.04350 0.26200
v 0.19000 -0.01850 0.26200
v 0.19000 0.28250 0.26200
v 0.19000 0.31350 0.26200
v 0.19000 0.31450 0.26200
v 0.19000 0.31550 0.26200
v 0.18900 -0.31350 -0.26100
v 0.18900 -0.01650 -0.26100
v 0.18900 0.31650 -0.26100
v 0.18900 -0.31250 -0.26000
v 0.18900 -0.31350 0.26000
v 0.18900 -0.31250 0.26000
v 0.18900 0.31650 0.26000
v 0.18900 -0.31350 0.26100
v 0.18900 0.31650 0.26100
v 0.18800 -0.31250 0.25900
v 0.18600 0.01450 -0.25700
v 0.18600 0.01550 -0.25700
v 0.18600 0.01550 -0.25600
v 0.18600 0.01550 0.25600
v 0.18600 0.01450 0.25700
v 0.18500 0.01650 -0.25600
v 0.18500 0.01650 -0.25500
v 0.18500 0.01750 -0.25500
v 0.18500 0.02750 -0.25500
v 0.18500 0.02850 -0.25500
v 0.18500 0.02750 0.25400
v 0.18500 0.02850 0.25400
v 0.18500 0.01650 0.25500
v 0.18500 0.02650 0.25500
v 0.18400 0.02850 -0.25400
v 0.18400 0.02950 -0.25400
v 0.18400 0.02950 0.25300
v 0.18400 0.02850 0.25400
v 0.18400 0.04350 0.48100
v 0.18400 0.29450 0.48100
v 0.18200 0.04050 0.47800
v 0.18200 0.29750 0.47800
v 0.17600 -0.31250 -0.24300
v 0.17600 -0.31150 -0.24300
v 0.17600 -0.31150 -0.24200
v 0.17600 -0.31150 0.24200
v 0.17600 -0.31250 0.24300
v 0.17500 -0.31150 -0.24200
v 0.17500 -0.31050 -0.24100
v 0.17500 -0.29050 -0.24100
v 0.17500 0.31650 -0.24100
v 0.17500 -0.30950 0.24000
v 0.17500 -0.29050 0.24000
v 0.17500 0.31650 0.24000
v 0.17500 -0.31150 0.24100
v 0.17500 -0.31050 0.24100
v 0.17500 0.31650 0.24200
v 0.17400 -0.29050 -0.24100
v 0.17400 0.31550 -0.24100
v 0.17400 -0.28950 -0.24000
v 0.17400 -0.28850 -0.24000
v 0.17400 0.31350 -0.24000
v 0.17400 0.31550 -0.24000
v 0.17400 -0.28950 0.23900
v 0.17400 -0.28850 0.23900
v 0.17400 0.31350 0.23900
v 0.17400 -0.29050 0.24000
v 0.17400 -0.28950 0.24000
v 0.17400 0.31450 0.24000
v 0.17400 0.31550 0.24000
v 0.17300 -0.28850 -0.23900
v 0.17300 -0.28750 -0.23800
v 0.17300 -0.28850 0.23800
v 0.17300 -0.28750 0.23800
v 0.17200 0.03050 -0.23700
v 0.17100 0.03050 -0.23600
v 0.17100 0.03150 -0.23500
v 0.17100 0.03050 0.23500
v 0.17100 0.03150 0.23500
v 0.17100 0.03050 0.23600
v 0.17000 0.03250 -0.23500
v 0.17000 0.03350 -0.23500
v 0.17000 0.05150 -0.23500
v 0.17000 0.05250 -0.23500
v 0.17000 -0.03450 -0.23400
v 0.17000 -0.01550 -0.23400
v 0.17000 0.05250 -0.23400
v 0.17000 0.05450 -0.23400
v 0.17000 0.05450 0.23300
v 0.17000 -0.03450 0.23400
v 0.17000 -0.01550 0.23400
v 0.17000 0.03250 0.23400
v 0.17000 0.03350 0.23400
v 0.17000 0.05250 0.23400
v 0.17000 0.05350 0.23400
v 0.16900 0.05550 -0.23400
v 0.16900 -0.03550 -0.23300
v 0.16900 -0.03450 -0.23300
v 0.16900 -0.03550 0.23200
v 0.16900 -0.03450 0.23300
v 0.16900 0.05550 0.23300
v 0.16900 0.05650 0.23300
v 0.16800 -0.06450 -0.23200
v 0.16800 -0.03650 -0.23200
v 0.16800 -0.03550 -0.23200
v 0.16800 -0.03650 -0.23100
v 0.16800 -0.03650 0.23100
v 0.16800 -0.03550 0.23100
v 0.16800 -0.06450 0.23200
v 0.16700 -0.21050 -0.23100
v 0.16700 -0.06250 -0.23100
v 0.16700 -0.21050 0.23000
v 0.16700 -0.06250 0.23100
v 0.16600 -0.20850 0.22900
v 0.16400 -0.16850 -0.22700
v 0.16400 -0.20750 0.22500
v 0.16400 -0.16850 0.22600
v 0.16300 -0.21550 -0.22400
v 0.16300 -0.21550 0.22400
v 0.16200 0.04350 -0.49000
v 0.16200 0.29450 -0.49000
v 0.16200 -0.28450 -0.22300
v 0.16200 -0.28450 0.22200
v 0.16200 -0.28450 0.22300
v 0.16100 -0.04250 -0.48800
v 0.16100 0.29550 -0.48800
v 0.16100 0.04050 -0.48600
v 0.16100 -0.20150 -0.22300
v 0.16100 -0.17050 -0.22300
v 0.16100 -0.16650 -0.22300
v 0.16100 -0.28350 -0.22200
v 0.16100 -0.28250 -0.22200
v 0.16100 -0.22050 -0.22200
v 0.16100 -0.20050 -0.22200
v 0.16100 -0.17350 -0.22200
v 0.16100 -0.17250 -0.22200
v 0.16100 -0.17050 -0.22200
v 0.16100 -0.16650 -0.22200
v 0.16100 -0.16550 -0.22200
v 0.16100 -0.16450 -0.22200
v 0.16100 -0.28250 0.22100
v 0.16100 -0.22250 0.22100
v 0.16100 -0.17350 0.22100
v 0.16100 -0.17250 0.22100
v 0.16100 -0.16450 0.22100
v 0.16100 -0.16350 0.22100
v 0.16100 -0.28350 0.22200
v 0.16100 -0.21950 0.22200
v 0.16100 -0.20150 0.22200
v 0.16100 -0.20050 0.22200
v 0.16100 -0.17150 0.22200
v 0.16100 -0.17050 0.22200
v 0.16100 -0.16650 0.22200
v 0.16100 -0.16550 0.22200
v 0.16000 -0.13750 -0.22100
v 0.16000 0.07550 -0.22100
v 0.16000 0.07650 -0.22100
v 0.16000 -0.13750 -0.22000
v 0.16000 0.07650 -0.22000
v 0.16000 -0.13750 0.22000
v 0.16000 0.07650 0.22000
v 0.16000 -0.13750 0.22100
v 0.15900 -0.13750 -0.22000
v 0.15900 -0.13550 -0.22000
v 0.15900 -0.13150 -0.22000
v 0.15900 0.06950 -0.22000
v 0.15900 0.07450 -0.22000
v 0.15900 0.07550 -0.22000
v 0.15900 0.07650 -0.22000
v 0.15900 -0.13050 -0.21900
v 0.15900 -0.12950 -0.21900
v 0.15900 0.06650 -0.21900
v 0.15900 0.06750 -0.21900
v 0.15900 0.06850 -0.21900
v 0.15900 -0.12950 0.21800
v 0.15900 0.06650 0.21800
v 0.15900 -0.13750 0.21900
v 0.15900 -0.13650 0.21900
v 0.15900 -0.13050 0.21900
v 0.15900 0.06750 0.21900
v 0.15900 0.06850 0.21900
v 0.15900 0.07550 0.21900
v 0.15900 0.07650 0.21900
v 0.15800 -0.12950 -0.21800
v 0.15800 -0.12850 -0.21800
v 0.15800 0.06550 -0.21800
v 0.15800 0.06650 -0.21800
v 0.15800 -0.12850 -0.21700
v 0.15800 -0.12850 0.21700
v 0.15800 0.06550 0.21700
v 0.15800 -0.12950 0.21800
v 0.15800 0.06650 0.21800
v 0.15700 0.06550 -0.21700
v 0.15700 -0.08250 0.00000
v 0.15700 -0.07350 0.00000
v 0.15700 -0.07250 0.00000
v 0.15700 0.01050 0.00000
v 0.15700 0.06550 0.21700
v 0.15600 -0.12650 -0.21500
v 0.15600 -0.12650 0.21500
v 0.15500 0.06250 -0.21400
v 0.15500 -0.12650 -0.21300
v 0.15500 0.06250 -0.21300
v 0.15500 -0.12650 0.21300
v 0.15500 0.06250 0.21300
v 0.15400 -0.01850 0.00000
v 0.15300 -0.12450 -0.21100
v 0.15300 0.06150 -0.21100
v 0.15300 -0.12450 0.21000
v 0.15300 0.06150 0.21000
v 0.15100 -0.01850 0.00000
v 0.14900 -0.08250 -0.04900
v 0.14900 -0.07350 -0.04900
v 0.14900 -0.07250 -0.04900
v 0.14900 0.01050 -0.04900
v 0.14900 -0.07350 0.04800
v 0.14900 -0.07250 0.04800
v 0.14900 -0.08250 0.04900
v 0.14900 -0.07350 0.04900
v 0.14900 0.01050 0.04900
v 0.14800 -0.01650 -0.04800
v 0.14800 -0.01650 0.04800
v 0.14600 -0.01850 -0.04800
v 0.14600 -0.01850 0.04700
v 0.14400 -0.01850 -0.04700
v 0.14400 -0.01850 0.04700
v 0.13900 0.04350 0.49500
v 0.13900 0.29450 0.49500
v 0.13800 0.04050 0.49200
v 0.13800 0.29750 0.49200
v 0.12700 -0.08250 -0.09300
v 0.12700 -0.07350 -0.09300
v 0.12700 0.01050 -0.09300
v 0.12700 -0.07250 -0.09200
v 0.12700 -0.08250 0.09200
v 0.12700 -0.07350 0.09200
v 0.12700 -0.07250 0.09200
v 0.12700 0.01050 0.09200
v 0.12600 -0.01650 -0.09200
v 0.12600 -0.01650 0.09100
v 0.12400 -0.01850 -0.09100
v 0.12400 -0.01850 0.09000
v 0.12300 -0.01850 -0.08900
v 0.12200 -0.01850 0.08900
v 0.11600 0.04350 -0.50200
v 0.11600 0.29450 -0.50200
v 0.11600 -0.29650 -0.50100
v 0.11600 -0.04250 -0.50100
v 0.10400 -0.31650 -0.32000
v 0.10400 -0.31750 -0.31900
v 0.10400 -0.31750 0.31900
v 0.10300 -0.31850 -0.31900
v 0.10300 -0.31850 -0.31800
v 0.10300 -0.31950 -0.31700
v 0.10300 -0.31950 0.31700
v 0.10300 -0.31850 0.31800
v 0.10100 -0.06550 -0.31300
v 0.10100 0.01650 -0.31200
v 0.10100 0.01550 -0.31100
v 0.10100 0.01650 -0.31100
v 0.10100 -0.31950 -0.31000
v 0.10100 0.01550 -0.31000
v 0.10100 -0.31950 0.31000
v 0.10100 0.01550 0.31000
v 0.10100 0.01650 0.31100
v 0.10100 -0.06550 0.31200
v 0.10000 -0.31850 -0.31000
v 0.10000 0.01450 -0.31000
v 0.10000 -0.31850 -0.30900
v 0.10000 -0.31750 -0.30900
v 0.10000 -0.04350 -0.30900
v 0.10000 -0.01850 -0.30900
v 0.10000 0.28250 -0.30900
v 0.10000 0.31350 -0.30900
v 0.10000 0.31450 -0.30900
v 0.10000 0.31550 -0.30900
v 0.10000 -0.31750 -0.30800
v 0.10000 -0.31650 -0.30800
v 0.10000 -0.31550 -0.30800
v 0.10000 -0.31450 -0.30800
v 0.10000 -0.31350 -0.30800
v 0.10000 -0.01750 -0.30800
v 0.10000 -0.01650 -0.30800
v 0.10000 0.31550 -0.30800
v 0.10000 0.31650 -0.30800
v 0.10000 -0.31450 0.30700
v 0.10000 -0.31350 0.30700
v 0.10000 -0.01650 0.30700
v 0.10000 0.31650 0.30700
v 0.10000 -0.31750 0.30800
v 0.10000 -0.31650 0.30800
v 0.10000 -0.31550 0.30800
v 0.10000 -0.04350 0.30800
v 0.10000 -0.01850 0.30800
v 0.10000 -0.01750 0.30800
v 0.10000 0.31450 0.30800
v 0.10000 0.31550 0.30800
v 0.10000 -0.31850 0.30900
v 0.10000 0.01450 0.30900
v 0.10000 0.28250 0.30900
v 0.10000 0.31350 0.30900
v 0.09900 -0.31350 -0.30700
v 0.09900 -0.31250 -0.30700
v 0.09900 0.31650 -0.30600
v 0.09900 -0.31250 0.30500
v 0.09900 -0.31250 0.30600
v 0.09900 0.31650 0.30600
v 0.09900 -0.31350 0.30700
v 0.09800 0.01450 -0.30300
v 0.09800 0.01550 -0.30200
v 0.09800 0.01550 -0.30100
v 0.09800 0.01550 0.30100
v 0.09800 0.01450 0.30200
v 0.09700 0.01650 -0.30100
v 0.09700 0.01750 -0.30000
v 0.09700 0.02850 -0.30000
v 0.09700 0.02850 -0.29900
v 0.09700 0.02950 -0.29900
v 0.09700 0.02950 0.29800
v 0.09700 0.02850 0.29900
v 0.09700 0.01650 0.30000
v 0.09700 0.02750 0.30000
v 0.09300 -0.31250 -0.28600
v 0.09300 -0.31150 -0.28600
v 0.09300 -0.31150 0.28500
v 0.09300 -0.31250 0.28600
v 0.09300 0.04050 0.50300
v 0.09300 0.29750 0.50300
v 0.09300 0.04350 0.50600
v 0.09300 0.29450 0.50600
v 0.09200 -0.31150 -0.28400
v 0.09200 -0.31050 -0.28400
v 0.09200 0.31650 -0.28400
v 0.09200 -0.29050 -0.28300
v 0.09200 -0.28950 -0.28300
v 0.09200 0.31550 -0.28300
v 0.09200 -0.08250 -0.12700
v 0.09200 -0.07350 -0.12700
v 0.09200 -0.07250 -0.12700
v 0.09200 0.01050 -0.12700
v 0.09200 -0.07250 0.12600
v 0.09200 -0.08250 0.12700
v 0.09200 -0.07350 0.12700
v 0.09200 0.01050 0.12700
v 0.09200 -0.28950 0.28200
v 0.09200 0.31550 0.28200
v 0.09200 -0.31050 0.28300
v 0.09200 -0.30950 0.28300
v 0.09200 -0.29050 0.28300
v 0.09200 0.31550 0.28300
v 0.09200 0.31650 0.28300
v 0.09200 -0.31150 0.28400
v 0.09200 -0.31050 0.28400
v 0.09200 0.31650 0.28400
v 0.09100 0.31450 -0.28300
v 0.09100 -0.28950 -0.28200
v 0.09100 -0.28850 -0.28200
v 0.09100 0.31350 -0.28200
v 0.09100 -0.28850 -0.28100
v 0.09100 -0.28750 -0.28100
v 0.09100 -0.01650 -0.12600
v 0.09100 -0.01650 0.12600
v 0.09100 -0.28750 0.28000
v 0.09100 -0.28850 0.28100
v 0.09100 -0.28950 0.28200
v 0.09100 0.31350 0.28200
v 0.09000 0.03050 -0.27900
v 0.09000 0.03050 -0.27800
v 0.09000 0.03050 -0.27700
v 0.09000 0.03250 -0.27700
v 0.09000 -0.01850 -0.12400
v 0.09000 -0.01850 0.12400
v 0.09000 0.03150 0.27600
v 0.09000 0.03250 0.27600
v 0.09000 0.03050 0.27700
v 0.08900 -0.03450 -0.27600
v 0.08900 -0.01550 -0.27600
v 0.08900 0.03250 -0.27600
v 0.08900 0.05250 -0.27600
v 0.08900 0.05350 -0.27600
v 0.08900 -0.03450 -0.27500
v 0.08900 0.05450 -0.27500
v 0.08900 0.05550 -0.27500
v 0.08900 -0.03550 -0.27400
v 0.08900 -0.01850 -0.12300
v 0.08900 -0.01850 0.12200
v 0.08900 -0.03550 0.27300
v 0.08900 -0.03450 0.27400
v 0.08900 0.05550 0.27400
v 0.08900 0.05650 0.27400
v 0.08900 -0.03450 0.27500
v 0.08900 -0.01550 0.27500
v 0.08900 0.05250 0.27500
v 0.08900 0.05450 0.27500
v 0.08900 0.03250 0.27600
v 0.08900 0.05150 0.27600
v 0.08900 0.05250 0.27600
v 0.08800 -0.06450 -0.27300
v 0.08800 -0.03550 -0.27300
v 0.08800 -0.21050 -0.27200
v 0.08800 -0.06250 -0.27200
v 0.08800 -0.03650 -0.27200
v 0.08800 -0.21050 0.27100
v 0.08800 -0.06250 0.27100
v 0.08800 -0.03750 0.27200
v 0.08800 -0.03650 0.27200
v 0.08800 -0.03550 0.27200
v 0.08800 -0.06450 0.27300
v 0.08700 -0.20850 -0.27000
v 0.08700 -0.20850 0.26900
v 0.08600 -0.16850 -0.26700
v 0.08600 -0.20750 0.26500
v 0.08600 -0.16850 0.26600
v 0.08500 -0.21550 -0.26400
v 0.08500 -0.28450 -0.26300
v 0.08500 -0.28450 -0.26200
v 0.08500 -0.28350 -0.26200
v 0.08500 -0.17050 -0.26200
v 0.08500 -0.16650 -0.26200
v 0.08500 -0.28350 -0.26100
v 0.08500 -0.28250 -0.26100
v 0.08500 -0.22050 -0.26100
v 0.08500 -0.20050 -0.26100
v 0.08500 -0.17150 -0.26100
v 0.08500 -0.16550 -0.26100
v 0.08500 -0.16450 -0.26100
v 0.08500 -0.28350 0.26100
v 0.08500 -0.28250 0.26100
v 0.08500 -0.22050 0.26100
v 0.08500 -0.20150 0.26100
v 0.08500 -0.20050 0.26100
v 0.08500 -0.17250 0.26100
v 0.08500 -0.17150 0.26100
v 0.08500 -0.17050 0.26100
v 0.08500 -0.16650 0.26100
v 0.08500 -0.16450 0.26100
v 0.08500 -0.28450 0.26200
v 0.08500 -0.21750 0.26200
v 0.08500 -0.16650 0.26200
v 0.08500 -0.28450 0.26300
v 0.08500 -0.21550 0.26300
v 0.08400 -0.28250 -0.26100
v 0.08400 -0.13750 -0.26000
v 0.08400 0.07550 -0.26000
v 0.08400 0.07650 -0.26000
v 0.08400 -0.13750 -0.25900
v 0.08400 -0.13650 -0.25900
v 0.08400 0.07550 -0.25900
v 0.08400 0.07650 -0.25900
v 0.08400 -0.13550 -0.25800
v 0.08400 -0.13150 -0.25800
v 0.08400 -0.13050 -0.25800
v 0.08400 0.06950 -0.25800
v 0.08400 0.07450 -0.25800
v 0.08400 -0.13750 0.25800
v 0.08400 -0.13150 0.25800
v 0.08400 -0.13050 0.25800
v 0.08400 0.06850 0.25800
v 0.08400 0.07550 0.25800
v 0.08400 0.07650 0.25800
v 0.08400 -0.13750 0.25900
v 0.08400 0.07650 0.25900
v 0.08400 -0.28250 0.26000
v 0.08400 -0.22250 0.26000
v 0.08400 -0.17350 0.26000
v 0.08400 -0.16350 0.26000
v 0.08400 -0.13750 0.26000
v 0.08300 -0.13050 -0.25800
v 0.08300 -0.12950 -0.25800
v 0.08300 0.06650 -0.25800
v 0.08300 -0.12950 -0.25700
v 0.08300 0.06650 -0.25700
v 0.08300 -0.12850 -0.25600
v 0.08300 0.06550 -0.25600
v 0.08300 -0.12850 0.25500
v 0.08300 0.06550 0.25500
v 0.08300 -0.12850 0.25600
v 0.08300 0.06550 0.25600
v 0.08300 -0.13050 0.25700
v 0.08300 -0.12950 0.25700
v 0.08300 0.06650 0.25700
v 0.08300 0.06750 0.25700
v 0.08200 -0.12650 -0.25300
v 0.08200 -0.12650 0.25300
v 0.08100 -0.12650 -0.25200
v 0.08100 0.06250 -0.25200
v 0.08100 -0.12650 -0.25100
v 0.08100 0.06250 -0.25100
v 0.08100 -0.12250 -0.24900
v 0.08100 0.05850 -0.24900
v 0.08100 -0.12250 0.24900
v 0.08100 0.05850 0.24900
v 0.08100 -0.12650 0.25100
v 0.08100 0.06250 0.25100
v 0.07000 0.04350 -0.51100
v 0.07000 0.29450 -0.51100
v 0.07000 -0.29650 -0.50900
v 0.07000 0.04250 -0.50900
v 0.07000 0.29750 -0.50700
v 0.04900 -0.08250 -0.15000
v 0.04900 -0.07350 -0.15000
v 0.04900 0.01050 -0.15000
v 0.04800 -0.07250 -0.14900
v 0.04800 -0.01650 -0.14800
v 0.04800 -0.01650 0.14800
v 0.04800 -0.07350 0.14900
v 0.04800 -0.07250 0.14900
v 0.04800 -0.08250 0.15000
v 0.04800 -0.07350 0.15000
v 0.04800 0.01050 0.15000
v 0.04700 -0.01850 -0.14700
v 0.04700 -0.01850 -0.14400
v 0.04700 -0.01850 0.14600
v 0.04700 0.29750 0.50900
v 0.04700 -0.29650 0.51100
v 0.04700 -0.04250 0.51100
v 0.04700 0.04350 0.51200
v 0.04600 -0.01850 0.14400
v 0.02400 0.04350 -0.51500
v 0.02400 0.29450 -0.51500
v 0.02400 0.04250 -0.51300
v 0.02400 0.29550 -0.51300
v 0.02300 0.04050 -0.51200
v 0.02300 0.29750 -0.51200
v 0.00000 -0.31750 -0.33600
v 0.00000 -0.31650 -0.33600
v 0.00000 -0.31850 -0.33500
v 0.00000 -0.31850 -0.33400
v 0.00000 -0.31950 -0.33300
v 0.00000 -0.06550 -0.32800
v 0.00000 0.01550 -0.32700
v 0.00000 0.01650 -0.32700
v 0.00000 -0.31950 -0.32600
v 0.00000 0.01550 -0.32600
v 0.00000 -0.31850 -0.32500
v 0.00000 0.01450 -0.32500
v 0.00000 0.28250 -0.32500
v 0.00000 0.31350 -0.32500
v 0.00000 -0.31750 -0.32400
v 0.00000 -0.31650 -0.32400
v 0.00000 -0.31550 -0.32400
v 0.00000 -0.04350 -0.32400
v 0.00000 -0.01850 -0.32400
v 0.00000 -0.01750 -0.32400
v 0.00000 0.31450 -0.32400
v 0.00000 0.31550 -0.32400
v 0.00000 -0.31450 -0.32300
v 0.00000 -0.31350 -0.32300
v 0.00000 -0.01650 -0.32300
v 0.00000 0.31650 -0.32300
v 0.00000 -0.31350 -0.32200
v 0.00000 -0.31250 -0.32200
v 0.00000 0.31650 -0.32200
v 0.00000 0.01450 -0.31900
v 0.00000 0.01450 -0.31800
v 0.00000 0.01550 -0.31700
v 0.00000 0.01550 -0.31600
v 0.00000 0.01650 -0.31600
v 0.00000 0.01750 -0.31600
v 0.00000 0.02850 -0.31500
v 0.00000 0.02850 -0.31400
v 0.00000 0.02950 -0.31400
v 0.00000 -0.31250 -0.30100
v 0.00000 -0.31150 -0.30000
v 0.00000 -0.31150 -0.29900
v 0.00000 -0.31050 -0.29800
v 0.00000 -0.29050 -0.29800
v 0.00000 0.31650 -0.29800
v 0.00000 -0.29050 -0.29700
v 0.00000 -0.28950 -0.29700
v 0.00000 0.31350 -0.29700
v 0.00000 0.31450 -0.29700
v 0.00000 0.31550 -0.29700
v 0.00000 -0.28850 -0.29600
v 0.00000 -0.28850 -0.29500
v 0.00000 -0.28750 -0.29500
v 0.00000 0.03050 -0.29200
v 0.00000 0.03050 -0.29100
v 0.00000 0.03150 -0.29100
v 0.00000 -0.03450 -0.29000
v 0.00000 -0.01550 -0.29000
v 0.00000 0.03250 -0.29000
v 0.00000 0.05250 -0.29000
v 0.00000 0.05350 -0.28900
v 0.00000 0.05450 -0.28900
v 0.00000 0.05550 -0.28900
v 0.00000 -0.03450 -0.28800
v 0.00000 -0.06450 -0.28700
v 0.00000 -0.03550 -0.28700
v 0.00000 -0.03750 -0.28600
v 0.00000 -0.03650 -0.28600
v 0.00000 -0.21050 -0.28500
v 0.00000 -0.20850 -0.28300
v 0.00000 -0.16850 -0.28000
v 0.00000 -0.20750 -0.27900
v 0.00000 -0.28450 -0.27500
v 0.00000 -0.28350 -0.27500
v 0.00000 -0.17150 -0.27500
v 0.00000 -0.17050 -0.27500
v 0.00000 -0.16650 -0.27500
v 0.00000 -0.16550 -0.27500
v 0.00000 -0.28350 -0.27400
v 0.00000 -0.28250 -0.27400
v 0.00000 -0.22050 -0.27400
v 0.00000 -0.20050 -0.27400
v 0.00000 -0.17250 -0.27400
v 0.00000 -0.16450 -0.27400
v 0.00000 -0.13750 -0.27300
v 0.00000 0.07550 -0.27300
v 0.00000 0.07650 -0.27300
v 0.00000 -0.13750 -0.27200
v 0.00000 0.07550 -0.27200
v 0.00000 0.07650 -0.27200
v 0.00000 -0.13650 -0.27100
v 0.00000 -0.13550 -0.27100
v 0.00000 -0.13150 -0.27100
v 0.00000 -0.13050 -0.27100
v 0.00000 0.06750 -0.27100
v 0.00000 0.07450 -0.27100
v 0.00000 0.07550 -0.27100
v 0.00000 -0.12950 -0.27000
v 0.00000 0.06650 -0.27000
v 0.00000 -0.12850 -0.26900
v 0.00000 0.06550 -0.26900
v 0.00000 -0.12650 -0.26400
v 0.00000 0.06250 -0.26400
v 0.00000 -0.12450 -0.26100
v 0.00000 0.06150 -0.26100
v 0.00000 -0.08250 -0.15800
v 0.00000 -0.07350 -0.15800
v 0.00000 0.01050 -0.15800
v 0.00000 -0.07350 -0.15700
v 0.00000 -0.01650 -0.15600
v 0.00000 -0.01850 -0.15400
v 0.00000 -0.01850 -0.15200
v 0.00000 -0.01850 0.15100
v 0.00000 -0.01850 0.15300
v 0.00000 -0.01650 0.15500
v 0.00000 -0.07350 0.15600
v 0.00000 -0.08250 0.15700
v 0.00000 -0.07350 0.15700
v 0.00000 0.01050 0.15700
v 0.00000 -0.12450 0.26000
v 0.00000 0.06150 0.26000
v 0.00000 -0.12650 0.26300
v 0.00000 0.06250 0.26300
v 0.00000 -0.12650 0.26400
v 0.00000 0.06250 0.26400
v 0.00000 -0.12650 0.26500
v 0.00000 -0.12850 0.26800
v 0.00000 0.06550 0.26800
v 0.00000 -0.12950 0.26900
v 0.00000 -0.12850 0.26900
v 0.00000 0.06550 0.26900
v 0.00000 0.06650 0.26900
v 0.00000 -0.13050 0.27000
v 0.00000 -0.12950 0.27000
v 0.00000 0.06650 0.27000
v 0.00000 0.06750 0.27000
v 0.00000 -0.13750 0.27100
v 0.00000 -0.13150 0.27100
v 0.00000 0.06850 0.27100
v 0.00000 0.07550 0.27100
v 0.00000 0.07650 0.27100
v 0.00000 -0.13750 0.27200
v 0.00000 0.07650 0.27200
v 0.00000 -0.28250 0.27300
v 0.00000 -0.17350 0.27300
v 0.00000 -0.16350 0.27300
v 0.00000 -0.13750 0.27300
v 0.00000 -0.28350 0.27400
v 0.00000 -0.28250 0.27400
v 0.00000 -0.22050 0.27400
v 0.00000 -0.20050 0.27400
v 0.00000 -0.17250 0.27400
v 0.00000 -0.17050 0.27400
v 0.00000 -0.16650 0.27400
v 0.00000 -0.16450 0.27400
v 0.00000 -0.28450 0.27500
v 0.00000 -0.21950 0.27500
v 0.00000 -0.21750 0.27500
v 0.00000 -0.20150 0.27500
v 0.00000 -0.17050 0.27500
v 0.00000 -0.16650 0.27500
v 0.00000 -0.28450 0.27600
v 0.00000 -0.21650 0.27700
v 0.00000 -0.20750 0.27900
v 0.00000 -0.16850 0.28000
v 0.00000 -0.20850 0.28300
v 0.00000 -0.21050 0.28500
v 0.00000 -0.06250 0.28500
v 0.00000 -0.03750 0.28500
v 0.00000 -0.06450 0.28600
v 0.00000 -0.03650 0.28600
v 0.00000 -0.03550 0.28600
v 0.00000 -0.03550 0.28700
v 0.00000 -0.03450 0.28800
v 0.00000 0.05550 0.28800
v 0.00000 0.05650 0.28800
v 0.00000 -0.03450 0.28900
v 0.00000 -0.01550 0.28900
v 0.00000 0.05250 0.28900
v 0.00000 0.05450 0.28900
v 0.00000 0.03150 0.29000
v 0.00000 0.03250 0.29000
v 0.00000 0.05150 0.29000
v 0.00000 0.03050 0.29100
v 0.00000 -0.28750 0.29400
v 0.00000 -0.28850 0.29500
v 0.00000 -0.28950 0.29600
v 0.00000 -0.28850 0.29600
v 0.00000 0.31550 0.29600
v 0.00000 -0.31050 0.29700
v 0.00000 -0.29050 0.29700
v 0.00000 -0.28950 0.29700
v 0.00000 0.31550 0.29700
v 0.00000 0.31650 0.29700
v 0.00000 -0.31150 0.29800
v 0.00000 -0.31050 0.29800
v 0.00000 0.31650 0.29800
v 0.00000 -0.31150 0.29900
v 0.00000 0.31650 0.29900
v 0.00000 -0.31250 0.30000
v 0.00000 0.02950 0.31300
v 0.00000 0.02850 0.31400
v 0.00000 0.01650 0.31500
v 0.00000 0.02750 0.31500
v 0.00000 0.01550 0.31600
v 0.00000 0.01450 0.31700
v 0.00000 -0.31250 0.32000
v 0.00000 -0.31250 0.32100
v 0.00000 0.31650 0.32100
v 0.00000 -0.31350 0.32200
v 0.00000 0.31650 0.32200
v 0.00000 -0.31750 0.32300
v 0.00000 -0.31650 0.32300
v 0.00000 -0.31550 0.32300
v 0.00000 -0.31450 0.32300
v 0.00000 -0.01750 0.32300
v 0.00000 -0.01650 0.32300
v 0.00000 0.31550 0.32300
v 0.00000 0.31650 0.32300
v 0.00000 -0.31850 0.32400
v 0.00000 -0.31750 0.32400
v 0.00000 -0.04350 0.32400
v 0.00000 0.28250 0.32400
v 0.00000 0.31350 0.32400
v 0.00000 0.31450 0.32400
v 0.00000 0.31550 0.32400
v 0.00000 -0.31950 0.32500
v 0.00000 -0.31850 0.32500
v 0.00000 0.01450 0.32500
v 0.00000 0.01550 0.32500
v 0.00000 0.01550 0.32600
v 0.00000 0.01650 0.32600
v 0.00000 0.01650 0.32700
v 0.00000 -0.06550 0.32800
v 0.00000 -0.31950 0.33300
v 0.00000 -0.31850 0.33400
v 0.00000 -0.31750 0.33500
v 0.00000 -0.29650 0.51300
v 0.00000 -0.04250 0.51300
v -0.02300 0.04350 -0.51500
v -0.02300 0.29450 -0.51500
v -0.02300 0.04250 -0.51300
v -0.02300 0.29550 -0.51300
v -0.02300 0.04050 -0.51200
v -0.02300 0.29750 -0.51200
v -0.04600 0.04050 0.50900
v -0.04700 -0.01850 -0.14500
v -0.04700 -0.01850 0.14400
v -0.04700 -0.29650 0.51100
v -0.04700 -0.04250 0.51100
v -0.04700 0.29450 0.51200
v -0.04800 -0.01850 -0.14700
v -0.04800 -0.01850 0.14600
v -0.04800 -0.01650 0.14800
v -0.04900 -0.08250 -0.15000
v -0.04900 -0.07350 -0.15000
v -0.04900 0.01050 -0.15000
v -0.04900 -0.07350 -0.14900
v -0.04900 -0.07350 0.14900
v -0.04900 -0.08250 0.15000
v -0.04900 -0.07350 0.15000
v -0.04900 0.01050 0.15000
v -0.06900 0.04050 -0.50700
v -0.07000 0.04350 -0.51100
v -0.07000 0.29450 -0.51100
v -0.07000 -0.04250 -0.50900
v -0.07000 0.29550 -0.50900
v -0.08100 -0.12250 -0.24900
v -0.08100 0.05850 -0.24900
v -0.08100 -0.12250 0.24900
v -0.08100 0.05850 0.24900
v -0.08200 0.06250 -0.25200
v -0.08200 -0.12650 -0.25100
v -0.08200 0.06250 -0.25100
v -0.08200 -0.12650 0.25100
v -0.08200 0.06250 0.25100
v -0.08200 -0.12650 0.25300
v -0.08300 -0.12850 -0.25600
v -0.08300 0.06550 -0.25600
v -0.08300 -0.12850 0.25500
v -0.08300 0.06550 0.25500
v -0.08300 -0.12850 0.25600
v -0.08300 0.06550 0.25600
v -0.08400 -0.13750 -0.25900
v -0.08400 -0.13650 -0.25900
v -0.08400 0.07550 -0.25900
v -0.08400 0.07650 -0.25900
v -0.08400 -0.13550 -0.25800
v -0.08400 -0.13150 -0.25800
v -0.08400 -0.13050 -0.25800
v -0.08400 -0.12950 -0.25800
v -0.08400 0.06650 -0.25800
v -0.08400 0.06750 -0.25800
v -0.08400 0.06850 -0.25800
v -0.08400 0.07450 -0.25800
v -0.08400 -0.12950 -0.25700
v -0.08400 0.06650 -0.25700
v -0.08400 -0.13050 0.25700
v -0.08400 -0.12950 0.25700
v -0.08400 0.06650 0.25700
v -0.08400 0.06750 0.25700
v -0.08400 -0.13750 0.25800
v -0.08400 -0.13150 0.25800
v -0.08400 0.06850 0.25800
v -0.08400 0.07550 0.25800
v -0.08400 0.07650 0.25800
v -0.08400 -0.13750 0.25900
v -0.08400 0.07650 0.25900
v -0.08500 -0.28450 -0.26200
v -0.08500 -0.28350 -0.26200
v -0.08500 -0.20150 -0.26200
v -0.08500 -0.17050 -0.26200
v -0.08500 -0.16650 -0.26200
v -0.08500 -0.28350 -0.26100
v -0.08500 -0.28250 -0.26100
v -0.08500 -0.22050 -0.26100
v -0.08500 -0.20050 -0.26100
v -0.08500 -0.17250 -0.26100
v -0.08500 -0.17150 -0.26100
v -0.08500 -0.16550 -0.26100
v -0.08500 -0.13750 -0.26000
v -0.08500 0.07550 -0.26000
v -0.08500 0.07650 -0.26000
v -0.08500 -0.13750 0.25900
v -0.08500 0.07650 0.25900
v -0.08500 -0.28250 0.26000
v -0.08500 -0.17350 0.26000
v -0.08500 -0.16350 0.26000
v -0.08500 -0.13750 0.26000
v -0.08500 -0.28350 0.26100
v -0.08500 -0.28250 0.26100
v -0.08500 -0.21950 0.26100
v -0.08500 -0.20050 0.26100
v -0.08500 -0.17250 0.26100
v -0.08500 -0.17050 0.26100
v -0.08500 -0.16650 0.26100
v -0.08500 -0.16550 0.26100
v -0.08500 -0.16450 0.26100
v -0.08500 -0.28450 0.26200
v -0.08500 -0.17050 0.26200
v -0.08600 -0.21750 -0.26300
v -0.08600 -0.17050 -0.26300
v -0.08600 -0.28450 0.26200
v -0.08600 -0.21750 0.26200
v -0.08700 -0.16850 -0.26700
v -0.08700 -0.20750 -0.26600
v -0.08700 -0.20750 0.26500
v -0.08700 -0.16850 0.26600
v -0.08800 -0.21050 -0.27200
v -0.08800 -0.20850 -0.27000
v -0.08800 -0.20850 0.26900
v -0.08800 -0.21050 0.27100
v -0.08900 -0.03450 -0.27500
v -0.08900 0.05550 -0.27500
v -0.08900 -0.03550 -0.27400
v -0.08900 -0.06450 -0.27300
v -0.08900 -0.03550 -0.27300
v -0.08900 -0.03650 -0.27200
v -0.08900 -0.01850 -0.12300
v -0.08900 -0.01850 0.12200
v -0.08900 -0.06250 0.27100
v -0.08900 -0.03650 0.27200
v -0.08900 -0.03550 0.27200
v -0.08900 -0.06450 0.27300
v -0.08900 -0.03550 0.27300
v -0.08900 -0.03450 0.27400
v -0.08900 0.05550 0.27400
v -0.08900 0.05650 0.27400
v -0.09000 0.03050 -0.27700
v -0.09000 0.03150 -0.27700
v -0.09000 0.03250 -0.27700
v -0.09000 -0.03450 -0.27600
v -0.09000 -0.01550 -0.27600
v -0.09000 0.03250 -0.27600
v -0.09000 0.05250 -0.27600
v -0.09000 0.05350 -0.27600
v -0.09000 0.05450 -0.27500
v -0.09000 -0.01850 -0.12500
v -0.09000 -0.03450 0.27500
v -0.09000 -0.01550 0.27500
v -0.09000 0.05250 0.27500
v -0.09000 0.05350 0.27500
v -0.09000 0.05450 0.27500
v -0.09000 0.03150 0.27600
v -0.09000 0.03250 0.27600
v -0.09000 0.05250 0.27600
v -0.09000 0.03050 0.27700
v -0.09100 0.03050 -0.27800
v -0.09100 -0.01850 0.12400
v -0.09100 0.03050 0.27800
v -0.09100 -0.28850 0.28000
v -0.09200 -0.31050 -0.28400
v -0.09200 0.31650 -0.28400
v -0.09200 -0.29050 -0.28300
v -0.09200 -0.28950 -0.28300
v -0.09200 0.31450 -0.28300
v -0.09200 0.31550 -0.28300
v -0.09200 -0.28950 -0.28200
v -0.09200 -0.28850 -0.28200
v -0.09200 0.31350 -0.28200
v -0.09200 -0.28850 -0.28100
v -0.09200 -0.07350 -0.12700
v -0.09200 -0.01650 0.12500
v -0.09200 -0.28850 0.28100
v -0.09200 -0.28950 0.28200
v -0.09200 0.31450 0.28200
v -0.09200 0.31550 0.28200
v -0.09200 -0.31050 0.28300
v -0.09200 -0.29050 0.28300
v -0.09200 0.31550 0.28300
v -0.09200 0.31650 0.28300
v -0.09200 -0.31050 0.28400
v -0.09200 0.04050 0.50300
v -0.09200 0.29750 0.50300
v -0.09300 -0.31250 -0.28600
v -0.09300 -0.31150 -0.28600
v -0.09300 -0.31150 -0.28500
v -0.09300 -0.31150 -0.28400
v -0.09300 0.31650 -0.28400
v -0.09300 -0.08250 -0.12800
v -0.09300 -0.07350 -0.12800
v -0.09300 0.01050 -0.12800
v -0.09300 -0.08250 0.12700
v -0.09300 -0.07350 0.12700
v -0.09300 0.01050 0.12700
v -0.09300 -0.31150 0.28400
v -0.09300 0.31650 0.28400
v -0.09300 -0.31150 0.28500
v -0.09300 -0.31250 0.28600
v -0.09300 0.04350 0.50600
v -0.09300 0.29450 0.50600
v -0.09700 0.02850 -0.29900
v -0.09700 0.02950 -0.29900
v -0.09700 0.02950 -0.29700
v -0.09700 0.02950 0.29800
v -0.09700 0.02850 0.29900
v -0.09800 0.01450 -0.30300
v -0.09800 0.01550 -0.30200
v -0.09800 0.01550 -0.30100
v -0.09800 0.01650 -0.30100
v -0.09800 0.01750 -0.30000
v -0.09800 0.02850 -0.30000
v -0.09800 0.02850 0.29900
v -0.09800 0.01650 0.30000
v -0.09800 0.02650 0.30000
v -0.09800 0.02750 0.30000
v -0.09800 0.01550 0.30100
v -0.09800 0.01450 0.30200
v -0.09900 0.01450 0.30300
v -0.10000 -0.31750 -0.30900
v -0.10000 -0.04450 -0.30900
v -0.10000 -0.01850 -0.30900
v -0.10000 0.31550 -0.30900
v -0.10000 -0.31750 -0.30800
v -0.10000 -0.31650 -0.30800
v -0.10000 -0.31550 -0.30800
v -0.10000 -0.31450 -0.30800
v -0.10000 -0.31350 -0.30800
v -0.10000 -0.01750 -0.30800
v -0.10000 -0.01650 -0.30800
v -0.10000 0.31550 -0.30800
v -0.10000 0.31650 -0.30800
v -0.10000 -0.31350 -0.30700
v -0.10000 -0.31250 -0.30700
v -0.10000 0.31650 -0.30700
v -0.10000 -0.31250 -0.30600
v -0.10000 -0.31250 0.30500
v -0.10000 -0.31250 0.30600
v -0.10000 0.31650 0.30600
v -0.10000 -0.31450 0.30700
v -0.10000 -0.31350 0.30700
v -0.10000 -0.01650 0.30700
v -0.10000 0.31650 0.30700
v -0.10000 -0.31750 0.30800
v -0.10000 -0.31650 0.30800
v -0.10000 -0.31550 0.30800
v -0.10000 -0.04450 0.30800
v -0.10000 -0.01750 0.30800
v -0.10000 0.31550 0.30800
v -0.10100 0.01650 -0.31200
v -0.10100 0.01550 -0.31100
v -0.10100 0.01650 -0.31100
v -0.10100 -0.31950 -0.31000
v -0.10100 -0.31850 -0.31000
v -0.10100 0.01450 -0.31000
v -0.10100 0.01550 -0.31000
v -0.10100 -0.31850 -0.30900
v -0.10100 0.01450 -0.30900
v -0.10100 0.28250 -0.30900
v -0.10100 0.31350 -0.30900
v -0.10100 0.31450 -0.30900
v -0.10100 0.31450 0.30800
v -0.10100 -0.31850 0.30900
v -0.10100 0.01450 0.30900
v -0.10100 0.28250 0.30900
v -0.10100 0.31350 0.30900
v -0.10100 -0.31950 0.31000
v -0.10100 0.01550 0.31000
v -0.10100 0.01650 0.31100
v -0.10200 -0.06550 -0.31300
v -0.10200 -0.06550 0.31200
v -0.10300 -0.31950 -0.31700
v -0.10300 -0.31950 0.31700
v -0.10400 -0.31650 -0.32000
v -0.10400 -0.31850 -0.31900
v -0.10400 -0.31750 -0.31900
v -0.10400 -0.31850 -0.31800
v -0.10400 -0.31850 0.31800
v -0.10400 -0.31750 0.31900
v -0.11600 0.04350 -0.50200
v -0.11600 0.29450 -0.50200
v -0.11600 -0.29650 -0.50100
v -0.11600 -0.04250 -0.50100
v -0.12300 -0.01850 -0.09000
v -0.12300 -0.01850 0.08900
v -0.12500 -0.01850 -0.09100
v -0.12500 -0.01850 0.09000
v -0.12700 -0.07350 -0.09300
v -0.12800 -0.08250 -0.09300
v -0.12800 -0.07350 -0.09300
v -0.12800 0.01050 -0.09300
v -0.12800 -0.08250 0.09200
v -0.12800 -0.07350 0.09200
v -0.12800 0.01050 0.09200
v -0.13800 0.04050 0.49200
v -0.13800 0.29750 0.49200
v -0.13900 0.04350 0.49500
v -0.13900 0.29450 0.49500
v -0.14400 -0.01850 -0.04700
v -0.14400 -0.01850 0.04600
v -0.14600 -0.01850 -0.04800
v -0.14600 -0.01850 0.04700
v -0.14800 -0.01650 -0.04800
v -0.14800 -0.01650 0.04800
v -0.14900 -0.07350 -0.04900
v -0.15000 -0.08250 -0.04900
v -0.15000 -0.07350 -0.04900
v -0.15000 0.01050 -0.04900
v -0.15000 -0.08250 0.04800
v -0.15000 -0.07350 0.04800
v -0.15000 0.01050 0.04800
v -0.15200 -0.01850 0.00000
v -0.15300 -0.12450 -0.21100
v -0.15300 0.06150 -0.21100
v -0.15300 -0.12450 0.21000
v -0.15300 0.06150 0.21000
v -0.15400 -0.01850 0.00000
v -0.15500 0.06250 -0.21400
v -0.15500 -0.12650 -0.21300
v -0.15500 0.06250 -0.21300
v -0.15500 -0.12650 0.21300
v -0.15500 0.06250 0.21300
v -0.15600 -0.12650 -0.21500
v -0.15600 -0.01650 0.00000
v -0.15600 -0.12650 0.21500
v -0.15700 0.06450 -0.21600
v -0.15800 -0.12850 -0.21800
v -0.15800 0.06550 -0.21800
v -0.15800 -0.12850 -0.21700
v -0.15800 0.06550 -0.21700
v -0.15800 -0.08250 0.00000
v -0.15800 -0.07350 0.00000
v -0.15800 0.01050 0.00000
v -0.15800 -0.12850 0.21700
v -0.15800 0.06550 0.21700
v -0.15900 -0.13150 -0.21900
v -0.15900 -0.13050 -0.21900
v -0.15900 -0.12950 -0.21900
v -0.15900 0.06650 -0.21900
v -0.15900 0.06750 -0.21900
v -0.15900 0.06850 -0.21900
v -0.15900 -0.12950 -0.21800
v -0.15900 0.06650 -0.21800
v -0.15900 -0.12950 0.21800
v -0.15900 0.06650 0.21800
v -0.15900 -0.13150 0.21900
v -0.15900 -0.13050 0.21900
v -0.15900 0.06750 0.21900
v -0.15900 0.06850 0.21900
v -0.16000 0.29750 -0.48600
v -0.16000 -0.13750 -0.22100
v -0.16000 0.07650 -0.22100
v -0.16000 -0.13750 -0.22000
v -0.16000 -0.13650 -0.22000
v -0.16000 -0.13150 -0.22000
v -0.16000 0.06950 -0.22000
v -0.16000 0.07550 -0.22000
v -0.16000 0.07650 -0.22000
v -0.16000 -0.13750 0.21900
v -0.16000 -0.13150 0.21900
v -0.16000 0.06950 0.21900
v -0.16000 0.07550 0.21900
v -0.16000 0.07650 0.21900
v -0.16000 -0.13750 0.22000
v -0.16000 0.07650 0.22000
v -0.16100 0.04350 -0.49000
v -0.16100 0.29450 -0.49000
v -0.16100 -0.29650 -0.48800
v -0.16100 0.04250 -0.48800
v -0.16100 -0.28350 -0.22200
v -0.16100 -0.28250 -0.22200
v -0.16100 -0.22050 -0.22200
v -0.16100 -0.20050 -0.22200
v -0.16100 -0.17150 -0.22200
v -0.16100 -0.16550 -0.22200
v -0.16100 -0.16450 -0.22200
v -0.16100 -0.13750 -0.22100
v -0.16100 0.07550 -0.22100
v -0.16100 -0.28250 0.22100
v -0.16100 -0.17250 0.22100
v -0.16100 -0.16450 0.22100
v -0.16100 -0.16350 0.22100
v -0.16100 -0.13950 0.22100
v -0.16100 -0.13750 0.22100
v -0.16100 0.07550 0.22100
v -0.16100 -0.28350 0.22200
v -0.16100 -0.20050 0.22200
v -0.16100 -0.17150 0.22200
v -0.16100 -0.16550 0.22200
v -0.16200 -0.28450 -0.22300
v -0.16200 -0.21950 -0.22300
v -0.16200 -0.21750 -0.22300
v -0.16200 -0.20350 -0.22300
v -0.16200 -0.20150 -0.22300
v -0.16200 -0.17050 -0.22300
v -0.16200 -0.16650 -0.22300
v -0.16200 -0.28350 -0.22200
v -0.16200 -0.17050 -0.22200
v -0.16200 -0.16650 -0.22200
v -0.16200 -0.28450 0.22200
v -0.16200 -0.28350 0.22200
v -0.16200 -0.17050 0.22200
v -0.16200 -0.16650 0.22200
v -0.16300 -0.21650 -0.22400
v -0.16400 -0.20750 -0.22600
v -0.16400 -0.20750 0.22500
v -0.16500 -0.16850 -0.22700
v -0.16500 -0.16850 0.22600
v -0.16600 -0.20850 0.22900
v -0.16800 -0.21050 -0.23100
v -0.16800 -0.06250 -0.23100
v -0.16800 -0.03750 -0.23100
v -0.16800 -0.21050 0.23000
v -0.16800 -0.06250 0.23100
v -0.16800 -0.03650 0.23100
v -0.16900 -0.03550 -0.23300
v -0.16900 -0.06450 -0.23200
v -0.16900 -0.03550 -0.23200
v -0.16900 -0.03550 0.23100
v -0.16900 -0.06450 0.23200
v -0.16900 -0.03550 0.23200
v -0.17000 -0.03450 -0.23400
v -0.17000 -0.01550 -0.23400
v -0.17000 0.05250 -0.23400
v -0.17000 0.05350 -0.23400
v -0.17000 0.05450 -0.23400
v -0.17000 0.05550 -0.23400
v -0.17000 -0.03450 -0.23300
v -0.17000 0.05650 -0.23300
v -0.17000 -0.03450 0.23300
v -0.17000 0.05450 0.23300
v -0.17000 0.05550 0.23300
v -0.17000 0.05650 0.23300
v -0.17000 -0.03450 0.23400
v -0.17000 -0.01550 0.23400
v -0.17000 0.05250 0.23400
v -0.17000 0.05350 0.23400
v -0.17100 0.03050 -0.23600
v -0.17100 0.03150 -0.23500
v -0.17100 0.03250 -0.23500
v -0.17100 0.05250 -0.23500
v -0.17100 0.03250 0.23400
v -0.17100 0.05150 0.23400
v -0.17100 0.05250 0.23400
v -0.17100 0.03050 0.23500
v -0.17100 0.03150 0.23500
v -0.17200 0.03050 -0.23700
v -0.17200 0.03050 0.23600
v -0.17400 -0.28950 -0.24000
v -0.17400 -0.28850 -0.24000
v -0.17400 0.31450 -0.24000
v -0.17400 -0.28850 0.23800
v -0.17400 -0.28950 0.23900
v -0.17400 -0.28850 0.23900
v -0.17400 0.31350 0.23900
v -0.17400 0.31450 0.24000
v -0.17500 -0.31050 -0.24100
v -0.17500 -0.29050 -0.24100
v -0.17500 0.31550 -0.24100
v -0.17500 0.31650 -0.24100
v -0.17500 -0.28950 -0.24000
v -0.17500 0.31550 -0.24000
v -0.17500 -0.30950 0.24000
v -0.17500 -0.29050 0.24000
v -0.17500 -0.28950 0.24000
v -0.17500 0.31550 0.24000
v -0.17500 0.31650 0.24000
v -0.17500 -0.31050 0.24100
v -0.17600 -0.31150 -0.24300
v -0.17600 -0.31150 -0.24200
v -0.17600 0.31650 -0.24100
v -0.17600 -0.31150 0.24100
v -0.17600 0.31650 0.24100
v -0.17600 -0.31150 0.24200
v -0.17700 -0.31250 -0.24300
v -0.17700 -0.31250 0.24300
v -0.18200 0.04050 0.47800
v -0.18200 0.29750 0.47800
v -0.18300 0.29450 0.48100
v -0.18400 0.02950 -0.25300
v -0.18400 0.02950 0.25300
v -0.18500 0.02850 -0.25500
v -0.18500 0.02850 -0.25400
v -0.18500 0.02950 -0.25400
v -0.18500 0.02750 0.25400
v -0.18500 0.02850 0.25400
v -0.18500 0.02650 0.25500
v -0.18600 0.01550 -0.25700
v -0.18600 0.01550 -0.25600
v -0.18600 0.01650 -0.25600
v -0.18600 0.01650 -0.25500
v -0.18600 0.01650 0.25500
v -0.18600 0.01550 0.25600
v -0.18700 0.01450 -0.25700
v -0.18700 0.01450 0.25700
v -0.18800 -0.31250 -0.25900
v -0.18900 -0.31250 -0.26000
v -0.18900 -0.31250 0.26000
v -0.18900 0.31650 0.26000
v -0.19000 -0.31750 -0.26200
v -0.19000 -0.31650 -0.26200
v -0.19000 -0.31550 -0.26200
v -0.19000 -0.31450 -0.26200
v -0.19000 0.31550 -0.26200
v -0.19000 -0.31350 -0.26100
v -0.19000 -0.01650 -0.26100
v -0.19000 0.31650 -0.26100
v -0.19000 -0.31350 0.26000
v -0.19000 0.31650 0.26000
v -0.19000 -0.31650 0.26100
v -0.19000 -0.31550 0.26100
v -0.19000 -0.31450 0.26100
v -0.19000 -0.31350 0.26100
v -0.19000 -0.01750 0.26100
v -0.19000 -0.01650 0.26100
v -0.19000 0.31550 0.26100
v -0.19000 0.31650 0.26100
v -0.19000 -0.31750 0.26200
v -0.19100 -0.31850 -0.26300
v -0.19100 0.01450 -0.26300
v -0.19100 0.28250 -0.26300
v -0.19100 0.31350 -0.26300
v -0.19100 -0.31850 -0.26200
v -0.19100 -0.04450 -0.26200
v -0.19100 -0.01850 -0.26200
v -0.19100 0.31450 -0.26200
v -0.19100 0.31550 -0.26200
v -0.19100 -0.31850 0.26200
v -0.19100 -0.04450 0.26200
v -0.19100 -0.01850 0.26200
v -0.19100 0.28250 0.26200
v -0.19100 0.31350 0.26200
v -0.19100 0.31450 0.26200
v -0.19100 0.31550 0.26200
v -0.19100 -0.31850 0.26300
v -0.19100 0.01450 0.26300
v -0.19200 0.01650 -0.26500
v -0.19200 -0.31950 -0.26400
v -0.19200 0.01550 -0.26400
v -0.19200 -0.31950 0.26300
v -0.19200 0.01550 0.26300
v -0.19200 0.01550 0.26400
v -0.19200 0.01650 0.26400
v -0.19300 -0.06550 -0.26600
v -0.19300 0.01750 -0.26500
v -0.19300 0.01750 0.26400
v -0.19300 -0.06550 0.26500
v -0.19600 -0.31950 -0.27000
v -0.19600 -0.31850 -0.27000
v -0.19600 -0.31950 0.26900
v -0.19600 -0.31850 0.27000
v -0.19700 -0.31650 -0.27200
v -0.19700 -0.31850 -0.27100
v -0.19700 -0.31750 -0.27100
v -0.19700 -0.31850 0.27000
v -0.19700 -0.31750 0.27100
v -0.20400 0.04250 -0.47100
v -0.20400 0.04050 -0.47000
v -0.20400 0.29750 -0.47000
v -0.20500 0.04350 -0.47300
v -0.20500 0.29450 -0.47300
v -0.21200 -0.12250 -0.15400
v -0.21200 0.05850 -0.15400
v -0.21200 -0.12250 0.15400
v -0.21200 0.05850 0.15400
v -0.21400 -0.12650 -0.15600
v -0.21400 0.06250 -0.15600
v -0.21400 -0.12650 -0.15500
v -0.21400 0.06250 -0.15500
v -0.21400 -0.12650 0.15500
v -0.21400 0.06250 0.15500
v -0.21500 -0.12650 -0.15700
v -0.21500 -0.12650 0.15600
v -0.21700 0.06450 -0.15800
v -0.21700 0.06450 0.15700
v -0.21800 -0.12850 -0.15900
v -0.21800 0.06550 -0.15900
v -0.21800 -0.12850 -0.15800
v -0.21800 0.06450 -0.15800
v -0.21800 -0.12850 0.15800
v -0.21800 0.06450 0.15800
v -0.21800 0.06550 0.15800
v -0.21900 -0.13050 -0.16000
v -0.21900 0.06750 -0.16000
v -0.21900 -0.12950 -0.15900
v -0.21900 0.06650 -0.15900
v -0.21900 -0.12950 0.15800
v -0.21900 0.06650 0.15800
v -0.21900 -0.13050 0.15900
v -0.21900 -0.12950 0.15900
v -0.21900 0.06650 0.15900
v -0.21900 0.06750 0.15900
v -0.22000 -0.13750 -0.16000
v -0.22000 -0.13150 -0.16000
v -0.22000 0.06850 -0.16000
v -0.22000 0.06950 -0.16000
v -0.22000 0.07550 -0.16000
v -0.22000 0.07650 -0.16000
v -0.22000 -0.13750 0.15900
v -0.22000 -0.13150 0.15900
v -0.22000 0.06850 0.15900
v -0.22000 0.07550 0.15900
v -0.22000 -0.13750 0.16000
v -0.22000 0.07650 0.16000
v -0.22100 -0.13750 -0.16100
v -0.22100 0.07550 -0.16100
v -0.22100 0.07650 -0.16100
v -0.22100 -0.13750 -0.16000
v -0.22100 0.07650 -0.16000
v -0.22100 -0.13750 0.16000
v -0.22100 0.07550 0.16000
v -0.22100 0.07650 0.16000
v -0.22200 -0.28350 -0.16200
v -0.22200 -0.22050 -0.16200
v -0.22200 -0.20050 -0.16200
v -0.22200 -0.17150 -0.16200
v -0.22200 -0.16550 -0.16200
v -0.22200 -0.28250 -0.16100
v -0.22200 -0.17250 -0.16100
v -0.22200 -0.16450 -0.16100
v -0.22200 -0.28350 0.16100
v -0.22200 -0.28250 0.16100
v -0.22200 -0.22050 0.16100
v -0.22200 -0.20050 0.16100
v -0.22200 -0.17150 0.16100
v -0.22200 -0.16550 0.16100
v -0.22200 -0.16450 0.16100
v -0.22200 -0.13950 0.16100
v -0.22300 -0.28450 -0.16200
v -0.22300 -0.28350 -0.16200
v -0.22300 -0.21950 -0.16200
v -0.22300 -0.20150 -0.16200
v -0.22300 -0.17050 -0.16200
v -0.22300 -0.16650 -0.16200
v -0.22300 -0.28350 0.16100
v -0.22300 -0.21950 0.16100
v -0.22300 -0.17050 0.16100
v -0.22300 -0.16650 0.16100
v -0.22300 -0.28450 0.16200
v -0.22300 -0.16650 0.16200
v -0.22400 -0.28450 -0.16300
v -0.22400 -0.21750 -0.16300
v -0.22400 -0.21650 -0.16300
v -0.22400 -0.20550 -0.16300
v -0.22400 -0.20350 -0.16300
v -0.22400 -0.21750 0.16200
v -0.22400 -0.20350 0.16200
v -0.22400 -0.28450 0.16300
v -0.22500 0.04050 0.45900
v -0.22500 0.29750 0.45900
v -0.22600 -0.20750 -0.16400
v -0.22600 -0.16950 0.16300
v -0.22600 -0.20750 0.16400
v -0.22600 -0.29650 0.46100
v -0.22600 -0.04250 0.46100
v -0.22700 -0.16850 -0.16500
v -0.22700 -0.16850 0.16400
v -0.22900 -0.20850 -0.16700
v -0.23100 -0.21050 -0.16800
v -0.23100 -0.06250 -0.16800
v -0.23100 -0.21050 0.16800
v -0.23200 -0.06450 -0.16900
v -0.23200 -0.03650 -0.16900
v -0.23200 -0.03550 -0.16900
v -0.23200 -0.06450 0.16800
v -0.23200 -0.03650 0.16800
v -0.23200 -0.03550 0.16800
v -0.23300 -0.03550 -0.16900
v -0.23300 -0.03550 0.16900
v -0.23400 -0.03450 -0.17000
v -0.23400 0.05450 -0.17000
v -0.23400 0.05550 -0.17000
v -0.23400 0.05650 -0.17000
v -0.23400 -0.03450 0.16900
v -0.23400 0.05650 0.16900
v -0.23400 0.05450 0.17000
v -0.23400 0.05550 0.17000
v -0.23500 -0.03450 -0.17100
v -0.23500 -0.01550 -0.17100
v -0.23500 0.03250 -0.17100
v -0.23500 0.05150 -0.17100
v -0.23500 0.05250 -0.17100
v -0.23500 0.05350 -0.17000
v -0.23500 -0.03450 0.17000
v -0.23500 -0.01550 0.17000
v -0.23500 0.03250 0.17000
v -0.23500 0.05150 0.17000
v -0.23500 0.05250 0.17000
v -0.23500 0.05350 0.17000
v -0.23500 0.03250 0.17100
v -0.23600 0.03050 -0.17100
v -0.23600 0.03150 -0.17100
v -0.23600 0.03050 0.17100
v -0.23600 0.03150 0.17100
v -0.23800 0.03050 -0.17300
v -0.23900 -0.28850 0.17300
v -0.24000 -0.28950 -0.17500
v -0.24000 0.31450 -0.17500
v -0.24000 -0.28850 -0.17400
v -0.24000 -0.28950 0.17400
v -0.24000 -0.28850 0.17400
v -0.24000 0.31350 0.17400
v -0.24000 0.31450 0.17400
v -0.24100 -0.31050 -0.17500
v -0.24100 -0.29050 -0.17500
v -0.24100 -0.28950 -0.17500
v -0.24100 0.31550 -0.17500
v -0.24100 0.31650 -0.17500
v -0.24100 -0.28950 0.17400
v -0.24100 0.31550 0.17400
v -0.24100 -0.31050 0.17500
v -0.24100 -0.30950 0.17500
v -0.24100 -0.29050 0.17500
v -0.24100 0.31550 0.17500
v -0.24100 0.31650 0.17500
v -0.24200 -0.31150 -0.17600
v -0.24200 -0.31050 -0.17600
v -0.24200 0.31650 -0.17600
v -0.24200 -0.31150 0.17500
v -0.24200 -0.31050 0.17500
v -0.24200 -0.31150 0.17600
v -0.24300 -0.31150 -0.17700
v -0.24300 -0.31150 0.17600
v -0.24400 -0.31250 -0.17700
v -0.24400 -0.31250 0.17700
v -0.24600 -0.29650 -0.45100
v -0.24600 0.04050 -0.44900
v -0.24700 0.29450 -0.45200
v -0.24800 -0.12450 -0.08100
v -0.24800 0.06150 -0.08100
v -0.24800 -0.12450 0.08000
v -0.24800 0.06150 0.08000
v -0.25100 -0.12650 -0.08200
v -0.25100 0.06250 -0.08200
v -0.25100 -0.12650 0.08100
v -0.25100 0.06250 0.08100
v -0.25300 -0.12650 -0.08200
v -0.25300 -0.12650 0.08200
v -0.25400 0.02950 -0.18500
v -0.25400 0.02950 -0.18400
v -0.25400 0.06450 -0.08300
v -0.25400 0.06450 0.08200
v -0.25400 0.02950 0.18400
v -0.25500 0.02750 -0.18600
v -0.25500 0.02850 -0.18500
v -0.25500 -0.12850 -0.08300
v -0.25500 0.06450 -0.08300
v -0.25500 -0.12850 0.08300
v -0.25500 0.06450 0.08300
v -0.25500 0.02750 0.18500
v -0.25500 0.02850 0.18500
v -0.25600 0.01550 -0.18600
v -0.25600 0.01650 -0.18600
v -0.25600 -0.12850 -0.08300
v -0.25600 0.06550 -0.08300
v -0.25600 -0.12850 0.08300
v -0.25600 0.01650 0.18500
v -0.25600 0.01550 0.18600
v -0.25600 0.01650 0.18600
v -0.25700 0.01450 -0.18700
v -0.25700 0.01550 -0.18700
v -0.25700 -0.12950 -0.08400
v -0.25700 0.06650 -0.08400
v -0.25700 -0.12950 0.08300
v -0.25700 0.06650 0.08300
v -0.25700 0.01550 0.18600
v -0.25700 0.01450 0.18700
v -0.25800 -0.13750 -0.08400
v -0.25800 -0.13150 -0.08400
v -0.25800 -0.13050 -0.08400
v -0.25800 0.06750 -0.08400
v -0.25800 0.06850 -0.08400
v -0.25800 0.07550 -0.08400
v -0.25800 0.07650 -0.08400
v -0.25800 -0.13150 0.08300
v -0.25800 -0.13050 0.08300
v -0.25800 0.06750 0.08300
v -0.25800 0.06950 0.08300
v -0.25800 -0.13750 0.08400
v -0.25800 0.07550 0.08400
v -0.25800 0.07650 0.08400
v -0.25900 -0.13750 -0.08400
v -0.25900 0.07650 -0.08400
v -0.25900 -0.13750 0.08400
v -0.25900 0.07650 0.08400
v -0.26000 -0.31250 -0.18900
v -0.26000 -0.13750 -0.08500
v -0.26000 0.07550 -0.08500
v -0.26000 -0.13750 0.08400
v -0.26000 -0.31250 0.18900
v -0.26100 -0.31350 -0.19000
v -0.26100 -0.31250 -0.19000
v -0.26100 -0.01650 -0.19000
v -0.26100 0.31650 -0.19000
v -0.26100 -0.28350 -0.08500
v -0.26100 -0.28250 -0.08500
v -0.26100 -0.22050 -0.08500
v -0.26100 -0.20050 -0.08500
v -0.26100 -0.17250 -0.08500
v -0.26100 -0.17150 -0.08500
v -0.26100 -0.17050 -0.08500
v -0.26100 -0.16650 -0.08500
v -0.26100 -0.16350 -0.08500
v -0.26100 -0.28350 0.08400
v -0.26100 -0.28250 0.08400
v -0.26100 -0.22050 0.08400
v -0.26100 -0.20050 0.08400
v -0.26100 -0.17350 0.08400
v -0.26100 -0.16450 0.08400
v -0.26100 -0.28350 0.08500
v -0.26100 -0.17050 0.08500
v -0.26100 -0.16650 0.08500
v -0.26100 -0.16550 0.08500
v -0.26100 -0.31350 0.18900
v -0.26100 -0.31250 0.18900
v -0.26100 -0.01650 0.18900
v -0.26100 0.31650 0.18900
v -0.26200 -0.31750 -0.19100
v -0.26200 -0.31650 -0.19100
v -0.26200 -0.31550 -0.19100
v -0.26200 -0.01750 -0.19100
v -0.26200 0.31550 -0.19100
v -0.26200 -0.31450 -0.19000
v -0.26200 -0.31350 -0.19000
v -0.26200 -0.01650 -0.19000
v -0.26200 0.31650 -0.19000
v -0.26200 -0.28450 -0.08500
v -0.26200 -0.21950 -0.08500
v -0.26200 -0.21750 -0.08500
v -0.26200 -0.20350 -0.08500
v -0.26200 -0.20150 -0.08500
v -0.26200 -0.17050 -0.08500
v -0.26200 -0.16650 -0.08500
v -0.26200 -0.12250 0.00000
v -0.26200 0.05850 0.00000
v -0.26200 -0.28450 0.08500
v -0.26200 -0.21950 0.08500
v -0.26200 -0.21750 0.08500
v -0.26200 -0.20150 0.08500
v -0.26200 -0.17050 0.08500
v -0.26200 -0.16650 0.08500
v -0.26200 -0.31750 0.19000
v -0.26200 -0.31650 0.19000
v -0.26200 -0.31550 0.19000
v -0.26200 -0.31450 0.19000
v -0.26200 -0.31350 0.19000
v -0.26200 -0.01850 0.19000
v -0.26200 -0.01650 0.19000
v -0.26200 0.31550 0.19000
v -0.26200 0.31650 0.19000
v -0.26300 0.01450 -0.19200
v -0.26300 -0.31850 -0.19100
v -0.26300 -0.04450 -0.19100
v -0.26300 0.28250 -0.19100
v -0.26300 0.31350 -0.19100
v -0.26300 0.31550 -0.19100
v -0.26300 -0.28450 -0.08600
v -0.26300 -0.28450 0.08500
v -0.26300 -0.31850 0.19000
v -0.26300 -0.04450 0.19000
v -0.26300 0.31450 0.19000
v -0.26300 0.31550 0.19000
v -0.26300 -0.31850 0.19100
v -0.26300 0.01450 0.19100
v -0.26300 0.28250 0.19100
v -0.26300 0.31350 0.19100
v -0.26400 -0.31950 -0.19200
v -0.26400 0.01550 -0.19200
v -0.26400 -0.20550 -0.08600
v -0.26400 -0.12650 0.00000
v -0.26400 0.06250 0.00000
v -0.26400 -0.21650 0.08500
v -0.26400 -0.31950 0.19100
v -0.26400 0.01550 0.19100
v -0.26500 0.01650 -0.19300
v -0.26500 0.01750 -0.19300
v -0.26500 -0.31950 -0.19200
v -0.26500 0.01550 -0.19200
v -0.26500 -0.12650 0.00000
v -0.26500 0.06250 0.00000
v -0.26500 -0.16950 0.08600
v -0.26500 0.01550 0.19200
v -0.26500 0.01650 0.19200
v -0.26600 -0.06550 -0.19300
v -0.26600 -0.16850 -0.08700
v -0.26600 -0.12650 0.00000
v -0.26600 -0.16850 0.08600
v -0.26600 -0.06550 0.19300
v -0.26600 0.04050 0.43700
v -0.26600 0.29750 0.43700
v -0.26700 -0.29650 0.43800
v -0.26700 -0.04250 0.43800
v -0.26800 0.06450 0.00000
v -0.26900 -0.20850 -0.08800
v -0.26900 -0.12850 0.00000
v -0.26900 0.06450 0.00000
v -0.27000 -0.31950 -0.19600
v -0.27000 -0.12950 0.00000
v -0.27000 -0.12850 0.00000
v -0.27000 0.06550 0.00000
v -0.27000 0.06650 0.00000
v -0.27000 -0.31950 0.19600
v -0.27100 -0.31850 -0.19700
v -0.27100 -0.21050 -0.08800
v -0.27100 -0.13150 0.00000
v -0.27100 -0.13050 0.00000
v -0.27100 -0.12950 0.00000
v -0.27100 0.06650 0.00000
v -0.27100 0.06750 0.00000
v -0.27100 0.06850 0.00000
v -0.27100 -0.21050 0.08800
v -0.27100 -0.31850 0.19600
v -0.27100 -0.31850 0.19700
v -0.27200 -0.31750 -0.19800
v -0.27200 -0.31650 -0.19800
v -0.27200 -0.03650 -0.08900
v -0.27200 -0.06250 -0.08800
v -0.27200 -0.13750 0.00000
v -0.27200 -0.13150 0.00000
v -0.27200 0.06950 0.00000
v -0.27200 0.07550 0.00000
v -0.27200 0.07650 0.00000
v -0.27200 -0.03650 0.08800
v -0.27200 -0.31750 0.19700
v -0.27300 -0.06450 -0.08900
v -0.27300 -0.03550 -0.08900
v -0.27300 -0.13750 0.00000
v -0.27300 0.07650 0.00000
v -0.27300 -0.06450 0.08800
v -0.27300 -0.03550 0.08800
v -0.27400 -0.03450 -0.08900
v -0.27400 0.05650 -0.08900
v -0.27400 -0.28250 0.00000
v -0.27400 -0.17350 0.00000
v -0.27400 -0.16350 0.00000
v -0.27400 -0.13750 0.00000
v -0.27400 -0.03450 0.08900
v -0.27500 -0.03450 -0.09000
v -0.27500 -0.01550 -0.09000
v -0.27500 0.05350 -0.09000
v -0.27500 0.05450 -0.09000
v -0.27500 0.05550 -0.08900
v -0.27500 -0.28350 0.00000
v -0.27500 -0.22050 0.00000
v -0.27500 -0.21950 0.00000
v -0.27500 -0.20150 0.00000
v -0.27500 -0.20050 0.00000
v -0.27500 -0.17250 0.00000
v -0.27500 -0.17050 0.00000
v -0.27500 -0.16650 0.00000
v -0.27500 -0.16450 0.00000
v -0.27500 -0.03450 0.08900
v -0.27500 -0.01550 0.08900
v -0.27500 0.05350 0.08900
v -0.27500 0.05450 0.08900
v -0.27500 0.05550 0.08900
v -0.27600 0.03250 -0.09000
v -0.27600 0.05150 -0.09000
v -0.27600 0.05250 -0.09000
v -0.27600 -0.28450 0.00000
v -0.27600 -0.21750 0.00000
v -0.27600 -0.17050 0.00000
v -0.27600 -0.16650 0.00000
v -0.27600 0.03250 0.08900
v -0.27600 0.05150 0.08900
v -0.27600 0.05250 0.08900
v -0.27700 0.03050 -0.09000
v -0.27700 0.03150 -0.09000
v -0.27700 -0.28450 0.00000
v -0.27700 0.03050 0.09000
v -0.27700 0.03150 0.09000
v -0.28000 -0.16850 0.00000
v -0.28000 -0.28850 0.09100
v -0.28100 -0.28850 -0.09100
v -0.28200 -0.28950 -0.09200
v -0.28200 -0.28850 -0.09200
v -0.28200 0.31550 -0.09200
v -0.28200 -0.28950 0.09100
v -0.28200 -0.28850 0.09100
v -0.28200 0.31450 0.09100
v -0.28200 0.31550 0.09100
v -0.28300 -0.31050 -0.09200
v -0.28300 -0.29050 -0.09200
v -0.28300 0.31550 -0.09200
v -0.28300 0.31650 -0.09200
v -0.28300 -0.31050 0.09200
v -0.28300 -0.29050 0.09200
v -0.28300 0.31550 0.09200
v -0.28300 0.31650 0.09200
v -0.28400 -0.31150 -0.09200
v -0.28400 -0.31050 -0.09200
v -0.28400 -0.31150 0.09200
v -0.28400 -0.31050 0.09200
v -0.28500 -0.31150 -0.09300
v -0.28500 0.31650 -0.09300
v -0.28500 -0.31150 0.09200
v -0.28600 -0.29650 -0.42700
v -0.28600 -0.04250 -0.42700
v -0.28600 -0.31250 -0.09300
v -0.28600 -0.21050 0.00000
v -0.28600 -0.03650 0.00000
v -0.28600 -0.31250 0.09300
v -0.28700 0.29450 -0.42800
v -0.28700 -0.06450 0.00000
v -0.28700 -0.03550 0.00000
v -0.28800 -0.03550 0.00000
v -0.28900 -0.03450 0.00000
v -0.28900 0.05450 0.00000
v -0.28900 0.05550 0.00000
v -0.28900 0.05650 0.00000
v -0.29000 -0.03450 0.00000
v -0.29000 -0.01550 0.00000
v -0.29000 0.05150 0.00000
v -0.29000 0.05250 0.00000
v -0.29000 0.05350 0.00000
v -0.29100 0.03150 0.00000
v -0.29100 0.03250 0.00000
v -0.29200 0.03050 0.00000
v -0.29600 -0.28850 0.00000
v -0.29700 0.02950 -0.09700
v -0.29700 -0.28950 0.00000
v -0.29700 0.31550 0.00000
v -0.29800 0.02950 -0.09700
v -0.29800 -0.31050 0.00000
v -0.29800 -0.29050 0.00000
v -0.29800 0.31550 0.00000
v -0.29800 0.31650 0.00000
v -0.29800 0.02950 0.09600
v -0.29800 0.02950 0.09700
v -0.29900 0.02850 -0.09700
v -0.29900 -0.31150 0.00000
v -0.29900 -0.31050 0.00000
v -0.29900 0.02850 0.09700
v -0.30000 0.01650 -0.09800
v -0.30000 0.02750 -0.09800
v -0.30000 -0.31150 0.00000
v -0.30000 0.01650 0.09700
v -0.30000 0.02650 0.09700
v -0.30000 0.02750 0.09700
v -0.30100 0.01550 -0.09800
v -0.30100 0.01650 -0.09800
v -0.30100 -0.31250 0.00000
v -0.30100 0.01550 0.09700
v -0.30100 0.01650 0.09700
v -0.30100 0.01550 0.09800
v -0.30200 0.01450 -0.09800
v -0.30200 0.01450 0.09800
v -0.30300 -0.29950 0.40900
v -0.30400 0.04050 0.41100
v -0.30400 0.29750 0.41100
v -0.30500 -0.31250 -0.09900
v -0.30500 -0.31250 0.09900
v -0.30500 -0.04250 0.41200
v -0.30600 -0.31250 -0.10000
v -0.30600 -0.31250 0.09900
v -0.30600 0.31650 0.09900
v -0.30600 -0.29450 0.41300
v -0.30600 0.04350 0.41300
v -0.30700 -0.31450 -0.10000
v -0.30700 -0.31350 -0.10000
v -0.30700 -0.01650 -0.10000
v -0.30700 0.31650 -0.10000
v -0.30700 -0.31350 0.09900
v -0.30700 -0.01650 0.09900
v -0.30700 0.31650 0.09900
v -0.30700 -0.31450 0.10000
v -0.30700 -0.04650 0.41400
v -0.30700 0.29250 0.41400
v -0.30800 -0.31850 -0.10000
v -0.30800 -0.31750 -0.10000
v -0.30800 -0.31650 -0.10000
v -0.30800 -0.31550 -0.10000
v -0.30800 -0.31450 -0.10000
v -0.30800 -0.04450 -0.10000
v -0.30800 -0.01750 -0.10000
v -0.30800 0.31550 -0.10000
v -0.30800 -0.31850 0.10000
v -0.30800 -0.31750 0.10000
v -0.30800 -0.31650 0.10000
v -0.30800 -0.31550 0.10000
v -0.30800 -0.31450 0.10000
v -0.30800 -0.04450 0.10000
v -0.30800 -0.01750 0.10000
v -0.30800 0.31550 0.10000
v -0.30900 -0.31850 -0.10100
v -0.30900 0.01450 -0.10100
v -0.30900 0.28250 -0.10100
v -0.30900 -0.31850 -0.10000
v -0.30900 0.31450 -0.10000
v -0.30900 -0.31850 0.10000
v -0.30900 0.01450 0.10000
v -0.30900 0.28250 0.10000
v -0.30900 0.31450 0.10000
v -0.31000 -0.31950 -0.10100
v -0.31000 0.01550 -0.10100
v -0.31000 -0.31950 0.10000
v -0.31000 0.01550 0.10000
v -0.31100 0.01550 -0.10100
v -0.31100 0.01650 -0.10100
v -0.31100 0.01550 0.10100
v -0.31100 0.01650 0.10100
v -0.31200 -0.06550 -0.10200
v -0.31200 -0.06550 0.10100
v -0.31300 0.02950 0.00000
v -0.31400 0.02950 0.00000
v -0.31500 0.02750 0.00000
v -0.31500 0.02850 0.00000
v -0.31600 0.01650 0.00000
v -0.31600 0.02650 0.00000
v -0.31700 -0.31950 -0.10300
v -0.31700 0.01550 0.00000
v -0.31700 -0.31950 0.10300
v -0.31800 -0.31850 -0.10300
v -0.31800 0.01450 0.00000
v -0.31800 -0.31850 0.10300
v -0.31900 -0.31850 -0.10400
v -0.31900 -0.31750 -0.10400
v -0.31900 -0.31850 0.10300
v -0.31900 -0.31750 0.10300
v -0.32100 -0.03950 -0.39600
v -0.32100 -0.31250 0.00000
v -0.32200 -0.31250 0.00000
v -0.32300 -0.31350 0.00000
v -0.32300 -0.01650 0.00000
v -0.32300 0.31650 0.00000
v -0.32400 -0.29650 -0.39900
v -0.32400 -0.04250 -0.39900
v -0.32400 -0.31750 0.00000
v -0.32400 -0.31650 0.00000
v -0.32400 -0.31550 0.00000
v -0.32400 -0.31450 0.00000
v -0.32400 -0.01750 0.00000
v -0.32400 0.31550 0.00000
v -0.32500 0.04350 -0.40000
v -0.32500 0.29450 -0.40000
v -0.32500 -0.31850 0.00000
v -0.32500 -0.04450 0.00000
v -0.32500 0.01450 0.00000
v -0.32500 0.28250 0.00000
v -0.32500 0.31450 0.00000
v -0.32600 -0.31950 0.00000
v -0.32600 -0.31850 0.00000
v -0.32600 0.01450 0.00000
v -0.32600 0.01550 0.00000
v -0.32700 0.01550 0.00000
v -0.32700 0.01650 0.00000
v -0.32800 0.01650 0.00000
v -0.32900 -0.06550 0.00000
v -0.33400 -0.31950 0.00000
v -0.33500 -0.31850 0.00000
v -0.33600 -0.31750 0.00000
v -0.33900 -0.29950 0.38000
v -0.33900 -0.03950 0.38000
v -0.34200 -0.29650 0.38300
v -0.34200 -0.04250 0.38300
v -0.34300 -0.29450 0.38400
v -0.34300 -0.29250 0.38400
v -0.34300 -0.04650 0.38400
v -0.34300 -0.04450 0.38400
v -0.34300 0.04350 0.38400
v -0.34300 0.04550 0.38400
v -0.34300 0.29250 0.38400
v -0.34300 0.29450 0.38400
v -0.35600 -0.29950 -0.36500
v -0.35600 -0.03950 -0.36500
v -0.35700 -0.29750 -0.36600
v -0.35700 -0.04150 -0.36600
v -0.35900 -0.29650 -0.36800
v -0.35900 -0.04250 -0.36800
v -0.36000 0.04350 -0.36900
v -0.36000 0.29450 -0.36900
v -0.37200 -0.03950 0.34700
v -0.37400 0.04050 0.34900
v -0.37400 0.29750 0.34900
v -0.37500 -0.29650 0.35000
v -0.37500 0.04250 0.35000
v -0.37600 -0.04450 0.35100
v -0.37600 0.04350 0.35100
v -0.37600 0.29450 0.35100
v -0.37700 -0.29250 0.35200
v -0.37700 0.04550 0.35200
v -0.38800 -0.29950 -0.33100
v -0.38800 -0.03950 -0.33100
v -0.38900 -0.29750 -0.33200
v -0.38900 -0.04150 -0.33200
v -0.39100 -0.29650 -0.33400
v -0.39100 -0.04250 -0.33400
v -0.40400 0.04050 0.31300
v -0.40400 0.29750 0.31300
v -0.40500 0.04250 0.31400
v -0.40500 0.29550 0.31400
v -0.40700 -0.29450 0.31500
v -0.40700 -0.04450 0.31500
v -0.40700 0.04350 0.31500
v -0.40700 0.29450 0.31500
v -0.41600 -0.29950 -0.29400
v -0.41800 0.04050 -0.29600
v -0.41800 0.29750 -0.29600
v -0.41900 -0.29650 -0.29700
v -0.41900 -0.04250 -0.29700
v -0.41900 0.29550 -0.29700
v -0.42000 0.04350 -0.29700
v -0.43100 0.04050 0.27500
v -0.43100 0.29750 0.27500
v -0.43200 -0.29650 0.27600
v -0.43200 0.04250 0.27600
v -0.43200 0.29550 0.27600
v -0.43400 -0.29450 0.27700
v -0.43400 -0.04450 0.27700
v -0.43400 0.04350 0.27700
v -0.43400 0.29450 0.27700
v -0.44300 0.04050 -0.25600
v -0.44300 0.29750 -0.25600
v -0.44400 -0.29650 -0.25700
v -0.44400 0.29550 -0.25700
v -0.44600 0.04350 -0.25800
v -0.44600 0.29450 -0.25800
v -0.45400 0.04050 0.23500
v -0.45400 0.29750 0.23500
v -0.45600 -0.29650 0.23600
v -0.45700 0.04350 0.23600
v -0.45700 0.29450 0.23600
v -0.46400 0.04050 -0.21500
v -0.46600 -0.29650 -0.21600
v -0.46600 -0.04250 -0.21600
v -0.46700 0.29450 -0.21600
v -0.47400 0.04050 0.19300
v -0.47400 0.29750 0.19300
v -0.47700 0.04350 0.19400
v -0.47700 0.29450 0.19400
v -0.48200 0.29750 -0.17200
v -0.48400 -0.29650 -0.17200
v -0.48400 -0.04250 -0.17200
v -0.48500 0.04350 -0.17300
v -0.48900 0.29750 0.14900
v -0.49100 -0.29650 0.14900
v -0.49100 -0.04250 0.14900
v -0.49200 0.04350 0.15000
v -0.49600 0.04050 -0.12700
v -0.49600 0.29750 -0.12700
v -0.49900 0.04350 -0.12800
v -0.49900 0.29450 -0.12800
v -0.50300 -0.29650 0.10400
v -0.50300 -0.04250 0.10400
v -0.50500 0.04050 -0.08200
v -0.50700 -0.29650 -0.08200
v -0.50800 0.04350 -0.08200
v -0.50800 0.29450 -0.08200
v -0.51000 -0.29650 0.05800
v -0.51000 -0.04250 0.05800
v -0.51100 0.29450 0.05800
v -0.51200 -0.29650 -0.03600
v -0.51300 -0.04250 0.01100
v -0.51400 0.04350 -0.03600
v -0.51400 0.29450 -0.03600
v -0.51500 0.04350 0.01100
v -0.51500 0.29450 0.01100
l 82 126
l 82 132
l 84 128
l 84 130
l 85 134
l 85 145
l 87 139
l 87 149
l 90 141
l 90 146
l 91 151
l 91 162
l 92 142
l 92 147
l 95 144
l 95 166
l 97 152
l 97 163
l 98 153
l 98 164
l 111 177
l 111 179
l 118 184
l 118 187
l 128 353
l 133 352
l 137 365
l 139 362
l 140 361
l 141 368
l 142 371
l 146 379
l 147 383
l 149 367
l 150 387
l 151 369
l 152 370
l 153 375
l 156 391
l 157 374
l 162 380
l 163 381
l 164 412
l 169 390
l 171 392
l 173 426
l 179 455
l 182 467
l 184 458
l 187 476
l 190 232
l 190 234
l 194 235
l 194 238
l 195 236
l 195 239
l 198 240
l 198 247
l 199 241
l 199 244
l 201 243
l 201 246
l 206 258
l 207 257
l 207 261
l 211 268
l 211 279
l 212 266
l 212 276
l 213 267
l 213 277
l 222 300
l 222 304
l 225 308
l 225 312
l 233 503
l 234 504
l 235 505
l 236 506
l 238 510
l 239 512
l 240 508
l 241 514
l 243 515
l 244 516
l 247 519
l 251 521
l 257 526
l 258 528
l 259 527
l 266 538
l 267 539
l 268 540
l 274 398
l 274 407
l 275 399
l 275 408
l 276 543
l 277 544
l 279 545
l 285 394
l 296 555
l 297 427
l 297 431
l 299 433
l 305 429
l 305 434
l 305 442
l 306 430
l 306 439
l 306 444
l 315 434
l 317 446
l 317 451
l 321 438
l 321 443
l 323 565
l 327 447
l 327 463
l 328 448
l 328 466
l 349 679
l 351 675
l 352 676
l 353 677
l 354 486
l 354 488
l 355 487
l 355 489
l 361 682
l 362 689
l 365 707
l 367 711
l 368 691
l 369 692
l 370 693
l 371 695
l 374 699
l 378 578
l 379 708
l 380 701
l 381 702
l 382 703
l 383 709
l 387 706
l 389 694
l 390 715
l 391 716
l 392 717
l 394 579
l 398 584
l 399 585
l 404 590
l 407 596
l 408 597
l 411 721
l 426 724
l 429 603
l 430 605
l 431 606
l 431 617
l 433 618
l 434 612
l 438 613
l 439 614
l 442 615
l 442 617
l 443 634
l 444 618
l 446 621
l 451 629
l 467 728
l 468 737
l 481 741
l 501 750
l 503 749
l 507 753
l 509 755
l 510 760
l 512 758
l 514 764
l 515 763
l 516 768
l 520 774
l 521 765
l 527 779
l 529 780
l 538 789
l 539 790
l 540 788
l 543 794
l 544 795
l 545 798
l 555 809
l 565 811
l 577 826
l 578 827
l 579 835
l 584 841
l 585 834
l 590 851
l 591 845
l 596 856
l 597 857
l 600 836
l 603 859
l 606 864
l 608 865
l 612 862
l 612 867
l 614 863
l 616 886
l 617 864
l 617 881
l 618 865
l 618 887
l 621 874
l 625 872
l 629 883
l 640 893
l 653 908
l 654 909
l 667 960
l 675 962
l 678 968
l 679 969
l 685 1002
l 689 977
l 691 974
l 692 982
l 693 983
l 694 984
l 695 975
l 699 980
l 701 995
l 702 996
l 703 990
l 708 994
l 709 997
l 711 1004
l 714 1001
l 715 985
l 717 989
l 721 1011
l 724 1009
l 725 1013
l 728 1016
l 731 1018
l 736 1024
l 737 1025
l 741 1023
l 750 1056
l 753 1036
l 755 1037
l 757 1053
l 760 1051
l 761 1058
l 762 1038
l 764 1039
l 767 1040
l 769 1068
l 774 1050
l 779 1071
l 780 1072
l 784 1079
l 789 1080
l 790 1081
l 791 1083
l 794 1095
l 795 1096
l 798 1097
l 808 1106
l 811 1110
l 826 1119
l 828 1141
l 833 1122
l 835 1121
l 836 1125
l 842 1123
l 845 1167
l 851 1131
l 856 1138
l 857 1139
l 859 1147
l 862 1150
l 863 1153
l 864 1165
l 865 1166
l 867 1150
l 872 1152
l 873 1153
l 874 1156
l 879 1184
l 880 1185
l 881 1159
l 883 1183
l 886 1163
l 892 1177
l 893 1179
l 897 1178
l 899 917
l 899 920
l 908 1197
l 909 1198
l 915 929
l 915 930
l 917 936
l 923 940
l 929 947
l 930 948
l 936 1042
l 940 1047
l 947 1089
l 948 1090
l 960 1463
l 964 1236
l 968 1457
l 969 1459
l 973 1239
l 975 1246
l 977 1241
l 981 1243
l 982 1244
l 983 1245
l 984 1251
l 988 1250
l 990 1442
l 991 1437
l 994 1439
l 995 1440
l 996 1441
l 997 1449
l 1001 1445
l 1002 1447
l 1004 1450
l 1008 1257
l 1009 1434
l 1010 1435
l 1011 1436
l 1013 1258
l 1016 1432
l 1018 1262
l 1023 1428
l 1024 1429
l 1025 1430
l 1029 1425
l 1035 1269
l 1036 1270
l 1037 1272
l 1038 1271
l 1040 1277
l 1042 1205
l 1047 1210
l 1053 1418
l 1056 1422
l 1058 1424
l 1060 1274
l 1068 1413
l 1072 1281
l 1078 1409
l 1079 1411
l 1080 1284
l 1081 1285
l 1082 1286
l 1083 1287
l 1088 1293
l 1089 1216
l 1090 1222
l 1095 1404
l 1096 1405
l 1101 1406
l 1106 1294
l 1122 1303
l 1123 1304
l 1131 1375
l 1138 1387
l 1139 1381
l 1141 1383
l 1143 1388
l 1144 1389
l 1146 1307
l 1147 1312
l 1150 1315
l 1152 1316
l 1153 1317
l 1156 1320
l 1159 1364
l 1160 1365
l 1163 1367
l 1165 1369
l 1166 1370
l 1175 1325
l 1176 1326
l 1177 1327
l 1178 1328
l 1184 1356
l 1185 1359
l 1189 1329
l 1190 1330
l 1197 1351
l 1198 1352
l 1205 1334
l 1205 1336
l 1213 1345
l 1216 1339
l 1222 1340
l 1236 1707
l 1239 1711
l 1241 1716
l 1243 1677
l 1244 1682
l 1245 1683
l 1246 1678
l 1250 1680
l 1251 1684
l 1257 1692
l 1262 1667
l 1269 1644
l 1270 1619
l 1272 1646
l 1273 1621
l 1274 1622
l 1277 1624
l 1281 1615
l 1284 1599
l 1285 1600
l 1286 1598
l 1287 1602
l 1293 1584
l 1303 1539
l 1304 1540
l 1307 1542
l 1312 1548
l 1315 1511
l 1317 1514
l 1320 1516
l 1324 1513
l 1325 1518
l 1326 1519
l 1327 1505
l 1328 1506
l 1329 1500
l 1330 1501
l 1336 1483
l 1336 1485
l 1339 1474
l 1340 1475
l 1343 1486
l 1345 1486
l 1349 1502
l 1350 1503
l 1361 1526
l 1362 1527
l 1364 1529
l 1365 1530
l 1367 1532
l 1369 1534
l 1370 1535
l 1375 1557
l 1380 1562
l 1387 1567
l 1388 1563
l 1389 1570
l 1404 1606
l 1405 1607
l 1406 1608
l 1409 1612
l 1411 1614
l 1415 1631
l 1418 1636
l 1419 1632
l 1425 1653
l 1426 1654
l 1428 1662
l 1429 1663
l 1430 1671
l 1432 1674
l 1435 1694
l 1437 1698
l 1438 1696
l 1440 1702
l 1441 1703
l 1442 1697
l 1448 1701
l 1449 1704
l 1450 1722
l 1453 1706
l 1455 1720
l 1458 1725
l 1460 1726
l 1463 1735
l 1474 1586
l 1475 1587
l 1483 1629
l 1483 1648
l 1486 1651
l 1488 1651
l 1502 1778
l 1503 1779
l 1505 1784
l 1506 1785
l 1509 1791
l 1510 1792
l 1511 1810
l 1513 1814
l 1514 1815
l 1516 1812
l 1526 1801
l 1527 1802
l 1529 1816
l 1530 1803
l 1532 1819
l 1534 1821
l 1535 1822
l 1536 1847
l 1539 1855
l 1540 1853
l 1542 1828
l 1548 1834
l 1551 1821
l 1552 1822
l 1557 1843
l 1558 1836
l 1562 1859
l 1563 1860
l 1569 1852
l 1586 1741
l 1587 1742
l 1599 1879
l 1600 1880
l 1601 1897
l 1602 1898
l 1606 1891
l 1607 1892
l 1612 1899
l 1614 1902
l 1615 1904
l 1617 1905
l 1619 1914
l 1621 1915
l 1624 1916
l 1629 1745
l 1631 1909
l 1632 1910
l 1636 1921
l 1637 1923
l 1639 1925
l 1645 1927
l 1651 1750
l 1653 1929
l 1654 1930
l 1655 1931
l 1661 1937
l 1662 1938
l 1667 1947
l 1670 1943
l 1671 1949
l 1674 1950
l 1676 1952
l 1678 1981
l 1682 1958
l 1683 1959
l 1684 1960
l 1687 1963
l 1690 1962
l 1692 1964
l 1693 1954
l 1696 1956
l 1697 1969
l 1698 1965
l 1701 1975
l 1702 1967
l 1703 1968
l 1704 1986
l 1706 1973
l 1709 1994
l 1710 1995
l 1713 1996
l 1714 1976
l 1715 1977
l 1716 1978
l 1720 1985
l 1722 1988
l 1725 1998
l 1726 2000
l 1735 2008
l 1741 1756
l 1742 1757
l 1745 1762
l 1745 1764
l 1750 1767
l 1756 1769
l 1757 1769
l 1764 1789
l 1767 1789
l 1778 2027
l 1779 2028
l 1791 2037
l 1792 2038
l 1793 2051
l 1799 2042
l 1800 2043
l 1801 2044
l 1802 2045
l 1808 2062
l 1810 2050
l 1810 2065
l 1814 2054
l 1815 2055
l 1815 2066
l 1816 2056
l 1817 2057
l 1819 2059
l 1821 2060
l 1821 2067
l 1822 2061
l 1822 2069
l 1828 2075
l 1836 2079
l 1841 2067
l 1847 2098
l 1852 2090
l 1853 2091
l 1856 2091
l 1859 2094
l 1860 2095
l 1879 2135
l 1880 2136
l 1891 2141
l 1892 2142
l 1897 2137
l 1898 2138
l 1899 2143
l 1900 2144
l 1904 2152
l 1905 2150
l 1909 2153
l 1914 2174
l 1915 2162
l 1919 2164
l 1921 2170
l 1923 2167
l 1925 2168
l 1927 2173
l 1928 2175
l 1931 2178
l 1937 2197
l 1938 2200
l 1940 2202
l 1943 2208
l 1948 2210
l 1949 2214
l 1950 2215
l 1952 2224
l 1953 2243
l 1954 2249
l 1958 2276
l 1959 2277
l 1960 2280
l 1962 2281
l 1963 2250
l 1964 2283
l 1966 2274
l 1967 2300
l 1968 2301
l 1969 2302
l 1976 2309
l 1977 2308
l 1978 2311
l 1980 2309
l 1981 2310
l 1985 2316
l 1986 2317
l 1988 2322
l 1992 2320
l 1993 2321
l 1994 2332
l 1995 2334
l 1996 2335
l 2000 2340
l 2006 2360
l 2023 2190
l 2024 2191
l 2027 2192
l 2028 2193
l 2037 2205
l 2042 2219
l 2043 2220
l 2047 2221
l 2048 2222
l 2050 2225
l 2050 2239
l 2051 2226
l 2054 2230
l 2055 2240
l 2057 2232
l 2059 2237
l 2060 2236
l 2061 2238
l 2062 2244
l 2065 2239
l 2066 2240
l 2067 2241
l 2069 2242
l 2070 2252
l 2075 2253
l 2079 2262
l 2090 2258
l 2090 2289
l 2091 2290
l 2094 2297
l 2095 2269
l 2097 2298
l 2098 2314
l 2105 2315
l 2124 2387
l 2125 2383
l 2135 2395
l 2136 2396
l 2137 2414
l 2138 2415
l 2141 2409
l 2142 2410
l 2144 2422
l 2147 2421
l 2148 2424
l 2150 2427
l 2153 2430
l 2154 2432
l 2162 2440
l 2164 2441
l 2166 2435
l 2170 2444
l 2173 2451
l 2175 2452
l 2180 2453
l 2190 2327
l 2191 2328
l 2192 2336
l 2193 2337
l 2197 2480
l 2200 2485
l 2202 2487
l 2208 2490
l 2209 2497
l 2210 2498
l 2219 2364
l 2220 2365
l 2221 2355
l 2222 2358
l 2225 2375
l 2226 2376
l 2230 2378
l 2231 2379
l 2232 2362
l 2236 2375
l 2237 2378
l 2239 2384
l 2240 2385
l 2241 2375
l 2241 2384
l 2242 2379
l 2242 2385
l 2243 2508
l 2247 2509
l 2248 2517
l 2251 2519
l 2252 2400
l 2253 2390
l 2259 2407
l 2262 2390
l 2267 2400
l 2268 2406
l 2273 2521
l 2274 2513
l 2276 2528
l 2277 2529
l 2279 2533
l 2280 2530
l 2282 2518
l 2284 2417
l 2289 2406
l 2290 2420
l 2297 2419
l 2298 2407
l 2300 2536
l 2301 2537
l 2302 2523
l 2303 2520
l 2307 2522
l 2309 2542
l 2309 2545
l 2310 2531
l 2311 2544
l 2314 2426
l 2315 2417
l 2317 2539
l 2319 2541
l 2320 2547
l 2321 2548
l 2322 2549
l 2332 2556
l 2340 2558
l 2360 2573
l 2383 2462
l 2387 2463
l 2395 2468
l 2396 2469
l 2409 2468
l 2410 2469
l 2414 2474
l 2415 2470
l 2421 2474
l 2422 2470
l 2424 2475
l 2427 2475
l 2431 2476
l 2432 2478
l 2435 2478
l 2436 2476
l 2440 2482
l 2444 2482
l 2451 2493
l 2453 2493
l 2477 2561
l 2480 2562
l 2485 2561
l 2487 2564
l 2490 2564
l 2491 2565
l 2497 2568
l 2501 2565
l 2502 2568
l 2508 2579
l 2509 2578
l 2512 2579
l 2516 2588
l 2517 2580
l 2518 2581
l 2519 2582
l 2520 2580
l 2521 2581
l 2522 2582
l 2526 2593
l 2528 2586
l 2529 2587
l 2531 2594
l 2533 2590
l 2536 2586
l 2537 2587
l 2538 2588
l 2539 2594
l 2541 2590
l 2544 2596
l 2547 2593
l 2548 2595
l 2549 2596
l 2556 2604
l 2558 2603
l 2570 2607
l 2575 2607
l 1 3
l 2 9
l 3 12
l 4 13
l 5 17
l 6 14
l 7 11
l 8 19
l 10 18
l 13 23
l 15 22
l 16 25
l 20 27
l 21 28
l 24 31
l 25 32
l 26 34
l 29 37
l 30 38
l 33 40
l 35 41
l 36 43
l 39 47
l 42 49
l 44 51
l 45 53
l 46 54
l 48 55
l 49 56
l 50 58
l 52 59
l 53 61
l 54 62
l 55 64
l 56 65
l 57 66
l 58 67
l 59 68
l 60 69
l 61 70
l 63 72
l 69 75
l 71 103
l 72 167
l 73 168
l 74 174
l 76 107
l 76 108
l 77 106
l 77 110
l 77 112
l 78 107
l 78 112
l 79 113
l 79 115
l 80 116
l 80 119
l 81 124
l 81 125
l 82 127
l 82 129
l 82 131
l 83 133
l 83 136
l 83 137
l 84 129
l 84 131
l 85 133
l 85 137
l 85 140
l 85 146
l 86 135
l 86 138
l 88 219
l 89 220
l 90 140
l 90 162
l 91 141
l 91 152
l 93 143
l 93 155
l 94 148
l 94 156
l 95 150
l 95 157
l 95 161
l 96 223
l 97 162
l 99 154
l 99 159
l 100 156
l 100 160
l 100 165
l 101 157
l 101 158
l 101 161
l 102 231
l 104 169
l 104 172
l 105 170
l 105 173
l 106 301
l 108 324
l 109 310
l 109 325
l 110 311
l 111 178
l 112 324
l 113 326
l 114 180
l 114 182
l 115 329
l 116 330
l 117 183
l 117 186
l 118 188
l 119 335
l 120 184
l 121 189
l 121 191
l 122 192
l 122 196
l 123 193
l 123 197
l 124 346
l 125 350
l 126 347
l 127 349
l 129 351
l 130 357
l 131 358
l 132 359
l 134 352
l 134 361
l 135 360
l 136 356
l 136 365
l 138 366
l 141 361
l 143 372
l 144 374
l 145 365
l 145 379
l 146 380
l 148 384
l 151 368
l 153 389
l 154 390
l 155 391
l 158 374
l 158 392
l 159 413
l 160 414
l 161 415
l 164 382
l 165 384
l 166 387
l 167 338
l 168 339
l 170 390
l 170 416
l 172 410
l 172 426
l 175 344
l 176 345
l 178 445
l 180 456
l 181 224
l 181 226
l 183 457
l 184 469
l 185 227
l 185 230
l 186 467
l 187 468
l 189 471
l 190 233
l 191 478
l 192 479
l 193 480
l 196 482
l 197 481
l 200 242
l 200 245
l 201 248
l 202 249
l 202 250
l 203 242
l 203 245
l 204 251
l 204 254
l 204 255
l 205 251
l 205 252
l 205 255
l 208 262
l 208 265
l 209 263
l 209 264
l 210 263
l 210 264
l 211 280
l 214 268
l 214 280
l 215 281
l 215 294
l 216 269
l 216 295
l 217 282
l 217 293
l 218 283
l 218 284
l 219 492
l 220 493
l 221 302
l 221 307
l 222 296
l 222 303
l 222 309
l 224 499
l 225 303
l 225 309
l 225 323
l 226 502
l 227 499
l 227 500
l 228 313
l 228 322
l 229 314
l 230 501
l 235 507
l 236 509
l 237 331
l 237 334
l 240 513
l 246 518
l 247 511
l 248 520
l 249 521
l 250 523
l 252 521
l 252 524
l 253 341
l 253 343
l 254 522
l 254 525
l 255 525
l 256 348
l 260 363
l 260 364
l 262 529
l 265 535
l 268 532
l 269 542
l 270 393
l 270 403
l 271 394
l 271 404
l 272 395
l 273 402
l 274 397
l 275 409
l 278 534
l 278 545
l 281 547
l 282 548
l 283 549
l 284 550
l 285 401
l 285 422
l 286 394
l 286 417
l 287 405
l 288 396
l 289 406
l 289 424
l 290 407
l 290 419
l 291 399
l 291 425
l 292 400
l 292 420
l 293 551
l 295 552
l 298 428
l 298 432
l 299 430
l 300 558
l 301 664
l 302 554
l 303 559
l 304 555
l 304 559
l 306 443
l 307 556
l 308 557
l 308 565
l 309 557
l 310 668
l 311 665
l 311 666
l 312 562
l 313 560
l 314 561
l 315 442
l 316 440
l 316 451
l 317 436
l 317 452
l 318 449
l 318 453
l 319 437
l 319 450
l 320 441
l 320 454
l 321 439
l 322 563
l 324 667
l 325 667
l 326 669
l 327 446
l 327 452
l 327 459
l 327 464
l 328 449
l 328 453
l 328 460
l 328 465
l 329 670
l 330 671
l 332 459
l 332 461
l 332 464
l 333 460
l 333 462
l 333 465
l 335 672
l 336 472
l 336 474
l 337 473
l 337 475
l 338 566
l 339 567
l 340 572
l 341 568
l 342 483
l 343 571
l 345 574
l 346 673
l 347 675
l 348 569
l 350 674
l 352 680
l 353 681
l 354 490
l 354 494
l 355 491
l 355 495
l 356 684
l 356 685
l 357 686
l 357 687
l 358 678
l 359 679
l 360 683
l 361 688
l 363 575
l 364 576
l 365 685
l 365 708
l 366 686
l 372 697
l 373 690
l 373 698
l 375 693
l 375 694
l 376 490
l 376 494
l 377 491
l 377 495
l 379 701
l 385 710
l 386 713
l 387 714
l 388 713
l 390 694
l 391 700
l 393 577
l 394 577
l 396 581
l 400 586
l 401 590
l 401 591
l 403 578
l 403 590
l 406 595
l 409 599
l 410 719
l 410 720
l 412 703
l 412 722
l 413 722
l 414 704
l 414 705
l 415 723
l 416 718
l 418 587
l 418 600
l 419 601
l 421 589
l 421 602
l 422 591
l 422 609
l 423 594
l 423 610
l 424 595
l 425 611
l 426 720
l 427 603
l 432 607
l 433 608
l 435 612
l 435 619
l 436 620
l 437 624
l 438 625
l 440 629
l 441 633
l 442 628
l 443 616
l 445 725
l 446 620
l 447 626
l 448 627
l 450 624
l 452 630
l 453 631
l 454 633
l 455 729
l 456 725
l 456 726
l 457 727
l 458 727
l 458 730
l 459 635
l 460 638
l 461 636
l 462 637
l 463 639
l 464 640
l 465 641
l 466 642
l 467 737
l 469 731
l 470 733
l 471 733
l 471 734
l 472 643
l 473 644
l 474 645
l 475 646
l 476 737
l 477 735
l 477 738
l 478 736
l 479 739
l 480 740
l 482 742
l 484 648
l 485 649
l 487 650
l 488 651
l 488 655
l 489 652
l 489 656
l 490 653
l 496 653
l 496 657
l 497 654
l 497 658
l 498 663
l 499 747
l 500 748
l 502 751
l 503 752
l 504 759
l 504 760
l 505 753
l 508 754
l 510 756
l 511 757
l 513 762
l 514 762
l 515 767
l 516 769
l 516 772
l 517 770
l 517 773
l 518 774
l 519 771
l 519 772
l 521 764
l 521 775
l 522 777
l 522 778
l 523 769
l 524 776
l 525 778
l 530 780
l 530 781
l 531 781
l 531 785
l 532 787
l 533 797
l 534 798
l 535 782
l 536 783
l 536 796
l 537 797
l 540 787
l 540 791
l 541 791
l 542 792
l 546 793
l 546 799
l 547 793
l 548 801
l 548 802
l 549 800
l 550 800
l 551 804
l 553 805
l 553 806
l 554 807
l 555 801
l 555 808
l 556 813
l 557 812
l 558 803
l 559 808
l 560 814
l 561 815
l 562 810
l 563 816
l 564 817
l 565 812
l 567 744
l 568 819
l 570 820
l 571 821
l 573 745
l 580 837
l 582 832
l 583 840
l 585 842
l 586 843
l 587 835
l 587 836
l 588 839
l 588 840
l 589 843
l 589 844
l 590 845
l 592 852
l 593 853
l 594 855
l 598 849
l 598 858
l 599 850
l 601 839
l 602 844
l 604 860
l 605 861
l 606 866
l 607 865
l 609 845
l 610 848
l 611 850
l 613 872
l 614 873
l 615 881
l 615 882
l 618 886
l 619 867
l 621 869
l 622 877
l 623 870
l 623 878
l 626 874
l 626 875
l 627 876
l 627 877
l 628 882
l 629 879
l 630 879
l 631 880
l 632 880
l 632 884
l 634 886
l 635 888
l 636 889
l 637 890
l 638 891
l 639 893
l 639 895
l 641 894
l 642 894
l 642 896
l 643 892
l 644 897
l 645 893
l 646 902
l 647 903
l 648 904
l 649 905
l 651 906
l 651 911
l 652 912
l 655 911
l 656 912
l 657 908
l 658 909
l 659 824
l 660 825
l 661 830
l 662 831
l 664 953
l 665 956
l 666 954
l 668 955
l 669 957
l 670 960
l 671 958
l 672 959
l 673 961
l 674 970
l 675 964
l 677 963
l 677 964
l 679 968
l 680 965
l 681 966
l 682 971
l 683 972
l 684 967
l 684 1002
l 686 1003
l 687 968
l 687 1003
l 688 973
l 690 978
l 691 973
l 691 981
l 696 976
l 696 986
l 697 987
l 698 978
l 699 988
l 700 987
l 702 990
l 704 998
l 705 992
l 705 999
l 706 1001
l 707 994
l 707 1002
l 708 995
l 710 998
l 712 1000
l 712 1005
l 715 984
l 715 1006
l 717 988
l 718 1006
l 718 1007
l 719 1010
l 719 1012
l 720 1010
l 722 991
l 723 993
l 726 1013
l 726 1014
l 727 1015
l 729 1017
l 730 1018
l 732 1018
l 732 1019
l 734 1020
l 735 1024
l 738 1026
l 739 1021
l 740 1022
l 742 1024
l 743 931
l 746 934
l 747 1027
l 748 1028
l 750 1029
l 751 1030
l 752 1035
l 753 1035
l 754 1038
l 756 1052
l 758 1055
l 759 1056
l 760 1052
l 760 1057
l 763 1040
l 764 1038
l 764 1060
l 765 1061
l 766 1059
l 766 1062
l 768 1068
l 768 1069
l 770 1070
l 771 1049
l 771 1053
l 772 1049
l 773 1070
l 774 1054
l 775 1063
l 776 1063
l 776 1064
l 777 1067
l 777 1068
l 778 1067
l 780 1073
l 781 1073
l 782 1077
l 782 1079
l 783 1078
l 786 1074
l 786 1082
l 788 1083
l 792 1084
l 796 1078
l 796 1099
l 798 1101
l 799 1098
l 800 1087
l 801 1088
l 802 1085
l 802 1088
l 803 1091
l 804 1092
l 806 1094
l 807 1102
l 809 1103
l 809 1106
l 810 1106
l 812 1111
l 813 1112
l 814 1104
l 815 1105
l 816 1107
l 817 1108
l 818 1114
l 819 1115
l 821 1117
l 822 1118
l 823 1145
l 825 950
l 826 1120
l 827 1141
l 829 952
l 835 1120
l 835 1124
l 836 1146
l 838 1127
l 841 1122
l 841 1128
l 843 1123
l 843 1129
l 845 1132
l 846 1168
l 847 1136
l 847 1169
l 848 1137
l 849 1170
l 851 1132
l 853 1134
l 854 1135
l 855 1137
l 858 1140
l 860 1148
l 861 1149
l 866 1171
l 868 1151
l 868 1154
l 869 1155
l 870 1157
l 871 1152
l 871 1158
l 874 1155
l 874 1172
l 875 1173
l 876 1174
l 878 1157
l 883 1161
l 883 1184
l 884 1185
l 885 1162
l 885 1186
l 887 1164
l 888 1175
l 889 1175
l 889 1177
l 890 1176
l 890 1178
l 891 1176
l 893 1181
l 894 1182
l 895 1184
l 896 1185
l 898 916
l 898 922
l 899 923
l 900 918
l 900 921
l 901 919
l 901 924
l 902 1180
l 903 1187
l 904 1188
l 905 1190
l 906 1191
l 907 1192
l 907 1194
l 910 927
l 910 928
l 913 1195
l 913 1197
l 914 1196
l 914 1198
l 916 935
l 918 938
l 919 937
l 920 940
l 921 941
l 922 939
l 924 942
l 925 943
l 926 944
l 927 945
l 928 946
l 932 1034
l 933 1031
l 935 1041
l 936 1043
l 937 1044
l 938 1043
l 939 1046
l 941 1045
l 941 1047
l 942 1048
l 943 1065
l 944 1066
l 945 1075
l 946 1076
l 949 1199
l 951 1201
l 953 1230
l 954 1230
l 955 1464
l 956 1229
l 956 1231
l 957 1232
l 958 1233
l 959 1462
l 961 1234
l 962 1236
l 963 1235
l 965 1237
l 966 1238
l 967 1454
l 967 1455
l 968 1456
l 968 1458
l 969 1458
l 969 1460
l 970 1461
l 971 1237
l 971 1239
l 972 1238
l 972 1240
l 974 1239
l 974 1243
l 976 1248
l 979 1242
l 979 1249
l 980 1250
l 984 1245
l 985 1252
l 986 1253
l 987 1253
l 989 1250
l 989 1254
l 990 1437
l 992 1443
l 992 1444
l 993 1446
l 994 1448
l 996 1442
l 999 1443
l 1000 1452
l 1001 1446
l 1001 1453
l 1002 1448
l 1002 1455
l 1003 1456
l 1005 1452
l 1006 1255
l 1007 1256
l 1012 1437
l 1013 1259
l 1014 1260
l 1015 1261
l 1017 1433
l 1019 1262
l 1020 1264
l 1021 1265
l 1022 1266
l 1026 1431
l 1027 1267
l 1028 1267
l 1028 1268
l 1030 1427
l 1032 1218
l 1033 1221
l 1036 1269
l 1038 1273
l 1039 1274
l 1041 1204
l 1042 1207
l 1043 1207
l 1044 1206
l 1045 1210
l 1045 1211
l 1046 1212
l 1047 1213
l 1048 1214
l 1049 1419
l 1050 1416
l 1051 1417
l 1053 1419
l 1054 1420
l 1055 1421
l 1057 1423
l 1059 1276
l 1061 1274
l 1061 1278
l 1062 1276
l 1063 1279
l 1064 1280
l 1066 1209
l 1067 1412
l 1068 1415
l 1069 1414
l 1069 1415
l 1073 1282
l 1074 1283
l 1074 1286
l 1075 1215
l 1076 1217
l 1077 1408
l 1084 1287
l 1085 1291
l 1086 1288
l 1087 1290
l 1091 1400
l 1092 1401
l 1093 1402
l 1094 1403
l 1097 1406
l 1098 1407
l 1099 1409
l 1100 1406
l 1100 1410
l 1102 1292
l 1103 1293
l 1104 1296
l 1106 1295
l 1107 1394
l 1109 1398
l 1111 1399
l 1112 1397
l 1113 1297
l 1115 1298
l 1116 1391
l 1117 1392
l 1120 1300
l 1121 1301
l 1122 1302
l 1124 1306
l 1125 1307
l 1126 1308
l 1127 1309
l 1128 1310
l 1129 1304
l 1130 1305
l 1130 1311
l 1132 1376
l 1133 1384
l 1134 1378
l 1136 1379
l 1138 1380
l 1140 1382
l 1142 1385
l 1142 1390
l 1148 1313
l 1149 1314
l 1151 1315
l 1152 1324
l 1154 1318
l 1158 1324
l 1161 1360
l 1161 1365
l 1162 1366
l 1164 1368
l 1167 1371
l 1169 1372
l 1170 1373
l 1171 1374
l 1172 1320
l 1173 1321
l 1173 1325
l 1174 1322
l 1174 1326
l 1179 1354
l 1180 1355
l 1181 1357
l 1182 1358
l 1183 1360
l 1184 1357
l 1184 1361
l 1185 1358
l 1185 1362
l 1186 1363
l 1191 1329
l 1192 1332
l 1193 1331
l 1194 1332
l 1196 1350
l 1197 1349
l 1198 1350
l 1199 1223
l 1200 1224
l 1202 1225
l 1203 1228
l 1204 1333
l 1206 1335
l 1207 1336
l 1208 1337
l 1209 1342
l 1210 1345
l 1211 1345
l 1212 1344
l 1214 1346
l 1215 1338
l 1217 1341
l 1219 1465
l 1220 1466
l 1223 1467
l 1224 1468
l 1225 1469
l 1226 1470
l 1227 1471
l 1228 1472
l 1229 1731
l 1231 1732
l 1231 1733
l 1232 1734
l 1233 1729
l 1234 1727
l 1235 1708
l 1236 1709
l 1237 1710
l 1238 1713
l 1239 1710
l 1239 1714
l 1240 1712
l 1240 1713
l 1242 1717
l 1243 1681
l 1243 1714
l 1247 1679
l 1247 1686
l 1248 1687
l 1249 1717
l 1250 1688
l 1251 1683
l 1252 1685
l 1253 1687
l 1254 1688
l 1254 1689
l 1255 1690
l 1256 1691
l 1259 1664
l 1260 1665
l 1261 1666
l 1263 1667
l 1264 1669
l 1265 1659
l 1266 1660
l 1267 1642
l 1268 1642
l 1268 1643
l 1269 1645
l 1270 1645
l 1271 1621
l 1272 1620
l 1274 1625
l 1275 1623
l 1275 1627
l 1278 1625
l 1278 1626
l 1279 1628
l 1280 1628
l 1282 1596
l 1283 1597
l 1286 1597
l 1286 1601
l 1288 1602
l 1289 1603
l 1289 1604
l 1290 1581
l 1291 1580
l 1292 1583
l 1293 1582
l 1295 1585
l 1296 1576
l 1297 1577
l 1298 1572
l 1299 1573
l 1300 1536
l 1301 1537
l 1302 1545
l 1303 1546
l 1305 1540
l 1306 1541
l 1308 1543
l 1309 1544
l 1310 1545
l 1311 1547
l 1313 1549
l 1314 1550
l 1316 1513
l 1318 1511
l 1319 1512
l 1319 1515
l 1321 1517
l 1322 1520
l 1323 1513
l 1323 1522
l 1325 1517
l 1325 1523
l 1326 1520
l 1326 1524
l 1330 1496
l 1333 1482
l 1334 1483
l 1335 1484
l 1338 1479
l 1341 1480
l 1342 1481
l 1344 1487
l 1345 1488
l 1346 1489
l 1347 1497
l 1348 1498
l 1348 1503
l 1353 1504
l 1354 1507
l 1355 1508
l 1356 1509
l 1356 1526
l 1357 1509
l 1358 1510
l 1359 1510
l 1359 1527
l 1360 1525
l 1363 1528
l 1366 1531
l 1368 1533
l 1370 1552
l 1371 1553
l 1372 1554
l 1373 1555
l 1374 1556
l 1376 1558
l 1377 1559
l 1379 1561
l 1381 1563
l 1382 1565
l 1383 1566
l 1385 1571
l 1386 1560
l 1392 1575
l 1393 1578
l 1394 1579
l 1395 1588
l 1396 1589
l 1397 1591
l 1398 1589
l 1399 1590
l 1400 1592
l 1401 1593
l 1402 1594
l 1403 1595
l 1406 1613
l 1407 1610
l 1408 1611
l 1410 1613
l 1413 1618
l 1414 1631
l 1414 1632
l 1416 1634
l 1417 1635
l 1418 1632
l 1420 1637
l 1421 1638
l 1422 1653
l 1423 1639
l 1425 1655
l 1427 1656
l 1429 1670
l 1431 1673
l 1433 1675
l 1435 1695
l 1439 1701
l 1441 1697
l 1442 1698
l 1444 1699
l 1444 1705
l 1445 1700
l 1445 1706
l 1446 1700
l 1447 1701
l 1447 1720
l 1451 1719
l 1451 1723
l 1454 1720
l 1454 1724
l 1456 1721
l 1457 1721
l 1457 1725
l 1459 1725
l 1459 1726
l 1461 1728
l 1462 1730
l 1464 1736
l 1465 1476
l 1466 1477
l 1467 1491
l 1468 1492
l 1470 1494
l 1471 1490
l 1473 1640
l 1478 1658
l 1479 1605
l 1480 1616
l 1481 1630
l 1482 1647
l 1484 1649
l 1487 1650
l 1489 1652
l 1492 1738
l 1493 1740
l 1495 1770
l 1496 1771
l 1497 1778
l 1498 1779
l 1499 1775
l 1500 1776
l 1501 1771
l 1504 1782
l 1505 1786
l 1506 1787
l 1507 1791
l 1508 1792
l 1512 1811
l 1515 1811
l 1516 1793
l 1518 1795
l 1519 1796
l 1521 1798
l 1521 1813
l 1522 1814
l 1523 1799
l 1524 1800
l 1525 1801
l 1528 1802
l 1530 1804
l 1530 1817
l 1531 1805
l 1533 1820
l 1537 1847
l 1537 1854
l 1538 1850
l 1538 1851
l 1540 1856
l 1541 1827
l 1543 1829
l 1544 1830
l 1546 1831
l 1549 1835
l 1550 1809
l 1553 1836
l 1554 1837
l 1555 1839
l 1556 1841
l 1557 1836
l 1557 1858
l 1561 1845
l 1564 1838
l 1564 1846
l 1565 1839
l 1566 1857
l 1566 1858
l 1568 1848
l 1568 1849
l 1572 1864
l 1574 1863
l 1575 1865
l 1576 1867
l 1578 1866
l 1579 1870
l 1580 1885
l 1581 1884
l 1582 1873
l 1583 1874
l 1584 1875
l 1585 1869
l 1588 1871
l 1590 1876
l 1591 1877
l 1592 1878
l 1593 1887
l 1594 1889
l 1595 1890
l 1596 1895
l 1597 1895
l 1597 1896
l 1598 1897
l 1602 1881
l 1603 1882
l 1604 1882
l 1605 1743
l 1608 1893
l 1609 1888
l 1609 1894
l 1610 1889
l 1611 1899
l 1613 1901
l 1614 1903
l 1616 1744
l 1620 1917
l 1622 1915
l 1622 1918
l 1624 1917
l 1624 1919
l 1625 1906
l 1626 1907
l 1627 1908
l 1631 1911
l 1632 1911
l 1632 1922
l 1633 1912
l 1633 1913
l 1634 1923
l 1635 1920
l 1635 1925
l 1636 1922
l 1638 1924
l 1641 1753
l 1642 1932
l 1643 1926
l 1647 1746
l 1648 1747
l 1649 1748
l 1650 1749
l 1652 1751
l 1656 1933
l 1657 1754
l 1659 1940
l 1660 1941
l 1663 1943
l 1664 1951
l 1665 1945
l 1666 1946
l 1667 1948
l 1668 1948
l 1669 1939
l 1672 1942
l 1672 1944
l 1673 1943
l 1675 1952
l 1677 1976
l 1680 1984
l 1681 1980
l 1685 1960
l 1685 1962
l 1686 1963
l 1688 1961
l 1689 1961
l 1689 1964
l 1691 1954
l 1691 1962
l 1695 1955
l 1698 1970
l 1699 1971
l 1699 1972
l 1700 1974
l 1701 1967
l 1703 1969
l 1705 1987
l 1706 1974
l 1706 1991
l 1707 1994
l 1708 1994
l 1708 1996
l 1711 1976
l 1711 1995
l 1712 1977
l 1712 1996
l 1718 1979
l 1719 1990
l 1720 1992
l 1721 1993
l 1723 1990
l 1724 1997
l 1725 1999
l 1726 1999
l 1727 2001
l 1728 2004
l 1729 2005
l 1729 2006
l 1730 2007
l 1731 2009
l 1732 2010
l 1733 2011
l 1734 2006
l 1735 2012
l 1736 2013
l 1737 1823
l 1739 1825
l 1743 1758
l 1744 1759
l 1746 1763
l 1747 1764
l 1748 1765
l 1749 1766
l 1751 1768
l 1752 1934
l 1755 1936
l 1758 1774
l 1759 1774
l 1760 1781
l 1761 1781
l 1763 1788
l 1765 1790
l 1766 1788
l 1768 1790
l 1772 2021
l 1772 2027
l 1773 2022
l 1773 2028
l 1775 2024
l 1776 2025
l 1777 2020
l 1777 2026
l 1780 2029
l 1783 2036
l 1784 2033
l 1785 2034
l 1786 2035
l 1787 2034
l 1792 2032
l 1792 2039
l 1794 2040
l 1794 2051
l 1795 2040
l 1795 2042
l 1796 2041
l 1796 2043
l 1797 2041
l 1797 2052
l 1798 2053
l 1801 2047
l 1802 2048
l 1803 2046
l 1803 2057
l 1804 2047
l 1805 2048
l 1806 2049
l 1807 2016
l 1809 2063
l 1809 2064
l 1812 2051
l 1813 2053
l 1818 2058
l 1820 2059
l 1820 2061
l 1823 2017
l 1824 2018
l 1826 2014
l 1827 2070
l 1828 2070
l 1829 2071
l 1830 2072
l 1831 2076
l 1832 2074
l 1833 2074
l 1833 2077
l 1834 2062
l 1837 2082
l 1838 2084
l 1840 2067
l 1840 2085
l 1842 2068
l 1842 2069
l 1843 2078
l 1843 2079
l 1844 2081
l 1846 2083
l 1846 2084
l 1847 2086
l 1848 2088
l 1849 2088
l 1850 2101
l 1851 2102
l 1854 2086
l 1854 2087
l 1855 2090
l 1857 2092
l 1857 2096
l 1858 2092
l 1861 2099
l 1861 2100
l 1862 2108
l 1863 2110
l 1864 2113
l 1865 2114
l 1867 2116
l 1868 2117
l 1870 2118
l 1872 2124
l 1873 2125
l 1874 2119
l 1875 2120
l 1875 2121
l 1876 2124
l 1877 2122
l 1878 2126
l 1881 2138
l 1882 2139
l 1882 2140
l 1883 2128
l 1883 2140
l 1884 2129
l 1885 2127
l 1886 2129
l 1886 2130
l 1887 2131
l 1888 2133
l 1889 2132
l 1889 2134
l 1890 2132
l 1893 2145
l 1894 2146
l 1895 2148
l 1896 2148
l 1897 2149
l 1899 2147
l 1901 2145
l 1902 2150
l 1903 2151
l 1906 2154
l 1907 2154
l 1907 2156
l 1908 2155
l 1910 2157
l 1911 2158
l 1912 2159
l 1913 2159
l 1913 2160
l 1914 2161
l 1914 2173
l 1916 2164
l 1917 2165
l 1918 2162
l 1918 2163
l 1920 2169
l 1921 2166
l 1922 2166
l 1923 2171
l 1924 2172
l 1925 2169
l 1925 2177
l 1926 2179
l 1929 2176
l 1929 2177
l 1931 2180
l 1932 2181
l 1933 2182
l 1935 2107
l 1939 2201
l 1939 2202
l 1941 2196
l 1941 2202
l 1942 2207
l 1944 2207
l 1945 2217
l 1945 2218
l 1946 2209
l 1947 2210
l 1949 2216
l 1950 2216
l 1950 2223
l 1951 2217
l 1954 2248
l 1955 2272
l 1957 2275
l 1960 2277
l 1961 2279
l 1962 2248
l 1962 2280
l 1963 2282
l 1965 2271
l 1965 2272
l 1970 2303
l 1971 2304
l 1972 2305
l 1973 2306
l 1974 2307
l 1975 2299
l 1975 2300
l 1979 2312
l 1982 2278
l 1983 2312
l 1984 2313
l 1987 2304
l 1989 2318
l 1989 2323
l 1991 2319
l 1994 2333
l 1995 2324
l 1996 2325
l 1997 2330
l 1998 2331
l 1999 2339
l 2001 2341
l 2002 2333
l 2003 2340
l 2004 2345
l 2005 2354
l 2005 2360
l 2007 2359
l 2008 2369
l 2009 2372
l 2010 2360
l 2010 2371
l 2011 2372
l 2012 2370
l 2013 2381
l 2015 2184
l 2018 2185
l 2019 2186
l 2020 2187
l 2022 2193
l 2025 2190
l 2026 2187
l 2030 2195
l 2031 2198
l 2033 2211
l 2035 2203
l 2036 2204
l 2037 2213
l 2038 2206
l 2039 2206
l 2040 2226
l 2041 2229
l 2044 2221
l 2045 2222
l 2046 2221
l 2049 2222
l 2052 2229
l 2055 2231
l 2056 2236
l 2057 2233
l 2058 2234
l 2063 2245
l 2064 2240
l 2064 2245
l 2067 2246
l 2068 2242
l 2071 2254
l 2073 2257
l 2074 2259
l 2078 2261
l 2080 2263
l 2081 2264
l 2082 2268
l 2085 2246
l 2086 2284
l 2087 2252
l 2087 2284
l 2089 2287
l 2089 2288
l 2090 2257
l 2091 2259
l 2092 2267
l 2093 2294
l 2093 2295
l 2094 2268
l 2095 2270
l 2096 2293
l 2099 2285
l 2100 2286
l 2101 2326
l 2102 2326
l 2103 2329
l 2104 2296
l 2106 2346
l 2109 2338
l 2111 2348
l 2112 2349
l 2113 2342
l 2114 2344
l 2115 2351
l 2116 2361
l 2117 2374
l 2118 2368
l 2119 2382
l 2121 2373
l 2121 2383
l 2122 2386
l 2123 2380
l 2123 2387
l 2126 2387
l 2127 2388
l 2128 2397
l 2130 2399
l 2131 2394
l 2133 2412
l 2134 2413
l 2143 2421
l 2145 2411
l 2145 2423
l 2146 2412
l 2149 2425
l 2151 2428
l 2155 2434
l 2156 2433
l 2157 2435
l 2158 2436
l 2160 2437
l 2161 2439
l 2163 2432
l 2163 2440
l 2164 2434
l 2165 2442
l 2167 2437
l 2167 2438
l 2168 2443
l 2171 2445
l 2172 2446
l 2173 2447
l 2174 2448
l 2176 2449
l 2177 2450
l 2179 2451
l 2181 2456
l 2182 2459
l 2183 2454
l 2188 2291
l 2188 2327
l 2189 2292
l 2189 2328
l 2190 2291
l 2191 2292
l 2192 2327
l 2194 2343
l 2196 2480
l 2199 2350
l 2200 2486
l 2203 2352
l 2204 2353
l 2205 2352
l 2206 2353
l 2207 2490
l 2207 2496
l 2210 2491
l 2211 2355
l 2211 2356
l 2212 2357
l 2212 2358
l 2213 2356
l 2214 2494
l 2215 2500
l 2216 2501
l 2217 2503
l 2218 2497
l 2218 2503
l 2219 2355
l 2219 2363
l 2220 2358
l 2220 2366
l 2221 2356
l 2221 2364
l 2222 2357
l 2222 2365
l 2223 2502
l 2224 2504
l 2226 2362
l 2227 2363
l 2228 2366
l 2229 2367
l 2229 2377
l 2232 2376
l 2233 2364
l 2234 2365
l 2235 2367
l 2235 2377
l 2238 2379
l 2244 2393
l 2246 2393
l 2249 2511
l 2249 2517
l 2253 2400
l 2255 2403
l 2256 2391
l 2256 2405
l 2258 2406
l 2260 2392
l 2260 2408
l 2261 2390
l 2261 2400
l 2263 2402
l 2265 2391
l 2265 2405
l 2266 2392
l 2266 2408
l 2269 2407
l 2271 2512
l 2271 2520
l 2272 2512
l 2275 2526
l 2278 2532
l 2280 2516
l 2281 2517
l 2283 2519
l 2285 2401
l 2286 2418
l 2293 2417
l 2295 2418
l 2296 2404
l 2299 2535
l 2302 2538
l 2305 2521
l 2305 2540
l 2306 2522
l 2306 2541
l 2308 2543
l 2309 2526
l 2313 2533
l 2313 2546
l 2316 2534
l 2316 2535
l 2318 2541
l 2324 2551
l 2325 2552
l 2330 2553
l 2331 2554
l 2335 2555
l 2339 2557
l 2341 2559
l 2342 2429
l 2344 2429
l 2345 2560
l 2346 2506
l 2347 2507
l 2349 2510
l 2354 2567
l 2359 2569
l 2360 2570
l 2360 2574
l 2361 2457
l 2368 2457
l 2369 2572
l 2370 2575
l 2371 2574
l 2373 2458
l 2380 2458
l 2381 2575
l 2382 2461
l 2383 2463
l 2386 2461
l 2387 2462
l 2388 2464
l 2389 2466
l 2389 2467
l 2394 2464
l 2397 2471
l 2398 2465
l 2398 2472
l 2399 2466
l 2411 2465
l 2413 2467
l 2414 2473
l 2416 2471
l 2423 2472
l 2425 2475
l 2427 2473
l 2428 2474
l 2433 2476
l 2433 2478
l 2434 2479
l 2435 2476
l 2438 2479
l 2439 2481
l 2441 2483
l 2442 2484
l 2443 2481
l 2445 2483
l 2446 2484
l 2447 2488
l 2448 2489
l 2449 2488
l 2450 2489
l 2454 2583
l 2455 2584
l 2456 2499
l 2459 2499
l 2460 2592
l 2486 2562
l 2487 2563
l 2492 2566
l 2494 2565
l 2495 2563
l 2495 2566
l 2496 2564
l 2498 2565
l 2498 2568
l 2500 2565
l 2500 2568
l 2503 2571
l 2504 2571
l 2505 2609
l 2510 2612
l 2511 2579
l 2514 2613
l 2514 2614
l 2515 2617
l 2515 2618
l 2517 2588
l 2523 2580
l 2523 2588
l 2524 2616
l 2525 2620
l 2527 2585
l 2527 2593
l 2530 2588
l 2532 2589
l 2534 2585
l 2534 2593
l 2540 2589
l 2542 2598
l 2542 2599
l 2543 2600
l 2543 2601
l 2546 2597
l 2547 2599
l 2548 2600
l 2550 2597
l 2551 2598
l 2552 2601
l 2553 2598
l 2553 2599
l 2554 2600
l 2554 2601
l 2555 2602
l 2556 2603
l 2557 2602
l 2558 2604
l 2559 2605
l 2560 2605
l 2567 2606
l 2569 2606
l 2572 2607
l 2573 2607
l 2573 2608
l 2576 2607
l 2576 2608
l 2577 2622
l 2583 2625
l 2591 2627
l 2592 2628
l 2610 2629
l 2611 2632
l 2613 2637
l 2615 2634
l 2616 2634
l 2617 2638
l 2619 2636
l 2620 2636
l 2621 2639
l 2622 2640
l 2623 2641
l 2624 2642
l 2625 2643
l 2626 2644
l 2630 2645
l 2631 2646
l 2633 2647
l 2635 2651
l 2636 2652
l 2639 2653
l 2643 2656
l 2644 2657
l 2645 2660
l 2646 2661
l 2647 2663
l 2648 2664
l 2649 2665
l 2650 2666
l 2651 2667
l 2652 2668
l 2654 2669
l 2655 2670
l 2656 2671
l 2658 2672
l 2659 2673
l 2661 2676
l 2662 2677
l 2667 2678
l 2669 2680
l 2674 2683
l 2675 2684
l 2679 2687
l 2681 2689
l 2682 2690
l 2685 2692
l 2686 2695
l 2688 2697
l 2691 2698
l 2693 2700
l 2694 2701
l 2696 2702
l 2699 2705
l 2700 2706
l 2701 2707
l 2703 2709
l 2704 2711
l 2707 2710
l 2708 2714
l 2711 2713
l 2712 2714
