# fh16_trailer_wheel_3r.obj - ISO 8855 (x ileri, y sol, z yukari), metre
mtllib fh16.mtl
o fh16_trailer_wheel_3r
v -0.31162 -0.31638 -0.10138
v -0.32226 -0.31528 0.00000
v -0.31174 -0.31628 0.10100
v -0.32000 -0.26950 -0.10400
v -0.33600 -0.26950 0.00000
v -0.32000 -0.26950 0.10400
v -0.32000 -0.18050 -0.10400
v -0.33600 -0.18050 0.00000
v -0.32000 -0.18050 0.10400
v -0.31800 -0.09350 -0.10300
v -0.33500 -0.09350 0.00000
v -0.31800 -0.09350 0.10300
v -0.30800 -0.06550 -0.10050
v -0.31425 -0.06550 0.00000
v -0.30800 -0.06550 0.09950
v -0.30569 0.01519 -0.09954
v -0.32269 0.01519 0.00000
v -0.30508 0.01527 0.09877
v -0.30200 0.02639 -0.09844
v -0.31554 0.02735 0.00000
v -0.30200 0.02639 0.09778
v -0.31200 0.15350 0.00000
v -0.30767 0.30917 -0.10022
v -0.31621 0.30914 0.00000
v -0.30767 0.30917 0.09956
v -0.27011 -0.31672 -0.19633
v -0.26100 -0.31527 -0.18977
v -0.28464 -0.30429 -0.09257
v -0.27775 -0.28775 -0.09000
v -0.29582 -0.29559 0.00000
v -0.28311 -0.30061 0.09178
v -0.26472 -0.31594 0.19184
v -0.27200 -0.26950 -0.19800
v -0.26186 -0.27821 -0.08543
v -0.27571 -0.27821 0.00000
v -0.26175 -0.27888 0.08462
v -0.27200 -0.26950 0.19700
v -0.26339 -0.20944 -0.08572
v -0.27711 -0.20944 0.00000
v -0.26339 -0.20944 0.08511
v -0.27200 -0.18050 -0.19800
v -0.26095 -0.15914 -0.08500
v -0.27486 -0.15914 0.00000
v -0.26095 -0.15914 0.08455
v -0.27200 -0.18050 0.19700
v -0.27100 -0.09350 -0.19700
v -0.25509 -0.12914 -0.08309
v -0.26879 -0.12900 0.00000
v -0.25509 -0.12914 0.08255
v -0.27100 -0.09350 0.19600
v -0.26600 -0.06550 -0.19300
v -0.25450 -0.06550 -0.18500
v -0.28850 -0.06550 -0.09400
v -0.27309 -0.04705 -0.08873
v -0.28733 -0.04608 0.00000
v -0.27546 -0.04988 0.08915
v -0.25833 -0.06550 0.18733
v -0.26500 0.01650 -0.19300
v -0.26000 0.01500 -0.18900
v -0.25985 0.01527 0.18846
v -0.26500 0.01750 -0.19300
v -0.25508 0.02817 -0.18558
v -0.29180 0.02950 -0.09520
v -0.26821 0.05196 -0.08742
v -0.28178 0.05194 0.00000
v -0.27313 0.04747 0.08830
v -0.25600 0.02717 0.18550
v -0.25870 0.07330 -0.08420
v -0.27260 0.07330 0.00000
v -0.25870 0.07330 0.08390
v -0.25300 0.15350 -0.18400
v -0.29700 0.15350 -0.09700
v -0.29700 0.15350 0.09600
v -0.25300 0.15350 0.18300
v -0.26108 0.31092 -0.18967
v -0.28500 0.31210 -0.09280
v -0.29740 0.31510 0.00000
v -0.28500 0.31210 0.09220
v -0.26109 0.31041 0.18927
v -0.19800 -0.31000 -0.27200
v -0.24050 -0.29933 -0.17478
v -0.24067 -0.30061 0.17450
v -0.19800 -0.31000 0.27100
v -0.19800 -0.26950 -0.27200
v -0.22300 -0.27888 -0.16213
v -0.22220 -0.27530 0.16100
v -0.22425 -0.28475 0.16275
v -0.19800 -0.26950 0.27100
v -0.22428 -0.20944 -0.16306
v -0.22222 -0.20817 0.16100
v -0.22633 -0.21072 0.16422
v -0.19800 -0.18050 -0.27200
v -0.22235 -0.15820 -0.16150
v -0.22159 -0.15638 0.16053
v -0.22500 -0.16850 0.16280
v -0.19800 -0.18050 0.27100
v -0.21717 -0.12875 -0.15800
v -0.21550 -0.11600 -0.10600
v -0.22190 -0.11074 -0.07110
v -0.21370 -0.10380 -0.03310
v -0.21844 -0.10644 0.04250
v -0.22013 -0.11157 0.08087
v -0.21750 -0.12808 0.15383
v -0.23323 -0.04758 -0.16954
v -0.23323 -0.04758 0.16908
v -0.22929 0.04986 -0.16664
v -0.21550 0.05000 -0.10600
v -0.22280 0.05003 -0.07087
v -0.21512 0.03975 -0.03113
v -0.21925 0.04375 0.04133
v -0.22091 0.05059 0.08118
v -0.21680 0.06310 0.15270
v -0.23542 0.04329 0.17058
v -0.22055 0.07359 -0.16036
v -0.22022 0.07328 0.15933
v -0.22300 0.07350 0.16200
v -0.24171 0.31036 -0.17586
v -0.24167 0.31161 0.17522
v -0.19119 -0.31645 -0.26310
v -0.17431 -0.29781 -0.23988
v -0.18052 -0.30516 0.24779
v -0.19455 -0.31877 0.26727
v -0.16187 -0.27888 -0.22288
v -0.16189 -0.27950 0.22244
v -0.16272 -0.20944 -0.22417
v -0.16272 -0.20944 0.22361
v -0.16145 -0.15914 -0.22218
v -0.16145 -0.15914 0.22164
v -0.19600 -0.09350 -0.27000
v -0.15707 -0.12863 -0.21620
v -0.15433 -0.10994 -0.17100
v -0.18160 -0.10450 -0.11460
v -0.17892 -0.09377 -0.06777
v -0.18280 -0.09350 -0.02800
v -0.17918 -0.09203 0.04694
v -0.18227 -0.09743 0.08427
v -0.16500 -0.10450 0.13680
v -0.15390 -0.11300 0.17950
v -0.15830 -0.12990 0.21740
v -0.19600 -0.09350 0.27000
v -0.18733 -0.06550 -0.25833
v -0.16931 -0.04758 -0.23292
v -0.14957 -0.07679 -0.04886
v -0.15590 -0.07580 0.00000
v -0.14957 -0.07679 0.04800
v -0.17133 -0.04997 0.23540
v -0.19300 -0.06550 0.26500
v -0.18833 0.01525 -0.25933
v -0.15120 0.00220 -0.04940
v -0.15791 -0.00268 0.00000
v -0.15120 0.00220 0.04850
v -0.18814 0.01493 0.25843
v -0.19175 0.01550 0.26350
v -0.18521 0.02743 -0.25486
v -0.16503 0.05226 -0.22710
v -0.15557 0.04721 -0.17014
v -0.18160 0.03650 -0.11460
v -0.17925 0.03037 -0.07019
v -0.18600 0.02550 -0.03500
v -0.18173 0.02723 0.04555
v -0.18145 0.03277 0.08473
v -0.16500 0.03650 0.13680
v -0.15500 0.05150 0.18112
v -0.17297 0.04281 0.23756
v -0.19300 0.01750 0.26400
v -0.16020 0.07330 -0.22040
v -0.16020 0.07330 0.21960
v -0.18400 0.15350 -0.25300
v -0.18400 0.15350 0.25200
v -0.18858 0.31092 -0.25942
v -0.17525 0.31100 -0.24100
v -0.18400 0.31100 0.25255
v -0.10140 -0.31614 -0.31164
v -0.10015 -0.31573 0.30754
v -0.10350 -0.31638 0.31750
v -0.10400 -0.26950 -0.32000
v -0.10400 -0.26950 0.31900
v -0.10417 -0.20150 -0.01383
v -0.10233 -0.20150 0.02683
v -0.10400 -0.18050 -0.32000
v -0.10600 -0.18250 -0.01400
v -0.10400 -0.18250 0.02800
v -0.10400 -0.18050 0.31900
v -0.10400 -0.09350 -0.31800
v -0.12000 -0.11128 -0.20056
v -0.12014 -0.09873 -0.16571
v -0.11511 -0.08983 -0.11300
v -0.11100 -0.08731 -0.07163
v -0.12410 -0.09050 -0.00479
v -0.11409 -0.09150 0.03345
v -0.11347 -0.08726 0.08047
v -0.12495 -0.09450 0.14662
v -0.11632 -0.10498 0.18640
v -0.10900 -0.11750 0.21900
v -0.10400 -0.09350 0.31800
v -0.10050 -0.06550 -0.30850
v -0.12437 -0.07513 -0.09300
v -0.11775 -0.06850 -0.06563
v -0.11166 -0.06591 -0.01088
v -0.11295 -0.06636 0.03852
v -0.12113 -0.07303 0.08713
v -0.10050 -0.06550 0.30800
v -0.09971 0.01521 -0.30650
v -0.12570 0.00240 -0.09810
v -0.12760 -0.01850 -0.06680
v -0.11300 -0.01850 -0.01500
v -0.12525 -0.01850 0.04475
v -0.12782 -0.00268 0.09209
v -0.10000 0.01650 0.13700
v -0.09964 0.01505 0.30555
v -0.09808 0.02727 -0.30100
v -0.12029 0.04936 -0.20157
v -0.12022 0.03650 -0.16565
v -0.13033 0.02450 -0.13533
v -0.10000 0.02150 -0.05800
v -0.11300 0.02150 -0.01500
v -0.10550 0.02150 0.04300
v -0.12543 0.03007 0.14600
v -0.11718 0.04415 0.18741
v -0.10900 0.05150 0.21900
v -0.09817 0.02708 0.30100
v -0.09700 0.15350 -0.29700
v -0.09700 0.15350 0.29700
v -0.10036 0.31041 -0.30782
v -0.10044 0.30917 0.30756
v -0.09600 -0.31250 -0.29600
v -0.09200 -0.29939 -0.28272
v -0.09218 -0.30132 0.28312
v -0.08544 -0.27950 -0.26233
v -0.08514 -0.27779 0.26086
v -0.08650 -0.28500 0.26450
v -0.08594 -0.20944 -0.26383
v -0.05375 -0.20100 -0.09275
v -0.07067 -0.20239 -0.06017
v -0.06424 -0.20598 -0.01645
v -0.06434 -0.20475 0.03500
v -0.06308 -0.20158 0.08175
v -0.08518 -0.20859 0.26073
v -0.08714 -0.21079 0.26643
v -0.08514 -0.16017 -0.26157
v -0.05400 -0.18250 -0.09300
v -0.08450 -0.18250 -0.06500
v -0.09300 -0.18250 0.05300
v -0.06500 -0.18250 0.08450
v -0.08480 -0.15665 0.26010
v -0.08633 -0.16850 0.26533
v -0.08308 -0.12883 -0.25525
v -0.06700 -0.10450 -0.20633
v -0.08240 -0.09510 -0.17000
v -0.05585 -0.09065 -0.11754
v -0.08743 -0.09393 -0.07279
v -0.09300 -0.11050 0.05300
v -0.08257 -0.09393 0.07771
v -0.05683 -0.08700 0.12492
v -0.08043 -0.10036 0.18600
v -0.08309 -0.12895 0.25509
v -0.08986 -0.04886 -0.27557
v -0.04856 -0.07606 -0.14878
v -0.07116 -0.07018 -0.11288
v -0.07907 -0.06598 -0.06952
v -0.09300 -0.06525 -0.03000
v -0.08957 -0.06621 0.04800
v -0.06769 -0.06567 0.08410
v -0.06930 -0.07463 0.13422
v -0.08986 -0.04886 0.27486
v -0.04891 -0.00268 -0.15000
v -0.08925 -0.00417 -0.12483
v -0.08100 -0.01850 -0.08100
v -0.06950 -0.01850 0.09000
v -0.07073 -0.00277 0.13795
v -0.09600 0.02950 -0.29500
v -0.08783 0.04933 -0.26966
v -0.06700 0.03650 -0.20633
v -0.09000 0.02775 -0.17225
v -0.05800 0.02150 -0.10000
v -0.08100 0.02150 -0.08100
v -0.06950 0.02150 0.09000
v -0.08043 0.03136 0.18600
v -0.08275 0.06425 0.25400
v -0.09040 0.04360 0.27705
v -0.08430 0.07330 -0.25900
v -0.08427 0.07359 0.25873
v -0.09600 0.31750 -0.29600
v -0.09262 0.31112 -0.28438
v -0.09289 0.31172 0.28489
v 0.00000 -0.30983 -0.31585
v 0.00000 -0.28700 -0.28900
v 0.00000 -0.29997 0.29705
v 0.00000 -0.31632 0.32686
v 0.00000 -0.26950 -0.33600
v 0.00000 -0.27950 -0.27544
v 0.00000 -0.27875 0.27462
v 0.00000 -0.26950 0.33600
v 0.00000 -0.20944 -0.27683
v -0.01383 -0.20150 -0.10417
v -0.01824 -0.20674 -0.06224
v -0.02480 -0.21883 -0.01727
v -0.02380 -0.21322 0.04140
v -0.01393 -0.20322 0.08114
v 0.00000 -0.20944 0.27656
v 0.00000 -0.18050 -0.33600
v 0.00000 -0.16017 -0.27462
v -0.01400 -0.18250 -0.10600
v -0.01400 -0.18250 0.10500
v 0.00000 -0.15914 0.27391
v 0.00000 -0.18050 0.33600
v 0.00000 -0.09350 -0.33400
v 0.00000 -0.12850 -0.26664
v -0.01718 -0.10823 -0.22645
v -0.01029 -0.09203 -0.18488
v -0.02883 -0.09117 -0.11867
v -0.02789 -0.09761 0.10489
v -0.02819 -0.08713 0.12844
v -0.01622 -0.09537 0.19335
v -0.01118 -0.11262 0.23559
v 0.00000 -0.12933 0.26817
v 0.00000 -0.09350 0.33400
v 0.00000 -0.06550 -0.31375
v 0.00000 -0.04705 -0.28718
v 0.00000 -0.07580 -0.15590
v -0.01717 -0.06611 -0.10919
v -0.01774 -0.06609 0.10274
v -0.00805 -0.07079 0.13795
v 0.00000 -0.04886 0.28886
v 0.00000 -0.06550 0.32350
v 0.00000 0.01512 -0.32146
v 0.00000 -0.00125 -0.15808
v -0.01500 -0.01850 -0.11300
v -0.03000 -0.01850 0.11000
v 0.00000 -0.00417 0.15258
v 0.00000 0.01650 0.16900
v 0.00000 0.01519 0.32169
v 0.00000 0.02769 -0.31363
v 0.00000 0.05162 -0.28121
v -0.01800 0.04656 -0.22700
v -0.01245 0.02705 -0.18691
v -0.01500 0.02150 -0.11300
v -0.03000 0.02150 0.11000
v 0.00000 0.02150 0.11400
v -0.01756 0.03087 0.19387
v -0.01154 0.05150 0.23700
v 0.00000 0.04877 0.28540
v 0.00000 0.02639 0.31711
v 0.00000 0.07350 -0.27191
v 0.00000 0.07330 0.27170
v 0.00000 0.15350 -0.31200
v 0.00000 0.15350 0.31200
v 0.00000 0.31015 -0.31241
v 0.00000 0.31220 0.29910
v 0.00000 0.31041 0.32282
v 0.03740 -0.20130 -0.09850
v 0.03245 -0.20585 -0.05868
v 0.03472 -0.21650 -0.01861
v 0.03509 -0.21066 0.04097
v 0.03170 -0.20276 0.08135
v 0.04050 -0.18250 -0.09850
v 0.04050 -0.18250 0.09800
v 0.02638 -0.10638 -0.22119
v 0.02522 -0.09294 -0.18656
v 0.03786 -0.09064 -0.11761
v 0.03967 -0.09761 0.10233
v 0.03876 -0.08726 0.12684
v 0.02556 -0.09788 0.19981
v 0.02300 -0.11063 0.23062
v 0.04833 -0.07561 -0.14867
v 0.03685 -0.06639 -0.10663
v 0.03552 -0.06593 0.10014
v 0.04422 -0.07161 0.13917
v 0.04873 -0.00268 -0.14991
v 0.02900 -0.01850 -0.11100
v 0.02900 -0.01850 0.11000
v 0.04809 -0.00268 0.14973
v 0.02783 0.04375 -0.22158
v 0.02283 0.02817 -0.18900
v 0.02900 0.02150 -0.11100
v 0.02900 0.02150 0.11000
v 0.02675 0.03308 0.19942
v 0.02433 0.04900 0.23150
v 0.10085 -0.31600 -0.31104
v 0.09167 -0.29933 -0.28272
v 0.09526 -0.30698 0.29339
v 0.10325 -0.31638 0.31750
v 0.10400 -0.26950 -0.32000
v 0.08480 -0.27980 -0.26220
v 0.08450 -0.27667 0.26067
v 0.08550 -0.28500 0.26450
v 0.10400 -0.26950 0.31900
v 0.08522 -0.20939 -0.26383
v 0.08138 -0.20158 -0.06162
v 0.07439 -0.20402 -0.01652
v 0.07666 -0.20322 0.03148
v 0.07233 -0.20150 0.07233
v 0.08455 -0.20859 0.26073
v 0.08629 -0.21064 0.26643
v 0.10400 -0.18050 -0.32000
v 0.08467 -0.16017 -0.26157
v 0.08450 -0.18250 -0.06500
v 0.10300 -0.18250 -0.02800
v 0.09800 -0.18250 0.04050
v 0.07600 -0.18250 0.07600
v 0.08442 -0.15766 0.26016
v 0.08600 -0.16850 0.26533
v 0.10400 -0.18050 0.31900
v 0.10300 -0.09350 -0.31800
v 0.08269 -0.12896 -0.25546
v 0.07550 -0.10450 -0.20350
v 0.09781 -0.09713 -0.17388
v 0.07420 -0.08700 -0.11760
v 0.09391 -0.09155 -0.07068
v 0.10300 -0.11050 -0.02800
v 0.10000 -0.09888 0.04962
v 0.09122 -0.08989 0.07906
v 0.09933 -0.08850 0.13733
v 0.09465 -0.09838 0.17865
v 0.08283 -0.12908 0.25533
v 0.10300 -0.09350 0.31800
v 0.10000 -0.06550 -0.30850
v 0.08923 -0.04973 -0.27585
v 0.07947 -0.07013 -0.11579
v 0.08247 -0.06553 -0.06774
v 0.09900 -0.06700 -0.02006
v 0.09492 -0.06582 0.04412
v 0.07300 -0.06538 0.08188
v 0.09018 -0.07505 0.12436
v 0.09050 -0.05094 0.27900
v 0.09946 0.01527 -0.30677
v 0.08962 -0.00258 -0.12531
v 0.09000 -0.01850 -0.06950
v 0.09900 -0.01850 0.05700
v 0.06900 -0.01850 0.09000
v 0.09225 -0.00125 0.12725
v 0.09918 0.01505 0.30555
v 0.09729 0.02743 -0.30057
v 0.08707 0.05000 -0.26936
v 0.07550 0.03650 -0.20350
v 0.09575 0.02900 -0.17163
v 0.05700 0.02150 -0.10000
v 0.09000 0.02150 -0.06950
v 0.09900 0.02150 0.05700
v 0.06900 0.02150 0.09000
v 0.10500 0.02150 0.14500
v 0.09292 0.03358 0.17946
v 0.08225 0.06425 0.25400
v 0.09238 0.03753 0.28531
v 0.08410 0.07330 -0.25900
v 0.08410 0.07330 0.25870
v 0.09600 0.15350 -0.29700
v 0.09600 0.15350 0.29700
v 0.09933 0.31100 -0.30683
v 0.09200 0.31036 -0.28443
v 0.09606 0.31044 0.29622
v 0.10700 -0.20050 0.00000
v 0.10700 -0.18250 0.00000
v 0.13171 -0.11629 -0.20400
v 0.13473 -0.10157 -0.16297
v 0.13200 -0.09275 -0.12625
v 0.12055 -0.08705 -0.07173
v 0.12357 -0.08955 -0.00467
v 0.12930 -0.08690 0.01750
v 0.11780 -0.08720 0.07670
v 0.12862 -0.09574 0.14771
v 0.13636 -0.11136 0.18986
v 0.13967 -0.12350 0.21567
v 0.12686 -0.07650 -0.09271
v 0.13694 -0.07309 -0.06035
v 0.12121 -0.06629 -0.00792
v 0.13455 -0.07030 0.03830
v 0.12331 -0.07327 0.08792
v 0.12800 0.00083 -0.09356
v 0.14462 -0.00527 -0.05508
v 0.13680 -0.01810 -0.00600
v 0.14525 -0.00417 0.04675
v 0.12709 -0.00268 0.09209
v 0.13680 0.05500 -0.20710
v 0.13650 0.03750 -0.16330
v 0.13033 0.02483 -0.13500
v 0.11200 0.02150 -0.01500
v 0.11000 0.02150 0.02900
v 0.12927 0.03130 0.14693
v 0.13663 0.05075 0.19106
v 0.13967 0.05917 0.21567
v 0.19120 -0.31590 -0.26376
v 0.17412 -0.29862 -0.24006
v 0.17962 -0.30436 0.24714
v 0.19462 -0.31742 0.26785
v 0.19700 -0.26950 -0.27200
v 0.16171 -0.27821 -0.22300
v 0.16175 -0.27900 0.22250
v 0.19700 -0.26950 0.27100
v 0.16256 -0.20939 -0.22417
v 0.16256 -0.20939 0.22361
v 0.19700 -0.18050 -0.27200
v 0.16100 -0.15992 -0.22221
v 0.16100 -0.15914 0.22164
v 0.19700 -0.18050 0.27100
v 0.19600 -0.09350 -0.27000
v 0.15844 -0.13028 -0.21856
v 0.16700 -0.11600 -0.17200
v 0.18080 -0.10450 -0.11440
v 0.17810 -0.09440 -0.07329
v 0.18478 -0.09294 -0.03367
v 0.18019 -0.09250 0.04687
v 0.18200 -0.09757 0.08453
v 0.17467 -0.10450 0.12700
v 0.16700 -0.11600 0.17150
v 0.15850 -0.13050 0.21812
v 0.19600 -0.09350 0.27000
v 0.18700 -0.06450 -0.25833
v 0.16877 -0.04735 -0.23292
v 0.15700 -0.07717 0.00000
v 0.17107 -0.05071 0.23571
v 0.19300 -0.06450 0.26500
v 0.18843 0.01521 -0.25993
v 0.16100 0.01650 -0.05300
v 0.15850 0.00300 0.00000
v 0.16100 0.01650 0.05200
v 0.18763 0.01487 0.25825
v 0.19150 0.01550 0.26350
v 0.18473 0.02757 -0.25473
v 0.16696 0.05050 -0.23033
v 0.16700 0.05000 -0.17200
v 0.18080 0.03650 -0.11440
v 0.17764 0.02986 -0.07400
v 0.18633 0.02817 -0.03683
v 0.18109 0.02705 0.04564
v 0.18109 0.03305 0.08509
v 0.17467 0.03650 0.12700
v 0.16700 0.05000 0.17150
v 0.17303 0.04176 0.23813
v 0.19200 0.01750 0.26400
v 0.15955 0.07359 -0.22036
v 0.15950 0.07330 0.21960
v 0.18300 0.15350 -0.25300
v 0.18300 0.15350 0.25200
v 0.18764 0.31059 -0.25918
v 0.17457 0.31021 -0.24100
v 0.18300 0.31076 0.25216
v 0.24174 -0.30129 -0.17589
v 0.24165 -0.30070 0.17540
v 0.22256 -0.27939 -0.16211
v 0.22140 -0.27510 0.16100
v 0.22433 -0.28483 0.16300
v 0.22389 -0.20939 -0.16306
v 0.22167 -0.20817 0.16100
v 0.22611 -0.21061 0.16422
v 0.22186 -0.16017 -0.16162
v 0.25800 -0.13650 -0.08400
v 0.25800 -0.13650 0.08400
v 0.22100 -0.15638 0.16053
v 0.22440 -0.16850 0.16280
v 0.21677 -0.12881 -0.15808
v 0.21500 -0.11600 -0.10600
v 0.23403 -0.11768 -0.07559
v 0.21350 -0.10400 -0.03280
v 0.21788 -0.10625 0.04275
v 0.23568 -0.11961 0.08182
v 0.21671 -0.12800 0.15429
v 0.23579 -0.05064 -0.17179
v 0.23586 -0.05057 0.17136
v 0.25633 0.01550 -0.18667
v 0.25640 0.01550 0.18620
v 0.23590 0.04343 -0.17183
v 0.21500 0.05000 -0.10600
v 0.23476 0.05586 -0.07552
v 0.21488 0.03987 -0.03075
v 0.21867 0.04367 0.04150
v 0.23605 0.05726 0.08181
v 0.21609 0.06314 0.15300
v 0.24209 0.03650 0.17578
v 0.21991 0.07350 -0.16036
v 0.25786 0.07250 -0.08400
v 0.25786 0.07250 0.08371
v 0.21960 0.07350 0.15930
v 0.22300 0.07350 0.16200
v 0.25200 0.15350 -0.18400
v 0.25200 0.15350 0.18300
v 0.24400 0.31230 -0.17770
v 0.24390 0.31220 0.17710
v 0.26970 -0.31690 -0.19640
v 0.26145 -0.31523 -0.19036
v 0.29396 -0.30882 -0.09572
v 0.27700 -0.28750 -0.09000
v 0.29694 -0.29919 0.00000
v 0.29189 -0.30568 0.09475
v 0.26536 -0.31623 0.19268
v 0.27200 -0.26950 -0.19800
v 0.26133 -0.27928 -0.08544
v 0.27520 -0.27970 0.00000
v 0.26130 -0.27970 0.08460
v 0.27200 -0.26950 0.19700
v 0.26294 -0.20939 -0.08572
v 0.27683 -0.20939 0.00000
v 0.26294 -0.20939 0.08511
v 0.27200 -0.18050 -0.19800
v 0.26105 -0.16271 -0.08516
v 0.27436 -0.15914 0.00000
v 0.26117 -0.16411 0.08467
v 0.27200 -0.18050 0.19700
v 0.27000 -0.09350 -0.19700
v 0.26818 -0.12895 0.00000
v 0.27000 -0.09350 0.19600
v 0.26500 -0.06450 -0.19300
v 0.29300 -0.06450 -0.09567
v 0.27242 -0.04592 -0.08883
v 0.28950 -0.05067 0.00000
v 0.27653 -0.04963 0.08967
v 0.26500 -0.06450 0.19300
v 0.26450 0.01650 -0.19300
v 0.26150 0.01467 -0.19033
v 0.30322 0.01494 -0.09889
v 0.30338 0.01500 0.09837
v 0.26244 0.01517 0.19067
v 0.26500 0.01750 -0.19300
v 0.26200 0.05250 -0.19100
v 0.29680 0.02837 -0.09700
v 0.27476 0.04497 -0.08971
v 0.28352 0.04954 0.00000
v 0.28509 0.03719 0.09241
v 0.26350 0.03500 0.19100
v 0.25967 0.07517 -0.08467
v 0.27190 0.07330 0.00000
v 0.25967 0.07517 0.08433
v 0.29600 0.15350 -0.09700
v 0.29600 0.15350 0.09600
v 0.26200 0.30825 -0.19063
v 0.29763 0.31076 -0.09716
v 0.29843 0.31036 0.00000
v 0.29685 0.31100 0.09625
v 0.26189 0.30917 0.19022
v 0.31492 -0.31742 -0.10277
v 0.32679 -0.31583 0.00000
v 0.31492 -0.31742 0.10208
v 0.31900 -0.26950 -0.10400
v 0.33600 -0.26950 0.00000
v 0.31900 -0.26950 0.10300
v 0.31900 -0.18050 -0.10400
v 0.33600 -0.18050 0.00000
v 0.31900 -0.18050 0.10300
v 0.31700 -0.09350 -0.10300
v 0.33400 -0.09350 0.00000
v 0.31700 -0.09350 0.10300
v 0.31200 -0.06450 -0.10200
v 0.32350 -0.06450 0.00000
v 0.31200 -0.06450 0.10100
v 0.31000 0.01575 -0.10100
v 0.32118 0.01514 0.00000
v 0.31000 0.01570 0.10060
v 0.31100 0.01750 -0.10100
v 0.31557 0.02743 0.00000
v 0.31100 0.01750 0.10100
v 0.31200 0.15350 0.00000
v 0.32191 0.31059 0.00000
usemtl m002
f 162 208 218
f 162 163 112
f 163 219 220
f 163 220 279
f 278 279 220
f 278 220 219
f 209 270 278
f 218 209 278
f 270 209 218
f 270 218 208
f 110 109 150
f 110 150 160
f 109 110 65
f 111 66 65
f 111 65 110
f 66 111 112
f 161 162 112
f 161 112 111
f 162 161 208
f 151 208 161
f 160 151 161
f 151 160 150
f 157 204 158
f 157 107 106
f 108 64 106
f 108 106 107
f 64 108 109
f 64 109 65
f 109 159 150
f 149 150 159
f 158 149 159
f 149 158 204
f 273 266 274
f 273 274 212
f 273 212 272
f 155 272 212
f 155 212 156
f 155 156 106
f 157 106 156
f 157 156 214
f 157 214 204
f 213 204 214
f 204 213 274
f 267 204 274
f 267 274 266
f 373 435 369
f 373 369 374
f 435 373 434
f 334 434 373
f 335 334 373
f 334 335 272
f 273 272 335
f 273 335 336
f 273 336 266
f 327 266 336
f 327 336 374
f 327 374 369
f 522 469 476
f 475 522 476
f 522 475 521
f 522 521 562
f 474 562 521
f 435 434 474
f 436 435 474
f 435 436 369
f 427 369 436
f 427 436 476
f 427 476 469
f 565 515 524
f 564 617 565
f 564 563 562
f 522 562 563
f 522 523 469
f 514 470 469
f 514 469 523
f 514 523 524
f 470 514 524
f 470 524 515
f 527 473 526
f 527 526 567
f 527 567 568
f 567 566 617
f 566 565 617
f 565 566 525
f 565 525 515
f 516 472 515
f 516 515 525
f 516 525 526
f 472 516 526
f 472 526 473
f 442 480 481
f 442 481 443
f 480 443 481
f 480 528 568
f 527 568 528
f 479 527 528
f 527 479 473
f 431 473 479
f 441 431 479
f 431 441 442
f 431 442 372
f 278 270 340
f 278 340 341
f 278 341 279
f 341 378 443
f 377 442 443
f 377 443 378
f 442 377 372
f 331 330 372
f 331 372 377
f 340 331 377
f 330 331 340
f 330 340 270
f 162 218 163
f 218 278 219
f 157 158 108
f 157 108 107
f 274 213 212
f 212 213 156
f 156 213 214
f 475 474 521
f 436 475 476
f 522 563 564
f 523 522 564
f 479 528 480
f 441 479 442
f 109 158 159
f 164 163 279
f 163 164 112
f 481 480 568
f 342 341 443
f 341 342 279
f 520 474 434
f 474 520 562
f 529 481 568
f 481 529 443
f 164 167 282
f 164 282 280
f 167 164 113
f 167 113 116
f 66 70 116
f 66 116 113
f 70 66 65
f 70 65 69
f 64 68 69
f 64 69 65
f 68 64 106
f 68 106 114
f 155 166 114
f 155 114 106
f 166 155 272
f 166 272 281
f 334 344 281
f 334 281 272
f 344 334 434
f 344 434 445
f 520 531 445
f 520 445 434
f 531 520 562
f 531 562 570
f 616 620 570
f 616 570 562
f 620 616 617
f 620 617 621
f 618 622 621
f 618 621 617
f 622 618 569
f 622 569 574
f 529 532 574
f 529 574 569
f 532 529 444
f 532 444 446
f 342 345 446
f 342 446 444
f 345 342 280
f 345 280 282
f 164 67 113
f 66 113 67
f 66 20 65
f 63 65 20
f 63 62 106
f 154 155 106
f 154 106 62
f 154 271 272
f 155 154 272
f 333 272 271
f 333 433 434
f 519 520 434
f 519 434 433
f 520 519 562
f 615 649 617
f 618 617 649
f 164 221 210
f 164 210 152
f 67 164 152
f 67 152 60
f 21 67 60
f 21 60 18
f 20 21 18
f 20 18 17
f 19 20 17
f 19 17 16
f 62 19 16
f 62 16 59
f 154 62 59
f 154 59 148
f 211 154 148
f 211 148 203
f 333 211 203
f 333 203 326
f 433 333 326
f 433 326 426
f 519 433 426
f 519 426 513
f 562 519 513
f 562 513 560
f 615 562 560
f 615 560 610
f 649 615 610
f 649 610 646
f 618 649 646
f 618 646 611
f 569 618 611
f 569 611 561
f 529 569 561
f 529 561 517
f 444 529 517
f 444 517 432
f 343 444 432
f 343 432 332
f 221 343 332
f 221 332 210
f 64 65 63
f 106 64 63
f 334 272 333
f 434 334 333
f 616 562 615
f 617 616 615
f 560 513 609
f 610 560 609
f 561 611 612
f 517 561 612
f 221 164 280
f 154 211 271
f 211 333 271
f 342 221 280
f 115 167 116
f 70 115 116
f 620 621 571
f 570 620 571
f 622 573 572
f 621 622 572
f 573 622 574
f 532 573 574
f 66 67 21
f 20 66 21
f 63 20 19
f 62 63 19
f 342 444 343
f 221 342 343
f 152 210 153
f 60 152 153
f 610 609 645
f 646 610 645
f 611 646 647
f 612 611 647
f 517 612 518
f 432 517 518
f 165 67 60
f 165 60 153
f 221 165 153
f 221 153 210
f 165 221 164
f 67 165 164
f 21 20 17
f 21 17 18
f 67 21 18
f 67 18 60
f 16 58 59
f 19 61 58
f 19 58 16
f 20 19 16
f 20 16 17
f 61 19 62
f 58 148 59
f 154 211 203
f 154 203 148
f 61 154 148
f 61 148 58
f 154 61 62
f 333 433 426
f 333 426 326
f 211 333 326
f 211 326 203
f 513 608 609
f 519 613 608
f 519 608 513
f 433 519 513
f 433 513 426
f 613 519 614
f 608 645 609
f 648 649 646
f 648 646 645
f 613 648 645
f 613 645 608
f 648 613 614
f 648 614 615
f 649 648 615
f 650 619 612
f 650 612 647
f 649 650 647
f 649 647 646
f 650 649 618
f 619 650 618
f 530 444 432
f 530 432 518
f 619 530 518
f 619 518 612
f 530 619 529
f 444 530 529
f 343 221 210
f 343 210 332
f 444 343 332
f 444 332 432
f 164 279 282
f 112 164 167
f 112 167 115
f 66 112 115
f 66 115 70
f 564 562 570
f 564 570 571
f 617 564 571
f 617 571 621
f 567 617 621
f 567 621 572
f 568 567 572
f 568 572 573
f 529 568 573
f 529 573 532
f 443 529 532
f 443 532 446
f 342 443 446
f 279 342 345
f 279 345 282
f 470 515 471
f 472 471 515
f 207 151 150
f 151 207 208
f 205 149 204
f 149 205 150
f 267 205 204
f 427 469 470
f 169 164 221
f 169 221 223
f 172 169 223
f 172 223 285
f 169 172 118
f 169 118 74
f 164 169 74
f 164 74 67
f 73 21 67
f 73 67 74
f 78 73 74
f 78 74 118
f 73 78 24
f 73 24 22
f 21 73 22
f 21 22 20
f 72 19 20
f 72 20 22
f 76 72 22
f 76 22 24
f 72 76 117
f 72 117 71
f 19 72 71
f 19 71 62
f 168 154 62
f 168 62 71
f 171 168 71
f 171 71 117
f 168 171 284
f 168 284 222
f 154 168 222
f 154 222 211
f 346 333 211
f 346 211 222
f 348 346 222
f 348 222 284
f 346 348 450
f 346 450 447
f 333 346 447
f 333 447 433
f 533 519 433
f 533 433 447
f 536 533 447
f 536 447 450
f 533 536 577
f 533 577 575
f 519 533 575
f 519 575 614
f 623 615 614
f 623 614 575
f 626 623 575
f 626 575 577
f 623 626 627
f 623 627 651
f 615 623 651
f 615 651 649
f 624 618 649
f 624 649 651
f 628 624 651
f 628 651 627
f 624 628 578
f 624 578 576
f 618 624 576
f 618 576 619
f 534 529 619
f 534 619 576
f 537 534 576
f 537 576 578
f 534 537 451
f 534 451 448
f 529 534 448
f 529 448 444
f 347 343 444
f 347 444 448
f 349 347 448
f 349 448 451
f 347 349 285
f 347 285 223
f 343 347 223
f 343 223 221
f 172 285 225
f 172 79 118
f 78 118 79
f 25 78 79
f 78 25 24
f 23 76 24
f 76 23 75
f 76 75 117
f 170 117 75
f 170 224 283
f 170 283 284
f 348 284 283
f 348 283 224
f 348 449 450
f 535 450 449
f 626 652 627
f 628 627 652
f 350 349 451
f 349 350 225
f 349 225 285
f 78 77 24
f 77 76 24
f 535 625 577
f 625 626 577
f 628 629 578
f 629 537 578
f 171 117 170
f 284 171 170
f 536 450 535
f 577 536 535
f 137 191 192
f 137 138 103
f 138 193 194
f 138 194 256
f 255 256 194
f 255 194 193
f 192 254 255
f 254 192 191
f 101 100 134
f 101 134 135
f 100 101 48
f 102 49 48
f 102 48 101
f 49 102 103
f 136 137 103
f 136 103 102
f 137 136 191
f 135 191 136
f 132 187 133
f 132 98 97
f 99 47 97
f 99 97 98
f 47 99 100
f 47 100 48
f 248 249 185
f 248 185 247
f 130 247 185
f 130 185 131
f 130 131 97
f 132 97 131
f 132 131 187
f 187 186 249
f 250 187 249
f 358 406 359
f 406 358 405
f 308 405 358
f 309 308 358
f 308 309 247
f 248 247 309
f 248 309 310
f 248 310 249
f 455 499 456
f 499 455 498
f 499 498 551
f 454 551 498
f 406 405 454
f 407 406 454
f 406 407 359
f 408 359 407
f 408 407 456
f 553 600 554
f 553 552 551
f 499 551 552
f 499 500 456
f 500 457 456
f 457 500 501
f 504 460 503
f 504 503 556
f 504 556 557
f 556 555 600
f 555 554 600
f 554 555 502
f 554 502 501
f 502 459 501
f 459 502 503
f 459 503 460
f 414 462 463
f 414 463 415
f 462 415 463
f 462 505 557
f 504 557 505
f 461 504 505
f 504 461 460
f 413 460 461
f 413 414 362
f 255 254 314
f 255 314 315
f 255 315 256
f 315 364 415
f 363 414 415
f 363 415 364
f 414 363 362
f 314 313 362
f 314 362 363
f 313 314 254
f 137 192 138
f 192 255 193
f 132 133 99
f 132 99 98
f 249 186 185
f 185 186 131
f 131 186 187
f 455 454 498
f 407 455 456
f 499 552 553
f 500 499 553
f 461 505 462
f 413 461 414
f 139 138 256
f 138 139 103
f 463 462 557
f 316 315 415
f 315 316 256
f 497 454 405
f 454 497 551
f 506 463 557
f 463 506 415
f 128 139 256
f 128 256 245
f 139 128 94
f 139 94 103
f 44 49 103
f 44 103 94
f 49 44 43
f 49 43 48
f 42 47 48
f 42 48 43
f 47 42 93
f 47 93 97
f 127 130 97
f 127 97 93
f 130 127 240
f 130 240 247
f 302 308 247
f 302 247 240
f 308 302 396
f 308 396 405
f 493 497 405
f 493 405 396
f 497 493 546
f 497 546 551
f 547 553 551
f 547 551 546
f 553 547 596
f 553 596 600
f 548 556 600
f 548 600 596
f 556 548 549
f 556 549 557
f 494 506 557
f 494 557 549
f 506 494 401
f 506 401 415
f 305 316 415
f 305 415 401
f 316 305 245
f 316 245 256
f 595 596 547
f 546 595 547
f 597 549 548
f 596 597 548
f 201 264 254
f 201 254 191
f 145 201 191
f 145 191 135
f 144 145 135
f 144 135 134
f 143 144 134
f 143 134 133
f 197 143 133
f 197 133 187
f 259 197 187
f 259 187 250
f 258 259 250
f 258 250 249
f 320 258 249
f 320 249 310
f 365 320 310
f 365 310 359
f 419 365 359
f 419 359 408
f 464 419 408
f 464 408 456
f 465 464 456
f 465 456 457
f 510 465 457
f 510 457 501
f 467 510 501
f 467 501 459
f 468 467 459
f 468 459 460
f 424 468 460
f 424 460 413
f 368 424 413
f 368 413 362
f 323 368 362
f 323 362 313
f 264 323 313
f 264 313 254
f 465 510 466
f 467 466 510
f 200 145 144
f 145 200 201
f 198 143 197
f 143 198 144
f 259 198 197
f 419 464 465
f 121 124 231
f 121 231 228
f 124 121 82
f 124 82 87
f 31 36 87
f 31 87 82
f 36 31 30
f 36 30 35
f 29 34 35
f 29 35 30
f 34 29 81
f 34 81 85
f 120 123 85
f 120 85 81
f 123 120 227
f 123 227 229
f 287 291 229
f 287 229 227
f 291 287 380
f 291 380 384
f 483 487 384
f 483 384 380
f 487 483 538
f 487 538 540
f 582 587 540
f 582 540 538
f 587 582 583
f 587 583 588
f 584 589 588
f 584 588 583
f 589 584 539
f 589 539 542
f 484 488 542
f 484 542 539
f 488 484 381
f 488 381 386
f 288 292 386
f 288 386 381
f 292 288 228
f 292 228 231
f 121 228 174
f 121 32 82
f 31 82 32
f 3 31 32
f 31 3 2
f 1 28 2
f 28 1 27
f 28 27 81
f 119 81 27
f 119 173 226
f 119 226 227
f 286 227 226
f 286 226 173
f 286 379 380
f 482 380 379
f 581 631 583
f 584 583 631
f 289 288 381
f 288 289 174
f 288 174 228
f 122 174 175
f 485 382 381
f 289 381 382
f 289 175 174
f 88 83 175
f 88 175 177
f 83 88 37
f 83 37 32
f 6 3 32
f 6 32 37
f 3 6 5
f 3 5 2
f 4 1 2
f 4 2 5
f 1 4 33
f 1 33 26
f 84 80 26
f 84 26 33
f 80 84 176
f 80 176 173
f 290 286 173
f 290 173 176
f 286 290 383
f 286 383 379
f 486 482 379
f 486 379 383
f 482 486 586
f 482 586 579
f 633 630 579
f 633 579 586
f 630 633 634
f 630 634 631
f 635 632 631
f 635 631 634
f 632 635 590
f 632 590 585
f 489 485 585
f 489 585 590
f 485 489 387
f 485 387 382
f 293 289 382
f 293 382 387
f 289 293 177
f 289 177 175
f 124 86 90
f 124 90 126
f 230 124 126
f 230 126 238
f 36 35 39
f 36 39 40
f 86 36 40
f 86 40 90
f 34 85 89
f 34 89 38
f 35 34 38
f 35 38 39
f 123 229 232
f 123 232 125
f 85 123 125
f 85 125 89
f 291 384 388
f 291 388 294
f 229 291 294
f 229 294 232
f 487 540 543
f 487 543 490
f 384 487 490
f 384 490 388
f 587 588 592
f 587 592 591
f 540 587 591
f 540 591 543
f 589 541 544
f 589 544 593
f 588 589 593
f 588 593 592
f 488 385 393
f 488 393 491
f 541 488 491
f 541 491 544
f 292 230 238
f 292 238 300
f 385 292 300
f 385 300 393
f 239 126 238
f 491 394 393
f 300 239 238
f 394 300 393
f 126 90 94
f 126 94 128
f 238 126 128
f 238 128 245
f 40 39 43
f 40 43 44
f 90 40 44
f 90 44 94
f 38 89 93
f 38 93 42
f 39 38 42
f 39 42 43
f 125 232 240
f 125 240 127
f 89 125 127
f 89 127 93
f 294 388 396
f 294 396 302
f 232 294 302
f 232 302 240
f 490 543 546
f 490 546 493
f 388 490 493
f 388 493 396
f 591 592 596
f 591 596 595
f 543 591 595
f 543 595 546
f 593 544 549
f 593 549 597
f 592 593 597
f 592 597 596
f 491 393 401
f 491 401 494
f 544 491 494
f 544 494 549
f 300 238 245
f 300 245 305
f 393 300 305
f 393 305 401
f 94 128 95
f 44 94 95
f 549 597 550
f 494 549 550
f 246 128 245
f 494 402 401
f 305 246 245
f 402 305 401
f 286 380 287
f 227 286 287
f 482 580 538
f 580 581 538
f 584 585 539
f 585 484 539
f 124 87 86
f 231 124 230
f 87 36 86
f 589 542 541
f 542 488 541
f 488 386 385
f 292 231 230
f 386 292 385
f 28 81 29
f 30 28 29
f 581 583 582
f 538 581 582
f 31 2 30
f 2 28 30
f 120 81 119
f 227 120 119
f 483 380 482
f 538 483 482
f 122 32 121
f 174 122 121
f 27 1 26
f 119 27 26
f 580 482 579
f 630 631 581
f 580 630 581
f 630 580 579
f 632 585 584
f 631 632 584
f 485 381 484
f 585 485 484
f 90 126 91
f 40 90 91
f 544 593 545
f 491 544 545
f 122 175 83
f 32 122 83
f 119 26 80
f 173 119 80
f 100 133 134
f 200 144 199
f 144 198 199
f 320 259 258
f 366 320 365
f 320 366 321
f 259 320 321
f 419 366 365
f 263 323 264
f 201 263 264
f 323 263 322
f 201 200 263
f 199 198 260
f 259 321 260
f 198 259 260
f 420 419 465
f 366 419 420
f 466 420 465
f 420 466 421
f 423 467 468
f 467 423 422
f 466 467 422
f 466 422 421
f 423 468 424
f 368 423 424
f 423 368 367
f 368 323 322
f 368 322 367
f 262 263 200
f 199 262 200
f 260 261 199
f 96 45 37
f 96 37 88
f 183 96 88
f 183 88 177
f 96 183 195
f 96 195 140
f 45 96 140
f 45 140 50
f 9 8 5
f 9 5 6
f 45 9 6
f 45 6 37
f 9 45 50
f 9 50 12
f 8 9 12
f 8 12 11
f 7 41 33
f 7 33 4
f 8 7 4
f 8 4 5
f 7 8 11
f 7 11 10
f 41 7 10
f 41 10 46
f 92 180 176
f 92 176 84
f 41 92 84
f 41 84 33
f 92 41 46
f 92 46 129
f 180 92 129
f 180 129 184
f 301 395 383
f 301 383 290
f 180 301 290
f 180 290 176
f 301 180 184
f 301 184 307
f 395 301 307
f 395 307 404
f 492 594 586
f 492 586 486
f 395 492 486
f 395 486 383
f 492 395 404
f 492 404 496
f 594 492 496
f 594 496 599
f 636 637 634
f 636 634 633
f 594 636 633
f 594 633 586
f 636 594 599
f 636 599 639
f 637 636 639
f 637 639 640
f 638 598 590
f 638 590 635
f 637 638 635
f 637 635 634
f 638 637 640
f 638 640 641
f 598 638 641
f 598 641 601
f 495 403 387
f 495 387 489
f 598 495 489
f 598 489 590
f 495 598 601
f 495 601 507
f 403 495 507
f 403 507 416
f 306 183 177
f 306 177 293
f 403 306 293
f 403 293 387
f 306 403 416
f 306 416 317
f 183 306 317
f 183 317 195
f 147 57 50
f 147 50 140
f 202 147 140
f 202 140 195
f 147 202 146
f 57 147 146
f 15 14 11
f 15 11 12
f 57 15 12
f 57 12 50
f 13 51 46
f 13 46 10
f 14 13 10
f 14 10 11
f 51 13 52
f 141 196 184
f 141 184 129
f 51 141 129
f 51 129 46
f 141 51 52
f 318 417 404
f 318 404 307
f 196 318 307
f 196 307 184
f 508 602 599
f 508 599 496
f 417 508 496
f 417 496 404
f 602 508 558
f 642 643 640
f 642 640 639
f 602 642 639
f 602 639 599
f 642 602 558
f 642 558 603
f 643 642 603
f 644 607 601
f 644 601 641
f 643 644 641
f 643 641 640
f 644 643 606
f 607 644 606
f 607 606 559
f 512 425 416
f 512 416 507
f 607 512 507
f 607 507 601
f 512 607 559
f 512 559 511
f 425 512 511
f 325 202 195
f 325 195 317
f 425 325 317
f 425 317 416
f 265 146 202
f 57 146 105
f 56 14 15
f 57 56 15
f 56 57 105
f 53 52 13
f 14 53 13
f 52 53 104
f 141 257 196
f 141 52 104
f 141 104 142
f 257 141 142
f 318 418 417
f 257 318 196
f 418 508 417
f 508 418 509
f 558 508 509
f 603 605 643
f 605 606 643
f 324 265 202
f 324 202 325
f 425 324 325
f 56 55 14
f 54 104 53
f 55 54 53
f 55 53 14
f 319 418 318
f 257 319 318
f 604 605 603
f 558 604 603
f 182 190 189
f 189 181 182
f 190 182 243
f 243 252 190
f 244 253 252
f 252 243 244
f 304 312 253
f 253 244 304
f 357 361 312
f 312 304 357
f 400 412 361
f 361 357 400
f 412 400 399
f 399 411 412
f 411 399 453
f 453 458 411
f 398 410 458
f 458 453 398
f 410 398 397
f 397 409 410
f 409 397 356
f 356 360 409
f 360 356 303
f 303 311 360
f 311 303 241
f 241 250 311
f 242 251 250
f 250 241 242
f 181 189 251
f 251 242 181
f 236 179 178
f 178 235 236
f 237 236 299
f 354 392 355
f 392 354 391
f 389 390 352
f 351 352 296
f 296 295 351
f 296 234 295
f 235 178 234
f 236 235 297
f 297 298 236
f 354 353 390
f 390 391 354
f 235 296 297
f 354 298 297
f 355 299 298
f 298 354 355
f 353 354 297
f 352 390 353
f 353 297 296
f 296 352 353
f 235 234 296
f 389 352 351
f 295 234 233
f 179 236 243
f 243 182 179
f 178 179 182
f 182 181 178
f 236 237 244
f 244 243 236
f 237 299 304
f 304 244 237
f 299 355 357
f 357 304 299
f 392 391 399
f 399 400 392
f 355 392 400
f 400 357 355
f 391 390 452
f 391 452 453
f 453 399 391
f 390 389 397
f 397 398 390
f 452 390 398
f 398 453 452
f 389 351 356
f 356 397 389
f 351 295 303
f 303 356 351
f 295 233 241
f 241 303 295
f 233 234 242
f 242 241 233
f 234 178 181
f 181 242 234
f 236 298 299
f 323 322 367
f 200 199 189
f 189 190 200
f 262 200 190
f 190 252 262
f 263 262 252
f 252 253 263
f 322 263 253
f 253 312 322
f 367 322 312
f 312 361 367
f 423 367 361
f 361 412 423
f 422 423 412
f 412 411 422
f 466 422 411
f 411 458 466
f 421 466 458
f 458 410 421
f 420 421 410
f 410 409 420
f 366 420 409
f 409 360 366
f 321 366 360
f 360 311 321
f 259 321 311
f 311 250 259
f 260 259 250
f 250 251 260
f 199 260 251
f 251 189 199
f 207 206 199
f 199 200 207
f 206 207 217
f 217 216 206
f 269 207 200
f 200 263 269
f 207 269 277
f 277 217 207
f 329 269 263
f 263 322 329
f 330 329 322
f 322 323 330
f 329 330 339
f 339 338 329
f 269 329 338
f 338 277 269
f 371 330 323
f 323 367 371
f 430 371 367
f 367 423 430
f 371 430 440
f 440 376 371
f 330 371 376
f 376 339 330
f 429 430 423
f 423 422 429
f 430 429 439
f 439 440 430
f 472 429 422
f 422 467 472
f 471 472 467
f 467 466 471
f 472 471 477
f 477 478 472
f 429 472 478
f 478 439 429
f 428 471 466
f 466 420 428
f 471 428 438
f 438 477 471
f 427 428 420
f 420 419 427
f 428 427 437
f 437 438 428
f 370 427 419
f 419 366 370
f 328 370 366
f 366 321 328
f 370 328 337
f 337 375 370
f 427 370 375
f 375 437 427
f 267 328 321
f 321 259 267
f 328 267 275
f 275 337 328
f 268 267 259
f 259 260 268
f 205 268 260
f 260 198 205
f 268 205 215
f 215 276 268
f 267 268 276
f 276 275 267
f 206 205 198
f 198 199 206
f 205 206 216
f 216 215 205
f 408 419 366
f 366 360 408
f 360 366 419
f 419 408 360
f 250 259 321
f 321 311 250
f 188 198 197
f 197 187 188
f 251 260 198
f 198 188 251
f 187 197 260
f 260 251 187
f 188 187 251
f 190 200 199
f 199 189 190
f 191 201 200
f 200 190 191
f 253 263 201
f 201 191 253
f 190 200 263
f 263 253 190
f 191 190 253
f 254 312 313
f 254 264 322
f 322 312 254
f 312 322 323
f 323 313 312
f 362 368 367
f 367 361 362
f 361 367 368
f 368 362 361
f 460 468 423
f 423 412 460
f 411 422 468
f 468 460 411
f 412 411 460
f 459 467 466
f 466 458 459
f 458 466 467
f 467 459 458
f 409 420 419
f 419 408 409
f 457 465 420
f 420 409 457
f 408 419 465
f 465 457 408
f 409 408 457
v -0.50133 -0.26550 -0.17300
v -0.50776 -0.27983 -0.13360
v -0.51796 -0.28130 -0.08109
v -0.52312 -0.28250 -0.02829
v -0.52304 -0.28246 0.02893
v -0.51702 -0.28119 0.08620
v -0.50755 -0.28055 0.13286
v -0.50100 -0.26550 0.17400
v -0.50810 -0.22728 -0.18290
v -0.52213 -0.22854 -0.13629
v -0.52879 -0.22845 -0.07943
v -0.52727 -0.22850 -0.02793
v -0.52825 -0.22998 0.02670
v -0.52870 -0.22937 0.08115
v -0.52187 -0.22884 0.13671
v -0.50777 -0.22764 0.18333
v -0.51128 -0.18172 -0.18956
v -0.52836 -0.18172 -0.13476
v -0.52888 -0.18349 -0.07990
v -0.53426 -0.18235 -0.02554
v -0.53414 -0.18231 0.02886
v -0.52945 -0.18319 0.08172
v -0.52729 -0.18131 0.13836
v -0.51045 -0.18132 0.19130
v -0.50950 -0.12401 -0.18619
v -0.52473 -0.12147 -0.13571
v -0.52773 -0.12391 -0.07964
v -0.52929 -0.12193 -0.02635
v -0.52965 -0.11876 0.02744
v -0.52824 -0.12416 0.08108
v -0.52391 -0.12002 0.13760
v -0.50901 -0.12334 0.18698
v -0.50233 -0.07933 -0.17817
v -0.50972 -0.06050 -0.13430
v -0.51901 -0.05740 -0.08165
v -0.52457 -0.05707 -0.02662
v -0.52454 -0.05741 0.02762
v -0.51805 -0.05764 0.08382
v -0.50896 -0.05933 0.13504
v -0.50500 -0.08610 0.17800
v -0.50581 0.05240 -0.13174
v -0.51560 0.05140 -0.08193
v -0.52134 0.05157 -0.02911
v -0.52137 0.05185 0.02942
v -0.51467 0.05147 0.08662
v -0.50617 0.05210 0.12967
v -0.50768 0.10562 -0.18072
v -0.51996 0.10123 -0.13666
v -0.52816 0.10196 -0.07950
v -0.52627 0.10281 -0.02787
v -0.52837 0.10393 0.02604
v -0.52761 0.10148 0.08153
v -0.52006 0.10206 0.13667
v -0.50767 0.10648 0.18107
v -0.51092 0.14820 -0.18943
v -0.52784 0.14764 -0.13501
v -0.52851 0.14762 -0.07960
v -0.53397 0.14776 -0.02592
v -0.53326 0.14882 0.02894
v -0.52925 0.14838 0.08169
v -0.52672 0.14802 0.13891
v -0.51006 0.14766 0.19138
v -0.51023 0.20657 -0.18771
v -0.52633 0.20749 -0.13536
v -0.52803 0.20589 -0.07944
v -0.53164 0.20698 -0.02595
v -0.53164 0.20988 0.02828
v -0.52853 0.20563 0.08107
v -0.52545 0.20860 0.13781
v -0.50972 0.20624 0.18881
v -0.50618 0.24514 -0.17939
v -0.51362 0.26471 -0.13498
v -0.52356 0.26513 -0.08114
v -0.52516 0.26307 -0.02650
v -0.52597 0.26157 0.02753
v -0.52376 0.26383 0.08376
v -0.51324 0.26490 0.13554
v -0.50659 0.24322 0.17979
v -0.50640 0.29570 -0.08180
v -0.51180 0.29570 -0.03560
v -0.51280 0.29570 0.01100
v -0.50667 0.29539 0.07833
v -0.45000 -0.26550 -0.28075
v -0.46369 -0.28181 -0.24444
v -0.47899 -0.28395 -0.18882
v -0.47664 -0.28892 -0.13933
v -0.48196 -0.28854 -0.07916
v -0.48812 -0.28806 -0.02528
v -0.48732 -0.28923 0.03032
v -0.48172 -0.28806 0.08220
v -0.47714 -0.28792 0.14167
v -0.48041 -0.28291 0.19028
v -0.46267 -0.28121 0.24626
v -0.44900 -0.26550 0.28200
v -0.45726 -0.22821 -0.28715
v -0.47651 -0.22939 -0.24326
v -0.47832 -0.23017 -0.19857
v -0.48659 -0.22982 -0.13673
v -0.49703 -0.23160 -0.08890
v -0.50000 -0.24150 -0.05200
v -0.49739 -0.23179 0.08729
v -0.48657 -0.22898 0.13663
v -0.47885 -0.23086 0.19985
v -0.47650 -0.22841 0.24368
v -0.45585 -0.22856 0.28857
v -0.45909 -0.18213 -0.29449
v -0.48060 -0.18308 -0.24229
v -0.47445 -0.18530 -0.18916
v -0.49283 -0.18362 -0.13427
v -0.50000 -0.19350 -0.10200
v -0.50000 -0.18767 0.10417
v -0.49218 -0.18393 0.13616
v -0.47465 -0.18667 0.19274
v -0.48001 -0.18211 0.24412
v -0.45772 -0.18266 0.29598
v -0.45799 -0.12317 -0.29071
v -0.47810 -0.12227 -0.24263
v -0.47679 -0.11628 -0.19519
v -0.48923 -0.12053 -0.13556
v -0.49724 -0.10471 -0.08970
v -0.50000 -0.09250 -0.05200
v -0.49778 -0.10778 0.08950
v -0.48891 -0.12060 0.13626
v -0.47703 -0.11707 0.19739
v -0.47786 -0.12219 0.24394
v -0.45649 -0.12308 0.29239
v -0.45150 -0.07513 -0.28175
v -0.46491 -0.05878 -0.24665
v -0.48241 -0.05384 -0.18993
v -0.48215 -0.04869 -0.13896
v -0.48380 -0.05077 -0.07947
v -0.49007 -0.05157 -0.02560
v -0.48915 -0.04981 0.03077
v -0.48475 -0.05081 0.08356
v -0.47842 -0.04946 0.14279
v -0.48390 -0.05588 0.19200
v -0.46408 -0.05770 0.24606
v -0.45080 -0.07470 0.28160
v -0.45300 -0.03750 -0.17540
v -0.46471 -0.03493 -0.13429
v -0.47742 -0.03533 -0.07825
v -0.48077 -0.03396 -0.02646
v -0.47700 -0.03137 0.03033
v -0.47625 -0.03533 0.08450
v -0.46425 -0.03533 0.13567
v -0.45171 -0.03607 0.17729
v -0.46228 0.05201 -0.24330
v -0.47847 0.04986 -0.18768
v -0.47648 0.04595 -0.13971
v -0.47995 0.04450 -0.07880
v -0.48615 0.04500 -0.02480
v -0.48544 0.04433 0.02972
v -0.47965 0.04500 0.08225
v -0.47743 0.04643 0.14147
v -0.47941 0.05009 0.18746
v -0.46093 0.05199 0.24512
v -0.45661 0.10535 -0.28607
v -0.47554 0.10199 -0.24276
v -0.47878 0.10082 -0.19775
v -0.48531 0.10310 -0.13664
v -0.49594 0.10079 -0.08676
v -0.49667 0.07733 -0.03133
v -0.49575 0.07350 0.03300
v -0.49621 0.10059 0.08588
v -0.48493 0.10250 0.13672
v -0.47983 0.09950 0.19945
v -0.47480 0.10190 0.24397
v -0.45527 0.10402 0.28710
v -0.45900 0.14883 -0.29412
v -0.48013 0.14811 -0.24316
v -0.47492 0.14686 -0.19049
v -0.49254 0.14890 -0.13458
v -0.49900 0.13625 -0.10325
v -0.49975 0.14512 0.10262
v -0.49165 0.14762 0.13688
v -0.47507 0.14677 0.19409
v -0.47983 0.14812 0.24455
v -0.45748 0.14820 0.29571
v -0.45848 0.20746 -0.29217
v -0.47923 0.20705 -0.24239
v -0.47627 0.21210 -0.19349
v -0.49081 0.20809 -0.13522
v -0.49775 0.22569 -0.09513
v -0.49850 0.21989 0.09622
v -0.49030 0.20838 0.13641
v -0.47649 0.21151 0.19655
v -0.47908 0.20709 0.24435
v -0.45711 0.20628 0.29400
v -0.45507 0.24757 -0.28407
v -0.46910 0.26471 -0.24543
v -0.48368 0.26629 -0.19331
v -0.48668 0.25515 -0.14032
v -0.49523 0.24782 -0.08368
v -0.49667 0.26567 -0.03133
v -0.49575 0.26950 0.03300
v -0.49552 0.24767 0.08261
v -0.48479 0.25181 0.13924
v -0.48390 0.26655 0.19513
v -0.46867 0.26418 0.24517
v -0.45363 0.24773 0.28560
v -0.44700 0.29250 -0.25900
v -0.46264 0.29677 -0.18577
v -0.47147 0.29923 -0.13357
v -0.47891 0.29991 -0.07855
v -0.48352 0.30037 -0.02574
v -0.48046 0.30304 0.03012
v -0.47917 0.29941 0.08439
v -0.47048 0.29913 0.13815
v -0.45922 0.29800 0.18172
v -0.45540 0.29570 0.23560
v -0.40190 -0.27873 -0.33840
v -0.42331 -0.28254 -0.29946
v -0.42447 -0.28850 -0.24797
v -0.44100 -0.29450 -0.20600
v -0.44017 -0.29450 0.20683
v -0.42397 -0.28850 0.25297
v -0.42265 -0.28225 0.30270
v -0.40192 -0.27667 0.33933
v -0.40973 -0.22861 -0.35124
v -0.42546 -0.22934 -0.30532
v -0.43667 -0.23003 -0.25457
v -0.43600 -0.22939 0.25561
v -0.42277 -0.22959 0.30941
v -0.40949 -0.22886 0.35105
v -0.41612 -0.18173 -0.35216
v -0.42007 -0.18336 -0.30690
v -0.43968 -0.18643 -0.26043
v -0.43839 -0.18643 0.26214
v -0.42173 -0.18284 0.31086
v -0.41252 -0.18160 0.35594
v -0.41277 -0.12227 -0.35143
v -0.42223 -0.11808 -0.30579
v -0.43787 -0.12019 -0.25706
v -0.43691 -0.11891 0.25802
v -0.42121 -0.11867 0.30962
v -0.41099 -0.12323 0.35317
v -0.40360 -0.06125 -0.33913
v -0.42627 -0.05549 -0.29981
v -0.42945 -0.04959 -0.24823
v -0.44075 -0.04250 -0.20925
v -0.44100 -0.04150 0.20717
v -0.42896 -0.04965 0.25707
v -0.42409 -0.05633 0.30416
v -0.40286 -0.06161 0.34037
v -0.39525 -0.03500 -0.28100
v -0.41714 -0.03564 -0.24550
v -0.43150 -0.03060 -0.19950
v -0.42217 -0.01633 -0.13650
v -0.41567 -0.01367 -0.08000
v -0.42000 -0.01317 -0.02900
v -0.41950 -0.01317 0.02817
v -0.41950 -0.01425 0.08650
v -0.41375 -0.01475 0.13600
v -0.43040 -0.03030 0.20060
v -0.41467 -0.03510 0.24847
v -0.39550 -0.03750 0.28150
v -0.39942 0.05229 -0.33695
v -0.42232 0.05066 -0.29841
v -0.42258 0.04500 -0.24896
v -0.44100 0.04430 -0.20600
v -0.44017 0.04433 0.20683
v -0.42243 0.04560 0.25463
v -0.42224 0.05117 0.30202
v -0.40062 0.05258 0.33562
v -0.40885 0.10282 -0.34980
v -0.42506 0.10088 -0.30461
v -0.43585 0.10038 -0.25215
v -0.43503 0.10155 0.25371
v -0.42291 0.10107 0.30839
v -0.40838 0.10154 0.34949
v -0.41557 0.14831 -0.35232
v -0.42087 0.14759 -0.30698
v -0.43945 0.14716 -0.26028
v -0.43843 0.14650 0.26150
v -0.42153 0.14786 0.31097
v -0.41253 0.14900 0.35545
v -0.41398 0.20707 -0.35211
v -0.42168 0.21038 -0.30663
v -0.43841 0.20806 -0.25931
v -0.43775 0.21045 0.25927
v -0.42196 0.20989 0.31031
v -0.41204 0.20582 0.35411
v -0.40661 0.25927 -0.34431
v -0.42723 0.26595 -0.30225
v -0.43605 0.25114 -0.25041
v -0.43672 0.25874 0.25748
v -0.42390 0.26496 0.30649
v -0.40495 0.26044 0.34533
v -0.39250 0.29350 -0.33450
v -0.40464 0.29779 -0.28693
v -0.42228 0.29926 -0.24707
v -0.43414 0.30421 -0.20229
v -0.42217 0.32167 -0.13650
v -0.41567 0.32467 -0.08000
v -0.42000 0.32517 -0.02900
v -0.41950 0.32517 0.02817
v -0.41950 0.32400 0.08650
v -0.41375 0.32325 0.13600
v -0.43437 0.30362 0.20306
v -0.41703 0.29978 0.25110
v -0.40933 0.29575 0.29425
v -0.34893 -0.27913 -0.39290
v -0.36822 -0.28461 -0.35925
v -0.37695 -0.29113 -0.30958
v -0.37664 -0.29168 0.30900
v -0.36871 -0.28346 0.36081
v -0.34417 -0.27867 0.39675
v -0.35898 -0.22864 -0.40298
v -0.37001 -0.23022 -0.35906
v -0.38987 -0.23025 -0.32200
v -0.38687 -0.23175 0.32487
v -0.37047 -0.22986 0.36364
v -0.35843 -0.22807 0.40313
v -0.36380 -0.18215 -0.40309
v -0.36723 -0.18460 -0.35493
v -0.39100 -0.19217 0.32800
v -0.36511 -0.18424 0.36000
v -0.36338 -0.18169 0.40593
v -0.36113 -0.12305 -0.40297
v -0.36824 -0.11769 -0.35790
v -0.38987 -0.10375 -0.32200
v -0.38809 -0.11305 0.32573
v -0.36847 -0.11773 0.36244
v -0.36087 -0.12418 0.40450
v -0.35092 -0.06288 -0.39468
v -0.37064 -0.05434 -0.36223
v -0.37730 -0.04770 -0.31180
v -0.37758 -0.04633 0.31025
v -0.36999 -0.05458 0.36429
v -0.34746 -0.06156 0.39643
v -0.34757 -0.03607 -0.33900
v -0.37125 -0.03367 -0.30625
v -0.36967 -0.01633 -0.24517
v -0.36000 -0.01283 -0.18733
v -0.35700 -0.01530 -0.13480
v -0.36733 -0.01617 -0.07700
v -0.37433 -0.01617 -0.02600
v -0.37400 -0.01617 0.02500
v -0.36100 -0.01670 0.08820
v -0.37317 -0.01333 0.13850
v -0.36220 -0.01310 0.19560
v -0.36125 -0.01475 0.24250
v -0.37033 -0.03270 0.30533
v -0.34633 -0.03750 0.34000
v -0.34674 0.05171 -0.39100
v -0.36800 0.04971 -0.35885
v -0.37629 0.04462 -0.30871
v -0.37615 0.04450 0.30805
v -0.36754 0.05015 0.35970
v -0.34193 0.05210 0.39487
v -0.35752 0.10306 -0.40220
v -0.37006 0.10105 -0.35907
v -0.38822 0.09828 -0.32033
v -0.38580 0.10000 0.32360
v -0.37069 0.10098 0.36358
v -0.35665 0.10287 0.40243
v -0.36372 0.14837 -0.40321
v -0.36708 0.14706 -0.35616
v -0.39000 0.12750 -0.32700
v -0.39100 0.14650 0.32800
v -0.36612 0.14751 0.36107
v -0.36303 0.14886 0.40582
v -0.36226 0.20625 -0.40319
v -0.36755 0.21044 -0.35728
v -0.39050 0.22750 -0.32350
v -0.38929 0.21593 0.32671
v -0.36804 0.21085 0.36201
v -0.36180 0.20576 0.40537
v -0.35428 0.25804 -0.39849
v -0.37200 0.26417 -0.36300
v -0.38700 0.25150 -0.31933
v -0.38450 0.25150 0.32217
v -0.37206 0.26494 0.36483
v -0.35211 0.26103 0.39862
v -0.35690 0.29836 -0.34486
v -0.37315 0.30105 -0.30795
v -0.36967 0.32167 -0.24517
v -0.36000 0.32583 -0.18733
v -0.35700 0.32370 -0.13480
v -0.36733 0.32283 -0.07700
v -0.37433 0.32283 -0.02600
v -0.37400 0.32283 0.02500
v -0.36100 0.32230 0.08820
v -0.37317 0.32550 0.13850
v -0.36220 0.32550 0.19560
v -0.36125 0.32325 0.24250
v -0.37292 0.30186 0.30664
v -0.35218 0.29686 0.35227
v -0.28745 -0.27205 -0.44309
v -0.30914 -0.28295 -0.41538
v -0.32052 -0.29017 -0.36805
v -0.31787 -0.28928 0.37030
v -0.30794 -0.28314 0.41770
v -0.28557 -0.27521 0.44257
v -0.29995 -0.22722 -0.44910
v -0.31446 -0.22963 -0.41456
v -0.33512 -0.23175 -0.37838
v -0.33100 -0.23175 0.38137
v -0.31658 -0.22962 0.41841
v -0.29604 -0.22832 0.45093
v -0.30458 -0.18207 -0.45237
v -0.31392 -0.18355 -0.41586
v -0.33600 -0.19550 0.38400
v -0.31602 -0.18423 0.41566
v -0.30329 -0.18146 0.45282
v -0.30211 -0.12492 -0.45080
v -0.31408 -0.11997 -0.41453
v -0.33512 -0.10225 -0.37838
v -0.33200 -0.10950 0.38190
v -0.31584 -0.11861 0.41658
v -0.30010 -0.12373 0.45141
v -0.28947 -0.06690 -0.44333
v -0.31148 -0.05484 -0.41680
v -0.32345 -0.04959 -0.36836
v -0.30800 -0.04450 -0.10000
v -0.32500 -0.04450 0.00000
v -0.30800 -0.04450 0.10000
v -0.32046 -0.05027 0.37085
v -0.30997 -0.05712 0.41949
v -0.28691 -0.06450 0.44373
v -0.28750 -0.03750 -0.39175
v -0.31307 -0.03307 -0.36436
v -0.30833 -0.01400 -0.29750
v -0.30900 -0.01350 -0.24480
v -0.30950 -0.01750 -0.19850
v -0.30700 -0.02450 -0.14200
v -0.30410 -0.02140 -0.09770
v -0.31673 -0.02086 -0.00664
v -0.31600 -0.02950 0.02100
v -0.30490 -0.02140 0.09460
v -0.31500 -0.02283 0.13967
v -0.31300 -0.01670 0.19940
v -0.30880 -0.01350 0.24820
v -0.30860 -0.01430 0.29860
v -0.31377 -0.03396 0.36462
v -0.28833 -0.03417 0.38933
v -0.28625 0.05550 -0.43900
v -0.30863 0.05043 -0.41385
v -0.31972 0.04450 -0.36678
v -0.31600 0.04450 0.36953
v -0.30769 0.05065 0.41715
v -0.28300 0.05600 0.44125
v -0.29805 0.10230 -0.44798
v -0.31361 0.10006 -0.41552
v -0.33245 0.09786 -0.37764
v -0.32958 0.09583 0.37892
v -0.31503 0.10162 0.41843
v -0.29514 0.10407 0.45000
v -0.30430 0.14819 -0.45213
v -0.31442 0.14787 -0.41577
v -0.33600 0.14300 0.38400
v -0.31650 0.14666 0.41605
v -0.30259 0.14868 0.45286
v -0.30285 0.20546 -0.45176
v -0.31418 0.20912 -0.41592
v -0.33550 0.23250 -0.37900
v -0.33300 0.22183 0.38267
v -0.31622 0.21016 0.41667
v -0.30192 0.20508 0.45199
v -0.29503 0.25433 -0.44567
v -0.31396 0.26741 -0.41722
v -0.33071 0.25236 -0.37686
v -0.32862 0.25450 0.37737
v -0.31288 0.26338 0.41945
v -0.29221 0.25235 0.44768
v -0.29790 0.29650 -0.40165
v -0.31659 0.30173 -0.36482
v -0.30833 0.32417 -0.29750
v -0.30900 0.32550 -0.24480
v -0.30950 0.32150 -0.19850
v -0.30700 0.31450 -0.14200
v -0.30250 0.30950 -0.09300
v -0.31450 0.30950 -0.03650
v -0.31600 0.30950 0.02100
v -0.30650 0.30950 0.07800
v -0.31500 0.31617 0.13967
v -0.31300 0.32230 0.19940
v -0.30880 0.32530 0.24820
v -0.30860 0.32390 0.29860
v -0.31536 0.30091 0.36659
v -0.29727 0.29786 0.39973
v -0.25386 -0.28210 -0.45786
v -0.25232 -0.28993 -0.41771
v -0.25883 -0.28990 0.41580
v -0.25239 -0.28077 0.45917
v -0.25316 -0.22927 -0.46938
v -0.26785 -0.23115 -0.42842
v -0.26562 -0.23105 0.42934
v -0.25085 -0.22922 0.47039
v -0.22885 -0.17873 -0.49569
v -0.25564 -0.18231 -0.47157
v -0.27064 -0.19168 -0.43318
v -0.26952 -0.18287 0.43367
v -0.25508 -0.18320 0.47368
v -0.22700 -0.17379 0.49614
v -0.22800 -0.14133 -0.49550
v -0.25345 -0.11971 -0.46979
v -0.26868 -0.11458 -0.42984
v -0.26702 -0.11726 0.43087
v -0.25231 -0.12099 0.47091
v -0.22700 -0.14300 0.49600
v -0.25426 -0.05750 -0.45941
v -0.25312 -0.04900 -0.41919
v -0.26300 -0.04450 -0.19100
v -0.26300 -0.04450 0.19000
v -0.25910 -0.04760 0.42045
v -0.25390 -0.05975 0.46077
v -0.25173 -0.03510 -0.41347
v -0.24620 -0.01430 -0.35280
v -0.25100 -0.01450 -0.29967
v -0.26233 -0.01817 -0.25367
v -0.25600 -0.02050 -0.18825
v -0.27400 -0.02950 -0.15900
v -0.27500 -0.01550 -0.09000
v -0.27500 -0.01550 0.08900
v -0.28100 -0.02950 0.14500
v -0.25538 -0.02119 0.18792
v -0.25867 -0.01817 0.25633
v -0.25583 -0.01333 0.30467
v -0.26400 -0.01650 0.35625
v -0.25433 -0.03443 0.40887
v -0.25520 0.05164 -0.45570
v -0.25167 0.04475 -0.41642
v -0.25950 0.04508 0.41423
v -0.25152 0.05176 0.45700
v -0.25318 0.10353 -0.46866
v -0.26614 0.10111 -0.42771
v -0.26365 0.10182 0.42897
v -0.25124 0.10200 0.46943
v -0.22900 0.15464 -0.49555
v -0.25494 0.14795 -0.47134
v -0.27031 0.14388 -0.43308
v -0.27004 0.14977 0.43315
v -0.25417 0.14720 0.47326
v -0.22700 0.15570 0.49620
v -0.22800 0.19487 -0.49575
v -0.25380 0.20932 -0.47096
v -0.27013 0.21333 -0.43087
v -0.26897 0.20959 0.43168
v -0.25343 0.20842 0.47176
v -0.22700 0.19150 0.49600
v -0.25491 0.26247 -0.46323
v -0.26406 0.24761 -0.42756
v -0.26105 0.24713 0.42900
v -0.25313 0.26277 0.46460
v -0.24122 0.29383 -0.45778
v -0.25189 0.29991 -0.41507
v -0.24620 0.32390 -0.35280
v -0.25100 0.32433 -0.29967
v -0.26233 0.32083 -0.25367
v -0.25000 0.30950 -0.19450
v -0.27400 0.30950 -0.15900
v -0.28100 0.30950 0.14500
v -0.24933 0.30950 0.19333
v -0.25867 0.32083 0.25633
v -0.25583 0.32550 0.30467
v -0.26400 0.32150 0.35625
v -0.25739 0.29976 0.41413
v -0.23925 0.29200 0.46000
v -0.18067 -0.26550 -0.49883
v -0.20171 -0.28444 -0.47231
v -0.21825 -0.29550 -0.43475
v -0.22012 -0.29400 0.43400
v -0.19819 -0.28420 0.47394
v -0.17920 -0.26550 0.49880
v -0.19938 -0.22850 -0.50159
v -0.20449 -0.23092 -0.46875
v -0.20391 -0.23067 0.47205
v -0.19506 -0.22768 0.50298
v -0.19832 -0.18145 -0.50797
v -0.20067 -0.18385 -0.46973
v -0.20060 -0.18350 0.46921
v -0.20134 -0.18284 0.50616
v -0.19947 -0.12251 -0.50420
v -0.20240 -0.11938 -0.46870
v -0.20254 -0.11704 0.47055
v -0.19879 -0.12355 0.50413
v -0.18357 -0.06864 -0.49743
v -0.20420 -0.05441 -0.47598
v -0.21850 -0.03950 -0.43500
v -0.19100 -0.04450 -0.26200
v -0.19100 -0.04450 0.26200
v -0.22050 -0.04250 0.43500
v -0.20118 -0.05395 0.47668
v -0.18109 -0.07105 0.49845
v -0.19311 -0.03639 -0.44544
v -0.20325 -0.02275 -0.41300
v -0.19100 -0.01350 -0.35025
v -0.20025 -0.01700 -0.31300
v -0.19136 -0.02214 -0.25527
v -0.19055 -0.02095 0.25627
v -0.20475 -0.01750 0.30425
v -0.19914 -0.01307 0.35771
v -0.21100 -0.02888 0.42250
v -0.18800 -0.03639 0.44700
v -0.20014 0.04974 -0.47176
v -0.21825 0.04350 -0.43475
v -0.22012 0.04475 0.43400
v -0.19631 0.04977 0.47378
v -0.19796 0.10402 -0.50075
v -0.20572 0.09902 -0.46998
v -0.20471 0.09932 0.47282
v -0.19325 0.10437 0.50222
v -0.19841 0.14903 -0.50757
v -0.20021 0.14888 -0.46972
v -0.20027 0.14848 0.46910
v -0.20137 0.14759 0.50575
v -0.19950 0.20656 -0.50571
v -0.20128 0.20884 -0.46913
v -0.20163 0.21071 0.47063
v -0.19994 0.20657 0.50504
v -0.19388 0.25062 -0.49916
v -0.20634 0.26352 -0.47542
v -0.20389 0.26342 0.47665
v -0.19002 0.24848 0.50083
v -0.19861 0.29564 -0.46356
v -0.20630 0.31190 -0.41740
v -0.19100 0.32525 -0.35025
v -0.20025 0.32200 -0.31300
v -0.19933 0.30950 -0.24533
v -0.19950 0.30950 0.24500
v -0.20475 0.32150 0.30425
v -0.19914 0.32550 0.35771
v -0.21417 0.30483 0.42667
v -0.19566 0.29562 0.46541
v -0.14587 -0.28187 -0.50352
v -0.14829 -0.28750 -0.46825
v -0.14647 -0.28803 0.47033
v -0.14187 -0.28171 0.50419
v -0.14563 -0.22937 -0.51874
v -0.14853 -0.22999 -0.48305
v -0.14369 -0.22939 0.48407
v -0.14334 -0.22927 0.51965
v -0.14357 -0.18330 -0.52236
v -0.15342 -0.18617 -0.48721
v -0.15107 -0.18450 0.48755
v -0.14340 -0.18240 0.52321
v -0.14490 -0.12185 -0.52031
v -0.15010 -0.11785 -0.48459
v -0.14718 -0.11892 0.48510
v -0.14263 -0.12252 0.52075
v -0.14570 -0.06016 -0.50634
v -0.14995 -0.05031 -0.47324
v -0.14263 -0.05018 0.47247
v -0.14339 -0.05847 0.50578
v -0.14767 -0.03533 -0.46100
v -0.14040 -0.01390 -0.40340
v -0.14640 -0.01490 -0.35620
v -0.13900 -0.02950 -0.28450
v -0.17000 -0.01550 -0.23400
v -0.16700 -0.02250 0.25200
v -0.14850 -0.02450 0.30350
v -0.14220 -0.01530 0.35360
v -0.15060 -0.01670 0.41840
v -0.14100 -0.03533 0.46225
v -0.14642 0.05165 -0.50142
v -0.14932 0.04518 -0.46636
v -0.14742 0.04517 0.46912
v -0.14127 0.05170 0.50232
v -0.14610 0.10128 -0.51736
v -0.14742 0.10223 -0.48184
v -0.14337 0.10252 0.48261
v -0.14348 0.10180 0.51774
v -0.14328 0.14773 -0.52179
v -0.15365 0.14635 -0.48688
v -0.15076 0.14750 0.48729
v -0.14340 0.14858 0.52285
v -0.14416 0.20723 -0.52149
v -0.15098 0.21075 -0.48590
v -0.14863 0.20989 0.48619
v -0.14285 0.20711 0.52194
v -0.14596 0.25976 -0.51220
v -0.14742 0.24781 -0.48019
v -0.14292 0.24781 0.48104
v -0.14394 0.26142 0.51184
v -0.14813 0.29150 -0.50113
v -0.15015 0.29876 -0.46737
v -0.14040 0.32430 -0.40340
v -0.14640 0.32410 -0.35620
v -0.13900 0.30950 -0.28450
v -0.16400 0.30950 0.27000
v -0.14850 0.31450 0.30350
v -0.14220 0.32370 0.35360
v -0.15060 0.32130 0.41840
v -0.14184 0.29958 0.46692
v -0.14168 0.29171 0.50163
v -0.09029 -0.28188 -0.51629
v -0.09165 -0.28973 -0.47942
v -0.09067 -0.28900 0.47942
v -0.08992 -0.28227 0.51570
v -0.08927 -0.22897 -0.52241
v -0.11243 -0.23621 -0.49157
v -0.10764 -0.23377 0.49282
v -0.08864 -0.22895 0.52233
v -0.09022 -0.18255 -0.52670
v -0.09199 -0.18196 0.52483
v -0.09003 -0.12123 -0.52344
v -0.11243 -0.09779 -0.49157
v -0.10764 -0.10023 0.49282
v -0.09023 -0.12106 0.52239
v -0.09001 -0.05615 -0.51672
v -0.09153 -0.04923 -0.48127
v -0.10000 -0.04450 -0.30900
v -0.10000 -0.04450 0.30800
v -0.09050 -0.05036 0.48136
v -0.09060 -0.05772 0.51710
v -0.09087 -0.03300 -0.47213
v -0.09500 -0.01317 -0.41067
v -0.09680 -0.01670 -0.35960
v -0.09600 -0.02050 -0.30283
v -0.09000 -0.01550 0.27500
v -0.09909 -0.02095 0.30382
v -0.08450 -0.01617 0.36500
v -0.09483 -0.01317 0.40933
v -0.08938 -0.03396 0.47262
v -0.09036 0.05176 -0.51431
v -0.09195 0.04464 -0.47777
v -0.09110 0.04500 0.47765
v -0.08922 0.05148 0.51395
v -0.08905 0.10355 -0.52189
v -0.10427 0.09205 -0.49045
v -0.10253 0.09663 0.49160
v -0.08868 0.10351 0.52184
v -0.09042 0.14808 -0.52652
v -0.09192 0.14841 0.52466
v -0.09035 0.20803 -0.52476
v -0.11700 0.23350 -0.49200
v -0.11100 0.23250 0.49325
v -0.09093 0.20828 0.52369
v -0.08927 0.25728 -0.52078
v -0.10300 0.25290 -0.49030
v -0.09945 0.25159 0.49100
v -0.08922 0.25808 0.51997
v -0.09035 0.29312 -0.51088
v -0.09137 0.30161 -0.47478
v -0.09500 0.32517 -0.41067
v -0.09680 0.32230 -0.35960
v -0.08500 0.30950 -0.30500
v -0.09900 0.30950 0.30050
v -0.08450 0.32283 0.36500
v -0.09483 0.32517 0.40933
v -0.09022 0.30046 0.47522
v -0.08975 0.29255 0.51190
v -0.03336 -0.27978 -0.52062
v -0.03550 -0.29400 -0.48535
v -0.03868 -0.29168 0.48545
v -0.03438 -0.27910 0.52112
v -0.03542 -0.22911 -0.52635
v -0.03348 -0.22937 0.52711
v -0.03561 -0.18246 -0.53355
v -0.03547 -0.18343 0.53399
v -0.03533 -0.12108 -0.52805
v -0.03434 -0.12141 0.52922
v -0.03321 -0.05769 -0.52195
v -0.03550 -0.04250 -0.48630
v -0.04008 -0.04633 0.48683
v -0.03620 -0.05820 0.52216
v -0.03421 -0.03279 -0.47807
v -0.03737 -0.01325 -0.41200
v -0.03325 -0.01750 -0.36650
v -0.02850 -0.02950 -0.31550
v -0.04300 -0.02950 0.31300
v -0.03350 -0.01750 0.36550
v -0.03725 -0.01325 0.41150
v -0.03823 -0.03396 0.47938
v -0.03137 0.05199 -0.52130
v -0.03550 0.04475 -0.48535
v -0.03700 0.04450 0.48470
v -0.03562 0.05185 0.52051
v -0.03615 0.10147 -0.52478
v -0.05550 0.07350 0.49300
v -0.03320 0.10195 0.52607
v -0.03526 0.14829 -0.53270
v -0.03544 0.14806 0.53310
v -0.03542 0.20803 -0.53043
v -0.03468 0.20763 0.53127
v -0.03534 0.25964 -0.52315
v -0.05550 0.26950 0.49300
v -0.03371 0.25785 0.52433
v -0.02868 0.29245 -0.51964
v -0.03475 0.30162 -0.48150
v -0.03737 0.32525 -0.41200
v -0.03325 0.32150 -0.36650
v -0.02850 0.30950 -0.31550
v -0.04300 0.30950 0.31300
v -0.03350 0.32150 0.36550
v -0.03725 0.32525 0.41150
v -0.03770 0.30107 0.48209
v -0.04124 0.29250 0.51805
v 0.02376 -0.27994 -0.52194
v 0.02062 -0.29412 -0.48619
v 0.01770 -0.29370 0.48580
v 0.01906 -0.28091 0.52139
v 0.02027 -0.22994 -0.52786
v 0.01926 -0.22893 0.52736
v 0.01995 -0.18168 -0.53355
v 0.02127 -0.18214 0.53262
v 0.02052 -0.11977 -0.52908
v 0.02068 -0.12133 0.52882
v 0.02135 -0.05960 -0.52371
v 0.01940 -0.04250 -0.48720
v 0.00000 -0.04350 -0.32400
v 0.00000 -0.04350 0.32400
v 0.01780 -0.04310 0.48680
v 0.02120 -0.05760 0.52203
v 0.02157 -0.03421 -0.48136
v 0.01900 -0.01325 -0.41350
v 0.01700 -0.01750 -0.36800
v 0.00483 -0.02042 -0.31708
v 0.00242 -0.02042 0.31667
v 0.01675 -0.01750 0.36625
v 0.01888 -0.01325 0.41237
v 0.01894 -0.03175 0.47762
v 0.02417 0.05181 -0.52169
v 0.02062 0.04464 -0.48619
v 0.01775 0.04500 0.48580
v 0.01811 0.05154 0.52107
v 0.02030 0.10220 -0.52666
v 0.01937 0.10159 0.52574
v 0.02023 0.14876 -0.53312
v 0.02133 0.14837 0.53245
v 0.02095 0.20819 -0.53115
v 0.02045 0.20764 0.53091
v 0.02009 0.25501 -0.52557
v 0.02037 0.25765 0.52441
v 0.02079 0.29261 -0.51979
v 0.02067 0.30079 -0.48379
v 0.01900 0.32525 -0.41350
v 0.01700 0.32150 -0.36800
v 0.02900 0.30950 -0.31550
v 0.01450 0.30950 0.31550
v 0.01675 0.32150 0.36625
v 0.01888 0.32525 0.41237
v 0.01850 0.30235 0.48115
v 0.02364 0.29318 0.51740
v 0.07171 -0.28232 -0.51782
v 0.07904 -0.28946 -0.48164
v 0.07346 -0.28765 0.48273
v 0.07657 -0.28255 0.51766
v 0.07585 -0.22898 -0.52135
v 0.10200 -0.23800 0.49300
v 0.07430 -0.22958 0.52373
v 0.07474 -0.18236 -0.52908
v 0.07557 -0.18295 0.52943
v 0.07561 -0.12166 -0.52333
v 0.10200 -0.09600 0.49300
v 0.07407 -0.11992 0.52510
v 0.07339 -0.05708 -0.51911
v 0.07913 -0.04923 -0.48327
v 0.10000 -0.04350 -0.30900
v 0.10000 -0.04350 0.30800
v 0.07438 -0.05188 0.48450
v 0.07717 -0.05836 0.51940
v 0.07736 -0.03279 -0.47300
v 0.07314 -0.01321 -0.41057
v 0.07080 -0.01670 -0.36580
v 0.09583 -0.02042 -0.30283
v 0.08900 -0.01550 0.27500
v 0.09400 -0.02086 0.30518
v 0.08040 -0.01670 0.36280
v 0.07633 -0.01317 0.41367
v 0.07500 -0.03396 0.47508
v 0.07230 0.05207 -0.51720
v 0.07752 0.04474 -0.48024
v 0.07210 0.04450 0.48065
v 0.07771 0.05181 0.51573
v 0.07536 0.10298 -0.51996
v 0.08700 0.07350 -0.48900
v 0.08400 0.08037 0.49050
v 0.07420 0.10342 0.52354
v 0.07471 0.14842 -0.52859
v 0.07535 0.14762 0.52860
v 0.07569 0.20730 -0.52593
v 0.07463 0.20887 0.52693
v 0.07471 0.25792 -0.51959
v 0.08700 0.26950 -0.48900
v 0.08400 0.26275 0.49050
v 0.07450 0.25637 0.52197
v 0.07238 0.29250 -0.51524
v 0.07688 0.30154 -0.47660
v 0.07314 0.32521 -0.41057
v 0.07080 0.32230 -0.36580
v 0.08550 0.30950 -0.30500
v 0.07200 0.30950 0.30800
v 0.08040 0.32230 0.36280
v 0.07633 0.32517 0.41367
v 0.07378 0.30107 0.47783
v 0.08077 0.29245 0.51345
v 0.12882 -0.28135 -0.50814
v 0.13200 -0.28900 -0.47013
v 0.12881 -0.28950 0.47023
v 0.13206 -0.28102 0.50692
v 0.12646 -0.22884 -0.52065
v 0.13715 -0.23091 -0.48629
v 0.12937 -0.22984 0.48803
v 0.13036 -0.22885 0.52179
v 0.13001 -0.18214 -0.52264
v 0.14863 -0.18588 -0.48875
v 0.13895 -0.18532 0.49095
v 0.12789 -0.18206 0.52354
v 0.12806 -0.12272 -0.52129
v 0.13961 -0.11317 -0.48704
v 0.13261 -0.11530 0.48872
v 0.12867 -0.12352 0.52194
v 0.12884 -0.05734 -0.50934
v 0.13200 -0.05036 -0.47214
v 0.13100 -0.04822 0.47528
v 0.13267 -0.05941 0.50889
v 0.13093 -0.03379 -0.46443
v 0.13475 -0.01425 -0.40775
v 0.13400 -0.01617 -0.35100
v 0.13900 -0.02950 -0.28450
v 0.12650 -0.02950 0.29000
v 0.13060 -0.01490 0.36140
v 0.12833 -0.01400 0.40817
v 0.12785 -0.03550 0.46615
v 0.12983 0.05202 -0.50573
v 0.13230 0.04500 -0.46830
v 0.12814 0.04486 0.46882
v 0.13227 0.05166 0.50446
v 0.12678 0.10164 -0.51989
v 0.13575 0.10286 -0.48550
v 0.12947 0.10311 0.48666
v 0.13089 0.10080 0.51951
v 0.12914 0.14869 -0.52228
v 0.14829 0.14762 -0.48859
v 0.13792 0.14604 0.49087
v 0.12776 0.14852 0.52361
v 0.12887 0.20653 -0.52180
v 0.14283 0.21537 -0.48777
v 0.13521 0.21305 0.48966
v 0.12821 0.20593 0.52269
v 0.12786 0.26041 -0.51557
v 0.13400 0.24640 -0.48452
v 0.12845 0.24632 0.48545
v 0.13207 0.26049 0.51522
v 0.12743 0.29241 -0.50461
v 0.13163 0.30083 -0.46646
v 0.13475 0.32400 -0.40775
v 0.13400 0.32283 -0.35100
v 0.13900 0.30950 -0.28450
v 0.12650 0.30950 0.29000
v 0.13060 0.32410 0.36140
v 0.12833 0.32417 0.40817
v 0.12926 0.29939 0.47048
v 0.13329 0.29179 0.50343
v 0.17217 -0.27515 -0.49787
v 0.18936 -0.28664 -0.47066
v 0.20700 -0.29650 0.43900
v 0.18773 -0.28545 0.47320
v 0.16806 -0.27606 0.49850
v 0.18487 -0.22928 -0.50670
v 0.18455 -0.22982 -0.47036
v 0.18306 -0.22944 0.47047
v 0.18299 -0.22888 0.50693
v 0.18605 -0.18201 -0.51250
v 0.18549 -0.18533 -0.47560
v 0.18202 -0.18404 0.47650
v 0.18398 -0.18230 0.51269
v 0.18562 -0.11912 -0.50874
v 0.18522 -0.12197 -0.47264
v 0.18302 -0.12047 0.47280
v 0.18350 -0.12135 0.50933
v 0.17488 -0.06585 -0.49918
v 0.19007 -0.05079 -0.47667
v 0.19000 -0.04350 -0.26200
v 0.19000 -0.04350 0.26200
v 0.18998 -0.05234 0.47755
v 0.17063 -0.06402 0.49948
v 0.18409 -0.03659 -0.44891
v 0.18360 -0.01610 -0.40280
v 0.18560 -0.01330 -0.35500
v 0.19467 -0.01817 -0.30900
v 0.18658 -0.02042 -0.25633
v 0.18669 -0.02112 0.25562
v 0.18000 -0.01817 0.31667
v 0.18080 -0.01350 0.35280
v 0.19129 -0.02393 0.42157
v 0.17850 -0.03650 0.45060
v 0.16855 0.05332 -0.49509
v 0.18922 0.04836 -0.47063
v 0.20700 0.04250 0.43900
v 0.18650 0.04898 0.47278
v 0.16220 0.05450 0.49730
v 0.18453 0.10251 -0.50517
v 0.18584 0.10079 -0.47002
v 0.18491 0.09975 0.47119
v 0.18144 0.10367 0.50606
v 0.18537 0.14811 -0.51227
v 0.18548 0.14790 -0.47544
v 0.18268 0.14804 0.47598
v 0.18453 0.14829 0.51212
v 0.18615 0.20961 -0.51025
v 0.18524 0.20744 -0.47406
v 0.18272 0.20843 0.47444
v 0.18363 0.20782 0.51085
v 0.18117 0.25374 -0.50272
v 0.18989 0.26182 -0.47539
v 0.18862 0.26231 0.47674
v 0.17867 0.25352 0.50316
v 0.16675 0.29150 -0.49550
v 0.18627 0.29612 -0.46771
v 0.18360 0.32190 -0.40280
v 0.18560 0.32550 -0.35500
v 0.19467 0.32083 -0.30900
v 0.18850 0.30950 -0.25450
v 0.18833 0.30950 0.25333
v 0.18000 0.32083 0.31667
v 0.18080 0.32530 0.35280
v 0.19129 0.31407 0.42157
v 0.18519 0.29564 0.46743
v 0.16000 0.29150 0.49700
v 0.23803 -0.28102 -0.46487
v 0.24192 -0.29004 -0.42358
v 0.24318 -0.28993 0.42239
v 0.23848 -0.28075 0.46535
v 0.22100 -0.22019 -0.49431
v 0.24009 -0.23028 -0.47113
v 0.25969 -0.23250 -0.43315
v 0.25633 -0.23237 0.43460
v 0.23691 -0.22986 0.47394
v 0.21517 -0.22383 0.49575
v 0.22169 -0.18256 -0.49819
v 0.24520 -0.18311 -0.47052
v 0.26240 -0.18290 0.43790
v 0.24258 -0.18265 0.47228
v 0.22094 -0.18146 0.49811
v 0.22152 -0.13281 -0.49669
v 0.24213 -0.11899 -0.47020
v 0.25969 -0.10150 -0.43315
v 0.25805 -0.11274 0.43543
v 0.23895 -0.11869 0.47220
v 0.21921 -0.13111 0.49703
v 0.23993 -0.05768 -0.46559
v 0.24586 -0.04950 -0.42364
v 0.26200 -0.04350 -0.19100
v 0.26200 -0.04350 0.19000
v 0.24722 -0.04806 0.42467
v 0.23671 -0.05835 0.46792
v 0.23638 -0.03363 -0.41881
v 0.23925 -0.01425 -0.35625
v 0.24183 -0.01450 -0.30717
v 0.24567 -0.02150 -0.25133
v 0.25509 -0.02077 -0.18809
v 0.25400 -0.02042 0.18950
v 0.25100 -0.01950 0.25750
v 0.23733 -0.01500 0.30033
v 0.23340 -0.01330 0.35280
v 0.23938 -0.03400 0.41781
v 0.23823 0.05177 -0.46292
v 0.23982 0.04432 -0.42295
v 0.24125 0.04475 0.42187
v 0.23880 0.05212 0.46380
v 0.22013 0.11212 -0.49363
v 0.23954 0.10157 -0.47142
v 0.25824 0.09850 -0.43171
v 0.25600 0.09939 0.43268
v 0.23589 0.10147 0.47348
v 0.21400 0.11210 0.49580
v 0.22167 0.14813 -0.49787
v 0.24489 0.14877 -0.47025
v 0.26238 0.14775 0.43775
v 0.24313 0.14788 0.47171
v 0.22100 0.14972 0.49785
v 0.22169 0.20273 -0.49700
v 0.24387 0.20966 -0.47020
v 0.25967 0.23183 -0.43450
v 0.25993 0.21283 0.43653
v 0.24129 0.20976 0.47215
v 0.21960 0.20352 0.49738
v 0.21900 0.23850 -0.49300
v 0.23870 0.25905 -0.46981
v 0.25736 0.25159 -0.43018
v 0.25533 0.25050 0.43125
v 0.23530 0.25906 0.47207
v 0.21300 0.23850 0.49500
v 0.24088 0.29250 -0.45844
v 0.23888 0.30162 -0.42015
v 0.23925 0.32400 -0.35625
v 0.24183 0.32433 -0.30717
v 0.24567 0.31750 -0.25133
v 0.25000 0.30950 -0.19450
v 0.24050 0.30950 0.20550
v 0.25100 0.31950 0.25750
v 0.23733 0.32400 0.30033
v 0.23340 0.32490 0.35280
v 0.24203 0.30067 0.42090
v 0.23617 0.29237 0.46308
v 0.27773 -0.27923 -0.44585
v 0.30051 -0.28422 -0.41552
v 0.31190 -0.29140 -0.37480
v 0.31085 -0.28958 0.37577
v 0.29819 -0.28456 0.41821
v 0.27846 -0.27629 0.44587
v 0.29287 -0.22805 -0.45315
v 0.29665 -0.23067 -0.41348
v 0.30035 -0.23088 0.41797
v 0.28928 -0.22859 0.45484
v 0.29279 -0.18151 -0.45966
v 0.29483 -0.18450 -0.41670
v 0.29753 -0.18523 0.41629
v 0.29279 -0.18193 0.45915
v 0.29326 -0.12226 -0.45568
v 0.29513 -0.11960 -0.41451
v 0.29853 -0.11813 0.41742
v 0.29032 -0.12241 0.45709
v 0.27923 -0.06280 -0.44797
v 0.30188 -0.05487 -0.42007
v 0.31200 -0.04770 -0.37720
v 0.30800 -0.04350 -0.10000
v 0.30800 -0.04350 0.10000
v 0.31329 -0.05036 0.37657
v 0.30047 -0.05423 0.42147
v 0.27971 -0.06335 0.44721
v 0.28189 -0.03639 -0.39500
v 0.30211 -0.02983 -0.36556
v 0.29900 -0.01383 -0.29700
v 0.29760 -0.01490 -0.24460
v 0.30433 -0.01817 -0.20200
v 0.28150 -0.02950 -0.14600
v 0.30175 -0.02042 -0.09725
v 0.31017 -0.02033 -0.01217
v 0.31600 -0.02950 0.02100
v 0.30233 -0.02042 0.09450
v 0.29833 -0.02617 0.14300
v 0.29275 -0.02100 0.19625
v 0.29125 -0.01450 0.24850
v 0.29383 -0.01317 0.30083
v 0.30255 -0.03005 0.36645
v 0.28271 -0.03607 0.39386
v 0.27741 0.05250 -0.44288
v 0.29911 0.04975 -0.41477
v 0.31122 0.04450 -0.37400
v 0.30945 0.04477 0.37491
v 0.29692 0.04987 0.41771
v 0.27458 0.05183 0.44350
v 0.29157 0.10368 -0.45219
v 0.29899 0.09918 -0.41424
v 0.31800 0.07350 -0.38200
v 0.31850 0.07350 0.38050
v 0.30202 0.10158 0.41843
v 0.28731 0.10252 0.45406
v 0.29265 0.14825 -0.45930
v 0.29412 0.14800 -0.41692
v 0.29616 0.14748 0.41697
v 0.29309 0.14872 0.45857
v 0.29377 0.20709 -0.45700
v 0.29358 0.20810 -0.41552
v 0.29789 0.21031 0.41721
v 0.29134 0.20677 0.45813
v 0.28695 0.25275 -0.45105
v 0.30346 0.26022 -0.41818
v 0.31800 0.26950 -0.38200
v 0.31850 0.26950 0.38050
v 0.30287 0.25831 0.42090
v 0.28471 0.25503 0.45118
v 0.27514 0.29150 -0.44443
v 0.29174 0.29600 -0.40979
v 0.30469 0.30465 -0.36877
v 0.29900 0.32450 -0.29700
v 0.29760 0.32410 -0.24460
v 0.30433 0.32083 -0.20200
v 0.28150 0.30950 -0.14600
v 0.30300 0.30950 -0.09300
v 0.31450 0.30950 -0.03650
v 0.31600 0.30950 0.02100
v 0.30650 0.30950 0.07800
v 0.29867 0.31283 0.14300
v 0.29275 0.31800 0.19625
v 0.29125 0.32450 0.24850
v 0.29383 0.32517 0.30083
v 0.30525 0.30425 0.36912
v 0.29256 0.29539 0.41294
v 0.27320 0.29170 0.44340
v 0.34306 -0.27927 -0.39731
v 0.35476 -0.28554 -0.36129
v 0.36817 -0.29450 -0.31783
v 0.36627 -0.29450 0.31945
v 0.35584 -0.28484 0.36279
v 0.33880 -0.28061 0.39989
v 0.34649 -0.22913 -0.40944
v 0.35434 -0.23026 -0.36162
v 0.35407 -0.22961 0.35973
v 0.34976 -0.22904 0.40671
v 0.32250 -0.16650 -0.44100
v 0.34902 -0.18212 -0.41298
v 0.35904 -0.18546 -0.36293
v 0.35578 -0.18532 0.36555
v 0.34860 -0.18174 0.41443
v 0.32200 -0.17900 0.44000
v 0.34695 -0.12134 -0.41105
v 0.35583 -0.11963 -0.36196
v 0.35440 -0.11939 0.36230
v 0.34886 -0.12039 0.40993
v 0.32200 -0.14300 0.44000
v 0.34308 -0.05967 -0.39875
v 0.35869 -0.05324 -0.36381
v 0.36883 -0.04150 -0.31833
v 0.32400 -0.04350 0.00000
v 0.36580 -0.04190 0.32140
v 0.35933 -0.05194 0.36602
v 0.34109 -0.06020 0.40084
v 0.33809 -0.03514 -0.34582
v 0.36040 -0.03060 -0.30980
v 0.35025 -0.01425 -0.24775
v 0.35100 -0.01333 -0.18917
v 0.34600 -0.01670 -0.13760
v 0.36000 -0.01750 -0.07550
v 0.33438 -0.01975 -0.00638
v 0.36675 -0.01750 0.02450
v 0.35625 -0.01750 0.09050
v 0.35450 -0.01550 0.13425
v 0.34833 -0.01333 0.19333
v 0.34420 -0.01330 0.24660
v 0.35873 -0.03005 0.31173
v 0.33856 -0.03750 0.34744
v 0.34052 0.05215 -0.39584
v 0.35361 0.04840 -0.36122
v 0.36817 0.04433 -0.31783
v 0.36530 0.04450 0.32080
v 0.35461 0.04875 0.36218
v 0.33744 0.05225 0.39816
v 0.34671 0.10240 -0.40776
v 0.35496 0.10026 -0.36169
v 0.35505 0.10020 0.36057
v 0.34980 0.10293 0.40529
v 0.32250 0.17150 -0.44100
v 0.34832 0.14831 -0.41297
v 0.35881 0.14739 -0.36274
v 0.35581 0.14694 0.36513
v 0.34788 0.14807 0.41424
v 0.32200 0.15017 0.44000
v 0.34759 0.20765 -0.41183
v 0.35722 0.20912 -0.36213
v 0.35519 0.20954 0.36357
v 0.34880 0.20792 0.41197
v 0.32200 0.19350 0.44000
v 0.34599 0.25799 -0.40434
v 0.35872 0.25729 -0.36402
v 0.35822 0.25944 0.36458
v 0.34631 0.25628 0.40363
v 0.33531 0.29281 -0.39688
v 0.34764 0.29729 -0.35600
v 0.36356 0.30375 -0.31300
v 0.35025 0.32400 -0.24775
v 0.35100 0.32550 -0.18917
v 0.34600 0.32230 -0.13760
v 0.36000 0.32150 -0.07550
v 0.36700 0.32150 -0.02550
v 0.36675 0.32150 0.02450
v 0.35625 0.32150 0.09050
v 0.35450 0.32350 0.13425
v 0.34833 0.32550 0.19333
v 0.34420 0.32490 0.24660
v 0.36094 0.30462 0.31475
v 0.35142 0.29600 0.35905
v 0.33786 0.29150 0.39793
v 0.39356 -0.28104 -0.34632
v 0.40891 -0.28506 -0.30344
v 0.41790 -0.29140 -0.25050
v 0.41657 -0.29137 0.25209
v 0.40923 -0.28368 0.30833
v 0.39278 -0.27987 0.34759
v 0.37900 -0.22457 -0.38540
v 0.40319 -0.22903 -0.35411
v 0.40528 -0.22980 -0.30328
v 0.42567 -0.23383 -0.27067
v 0.42725 -0.22933 0.26933
v 0.40623 -0.23055 0.30697
v 0.40354 -0.22952 0.35566
v 0.37967 -0.21450 0.38667
v 0.38361 -0.18341 -0.38742
v 0.40555 -0.18242 -0.35610
v 0.41174 -0.18367 -0.30174
v 0.41042 -0.18450 0.30280
v 0.40572 -0.18204 0.35734
v 0.38178 -0.17817 0.38919
v 0.38164 -0.12808 -0.38628
v 0.40404 -0.11970 -0.35424
v 0.40759 -0.11846 -0.30278
v 0.42567 -0.10017 -0.27067
v 0.42725 -0.10467 0.26933
v 0.40727 -0.11888 0.30567
v 0.40383 -0.12048 0.35663
v 0.38160 -0.13723 0.38773
v 0.39532 -0.05931 -0.34661
v 0.41215 -0.05312 -0.30664
v 0.41760 -0.04770 -0.25470
v 0.41800 -0.04673 0.25615
v 0.41227 -0.05400 0.31103
v 0.39502 -0.06223 0.34898
v 0.39156 -0.03639 -0.28644
v 0.41047 -0.03183 -0.24360
v 0.40300 -0.01650 -0.18650
v 0.40800 -0.01430 -0.13720
v 0.39733 -0.01283 -0.08300
v 0.40500 -0.01283 -0.02800
v 0.40483 -0.01283 0.02717
v 0.40500 -0.01325 0.08350
v 0.39650 -0.01317 0.14033
v 0.40550 -0.01775 0.19775
v 0.41247 -0.03377 0.24773
v 0.38763 -0.03625 0.29125
v 0.39208 0.05189 -0.34467
v 0.40921 0.04883 -0.30193
v 0.41772 0.04450 -0.24889
v 0.41619 0.04488 0.25100
v 0.40788 0.04973 0.30737
v 0.39086 0.05246 0.34611
v 0.37891 0.10877 -0.38409
v 0.40253 0.10312 -0.35291
v 0.40563 0.10074 -0.30411
v 0.42413 0.09712 -0.26925
v 0.42592 0.10025 0.26775
v 0.40768 0.09950 0.30764
v 0.40222 0.10313 0.35507
v 0.37700 0.11650 0.38800
v 0.38309 0.14675 -0.38744
v 0.40543 0.14784 -0.35601
v 0.41106 0.14803 -0.30221
v 0.42850 0.12750 0.27300
v 0.40932 0.14800 0.30390
v 0.40585 0.14849 0.35716
v 0.38183 0.15196 0.38867
v 0.38230 0.20436 -0.38689
v 0.40483 0.20930 -0.35513
v 0.40926 0.20994 -0.30189
v 0.42750 0.23050 -0.27100
v 0.42833 0.22650 0.27033
v 0.40798 0.20925 0.30443
v 0.40477 0.20826 0.35710
v 0.38150 0.19830 0.38840
v 0.37775 0.24050 -0.38350
v 0.39974 0.25540 -0.35116
v 0.40927 0.25934 -0.30859
v 0.42300 0.25150 -0.26867
v 0.42475 0.24850 0.26712
v 0.41200 0.26089 0.31058
v 0.39915 0.25641 0.35260
v 0.39137 0.29261 -0.34226
v 0.40406 0.29644 -0.29619
v 0.41278 0.30285 -0.24657
v 0.40300 0.32150 -0.18650
v 0.40800 0.32390 -0.13720
v 0.39733 0.32583 -0.08300
v 0.40500 0.32583 -0.02800
v 0.40483 0.32583 0.02717
v 0.40500 0.32525 0.08350
v 0.39650 0.32517 0.14033
v 0.40550 0.32025 0.19775
v 0.41462 0.30088 0.25073
v 0.40239 0.29550 0.30456
v 0.39050 0.29150 0.34637
v 0.44029 -0.27894 -0.28624
v 0.45936 -0.28115 -0.24379
v 0.46391 -0.28775 -0.19715
v 0.46838 -0.28950 -0.13633
v 0.47905 -0.29370 -0.08365
v 0.48443 -0.29593 -0.03257
v 0.48450 -0.29617 0.02683
v 0.47929 -0.29440 0.08081
v 0.46769 -0.28802 0.13955
v 0.46555 -0.28666 0.20239
v 0.45790 -0.28147 0.24691
v 0.43934 -0.27881 0.28697
v 0.43300 -0.21050 -0.32800
v 0.44867 -0.22880 -0.29910
v 0.46331 -0.23008 -0.24903
v 0.46800 -0.22898 -0.19024
v 0.48158 -0.23239 -0.15095
v 0.48060 -0.23330 0.15310
v 0.46615 -0.22883 0.19408
v 0.46400 -0.23030 0.25189
v 0.44798 -0.22846 0.29987
v 0.43271 -0.18343 -0.33168
v 0.45306 -0.18292 -0.30072
v 0.46402 -0.18393 -0.25425
v 0.47319 -0.18558 -0.19144
v 0.48488 -0.18688 -0.15925
v 0.48500 -0.18900 0.15775
v 0.47235 -0.18465 0.19273
v 0.46158 -0.18453 0.25487
v 0.45133 -0.18263 0.30459
v 0.43383 -0.17067 0.33100
v 0.43237 -0.14045 -0.33132
v 0.45024 -0.12143 -0.29971
v 0.46295 -0.12000 -0.25122
v 0.47020 -0.12133 -0.19077
v 0.48236 -0.11094 -0.15288
v 0.48117 -0.10550 0.15357
v 0.46913 -0.12170 0.19272
v 0.46218 -0.11917 0.25274
v 0.44939 -0.12366 0.30238
v 0.43300 -0.14450 0.33100
v 0.44091 -0.06171 -0.28919
v 0.46163 -0.05779 -0.24401
v 0.46809 -0.04980 -0.19870
v 0.47029 -0.04950 -0.13607
v 0.48010 -0.04310 -0.08380
v 0.48425 -0.03950 -0.04050
v 0.48500 -0.03950 0.03600
v 0.48040 -0.04190 0.07950
v 0.46967 -0.05117 0.13922
v 0.46977 -0.05122 0.20293
v 0.46026 -0.05779 0.24695
v 0.44044 -0.06108 0.28808
v 0.43400 -0.03750 -0.21900
v 0.44550 -0.03667 -0.19158
v 0.46073 -0.03270 -0.13567
v 0.47107 -0.03257 -0.08064
v 0.47693 -0.03257 -0.03000
v 0.47256 -0.02983 0.02756
v 0.47379 -0.03421 0.08471
v 0.46071 -0.03421 0.13914
v 0.44400 -0.03533 0.19142
v 0.43100 -0.03750 0.22200
v 0.43909 0.05273 -0.28323
v 0.45781 0.05146 -0.24438
v 0.46440 0.04827 -0.19860
v 0.46645 0.04450 -0.13695
v 0.47905 0.04500 -0.08365
v 0.48443 0.04307 -0.03257
v 0.48450 0.04283 0.02683
v 0.47929 0.04440 0.08081
v 0.46574 0.04485 0.13900
v 0.46483 0.04867 0.20179
v 0.45690 0.05164 0.24720
v 0.43733 0.05200 0.28456
v 0.44754 0.10248 -0.29781
v 0.46323 0.10109 -0.24767
v 0.46635 0.10257 -0.19011
v 0.48096 0.10063 -0.14787
v 0.47935 0.09804 0.15046
v 0.46626 0.10184 0.19624
v 0.46337 0.10114 0.25059
v 0.44674 0.10320 0.29875
v 0.43264 0.14878 -0.33148
v 0.45251 0.14728 -0.30083
v 0.46398 0.14765 -0.25392
v 0.47310 0.14710 -0.19088
v 0.48486 0.14664 -0.15914
v 0.48500 0.14950 0.15775
v 0.47218 0.14802 0.19241
v 0.46217 0.14671 0.25476
v 0.45125 0.14842 0.30422
v 0.43375 0.15825 0.33100
v 0.43252 0.19650 -0.33143
v 0.45132 0.20766 -0.30056
v 0.46349 0.20868 -0.25253
v 0.47158 0.20838 -0.19092
v 0.48327 0.21543 -0.15620
v 0.48264 0.22386 0.15427
v 0.47071 0.20842 0.19218
v 0.46204 0.20880 0.25363
v 0.45038 0.20668 0.30314
v 0.43367 0.18983 0.33100
v 0.44462 0.25765 -0.29390
v 0.46364 0.25729 -0.24591
v 0.46959 0.25885 -0.19551
v 0.48047 0.24837 -0.14480
v 0.47828 0.25083 0.14917
v 0.47000 0.25942 0.20118
v 0.46317 0.25796 0.24925
v 0.44425 0.25620 0.29475
v 0.43863 0.29150 -0.28375
v 0.45421 0.29300 -0.24379
v 0.45879 0.29694 -0.19528
v 0.46332 0.30210 -0.13628
v 0.47483 0.30150 -0.08196
v 0.47856 0.30417 -0.03233
v 0.47380 0.30740 0.02840
v 0.47654 0.30104 0.08254
v 0.46358 0.30046 0.13862
v 0.45775 0.29706 0.19678
v 0.45381 0.29343 0.24507
v 0.43600 0.29239 0.28300
v 0.49313 -0.27692 -0.18200
v 0.50634 -0.28082 -0.13527
v 0.51509 -0.28088 -0.07809
v 0.51813 -0.28106 -0.02494
v 0.51646 -0.28062 0.02584
v 0.51513 -0.28078 0.08410
v 0.50506 -0.28016 0.14058
v 0.49194 -0.27831 0.18369
v 0.48956 -0.22413 -0.22889
v 0.50383 -0.22985 -0.19150
v 0.51543 -0.22903 -0.13332
v 0.52105 -0.22878 -0.08230
v 0.52585 -0.23172 -0.02720
v 0.52455 -0.23153 0.02951
v 0.52175 -0.22980 0.08262
v 0.51460 -0.22901 0.13759
v 0.50259 -0.22888 0.19473
v 0.48862 -0.22554 0.22981
v 0.49236 -0.18068 -0.23405
v 0.50936 -0.18164 -0.19344
v 0.51863 -0.18230 -0.13464
v 0.52310 -0.18418 -0.08498
v 0.51026 -0.18375 -0.02445
v 0.51002 -0.18534 0.03047
v 0.52610 -0.18345 0.08799
v 0.51576 -0.18213 0.13736
v 0.51006 -0.18063 0.19108
v 0.49171 -0.18076 0.23508
v 0.49132 -0.12604 -0.23029
v 0.50612 -0.12024 -0.19224
v 0.51631 -0.12175 -0.13390
v 0.52092 -0.11922 -0.08299
v 0.52185 -0.11173 -0.02640
v 0.52080 -0.11221 0.02953
v 0.52254 -0.11910 0.08458
v 0.51445 -0.12087 0.13734
v 0.50561 -0.12021 0.19306
v 0.49030 -0.12732 0.23241
v 0.49413 -0.06199 -0.18364
v 0.50791 -0.05774 -0.13385
v 0.51645 -0.05763 -0.07920
v 0.52020 -0.05911 -0.02683
v 0.51846 -0.05687 0.02716
v 0.51610 -0.05758 0.08361
v 0.50630 -0.05923 0.14096
v 0.49323 -0.06253 0.18650
v 0.49100 0.05279 -0.17800
v 0.50374 0.05195 -0.13617
v 0.51585 0.05188 -0.07813
v 0.51645 0.05111 -0.02457
v 0.51524 0.05133 0.02396
v 0.51458 0.05181 0.08492
v 0.50228 0.05189 0.14106
v 0.49055 0.05255 0.17923
v 0.48850 0.10970 -0.22920
v 0.50204 0.10133 -0.19113
v 0.51499 0.10253 -0.13299
v 0.51901 0.10189 -0.08189
v 0.52618 0.10198 -0.02719
v 0.52419 0.10099 0.02966
v 0.52096 0.10199 0.08261
v 0.51367 0.10211 0.13809
v 0.50065 0.10174 0.19459
v 0.48819 0.10955 0.22924
v 0.49240 0.14882 -0.23304
v 0.50928 0.14870 -0.19279
v 0.51820 0.14887 -0.13473
v 0.52336 0.14618 -0.08412
v 0.51000 0.14837 -0.02469
v 0.51050 0.14741 0.03030
v 0.52537 0.14759 0.08721
v 0.51579 0.14830 0.13710
v 0.50954 0.14881 0.19142
v 0.49154 0.14967 0.23473
v 0.49181 0.20603 -0.23156
v 0.50764 0.20800 -0.19273
v 0.51736 0.20764 -0.13428
v 0.52251 0.21028 -0.08360
v 0.51932 0.21647 -0.02611
v 0.51871 0.21628 0.03025
v 0.52430 0.20937 0.08553
v 0.51493 0.20810 0.13746
v 0.50773 0.20776 0.19209
v 0.49089 0.20452 0.23343
v 0.48800 0.24250 -0.22533
v 0.49863 0.25750 -0.18815
v 0.51226 0.25848 -0.13341
v 0.51753 0.25917 -0.08041
v 0.52506 0.25537 -0.02625
v 0.52328 0.25846 0.02890
v 0.51874 0.25772 0.08357
v 0.51146 0.25736 0.13885
v 0.49736 0.25669 0.19161
v 0.48743 0.23907 0.22800
v 0.49018 0.29159 -0.17845
v 0.50286 0.29245 -0.13273
v 0.51400 0.29241 -0.07943
v 0.51039 0.29346 -0.02909
v 0.51080 0.29313 0.02347
v 0.51173 0.29312 0.08254
v 0.50005 0.29255 0.14175
v 0.49017 0.29150 0.18000
v 0.54172 -0.21317 -0.02256
v 0.54182 -0.21332 0.02218
v 0.54159 -0.17956 -0.06382
v 0.54421 -0.18119 -0.02544
v 0.54415 -0.18191 0.02797
v 0.54157 -0.18061 0.06238
v 0.54129 -0.14168 -0.06265
v 0.54328 -0.13670 -0.02629
v 0.54327 -0.13607 0.02614
v 0.54135 -0.14170 0.06035
v 0.54100 0.11610 -0.00760
v 0.54100 0.11625 0.01500
v 0.54155 0.15395 -0.06362
v 0.54385 0.14864 -0.02589
v 0.54377 0.14760 0.02734
v 0.54155 0.15215 0.06206
v 0.54141 0.19514 -0.06318
v 0.54352 0.19971 -0.02575
v 0.54350 0.20038 0.02649
v 0.54142 0.19508 0.06119
usemtl m007
f 703 710 702
f 710 703 711
f 696 703 702
f 696 702 695
f 695 803 804
f 695 804 696
f 702 814 803
f 702 803 695
f 696 804 815
f 696 815 703
f 695 803 814
f 695 814 702
f 726 727 858
f 726 858 857
f 726 857 846
f 727 847 858
f 718 710 711
f 711 703 704
f 703 696 697
f 703 697 704
f 696 804 805
f 696 805 697
f 703 815 804
f 703 804 696
f 704 815 816
f 697 805 815
f 697 815 704
f 711 719 718
f 727 728 859
f 727 859 858
f 728 848 847
f 728 847 859
f 704 697 698
f 712 816 704
f 704 816 826
f 704 826 712
f 704 816 805
f 704 805 697
f 697 805 816
f 697 816 704
f 712 711 704
f 711 712 720
f 711 720 719
f 728 859 848
f 729 728 848
f 729 848 859
f 728 729 859
f 705 698 806
f 705 713 712
f 698 705 704
f 713 827 817
f 713 817 705
f 705 817 827
f 705 827 713
f 705 817 806
f 713 826 712
f 705 816 817
f 713 827 826
f 712 826 816
f 712 816 705
f 698 805 806
f 704 805 698
f 705 816 704
f 698 806 817
f 698 817 705
f 713 827 837
f 713 837 721
f 729 849 860
f 721 720 836
f 721 837 836
f 713 826 837
f 729 848 849
f 729 860 859
f 713 721 720
f 713 720 712
f 721 837 827
f 721 827 713
f 706 713 705
f 713 706 714
f 807 705 806
f 705 807 706
f 807 818 706
f 714 828 827
f 714 827 818
f 714 818 706
f 706 818 828
f 706 828 714
f 818 817 807
f 706 818 817
f 705 817 706
f 714 827 713
f 706 818 827
f 706 827 714
f 850 849 729
f 850 729 730
f 722 837 838
f 714 828 838
f 714 838 722
f 850 861 849
f 730 850 849
f 721 722 837
f 713 837 722
f 850 861 860
f 730 729 849
f 849 850 860
f 713 722 721
f 722 837 827
f 722 827 714
f 808 819 818
f 714 818 819
f 714 819 828
f 818 807 808
f 829 828 714
f 829 828 818
f 829 818 819
f 808 913 914
f 818 913 808
f 808 914 920
f 808 920 819
f 714 828 818
f 819 818 828
f 807 913 808
f 722 714 829
f 722 829 839
f 839 838 722
f 851 952 951
f 850 851 951
f 851 938 952
f 850 951 861
f 722 838 828
f 722 828 714
f 820 829 819
f 830 829 820
f 915 819 808
f 808 914 915
f 819 915 820
f 819 920 820
f 830 926 829
f 829 926 920
f 829 920 819
f 820 920 926
f 820 926 830
f 819 920 914
f 819 914 808
f 915 914 920
f 915 920 820
f 819 920 926
f 819 926 829
f 938 851 852
f 939 938 852
f 939 852 851
f 839 840 932
f 830 926 932
f 830 932 840
f 938 939 952
f 840 839 829
f 840 829 830
f 921 927 830
f 830 820 921
f 915 921 820
f 915 1000 921
f 820 920 921
f 830 927 926
f 830 926 920
f 830 920 820
f 820 920 914
f 820 914 915
f 939 1039 953
f 840 933 932
f 830 927 933
f 830 933 840
f 939 953 952
f 852 939 952
f 852 952 938
f 840 933 927
f 840 927 830
f 840 932 926
f 840 926 830
f 1001 922 916
f 922 928 927
f 922 927 921
f 916 922 921
f 916 921 915
f 928 1012 927
f 922 1006 1007
f 928 1013 1012
f 928 927 1006
f 928 1006 922
f 922 1007 1013
f 922 1013 928
f 916 1000 1001
f 922 1006 1000
f 922 1000 916
f 1001 1007 922
f 922 921 1006
f 922 1006 927
f 915 1000 916
f 916 1000 1006
f 916 1006 922
f 933 927 928
f 933 928 934
f 934 933 1018
f 934 1019 1018
f 928 1013 1019
f 928 1019 934
f 1025 1040 1039
f 940 1024 1025
f 940 1025 1039
f 940 1039 1024
f 939 940 1039
f 940 939 1024
f 934 933 927
f 934 927 928
f 1008 1014 1013
f 1008 1013 1007
f 1013 1014 928
f 1007 1001 1002
f 1007 1002 1008
f 1007 928 922
f 928 1007 1013
f 1001 1092 1002
f 1008 1098 1007
f 1002 1092 1098
f 1002 1098 1008
f 934 1020 1019
f 934 928 1014
f 934 1014 1020
f 1014 1013 1019
f 1014 1019 1020
f 1025 1026 1132
f 1025 1132 1040
f 1026 1025 1115
f 1026 1115 1132
f 934 1019 1013
f 934 1013 928
f 1099 1014 1008
f 1014 1099 1104
f 1093 1099 1008
f 1008 1002 1093
f 1008 1098 1092
f 1008 1092 1093
f 1008 1099 1098
f 1014 1103 1013
f 1014 1013 1007
f 1014 1007 1008
f 1014 1104 1103
f 1008 1099 1104
f 1008 1104 1014
f 1002 1092 1093
f 1008 1092 1002
f 1093 1092 1098
f 1093 1098 1008
f 1013 1104 1014
f 1014 1104 1110
f 1014 1110 1020
f 1116 1133 1132
f 1026 1116 1132
f 1026 1115 1116
f 1020 1110 1109
f 1020 1109 1019
f 1116 1115 1132
f 1020 1110 1013
f 1020 1013 1014
f 1020 1019 1013
f 1094 1100 1099
f 1094 1099 1093
f 1094 1093 1177
f 1094 1177 1176
f 1100 1094 1177
f 1104 1099 1100
f 1104 1100 1105
f 1093 1176 1177
f 1100 1099 1180
f 1105 1104 1099
f 1105 1099 1100
f 1105 1185 1104
f 1100 1180 1185
f 1100 1185 1105
f 1099 1176 1093
f 1177 1176 1180
f 1177 1180 1100
f 1111 1191 1110
f 1105 1185 1110
f 1105 1110 1111
f 1117 1116 1196
f 1116 1117 1210
f 1117 1197 1210
f 1197 1117 1196
f 1197 1196 1210
f 1104 1110 1111
f 1116 1210 1133
f 1111 1104 1105
f 1020 1110 1104
f 1020 1104 1014
f 1181 1186 1105
f 1181 1105 1100
f 1177 1176 1250
f 1181 1180 1176
f 1181 1176 1177
f 1177 1250 1254
f 1177 1254 1181
f 1100 1180 1181
f 1186 1185 1105
f 1105 1185 1180
f 1105 1180 1100
f 1177 1180 1181
f 1192 1105 1186
f 1197 1211 1276
f 1197 1276 1210
f 1197 1266 1276
f 1111 1192 1191
f 1105 1185 1191
f 1105 1191 1192
f 1105 1192 1111
f 1192 1191 1185
f 1192 1185 1105
f 1111 1191 1185
f 1111 1185 1105
f 1255 1259 1186
f 1255 1186 1254
f 1259 1187 1186
f 1186 1181 1254
f 1251 1181 1177
f 1181 1251 1254
f 1259 1258 1186
f 1186 1258 1254
f 1255 1254 1258
f 1255 1258 1259
f 1177 1250 1251
f 1181 1254 1250
f 1181 1250 1177
f 1192 1263 1262
f 1192 1193 1263
f 1193 1187 1259
f 1193 1259 1263
f 1192 1186 1187
f 1192 1187 1193
f 1277 1211 1197
f 1277 1197 1266
f 1259 1258 1262
f 1259 1262 1263
f 1186 1258 1262
f 1186 1262 1192
f 1211 1277 1276
f 1192 1262 1258
f 1192 1258 1186
f 1315 1319 1259
f 1315 1259 1255
f 1311 1315 1255
f 1251 1255 1254
f 1251 1310 1311
f 1255 1251 1311
f 1259 1318 1258
f 1255 1314 1315
f 1319 1318 1259
f 1259 1318 1314
f 1259 1314 1255
f 1315 1314 1318
f 1315 1318 1319
f 1255 1314 1310
f 1255 1310 1311
f 1311 1310 1314
f 1311 1314 1315
f 1255 1254 1314
f 1259 1258 1254
f 1259 1254 1255
f 1255 1314 1258
f 1311 1314 1255
f 1267 1277 1266
f 1338 1277 1267
f 1338 1267 1327
f 1263 1262 1322
f 1263 1323 1322
f 1319 1318 1322
f 1319 1322 1323
f 1327 1338 1337
f 1327 1267 1326
f 1267 1327 1337
f 1267 1337 1326
f 1327 1326 1337
f 1277 1338 1337
f 1277 1266 1337
f 1267 1266 1326
f 1323 1263 1259
f 1323 1259 1319
f 1263 1262 1258
f 1263 1258 1259
f 1319 1315 1375
f 1319 1375 1377
f 1371 1375 1315
f 1371 1315 1311
f 1315 1374 1375
f 1315 1314 1374
f 1319 1318 1314
f 1319 1314 1315
f 1311 1370 1371
f 1315 1314 1370
f 1315 1370 1311
f 1371 1370 1374
f 1371 1374 1375
f 1311 1310 1370
f 1315 1314 1310
f 1315 1310 1311
f 1311 1370 1314
f 1395 1338 1327
f 1395 1327 1385
f 1323 1381 1380
f 1323 1380 1322
f 1319 1377 1381
f 1319 1381 1323
f 1327 1338 1394
f 1327 1326 1384
f 1395 1385 1394
f 1385 1327 1384
f 1338 1395 1394
f 1327 1394 1326
f 1385 1384 1394
f 1338 1394 1337
f 1323 1322 1318
f 1323 1318 1319
f 1377 1375 1424
f 1421 1375 1371
f 1375 1421 1424
f 1424 1426 1377
f 1371 1420 1421
f 1371 1370 1420
f 1375 1374 1370
f 1375 1370 1371
f 1421 1420 1423
f 1421 1423 1424
f 1377 1381 1323
f 1385 1431 1440
f 1395 1385 1440
f 1431 1441 1440
f 1395 1440 1394
f 1431 1430 1440
f 1424 1421 1469
f 1421 1420 1468
f 1421 1468 1469
f 1424 1420 1421
f 1469 1468 1424
f 1424 1423 1420
f 1487 1441 1431
f 1487 1431 1477
f 1377 1426 1428
f 1377 1428 1381
f 1441 1487 1486
f 1441 1486 1440
f 1477 1431 1486
f 1487 1477 1486
f 1471 1473 1426
f 1471 1426 1424
f 1469 1471 1424
f 1471 1468 1469
f 1473 1475 1428
f 1473 1428 1426
f 1522 1473 1471
f 1473 1522 1524
f 1518 1522 1471
f 1518 1471 1469
f 1522 1521 1517
f 1522 1517 1518
f 1518 1517 1521
f 1518 1521 1522
f 1469 1468 1517
f 1469 1517 1518
f 1526 1473 1524
f 1540 1487 1477
f 1540 1477 1530
f 1530 1540 1539
f 1530 1539 1529
f 1473 1475 1526
f 1487 1540 1539
f 1487 1539 1486
f 1524 1522 1576
f 1524 1576 1580
f 1522 1518 1572
f 1522 1572 1576
f 1576 1575 1579
f 1576 1579 1580
f 1576 1521 1571
f 1576 1571 1572
f 1576 1575 1521
f 1572 1571 1575
f 1572 1575 1576
f 1518 1517 1571
f 1518 1571 1572
f 1576 1521 1522
f 1572 1571 1521
f 1572 1521 1576
f 1526 1524 1580
f 1526 1580 1584
f 1598 1540 1530
f 1598 1530 1588
f 1588 1598 1597
f 1588 1597 1529
f 1588 1529 1587
f 1588 1587 1597
f 1540 1598 1597
f 1540 1597 1539
f 1588 1530 1529
f 1640 1644 1580
f 1636 1640 1576
f 1640 1636 1635
f 1580 1576 1640
f 1576 1572 1636
f 1644 1579 1580
f 1640 1575 1639
f 1644 1643 1579
f 1580 1579 1575
f 1580 1575 1640
f 1640 1639 1643
f 1640 1643 1644
f 1636 1571 1635
f 1576 1575 1571
f 1576 1571 1636
f 1640 1575 1576
f 1635 1639 1640
f 1580 1575 1576
f 1640 1575 1579
f 1640 1579 1580
f 1636 1571 1575
f 1636 1575 1576
f 1572 1571 1636
f 1584 1580 1644
f 1584 1644 1648
f 1663 1652 1651
f 1664 1598 1588
f 1664 1588 1652
f 1664 1652 1663
f 1664 1652 1598
f 1648 1584 1583
f 1648 1647 1583
f 1644 1643 1647
f 1644 1647 1648
f 1652 1664 1597
f 1652 1587 1651
f 1652 1663 1597
f 1664 1663 1597
f 1588 1652 1597
f 1652 1588 1587
f 1580 1579 1583
f 1580 1583 1584
f 1652 1587 1597
f 1598 1652 1597
f 1584 1583 1579
f 1584 1579 1580
f 1711 1644 1640
f 1644 1711 1710
f 1644 1710 1716
f 1705 1639 1635
f 1710 1711 1640
f 1639 1710 1640
f 1639 1705 1710
f 1711 1639 1710
f 1640 1639 1711
f 1716 1643 1644
f 1644 1643 1639
f 1644 1639 1640
f 1710 1639 1643
f 1710 1643 1716
f 1705 1635 1634
f 1721 1722 1648
f 1651 1663 1727
f 1652 1728 1727
f 1652 1727 1651
f 1722 1721 1647
f 1648 1722 1647
f 1716 1643 1647
f 1716 1647 1722
f 1740 1662 1663
f 1727 1740 1663
f 1722 1648 1644
f 1722 1644 1716
f 1648 1647 1643
f 1648 1643 1644
f 1715 1710 1794
f 1710 1715 1716
f 1710 1709 1794
f 1710 1704 1705
f 1705 1704 1709
f 1705 1709 1710
f 1716 1715 1643
f 1705 1634 1704
f 1710 1639 1635
f 1710 1635 1705
f 1721 1802 1720
f 1727 1740 1739
f 1727 1808 1726
f 1727 1726 1739
f 1727 1740 1662
f 1727 1662 1663
f 1740 1739 1662
f 1715 1721 1722
f 1715 1722 1716
f 1722 1647 1643
f 1722 1643 1716
f 1794 1787 1793
f 1794 1798 1715
f 1788 1794 1710
f 1788 1710 1705
f 1788 1787 1794
f 1798 1797 1714
f 1798 1797 1793
f 1798 1793 1794
f 1794 1793 1797
f 1794 1797 1798
f 1794 1709 1704
f 1794 1704 1787
f 1794 1793 1709
f 1798 1714 1715
f 1715 1709 1794
f 1788 1704 1787
f 1705 1704 1788
f 1710 1709 1704
f 1787 1704 1709
f 1787 1709 1794
f 1825 1808 1807
f 1715 1798 1802
f 1715 1802 1721
f 1826 1740 1808
f 1825 1826 1808
f 1802 1720 1801
f 1798 1797 1801
f 1798 1801 1802
f 1808 1825 1739
f 1808 1739 1726
f 1808 1726 1807
f 1798 1715 1720
f 1798 1720 1802
f 1808 1740 1739
f 1826 1825 1739
f 1826 1808 1739
f 1740 1826 1739
f 1727 1808 1739
f 1802 1720 1715
f 1883 1884 1797
f 1884 1883 1798
f 1798 1793 1878
f 1798 1878 1883
f 1793 1787 1874
f 1883 1797 1793
f 1883 1793 1878
f 1878 1793 1786
f 1878 1786 1874
f 1874 1786 1792
f 1874 1792 1878
f 1883 1797 1798
f 1878 1793 1797
f 1878 1797 1883
f 1797 1884 1798
f 1889 1888 1801
f 1889 1798 1883
f 1889 1883 1888
f 1888 1801 1802
f 1909 1825 1807
f 1909 1807 1893
f 1909 1893 1825
f 1883 1797 1801
f 1883 1801 1888
f 1893 1909 1824
f 1893 1824 1807
f 1893 1806 1824
f 1893 1807 1825
f 1889 1801 1797
f 1889 1797 1798
f 1802 1801 1797
f 1802 1797 1798
f 1883 1878 1969
f 1969 1878 1968
f 1883 1969 1968
f 1883 1968 1976
f 1873 1877 1878
f 1878 1877 1968
f 1878 1874 1873
f 1883 1882 1877
f 1883 1877 1878
f 1976 1882 1883
f 1968 1877 1882
f 1968 1882 1976
f 1878 1877 1882
f 1878 1882 1883
f 1874 1786 1873
f 1878 1792 1786
f 1878 1877 1792
f 1983 1888 1984
f 1892 1893 1991
f 1908 1909 1893
f 1908 1893 1892
f 1976 1888 1984
f 1888 1983 1887
f 1984 1888 1887
f 1983 1984 1887
f 1976 1882 1887
f 1976 1887 1888
f 1909 1908 1824
f 1893 1806 1892
f 1984 1888 1883
f 1984 1883 1976
f 1888 1887 1883
f 1968 1975 1976
f 1961 1968 1877
f 1961 1960 1968
f 1877 1873 1961
f 1975 1882 1877
f 1975 1877 1968
f 1968 1967 1974
f 1968 1974 1975
f 1961 1872 1960
f 1968 1877 1872
f 1968 1872 1961
f 1960 1967 1968
f 1975 1882 1976
f 1976 1882 1877
f 1976 1877 1968
f 1968 1882 1975
f 1961 1873 1872
f 1961 1872 1877
f 2004 2005 1991
f 1984 1976 1983
f 2005 1908 1991
f 1991 2005 1907
f 2005 2004 1907
f 1991 1907 1892
f 1991 1990 2004
f 1975 1882 1887
f 1975 1887 1983
f 1991 1907 1908
f 1892 1991 1908
f 1975 1983 1976
f 1983 1887 1882
f 1983 1882 1975
f 1984 1887 1882
f 1984 1882 1976
f 2088 2097 1975
f 1967 1960 2080
f 1967 2080 2088
f 1968 1967 2088
f 1975 1968 2088
f 1975 2097 2098
f 2097 1974 1975
f 1975 1974 1967
f 1975 1967 2088
f 2088 1967 1974
f 2088 1974 2097
f 1960 1959 2080
f 2080 1959 1967
f 1975 1967 1968
f 2088 1974 1975
f 2108 2098 2097
f 2108 2097 2107
f 1983 1975 2098
f 1983 2098 2108
f 2128 2004 1990
f 2128 1990 2116
f 1982 1983 2107
f 1983 2108 2107
f 2097 1974 1982
f 2097 1982 2107
f 2004 2128 2003
f 2116 1990 2003
f 2128 2116 2003
f 1975 1974 1982
f 1975 1982 1983
f 1983 1982 1974
f 1983 1974 1975
f 2087 2097 2088
f 2097 2087 2096
f 2079 2087 2088
f 2088 2080 2079
f 2088 2087 1966
f 2097 2096 1974
f 2097 1973 2087
f 2097 1974 1973
f 2088 1966 1959
f 2088 1959 2079
f 2079 1959 2087
f 2088 1967 1966
f 2097 1974 1967
f 2097 1967 2088
f 2088 1966 1973
f 2088 1973 2097
f 2080 1959 2079
f 2088 1967 1959
f 2088 1959 2080
f 2079 1959 1966
f 2079 1966 2088
f 2127 2128 2116
f 2127 2116 2115
f 2107 1981 2106
f 2107 1982 2106
f 2107 1981 1982
f 2097 2096 2106
f 2097 2106 2107
f 2115 2127 2003
f 2115 2116 1989
f 2116 2115 2003
f 2116 2003 1989
f 2128 2127 2003
f 2116 1990 1989
f 2115 1989 2003
f 2107 1982 1974
f 2107 1974 2097
f 2192 2202 2096
f 2192 2096 2087
f 2078 2087 2079
f 2087 2086 2191
f 2087 2078 2086
f 2191 2192 2087
f 2087 2086 2192
f 2202 2095 2096
f 2192 2086 2095
f 2192 2095 2202
f 2191 2086 2192
f 2106 2096 2202
f 2106 2202 2212
f 2114 2115 2221
f 2222 2221 2115
f 2096 2106 2107
f 2127 2115 2126
f 2106 2212 2105
f 2202 2095 2106
f 2221 2222 2114
f 2115 2114 2126
f 2222 2115 2114
f 2191 2201 2202
f 2182 2191 2078
f 2078 2191 2086
f 2201 2095 2086
f 2201 2086 2191
f 2191 2086 2095
f 2191 2095 2201
f 2182 2077 2181
f 2182 2078 2077
f 2191 2085 2086
f 2182 2077 2085
f 2182 2085 2191
f 2201 2095 2202
f 2202 2095 2086
f 2202 2086 2191
f 2182 2078 2086
f 2182 2086 2191
f 2114 2126 2221
f 2230 2126 2221
f 2201 2095 2105
f 2201 2105 2211
f 2230 2221 2125
f 2230 2125 2126
f 2221 2114 2113
f 2221 2113 2125
f 2211 2212 2105
f 2201 2211 2212
f 2201 2212 2202
f 2211 2105 2095
f 2211 2095 2201
f 2212 2105 2095
f 2212 2095 2202
f 2190 2201 2191
f 2201 2190 2200
f 2181 2190 2191
f 2201 2094 2200
f 2190 2085 2077
f 2190 2077 2181
f 2181 2077 2085
f 2181 2085 2190
f 2191 2085 2190
f 2201 2094 2095
f 2201 2095 2085
f 2201 2085 2191
f 2201 2095 2200
f 2191 2085 2077
f 2191 2077 2181
f 2211 2201 2200
f 2211 2200 2210
f 2211 2210 2104
f 2220 2229 2125
f 2220 2125 2113
f 2211 2105 2104
f 2211 2210 2105
f 2201 2094 2210
f 2201 2210 2211
f 2220 2221 2113
f 2221 2220 2125
f 2189 2199 2200
f 2200 2190 2189
f 2180 2190 2181
f 2190 2180 2189
f 2189 2076 2180
f 2181 2077 2076
f 2181 2076 2180
f 2210 2200 2199
f 2210 2199 2209
f 2228 2229 2220
f 2228 2220 2219
f 2219 2228 2124
f 2220 2229 2124
f 2220 2124 2125
f 2229 2228 2124
f 2188 2245 2198
f 2188 2198 2199
f 2188 2199 2189
f 2245 2246 2198
f 2198 2246 2199
f 2179 2188 2189
f 2189 2180 2179
f 2180 2076 2075
f 2180 2075 2179
f 2250 2249 2208
f 2209 2250 2208
f 2227 2228 2219
f 2227 2219 2218
f 2246 2199 2209
f 2246 2209 2250
f 2245 2198 2208
f 2245 2208 2249
f 2218 2227 2123
f 2228 2227 2123
f 2228 2123 2124
f 2249 2250 2246
f 2249 2246 2245
f 2250 2209 2199
f 2250 2199 2246
f 2241 2245 2242
f 2242 2188 2187
f 2242 2187 2241
f 2245 2241 2244
f 2178 2187 2188
f 2178 2188 2179
f 2242 2245 2188
f 2241 2187 2244
f 2244 2197 2198
f 2244 2198 2245
f 2187 2197 2244
f 2245 2198 2197
f 2245 2197 2244
f 2179 2075 2074
f 2179 2074 2178
f 2207 2208 2249
f 2207 2249 2248
f 2226 2227 2218
f 2226 2218 2217
f 2248 2249 2208
f 2248 2208 2207
f 2244 2197 2207
f 2244 2207 2248
f 2217 2226 2122
f 2227 2226 2122
f 2227 2122 2123
f 2248 2249 2245
f 2248 2245 2244
f 2249 2208 2198
f 2249 2198 2245
f 2244 2187 2186
f 2244 2186 2196
f 2177 2187 2178
f 2187 2177 2186
f 2196 2197 2244
f 2186 2197 2196
f 2177 2074 2073
f 2178 2074 2177
f 2177 2073 2186
f 2206 2207 2248
f 2225 2226 2217
f 2225 2217 2216
f 2225 2121 2122
f 2225 2216 2122
f 2226 2225 2122
f 2225 2216 2121
f 2248 2207 2197
f 2248 2197 2244
f 2196 2186 2185
f 2186 2177 2176
f 2196 2243 2244
f 2177 2073 2176
f 2176 2073 2186
f 2243 2196 2197
f 2243 2197 2244
f 2206 2243 2196
f 2224 2225 2216
f 2224 2216 2215
f 2248 2247 2206
f 2243 2247 2248
f 2243 2206 2247
f 2225 2224 2121
f 2215 2216 2121
f 2224 2215 2121
f 2247 2248 2207
f 2247 2207 2206
f 2248 2197 2243
f 2185 2195 2196
f 2185 2084 2195
f 2185 2084 2072
f 2185 2072 2176
f 2176 2072 2084
f 2176 2084 2185
f 2176 2073 2072
f 2185 2186 2073
f 2185 2073 2176
f 2196 2195 2205
f 2196 2205 2206
f 2215 2224 2120
f 2215 2120 2112
f 2224 2120 2121
f 2184 2175 2071
f 2184 2194 2195
f 2184 2195 2185
f 2175 2184 2185
f 2175 2185 2176
f 2194 2092 2093
f 2194 2092 2083
f 2194 2083 2184
f 2184 2083 2092
f 2184 2092 2194
f 2184 2083 2071
f 2184 2084 2083
f 2185 2084 2184
f 2194 2093 2195
f 2175 2072 2071
f 2176 2072 2175
f 2175 2071 2083
f 2175 2083 2184
f 2119 2223 2214
f 2119 2214 2111
f 2223 2224 2215
f 2223 2215 2214
f 2204 2103 2102
f 2194 2092 2102
f 2194 2102 2204
f 2205 2204 2103
f 2194 2195 2205
f 2194 2205 2204
f 2223 2119 2120
f 2214 2215 2112
f 2223 2214 2120
f 2224 2223 2120
f 2214 2112 2111
f 2204 2103 2195
f 2204 2195 2194
f 2193 2183 2082
f 2194 2184 2183
f 2194 2183 2193
f 2184 2082 2183
f 2184 2071 2070
f 2184 2070 2082
f 2082 2091 2193
f 2193 2092 2194
f 2183 2083 2082
f 2193 2091 2092
f 2193 2092 2083
f 2193 2083 2183
f 2082 2083 2071
f 2082 2071 2070
f 2184 2083 2183
f 2183 2083 2092
f 2183 2092 2193
f 2070 2071 2083
f 2070 2083 2082
f 2204 2194 2193
f 2204 2193 2203
f 2110 2214 2213
f 2118 2119 2111
f 2118 2111 2110
f 2110 2111 2214
f 2203 2204 2102
f 2203 2101 2102
f 2193 2091 2101
f 2193 2101 2203
f 2110 2118 2119
f 2110 2213 2111
f 2110 2119 2111
f 2213 2214 2111
f 2204 2102 2092
f 2204 2092 2194
f 2081 2090 2091
f 2081 2091 2082
f 2069 2081 2082
f 2069 2082 2070
f 2081 2082 1965
f 2081 1965 2091
f 2070 1958 2069
f 2082 1958 2070
f 2069 1958 1965
f 2069 1965 2081
f 2117 2118 2110
f 2117 2110 2109
f 2100 1980 2101
f 2090 2091 2101
f 2090 2101 2100
f 2110 2118 1994
f 2117 2109 1994
f 2118 2117 1994
f 2109 2110 1988
f 2109 1988 1994
f 2100 2101 2091
f 2100 2091 2090
f 2203 2101 2091
f 2203 2091 2193
f 2090 2081 1963
f 1957 1964 2081
f 1964 1963 2081
f 2081 2069 1957
f 2090 1972 1964
f 2090 1964 2081
f 1963 1964 1972
f 1963 1972 2090
f 2090 2091 1964
f 2081 1964 1972
f 2081 1972 2090
f 2081 1964 1965
f 2069 1958 1957
f 2081 1965 1958
f 2081 1958 2069
f 2109 1986 1987
f 1993 2117 2109
f 1993 2109 1987
f 2100 1978 1979
f 2090 1972 1979
f 2090 1979 2100
f 2100 1979 2101
f 2109 1988 1987
f 2117 1993 1994
f 2100 1979 1972
f 2100 1972 2090
f 1963 1971 2089
f 1971 2089 2090
f 1956 1963 1964
f 1956 1964 1957
f 2089 2090 1963
f 1971 1972 1963
f 1963 1876 1971
f 1956 1871 1870
f 1963 1964 1871
f 1963 1871 1956
f 1956 1870 1876
f 1956 1876 1963
f 2089 1972 2090
f 1971 1972 2089
f 2090 1964 1963
f 1957 1871 1956
f 1956 1871 1964
f 2100 2099 1978
f 2090 2089 2099
f 2090 2099 2100
f 1992 1993 1987
f 1992 1987 1986
f 1986 1992 1896
f 1992 1895 1896
f 1986 1896 1987
f 1986 1891 1895
f 1992 1986 1895
f 2099 2100 1979
f 1978 2099 1979
f 1971 1972 1979
f 1971 1979 1978
f 1993 1992 1896
f 1971 1978 2099
f 1971 2099 2089
f 1978 1979 1972
f 1978 1972 1971
f 1875 1970 1962
f 1970 1875 1880
f 1869 1875 1876
f 1869 1876 1870
f 1875 1962 1876
f 1971 1963 1962
f 1870 1963 1956
f 1963 1870 1876
f 1970 1971 1962
f 1970 1881 1971
f 1880 1881 1970
f 1971 1881 1876
f 1971 1876 1962
f 1875 1876 1881
f 1875 1881 1880
f 1963 1876 1962
f 1962 1876 1881
f 1962 1881 1971
f 1978 1971 1970
f 1978 1970 1977
f 1985 1890 1891
f 1894 1895 1891
f 1894 1891 1890
f 1880 1885 1977
f 1894 1890 1895
f 1977 1978 1886
f 1977 1885 1886
f 1880 1881 1886
f 1880 1886 1885
f 1890 1891 1895
f 1971 1881 1886
f 1971 1886 1978
f 1977 1970 1880
f 1978 1886 1881
f 1978 1881 1971
f 1784 1875 1869
f 1875 1784 1790
f 1875 1790 1796
f 1875 1796 1880
f 1869 1785 1784
f 1875 1790 1785
f 1875 1785 1869
f 1880 1881 1876
f 1880 1876 1875
f 1869 1870 1785
f 1875 1876 1870
f 1875 1870 1869
f 1875 1791 1790
f 1869 1785 1791
f 1869 1791 1875
f 1804 1810 1890
f 1810 1894 1890
f 1880 1796 1800
f 1880 1800 1885
f 1890 1894 1811
f 1894 1810 1811
f 1890 1811 1804
f 1890 1811 1895
f 1890 1804 1805
f 1890 1805 1811
f 1885 1886 1881
f 1885 1881 1880
f 1783 1789 1790
f 1783 1790 1784
f 1789 1795 1880
f 1789 1880 1875
f 1795 1796 1790
f 1795 1790 1789
f 1789 1790 1796
f 1789 1796 1795
f 1789 1708 1790
f 1784 1703 1783
f 1783 1703 1708
f 1783 1708 1789
f 1875 1790 1789
f 1795 1796 1880
f 1880 1796 1790
f 1880 1790 1875
f 1796 1879 1795
f 1879 1880 1795
f 1799 1879 1795
f 1809 1810 1804
f 1809 1804 1803
f 1795 1796 1800
f 1795 1800 1799
f 1803 1804 1725
f 1809 1803 1730
f 1810 1809 1730
f 1803 1725 1730
f 1885 1799 1800
f 1879 1796 1800
f 1879 1800 1799
f 1879 1799 1885
f 1879 1885 1880
f 1799 1800 1796
f 1799 1796 1795
f 1885 1800 1796
f 1885 1796 1880
f 1707 1713 1795
f 1795 1789 1707
f 1702 1789 1783
f 1789 1702 1707
f 1707 1708 1703
f 1707 1703 1702
f 1789 1708 1707
f 1795 1713 1796
f 1795 1796 1708
f 1795 1708 1789
f 1783 1703 1702
f 1789 1708 1703
f 1789 1703 1783
f 1702 1703 1708
f 1702 1708 1707
f 1729 1809 1803
f 1729 1803 1724
f 1724 1729 1730
f 1724 1730 1725
f 1799 1718 1719
f 1799 1800 1718
f 1799 1719 1800
f 1795 1713 1718
f 1795 1718 1799
f 1809 1729 1730
f 1724 1803 1725
f 1799 1718 1713
f 1799 1713 1795
f 1637 1712 1706
f 1712 1637 1641
f 1633 1638 1707
f 1637 1706 1707
f 1638 1637 1707
f 1638 1633 1637
f 1713 1707 1706
f 1713 1706 1712
f 1707 1702 1633
f 1712 1642 1713
f 1706 1638 1637
f 1712 1713 1638
f 1712 1638 1706
f 1641 1642 1712
f 1637 1638 1642
f 1637 1642 1641
f 1706 1638 1713
f 1707 1638 1706
f 1702 1703 1633
f 1717 1713 1712
f 1723 1649 1724
f 1724 1649 1650
f 1654 1729 1724
f 1654 1724 1650
f 1717 1718 1646
f 1717 1645 1646
f 1712 1642 1646
f 1712 1646 1717
f 1729 1654 1730
f 1717 1718 1713
f 1641 1637 1573
f 1569 1637 1632
f 1637 1569 1573
f 1632 1637 1633
f 1637 1574 1573
f 1637 1638 1574
f 1641 1642 1638
f 1641 1638 1637
f 1641 1578 1642
f 1573 1574 1578
f 1573 1578 1641
f 1632 1570 1569
f 1637 1638 1570
f 1637 1570 1632
f 1569 1570 1574
f 1569 1574 1573
f 1633 1570 1632
f 1632 1570 1638
f 1632 1638 1637
f 1589 1653 1649
f 1589 1649 1585
f 1641 1645 1717
f 1654 1650 1649
f 1649 1653 1654
f 1645 1581 1582
f 1645 1582 1646
f 1641 1578 1646
f 1641 1646 1645
f 1649 1653 1590
f 1649 1650 1586
f 1589 1585 1590
f 1653 1589 1590
f 1585 1649 1586
f 1649 1590 1650
f 1585 1586 1590
f 1641 1642 1646
f 1654 1653 1590
f 1645 1646 1642
f 1645 1642 1641
f 1717 1646 1642
f 1717 1642 1641
f 1573 1569 1515
f 1573 1577 1641
f 1573 1519 1577
f 1569 1516 1515
f 1569 1570 1516
f 1573 1574 1570
f 1573 1570 1569
f 1573 1520 1519
f 1515 1516 1520
f 1515 1520 1573
f 1577 1578 1641
f 1641 1578 1574
f 1641 1574 1573
f 1573 1574 1577
f 1531 1589 1585
f 1531 1585 1527
f 1581 1641 1577
f 1641 1581 1645
f 1589 1531 1532
f 1589 1585 1532
f 1589 1532 1590
f 1585 1527 1528
f 1527 1528 1532
f 1531 1527 1532
f 1645 1582 1578
f 1645 1578 1641
f 1519 1523 1577
f 1515 1519 1573
f 1515 1516 1467
f 1519 1520 1516
f 1519 1516 1515
f 1573 1520 1516
f 1573 1516 1515
f 1515 1520 1519
f 1531 1479 1532
f 1585 1527 1532
f 1585 1532 1528
f 1523 1525 1581
f 1523 1581 1577
f 1470 1523 1519
f 1523 1470 1472
f 1466 1470 1519
f 1466 1519 1515
f 1470 1467 1466
f 1515 1467 1466
f 1519 1467 1515
f 1474 1523 1472
f 1478 1531 1527
f 1478 1527 1476
f 1476 1478 1479
f 1523 1474 1525
f 1527 1531 1479
f 1531 1478 1479
f 1472 1470 1422
f 1472 1422 1425
f 1418 1470 1466
f 1470 1418 1422
f 1422 1419 1418
f 1418 1467 1419
f 1466 1467 1418
f 1474 1472 1425
f 1474 1425 1427
f 1432 1478 1476
f 1432 1476 1429
f 1429 1432 1433
f 1429 1433 1479
f 1432 1429 1479
f 1478 1432 1479
f 1372 1376 1425
f 1368 1372 1422
f 1425 1422 1372
f 1422 1418 1368
f 1422 1369 1368
f 1368 1369 1373
f 1368 1373 1372
f 1418 1419 1368
f 1368 1419 1422
f 1427 1425 1376
f 1427 1376 1378
f 1386 1432 1429
f 1386 1429 1382
f 1382 1386 1387
f 1429 1382 1387
f 1382 1383 1387
f 1432 1386 1433
f 1382 1429 1433
f 1386 1382 1433
f 1312 1316 1376
f 1312 1376 1372
f 1308 1312 1372
f 1308 1372 1368
f 1312 1373 1313
f 1312 1372 1373
f 1312 1313 1316
f 1308 1369 1309
f 1368 1369 1308
f 1372 1373 1369
f 1372 1369 1368
f 1308 1309 1313
f 1308 1313 1312
f 1328 1386 1382
f 1328 1382 1324
f 1320 1321 1379
f 1320 1379 1378
f 1316 1376 1378
f 1316 1378 1320
f 1328 1329 1387
f 1324 1382 1383
f 1328 1324 1387
f 1386 1328 1387
f 1324 1383 1325
f 1324 1325 1329
f 1328 1324 1329
f 1320 1378 1376
f 1320 1376 1316
f 1316 1312 1252
f 1316 1252 1256
f 1312 1308 1248
f 1312 1248 1252
f 1308 1309 1248
f 1312 1313 1252
f 1316 1317 1313
f 1256 1317 1316
f 1252 1313 1317
f 1252 1317 1256
f 1312 1313 1309
f 1312 1309 1308
f 1248 1309 1313
f 1248 1313 1252
f 1312 1313 1317
f 1312 1317 1316
f 1264 1328 1324
f 1268 1328 1264
f 1320 1260 1321
f 1256 1317 1321
f 1256 1321 1320
f 1328 1268 1329
f 1264 1324 1325
f 1264 1325 1329
f 1268 1264 1329
f 1320 1316 1256
f 1320 1321 1316
f 1256 1252 1253
f 1252 1248 1253
f 1256 1257 1253
f 1252 1253 1313
f 1256 1257 1317
f 1256 1317 1253
f 1252 1253 1257
f 1252 1257 1256
f 1252 1313 1309
f 1252 1309 1248
f 1268 1264 1265
f 1256 1257 1261
f 1256 1261 1260
f 1260 1321 1261
f 1265 1268 1329
f 1264 1325 1265
f 1264 1265 1329
f 1260 1261 1257
f 1260 1257 1256
f 1260 1321 1317
f 1260 1317 1256
f 1178 1183 1256
f 1183 1182 1256
f 1174 1178 1253
f 1174 1253 1248
f 1178 1175 1174
f 1174 1175 1179
f 1174 1179 1178
f 1182 1257 1256
f 1183 1257 1182
f 1256 1253 1178
f 1174 1249 1175
f 1248 1249 1174
f 1174 1175 1253
f 1189 1182 1183
f 1189 1260 1188
f 1256 1182 1188
f 1256 1188 1260
f 1198 1268 1194
f 1194 1268 1265
f 1194 1195 1199
f 1188 1260 1261
f 1189 1188 1261
f 1260 1189 1261
f 1182 1257 1261
f 1182 1261 1189
f 1198 1194 1199
f 1198 1199 1269
f 1198 1194 1269
f 1268 1198 1269
f 1194 1265 1199
f 1182 1189 1188
f 1189 1261 1257
f 1189 1257 1183
f 1090 1095 1089
f 1095 1090 1096
f 1095 1183 1178
f 1183 1095 1101
f 1174 1090 1089
f 1178 1174 1089
f 1178 1089 1095
f 1095 1179 1096
f 1101 1102 1184
f 1101 1184 1179
f 1101 1179 1095
f 1095 1096 1102
f 1095 1102 1101
f 1101 1183 1184
f 1089 1175 1090
f 1095 1179 1175
f 1095 1175 1089
f 1178 1179 1095
f 1095 1179 1184
f 1095 1184 1101
f 1174 1175 1090
f 1178 1179 1175
f 1089 1175 1179
f 1089 1179 1095
f 1106 1183 1101
f 1106 1107 1190
f 1106 1190 1189
f 1101 1102 1107
f 1101 1107 1106
f 1112 1113 1199
f 1113 1118 1199
f 1112 1195 1113
f 1112 1199 1195
f 1194 1112 1199
f 1112 1194 1195
f 1106 1189 1183
f 1003 1009 1102
f 1003 1102 1096
f 1096 1090 997
f 1096 997 1003
f 1096 1101 1095
f 1101 1096 1102
f 1090 1091 997
f 1003 1097 1096
f 997 1091 1097
f 997 1097 1003
f 1106 1101 1102
f 1106 1102 1107
f 1009 1102 1107
f 1009 1107 1015
f 1113 1119 1118
f 1113 1021 1119
f 1021 1113 1114
f 1021 1114 1119
f 1015 1107 1102
f 1015 1102 1009
f 1009 1003 1004
f 998 1004 1003
f 1003 997 998
f 1009 1010 1004
f 1003 1004 1091
f 1003 1091 998
f 1003 1097 1004
f 1009 1102 1096
f 1009 1096 1003
f 1003 1004 1010
f 1003 1010 1009
f 997 1091 998
f 1003 1097 1091
f 1003 1091 997
f 998 1091 1097
f 998 1097 1003
f 1009 1010 1016
f 1009 1016 1015
f 1022 1027 1119
f 1021 1022 1119
f 1015 1016 1108
f 1015 1108 1107
f 1021 1114 1022
f 1022 1114 1119
f 917 923 1010
f 917 1010 1009
f 917 1009 1004
f 923 1009 1010
f 1004 998 909
f 1004 909 917
f 917 1004 1005
f 923 1010 1004
f 923 1004 917
f 917 1005 1010
f 909 999 998
f 917 1004 999
f 917 999 909
f 909 999 1005
f 909 1005 917
f 917 1004 1010
f 909 999 1004
f 1015 1016 929
f 929 1017 1016
f 923 1010 1016
f 923 1016 929
f 935 1022 1023
f 935 1028 1022
f 935 1023 1028
f 1022 1028 1027
f 923 929 1015
f 923 1015 1009
f 929 1016 1010
f 929 1010 923
f 1015 1016 1010
f 1015 1010 1009
f 918 924 923
f 923 917 918
f 910 917 909
f 917 910 918
f 917 918 1005
f 923 924 1010
f 923 1011 918
f 923 1010 1011
f 909 999 910
f 917 1005 999
f 936 943 942
f 929 1017 930
f 929 1016 930
f 923 924 930
f 923 930 929
f 935 936 1028
f 935 1023 936
f 936 942 1028
f 929 930 924
f 929 924 923
f 821 809 810
f 821 810 822
f 799 810 809
f 809 821 924
f 910 911 799
f 918 910 799
f 918 799 809
f 809 919 810
f 821 925 924
f 821 925 919
f 821 919 809
f 822 925 821
f 810 919 925
f 810 925 822
f 809 919 911
f 809 911 799
f 799 911 919
f 799 919 810
f 809 918 919
f 924 918 809
f 809 919 924
f 918 911 910
f 799 919 809
f 924 821 831
f 924 831 930
f 842 936 841
f 936 842 937
f 842 841 937
f 831 832 931
f 831 930 931
f 821 925 931
f 821 931 831
f 841 842 943
f 841 943 937
f 842 937 943
f 821 924 930
f 821 930 831
f 936 937 943
f 841 936 937
f 810 799 800
f 810 811 823
f 810 823 822
f 799 912 800
f 810 919 912
f 810 912 799
f 800 811 810
f 822 925 919
f 822 919 810
f 799 911 912
f 810 919 911
f 810 911 799
f 799 912 919
f 821 822 832
f 821 832 831
f 842 843 944
f 842 944 937
f 843 854 944
f 842 944 943
f 831 931 925
f 831 925 821
f 811 800 699
f 811 823 822
f 811 822 810
f 822 823 707
f 823 811 699
f 823 699 707
f 707 823 811
f 707 811 699
f 800 801 811
f 715 833 832
f 707 823 833
f 707 833 715
f 843 855 854
f 707 715 832
f 707 832 822
f 715 833 823
f 715 823 707
f 832 823 822
f 700 707 699
f 707 700 708
f 693 700 699
f 693 699 800
f 800 801 693
f 708 824 707
f 708 824 812
f 708 812 700
f 700 812 824
f 700 824 708
f 700 812 801
f 700 801 693
f 693 801 812
f 693 812 700
f 699 812 700
f 707 824 823
f 707 823 812
f 707 812 699
f 699 812 801
f 699 801 800
f 715 707 708
f 715 708 716
f 723 724 843
f 844 843 724
f 716 715 834
f 708 824 834
f 708 834 716
f 724 855 844
f 715 833 834
f 707 824 834
f 707 834 715
f 843 844 855
f 724 723 844
f 723 843 855
f 723 855 844
f 715 834 824
f 715 824 707
f 701 709 708
f 708 700 701
f 694 700 693
f 700 694 701
f 708 825 824
f 709 825 708
f 708 825 813
f 708 813 701
f 708 824 709
f 701 813 802
f 701 802 694
f 694 802 813
f 694 813 701
f 700 813 701
f 700 812 813
f 701 813 825
f 701 825 708
f 693 801 802
f 693 802 694
f 716 708 709
f 716 709 717
f 716 834 835
f 717 716 835
f 716 717 834
f 725 856 845
f 724 725 856
f 724 844 845
f 724 856 855
f 725 724 845
f 716 834 824
f 716 824 708
f 702 710 709
f 702 709 701
f 695 702 701
f 701 694 695
f 701 814 803
f 701 803 695
f 701 702 814
f 694 802 803
f 694 803 695
f 695 803 813
f 695 813 701
f 725 726 857
f 725 857 846
f 725 846 726
f 725 857 856
f 726 725 845
f 726 845 857
f 718 717 709
f 718 709 710
f 672 664 665
f 657 665 656
f 656 665 664
f 656 740 741
f 656 741 657
f 664 740 656
f 657 741 665
f 688 681 689
f 680 681 688
f 688 794 784
f 689 785 795
f 688 689 795
f 688 795 794
f 680 688 784
f 689 681 785
f 665 657 658
f 665 658 666
f 665 673 672
f 657 741 742
f 657 742 658
f 658 741 753
f 658 753 666
f 658 742 741
f 690 689 681
f 690 681 682
f 681 680 672
f 681 672 673
f 689 690 796
f 689 796 795
f 690 682 774
f 690 774 785
f 690 785 786
f 690 786 796
f 666 674 673
f 666 753 674
f 666 753 742
f 666 742 658
f 658 742 753
f 673 665 666
f 682 681 673
f 682 673 674
f 682 690 786
f 682 786 774
f 690 774 786
f 691 690 786
f 674 667 675
f 667 674 666
f 659 667 658
f 667 666 658
f 675 764 754
f 675 754 667
f 667 754 764
f 667 764 675
f 667 754 743
f 667 743 659
f 659 743 754
f 659 754 667
f 675 763 674
f 667 753 754
f 675 764 763
f 666 753 667
f 659 742 743
f 658 742 659
f 675 683 682
f 675 682 674
f 683 691 690
f 683 690 682
f 675 683 775
f 675 775 764
f 683 675 764
f 683 764 775
f 691 797 787
f 683 691 787
f 683 787 775
f 691 683 775
f 691 775 787
f 683 682 774
f 683 775 774
f 691 796 786
f 691 797 796
f 668 744 755
f 675 667 668
f 675 668 676
f 744 659 743
f 668 659 660
f 659 668 667
f 659 744 660
f 660 744 668
f 676 765 764
f 668 754 755
f 676 764 754
f 676 754 668
f 668 755 765
f 668 765 676
f 668 755 743
f 668 743 744
f 667 754 668
f 676 764 675
f 668 754 764
f 668 764 676
f 744 743 755
f 788 692 684
f 788 684 776
f 684 683 675
f 684 675 676
f 691 692 684
f 683 684 691
f 788 787 691
f 788 691 692
f 684 775 776
f 676 684 775
f 676 775 764
f 684 676 765
f 684 765 776
f 684 788 787
f 684 787 776
f 683 684 775
f 684 676 764
f 684 764 775
f 788 798 797
f 788 787 797
f 788 776 787
f 756 766 676
f 745 756 744
f 676 668 755
f 668 755 756
f 755 744 756
f 766 765 676
f 676 765 756
f 765 755 756
f 756 765 766
f 745 867 868
f 744 867 745
f 745 868 756
f 676 765 755
f 777 684 676
f 777 676 766
f 777 789 788
f 777 776 684
f 788 776 777
f 676 684 776
f 676 776 765
f 777 766 776
f 789 906 893
f 789 907 906
f 788 789 893
f 789 777 894
f 789 894 907
f 788 789 906
f 788 893 906
f 788 906 798
f 766 756 757
f 766 757 767
f 757 745 746
f 745 868 869
f 745 757 756
f 745 869 746
f 756 874 757
f 767 880 766
f 766 874 756
f 757 874 880
f 757 880 767
f 756 874 868
f 746 868 874
f 746 874 757
f 869 868 746
f 745 868 874
f 745 874 756
f 778 777 766
f 778 766 767
f 789 790 778
f 894 789 790
f 777 778 789
f 895 894 790
f 895 790 789
f 777 778 886
f 778 767 880
f 778 880 886
f 894 895 907
f 777 894 886
f 790 778 886
f 790 886 894
f 789 777 886
f 789 886 894
f 767 875 881
f 875 767 757
f 875 869 757
f 869 757 746
f 757 874 875
f 767 881 880
f 767 880 874
f 767 874 757
f 757 875 881
f 757 881 767
f 757 874 868
f 757 868 746
f 887 778 767
f 887 767 881
f 895 778 887
f 778 895 790
f 895 980 995
f 895 995 908
f 778 887 886
f 767 778 886
f 767 886 880
f 778 767 881
f 778 881 887
f 895 908 907
f 778 790 894
f 778 894 886
f 876 882 881
f 876 881 875
f 870 876 869
f 869 876 875
f 882 968 881
f 876 963 964
f 882 969 968
f 876 875 963
f 882 881 875
f 882 875 876
f 876 964 969
f 876 969 882
f 870 957 958
f 876 963 957
f 876 957 870
f 870 958 964
f 870 964 876
f 869 957 870
f 870 957 963
f 870 963 876
f 888 887 881
f 888 881 882
f 895 888 896
f 887 888 895
f 888 887 974
f 888 975 974
f 882 888 887
f 882 887 881
f 888 882 969
f 888 969 975
f 896 995 980
f 981 996 995
f 981 980 995
f 896 981 995
f 888 896 980
f 888 980 974
f 896 888 975
f 896 975 981
f 895 896 980
f 896 888 974
f 896 974 980
f 965 970 969
f 969 970 882
f 965 969 882
f 965 882 964
f 965 958 959
f 958 965 964
f 882 876 964
f 958 964 876
f 882 969 964
f 965 964 969
f 958 1044 959
f 959 1044 964
f 959 964 965
f 888 976 975
f 976 888 882
f 976 882 970
f 981 982 976
f 975 976 981
f 888 975 981
f 882 888 975
f 882 975 969
f 976 970 969
f 976 969 975
f 981 982 1087
f 981 1070 1087
f 981 1087 996
f 982 976 975
f 982 975 1070
f 982 1070 1087
f 970 965 1051
f 1045 1051 965
f 1045 965 959
f 970 1056 1051
f 959 1044 1045
f 965 1051 1044
f 965 1044 959
f 965 1050 1051
f 965 964 1050
f 970 1055 969
f 970 969 964
f 970 964 965
f 965 1051 1055
f 965 1055 970
f 965 964 1044
f 959 1044 1051
f 959 1051 965
f 969 1056 970
f 976 1062 1071
f 976 1071 982
f 970 976 1062
f 970 1062 1056
f 976 970 1056
f 976 1056 1062
f 1071 1087 1070
f 1071 1088 1087
f 982 1071 1070
f 976 982 1070
f 976 1070 1062
f 976 1062 1061
f 976 1061 975
f 970 976 975
f 970 975 969
f 982 1071 1087
f 976 1070 975
f 982 976 1062
f 982 1062 1070
f 1046 1045 1137
f 1046 1137 1136
f 1046 1052 1045
f 1056 1051 1052
f 1056 1052 1057
f 1051 1045 1052
f 1045 1136 1137
f 1052 1051 1140
f 1057 1056 1051
f 1057 1051 1052
f 1052 1140 1056
f 1056 1145 1057
f 1046 1136 1140
f 1046 1140 1052
f 1063 1072 1071
f 1063 1062 1056
f 1063 1056 1057
f 1071 1062 1063
f 1063 1151 1062
f 1057 1063 1062
f 1057 1062 1056
f 1071 1173 1158
f 1071 1072 1158
f 1072 1159 1173
f 1072 1173 1158
f 1072 1063 1151
f 1072 1151 1158
f 1159 1072 1158
f 1159 1158 1173
f 1071 1173 1088
f 1057 1141 1146
f 1141 1057 1052
f 1137 1141 1052
f 1146 1145 1141
f 1137 1136 1215
f 1141 1140 1136
f 1141 1136 1137
f 1137 1216 1141
f 1137 1215 1216
f 1052 1140 1141
f 1146 1145 1057
f 1057 1145 1140
f 1057 1140 1052
f 1052 1140 1136
f 1052 1136 1137
f 1137 1136 1140
f 1137 1140 1141
f 1152 1063 1057
f 1152 1057 1146
f 1063 1152 1159
f 1146 1152 1151
f 1146 1151 1145
f 1159 1235 1246
f 1159 1246 1173
f 1152 1159 1158
f 1152 1158 1151
f 1159 1152 1236
f 1159 1236 1235
f 1063 1152 1151
f 1057 1063 1151
f 1057 1151 1145
f 1152 1146 1145
f 1152 1145 1151
f 1063 1159 1158
f 1063 1158 1151
f 1159 1152 1151
f 1159 1151 1158
f 1221 1141 1220
f 1225 1147 1146
f 1221 1225 1146
f 1221 1146 1141
f 1220 1216 1221
f 1141 1216 1220
f 1225 1224 1146
f 1146 1224 1220
f 1146 1220 1141
f 1221 1220 1224
f 1221 1224 1225
f 1141 1220 1224
f 1141 1224 1146
f 1152 1229 1228
f 1152 1153 1229
f 1229 1147 1225
f 1229 1153 1147
f 1153 1152 1146
f 1153 1146 1147
f 1228 1229 1236
f 1236 1152 1228
f 1146 1152 1228
f 1146 1228 1224
f 1229 1225 1224
f 1229 1224 1228
f 1152 1146 1224
f 1152 1224 1228
f 1159 1236 1247
f 1159 1247 1246
f 1225 1285 1289
f 1285 1225 1221
f 1281 1285 1221
f 1281 1221 1217
f 1217 1221 1216
f 1216 1280 1281
f 1217 1216 1281
f 1225 1288 1224
f 1221 1284 1285
f 1289 1288 1225
f 1225 1224 1284
f 1225 1284 1221
f 1285 1284 1288
f 1285 1288 1289
f 1217 1280 1281
f 1221 1284 1280
f 1221 1280 1217
f 1281 1280 1284
f 1281 1284 1285
f 1221 1220 1284
f 1225 1224 1220
f 1225 1220 1221
f 1217 1280 1284
f 1217 1284 1221
f 1293 1229 1225
f 1293 1225 1289
f 1229 1293 1297
f 1229 1297 1237
f 1229 1237 1236
f 1297 1236 1237
f 1229 1228 1292
f 1229 1293 1292
f 1225 1229 1228
f 1225 1228 1224
f 1293 1289 1288
f 1293 1288 1292
f 1297 1307 1296
f 1237 1297 1296
f 1229 1237 1296
f 1229 1296 1292
f 1297 1293 1292
f 1297 1292 1296
f 1236 1297 1307
f 1236 1296 1307
f 1236 1307 1247
f 1237 1229 1292
f 1237 1292 1296
f 1289 1285 1346
f 1342 1346 1285
f 1342 1285 1281
f 1285 1345 1346
f 1285 1284 1345
f 1289 1288 1284
f 1289 1284 1285
f 1346 1348 1289
f 1281 1341 1342
f 1281 1280 1341
f 1285 1284 1280
f 1285 1280 1281
f 1342 1341 1345
f 1342 1345 1346
f 1293 1352 1358
f 1293 1358 1297
f 1293 1352 1351
f 1293 1351 1292
f 1289 1293 1292
f 1289 1292 1288
f 1293 1289 1348
f 1293 1348 1352
f 1297 1367 1357
f 1358 1357 1367
f 1297 1358 1367
f 1297 1357 1296
f 1293 1297 1296
f 1293 1296 1292
f 1358 1352 1351
f 1358 1351 1357
f 1297 1367 1307
f 1346 1342 1399
f 1346 1399 1401
f 1346 1401 1348
f 1342 1398 1399
f 1342 1341 1398
f 1346 1341 1342
f 1399 1398 1401
f 1346 1345 1341
f 1409 1358 1352
f 1409 1352 1405
f 1352 1293 1289
f 1352 1289 1348
f 1358 1409 1408
f 1358 1408 1417
f 1409 1417 1408
f 1358 1417 1367
f 1352 1358 1357
f 1409 1405 1408
f 1352 1357 1351
f 1401 1403 1348
f 1399 1398 1444
f 1399 1444 1445
f 1405 1352 1348
f 1405 1348 1403
f 1409 1457 1465
f 1409 1465 1417
f 1457 1409 1456
f 1457 1456 1465
f 1403 1447 1449
f 1447 1403 1401
f 1445 1447 1401
f 1445 1401 1399
f 1451 1405 1403
f 1451 1403 1449
f 1405 1451 1457
f 1405 1457 1409
f 1449 1447 1494
f 1449 1494 1496
f 1491 1494 1445
f 1445 1494 1447
f 1494 1490 1491
f 1445 1444 1490
f 1445 1490 1491
f 1499 1451 1449
f 1499 1449 1496
f 1457 1499 1505
f 1451 1499 1457
f 1496 1499 1451
f 1496 1451 1449
f 1505 1514 1504
f 1499 1505 1504
f 1457 1505 1514
f 1457 1514 1465
f 1548 1552 1496
f 1496 1494 1548
f 1494 1491 1544
f 1494 1544 1548
f 1548 1547 1552
f 1544 1490 1543
f 1548 1547 1490
f 1548 1490 1544
f 1544 1543 1547
f 1544 1547 1548
f 1491 1490 1543
f 1491 1543 1544
f 1548 1493 1494
f 1544 1490 1493
f 1544 1493 1548
f 1556 1499 1496
f 1556 1496 1552
f 1560 1505 1499
f 1560 1499 1556
f 1560 1568 1559
f 1560 1559 1504
f 1556 1560 1504
f 1556 1504 1555
f 1560 1556 1555
f 1560 1555 1559
f 1505 1560 1568
f 1505 1568 1514
f 1556 1499 1498
f 1560 1556 1498
f 1560 1498 1504
f 1607 1611 1552
f 1607 1552 1548
f 1603 1607 1544
f 1611 1551 1552
f 1607 1547 1606
f 1611 1610 1551
f 1548 1547 1607
f 1552 1551 1547
f 1607 1606 1610
f 1607 1610 1611
f 1603 1543 1602
f 1544 1543 1603
f 1607 1547 1543
f 1607 1543 1544
f 1603 1602 1606
f 1603 1606 1607
f 1548 1547 1551
f 1548 1551 1552
f 1548 1547 1543
f 1548 1543 1544
f 1615 1556 1552
f 1615 1552 1611
f 1615 1621 1560
f 1615 1556 1555
f 1615 1614 1555
f 1552 1556 1555
f 1552 1555 1551
f 1615 1611 1610
f 1615 1610 1614
f 1621 1568 1559
f 1621 1620 1559
f 1620 1559 1568
f 1621 1620 1568
f 1560 1621 1559
f 1615 1560 1559
f 1615 1559 1555
f 1621 1615 1614
f 1621 1614 1620
f 1556 1552 1551
f 1556 1551 1555
f 1556 1560 1559
f 1556 1559 1555
f 1611 1607 1674
f 1611 1674 1679
f 1607 1674 1673
f 1673 1602 1668
f 1602 1673 1607
f 1607 1603 1602
f 1674 1606 1673
f 1607 1606 1674
f 1679 1610 1611
f 1611 1610 1606
f 1611 1606 1607
f 1674 1606 1610
f 1674 1610 1679
f 1668 1602 1601
f 1673 1606 1607
f 1607 1606 1602
f 1668 1602 1606
f 1668 1606 1673
f 1684 1685 1615
f 1685 1615 1611
f 1685 1611 1679
f 1620 1691 1684
f 1615 1684 1620
f 1620 1621 1615
f 1685 1684 1614
f 1615 1685 1614
f 1611 1615 1614
f 1611 1614 1610
f 1685 1679 1610
f 1685 1610 1614
f 1691 1630 1631
f 1684 1615 1614
f 1691 1631 1620
f 1615 1620 1614
f 1691 1684 1614
f 1691 1614 1620
f 1691 1620 1630
f 1679 1673 1678
f 1673 1679 1674
f 1673 1672 1750
f 1668 1667 1672
f 1668 1672 1673
f 1679 1678 1610
f 1679 1610 1606
f 1679 1606 1674
f 1668 1601 1667
f 1673 1606 1602
f 1684 1685 1679
f 1684 1679 1678
f 1684 1758 1683
f 1691 1701 1690
f 1691 1684 1683
f 1691 1683 1690
f 1679 1685 1614
f 1679 1614 1610
f 1691 1701 1630
f 1684 1620 1614
f 1750 1746 1745
f 1750 1754 1678
f 1750 1678 1673
f 1746 1750 1668
f 1754 1753 1677
f 1754 1677 1749
f 1754 1749 1750
f 1750 1749 1753
f 1750 1753 1754
f 1746 1667 1745
f 1750 1749 1667
f 1750 1667 1746
f 1745 1749 1750
f 1750 1672 1749
f 1754 1677 1678
f 1750 1749 1677
f 1750 1677 1754
f 1668 1667 1746
f 1750 1672 1667
f 1750 1667 1668
f 1746 1667 1749
f 1746 1749 1750
f 1765 1766 1758
f 1758 1684 1678
f 1758 1678 1754
f 1758 1766 1691
f 1758 1683 1757
f 1754 1758 1683
f 1754 1683 1677
f 1758 1754 1753
f 1758 1753 1757
f 1766 1765 1701
f 1766 1701 1690
f 1765 1782 1701
f 1758 1766 1690
f 1758 1690 1757
f 1765 1758 1757
f 1758 1754 1677
f 1758 1677 1683
f 1766 1691 1701
f 1691 1766 1690
f 1758 1691 1690
f 1758 1690 1683
f 1766 1758 1757
f 1766 1757 1690
f 1765 1766 1690
f 1765 1690 1701
f 1841 1842 1753
f 1836 1841 1753
f 1842 1841 1754
f 1754 1750 1836
f 1750 1749 1836
f 1749 1745 1836
f 1753 1749 1836
f 1832 1745 1744
f 1836 1745 1832
f 1832 1744 1836
f 1754 1753 1749
f 1836 1753 1754
f 1753 1842 1754
f 1847 1846 1757
f 1846 1847 1842
f 1846 1842 1841
f 1846 1757 1758
f 1765 1757 1846
f 1842 1847 1757
f 1842 1757 1753
f 1846 1841 1753
f 1846 1753 1757
f 1854 1781 1764
f 1854 1764 1765
f 1846 1854 1765
f 1854 1846 1764
f 1754 1758 1757
f 1754 1757 1753
f 1765 1781 1782
f 1841 1836 1923
f 1923 1836 1922
f 1836 1831 1922
f 1831 1836 1832
f 1836 1835 1922
f 1841 1840 1835
f 1841 1835 1836
f 1923 1835 1840
f 1923 1840 1841
f 1922 1835 1923
f 1840 1929 1841
f 1836 1835 1831
f 1831 1835 1922
f 1836 1835 1840
f 1836 1840 1841
f 1832 1744 1831
f 1836 1835 1744
f 1832 1831 1835
f 1832 1835 1836
f 1936 1846 1937
f 1846 1841 1929
f 1853 1854 1846
f 1853 1846 1936
f 1846 1936 1845
f 1937 1846 1845
f 1936 1937 1845
f 1841 1846 1845
f 1841 1845 1840
f 1846 1841 1840
f 1846 1840 1845
f 1846 1853 1845
f 1853 1936 1845
f 1841 1846 1757
f 1841 1757 1753
f 1854 1853 1868
f 1854 1868 1781
f 1846 1764 1845
f 1854 1846 1845
f 1854 1845 1853
f 1922 1928 1929
f 1922 1929 1923
f 1915 1922 1831
f 1928 1840 1835
f 1928 1835 1922
f 1922 1921 1928
f 1915 1830 1914
f 1915 1831 1830
f 1915 1914 1921
f 1915 1921 1922
f 1928 1840 1929
f 1929 1840 1835
f 1929 1835 1923
f 1922 1835 1840
f 1922 1840 1928
f 1915 1831 1835
f 1915 1835 1922
f 1936 1937 1929
f 1936 1929 1928
f 1936 1943 1853
f 1928 1936 1845
f 1928 1845 1840
f 1943 1867 1852
f 1943 1942 1867
f 1943 1852 1853
f 1943 1936 1935
f 1943 1935 1942
f 1929 1937 1845
f 1929 1845 1840
f 1936 1928 1840
f 1936 1840 1845
f 1943 1853 1868
f 1943 1936 1845
f 1943 1845 1853
f 2026 2035 1928
f 2026 1928 1922
f 2026 1914 2017
f 1914 2026 1921
f 1922 1921 2026
f 1922 1914 1921
f 1915 1914 1922
f 1928 2035 2036
f 2035 1927 1928
f 1928 1927 1921
f 2026 1921 1927
f 2026 1927 2035
f 1914 1913 2017
f 2017 1914 1921
f 2017 1921 2026
f 1922 1921 1927
f 1922 1927 1928
f 2045 2036 2035
f 2045 2046 2036
f 2046 1936 1928
f 2046 1928 2036
f 1942 2058 2045
f 1935 2045 1942
f 1935 1936 2045
f 1942 1943 1936
f 1942 1936 1935
f 1936 2046 2045
f 1928 1936 1935
f 1928 1935 1927
f 2045 2035 1927
f 2045 1927 1935
f 1942 2058 1954
f 1942 1954 1955
f 2058 2045 1935
f 2058 1935 1942
f 2058 1942 1941
f 2058 1941 1954
f 1936 1928 1927
f 1936 1927 1935
f 2035 2026 2025
f 2016 2025 2026
f 2016 2026 2017
f 2026 2025 1920
f 2035 2034 1927
f 2035 1927 1920
f 2035 1920 2026
f 2025 2034 2035
f 2017 1913 2016
f 2026 1920 1913
f 2026 1913 2017
f 2026 1921 1920
f 2035 1927 1921
f 2035 1921 2026
f 2026 1920 1927
f 2017 1913 1920
f 2017 1920 2026
f 2045 2044 2057
f 2045 2057 2058
f 2045 1934 2044
f 2045 1935 2044
f 2045 1934 1935
f 2035 2045 1935
f 2035 1935 1927
f 2045 2035 2034
f 2045 2034 2044
f 2057 1954 1941
f 2058 2057 1941
f 2045 2058 1941
f 2045 1941 1934
f 2058 2057 1954
f 2058 2045 1934
f 2058 1934 1941
f 2146 2156 2034
f 2146 2034 2025
f 2025 2016 2015
f 2025 2015 2145
f 2145 2146 2025
f 2025 2024 2146
f 2146 2024 2034
f 2034 2033 2156
f 2145 2024 2146
f 2015 2024 2145
f 2166 2044 2034
f 2166 2034 2156
f 2056 2057 2044
f 2056 2044 2165
f 2044 2166 2057
f 2166 2165 2044
f 2044 2045 2035
f 2044 2035 2034
f 2044 2166 2043
f 2057 2067 2056
f 2165 2166 2043
f 2056 2165 2043
f 2057 2067 2068
f 2156 2145 2155
f 2145 2156 2146
f 2136 2145 2015
f 2155 2033 2024
f 2155 2024 2145
f 2145 2024 2033
f 2145 2033 2155
f 2136 2014 2135
f 2136 2015 2014
f 2145 2023 2024
f 2136 2014 2023
f 2136 2023 2145
f 2155 2033 2156
f 2156 2033 2024
f 2156 2024 2146
f 2136 2015 2024
f 2136 2024 2145
f 2165 2166 2156
f 2165 2156 2155
f 2165 2174 2056
f 2155 2165 2043
f 2155 2043 2033
f 2165 2155 2033
f 2165 2033 2043
f 2174 2067 2056
f 2174 2055 2066
f 2174 2066 2067
f 2165 2043 2042
f 2174 2165 2042
f 2174 2042 2055
f 2156 2166 2043
f 2156 2043 2033
f 2174 2165 2043
f 2174 2043 2056
f 2144 2154 2155
f 2155 2145 2144
f 2135 2144 2145
f 2135 2145 2136
f 2155 2032 2144
f 2155 2154 2032
f 2144 2023 2014
f 2144 2014 2135
f 2145 2023 2144
f 2155 2032 2033
f 2155 2033 2154
f 2145 2023 2014
f 2145 2014 2136
f 2135 2014 2023
f 2135 2023 2144
f 2164 2165 2155
f 2164 2155 2154
f 2165 2164 2173
f 2165 2173 2174
f 2165 2164 2042
f 2173 2066 2055
f 2164 2173 2055
f 2164 2055 2042
f 2165 2164 2043
f 2165 2155 2154
f 2165 2154 2164
f 2174 2173 2055
f 2165 2174 2055
f 2165 2055 2042
f 2173 2164 2042
f 2173 2042 2055
f 2143 2153 2154
f 2143 2154 2144
f 2144 2135 2134
f 2144 2134 2143
f 2135 2014 2013
f 2135 2013 2134
f 2163 2164 2154
f 2163 2154 2153
f 2172 2173 2164
f 2172 2164 2163
f 2172 2065 2054
f 2173 2065 2055
f 2173 2172 2065
f 2236 2232 2235
f 2232 2236 2142
f 2142 2236 2153
f 2142 2153 2143
f 2133 2142 2143
f 2133 2143 2134
f 2236 2152 2153
f 2235 2152 2236
f 2232 2142 2152
f 2232 2152 2235
f 2134 2013 2012
f 2134 2012 2133
f 2134 2133 2142
f 2134 2142 2143
f 2240 2239 2162
f 2163 2240 2162
f 2239 2240 2236
f 2239 2236 2235
f 2163 2162 2171
f 2163 2171 2172
f 2163 2153 2236
f 2236 2240 2163
f 2239 2235 2152
f 2239 2152 2162
f 2171 2053 2064
f 2172 2171 2064
f 2172 2064 2065
f 2172 2163 2162
f 2172 2162 2171
f 2235 2232 2231
f 2235 2231 2234
f 2232 2142 2141
f 2232 2141 2231
f 2132 2141 2142
f 2132 2142 2133
f 2234 2151 2152
f 2234 2152 2235
f 2235 2152 2142
f 2235 2142 2232
f 2231 2141 2151
f 2231 2151 2234
f 2235 2152 2151
f 2235 2151 2234
f 2133 2012 2011
f 2133 2011 2132
f 2161 2162 2239
f 2161 2239 2238
f 2238 2239 2235
f 2238 2235 2234
f 2162 2161 2170
f 2162 2170 2171
f 2238 2239 2162
f 2238 2162 2161
f 2235 2239 2162
f 2235 2162 2152
f 2238 2234 2151
f 2238 2151 2161
f 2171 2170 2063
f 2171 2063 2064
f 2234 2231 2140
f 2231 2141 2140
f 2141 2132 2131
f 2141 2131 2140
f 2234 2151 2141
f 2234 2141 2231
f 2140 2141 2151
f 2140 2151 2234
f 2131 2011 2010
f 2132 2011 2131
f 2160 2161 2238
f 2169 2170 2161
f 2169 2161 2160
f 2234 2238 2161
f 2234 2161 2151
f 2169 2062 2063
f 2169 2052 2063
f 2170 2169 2063
f 2169 2051 2062
f 2170 2052 2063
f 2140 2131 2139
f 2233 2140 2150
f 2140 2233 2234
f 2131 2010 2130
f 2233 2150 2151
f 2233 2151 2234
f 2234 2151 2150
f 2234 2150 2233
f 2169 2160 2159
f 2238 2237 2160
f 2237 2238 2234
f 2237 2234 2233
f 2160 2237 2233
f 2160 2233 2150
f 2169 2168 2062
f 2168 2169 2051
f 2168 2051 2062
f 2237 2238 2161
f 2237 2161 2160
f 2139 2149 2150
f 2139 2150 2140
f 2139 2009 2130
f 2130 2009 2022
f 2130 2022 2139
f 2130 2010 2009
f 2139 2131 2130
f 2159 2160 2150
f 2159 2150 2149
f 2168 2061 2050
f 2159 2168 2050
f 2168 2159 2041
f 2168 2041 2050
f 2168 2061 2062
f 2159 2168 2169
f 2149 2138 2148
f 2138 2149 2139
f 2129 2138 2139
f 2129 2139 2130
f 2148 2030 2031
f 2148 2031 2021
f 2148 2021 2138
f 2138 2021 2030
f 2138 2030 2148
f 2138 2021 2008
f 2138 2008 2129
f 2129 2008 2021
f 2129 2021 2138
f 2138 2022 2021
f 2139 2022 2138
f 2148 2031 2149
f 2138 2021 2031
f 2138 2031 2148
f 2129 2009 2008
f 2130 2009 2129
f 2139 2022 2009
f 2158 2159 2149
f 2158 2149 2148
f 2159 2158 2167
f 2159 2167 2168
f 2158 2041 2040
f 2148 2158 2041
f 2148 2041 2031
f 2158 2148 2030
f 2158 2030 2040
f 2167 2060 2049
f 2158 2167 2049
f 2158 2049 2040
f 2167 2158 2040
f 2167 2040 2049
f 2159 2158 2041
f 2158 2149 2041
f 2167 2060 2061
f 2167 2050 2061
f 2168 2167 2061
f 2159 2050 2041
f 2137 2147 2148
f 2007 2020 2137
f 2148 2138 2137
f 2138 2129 2007
f 2138 2007 2137
f 2129 2008 2007
f 2137 2020 2147
f 2147 2030 2148
f 2137 2021 2020
f 2147 2029 2030
f 2148 2030 2021
f 2148 2021 2137
f 2020 2029 2147
f 2137 2021 2008
f 2137 2008 2007
f 2138 2021 2137
f 2137 2021 2030
f 2137 2030 2148
f 2007 2008 2021
f 2007 2021 2137
f 2157 2158 2148
f 2157 2148 2147
f 2157 2039 2048
f 2048 2167 2158
f 2048 2158 2157
f 2048 2049 2167
f 2157 2158 2040
f 2157 2039 2040
f 2148 2158 2040
f 2148 2040 2030
f 2157 2147 2029
f 2157 2029 2039
f 2048 2060 2049
f 2048 1945 2059
f 2157 2048 2049
f 2157 2049 2040
f 2048 2157 2040
f 2048 2040 2049
f 2029 2019 2028
f 2019 2029 2020
f 2006 2019 2007
f 2007 2019 2020
f 2019 2020 1919
f 2007 1912 2006
f 2006 1912 1919
f 2006 1919 2019
f 2038 2039 2029
f 2038 2029 2028
f 2048 2038 2047
f 2039 2038 2048
f 2039 2157 2147
f 2039 2147 2029
f 2038 1933 2039
f 2048 1945 1940
f 2047 1940 1945
f 2048 2047 1945
f 2047 2038 1933
f 2047 1933 1940
f 2019 1911 1918
f 1911 2019 2006
f 1918 1917 2019
f 2028 1926 1918
f 2028 1918 2019
f 2019 1918 1926
f 2019 1926 2028
f 2019 2020 1918
f 2028 2029 2020
f 2028 2020 2019
f 2019 1918 1919
f 2006 1912 1911
f 2019 1919 1912
f 2019 1912 2006
f 2006 1911 1918
f 2006 1918 2019
f 1939 2047 2038
f 1939 2038 1932
f 2038 1931 1932
f 2028 2038 1932
f 2028 1932 1926
f 2038 2028 1926
f 2038 1926 1932
f 2038 1932 2039
f 2028 2038 2039
f 2028 2039 2029
f 2038 1933 1932
f 2047 1939 1944
f 2047 1944 1945
f 2038 2047 1940
f 2038 1940 1933
f 2047 2038 1932
f 2047 1932 1939
f 2027 1917 1925
f 1917 2027 2028
f 1917 2028 2018
f 1910 1917 1911
f 2018 2019 1917
f 2028 2019 2018
f 1925 1926 1918
f 1925 1918 1917
f 1910 1829 1828
f 1910 1911 1829
f 1917 1918 1911
f 1910 1828 1834
f 1910 1834 1917
f 2027 1926 2028
f 1925 1926 2027
f 1917 1918 1926
f 1917 1926 1925
f 1910 1911 1918
f 1910 1918 1917
f 2038 2037 1931
f 2037 2038 2028
f 2037 2028 2027
f 1931 2037 2027
f 1931 2027 1925
f 1931 1938 1939
f 1925 1931 1932
f 1925 1932 1926
f 1938 1856 1850
f 1938 1855 1856
f 1938 1850 1939
f 1931 1939 1932
f 1938 1931 1844
f 1938 1844 1849
f 1938 1849 1855
f 2037 2038 1932
f 1931 2037 1932
f 1931 1925 1926
f 1931 1926 1932
f 1939 1938 1856
f 1939 1856 1944
f 1938 1931 1932
f 1938 1932 1939
f 1924 1916 1833
f 1924 1833 1838
f 1916 1924 1925
f 1827 1833 1916
f 1827 1916 1828
f 1917 1910 1828
f 1925 1917 1916
f 1916 1834 1828
f 1924 1839 1925
f 1916 1834 1833
f 1838 1839 1924
f 1917 1834 1916
f 1925 1839 1834
f 1925 1834 1917
f 1833 1834 1839
f 1833 1839 1838
f 1827 1828 1834
f 1827 1834 1833
f 1917 1834 1839
f 1917 1839 1925
f 1917 1834 1828
f 1930 1931 1925
f 1930 1925 1924
f 1930 1843 1848
f 1930 1848 1849
f 1849 1938 1931
f 1930 1924 1838
f 1930 1838 1843
f 1930 1849 1844
f 1930 1931 1844
f 1930 1843 1844
f 1925 1931 1844
f 1925 1844 1839
f 1843 1838 1839
f 1843 1839 1844
f 1848 1855 1849
f 1848 1843 1844
f 1848 1844 1849
f 1931 1925 1839
f 1931 1839 1844
f 1931 1849 1844
f 1833 1827 1742
f 1833 1748 1752
f 1833 1752 1838
f 1827 1743 1742
f 1833 1748 1742
f 1838 1839 1834
f 1838 1834 1833
f 1827 1828 1743
f 1833 1834 1828
f 1833 1828 1827
f 1827 1743 1748
f 1827 1748 1833
f 1760 1848 1843
f 1843 1838 1752
f 1843 1752 1756
f 1848 1768 1761
f 1848 1760 1767
f 1848 1767 1768
f 1848 1761 1760
f 1843 1760 1756
f 1838 1843 1844
f 1838 1844 1839
f 1848 1768 1849
f 1843 1848 1849
f 1843 1849 1844
f 1848 1843 1756
f 1848 1756 1761
f 1741 1747 1742
f 1838 1747 1751
f 1747 1838 1833
f 1748 1742 1747
f 1751 1752 1748
f 1751 1748 1747
f 1747 1748 1752
f 1747 1752 1751
f 1747 1671 1748
f 1742 1666 1741
f 1741 1666 1671
f 1741 1671 1747
f 1833 1748 1747
f 1751 1752 1838
f 1838 1752 1748
f 1838 1748 1833
f 1752 1837 1751
f 1837 1838 1751
f 1755 1759 1760
f 1755 1843 1838
f 1755 1838 1751
f 1756 1755 1760
f 1751 1755 1756
f 1751 1756 1752
f 1755 1751 1752
f 1755 1752 1756
f 1755 1756 1682
f 1759 1687 1692
f 1760 1759 1692
f 1760 1692 1767
f 1759 1755 1682
f 1759 1682 1687
f 1843 1755 1756
f 1838 1843 1756
f 1838 1756 1752
f 1670 1676 1751
f 1670 1751 1747
f 1747 1741 1665
f 1747 1665 1670
f 1670 1666 1665
f 1747 1671 1670
f 1751 1676 1752
f 1747 1670 1676
f 1747 1676 1751
f 1741 1666 1665
f 1747 1671 1666
f 1747 1666 1741
f 1681 1755 1751
f 1681 1751 1676
f 1686 1759 1755
f 1686 1755 1681
f 1686 1692 1687
f 1681 1686 1687
f 1755 1681 1682
f 1755 1756 1681
f 1755 1751 1676
f 1755 1676 1681
f 1759 1686 1692
f 1755 1759 1687
f 1755 1687 1682
f 1675 1669 1604
f 1669 1675 1676
f 1604 1600 1599
f 1604 1669 1670
f 1600 1604 1670
f 1600 1670 1665
f 1676 1670 1669
f 1675 1609 1676
f 1669 1605 1604
f 1669 1670 1605
f 1604 1605 1609
f 1604 1609 1675
f 1604 1605 1670
f 1670 1605 1600
f 1600 1605 1604
f 1665 1666 1600
f 1665 1600 1605
f 1665 1605 1670
f 1617 1616 1612
f 1680 1612 1681
f 1681 1612 1617
f 1681 1617 1686
f 1675 1680 1681
f 1680 1681 1613
f 1680 1612 1613
f 1675 1681 1676
f 1680 1675 1609
f 1680 1609 1613
f 1612 1681 1613
f 1681 1617 1613
f 1617 1612 1613
f 1686 1617 1622
f 1686 1622 1692
f 1686 1681 1613
f 1686 1613 1617
f 1604 1599 1541
f 1604 1541 1545
f 1604 1546 1545
f 1604 1605 1546
f 1608 1609 1605
f 1608 1605 1604
f 1604 1546 1609
f 1604 1609 1608
f 1609 1550 1608
f 1599 1542 1541
f 1599 1600 1542
f 1541 1542 1546
f 1541 1546 1545
f 1675 1609 1608
f 1599 1600 1605
f 1599 1605 1604
f 1557 1616 1612
f 1557 1612 1553
f 1612 1680 1675
f 1612 1675 1608
f 1612 1553 1554
f 1612 1554 1613
f 1608 1612 1613
f 1608 1613 1609
f 1612 1608 1609
f 1612 1609 1613
f 1616 1561 1558
f 1557 1558 1561
f 1616 1557 1561
f 1616 1558 1617
f 1557 1553 1554
f 1557 1554 1558
f 1675 1612 1613
f 1675 1613 1609
f 1617 1616 1561
f 1617 1561 1622
f 1616 1617 1622
f 1616 1612 1613
f 1616 1613 1617
f 1545 1549 1608
f 1545 1608 1604
f 1541 1489 1488
f 1541 1542 1489
f 1545 1546 1542
f 1545 1542 1541
f 1541 1489 1492
f 1541 1492 1545
f 1549 1550 1608
f 1608 1550 1546
f 1608 1546 1604
f 1545 1550 1549
f 1553 1612 1608
f 1553 1608 1549
f 1557 1500 1506
f 1557 1501 1506
f 1557 1506 1561
f 1553 1557 1558
f 1553 1558 1554
f 1557 1553 1497
f 1557 1497 1501
f 1500 1557 1501
f 1500 1501 1506
f 1608 1612 1554
f 1608 1554 1550
f 1549 1492 1495
f 1492 1549 1545
f 1488 1492 1545
f 1488 1545 1541
f 1488 1489 1443
f 1492 1489 1488
f 1545 1492 1489
f 1545 1489 1541
f 1497 1553 1549
f 1497 1549 1495
f 1553 1497 1500
f 1553 1500 1557
f 1500 1458 1506
f 1497 1500 1501
f 1500 1501 1458
f 1553 1557 1501
f 1553 1501 1497
f 1495 1492 1446
f 1442 1446 1492
f 1442 1492 1488
f 1446 1448 1495
f 1488 1443 1442
f 1497 1450 1452
f 1497 1452 1500
f 1452 1458 1453
f 1497 1495 1448
f 1497 1448 1450
f 1500 1458 1453
f 1500 1452 1458
f 1400 1402 1448
f 1448 1446 1400
f 1446 1442 1396
f 1446 1396 1400
f 1396 1443 1397
f 1442 1443 1396
f 1404 1450 1448
f 1404 1448 1402
f 1406 1452 1450
f 1406 1450 1404
f 1406 1410 1407
f 1406 1407 1453
f 1406 1453 1458
f 1452 1406 1458
f 1343 1347 1402
f 1343 1402 1400
f 1339 1343 1396
f 1400 1396 1343
f 1396 1340 1339
f 1339 1340 1343
f 1396 1397 1339
f 1349 1404 1402
f 1349 1402 1347
f 1349 1353 1406
f 1406 1404 1349
f 1353 1359 1354
f 1406 1353 1354
f 1353 1349 1354
f 1406 1353 1410
f 1353 1406 1407
f 1353 1407 1410
f 1347 1282 1286
f 1282 1347 1343
f 1278 1282 1343
f 1278 1343 1339
f 1282 1344 1283
f 1282 1343 1344
f 1278 1340 1279
f 1339 1340 1278
f 1343 1344 1340
f 1278 1279 1283
f 1278 1283 1282
f 1339 1340 1344
f 1339 1344 1343
f 1290 1349 1347
f 1290 1347 1286
f 1349 1290 1294
f 1349 1294 1353
f 1290 1291 1350
f 1290 1350 1349
f 1294 1298 1359
f 1294 1354 1359
f 1353 1294 1359
f 1349 1354 1350
f 1294 1290 1291
f 1294 1291 1295
f 1294 1295 1298
f 1353 1349 1350
f 1353 1350 1354
f 1286 1282 1218
f 1282 1278 1212
f 1282 1212 1218
f 1278 1213 1212
f 1278 1279 1213
f 1282 1283 1218
f 1286 1287 1283
f 1286 1283 1282
f 1218 1283 1287
f 1218 1287 1286
f 1287 1222 1286
f 1282 1283 1279
f 1282 1279 1278
f 1212 1279 1283
f 1212 1283 1218
f 1213 1279 1212
f 1282 1283 1287
f 1282 1287 1286
f 1230 1294 1290
f 1230 1290 1226
f 1231 1294 1230
f 1290 1226 1291
f 1286 1290 1291
f 1286 1291 1287
f 1290 1286 1287
f 1290 1287 1291
f 1294 1231 1298
f 1290 1294 1295
f 1290 1295 1291
f 1230 1226 1291
f 1230 1291 1295
f 1231 1230 1295
f 1231 1295 1298
f 1286 1290 1349
f 1286 1349 1347
f 1213 1219 1218
f 1218 1222 1286
f 1218 1212 1213
f 1222 1223 1219
f 1222 1219 1218
f 1218 1219 1223
f 1218 1223 1222
f 1218 1219 1283
f 1222 1223 1287
f 1286 1283 1218
f 1218 1283 1279
f 1218 1279 1212
f 1226 1231 1230
f 1226 1227 1231
f 1222 1226 1290
f 1222 1226 1227
f 1222 1227 1223
f 1226 1222 1223
f 1226 1223 1227
f 1226 1291 1227
f 1222 1290 1291
f 1222 1291 1287
f 1231 1238 1298
f 1226 1230 1295
f 1226 1295 1291
f 1142 1138 1143
f 1138 1142 1222
f 1138 1222 1218
f 1134 1138 1213
f 1138 1219 1213
f 1143 1223 1138
f 1134 1135 1139
f 1134 1139 1138
f 1142 1223 1222
f 1143 1223 1142
f 1218 1219 1138
f 1134 1214 1135
f 1213 1214 1134
f 1134 1135 1213
f 1149 1226 1148
f 1148 1226 1142
f 1226 1222 1142
f 1149 1148 1142
f 1149 1142 1143
f 1149 1154 1231
f 1149 1231 1227
f 1143 1149 1227
f 1143 1227 1223
f 1154 1160 1155
f 1154 1149 1150
f 1154 1150 1155
f 1148 1226 1227
f 1149 1148 1227
f 1226 1149 1227
f 1149 1143 1223
f 1149 1223 1227
f 1154 1160 1239
f 1154 1232 1239
f 1231 1154 1239
f 1231 1239 1238
f 1154 1231 1155
f 1047 1041 1042
f 1143 1138 1047
f 1138 1134 1041
f 1138 1041 1047
f 1134 1042 1041
f 1047 1139 1048
f 1053 1054 1144
f 1053 1144 1139
f 1053 1139 1047
f 1047 1048 1054
f 1047 1054 1053
f 1053 1143 1144
f 1041 1135 1042
f 1047 1139 1135
f 1047 1135 1041
f 1042 1048 1047
f 1138 1139 1047
f 1047 1139 1143
f 1134 1135 1042
f 1138 1139 1135
f 1138 1135 1134
f 1041 1135 1139
f 1041 1139 1047
f 1065 1064 1058
f 1064 1154 1149
f 1064 1149 1058
f 1058 1059 1150
f 1053 1058 1150
f 1053 1150 1143
f 1058 1053 1054
f 1058 1054 1059
f 1064 1065 1160
f 1064 1160 1155
f 1065 1073 1160
f 1065 1155 1160
f 1058 1064 1155
f 1058 1155 1150
f 1065 1058 1059
f 1149 1058 1150
f 1154 1064 1160
f 1149 1154 1155
f 1149 1155 1150
f 1064 1058 1150
f 1064 1150 1155
f 1054 960 966
f 960 1054 1048
f 1048 1054 1053
f 960 1042 954
f 1042 960 1048
f 1053 1047 1048
f 1042 1043 954
f 954 1043 1048
f 954 1048 960
f 1059 1058 1053
f 1059 1053 1054
f 971 1059 1054
f 971 1054 966
f 1065 977 971
f 1059 971 1065
f 1065 977 1074
f 1065 1066 1074
f 977 971 1059
f 977 1059 1066
f 977 1066 1074
f 1065 1074 1073
f 960 955 961
f 955 960 954
f 966 961 960
f 960 961 967
f 960 967 966
f 954 955 1043
f 960 1049 961
f 960 1048 1049
f 966 1054 1048
f 966 1048 960
f 960 1048 1043
f 960 1043 954
f 954 1043 961
f 954 961 960
f 978 977 971
f 978 971 972
f 971 966 967
f 971 967 972
f 978 1074 1066
f 978 983 1074
f 977 978 1066
f 971 972 1060
f 971 1060 1059
f 966 971 1059
f 966 1059 1054
f 977 978 1074
f 971 977 1066
f 971 1066 1059
f 977 971 972
f 977 972 1066
f 871 961 960
f 966 871 877
f 871 966 961
f 961 955 871
f 871 955 863
f 871 961 962
f 877 967 961
f 877 961 871
f 871 961 967
f 871 967 877
f 863 956 955
f 863 956 962
f 863 962 871
f 877 967 966
f 966 967 961
f 863 955 961
f 863 961 871
f 971 972 883
f 883 971 966
f 883 966 877
f 889 978 883
f 972 883 978
f 883 973 972
f 877 883 972
f 877 972 967
f 883 877 967
f 883 967 972
f 889 984 979
f 889 979 978
f 889 883 973
f 889 973 979
f 966 971 972
f 966 972 967
f 978 984 983
f 889 883 972
f 889 972 978
f 978 979 984
f 877 872 878
f 872 877 871
f 871 863 864
f 871 864 872
f 871 872 962
f 877 878 967
f 877 967 962
f 877 962 871
f 871 872 878
f 871 878 877
f 863 956 864
f 871 962 956
f 871 956 863
f 884 883 877
f 884 877 878
f 890 889 883
f 890 883 884
f 890 898 897
f 883 973 884
f 883 972 884
f 883 877 878
f 883 878 884
f 889 890 984
f 890 979 984
f 883 889 979
f 883 979 973
f 758 747 748
f 736 748 747
f 736 747 735
f 747 758 878
f 747 878 872
f 747 864 735
f 864 747 872
f 864 865 736
f 864 736 735
f 747 873 748
f 758 879 878
f 758 878 873
f 758 873 747
f 748 873 879
f 748 879 758
f 735 865 736
f 747 873 865
f 747 865 735
f 736 865 873
f 736 873 748
f 747 872 873
f 735 865 873
f 735 873 747
f 768 769 780
f 768 780 779
f 768 884 878
f 768 878 758
f 890 779 768
f 884 768 890
f 780 890 779
f 890 780 891
f 780 779 891
f 768 769 885
f 768 884 885
f 758 768 884
f 758 884 878
f 768 758 879
f 768 879 885
f 780 898 891
f 768 779 891
f 768 891 885
f 780 769 885
f 780 885 891
f 890 898 891
f 779 768 885
f 779 885 891
f 748 759 758
f 748 749 759
f 736 866 737
f 736 865 866
f 748 865 736
f 736 737 749
f 736 749 748
f 759 879 758
f 758 879 873
f 758 873 748
f 748 873 865
f 769 768 758
f 769 758 759
f 780 899 892
f 780 781 892
f 781 899 892
f 780 892 891
f 769 780 891
f 780 769 770
f 780 770 781
f 758 768 885
f 758 885 879
f 780 899 898
f 769 891 885
f 661 737 653
f 737 661 749
f 759 749 661
f 759 661 669
f 669 760 749
f 669 749 661
f 661 749 760
f 661 760 669
f 669 760 759
f 781 685 677
f 770 677 781
f 677 770 769
f 677 769 759
f 677 759 669
f 669 677 770
f 669 770 760
f 677 669 760
f 677 760 770
f 781 792 782
f 781 791 899
f 662 670 669
f 669 661 662
f 654 653 737
f 654 662 661
f 654 661 653
f 737 738 654
f 670 761 669
f 669 761 750
f 669 750 662
f 662 750 761
f 662 761 670
f 662 750 738
f 662 738 654
f 654 738 750
f 654 750 662
f 661 750 662
f 669 761 760
f 661 749 750
f 662 761 669
f 653 738 737
f 661 750 738
f 661 738 653
f 678 677 669
f 678 669 670
f 685 686 781
f 677 678 686
f 677 686 685
f 782 781 686
f 678 677 771
f 669 677 771
f 669 771 761
f 678 670 761
f 678 761 771
f 686 792 782
f 678 686 782
f 678 782 771
f 686 678 771
f 686 771 782
f 677 770 771
f 677 669 761
f 677 761 771
f 685 781 782
f 677 685 782
f 677 782 771
f 663 671 670
f 663 670 662
f 662 654 655
f 662 655 663
f 670 762 761
f 671 762 670
f 662 751 663
f 670 761 751
f 670 751 662
f 670 761 671
f 663 751 739
f 663 739 655
f 655 739 751
f 655 751 663
f 662 750 751
f 670 761 750
f 670 750 662
f 662 751 761
f 654 738 739
f 654 739 655
f 679 678 670
f 679 670 671
f 687 686 678
f 687 678 679
f 678 771 772
f 679 678 772
f 670 678 771
f 670 771 761
f 678 679 771
f 687 793 783
f 679 687 783
f 679 783 772
f 687 679 772
f 687 772 783
f 686 687 783
f 686 783 793
f 686 793 792
f 671 664 672
f 664 671 663
f 656 664 663
f 656 663 655
f 655 740 656
f 663 752 740
f 663 740 655
f 663 664 752
f 655 739 740
f 656 740 739
f 656 739 655
f 680 679 671
f 680 671 672
f 679 680 688
f 679 688 687
f 687 688 784
f 679 687 784
f 679 784 773
f 679 773 680
f 687 688 794
f 687 794 793
f 688 687 783
f 688 783 784
f 1169 1243 1303
f 1364 1363 1303
f 1364 1303 1243
f 1080 1082 1167
f 1169 1167 1082
f 1164 1079 1166
f 1080 1166 1079
f 1362 1242 1302
f 1164 1302 1242
f 1510 1511 1627
f 1363 1364 1462
f 1511 1510 1462
f 1169 1157 1234
f 1169 1234 1243
f 1356 1364 1243
f 1356 1243 1234
f 1080 1068 1069
f 1080 1069 1082
f 1157 1169 1082
f 1157 1082 1069
f 1164 1156 1067
f 1164 1067 1079
f 1068 1080 1079
f 1068 1079 1067
f 1362 1355 1233
f 1362 1233 1242
f 1156 1164 1242
f 1156 1242 1233
f 1509 1502 1454
f 1509 1454 1461
f 1355 1362 1461
f 1355 1461 1454
f 1696 1688 1618
f 1696 1618 1626
f 1502 1509 1626
f 1502 1626 1618
f 1861 1851 1762
f 1861 1762 1773
f 1688 1696 1773
f 1688 1773 1762
f 1697 1689 1763
f 1697 1763 1776
f 1851 1861 1776
f 1851 1776 1763
f 1511 1503 1619
f 1511 1619 1627
f 1689 1697 1627
f 1689 1627 1619
f 1364 1356 1455
f 1364 1455 1462
f 1503 1511 1462
f 1503 1462 1455
f 1861 1773 1774
f 1776 1861 1774
f 1192 1110 1104
f 1192 1104 1186
f 1020 934 928
f 1020 928 1014
f 839 838 828
f 839 828 829
f 721 720 712
f 721 712 713
f 717 716 708
f 717 708 709
f 715 832 822
f 715 822 707
f 832 930 924
f 832 924 822
f 929 1015 1009
f 929 1009 923
f 1015 1106 1101
f 1015 1101 1009
f 1189 1260 1256
f 1189 1256 1183
f 1260 1320 1316
f 1260 1316 1256
f 1378 1427 1425
f 1378 1425 1376
f 1885 1977 1970
f 1885 1970 1880
f 1978 2100 2090
f 1978 2090 1971
f 2203 2204 2194
f 2203 2194 2193
f 2206 2207 2197
f 2206 2197 2196
f 2207 2208 2198
f 2207 2198 2197
f 2208 2209 2199
f 2208 2199 2198
f 2209 2210 2200
f 2209 2200 2199
f 2211 2106 2096
f 2211 2096 2201
f 2107 1983 1975
f 2107 1975 2097
f 1888 1802 1798
f 1888 1798 1883
f 1584 1526 1524
f 1584 1524 1580
f 1426 1473 1475
f 1426 1475 1428
f 1393 1335 1336
f 1186 1259 1263
f 1186 1263 1192
f 1336 1335 1275
f 1275 1208 1209
f 830 928 934
f 830 934 840
f 1130 1037 1038
f 713 828 838
f 713 838 721
f 950 1036 949
f 710 711 719
f 710 719 718
f 707 708 716
f 707 716 715
f 946 1031 945
f 945 1031 1030
f 1030 1121 1029
f 1029 1121 1120
f 1270 1331 1330
f 1472 1425 1427
f 1472 1427 1474
f 1577 1523 1525
f 1577 1525 1581
f 1712 1641 1645
f 1712 1645 1717
f 1591 1656 1655
f 1880 1795 1799
f 1880 1799 1885
f 1971 1970 1977
f 1971 1977 1978
f 1812 1813 1897
f 1995 1898 1996
f 2195 2204 2205
f 2201 2200 2210
f 1823 1737 1738
f 1644 1715 1721
f 1644 1721 1648
f 1661 1595 1596
f 1580 1644 1648
f 1580 1648 1584
f 1440 1441 1487
f 1440 1487 1486
f 1484 1483 1437
f 1484 1437 1438
f 1394 1395 1441
f 1394 1441 1440
f 1438 1437 1392
f 1337 1395 1394
f 1392 1437 1391
f 1392 1391 1335
f 1335 1391 1334
f 1210 1277 1276
f 1334 1333 1274
f 1274 1333 1273
f 1132 1040 1133
f 1274 1273 1207
f 1039 1040 1132
f 1207 1273 1206
f 1039 953 1040
f 1207 1206 1129
f 952 953 1039
f 1129 1206 1205
f 1129 1205 1128
f 861 862 952
f 1128 1127 1035
f 858 734 859
f 1035 1127 1126
f 1035 1126 1034
f 858 733 734
f 857 732 733
f 857 733 858
f 1034 1126 1125
f 1034 1125 1033
f 856 731 732
f 856 732 857
f 1033 1125 1032
f 855 731 856
f 1032 1125 1124
f 1032 1124 1031
f 944 854 855
f 1031 1124 1123
f 943 854 944
f 1123 1204 1122
f 1122 1204 1203
f 1028 1027 942
f 1122 1203 1202
f 1202 1203 1272
f 1119 1118 1027
f 1202 1272 1201
f 1199 1118 1119
f 1201 1272 1271
f 1199 1198 1118
f 1271 1272 1332
f 1268 1198 1199
f 1271 1332 1331
f 1331 1332 1390
f 1331 1390 1389
f 1387 1386 1329
f 1389 1390 1436
f 1389 1436 1435
f 1433 1386 1387
f 1479 1432 1433
f 1435 1436 1482
f 1435 1482 1481
f 1532 1531 1478
f 1532 1478 1479
f 1481 1482 1534
f 1590 1589 1531
f 1590 1531 1532
f 1534 1482 1535
f 1590 1654 1589
f 1534 1535 1592
f 1592 1535 1593
f 1592 1593 1657
f 1810 1729 1730
f 1657 1593 1658
f 1657 1658 1732
f 1895 1894 1811
f 1732 1658 1733
f 1733 1734 1813
f 1813 1734 1814
f 1994 2118 1993
f 1814 1734 1815
f 2119 2118 1994
f 1814 1815 1899
f 1899 1815 1816
f 2120 2224 2119
f 1899 1816 1900
f 1900 1816 1817
f 1900 1817 1901
f 2123 2227 2226
f 2123 2226 2122
f 1901 1817 1818
f 1901 1818 1902
f 1902 1818 1819
f 1902 1819 1903
f 2125 2229 2228
f 2125 2228 2124
f 2126 2229 2125
f 1903 1819 1820
f 1903 1820 1904
f 2003 2127 2126
f 2004 1907 1908
f 1736 1735 1659
f 1825 1908 1824
f 1736 1659 1737
f 1737 1659 1660
f 1660 1659 1594
f 1663 1740 1739
f 1660 1594 1595
f 1595 1594 1536
f 1595 1536 1537
f 1486 1487 1540
f 1486 1540 1539
f 1537 1536 1483
f 1537 1483 1484
f 1336 1275 1276
f 1209 1208 1131
f 1131 1130 1038
f 1037 1036 950
f 945 1030 944
f 1030 1029 944
f 1120 1201 1200
f 1200 1270 1269
f 1270 1330 1269
f 1656 1731 1655
f 1731 1732 1811
f 1732 1812 1811
f 1812 1897 1896
f 1897 1898 1994
f 1898 1995 1994
f 1997 2121 1996
f 1997 1998 2122
f 1997 2122 2121
f 1998 1999 2123
f 1998 2123 2122
f 1999 2000 2123
f 2001 1905 2002
f 1905 1906 2002
f 1738 1661 1662
f 1661 1596 1662
f 1485 1439 1440
f 1485 1440 1486
f 1439 1485 1484
f 1439 1484 1438
f 1439 1393 1394
f 1439 1394 1440
f 1393 1439 1392
f 1392 1439 1438
f 1393 1336 1394
f 1394 1336 1337
f 1337 1336 1277
f 1335 1393 1392
f 1336 1276 1277
f 1276 1275 1210
f 1275 1335 1274
f 1274 1335 1334
f 1275 1209 1210
f 1210 1209 1133
f 1208 1275 1274
f 1209 1131 1132
f 1209 1132 1133
f 1208 1274 1207
f 1132 1131 1039
f 1131 1208 1130
f 1130 1208 1207
f 1131 1038 1039
f 1130 1207 1129
f 1039 1038 952
f 1037 1130 1129
f 1038 1037 951
f 1038 951 952
f 1037 950 951
f 951 861 952
f 1036 1037 1129
f 1036 1129 1128
f 951 950 860
f 951 860 861
f 1035 1036 1128
f 950 949 859
f 950 859 860
f 949 1036 1035
f 949 948 858
f 949 858 859
f 948 949 1035
f 948 1035 1034
f 948 947 857
f 948 857 858
f 947 948 1034
f 947 1034 1033
f 947 946 857
f 857 946 856
f 946 947 1033
f 946 1033 1032
f 946 945 855
f 946 855 856
f 1031 946 1032
f 945 944 855
f 944 1029 943
f 1030 1031 1122
f 1122 1031 1123
f 943 1029 942
f 1121 1030 1122
f 1029 1120 1028
f 1029 1028 942
f 1121 1122 1202
f 1028 1120 1119
f 1028 1119 1027
f 1120 1121 1201
f 1201 1121 1202
f 1120 1200 1119
f 1119 1200 1199
f 1200 1201 1271
f 1200 1269 1199
f 1270 1200 1271
f 1269 1268 1199
f 1331 1270 1271
f 1269 1330 1329
f 1269 1329 1268
f 1330 1388 1387
f 1330 1387 1329
f 1388 1330 1331
f 1388 1331 1389
f 1388 1434 1433
f 1388 1433 1387
f 1434 1388 1389
f 1434 1389 1435
f 1434 1480 1479
f 1434 1479 1433
f 1480 1434 1435
f 1480 1435 1481
f 1480 1533 1532
f 1480 1532 1479
f 1533 1480 1481
f 1533 1481 1534
f 1533 1591 1532
f 1532 1591 1590
f 1591 1533 1534
f 1591 1534 1592
f 1591 1655 1590
f 1590 1655 1654
f 1656 1591 1592
f 1655 1730 1654
f 1656 1592 1657
f 1655 1731 1730
f 1731 1656 1732
f 1732 1656 1657
f 1731 1811 1730
f 1730 1811 1810
f 1811 1812 1895
f 1812 1732 1733
f 1812 1896 1895
f 1813 1812 1733
f 1896 1897 1994
f 1896 1994 1993
f 1898 1897 1813
f 1898 1813 1814
f 1994 1995 2119
f 1899 1898 1814
f 1995 1996 2120
f 1995 2120 2119
f 1996 1898 1899
f 1997 1996 1899
f 1997 1899 1900
f 1996 2121 2120
f 1998 1997 1900
f 1998 1900 1901
f 1999 1998 1901
f 1999 1901 1902
f 2123 2000 2124
f 2000 1999 1902
f 2000 1902 1903
f 2000 2001 2125
f 2000 2125 2124
f 2001 2000 1904
f 1904 2000 1903
f 2001 2002 2125
f 2125 2002 2126
f 2126 2002 2003
f 1905 2001 1904
f 1905 1904 1820
f 2002 1906 2003
f 1821 1905 1820
f 1906 1907 2003
f 2003 1907 2004
f 1906 1905 1822
f 1822 1905 1821
f 1823 1822 1737
f 1822 1736 1737
f 1906 1823 1907
f 1823 1738 1824
f 1738 1739 1824
f 1824 1739 1825
f 1738 1737 1661
f 1661 1737 1660
f 1738 1662 1739
f 1662 1663 1739
f 1595 1661 1660
f 1662 1596 1597
f 1662 1597 1663
f 1596 1538 1539
f 1596 1539 1597
f 1538 1596 1595
f 1538 1595 1537
f 1538 1485 1486
f 1538 1486 1539
f 1485 1538 1537
f 1485 1537 1484
f 1908 1907 1824
f 1736 1821 1735
f 1823 1906 1822
f 1822 1821 1736
f 1907 1823 1824
f 1983 1888 1883
f 1983 1883 1975
f 1441 1395 1385
f 1441 1385 1431
f 1431 1385 1381
f 1431 1381 1428
f 1371 1421 1424
f 1371 1424 1375
f 1375 1424 1426
f 1375 1426 1377
f 1327 1267 1263
f 1327 1263 1323
f 1251 1311 1315
f 1251 1315 1255
f 1255 1315 1319
f 1255 1319 1259
f 1211 1133 1116
f 1211 1116 1197
f 1197 1116 1110
f 1197 1110 1192
f 1093 1177 1181
f 1093 1181 1099
f 1099 1181 1186
f 1099 1186 1104
f 1040 1025 1026
f 1026 1025 934
f 1026 934 1020
f 1001 1008 1007
f 1007 1014 928
f 1040 953 939
f 1040 939 1025
f 1025 939 934
f 915 1001 1007
f 915 1007 921
f 921 1007 928
f 862 861 850
f 862 850 851
f 851 850 838
f 851 838 839
f 807 808 819
f 807 819 818
f 860 734 728
f 860 728 729
f 729 728 720
f 729 720 721
f 697 806 705
f 697 705 704
f 704 705 713
f 704 713 712
f 734 733 727
f 734 727 728
f 728 727 719
f 728 719 720
f 696 697 704
f 696 704 703
f 703 704 712
f 703 712 711
f 732 731 725
f 732 725 726
f 726 725 717
f 726 717 718
f 694 695 702
f 694 702 701
f 701 702 710
f 701 710 709
f 731 855 724
f 731 724 725
f 725 724 716
f 725 716 717
f 801 694 701
f 801 701 700
f 700 701 709
f 700 709 708
f 854 842 723
f 723 842 832
f 723 832 715
f 800 699 810
f 810 699 707
f 810 707 822
f 853 942 936
f 853 936 842
f 842 936 930
f 842 930 832
f 910 799 810
f 910 810 918
f 918 810 822
f 918 822 924
f 942 941 935
f 942 935 936
f 936 935 929
f 936 929 930
f 909 910 918
f 909 918 917
f 917 918 924
f 917 924 923
f 941 1027 1022
f 941 1022 935
f 935 1022 1015
f 935 1015 929
f 998 909 917
f 998 917 1004
f 1004 923 1009
f 1027 1118 1113
f 1027 1113 1022
f 1022 1113 1015
f 1090 998 1004
f 1090 1004 1096
f 1096 1004 1009
f 1118 1112 1113
f 1113 1112 1106
f 1113 1106 1015
f 1095 1096 1009
f 1095 1009 1101
f 1198 1268 1265
f 1198 1265 1194
f 1194 1265 1260
f 1194 1260 1189
f 1248 1174 1178
f 1248 1178 1253
f 1253 1178 1183
f 1253 1183 1256
f 1268 1329 1324
f 1268 1324 1265
f 1265 1324 1320
f 1265 1320 1260
f 1309 1248 1253
f 1309 1253 1312
f 1312 1253 1256
f 1312 1256 1316
f 1329 1386 1324
f 1368 1309 1312
f 1382 1429 1427
f 1382 1427 1378
f 1418 1368 1372
f 1418 1372 1422
f 1422 1372 1376
f 1422 1376 1425
f 1589 1654 1649
f 1585 1649 1645
f 1585 1645 1581
f 1633 1569 1573
f 1633 1573 1637
f 1637 1573 1577
f 1637 1577 1641
f 1729 1810 1803
f 1724 1803 1799
f 1724 1799 1718
f 1784 1702 1707
f 1784 1707 1789
f 1789 1707 1713
f 1789 1713 1795
f 1890 1891 1977
f 1890 1977 1885
f 1876 1880 1970
f 1992 1993 2109
f 1992 2109 1986
f 1986 2109 2100
f 1986 2100 1978
f 1957 1956 1963
f 1957 1963 2081
f 2081 1963 1971
f 2081 1971 2090
f 1993 2118 2110
f 1993 2110 2109
f 2109 2110 2101
f 2109 2101 2100
f 2070 1957 2081
f 2070 2081 2082
f 2082 2081 2090
f 2082 2090 2091
f 2110 2203 2101
f 2119 2214 2110
f 2110 2214 2204
f 2110 2204 2203
f 2175 2071 2082
f 2175 2082 2184
f 2184 2082 2193
f 2184 2193 2194
f 2216 2217 2207
f 2216 2207 2206
f 2178 2177 2186
f 2178 2186 2187
f 2187 2186 2196
f 2187 2196 2197
f 2217 2218 2208
f 2217 2208 2207
f 2179 2178 2187
f 2179 2187 2188
f 2188 2187 2197
f 2188 2197 2198
f 2218 2219 2209
f 2218 2209 2208
f 2180 2179 2188
f 2180 2188 2189
f 2189 2188 2198
f 2189 2198 2199
f 2219 2220 2210
f 2219 2210 2209
f 2181 2180 2189
f 2181 2189 2190
f 2190 2189 2199
f 2190 2199 2200
f 2126 2115 2221
f 2221 2115 2106
f 2221 2106 2211
f 2079 2078 2191
f 2079 2191 2087
f 2087 2191 2201
f 2087 2201 2096
f 2115 2116 2107
f 2115 2107 2106
f 2080 2079 2087
f 2080 2087 2088
f 2088 2087 2096
f 2088 2096 2097
f 2116 1990 1983
f 2116 1983 2107
f 1960 2080 2088
f 1960 2088 1967
f 1967 2097 1975
f 1807 1808 1802
f 1807 1802 1888
f 1788 1787 1793
f 1788 1793 1794
f 1794 1793 1883
f 1794 1883 1798
f 1826 1740 1727
f 1826 1727 1808
f 1808 1727 1721
f 1808 1721 1802
f 1705 1788 1794
f 1705 1794 1710
f 1710 1794 1798
f 1710 1798 1715
f 1588 1530 1526
f 1588 1526 1584
f 1518 1572 1576
f 1518 1576 1522
f 1522 1576 1580
f 1522 1580 1524
f 1421 1469 1471
f 1421 1471 1424
f 1424 1471 1473
f 1424 1473 1426
f 1477 1431 1428
f 1477 1428 1475
f 1311 1371 1375
f 1311 1375 1315
f 1315 1375 1377
f 1315 1377 1319
f 1385 1327 1323
f 1385 1323 1381
f 1177 1251 1255
f 1177 1255 1181
f 1181 1255 1259
f 1181 1259 1186
f 1277 1197 1267
f 1267 1197 1192
f 1267 1192 1263
f 1001 1093 1099
f 1001 1099 1008
f 1133 1040 1026
f 1133 1026 1116
f 1116 1026 1020
f 1116 1020 1110
f 820 921 928
f 820 928 830
f 953 852 939
f 939 852 840
f 939 840 934
f 808 915 820
f 808 820 819
f 819 820 830
f 819 830 829
f 953 862 851
f 953 851 852
f 852 851 839
f 852 839 840
f 806 807 818
f 806 818 705
f 705 818 828
f 705 828 713
f 861 860 729
f 861 729 850
f 850 729 721
f 850 721 838
f 695 696 703
f 695 703 702
f 702 703 711
f 702 711 710
f 733 732 726
f 733 726 727
f 727 726 718
f 727 718 719
f 800 801 700
f 800 700 699
f 699 700 708
f 699 708 707
f 855 854 723
f 855 723 724
f 724 723 715
f 724 715 716
f 854 853 842
f 1174 1090 1095
f 1174 1095 1178
f 1178 1095 1101
f 1178 1101 1183
f 1118 1198 1194
f 1118 1194 1112
f 1112 1194 1189
f 1112 1189 1106
f 1368 1312 1372
f 1372 1312 1316
f 1372 1316 1376
f 1386 1382 1324
f 1324 1382 1378
f 1324 1378 1320
f 1466 1418 1422
f 1466 1422 1470
f 1470 1422 1425
f 1470 1425 1472
f 1429 1476 1474
f 1429 1474 1427
f 1515 1466 1470
f 1515 1470 1519
f 1519 1470 1472
f 1519 1472 1523
f 1476 1527 1525
f 1476 1525 1474
f 1569 1515 1519
f 1569 1519 1573
f 1573 1519 1523
f 1573 1523 1577
f 1527 1585 1581
f 1527 1581 1525
f 1633 1637 1707
f 1707 1637 1641
f 1707 1641 1712
f 1654 1724 1649
f 1649 1724 1717
f 1649 1717 1645
f 1707 1712 1713
f 1724 1718 1717
f 1869 1784 1789
f 1869 1789 1875
f 1875 1789 1795
f 1875 1795 1880
f 1810 1890 1803
f 1803 1890 1885
f 1803 1885 1799
f 1963 1876 1970
f 1963 1970 1971
f 1891 1986 1978
f 1891 1978 1977
f 2176 2175 2184
f 2176 2184 2185
f 2185 2184 2194
f 2185 2194 2195
f 2214 2215 2205
f 2214 2205 2204
f 2177 2176 2185
f 2177 2185 2186
f 2186 2185 2195
f 2186 2195 2196
f 2215 2216 2206
f 2215 2206 2205
f 2078 2181 2190
f 2078 2190 2191
f 2191 2190 2200
f 2191 2200 2201
f 2229 2126 2221
f 2229 2221 2220
f 2220 2221 2211
f 2220 2211 2210
f 1873 1960 1967
f 1873 1967 1968
f 2004 1908 1991
f 1990 1991 1983
f 1787 1873 1878
f 1787 1878 1793
f 1908 1825 1807
f 1908 1807 1893
f 1893 1807 1888
f 1635 1710 1640
f 1640 1710 1715
f 1640 1715 1644
f 1740 1663 1652
f 1740 1652 1727
f 1727 1652 1648
f 1727 1648 1721
f 1572 1635 1640
f 1572 1640 1576
f 1576 1640 1644
f 1576 1644 1580
f 1663 1598 1588
f 1663 1588 1652
f 1652 1588 1584
f 1652 1584 1648
f 1469 1518 1522
f 1540 1487 1530
f 1469 1522 1471
f 1471 1522 1524
f 1471 1524 1473
f 1487 1477 1530
f 1530 1477 1475
f 1530 1475 1526
f 1908 1893 1991
f 1991 1893 1888
f 1991 1888 1983
f 1873 1968 1878
f 1878 1968 1975
f 1878 1975 1883
f 1211 1277 1210
f 1211 1210 1133
f 854 943 853
f 853 943 942
f 2223 2119 2224
f 1826 1825 1740
f 1395 1337 1338
f 953 952 862
f 860 859 734
f 942 1027 941
f 2128 2127 2004
f 2127 2003 2004
f 1825 1739 1740
f 1663 1597 1598
f 1152 1062 1056
f 1152 1056 1146
f 777 776 765
f 777 765 766
f 683 682 674
f 683 674 675
f 769 884 878
f 769 878 759
f 971 1058 1053
f 971 1053 966
f 1149 1226 1222
f 1149 1222 1143
f 1226 1290 1286
f 1226 1286 1222
f 1843 1930 1924
f 1843 1924 1838
f 1931 2038 2028
f 1931 2028 1925
f 2160 2161 2151
f 2160 2151 2150
f 2161 2162 2152
f 2161 2152 2151
f 2162 2163 2153
f 2162 2153 2152
f 2165 2044 2034
f 2165 2034 2155
f 2045 1936 1928
f 2045 1928 2035
f 1846 1758 1754
f 1846 1754 1841
f 1366 1305 1306
f 1146 1225 1229
f 1146 1229 1152
f 1306 1305 1245
f 1245 1171 1172
f 767 882 888
f 767 888 778
f 1085 993 994
f 675 765 776
f 675 776 683
f 905 992 904
f 901 987 900
f 900 987 986
f 986 1076 985
f 985 1076 1075
f 1143 1053 1058
f 1143 1058 1149
f 1240 1300 1299
f 1495 1448 1450
f 1495 1450 1497
f 1562 1624 1623
f 1676 1675 1680
f 1676 1680 1681
f 1769 1770 1857
f 1946 1858 1947
f 1780 1699 1700
f 1611 1678 1684
f 1611 1684 1615
f 1629 1566 1567
f 1417 1409 1457
f 1417 1457 1465
f 1463 1462 1414
f 1463 1414 1415
f 1367 1358 1409
f 1367 1409 1417
f 1415 1414 1365
f 1307 1296 1358
f 1307 1358 1367
f 1365 1414 1364
f 1247 1236 1296
f 1247 1296 1307
f 1365 1364 1305
f 1246 1236 1247
f 1305 1364 1304
f 1173 1158 1236
f 1173 1236 1246
f 1304 1303 1244
f 1088 1071 1158
f 1088 1158 1173
f 1244 1303 1243
f 1087 981 1071
f 1244 1243 1170
f 995 981 1087
f 1170 1243 1169
f 995 895 981
f 1170 1169 1084
f 907 895 995
f 1084 1169 1168
f 1084 1168 1083
f 798 788 789
f 798 789 907
f 1083 1082 991
f 796 786 787
f 796 787 797
f 795 690 786
f 795 786 796
f 991 1082 1081
f 991 1081 990
f 795 689 690
f 794 688 689
f 794 689 795
f 990 1081 1080
f 990 1080 989
f 793 687 688
f 793 688 794
f 989 1080 988
f 792 782 687
f 792 687 793
f 988 1080 1079
f 988 1079 987
f 899 781 792
f 987 1079 1078
f 898 891 781
f 898 781 899
f 1078 1165 1077
f 897 890 891
f 897 891 898
f 1077 1165 1164
f 984 978 890
f 984 890 897
f 1077 1164 1163
f 1163 1164 1242
f 1074 1065 978
f 1163 1242 1162
f 1160 1065 1074
f 1162 1242 1241
f 1160 1154 1065
f 1241 1242 1301
f 1238 1231 1154
f 1238 1154 1160
f 1241 1301 1300
f 1300 1301 1362
f 1300 1362 1361
f 1359 1353 1295
f 1359 1295 1298
f 1361 1362 1413
f 1361 1413 1412
f 1410 1353 1359
f 1458 1406 1410
f 1412 1413 1461
f 1412 1461 1460
f 1506 1500 1452
f 1506 1452 1458
f 1460 1461 1508
f 1561 1557 1500
f 1561 1500 1506
f 1508 1461 1509
f 1561 1617 1557
f 1508 1509 1563
f 1563 1509 1564
f 1692 1686 1617
f 1692 1617 1622
f 1563 1564 1625
f 1767 1760 1686
f 1767 1686 1692
f 1625 1564 1626
f 1768 1848 1760
f 1768 1760 1767
f 1625 1626 1694
f 1855 1848 1768
f 1694 1626 1695
f 1856 1938 1849
f 1856 1849 1855
f 1695 1696 1770
f 1944 1939 1938
f 1944 1938 1856
f 1770 1696 1771
f 1945 2048 1939
f 1945 1939 1944
f 1771 1696 1772
f 2060 2048 1945
f 1771 1772 1859
f 2061 2049 2060
f 1859 1772 1773
f 2061 2168 2049
f 1859 1773 1860
f 1860 1773 1774
f 1860 1774 1861
f 2064 2171 2170
f 2064 2170 2063
f 1861 1774 1775
f 1861 1775 1862
f 1862 1775 1776
f 1862 1776 1863
f 2066 2173 2172
f 2066 2172 2065
f 2067 2056 2173
f 2067 2173 2066
f 1863 1776 1777
f 1863 1777 1864
f 1954 2057 2056
f 1954 2056 2067
f 1955 1942 1941
f 1955 1941 1954
f 1955 1867 1853
f 1955 1853 1942
f 1698 1697 1627
f 1782 1765 1853
f 1782 1853 1781
f 1698 1627 1699
f 1699 1627 1628
f 1628 1627 1565
f 1631 1691 1701
f 1628 1565 1566
f 1568 1620 1631
f 1566 1565 1511
f 1566 1511 1512
f 1514 1505 1559
f 1514 1559 1568
f 1465 1457 1505
f 1465 1505 1514
f 1512 1511 1462
f 1512 1462 1463
f 1306 1245 1246
f 1172 1171 1086
f 1086 1085 994
f 993 992 905
f 900 986 899
f 986 985 899
f 1075 1162 1161
f 1161 1240 1239
f 1240 1299 1239
f 1624 1693 1623
f 1693 1694 1768
f 1694 1769 1768
f 1769 1857 1856
f 1857 1858 1945
f 1858 1946 1945
f 1948 2062 1947
f 1948 1949 2063
f 1948 2063 2062
f 1949 1950 2064
f 1949 2064 2063
f 1950 1951 2064
f 1952 1865 1953
f 1865 1866 1953
f 1700 1629 1630
f 1629 1567 1630
f 1464 1416 1417
f 1464 1417 1465
f 1416 1464 1463
f 1416 1463 1415
f 1416 1366 1367
f 1416 1367 1417
f 1366 1416 1365
f 1365 1416 1415
f 1366 1306 1367
f 1367 1306 1307
f 1307 1306 1247
f 1305 1366 1365
f 1306 1246 1247
f 1246 1245 1173
f 1245 1305 1244
f 1244 1305 1304
f 1245 1172 1173
f 1173 1172 1088
f 1171 1245 1244
f 1172 1086 1087
f 1172 1087 1088
f 1171 1244 1170
f 1087 1086 995
f 1086 1171 1085
f 1085 1171 1170
f 1086 994 995
f 1085 1170 1084
f 995 994 907
f 993 1085 1084
f 994 993 906
f 994 906 907
f 993 905 906
f 906 798 907
f 992 993 1084
f 992 1084 1083
f 906 905 797
f 906 797 798
f 991 992 1083
f 905 904 796
f 905 796 797
f 904 992 991
f 904 903 795
f 904 795 796
f 903 904 991
f 903 991 990
f 903 902 794
f 903 794 795
f 902 903 990
f 902 990 989
f 902 901 794
f 794 901 793
f 901 902 989
f 901 989 988
f 901 900 792
f 901 792 793
f 987 901 988
f 900 899 792
f 899 985 898
f 986 987 1077
f 1077 987 1078
f 898 985 897
f 1076 986 1077
f 985 1075 984
f 985 984 897
f 1076 1077 1163
f 984 1075 1074
f 984 1074 983
f 1075 1076 1162
f 1162 1076 1163
f 1075 1161 1074
f 1074 1161 1160
f 1161 1162 1241
f 1161 1239 1160
f 1240 1161 1241
f 1239 1238 1160
f 1300 1240 1241
f 1239 1299 1298
f 1239 1298 1238
f 1299 1360 1359
f 1299 1359 1298
f 1360 1299 1300
f 1360 1300 1361
f 1360 1411 1410
f 1360 1410 1359
f 1411 1360 1361
f 1411 1361 1412
f 1411 1459 1458
f 1411 1458 1410
f 1459 1411 1412
f 1459 1412 1460
f 1459 1507 1506
f 1459 1506 1458
f 1507 1459 1460
f 1507 1460 1508
f 1507 1562 1506
f 1506 1562 1561
f 1562 1507 1508
f 1562 1508 1563
f 1562 1623 1561
f 1561 1623 1622
f 1624 1562 1563
f 1623 1692 1622
f 1624 1563 1625
f 1623 1693 1692
f 1693 1624 1694
f 1694 1624 1625
f 1693 1768 1692
f 1692 1768 1767
f 1768 1769 1855
f 1769 1694 1695
f 1769 1856 1855
f 1770 1769 1695
f 1856 1857 1945
f 1856 1945 1944
f 1858 1857 1770
f 1858 1770 1771
f 1945 1946 2060
f 1859 1858 1771
f 1946 1947 2061
f 1946 2061 2060
f 1947 1858 1859
f 1948 1947 1859
f 1948 1859 1860
f 1947 2062 2061
f 1949 1948 1860
f 1949 1860 1861
f 1950 1949 1861
f 1950 1861 1862
f 2064 1951 2065
f 1951 1950 1862
f 1951 1862 1863
f 1951 1952 2066
f 1951 2066 2065
f 1952 1951 1864
f 1864 1951 1863
f 1952 1953 2066
f 2066 1953 2067
f 2067 1953 1954
f 1865 1952 1864
f 1865 1864 1777
f 1953 1866 1954
f 1778 1865 1777
f 1866 1867 1954
f 1954 1867 1955
f 1866 1865 1779
f 1779 1865 1778
f 1780 1779 1699
f 1779 1698 1699
f 1866 1780 1867
f 1780 1700 1781
f 1700 1701 1781
f 1781 1701 1782
f 1700 1699 1629
f 1629 1699 1628
f 1700 1630 1701
f 1630 1631 1701
f 1566 1629 1628
f 1630 1567 1568
f 1630 1568 1631
f 1567 1513 1514
f 1567 1514 1568
f 1513 1567 1566
f 1513 1566 1512
f 1513 1464 1465
f 1513 1465 1514
f 1464 1513 1512
f 1464 1512 1463
f 1853 1867 1781
f 1698 1778 1697
f 1780 1866 1779
f 1779 1778 1698
f 1867 1780 1781
f 1936 1846 1841
f 1936 1841 1928
f 1342 1399 1401
f 1342 1401 1346
f 1346 1401 1403
f 1346 1403 1348
f 1216 1281 1285
f 1216 1285 1221
f 1221 1285 1289
f 1221 1289 1225
f 1159 1071 1062
f 1159 1062 1152
f 1045 1137 1141
f 1045 1141 1051
f 1051 1141 1146
f 1051 1146 1056
f 982 981 888
f 982 888 976
f 964 970 882
f 981 895 888
f 869 958 964
f 869 964 875
f 875 964 882
f 789 788 776
f 789 776 777
f 755 756 766
f 755 766 765
f 787 690 691
f 691 690 682
f 691 682 683
f 658 743 667
f 666 667 675
f 666 675 674
f 657 658 666
f 657 666 665
f 665 666 674
f 665 674 673
f 655 656 664
f 655 664 663
f 663 664 672
f 663 672 671
f 687 782 686
f 738 655 663
f 738 663 662
f 662 663 671
f 662 671 670
f 781 780 685
f 685 780 769
f 685 769 677
f 737 661 748
f 748 661 669
f 748 669 759
f 780 890 884
f 780 884 769
f 864 736 748
f 864 748 872
f 872 748 759
f 872 759 878
f 863 864 872
f 863 872 871
f 889 978 971
f 889 971 883
f 961 877 966
f 978 1065 971
f 1042 955 961
f 1042 961 1048
f 1048 961 966
f 1065 1058 971
f 1047 1048 966
f 1047 966 1053
f 1154 1231 1226
f 1154 1226 1149
f 1219 1138 1143
f 1219 1143 1222
f 1231 1295 1294
f 1231 1294 1290
f 1231 1290 1226
f 1279 1213 1219
f 1279 1219 1282
f 1282 1219 1222
f 1282 1222 1286
f 1295 1353 1294
f 1339 1279 1282
f 1353 1406 1404
f 1353 1404 1349
f 1400 1343 1347
f 1400 1347 1402
f 1557 1617 1616
f 1600 1541 1545
f 1600 1545 1604
f 1604 1545 1549
f 1604 1549 1608
f 1686 1760 1759
f 1742 1665 1670
f 1742 1670 1747
f 1834 1838 1924
f 1938 1939 2047
f 1938 2047 2038
f 1938 2038 1931
f 1911 1917 2019
f 2019 1917 1925
f 2019 1925 2028
f 1939 2048 2047
f 2047 2048 2039
f 2047 2039 2038
f 2007 1911 2019
f 2008 2007 2020
f 2129 2008 2020
f 2129 2020 2138
f 2138 2020 2147
f 2138 2147 2148
f 2132 2131 2140
f 2132 2140 2141
f 2141 2140 2150
f 2141 2150 2151
f 2133 2132 2141
f 2133 2141 2142
f 2142 2141 2151
f 2142 2151 2152
f 2143 2142 2152
f 2143 2152 2153
f 2135 2134 2143
f 2135 2143 2144
f 2144 2143 2153
f 2144 2153 2154
f 2056 2057 2174
f 2174 2057 2044
f 2174 2044 2165
f 2016 2015 2145
f 2016 2145 2025
f 2025 2145 2155
f 2025 2155 2034
f 2017 2016 2025
f 2017 2025 2026
f 2026 2025 2034
f 2026 2034 2035
f 2058 1942 1936
f 2058 1936 2045
f 1921 2035 1928
f 1765 1758 1846
f 1746 1745 1749
f 1750 1749 1841
f 1750 1841 1754
f 1766 1691 1684
f 1766 1684 1758
f 1668 1750 1673
f 1673 1750 1754
f 1673 1754 1678
f 1491 1544 1548
f 1491 1548 1494
f 1494 1548 1552
f 1494 1552 1496
f 1399 1445 1447
f 1399 1447 1401
f 1401 1447 1449
f 1401 1449 1403
f 1281 1342 1346
f 1281 1346 1285
f 1285 1346 1348
f 1285 1348 1289
f 1137 1216 1221
f 1137 1221 1141
f 1141 1221 1225
f 1141 1225 1146
f 1236 1159 1237
f 1237 1159 1152
f 1237 1152 1229
f 958 1045 1051
f 958 1051 965
f 965 1051 1056
f 965 1056 970
f 1071 981 982
f 757 875 882
f 757 882 767
f 895 778 888
f 745 869 757
f 756 757 767
f 756 767 766
f 790 789 777
f 790 777 778
f 743 755 667
f 667 755 765
f 667 765 675
f 788 691 683
f 788 683 776
f 664 665 673
f 664 673 672
f 689 688 680
f 689 680 681
f 737 738 662
f 737 662 661
f 661 662 670
f 661 670 669
f 782 685 686
f 736 737 748
f 1134 1042 1047
f 1134 1047 1138
f 1138 1047 1053
f 1138 1053 1143
f 1065 1154 1064
f 1339 1282 1343
f 1343 1282 1286
f 1343 1286 1347
f 1442 1396 1400
f 1442 1400 1446
f 1446 1400 1402
f 1446 1402 1448
f 1488 1442 1446
f 1488 1446 1492
f 1492 1446 1448
f 1492 1448 1495
f 1541 1488 1492
f 1545 1492 1495
f 1545 1495 1549
f 1670 1604 1608
f 1670 1608 1675
f 1617 1686 1616
f 1616 1686 1680
f 1616 1680 1612
f 1670 1675 1676
f 1686 1681 1680
f 1827 1742 1747
f 1827 1747 1833
f 1833 1747 1751
f 1833 1751 1838
f 1760 1848 1759
f 1759 1848 1843
f 1759 1843 1755
f 1917 1834 1924
f 1917 1924 1925
f 1849 1931 1930
f 2130 2129 2138
f 2130 2138 2139
f 2139 2138 2148
f 2139 2148 2149
f 2140 2139 2149
f 2140 2149 2150
f 2168 2169 2160
f 2168 2160 2159
f 2015 2135 2144
f 2015 2144 2145
f 2145 2144 2154
f 2145 2154 2155
f 2173 2056 2174
f 1831 1914 1921
f 1831 1921 1922
f 1942 1853 1943
f 1745 1831 1836
f 1749 1836 1841
f 1853 1765 1854
f 1607 1673 1678
f 1607 1678 1611
f 1691 1620 1621
f 1691 1621 1615
f 1691 1615 1684
f 1544 1602 1607
f 1544 1607 1548
f 1548 1607 1611
f 1548 1611 1552
f 1620 1560 1621
f 1621 1560 1556
f 1621 1556 1615
f 1447 1494 1496
f 1447 1496 1449
f 1505 1457 1451
f 1505 1451 1499
f 1853 1854 1943
f 1943 1854 1846
f 1943 1846 1936
f 1836 1922 1928
f 1836 1928 1841
f 1159 1236 1158
f 1159 1158 1071
f 781 891 780
f 2167 2049 2168
f 1766 1765 1691
f 1358 1296 1297
f 1297 1296 1236
f 895 894 789
f 787 786 690
f 890 978 889
f 2058 2057 1942
f 2057 1941 1942
f 1765 1690 1691
f 1620 1559 1560
f 1560 1559 1505
v 0.51600 0.04550 0.01100
v 0.51550 -0.29250 -0.01250
v 0.51500 0.04550 -0.03600
v 0.50942 -0.29523 -0.08552
v 0.51300 -0.29250 0.05800
v 0.50350 0.04550 0.10400
v 0.51344 0.04198 0.03054
v 0.51000 -0.29250 -0.08200
v 0.51000 0.04550 -0.08200
v 0.50900 0.04350 -0.08200
v 0.51005 -0.29976 -0.02794
v 0.50900 -0.29750 0.05800
v 0.49784 0.04196 -0.13072
v 0.49113 -0.30055 0.13733
v 0.51295 -0.29606 0.05171
v 0.49863 0.03830 0.11092
v 0.50000 -0.29250 -0.12800
v 0.50000 0.04550 -0.12800
v 0.49900 0.04350 -0.12800
v 0.49400 -0.29250 0.15000
v 0.49300 0.04350 0.15000
v 0.49100 0.04250 0.14900
v 0.47492 -0.29586 -0.19872
v 0.48500 0.04350 -0.17300
v 0.47800 0.04550 0.19400
v 0.47700 0.04350 0.19400
v 0.47600 0.04250 0.19300
v 0.48779 -0.29655 0.16372
v 0.46931 0.04043 0.20962
v 0.46900 0.04550 -0.21700
v 0.46800 0.04350 -0.21600
v 0.47760 0.03768 -0.18067
v 0.50702 0.03780 -0.05837
v 0.45800 -0.29250 0.23700
v 0.45800 0.04550 0.23700
v 0.45555 -0.29667 0.23626
v 0.45700 0.04350 0.23600
v 0.45600 0.04250 0.23600
v 0.46900 -0.29250 -0.21700
v 0.44700 0.04550 -0.25900
v 0.44483 -0.29617 -0.25763
v 0.44600 0.04350 -0.25800
v 0.44500 0.04250 -0.25700
v 0.48261 -0.30212 -0.16095
v 0.43500 -0.29250 0.27800
v 0.43500 0.04550 0.27800
v 0.43400 0.04350 0.27700
v 0.45275 -0.32090 0.05955
v 0.43300 0.04250 0.27600
v 0.45023 -0.32383 -0.02383
v 0.42200 -0.29250 -0.29800
v 0.42200 0.04550 -0.29800
v 0.42100 0.04350 -0.29700
v 0.40752 -0.29655 -0.31420
v 0.42000 0.04250 -0.29700
v 0.43600 0.01401 0.06021
v 0.41800 -0.29750 -0.29600
v 0.40641 0.04040 -0.31251
v 0.42991 0.01711 0.13754
v 0.43324 -0.32005 -0.15752
v 0.42691 -0.32528 0.10713
v 0.38390 0.01112 0.11615
v 0.39200 -0.29250 0.33450
v 0.40800 0.04550 0.31600
v 0.46290 -0.30031 0.21848
v 0.42055 -0.29639 0.29539
v 0.40700 0.04350 0.31500
v 0.41235 0.00982 -0.03092
v 0.40600 0.04250 0.31400
v 0.42392 0.01986 -0.19270
v 0.40229 -0.32724 0.02617
v 0.39645 -0.32095 -0.22898
v 0.41475 0.01165 -0.10617
v 0.39300 0.04550 -0.33500
v 0.39200 0.04350 -0.33400
v 0.39100 0.04250 -0.33400
v 0.38689 -0.32636 0.05812
v 0.38888 0.01142 0.16831
v 0.37340 -0.32642 -0.11152
v 0.37226 0.01359 -0.07970
v 0.39645 -0.32558 0.18677
v 0.37600 0.04550 0.35300
v 0.37500 0.04350 0.35200
v 0.37392 0.04153 0.34956
v 0.35221 -0.29633 0.37429
v 0.37447 0.03166 0.33072
v 0.33673 0.01161 -0.20861
v 0.35589 -0.32551 0.15816
v 0.35757 0.01363 0.12802
v 0.36100 -0.29250 -0.37000
v 0.36100 0.04550 -0.37000
v 0.35180 -0.29664 -0.37473
v 0.36000 0.04350 -0.36900
v 0.30892 0.02807 0.10958
v 0.35900 0.04250 -0.36800
v 0.31701 0.03800 -0.39993
v 0.40273 -0.29979 -0.31619
v 0.39254 0.01934 0.24751
v 0.34400 0.04550 0.38400
v 0.33933 -0.32644 0.19115
v 0.34188 0.04077 0.38045
v 0.37994 -0.30000 0.34020
v 0.34000 0.02150 0.32000
v 0.34773 -0.32630 -0.17414
v 0.35978 -0.31885 -0.03770
v 0.31290 -0.32622 -0.23651
v 0.32197 -0.32362 0.30226
v 0.34992 0.01906 -0.30803
v 0.32600 0.04550 -0.40100
v 0.30280 -0.29648 -0.41632
v 0.32500 0.04350 -0.40000
v 0.32400 0.04250 -0.39900
v 0.31800 0.01450 0.29800
v 0.31125 0.02850 -0.04325
v 0.27250 -0.31050 -0.14137
v 0.33450 0.02232 -0.09921
v 0.31296 -0.32527 -0.31717
v 0.32664 0.04342 0.39855
v 0.30700 -0.29250 0.41400
v 0.30700 0.04550 0.41400
v 0.28812 0.03704 0.41830
v 0.30063 -0.30003 0.41154
v 0.30305 -0.32638 0.24370
v 0.32127 0.01370 0.20310
v 0.28800 0.04550 -0.42900
v 0.23900 0.02850 -0.20375
v 0.28700 0.04350 -0.42800
v 0.32331 -0.32477 0.30831
v 0.22781 0.01381 0.37582
v 0.26529 0.04189 0.43897
v 0.26800 0.04550 0.44000
v 0.30025 -0.31050 0.09850
v 0.33843 0.01170 -0.25040
v 0.20631 0.01292 0.32996
v 0.26761 -0.32677 0.28683
v 0.27786 0.01252 0.27559
v 0.26188 -0.32642 -0.28906
v 0.25000 -0.31050 0.19400
v 0.28112 0.02850 0.13713
v 0.26800 -0.29250 -0.44100
v 0.24800 0.04550 -0.45300
v 0.22976 -0.29661 -0.46005
v 0.24700 0.04350 -0.45200
v 0.24700 0.04250 -0.45100
v 0.25574 -0.32091 -0.37867
v 0.16407 0.01155 -0.36643
v 0.27033 -0.29555 0.43830
v 0.20550 -0.29250 0.47250
v 0.22700 0.04550 0.46300
v 0.21567 -0.30079 0.46037
v 0.22365 -0.32637 -0.31872
v 0.12052 0.01220 0.41302
v 0.22641 -0.32118 -0.39575
v 0.20500 0.04350 -0.47300
v 0.20500 0.04250 -0.47100
v 0.18265 0.03581 -0.47459
v 0.21615 -0.32549 0.32325
v 0.24630 -0.29978 -0.45001
v 0.22108 -0.32087 0.39988
v 0.14979 0.01401 -0.34862
v 0.11197 0.01405 0.36529
v 0.18400 0.04550 0.48200
v 0.20189 0.04203 0.47259
v 0.10450 -0.31050 -0.29425
v 0.08300 0.02850 -0.29525
v 0.16200 -0.29250 -0.49100
v 0.16200 0.04550 -0.49100
v 0.15991 -0.29540 -0.49001
v 0.16260 0.04353 -0.48942
v 0.05267 -0.32837 0.42690
v 0.17718 -0.29628 0.48280
v 0.11751 0.04263 0.50039
v 0.11650 -0.29250 0.50150
v 0.09400 0.04550 0.50700
v 0.16255 -0.32575 -0.40719
v 0.14643 -0.32624 -0.36384
v 0.11320 -0.29722 -0.50124
v 0.11643 0.04199 -0.50063
v 0.10212 -0.32064 -0.44698
v 0.10978 0.03334 0.49136
v 0.22324 0.01447 -0.31648
v 0.05177 -0.32118 0.45198
v 0.07540 0.01682 0.44381
v 0.04890 0.01129 0.40418
v -0.02848 -0.32578 0.43610
v 0.06813 -0.32612 0.38233
v 0.07000 0.04550 -0.51200
v -0.01343 -0.32089 -0.46160
v 0.11032 0.01700 -0.43942
v 0.23332 0.01343 -0.37835
v 0.06772 -0.32642 -0.38424
v 0.08793 -0.30218 0.49972
v 0.06955 -0.29665 0.50859
v 0.02708 0.04249 0.51319
v 0.04700 0.04350 0.51200
v 0.02350 -0.29250 0.51400
v 0.03600 -0.32650 0.38900
v 0.13600 -0.31050 0.27738
v 0.15250 0.02850 0.27700
v 0.04700 -0.29250 -0.51400
v 0.02400 0.04550 -0.51600
v -0.02148 0.04232 -0.51514
v 0.01942 -0.29475 -0.51624
v 0.05551 0.01109 -0.40208
v -0.08197 0.02621 0.48288
v 0.00000 0.04050 0.51100
v 0.00000 0.04550 0.51500
v -0.09850 -0.31050 -0.30000
v 0.03236 0.01420 -0.37789
v -0.00093 -0.32825 -0.40697
v 0.03026 0.03936 -0.51262
v -0.02858 -0.32631 0.38841
v -0.05290 -0.29858 0.51021
v -0.04553 0.04185 0.51071
v -0.07000 -0.29250 0.51000
v -0.07000 0.04550 0.51000
v -0.06204 -0.32634 -0.38807
v 0.01129 0.01186 -0.43308
v -0.05534 -0.32335 -0.44066
v 0.00963 -0.29864 -0.51669
v -0.07000 -0.29250 -0.51200
v -0.07000 0.04550 -0.51200
v -0.15888 0.02850 -0.26225
v -0.10590 0.01221 0.41728
v -0.09300 0.04250 0.50400
v -0.09300 0.04350 0.50600
v -0.08002 0.01117 0.39714
v -0.11506 0.04321 -0.50202
v -0.10007 -0.32010 0.44953
v -0.14076 -0.32487 -0.42505
v -0.21241 0.01660 0.30500
v -0.13261 0.01681 -0.43105
v -0.11367 -0.29608 0.50090
v -0.09937 0.01395 0.36906
v -0.13900 0.04350 0.49500
v -0.13900 0.04550 0.49600
v -0.10456 -0.32642 0.37470
v -0.22775 -0.32485 0.38253
v -0.15839 -0.32631 -0.35616
v -0.12215 -0.29724 -0.49869
v -0.16100 0.04550 -0.49100
v -0.20235 -0.29568 -0.47460
v -0.17855 0.04338 -0.48401
v -0.19371 -0.32621 0.33955
v -0.15558 0.02963 -0.47179
v -0.16108 0.04060 0.48585
v -0.21550 -0.29873 0.46461
v -0.22600 -0.29250 0.46100
v -0.18400 0.04550 0.48200
v -0.20333 0.01703 0.40224
v -0.12645 0.01700 -0.34858
v -0.18300 -0.29250 -0.48250
v -0.20500 0.04550 -0.47400
v -0.09900 -0.31050 0.30050
v -0.09900 0.02850 0.30050
v -0.15918 0.01270 -0.35466
v -0.31041 0.01209 0.29454
v -0.22500 -0.29750 0.45900
v -0.17197 0.03620 0.47747
v -0.25252 0.01738 0.37643
v -0.20401 0.04271 0.47182
v -0.22600 0.04350 0.46200
v -0.22882 0.01371 0.30144
v -0.23731 0.01179 -0.35680
v -0.29125 -0.31050 -0.10012
v -0.21996 -0.32086 -0.40193
v -0.24562 0.04165 -0.45057
v -0.24688 -0.32631 -0.30444
v -0.26430 -0.32639 0.28489
v -0.34419 -0.32592 0.18633
v -0.27532 0.04015 0.43076
v -0.26607 -0.29644 0.43845
v -0.26700 0.04350 0.43900
v -0.26800 0.04550 0.44000
v -0.32879 -0.32534 0.29403
v -0.30025 0.02850 -0.08475
v -0.25223 -0.32743 -0.31202
v -0.25887 0.03954 -0.44319
v -0.28800 0.04550 -0.42900
v -0.25419 0.01149 -0.34121
v -0.34840 -0.29794 0.37669
v -0.30569 -0.29549 0.41264
v -0.30700 -0.29250 0.41400
v -0.30700 0.04550 0.41400
v -0.33538 0.01404 0.17954
v -0.28813 -0.31050 0.10900
v -0.28813 0.02850 0.10900
v -0.26585 -0.29964 -0.43742
v -0.29682 -0.32645 0.25134
v -0.28800 -0.29250 -0.42900
v -0.32500 0.04550 -0.40100
v -0.36093 -0.29623 -0.36820
v -0.30529 0.04365 -0.41609
v -0.31646 0.02550 -0.36221
v -0.29861 0.01408 -0.23952
v -0.32620 -0.32620 -0.21701
v -0.29716 -0.29773 0.41728
v -0.35706 0.03704 0.36500
v -0.33818 -0.32355 -0.29890
v -0.30277 0.01160 0.25726
v -0.33129 0.04316 0.39384
v -0.37303 0.01923 0.27370
v -0.34714 0.01423 -0.16051
v -0.34628 0.01677 -0.28861
v -0.34009 0.04048 -0.38263
v -0.36000 -0.29250 -0.37000
v -0.36000 0.04550 -0.37000
v -0.36000 0.04350 -0.36900
v -0.35870 -0.32645 -0.15259
v -0.41564 -0.32842 0.10157
v -0.38847 0.01126 0.15668
v -0.37585 0.04195 0.34890
v -0.37700 -0.29250 0.35200
v -0.37700 0.04550 0.35200
v -0.37531 -0.32637 -0.10289
v -0.37279 0.01359 -0.07768
v -0.37964 0.01350 0.05429
v -0.37686 -0.29924 -0.34461
v -0.44673 -0.32493 0.00178
v -0.39208 0.04177 -0.33151
v -0.39091 -0.32623 -0.01766
v -0.39200 0.04350 -0.33400
v -0.39300 -0.29250 -0.33500
v -0.39300 0.04550 -0.33500
v -0.40096 -0.32563 -0.18029
v -0.39243 -0.32173 -0.22755
v -0.43194 0.02122 -0.18696
v -0.42051 0.01139 0.06113
v -0.38527 -0.32644 0.05448
v -0.39305 0.01121 -0.15288
v -0.39812 -0.31118 0.28770
v -0.36354 0.02346 -0.31470
v -0.45873 0.01681 -0.03168
v -0.43655 -0.29546 -0.27258
v -0.41900 0.04250 -0.29700
v -0.43433 -0.32455 -0.10930
v -0.39570 0.01112 -0.06460
v -0.42000 0.04350 -0.29700
v -0.42100 0.04550 -0.29800
v -0.44604 0.01735 -0.07726
v -0.42228 0.04335 0.29407
v -0.44600 -0.29250 0.25750
v -0.44600 0.04550 0.25750
v -0.43102 0.04075 -0.27703
v -0.44600 0.04350 -0.25800
v -0.44700 0.04550 -0.25900
v -0.48162 -0.30022 0.17127
v -0.46592 0.04153 -0.21413
v -0.47709 -0.29658 -0.19092
v -0.45750 -0.29250 -0.23800
v -0.45388 -0.29735 0.23925
v -0.47400 0.04050 0.19300
v -0.46787 0.04312 0.21440
v -0.44820 -0.29672 0.25657
v -0.47800 0.04550 0.19400
v -0.47556 0.03575 0.18360
v -0.45140 -0.30059 -0.23901
v -0.48600 0.04550 -0.17300
v -0.49133 0.04164 0.14667
v -0.49300 -0.29250 0.15000
v -0.48315 0.04054 -0.17423
v -0.50711 -0.29661 -0.08725
v -0.50000 -0.29250 -0.12800
v -0.50000 0.04550 -0.12800
v -0.49954 -0.29636 0.12115
v -0.50500 -0.29250 0.10400
v -0.50500 0.04550 0.10400
v -0.50781 0.04115 -0.07143
v -0.51102 -0.30194 -0.00423
v -0.50612 0.04160 0.08633
v -0.51337 -0.29596 0.03043
v -0.51494 0.04295 -0.01168
v -0.51500 0.04550 -0.03600
v -0.51550 -0.29250 -0.01250
v -0.51600 0.04550 0.01100
usemtl m028
f 2507 2561 2550
f 2440 2383 2396
f 2383 2323 2337
f 2505 2484 2481
f 2509 2521 2548
f 2537 2505 2481
f 2537 2481 2535
f 2548 2606 2552
f 2537 2535 2567
f 2526 2537 2567
f 2526 2567 2553
f 2618 2611 2583
f 2611 2577 2583
f 2526 2553 2545
f 2611 2582 2577
f 2473 2526 2545
f 2473 2545 2501
f 2415 2473 2501
f 2415 2501 2459
f 2415 2459 2431
f 2406 2346 2440
f 2376 2415 2431
f 2376 2431 2366
f 2282 2320 2358
f 2364 2376 2366
f 2364 2366 2344
f 2257 2266 2283
f 2389 2364 2344
f 2279 2348 2266
f 2279 2336 2348
f 2449 2384 2411
f 2505 2449 2411
f 2505 2411 2484
f 2477 2455 2474
f 2474 2500 2510
f 2474 2510 2507
f 2507 2552 2561
f 2587 2583 2590
f 2587 2590 2580
f 2580 2577 2582
f 2580 2582 2554
f 2580 2554 2530
f 2514 2495 2482
f 2514 2482 2468
f 2454 2468 2439
f 2454 2439 2440
f 2440 2358 2383
f 2383 2358 2320
f 2383 2320 2323
f 2312 2306 2309
f 2312 2309 2328
f 2328 2348 2363
f 2402 2433 2434
f 2434 2433 2455
f 2434 2455 2477
f 2455 2509 2474
f 2474 2484 2477
f 2474 2509 2500
f 2500 2509 2548
f 2500 2548 2510
f 2507 2484 2474
f 2513 2484 2507
f 2513 2481 2484
f 2510 2548 2507
f 2550 2513 2507
f 2550 2481 2513
f 2507 2548 2552
f 2535 2481 2550
f 2561 2552 2606
f 2535 2550 2561
f 2561 2606 2578
f 2578 2535 2561
f 2578 2567 2535
f 2578 2606 2583
f 2583 2567 2578
f 2587 2567 2583
f 2566 2553 2567
f 2566 2567 2587
f 2590 2577 2580
f 2590 2583 2577
f 2580 2566 2587
f 2580 2553 2566
f 2530 2553 2580
f 2554 2544 2530
f 2554 2582 2544
f 2530 2545 2553
f 2530 2544 2528
f 2530 2528 2514
f 2514 2506 2530
f 2506 2545 2530
f 2506 2501 2545
f 2514 2528 2495
f 2482 2495 2468
f 2468 2506 2514
f 2468 2501 2506
f 2468 2495 2461
f 2454 2501 2468
f 2454 2459 2501
f 2468 2461 2406
f 2440 2459 2454
f 2468 2406 2439
f 2396 2459 2440
f 2396 2410 2459
f 2410 2431 2459
f 2439 2406 2440
f 2396 2431 2410
f 2440 2346 2358
f 2431 2396 2383
f 2337 2431 2383
f 2337 2366 2431
f 2323 2320 2282
f 2330 2337 2323
f 2330 2366 2337
f 2323 2283 2318
f 2323 2282 2283
f 2318 2330 2323
f 2318 2366 2330
f 2318 2283 2306
f 2318 2344 2366
f 2306 2283 2266
f 2312 2318 2306
f 2312 2344 2318
f 2306 2266 2309
f 2339 2344 2312
f 2309 2266 2328
f 2328 2339 2312
f 2328 2266 2348
f 2328 2374 2339
f 2374 2344 2339
f 2386 2328 2379
f 2348 2336 2353
f 2402 2386 2379
f 2402 2384 2386
f 2336 2371 2379
f 2379 2371 2430
f 2379 2430 2402
f 2402 2430 2433
f 2434 2411 2384
f 2434 2384 2402
f 2433 2430 2455
f 2477 2411 2434
f 2477 2484 2411
f 2389 2344 2384
f 2389 2384 2449
f 2363 2379 2328
f 2374 2328 2386
f 2374 2386 2384
f 2344 2374 2384
f 2348 2379 2363
f 2353 2336 2379
f 2353 2379 2348
f 2466 2464 2444
f 2466 2444 2457
f 2466 2476 2464
f 2486 2485 2476
f 2486 2476 2466
f 2499 2511 2485
f 2499 2485 2486
f 2499 2512 2511
f 2524 2523 2512
f 2524 2512 2499
f 2534 2551 2523
f 2534 2523 2524
f 2564 2562 2551
f 2564 2551 2534
f 2564 2591 2562
f 2593 2591 2564
f 2593 2603 2591
f 2605 2603 2593
f 2605 2609 2603
f 2617 2620 2609
f 2617 2609 2605
f 2625 2622 2620
f 2625 2620 2617
f 2623 2622 2625
f 2623 2618 2622
f 2614 2611 2618
f 2614 2618 2623
f 2608 2611 2614
f 2608 2598 2611
f 2596 2595 2598
f 2596 2598 2608
f 2589 2588 2595
f 2589 2595 2596
f 2574 2572 2588
f 2574 2588 2589
f 2557 2558 2572
f 2557 2572 2574
f 2541 2543 2558
f 2541 2558 2557
f 2529 2543 2541
f 2529 2517 2543
f 2503 2493 2517
f 2503 2517 2529
f 2491 2493 2503
f 2491 2478 2493
f 2472 2452 2478
f 2472 2478 2491
f 2451 2452 2472
f 2437 2461 2452
f 2437 2452 2451
f 2437 2428 2461
f 2417 2419 2428
f 2417 2428 2437
f 2417 2404 2419
f 2391 2393 2404
f 2391 2404 2417
f 2375 2377 2393
f 2375 2393 2391
f 2359 2361 2377
f 2359 2377 2375
f 2341 2343 2361
f 2341 2361 2359
f 2324 2325 2343
f 2324 2343 2341
f 2302 2303 2325
f 2302 2325 2324
f 2290 2292 2303
f 2290 2303 2302
f 2280 2281 2292
f 2280 2292 2290
f 2280 2274 2281
f 2268 2269 2274
f 2268 2274 2280
f 2259 2260 2269
f 2259 2269 2268
f 2253 2283 2260
f 2253 2260 2259
f 2251 2257 2283
f 2251 2283 2253
f 2256 2257 2251
f 2256 2266 2257
f 2256 2271 2266
f 2275 2276 2271
f 2275 2271 2256
f 2285 2287 2276
f 2285 2276 2275
f 2296 2297 2287
f 2296 2287 2285
f 2314 2317 2297
f 2314 2297 2296
f 2349 2368 2333
f 2349 2333 2332
f 2370 2368 2349
f 2381 2380 2368
f 2381 2368 2370
f 2399 2413 2380
f 2399 2380 2381
f 2412 2413 2399
f 2424 2422 2413
f 2424 2413 2412
f 2424 2445 2422
f 2457 2444 2445
f 2457 2445 2424
f 2332 2333 2317
f 2332 2317 2314
f 2464 2456 2444
f 2464 2455 2456
f 2476 2475 2464
f 2475 2455 2464
f 2485 2496 2475
f 2485 2475 2476
f 2496 2455 2475
f 2496 2509 2455
f 2511 2496 2485
f 2511 2509 2496
f 2523 2521 2511
f 2523 2511 2512
f 2521 2509 2511
f 2551 2521 2523
f 2551 2548 2521
f 2562 2548 2551
f 2591 2548 2562
f 2591 2606 2548
f 2603 2606 2591
f 2603 2602 2606
f 2609 2602 2603
f 2609 2606 2602
f 2620 2606 2609
f 2620 2583 2606
f 2622 2583 2620
f 2618 2583 2622
f 2595 2594 2598
f 2594 2611 2598
f 2588 2585 2594
f 2588 2594 2595
f 2594 2582 2611
f 2572 2570 2585
f 2572 2585 2588
f 2570 2594 2585
f 2570 2582 2594
f 2558 2555 2570
f 2558 2570 2572
f 2555 2582 2570
f 2543 2528 2555
f 2543 2555 2558
f 2555 2544 2582
f 2528 2544 2555
f 2517 2528 2543
f 2493 2528 2517
f 2495 2528 2493
f 2478 2495 2493
f 2452 2495 2478
f 2461 2495 2452
f 2419 2406 2428
f 2406 2461 2428
f 2404 2405 2419
f 2405 2406 2419
f 2393 2394 2405
f 2393 2405 2404
f 2394 2406 2405
f 2377 2346 2394
f 2377 2394 2393
f 2346 2406 2394
f 2361 2362 2346
f 2361 2346 2377
f 2343 2345 2362
f 2343 2362 2361
f 2345 2346 2362
f 2325 2326 2345
f 2325 2345 2343
f 2326 2308 2346
f 2326 2346 2345
f 2308 2358 2346
f 2303 2305 2326
f 2303 2326 2325
f 2305 2308 2326
f 2292 2293 2305
f 2292 2305 2303
f 2293 2282 2308
f 2293 2308 2305
f 2282 2358 2308
f 2281 2282 2293
f 2281 2293 2292
f 2274 2263 2282
f 2274 2282 2281
f 2269 2263 2274
f 2263 2283 2282
f 2260 2263 2269
f 2283 2263 2260
f 2271 2272 2266
f 2272 2279 2266
f 2276 2277 2272
f 2276 2272 2271
f 2277 2279 2272
f 2287 2288 2277
f 2287 2277 2276
f 2288 2279 2277
f 2297 2299 2288
f 2297 2288 2287
f 2299 2336 2279
f 2299 2279 2288
f 2317 2319 2299
f 2317 2299 2297
f 2319 2336 2299
f 2368 2351 2334
f 2368 2334 2333
f 2351 2371 2336
f 2351 2336 2334
f 2368 2371 2351
f 2380 2371 2368
f 2413 2430 2371
f 2413 2371 2380
f 2422 2430 2413
f 2445 2444 2430
f 2445 2430 2422
f 2456 2455 2430
f 2456 2430 2444
f 2333 2334 2319
f 2333 2319 2317
f 2334 2336 2319
f 2435 2488 2487
f 2569 2586 2571
f 2575 2549 2546
f 2480 2460 2467
f 2425 2367 2387
f 2367 2300 2329
f 2504 2462 2494
f 2463 2497 2479
f 2497 2531 2488
f 2536 2504 2494
f 2536 2494 2520
f 2536 2520 2571
f 2515 2536 2571
f 2619 2607 2586
f 2515 2571 2546
f 2607 2568 2549
f 2458 2515 2546
f 2568 2538 2549
f 2458 2546 2518
f 2458 2518 2467
f 2538 2490 2480
f 2490 2470 2480
f 2414 2458 2467
f 2414 2467 2426
f 2365 2414 2426
f 2365 2426 2356
f 2408 2347 2367
f 2365 2356 2355
f 2294 2261 2300
f 2382 2365 2355
f 2261 2264 2300
f 2382 2355 2338
f 2388 2382 2338
f 2448 2407 2436
f 2504 2448 2436
f 2504 2436 2462
f 2435 2479 2488
f 2525 2581 2560
f 2575 2576 2549
f 2527 2549 2516
f 2527 2516 2480
f 2480 2438 2469
f 2480 2469 2460
f 2460 2438 2429
f 2460 2429 2425
f 2425 2403 2395
f 2425 2395 2367
f 2367 2322 2310
f 2367 2310 2300
f 2321 2300 2298
f 2321 2298 2311
f 2331 2378 2357
f 2331 2357 2385
f 2378 2409 2420
f 2420 2432 2435
f 2435 2463 2479
f 2487 2462 2435
f 2487 2494 2462
f 2479 2497 2488
f 2488 2494 2487
f 2488 2531 2581
f 2488 2581 2525
f 2525 2519 2494
f 2525 2494 2488
f 2539 2519 2525
f 2539 2520 2494
f 2539 2494 2519
f 2525 2560 2539
f 2560 2520 2539
f 2560 2581 2597
f 2569 2520 2560
f 2560 2597 2619
f 2560 2619 2569
f 2579 2520 2569
f 2579 2571 2520
f 2569 2571 2579
f 2586 2569 2619
f 2575 2565 2571
f 2575 2571 2586
f 2586 2607 2575
f 2559 2565 2575
f 2559 2546 2571
f 2559 2571 2565
f 2575 2607 2576
f 2575 2546 2559
f 2576 2607 2549
f 2549 2518 2546
f 2527 2518 2549
f 2549 2538 2516
f 2489 2518 2527
f 2516 2538 2480
f 2480 2489 2527
f 2489 2467 2518
f 2467 2489 2480
f 2438 2480 2470
f 2469 2438 2460
f 2441 2426 2467
f 2441 2467 2460
f 2438 2470 2429
f 2429 2470 2408
f 2429 2408 2425
f 2425 2426 2441
f 2425 2441 2460
f 2425 2408 2403
f 2403 2408 2395
f 2425 2401 2426
f 2395 2408 2367
f 2387 2401 2425
f 2387 2356 2426
f 2387 2426 2401
f 2367 2356 2387
f 2367 2347 2322
f 2322 2347 2294
f 2367 2354 2356
f 2322 2294 2310
f 2329 2354 2367
f 2329 2355 2356
f 2329 2356 2354
f 2310 2294 2300
f 2321 2329 2300
f 2321 2355 2329
f 2327 2355 2321
f 2298 2300 2264
f 2298 2264 2311
f 2311 2327 2321
f 2338 2355 2327
f 2311 2264 2315
f 2311 2315 2331
f 2331 2338 2327
f 2331 2327 2311
f 2350 2338 2331
f 2331 2315 2378
f 2378 2315 2352
f 2331 2373 2350
f 2373 2338 2350
f 2378 2372 2400
f 2378 2400 2409
f 2378 2407 2385
f 2420 2407 2378
f 2409 2400 2420
f 2420 2400 2442
f 2436 2407 2420
f 2420 2442 2432
f 2435 2436 2420
f 2447 2436 2435
f 2447 2462 2436
f 2432 2442 2463
f 2432 2463 2435
f 2435 2462 2447
f 2352 2372 2378
f 2388 2338 2407
f 2388 2407 2448
f 2357 2378 2385
f 2373 2331 2385
f 2338 2373 2385
f 2338 2385 2407
f 2465 2463 2446
f 2465 2483 2463
f 2498 2497 2483
f 2498 2483 2465
f 2498 2522 2497
f 2533 2532 2522
f 2533 2522 2498
f 2533 2531 2532
f 2563 2531 2533
f 2563 2604 2531
f 2592 2604 2563
f 2610 2615 2604
f 2610 2604 2592
f 2616 2615 2610
f 2616 2621 2615
f 2624 2621 2616
f 2624 2612 2621
f 2613 2612 2624
f 2613 2599 2612
f 2600 2599 2613
f 2600 2584 2599
f 2573 2542 2584
f 2573 2584 2600
f 2556 2542 2573
f 2540 2542 2556
f 2540 2538 2542
f 2540 2492 2538
f 2502 2492 2540
f 2502 2490 2492
f 2471 2470 2490
f 2471 2490 2502
f 2471 2453 2470
f 2450 2453 2471
f 2450 2427 2453
f 2416 2418 2427
f 2416 2427 2450
f 2416 2392 2418
f 2390 2392 2416
f 2390 2360 2392
f 2340 2342 2360
f 2340 2360 2390
f 2340 2304 2342
f 2301 2304 2340
f 2289 2291 2304
f 2289 2304 2301
f 2289 2273 2291
f 2267 2254 2273
f 2267 2273 2289
f 2258 2254 2267
f 2252 2254 2258
f 2252 2265 2254
f 2255 2265 2252
f 2270 2278 2265
f 2270 2265 2255
f 2284 2286 2278
f 2284 2278 2270
f 2295 2316 2286
f 2295 2286 2284
f 2313 2316 2295
f 2369 2397 2335
f 2369 2335 2313
f 2398 2397 2369
f 2398 2421 2397
f 2423 2421 2398
f 2423 2443 2421
f 2446 2443 2423
f 2446 2463 2443
f 2313 2335 2316
f 2497 2463 2483
f 2522 2547 2508
f 2522 2508 2497
f 2547 2497 2508
f 2532 2547 2522
f 2547 2531 2497
f 2531 2547 2532
f 2604 2581 2531
f 2601 2581 2604
f 2601 2597 2581
f 2615 2601 2604
f 2615 2597 2601
f 2619 2597 2615
f 2621 2619 2615
f 2612 2619 2621
f 2599 2607 2619
f 2599 2619 2612
f 2584 2607 2599
f 2542 2568 2607
f 2542 2607 2584
f 2542 2538 2568
f 2490 2538 2492
f 2427 2470 2453
f 2427 2408 2470
f 2392 2408 2427
f 2392 2427 2418
f 2360 2408 2392
f 2360 2342 2408
f 2342 2347 2408
f 2304 2347 2342
f 2307 2347 2304
f 2291 2307 2304
f 2291 2347 2307
f 2273 2294 2347
f 2273 2347 2291
f 2254 2294 2273
f 2254 2261 2294
f 2265 2261 2254
f 2262 2264 2261
f 2262 2261 2265
f 2265 2278 2262
f 2278 2264 2262
f 2286 2315 2264
f 2286 2264 2278
f 2316 2315 2286
f 2316 2352 2315
f 2397 2372 2352
f 2397 2352 2335
f 2421 2400 2397
f 2400 2372 2397
f 2421 2442 2400
f 2443 2442 2421
f 2463 2442 2443
f 2335 2352 2316
