# fh16_cab_interior.obj - ISO 8855 (x ileri, y sol, z yukari), metre
mtllib fh16.mtl
o fh16_cab_interior
v 0.83400 0.70620 2.07200
v 0.81737 0.69076 2.13100
v 0.83383 0.76453 2.06033
v 0.80310 0.76439 2.11224
v 0.83400 0.82320 2.07200
v 0.81737 0.83832 2.13100
v 0.91200 0.69270 1.97200
v 0.89175 0.66082 2.04263
v 0.89550 0.65264 2.13991
v 0.91302 0.66393 2.20644
v 0.90900 0.78870 1.97000
v 0.86150 0.76453 2.02850
v 0.90905 0.76444 2.22290
v 0.91500 0.85820 1.97400
v 0.89175 0.86820 2.04263
v 0.89550 0.87629 2.13991
v 0.91302 0.86512 2.20644
v 1.01960 -0.63764 2.23565
v 1.03700 -0.64230 2.27525
v 1.01489 -0.52633 2.23091
v 1.01950 0.59370 1.92850
v 0.98780 0.59800 2.03460
v 1.02375 0.60320 2.10750
v 1.02400 0.68770 1.81850
v 0.97700 0.66720 1.89600
v 0.97378 0.64537 2.14974
v 0.95788 0.66639 2.20292
v 1.02100 0.76420 1.81800
v 0.96700 0.76420 1.89200
v 1.00900 0.76453 2.15500
v 0.96319 0.76453 2.21095
v 1.02400 0.84170 1.81850
v 0.97700 0.86153 1.89600
v 0.97378 0.88372 2.14974
v 0.95788 0.86255 2.20292
v 1.01950 0.93570 1.92850
v 0.98780 0.93100 2.03460
v 1.02375 0.92620 2.10750
v 1.04684 -0.61726 2.29464
v 1.04289 -0.56701 2.29026
v 1.11300 0.58770 1.55700
v 1.11300 0.58770 1.65350
v 1.11200 0.58729 1.75682
v 1.09783 0.58720 1.80650
v 1.10050 0.58670 1.91250
v 1.08360 0.58840 2.03540
v 1.07962 0.59445 2.09262
v 1.07267 0.66453 1.56067
v 1.07267 0.66453 1.65767
v 1.06927 0.66460 1.75827
v 1.05175 0.65420 1.79500
v 1.07750 0.66520 2.10450
v 1.06300 0.76420 1.56200
v 1.06300 0.76420 1.65900
v 1.05960 0.76420 1.75920
v 1.04400 0.76420 1.78700
v 1.07750 0.76437 2.10500
v 1.07267 0.86420 1.56067
v 1.07267 0.86420 1.65767
v 1.06927 0.86420 1.75827
v 1.05175 0.87470 1.79500
v 1.07750 0.86370 2.10450
v 1.11300 0.94170 1.55700
v 1.11300 0.94170 1.65350
v 1.11200 0.94202 1.75682
v 1.09783 0.94170 1.80650
v 1.10050 0.94220 1.91250
v 1.08360 0.94080 2.03540
v 1.07962 0.93457 2.09262
v 1.16900 0.58370 1.55800
v 1.16900 0.58370 1.65500
v 1.16956 0.58376 1.75422
v 1.19100 0.58520 1.81233
v 1.19400 0.58720 1.91000
v 1.20200 0.58820 2.03871
v 1.19900 0.59520 2.07900
v 1.21280 0.66360 2.09540
v 1.20320 0.77420 2.10100
v 1.20800 0.87845 2.09400
v 1.16900 0.94570 1.55800
v 1.16900 0.94570 1.65500
v 1.16956 0.94564 1.75422
v 1.19100 0.94387 1.81233
v 1.19400 0.94220 1.91000
v 1.20200 0.94120 2.03871
v 1.19900 0.93420 2.07900
v 1.28100 0.58670 1.56250
v 1.28100 0.58670 1.65900
v 1.27600 0.58664 1.75844
v 1.28900 0.58720 1.80320
v 1.27800 0.58820 1.91050
v 1.27660 0.59000 2.04420
v 1.27700 0.66587 2.09567
v 1.27700 0.76420 2.10200
v 1.27700 0.86320 2.09567
v 1.28100 0.94270 1.56250
v 1.28100 0.94270 1.65900
v 1.27600 0.94276 1.75844
v 1.28900 0.94220 1.80320
v 1.27800 0.94120 1.91050
v 1.27660 0.93940 2.04420
v 1.34500 0.59720 1.56500
v 1.34500 0.59720 1.66100
v 1.35025 0.59495 1.75850
v 1.34600 0.58820 1.78750
v 1.35567 0.66587 1.56267
v 1.35567 0.66587 1.65933
v 1.35567 0.66587 1.75100
v 1.35500 0.76420 1.56200
v 1.35500 0.76420 1.65900
v 1.35500 0.76420 1.75033
v 1.35567 0.86320 1.56267
v 1.35567 0.86320 1.65933
v 1.35567 0.86320 1.75100
v 1.34500 0.93220 1.56500
v 1.34500 0.93220 1.66100
v 1.35025 0.93445 1.75850
v 1.34600 0.94120 1.78750
usemtl m008
f 19 39 18
f 75 76 47
f 75 47 46
f 76 77 52
f 76 52 47
f 7 8 12
f 12 11 7
f 23 47 52
f 26 23 52
f 8 3 12
f 8 1 3
f 1 8 9
f 26 10 9
f 9 10 2
f 10 26 27
f 22 23 26
f 23 22 47
f 46 47 22
f 77 78 57
f 77 57 52
f 52 57 30
f 52 30 26
f 13 10 31
f 27 31 10
f 2 1 9
f 1 2 4
f 1 4 3
f 9 8 26
f 22 26 8
f 44 45 21
f 46 22 21
f 46 21 45
f 45 44 73
f 73 74 45
f 74 75 46
f 74 46 45
f 27 26 30
f 27 30 31
f 43 44 51
f 43 51 50
f 28 56 51
f 28 51 24
f 56 55 50
f 56 50 51
f 44 43 72
f 44 72 73
f 89 90 73
f 89 73 72
f 44 21 25
f 44 25 51
f 21 22 8
f 21 8 25
f 7 25 8
f 25 24 51
f 11 29 25
f 11 25 7
f 29 28 24
f 29 24 25
f 43 50 49
f 43 49 42
f 48 41 42
f 48 42 49
f 50 55 54
f 50 54 49
f 53 48 49
f 53 49 54
f 108 104 103
f 108 103 107
f 102 106 107
f 102 107 103
f 104 89 88
f 104 88 103
f 87 102 103
f 87 103 88
f 72 43 42
f 72 42 71
f 41 70 71
f 41 71 42
f 92 76 75
f 76 92 93
f 76 93 77
f 94 78 77
f 94 77 93
f 73 90 91
f 73 91 74
f 92 75 91
f 75 74 91
f 105 90 89
f 105 89 104
f 89 72 71
f 89 71 88
f 70 87 88
f 70 88 71
f 10 13 4
f 10 4 2
f 111 108 107
f 111 107 110
f 106 109 110
f 106 110 107
f 85 68 69
f 85 69 86
f 86 69 62
f 86 62 79
f 14 11 12
f 14 12 15
f 38 62 69
f 62 38 34
f 15 12 3
f 3 5 15
f 5 16 15
f 17 34 16
f 17 16 6
f 34 17 35
f 37 34 38
f 38 69 37
f 69 68 37
f 79 62 57
f 79 57 78
f 62 34 30
f 62 30 57
f 35 17 31
f 17 13 31
f 16 5 6
f 5 3 4
f 5 4 6
f 16 34 15
f 34 37 15
f 37 68 67
f 37 67 36
f 66 36 67
f 68 85 84
f 68 84 67
f 83 67 84
f 83 66 67
f 30 34 35
f 30 35 31
f 65 60 61
f 65 61 66
f 60 55 56
f 60 56 61
f 28 32 61
f 28 61 56
f 98 82 83
f 98 83 99
f 82 65 66
f 82 66 83
f 66 61 33
f 66 33 36
f 61 32 33
f 14 15 33
f 15 37 36
f 15 36 33
f 32 28 29
f 32 29 33
f 11 33 29
f 11 14 33
f 65 64 59
f 65 59 60
f 64 63 58
f 64 58 59
f 53 54 59
f 53 59 58
f 54 55 60
f 54 60 59
f 115 116 113
f 115 113 112
f 116 117 114
f 116 114 113
f 117 116 97
f 117 97 98
f 116 115 96
f 116 96 97
f 82 81 64
f 82 64 65
f 81 80 63
f 81 63 64
f 101 85 86
f 95 101 86
f 95 86 79
f 94 95 78
f 95 79 78
f 83 84 100
f 83 100 99
f 84 85 100
f 101 100 85
f 118 117 98
f 118 98 99
f 98 97 81
f 98 81 82
f 97 96 80
f 97 80 81
f 17 6 4
f 17 4 13
f 111 110 113
f 111 113 114
f 110 109 112
f 110 112 113
v -0.81100 -1.20880 1.77100
v -0.81100 -1.20880 2.37700
v -0.81100 -1.20880 2.84500
v -0.81100 -1.20830 3.06400
v -0.81100 -1.20280 3.14450
v -0.81100 -1.19580 3.19400
v -0.81100 -1.18780 3.26000
v -0.81100 -1.17380 3.34100
v -0.81200 -1.15880 3.38900
v -0.81376 -1.11225 3.14075
v -0.81806 -1.11456 3.19450
v -0.81172 -1.11202 3.26532
v -0.81200 -1.12980 3.43200
v -0.81200 -1.07980 3.47600
v -0.80997 -1.05480 3.14253
v -0.81126 -1.05355 3.19450
v -0.80828 -1.05495 3.26287
v -0.81200 -1.03480 3.51100
v -0.81200 -1.01530 3.54225
v -0.81200 -0.94880 3.56200
v -0.81200 -0.79080 3.58400
v -0.81200 -0.45780 3.65000
v -0.81200 -0.03780 3.69500
v -0.81200 0.38220 3.65000
v -0.81200 0.71420 3.58400
v -0.81200 0.87320 3.56200
v -0.81200 0.95920 3.51100
v -0.81200 0.93970 3.54225
v -0.80418 1.03753 3.14525
v -0.80356 1.03740 3.19450
v -0.80280 1.03754 3.25897
v -0.81200 1.00420 3.47600
v -0.81642 1.07989 3.13950
v -0.82410 1.07989 3.19450
v -0.81407 1.08009 3.26713
v -0.81100 1.09820 3.34100
v -0.81200 1.06820 3.41050
v -0.81100 1.13320 1.77100
v -0.81100 1.13320 2.37700
v -0.81100 1.13320 2.84500
v -0.81100 1.13270 3.06400
v -0.80883 1.12149 3.14314
v -0.80945 1.12175 3.19449
v -0.80722 1.12115 3.26159
v -0.76252 -1.10677 3.13635
v -0.76357 -1.13580 3.19450
v -0.76270 -1.11680 3.27289
v -0.76400 -1.05225 3.14055
v -0.76357 -1.04880 3.19450
v -0.76273 -1.05260 3.26560
v -0.76388 1.03732 3.14525
v -0.76357 1.03720 3.19450
v -0.76276 1.03734 3.25900
v -0.76215 1.08154 3.13369
v -0.76267 1.07989 3.28100
v -0.76397 1.12220 3.14180
v -0.76357 1.12320 3.19450
v -0.76274 1.12209 3.26389
v -0.66900 -1.10941 3.13800
v -0.66900 -1.13580 3.19450
v -0.66805 -1.11680 3.27289
v -0.66900 -1.05225 3.14055
v -0.66900 -1.04880 3.19450
v -0.66810 -1.05260 3.26560
v -0.66900 1.03733 3.14525
v -0.66900 1.03720 3.19450
v -0.66814 1.03734 3.25900
v -0.66900 1.08192 3.13488
v -0.66800 1.07989 3.28100
v -0.66900 1.12220 3.14180
v -0.66900 1.12320 3.19450
v -0.66811 1.12209 3.26389
v -0.42300 -1.20780 3.07900
v -0.42900 -1.20280 3.14100
v -0.43300 -1.19580 3.19400
v -0.43500 -1.18780 3.26000
v -0.43800 -1.17380 3.34100
v -0.44000 -1.15880 3.38900
v -0.42600 -1.10941 3.13800
v -0.42560 -1.13580 3.19450
v -0.42500 -1.11680 3.27289
v -0.44300 -1.12980 3.43200
v -0.44500 -1.07980 3.47600
v -0.42600 -1.05225 3.14055
v -0.42560 -1.04880 3.19450
v -0.42500 -1.05260 3.26560
v -0.44700 -1.03480 3.51100
v -0.44800 -1.01530 3.54225
v -0.44800 -0.94880 3.56200
v -0.44800 -0.79080 3.57800
v -0.44800 -0.45780 3.62900
v -0.44800 -0.03780 3.66200
v -0.44800 0.38220 3.62900
v -0.44800 0.71420 3.57800
v -0.44800 0.87320 3.56200
v -0.44700 0.95920 3.51100
v -0.44800 0.93970 3.54225
v -0.42600 1.03733 3.14525
v -0.42560 1.03720 3.19450
v -0.42500 1.03734 3.25900
v -0.44500 1.00420 3.47600
v -0.42600 1.08192 3.13488
v -0.42579 1.08191 3.28136
v -0.43800 1.09820 3.34100
v -0.44150 1.06820 3.41050
v -0.42300 1.13220 3.07900
v -0.42650 1.12303 3.14167
v -0.42627 1.12293 3.19445
v -0.42590 1.12140 3.26090
v -0.42200 -1.20880 1.77100
v -0.42200 -1.20880 2.36300
v -0.42200 -1.20880 2.82300
v -0.42200 -1.20880 3.02000
v -0.42200 1.13320 1.77100
v -0.42200 1.13320 2.36300
v -0.42200 1.13320 2.82300
v -0.42200 1.13320 3.02000
v -0.14400 -1.18480 3.28600
v -0.14800 -1.17380 3.34100
v -0.15200 -1.15880 3.38900
v -0.18100 -1.10941 3.13800
v -0.18100 -1.13580 3.19450
v -0.18100 -1.11680 3.27289
v -0.15600 -1.12980 3.43200
v -0.16100 -1.07980 3.47600
v -0.18100 -1.05225 3.14055
v -0.18100 -1.04880 3.19450
v -0.18100 -1.05260 3.26560
v -0.16400 -1.03480 3.51100
v -0.16500 -1.01530 3.54225
v -0.16500 -0.94880 3.56200
v -0.16500 -0.79080 3.57400
v -0.16500 -0.45780 3.61200
v -0.16500 -0.03780 3.63800
v -0.16500 0.38220 3.61200
v -0.16500 0.71420 3.57400
v -0.16500 0.87320 3.56200
v -0.16400 0.95920 3.51100
v -0.16500 0.93970 3.54225
v -0.18100 1.03733 3.14525
v -0.18100 1.03720 3.19450
v -0.18100 1.03734 3.25900
v -0.16100 1.00420 3.47600
v -0.18100 1.08192 3.13488
v -0.17836 1.08191 3.28136
v -0.14800 1.09820 3.34100
v -0.15400 1.06820 3.41050
v -0.18100 1.12220 3.14180
v -0.18100 1.12320 3.19450
v -0.18100 1.12209 3.26389
v -0.12000 -1.20880 1.77100
v -0.12000 -1.20880 2.35200
v -0.12000 -1.20880 2.80600
v -0.12000 -1.20880 3.00600
v -0.12200 -1.20780 3.07100
v -0.13200 -1.20280 3.13950
v -0.13900 -1.19580 3.19400
v -0.14100 -1.19080 3.23400
v -0.08450 -1.10941 3.13800
v -0.08465 -1.13580 3.19500
v -0.08539 -1.11680 3.27339
v -0.08450 -1.05225 3.14055
v -0.08465 -1.04880 3.19500
v -0.08530 -1.05260 3.26610
v -0.08450 1.03733 3.14525
v -0.08465 1.03720 3.19500
v -0.08521 1.03734 3.25950
v -0.08450 1.08192 3.13488
v -0.08550 1.07989 3.28150
v -0.12000 1.13320 1.77100
v -0.12000 1.13320 2.35200
v -0.12000 1.13320 2.80600
v -0.12000 1.13320 3.00600
v -0.12200 1.13220 3.07100
v -0.08882 1.12265 3.14159
v -0.08724 1.12306 3.19495
v -0.08821 1.12173 3.26279
v -0.00600 -1.20280 3.13800
v -0.01500 -1.19580 3.19400
v -0.01900 -1.18780 3.26000
v -0.02500 -1.17380 3.34100
v -0.03000 -1.15880 3.38900
v -0.04492 -1.10823 3.13742
v -0.04459 -1.13580 3.19121
v -0.05073 -1.12107 3.27778
v -0.02300 -1.10803 3.30392
v -0.01800 -1.12980 3.43200
v -0.02350 -1.07980 3.47600
v -0.04545 -1.05273 3.13910
v -0.04459 -1.04880 3.19121
v -0.04739 -1.05125 3.27039
v -0.02300 -1.05830 3.30375
v -0.02750 -1.03480 3.51100
v -0.02850 -1.01530 3.54225
v -0.02850 -0.94880 3.56200
v -0.02850 -0.79080 3.57300
v -0.02850 -0.45780 3.60700
v -0.02850 -0.03780 3.63000
v -0.02850 0.38220 3.60700
v -0.02850 0.71420 3.57300
v -0.02850 0.87320 3.56200
v -0.02750 0.95920 3.51100
v -0.02850 0.93970 3.54225
v -0.04580 1.03735 3.14410
v -0.04459 1.03720 3.19121
v -0.04520 1.03728 3.26556
v -0.02300 1.03820 3.30300
v -0.02350 1.00420 3.47600
v -0.04467 1.08192 3.13488
v -0.05519 1.08094 3.29033
v -0.02314 1.08120 3.30664
v -0.02200 1.06353 3.41767
v -0.04271 1.12241 3.14021
v -0.04360 1.12310 3.19130
v -0.04577 1.12227 3.26783
v -0.02300 1.11987 3.30367
v 0.04033 -1.20880 1.77100
v 0.04033 -1.20880 2.34600
v 0.04033 -1.20880 2.79633
v 0.04033 -1.20880 2.99800
v 0.03767 -1.20780 3.06633
v 0.04100 -1.20280 3.13775
v 0.03250 -1.19580 3.19400
v 0.02775 -1.18780 3.26000
v 0.02150 -1.17380 3.34100
v 0.01600 -1.15880 3.38900
v 0.02395 -1.10659 3.13654
v 0.02335 -1.13580 3.19333
v 0.02185 -1.13580 3.27123
v 0.02292 -1.11251 3.31945
v 0.02200 -1.12980 3.43200
v 0.04150 -1.07980 3.47600
v 0.02381 -1.05355 3.13638
v 0.02335 -1.04880 3.19333
v 0.02185 -1.04880 3.27123
v 0.02350 -1.05465 3.31731
v 0.03750 -1.03480 3.51100
v 0.03600 -1.01530 3.54225
v 0.03600 -0.94880 3.56200
v 0.03600 -0.79080 3.57300
v 0.03600 -0.45780 3.60700
v 0.03600 -0.03780 3.63000
v 0.03600 0.38220 3.60700
v 0.03600 0.71420 3.57300
v 0.03600 0.87320 3.56200
v 0.03750 0.95920 3.51100
v 0.03600 0.93970 3.54225
v 0.02370 1.03740 3.14140
v 0.02335 1.03720 3.19333
v 0.02185 1.03720 3.27123
v 0.02436 1.03749 3.31414
v 0.04150 1.00420 3.47600
v 0.02400 1.08192 3.13488
v 0.02600 1.10820 3.28600
v 0.02246 1.08057 3.32174
v 0.01800 1.07287 3.40333
v 0.04033 1.13320 1.77100
v 0.04033 1.13320 2.34600
v 0.04033 1.13320 2.79633
v 0.04033 1.13320 2.99800
v 0.03767 1.13220 3.06633
v 0.02594 1.12245 3.13759
v 0.02379 1.12306 3.19336
v 0.02239 1.12263 3.26857
v 0.02368 1.12138 3.31664
v 0.08900 -1.22780 1.77100
v 0.08900 -1.22780 2.34400
v 0.08900 -1.22780 2.79400
v 0.08900 -1.22780 2.99600
v 0.12700 -1.22805 3.05200
v 0.08400 -1.21080 1.77100
v 0.08400 -1.21080 2.34400
v 0.08400 -1.21080 2.79400
v 0.08400 -1.21080 2.99600
v 0.10800 -1.20980 3.06700
v 0.10500 -1.20280 3.13700
v 0.09500 -1.19580 3.19400
v 0.09000 -1.18780 3.26000
v 0.08300 -1.17380 3.34100
v 0.07800 -1.15880 3.38900
v 0.10493 -1.10605 3.13633
v 0.10671 -1.13580 3.19495
v 0.10433 -1.13580 3.27300
v 0.10400 -1.11324 3.32275
v 0.07200 -1.12980 3.43200
v 0.10340 -1.05387 3.13560
v 0.10671 -1.04880 3.19495
v 0.10433 -1.04880 3.27300
v 0.10400 -1.05423 3.31986
v 0.10200 1.03742 3.14067
v 0.10671 1.03720 3.19495
v 0.10433 1.03720 3.27300
v 0.10400 1.03745 3.31600
v 0.10550 1.08192 3.13488
v 0.08800 1.10820 3.28600
v 0.10322 1.08057 3.32559
v 0.07500 1.06820 3.41050
v 0.08800 1.14840 1.77100
v 0.08800 1.14840 2.34400
v 0.08800 1.14840 2.79400
v 0.08800 1.14840 2.99600
v 0.12320 1.14860 3.05500
v 0.10333 1.12240 3.13680
v 0.10618 1.12306 3.19491
v 0.10338 1.12258 3.27000
v 0.10400 1.12153 3.31900
v 0.20650 -1.17280 1.71762
v 0.20600 -1.17280 1.76450
v 0.20600 -1.19180 2.24300
v 0.20600 -1.19180 2.31500
v 0.20600 -1.19280 2.37000
v 0.20600 -1.19930 2.38800
v 0.20800 -1.19580 3.19400
v 0.20250 -1.18780 3.26000
v 0.19500 -1.17380 3.34100
v 0.18800 -1.15880 3.38900
v 0.20697 -1.09083 1.71813
v 0.20660 -1.09040 1.76450
v 0.19900 -1.10550 3.13600
v 0.19900 -1.13580 3.19618
v 0.19900 -1.13580 3.27300
v 0.19900 -1.11324 3.32275
v 0.18200 -1.12980 3.43200
v 0.17500 -1.07980 3.47600
v 0.19900 -1.05423 3.13429
v 0.19900 -1.04880 3.19618
v 0.19900 -1.04880 3.27300
v 0.19900 -1.05423 3.31986
v 0.17100 -1.03480 3.51100
v 0.16900 -1.01530 3.54225
v 0.16900 -0.94880 3.56200
v 0.16900 -0.79080 3.57300
v 0.16900 -0.45780 3.60700
v 0.16900 -0.03780 3.63000
v 0.16900 0.38220 3.60700
v 0.16900 0.71420 3.57300
v 0.16900 0.87320 3.56200
v 0.17100 0.95920 3.51100
v 0.16900 0.93970 3.54225
v 0.19900 1.03745 3.13900
v 0.19900 1.03720 3.19618
v 0.19900 1.03720 3.27300
v 0.19900 1.03745 3.31600
v 0.17500 1.00420 3.47600
v 0.20710 1.08897 1.71826
v 0.20675 1.08870 1.76450
v 0.19900 1.08192 3.13488
v 0.20000 1.10820 3.28600
v 0.19871 1.08120 3.32614
v 0.18500 1.06820 3.41050
v 0.20650 1.13176 1.71762
v 0.20600 1.13170 1.76450
v 0.19900 1.12153 3.13533
v 0.19975 1.12295 3.19600
v 0.19986 1.12206 3.26743
v 0.19900 1.12153 3.31900
v 0.20650 1.20020 1.71763
v 0.20600 1.20020 1.76450
v 0.20600 1.19420 2.24300
v 0.20600 1.19420 2.31500
v 0.20600 1.19620 2.37000
v 0.20600 1.20270 2.38800
v 0.24100 -1.22905 3.06300
v 0.23433 -1.17430 1.69800
v 0.24319 -1.17592 2.24225
v 0.23864 -1.17539 2.26641
v 0.23700 -1.21080 3.07500
v 0.22000 -1.20330 3.13450
v 0.24102 -1.09035 1.71080
v 0.25663 -1.08196 1.76484
v 0.27010 -1.09536 2.23306
v 0.23766 -1.10835 2.26728
v 0.24120 -1.10550 3.13600
v 0.24122 -1.13580 3.19673
v 0.24170 -1.13580 3.27300
v 0.24120 -1.11324 3.32275
v 0.24120 -1.05423 3.13429
v 0.24087 -1.05507 3.19682
v 0.24332 -1.04880 3.27103
v 0.24050 -1.05439 3.32024
v 0.24120 1.03745 3.13900
v 0.23882 1.03799 3.19692
v 0.24332 1.03720 3.27103
v 0.23995 1.03746 3.31647
v 0.23916 1.08842 1.71306
v 0.25663 1.08504 1.76484
v 0.27255 1.09610 2.23244
v 0.24053 1.09627 2.26473
v 0.24120 1.08192 3.13488
v 0.24290 1.04787 3.19672
v 0.24120 1.07989 3.32500
v 0.24725 1.13012 1.69800
v 0.23687 1.14760 2.24220
v 0.23441 1.14125 2.27045
v 0.24020 1.14960 3.06540
v 0.23987 1.12189 3.13528
v 0.24122 1.12320 3.19673
v 0.24170 1.12320 3.27300
v 0.24120 1.12153 3.31900
v 0.23433 1.19687 1.69800
v 0.24778 1.18576 2.24233
v 0.24121 1.18563 2.26364
v 0.32543 -1.16987 1.74093
v 0.31000 -1.17030 1.77167
v 0.30400 -1.17180 1.85450
v 0.30400 -1.17180 1.92300
v 0.30400 -1.17180 1.97900
v 0.31700 -1.17180 2.03800
v 0.30060 -1.18520 2.24240
v 0.29900 -1.18209 2.27471
v 0.28500 -1.19280 2.37000
v 0.28500 -1.19930 2.38800
v 0.35000 -1.19580 3.19400
v 0.34350 -1.18780 3.26000
v 0.33500 -1.17380 3.34100
v 0.32800 -1.15880 3.38900
v 0.31914 -1.09272 1.73502
v 0.30184 -1.09808 1.76428
v 0.30415 -1.09078 2.22494
v 0.30114 -1.10109 2.27029
v 0.30860 -1.10550 3.13600
v 0.30939 -1.13580 3.19768
v 0.31656 -1.13580 3.26278
v 0.30846 -1.11205 3.32358
v 0.32000 -1.12980 3.43200
v 0.31300 -1.07980 3.47600
v 0.30860 -1.05423 3.13429
v 0.30766 -1.05690 3.20026
v 0.32580 -1.05365 3.25366
v 0.30907 -1.05513 3.32200
v 0.30800 -1.03480 3.51100
v 0.30600 -1.01530 3.54225
v 0.30600 -0.94880 3.56200
v 0.30600 -0.79080 3.57300
v 0.30600 -0.45780 3.60700
v 0.30600 -0.03780 3.63000
v 0.30600 0.38220 3.60700
v 0.30600 0.71420 3.57300
v 0.30600 0.87320 3.56200
v 0.30800 0.95920 3.51100
v 0.30600 0.93970 3.54225
v 0.30860 1.03745 3.13900
v 0.30537 1.03814 3.19760
v 0.32183 1.03801 3.25822
v 0.30953 1.03753 3.31900
v 0.31300 1.00420 3.47600
v 0.31947 1.09380 1.73595
v 0.30122 1.09924 1.76422
v 0.30415 1.09379 2.22494
v 0.30160 1.09440 2.26480
v 0.30860 1.08192 3.13488
v 0.30910 1.04877 3.20192
v 0.33188 1.04962 3.24858
v 0.30900 1.08017 3.32524
v 0.32400 1.06820 3.41050
v 0.31992 1.14597 1.73323
v 0.30820 1.15760 1.77300
v 0.30400 1.17520 1.85450
v 0.30400 1.17520 1.92300
v 0.30400 1.17520 1.97900
v 0.31700 1.17520 2.03800
v 0.30000 1.13953 2.28400
v 0.30860 1.12153 3.13533
v 0.31009 1.12315 3.19762
v 0.31745 1.12296 3.26191
v 0.30819 1.12128 3.32085
v 0.32950 1.18570 1.74400
v 0.31400 1.18570 1.76500
v 0.30060 1.18780 2.24240
v 0.29883 1.18820 2.27317
v 0.28500 1.19620 2.37000
v 0.28500 1.20270 2.38800
v 0.39400 -1.23055 3.05200
v 0.38100 -1.16968 1.73675
v 0.38650 -1.17280 2.03800
v 0.36760 -1.18520 2.24240
v 0.36614 -1.18209 2.27443
v 0.36033 -1.19713 2.37700
v 0.38900 -1.21180 3.06600
v 0.36600 -1.20330 3.13050
v 0.38381 -1.09461 1.72658
v 0.37948 -1.09142 2.22767
v 0.36657 -1.10109 2.27029
v 0.40000 -1.10550 3.13600
v 0.39977 -1.13580 3.19925
v 0.39830 -1.13580 3.25933
v 0.39990 -1.11173 3.32380
v 0.40000 -1.05423 3.13429
v 0.40419 -1.05780 3.19996
v 0.39450 -1.05445 3.25353
v 0.39967 -1.05513 3.32200
v 0.40000 1.03745 3.13900
v 0.40668 1.03823 3.19290
v 0.39603 1.03814 3.25897
v 0.39933 1.03753 3.31900
v 0.38424 1.09541 1.72691
v 0.37948 1.09438 2.22767
v 0.36680 1.09440 2.26480
v 0.40000 1.08192 3.13488
v 0.40298 1.04908 3.20338
v 0.39277 1.04749 3.24739
v 0.40000 1.07989 3.32500
v 0.38014 1.14206 1.73071
v 0.38650 1.17520 2.03800
v 0.36600 1.13953 2.28400
v 0.39300 1.15080 3.05480
v 0.39738 1.12201 3.13496
v 0.39977 1.12320 3.19925
v 0.39830 1.12320 3.25933
v 0.39970 1.12120 3.32140
v 0.38100 1.18570 1.73700
v 0.36760 1.18800 2.24240
v 0.36617 1.18820 2.27283
v 0.36033 1.20053 2.37700
v 0.47025 -1.17030 1.73275
v 0.47900 -1.17280 2.03800
v 0.44260 -1.18540 2.24240
v 0.44437 -1.17955 2.27450
v 0.45567 -1.19813 2.35233
v 0.48900 -1.19580 3.19400
v 0.48200 -1.18780 3.26000
v 0.47200 -1.17380 3.34100
v 0.46400 -1.15880 3.38900
v 0.46545 -1.09206 1.71539
v 0.45564 -1.09180 2.22764
v 0.44933 -1.10680 2.27333
v 0.46417 -1.10550 3.13600
v 0.46352 -1.13580 3.19709
v 0.46678 -1.13580 3.26791
v 0.46463 -1.11251 3.32326
v 0.45600 -1.12980 3.43200
v 0.44800 -1.07980 3.47600
v 0.46417 -1.05423 3.13429
v 0.46725 -1.05588 3.19722
v 0.46722 -1.04880 3.26791
v 0.46551 -1.05465 3.32085
v 0.44200 -1.03480 3.51100
v 0.44000 -1.01530 3.54225
v 0.44000 -0.94880 3.56200
v 0.44000 -0.79080 3.57300
v 0.44000 -0.45780 3.60700
v 0.44000 -0.03780 3.63000
v 0.44000 0.38220 3.60700
v 0.44000 0.71420 3.57300
v 0.44000 0.87320 3.56200
v 0.44200 0.95920 3.51100
v 0.44000 0.93970 3.54225
v 0.46417 1.03745 3.13900
v 0.46642 1.03816 3.19779
v 0.46722 1.03720 3.26791
v 0.46681 1.03749 3.31729
v 0.44800 1.00420 3.47600
v 0.46568 1.09320 1.71611
v 0.45564 1.09464 2.22764
v 0.43800 1.09520 2.26480
v 0.46417 1.08192 3.13488
v 0.46789 1.04807 3.19677
v 0.47900 1.10820 3.28600
v 0.46410 1.08012 3.32520
v 0.46000 1.06820 3.41050
v 0.46620 1.13500 1.71840
v 0.47900 1.17520 2.03800
v 0.46350 1.14003 2.28400
v 0.46417 1.12153 3.13533
v 0.46390 1.12316 3.19704
v 0.46733 1.12296 3.26688
v 0.46579 1.12138 3.32009
v 0.47000 1.18620 1.73300
v 0.44260 1.18840 2.24240
v 0.43800 1.18837 2.27133
v 0.45567 1.20103 2.35233
v 0.54580 -1.22820 3.04500
v 0.55600 -1.17180 1.72800
v 0.55000 -1.17380 1.78825
v 0.52950 -1.17330 1.86850
v 0.52600 -1.17280 1.94300
v 0.55100 -1.17280 2.01400
v 0.53000 -1.17280 2.03800
v 0.54482 -1.18117 2.24122
v 0.52740 -1.17952 2.27052
v 0.52340 -1.19960 2.33080
v 0.50950 -1.20380 3.12750
v 0.54759 -1.09639 1.71353
v 0.53077 -1.09621 2.22942
v 0.52907 -1.10802 2.26619
v 0.52048 -1.10550 3.13600
v 0.51805 -1.13580 3.19650
v 0.51950 -1.13580 3.27537
v 0.51647 -1.11617 3.32249
v 0.52043 -1.05423 3.13429
v 0.51341 -1.04899 3.19641
v 0.51450 -1.04880 3.27300
v 0.51271 -1.05423 3.31986
v 0.56200 -1.01530 3.54225
v 0.56200 -0.94880 3.56200
v 0.56200 -0.79080 3.57300
v 0.56200 -0.45780 3.60700
v 0.56200 -0.03780 3.63000
v 0.56200 0.38220 3.60700
v 0.56200 0.71420 3.57300
v 0.56200 0.87320 3.56200
v 0.56200 0.93970 3.54225
v 0.52037 1.03745 3.13900
v 0.51341 1.03720 3.19641
v 0.51450 1.03720 3.27300
v 0.51288 1.03745 3.31600
v 0.54933 1.09660 1.71373
v 0.52832 1.09477 2.22747
v 0.52127 1.09727 2.26473
v 0.52050 1.08192 3.13488
v 0.51545 1.08352 3.32500
v 0.54983 1.15187 1.72200
v 0.55000 1.17620 1.78825
v 0.52950 1.17620 1.86850
v 0.52600 1.17620 1.94300
v 0.55100 1.17620 2.01400
v 0.53000 1.17520 2.03800
v 0.55158 1.15880 2.23771
v 0.53837 1.14252 2.26863
v 0.54580 1.15220 3.04500
v 0.51886 1.12249 3.13421
v 0.51805 1.12320 3.19650
v 0.51950 1.12320 3.27537
v 0.51689 1.12153 3.31900
v 0.55300 1.18670 1.73000
v 0.54171 1.18880 2.24340
v 0.52344 1.18876 2.27083
v 0.52340 1.20240 2.33080
v 0.63167 -1.18013 1.72667
v 0.60425 -1.17280 2.03800
v 0.59082 -1.18669 2.24157
v 0.60400 -1.19780 2.29100
v 0.62800 -1.20080 3.15300
v 0.61700 -1.19580 3.19400
v 0.60900 -1.18780 3.26000
v 0.59800 -1.17380 3.34100
v 0.59000 -1.15880 3.38900
v 0.58369 -1.08934 1.71469
v 0.58289 -1.09621 2.22691
v 0.61470 -1.10550 3.13596
v 0.60155 -1.13580 3.19545
v 0.59544 -1.13580 3.27722
v 0.59206 -1.11324 3.32275
v 0.58000 -1.12980 3.43200
v 0.57100 -1.07980 3.47600
v 0.61471 -1.05423 3.13414
v 0.60155 -1.04880 3.19545
v 0.58417 -1.04880 3.27300
v 0.59907 -1.05423 3.31986
v 0.56500 -1.03480 3.51100
v 0.56500 0.95920 3.51100
v 0.61375 1.03745 3.13875
v 0.60155 1.03720 3.19545
v 0.58417 1.03720 3.27300
v 0.60025 1.03745 3.31600
v 0.57100 1.00420 3.47600
v 0.58442 1.09028 1.71650
v 0.58474 1.09563 2.22556
v 0.61496 1.08192 3.13488
v 0.60600 1.10820 3.28600
v 0.59533 1.08057 3.32559
v 0.58500 1.06820 3.41050
v 0.60400 1.14570 1.70950
v 0.60425 1.17620 2.03800
v 0.57233 1.13673 2.23220
v 0.61643 1.12206 3.13771
v 0.60283 1.12295 3.19533
v 0.59710 1.12240 3.27290
v 0.58792 1.12153 3.31900
v 0.63100 1.18720 1.72700
v 0.59446 1.19141 2.24350
v 0.60400 1.20120 2.29100
v 0.68840 -1.22920 3.03520
v 0.68480 -1.16620 1.72420
v 0.68700 -1.17380 2.01880
v 0.65200 -1.17380 2.03700
v 0.67097 -1.18539 2.23959
v 0.67525 -1.19880 2.26613
v 0.65500 -1.20780 3.09600
v 0.69600 -1.15880 3.38900
v 0.65226 -1.09506 1.71539
v 0.65865 -1.09257 2.22468
v 0.69170 -1.10550 3.13593
v 0.67894 -1.13580 3.20218
v 0.69408 -1.11090 3.27157
v 0.67246 -1.10877 3.31892
v 0.68600 -1.12980 3.43200
v 0.67600 -1.07980 3.47600
v 0.69200 -1.05423 3.13400
v 0.67894 -1.04880 3.20218
v 0.67838 -1.05786 3.27487
v 0.66624 -1.05179 3.32309
v 0.66900 -1.03480 3.51100
v 0.66700 -1.01530 3.54225
v 0.68100 -0.97216 3.26329
v 0.66509 -0.94544 3.33145
v 0.66700 -0.94880 3.56200
v 0.68057 -0.88466 3.26376
v 0.66782 -0.86716 3.33182
v 0.67400 -0.84203 3.27092
v 0.66882 -0.82407 3.33191
v 0.66700 -0.79080 3.57300
v 0.67745 -0.77253 3.26745
v 0.66918 -0.74307 3.33191
v 0.67983 -0.68390 3.26562
v 0.66733 -0.67397 3.33092
v 0.67743 -0.60823 3.26657
v 0.67062 -0.63637 3.33262
v 0.68100 -0.53307 3.26527
v 0.66973 -0.56398 3.33209
v 0.68021 -0.47043 3.26600
v 0.66995 -0.46944 3.33209
v 0.66700 -0.45780 3.60700
v 0.69213 -0.40113 3.21193
v 0.67347 -0.41292 3.25876
v 0.66953 -0.39295 3.33138
v 0.69379 -0.32501 3.21689
v 0.67618 -0.32568 3.26804
v 0.66700 -0.33565 3.32854
v 0.67183 -0.27413 3.28258
v 0.66875 -0.27222 3.33033
v 0.67150 -0.19092 3.28267
v 0.66883 -0.18230 3.33050
v 0.67441 -0.10342 3.28154
v 0.66900 -0.10397 3.33050
v 0.67131 -0.05891 3.28325
v 0.66911 -0.05827 3.33050
v 0.66700 -0.03780 3.63000
v 0.67235 0.02055 3.28253
v 0.66917 0.01824 3.33050
v 0.67251 0.08859 3.28264
v 0.66906 0.08078 3.33050
v 0.67150 0.19141 3.28267
v 0.66883 0.18262 3.33050
v 0.69421 0.32315 3.21795
v 0.67628 0.31254 3.27160
v 0.66862 0.29316 3.33033
v 0.69147 0.37920 3.20767
v 0.66660 0.35420 3.26380
v 0.66842 0.36299 3.33004
v 0.66700 0.38220 3.60700
v 0.69220 0.41160 3.22080
v 0.68353 0.44292 3.25756
v 0.67009 0.42684 3.33209
v 0.69200 0.52078 3.25366
v 0.66982 0.49338 3.33209
v 0.69124 0.57693 3.25412
v 0.66973 0.56338 3.33209
v 0.69129 0.66176 3.25408
v 0.66942 0.64978 3.33200
v 0.68719 0.71206 3.25757
v 0.66918 0.74347 3.33191
v 0.66700 0.71420 3.57300
v 0.68967 0.78620 3.25511
v 0.66882 0.81138 3.33191
v 0.69149 0.85986 3.25298
v 0.66832 0.85247 3.33186
v 0.66700 0.87320 3.56200
v 0.70300 0.93470 3.23100
v 0.68543 0.94439 3.25690
v 0.66509 0.94511 3.33145
v 0.66900 0.95920 3.51100
v 0.66700 0.93970 3.54225
v 0.69050 1.03745 3.13850
v 0.68932 1.03091 3.21432
v 0.68586 1.02690 3.25782
v 0.66493 1.03224 3.32219
v 0.67600 1.00420 3.47600
v 0.65305 1.09591 1.71619
v 0.65863 1.09570 2.22520
v 0.69208 1.08192 3.13488
v 0.68799 1.07372 3.27918
v 0.67055 1.07451 3.32113
v 0.69100 1.06820 3.41050
v 0.66420 1.14220 1.71740
v 0.68700 1.17620 2.01880
v 0.65200 1.17620 2.03700
v 0.66500 1.18087 2.22567
v 0.68840 1.15340 3.03520
v 0.68643 1.12291 3.12943
v 0.67894 1.12320 3.20218
v 0.68400 1.12177 3.27536
v 0.67142 1.12066 3.31746
v 0.69550 1.18770 1.72400
v 0.67168 1.18952 2.24276
v 0.67525 1.20170 2.26613
v 0.75885 -1.17618 1.72485
v 0.76500 -1.17480 1.86100
v 0.73650 -1.17380 1.92500
v 0.71400 -1.17380 1.97600
v 0.73938 -1.18146 2.24031
v 0.73500 -1.19880 2.25913
v 0.75400 -1.20480 3.12200
v 0.72500 -1.19580 3.19400
v 0.71700 -1.18780 3.26000
v 0.70500 -1.17380 3.34100
v 0.73759 -1.09792 1.71383
v 0.75632 -1.10182 2.22961
v 0.75238 -1.10167 3.14050
v 0.73768 -1.10182 3.19596
v 0.71700 -1.09658 3.24542
v 0.77100 -1.12980 3.43200
v 0.76100 -1.07980 3.47600
v 0.75273 -1.05620 3.14156
v 0.73408 -1.05464 3.19336
v 0.71145 -1.05322 3.25052
v 0.75300 -1.03480 3.51100
v 0.75100 -1.01530 3.54225
v 0.76220 -0.98480 3.14613
v 0.75700 -0.98170 3.20140
v 0.71794 -0.97711 3.24363
v 0.75100 -0.94880 3.56200
v 0.76257 -0.89087 3.14557
v 0.75628 -0.88880 3.20378
v 0.71789 -0.88944 3.24472
v 0.76273 -0.85020 3.14547
v 0.75667 -0.84880 3.20378
v 0.71721 -0.84980 3.24505
v 0.75100 -0.79080 3.57300
v 0.76300 -0.78393 3.14520
v 0.75656 -0.78347 3.20378
v 0.71721 -0.78375 3.24526
v 0.76379 -0.69144 3.14436
v 0.75656 -0.69239 3.20389
v 0.71721 -0.69252 3.24553
v 0.76340 -0.59507 3.14447
v 0.75656 -0.60347 3.20389
v 0.71794 -0.60658 3.24583
v 0.76380 -0.51693 3.14420
v 0.75667 -0.53213 3.20389
v 0.71794 -0.53824 3.24611
v 0.76045 -0.45908 3.14897
v 0.74035 -0.46362 3.19773
v 0.71791 -0.47204 3.24284
v 0.75100 -0.45780 3.60700
v 0.75208 -0.39608 3.13941
v 0.73465 -0.42210 3.18778
v 0.70900 -0.43580 3.23700
v 0.74137 -0.32300 3.13827
v 0.72737 -0.31140 3.18897
v 0.72989 -0.31812 3.26100
v 0.73900 -0.25967 3.14013
v 0.73320 -0.27353 3.17127
v 0.73089 -0.27124 3.27156
v 0.73927 -0.17780 3.14013
v 0.73261 -0.17780 3.17104
v 0.73078 -0.19147 3.27156
v 0.73947 -0.10080 3.14020
v 0.73312 -0.10476 3.17071
v 0.73453 -0.10227 3.26987
v 0.73960 -0.05647 3.14020
v 0.73366 -0.06077 3.17075
v 0.73371 -0.05821 3.27200
v 0.75100 -0.03780 3.63000
v 0.73970 0.01770 3.14020
v 0.73449 0.01947 3.17089
v 0.73400 0.02120 3.27100
v 0.73953 0.07880 3.14020
v 0.73328 0.08323 3.17076
v 0.73412 0.09262 3.27100
v 0.76467 0.18353 1.94667
v 0.76889 0.18631 1.98089
v 0.73927 0.17807 3.14013
v 0.73221 0.17862 3.17088
v 0.73078 0.19253 3.27156
v 0.73709 0.23477 1.94778
v 0.74289 0.23856 1.99312
v 0.73900 0.25913 3.14013
v 0.73350 0.25545 3.17113
v 0.75325 0.29251 1.94771
v 0.75385 0.28942 1.99242
v 0.74061 0.31074 3.13889
v 0.72919 0.30612 3.18447
v 0.73009 0.30987 3.26307
v 0.74784 0.38299 3.13897
v 0.71589 0.39087 3.17144
v 0.75100 0.38220 3.60700
v 0.75837 0.42655 3.14733
v 0.73140 0.42876 3.19685
v 0.72048 0.44168 3.24411
v 0.75330 0.52152 3.14859
v 0.72175 0.53098 3.19671
v 0.71675 0.51470 3.25810
v 0.75322 0.57579 3.14878
v 0.73242 0.56220 3.18946
v 0.71800 0.58482 3.25838
v 0.75174 0.66583 3.15264
v 0.73056 0.65560 3.19179
v 0.71974 0.66185 3.25952
v 0.75650 0.71132 3.15068
v 0.71400 0.71715 3.22418
v 0.71457 0.70756 3.25607
v 0.75100 0.71420 3.57300
v 0.75354 0.79002 3.15306
v 0.71400 0.79184 3.22418
v 0.71727 0.78865 3.25764
v 0.75490 0.85567 3.14997
v 0.72398 0.85711 3.20140
v 0.71888 0.86114 3.25850
v 0.75100 0.87320 3.56200
v 0.75916 0.92867 3.14595
v 0.72243 0.93468 3.20083
v 0.71408 0.93420 3.25523
v 0.75300 0.95920 3.51100
v 0.75100 0.93970 3.54225
v 0.75316 1.02170 3.14713
v 0.72565 1.02438 3.19972
v 0.72137 1.03169 3.25058
v 0.76100 1.00420 3.47600
v 0.73683 1.09837 1.71378
v 0.75498 1.09739 2.22642
v 0.75029 1.08086 3.13703
v 0.73870 1.07989 3.19520
v 0.71079 1.07466 3.25590
v 0.70500 1.09820 3.34100
v 0.77100 1.05420 3.43200
v 0.74980 1.14170 1.71850
v 0.76500 1.17720 1.86100
v 0.73650 1.17720 1.92500
v 0.71400 1.17720 1.97600
v 0.75330 1.13994 2.23708
v 0.75637 1.12608 3.13898
v 0.72954 1.12136 3.19279
v 0.71112 1.11970 3.25038
v 0.76025 1.18807 1.72613
v 0.73847 1.19033 2.24283
v 0.73500 1.20195 2.25913
v 0.80980 -1.23020 3.02740
v 0.78283 -1.16964 1.73772
v 0.79779 -1.17113 1.76847
v 0.82132 -1.17890 2.24174
v 0.82100 -1.19880 2.25650
v 0.82600 -1.20180 3.15000
v 0.81600 -1.17730 3.18300
v 0.80350 -1.18780 3.26000
v 0.79200 -1.17380 3.34100
v 0.78200 -1.15880 3.38900
v 0.81720 -1.09560 1.68200
v 0.79831 -1.10411 1.73141
v 0.81185 -1.10999 1.76871
v 0.80849 -1.10621 2.23408
v 0.79325 -1.09754 3.14206
v 0.77933 -1.09780 3.16767
v 0.83400 -1.12980 3.43200
v 0.82300 -1.07980 3.47600
v 0.78033 -1.05780 3.15300
v 0.81600 -1.03480 3.51100
v 0.81300 -1.01530 3.54225
v 0.79180 -0.99007 3.14087
v 0.78100 -0.99380 3.16800
v 0.81300 -0.94880 3.56200
v 0.79190 -0.89300 3.14043
v 0.77850 -0.89480 3.17400
v 0.79200 -0.85160 3.14033
v 0.77850 -0.85280 3.17400
v 0.81300 -0.79080 3.57300
v 0.79200 -0.78440 3.14033
v 0.77850 -0.78480 3.17400
v 0.79222 -0.69113 3.14009
v 0.77867 -0.69097 3.17350
v 0.79233 -0.59347 3.13987
v 0.77900 -0.59580 3.17350
v 0.79253 -0.51380 3.13973
v 0.77900 -0.51730 3.17350
v 0.78950 -0.45805 3.14350
v 0.77900 -0.46180 3.17300
v 0.81300 -0.45780 3.60700
v 0.79515 -0.40838 3.13618
v 0.77800 -0.42780 3.16600
v 0.80243 -0.32837 3.13143
v 0.77700 -0.30380 3.17500
v 0.83720 -0.25960 1.93700
v 0.80243 -0.26023 3.13143
v 0.77767 -0.27097 3.17583
v 0.84000 -0.18480 1.93700
v 0.80243 -0.17894 3.13143
v 0.77750 -0.17830 3.17425
v 0.84300 -0.11630 1.92700
v 0.80243 -0.10109 3.13143
v 0.77825 -0.10580 3.17425
v 0.84250 -0.03180 1.93150
v 0.84192 -0.02783 2.00524
v 0.80243 -0.05675 3.13143
v 0.77892 -0.06172 3.17425
v 0.81300 -0.03780 3.63000
v 0.83763 0.01759 1.94250
v 0.83967 -0.00205 1.98250
v 0.80243 0.01770 3.13143
v 0.77912 0.01945 3.17425
v 0.82944 0.09027 1.94293
v 0.83113 0.09713 1.96600
v 0.80243 0.07896 3.13143
v 0.77867 0.08512 3.17425
v 0.80181 0.15420 1.94547
v 0.81584 0.16403 1.98620
v 0.80243 0.17863 3.13143
v 0.77750 0.17920 3.17425
v 0.79500 0.23982 1.94448
v 0.78758 0.22285 1.98571
v 0.80243 0.26020 3.13143
v 0.77800 0.25387 3.17567
v 0.79606 0.29551 1.94657
v 0.80304 0.29135 1.99055
v 0.80243 0.31313 3.13143
v 0.77725 0.29295 3.17575
v 0.79874 0.38746 3.13570
v 0.78000 0.40620 3.16400
v 0.81300 0.38220 3.60700
v 0.79320 0.43228 3.13620
v 0.77650 0.40870 3.16900
v 0.79141 0.51555 3.13800
v 0.79112 0.58285 3.13829
v 0.78848 0.66135 3.14044
v 0.79495 0.70593 3.13545
v 0.81300 0.71420 3.57300
v 0.79200 0.78747 3.13787
v 0.79455 0.86259 3.13871
v 0.81300 0.87320 3.56200
v 0.79627 0.91875 3.13591
v 0.81600 0.95920 3.51100
v 0.81300 0.93970 3.54225
v 0.79073 1.01879 3.14450
v 0.77700 1.03040 3.16480
v 0.82300 1.00420 3.47600
v 0.81700 1.09320 1.68200
v 0.80435 1.09793 1.72766
v 0.81806 1.10202 1.77015
v 0.80171 1.09775 2.22897
v 0.82850 1.10620 3.12600
v 0.80000 1.10820 3.28600
v 0.79200 1.09820 3.34100
v 0.80800 1.06820 3.41050
v 0.81800 1.11820 1.68200
v 0.78704 1.14404 1.73724
v 0.80272 1.14858 1.76839
v 0.81551 1.14048 2.24072
v 0.80980 1.15460 3.02740
v 0.80086 1.13816 3.13493
v 0.81600 1.14620 3.18300
v 0.80700 1.11520 3.23400
v 0.77818 1.18547 1.73873
v 0.79359 1.18549 1.76606
v 0.82783 1.18951 2.24340
v 0.82100 1.20195 2.25650
v 0.90000 -1.23505 3.01300
v 0.89000 -1.21580 3.03200
v 0.86347 -1.18214 2.24145
v 0.88550 -1.20930 3.08250
v 0.88975 -1.16680 3.14625
v 0.86767 -1.16647 3.17933
v 0.86850 -1.18780 3.26000
v 0.88300 -1.17380 3.34100
v 0.87200 -1.15880 3.38900
v 0.88060 -1.09580 1.68047
v 0.87463 -1.08423 1.72306
v 0.86850 -1.08498 1.77055
v 0.86193 -1.10393 2.22826
v 0.89852 -1.10197 3.12452
v 0.88800 -1.12980 3.43200
v 0.87700 -1.07980 3.47600
v 0.90750 -1.06330 3.12200
v 0.86500 -1.01530 3.54225
v 0.89640 -0.99140 3.12220
v 0.86450 -0.96680 3.54400
v 0.89550 -0.89450 3.12220
v 0.86400 -0.87780 3.53500
v 0.89540 -0.85280 3.12220
v 0.86500 -0.79080 3.57300
v 0.89540 -0.78480 3.12220
v 0.86400 -0.73680 3.54600
v 0.89540 -0.69080 3.12220
v 0.89540 -0.59280 3.12220
v 0.86400 -0.59780 3.55300
v 0.89540 -0.51260 3.12220
v 0.89540 -0.45640 3.12220
v 0.86400 -0.44180 3.55700
v 0.86500 -0.45780 3.60700
v 0.88544 -0.40547 1.93700
v 0.89540 -0.40433 3.12220
v 0.89300 -0.33213 1.93700
v 0.89540 -0.33193 3.12220
v 0.89584 -0.26222 1.93700
v 0.89540 -0.26460 3.12220
v 0.86400 -0.24880 3.55800
v 0.89389 -0.18813 1.93700
v 0.89540 -0.18160 3.12220
v 0.88732 -0.11642 1.93251
v 0.88700 -0.10560 2.01320
v 0.88606 -0.10839 2.08429
v 0.90466 -0.11434 2.16453
v 0.89540 -0.10280 3.12220
v 0.87515 -0.05501 1.91359
v 0.85745 -0.04515 2.01029
v 0.86572 -0.04298 2.06983
v 0.89250 -0.05039 2.14466
v 0.90233 -0.05322 2.17845
v 0.89540 -0.05807 3.12220
v 0.86400 -0.03780 3.55800
v 0.86500 -0.03780 3.63000
v 0.85614 0.03118 1.93825
v 0.85883 0.02012 2.01372
v 0.87833 0.02029 2.06728
v 0.90603 0.01933 2.14236
v 0.91200 -0.00880 2.17875
v 0.89540 0.01790 3.12220
v 0.86513 0.09024 1.93443
v 0.87498 0.08967 2.00006
v 0.88956 0.08697 2.06750
v 0.90986 0.07941 2.12664
v 0.89540 0.08040 3.12220
v 0.88819 0.16437 1.93456
v 0.89366 0.16000 2.00561
v 0.90616 0.14414 2.06370
v 0.89540 0.18120 3.12220
v 0.86400 0.17320 3.55800
v 0.90360 0.22850 1.94196
v 0.89821 0.23327 1.99202
v 0.89540 0.26400 3.12220
v 0.87500 0.31479 1.94545
v 0.89125 0.28670 1.99066
v 0.89540 0.31760 3.12220
v 0.89540 0.38440 3.12220
v 0.86400 0.36620 3.55700
v 0.86500 0.38220 3.60700
v 0.89540 0.43840 3.12220
v 0.89540 0.51260 3.12220
v 0.86400 0.52220 3.55300
v 0.89540 0.59320 3.12220
v 0.89540 0.66320 3.12220
v 0.86400 0.66120 3.54600
v 0.89540 0.70420 3.12220
v 0.86500 0.71420 3.57300
v 0.89540 0.78520 3.12220
v 0.86400 0.80220 3.53500
v 0.89540 0.86620 3.12220
v 0.86500 0.87320 3.56200
v 0.89560 0.91200 3.12220
v 0.86480 0.93340 3.53900
v 0.89640 1.00000 3.12220
v 0.87700 1.00420 3.47600
v 0.88142 1.09320 1.68050
v 0.87463 1.08743 1.72306
v 0.86850 1.08788 1.77055
v 0.86123 1.10262 2.22497
v 0.90275 1.09532 3.12238
v 0.86500 1.10820 3.28600
v 0.88300 1.09820 3.34100
v 0.87733 1.07287 3.40333
v 0.87733 1.11820 1.68033
v 0.86313 1.13833 2.23948
v 0.90000 1.15945 3.01300
v 0.88700 1.13553 3.06567
v 0.89610 1.13030 3.12924
v 0.86900 1.14387 3.17933
v 0.87200 1.11520 3.23400
v 0.86368 1.18954 2.24344
v 0.97700 -1.24467 2.91350
v 0.95280 -1.23410 2.98790
v 0.95084 -1.17989 2.23938
v 0.91700 -1.19880 2.25375
v 0.95400 -1.20980 3.07800
v 0.94000 -1.15580 3.13467
v 0.93200 -1.19580 3.19400
v 0.95075 -1.18780 3.26000
v 0.96600 -1.17380 3.34100
v 0.95500 -1.15880 3.38900
v 0.95247 -1.09580 1.68020
v 0.95225 -1.08380 1.71968
v 0.94210 -1.08380 1.76990
v 0.96180 -1.10520 2.23295
v 0.94698 -1.10132 3.12785
v 0.94550 -1.10180 3.17100
v 0.94400 -1.12980 3.43200
v 0.95450 -1.08180 3.48000
v 0.95933 -1.05763 3.12750
v 0.97733 -1.01480 3.54533
v 0.95713 -0.98993 3.12787
v 0.92500 -0.99980 3.51300
v 0.95917 -0.89541 3.12833
v 0.95567 -0.88380 3.54700
v 0.98000 -0.90580 3.59400
v 0.95911 -0.85336 3.12833
v 0.95911 -0.78547 3.12833
v 0.95533 -0.74280 3.55867
v 0.97900 -0.76580 3.60600
v 0.95911 -0.69113 3.12833
v 0.95911 -0.59402 3.12833
v 0.95533 -0.60413 3.56567
v 0.97900 -0.62680 3.61300
v 0.98000 -0.51113 2.13167
v 0.95911 -0.51391 3.12833
v 0.97950 -0.50680 2.10000
v 0.95911 -0.45791 3.12833
v 0.94350 -0.44330 3.56050
v 0.97900 -0.46080 3.60100
v 0.94669 -0.40663 1.93700
v 0.97800 -0.37380 2.13433
v 0.95911 -0.40628 3.12833
v 0.94422 -0.33413 1.93700
v 0.97475 -0.36455 2.08475
v 0.98100 -0.30180 2.14500
v 0.95911 -0.33384 3.12833
v 0.93721 -0.26634 1.93700
v 0.96823 -0.25071 2.07377
v 0.97519 -0.25511 2.13356
v 0.98050 -0.23330 2.18383
v 0.95911 -0.26591 3.12833
v 0.94350 -0.24980 3.56150
v 0.97900 -0.25930 3.60250
v 0.92220 -0.19000 1.93700
v 0.96150 -0.19680 2.03100
v 0.95973 -0.21507 2.05936
v 0.94733 -0.19363 2.14567
v 0.96247 -0.19401 2.21163
v 0.97750 -0.16730 2.26850
v 0.95911 -0.18280 3.12833
v 0.92150 -0.12480 1.94800
v 0.93300 -0.15430 2.00925
v 0.92200 -0.11971 2.16555
v 0.92488 -0.12259 2.21616
v 0.94320 -0.10473 2.26780
v 0.97700 -0.09680 2.32200
v 0.95911 -0.10380 3.12833
v 0.92250 -0.06820 2.17020
v 0.93814 -0.06474 2.21843
v 0.96342 -0.04532 2.28380
v 0.97843 -0.04332 2.32652
v 0.95911 -0.05817 3.12833
v 0.94350 -0.03780 3.56150
v 0.97900 -0.03780 3.60250
v 0.94024 0.02564 2.16776
v 0.92516 0.03105 2.17919
v 0.98033 -0.01480 2.30933
v 0.95911 0.01820 3.12833
v 0.92772 0.09060 2.14671
v 0.94168 0.08614 2.17974
v 0.95911 0.08072 3.12833
v 0.92686 0.18591 1.91986
v 0.91785 0.18435 2.03231
v 0.92249 0.18639 2.06044
v 0.94123 0.15707 2.13549
v 0.96418 0.15549 2.17943
v 0.95911 0.18231 3.12833
v 0.94350 0.17420 3.56150
v 0.97900 0.18370 3.60250
v 0.92629 0.23916 1.93204
v 0.92703 0.23857 2.00862
v 0.93664 0.23141 2.06289
v 0.97006 0.23983 2.13476
v 0.98317 0.21603 2.17917
v 0.94433 0.26520 3.12500
v 0.94186 0.30660 1.93825
v 0.94433 0.29746 1.99913
v 0.96733 0.30812 2.06893
v 0.98015 0.28998 2.11908
v 0.96096 0.30599 3.12875
v 0.96704 0.36691 1.94200
v 0.97114 0.36011 1.99720
v 0.98260 0.34720 2.04364
v 0.95911 0.38613 3.12833
v 0.94350 0.36770 3.56050
v 0.97900 0.38470 3.60100
v 0.98433 0.40953 1.97700
v 0.95911 0.44014 3.12833
v 0.95911 0.51398 3.12833
v 0.95533 0.52820 3.56567
v 0.95911 0.59364 3.12833
v 0.97900 0.55020 3.61300
v 0.95911 0.66409 3.12833
v 0.95533 0.66720 3.55867
v 0.95911 0.70453 3.12833
v 0.97900 0.68920 3.60600
v 0.95911 0.78564 3.12833
v 0.95567 0.80787 3.54700
v 0.95911 0.86676 3.12833
v 0.98000 0.83020 3.59400
v 0.95922 0.91276 3.12833
v 0.92500 0.92320 3.51300
v 0.97733 0.93887 3.54533
v 0.95967 1.00076 3.12822
v 0.95450 1.00570 3.48000
v 0.95417 1.09320 1.68025
v 0.95225 1.08720 1.71968
v 0.94210 1.08720 1.76990
v 0.96960 1.09773 2.22979
v 0.94394 1.09642 3.12583
v 0.94700 1.10820 3.28600
v 0.96600 1.09820 3.34100
v 0.94950 1.06820 3.41050
v 0.94567 1.11820 1.68000
v 0.95037 1.14501 2.23673
v 0.97700 1.16370 2.91350
v 0.95280 1.15820 2.98790
v 0.95400 1.13320 3.07800
v 0.94817 1.12813 3.13005
v 0.93500 1.12070 3.18300
v 0.95450 1.11520 3.23400
v 0.94973 1.19093 2.24342
v 0.91700 1.20195 2.25375
v 0.97700 1.18470 2.91350
v 1.03900 -1.29080 2.52100
v 1.01900 -1.28780 2.65100
v 1.04367 -1.26880 2.52100
v 1.02275 -1.26355 2.65100
v 1.00480 -1.25900 2.76100
v 1.00117 -1.24813 2.83700
v 1.00600 -1.22747 2.91167
v 1.02500 -1.22080 2.96600
v 1.03200 -1.21480 3.05450
v 1.05500 -1.21880 3.15800
v 1.05233 -1.22547 3.19900
v 1.04300 -1.22230 3.27350
v 1.03300 -1.21280 3.34600
v 1.01502 -1.18358 2.23483
v 1.02900 -1.19880 2.25100
v 1.01300 -1.20580 3.12633
v 1.02575 -1.20255 3.19625
v 1.02800 -1.19580 3.26633
v 1.02200 -1.18813 3.34500
v 1.01167 -1.17913 3.40500
v 1.00500 -1.16280 3.46733
v 1.01333 -1.09913 1.68017
v 1.01900 -1.08380 1.72193
v 1.02517 -1.08380 1.77033
v 1.01375 -1.09788 2.22863
v 1.00650 -1.09930 3.13633
v 0.98700 -1.13280 3.44000
v 0.99000 -1.09380 3.50600
v 0.99000 -1.10780 3.53600
v 1.01467 -1.03787 2.16380
v 1.02683 -1.04562 2.21679
v 1.03993 -1.04220 2.25888
v 1.03325 -1.03330 3.13600
v 1.01400 -1.02780 3.16900
v 1.01936 -0.93798 2.21218
v 1.05100 -0.97280 3.16800
v 1.00650 -0.93030 2.15275
v 1.03267 -0.89547 3.13200
v 1.03500 -0.79180 3.13200
v 0.99450 -0.73080 2.13983
v 1.01344 -0.74358 2.20667
v 1.05433 -0.73163 2.31150
v 1.03500 -0.72080 3.13200
v 1.05246 -0.68272 2.31200
v 1.05400 -0.66680 2.31800
v 1.03500 -0.67930 3.13200
v 1.04825 -0.60474 2.31175
v 1.05250 -0.62030 2.32050
v 1.03500 -0.59580 3.13200
v 0.99000 -0.51780 2.16500
v 1.00575 -0.52730 2.19750
v 1.03909 -0.54733 2.29653
v 1.05033 -0.54880 2.32200
v 1.03400 -0.51580 3.13200
v 0.99100 -0.50580 2.09000
v 1.00950 -0.47764 2.23841
v 1.02073 -0.48727 2.26647
v 1.05100 -0.46780 2.32600
v 1.03400 -0.45980 3.13200
v 0.99100 -0.38280 2.17000
v 1.00504 -0.39112 2.22208
v 1.02550 -0.39410 2.28110
v 1.04950 -0.41130 2.32650
v 1.03400 -0.40680 3.13200
v 0.98800 -0.30580 2.16400
v 1.00300 -0.31992 2.21950
v 1.02400 -0.32960 2.28160
v 1.04800 -0.33430 2.32775
v 1.03467 -0.33513 3.13200
v 0.98867 -0.26263 2.16950
v 0.99913 -0.26084 2.21456
v 1.02237 -0.25380 2.28281
v 1.04500 -0.25113 2.32733
v 1.03500 -0.26780 3.13200
v 0.98775 -0.22230 2.23100
v 1.02088 -0.20598 2.29688
v 1.04054 -0.19134 2.33015
v 1.03500 -0.18380 3.13200
v 0.99300 -0.14880 2.30400
v 1.02820 -0.12560 2.33860
v 1.03400 -0.10480 3.13200
v 0.98700 -0.01880 2.30900
v 1.00067 -0.03788 2.35267
v 1.03433 -0.05880 3.13200
v 1.00100 0.02170 2.31600
v 1.00620 0.01875 2.33604
v 1.03500 0.01820 3.13200
v 0.99333 0.09853 2.16233
v 1.03280 0.09760 2.31600
v 1.03627 0.09692 2.33346
v 1.03400 0.08153 3.13200
v 1.00350 0.15645 2.16550
v 0.98600 0.18220 2.17600
v 1.04925 0.14345 2.31600
v 1.04976 0.14308 2.32671
v 1.03500 0.18420 3.13200
v 1.00908 0.23932 2.16417
v 0.99406 0.23923 2.17819
v 1.00600 0.33070 1.92150
v 0.99000 0.32970 2.08732
v 1.00610 0.30989 2.14715
v 1.01819 0.30413 2.17661
v 1.03500 0.30353 3.13200
v 1.00005 0.39181 1.93702
v 0.99847 0.39882 2.01259
v 1.00555 0.37225 2.07342
v 1.02905 0.37101 2.13565
v 1.03375 0.34282 2.17600
v 1.03400 0.38553 3.13200
v 1.01100 0.40991 1.95357
v 1.01616 0.42313 2.00734
v 1.02869 0.42455 2.06978
v 1.04638 0.42274 2.12461
v 1.03400 0.44220 3.13200
v 1.03400 0.51620 3.13200
v 1.03500 0.59520 3.13200
v 1.03500 0.66520 3.13200
v 1.03500 0.70670 3.13200
v 1.03500 0.79220 3.13200
v 1.03900 0.89129 2.00209
v 1.05220 0.88760 2.05240
v 1.03500 0.87720 3.13200
v 1.05300 0.96720 1.94400
v 1.03367 0.94120 2.00250
v 1.05000 0.93920 2.06467
v 1.02800 0.93120 3.13200
v 1.04233 1.01053 1.94400
v 1.01883 1.00970 2.00300
v 1.03333 1.01287 2.06800
v 1.04950 1.02145 2.12825
v 1.03967 1.02453 3.13767
v 1.04100 1.02720 3.16900
v 0.99000 1.01820 3.50600
v 0.99000 1.03220 3.53600
v 1.00825 1.09320 1.68025
v 1.01900 1.08720 1.72193
v 1.02517 1.08720 1.77033
v 1.03514 1.05720 1.94400
v 1.01487 1.05782 2.00300
v 1.02750 1.06383 2.06800
v 1.04543 1.07041 2.14729
v 1.01163 1.09536 2.22789
v 1.02500 1.08300 3.13640
v 0.99500 1.08120 3.17000
v 1.00900 1.10220 3.34800
v 0.99933 1.07987 3.41800
v 1.00100 1.07520 3.47700
v 1.02350 1.11920 1.68000
v 1.02223 1.14330 2.22890
v 1.03400 1.17820 2.65100
v 1.00667 1.17420 2.76100
v 1.00725 1.16445 2.83700
v 1.00600 1.15153 2.91167
v 1.02500 1.14520 2.96600
v 1.03200 1.13870 3.05450
v 1.01533 1.13003 3.13400
v 1.03714 1.13663 3.19743
v 1.03400 1.13040 3.26920
v 1.03000 1.12353 3.34433
v 1.02400 1.12620 3.40100
v 1.01300 1.11120 3.44800
v 1.01424 1.19265 2.23885
v 1.02900 1.20145 2.25100
v 1.04180 1.20200 2.52100
v 1.01900 1.19595 2.65100
v 1.00200 1.19620 2.76100
v 0.98900 1.18820 2.83700
v 1.07100 -1.29905 2.25100
v 1.05600 -1.29447 2.38700
v 1.08600 -1.28180 2.25100
v 1.07967 -1.27380 2.38700
v 1.09600 -1.26280 2.52100
v 1.09850 -1.25480 2.65450
v 1.09267 -1.24980 2.77367
v 1.10400 -1.25347 2.84433
v 1.09233 -1.24513 2.91500
v 1.07850 -1.23930 2.98050
v 1.07800 -1.23980 3.04000
v 1.06300 -1.23180 3.12300
v 1.09571 -1.17937 2.23036
v 1.09820 -1.09580 1.68020
v 1.10154 -1.08431 1.72862
v 1.08587 -1.08468 1.77033
v 1.09190 -1.09834 2.22904
v 1.05600 -1.06180 2.24100
v 1.08674 -1.04864 2.29705
v 1.09676 -1.05002 2.31989
v 1.06100 -1.02547 3.13500
v 1.06714 -0.96580 2.30923
v 1.10073 -0.97389 2.32109
v 1.08457 -0.96451 3.13686
v 1.07390 -0.87650 2.31010
v 1.10387 -0.90530 2.32163
v 1.10478 -0.90624 3.13867
v 1.08400 -0.90080 3.16800
v 1.07036 -0.79835 2.31082
v 1.10687 -0.83393 2.32375
v 1.09100 -0.79580 3.13300
v 1.09325 -0.73555 2.30825
v 1.09121 -0.74730 2.32379
v 1.09300 -0.72080 3.13300
v 1.11200 -0.77980 3.16800
v 1.08083 -0.67980 2.30767
v 1.08831 -0.67511 2.32556
v 1.09400 -0.67830 3.13300
v 1.08000 -0.61847 2.30533
v 1.10438 -0.61361 2.32724
v 1.09500 -0.59580 3.13300
v 1.09541 -0.54598 2.33059
v 1.09700 -0.51780 3.13300
v 1.10380 -0.47573 2.32893
v 1.09700 -0.46180 3.13300
v 1.10777 -0.41095 2.32838
v 1.09800 -0.40847 3.13300
v 1.10746 -0.34057 2.32938
v 1.09933 -0.33713 3.13300
v 1.10420 -0.26987 2.33100
v 1.10000 -0.26980 3.13300
v 1.09450 -0.19647 2.33278
v 1.10000 -0.18580 3.13300
v 1.10306 -0.12227 2.33431
v 1.10000 -0.10580 3.13300
v 1.10283 -0.06008 2.34122
v 1.10033 -0.05947 3.13300
v 1.08875 0.01745 2.35000
v 1.10100 0.01820 3.13300
v 1.07557 0.09434 2.35814
v 1.10000 0.08220 3.13300
v 1.06180 0.18300 2.31600
v 1.06609 0.16945 2.34084
v 1.10000 0.18520 3.13300
v 1.08150 0.24353 2.31533
v 1.08804 0.23949 2.33637
v 1.06575 0.31262 2.15967
v 1.10167 0.30437 2.31517
v 1.10805 0.30130 2.33624
v 1.09967 0.30520 3.13300
v 1.05900 0.40220 1.94000
v 1.05600 0.40620 2.08500
v 1.07325 0.39056 2.15842
v 1.12180 0.37135 2.31500
v 1.12142 0.36046 2.32506
v 1.09850 0.37770 3.13300
v 1.06700 0.40820 1.95500
v 1.07789 0.42787 2.00989
v 1.07215 0.43560 2.07582
v 1.08157 0.42908 2.15792
v 1.09414 0.43142 2.18102
v 1.09767 0.43220 3.13300
v 1.10152 0.51437 2.15879
v 1.10500 0.51423 2.18097
v 1.09700 0.51720 3.13300
v 1.10320 0.57792 2.15460
v 1.10887 0.55826 2.18044
v 1.09600 0.59620 3.13300
v 1.09143 0.65016 2.10287
v 1.09331 0.64618 2.14149
v 1.09500 0.66520 3.13300
v 1.08612 0.74408 2.10238
v 1.08795 0.74197 2.14132
v 1.09400 0.70670 3.13300
v 1.08300 0.81020 2.10238
v 1.08462 0.80887 2.14133
v 1.09100 0.79520 3.13300
v 1.07100 0.89306 1.94400
v 1.06925 0.89020 2.00100
v 1.07906 0.86594 2.09526
v 1.08168 0.86441 2.14229
v 1.12493 0.85940 2.31467
v 1.12508 0.87470 2.32067
v 1.10450 0.87320 3.13300
v 1.11800 0.87320 3.16800
v 1.05850 0.93070 1.94400
v 1.08121 0.93328 2.16021
v 1.08450 0.95070 2.17981
v 1.11621 0.93302 2.30925
v 1.12071 0.93430 2.32576
v 1.10344 0.93087 3.13633
v 1.09900 0.92920 3.16800
v 1.11700 1.00370 1.83100
v 1.07052 1.00401 2.16897
v 1.07315 1.02207 2.19420
v 1.09743 1.01731 2.28881
v 1.10800 1.01365 2.32309
v 1.07943 0.99749 3.13786
v 1.07600 0.97220 3.16800
v 1.09450 1.09345 1.68025
v 1.10154 1.08720 1.72862
v 1.08587 1.08720 1.77033
v 1.10962 1.06258 1.83100
v 1.08900 1.07320 1.94400
v 1.10300 1.07870 2.00300
v 1.11000 1.08220 2.06800
v 1.08400 1.08287 2.14200
v 1.08869 1.09175 2.22761
v 1.08854 1.05775 2.28587
v 1.10667 1.04320 2.31867
v 1.11300 1.11920 1.68000
v 1.09533 1.13427 2.22899
v 1.09850 1.17920 2.65450
v 1.08050 1.16970 2.76500
v 1.09750 1.16820 2.85600
v 1.08600 1.16020 2.92400
v 1.07850 1.16270 2.98050
v 1.07800 1.16320 3.04000
v 1.06300 1.15520 3.12300
v 1.09563 1.18983 2.23095
v 1.07400 1.21940 2.25100
v 1.06783 1.20837 2.38700
v 1.09600 1.18620 2.52100
v 1.11700 1.18220 2.79100
v 1.11700 1.19620 2.82100
v 1.10500 1.18820 2.89700
v 1.18200 -1.29547 2.28300
v 1.17100 -1.29280 2.43150
v 1.15400 -1.29080 2.58000
v 1.12900 -1.27980 2.25100
v 1.15700 -1.27480 2.39400
v 1.14700 -1.27130 2.53950
v 1.13500 -1.27430 2.69500
v 1.16278 -1.09650 1.68019
v 1.15872 -1.08470 1.71572
v 1.16394 -1.08415 1.77059
v 1.19029 -1.03594 1.90900
v 1.16496 -1.03488 2.01313
v 1.17744 -1.03551 2.06427
v 1.18600 -1.05680 2.23600
v 1.15808 -1.05378 2.29641
v 1.19000 -0.96380 1.90900
v 1.15850 -0.96330 2.01350
v 1.17075 -0.96280 2.06500
v 1.14943 -0.98509 2.30657
v 1.18360 -0.90000 2.08180
v 1.14780 -0.90700 2.30720
v 1.13000 -0.87747 3.13667
v 1.19000 -0.82580 1.90800
v 1.16700 -0.81830 2.01300
v 1.17844 -0.82069 2.06478
v 1.14025 -0.81755 2.30900
v 1.14475 -0.79530 3.13575
v 1.17950 -0.78180 2.08400
v 1.15500 -0.75147 2.31000
v 1.15100 -0.73755 3.13875
v 1.19300 -0.68680 2.07600
v 1.14667 -0.68047 2.31167
v 1.16355 -0.68298 3.13936
v 1.12950 -0.67730 3.16800
v 1.19000 -0.59080 1.90800
v 1.15850 -0.59030 2.01350
v 1.17260 -0.59820 2.06900
v 1.14867 -0.61036 2.31400
v 1.13800 -0.59230 2.32050
v 1.17683 -0.60213 3.14150
v 1.14100 -0.63380 3.16800
v 1.18200 -0.54380 2.08250
v 1.17000 -0.57280 2.31600
v 1.15400 -0.55440 2.32790
v 1.17500 -0.51930 3.13350
v 1.16800 -0.56580 3.16800
v 1.18700 -0.48530 2.08200
v 1.15114 -0.46721 2.32541
v 1.15800 -0.46480 3.13300
v 1.19500 -0.48980 3.16800
v 1.18600 -0.37580 2.08300
v 1.14767 -0.40113 2.32100
v 1.16000 -0.41047 3.13300
v 1.18400 -0.34413 2.08267
v 1.14833 -0.33247 2.32167
v 1.16300 -0.33913 3.13300
v 1.19000 -0.25480 1.90800
v 1.15850 -0.25380 2.01350
v 1.17900 -0.25480 2.07143
v 1.14867 -0.26113 2.32267
v 1.16500 -0.27180 3.13300
v 1.17550 -0.21830 2.01250
v 1.18500 -0.21113 2.06783
v 1.14900 -0.19480 2.32367
v 1.16600 -0.18680 3.13300
v 1.14160 -0.11760 2.32460
v 1.16800 -0.10580 3.13300
v 1.18000 -0.05580 2.08400
v 1.14300 -0.04347 2.33333
v 1.16833 -0.05980 3.13300
v 1.19000 0.02820 2.08100
v 1.16471 0.01470 2.33864
v 1.16900 0.01870 3.13300
v 1.19000 0.09020 1.90800
v 1.15850 0.09120 2.01350
v 1.17467 0.08153 2.07133
v 1.15100 0.06520 2.34800
v 1.16800 0.08287 3.13300
v 1.17900 0.18220 2.08400
v 1.17550 0.16670 2.35300
v 1.16700 0.18620 3.13300
v 1.19600 0.26220 2.35700
v 1.14533 0.31687 2.36000
v 1.16550 0.29270 3.13300
v 1.18800 0.29720 3.16800
v 1.19000 0.35220 1.90800
v 1.16700 0.36695 2.01300
v 1.18130 0.36360 2.06560
v 1.12974 0.39707 2.31451
v 1.13532 0.39022 2.33484
v 1.16267 0.36520 3.13300
v 1.17750 0.37070 3.16800
v 1.18500 0.45170 2.08250
v 1.14400 0.47520 2.11700
v 1.13237 0.43709 2.31456
v 1.13827 0.43812 2.33238
v 1.15967 0.43420 3.13300
v 1.17800 0.43620 3.16800
v 1.19000 0.52320 1.90800
v 1.15900 0.52420 2.01350
v 1.17300 0.52840 2.06860
v 1.15067 0.52687 2.13800
v 1.13808 0.51420 2.31450
v 1.14386 0.51832 2.33295
v 1.17450 0.51170 3.14300
v 1.17700 0.48920 3.16800
v 1.19000 0.59820 1.90800
v 1.16725 0.59920 2.01300
v 1.18300 0.60157 2.07131
v 1.14287 0.57432 2.13362
v 1.13989 0.59120 2.31453
v 1.14674 0.59060 2.33558
v 1.17875 0.59170 3.14025
v 1.17300 0.56620 3.16800
v 1.19100 0.62287 1.90800
v 1.16420 0.62330 2.01320
v 1.17659 0.62320 2.06477
v 1.13858 0.65028 2.31450
v 1.14519 0.64973 2.33585
v 1.17486 0.66649 3.14143
v 1.16750 0.64720 3.16800
v 1.13386 0.73020 2.31457
v 1.14117 0.73107 2.33563
v 1.16575 0.70745 3.13725
v 1.16100 0.69320 3.16800
v 1.13083 0.79470 2.31450
v 1.13812 0.79683 2.33563
v 1.15120 0.79340 3.13920
v 1.14200 0.77920 3.16800
v 1.14500 0.89620 1.83100
v 1.12992 0.85078 2.31392
v 1.13826 0.85979 2.33835
v 1.13525 0.87695 3.14075
v 1.13067 0.92387 1.83100
v 1.13900 0.92690 2.34330
v 1.16650 0.99220 2.33250
v 1.16503 1.09382 1.68024
v 1.15872 1.08720 1.71572
v 1.16394 1.08720 1.77059
v 1.16900 1.08120 1.83100
v 1.18100 1.08920 1.94400
v 1.17050 1.08870 2.00300
v 1.17300 1.09120 2.06800
v 1.17600 1.09320 2.12900
v 1.16333 1.09253 2.21133
v 1.16436 1.08191 2.29129
v 1.17050 1.05020 2.31800
v 1.15462 1.11920 1.68000
v 1.16875 1.21570 2.27500
v 1.16633 1.21087 2.41900
v 1.14933 1.20220 2.55300
v 1.13500 1.19820 2.69500
v 1.23506 -1.09851 1.68016
v 1.23247 -1.08461 1.72068
v 1.20215 -1.08542 1.77000
v 1.25523 -1.03394 1.57094
v 1.25600 -1.03722 1.64862
v 1.25600 -1.03730 1.73642
v 1.25040 -1.03728 1.77073
v 1.22767 -1.03663 1.82575
v 1.20400 -1.03600 1.91080
v 1.23700 -1.05780 2.22900
v 1.21316 -1.04654 2.29530
v 1.25000 -0.95980 1.57500
v 1.25000 -0.96580 1.64850
v 1.25000 -0.96580 1.73600
v 1.24480 -0.96580 1.76900
v 1.22200 -0.96480 1.82400
v 1.22487 -0.96342 2.30400
v 1.25275 -0.89330 1.56200
v 1.23911 -0.86691 2.30567
v 1.25750 -0.82855 1.57375
v 1.25800 -0.82080 1.64875
v 1.25800 -0.82080 1.73650
v 1.24945 -0.82135 1.77600
v 1.23700 -0.81380 1.82900
v 1.20600 -0.81280 1.91100
v 1.25000 -0.77880 1.56700
v 1.25286 -0.75237 2.30971
v 1.22933 -0.66847 2.31167
v 1.25000 -0.61330 1.57250
v 1.25000 -0.59280 1.64900
v 1.25000 -0.59280 1.73600
v 1.24100 -0.59263 1.77800
v 1.22250 -0.59730 2.31350
v 1.25000 -0.57480 1.57100
v 1.23520 -0.54600 2.31500
v 1.20783 -0.52797 2.32467
v 1.20850 -0.51780 3.13800
v 1.25550 -0.47230 1.56200
v 1.23740 -0.48250 2.32870
v 1.20920 -0.47020 3.14320
v 1.23405 -0.40285 2.32742
v 1.21493 -0.40166 3.13986
v 1.20333 -0.40580 3.16800
v 1.25000 -0.34080 1.56450
v 1.23150 -0.33330 2.32300
v 1.21970 -0.33000 3.14200
v 1.20467 -0.33680 3.16800
v 1.25700 -0.27180 1.57500
v 1.25000 -0.25680 1.64900
v 1.25000 -0.25680 1.73600
v 1.24100 -0.25647 1.77783
v 1.23200 -0.25280 2.32500
v 1.22175 -0.26855 3.14075
v 1.20600 -0.26430 3.16800
v 1.25833 -0.20780 1.56900
v 1.26600 -0.22080 1.64900
v 1.26600 -0.22080 1.73700
v 1.25960 -0.22080 1.77360
v 1.23700 -0.21980 1.82900
v 1.20600 -0.21980 1.91100
v 1.25300 -0.18080 2.32700
v 1.22425 -0.18305 3.14075
v 1.20500 -0.15780 3.16800
v 1.23300 -0.12130 2.32800
v 1.22675 -0.10205 3.14075
v 1.25000 -0.04880 1.56700
v 1.21300 -0.07380 2.32800
v 1.22833 -0.05647 3.14075
v 1.20425 -0.04605 3.16800
v 1.25500 0.04320 1.56200
v 1.23350 -0.00480 2.33050
v 1.22833 0.02131 3.14211
v 1.20450 0.02720 3.16800
v 1.25000 0.08920 1.58300
v 1.25000 0.08920 1.64900
v 1.25000 0.08920 1.73700
v 1.24100 0.08920 1.77783
v 1.21685 0.09105 2.33954
v 1.22836 0.08111 3.13964
v 1.20400 0.07620 3.16800
v 1.25000 0.18020 1.56700
v 1.25092 0.16462 2.34325
v 1.22550 0.18320 3.14075
v 1.20500 0.15720 3.16800
v 1.25720 0.21640 2.35320
v 1.21700 0.25820 3.15300
v 1.20300 0.24320 3.16800
v 1.23500 0.32220 2.35900
v 1.22067 0.30220 3.14078
v 1.25800 0.36470 1.58300
v 1.25800 0.36470 1.64900
v 1.25800 0.36470 1.73700
v 1.24955 0.36347 1.77591
v 1.23700 0.37920 1.82800
v 1.20600 0.38020 1.91100
v 1.23180 0.38100 2.35980
v 1.21382 0.37102 3.14073
v 1.25733 0.44587 1.56333
v 1.23000 0.43853 2.36000
v 1.21100 0.43456 3.13964
v 1.25000 0.52220 1.58300
v 1.25000 0.52220 1.64900
v 1.25000 0.52220 1.73700
v 1.24100 0.52220 1.77783
v 1.22850 0.52170 2.36000
v 1.20467 0.51853 3.13667
v 1.25600 0.60463 1.57021
v 1.25750 0.60720 1.64900
v 1.25750 0.60720 1.73700
v 1.24918 0.60720 1.77577
v 1.23650 0.60720 1.82800
v 1.20600 0.59820 1.91100
v 1.22400 0.58820 2.36000
v 1.19800 0.59620 3.13500
v 1.25380 0.62160 1.57660
v 1.25333 0.62320 1.64900
v 1.25333 0.62320 1.73700
v 1.24650 0.62326 1.77319
v 1.22750 0.62420 1.82500
v 1.20100 0.62170 1.90950
v 1.23950 0.64895 2.36000
v 1.24100 0.73153 2.36000
v 1.23900 0.79895 2.36000
v 1.24724 0.86658 2.35914
v 1.23111 0.91064 1.68600
v 1.24267 0.92887 2.34883
v 1.21250 1.00895 1.68600
v 1.25000 1.02020 2.31200
v 1.23123 0.99482 2.33154
v 1.23377 1.09388 1.68023
v 1.22975 1.08553 1.71586
v 1.20215 1.08835 1.77000
v 1.24400 1.09880 1.83100
v 1.22500 1.09695 1.94400
v 1.21550 1.09620 2.00300
v 1.21425 1.09670 2.06800
v 1.21375 1.09745 2.13025
v 1.21475 1.09783 2.21237
v 1.22443 1.08413 2.28969
v 1.22140 1.05520 2.31780
v 1.23822 1.11920 1.68000
v 1.28167 -1.09061 1.68029
v 1.27973 -1.08520 1.68947
v 1.28140 -1.04640 2.22280
v 1.31100 -0.96180 2.21700
v 1.27200 -0.96180 2.26000
v 1.33700 -0.86280 2.21700
v 1.29500 -0.86280 2.26000
v 1.29033 -0.74380 2.28733
v 1.28812 -0.63267 2.30363
v 1.29622 -0.53902 2.30700
v 1.30957 -0.47301 2.31000
v 1.29795 -0.45780 2.32349
v 1.32900 -0.41180 2.31350
v 1.30672 -0.40776 2.33388
v 1.33600 -0.33630 2.31450
v 1.30327 -0.33672 2.33088
v 1.29000 -0.25747 2.32500
v 1.31423 -0.22226 2.33469
v 1.31193 -0.11253 2.33693
v 1.29600 -0.03413 2.33100
v 1.31462 0.00020 2.34154
v 1.31407 0.09473 2.34313
v 1.30680 0.17950 2.34080
v 1.30478 0.22907 2.34757
v 1.32142 0.30731 2.35708
v 1.32280 0.36946 2.35871
v 1.31458 0.43515 2.35921
v 1.31310 0.51095 2.35565
v 1.30162 0.58853 2.35586
v 1.29742 0.65003 2.35533
v 1.33400 0.74420 2.28500
v 1.28760 0.73280 2.35500
v 1.32200 0.80620 2.28700
v 1.28000 0.79995 2.35475
v 1.31033 0.86187 2.28800
v 1.27612 0.85982 2.34987
v 1.27000 0.90120 1.68600
v 1.33100 0.92670 2.21850
v 1.29800 0.91920 2.28500
v 1.26900 0.93120 2.33100
v 1.31100 1.00020 2.22050
v 1.27950 0.99870 2.27550
v 1.28167 1.09344 1.68029
v 1.28111 1.09183 1.68874
v 1.28580 1.07700 2.21580
v 1.36100 -0.74380 2.21800
v 1.37000 -0.62980 2.21800
v 1.37200 -0.53880 2.21800
v 1.37967 -0.45747 2.21700
v 1.34717 -0.45747 2.26550
v 1.38775 -0.41180 2.21550
v 1.35500 -0.41180 2.27100
v 1.39600 -0.34080 2.20750
v 1.36200 -0.33830 2.26800
v 1.40100 -0.25880 2.20600
v 1.36600 -0.23680 2.26900
v 1.40500 -0.18280 2.20500
v 1.33900 -0.22080 2.31800
v 1.40800 -0.11280 2.20400
v 1.36900 -0.14080 2.27000
v 1.34100 -0.10980 2.32100
v 1.37100 -0.05280 2.27200
v 1.37300 0.03120 2.27300
v 1.34300 -0.00680 2.32400
v 1.40700 0.09220 2.20300
v 1.37400 0.11320 2.27400
v 1.34500 0.09020 2.32600
v 1.40000 0.19220 2.20400
v 1.37300 0.18820 2.27600
v 1.34600 0.18520 2.32900
v 1.37100 0.25320 2.27700
v 1.34700 0.26020 2.33100
v 1.39367 0.31020 2.20667
v 1.36733 0.31853 2.27867
v 1.34314 0.32263 2.34229
v 1.39157 0.37077 2.20771
v 1.36543 0.36749 2.27943
v 1.34367 0.35942 2.33889
v 1.38700 0.44153 2.20933
v 1.36000 0.43787 2.28067
v 1.33967 0.43520 2.33500
v 1.37900 0.50620 2.21050
v 1.35200 0.51587 2.28167
v 1.36767 0.58287 2.21200
v 1.34250 0.58770 2.28250
v 1.36750 0.65370 2.21350
v 1.34100 0.65320 2.28333
v 1.37650 0.72870 2.21450
v 1.35900 0.81220 2.21600
v 1.34600 0.86720 2.21767
v 1.40900 -0.04680 2.20300
v 1.40900 0.01720 2.20200
usemtl m009
f 295 333 294
f 332 294 333
f 369 325 324
f 334 383 333
f 268 295 294
f 268 294 267
f 258 259 217
f 258 217 216
f 184 183 216
f 184 216 217
f 284 283 323
f 283 322 323
f 381 331 332
f 381 380 331
f 259 258 283
f 259 283 284
f 899 900 1042
f 899 1042 1041
f 382 332 333
f 382 381 332
f 259 260 218
f 259 218 217
f 185 184 217
f 185 217 218
f 285 284 324
f 284 323 324
f 260 259 284
f 260 284 285
f 459 460 410
f 459 410 409
f 612 611 667
f 668 612 667
f 409 410 368
f 409 368 367
f 884 883 1025
f 884 1025 1026
f 423 422 381
f 423 381 382
f 367 368 323
f 368 324 323
f 473 472 422
f 473 422 423
f 626 627 683
f 684 683 627
f 619 571 570
f 619 570 618
f 583 627 626
f 583 626 582
f 293 332 331
f 293 294 332
f 266 267 294
f 266 294 293
f 500 561 562
f 500 562 501
f 582 515 516
f 582 516 583
f 262 258 216
f 262 216 220
f 183 186 220
f 183 220 216
f 1024 1030 1031
f 1024 1031 1025
f 677 669 724
f 677 724 729
f 412 408 366
f 412 366 371
f 149 153 152
f 149 152 148
f 283 286 327
f 283 327 322
f 263 260 285
f 263 285 287
f 411 414 373
f 411 373 369
f 458 465 507
f 458 507 499
f 328 324 325
f 328 325 329
f 369 373 329
f 369 329 325
f 371 366 322
f 371 322 327
f 287 285 324
f 287 324 328
f 258 262 286
f 258 286 283
f 461 467 414
f 461 414 411
f 563 572 509
f 563 509 502
f 1026 1032 890
f 1026 890 884
f 1025 1031 1032
f 1025 1032 1026
f 560 569 617
f 560 617 610
f 572 563 613
f 572 613 620
f 148 152 151
f 148 151 147
f 620 613 669
f 620 669 677
f 266 262 220
f 266 220 225
f 186 188 225
f 186 225 220
f 1030 1040 1041
f 1030 1041 1031
f 685 677 729
f 685 729 742
f 421 412 371
f 421 371 380
f 153 162 161
f 153 161 152
f 286 293 331
f 286 331 327
f 268 263 287
f 268 287 295
f 414 424 383
f 414 383 373
f 465 471 514
f 465 514 507
f 333 328 329
f 333 329 334
f 373 383 334
f 373 334 329
f 380 371 327
f 380 327 331
f 295 287 328
f 295 328 333
f 262 266 293
f 262 293 286
f 467 474 424
f 467 424 414
f 572 584 517
f 572 517 509
f 1032 1042 900
f 1032 900 890
f 1031 1041 1042
f 1031 1042 1032
f 569 581 625
f 569 625 617
f 584 572 620
f 584 620 628
f 152 161 160
f 152 160 151
f 628 620 677
f 628 677 685
f 424 423 382
f 424 382 383
f 473 474 517
f 473 517 516
f 410 411 369
f 410 369 368
f 368 369 324
f 383 382 333
f 460 461 411
f 460 411 410
f 562 563 502
f 562 502 501
f 583 584 628
f 583 628 627
f 563 562 612
f 563 612 613
f 613 612 669
f 668 669 612
f 885 884 890
f 885 890 891
f 459 458 499
f 459 499 500
f 472 471 421
f 472 421 422
f 582 581 514
f 582 514 515
f 561 560 610
f 561 610 611
f 581 582 626
f 581 626 625
f 625 626 683
f 625 683 682
f 459 500 501
f 459 501 460
f 515 472 473
f 515 473 516
f 458 408 412
f 458 412 465
f 461 502 509
f 461 509 467
f 668 723 724
f 668 724 669
f 683 740 739
f 683 739 682
f 740 683 684
f 740 684 741
f 667 722 723
f 667 723 668
f 724 773 779
f 724 779 729
f 721 666 674
f 721 674 728
f 408 409 367
f 408 367 366
f 422 421 380
f 422 380 381
f 366 367 322
f 367 323 322
f 458 459 409
f 458 409 408
f 471 472 515
f 471 515 514
f 667 666 721
f 667 721 722
f 560 499 507
f 560 507 569
f 561 500 499
f 561 499 560
f 666 610 617
f 666 617 674
f 667 611 610
f 667 610 666
f 474 473 423
f 474 423 424
f 461 460 501
f 461 501 502
f 684 685 742
f 684 742 741
f 584 583 516
f 584 516 517
f 627 628 685
f 685 684 627
f 618 611 667
f 618 667 675
f 571 562 561
f 571 561 570
f 612 619 618
f 612 618 611
f 570 561 611
f 570 611 618
f 562 571 619
f 562 619 612
f 561 570 508
f 561 508 500
f 570 561 500
f 570 500 508
f 611 618 675
f 611 675 667
f 1024 882 889
f 1024 889 1030
f 900 786 787
f 900 787 901
f 1025 883 882
f 1025 882 1024
f 899 1041 1040
f 899 1040 898
f 884 885 773
f 901 787 779
f 901 779 891
f 175 189 188
f 175 188 174
f 170 148 147
f 170 147 169
f 176 190 189
f 176 189 175
f 171 149 148
f 171 148 170
f 169 147 151
f 169 151 172
f 171 185 187
f 171 187 173
f 184 170 169
f 184 169 183
f 185 171 170
f 185 170 184
f 183 169 172
f 183 172 186
f 189 226 225
f 189 225 188
f 226 267 266
f 226 266 225
f 190 227 226
f 190 226 189
f 227 268 267
f 227 267 226
f 185 218 221
f 185 221 187
f 218 260 263
f 218 263 221
f 773 885 891
f 773 891 779
f 900 786 741
f 899 785 786
f 899 786 900
f 785 740 741
f 785 741 786
f 722 771 772
f 722 772 723
f 771 883 884
f 771 884 772
f 882 770 777
f 882 777 889
f 770 721 728
f 770 728 777
f 786 741 742
f 786 742 787
f 883 771 770
f 883 770 882
f 771 722 721
f 771 721 770
f 740 785 784
f 740 784 739
f 785 899 898
f 785 898 784
f 723 772 773
f 723 773 724
f 772 884 773
f 787 742 729
f 787 729 779
f 161 175 174
f 161 174 160
f 162 176 175
f 162 175 161
f 149 171 173
f 149 173 153
f 890 900 901
f 890 901 891
f 471 465 412
f 471 412 421
f 474 467 509
f 474 509 517
f 674 682 739
f 674 739 728
f 581 569 507
f 581 507 514
f 617 625 682
f 617 682 674
f 889 898 1040
f 889 1040 1030
f 151 160 174
f 151 174 172
f 187 190 176
f 187 176 173
f 188 186 172
f 188 172 174
f 263 268 227
f 263 227 221
f 190 187 221
f 190 221 227
f 728 739 784
f 728 784 777
f 898 889 777
f 898 777 784
f 162 153 173
f 162 173 176
f 279 278 303
f 302 303 278
f 354 309 310
f 304 303 348
f 241 240 278
f 241 278 279
f 244 202 203
f 244 203 245
f 181 203 202
f 181 202 180
f 281 308 280
f 280 308 307
f 346 302 301
f 346 301 345
f 245 281 280
f 245 280 244
f 802 918 919
f 802 919 803
f 347 303 302
f 347 302 346
f 245 203 204
f 245 204 246
f 182 204 203
f 182 203 181
f 282 309 281
f 281 309 308
f 246 282 281
f 246 281 245
f 444 405 406
f 444 406 445
f 608 652 607
f 653 652 608
f 405 352 353
f 405 353 406
f 809 924 923
f 809 923 808
f 401 347 346
f 401 346 400
f 352 308 353
f 353 308 309
f 439 401 400
f 439 400 438
f 603 646 604
f 647 604 646
f 608 607 546
f 608 546 547
f 541 540 603
f 541 603 604
f 277 301 302
f 277 302 278
f 239 277 278
f 239 278 240
f 496 497 547
f 496 547 546
f 540 541 493
f 540 493 492
f 402 348 347
f 402 347 401
f 439 493 494
f 439 494 440
f 406 353 354
f 406 354 407
f 353 309 354
f 348 303 347
f 445 406 407
f 445 407 446
f 547 497 498
f 547 498 548
f 541 604 605
f 541 605 542
f 548 609 608
f 548 608 547
f 609 654 608
f 653 608 654
f 803 809 810
f 803 810 804
f 444 496 495
f 444 495 443
f 438 400 399
f 438 399 437
f 540 492 491
f 540 491 539
f 546 607 606
f 546 606 545
f 539 602 603
f 539 603 540
f 602 645 646
f 602 646 603
f 444 445 497
f 444 497 496
f 492 493 439
f 492 439 438
f 399 404 443
f 399 443 437
f 494 498 446
f 494 446 440
f 653 654 711
f 653 711 710
f 646 645 704
f 646 704 705
f 705 706 647
f 705 647 646
f 652 653 710
f 652 710 709
f 761 767 711
f 761 711 707
f 645 651 708
f 645 708 704
f 404 351 352
f 404 352 405
f 400 346 345
f 400 345 399
f 351 307 352
f 352 307 308
f 443 404 405
f 443 405 444
f 437 491 492
f 437 492 438
f 652 709 708
f 652 708 651
f 491 495 545
f 491 545 539
f 546 545 495
f 546 495 496
f 602 606 651
f 602 651 645
f 652 651 606
f 652 606 607
f 440 402 401
f 440 401 439
f 446 498 497
f 446 497 445
f 647 706 707
f 647 707 648
f 542 494 493
f 542 493 541
f 604 648 605
f 648 604 647
f 239 197 202
f 239 202 244
f 180 202 197
f 180 197 177
f 922 923 918
f 922 918 917
f 648 707 711
f 648 711 654
f 399 345 351
f 399 351 404
f 135 134 129
f 135 129 130
f 280 307 301
f 280 301 277
f 241 279 282
f 241 282 246
f 407 354 348
f 407 348 402
f 443 495 491
f 443 491 437
f 303 304 310
f 303 310 309
f 354 310 304
f 354 304 348
f 345 301 307
f 345 307 351
f 279 303 309
f 279 309 282
f 244 280 277
f 244 277 239
f 446 407 402
f 446 402 440
f 548 498 494
f 548 494 542
f 924 809 803
f 924 803 919
f 923 924 919
f 923 919 918
f 545 606 602
f 545 602 539
f 542 605 609
f 542 609 548
f 134 133 128
f 134 128 129
f 605 648 654
f 605 654 609
f 803 804 761
f 803 761 760
f 923 922 807
f 923 807 808
f 802 801 917
f 802 917 918
f 809 767 810
f 801 807 922
f 801 922 917
f 164 163 177
f 164 177 178
f 167 166 133
f 167 133 134
f 165 164 178
f 165 178 179
f 168 167 134
f 168 134 135
f 128 133 166
f 128 166 163
f 179 182 168
f 179 168 165
f 181 180 166
f 181 166 167
f 182 181 167
f 182 167 168
f 163 166 180
f 163 180 177
f 178 177 197
f 178 197 198
f 198 197 239
f 198 239 240
f 179 178 198
f 179 198 199
f 199 198 240
f 199 240 241
f 241 246 204
f 241 204 199
f 199 204 182
f 199 182 179
f 804 810 767
f 804 767 761
f 803 760 706
f 802 803 760
f 802 760 759
f 759 760 706
f 759 706 705
f 709 710 766
f 709 766 765
f 765 766 809
f 765 809 808
f 760 761 707
f 760 707 706
f 808 807 764
f 808 764 765
f 765 764 708
f 765 708 709
f 705 704 758
f 705 758 759
f 759 758 801
f 759 801 802
f 710 711 767
f 710 767 766
f 766 767 809
f 704 708 764
f 704 764 758
f 758 764 807
f 758 807 801
f 129 128 163
f 129 163 164
f 130 129 164
f 130 164 165
f 165 168 135
f 165 135 130
f 1546 1547 1558
f 1546 1558 1557
f 1547 1548 1559
f 1547 1559 1558
f 1699 1713 1559
f 1699 1559 1548
f 1548 1547 1543
f 1548 1543 1692
f 1547 1546 1542
f 1547 1542 1543
f 1699 1548 1692
f 1701 1694 1695
f 1863 1695 1866
f 1695 1694 1866
f 1694 1687 1688
f 1714 1713 1701
f 1700 1701 1713
f 1687 1694 1862
f 1542 1538 1539
f 1542 1539 1543
f 1685 1692 1543
f 1685 1543 1539
f 1692 1685 1686
f 1344 1345 1501
f 1513 1508 1648
f 1713 1699 1700
f 1344 1351 1503
f 1507 1508 1512
f 1843 1842 1834
f 1843 1834 1835
f 1659 1660 1821
f 1821 1820 1659
f 1351 1504 1503
f 1351 1344 1504
f 1508 1513 1512
f 1648 1647 1513
f 1647 1512 1513
f 1843 1850 1849
f 1843 1849 1842
f 1345 1501 1504
f 1503 1500 1344
f 1504 1344 1345
f 1821 1827 1826
f 1821 1826 1820
f 1671 1668 1669
f 1671 1669 1672
f 1104 1211 1218
f 1665 1664 1657
f 1665 1657 1658
f 1664 1530 1657
f 1524 1657 1530
f 1524 1658 1657
f 1529 1524 1530
f 1211 1207 1212
f 1523 1529 1522
f 1529 1528 1522
f 1335 1205 1210
f 1205 1206 1210
f 1356 1370 1517
f 1833 1825 1665
f 1833 1665 1668
f 1370 1522 1517
f 1663 1662 1528
f 1663 1528 1529
f 1662 1656 1522
f 1662 1522 1528
f 1668 1671 1841
f 1668 1841 1833
f 1665 1668 1664
f 1099 1210 1211
f 1370 1356 1229
f 1218 1229 1356
f 1211 1206 1207
f 1530 1664 1529
f 1370 1375 1522
f 1104 1099 1211
f 1210 1104 1218
f 1099 1104 1210
f 1645 1508 1643
f 1508 1504 1641
f 1508 1641 1643
f 1504 1501 1641
f 1639 1641 1501
f 1339 1333 1494
f 1339 1494 1497
f 1339 1338 1332
f 1339 1332 1333
f 1493 1494 1333
f 1493 1333 1332
f 1489 1493 1332
f 1779 1783 1786
f 1791 1786 1783
f 1611 1608 1615
f 1641 1803 1643
f 1641 1800 1803
f 1803 1808 1643
f 1495 1637 1498
f 1639 1498 1637
f 1641 1639 1800
f 1339 1345 1344
f 1339 1340 1345
f 1501 1345 1340
f 1508 1645 1648
f 1330 1207 1336
f 1206 1336 1207
f 1323 1322 1318
f 1323 1318 1315
f 1310 1308 1318
f 1308 1315 1318
f 1331 1330 1323
f 1330 1322 1323
f 1330 1331 1207
f 1206 1211 1210
f 1319 1323 1315
f 1308 1468 1315
f 1319 1483 1488
f 1319 1488 1323
f 1483 1484 1489
f 1483 1489 1488
f 1206 1205 1336
f 1205 1335 1336
f 1329 1330 1336
f 1473 1310 1318
f 1208 1207 1331
f 1208 1212 1207
f 1212 1208 1213
f 1618 1460 1614
f 1463 1466 1465
f 1463 1465 1462
f 1466 1471 1465
f 1471 1627 1629
f 1629 1627 1779
f 1627 1775 1779
f 1462 1465 1621
f 1624 1621 1465
f 1614 1460 1617
f 1344 1343 1338
f 1344 1338 1339
f 1489 1490 1494
f 1494 1493 1489
f 1610 1611 1618
f 1610 1618 1614
f 1449 1453 1455
f 1449 1455 1448
f 1468 1459 1469
f 1310 1458 1308
f 1453 1458 1455
f 1453 1459 1458
f 1459 1468 1308
f 1459 1308 1458
f 1473 1458 1310
f 1474 1470 1475
f 1605 1607 1604
f 1610 1607 1608
f 1610 1608 1611
f 1607 1605 1608
f 1470 1624 1465
f 1466 1463 1622
f 1622 1625 1466
f 1625 1627 1471
f 1625 1471 1466
f 1471 1470 1465
f 1627 1625 1775
f 1342 1213 1208
f 1484 1483 1478
f 1484 1478 1479
f 1483 1319 1315
f 1483 1315 1478
f 1468 1469 1478
f 1468 1478 1315
f 1469 1479 1478
f 1324 1323 1488
f 1324 1488 1489
f 1323 1324 1331
f 1324 1332 1331
f 1337 1331 1332
f 1337 1208 1331
f 1218 1224 1229
f 1524 1529 1523
f 1224 1104 1218
f 1470 1471 1476
f 1470 1476 1475
f 1481 1480 1475
f 1481 1475 1476
f 1490 1491 1495
f 1490 1495 1494
f 1494 1495 1498
f 1494 1498 1497
f 1501 1340 1498
f 1340 1339 1497
f 1340 1497 1498
f 1843 1835 1988
f 1843 1988 1996
f 2052 2053 1996
f 2052 1996 1988
f 1557 1558 1711
f 1557 1711 1710
f 1558 1712 1711
f 1875 1874 1711
f 1875 1711 1712
f 1874 1873 1710
f 1874 1710 1711
f 1712 1713 1876
f 1876 1875 1712
f 1835 1827 1982
f 1835 1982 1988
f 2051 2052 1988
f 2051 1988 1982
f 1713 1877 1876
f 1713 1714 1877
f 1715 1702 1867
f 1715 1867 1878
f 1702 1866 1867
f 2012 1878 1867
f 1559 1712 1558
f 1713 1712 1559
f 1604 1608 1605
f 1615 1614 1618
f 1614 1617 1618
f 1621 1622 1618
f 1621 1618 1617
f 1607 1750 1610
f 1614 1615 1611
f 1614 1611 1610
f 1774 1775 1770
f 1774 1770 1769
f 1614 1757 1617
f 1757 1760 1617
f 1763 1621 1617
f 1763 1617 1760
f 1750 1752 1610
f 1757 1614 1610
f 1757 1610 1752
f 1618 1611 1615
f 1757 1763 1760
f 1618 1622 1462
f 1618 1462 1460
f 1622 1463 1462
f 1460 1462 1621
f 1460 1621 1617
f 1621 1625 1622
f 1763 1769 1624
f 1763 1624 1621
f 1770 1625 1624
f 1770 1624 1769
f 1625 1621 1624
f 1795 1797 1639
f 1795 1639 1637
f 2043 2041 2042
f 2041 2040 2042
f 1965 2047 2048
f 1680 1677 1678
f 1680 1678 1681
f 1677 1674 1675
f 1677 1675 1678
f 1858 1854 2005
f 1858 2005 2006
f 1854 1850 2004
f 1854 2004 2005
f 1556 1545 1546
f 1556 1546 1557
f 1545 1541 1542
f 1545 1542 1546
f 1541 1691 1542
f 1691 1683 1538
f 1691 1538 1542
f 1872 1709 1710
f 1872 1710 1873
f 1709 1557 1710
f 1709 1556 1557
f 1545 1556 1708
f 1545 1708 1698
f 2014 2010 1698
f 2014 1698 1708
f 1691 1541 1698
f 1691 1698 1865
f 1541 1545 1698
f 2010 2008 1865
f 2010 1865 1698
f 1683 1691 1865
f 1709 1871 1708
f 1709 1872 2016
f 1709 2016 1871
f 2014 1871 2016
f 2014 1708 1871
f 1556 1709 1708
f 1663 1529 1664
f 1665 1825 1664
f 1668 1665 1666
f 1668 1666 1669
f 1827 1835 1834
f 1827 1834 1826
f 1714 1701 1702
f 1715 1714 1702
f 1714 1715 1878
f 1714 1878 1877
f 1863 1695 1688
f 1694 1688 1695
f 1699 1692 1693
f 1699 1693 1700
f 1701 1695 1702
f 2007 2009 1866
f 2007 1866 1863
f 2009 2012 1867
f 2009 1867 1866
f 1866 1702 1695
f 1862 1857 1687
f 1858 1863 1687
f 1858 1687 1857
f 1863 1688 1687
f 1685 1680 1681
f 1685 1681 1686
f 1858 2006 2007
f 1858 2007 1863
f 1850 1854 1853
f 1850 1853 1849
f 1854 1858 1857
f 1854 1857 1853
f 1850 1843 1996
f 1850 1996 2004
f 2053 2004 1996
f 1654 1821 1660
f 1654 1660 1659
f 1654 1659 1653
f 1814 1651 1811
f 1814 1811 1813
f 1651 1648 1645
f 1651 1645 1811
f 1808 1811 1645
f 1811 1968 1813
f 1928 2040 2041
f 1928 2041 1935
f 2043 1944 1935
f 2043 1935 2041
f 1750 1900 1902
f 1916 1918 2034
f 1918 2034 2035
f 2036 2034 2035
f 2036 1918 2034
f 1968 2048 2049
f 2048 1968 1965
f 1821 1654 1814
f 1922 2036 2038
f 2038 1924 1922
f 1918 2036 1922
f 1910 2033 1911
f 2034 1918 1911
f 2034 1911 2033
f 1918 1916 1911
f 1924 2038 2040
f 2040 1928 1924
f 1800 1961 1803
f 1648 1650 1647
f 1651 1654 1653
f 1653 1650 1651
f 1650 1648 1651
f 1783 1924 1928
f 1783 1928 1786
f 1924 1928 1935
f 1944 1935 1928
f 1935 1791 1786
f 1935 1786 1928
f 1750 1902 1752
f 1910 1760 1752
f 1910 1752 1902
f 1760 1757 1752
f 1769 1916 1918
f 1968 1811 1965
f 1811 1808 1803
f 1811 1803 1965
f 1968 1965 1961
f 1965 1803 1961
f 1651 1814 1654
f 1924 1779 1922
f 1775 1919 1922
f 1922 1779 1775
f 1769 1918 1919
f 1769 1919 1774
f 1918 1922 1919
f 1919 1775 1774
f 1757 1760 1911
f 1757 1911 1763
f 1760 1910 1911
f 1916 1769 1763
f 1916 1763 1911
f 1924 1783 1779
f 1641 1643 1645
f 1643 1808 1645
f 1625 1770 1775
f 1800 1639 1797
f 1910 1902 2032
f 2033 1910 2032
f 2096 2099 2049
f 2037 2039 2040
f 2037 2040 2038
f 2091 2094 2048
f 2091 2048 2046
f 2094 2096 2049
f 2094 2049 2048
f 2060 2064 2009
f 2060 2009 2007
f 2064 2012 2009
f 2105 2052 2051
f 2035 2037 2038
f 2035 2038 2036
f 2011 2022 2023
f 2011 2023 2012
f 1900 2029 2031
f 1900 2031 1902
f 2029 2028 2030
f 2029 2030 2031
f 2070 2032 2031
f 2070 2031 2030
f 2032 1902 2031
f 2032 2070 2071
f 2032 2071 2033
f 2072 2034 2033
f 2072 2033 2071
f 2037 2076 2078
f 2037 2078 2039
f 2076 2075 2077
f 2076 2077 2078
f 2035 2074 2076
f 2035 2076 2037
f 2074 2073 2075
f 2074 2075 2076
f 2034 2074 2035
f 2034 2072 2073
f 2034 2073 2074
f 2012 2066 2011
f 2069 2022 2066
f 2069 2066 2065
f 2022 2011 2066
f 2058 2006 2056
f 2006 2058 2007
f 2058 2060 2007
f 2053 2054 2004
f 2004 2054 2005
f 2054 2056 2005
f 2006 2005 2056
f 2023 1878 2012
f 1878 2023 2022
f 1878 2022 1877
f 2021 1876 1877
f 2021 1877 2022
f 2020 1875 1876
f 2020 1876 2021
f 1875 2020 2019
f 1875 2019 1874
f 2018 1873 1874
f 2018 1874 2019
f 2017 1872 1873
f 2017 1873 2018
f 1872 2017 2016
f 2068 2014 2016
f 1827 1821 1982
f 1821 1979 1982
f 2051 1982 1979
f 2050 2051 1979
f 2102 2105 2051
f 2102 2051 2050
f 1821 1814 1971
f 1821 1971 1979
f 1814 1813 1971
f 1968 2049 1971
f 1968 1971 1813
f 2049 2050 1971
f 2050 1979 1971
f 2050 2049 2099
f 2050 2099 2102
f 1507 1503 1504
f 1507 1504 1508
f 1504 1501 1498
f 1498 1639 1501
f 1637 1495 1491
f 1637 1491 1635
f 1486 1635 1491
f 2096 2094 2090
f 2096 2090 2093
f 2094 2091 2087
f 2094 2087 2090
f 2115 2116 2090
f 2115 2090 2087
f 2116 2089 2093
f 2116 2093 2090
f 1480 1485 1484
f 1480 1484 1479
f 1489 1484 1490
f 1484 1485 1490
f 1490 1485 1486
f 1490 1486 1491
f 2046 2048 2047
f 1786 1791 1635
f 1786 1635 1633
f 1791 1795 1637
f 1791 1637 1635
f 1965 1961 2046
f 1965 2046 2047
f 1961 1954 2045
f 1961 2045 2046
f 1800 1954 1961
f 1800 1797 1950
f 1800 1950 1954
f 2085 2088 2045
f 2085 2045 2043
f 2088 2091 2046
f 2088 2046 2045
f 1486 1633 1635
f 1486 1481 1631
f 1486 1631 1633
f 2091 2088 2086
f 2091 2086 2087
f 2088 2085 2084
f 2088 2084 2086
f 2081 2083 2086
f 2081 2086 2084
f 2083 2115 2087
f 2083 2087 2086
f 1485 1480 1486
f 1480 1481 1486
f 2043 2045 2044
f 2045 2046 2044
f 1954 1947 2044
f 1954 2044 2045
f 1947 1944 2043
f 1947 2043 2044
f 1944 1947 1935
f 1947 1954 1950
f 1797 1795 1947
f 1797 1947 1950
f 1795 1791 1935
f 1795 1935 1947
f 1475 1480 1479
f 1475 1479 1474
f 1631 1629 1779
f 1779 1783 1631
f 1783 1786 1633
f 1783 1633 1631
f 2039 2082 2042
f 2039 2042 2040
f 2082 2085 2043
f 2082 2043 2042
f 1481 1476 1629
f 1481 1629 1631
f 1476 1471 1629
f 2085 2082 2080
f 2085 2080 2084
f 2082 2039 2078
f 2082 2078 2080
f 2077 2079 2080
f 2077 2080 2078
f 2079 2081 2084
f 2079 2084 2080
f 2012 2064 2063
f 2012 2063 2066
f 2064 2060 2063
f 2062 2065 2066
f 2062 2066 2063
f 2060 2059 2063
f 2114 2062 2063
f 2114 2063 2059
f 2060 2058 2057
f 2060 2057 2059
f 2113 2114 2059
f 2113 2059 2057
f 2058 2056 2055
f 2058 2055 2057
f 2056 2054 2111
f 2056 2111 2055
f 2112 2055 2111
f 2112 2113 2057
f 2112 2057 2055
f 2054 2053 2111
f 2110 2112 2111
f 2053 2109 2111
f 2108 2110 2111
f 2108 2111 2109
f 2053 2052 2107
f 2053 2107 2109
f 2106 2108 2107
f 2108 2109 2107
f 2052 2105 2104
f 2052 2104 2107
f 2103 2106 2107
f 2103 2107 2104
f 2105 2102 2101
f 2105 2101 2104
f 2100 2103 2104
f 2100 2104 2101
f 2102 2099 2098
f 2102 2098 2101
f 2097 2100 2101
f 2097 2101 2098
f 2099 2095 2098
f 2099 2096 2093
f 2099 2093 2095
f 2089 2092 2095
f 2089 2095 2093
f 2092 2097 2098
f 2092 2098 2095
f 1893 2027 1894
f 1745 1893 1894
f 1745 1894 1746
f 1746 1750 1607
f 1746 1607 1604
f 1608 1604 1607
f 1750 1746 1894
f 1750 1894 1900
f 2027 2028 2029
f 2027 2029 1894
f 1900 1894 2029
f 1449 1603 1604
f 1604 1450 1449
f 1671 1675 1674
f 1683 1865 1861
f 1865 2008 1861
f 1538 1684 1685
f 1674 1841 1671
f 1683 1684 1538
f 2008 2061 1861
f 1538 1685 1539
f 1377 1372 1524
f 1371 1376 1370
f 1658 1665 1525
f 1525 1665 1531
f 1529 1381 1376
f 1376 1523 1529
f 1365 1364 1234
f 1219 1100 1211
f 1222 1350 1221
f 1350 1349 1221
f 1214 1222 1221
f 1214 1221 1213
f 1376 1375 1370
f 1365 1371 1370
f 1370 1234 1364
f 1365 1370 1364
f 1230 1224 1225
f 1219 1104 1105
f 1219 1105 1100
f 1350 1354 1353
f 1350 1353 1349
f 1353 1221 1349
f 1519 1367 1515
f 1368 1360 1516
f 1519 1372 1373
f 1353 1227 1221
f 1221 1226 1220
f 1372 1519 1518
f 1354 1360 1359
f 1354 1359 1353
f 1367 1519 1373
f 1227 1226 1221
f 1515 1367 1368
f 1515 1368 1516
f 1367 1359 1360
f 1367 1360 1368
f 1519 1515 1516
f 1519 1516 1520
f 1366 1372 1371
f 1366 1371 1365
f 1211 1212 1220
f 1211 1220 1219
f 1226 1231 1230
f 1226 1230 1225
f 1524 1525 1531
f 1524 1531 1530
f 1372 1377 1376
f 1372 1376 1371
f 1519 1525 1524
f 1519 1524 1518
f 1524 1372 1518
f 1225 1219 1220
f 1225 1220 1226
f 1231 1357 1230
f 1230 1229 1224
f 1224 1219 1225
f 1108 1104 1224
f 1104 1219 1224
f 1230 1235 1234
f 1230 1365 1235
f 1230 1234 1229
f 1525 1519 1520
f 1525 1520 1526
f 1381 1375 1376
f 1519 1526 1520
f 1519 1525 1526
f 1375 1381 1529
f 1218 1104 1108
f 1350 1222 1214
f 1343 1350 1214
f 1224 1218 1108
f 1511 1515 1516
f 1511 1516 1360
f 1515 1519 1520
f 1515 1520 1516
f 1104 1100 1105
f 1350 1349 1354
f 1353 1354 1349
f 1530 1663 1529
f 1519 1652 1525
f 1658 1525 1652
f 1522 1375 1529
f 1214 1342 1343
f 1349 1350 1343
f 1349 1343 1342
f 1511 1510 1515
f 1354 1353 1510
f 1354 1510 1360
f 1353 1506 1510
f 1510 1511 1360
f 1652 1519 1515
f 1337 1213 1342
f 1531 1665 1664
f 1663 1530 1664
f 1531 1664 1530
f 1104 1211 1100
f 1218 1210 1211
f 1234 1364 1356
f 1356 1229 1234
f 1214 1213 1342
f 1357 1231 1358
f 1235 1365 1234
f 1146 1154 1039
f 1146 1039 1029
f 776 783 736
f 776 736 726
f 1154 1161 1044
f 1154 1044 1039
f 1146 1262 1268
f 1146 1268 1154
f 1262 1403 1409
f 1262 1409 1268
f 1154 1268 1274
f 1154 1274 1161
f 1268 1409 1416
f 1268 1416 1274
f 789 783 896
f 789 896 903
f 903 896 1039
f 903 1039 1044
f 783 789 744
f 783 744 736
f 1403 1560 1409
f 1560 1567 1409
f 1560 1713 1567
f 1580 1409 1567
f 1580 1416 1409
f 1580 1725 1567
f 1717 1567 1725
f 1713 1717 1567
f 1598 1602 1443
f 1598 1443 1432
f 697 757 702
f 1602 1598 1432
f 1602 1432 1443
f 1059 916 909
f 1059 909 1049
f 1165 1175 1059
f 1165 1059 1049
f 1277 1288 1175
f 1277 1175 1165
f 1432 1443 1277
f 1288 1277 1443
f 745 681 737
f 631 588 580
f 631 580 623
f 588 520 512
f 588 512 580
f 737 727 726
f 737 726 736
f 520 588 587
f 520 587 519
f 588 631 630
f 588 630 587
f 512 520 519
f 512 519 511
f 727 673 672
f 727 672 726
f 673 616 615
f 673 615 672
f 616 568 567
f 616 567 615
f 568 506 505
f 568 505 567
f 745 688 681
f 688 631 623
f 688 623 681
f 631 688 687
f 631 687 630
f 688 745 744
f 688 744 687
f 681 727 737
f 512 506 568
f 512 568 580
f 616 623 580
f 616 580 568
f 745 737 736
f 745 736 744
f 506 512 511
f 506 511 505
f 623 616 673
f 623 673 681
f 727 681 673
f 644 636 698
f 644 698 703
f 595 601 538
f 595 538 528
f 490 484 528
f 490 528 538
f 594 595 528
f 594 528 527
f 484 483 527
f 484 527 528
f 490 489 483
f 490 483 484
f 600 601 644
f 600 644 643
f 703 702 643
f 703 643 644
f 489 490 538
f 489 538 537
f 601 600 537
f 601 537 538
f 601 595 636
f 601 636 644
f 697 698 636
f 697 636 635
f 595 594 635
f 595 635 636
f 702 703 698
f 702 698 697
f 745 790 746
f 479 589 590
f 479 590 480
f 589 632 590
f 689 688 745
f 689 632 631
f 689 631 688
f 630 687 688
f 630 688 631
f 687 744 745
f 687 745 688
f 1044 1161 1162
f 1044 1162 1045
f 789 790 745
f 789 903 904
f 789 904 790
f 746 689 745
f 744 789 745
f 903 1044 1045
f 903 1045 904
f 632 589 588
f 632 588 631
f 589 479 478
f 589 478 588
f 477 587 588
f 477 588 478
f 587 630 631
f 587 631 588
f 1161 1416 1417
f 1161 1417 1162
f 1416 1580 1581
f 1416 1581 1417
f 698 699 750
f 596 529 530
f 429 430 530
f 429 530 529
f 637 698 636
f 698 697 635
f 698 635 636
f 594 595 636
f 594 636 635
f 595 596 637
f 595 637 636
f 1050 1049 909
f 1050 909 910
f 796 795 749
f 796 749 750
f 749 698 750
f 698 749 697
f 698 637 699
f 910 909 795
f 910 795 796
f 596 595 528
f 596 528 529
f 595 594 527
f 595 527 528
f 427 428 528
f 427 528 527
f 428 429 529
f 428 529 528
f 1433 1432 1277
f 1433 1277 1278
f 1049 1050 1278
f 1049 1278 1277
f 1722 1723 1721
f 1573 1722 1723
f 1573 1723 1724
f 1730 1731 1720
f 1730 1720 1729
f 1731 1722 1721
f 1731 1721 1720
f 1720 1719 1729
f 1397 1394 1392
f 1394 1390 1388
f 1394 1388 1392
f 1563 1576 1577
f 1390 1386 1384
f 1390 1384 1388
f 1386 1380 1384
f 1379 1384 1380
f 1883 1730 1729
f 1719 1718 1883
f 1719 1883 1729
f 1718 1882 1883
f 1565 1552 1551
f 1552 1397 1551
f 1397 1399 1551
f 1399 1564 1565
f 1399 1565 1551
f 1578 1579 1564
f 1578 1564 1577
f 1579 1565 1564
f 1564 1563 1577
f 1347 1362 1363
f 1347 1363 1348
f 1362 1379 1380
f 1362 1380 1363
f 1724 1575 1574
f 1574 1573 1724
f 1721 1722 1572
f 1721 1572 1571
f 1722 1573 1572
f 1411 1571 1572
f 1411 1572 1573
f 1719 1720 1570
f 1720 1721 1571
f 1720 1571 1570
f 1570 1569 1719
f 1397 1392 1396
f 1248 1252 1392
f 1248 1392 1388
f 1252 1256 1396
f 1252 1396 1392
f 1576 1405 1415
f 1576 1563 1406
f 1576 1406 1405
f 1265 1405 1406
f 1241 1245 1384
f 1241 1384 1379
f 1245 1248 1388
f 1245 1388 1384
f 1880 1881 1727
f 1881 1882 1728
f 1881 1728 1727
f 1582 1727 1728
f 1727 1726 1880
f 1882 1718 1728
f 1569 1568 1718
f 1569 1718 1719
f 1568 1582 1728
f 1568 1728 1718
f 1564 1399 1407
f 1399 1397 1396
f 1256 1258 1399
f 1256 1399 1396
f 1258 1266 1407
f 1258 1407 1399
f 1563 1564 1407
f 1563 1407 1406
f 1266 1265 1406
f 1266 1406 1407
f 1216 1233 1362
f 1216 1362 1347
f 1233 1241 1379
f 1233 1379 1362
f 1575 1576 1415
f 1415 1414 1575
f 1414 1413 1574
f 1414 1574 1575
f 1413 1412 1574
f 1412 1411 1573
f 1412 1573 1574
f 1415 1405 1264
f 1415 1264 1273
f 1405 1265 1264
f 1149 1148 1264
f 1149 1264 1265
f 1148 1158 1273
f 1148 1273 1264
f 1266 1258 1142
f 1266 1142 1150
f 1258 1256 1138
f 1258 1138 1142
f 1022 1027 1142
f 1022 1142 1138
f 1027 1034 1150
f 1027 1150 1142
f 1034 1150 1266
f 1150 1149 1265
f 1150 1265 1266
f 1413 1414 1272
f 1413 1272 1271
f 1414 1415 1273
f 1414 1273 1272
f 1158 1157 1272
f 1158 1272 1273
f 1157 1156 1271
f 1157 1271 1272
f 1411 1412 1270
f 1412 1413 1271
f 1412 1271 1270
f 1156 1270 1271
f 414 373 372
f 414 372 413
f 382 423 413
f 382 413 372
f 364 320 326
f 364 326 370
f 330 374 370
f 330 370 326
f 374 415 370
f 373 414 415
f 373 415 374
f 379 420 421
f 379 421 380
f 420 379 378
f 420 378 419
f 377 418 419
f 377 419 378
f 158 157 233
f 158 233 234
f 157 156 232
f 157 232 233
f 288 289 233
f 288 233 232
f 289 290 234
f 289 234 233
f 1149 1033 1032
f 1149 1032 1148
f 1033 779 778
f 1033 778 1032
f 786 1042 1032
f 786 1032 778
f 1042 1158 1148
f 1042 1148 1032
f 1022 880 886
f 1022 886 1027
f 880 769 774
f 880 774 886
f 780 892 886
f 780 886 774
f 892 1034 1027
f 892 1027 886
f 1034 892 1150
f 779 1033 892
f 779 892 780
f 1033 1149 1150
f 1033 1150 892
f 1158 1042 1041
f 1158 1041 1157
f 1042 786 785
f 1042 785 1041
f 784 1040 1041
f 784 1041 785
f 1040 1156 1157
f 1040 1157 1041
f 1156 1040 1270
f 1040 784 898
f 897 1155 1040
f 897 1040 898
f 1155 1270 1040
f 572 467 466
f 572 466 571
f 467 414 413
f 467 413 466
f 423 473 466
f 423 466 413
f 473 583 571
f 473 571 466
f 558 456 462
f 558 462 564
f 456 364 370
f 456 370 462
f 415 468 462
f 415 462 370
f 468 573 564
f 468 564 462
f 414 467 468
f 414 468 415
f 467 572 573
f 467 573 468
f 583 473 472
f 583 472 582
f 421 514 472
f 514 625 582
f 514 582 472
f 420 513 514
f 420 514 421
f 513 624 625
f 513 625 514
f 779 677 676
f 779 676 778
f 677 572 571
f 677 571 676
f 583 684 676
f 583 676 571
f 684 786 778
f 684 778 676
f 769 664 670
f 769 670 774
f 664 558 564
f 664 564 670
f 573 678 670
f 573 670 564
f 678 780 774
f 678 774 670
f 572 677 678
f 572 678 573
f 677 779 780
f 677 780 678
f 786 684 683
f 786 683 785
f 684 583 582
f 684 582 683
f 625 739 683
f 625 683 582
f 739 784 785
f 739 785 683
f 784 739 898
f 624 738 739
f 624 739 625
f 738 897 898
f 738 898 739
f 1571 1411 1410
f 1570 1571 1410
f 1582 1568 1583
f 1568 1569 1583
f 1411 1270 1269
f 1270 1155 1269
f 1411 1418 1410
f 1569 1570 1585
f 1569 1585 1584
f 1570 1410 1585
f 1418 1585 1410
f 1583 1569 1584
f 373 329 328
f 373 328 372
f 329 264 263
f 329 263 328
f 295 328 263
f 333 382 372
f 333 372 328
f 320 256 261
f 320 261 326
f 265 330 326
f 265 326 261
f 264 329 330
f 264 330 265
f 329 373 374
f 329 374 330
f 292 379 331
f 292 331 293
f 379 380 331
f 379 292 291
f 379 291 378
f 290 377 378
f 290 378 291
f 375 416 417
f 375 417 376
f 418 377 376
f 418 376 417
f 288 375 376
f 288 376 289
f 377 290 289
f 377 289 376
f 264 222 221
f 264 221 263
f 222 154 153
f 222 153 221
f 162 227 221
f 162 221 153
f 227 295 263
f 256 214 219
f 256 219 261
f 214 145 150
f 214 150 219
f 155 223 219
f 155 219 150
f 223 265 261
f 223 261 219
f 154 222 223
f 154 223 155
f 222 264 265
f 222 265 223
f 295 227 226
f 295 226 294
f 227 162 161
f 227 161 226
f 160 225 226
f 160 226 161
f 225 293 294
f 225 294 226
f 159 224 225
f 159 225 160
f 224 292 293
f 224 293 225
f 292 224 235
f 292 235 291
f 224 159 235
f 158 234 235
f 158 235 159
f 234 290 291
f 234 291 235
f 1022 1138 1139
f 1022 1139 1023
f 1138 1256 1139
f 320 364 365
f 320 365 321
f 769 880 881
f 769 881 720
f 880 1022 1023
f 880 1023 881
f 364 456 457
f 364 457 365
f 456 558 559
f 456 559 457
f 558 664 665
f 558 665 559
f 664 769 720
f 664 720 665
f 256 320 321
f 256 321 257
f 145 214 215
f 145 215 146
f 214 256 257
f 214 257 215
f 1023 1139 1136
f 1023 1136 1018
f 1139 1256 1254
f 1139 1254 1136
f 1250 1133 1136
f 1250 1136 1254
f 1133 1011 1018
f 1133 1018 1136
f 321 365 363
f 321 363 319
f 362 318 319
f 362 319 363
f 720 881 876
f 720 876 719
f 881 1023 1018
f 881 1018 876
f 1011 871 876
f 1011 876 1018
f 871 718 719
f 871 719 876
f 365 457 455
f 365 455 363
f 457 559 557
f 457 557 455
f 556 454 455
f 556 455 557
f 454 362 363
f 454 363 455
f 559 665 663
f 559 663 557
f 665 720 719
f 665 719 663
f 718 662 663
f 718 663 719
f 662 556 557
f 662 557 663
f 257 321 319
f 257 319 255
f 318 254 255
f 318 255 319
f 146 215 213
f 146 213 144
f 215 257 255
f 215 255 213
f 254 212 213
f 254 213 255
f 212 143 144
f 212 144 213
f 1250 1242 1126
f 1250 1126 1133
f 1242 1217 1103
f 1242 1103 1126
f 972 995 1126
f 972 1126 1103
f 995 1011 1133
f 995 1133 1126
f 316 317 361
f 316 361 360
f 317 318 362
f 317 362 361
f 1011 995 859
f 1011 859 871
f 995 972 846
f 995 846 859
f 716 717 859
f 716 859 846
f 717 718 871
f 717 871 859
f 556 555 453
f 556 453 454
f 555 554 452
f 555 452 453
f 360 361 453
f 360 453 452
f 361 362 454
f 361 454 453
f 718 717 661
f 718 661 662
f 717 716 660
f 717 660 661
f 554 555 661
f 554 661 660
f 555 556 662
f 555 662 661
f 252 253 317
f 252 317 316
f 253 254 318
f 253 318 317
f 254 253 211
f 254 211 212
f 253 252 210
f 253 210 211
f 141 142 211
f 141 211 210
f 142 143 212
f 142 212 211
f 1595 1594 1596
f 1427 1597 1596
f 1427 1596 1595
f 1294 1298 1299
f 1302 1303 1299
f 1302 1299 1298
f 1430 1436 1437
f 1430 1437 1431
f 1437 1438 1431
f 1303 1302 1306
f 1303 1306 1307
f 1312 1313 1306
f 1313 1307 1306
f 1732 1736 1733
f 1737 1733 1736
f 1737 1734 1733
f 1734 1737 1738
f 1737 1591 1738
f 1592 1738 1591
f 1592 1593 1738
f 1439 1446 1447
f 1439 1445 1292
f 1439 1292 1446
f 1294 1446 1292
f 1294 1447 1446
f 1445 1439 1438
f 1313 1312 1326
f 1313 1326 1327
f 1347 1348 1327
f 1347 1327 1326
f 1429 1435 1430
f 1436 1430 1435
f 1597 1428 1429
f 1597 1427 1434
f 1597 1434 1428
f 1435 1429 1428
f 1435 1428 1434
f 1594 1425 1426
f 1594 1426 1595
f 1276 1427 1426
f 1276 1426 1425
f 1427 1595 1426
f 1592 1424 1593
f 1592 1423 1424
f 1425 1594 1593
f 1425 1593 1424
f 1294 1296 1298
f 1296 1182 1184
f 1296 1184 1298
f 1188 1302 1298
f 1188 1298 1184
f 1170 1283 1282
f 1283 1437 1436
f 1283 1436 1282
f 1302 1188 1191
f 1302 1191 1306
f 1194 1312 1306
f 1194 1306 1191
f 1732 1735 1589
f 1732 1589 1736
f 1735 1588 1589
f 1421 1590 1589
f 1590 1737 1736
f 1590 1736 1589
f 1737 1590 1591
f 1590 1421 1422
f 1590 1422 1591
f 1423 1592 1591
f 1423 1591 1422
f 1445 1291 1292
f 1291 1177 1178
f 1291 1178 1292
f 1182 1296 1292
f 1182 1292 1178
f 1296 1294 1292
f 1437 1283 1284
f 1437 1284 1438
f 1283 1170 1171
f 1283 1171 1284
f 1177 1291 1284
f 1177 1284 1171
f 1291 1445 1438
f 1291 1438 1284
f 1312 1194 1202
f 1312 1202 1326
f 1216 1347 1326
f 1216 1326 1202
f 1434 1280 1281
f 1434 1281 1435
f 1282 1435 1281
f 1282 1436 1435
f 1427 1276 1279
f 1427 1279 1434
f 1280 1434 1279
f 1054 1170 1169
f 1054 1169 1053
f 1170 1282 1169
f 1177 1062 1063
f 1177 1063 1178
f 1062 920 921
f 1062 921 1063
f 925 1065 1063
f 925 1063 921
f 1065 1182 1178
f 1065 1178 1063
f 1170 1054 1055
f 1170 1055 1171
f 920 1062 1171
f 920 1171 1055
f 1062 1177 1171
f 1280 1167 1168
f 1280 1168 1281
f 1167 1051 1052
f 1167 1052 1168
f 1053 1169 1168
f 1053 1168 1052
f 1169 1282 1281
f 1169 1281 1168
f 1276 1166 1279
f 1276 1164 1166
f 1051 1167 1166
f 1167 1280 1279
f 1167 1279 1166
f 397 396 342
f 397 342 343
f 350 403 349
f 305 306 350
f 305 350 349
f 306 311 355
f 306 355 350
f 403 398 344
f 403 344 349
f 398 397 343
f 398 343 344
f 344 305 349
f 396 395 341
f 396 341 342
f 395 394 340
f 395 340 341
f 394 393 339
f 394 339 340
f 393 392 338
f 393 338 339
f 392 391 337
f 392 337 338
f 121 230 229
f 121 229 120
f 230 271 270
f 230 270 229
f 269 228 229
f 269 229 270
f 228 119 120
f 228 120 229
f 1054 1053 913
f 1054 913 914
f 753 754 914
f 753 914 913
f 925 921 806
f 925 806 811
f 921 920 805
f 921 805 806
f 762 763 806
f 762 806 805
f 763 768 811
f 763 811 806
f 920 1055 798
f 920 798 805
f 1055 1054 914
f 1055 914 798
f 754 755 798
f 754 798 914
f 755 762 805
f 755 805 798
f 1053 1052 912
f 1053 912 913
f 1052 1051 911
f 1052 911 912
f 751 752 912
f 751 912 911
f 752 753 913
f 752 913 912
f 1051 1166 911
f 1166 1164 1046
f 1166 1046 911
f 791 797 911
f 791 911 1046
f 797 751 911
f 533 532 432
f 533 432 433
f 396 397 433
f 396 433 432
f 549 544 442
f 549 442 447
f 544 543 441
f 544 441 442
f 403 350 442
f 403 442 441
f 350 355 447
f 350 447 442
f 543 534 434
f 543 434 441
f 534 533 433
f 534 433 434
f 397 398 434
f 397 434 433
f 398 403 441
f 398 441 434
f 532 531 431
f 532 431 432
f 531 598 486
f 531 486 431
f 394 395 431
f 394 431 486
f 395 396 432
f 395 432 431
f 598 597 485
f 598 485 486
f 393 394 486
f 393 486 485
f 754 753 639
f 754 639 640
f 532 533 640
f 532 640 639
f 768 763 650
f 768 650 655
f 763 762 649
f 763 649 650
f 543 544 650
f 543 650 649
f 544 549 655
f 544 655 650
f 762 755 641
f 762 641 649
f 755 754 640
f 755 640 641
f 533 534 641
f 533 641 640
f 534 543 649
f 534 649 641
f 753 752 638
f 753 638 639
f 752 751 700
f 752 700 638
f 598 531 638
f 598 638 700
f 531 532 639
f 531 639 638
f 751 797 700
f 797 791 690
f 797 690 700
f 597 598 700
f 597 700 690
f 1276 1425 1275
f 1275 1425 1424
f 1588 1586 1589
f 1586 1587 1589
f 1421 1589 1587
f 597 591 481
f 597 481 485
f 388 393 485
f 388 485 481
f 391 386 385
f 391 385 390
f 384 389 390
f 384 390 385
f 393 388 387
f 393 387 392
f 386 391 392
f 386 392 387
f 1163 1164 1276
f 591 597 690
f 1164 1163 1046
f 1419 1421 1587
f 1421 1419 1422
f 1419 1420 1422
f 1423 1422 1420
f 343 342 298
f 343 298 299
f 276 236 298
f 236 237 299
f 236 299 298
f 242 243 306
f 242 306 305
f 243 247 311
f 243 311 306
f 305 344 300
f 344 343 299
f 344 299 300
f 237 238 300
f 237 300 299
f 238 242 305
f 238 305 300
f 342 341 297
f 342 297 298
f 341 340 296
f 341 296 297
f 274 275 297
f 274 297 296
f 275 276 298
f 275 298 297
f 340 339 296
f 273 274 296
f 273 296 339
f 271 272 338
f 271 338 337
f 272 273 339
f 272 339 338
f 391 390 336
f 391 336 337
f 390 389 335
f 390 335 336
f 269 270 336
f 269 336 335
f 270 271 337
f 270 337 336
f 237 236 194
f 237 194 195
f 236 276 194
f 125 126 195
f 125 195 194
f 247 243 201
f 247 201 205
f 243 242 200
f 243 200 201
f 131 132 201
f 131 201 200
f 132 136 205
f 132 205 201
f 242 238 196
f 242 196 200
f 238 237 195
f 238 195 196
f 126 127 196
f 126 196 195
f 127 131 200
f 127 200 196
f 276 275 193
f 276 193 194
f 275 274 192
f 275 192 193
f 123 124 193
f 123 193 192
f 124 125 194
f 124 194 193
f 274 273 191
f 274 191 192
f 122 123 192
f 122 192 191
f 273 272 231
f 273 231 191
f 272 271 230
f 272 230 231
f 121 122 231
f 121 231 230
f 122 191 231
f 925 926 1066
f 925 1066 1065
f 1180 1182 1065
f 1180 1065 1066
f 311 312 356
f 311 356 355
f 768 712 812
f 768 812 811
f 926 925 811
f 926 811 812
f 355 356 448
f 355 448 447
f 550 549 447
f 550 447 448
f 549 550 656
f 549 656 655
f 712 768 655
f 712 655 656
f 247 248 312
f 247 312 311
f 136 137 206
f 136 206 205
f 248 247 205
f 248 205 206
f 926 930 1069
f 926 1069 1066
f 930 937 1074
f 930 1074 1069
f 1186 1182 1069
f 1186 1069 1074
f 1182 1180 1066
f 1182 1066 1069
f 312 313 357
f 312 357 356
f 313 314 358
f 313 358 357
f 712 713 815
f 712 815 812
f 713 714 820
f 713 820 815
f 937 930 815
f 937 815 820
f 930 926 812
f 930 812 815
f 356 357 449
f 356 449 448
f 357 358 450
f 357 450 449
f 552 551 449
f 552 449 450
f 551 550 448
f 551 448 449
f 550 551 657
f 550 657 656
f 551 552 658
f 551 658 657
f 714 713 657
f 714 657 658
f 713 712 656
f 713 656 657
f 248 249 313
f 248 313 312
f 249 250 314
f 249 314 313
f 137 138 207
f 137 207 206
f 138 139 208
f 138 208 207
f 250 249 207
f 250 207 208
f 249 248 206
f 249 206 207
f 1186 1074 1085
f 1186 1085 1195
f 1074 937 953
f 1074 953 1085
f 972 1103 1085
f 972 1085 953
f 1103 1217 1195
f 1103 1195 1085
f 358 314 315
f 358 315 359
f 316 360 359
f 316 359 315
f 937 820 831
f 937 831 953
f 820 714 715
f 820 715 831
f 716 846 831
f 716 831 715
f 846 972 953
f 846 953 831
f 552 450 451
f 552 451 553
f 450 358 359
f 450 359 451
f 360 452 451
f 360 451 359
f 452 554 553
f 452 553 451
f 714 658 659
f 714 659 715
f 658 552 553
f 658 553 659
f 554 660 659
f 554 659 553
f 660 716 715
f 660 715 659
f 314 250 251
f 314 251 315
f 252 316 315
f 252 315 251
f 250 208 209
f 250 209 251
f 208 139 140
f 208 140 209
f 141 210 209
f 141 209 140
f 210 252 251
f 210 251 209
f 1016 1015 1005
f 1016 1005 1006
f 952 951 948
f 952 948 949
f 935 932 933
f 935 933 936
f 943 942 939
f 943 939 940
f 940 939 935
f 940 935 936
f 949 948 945
f 949 945 946
f 946 945 942
f 946 942 943
f 933 929 928
f 933 928 932
f 918 928 929
f 918 929 919
f 1081 1083 1084
f 1081 1084 1082
f 1087 1084 1083
f 1087 1083 1086
f 1077 1079 1080
f 1077 1080 1078
f 1082 1080 1079
f 1082 1079 1081
f 1072 1075 1076
f 1072 1076 1073
f 1078 1076 1075
f 1078 1075 1077
f 1073 1071 1070
f 1073 1070 1072
f 951 955 952
f 954 1086 1083
f 954 1083 950
f 950 1083 1081
f 950 1081 947
f 947 1081 1079
f 947 1079 944
f 944 1079 1077
f 944 1077 941
f 941 1077 1075
f 941 1075 938
f 938 1075 1072
f 938 1072 934
f 934 1072 1070
f 934 1070 931
f 931 1070 1067
f 931 1067 927
f 927 1067 1060
f 927 1060 917
f 1061 918 917
f 1061 917 1060
f 803 813 809
f 809 813 929
f 933 929 813
f 933 813 816
f 919 918 803
f 955 954 950
f 955 950 951
f 829 952 951
f 827 829 952
f 827 952 949
f 823 825 943
f 943 825 946
f 949 946 825
f 949 825 827
f 818 821 940
f 818 940 936
f 943 940 821
f 943 821 823
f 936 933 816
f 936 816 818
f 1082 1084 951
f 1082 951 948
f 955 951 1084
f 955 1084 1087
f 1078 1080 945
f 1078 945 942
f 948 945 1080
f 948 1080 1082
f 1073 1076 939
f 1073 939 935
f 942 939 1076
f 942 1076 1078
f 935 932 1071
f 935 1071 1073
f 1086 954 955
f 1086 955 1087
f 929 928 923
f 929 923 924
f 1061 1060 1067
f 1061 1067 1068
f 1068 1067 1070
f 1068 1070 1071
f 803 919 929
f 803 929 813
f 928 1071 932
f 1071 928 1068
f 1068 928 918
f 1068 918 1061
f 809 929 924
f 949 952 829
f 949 829 827
f 827 825 946
f 827 946 949
f 823 821 940
f 823 940 943
f 936 940 821
f 936 821 818
f 818 816 933
f 818 933 936
f 922 927 917
f 1072 934 931
f 1072 931 1070
f 1077 941 938
f 1077 938 1075
f 1075 938 934
f 1075 934 1072
f 1081 947 944
f 1081 944 1079
f 1079 944 941
f 1079 941 1077
f 1083 950 947
f 1083 947 1081
f 1060 917 918
f 1070 931 927
f 1070 927 1067
f 1067 927 922
f 1067 922 1064
f 950 1083 951
f 1060 918 1061
f 924 923 918
f 924 918 919
f 809 924 919
f 809 919 803
f 1064 922 917
f 1064 917 1060
f 863 861 998
f 863 998 1001
f 872 869 1010
f 872 1010 1014
f 867 865 1004
f 867 1004 1007
f 996 999 1129
f 996 1129 1127
f 1008 1012 1134
f 1008 1134 1132
f 1140 1137 1019
f 1140 1019 1024
f 993 996 1127
f 993 1127 1124
f 884 878 1021
f 884 1021 1026
f 1025 1141 1024
f 1141 1140 1024
f 1124 1125 993
f 1009 869 872
f 1009 872 1013
f 884 1026 883
f 861 997 998
f 884 883 877
f 884 877 878
f 863 1000 997
f 863 997 861
f 1002 1005 1131
f 1002 1131 1130
f 867 1006 1003
f 867 1003 865
f 1003 1006 1005
f 1003 1005 1002
f 865 863 1001
f 865 1001 1004
f 999 1002 1130
f 999 1130 1129
f 865 1003 1000
f 865 1000 863
f 1003 1002 999
f 869 867 1007
f 869 1007 1010
f 874 872 1014
f 874 1014 1017
f 1012 1015 1135
f 1012 1135 1134
f 1005 1008 1132
f 1005 1132 1131
f 874 1016 1013
f 874 1013 872
f 1006 867 869
f 1006 869 1009
f 1137 1135 1015
f 1137 1015 1019
f 878 874 1017
f 878 1017 1021
f 878 877 1016
f 878 1016 874
f 1026 1025 883
f 883 1025 1020
f 883 1020 877
f 877 1020 1016
f 1025 1024 1019
f 1025 1019 1020
f 1020 1019 1015
f 1020 1015 1016
f 1000 999 996
f 1000 996 997
f 996 993 997
f 1125 1128 997
f 1125 997 993
f 1000 1003 999
f 1098 967 970
f 1098 970 1102
f 958 961 1092
f 959 961 958
f 961 959 962
f 1092 961 964
f 1092 964 1095
f 1095 964 967
f 1095 967 1098
f 961 962 965
f 961 965 964
f 964 965 968
f 964 968 967
f 1102 970 974
f 1102 974 1107
f 967 968 970
f 970 968 971
f 975 971 844
f 975 844 847
f 971 968 842
f 971 842 844
f 838 840 965
f 838 965 962
f 968 965 842
f 842 965 840
f 962 959 836
f 962 836 838
f 959 958 835
f 959 835 836
f 968 842 840
f 968 840 965
f 961 964 1095
f 970 971 975
f 970 975 974
f 970 1102 1107
f 970 1107 974
f 1119 987 991
f 1119 991 1123
f 987 992 991
f 1119 1115 982
f 1119 982 987
f 977 982 1115
f 977 1115 1111
f 987 982 983
f 987 983 992
f 978 983 982
f 978 982 977
f 1111 1107 974
f 1111 974 977
f 975 847 849
f 975 849 978
f 854 992 983
f 854 983 851
f 851 983 849
f 978 849 983
f 853 991 992
f 853 992 854
f 987 1119 1123
f 987 1123 991
f 978 983 851
f 978 851 849
f 987 1115 982
f 977 974 975
f 977 975 978
f 977 974 1107
f 977 1107 1111
f 1929 1787 1792
f 1929 1792 1936
f 1636 1792 1787
f 1636 1787 1634
f 1753 1612 1758
f 1619 1761 1758
f 1619 1758 1616
f 1616 1758 1612
f 960 1091 1088
f 960 1088 957
f 1183 1181 1067
f 1183 1067 1070
f 1060 1067 1181
f 1060 1181 1176
f 1185 1072 1075
f 1185 1075 1187
f 1187 1075 1077
f 1187 1077 1189
f 823 821 822
f 823 822 824
f 819 822 821
f 819 821 818
f 952 829 956
f 955 956 833
f 833 956 829
f 1623 1764 1761
f 1623 1761 1619
f 1300 1456 1297
f 1609 1456 1612
f 1183 1070 1072
f 1183 1072 1185
f 825 823 824
f 825 824 826
f 819 818 816
f 819 816 817
f 957 1088 1086
f 957 1086 954
f 1197 1086 1088
f 1197 1088 1199
f 1320 1487 1482
f 1320 1482 1316
f 1632 1482 1487
f 1632 1487 1634
f 838 836 837
f 838 837 839
f 834 833 829
f 834 829 830
f 1948 1798 1801
f 1948 1801 1951
f 1642 1801 1798
f 1642 1798 1640
f 969 1101 1097
f 969 1097 966
f 1201 1091 1094
f 1201 1094 1204
f 1204 1094 1097
f 1204 1097 1209
f 843 845 844
f 843 844 842
f 1192 1081 1083
f 1192 1083 1193
f 1193 1083 1086
f 1193 1086 1197
f 1316 1482 1477
f 1316 1477 1311
f 1311 1477 1472
f 1311 1472 1309
f 1628 1472 1477
f 1628 1477 1630
f 1630 1477 1482
f 1630 1482 1632
f 836 835 832
f 836 832 833
f 1936 1792 1796
f 1936 1796 1945
f 1945 1796 1798
f 1945 1798 1948
f 1640 1798 1796
f 1640 1796 1638
f 1638 1796 1792
f 1638 1792 1636
f 966 1097 1094
f 966 1094 963
f 963 1094 1091
f 963 1091 960
f 842 840 841
f 842 841 843
f 839 841 840
f 839 840 838
f 1199 1088 1091
f 1199 1091 1201
f 830 829 827
f 830 827 828
f 828 827 825
f 828 825 826
f 1189 1077 1079
f 1189 1079 1190
f 1190 1079 1081
f 1190 1081 1192
f 1309 1472 1467
f 1309 1467 1305
f 1305 1467 1464
f 1305 1464 1304
f 1623 1464 1467
f 1623 1467 1626
f 1626 1467 1472
f 1626 1472 1628
f 955 833 832
f 960 957 958
f 960 958 961
f 967 970 969
f 967 969 966
f 961 964 963
f 961 963 960
f 966 963 964
f 966 964 967
f 1209 1097 1101
f 1209 1101 1215
f 1951 1801 1804
f 1951 1804 1955
f 1644 1804 1801
f 1644 1801 1642
f 973 1106 1101
f 973 1101 969
f 969 970 974
f 969 974 973
f 1289 1295 1293
f 1293 1295 1297
f 1289 1451 1444
f 1609 1451 1456
f 1456 1451 1293
f 1456 1293 1297
f 1289 1293 1451
f 816 813 814
f 816 814 817
f 810 814 813
f 810 813 809
f 827 825 829
f 957 835 958
f 1181 1179 1176
f 1776 1920 1771
f 1758 1761 1764
f 1923 1920 1776
f 1606 1444 1451
f 1454 1609 1612
f 1454 1612 1613
f 1920 1923 1771
f 1772 1771 1777
f 1777 1771 1923
f 1777 1923 1781
f 1758 1761 1612
f 1613 1612 1761
f 1613 1761 1620
f 1620 1761 1764
f 1620 1764 1765
f 1765 1764 1771
f 1765 1771 1772
f 1930 1929 1937
f 1937 1929 1936
f 1952 1948 1951
f 1926 1925 1930
f 1937 1936 1945
f 1937 1945 1946
f 1946 1945 1948
f 1946 1948 1952
f 1781 1923 1926
f 1926 1923 1925
f 1609 1451 1606
f 1290 1444 1451
f 1290 1451 1452
f 1452 1451 1609
f 1452 1609 1454
f 1930 1925 1929
f 955 952 956
f 813 929 924
f 813 924 809
f 950 1083 1086
f 950 1086 954
f 917 1060 1067
f 917 1067 927
f 1092 958 1089
f 962 838 840
f 962 840 965
f 1102 970 967
f 1102 967 1098
f 836 959 958
f 836 958 835
f 1098 967 964
f 1098 964 1095
f 1095 961 1092
f 959 836 838
f 959 838 962
f 968 842 844
f 968 844 971
f 1636 1634 1487
f 1636 1487 1492
f 1492 1487 1320
f 1492 1320 1325
f 1619 1616 1457
f 1619 1457 1461
f 1461 1457 1301
f 1461 1301 1304
f 1300 1301 1457
f 1300 1457 1456
f 1456 1457 1616
f 1456 1616 1612
f 1304 1464 1461
f 1461 1464 1623
f 1461 1623 1619
f 1632 1634 1787
f 1632 1787 1784
f 1784 1787 1925
f 1929 1925 1787
f 1341 1346 1502
f 1341 1502 1499
f 1499 1502 1642
f 1499 1642 1640
f 1628 1630 1780
f 1628 1780 1776
f 1776 1780 1923
f 1925 1923 1780
f 1925 1780 1784
f 1784 1780 1630
f 1784 1630 1632
f 1640 1638 1496
f 1640 1496 1499
f 1499 1496 1334
f 1499 1334 1341
f 1325 1334 1496
f 1325 1496 1492
f 1492 1496 1638
f 1492 1638 1636
f 1623 1626 1771
f 1623 1771 1764
f 1776 1771 1626
f 1776 1626 1628
f 1444 1280 1289
f 1168 1280 1289
f 1168 1289 1290
f 1290 1289 1444
f 1215 1101 1106
f 1215 1106 1223
f 844 845 848
f 844 848 847
f 1952 1951 1955
f 1952 1955 1956
f 971 844 847
f 971 847 975
f 1352 1505 1502
f 1352 1502 1346
f 1642 1502 1505
f 1642 1505 1644
f 1980 1972 1815
f 1980 1815 1822
f 1822 1815 1655
f 1864 1859 1689
f 1689 1859 1682
f 1679 1682 1859
f 1679 1859 1855
f 986 990 1122
f 986 1122 1118
f 1147 1140 1156
f 1255 1137 1140
f 1255 1140 1257
f 1257 1140 1147
f 1257 1147 1263
f 1132 1134 1251
f 1132 1251 1249
f 1253 1251 1134
f 1253 1134 1135
f 891 890 884
f 891 884 885
f 873 872 869
f 873 869 870
f 870 869 867
f 870 867 868
f 1017 1014 872
f 1017 872 874
f 869 872 1014
f 869 1014 1010
f 1007 1004 865
f 1007 865 867
f 863 865 1004
f 863 1004 1001
f 1676 1679 1855
f 1676 1855 1851
f 1540 1696 1689
f 1696 1540 1544
f 1544 1540 1393
f 1544 1393 1395
f 1255 1253 1135
f 1255 1135 1137
f 1131 1132 1249
f 1131 1249 1247
f 873 875 874
f 873 874 872
f 1010 867 869
f 867 1010 1007
f 856 994 993
f 856 993 990
f 990 993 1124
f 990 1124 1122
f 1122 1124 1240
f 1122 1240 1239
f 1374 1378 1527
f 1374 1527 1521
f 1521 1527 1661
f 1521 1661 1655
f 854 855 858
f 854 858 857
f 863 861 862
f 863 862 864
f 1110 1114 1232
f 1110 1232 1228
f 1236 1232 1114
f 1236 1114 1118
f 1244 1243 1127
f 1244 1127 1129
f 1670 1667 1532
f 1670 1532 1533
f 1533 1532 1382
f 1533 1382 1383
f 857 858 861
f 862 861 858
f 1972 1966 1812
f 1972 1812 1815
f 1815 1812 1649
f 1815 1649 1655
f 1646 1649 1812
f 1646 1812 1809
f 1809 1812 1966
f 1809 1966 1962
f 1118 1114 981
f 1118 981 986
f 976 981 1114
f 976 1114 1110
f 849 850 852
f 849 852 851
f 851 852 855
f 851 855 854
f 1118 1122 1239
f 1118 1239 1236
f 1001 861 863
f 861 1001 998
f 864 866 865
f 864 865 863
f 867 865 866
f 867 866 868
f 1129 1130 1246
f 1129 1246 1244
f 1247 1246 1130
f 1247 1130 1131
f 1383 1385 1534
f 1383 1534 1533
f 1533 1534 1673
f 1533 1673 1670
f 1676 1673 1534
f 1676 1534 1535
f 1535 1534 1385
f 1535 1385 1387
f 994 856 860
f 997 860 861
f 860 997 994
f 986 987 991
f 986 991 990
f 853 854 857
f 976 977 982
f 976 982 981
f 981 982 987
f 981 987 986
f 1962 1955 1804
f 1962 1804 1809
f 1809 1804 1644
f 1809 1644 1646
f 1110 1106 973
f 1110 973 976
f 976 973 974
f 976 974 977
f 1413 1398 1404
f 1413 1561 1549
f 1413 1549 1398
f 1395 1398 1549
f 1395 1549 1544
f 1544 1549 1696
f 1156 1140 1024
f 1156 1024 1040
f 1147 1156 1271
f 1147 1271 1263
f 885 884 878
f 885 878 879
f 879 878 874
f 879 874 875
f 874 878 884
f 857 861 856
f 860 856 861
f 990 991 853
f 990 853 856
f 857 856 853
f 1243 1240 1124
f 1243 1124 1127
f 1527 1667 1661
f 1667 1527 1532
f 1532 1527 1378
f 1532 1378 1382
f 1369 1374 1361
f 1271 1404 1263
f 1271 1413 1404
f 1989 1844 1997
f 1851 1844 1997
f 1864 1696 1697
f 1864 1697 1690
f 1704 1697 1696
f 1704 1696 1703
f 1989 1844 1836
f 1836 1844 1845
f 1836 1845 1837
f 1852 1845 1844
f 1852 1844 1851
f 1855 1859 1860
f 1855 1860 1856
f 1690 1860 1859
f 1690 1859 1864
f 1856 1852 1851
f 1856 1851 1855
f 1969 1972 1816
f 1969 1816 1970
f 1955 1962 1956
f 1963 1956 1962
f 1823 1980 1983
f 1962 1966 1967
f 1962 1967 1963
f 1970 1967 1966
f 1970 1966 1969
f 1969 1966 1972
f 1983 1829 1823
f 1837 1829 1983
f 1837 1983 1836
f 1836 1983 1989
f 1703 1549 1550
f 1703 1550 1704
f 1562 1550 1549
f 1562 1549 1561
f 1561 1549 1703
f 1972 1980 1823
f 1972 1823 1816
f 993 994 997
f 884 890 1032
f 884 1032 1026
f 996 997 1127
f 999 996 1127
f 999 1127 1129
f 1005 1002 1130
f 1005 1130 1131
f 1129 1130 1002
f 1129 1002 999
f 1131 1132 1008
f 1131 1008 1005
f 1015 1012 1134
f 1015 1134 1135
f 1132 1134 1012
f 1132 1012 1008
f 1019 1015 1135
f 1019 1135 1137
f 1040 1024 1140
f 1040 1140 1156
f 1137 1140 1024
f 1137 1024 1019
f 992 983 851
f 992 851 854
f 854 853 991
f 854 991 992
f 987 1115 1119
f 1111 1115 982
f 1111 982 977
f 1679 1536 1537
f 1679 1537 1682
f 1682 1537 1540
f 1682 1540 1689
f 1393 1540 1537
f 1393 1537 1391
f 1391 1537 1536
f 1391 1536 1389
f 1676 1535 1536
f 1676 1536 1679
f 1389 1536 1535
f 1389 1535 1387
f 1864 1689 1696
f 1661 1822 1655
f 1670 1836 1828
f 1670 1828 1667
f 1983 1828 1836
f 1646 1509 1514
f 1646 1514 1649
f 1649 1514 1521
f 1649 1521 1655
f 1374 1521 1514
f 1374 1514 1361
f 1361 1514 1509
f 1361 1509 1355
f 1676 1851 1844
f 1676 1844 1673
f 1673 1844 1836
f 1673 1836 1670
f 1549 1703 1696
f 1667 1828 1822
f 1667 1822 1661
f 1980 1822 1828
f 1980 1828 1983
f 1413 1574 1561
f 1561 1413 1414
f 1561 1414 1562
f 1228 1223 1106
f 1228 1106 1110
f 849 847 848
f 849 848 850
f 978 975 847
f 978 847 849
f 1646 1644 1505
f 1646 1505 1509
f 1509 1505 1352
f 1509 1352 1355
f 836 833 834
f 836 834 837
f 832 835 958
f 832 958 955
f 955 958 957
f 955 957 954
f 1028 1144 1152
f 1028 1152 1035
f 464 463 503
f 464 503 504
f 574 575 566
f 574 566 565
f 504 503 565
f 565 566 504
f 585 574 621
f 585 621 629
f 775 1028 887
f 1035 893 887
f 1035 887 1028
f 893 730 725
f 893 725 887
f 887 725 775
f 775 671 725
f 730 679 671
f 730 671 725
f 679 621 614
f 679 614 671
f 1043 1152 1159
f 1152 1043 1035
f 574 585 586
f 574 586 575
f 902 893 1035
f 902 1035 1043
f 893 902 788
f 893 788 781
f 743 730 781
f 743 781 788
f 730 743 686
f 730 686 679
f 629 621 679
f 629 679 686
f 730 893 781
f 574 565 614
f 574 614 621
f 1869 1707 1706
f 1555 1706 1707
f 1707 1869 1870
f 1261 1260 1401
f 1261 1401 1402
f 2014 2015 1870
f 1870 1869 2014
f 1145 1144 1260
f 1145 1260 1261
f 1706 1555 1554
f 1402 1401 1554
f 1402 1554 1555
f 1153 1152 1144
f 1153 1144 1145
f 1152 1153 1160
f 1152 1160 1159
f 470 469 463
f 470 463 464
f 476 475 469
f 476 469 470
f 510 503 463
f 510 463 469
f 518 510 469
f 518 469 475
f 1553 1566 1705
f 1716 1705 1566
f 1705 1716 1868
f 1879 1868 1716
f 1868 1879 2013
f 2024 2013 1879
f 2013 2024 2067
f 503 565 614
f 565 574 621
f 565 621 614
f 671 614 565
f 503 510 574
f 574 565 503
f 1566 1553 1400
f 1566 1400 1408
f 1259 1267 1408
f 1259 1408 1400
f 1144 1152 1151
f 1144 1151 1143
f 1267 1259 1143
f 1267 1143 1151
f 725 730 781
f 725 781 775
f 893 887 775
f 893 775 781
f 2014 2013 2067
f 2014 2067 2068
f 1554 1553 1705
f 1554 1705 1706
f 1706 1705 1868
f 1706 1868 1869
f 2013 2014 1869
f 2013 1869 1868
f 1553 1554 1401
f 1553 1401 1400
f 1260 1259 1400
f 1260 1400 1401
f 1259 1260 1144
f 1259 1144 1143
f 436 488 487
f 436 487 435
f 488 535 487
f 535 488 536
f 756 799 915
f 799 756 701
f 756 701 642
f 521 592 599
f 521 599 535
f 905 1047 1057
f 905 1057 915
f 535 536 522
f 535 522 521
f 792 905 915
f 915 799 792
f 691 747 792
f 691 792 799
f 691 799 701
f 701 642 633
f 701 633 691
f 592 633 642
f 592 642 599
f 1740 1600 1601
f 1442 1601 1600
f 1601 1741 1740
f 1174 1287 1286
f 1174 1286 1173
f 1057 1047 1048
f 1057 1048 1058
f 1885 1741 1886
f 1741 1885 1740
f 1058 1174 1173
f 1058 1173 1057
f 1600 1441 1442
f 1287 1442 1441
f 1287 1441 1286
f 435 425 426
f 435 426 436
f 482 425 435
f 482 435 487
f 487 535 599
f 642 599 535
f 1885 2026 2025
f 1885 2025 1884
f 1441 1600 1599
f 1441 1599 1440
f 1600 1740 1739
f 1600 1739 1599
f 1884 1739 1740
f 1884 1740 1885
f 1440 1285 1286
f 1440 1286 1441
f 1173 1286 1285
f 1173 1285 1172
f 1172 1056 1057
f 1172 1057 1173
f 1990 1991 1999
f 1990 1999 1998
f 1974 1973 1990
f 1974 1990 1991
f 1973 1981 1990
f 1992 1993 2001
f 1992 2001 2000
f 1976 1975 1992
f 1976 1992 1993
f 1977 1976 1993
f 1977 1993 1994
f 1993 1846 2001
f 1846 2002 2001
f 1994 2003 1995
f 2003 1847 1839
f 2003 1839 1995
f 1818 1978 1995
f 1818 1995 1839
f 1978 1977 1994
f 1978 1994 1995
f 1743 1742 1892
f 1742 1891 1892
f 1847 1848 1840
f 1847 1840 1839
f 1819 1818 1839
f 1819 1839 1840
f 1759 1744 1751
f 1832 1848 1840
f 1832 1840 1824
f 1897 1905 1904
f 1897 1904 1896
f 1905 1914 1913
f 1905 1913 1904
f 1905 1889 1888
f 1905 1888 1904
f 1914 1905 1906
f 1914 1906 1915
f 1905 1897 1898
f 1905 1898 1906
f 1889 1905 1906
f 1889 1906 1890
f 1899 1906 1898
f 1907 1891 1890
f 1907 1890 1906
f 1748 1755 1754
f 1748 1754 1747
f 1755 1767 1766
f 1755 1766 1754
f 1915 1906 1754
f 1915 1754 1766
f 1906 1899 1747
f 1906 1747 1754
f 1755 1743 1892
f 1755 1892 1908
f 1891 1907 1908
f 1891 1908 1892
f 1751 1759 1756
f 1751 1756 1749
f 1759 1773 1768
f 1759 1768 1756
f 1762 1751 1744
f 1762 1744 1756
f 2000 1992 1991
f 2000 1991 1999
f 1975 1940 1939
f 1975 1939 1974
f 1940 1905 1904
f 1940 1904 1939
f 1905 1940 1941
f 1905 1941 1906
f 1940 1975 1976
f 1940 1976 1941
f 2002 1994 1993
f 2002 1993 2001
f 1977 1942 1941
f 1977 1941 1976
f 1942 1907 1906
f 1942 1906 1941
f 1847 2003 1846
f 1994 2002 2003
f 2002 1846 2003
f 1818 1793 1943
f 1818 1943 1978
f 1793 1755 1908
f 1793 1908 1943
f 1907 1942 1943
f 1907 1943 1908
f 1942 1977 1978
f 1942 1978 1943
f 1756 1744 1759
f 1751 1744 1756
f 1819 1790 1794
f 1790 1762 1756
f 1790 1756 1794
f 1981 1931 1921
f 1981 1921 1938
f 1931 1903 1901
f 1931 1901 1921
f 1901 1938 1921
f 1759 1751 1778
f 1759 1778 1794
f 1751 1782 1778
f 1819 1794 1778
f 1819 1778 1782
f 1824 1794 1807
f 1794 1759 1799
f 1794 1799 1807
f 1832 1824 1807
f 1832 1807 1799
f 1819 1840 1824
f 1986 1992 1991
f 1986 1991 1985
f 1992 1986 1987
f 1992 1987 1993
f 1831 1839 1838
f 1831 1838 1830
f 1839 1847 1846
f 1839 1846 1838
f 1993 1838 1846
f 1993 1987 1830
f 1993 1830 1838
f 1901 1903 1887
f 1901 1903 1927
f 1901 1927 1938
f 1903 1901 1921
f 1903 1921 1927
f 1949 1964 1927
f 1949 1927 1921
f 1964 1981 1938
f 1964 1938 1927
f 1981 1938 1953
f 1824 1810 1785
f 1824 1785 1794
f 1810 1799 1778
f 1810 1778 1785
f 1751 1756 1785
f 1751 1785 1778
f 1756 1759 1794
f 1756 1794 1785
f 1759 1794 1807
f 1759 1807 1799
f 1794 1819 1824
f 1751 1778 1790
f 1819 1790 1778
f 1819 1778 1785
f 1819 1782 1773
f 1819 1773 1790
f 1782 1751 1773
f 1751 1790 1773
f 1819 1824 1802
f 1819 1802 1790
f 1824 1819 1790
f 1824 1790 1802
f 1751 1790 1802
f 1751 1762 1790
f 1975 1974 1991
f 1975 1991 1992
f 1985 1984 1973
f 1985 1973 1974
f 1984 1981 1964
f 1984 1964 1973
f 1949 1957 1973
f 1949 1973 1964
f 1957 1958 1974
f 1957 1974 1973
f 1903 1904 1888
f 1903 1888 1887
f 1896 1895 1887
f 1896 1887 1888
f 1991 1990 1998
f 1991 1998 1999
f 1904 1903 1938
f 1904 1938 1939
f 1903 1931 1938
f 1981 1973 1938
f 1981 1938 1931
f 1973 1974 1939
f 1973 1939 1938
f 1981 1984 1990
f 1984 1985 1991
f 1984 1991 1990
f 1832 1831 1818
f 1832 1818 1819
f 1806 1807 1819
f 1806 1819 1818
f 1755 1756 1744
f 1755 1744 1743
f 1749 1748 1743
f 1749 1743 1744
f 1756 1755 1793
f 1756 1793 1794
f 1818 1819 1794
f 1818 1794 1793
f 1848 1847 1839
f 1848 1839 1840
f 1831 1832 1840
f 1831 1840 1839
f 1914 1933 1932
f 1914 1932 1913
f 1933 1959 1958
f 1933 1958 1932
f 1959 1933 1934
f 1959 1934 1960
f 1933 1914 1915
f 1933 1915 1934
f 1767 1789 1788
f 1767 1788 1766
f 1789 1806 1805
f 1789 1805 1788
f 1960 1934 1788
f 1960 1788 1805
f 1934 1915 1766
f 1934 1766 1788
f 1773 1785 1790
f 1773 1790 1768
f 1785 1799 1807
f 1785 1807 1790
f 1917 1909 1903
f 1917 1903 1912
f 1909 1895 1903
f 1896 1904 1903
f 1896 1903 1895
f 1904 1913 1912
f 1904 1912 1903
f 1749 1756 1755
f 1749 1755 1748
f 1756 1768 1767
f 1756 1767 1755
f 1889 1897 1896
f 1889 1896 1888
f 1897 1889 1890
f 1897 1890 1898
f 1891 1899 1898
f 1891 1898 1890
f 1743 1748 1747
f 1743 1747 1742
f 1899 1891 1742
f 1899 1742 1747
f 1751 1749 1744
f 1901 1912 1921
f 1901 1895 1909
f 1901 1909 1912
f 1917 1927 1912
f 1917 1912 1909
f 1927 1921 1912
f 1799 1785 1768
f 1799 1768 1778
f 1785 1773 1759
f 1785 1759 1768
f 1751 1768 1759
f 1751 1778 1768
f 1887 1895 1901
f 1949 1927 1931
f 1949 1931 1957
f 1927 1912 1931
f 1913 1932 1931
f 1913 1931 1912
f 1932 1958 1957
f 1932 1957 1931
f 1768 1790 1789
f 1768 1789 1767
f 1790 1807 1806
f 1790 1806 1789
f 1959 1975 1974
f 1959 1974 1958
f 1975 1986 1985
f 1975 1985 1974
f 1986 1975 1976
f 1986 1976 1987
f 1975 1959 1960
f 1975 1960 1976
f 1806 1818 1817
f 1806 1817 1805
f 1818 1831 1830
f 1818 1830 1817
f 1987 1976 1817
f 1987 1817 1830
f 1976 1960 1805
f 1976 1805 1817
f 1799 1810 1819
f 1799 1819 1807
f 1810 1824 1832
f 1810 1832 1819
f 1036 1037 732
f 1037 733 732
f 577 576 732
f 577 732 733
f 576 575 731
f 576 731 732
f 1153 1036 732
f 1153 732 731
f 894 734 1038
f 894 895 734
f 895 782 734
f 782 735 734
f 680 622 734
f 680 734 735
f 622 579 734
f 579 578 734
f 578 577 733
f 578 733 734
f 1037 1038 734
f 1037 734 733
f 1153 731 730
f 1153 730 1152
f 731 575 574
f 731 574 730
f 906 693 907
f 524 694 693
f 524 693 523
f 694 907 693
f 523 693 692
f 523 692 522
f 693 906 1048
f 693 1048 692
f 793 908 695
f 908 907 694
f 908 694 695
f 524 525 695
f 524 695 694
f 525 526 695
f 593 695 526
f 634 696 695
f 634 695 593
f 748 695 696
f 794 695 748
f 794 793 695
f 1048 1047 691
f 1048 691 692
f 521 522 692
f 521 692 691
f 1099 1096 1205
f 1099 1205 1210
f 1198 1196 1314
f 1314 1317 1198
f 1317 1200 1198
f 1200 1317 1321
f 1090 1198 1200
f 1321 1203 1200
f 1321 1328 1203
f 1328 1205 1203
f 1328 1335 1205
f 1096 1093 1203
f 1096 1203 1205
f 1093 1090 1200
f 1093 1200 1203
f 1238 1121 1117
f 1238 1117 1235
f 1108 1109 1113
f 1108 1113 1112
f 1112 1229 1224
f 1224 1108 1112
f 1235 1117 1113
f 980 1113 985
f 1113 1117 985
f 985 1121 989
f 1121 985 1117
f 1235 1113 1230
f 979 980 985
f 979 985 984
f 980 979 1112
f 980 1112 1113
f 1218 1219 1105
f 1109 1104 1218
f 1109 1218 1105
f 1238 1237 1120
f 1238 1120 1121
f 988 989 1121
f 988 1121 1120
f 984 985 989
f 984 989 988
f 1237 1234 1116
f 1234 1237 1370
f 1229 1112 1116
f 1229 1116 1234
f 1120 1237 1116
f 984 1116 1112
f 1112 979 984
f 1237 1375 1370
f 1238 1376 1375
f 1238 1375 1237
f 1108 1104 1109
f 1219 1109 1105
f 1225 1113 1109
f 1113 1225 1230
f 1235 1365 1371
f 1235 1371 1238
f 1219 1225 1109
f 1238 1371 1376
f 1120 984 988
f 984 1120 1116
v -0.23500 -0.90880 2.39250
v -0.23689 -0.87299 2.51694
v -0.24359 -0.87898 2.60012
v -0.25672 -0.87177 2.72176
v -0.25918 -0.85598 2.75982
v -0.23100 -0.81280 2.28800
v -0.23800 -0.80480 2.38200
v -0.24900 -0.79755 2.50850
v -0.24596 -0.80734 2.60232
v -0.25602 -0.78749 2.71502
v -0.25895 -0.79451 2.77247
v -0.23100 -0.67255 2.28525
v -0.24113 -0.67168 2.40738
v -0.25029 -0.67437 2.51029
v -0.25750 -0.68740 2.60410
v -0.26873 -0.68100 2.71227
v -0.27700 -0.68020 2.81580
v -0.27027 -0.67987 2.87713
v -0.23100 -0.60380 2.28600
v -0.24150 -0.60730 2.41000
v -0.25125 -0.60255 2.52375
v -0.25722 -0.60458 2.60011
v -0.26408 -0.57188 2.71885
v -0.27233 -0.57080 2.83100
v -0.27000 -0.60613 2.87417
v -0.23100 -0.50480 2.28800
v -0.23800 -0.51280 2.38200
v -0.23891 -0.45937 2.51826
v -0.24578 -0.50423 2.60328
v -0.25649 -0.50316 2.72061
v -0.25804 -0.50400 2.76343
v -0.23500 -0.40880 2.39250
v -0.23629 -0.43323 2.51179
v -0.24246 -0.43403 2.59877
v -0.25200 -0.43724 2.69356
v -0.23300 0.47220 2.39400
v -0.23100 0.58320 2.28800
v -0.23700 0.50120 2.39100
v -0.23725 0.52264 2.51736
v -0.24262 0.54794 2.58536
v -0.25688 0.52858 2.71859
v -0.25917 0.54742 2.76083
v -0.23100 0.68120 2.28600
v -0.23800 0.63720 2.37800
v -0.24867 0.61220 2.49933
v -0.24941 0.60173 2.62219
v -0.25654 0.61437 2.71581
v -0.25956 0.60923 2.77603
v -0.27000 0.66520 2.87067
v -0.23100 0.73687 2.28500
v -0.24200 0.73683 2.41638
v -0.25050 0.73690 2.51330
v -0.25713 0.73687 2.60060
v -0.26867 0.73693 2.71180
v -0.27700 0.73680 2.81660
v -0.27027 0.73680 2.87853
v -0.23100 0.84120 2.28700
v -0.23800 0.83670 2.37800
v -0.24867 0.86187 2.49933
v -0.24945 0.87193 2.62239
v -0.25670 0.85896 2.71554
v -0.25952 0.86243 2.77635
v -0.27000 0.80887 2.87067
v -0.23700 0.97220 2.39100
v -0.23727 0.94942 2.51732
v -0.24245 0.92455 2.58462
v -0.25694 0.94544 2.72012
v -0.25917 0.92492 2.76083
v -0.23300 1.00220 2.39400
v -0.19300 -0.89113 2.01342
v -0.19917 -0.91530 2.07983
v -0.19225 -0.93005 2.19300
v -0.20550 -0.93080 2.29275
v -0.16443 -0.92080 2.39586
v -0.17673 -0.87559 2.51725
v -0.16448 -0.87840 2.60208
v -0.17695 -0.87161 2.71962
v -0.18679 -0.85601 2.76000
v -0.19131 -0.78374 2.01238
v -0.21150 -0.80580 2.07800
v -0.22200 -0.81180 2.18900
v -0.16729 -0.81400 2.60298
v -0.17502 -0.79152 2.72288
v -0.17863 -0.79693 2.77373
v -0.19778 -0.66983 2.01256
v -0.21150 -0.67243 2.07800
v -0.22200 -0.67280 2.18900
v -0.16900 -0.73280 2.85600
v -0.18170 -0.68187 2.86696
v -0.19669 -0.59205 2.01194
v -0.21150 -0.60430 2.07800
v -0.22200 -0.60280 2.18900
v -0.20800 -0.54380 2.74600
v -0.17363 -0.55255 2.84075
v -0.17931 -0.61088 2.86469
v -0.18908 -0.49788 2.01183
v -0.21150 -0.51180 2.07800
v -0.22200 -0.50580 2.18900
v -0.17526 -0.45170 2.52700
v -0.16582 -0.49778 2.60416
v -0.17467 -0.49639 2.72571
v -0.18078 -0.50446 2.76406
v -0.19344 -0.41602 2.01544
v -0.19917 -0.40230 2.07983
v -0.19225 -0.38755 2.19300
v -0.20550 -0.38680 2.29275
v -0.16443 -0.39680 2.39586
v -0.17626 -0.43131 2.50869
v -0.16771 -0.43385 2.60171
v -0.18050 -0.43730 2.69050
v -0.18900 0.48120 2.02600
v -0.19350 0.47020 2.08075
v -0.18300 0.45720 2.19433
v -0.19767 0.45720 2.29367
v -0.16733 0.47387 2.39583
v -0.19317 0.52145 2.01025
v -0.21050 0.50020 2.07800
v -0.22100 0.53620 2.18900
v -0.22900 0.48820 2.29000
v -0.14700 0.48220 2.39600
v -0.17580 0.51862 2.51738
v -0.16494 0.54176 2.59068
v -0.17446 0.53012 2.71846
v -0.18404 0.55070 2.76081
v -0.19338 0.62501 2.01369
v -0.21150 0.63595 2.07800
v -0.22200 0.68120 2.18900
v -0.16962 0.59563 2.63329
v -0.17719 0.60812 2.72425
v -0.17790 0.60696 2.77835
v -0.18180 0.66240 2.86440
v -0.19693 0.73718 2.01207
v -0.21150 0.73720 2.07800
v -0.22200 0.73687 2.18900
v -0.18063 0.73700 2.86683
v -0.19338 0.84926 2.01369
v -0.21150 0.83770 2.07800
v -0.22200 0.84120 2.18900
v -0.16975 0.87685 2.63260
v -0.17664 0.86560 2.72430
v -0.17757 0.86679 2.77763
v -0.18180 0.81140 2.86440
v -0.19317 0.95262 2.01025
v -0.21050 0.97370 2.07800
v -0.22000 0.98420 2.18900
v -0.22900 0.98520 2.29000
v -0.14700 0.99120 2.39600
v -0.17673 0.95369 2.51725
v -0.16492 0.93102 2.59035
v -0.17488 0.94432 2.71733
v -0.18525 0.92432 2.76088
v -0.18900 0.99320 2.02600
v -0.19350 1.00320 2.08075
v -0.18300 1.01620 2.19433
v -0.19767 1.01720 2.29367
v -0.16733 1.00020 2.39583
v -0.06284 -0.89201 2.02584
v -0.05647 -0.91845 2.08741
v -0.07260 -0.93380 2.21240
v -0.10680 -0.93440 2.30180
v -0.07120 -0.82710 2.02345
v -0.06823 -0.48172 2.02350
v -0.06492 -0.41311 2.02685
v -0.05647 -0.39915 2.08741
v -0.07260 -0.38380 2.21240
v -0.10680 -0.38320 2.30180
v -0.11900 0.48120 2.03400
v -0.06192 0.47353 2.10158
v -0.07260 0.46220 2.21240
v -0.10680 0.46120 2.30180
v -0.06576 0.53854 2.02437
v -0.04340 0.48600 2.05340
v -0.06576 0.93528 2.02437
v -0.04650 0.98853 2.05117
v -0.11900 0.99320 2.03400
v -0.06191 1.00084 2.10718
v -0.07260 1.01200 2.21240
v -0.10680 1.01240 2.30180
v 0.57817 0.63836 2.12391
v 0.58400 0.60520 2.14400
v 0.57353 0.74125 2.11553
v 0.57830 0.80804 2.12432
v 0.58400 0.83620 2.14400
v 0.67829 0.47520 2.21514
v 0.63331 0.56126 2.12675
v 0.66675 0.55983 2.18706
v 0.61025 0.63832 2.11287
v 0.66668 0.62336 2.19001
v 0.68222 0.66863 2.26143
v 0.60508 0.74248 2.10304
v 0.67373 0.73491 2.20775
v 0.68139 0.73496 2.26369
v 0.61213 0.80982 2.11423
v 0.66497 0.84114 2.18382
v 0.69000 0.79220 2.26200
v 0.63250 0.89820 2.13350
v 0.66223 0.92820 2.18722
v 0.72100 0.46914 2.21950
v 0.74760 0.46439 2.28813
v 0.72352 0.50757 2.21452
v 0.75648 0.52201 2.27952
v 0.78757 0.68063 2.13786
v 0.72793 0.63522 2.20117
v 0.73564 0.63507 2.28835
v 0.77276 0.65134 2.35461
v 0.78410 0.72702 2.13644
v 0.72893 0.73674 2.16636
v 0.73808 0.72952 2.32024
v 0.77445 0.74177 2.35778
v 0.72635 0.81604 2.21219
v 0.73978 0.82949 2.27485
v 0.77223 0.80412 2.35254
v 0.72296 0.94868 2.21122
v 0.75868 0.92900 2.28422
v 0.81525 0.46932 2.31638
v 0.82257 0.47534 2.36129
v 0.81033 0.53598 2.31022
v 0.86869 0.53923 2.40023
v 0.88900 0.58020 2.45100
v 0.80860 0.67973 2.13840
v 0.84656 0.64470 2.18872
v 0.84214 0.61833 2.29797
v 0.82216 0.64024 2.37212
v 0.80660 0.72366 2.13397
v 0.85050 0.74035 2.17154
v 0.86058 0.73376 2.29981
v 0.80403 0.74200 2.35583
v 0.84729 0.80971 2.20130
v 0.83592 0.83572 2.29880
v 0.87443 0.87993 2.40114
v 0.88900 0.86120 2.45100
v 0.80928 0.91692 2.31201
v 0.86042 0.91607 2.39694
v 0.90493 0.54394 2.40261
v 0.90450 0.57320 2.45050
v 0.90861 0.64798 2.22880
v 0.90100 0.66020 2.25150
v 0.92392 0.63466 2.42877
v 0.92132 0.64778 2.46468
v 0.91530 0.73438 2.22990
v 0.90676 0.72800 2.25152
v 0.93712 0.74626 2.43771
v 0.92674 0.74507 2.46796
v 0.90583 0.80503 2.22902
v 0.90000 0.79620 2.24800
v 0.91742 0.84232 2.41985
v 0.91330 0.83100 2.45920
v 0.90292 0.90126 2.40114
usemtl m010
f 2163 2245 2244
f 2163 2244 2162
f 2158 2240 2246
f 2158 2246 2164
f 2156 2238 2239
f 2156 2239 2157
f 2245 2163 2164
f 2245 2164 2246
f 2237 2238 2156
f 2157 2163 2162
f 2157 2162 2156
f 2245 2239 2238
f 2245 2238 2244
f 2162 2244 2238
f 2162 2238 2156
f 2158 2164 2163
f 2158 2163 2157
f 2240 2158 2157
f 2240 2157 2239
f 2245 2246 2239
f 2246 2240 2239
f 2156 2237 2155
f 2177 2176 2255
f 2177 2255 2256
f 2184 2178 2257
f 2184 2257 2267
f 2182 2183 2266
f 2182 2266 2265
f 2178 2177 2256
f 2178 2256 2257
f 2264 2182 2265
f 2183 2182 2176
f 2183 2176 2177
f 2256 2255 2265
f 2256 2265 2266
f 2176 2182 2265
f 2176 2265 2255
f 2184 2183 2177
f 2184 2177 2178
f 2183 2184 2267
f 2183 2267 2266
f 2267 2257 2256
f 2267 2256 2266
f 2264 2182 2181
f 2287 2284 2283
f 2227 2232 2287
f 2227 2287 2283
f 2168 2161 2162
f 2168 2162 2169
f 2161 2155 2156
f 2161 2156 2162
f 2155 2161 2160
f 2155 2160 2154
f 2161 2167 2160
f 2159 2153 2160
f 2153 2235 2154
f 2153 2154 2160
f 2286 2230 2229
f 2286 2229 2285
f 2228 2284 2229
f 2284 2285 2229
f 2159 2243 2234
f 2159 2234 2153
f 2243 2242 2234
f 2233 2234 2242
f 2234 2235 2153
f 2163 2246 2164
f 2172 2165 2247
f 2172 2247 2251
f 2165 2164 2246
f 2165 2246 2247
f 2172 2171 2164
f 2172 2164 2165
f 2171 2170 2163
f 2171 2163 2164
f 2170 2169 2162
f 2170 2162 2163
f 2242 2243 2250
f 2242 2250 2249
f 2243 2159 2166
f 2243 2166 2250
f 2228 2227 2283
f 2228 2283 2284
f 2241 2232 2233
f 2241 2233 2242
f 2248 2241 2242
f 2248 2242 2249
f 2163 2245 2246
f 2284 2287 2288
f 2246 2251 2247
f 2286 2236 2231
f 2236 2237 2231
f 2235 2234 2229
f 2235 2229 2230
f 2234 2233 2228
f 2234 2228 2229
f 2233 2232 2227
f 2233 2227 2228
f 2232 2241 2287
f 2230 2286 2231
f 2167 2161 2168
f 2166 2159 2160
f 2166 2160 2167
f 2235 2230 2152
f 2235 2152 2154
f 2230 2231 2152
f 2237 2155 2152
f 2237 2152 2231
f 2155 2154 2152
f 2268 2291 2289
f 2268 2289 2259
f 2291 2290 2289
f 2182 2181 2175
f 2182 2175 2176
f 2168 2169 2176
f 2168 2176 2175
f 2181 2180 2174
f 2181 2174 2175
f 2180 2262 2173
f 2180 2173 2174
f 2174 2167 2175
f 2294 2293 2270
f 2294 2270 2271
f 2293 2292 2270
f 2269 2270 2292
f 2173 2262 2261
f 2173 2261 2254
f 2260 2253 2254
f 2260 2254 2261
f 2177 2178 2257
f 2257 2178 2179
f 2257 2179 2258
f 2172 2251 2258
f 2172 2258 2179
f 2177 2170 2171
f 2177 2171 2178
f 2172 2179 2178
f 2172 2178 2171
f 2170 2177 2176
f 2170 2176 2169
f 2166 2173 2254
f 2166 2254 2250
f 2253 2249 2250
f 2253 2250 2254
f 2290 2291 2292
f 2291 2268 2269
f 2291 2269 2292
f 2260 2259 2252
f 2260 2252 2253
f 2253 2252 2248
f 2253 2248 2249
f 2177 2257 2256
f 2251 2257 2258
f 2294 2272 2263
f 2264 2263 2272
f 2262 2271 2270
f 2262 2270 2261
f 2269 2260 2261
f 2269 2261 2270
f 2268 2259 2260
f 2268 2260 2269
f 2259 2289 2252
f 2272 2294 2271
f 2167 2168 2175
f 2174 2173 2166
f 2174 2166 2167
f 2262 2180 2185
f 2262 2185 2271
f 2180 2181 2185
f 2264 2272 2185
f 2264 2185 2181
f 2272 2271 2185
f 2144 2145 2150
f 2144 2150 2149
f 2224 2216 2215
f 2146 2145 2216
f 2146 2216 2217
f 2150 2151 2226
f 2150 2226 2225
f 2217 2218 2147
f 2217 2147 2146
f 2224 2150 2225
f 2218 2217 2146
f 2218 2146 2147
f 2151 2146 2217
f 2151 2217 2226
f 2146 2151 2150
f 2146 2150 2145
f 2216 2225 2226
f 2216 2226 2217
f 2224 2225 2216
f 2145 2144 2215
f 2145 2215 2216
f 2149 2150 2224
f 2144 2149 2224
f 2144 2224 2215
f 2118 2119 2125
f 2126 2125 2119
f 2199 2192 2198
f 2126 2199 2198
f 2126 2198 2125
f 2119 2192 2193
f 2119 2193 2120
f 2119 2120 2126
f 2127 2200 2199
f 2127 2199 2126
f 2191 2192 2119
f 2121 2194 2200
f 2121 2200 2127
f 2200 2193 2199
f 2120 2193 2194
f 2120 2194 2121
f 2127 2126 2120
f 2127 2120 2121
f 2199 2193 2192
f 2198 2192 2191
f 2200 2194 2193
f 2191 2118 2125
f 2191 2125 2198
f 2119 2118 2191
f 2219 2279 2278
f 2219 2278 2212
f 2139 2146 2145
f 2137 2138 2145
f 2137 2145 2144
f 2144 2148 2143
f 2144 2143 2136
f 2135 2136 2143
f 2135 2143 2142
f 2142 2143 2148
f 2142 2148 2222
f 2282 2281 2221
f 2282 2221 2222
f 2220 2221 2280
f 2280 2221 2281
f 2135 2142 2214
f 2135 2214 2208
f 2208 2214 2213
f 2208 2213 2207
f 2220 2213 2214
f 2220 2214 2221
f 2221 2214 2142
f 2221 2142 2222
f 2140 2210 2218
f 2140 2218 2147
f 2141 2211 2210
f 2141 2210 2140
f 2134 2205 2211
f 2134 2211 2141
f 2140 2147 2146
f 2140 2146 2139
f 2145 2138 2139
f 2141 2140 2133
f 2141 2133 2134
f 2132 2133 2140
f 2132 2140 2139
f 2139 2138 2132
f 2132 2138 2131
f 2131 2138 2137
f 2131 2137 2130
f 2136 2129 2130
f 2136 2130 2137
f 2207 2202 2203
f 2207 2203 2208
f 2208 2203 2128
f 2208 2128 2135
f 2220 2280 2279
f 2220 2279 2219
f 2206 2207 2213
f 2206 2213 2212
f 2212 2213 2220
f 2212 2220 2219
f 2201 2202 2207
f 2201 2207 2206
f 2139 2217 2209
f 2217 2139 2146
f 2222 2223 2282
f 2136 2137 2144
f 2128 2129 2136
f 2128 2136 2135
f 2222 2148 2223
f 2224 2223 2148
f 2224 2148 2149
f 2149 2148 2144
f 2195 2277 2273
f 2195 2273 2186
f 2130 2124 2125
f 2130 2125 2131
f 2118 2124 2123
f 2118 2123 2117
f 2117 2123 2122
f 2117 2122 2189
f 2128 2122 2123
f 2128 2123 2129
f 2129 2123 2124
f 2276 2189 2188
f 2276 2188 2275
f 2275 2188 2274
f 2187 2274 2188
f 2128 2203 2197
f 2128 2197 2122
f 2122 2197 2188
f 2122 2188 2189
f 2187 2188 2197
f 2187 2197 2196
f 2196 2197 2203
f 2196 2203 2202
f 2126 2200 2127
f 2200 2205 2134
f 2200 2134 2127
f 2126 2127 2133
f 2126 2133 2132
f 2134 2133 2127
f 2124 2118 2125
f 2132 2131 2125
f 2132 2125 2126
f 2273 2274 2187
f 2273 2187 2186
f 2201 2195 2196
f 2201 2196 2202
f 2187 2196 2195
f 2187 2195 2186
f 2126 2199 2200
f 2200 2204 2205
f 2190 2189 2276
f 2129 2124 2130
f 2191 2118 2117
f 2191 2117 2190
f 2190 2117 2189
f 2330 2348 2345
f 2330 2345 2327
f 2344 2326 2327
f 2344 2327 2345
f 2323 2307 2310
f 2323 2310 2326
f 2326 2344 2323
f 2344 2341 2323
f 2340 2323 2341
f 2342 2357 2345
f 2357 2361 2345
f 2357 2356 2360
f 2357 2360 2361
f 2360 2345 2361
f 2360 2344 2345
f 2341 2344 2360
f 2341 2360 2356
f 2323 2340 2322
f 2316 2319 2337
f 2316 2337 2317
f 2317 2337 2333
f 2338 2333 2337
f 2317 2320 2319
f 2317 2319 2316
f 2304 2302 2319
f 2336 2337 2319
f 2352 2353 2338
f 2352 2337 2341
f 2352 2341 2356
f 2337 2352 2338
f 2337 2336 2340
f 2337 2340 2341
f 2336 2318 2322
f 2336 2322 2340
f 2319 2304 2307
f 2319 2307 2323
f 2318 2336 2319
f 2319 2323 2322
f 2319 2322 2318
f 2338 2353 2357
f 2338 2357 2342
f 2352 2356 2357
f 2353 2352 2357
f 2313 2330 2329
f 2330 2348 2349
f 2346 2349 2364
f 2310 2309 2298
f 2310 2298 2299
f 2309 2313 2312
f 2309 2310 2313
f 2362 2364 2349
f 2362 2349 2363
f 2346 2347 2349
f 2363 2349 2347
f 2363 2347 2346
f 2363 2346 2362
f 2363 2362 2359
f 2362 2359 2358
f 2297 2298 2309
f 2306 2297 2309
f 2346 2364 2362
f 2300 2314 2315
f 2302 2300 2315
f 2302 2315 2317
f 2302 2317 2316
f 2314 2316 2317
f 2314 2317 2315
f 2333 2315 2317
f 2333 2331 2315
f 2334 2331 2333
f 2331 2334 2332
f 2317 2334 2333
f 2317 2315 2334
f 2315 2332 2334
f 2315 2331 2332
f 2303 2301 2295
f 2302 2295 2301
f 2302 2296 2295
f 2296 2304 2295
f 2296 2302 2304
f 2304 2303 2295
f 2303 2302 2301
f 2334 2350 2351
f 2355 2351 2350
f 2334 2351 2335
f 2355 2335 2351
f 2334 2335 2339
f 2355 2339 2335
f 2355 2354 2339
f 2334 2339 2354
f 2354 2355 2350
f 2359 2355 2354
f 2359 2354 2358
f 2303 2304 2302
f 2297 2303 2306
f 2306 2303 2295
f 2306 2295 2297
f 2350 2334 2354
f 2303 2297 2295
f 2302 2316 2314
f 2302 2314 2300
f 2346 2343 2345
f 2342 2345 2343
f 2343 2346 2328
f 2328 2325 2343
f 2327 2307 2308
f 2308 2311 2327
f 2307 2310 2326
f 2310 2327 2326
f 2323 2307 2326
f 2308 2324 2327
f 2327 2310 2307
f 2346 2327 2328
f 2346 2345 2327
f 2327 2325 2328
f 2327 2324 2325
f 2339 2338 2342
f 2339 2342 2343
f 2320 2305 2304
f 2320 2304 2319
f 2304 2305 2308
f 2304 2308 2307
f 2320 2324 2308
f 2320 2308 2305
f 2339 2321 2320
f 2338 2339 2320
f 2321 2325 2324
f 2321 2324 2320
f 2321 2339 2343
f 2321 2343 2325
v -0.19957 -0.89420 1.93410
v -0.19458 -0.89180 2.00442
v -0.20420 -0.89160 2.50100
v -0.20130 -0.79517 1.92988
v -0.19447 -0.79685 2.00332
v -0.17200 -0.79580 2.47400
v -0.21829 -0.82594 2.55121
v -0.24075 -0.79513 2.62983
v -0.21604 -0.78202 2.72809
v -0.17633 -0.74847 2.57200
v -0.17915 -0.69603 2.60177
v -0.25200 -0.76680 2.73500
v -0.17000 -0.73302 2.85456
v -0.17800 -0.56980 2.57200
v -0.17944 -0.63191 2.60344
v -0.17075 -0.62897 2.86092
v -0.20130 -0.52133 1.92988
v -0.19447 -0.51969 2.00332
v -0.17200 -0.52180 2.47400
v -0.21133 -0.52002 2.55789
v -0.24075 -0.52247 2.62983
v -0.21754 -0.53618 2.72838
v -0.16900 -0.55547 2.84200
v -0.19957 -0.42230 1.93410
v -0.19458 -0.42480 2.00442
v -0.21345 -0.44553 2.52482
v -0.19957 0.50037 1.93410
v -0.19458 0.50287 2.00442
v -0.20420 0.50440 2.50100
v -0.20130 0.59950 1.92988
v -0.19447 0.59778 2.00332
v -0.17200 0.59987 2.47400
v -0.21829 0.56999 2.55121
v -0.24075 0.60062 2.62983
v -0.21604 0.61372 2.72809
v -0.17633 0.64720 2.57200
v -0.17915 0.69989 2.60177
v -0.25200 0.62920 2.73500
v -0.17000 0.66276 2.85456
v -0.17633 0.82620 2.57200
v -0.17944 0.76381 2.60344
v -0.17075 0.76678 2.86092
v -0.20130 0.87333 1.92988
v -0.19447 0.87504 2.00332
v -0.17200 0.87387 2.47400
v -0.21613 0.88170 2.55613
v -0.24075 0.87312 2.62983
v -0.21754 0.85953 2.72838
v -0.16900 0.84020 2.84200
v -0.19957 0.97220 1.93410
v -0.19458 0.96970 2.00442
v -0.21345 0.95020 2.52482
v -0.09943 -0.89837 1.92357
v -0.10000 -0.89355 2.01275
v -0.10080 -0.92940 2.30320
v -0.14633 -0.91797 2.41183
v -0.10100 -0.88930 2.50100
v -0.11233 -0.80180 1.89922
v -0.08788 -0.80883 2.03668
v -0.08517 -0.81680 2.11700
v -0.09643 -0.82351 2.19929
v -0.11643 -0.82466 2.29757
v -0.13938 -0.81095 2.42515
v -0.12605 -0.82030 2.54280
v -0.14220 -0.79130 2.63415
v -0.15443 -0.78319 2.74182
v -0.15938 -0.77768 2.80150
v -0.15300 -0.75530 2.57467
v -0.15341 -0.70875 2.62027
v -0.14317 -0.71930 2.72400
v -0.15694 -0.73115 2.83112
v -0.15481 -0.62191 2.61911
v -0.14300 -0.62180 2.71929
v -0.15506 -0.62233 2.83076
v -0.11400 -0.52130 1.89938
v -0.08752 -0.50989 2.03758
v -0.08517 -0.50080 2.11700
v -0.09643 -0.49409 2.19929
v -0.11643 -0.49294 2.29757
v -0.13938 -0.50649 2.42515
v -0.13400 -0.51428 2.55216
v -0.14200 -0.52766 2.63600
v -0.15422 -0.53480 2.74176
v -0.16071 -0.54730 2.81743
v -0.09937 -0.42380 1.92037
v -0.10000 -0.43100 2.01160
v -0.10080 -0.38820 2.30320
v -0.14633 -0.39963 2.41183
v -0.10008 -0.43095 2.50092
v -0.09943 0.49663 1.92357
v -0.10000 0.50145 2.01275
v -0.10080 0.46600 2.30320
v -0.14633 0.47803 2.41183
v -0.10150 0.50690 2.50100
v -0.11233 0.59298 1.89922
v -0.08833 0.58678 2.03661
v -0.08517 0.57920 2.11700
v -0.09643 0.57249 2.19929
v -0.11643 0.57106 2.29757
v -0.13938 0.58474 2.42515
v -0.12609 0.57311 2.54436
v -0.14220 0.60445 2.63415
v -0.15445 0.61243 2.74225
v -0.16014 0.61649 2.80186
v -0.15300 0.64003 2.57467
v -0.15341 0.68702 2.62027
v -0.14317 0.67620 2.72400
v -0.15678 0.66270 2.82933
v -0.15481 0.77394 2.61911
v -0.14300 0.77420 2.71929
v -0.15506 0.77361 2.83076
v -0.11400 0.87370 1.89938
v -0.08797 0.88533 2.03753
v -0.08517 0.89420 2.11700
v -0.09643 0.90106 2.19929
v -0.11643 0.90291 2.29757
v -0.13938 0.88905 2.42515
v -0.13400 0.88148 2.55216
v -0.14283 0.86811 2.63896
v -0.15418 0.86056 2.74220
v -0.16071 0.84827 2.81743
v -0.09937 0.97045 1.92037
v -0.10000 0.96340 2.01160
v -0.10080 1.00780 2.30320
v -0.14633 0.99553 2.41183
v -0.10036 0.96365 2.50091
v -0.01300 -0.90330 1.91217
v -0.00968 -0.90327 2.03632
v -0.00011 -0.91436 2.12233
v -0.01056 -0.92297 2.20400
v -0.01208 -0.92263 2.30392
v -0.05070 -0.91340 2.40910
v -0.01157 -0.81794 1.89800
v -0.03398 -0.82732 2.02965
v -0.02667 -0.83680 2.12000
v -0.02000 -0.85330 2.20300
v -0.04050 -0.85430 2.30100
v -0.05550 -0.85780 2.40550
v -0.01133 -0.50580 1.89817
v -0.03954 -0.49982 2.03000
v -0.04300 -0.48930 2.11900
v -0.03800 -0.47380 2.20200
v -0.05800 -0.47280 2.30000
v -0.01300 -0.41937 1.91000
v -0.01040 -0.41992 2.03569
v 0.00021 -0.40643 2.12232
v -0.01011 -0.39780 2.20400
v -0.01292 -0.39949 2.30377
v -0.05150 -0.41347 2.40850
v -0.01300 0.49103 1.91217
v -0.01054 0.49279 2.03619
v -0.00118 0.48167 2.12224
v -0.01331 0.47357 2.20388
v -0.01208 0.47295 2.30392
v -0.05070 0.48260 2.40910
v -0.01157 0.57634 1.89800
v -0.03398 0.56825 2.02965
v -0.02667 0.55853 2.12000
v -0.02000 0.54270 2.20300
v -0.04050 0.54120 2.30100
v -0.05550 0.53820 2.40550
v -0.01133 0.88920 1.89817
v -0.03954 0.89566 2.03000
v -0.04300 0.90670 2.11900
v -0.03800 0.92120 2.20200
v -0.05800 0.92320 2.30000
v -0.01300 0.97534 1.91000
v -0.01085 0.97542 2.03520
v -0.00078 0.98864 2.12222
v -0.01265 0.99667 2.20388
v -0.01292 0.99628 2.30377
v -0.05154 0.98328 2.40854
v 0.08800 -0.92688 1.90992
v 0.08936 -0.91080 2.02500
v 0.08261 -0.82586 1.92556
v 0.08040 -0.84060 2.00000
v 0.08424 -0.49309 1.92729
v 0.08650 -0.48155 1.99650
v 0.07320 -0.40570 1.90490
v 0.08658 -0.40963 2.02408
v 0.11675 -0.36430 1.91900
v 0.08564 0.47213 1.90893
v 0.08936 0.48411 2.02500
v 0.08424 0.57144 1.92729
v 0.08040 0.55380 2.00000
v 0.08424 0.90173 1.92729
v 0.08650 0.91270 1.99650
v 0.07320 0.98910 1.90490
v 0.08658 0.98512 2.02408
v 0.11675 1.03020 1.91900
v 0.18150 -0.96980 1.91950
v 0.18000 -0.91747 1.89400
v 0.17867 -0.93330 2.03633
v 0.17833 -0.83413 1.92478
v 0.17800 -0.84530 2.00100
v 0.17787 -0.48480 1.93988
v 0.17800 -0.47980 1.99200
v 0.18000 -0.43213 1.89400
v 0.17800 -0.42105 2.03325
v 0.18120 -0.35020 1.91440
v 0.17933 -0.35947 2.03167
v 0.18150 0.42520 1.91950
v 0.18000 0.47753 1.89400
v 0.17867 0.46153 2.03633
v 0.17825 0.55983 1.92850
v 0.17800 0.54970 2.00100
v 0.17800 0.91006 1.93343
v 0.17800 0.91520 1.99200
v 0.18000 0.96253 1.89400
v 0.17800 0.97345 2.03325
v 0.18120 1.04440 1.91440
v 0.17933 1.03520 2.03167
v 0.28862 -0.98005 1.92000
v 0.28433 -0.97813 2.03400
v 0.29129 -0.91923 1.89186
v 0.28200 -0.92547 2.04550
v 0.28100 -0.84380 1.89327
v 0.28033 -0.84530 1.99725
v 0.28387 -0.47493 1.89350
v 0.27567 -0.47547 1.99233
v 0.29129 -0.42780 1.89186
v 0.28729 -0.42994 2.02914
v 0.28810 -0.34000 1.91440
v 0.28375 -0.34293 2.03863
v 0.28862 0.41470 1.92000
v 0.28433 0.41670 2.03400
v 0.29129 0.47549 1.89186
v 0.28200 0.46920 2.04550
v 0.28430 0.55020 1.89320
v 0.28033 0.54945 1.99725
v 0.28387 0.91983 1.89350
v 0.27567 0.91920 1.99233
v 0.29129 0.96663 1.89186
v 0.28729 0.96463 2.02914
v 0.28810 1.05460 1.91440
v 0.28375 1.05170 2.03863
v 0.40025 -0.97155 1.91800
v 0.39567 -0.97113 2.02267
v 0.39950 -0.91355 1.88800
v 0.39525 -0.91005 2.03225
v 0.39840 -0.85100 1.88920
v 0.39440 -0.85240 2.00260
v 0.39900 -0.44755 1.88875
v 0.39500 -0.44830 2.01300
v 0.39980 -0.34800 1.91200
v 0.39500 -0.34930 2.02650
v 0.40025 0.42270 1.91800
v 0.39567 0.42320 2.02267
v 0.39950 0.48145 1.88800
v 0.39525 0.48495 2.03225
v 0.39840 0.54360 1.88920
v 0.39440 0.54240 2.00260
v 0.39900 0.94733 1.88875
v 0.39500 0.94620 2.01300
v 0.39980 1.04700 1.91200
v 0.39500 1.04570 2.02650
v 0.47340 -0.91640 1.88500
v 0.50557 -0.93759 1.92779
v 0.47969 -0.92072 2.01000
v 0.48133 -0.85080 1.88567
v 0.47550 -0.84880 1.88750
v 0.49430 -0.85610 2.00180
v 0.47800 -0.43337 1.88529
v 0.51000 -0.39672 1.92277
v 0.49075 -0.43325 2.00600
v 0.46500 -0.36380 1.88500
v 0.46633 -0.36080 1.92267
v 0.45467 -0.36180 2.00933
v 0.47340 0.47840 1.88500
v 0.50557 0.45691 1.92779
v 0.47969 0.47374 2.01000
v 0.48133 0.54353 1.88567
v 0.47550 0.54570 1.88750
v 0.49430 0.53850 2.00180
v 0.47800 0.96134 1.88529
v 0.51000 0.99812 1.92277
v 0.49075 0.96150 2.00600
v 0.46500 1.03020 1.88500
v 0.46633 1.03387 1.92267
v 0.45467 1.03253 2.00933
v 0.54723 -0.89357 1.93369
v 0.55395 -0.84845 1.93115
v 0.55408 -0.47063 1.91658
v 0.54971 -0.43880 1.94105
v 0.54723 0.50128 1.93369
v 0.55395 0.54615 1.93115
v 0.55408 0.92412 1.91658
v 0.54971 0.95572 1.94105
usemtl m011
f 2472 2475 2406
f 2472 2406 2403
f 2465 2525 2464
f 2525 2524 2464
f 2463 2464 2524
f 2463 2524 2523
f 2463 2523 2462
f 2522 2462 2523
f 2518 2456 2517
f 2456 2518 2457
f 2518 2519 2457
f 2458 2457 2519
f 2458 2393 2457
f 2458 2465 2397
f 2465 2466 2398
f 2465 2398 2397
f 2397 2393 2458
f 2465 2519 2525
f 2519 2518 2525
f 2524 2525 2518
f 2522 2523 2517
f 2522 2517 2516
f 2523 2524 2518
f 2523 2518 2517
f 2471 2474 2475
f 2471 2475 2472
f 2522 2521 2461
f 2462 2522 2461
f 2470 2471 2467
f 2470 2467 2466
f 2467 2472 2468
f 2467 2471 2472
f 2465 2458 2519
f 2461 2521 2460
f 2522 2516 2521
f 2516 2515 2521
f 2403 2468 2472
f 2466 2399 2398
f 2470 2473 2474
f 2470 2474 2471
f 2467 2399 2466
f 2469 2466 2465
f 2469 2470 2466
f 2396 2397 2465
f 2396 2465 2464
f 2397 2400 2469
f 2397 2469 2465
f 2470 2469 2401
f 2400 2401 2469
f 2401 2405 2473
f 2401 2473 2470
f 2485 2406 2475
f 2482 2481 2536
f 2480 2530 2481
f 2530 2535 2536
f 2530 2536 2481
f 2480 2479 2529
f 2480 2529 2530
f 2479 2528 2529
f 2533 2534 2529
f 2533 2529 2528
f 2534 2535 2530
f 2534 2530 2529
f 2534 2488 2535
f 2488 2489 2535
f 2489 2416 2490
f 2490 2536 2489
f 2536 2535 2489
f 2490 2416 2482
f 2410 2411 2416
f 2411 2483 2482
f 2411 2482 2416
f 2490 2482 2536
f 2528 2478 2527
f 2478 2528 2479
f 2484 2474 2473
f 2484 2473 2483
f 2484 2485 2475
f 2484 2475 2474
f 2527 2533 2528
f 2478 2477 2527
f 2533 2527 2532
f 2413 2406 2485
f 2412 2483 2411
f 2483 2412 2484
f 2482 2483 2473
f 2482 2404 2410
f 2409 2481 2482
f 2409 2482 2410
f 2404 2482 2405
f 2482 2473 2405
f 2615 2613 2591
f 2615 2591 2593
f 2549 2547 2568
f 2549 2568 2570
f 2592 2594 2570
f 2592 2570 2568
f 2520 2548 2546
f 2650 2649 2633
f 2650 2633 2636
f 2613 2615 2636
f 2613 2636 2633
f 2616 2614 2635
f 2616 2635 2638
f 2546 2567 2566
f 2567 2591 2589
f 2567 2589 2566
f 2614 2592 2590
f 2614 2590 2612
f 2514 2520 2546
f 2649 2634 2633
f 2546 2548 2569
f 2546 2569 2567
f 2593 2591 2567
f 2593 2567 2569
f 2614 2594 2592
f 2614 2616 2594
f 2549 2570 2569
f 2549 2569 2548
f 2570 2594 2569
f 2521 2549 2548
f 2650 2636 2637
f 2636 2615 2637
f 2589 2590 2568
f 2589 2568 2566
f 2547 2546 2566
f 2547 2566 2568
f 2612 2611 2634
f 2612 2634 2635
f 2515 2514 2546
f 2515 2546 2547
f 2635 2634 2649
f 2611 2612 2590
f 2611 2590 2589
f 2650 2638 2635
f 2650 2635 2649
f 2514 2515 2454
f 2515 2455 2454
f 2392 2391 2454
f 2392 2454 2455
f 2391 2394 2459
f 2391 2459 2454
f 2520 2514 2454
f 2520 2454 2459
f 2521 2515 2547
f 2521 2547 2549
f 2613 2611 2589
f 2613 2589 2591
f 2590 2592 2568
f 2611 2633 2634
f 2611 2613 2633
f 2614 2612 2635
f 2515 2521 2460
f 2515 2460 2455
f 2395 2392 2455
f 2395 2455 2460
f 2392 2395 2394
f 2392 2394 2391
f 2551 2572 2574
f 2572 2596 2598
f 2572 2598 2574
f 2574 2553 2551
f 2531 2552 2550
f 2531 2550 2526
f 2552 2554 2575
f 2599 2619 2617
f 2599 2617 2597
f 2600 2574 2598
f 2652 2639 2640
f 2619 2639 2617
f 2641 2620 2618
f 2553 2532 2527
f 2553 2527 2551
f 2552 2573 2550
f 2595 2571 2573
f 2595 2573 2597
f 2571 2550 2573
f 2408 2477 2487
f 2527 2532 2487
f 2527 2487 2477
f 2407 2486 2476
f 2531 2526 2476
f 2531 2476 2486
f 2617 2595 2597
f 2551 2550 2571
f 2551 2571 2572
f 2596 2572 2571
f 2652 2651 2639
f 2527 2550 2551
f 2618 2598 2596
f 2651 2640 2639
f 2617 2639 2640
f 2599 2575 2576
f 2599 2576 2600
f 2575 2554 2553
f 2575 2553 2576
f 2640 2643 2644
f 2643 2619 2620
f 2643 2620 2644
f 2644 2641 2640
f 2554 2552 2553
f 2552 2531 2532
f 2552 2532 2553
f 2641 2652 2640
f 2619 2599 2600
f 2619 2600 2620
f 2531 2486 2532
f 2415 2487 2486
f 2415 2486 2414
f 2487 2532 2486
f 2486 2407 2414
f 2552 2575 2573
f 2575 2599 2597
f 2575 2597 2573
f 2620 2600 2598
f 2620 2598 2618
f 2553 2574 2576
f 2574 2600 2576
f 2640 2639 2642
f 2639 2619 2642
f 2619 2643 2642
f 2643 2640 2642
f 2620 2641 2644
f 2408 2487 2415
f 2407 2408 2415
f 2407 2415 2414
f 2448 2380 2438
f 2445 2444 2513
f 2513 2444 2507
f 2513 2507 2512
f 2443 2507 2444
f 2443 2442 2506
f 2443 2506 2507
f 2507 2506 2511
f 2507 2511 2512
f 2510 2511 2506
f 2510 2506 2505
f 2505 2506 2442
f 2512 2511 2451
f 2451 2452 2512
f 2512 2452 2513
f 2453 2513 2452
f 2453 2452 2390
f 2453 2390 2445
f 2445 2390 2385
f 2445 2385 2446
f 2384 2385 2390
f 2453 2445 2513
f 2505 2441 2504
f 2442 2441 2505
f 2447 2437 2436
f 2447 2436 2446
f 2447 2448 2438
f 2447 2438 2437
f 2505 2504 2510
f 2441 2440 2504
f 2510 2504 2509
f 2387 2380 2448
f 2446 2385 2386
f 2447 2446 2386
f 2445 2446 2436
f 2383 2444 2445
f 2383 2445 2384
f 2436 2379 2445
f 2384 2445 2379
f 2379 2378 2384
f 2380 2377 2435
f 2380 2435 2438
f 2428 2502 2427
f 2426 2427 2501
f 2501 2427 2502
f 2426 2501 2500
f 2426 2500 2425
f 2425 2500 2499
f 2494 2495 2419
f 2419 2495 2420
f 2420 2421 2367
f 2421 2420 2496
f 2496 2420 2495
f 2421 2428 2371
f 2421 2371 2367
f 2372 2371 2428
f 2372 2428 2429
f 2428 2496 2502
f 2501 2502 2495
f 2495 2502 2496
f 2495 2494 2500
f 2495 2500 2501
f 2499 2500 2494
f 2499 2494 2493
f 2438 2435 2434
f 2438 2434 2437
f 2499 2498 2424
f 2424 2425 2499
f 2430 2429 2433
f 2430 2433 2434
f 2435 2431 2430
f 2435 2430 2434
f 2428 2421 2496
f 2424 2498 2423
f 2499 2493 2498
f 2492 2498 2493
f 2377 2431 2435
f 2373 2372 2429
f 2437 2434 2433
f 2437 2433 2436
f 2429 2430 2373
f 2432 2429 2428
f 2432 2433 2429
f 2432 2428 2371
f 2432 2371 2374
f 2370 2371 2428
f 2370 2428 2427
f 2374 2375 2432
f 2432 2375 2433
f 2436 2433 2375
f 2436 2375 2379
f 2542 2561 2563
f 2542 2563 2544
f 2586 2563 2561
f 2586 2561 2584
f 2508 2543 2541
f 2508 2541 2503
f 2543 2545 2564
f 2607 2585 2587
f 2607 2587 2609
f 2588 2563 2586
f 2648 2627 2628
f 2609 2627 2607
f 2608 2629 2610
f 2504 2542 2544
f 2504 2544 2509
f 2543 2562 2541
f 2541 2562 2560
f 2583 2560 2562
f 2583 2562 2585
f 2382 2440 2450
f 2450 2440 2504
f 2450 2504 2509
f 2508 2503 2439
f 2508 2439 2449
f 2449 2439 2381
f 2607 2583 2585
f 2542 2541 2560
f 2542 2560 2561
f 2561 2560 2584
f 2648 2647 2627
f 2504 2541 2542
f 2586 2584 2608
f 2647 2628 2627
f 2627 2628 2607
f 2587 2564 2565
f 2587 2565 2588
f 2544 2565 2564
f 2544 2564 2545
f 2628 2631 2632
f 2628 2632 2629
f 2610 2632 2631
f 2610 2631 2609
f 2545 2543 2544
f 2509 2544 2543
f 2509 2543 2508
f 2629 2648 2628
f 2609 2587 2588
f 2609 2588 2610
f 2508 2449 2509
f 2509 2449 2450
f 2389 2450 2449
f 2389 2449 2388
f 2388 2449 2381
f 2543 2564 2562
f 2585 2562 2564
f 2585 2564 2587
f 2610 2588 2586
f 2610 2586 2608
f 2544 2563 2565
f 2588 2565 2563
f 2628 2627 2630
f 2628 2630 2631
f 2609 2631 2630
f 2609 2630 2627
f 2610 2629 2632
f 2382 2450 2389
f 2389 2388 2381
f 2389 2381 2382
f 2605 2603 2579
f 2605 2579 2581
f 2580 2582 2559
f 2580 2559 2557
f 2557 2559 2540
f 2557 2540 2538
f 2646 2645 2621
f 2646 2621 2624
f 2624 2621 2603
f 2624 2603 2605
f 2606 2604 2623
f 2606 2623 2626
f 2577 2555 2556
f 2577 2556 2579
f 2537 2556 2555
f 2604 2580 2578
f 2604 2578 2602
f 2539 2537 2491
f 2539 2491 2497
f 2645 2622 2621
f 2537 2539 2558
f 2537 2558 2556
f 2556 2558 2581
f 2556 2581 2579
f 2604 2582 2580
f 2582 2604 2606
f 2540 2559 2558
f 2540 2558 2539
f 2582 2558 2559
f 2498 2540 2539
f 2646 2624 2625
f 2605 2625 2624
f 2577 2578 2557
f 2577 2557 2555
f 2555 2557 2538
f 2555 2538 2537
f 2622 2623 2602
f 2622 2602 2601
f 2537 2538 2492
f 2537 2492 2491
f 2623 2622 2645
f 2601 2602 2578
f 2601 2578 2577
f 2623 2645 2646
f 2623 2646 2626
f 2491 2492 2417
f 2366 2365 2417
f 2366 2417 2418
f 2418 2417 2492
f 2497 2491 2417
f 2497 2417 2422
f 2422 2417 2365
f 2422 2365 2368
f 2498 2492 2538
f 2498 2538 2540
f 2603 2601 2577
f 2603 2577 2579
f 2557 2578 2580
f 2621 2601 2603
f 2601 2621 2622
f 2604 2602 2623
f 2369 2366 2418
f 2369 2418 2423
f 2423 2418 2492
f 2423 2492 2498
f 2368 2365 2366
f 2368 2366 2369
v -0.19982 -0.77637 1.91896
v -0.19442 -0.77700 1.99954
v -0.15900 -0.82580 2.19800
v -0.16500 -0.83009 2.31114
v -0.17200 -0.81280 2.40960
v -0.17300 -0.78612 2.51773
v -0.20422 -0.73431 1.91571
v -0.20070 -0.73413 1.99815
v -0.17113 -0.75867 2.56419
v -0.17947 -0.72327 2.59726
v -0.20354 -0.61965 1.91531
v -0.19975 -0.61939 1.99850
v -0.15367 -0.62613 2.55867
v -0.18005 -0.62275 2.60582
v -0.20062 -0.54363 1.91785
v -0.19609 -0.54329 1.99914
v -0.15900 -0.48980 2.19800
v -0.16500 -0.48587 2.31114
v -0.17200 -0.50380 2.40960
v -0.17325 -0.53730 2.53619
v -0.17908 -0.56472 2.58525
v -0.17479 0.61441 1.90105
v -0.17445 0.61435 2.00430
v -0.15900 0.56820 2.19800
v -0.16500 0.56391 2.31114
v -0.17200 0.58120 2.40960
v -0.17485 0.60665 2.51580
v -0.20406 0.63576 1.91913
v -0.20130 0.63801 1.99795
v -0.16928 0.63359 2.56117
v -0.17947 0.67046 2.59726
v -0.20354 0.77480 1.91531
v -0.19975 0.77501 1.99850
v -0.15367 0.76787 2.55867
v -0.18005 0.77105 2.60582
v -0.20095 0.85111 1.91825
v -0.19614 0.85135 1.99904
v -0.15900 0.90420 2.19800
v -0.16500 0.90813 2.31114
v -0.17200 0.89020 2.40960
v -0.17325 0.85664 2.53619
v -0.17908 0.82928 2.58525
v -0.09997 -0.78823 1.89997
v -0.08843 -0.80034 2.02357
v -0.09269 -0.81488 2.11692
v -0.10817 -0.82155 2.20367
v -0.12743 -0.82107 2.30898
v -0.14163 -0.80668 2.41150
v -0.14733 -0.78080 2.49167
v -0.09667 -0.72830 1.89900
v -0.08405 -0.72390 2.01674
v -0.06800 -0.71980 2.12133
v -0.08833 -0.72680 2.20500
v -0.11470 -0.71530 2.30900
v -0.13200 -0.72713 2.41467
v -0.14820 -0.73440 2.51660
v -0.10036 -0.61844 1.89900
v -0.08393 -0.62573 2.01720
v -0.06800 -0.62913 2.12100
v -0.08800 -0.62480 2.20500
v -0.11467 -0.61987 2.30907
v -0.13200 -0.62313 2.41567
v -0.14600 -0.62613 2.50333
v -0.09845 -0.53192 1.89985
v -0.08791 -0.52207 2.02220
v -0.09093 -0.50480 2.11729
v -0.10669 -0.49834 2.20377
v -0.12743 -0.49487 2.30898
v -0.14056 -0.51469 2.41167
v -0.14850 -0.54863 2.50883
v -0.09859 0.60544 1.90000
v -0.08721 0.59330 2.02375
v -0.09269 0.57912 2.11692
v -0.10817 0.57245 2.20367
v -0.12863 0.56836 2.30896
v -0.14163 0.58732 2.41150
v -0.14850 0.60920 2.49150
v -0.09957 0.65977 1.89900
v -0.08555 0.66800 2.01611
v -0.06800 0.67420 2.12133
v -0.08833 0.66720 2.20500
v -0.11487 0.65873 2.30907
v -0.13200 0.66687 2.41467
v -0.14767 0.65320 2.51250
v -0.09667 0.76642 1.89900
v -0.08223 0.76576 2.01792
v -0.06800 0.76487 2.12100
v -0.08800 0.76920 2.20500
v -0.11467 0.77413 2.30907
v -0.13200 0.77053 2.41567
v -0.14600 0.76787 2.50333
v -0.10050 0.86028 1.89981
v -0.08804 0.87108 2.02201
v -0.09093 0.88913 2.11729
v -0.10669 0.89566 2.20377
v -0.12743 0.89907 2.30898
v -0.14056 0.87931 2.41167
v -0.14850 0.84537 2.50883
v -0.00315 -0.80045 1.89908
v -0.01470 -0.79773 2.00423
v 0.00300 -0.72330 1.89800
v -0.03700 -0.71893 2.02592
v 0.00300 -0.62463 1.89800
v -0.03700 -0.62905 2.02600
v -0.00271 -0.51944 1.89900
v -0.01939 -0.52775 2.00876
v -0.00217 0.59195 1.89913
v -0.01463 0.59477 2.00397
v 0.00300 0.65807 1.89800
v -0.03396 0.67074 2.02358
v 0.00300 0.76987 1.89800
v -0.03700 0.76508 2.02600
v -0.00230 0.87487 1.89900
v -0.02023 0.86682 2.00838
v 0.08314 -0.81173 1.89717
v 0.08517 -0.81194 1.98697
v 0.08500 -0.72936 1.89633
v 0.08600 -0.72936 1.98922
v 0.08500 -0.62147 1.89633
v 0.08600 -0.62147 1.98933
v 0.08331 -0.50952 1.89709
v 0.08525 -0.50933 1.98716
v 0.08307 0.58316 1.89718
v 0.08417 0.58270 1.98700
v 0.08500 0.66553 1.89633
v 0.08600 0.66553 1.98922
v 0.08500 0.77276 1.89633
v 0.08600 0.77276 1.98933
v 0.08430 0.88556 1.89706
v 0.08529 0.88591 1.98715
v 0.18332 -0.82351 1.89594
v 0.18917 -0.82513 1.98736
v 0.18033 -0.73424 1.89500
v 0.17900 -0.73424 1.98833
v 0.18033 -0.61891 1.89500
v 0.17900 -0.61891 1.98833
v 0.18306 -0.49789 1.89585
v 0.18838 -0.49577 1.98744
v 0.18238 0.57175 1.89597
v 0.19100 0.56942 1.98747
v 0.18033 0.66042 1.89500
v 0.17900 0.66042 1.98833
v 0.18033 0.77542 1.89500
v 0.17900 0.77542 1.98833
v 0.18306 0.89685 1.89585
v 0.18810 0.89917 1.98735
v 0.28522 -0.82864 1.89389
v 0.28822 -0.82768 1.99509
v 0.28633 -0.72063 1.89300
v 0.28233 -0.72080 1.99633
v 0.28633 -0.61647 1.89300
v 0.28233 -0.61647 1.99633
v 0.27823 -0.49061 1.89400
v 0.28021 -0.49372 1.99487
v 0.32133 -0.47380 1.89333
v 0.31725 -0.47368 1.99638
v 0.28409 0.56126 1.89400
v 0.29028 0.56361 1.99524
v 0.28633 0.65587 1.89300
v 0.27762 0.66070 1.99588
v 0.28633 0.75753 1.89300
v 0.28233 0.75753 1.99633
v 0.27252 0.88876 1.89388
v 0.27642 0.88078 1.99521
v 0.30300 0.91870 1.89381
v 0.30267 0.91927 1.99540
v 0.40112 -0.83717 1.88995
v 0.39455 -0.83949 2.00331
v 0.40200 -0.72347 1.88933
v 0.39667 -0.72430 2.00567
v 0.40200 -0.63580 1.88933
v 0.39667 -0.63563 2.00567
v 0.40200 -0.51620 1.88933
v 0.39400 -0.51744 2.00521
v 0.40076 -0.46997 1.89021
v 0.39500 -0.46793 2.00268
v 0.40112 0.55752 1.88995
v 0.39455 0.55520 2.00331
v 0.40200 0.67137 1.88933
v 0.39667 0.67037 2.00567
v 0.40200 0.75853 1.88933
v 0.39667 0.75870 2.00567
v 0.40200 0.86887 1.88933
v 0.39667 0.87037 2.00550
v 0.40087 0.92401 1.89012
v 0.39397 0.92617 2.00273
v 0.51029 -0.83607 1.89088
v 0.50325 -0.84478 1.99942
v 0.51233 -0.72313 1.89000
v 0.49733 -0.72547 2.00400
v 0.51643 -0.62709 1.89057
v 0.49733 -0.63530 2.00400
v 0.51233 -0.51047 1.89000
v 0.49733 -0.52105 2.00383
v 0.50832 -0.47101 1.89114
v 0.50445 -0.46485 1.99852
v 0.51029 0.55859 1.89088
v 0.50325 0.54982 1.99942
v 0.51233 0.67153 1.89000
v 0.49733 0.66870 2.00400
v 0.51233 0.75837 1.89000
v 0.49733 0.75920 2.00400
v 0.51454 0.87166 1.89031
v 0.49733 0.87345 2.00383
v 0.50871 0.92317 1.89103
v 0.50445 0.92986 1.99852
v 0.55842 -0.83604 1.93876
v 0.54200 -0.81013 1.98900
v 0.56183 -0.72297 1.93833
v 0.54200 -0.72530 1.98900
v 0.56220 -0.62367 1.93387
v 0.54200 -0.63530 1.98900
v 0.56184 -0.50638 1.93855
v 0.54200 -0.52230 1.98900
v 0.55658 -0.47089 1.94007
v 0.55857 0.55862 1.93804
v 0.54200 0.58453 1.98900
v 0.56183 0.67178 1.93833
v 0.54200 0.66970 1.98900
v 0.56183 0.75837 1.93833
v 0.54200 0.75920 1.98900
v 0.56200 0.87309 1.93585
v 0.54200 0.87220 1.98900
v 0.55716 0.92309 1.93976
usemtl m012
f 2679 2678 2728
f 2678 2727 2728
f 2729 2682 2679
f 2728 2729 2679
f 2724 2731 2762
f 2724 2762 2760
f 2736 2728 2735
f 2727 2734 2735
f 2727 2735 2728
f 2727 2726 2733
f 2727 2733 2734
f 2726 2725 2732
f 2726 2732 2733
f 2736 2743 2686
f 2736 2686 2682
f 2687 2683 2682
f 2687 2682 2686
f 2731 2738 2764
f 2731 2764 2762
f 2677 2727 2678
f 2726 2727 2677
f 2677 2676 2726
f 2676 2725 2726
f 2725 2724 2731
f 2725 2731 2732
f 2729 2736 2682
f 2728 2736 2729
f 2743 2736 2735
f 2743 2735 2742
f 2734 2741 2742
f 2734 2742 2735
f 2739 2740 2733
f 2739 2733 2732
f 2740 2741 2734
f 2740 2734 2733
f 2739 2732 2731
f 2739 2731 2738
f 2762 2764 2738
f 2762 2738 2731
f 2693 2687 2686
f 2693 2686 2750
f 2743 2750 2686
f 2748 2692 2749
f 2692 2693 2749
f 2693 2750 2749
f 2764 2738 2745
f 2764 2745 2766
f 2743 2742 2749
f 2743 2749 2750
f 2742 2741 2748
f 2742 2748 2749
f 2741 2740 2747
f 2741 2747 2748
f 2740 2739 2746
f 2740 2746 2747
f 2691 2692 2748
f 2746 2690 2747
f 2691 2747 2690
f 2691 2748 2747
f 2746 2739 2738
f 2746 2738 2745
f 2687 2693 2694
f 2775 2777 2793
f 2775 2793 2791
f 2777 2779 2795
f 2777 2795 2793
f 2813 2811 2793
f 2813 2793 2795
f 2811 2809 2791
f 2811 2791 2793
f 2849 2851 2870
f 2849 2870 2868
f 2851 2853 2872
f 2851 2872 2870
f 2852 2854 2834
f 2852 2834 2832
f 2850 2852 2832
f 2850 2832 2830
f 2775 2759 2761
f 2762 2776 2778
f 2780 2764 2762
f 2780 2762 2778
f 2680 2723 2674
f 2723 2680 2730
f 2730 2761 2759
f 2730 2759 2723
f 2776 2762 2760
f 2832 2812 2810
f 2832 2810 2830
f 2834 2814 2812
f 2834 2812 2832
f 2780 2778 2794
f 2780 2794 2796
f 2778 2776 2792
f 2778 2792 2794
f 2810 2812 2794
f 2810 2794 2792
f 2812 2814 2796
f 2812 2796 2794
f 2851 2849 2829
f 2851 2829 2831
f 2853 2851 2831
f 2853 2831 2833
f 2777 2775 2761
f 2779 2777 2761
f 2779 2761 2763
f 2811 2813 2833
f 2811 2833 2831
f 2809 2811 2829
f 2811 2831 2829
f 2685 2684 2680
f 2685 2680 2681
f 2684 2737 2730
f 2684 2730 2680
f 2737 2763 2761
f 2737 2761 2730
f 2724 2681 2675
f 2681 2724 2731
f 2738 2685 2681
f 2738 2681 2731
f 2872 2873 2871
f 2872 2871 2870
f 2873 2854 2852
f 2873 2852 2871
f 2870 2871 2869
f 2870 2869 2868
f 2871 2852 2850
f 2871 2850 2869
f 2850 2868 2869
f 2795 2779 2781
f 2795 2781 2797
f 2815 2795 2797
f 2795 2815 2813
f 2855 2874 2872
f 2855 2872 2853
f 2856 2836 2834
f 2856 2834 2854
f 2815 2837 2835
f 2837 2815 2817
f 2874 2855 2857
f 2874 2857 2876
f 2837 2857 2855
f 2837 2855 2835
f 2858 2838 2836
f 2858 2836 2856
f 2780 2782 2766
f 2780 2766 2764
f 2816 2814 2834
f 2816 2834 2836
f 2816 2836 2838
f 2818 2816 2838
f 2816 2796 2814
f 2796 2816 2798
f 2780 2796 2798
f 2780 2798 2782
f 2835 2855 2853
f 2835 2853 2833
f 2779 2763 2765
f 2779 2765 2781
f 2815 2835 2833
f 2815 2833 2813
f 2688 2684 2685
f 2688 2685 2689
f 2684 2744 2737
f 2684 2688 2744
f 2765 2763 2737
f 2765 2737 2744
f 2689 2685 2745
f 2685 2738 2745
f 2798 2816 2818
f 2856 2854 2873
f 2856 2873 2875
f 2872 2874 2875
f 2872 2875 2873
f 2858 2856 2875
f 2874 2876 2858
f 2874 2858 2875
f 2715 2722 2665
f 2665 2722 2672
f 2665 2672 2666
f 2672 2721 2671
f 2671 2721 2720
f 2721 2672 2722
f 2717 2758 2756
f 2717 2756 2710
f 2715 2714 2721
f 2715 2721 2722
f 2720 2721 2714
f 2720 2714 2713
f 2711 2718 2719
f 2711 2719 2712
f 2712 2719 2720
f 2712 2720 2713
f 2670 2671 2720
f 2719 2670 2720
f 2670 2719 2669
f 2669 2719 2718
f 2710 2717 2718
f 2710 2718 2711
f 2666 2672 2673
f 2699 2700 2657
f 2657 2700 2658
f 2658 2700 2701
f 2696 2703 2754
f 2696 2754 2752
f 2707 2699 2706
f 2699 2707 2700
f 2700 2707 2708
f 2700 2708 2701
f 2706 2699 2705
f 2697 2704 2705
f 2697 2705 2698
f 2698 2705 2699
f 2666 2662 2661
f 2666 2661 2665
f 2665 2661 2708
f 2665 2708 2715
f 2756 2754 2703
f 2756 2703 2710
f 2656 2699 2657
f 2697 2698 2655
f 2656 2655 2698
f 2656 2698 2699
f 2697 2696 2703
f 2697 2703 2704
f 2661 2658 2708
f 2708 2658 2701
f 2715 2708 2707
f 2715 2707 2714
f 2714 2707 2706
f 2714 2706 2713
f 2713 2706 2705
f 2713 2705 2712
f 2712 2705 2704
f 2712 2704 2711
f 2711 2704 2703
f 2711 2703 2710
f 2710 2703 2754
f 2710 2754 2756
f 2773 2789 2787
f 2773 2787 2771
f 2803 2787 2789
f 2803 2789 2805
f 2845 2865 2863
f 2845 2863 2843
f 2846 2826 2824
f 2846 2824 2844
f 2805 2827 2825
f 2847 2867 2865
f 2847 2865 2845
f 2845 2825 2827
f 2845 2827 2847
f 2848 2828 2826
f 2848 2826 2846
f 2772 2774 2758
f 2772 2758 2756
f 2826 2806 2804
f 2804 2824 2826
f 2826 2828 2806
f 2772 2788 2790
f 2772 2790 2774
f 2806 2790 2788
f 2806 2788 2804
f 2843 2823 2825
f 2843 2825 2845
f 2771 2755 2757
f 2771 2757 2773
f 2803 2825 2823
f 2805 2825 2803
f 2667 2663 2664
f 2667 2664 2668
f 2709 2716 2757
f 2709 2757 2755
f 2716 2709 2663
f 2716 2663 2667
f 2668 2664 2710
f 2668 2710 2717
f 2805 2807 2827
f 2828 2808 2806
f 2846 2844 2864
f 2846 2864 2866
f 2866 2864 2863
f 2866 2863 2865
f 2848 2846 2866
f 2848 2866 2865
f 2865 2867 2848
f 2767 2769 2785
f 2767 2785 2783
f 2783 2785 2799
f 2801 2799 2785
f 2803 2801 2785
f 2803 2785 2787
f 2787 2785 2769
f 2787 2769 2771
f 2863 2861 2841
f 2863 2841 2843
f 2861 2859 2839
f 2861 2839 2841
f 2822 2820 2840
f 2822 2840 2842
f 2824 2822 2842
f 2824 2842 2844
f 2770 2754 2752
f 2770 2752 2768
f 2772 2756 2754
f 2772 2754 2770
f 2751 2695 2702
f 2659 2702 2695
f 2659 2695 2653
f 2802 2822 2824
f 2802 2824 2804
f 2800 2820 2822
f 2800 2822 2802
f 2772 2770 2786
f 2772 2786 2788
f 2788 2786 2802
f 2788 2802 2804
f 2800 2786 2784
f 2786 2800 2802
f 2784 2786 2770
f 2784 2770 2768
f 2843 2841 2821
f 2843 2821 2823
f 2841 2839 2819
f 2841 2819 2821
f 2771 2769 2753
f 2771 2753 2755
f 2751 2753 2769
f 2751 2769 2767
f 2823 2821 2801
f 2823 2801 2803
f 2821 2819 2799
f 2821 2799 2801
f 2653 2654 2660
f 2653 2660 2659
f 2659 2660 2664
f 2659 2664 2663
f 2663 2709 2702
f 2663 2702 2659
f 2751 2702 2753
f 2753 2702 2709
f 2753 2709 2755
f 2654 2696 2660
f 2660 2696 2703
f 2752 2703 2696
f 2660 2703 2710
f 2660 2710 2664
f 2754 2703 2752
f 2840 2860 2862
f 2840 2862 2842
f 2861 2862 2860
f 2861 2860 2859
f 2842 2862 2864
f 2842 2864 2844
f 2863 2864 2862
f 2863 2862 2861
f 2859 2860 2840
v -0.17725 -0.96980 1.83475
v -0.19111 -0.96980 1.91636
v -0.18900 -0.96980 1.99950
v -0.18979 -0.92882 1.83358
v -0.20439 -0.92219 1.91976
v -0.19532 -0.93096 2.00342
v -0.19092 -0.81680 1.83333
v -0.20246 -0.81680 1.91631
v -0.19092 -0.68680 1.83333
v -0.20246 -0.68680 1.91631
v -0.19092 -0.64455 1.83333
v -0.20246 -0.64455 1.91631
v -0.19092 -0.53280 1.83333
v -0.20246 -0.53280 1.91631
v -0.19092 -0.41300 1.83333
v -0.20327 -0.41310 1.91995
v -0.19467 -0.40147 2.00267
v -0.18638 -0.34692 1.83402
v -0.19844 -0.34430 1.91726
v -0.19475 -0.34855 2.00333
v -0.18423 0.41568 1.83368
v -0.19479 0.41470 1.91681
v -0.19450 0.41537 2.00133
v -0.19008 0.46472 1.83373
v -0.20418 0.46891 1.92001
v -0.19480 0.46300 2.00373
v -0.19092 0.56720 1.83333
v -0.20246 0.56720 1.91631
v -0.19092 0.69720 1.83333
v -0.20246 0.69720 1.91631
v -0.19092 0.73970 1.83333
v -0.20246 0.73970 1.91631
v -0.19092 0.85120 1.83333
v -0.20246 0.85120 1.91631
v -0.19092 0.97820 1.83333
v -0.20365 0.97757 1.91968
v -0.19475 0.99020 2.00333
v -0.18525 1.04314 1.83419
v -0.19697 1.04520 1.91708
v -0.19467 1.04320 2.00267
v -0.10525 -0.96980 1.83113
v -0.10537 -0.96980 1.90988
v -0.09000 -0.96980 1.99600
v -0.11077 -1.00449 2.13344
v -0.09746 -1.00513 2.20432
v -0.09967 -0.94038 1.80125
v -0.10767 -0.89680 1.93767
v -0.09208 -0.92880 2.00600
v -0.11085 -0.93836 2.13410
v -0.09683 -0.93782 2.20383
v -0.09350 -0.81680 1.78400
v -0.10400 -0.81680 1.91900
v -0.09350 -0.68680 1.78400
v -0.10400 -0.68680 1.91900
v -0.09350 -0.64455 1.78400
v -0.10400 -0.64455 1.91900
v -0.09350 -0.53280 1.78400
v -0.10400 -0.53280 1.91900
v -0.09350 -0.41300 1.78400
v -0.10090 -0.38717 1.93892
v -0.10224 -0.38817 2.03174
v -0.10823 -0.37950 2.11904
v -0.09578 -0.37576 2.20143
v -0.10400 -0.34108 1.82050
v -0.10423 -0.31925 1.93604
v -0.10997 -0.31817 2.03435
v -0.10617 -0.32301 2.11975
v -0.09761 -0.32211 2.20475
v -0.10410 0.41477 1.82576
v -0.10359 0.38368 1.93597
v -0.10900 0.38155 2.03504
v -0.10660 0.38282 2.11937
v -0.09746 0.38206 2.20432
v -0.09947 0.45094 1.79932
v -0.10319 0.45258 1.93796
v -0.10629 0.45530 2.03198
v -0.10700 0.44913 2.12115
v -0.09683 0.44943 2.20383
v -0.09350 0.56720 1.78400
v -0.10400 0.56720 1.91900
v -0.09350 0.69720 1.78400
v -0.10400 0.69720 1.91900
v -0.09350 0.73970 1.78400
v -0.10400 0.73970 1.91900
v -0.09350 0.85120 1.78400
v -0.10400 0.85120 1.91900
v -0.09350 0.97820 1.78400
v -0.10675 0.96595 1.93300
v -0.09187 0.99020 2.00500
v -0.11536 1.01152 2.13721
v -0.09578 1.01146 2.20143
v -0.10470 1.04503 1.82293
v -0.10537 1.04820 1.90988
v -0.09167 1.04320 2.00400
v -0.10958 1.05715 2.13271
v -0.09761 1.05962 2.20475
v -0.01159 -0.96980 1.83077
v -0.02027 -0.96980 1.90667
v -0.03700 -0.96980 1.99400
v 0.01433 -0.99813 2.11375
v 0.00962 -1.00686 2.20774
v -0.00496 -0.92788 1.83045
v -0.00489 -0.91729 1.90387
v -0.03554 -0.93195 1.99785
v 0.01420 -0.94300 2.11660
v 0.00969 -0.93711 2.20684
v -0.00980 -0.81680 1.78400
v -0.00480 -0.81680 1.89780
v -0.00980 -0.68680 1.78400
v -0.00480 -0.68680 1.89780
v -0.00980 -0.64455 1.78400
v -0.00480 -0.64455 1.89780
v -0.00980 -0.53280 1.78400
v -0.00480 -0.53280 1.89780
v -0.00278 -0.40826 1.83431
v 0.00592 -0.38683 1.93841
v -0.00239 -0.37986 2.01911
v -0.02638 -0.38295 2.08938
v 0.00971 -0.37566 2.20643
v -0.00972 -0.34225 1.82644
v 0.00937 -0.32721 1.94411
v -0.00153 -0.32747 2.02343
v -0.01331 -0.32662 2.09828
v 0.00962 -0.32167 2.20763
v -0.01065 0.41482 1.82859
v 0.00862 0.39085 1.94413
v -0.00157 0.39192 2.02312
v -0.01564 0.38565 2.09670
v 0.00962 0.38032 2.20774
v -0.00441 0.46382 1.83201
v 0.00863 0.44811 1.94153
v -0.00205 0.44319 2.02266
v -0.01489 0.44762 2.09718
v 0.00969 0.45020 2.20684
v -0.00980 0.56720 1.78400
v -0.00480 0.56720 1.89780
v -0.00980 0.69720 1.78400
v -0.00480 0.69720 1.89780
v -0.00980 0.73970 1.78400
v -0.00480 0.73970 1.89780
v -0.00980 0.85120 1.78400
v -0.00480 0.85120 1.89780
v -0.00298 0.98108 1.83326
v -0.00471 0.97801 1.90283
v -0.03575 0.99020 1.99800
v 0.00971 1.01149 2.20643
v -0.01031 1.04499 1.82640
v -0.01440 1.04520 1.90608
v -0.03550 1.04320 1.99700
v 0.01427 1.05093 2.11505
v 0.00962 1.05945 2.20763
v 0.10562 -0.96980 1.82160
v 0.12660 -0.96980 1.88900
v 0.10242 -0.99813 2.13183
v 0.10176 -1.00686 2.20985
v 0.10418 -0.92669 1.82796
v 0.11456 -0.91829 1.89154
v 0.10240 -0.94300 2.13420
v 0.10178 -0.93711 2.20900
v 0.10020 -0.81680 1.78400
v 0.10620 -0.81680 1.89520
v 0.10020 -0.68680 1.78400
v 0.10620 -0.68680 1.89520
v 0.10020 -0.64455 1.78400
v 0.10620 -0.64455 1.89520
v 0.10020 -0.53280 1.78400
v 0.10620 -0.53280 1.89520
v 0.10389 -0.40788 1.83299
v 0.10913 -0.41222 1.89219
v 0.10186 -0.37566 2.20850
v 0.10488 -0.34279 1.81998
v 0.12494 -0.34713 1.89072
v 0.10241 -0.33616 2.13291
v 0.10175 -0.32167 2.20979
v 0.10524 0.41489 1.82075
v 0.12550 0.41510 1.89030
v 0.10242 0.38937 2.13183
v 0.10176 0.38032 2.20985
v 0.10416 0.46486 1.82965
v 0.11312 0.47302 1.89153
v 0.10240 0.44400 2.13420
v 0.10178 0.45020 2.20900
v 0.10020 0.56720 1.78400
v 0.10620 0.56720 1.89520
v 0.10020 0.69720 1.78400
v 0.10620 0.69720 1.89520
v 0.10020 0.73970 1.78400
v 0.10620 0.73970 1.89520
v 0.10020 0.85120 1.78400
v 0.10620 0.85120 1.89520
v 0.10422 0.98123 1.83195
v 0.11086 0.97669 1.89209
v 0.10186 1.01149 2.20850
v 0.10470 1.04473 1.81935
v 0.12514 1.04391 1.89057
v 0.10241 1.05093 2.13291
v 0.10175 1.05945 2.20979
v 0.17780 -0.96980 1.82693
v 0.18067 -0.96980 1.88900
v 0.19275 -0.99813 2.14575
v 0.19400 -1.00686 2.20559
v 0.17623 -0.94218 1.79485
v 0.18100 -0.92366 1.89400
v 0.19280 -0.94300 2.14750
v 0.19397 -0.93711 2.20481
v 0.17600 -0.81680 1.78400
v 0.18100 -0.81680 1.89400
v 0.17600 -0.68680 1.78400
v 0.18100 -0.68680 1.89400
v 0.17600 -0.64455 1.78400
v 0.18100 -0.64455 1.89400
v 0.17600 -0.53280 1.78400
v 0.18100 -0.53280 1.89400
v 0.17600 -0.41300 1.78400
v 0.18100 -0.41300 1.89400
v 0.19386 -0.37566 2.20436
v 0.17725 -0.33968 1.81671
v 0.18083 -0.34430 1.89150
v 0.19277 -0.33616 2.14655
v 0.19402 -0.32167 2.20554
v 0.17761 0.41464 1.82239
v 0.18075 0.41470 1.89025
v 0.19275 0.38937 2.14575
v 0.19400 0.38032 2.20559
v 0.17610 0.44950 1.79340
v 0.18100 0.46770 1.89400
v 0.19280 0.44400 2.14750
v 0.19397 0.45020 2.20481
v 0.17600 0.56720 1.78400
v 0.18100 0.56720 1.89400
v 0.17600 0.69720 1.78400
v 0.18100 0.69720 1.89400
v 0.17600 0.73970 1.78400
v 0.18100 0.73970 1.89400
v 0.17600 0.85120 1.78400
v 0.18100 0.85120 1.89400
v 0.17600 0.97820 1.78400
v 0.18100 0.97820 1.89400
v 0.19386 1.01149 2.20436
v 0.17730 1.04581 1.81813
v 0.18080 1.04520 1.89100
v 0.19277 1.05093 2.14655
v 0.19402 1.05945 2.20554
v 0.32067 -0.96980 1.82580
v 0.32200 -0.96980 1.88667
v 0.30778 -0.99695 2.12500
v 0.29886 -1.00684 2.19826
v 0.31900 -0.94218 1.79346
v 0.32200 -0.92366 1.89100
v 0.30714 -0.94371 2.12741
v 0.29881 -0.93708 2.19751
v 0.31900 -0.81680 1.78400
v 0.32200 -0.81680 1.89100
v 0.31900 -0.68680 1.78400
v 0.32200 -0.68680 1.89100
v 0.31900 -0.64455 1.78400
v 0.32200 -0.64455 1.89100
v 0.31900 -0.53280 1.78400
v 0.32200 -0.53280 1.89100
v 0.31900 -0.41300 1.78400
v 0.32200 -0.41300 1.89100
v 0.29957 -0.37566 2.19657
v 0.32004 -0.33951 1.81525
v 0.32200 -0.34430 1.88883
v 0.30749 -0.33617 2.12608
v 0.29900 -0.32197 2.19854
v 0.32050 0.41453 1.82111
v 0.32200 0.41470 1.88775
v 0.30778 0.39046 2.12500
v 0.29886 0.38034 2.19826
v 0.31880 0.44950 1.79220
v 0.32200 0.46770 1.89100
v 0.30714 0.44334 2.12741
v 0.29881 0.45022 2.19751
v 0.31900 0.56720 1.78400
v 0.32200 0.56720 1.89100
v 0.31900 0.69720 1.78400
v 0.32200 0.69720 1.89100
v 0.31900 0.73970 1.78400
v 0.32200 0.73970 1.89100
v 0.31900 0.85120 1.78400
v 0.32200 0.85120 1.89100
v 0.31900 0.97820 1.78400
v 0.32200 0.97820 1.89100
v 0.29957 1.01149 2.19657
v 0.32009 1.04590 1.81661
v 0.32200 1.04520 1.88840
v 0.30749 1.05098 2.12608
v 0.29856 1.05969 2.19841
v 0.38363 -0.99132 2.15519
v 0.38766 -0.99704 2.19441
v 0.38305 -0.94720 2.15645
v 0.38467 -0.94244 2.19415
v 0.36643 -0.37566 2.19000
v 0.38285 -0.33610 2.15537
v 0.38811 -0.33188 2.19467
v 0.38450 0.39577 2.15579
v 0.38814 0.39018 2.19455
v 0.38305 0.44000 2.15645
v 0.38467 0.44478 2.19415
v 0.36643 1.01149 2.19000
v 0.38390 1.05118 2.15606
v 0.38938 1.05420 2.19497
v 0.52099 -0.93393 1.81127
v 0.51311 -0.93072 1.88583
v 0.52767 -0.81680 1.79456
v 0.51067 -0.81680 1.88800
v 0.52767 -0.68680 1.79456
v 0.51067 -0.68680 1.88800
v 0.52767 -0.64455 1.79456
v 0.51067 -0.64455 1.88800
v 0.52767 -0.53280 1.79456
v 0.51067 -0.53280 1.88800
v 0.53161 -0.40171 1.80117
v 0.51595 -0.40722 1.88726
v 0.51327 -0.35553 1.81767
v 0.51005 -0.35545 1.88480
v 0.46460 0.41640 1.82447
v 0.46500 0.41653 1.88433
v 0.52660 0.45350 1.80996
v 0.51748 0.45665 1.88597
v 0.52767 0.56720 1.79456
v 0.51067 0.56720 1.88800
v 0.52767 0.69720 1.79456
v 0.51067 0.69720 1.88800
v 0.52767 0.73970 1.79456
v 0.51067 0.73970 1.88800
v 0.52767 0.85120 1.79456
v 0.51067 0.85120 1.88800
v 0.53176 0.98677 1.80477
v 0.51652 0.98290 1.88683
v 0.51005 1.03174 1.81652
v 0.50775 1.03326 1.88481
v 0.54267 -0.90028 1.82765
v 0.54275 -0.90055 1.88150
v 0.54286 -0.81680 1.82664
v 0.54300 -0.81680 1.88150
v 0.54286 -0.68680 1.82664
v 0.54300 -0.68680 1.88150
v 0.54286 -0.64455 1.82664
v 0.54300 -0.64455 1.88150
v 0.54286 -0.53280 1.82664
v 0.54300 -0.53280 1.88150
v 0.54271 -0.41424 1.82744
v 0.54280 -0.41380 1.88150
v 0.54267 0.48394 1.82765
v 0.54275 0.48370 1.88150
v 0.54286 0.56720 1.82664
v 0.54300 0.56720 1.88150
v 0.54286 0.69720 1.82664
v 0.54300 0.69720 1.88150
v 0.54286 0.73970 1.82664
v 0.54300 0.73970 1.88150
v 0.54286 0.85120 1.82664
v 0.54300 0.85120 1.88150
v 0.54271 0.96996 1.82744
v 0.54280 0.97040 1.88150
usemtl m013
f 3008 3003 3002
f 3008 3002 3007
f 2951 2946 2947
f 2951 2947 2952
f 2947 2946 3002
f 2947 3002 3003
f 3003 3008 3009
f 3003 3009 3004
f 2952 2947 2948
f 2952 2948 2953
f 2948 2947 3003
f 2948 3003 3004
f 2951 2952 3008
f 2951 3008 3007
f 2953 2948 3004
f 2953 3004 3009
f 3007 3002 2946
f 3007 2946 2951
f 3008 2952 2953
f 3008 2953 3009
f 2899 2898 2946
f 2899 2946 2947
f 2957 3013 3011
f 2957 3011 2955
f 3227 3201 3199
f 3227 3199 3225
f 3062 3014 3012
f 3062 3012 3060
f 3014 2958 2956
f 3014 2956 3012
f 2958 2906 2904
f 2958 2904 2956
f 2952 3007 2951
f 2901 2902 2952
f 2901 2952 2951
f 3201 3154 3152
f 3201 3152 3199
f 3154 3108 3106
f 3154 3106 3152
f 3013 3061 3059
f 3013 3059 3011
f 3200 3226 3224
f 3200 3224 3198
f 3006 3001 2945
f 3006 2945 2950
f 3006 3055 3051
f 3006 3051 3001
f 2902 2899 2947
f 2902 2947 2952
f 2902 2901 2898
f 2902 2898 2899
f 3007 3008 3003
f 3007 3003 3002
f 3055 3101 3097
f 3055 3097 3051
f 3055 3006 3001
f 3055 3001 3051
f 2905 2957 2955
f 2905 2955 2903
f 3007 2952 3008
f 2950 2945 2897
f 2950 2897 2900
f 2952 2947 3003
f 2952 3003 3008
f 3061 3107 3105
f 3061 3105 3059
f 3195 3197 3144
f 3197 3148 3144
f 3102 3098 3144
f 3102 3144 3148
f 2955 3011 3006
f 2955 3006 2950
f 3013 2957 2959
f 3013 2959 3015
f 3201 3227 3229
f 3201 3229 3203
f 3060 3012 3007
f 3060 3007 3056
f 3014 3062 3064
f 3014 3064 3016
f 3012 2956 2951
f 3012 2951 3007
f 2956 2904 2901
f 2956 2901 2951
f 2906 2958 2960
f 2906 2960 2908
f 2958 3014 3016
f 2958 3016 2960
f 3199 3152 3148
f 3199 3148 3197
f 3152 3106 3102
f 3152 3102 3148
f 3062 3108 3110
f 3062 3110 3064
f 3011 3059 3055
f 3011 3055 3006
f 3061 3013 3015
f 3061 3015 3063
f 3198 3224 3222
f 3198 3222 3196
f 2903 2955 2950
f 2903 2950 2900
f 2957 2905 2907
f 2957 2907 2959
f 3059 3105 3101
f 3059 3101 3055
f 3200 3153 3155
f 3200 3155 3202
f 3153 3107 3109
f 3153 3109 3155
f 3106 3108 3062
f 3106 3062 3060
f 3097 3101 3147
f 3097 3147 3143
f 3196 3143 3147
f 3196 3194 3143
f 3105 3107 3153
f 3105 3153 3151
f 3200 3198 3151
f 3200 3151 3153
f 3098 3102 3056
f 3098 3056 3052
f 3102 3106 3060
f 3102 3060 3056
f 3101 3105 3151
f 3101 3151 3147
f 3198 3196 3147
f 3198 3147 3151
f 3227 3225 3224
f 3227 3224 3226
f 3098 3052 3051
f 3098 3051 3097
f 2946 3001 3002
f 3223 3197 3196
f 3223 3196 3222
f 3056 3007 3055
f 3006 3055 3007
f 3052 3056 3055
f 3052 3055 3051
f 3197 3195 3194
f 3197 3194 3196
f 3199 3197 3223
f 3199 3223 3225
f 3195 3144 3143
f 3195 3143 3194
f 3144 3098 3097
f 3144 3097 3143
f 3001 2946 2945
f 2946 2898 2945
f 2945 2898 2897
f 2898 2901 2900
f 2898 2900 2897
f 2901 2904 2903
f 2901 2903 2900
f 2904 2906 2905
f 2904 2905 2903
f 3198 3200 3226
f 3198 3226 3224
f 3196 3198 3224
f 3196 3224 3222
f 3202 3200 3226
f 3202 3226 3228
f 3051 3097 3101
f 3051 3101 3055
f 3001 2945 2950
f 3001 2950 3006
f 2945 2897 2900
f 2945 2900 2950
f 3143 3097 3101
f 3143 3101 3147
f 3001 3006 3007
f 3001 3007 3002
f 3225 3223 3222
f 3225 3222 3224
f 3108 3154 3156
f 3108 3156 3110
f 3154 3201 3203
f 3154 3203 3156
f 3107 3061 3063
f 3107 3063 3109
f 3227 3226 3228
f 3227 3228 3229
f 2905 2906 2908
f 2905 2908 2907
f 2968 3023 3019
f 2968 3019 2963
f 3114 3117 3071
f 3114 3071 3068
f 3019 3023 3070
f 3019 3070 3067
f 2970 2916 2913
f 2970 2913 2965
f 2916 2970 2969
f 2916 2969 2915
f 2970 3024 2969
f 2913 2916 2915
f 2913 2915 2912
f 3019 3017 2961
f 3019 2961 2963
f 3017 3015 2959
f 3017 2959 2961
f 3207 3205 3231
f 3207 3231 3233
f 3205 3203 3229
f 3205 3229 3231
f 3020 3018 3066
f 3020 3066 3068
f 3018 3016 3064
f 3018 3064 3066
f 3025 3021 3020
f 3025 3020 3024
f 3016 3018 2962
f 3016 2962 2960
f 3018 3020 2964
f 3018 2964 2962
f 2912 2910 2962
f 2912 2962 2964
f 2910 2908 2960
f 2910 2960 2962
f 2965 2964 3020
f 2965 2913 2912
f 2965 2912 2964
f 3203 3205 3158
f 3203 3158 3156
f 3205 3207 3160
f 3205 3160 3158
f 3114 3112 3158
f 3114 3158 3160
f 3112 3110 3156
f 3112 3156 3158
f 3015 3017 3065
f 3015 3065 3063
f 3017 3019 3067
f 3017 3067 3065
f 3202 3204 3230
f 3202 3230 3228
f 3204 3206 3232
f 3204 3232 3230
f 3023 3019 3067
f 3023 3067 3070
f 2914 2968 2963
f 2914 2963 2911
f 3025 2970 2965
f 3025 2965 3021
f 2970 3025 3024
f 2963 2961 2909
f 2963 2909 2911
f 2961 2959 2907
f 2961 2907 2909
f 3021 2965 3020
f 3113 3111 3065
f 3113 3065 3067
f 3111 3109 3063
f 3111 3063 3065
f 3116 3162 3159
f 3116 3159 3113
f 3162 3208 3206
f 3162 3206 3159
f 3209 3163 3160
f 3209 3160 3207
f 3163 3117 3114
f 3163 3114 3160
f 3114 3068 3066
f 3114 3066 3112
f 3064 3110 3112
f 3064 3112 3066
f 3113 3159 3157
f 3113 3157 3111
f 3159 3206 3204
f 3159 3204 3157
f 3202 3155 3157
f 3202 3157 3204
f 3155 3109 3111
f 3155 3111 3157
f 3070 3116 3113
f 3070 3113 3067
f 3229 3228 3230
f 3229 3230 3231
f 3232 3233 3231
f 3232 3231 3230
f 3117 3116 3070
f 3117 3070 3071
f 3024 3023 2969
f 3233 3232 3206
f 3233 3206 3207
f 3019 3020 3067
f 3020 3068 3067
f 3071 3070 3067
f 3071 3067 3068
f 3209 3208 3162
f 3209 3162 3163
f 3116 3117 3163
f 3116 3163 3162
f 3023 2968 2969
f 2915 2969 2968
f 2914 2915 2968
f 2907 2908 2910
f 2907 2910 2909
f 2912 2911 2909
f 2912 2909 2910
f 2915 2914 2911
f 2915 2911 2912
f 3228 3202 3204
f 3228 3204 3230
f 3206 3232 3230
f 3206 3230 3204
f 3023 3024 3020
f 3023 3020 3019
f 3207 3206 3208
f 3207 3208 3209
f 3053 3054 3005
f 3053 3005 3004
f 3099 3100 3054
f 3099 3054 3053
f 3145 3146 3100
f 3145 3100 3099
f 3004 3005 2949
f 3004 2949 2948
f 3146 3145 3173
f 3146 3173 3174
f 3057 3053 3004
f 3057 3004 3009
f 3146 3150 3104
f 3146 3104 3100
f 3150 3146 3174
f 3150 3174 3176
f 3009 3004 2948
f 3009 2948 2953
f 3010 3058 3057
f 3010 3057 3009
f 3058 3104 3103
f 3058 3103 3057
f 3104 3150 3149
f 3104 3149 3103
f 2954 3010 3009
f 2954 3009 2953
f 3175 3149 3150
f 3175 3150 3176
f 3099 3053 3057
f 3099 3057 3103
f 3173 3145 3149
f 3173 3149 3175
f 3054 3100 3104
f 3054 3104 3058
f 2948 2949 2954
f 2948 2954 2953
f 3145 3099 3103
f 3145 3103 3149
f 3005 3054 3058
f 3005 3058 3010
f 2949 3005 3010
f 2949 3010 2954
f 3174 3173 3175
f 3174 3175 3176
f 3027 3073 3072
f 3027 3072 3026
f 3073 3119 3118
f 3073 3118 3072
f 3119 3165 3164
f 3119 3164 3118
f 2972 3027 3026
f 2972 3026 2971
f 3178 3164 3165
f 3178 3165 3179
f 3161 3165 3119
f 3161 3119 3115
f 3115 3119 3073
f 3115 3073 3069
f 3069 3073 3027
f 3069 3027 3022
f 3022 3027 2972
f 3022 2972 2967
f 2971 2966 2967
f 2971 2967 2972
f 2966 2971 2972
f 2966 2972 2967
f 3027 3022 2967
f 3027 2967 2972
f 3073 3069 3022
f 3073 3022 3027
f 3119 3115 3069
f 3119 3069 3073
f 3165 3161 3115
f 3165 3115 3119
f 3178 3177 3179
f 3161 3165 3179
f 3161 3179 3177
f 3165 3161 3177
f 3165 3177 3179
f 2993 2992 2997
f 2993 2997 2998
f 2942 2998 2997
f 2942 2997 2941
f 2943 2999 2998
f 2943 2998 2942
f 2936 2992 2993
f 2936 2993 2937
f 2993 2994 2938
f 2993 2938 2937
f 2936 2937 2942
f 2936 2942 2941
f 2998 2999 2994
f 2998 2994 2993
f 2937 2938 2943
f 2937 2943 2942
f 2938 2994 2999
f 2938 2999 2943
f 2992 2936 2941
f 2992 2941 2997
f 2991 2935 2940
f 2991 2940 2996
f 3091 3094 3048
f 3091 3048 3045
f 2991 2996 3047
f 2991 3047 3044
f 2893 2937 2942
f 2893 2942 2896
f 2896 2942 2941
f 2896 2941 2895
f 2893 2896 2895
f 2893 2895 2892
f 2931 2933 2989
f 2931 2989 2987
f 2991 2989 2933
f 2991 2933 2935
f 3191 3189 3219
f 3191 3219 3221
f 3217 3219 3189
f 3217 3189 3187
f 3041 3043 2990
f 3041 2990 2988
f 2992 2990 3043
f 2992 3043 3045
f 2992 2997 2998
f 2992 2998 2993
f 2988 2990 2934
f 2988 2934 2932
f 2932 2934 2890
f 2932 2890 2888
f 2892 2890 2934
f 2892 2934 2936
f 2936 2934 2990
f 2936 2990 2992
f 2937 2936 2992
f 2892 2936 2937
f 2892 2937 2893
f 3187 3189 3135
f 3187 3135 3133
f 3133 3135 3089
f 3133 3089 3087
f 3091 3089 3135
f 3091 3135 3137
f 3137 3135 3189
f 3137 3189 3191
f 2987 2989 3042
f 2987 3042 3040
f 3044 3042 2989
f 3044 2989 2991
f 3186 3188 3218
f 3186 3218 3216
f 3220 3218 3188
f 3220 3188 3190
f 3044 3047 2996
f 3044 2996 2991
f 2935 2891 2894
f 2935 2894 2940
f 2937 2993 2998
f 2937 2998 2942
f 2887 2889 2933
f 2887 2933 2931
f 2935 2933 2889
f 2935 2889 2891
f 2992 2993 2937
f 3040 3042 3088
f 3040 3088 3086
f 3090 3088 3042
f 3090 3042 3044
f 3190 3136 3139
f 3190 3139 3192
f 3093 3139 3136
f 3093 3136 3090
f 3091 3137 3140
f 3091 3140 3094
f 3193 3140 3137
f 3193 3137 3191
f 3091 3045 3043
f 3091 3043 3089
f 3089 3043 3041
f 3089 3041 3087
f 3090 3136 3134
f 3090 3134 3088
f 3088 3134 3132
f 3088 3132 3086
f 3186 3132 3134
f 3186 3134 3188
f 3188 3134 3136
f 3188 3136 3190
f 3090 3044 3047
f 3090 3047 3093
f 3217 3216 3218
f 3217 3218 3219
f 3219 3218 3220
f 3219 3220 3221
f 3094 3093 3047
f 3094 3047 3048
f 2941 2997 2996
f 3221 3220 3190
f 3221 3190 3191
f 3191 3190 3192
f 3191 3192 3193
f 3045 3044 2992
f 2991 2992 3044
f 3048 3047 3044
f 3048 3044 3045
f 3193 3192 3139
f 3193 3139 3140
f 3140 3139 3093
f 3140 3093 3094
f 2996 2940 2941
f 2941 2940 2895
f 2940 2894 2895
f 2892 2891 2889
f 2892 2889 2890
f 2890 2889 2887
f 2890 2887 2888
f 2895 2894 2891
f 2895 2891 2892
f 3190 3220 3218
f 3190 3218 3188
f 3188 3218 3216
f 3188 3216 3186
f 2996 2997 2992
f 2996 2992 2991
f 2879 2878 2918
f 2879 2918 2919
f 2919 2918 2974
f 2983 2927 2929
f 2983 2929 2985
f 3183 3213 3215
f 3183 3215 3185
f 2984 3037 3039
f 2984 3039 2986
f 2986 2930 2928
f 2986 2928 2984
f 2884 2928 2930
f 2884 2930 2886
f 2924 2979 2923
f 2924 2923 2881
f 2924 2881 2882
f 3185 3131 3129
f 3185 3129 3183
f 3083 3129 3131
f 3083 3131 3085
f 2985 3038 3036
f 2985 3036 2983
f 3184 3214 3212
f 3184 3212 3182
f 2917 2922 2978
f 2917 2978 2973
f 2978 3032 3028
f 2978 3028 2973
f 2919 2924 2882
f 2919 2882 2879
f 2882 2881 2878
f 2980 2974 2979
f 3074 3028 3032
f 3074 3032 3078
f 2973 3028 3032
f 2973 3032 2978
f 2882 2878 2879
f 2919 2974 2975
f 2975 2974 2980
f 2927 2883 2885
f 2927 2885 2929
f 2980 2979 2924
f 2877 2880 2922
f 2877 2922 2917
f 2975 2980 2924
f 2975 2924 2919
f 3082 3036 3038
f 3082 3038 3084
f 3181 3125 3121
f 3121 3125 3079
f 3121 3079 3075
f 2978 2922 2927
f 2978 2927 2983
f 2985 2929 2931
f 2985 2931 2987
f 3185 3215 3217
f 3185 3217 3187
f 2979 3033 3037
f 2979 3037 2984
f 2986 3039 3041
f 2986 3041 2988
f 2984 2928 2923
f 2984 2923 2979
f 2881 2923 2928
f 2881 2928 2884
f 2886 2930 2932
f 2886 2932 2888
f 2988 2932 2930
f 2988 2930 2986
f 3183 3129 3125
f 3183 3125 3181
f 3079 3125 3129
f 3079 3129 3083
f 3087 3041 3039
f 3087 3039 3085
f 2983 3036 3032
f 2983 3032 2978
f 2987 3040 3038
f 2987 3038 2985
f 3182 3212 3210
f 3182 3210 3180
f 2922 2880 2883
f 2922 2883 2927
f 2929 2885 2887
f 2929 2887 2931
f 3078 3032 3036
f 3078 3036 3082
f 3184 3130 3132
f 3184 3132 3186
f 3086 3132 3130
f 3086 3130 3084
f 3039 3037 3083
f 3039 3083 3085
f 3074 3078 3124
f 3074 3124 3120
f 3120 3124 3180
f 3184 3182 3128
f 3184 3128 3130
f 3130 3128 3082
f 3130 3082 3084
f 3075 3079 3033
f 3075 3033 3029
f 3037 3033 3079
f 3037 3079 3083
f 3182 3180 3124
f 3182 3124 3128
f 3128 3124 3078
f 3128 3078 3082
f 3215 3213 3212
f 3215 3212 3214
f 3075 3029 3028
f 3075 3028 3074
f 2974 2918 2973
f 3211 3181 3180
f 3211 3180 3210
f 2978 3032 2979
f 2979 3032 3033
f 3029 3033 3032
f 3029 3032 3028
f 3183 3181 3211
f 3183 3211 3213
f 3181 3121 3120
f 3181 3120 3180
f 3074 3120 3121
f 3074 3121 3075
f 2973 2918 2917
f 2878 2917 2918
f 2877 2917 2878
f 2878 2881 2880
f 2878 2880 2877
f 2883 2880 2881
f 2883 2881 2884
f 2885 2883 2884
f 2885 2884 2886
f 3078 3032 3028
f 3078 3028 3074
f 2973 2917 2922
f 2973 2922 2978
f 3214 3212 3182
f 3214 3182 3184
f 2917 2877 2880
f 2917 2880 2922
f 3078 3124 3120
f 3078 3120 3074
f 3212 3210 3180
f 3212 3180 3182
f 3214 3216 3186
f 3214 3186 3184
f 2973 2978 2979
f 2973 2979 2974
f 3213 3211 3210
f 3213 3210 3212
f 3187 3133 3131
f 3187 3131 3185
f 3085 3131 3133
f 3085 3133 3087
f 3084 3038 3040
f 3084 3040 3086
f 3215 3214 3216
f 3215 3216 3217
f 2888 2887 2885
f 2888 2885 2886
f 3049 2999 3000
f 3049 3000 3050
f 3095 3049 3050
f 3095 3050 3096
f 3141 3095 3096
f 3141 3096 3142
f 2999 2943 2944
f 2999 2944 3000
f 3142 3172 3171
f 3142 3171 3141
f 3138 3142 3096
f 3138 3096 3092
f 3092 3096 3050
f 3092 3050 3046
f 3046 3050 3000
f 3046 3000 2995
f 2995 3000 2944
f 2995 2944 2939
f 2939 2944 2943
f 2939 2943 2938
f 2938 2943 2944
f 2938 2944 2939
f 2939 2944 3000
f 2939 3000 2995
f 2995 3000 3050
f 2995 3050 3046
f 3046 3050 3096
f 3046 3096 3092
f 3092 3096 3142
f 3092 3142 3138
f 3138 3142 3172
f 3138 3172 3170
f 3170 3172 3171
f 3170 3172 3142
f 3170 3142 3138
f 2977 2976 3030
f 2977 3030 3031
f 3031 3030 3076
f 3031 3076 3077
f 3077 3076 3122
f 3077 3122 3123
f 2921 2920 2976
f 2921 2976 2977
f 3166 3167 3123
f 3166 3123 3122
f 2976 2981 3034
f 2976 3034 3030
f 3123 3127 3081
f 3123 3081 3077
f 3167 3169 3127
f 3167 3127 3123
f 2920 2925 2981
f 2920 2981 2976
f 3034 2981 2982
f 3034 2982 3035
f 3080 3034 3035
f 3080 3035 3081
f 3126 3080 3081
f 3126 3081 3127
f 2981 2925 2926
f 2981 2926 2982
f 3127 3169 3168
f 3127 3168 3126
f 3076 3030 3034
f 3076 3034 3080
f 3126 3168 3166
f 3126 3166 3122
f 3081 3035 3031
f 3081 3031 3077
f 2920 2921 2926
f 2920 2926 2925
f 3122 3076 3080
f 3122 3080 3126
f 3035 2982 2977
f 3035 2977 3031
f 2982 2926 2921
f 2982 2921 2977
f 3167 3166 3168
f 3167 3168 3169
v -0.23706 -0.81724 2.28606
v -0.25794 -0.81824 2.64550
v -0.25970 -0.82777 2.76536
v -0.25726 -0.81280 2.76919
v -0.20388 -0.81210 1.78870
v -0.21519 -0.81605 1.92406
v -0.18678 -0.82358 2.76448
v -0.20938 -0.81395 2.76892
v -0.13287 -0.81953 2.68227
v -0.15527 -0.81890 2.74473
v -0.05314 -0.86109 2.43500
v -0.05360 -0.83440 2.37060
v -0.06800 -0.83168 2.44050
v -0.09825 -0.83211 2.56331
v 0.00283 -0.97897 1.93583
v 0.00480 -0.98640 1.96840
v 0.00257 -0.92994 1.81357
v 0.00300 -0.93280 1.82300
v 0.00533 -0.86413 2.23167
v -0.00067 -0.87322 2.26000
v -0.01200 -0.86580 2.31538
v -0.02900 -0.86513 2.36933
v 0.00460 -0.85520 2.22740
v -0.02287 -0.84507 2.27433
v -0.03987 -0.84267 2.32975
v -0.04367 -0.84613 2.36967
v 0.00900 -0.97680 1.93300
v 0.01050 -0.98230 1.96700
v 0.01757 -0.97966 2.00314
v 0.03292 -0.92080 1.80475
v 0.03615 -0.93372 1.84742
v 0.03572 -0.95532 1.90768
v 0.03953 -0.95627 1.97700
v 0.04347 -0.94786 2.03365
v 0.04756 -0.93124 2.09222
v 0.03850 -0.91830 2.15700
v 0.06271 -0.90909 2.07000
v 0.04727 -0.89653 2.13755
v 0.02569 -0.88780 2.20144
v 0.00900 -0.88655 2.24600
v 0.06900 -0.92780 1.85825
usemtl m016
f 3246 3247 3244
f 3253 3257 3254
f 3254 3257 3258
f 3270 3271 3268
f 3268 3267 3270
f 3262 3249 3261
f 3261 3249 3248
f 3261 3248 3260
f 3260 3248 3265
f 3250 3264 3251
f 3272 3253 3273
f 3257 3253 3252
f 3252 3253 3272
f 3244 3255 3259
f 3244 3259 3246
f 3258 3259 3255
f 3258 3255 3254
f 3236 3240 3241
f 3236 3241 3237
f 3268 3271 3269
f 3272 3269 3271
f 3272 3256 3252
f 3257 3252 3256
f 3246 3259 3245
f 3258 3245 3259
f 3260 3265 3266
f 3260 3266 3261
f 3261 3266 3267
f 3261 3267 3262
f 3263 3264 3250
f 3264 3274 3265
f 3235 3236 3237
f 3248 3261 3266
f 3248 3266 3265
v 0.86044 0.00908 2.02537
v 0.87480 0.05524 2.02541
v 0.89000 0.11181 2.02712
v 0.89155 0.09429 2.08636
v 0.90100 0.08577 2.10771
v 0.91268 0.07604 2.13684
v 0.89927 0.12585 2.02682
v 0.89650 0.08987 2.09983
v 0.92967 0.11211 2.14502
v 0.91650 0.18693 2.02967
v 0.94308 0.15282 2.14562
v 0.92883 0.22963 2.01961
v 0.94827 0.28200 2.02270
v 0.95884 0.29496 2.02280
v 0.97234 0.29911 2.10219
v 0.99167 0.28698 2.14175
v 0.97589 0.36364 1.99856
v 0.98550 0.36580 2.02611
v 1.00317 0.35894 2.08461
v 0.98739 0.39390 1.99787
v 0.99277 0.39191 2.01958
v 1.00950 0.39076 2.07150
v 1.01811 0.36589 2.10501
v 1.02783 0.36354 2.13630
v 1.02338 0.39531 2.09338
v 1.03779 0.39464 2.13456
usemtl m023
f 3293 3297 3299
f 3296 3299 3293
f 3294 3291 3292
f 3292 3295 3294
f 3288 3287 3286
f 3277 3281 3276
f 3282 3280 3289
f 3280 3282 3279
f 3289 3278 3282
v -0.79200 -1.10813 1.68100
v -0.79200 -1.10813 1.70767
v -0.79200 -1.10813 1.78100
v -0.79200 -1.10813 1.85080
v -0.79200 -1.10813 1.88850
v -0.79200 -1.10813 1.96100
v -0.79200 -1.10813 2.02200
v -0.79200 -1.10813 2.08350
v -0.79200 -1.10813 2.15650
v -0.79200 -1.10813 2.19912
v -0.79200 -0.99980 1.68100
v -0.79200 -0.99980 1.70767
v -0.79200 -0.99980 1.78100
v -0.79200 -0.99980 1.85080
v -0.79200 -0.99980 1.88850
v -0.79200 -0.99980 1.96100
v -0.79200 -0.99980 2.02200
v -0.79200 -0.99980 2.08350
v -0.79200 -0.99980 2.15650
v -0.79200 -0.99980 2.19912
v -0.79200 -0.72880 1.68100
v -0.79200 -0.72880 1.70767
v -0.79200 -0.72880 1.78100
v -0.79200 -0.72880 1.85080
v -0.79200 -0.72880 1.88850
v -0.79200 -0.72880 1.96100
v -0.79200 -0.72880 2.02200
v -0.79200 -0.72880 2.08350
v -0.79200 -0.72880 2.15650
v -0.79200 -0.72880 2.19912
v -0.79200 -0.45880 1.68100
v -0.79200 -0.45880 1.70767
v -0.79200 -0.45880 1.78100
v -0.79200 -0.45880 1.85080
v -0.79200 -0.45880 1.88850
v -0.79200 -0.45880 1.96100
v -0.79200 -0.45880 2.02200
v -0.79200 -0.45880 2.08350
v -0.79200 -0.45880 2.15650
v -0.79200 -0.45880 2.19912
v -0.79200 -0.35047 1.68100
v -0.79200 -0.35047 1.70767
v -0.79200 -0.35047 1.78100
v -0.79200 -0.35047 1.85080
v -0.79200 -0.35047 1.88850
v -0.79200 -0.35047 1.96100
v -0.79200 -0.35047 2.02200
v -0.79200 -0.35047 2.08350
v -0.79200 -0.35047 2.15650
v -0.79200 -0.35047 2.19912
v -0.79200 -0.28213 1.68100
v -0.79200 -0.28213 1.70767
v -0.79200 -0.28213 1.78100
v -0.79200 -0.28213 1.85080
v -0.79200 -0.28213 1.88850
v -0.79200 -0.28213 1.96100
v -0.79200 -0.28213 2.02200
v -0.79200 -0.28213 2.08350
v -0.79200 -0.28213 2.15650
v -0.79200 -0.28213 2.19912
v -0.79200 -0.20580 1.68100
v -0.79200 -0.20580 1.70767
v -0.79200 -0.20580 1.78100
v -0.79200 -0.20580 1.85080
v -0.79200 -0.20580 1.88850
v -0.79200 -0.20580 1.96100
v -0.79200 -0.20580 2.02200
v -0.79200 -0.20580 2.08350
v -0.79200 -0.20580 2.15650
v -0.79200 -0.20580 2.19912
v -0.79200 -0.03180 1.68100
v -0.79200 -0.03180 1.70767
v -0.79200 -0.03180 1.78100
v -0.79200 -0.03180 1.85080
v -0.79200 -0.03180 1.88850
v -0.79200 -0.03180 1.96100
v -0.79200 -0.03180 2.02200
v -0.79200 -0.03180 2.08350
v -0.79200 -0.03180 2.15650
v -0.79200 -0.03180 2.19912
v -0.79200 0.14120 1.68100
v -0.79200 0.14120 1.70767
v -0.79200 0.14120 1.78100
v -0.79200 0.14120 1.85080
v -0.79200 0.14120 1.88850
v -0.79200 0.14120 1.96100
v -0.79200 0.14120 2.02200
v -0.79200 0.14120 2.08350
v -0.79200 0.14120 2.15650
v -0.79200 0.14120 2.19912
v -0.79200 0.21753 1.68100
v -0.79200 0.21753 1.70767
v -0.79200 0.21753 1.78100
v -0.79200 0.21753 1.85080
v -0.79200 0.21753 1.88850
v -0.79200 0.21753 1.96100
v -0.79200 0.21753 2.02200
v -0.79200 0.21753 2.08350
v -0.79200 0.21753 2.15650
v -0.79200 0.21753 2.19912
v -0.79200 0.28287 1.68100
v -0.79200 0.28287 1.70767
v -0.79200 0.28287 1.78100
v -0.79200 0.28287 1.85080
v -0.79200 0.28287 1.88850
v -0.79200 0.28287 1.96100
v -0.79200 0.28287 2.02200
v -0.79200 0.28287 2.08350
v -0.79200 0.28287 2.15650
v -0.79200 0.28287 2.19912
v -0.79200 0.40720 1.68100
v -0.79200 0.40720 1.70767
v -0.79200 0.40720 1.78100
v -0.79200 0.40720 1.85080
v -0.79200 0.40720 1.88850
v -0.79200 0.40720 1.96100
v -0.79200 0.40720 2.02200
v -0.79200 0.40720 2.08350
v -0.79200 0.40720 2.15650
v -0.79200 0.40720 2.19912
v -0.79200 0.72520 1.68100
v -0.79200 0.72520 1.70767
v -0.79200 0.72520 1.78100
v -0.79200 0.72520 1.85080
v -0.79200 0.72520 1.88850
v -0.79200 0.72520 1.96100
v -0.79200 0.72520 2.02200
v -0.79200 0.72520 2.08350
v -0.79200 0.72520 2.15650
v -0.79200 0.72520 2.19912
v -0.79200 1.04320 1.68100
v -0.79200 1.04320 1.70767
v -0.79200 1.04320 1.78100
v -0.79200 1.04320 1.85080
v -0.79200 1.04320 1.88850
v -0.79200 1.04320 1.96100
v -0.79200 1.04320 2.02200
v -0.79200 1.04320 2.08350
v -0.79200 1.04320 2.15650
v -0.79200 1.04320 2.19912
v -0.79200 1.16753 1.68100
v -0.79200 1.16753 1.70767
v -0.79200 1.16753 1.78100
v -0.79200 1.16753 1.85080
v -0.79200 1.16753 1.88850
v -0.79200 1.16753 1.96100
v -0.79200 1.16753 2.02200
v -0.79200 1.16753 2.08350
v -0.79200 1.16753 2.15650
v -0.79200 1.16753 2.19912
v -0.77075 -1.13530 1.67638
v -0.77100 -1.13755 1.70767
v -0.77100 -1.13755 1.78100
v -0.77040 -1.13582 1.85677
v -0.77100 -1.13755 1.88850
v -0.77100 -1.13755 1.96100
v -0.76963 -1.13603 2.02200
v -0.77100 -1.13755 2.08350
v -0.77100 -1.13755 2.15650
v -0.77065 -1.13642 2.19718
v -0.77100 -1.10813 1.66875
v -0.78979 -1.10806 1.86137
v -0.78980 -1.10740 2.02200
v -0.77331 -1.10449 2.20767
v -0.75600 -1.06730 2.25250
v -0.77550 -1.03080 2.22025
v -0.75750 -1.04530 2.25600
v -0.77100 -0.99980 1.66875
v -0.78983 -0.99980 1.86133
v -0.78980 -0.99980 2.02200
v -0.77632 -0.99916 2.20723
v -0.75750 -0.96880 2.25600
v -0.77675 -0.83105 2.21675
v -0.77600 -0.80580 2.24300
v -0.75750 -0.79280 2.25600
v -0.77100 -0.72880 1.66875
v -0.78983 -0.72880 1.86133
v -0.78980 -0.72880 2.02200
v -0.77610 -0.72880 2.20435
v -0.77100 -0.45880 1.66875
v -0.78983 -0.45880 1.86133
v -0.78980 -0.45880 2.02200
v -0.77620 -0.46176 2.20788
v -0.75750 -0.45380 2.25600
v -0.77090 -0.33940 1.67180
v -0.77100 -0.32080 1.70767
v -0.77100 -0.32080 1.78100
v -0.77655 -0.33069 1.85808
v -0.77100 -0.32080 1.88850
v -0.77100 -0.32080 1.96100
v -0.77548 -0.32949 2.02200
v -0.77100 -0.32080 2.08350
v -0.77100 -0.32080 2.15650
v -0.77211 -0.33372 2.19993
v -0.77090 -0.29320 1.67180
v -0.77100 -0.31180 1.70767
v -0.77100 -0.31180 1.78100
v -0.77655 -0.30188 1.85805
v -0.77100 -0.31180 1.88850
v -0.77100 -0.31180 1.96100
v -0.77504 -0.30289 2.02200
v -0.77100 -0.31180 2.08350
v -0.77100 -0.31180 2.15650
v -0.77201 -0.29881 2.19998
v -0.77100 -0.20580 1.66875
v -0.78983 -0.20580 1.86133
v -0.78980 -0.20580 2.02200
v -0.77610 -0.20580 2.20435
v -0.77100 -0.03180 1.66875
v -0.78983 -0.03180 1.86133
v -0.78980 -0.03180 2.02200
v -0.77610 -0.03180 2.20435
v -0.77660 0.11300 2.22200
v -0.75750 0.11020 2.25600
v -0.77100 0.14120 1.66875
v -0.78983 0.14120 1.86133
v -0.78980 0.14120 2.02200
v -0.77610 0.14120 2.20435
v -0.77090 0.22860 1.67180
v -0.77100 0.24720 1.70767
v -0.77100 0.24720 1.78100
v -0.77655 0.23729 1.85808
v -0.77100 0.24720 1.88850
v -0.77100 0.24720 1.96100
v -0.77548 0.23849 2.02200
v -0.77100 0.24720 2.08350
v -0.77100 0.24720 2.15650
v -0.77211 0.23428 2.19993
v -0.77090 0.27175 1.67180
v -0.77100 0.25320 1.70767
v -0.77100 0.25320 1.78100
v -0.77669 0.26291 1.85812
v -0.77100 0.25320 1.88850
v -0.77100 0.25320 1.96100
v -0.77566 0.26176 2.02200
v -0.77100 0.25320 2.08350
v -0.77100 0.25320 2.15650
v -0.77211 0.26599 2.19993
v -0.77100 0.40720 1.66875
v -0.78983 0.40720 1.86133
v -0.78980 0.40720 2.02200
v -0.77610 0.40720 2.20435
v -0.78025 0.67495 2.22525
v -0.75750 0.65270 2.25600
v -0.77100 0.72520 1.66875
v -0.78983 0.72520 1.86133
v -0.78980 0.72520 2.02200
v -0.77543 0.72339 2.20457
v -0.75750 0.92720 2.25600
v -0.77660 0.96320 2.22200
v -0.77100 1.04320 1.66875
v -0.78983 1.04320 1.86133
v -0.78980 1.04320 2.02200
v -0.77610 1.04387 2.20619
v -0.75750 1.04070 2.25600
v -0.77660 1.09380 2.22200
v -0.75750 1.10070 2.25600
v -0.77100 1.16753 1.66875
v -0.78979 1.16783 1.86137
v -0.78980 1.16720 2.02200
v -0.77331 1.16420 2.20767
v -0.75600 1.12720 2.25250
v -0.77075 1.19533 1.67638
v -0.77100 1.19720 1.70767
v -0.77100 1.19720 1.78100
v -0.77128 1.19557 1.85678
v -0.77100 1.19720 1.88850
v -0.77100 1.19720 1.96100
v -0.77084 1.19593 2.02200
v -0.77100 1.19720 2.08350
v -0.77100 1.19720 2.15650
v -0.77090 1.19625 2.19708
v -0.68700 -1.13630 1.67600
v -0.68700 -1.13880 1.70767
v -0.68700 -1.13880 1.78100
v -0.68700 -1.13672 1.85683
v -0.68700 -1.13880 1.88850
v -0.68700 -1.13880 1.96100
v -0.68700 -1.13680 2.02200
v -0.68700 -1.13880 2.08350
v -0.68700 -1.13880 2.15650
v -0.68700 -1.13740 2.19708
v -0.68700 -1.10813 1.66800
v -0.68519 -1.10661 2.21600
v -0.67500 -1.06780 2.25400
v -0.68400 -1.02480 2.20900
v -0.67400 -1.04280 2.25800
v -0.68700 -0.99980 1.66800
v -0.68700 -0.99980 2.20700
v -0.67400 -0.96680 2.25800
v -0.68400 -0.83880 2.20900
v -0.67400 -0.79080 2.25800
v -0.68700 -0.72880 1.66800
v -0.68700 -0.72880 2.20700
v -0.68700 -0.45880 1.66800
v -0.68550 -0.46980 2.20800
v -0.67400 -0.45280 2.25800
v -0.68700 -0.33900 1.67120
v -0.68700 -0.31980 1.70767
v -0.68700 -0.31980 1.78100
v -0.68700 -0.32153 1.85655
v -0.68700 -0.31980 1.88850
v -0.68700 -0.31980 1.96100
v -0.68700 -0.32125 2.02200
v -0.68700 -0.31980 2.08350
v -0.68700 -0.31980 2.15650
v -0.68700 -0.33074 2.20203
v -0.68700 -0.29360 1.67120
v -0.68700 -0.31280 1.70767
v -0.68700 -0.31280 1.78100
v -0.68700 -0.31107 1.85655
v -0.68700 -0.31280 1.88850
v -0.68700 -0.31280 1.96100
v -0.68700 -0.31135 2.02200
v -0.68700 -0.31280 2.08350
v -0.68700 -0.31280 2.15650
v -0.68700 -0.30186 2.20203
v -0.68700 -0.20580 1.66800
v -0.68700 -0.20580 2.20700
v -0.68700 -0.03180 1.66800
v -0.68700 -0.03180 2.20700
v -0.68400 0.11420 2.20900
v -0.67400 0.11020 2.25800
v -0.68700 0.14120 1.66800
v -0.68700 0.14120 2.20700
v -0.68700 0.22900 1.67120
v -0.68700 0.24820 1.70767
v -0.68700 0.24820 1.78100
v -0.68700 0.24647 1.85655
v -0.68700 0.24820 1.88850
v -0.68700 0.24820 1.96100
v -0.68700 0.24675 2.02200
v -0.68700 0.24820 2.08350
v -0.68700 0.24820 2.15650
v -0.68700 0.23726 2.20203
v -0.68700 0.27140 1.67120
v -0.68700 0.25220 1.70767
v -0.68700 0.25220 1.78100
v -0.68700 0.25393 1.85655
v -0.68700 0.25220 1.88850
v -0.68700 0.25220 1.96100
v -0.68700 0.25365 2.02200
v -0.68700 0.25220 2.08350
v -0.68700 0.25220 2.15650
v -0.68700 0.26298 2.20203
v -0.68700 0.40720 1.66800
v -0.68700 0.40720 2.20700
v -0.67400 0.65120 2.25800
v -0.68700 0.72520 1.66800
v -0.68550 0.70620 2.20800
v -0.67400 0.92520 2.25800
v -0.68400 0.97720 2.20900
v -0.68700 1.04320 1.66800
v -0.68700 1.04320 2.20700
v -0.67400 1.03820 2.25800
v -0.68400 1.09720 2.20900
v -0.67400 1.09820 2.25800
v -0.68700 1.16753 1.66800
v -0.68519 1.16670 2.21600
v -0.67500 1.12820 2.25400
v -0.68700 1.19620 1.67600
v -0.68700 1.19820 1.70767
v -0.68700 1.19820 1.78100
v -0.68700 1.19647 1.85655
v -0.68700 1.19820 1.88850
v -0.68700 1.19820 1.96100
v -0.68700 1.19675 2.02200
v -0.68700 1.19820 2.08350
v -0.68700 1.19820 2.15650
v -0.68700 1.19708 2.19708
v -0.51500 -1.13630 1.67600
v -0.51500 -1.13880 1.70767
v -0.51500 -1.13880 1.78100
v -0.51500 -1.13672 1.85683
v -0.51500 -1.13880 1.88850
v -0.51500 -1.13880 1.96100
v -0.51500 -1.13680 2.02200
v -0.51500 -1.13880 2.08350
v -0.51500 -1.13880 2.15650
v -0.51500 -1.13740 2.19708
v -0.51500 -1.10813 1.66800
v -0.51044 -1.10661 2.21600
v -0.50100 -1.06780 2.25400
v -0.50000 -1.02480 2.20900
v -0.50100 -1.04280 2.25800
v -0.51500 -0.99980 1.66800
v -0.51500 -0.99980 2.20700
v -0.50100 -0.96680 2.25800
v -0.50000 -0.83880 2.20900
v -0.50100 -0.79080 2.25800
v -0.51500 -0.72880 1.66800
v -0.51500 -0.72880 2.20700
v -0.51500 -0.45880 1.66800
v -0.50750 -0.46980 2.20800
v -0.50100 -0.45280 2.25800
v -0.51500 -0.33900 1.67120
v -0.51500 -0.31980 1.70767
v -0.51500 -0.31980 1.78100
v -0.51500 -0.32153 1.85655
v -0.51500 -0.31980 1.88850
v -0.51500 -0.31980 1.96100
v -0.51500 -0.32125 2.02200
v -0.51500 -0.31980 2.08350
v -0.51500 -0.31980 2.15650
v -0.51500 -0.33074 2.20203
v -0.51500 -0.29360 1.67120
v -0.51500 -0.31280 1.70767
v -0.51500 -0.31280 1.78100
v -0.51500 -0.31107 1.85655
v -0.51500 -0.31280 1.88850
v -0.51500 -0.31280 1.96100
v -0.51500 -0.31135 2.02200
v -0.51500 -0.31280 2.08350
v -0.51500 -0.31280 2.15650
v -0.51500 -0.30186 2.20203
v -0.51500 -0.20580 1.66800
v -0.51500 -0.20580 2.20700
v -0.51500 -0.03180 1.66800
v -0.51500 -0.03180 2.20700
v -0.50000 0.11420 2.20900
v -0.50100 0.11020 2.25800
v -0.51500 0.14120 1.66800
v -0.51500 0.14120 2.20700
v -0.51500 0.22900 1.67120
v -0.51500 0.24820 1.70767
v -0.51500 0.24820 1.78100
v -0.51500 0.24647 1.85655
v -0.51500 0.24820 1.88850
v -0.51500 0.24820 1.96100
v -0.51500 0.24675 2.02200
v -0.51500 0.24820 2.08350
v -0.51500 0.24820 2.15650
v -0.51500 0.23726 2.20203
v -0.51500 0.27140 1.67120
v -0.51500 0.25220 1.70767
v -0.51500 0.25220 1.78100
v -0.51500 0.25393 1.85655
v -0.51500 0.25220 1.88850
v -0.51500 0.25220 1.96100
v -0.51500 0.25365 2.02200
v -0.51500 0.25220 2.08350
v -0.51500 0.25220 2.15650
v -0.51500 0.26298 2.20203
v -0.51500 0.40720 1.66800
v -0.51500 0.40720 2.20700
v -0.50100 0.65120 2.25800
v -0.51500 0.72520 1.66800
v -0.50750 0.70620 2.20800
v -0.50100 0.92520 2.25800
v -0.50000 0.97720 2.20900
v -0.51500 1.04320 1.66800
v -0.51500 1.04320 2.20700
v -0.50100 1.03820 2.25800
v -0.50000 1.09720 2.20900
v -0.50100 1.09820 2.25800
v -0.51500 1.16753 1.66800
v -0.51044 1.16670 2.21600
v -0.50100 1.12820 2.25400
v -0.51500 1.19620 1.67600
v -0.51500 1.19820 1.70767
v -0.51500 1.19820 1.78100
v -0.51500 1.19647 1.85655
v -0.51500 1.19820 1.88850
v -0.51500 1.19820 1.96100
v -0.51500 1.19675 2.02200
v -0.51500 1.19820 2.08350
v -0.51500 1.19820 2.15650
v -0.51500 1.19708 2.19708
v -0.34200 -1.13630 1.67600
v -0.34200 -1.13880 1.70767
v -0.34200 -1.13880 1.78100
v -0.34200 -1.13672 1.85683
v -0.34200 -1.13880 1.88850
v -0.34200 -1.13880 1.96100
v -0.34200 -1.13680 2.02200
v -0.34200 -1.13880 2.08350
v -0.34200 -1.13880 2.15650
v -0.34200 -1.13740 2.19708
v -0.34200 -1.10813 1.66800
v -0.33575 -1.10661 2.21600
v -0.32900 -1.06780 2.25400
v -0.31900 -1.02480 2.20900
v -0.33000 -1.04280 2.25800
v -0.34200 -0.99980 1.66800
v -0.34200 -0.99980 2.20700
v -0.33000 -0.96680 2.25800
v -0.31900 -0.83880 2.20900
v -0.33000 -0.79080 2.25800
v -0.34200 -0.72880 1.66800
v -0.34200 -0.72880 2.20700
v -0.34200 -0.45880 1.66800
v -0.33050 -0.46980 2.20800
v -0.33000 -0.45280 2.25800
v -0.34200 -0.33900 1.67120
v -0.34200 -0.31980 1.70767
v -0.34200 -0.31980 1.78100
v -0.34200 -0.32153 1.85655
v -0.34200 -0.31980 1.88850
v -0.34200 -0.31980 1.96100
v -0.34200 -0.32125 2.02200
v -0.34200 -0.31980 2.08350
v -0.34200 -0.31980 2.15650
v -0.34200 -0.33074 2.20203
v -0.34200 -0.29360 1.67120
v -0.34200 -0.31280 1.70767
v -0.34200 -0.31280 1.78100
v -0.34200 -0.31107 1.85655
v -0.34200 -0.31280 1.88850
v -0.34200 -0.31280 1.96100
v -0.34200 -0.31135 2.02200
v -0.34200 -0.31280 2.08350
v -0.34200 -0.31280 2.15650
v -0.34200 -0.30186 2.20203
v -0.34200 -0.20580 1.66800
v -0.34200 -0.20580 2.20700
v -0.34200 -0.03180 1.66800
v -0.34200 -0.03180 2.20700
v -0.31900 0.11420 2.20900
v -0.33000 0.11020 2.25800
v -0.34200 0.14120 1.66800
v -0.34200 0.14120 2.20700
v -0.34200 0.22900 1.67120
v -0.34200 0.24820 1.70767
v -0.34200 0.24820 1.78100
v -0.34200 0.24647 1.85655
v -0.34200 0.24820 1.88850
v -0.34200 0.24820 1.96100
v -0.34200 0.24675 2.02200
v -0.34200 0.24820 2.08350
v -0.34200 0.24820 2.15650
v -0.34200 0.23726 2.20203
v -0.34200 0.27140 1.67120
v -0.34200 0.25220 1.70767
v -0.34200 0.25220 1.78100
v -0.34200 0.25393 1.85655
v -0.34200 0.25220 1.88850
v -0.34200 0.25220 1.96100
v -0.34200 0.25365 2.02200
v -0.34200 0.25220 2.08350
v -0.34200 0.25220 2.15650
v -0.34200 0.26298 2.20203
v -0.34200 0.40720 1.66800
v -0.34200 0.40720 2.20700
v -0.33000 0.65120 2.25800
v -0.34200 0.72520 1.66800
v -0.33050 0.70620 2.20800
v -0.33000 0.92520 2.25800
v -0.31900 0.97720 2.20900
v -0.34200 1.04320 1.66800
v -0.34200 1.04320 2.20700
v -0.33000 1.03820 2.25800
v -0.31900 1.09720 2.20900
v -0.33000 1.09820 2.25800
v -0.34200 1.16753 1.66800
v -0.33575 1.16670 2.21600
v -0.32900 1.12820 2.25400
v -0.34200 1.19620 1.67600
v -0.34200 1.19820 1.70767
v -0.34200 1.19820 1.78100
v -0.34200 1.19647 1.85655
v -0.34200 1.19820 1.88850
v -0.34200 1.19820 1.96100
v -0.34200 1.19675 2.02200
v -0.34200 1.19820 2.08350
v -0.34200 1.19820 2.15650
v -0.34200 1.19708 2.19708
v -0.25825 -1.13530 1.67638
v -0.25800 -1.13755 1.70767
v -0.25800 -1.13755 1.78100
v -0.25860 -1.13582 1.85677
v -0.25800 -1.13755 1.88850
v -0.25800 -1.13755 1.96100
v -0.25937 -1.13603 2.02200
v -0.25800 -1.13755 2.08350
v -0.25800 -1.13755 2.15650
v -0.25839 -1.13642 2.19718
v -0.25380 -1.10813 1.67120
v -0.23700 -1.10813 1.70767
v -0.23700 -1.10813 1.78100
v -0.23818 -1.10847 1.85658
v -0.23700 -1.10813 1.88850
v -0.23700 -1.10813 1.96100
v -0.23794 -1.10817 2.02200
v -0.23700 -1.10813 2.08350
v -0.23700 -1.10813 2.15650
v -0.24674 -1.10595 2.20425
v -0.25650 -1.06730 2.25250
v -0.24075 -1.03080 2.22025
v -0.25650 -1.04530 2.25600
v -0.25380 -0.99980 1.67120
v -0.23700 -0.99980 1.70767
v -0.23700 -0.99980 1.78100
v -0.23800 -0.99980 1.85610
v -0.23700 -0.99980 1.88850
v -0.23700 -0.99980 1.96100
v -0.23780 -0.99980 2.02200
v -0.23700 -0.99980 2.08350
v -0.23700 -0.99980 2.15650
v -0.24555 -0.99943 2.20382
v -0.25650 -0.96880 2.25600
v -0.23950 -0.83105 2.21675
v -0.24300 -0.80580 2.24300
v -0.25650 -0.79280 2.25600
v -0.25380 -0.72880 1.67120
v -0.23700 -0.72880 1.70767
v -0.23700 -0.72880 1.78100
v -0.23800 -0.72880 1.85610
v -0.23700 -0.72880 1.88850
v -0.23700 -0.72880 1.96100
v -0.23780 -0.72880 2.02200
v -0.23700 -0.72880 2.08350
v -0.23700 -0.72880 2.15650
v -0.24583 -0.72880 2.20203
v -0.25380 -0.45880 1.67120
v -0.23700 -0.45880 1.70767
v -0.23700 -0.45880 1.78100
v -0.23800 -0.45880 1.85610
v -0.23700 -0.45880 1.88850
v -0.23700 -0.45880 1.96100
v -0.23780 -0.45880 2.02200
v -0.23700 -0.45880 2.08350
v -0.23700 -0.45880 2.15650
v -0.24515 -0.46060 2.20446
v -0.25650 -0.45380 2.25600
v -0.25535 -0.34084 1.67300
v -0.24900 -0.33351 1.70767
v -0.24900 -0.33351 1.78100
v -0.24964 -0.33408 1.85664
v -0.24900 -0.33351 1.88850
v -0.24900 -0.33351 1.96100
v -0.24973 -0.33408 2.02200
v -0.24900 -0.33351 2.08350
v -0.24900 -0.33351 2.15650
v -0.25233 -0.33758 2.19975
v -0.25535 -0.29176 1.67300
v -0.24900 -0.29909 1.70767
v -0.24900 -0.29909 1.78100
v -0.24964 -0.29849 1.85662
v -0.24900 -0.29909 1.88850
v -0.24900 -0.29909 1.96100
v -0.24997 -0.29822 2.02200
v -0.24900 -0.29909 2.08350
v -0.24900 -0.29909 2.15650
v -0.25239 -0.29494 2.19978
v -0.25380 -0.20580 1.67120
v -0.23700 -0.20580 1.70767
v -0.23700 -0.20580 1.78100
v -0.23800 -0.20580 1.85610
v -0.23700 -0.20580 1.88850
v -0.23700 -0.20580 1.96100
v -0.23780 -0.20580 2.02200
v -0.23700 -0.20580 2.08350
v -0.23700 -0.20580 2.15650
v -0.24583 -0.20580 2.20203
v -0.25380 -0.03180 1.67120
v -0.23700 -0.03180 1.70767
v -0.23700 -0.03180 1.78100
v -0.23800 -0.03180 1.85610
v -0.23700 -0.03180 1.88850
v -0.23700 -0.03180 1.96100
v -0.23780 -0.03180 2.02200
v -0.23700 -0.03180 2.08350
v -0.23700 -0.03180 2.15650
v -0.24583 -0.03180 2.20203
v -0.24020 0.11300 2.22200
v -0.25650 0.11020 2.25600
v -0.25380 0.14120 1.67120
v -0.23700 0.14120 1.70767
v -0.23700 0.14120 1.78100
v -0.23800 0.14120 1.85610
v -0.23700 0.14120 1.88850
v -0.23700 0.14120 1.96100
v -0.23780 0.14120 2.02200
v -0.23700 0.14120 2.08350
v -0.23700 0.14120 2.15650
v -0.24583 0.14120 2.20203
v -0.25535 0.22716 1.67300
v -0.24900 0.23449 1.70767
v -0.24900 0.23449 1.78100
v -0.24964 0.23391 1.85664
v -0.24900 0.23449 1.88850
v -0.24900 0.23449 1.96100
v -0.24973 0.23391 2.02200
v -0.24900 0.23449 2.08350
v -0.24900 0.23449 2.15650
v -0.25233 0.23042 2.19975
v -0.25535 0.27320 1.67300
v -0.24900 0.26591 1.70767
v -0.24900 0.26591 1.78100
v -0.24956 0.26629 1.85670
v -0.24900 0.26591 1.88850
v -0.24900 0.26591 1.96100
v -0.24964 0.26632 2.02200
v -0.24900 0.26591 2.08350
v -0.24900 0.26591 2.15650
v -0.25233 0.26989 2.19975
v -0.25380 0.40720 1.67120
v -0.23700 0.40720 1.70767
v -0.23700 0.40720 1.78100
v -0.23800 0.40720 1.85610
v -0.23700 0.40720 1.88850
v -0.23700 0.40720 1.96100
v -0.23780 0.40720 2.02200
v -0.23700 0.40720 2.08350
v -0.23700 0.40720 2.15650
v -0.24583 0.40720 2.20203
v -0.23825 0.67495 2.22525
v -0.25650 0.65270 2.25600
v -0.25380 0.72520 1.67120
v -0.23700 0.72520 1.70767
v -0.23700 0.72520 1.78100
v -0.23800 0.72520 1.85610
v -0.23700 0.72520 1.88850
v -0.23700 0.72520 1.96100
v -0.23780 0.72520 2.02200
v -0.23700 0.72520 2.08350
v -0.23700 0.72520 2.15650
v -0.24589 0.72417 2.20222
v -0.25650 0.92720 2.25600
v -0.24020 0.96320 2.22200
v -0.25380 1.04320 1.67120
v -0.23700 1.04320 1.70767
v -0.23700 1.04320 1.78100
v -0.23800 1.04320 1.85610
v -0.23700 1.04320 1.88850
v -0.23700 1.04320 1.96100
v -0.23780 1.04320 2.02200
v -0.23700 1.04320 2.08350
v -0.23700 1.04320 2.15650
v -0.24576 1.04358 2.20314
v -0.25650 1.04070 2.25600
v -0.24020 1.09380 2.22200
v -0.25650 1.10070 2.25600
v -0.25380 1.16753 1.67120
v -0.23700 1.16753 1.70767
v -0.23700 1.16753 1.78100
v -0.23818 1.16808 1.85658
v -0.23700 1.16753 1.88850
v -0.23700 1.16753 1.96100
v -0.23794 1.16776 2.02200
v -0.23700 1.16753 2.08350
v -0.23700 1.16753 2.15650
v -0.24674 1.16553 2.20425
v -0.25650 1.12720 2.25250
v -0.25825 1.19532 1.67638
v -0.25800 1.19720 1.70767
v -0.25800 1.19720 1.78100
v -0.25772 1.19557 1.85678
v -0.25800 1.19720 1.88850
v -0.25800 1.19720 1.96100
v -0.25816 1.19593 2.02200
v -0.25800 1.19720 2.08350
v -0.25800 1.19720 2.15650
v -0.25814 1.19625 2.19708
v 0.20600 -1.19294 1.77729
v 0.20600 -1.19080 1.82750
v 0.20600 -1.19080 1.89000
v 0.20600 -1.19080 1.94400
v 0.20600 -1.19080 2.02900
v 0.20600 -1.19080 2.09200
v 0.20600 -1.19080 2.14567
v 0.20600 -1.19080 2.21900
v 0.20600 -1.16723 1.77900
v 0.20600 -1.16660 1.82750
v 0.20600 -1.16660 1.89000
v 0.20600 -1.16660 1.94400
v 0.20600 -1.16660 2.02900
v 0.20600 -1.16660 2.09200
v 0.20600 -1.16660 2.14567
v 0.20600 -1.16665 2.21900
v 0.20645 -1.09422 1.77888
v 0.20643 -1.09166 1.82750
v 0.20643 -1.09166 1.89000
v 0.20643 -1.09166 1.94400
v 0.20643 -1.09166 2.02900
v 0.20600 -1.09330 2.09200
v 0.20600 -1.09330 2.14567
v 0.20600 -1.09330 2.21900
v 0.20645 1.09702 1.77888
v 0.20643 1.09449 1.82750
v 0.20643 1.09449 1.89000
v 0.20643 1.09449 1.94400
v 0.20643 1.09449 2.02900
v 0.20600 1.09620 2.09200
v 0.20600 1.09620 2.14567
v 0.20600 1.09620 2.21900
v 0.20600 1.16514 1.77911
v 0.20600 1.16495 1.82750
v 0.20600 1.16495 1.89000
v 0.20600 1.16495 1.94400
v 0.20600 1.16495 2.02900
v 0.20600 1.16495 2.09200
v 0.20600 1.16495 2.14567
v 0.20600 1.16495 2.21900
v 0.20600 1.19303 1.77783
v 0.20600 1.19120 1.82750
v 0.20600 1.19120 1.89000
v 0.20600 1.19120 1.94400
v 0.20600 1.19120 2.02900
v 0.20600 1.19120 2.09200
v 0.20600 1.19120 2.14567
v 0.20600 1.19120 2.21900
v 0.23957 -1.19080 2.23486
v 0.23553 -1.16596 2.24174
v 0.24450 -1.08403 1.77860
v 0.24450 -1.08130 1.82750
v 0.24450 -1.08130 1.89000
v 0.24450 -1.08130 1.94400
v 0.24245 -1.08125 2.02664
v 0.23618 -1.08127 2.09124
v 0.23473 -1.08111 2.14412
v 0.24492 -1.08651 2.23529
v 0.24450 1.08680 1.77860
v 0.24450 1.08420 1.82750
v 0.24450 1.08420 1.89000
v 0.24450 1.08420 1.94400
v 0.24245 1.08420 2.02664
v 0.23618 1.08420 2.09124
v 0.23473 1.08420 2.14412
v 0.24492 1.08934 2.23529
v 0.23373 1.16367 2.24173
v 0.24055 1.19175 2.23736
v 0.27600 -1.19080 2.22675
v 0.31200 -1.16190 1.78130
v 0.31200 -1.15930 1.82300
v 0.31200 -1.15930 1.89850
v 0.31200 -1.15930 1.97600
v 0.31900 -1.15930 2.01900
v 0.27581 -1.16623 2.22748
v 0.29254 -1.09565 1.77962
v 0.29300 -1.09312 1.82489
v 0.29677 -1.09539 1.89823
v 0.29287 -1.09307 1.96587
v 0.30559 -1.09311 2.03159
v 0.29638 -1.08234 2.07954
v 0.29845 -1.08180 2.14750
v 0.28768 -1.08489 2.21483
v 0.29287 1.09866 1.77959
v 0.29300 1.09606 1.82489
v 0.29677 1.09815 1.89823
v 0.29287 1.09587 1.96587
v 0.30559 1.09586 2.03159
v 0.29638 1.08497 2.07954
v 0.29845 1.08420 2.14750
v 0.28768 1.08765 2.21483
v 0.31178 1.16209 1.78167
v 0.31200 1.16220 1.82300
v 0.31200 1.16220 1.89850
v 0.31200 1.16220 1.97600
v 0.31900 1.16220 2.01900
v 0.27576 1.16479 2.22765
v 0.31400 1.18920 1.77800
v 0.27600 1.19120 2.22675
v 0.38400 -1.19180 2.22533
v 0.35450 -1.15930 2.03300
v 0.38300 -1.18430 2.24200
v 0.36340 -1.09720 2.04380
v 0.34700 -1.08280 2.07375
v 0.35117 -1.08180 2.14567
v 0.34486 -1.08251 2.20286
v 0.36340 1.09980 2.04380
v 0.34700 1.08545 2.07375
v 0.35117 1.08420 2.14567
v 0.34486 1.08520 2.20286
v 0.35450 1.16220 2.03300
v 0.38300 1.18420 2.24200
v 0.38375 1.19295 2.22950
v 0.42250 -1.15980 2.03300
v 0.41830 -1.09730 2.04370
v 0.40887 -1.08280 2.07375
v 0.40867 -1.08180 2.14567
v 0.40343 -1.08280 2.20271
v 0.41830 1.10000 2.04370
v 0.40887 1.08557 2.07375
v 0.40867 1.08487 2.14567
v 0.40343 1.08577 2.20271
v 0.42250 1.16220 2.03300
v 0.47950 -1.15980 2.03300
v 0.47850 -1.09730 2.04370
v 0.47575 -1.08293 2.07375
v 0.47467 -1.08180 2.14567
v 0.48983 -1.08313 2.20442
v 0.47850 1.10000 2.04370
v 0.47575 1.08595 2.07375
v 0.47467 1.08520 2.14567
v 0.48983 1.08620 2.20442
v 0.47950 1.16220 2.03300
v 0.57139 -1.19158 2.20706
v 0.55100 -1.15980 2.03300
v 0.57155 -1.17257 2.20700
v 0.55100 -1.09745 2.04390
v 0.55128 -1.08297 2.07878
v 0.55218 -1.08271 2.15309
v 0.56885 -1.08657 2.20128
v 0.55100 1.10030 2.04390
v 0.55128 1.08598 2.07878
v 0.55218 1.08520 2.15309
v 0.56923 1.08943 2.20136
v 0.55100 1.16295 2.03300
v 0.57215 1.16582 2.20646
v 0.57115 1.19324 2.20730
v 0.61283 -1.19236 2.17522
v 0.60843 -1.19251 2.19867
v 0.61825 -1.16005 2.03275
v 0.61124 -1.17168 2.17320
v 0.58500 -1.17140 2.18800
v 0.61617 -1.09837 2.04311
v 0.61537 -1.08336 2.07874
v 0.61125 -1.08690 2.16523
v 0.58500 -1.09313 2.18800
v 0.64025 -0.60898 3.33746
v 0.63657 -0.61066 3.37286
v 0.64000 -0.53130 3.33450
v 0.63600 -0.53960 3.37400
v 0.64018 -0.45776 3.33818
v 0.63657 -0.47009 3.37286
v 0.64018 0.46481 3.33818
v 0.63657 0.47706 3.37286
v 0.64000 0.53803 3.33450
v 0.63600 0.54700 3.37400
v 0.64044 0.60639 3.33281
v 0.63533 0.60220 3.37333
v 0.64000 0.62853 3.34367
v 0.63750 0.62895 3.37250
v 0.61617 1.10134 2.04311
v 0.61537 1.08620 2.07874
v 0.61075 1.08979 2.16515
v 0.58500 1.09653 2.18800
v 0.61825 1.16320 2.03275
v 0.61113 1.16433 2.17320
v 0.58500 1.16420 2.18800
v 0.61232 1.19313 2.17450
v 0.60639 1.19468 2.19774
v 0.68879 -1.19201 2.17364
v 0.68743 -1.19304 2.20114
v 0.70200 -1.17980 1.98150
v 0.67673 -1.15907 2.01873
v 0.68808 -1.16805 2.17100
v 0.68426 -1.09717 2.03174
v 0.68361 -1.08351 2.07842
v 0.68100 -1.08697 2.16085
v 0.66000 -0.60942 3.33305
v 0.65883 -0.61180 3.37333
v 0.65975 -0.52980 3.32700
v 0.65850 -0.53980 3.37500
v 0.66000 -0.45561 3.33362
v 0.65883 -0.46913 3.37333
v 0.66000 0.46268 3.33362
v 0.65883 0.47620 3.37333
v 0.65975 0.53620 3.32700
v 0.65850 0.54720 3.37500
v 0.65975 0.60720 3.32733
v 0.65850 0.59820 3.37500
v 0.66033 0.62887 3.34067
v 0.65900 0.62870 3.37250
v 0.68426 1.10001 2.03174
v 0.68361 1.08646 2.07842
v 0.68138 1.08987 2.16107
v 0.70200 1.18320 1.98150
v 0.67673 1.16156 2.01873
v 0.68767 1.16509 2.17100
v 0.68989 1.19414 2.17306
v 0.68743 1.19620 2.20114
v 0.74567 -1.19280 2.17327
v 0.74538 -1.19380 2.20100
v 0.76150 -1.16180 1.85700
v 0.73975 -1.16105 1.90475
v 0.72040 -1.15700 1.94820
v 0.74533 -1.16872 2.17033
v 0.77100 -1.10830 1.85100
v 0.75257 -1.09803 1.91283
v 0.73655 -1.09486 1.96281
v 0.72405 -1.08548 2.02882
v 0.73009 -1.08307 2.08336
v 0.74283 -1.08751 2.16040
v 0.77100 1.11120 1.85100
v 0.75257 1.10063 1.91283
v 0.73655 1.09785 1.96281
v 0.72405 1.08838 2.02882
v 0.73009 1.08620 2.08336
v 0.74225 1.09045 2.15993
v 0.76150 1.16420 1.85700
v 0.73975 1.16420 1.90475
v 0.72040 1.16040 1.94820
v 0.74522 1.16553 2.17033
v 0.74465 1.19432 2.17288
v 0.74538 1.19620 2.20100
v 0.79617 -1.19280 2.17320
v 0.79655 -1.19380 2.20100
v 0.79470 -1.16440 1.78310
v 0.77650 -1.16180 1.82350
v 0.79614 -1.16880 2.17000
v 0.81058 -1.10263 1.78131
v 0.79881 -1.09436 1.83367
v 0.79511 -1.08558 1.90183
v 0.80630 -1.08380 1.94720
v 0.79200 -1.08380 2.02150
v 0.80600 -1.08400 2.09840
v 0.79704 -1.08780 2.16041
v 0.83050 -0.44630 1.78500
v 0.82744 -0.45124 1.84956
v 0.83040 -0.45360 1.89460
v 0.83400 -0.45180 1.94200
v 0.83014 -0.40538 1.69867
v 0.82732 -0.41759 1.78468
v 0.82482 -0.41843 1.85317
v 0.82766 -0.42415 1.89706
v 0.83100 -0.41621 1.96029
v 0.82352 -0.34345 1.69165
v 0.81647 -0.35000 1.85987
v 0.82293 -0.34567 1.95427
v 0.81542 -0.28333 1.69222
v 0.80866 -0.27484 1.85895
v 0.83267 -0.26847 1.89567
v 0.81585 -0.27561 1.94828
v 0.81644 -0.22047 1.69200
v 0.80917 -0.21918 1.85860
v 0.82538 -0.21611 1.91623
v 0.81564 -0.22248 1.94688
v 0.82050 -0.14197 1.69150
v 0.81392 -0.14145 1.85857
v 0.82250 -0.14024 1.92522
v 0.82021 -0.13901 1.94671
v 0.82285 -0.09476 1.69144
v 0.81641 -0.09299 1.85867
v 0.82309 -0.09095 1.91287
v 0.82255 -0.11407 1.94164
v 0.82504 -0.03932 1.69013
v 0.81994 -0.03402 1.85878
v 0.82513 -0.03872 1.90450
v 0.83233 0.05520 1.86033
v 0.81072 1.10511 1.78140
v 0.79881 1.09727 1.83367
v 0.79511 1.08859 1.90178
v 0.80630 1.08660 1.94720
v 0.79200 1.08670 2.02150
v 0.80600 1.08720 2.09840
v 0.79704 1.09066 2.16041
v 0.79589 1.15764 1.78356
v 0.77650 1.16420 1.82350
v 0.79614 1.16582 2.17000
v 0.79400 1.19020 1.77800
v 0.79686 1.19434 2.17294
v 0.79655 1.19634 2.20100
v 0.86110 -1.19280 2.17320
v 0.86321 -1.19380 2.20093
v 0.86100 -1.16880 2.17000
v 0.85547 -1.08847 1.77919
v 0.86580 -1.08380 1.83970
v 0.86414 -1.08380 1.90500
v 0.86350 -1.08380 1.95300
v 0.87160 -1.08420 2.03300
v 0.85340 -1.08480 2.09860
v 0.86189 -1.08794 2.16068
v 0.86000 -0.44323 1.70814
v 0.85725 -0.46380 1.78525
v 0.85650 -0.47990 1.84780
v 0.85600 -0.47609 1.89757
v 0.85653 -0.45863 1.96883
v 0.86204 -0.40552 1.68643
v 0.83800 -0.40880 1.77767
v 0.83673 -0.41616 1.85473
v 0.85244 -0.40278 1.90056
v 0.85132 -0.40598 1.96533
v 0.86886 -0.35009 1.68443
v 0.84562 -0.34905 1.89863
v 0.84529 -0.35109 1.96271
v 0.87518 -0.27651 1.68200
v 0.83750 -0.27397 1.91633
v 0.83700 -0.27362 1.96265
v 0.87700 -0.21988 1.68200
v 0.83650 -0.23497 1.91133
v 0.83844 -0.21324 1.95678
v 0.87586 -0.14094 1.68200
v 0.84000 -0.15518 1.90463
v 0.84280 -0.14120 1.94940
v 0.87274 -0.09184 1.68200
v 0.85577 -0.08562 1.90743
v 0.87535 -0.09307 1.94327
v 0.86653 -0.03153 1.68387
v 0.86550 -0.01480 1.86000
v 0.87275 -0.03076 1.91096
v 0.89136 -0.04898 1.93382
v 0.86323 0.05202 1.68568
v 0.84400 0.05380 1.85833
v 0.86794 0.04512 1.90538
v 0.87152 0.11120 1.68586
v 0.85165 0.11395 1.85855
v 0.87950 0.11005 1.90660
v 0.87918 0.15332 1.69141
v 0.87230 0.15904 1.78414
v 0.86807 0.15502 1.85465
v 0.87991 0.15042 1.90052
v 0.85547 1.09145 1.77919
v 0.86580 1.08720 1.83970
v 0.86414 1.08720 1.90500
v 0.86350 1.08720 1.95300
v 0.87160 1.08720 2.03300
v 0.85340 1.08720 2.09860
v 0.86189 1.09074 2.16068
v 0.86100 1.16587 2.17000
v 0.86108 1.19503 2.17267
v 0.86321 1.19720 2.20093
v 0.93357 -1.19271 2.17443
v 0.93512 -1.19380 2.19900
v 0.93480 -1.16880 2.17240
v 0.92283 -1.08658 1.78056
v 0.92800 -1.08380 1.84100
v 0.93367 -1.08380 1.91233
v 0.93675 -1.08418 1.95713
v 0.91960 -1.08480 2.03260
v 0.92967 -1.08480 2.09733
v 0.93174 -1.08843 2.16395
v 0.92575 -1.09830 3.12475
v 0.92350 -0.88480 3.12450
v 0.92350 -0.87380 3.12450
v 0.92350 -0.69680 3.12450
v 0.92350 -0.68480 3.12450
v 0.92556 -0.44280 1.71894
v 0.92925 -0.45605 1.76675
v 0.93094 -0.47695 1.84231
v 0.92810 -0.47742 1.89462
v 0.92207 -0.46493 1.97049
v 0.94555 -0.46243 2.02605
v 0.95662 -0.45611 2.06908
v 0.92350 -0.50130 3.12450
v 0.93230 -0.40836 1.68482
v 0.93555 -0.43210 1.90297
v 0.92800 -0.43387 1.97100
v 0.94550 -0.43444 2.02879
v 0.95633 -0.43513 2.06717
v 0.92350 -0.40505 3.12450
v 0.92890 -0.34363 1.68200
v 0.95800 -0.32180 1.89500
v 0.92350 -0.32680 3.12450
v 0.92674 -0.28487 1.68200
v 0.95383 -0.26547 1.90550
v 0.95700 -0.26130 1.97750
v 0.95767 -0.25813 2.04033
v 0.95840 -0.25980 2.05880
v 0.92350 -0.28630 3.12450
v 0.93287 -0.21610 1.68630
v 0.94550 -0.19430 1.78500
v 0.95475 -0.20330 1.85000
v 0.94637 -0.21306 1.90126
v 0.95190 -0.20710 1.97110
v 0.95186 -0.20831 2.03440
v 0.95700 -0.24180 2.05700
v 0.91929 -0.14209 1.68871
v 0.92725 -0.13905 1.78500
v 0.93520 -0.15520 1.85140
v 0.92694 -0.14774 1.89694
v 0.93153 -0.14271 1.97118
v 0.93900 -0.16220 2.00553
v 0.92365 -0.14962 2.17606
v 0.92523 -0.14244 2.19668
v 0.91389 -0.09357 1.69177
v 0.91621 -0.09466 1.78450
v 0.91577 -0.09516 1.85149
v 0.91044 -0.09263 1.90524
v 0.91134 -0.09405 1.95004
v 0.91551 -0.09076 2.17284
v 0.92985 -0.08326 2.19633
v 0.92350 -0.07505 3.12450
v 0.90344 -0.03519 1.69289
v 0.90300 -0.03530 1.78450
v 0.90136 -0.03530 1.85107
v 0.91927 -0.04007 1.91485
v 0.90040 -0.05760 1.93720
v 0.92408 -0.05649 2.17246
v 0.93332 -0.05827 2.19357
v 0.90256 0.04520 1.69289
v 0.90200 0.04420 1.78450
v 0.90014 0.04420 1.85057
v 0.92350 0.00020 3.12450
v 0.90480 0.10340 1.69180
v 0.90450 0.10270 1.78450
v 0.90275 0.10220 1.85238
v 0.91992 0.06870 1.91450
v 0.92350 0.07495 3.12450
v 0.90552 0.14567 1.69299
v 0.90530 0.14655 1.78361
v 0.90375 0.14545 1.85210
v 0.89908 0.14587 1.87325
v 0.94917 0.20703 1.91992
v 0.92350 0.28570 3.12450
v 0.92350 0.32670 3.12450
v 0.92350 0.40495 3.12450
v 0.92350 0.50170 3.12450
v 0.92350 0.68520 3.12450
v 0.92350 0.69620 3.12450
v 0.92350 0.87320 3.12450
v 0.92350 0.88520 3.12450
v 0.92283 1.08981 1.78056
v 0.92800 1.08720 1.84100
v 0.93367 1.08720 1.91233
v 0.93675 1.08720 1.95713
v 0.91960 1.08720 2.03260
v 0.92967 1.08720 2.09733
v 0.93174 1.09134 2.16395
v 0.92575 1.12070 3.12475
v 0.93480 1.16573 2.17240
v 0.93528 1.19420 2.17444
v 0.93512 1.19620 2.19900
v 0.96550 -1.19276 2.20092
v 0.96800 -1.16880 2.20000
v 0.98787 -1.08743 1.77800
v 1.00450 -1.08413 1.84700
v 0.99493 -1.08460 1.90847
v 0.98342 -1.08480 1.95108
v 0.98300 -1.08480 2.03200
v 0.99450 -1.08380 2.09650
v 0.97180 -1.08490 2.16310
v 0.97366 -1.08853 2.20046
v 1.01900 -1.02736 2.03978
v 1.01402 -1.04009 2.09260
v 1.01800 -1.04015 2.14625
v 1.01700 -0.98530 2.03300
v 1.00917 -0.99747 2.08800
v 1.00300 -0.88263 2.08617
v 1.01167 -0.89913 2.13800
v 1.01225 -0.86280 2.02475
v 1.02200 -0.87480 2.21900
v 1.01958 -0.78138 2.22325
v 1.01627 -0.70273 2.22313
v 1.01605 -0.65678 2.22492
v 0.98800 -0.58400 2.04200
v 0.99280 -0.61120 2.09000
v 1.01118 -0.58774 2.21641
v 1.01480 -0.53590 1.96880
v 0.99600 -0.56180 2.00300
v 1.01053 -0.51476 2.21990
v 0.97960 -0.44240 1.73100
v 0.97929 -0.45266 1.76957
v 0.98138 -0.47008 1.84351
v 0.98153 -0.47004 1.89753
v 0.98271 -0.46823 1.96400
v 0.98071 -0.46477 2.03135
v 0.97888 -0.45545 2.07586
v 1.00827 -0.48833 2.21458
v 0.98564 -0.40355 1.69282
v 0.99100 -0.40372 1.77138
v 0.99025 -0.40935 1.84602
v 0.97895 -0.40802 1.90027
v 0.98139 -0.41121 1.97507
v 0.98151 -0.41232 2.03452
v 0.97801 -0.41021 2.07601
v 1.00439 -0.38502 2.20933
v 0.98026 -0.34419 1.69158
v 0.98167 -0.34497 1.78500
v 0.98170 -0.35120 1.84770
v 0.97423 -0.34788 1.90092
v 0.97417 -0.34347 1.97317
v 0.97517 -0.34280 2.02892
v 0.97332 -0.34489 2.06859
v 0.97140 -0.28374 1.69253
v 0.97120 -0.27860 1.78500
v 0.97240 -0.27935 1.84645
v 0.97218 -0.26953 1.89209
v 0.97950 -0.26430 1.96625
v 0.97113 -0.27907 2.01947
v 0.96617 -0.27263 2.06117
v 0.99904 -0.27119 2.20227
v 0.96150 -0.24430 1.69438
v 0.96050 -0.23880 1.78500
v 0.96473 -0.23280 1.85264
v 0.96408 -0.22195 1.89415
v 0.98809 -0.22771 1.95182
v 0.96637 -0.22172 2.03175
v 0.96600 -0.25080 2.05833
v 0.98833 -0.23753 2.20267
v 0.97839 -0.14880 1.96478
v 0.96300 -0.17730 2.00029
v 0.96200 -0.18880 2.20800
v 0.99830 -0.09596 1.92679
v 0.98793 -0.11309 1.94007
v 0.98637 -0.04618 1.91825
v 0.98750 0.21720 1.91950
v 1.00615 0.34020 1.92092
v 0.98787 1.09045 1.77800
v 1.00450 1.08720 1.84700
v 0.99493 1.08720 1.90847
v 0.98342 1.08720 1.95108
v 0.98300 1.08720 2.03200
v 0.99450 1.08720 2.09650
v 0.97180 1.08810 2.16310
v 0.97396 1.09155 2.20027
v 0.96800 1.16553 2.20000
v 0.96593 1.19448 2.20076
v 1.06522 -1.08702 1.78111
v 1.05146 -1.08472 1.83962
v 1.05267 -1.08480 1.90267
v 1.04167 -1.08480 1.94867
v 1.05450 -1.08380 2.03150
v 1.05400 -1.08380 2.09500
v 1.05530 -1.08380 2.14930
v 1.04550 -1.08468 2.20000
v 1.04215 -1.01895 2.01244
v 1.03719 -1.04480 2.09317
v 1.03850 -1.05580 2.15256
v 1.03269 -1.02220 2.23656
v 1.05012 -1.02259 2.27358
v 1.03888 -0.97995 2.00303
v 1.02800 -0.95207 2.23064
v 1.05990 -0.96594 2.29400
v 1.06350 -0.93880 2.30400
v 1.03625 -0.84117 1.99056
v 1.02300 -0.84780 1.99600
v 1.02520 -0.87420 2.22960
v 1.05508 -0.86495 2.29277
v 1.02300 -0.76380 2.23700
v 1.05131 -0.77465 2.29185
v 1.02300 -0.70780 2.24300
v 1.04486 -0.70109 2.28757
v 1.05740 -0.69880 2.30700
v 1.02436 -0.66125 2.23876
v 1.04290 -0.65688 2.28403
v 1.05617 -0.65689 2.30700
v 1.04773 -0.58110 2.29983
v 1.05382 -0.59221 2.30759
v 1.04457 -0.52980 1.96400
v 1.04045 -0.55119 2.28565
v 1.04283 -0.22447 1.93800
v 1.03854 -0.09826 1.92651
v 1.04760 0.35520 1.92080
v 1.05045 0.40669 1.92527
v 1.06088 0.41735 1.95958
v 1.07994 0.42701 2.00250
v 1.06522 1.08961 1.78111
v 1.05146 1.08720 1.83962
v 1.05267 1.08720 1.90267
v 1.04167 1.08720 1.94867
v 1.05450 1.08720 2.03150
v 1.05400 1.08720 2.09500
v 1.05530 1.08720 2.14930
v 1.04550 1.08795 2.20000
v 1.11008 -1.08740 1.77944
v 1.11583 -1.08447 1.83500
v 1.12050 -1.08380 1.90750
v 1.11233 -1.08380 1.95800
v 1.13475 -1.08405 2.03225
v 1.11180 -1.08440 2.08900
v 1.09929 -1.08545 2.15053
v 1.09925 -1.08555 2.20125
v 1.08855 0.42129 1.92300
v 1.09641 0.43044 1.96224
v 1.09797 0.43304 2.01561
v 1.10180 0.46830 1.92340
v 1.10862 0.45970 1.95875
v 1.11414 0.45927 2.02634
v 1.12253 0.46117 2.08259
v 1.14271 0.48106 2.12529
v 1.12810 0.54760 1.92410
v 1.13743 0.53820 1.96829
v 1.12807 0.53852 2.03193
v 1.14120 0.53470 2.09140
v 1.13426 0.58901 1.92460
v 1.14000 0.58229 1.95774
v 1.13257 0.57481 2.03268
v 1.14144 0.57082 2.07731
v 1.11008 1.08980 1.77944
v 1.11583 1.08720 1.83500
v 1.12050 1.08720 1.90750
v 1.11233 1.08720 1.95800
v 1.13475 1.08720 2.03225
v 1.11180 1.08740 2.08900
v 1.09929 1.08838 2.15053
v 1.09925 1.08849 2.20125
v 1.18733 -1.08747 1.77963
v 1.19450 -1.08480 1.84100
v 1.19464 -1.08480 1.90750
v 1.18800 -1.08488 1.95300
v 1.14900 -1.08780 2.04700
v 1.15075 0.48820 2.13492
v 1.14850 0.55370 1.99300
v 1.15365 0.54132 2.01788
v 1.14900 0.54487 2.11300
v 1.15674 0.53143 2.13687
v 1.15100 0.59420 1.92867
v 1.15325 0.58535 1.96750
v 1.16014 0.57640 2.02094
v 1.15460 0.56833 2.10267
v 1.16327 0.56471 2.13753
v 1.18733 1.09055 1.77963
v 1.19450 1.08791 1.84100
v 1.19464 1.08791 1.90750
v 1.18800 1.08797 1.95300
v 1.14900 1.09020 2.04700
usemtl m034
f 3852 3855 4043
f 3852 4043 4032
f 4044 3856 3853
f 4044 3853 4033
f 3851 4031 4033
f 3851 4033 3853
f 3899 3886 3888
f 4020 4007 4018
f 3846 3848 4020
f 3846 4020 4018
f 3848 3852 4032
f 3848 4032 4020
f 3648 3651 3549
f 3648 3549 3544
f 3651 3655 3555
f 3651 3555 3549
f 3901 3899 3888
f 3780 3782 3888
f 3780 3888 3886
f 3585 3587 3467
f 3585 3467 3465
f 3587 3590 3472
f 3587 3472 3467
f 3464 3471 3466
f 3656 3556 3561
f 3656 3561 3659
f 3660 3562 3557
f 3660 3557 3657
f 3555 3655 3657
f 3555 3657 3557
f 3586 3466 3473
f 3586 3473 3591
f 3483 3596 3591
f 3483 3591 3473
f 3590 3688 3690
f 3590 3690 3592
f 3688 3786 3788
f 3688 3788 3690
f 3793 3695 3690
f 3793 3690 3788
f 3695 3597 3592
f 3695 3592 3690
f 3466 3586 3584
f 3466 3584 3464
f 3585 3683 3685
f 3585 3685 3587
f 3683 3781 3783
f 3683 3783 3685
f 3786 3688 3685
f 3786 3685 3783
f 3688 3590 3587
f 3688 3587 3685
f 3852 3754 3757
f 3852 3757 3855
f 3754 3656 3659
f 3754 3659 3757
f 3856 3758 3755
f 3856 3755 3853
f 3758 3660 3657
f 3758 3657 3755
f 3655 3753 3755
f 3655 3755 3657
f 3753 3851 3853
f 3753 3853 3755
f 3782 3684 3689
f 3782 3689 3787
f 3684 3586 3591
f 3684 3591 3689
f 3596 3694 3689
f 3596 3689 3591
f 3694 3792 3787
f 3694 3787 3689
f 3586 3684 3682
f 3586 3682 3584
f 3684 3782 3780
f 3684 3780 3682
f 3786 3900 3903
f 3786 3903 3788
f 3924 3793 3788
f 3924 3788 3903
f 3781 3887 3889
f 3781 3889 3783
f 3900 3786 3783
f 3900 3783 3889
f 3782 3787 3901
f 3782 3901 3888
f 3787 3792 3923
f 3787 3923 3901
f 3590 3592 3475
f 3590 3475 3472
f 3592 3597 3484
f 3592 3484 3475
f 3471 3473 3466
f 3513 3543 3548
f 3650 3622 3513
f 3650 3513 3548
f 3622 3596 3483
f 3622 3483 3513
f 3793 3819 3721
f 3793 3721 3695
f 3819 3844 3746
f 3819 3746 3721
f 3648 3623 3721
f 3648 3721 3746
f 3623 3597 3695
f 3623 3695 3721
f 3596 3622 3720
f 3596 3720 3694
f 3622 3650 3748
f 3622 3748 3720
f 3846 3818 3720
f 3846 3720 3748
f 3818 3792 3694
f 3818 3694 3720
f 3844 3819 3966
f 3844 3966 4008
f 3819 3793 3924
f 3819 3924 3966
f 4007 3965 4018
f 3792 3818 3965
f 3792 3965 3923
f 3818 3846 4018
f 3818 4018 3965
f 3597 3623 3514
f 3597 3514 3484
f 3623 3648 3544
f 3623 3544 3514
f 3543 3550 3548
f 3656 3652 3550
f 3656 3550 3556
f 3652 3650 3548
f 3652 3548 3550
f 3844 3847 3749
f 3844 3749 3746
f 3847 3851 3753
f 3847 3753 3749
f 3655 3651 3749
f 3655 3749 3753
f 3651 3648 3746
f 3651 3746 3749
f 3650 3652 3750
f 3650 3750 3748
f 3652 3656 3754
f 3652 3754 3750
f 3852 3848 3750
f 3852 3750 3754
f 3848 3846 3748
f 3848 3748 3750
f 3851 3847 4019
f 3851 4019 4031
f 3847 3844 4008
f 3847 4008 4019
f 3855 3856 4044
f 3855 4044 4043
f 3554 3555 3557
f 3554 3557 3556
f 3562 3561 3556
f 3562 3556 3557
f 3584 3585 3465
f 3584 3465 3464
f 3899 3900 3889
f 3899 3889 3888
f 3887 3886 3888
f 3887 3888 3889
f 3543 3544 3549
f 3543 3549 3550
f 3555 3554 3550
f 3555 3550 3549
f 3554 3556 3550
f 4043 4044 4033
f 4043 4033 4032
f 4031 4030 4032
f 4031 4032 4033
f 4030 4032 4043
f 3923 3902 3901
f 3923 3924 3903
f 3923 3903 3902
f 3900 3899 3902
f 3900 3902 3903
f 3899 3901 3902
f 3464 3465 3467
f 3464 3467 3466
f 3472 3471 3466
f 3472 3466 3467
f 3660 3659 3561
f 3660 3561 3562
f 3780 3781 3683
f 3780 3683 3682
f 3585 3584 3682
f 3585 3682 3683
f 3659 3660 3758
f 3659 3758 3757
f 3856 3855 3757
f 3856 3757 3758
f 3781 3780 3886
f 3781 3886 3887
f 3471 3474 3473
f 3471 3472 3475
f 3471 3475 3474
f 3484 3483 3474
f 3484 3474 3475
f 3483 3473 3474
f 4007 4008 3966
f 4007 3966 3965
f 3924 3923 3965
f 3924 3965 3966
f 3483 3484 3514
f 3483 3514 3513
f 3544 3543 3513
f 3544 3513 3514
f 4032 4030 4020
f 4030 4031 4019
f 4030 4019 4020
f 4008 4007 4020
f 4008 4020 4019
f 3624 3722 3718
f 3624 3718 3620
f 3722 3820 3816
f 3722 3816 3718
f 3814 3716 3718
f 3814 3718 3816
f 3716 3618 3620
f 3716 3620 3718
f 3821 3723 3719
f 3821 3719 3817
f 3723 3625 3621
f 3723 3621 3719
f 3619 3717 3719
f 3619 3719 3621
f 3717 3815 3817
f 3717 3817 3719
f 3828 3827 3729
f 3828 3729 3730
f 3631 3632 3730
f 3631 3730 3729
f 3387 3386 3376
f 3387 3376 3377
f 3366 3367 3377
f 3366 3377 3376
f 3614 3613 3711
f 3614 3711 3712
f 3809 3810 3712
f 3809 3712 3711
f 3951 3950 3960
f 3951 3960 3961
f 3972 3973 3961
f 3972 3961 3960
f 3499 3500 3356
f 3499 3356 3355
f 3525 3524 3396
f 3525 3396 3397
f 3627 3725 3724
f 3627 3724 3626
f 3725 3823 3822
f 3725 3822 3724
f 3515 3509 3371
f 3515 3371 3381
f 3509 3505 3361
f 3509 3361 3371
f 3362 3372 3371
f 3362 3371 3361
f 3372 3382 3381
f 3372 3381 3371
f 3805 3707 3706
f 3805 3706 3804
f 3707 3609 3608
f 3707 3608 3706
f 3968 3956 3955
f 3968 3955 3967
f 3956 3946 3945
f 3956 3945 3955
f 3495 3496 3352
f 3495 3352 3351
f 3520 3519 3391
f 3520 3391 3392
f 3390 3380 3512
f 3390 3512 3518
f 3380 3370 3508
f 3380 3508 3512
f 3370 3380 3512
f 3370 3512 3508
f 3380 3390 3518
f 3380 3518 3512
f 3820 3722 3724
f 3820 3724 3822
f 3722 3624 3626
f 3722 3626 3724
f 3618 3716 3706
f 3618 3706 3608
f 3716 3814 3804
f 3716 3804 3706
f 3625 3723 3733
f 3625 3733 3635
f 3723 3821 3831
f 3723 3831 3733
f 3815 3717 3715
f 3815 3715 3813
f 3717 3619 3617
f 3717 3617 3715
f 3386 3387 3397
f 3386 3397 3396
f 3366 3365 3355
f 3366 3355 3356
f 3950 3951 3941
f 3950 3941 3940
f 3972 3971 3981
f 3972 3981 3982
f 3505 3495 3351
f 3505 3351 3361
f 3352 3362 3361
f 3352 3361 3351
f 3382 3392 3391
f 3382 3391 3381
f 3519 3515 3381
f 3519 3381 3391
f 3978 3968 3967
f 3978 3967 3977
f 3946 3936 3935
f 3946 3935 3945
f 3400 3390 3518
f 3400 3518 3528
f 3370 3360 3504
f 3370 3504 3508
f 3360 3370 3508
f 3360 3508 3504
f 3390 3400 3528
f 3390 3528 3518
f 3820 3967 3955
f 3820 3955 3816
f 3945 3814 3816
f 3945 3816 3955
f 3618 3505 3509
f 3618 3509 3620
f 3515 3624 3620
f 3515 3620 3509
f 3625 3518 3512
f 3625 3512 3621
f 3508 3619 3621
f 3508 3621 3512
f 3815 3954 3964
f 3815 3964 3817
f 3976 3821 3817
f 3976 3817 3964
f 3827 3828 3983
f 3827 3983 3982
f 3631 3630 3523
f 3631 3523 3524
f 3613 3614 3501
f 3613 3501 3500
f 3809 3808 3939
f 3809 3939 3940
f 3520 3627 3626
f 3520 3626 3519
f 3823 3978 3977
f 3823 3977 3822
f 3936 3805 3804
f 3936 3804 3935
f 3609 3496 3495
f 3609 3495 3608
f 3967 3820 3822
f 3967 3822 3977
f 3624 3515 3519
f 3624 3519 3626
f 3505 3618 3608
f 3505 3608 3495
f 3814 3945 3935
f 3814 3935 3804
f 3518 3625 3635
f 3518 3635 3528
f 3821 3976 3986
f 3821 3986 3831
f 3954 3815 3813
f 3954 3813 3944
f 3619 3508 3504
f 3619 3504 3617
f 3825 3824 3726
f 3825 3726 3727
f 3628 3629 3727
f 3628 3727 3726
f 3632 3633 3731
f 3632 3731 3730
f 3829 3828 3730
f 3829 3730 3731
f 3384 3383 3373
f 3384 3373 3374
f 3363 3364 3374
f 3363 3374 3373
f 3367 3368 3378
f 3367 3378 3377
f 3388 3387 3377
f 3388 3377 3378
f 3611 3610 3708
f 3611 3708 3709
f 3806 3807 3709
f 3806 3709 3708
f 3810 3811 3713
f 3810 3713 3712
f 3615 3614 3712
f 3615 3712 3713
f 3948 3947 3957
f 3948 3957 3958
f 3969 3970 3958
f 3969 3958 3957
f 3973 3974 3962
f 3973 3962 3961
f 3952 3951 3961
f 3952 3961 3962
f 3501 3502 3358
f 3501 3358 3357
f 3497 3498 3354
f 3497 3354 3353
f 3522 3521 3393
f 3522 3393 3394
f 3526 3525 3397
f 3526 3397 3398
f 3383 3384 3394
f 3383 3394 3393
f 3387 3388 3398
f 3387 3398 3397
f 3368 3367 3357
f 3368 3357 3358
f 3364 3363 3353
f 3364 3353 3354
f 3947 3948 3938
f 3947 3938 3937
f 3951 3952 3942
f 3951 3942 3941
f 3974 3973 3983
f 3974 3983 3984
f 3970 3969 3979
f 3970 3979 3980
f 3824 3825 3980
f 3824 3980 3979
f 3828 3829 3984
f 3828 3984 3983
f 3633 3632 3525
f 3633 3525 3526
f 3629 3628 3521
f 3629 3521 3522
f 3610 3611 3498
f 3610 3498 3497
f 3614 3615 3502
f 3614 3502 3501
f 3811 3810 3941
f 3811 3941 3942
f 3807 3806 3937
f 3807 3937 3938
f 3384 3516 3510
f 3384 3510 3374
f 3506 3364 3374
f 3506 3374 3510
f 3367 3507 3511
f 3367 3511 3377
f 3517 3387 3377
f 3517 3377 3511
f 3516 3384 3394
f 3516 3394 3522
f 3387 3517 3525
f 3387 3525 3397
f 3507 3367 3357
f 3507 3357 3501
f 3364 3506 3498
f 3364 3498 3354
f 3364 3506 3510
f 3364 3510 3374
f 3516 3384 3374
f 3516 3374 3510
f 3387 3517 3511
f 3387 3511 3377
f 3507 3367 3377
f 3507 3377 3511
f 3384 3516 3522
f 3384 3522 3394
f 3517 3387 3397
f 3517 3397 3525
f 3367 3507 3501
f 3367 3501 3357
f 3506 3364 3354
f 3506 3354 3498
f 3826 3825 3727
f 3826 3727 3728
f 3629 3630 3728
f 3629 3728 3727
f 3827 3826 3728
f 3827 3728 3729
f 3630 3631 3729
f 3630 3729 3728
f 3385 3384 3374
f 3385 3374 3375
f 3364 3365 3375
f 3364 3375 3374
f 3386 3385 3375
f 3386 3375 3376
f 3365 3366 3376
f 3365 3376 3375
f 3612 3611 3709
f 3612 3709 3710
f 3807 3808 3710
f 3807 3710 3709
f 3613 3612 3710
f 3613 3710 3711
f 3808 3809 3711
f 3808 3711 3710
f 3949 3948 3958
f 3949 3958 3959
f 3970 3971 3959
f 3970 3959 3958
f 3950 3949 3959
f 3950 3959 3960
f 3971 3972 3960
f 3971 3960 3959
f 3500 3501 3357
f 3500 3357 3356
f 3498 3499 3355
f 3498 3355 3354
f 3523 3522 3394
f 3523 3394 3395
f 3524 3523 3395
f 3524 3395 3396
f 3384 3385 3395
f 3384 3395 3394
f 3385 3386 3396
f 3385 3396 3395
f 3367 3366 3356
f 3367 3356 3357
f 3365 3364 3354
f 3365 3354 3355
f 3948 3949 3939
f 3948 3939 3938
f 3949 3950 3940
f 3949 3940 3939
f 3973 3972 3982
f 3973 3982 3983
f 3971 3970 3980
f 3971 3980 3981
f 3825 3826 3981
f 3825 3981 3980
f 3826 3827 3982
f 3826 3982 3981
f 3632 3631 3524
f 3632 3524 3525
f 3630 3629 3522
f 3630 3522 3523
f 3611 3612 3499
f 3611 3499 3498
f 3612 3613 3500
f 3612 3500 3499
f 3810 3809 3940
f 3810 3940 3941
f 3808 3807 3938
f 3808 3938 3939
f 3824 3823 3725
f 3824 3725 3726
f 3627 3628 3726
f 3627 3726 3725
f 3634 3635 3733
f 3634 3733 3732
f 3831 3830 3732
f 3831 3732 3733
f 3633 3634 3732
f 3633 3732 3731
f 3830 3829 3731
f 3830 3731 3732
f 3383 3382 3372
f 3383 3372 3373
f 3362 3363 3373
f 3362 3373 3372
f 3369 3370 3380
f 3369 3380 3379
f 3390 3389 3379
f 3390 3379 3380
f 3368 3369 3379
f 3368 3379 3378
f 3389 3388 3378
f 3389 3378 3379
f 3610 3609 3707
f 3610 3707 3708
f 3805 3806 3708
f 3805 3708 3707
f 3812 3813 3715
f 3812 3715 3714
f 3617 3616 3714
f 3617 3714 3715
f 3811 3812 3714
f 3811 3714 3713
f 3616 3615 3713
f 3616 3713 3714
f 3947 3946 3956
f 3947 3956 3957
f 3968 3969 3957
f 3968 3957 3956
f 3975 3976 3964
f 3975 3964 3963
f 3954 3953 3963
f 3954 3963 3964
f 3974 3975 3963
f 3974 3963 3962
f 3953 3952 3962
f 3953 3962 3963
f 3503 3504 3360
f 3503 3360 3359
f 3502 3503 3359
f 3502 3359 3358
f 3496 3497 3353
f 3496 3353 3352
f 3521 3520 3392
f 3521 3392 3393
f 3528 3527 3399
f 3528 3399 3400
f 3527 3526 3398
f 3527 3398 3399
f 3382 3383 3393
f 3382 3393 3392
f 3389 3390 3400
f 3389 3400 3399
f 3388 3389 3399
f 3388 3399 3398
f 3370 3369 3359
f 3370 3359 3360
f 3369 3368 3358
f 3369 3358 3359
f 3363 3362 3352
f 3363 3352 3353
f 3946 3947 3937
f 3946 3937 3936
f 3953 3954 3944
f 3953 3944 3943
f 3952 3953 3943
f 3952 3943 3942
f 3976 3975 3985
f 3976 3985 3986
f 3975 3974 3984
f 3975 3984 3985
f 3969 3968 3978
f 3969 3978 3979
f 3823 3824 3979
f 3823 3979 3978
f 3830 3831 3986
f 3830 3986 3985
f 3829 3830 3985
f 3829 3985 3984
f 3635 3634 3527
f 3635 3527 3528
f 3634 3633 3526
f 3634 3526 3527
f 3628 3627 3520
f 3628 3520 3521
f 3609 3610 3497
f 3609 3497 3496
f 3616 3617 3504
f 3616 3504 3503
f 3615 3616 3503
f 3615 3503 3502
f 3813 3812 3943
f 3813 3943 3944
f 3812 3811 3942
f 3812 3942 3943
f 3806 3805 3936
f 3806 3936 3937
f 3595 3693 3691
f 3595 3691 3593
f 3693 3791 3789
f 3693 3789 3691
f 3784 3686 3691
f 3784 3691 3789
f 3686 3588 3593
f 3686 3593 3691
f 3792 3694 3692
f 3792 3692 3790
f 3694 3596 3594
f 3694 3594 3692
f 3589 3687 3692
f 3589 3692 3594
f 3687 3785 3790
f 3687 3790 3692
f 3800 3799 3701
f 3800 3701 3702
f 3603 3604 3702
f 3603 3702 3701
f 3337 3336 3326
f 3337 3326 3327
f 3316 3317 3327
f 3316 3327 3326
f 3579 3578 3676
f 3579 3676 3677
f 3774 3775 3677
f 3774 3677 3676
f 3896 3895 3909
f 3896 3909 3910
f 3919 3920 3910
f 3919 3910 3909
f 3769 3671 3681
f 3769 3681 3779
f 3671 3573 3583
f 3671 3583 3681
f 3582 3680 3682
f 3582 3682 3584
f 3680 3778 3780
f 3680 3780 3682
f 3455 3456 3306
f 3455 3306 3305
f 3491 3490 3346
f 3491 3346 3347
f 3873 3872 3882
f 3873 3882 3883
f 3599 3697 3696
f 3599 3696 3598
f 3697 3795 3794
f 3697 3794 3696
f 3480 3476 3321
f 3480 3321 3331
f 3476 3468 3311
f 3476 3311 3321
f 3312 3322 3321
f 3312 3321 3311
f 3322 3332 3331
f 3322 3331 3321
f 3770 3672 3671
f 3770 3671 3769
f 3672 3574 3573
f 3672 3573 3671
f 3915 3905 3904
f 3915 3904 3914
f 3905 3891 3890
f 3905 3890 3904
f 3451 3301 3461
f 3451 3452 3302
f 3451 3302 3301
f 3486 3485 3341
f 3486 3341 3342
f 3868 3867 3877
f 3868 3877 3878
f 3340 3330 3479
f 3340 3479 3483
f 3330 3320 3471
f 3330 3471 3479
f 3460 3464 3310
f 3320 3330 3479
f 3320 3479 3471
f 3330 3340 3483
f 3330 3483 3479
f 3791 3693 3696
f 3791 3696 3794
f 3693 3595 3598
f 3693 3598 3696
f 3588 3686 3681
f 3588 3681 3583
f 3686 3784 3779
f 3686 3779 3681
f 3596 3694 3705
f 3596 3705 3607
f 3694 3792 3803
f 3694 3803 3705
f 3785 3687 3682
f 3785 3682 3780
f 3687 3589 3584
f 3687 3584 3682
f 3336 3337 3347
f 3336 3347 3346
f 3316 3315 3305
f 3316 3305 3306
f 3895 3896 3883
f 3895 3883 3882
f 3919 3918 3929
f 3919 3929 3930
f 3468 3461 3301
f 3468 3301 3311
f 3302 3312 3311
f 3302 3311 3301
f 3332 3342 3341
f 3332 3341 3331
f 3485 3480 3331
f 3485 3331 3341
f 3926 3915 3914
f 3926 3914 3925
f 3891 3878 3877
f 3891 3877 3890
f 3350 3340 3483
f 3350 3483 3494
f 3320 3310 3464
f 3320 3464 3471
f 3310 3320 3471
f 3310 3471 3464
f 3340 3350 3494
f 3340 3494 3483
f 3791 3914 3904
f 3791 3904 3789
f 3890 3784 3789
f 3890 3789 3904
f 3588 3468 3476
f 3588 3476 3593
f 3480 3595 3593
f 3480 3593 3476
f 3596 3483 3479
f 3596 3479 3594
f 3471 3589 3594
f 3471 3594 3479
f 3785 3899 3913
f 3785 3913 3790
f 3923 3792 3790
f 3923 3790 3913
f 3799 3800 3931
f 3799 3931 3930
f 3603 3602 3489
f 3603 3489 3490
f 3578 3579 3457
f 3578 3457 3456
f 3774 3773 3871
f 3774 3871 3872
f 3573 3451 3461
f 3573 3461 3583
f 3867 3769 3779
f 3867 3779 3877
f 3778 3876 3886
f 3778 3886 3780
f 3460 3582 3584
f 3460 3584 3464
f 3486 3599 3598
f 3486 3598 3485
f 3795 3926 3925
f 3795 3925 3794
f 3868 3770 3769
f 3868 3769 3867
f 3574 3452 3451
f 3574 3451 3573
f 3914 3791 3794
f 3914 3794 3925
f 3595 3480 3485
f 3595 3485 3598
f 3468 3588 3583
f 3468 3583 3461
f 3784 3890 3877
f 3784 3877 3779
f 3483 3596 3607
f 3483 3607 3494
f 3792 3923 3934
f 3792 3934 3803
f 3899 3785 3780
f 3899 3780 3886
f 3589 3471 3464
f 3589 3464 3584
f 3797 3796 3698
f 3797 3698 3699
f 3600 3601 3699
f 3600 3699 3698
f 3604 3605 3703
f 3604 3703 3702
f 3801 3800 3702
f 3801 3702 3703
f 3334 3333 3323
f 3334 3323 3324
f 3313 3314 3324
f 3313 3324 3323
f 3317 3318 3328
f 3317 3328 3327
f 3338 3337 3327
f 3338 3327 3328
f 3576 3575 3673
f 3576 3673 3674
f 3771 3772 3674
f 3771 3674 3673
f 3775 3776 3678
f 3775 3678 3677
f 3580 3579 3677
f 3580 3677 3678
f 3893 3892 3906
f 3893 3906 3907
f 3916 3917 3907
f 3916 3907 3906
f 3920 3921 3911
f 3920 3911 3910
f 3897 3896 3910
f 3897 3910 3911
f 3457 3458 3308
f 3457 3308 3307
f 3453 3454 3304
f 3453 3304 3303
f 3488 3487 3343
f 3488 3343 3344
f 3492 3491 3347
f 3492 3347 3348
f 3870 3869 3879
f 3870 3879 3880
f 3874 3873 3883
f 3874 3883 3884
f 3333 3334 3344
f 3333 3344 3343
f 3337 3338 3348
f 3337 3348 3347
f 3318 3317 3307
f 3318 3307 3308
f 3314 3313 3303
f 3314 3303 3304
f 3892 3893 3880
f 3892 3880 3879
f 3896 3897 3884
f 3896 3884 3883
f 3921 3920 3931
f 3921 3931 3932
f 3917 3916 3927
f 3917 3927 3928
f 3796 3797 3928
f 3796 3928 3927
f 3800 3801 3932
f 3800 3932 3931
f 3605 3604 3491
f 3605 3491 3492
f 3601 3600 3487
f 3601 3487 3488
f 3575 3576 3454
f 3575 3454 3453
f 3579 3580 3458
f 3579 3458 3457
f 3776 3775 3873
f 3776 3873 3874
f 3772 3771 3869
f 3772 3869 3870
f 3334 3481 3477
f 3334 3477 3324
f 3469 3314 3324
f 3469 3324 3477
f 3317 3470 3478
f 3317 3478 3327
f 3482 3337 3327
f 3482 3327 3478
f 3457 3463 3307
f 3454 3304 3462
f 3481 3334 3344
f 3481 3344 3488
f 3337 3482 3491
f 3337 3491 3347
f 3470 3317 3307
f 3470 3307 3463
f 3314 3469 3462
f 3314 3462 3304
f 3314 3469 3477
f 3314 3477 3324
f 3481 3334 3324
f 3481 3324 3477
f 3337 3482 3478
f 3337 3478 3327
f 3470 3317 3327
f 3470 3327 3478
f 3334 3481 3488
f 3334 3488 3344
f 3482 3337 3347
f 3482 3347 3491
f 3317 3470 3463
f 3317 3463 3307
f 3469 3314 3304
f 3469 3304 3462
f 3798 3797 3699
f 3798 3699 3700
f 3601 3602 3700
f 3601 3700 3699
f 3799 3798 3700
f 3799 3700 3701
f 3602 3603 3701
f 3602 3701 3700
f 3335 3334 3324
f 3335 3324 3325
f 3314 3315 3325
f 3314 3325 3324
f 3336 3335 3325
f 3336 3325 3326
f 3315 3316 3326
f 3315 3326 3325
f 3577 3576 3674
f 3577 3674 3675
f 3772 3773 3675
f 3772 3675 3674
f 3578 3577 3675
f 3578 3675 3676
f 3773 3774 3676
f 3773 3676 3675
f 3894 3893 3907
f 3894 3907 3908
f 3917 3918 3908
f 3917 3908 3907
f 3895 3894 3908
f 3895 3908 3909
f 3918 3919 3909
f 3918 3909 3908
f 3456 3457 3307
f 3456 3307 3306
f 3454 3455 3305
f 3454 3305 3304
f 3489 3488 3344
f 3489 3344 3345
f 3490 3489 3345
f 3490 3345 3346
f 3871 3870 3880
f 3871 3880 3881
f 3872 3871 3881
f 3872 3881 3882
f 3334 3335 3345
f 3334 3345 3344
f 3335 3336 3346
f 3335 3346 3345
f 3317 3316 3306
f 3317 3306 3307
f 3315 3314 3304
f 3315 3304 3305
f 3893 3894 3881
f 3893 3881 3880
f 3894 3895 3882
f 3894 3882 3881
f 3920 3919 3930
f 3920 3930 3931
f 3918 3917 3928
f 3918 3928 3929
f 3797 3798 3929
f 3797 3929 3928
f 3798 3799 3930
f 3798 3930 3929
f 3604 3603 3490
f 3604 3490 3491
f 3602 3601 3488
f 3602 3488 3489
f 3576 3577 3455
f 3576 3455 3454
f 3577 3578 3456
f 3577 3456 3455
f 3775 3774 3872
f 3775 3872 3873
f 3773 3772 3870
f 3773 3870 3871
f 3796 3795 3697
f 3796 3697 3698
f 3599 3600 3698
f 3599 3698 3697
f 3606 3607 3705
f 3606 3705 3704
f 3803 3802 3704
f 3803 3704 3705
f 3605 3606 3704
f 3605 3704 3703
f 3802 3801 3703
f 3802 3703 3704
f 3333 3332 3322
f 3333 3322 3323
f 3312 3313 3323
f 3312 3323 3322
f 3319 3320 3330
f 3319 3330 3329
f 3340 3339 3329
f 3340 3329 3330
f 3318 3319 3329
f 3318 3329 3328
f 3339 3338 3328
f 3339 3328 3329
f 3575 3574 3672
f 3575 3672 3673
f 3770 3771 3673
f 3770 3673 3672
f 3777 3778 3680
f 3777 3680 3679
f 3582 3581 3679
f 3582 3679 3680
f 3776 3777 3679
f 3776 3679 3678
f 3581 3580 3678
f 3581 3678 3679
f 3892 3891 3905
f 3892 3905 3906
f 3915 3916 3906
f 3915 3906 3905
f 3922 3923 3913
f 3922 3913 3912
f 3899 3898 3912
f 3899 3912 3913
f 3921 3922 3912
f 3921 3912 3911
f 3898 3897 3911
f 3898 3911 3912
f 3459 3460 3310
f 3459 3310 3309
f 3458 3459 3309
f 3458 3309 3308
f 3452 3453 3303
f 3452 3303 3302
f 3487 3486 3342
f 3487 3342 3343
f 3494 3493 3349
f 3494 3349 3350
f 3493 3492 3348
f 3493 3348 3349
f 3869 3868 3878
f 3869 3878 3879
f 3876 3875 3885
f 3876 3885 3886
f 3875 3874 3884
f 3875 3884 3885
f 3332 3333 3343
f 3332 3343 3342
f 3339 3340 3350
f 3339 3350 3349
f 3338 3339 3349
f 3338 3349 3348
f 3320 3319 3309
f 3320 3309 3310
f 3319 3318 3308
f 3319 3308 3309
f 3313 3312 3302
f 3313 3302 3303
f 3891 3892 3879
f 3891 3879 3878
f 3898 3899 3886
f 3898 3886 3885
f 3897 3898 3885
f 3897 3885 3884
f 3923 3922 3933
f 3923 3933 3934
f 3922 3921 3932
f 3922 3932 3933
f 3916 3915 3926
f 3916 3926 3927
f 3795 3796 3927
f 3795 3927 3926
f 3802 3803 3934
f 3802 3934 3933
f 3801 3802 3933
f 3801 3933 3932
f 3607 3606 3493
f 3607 3493 3494
f 3606 3605 3492
f 3606 3492 3493
f 3600 3599 3486
f 3600 3486 3487
f 3574 3575 3453
f 3574 3453 3452
f 3581 3582 3460
f 3581 3460 3459
f 3580 3581 3459
f 3580 3459 3458
f 3778 3777 3875
f 3778 3875 3876
f 3777 3776 3874
f 3777 3874 3875
f 3771 3770 3868
f 3771 3868 3869
f 3653 3751 3747
f 3653 3747 3649
f 3751 3849 3845
f 3751 3845 3747
f 3842 3744 3747
f 3842 3747 3845
f 3744 3646 3649
f 3744 3649 3747
f 3850 3752 3748
f 3850 3748 3846
f 3752 3654 3650
f 3752 3650 3748
f 3647 3745 3748
f 3647 3748 3650
f 3745 3843 3846
f 3745 3846 3748
f 3863 3862 3764
f 3863 3764 3765
f 3666 3667 3765
f 3666 3765 3764
f 3437 3436 3426
f 3437 3426 3427
f 3416 3417 3427
f 3416 3427 3426
f 3642 3641 3739
f 3642 3739 3740
f 3837 3838 3740
f 3837 3740 3739
f 4003 4002 4014
f 4003 4014 4015
f 4026 4027 4015
f 4026 4015 4014
f 3661 3759 3756
f 3661 3756 3658
f 3759 3857 3854
f 3759 3854 3756
f 3866 3768 3757
f 3866 3757 3855
f 3768 3670 3659
f 3768 3659 3757
f 3533 3534 3406
f 3533 3406 3405
f 3569 3568 3446
f 3569 3446 3447
f 4049 4050 4039
f 4049 4039 4038
f 3662 3760 3759
f 3662 3759 3661
f 3760 3858 3857
f 3760 3857 3759
f 3551 3545 3421
f 3551 3421 3431
f 3545 3539 3411
f 3545 3411 3421
f 3412 3422 3421
f 3412 3421 3411
f 3422 3432 3431
f 3422 3431 3421
f 3833 3735 3734
f 3833 3734 3832
f 3735 3637 3636
f 3735 3636 3734
f 4022 4010 4009
f 4022 4009 4021
f 4010 3998 3997
f 4010 3997 4009
f 3529 3530 3402
f 3529 3402 3401
f 3564 3563 3441
f 3564 3441 3442
f 3563 3558 3441
f 4045 4046 4035
f 4045 4035 4034
f 3440 3430 3548
f 3440 3548 3554
f 3430 3420 3542
f 3430 3542 3548
f 3572 3450 3561
f 3420 3430 3548
f 3420 3548 3542
f 3430 3440 3554
f 3430 3554 3548
f 3849 3751 3756
f 3849 3756 3854
f 3751 3653 3658
f 3751 3658 3756
f 3646 3744 3734
f 3646 3734 3636
f 3744 3842 3832
f 3744 3832 3734
f 3654 3752 3757
f 3654 3757 3659
f 3752 3850 3855
f 3752 3855 3757
f 3843 3745 3743
f 3843 3743 3841
f 3745 3647 3645
f 3745 3645 3743
f 3436 3437 3447
f 3436 3447 3446
f 3416 3415 3405
f 3416 3405 3406
f 4002 4003 3993
f 4002 3993 3992
f 4026 4025 4038
f 4026 4038 4039
f 3539 3529 3401
f 3539 3401 3411
f 3402 3412 3411
f 3402 3411 3401
f 3432 3442 3441
f 3432 3441 3431
f 3558 3551 3431
f 3558 3431 3441
f 4035 4022 4021
f 4035 4021 4034
f 3998 3988 3987
f 3998 3987 3997
f 3450 3440 3554
f 3450 3554 3561
f 3420 3410 3538
f 3420 3538 3542
f 3410 3420 3542
f 3410 3542 3538
f 3440 3450 3561
f 3440 3561 3554
f 3849 4021 4009
f 3849 4009 3845
f 3997 3842 3845
f 3997 3845 4009
f 3646 3539 3545
f 3646 3545 3649
f 3551 3653 3649
f 3551 3649 3545
f 3654 3554 3548
f 3654 3548 3650
f 3542 3647 3650
f 3542 3650 3548
f 3843 4006 4018
f 3843 4018 3846
f 4030 3850 3846
f 4030 3846 4018
f 3862 3863 4051
f 3862 4051 4050
f 3666 3665 3567
f 3666 3567 3568
f 3641 3642 3535
f 3641 3535 3534
f 3837 3836 3991
f 3837 3991 3992
f 3857 4045 4034
f 3857 4034 3854
f 3563 3661 3658
f 3563 3658 3558
f 3670 3572 3561
f 3670 3561 3659
f 4054 3866 3855
f 4054 3855 4043
f 3564 3662 3661
f 3564 3661 3563
f 3858 4046 4045
f 3858 4045 3857
f 3988 3833 3832
f 3988 3832 3987
f 3637 3530 3529
f 3637 3529 3636
f 4021 3849 3854
f 4021 3854 4034
f 3653 3551 3558
f 3653 3558 3658
f 3539 3646 3636
f 3539 3636 3529
f 3842 3997 3987
f 3842 3987 3832
f 3554 3654 3659
f 3554 3659 3561
f 3850 4030 4043
f 3850 4043 3855
f 4006 3843 3841
f 4006 3841 3996
f 3647 3542 3538
f 3647 3538 3645
f 3860 3859 3761
f 3860 3761 3762
f 3663 3664 3762
f 3663 3762 3761
f 3667 3668 3766
f 3667 3766 3765
f 3864 3863 3765
f 3864 3765 3766
f 3434 3433 3423
f 3434 3423 3424
f 3413 3414 3424
f 3413 3424 3423
f 3417 3418 3428
f 3417 3428 3427
f 3438 3437 3427
f 3438 3427 3428
f 3639 3638 3736
f 3639 3736 3737
f 3834 3835 3737
f 3834 3737 3736
f 3838 3839 3741
f 3838 3741 3740
f 3643 3642 3740
f 3643 3740 3741
f 4000 3999 4011
f 4000 4011 4012
f 4023 4024 4012
f 4023 4012 4011
f 4027 4028 4016
f 4027 4016 4015
f 4004 4003 4015
f 4004 4015 4016
f 3535 3536 3408
f 3535 3408 3407
f 3531 3532 3404
f 3531 3404 3403
f 3566 3565 3443
f 3566 3443 3444
f 3570 3569 3447
f 3570 3447 3448
f 4051 4052 4041
f 4051 4041 4040
f 4047 4048 4037
f 4047 4037 4036
f 3433 3434 3444
f 3433 3444 3443
f 3437 3438 3448
f 3437 3448 3447
f 3418 3417 3407
f 3418 3407 3408
f 3414 3413 3403
f 3414 3403 3404
f 3999 4000 3990
f 3999 3990 3989
f 4003 4004 3994
f 4003 3994 3993
f 4028 4027 4040
f 4028 4040 4041
f 4024 4023 4036
f 4024 4036 4037
f 3859 3860 4048
f 3859 4048 4047
f 3863 3864 4052
f 3863 4052 4051
f 3668 3667 3569
f 3668 3569 3570
f 3664 3663 3565
f 3664 3565 3566
f 3638 3639 3532
f 3638 3532 3531
f 3642 3643 3536
f 3642 3536 3535
f 3839 3838 3993
f 3839 3993 3994
f 3835 3834 3989
f 3835 3989 3990
f 3434 3552 3546
f 3434 3546 3424
f 3540 3414 3424
f 3540 3424 3546
f 3417 3541 3547
f 3417 3547 3427
f 3553 3437 3427
f 3553 3427 3547
f 3566 3559 3444
f 3569 3447 3560
f 3552 3434 3444
f 3552 3444 3559
f 3437 3553 3560
f 3437 3560 3447
f 3541 3417 3407
f 3541 3407 3535
f 3414 3540 3532
f 3414 3532 3404
f 3414 3540 3546
f 3414 3546 3424
f 3552 3434 3424
f 3552 3424 3546
f 3437 3553 3547
f 3437 3547 3427
f 3541 3417 3427
f 3541 3427 3547
f 3434 3552 3559
f 3434 3559 3444
f 3553 3437 3447
f 3553 3447 3560
f 3417 3541 3535
f 3417 3535 3407
f 3540 3414 3404
f 3540 3404 3532
f 3861 3860 3762
f 3861 3762 3763
f 3664 3665 3763
f 3664 3763 3762
f 3862 3861 3763
f 3862 3763 3764
f 3665 3666 3764
f 3665 3764 3763
f 3435 3434 3424
f 3435 3424 3425
f 3414 3415 3425
f 3414 3425 3424
f 3436 3435 3425
f 3436 3425 3426
f 3415 3416 3426
f 3415 3426 3425
f 3640 3639 3737
f 3640 3737 3738
f 3835 3836 3738
f 3835 3738 3737
f 3641 3640 3738
f 3641 3738 3739
f 3836 3837 3739
f 3836 3739 3738
f 4001 4000 4012
f 4001 4012 4013
f 4024 4025 4013
f 4024 4013 4012
f 4002 4001 4013
f 4002 4013 4014
f 4025 4026 4014
f 4025 4014 4013
f 3534 3535 3407
f 3534 3407 3406
f 3532 3533 3405
f 3532 3405 3404
f 3567 3566 3444
f 3567 3444 3445
f 3568 3567 3445
f 3568 3445 3446
f 4050 4051 4040
f 4050 4040 4039
f 4048 4049 4038
f 4048 4038 4037
f 3434 3435 3445
f 3434 3445 3444
f 3435 3436 3446
f 3435 3446 3445
f 3417 3416 3406
f 3417 3406 3407
f 3415 3414 3404
f 3415 3404 3405
f 4000 4001 3991
f 4000 3991 3990
f 4001 4002 3992
f 4001 3992 3991
f 4027 4026 4039
f 4027 4039 4040
f 4025 4024 4037
f 4025 4037 4038
f 3860 3861 4049
f 3860 4049 4048
f 3861 3862 4050
f 3861 4050 4049
f 3667 3666 3568
f 3667 3568 3569
f 3665 3664 3566
f 3665 3566 3567
f 3639 3640 3533
f 3639 3533 3532
f 3640 3641 3534
f 3640 3534 3533
f 3838 3837 3992
f 3838 3992 3993
f 3836 3835 3990
f 3836 3990 3991
f 3859 3858 3760
f 3859 3760 3761
f 3662 3663 3761
f 3662 3761 3760
f 3669 3670 3768
f 3669 3768 3767
f 3866 3865 3767
f 3866 3767 3768
f 3668 3669 3767
f 3668 3767 3766
f 3865 3864 3766
f 3865 3766 3767
f 3433 3432 3422
f 3433 3422 3423
f 3412 3413 3423
f 3412 3423 3422
f 3419 3420 3430
f 3419 3430 3429
f 3440 3439 3429
f 3440 3429 3430
f 3418 3419 3429
f 3418 3429 3428
f 3439 3438 3428
f 3439 3428 3429
f 3638 3637 3735
f 3638 3735 3736
f 3833 3834 3736
f 3833 3736 3735
f 3840 3841 3743
f 3840 3743 3742
f 3645 3644 3742
f 3645 3742 3743
f 3839 3840 3742
f 3839 3742 3741
f 3644 3643 3741
f 3644 3741 3742
f 3999 3998 4010
f 3999 4010 4011
f 4022 4023 4011
f 4022 4011 4010
f 4029 4030 4018
f 4029 4018 4017
f 4006 4005 4017
f 4006 4017 4018
f 4028 4029 4017
f 4028 4017 4016
f 4005 4004 4016
f 4005 4016 4017
f 3537 3538 3410
f 3537 3410 3409
f 3536 3537 3409
f 3536 3409 3408
f 3530 3531 3403
f 3530 3403 3402
f 3565 3564 3442
f 3565 3442 3443
f 3572 3571 3449
f 3572 3449 3450
f 3571 3570 3448
f 3571 3448 3449
f 4053 4054 4043
f 4053 4043 4042
f 4052 4053 4042
f 4052 4042 4041
f 4046 4047 4036
f 4046 4036 4035
f 3432 3433 3443
f 3432 3443 3442
f 3439 3440 3450
f 3439 3450 3449
f 3438 3439 3449
f 3438 3449 3448
f 3420 3419 3409
f 3420 3409 3410
f 3419 3418 3408
f 3419 3408 3409
f 3413 3412 3402
f 3413 3402 3403
f 3998 3999 3989
f 3998 3989 3988
f 4005 4006 3996
f 4005 3996 3995
f 4004 4005 3995
f 4004 3995 3994
f 4030 4029 4042
f 4030 4042 4043
f 4029 4028 4041
f 4029 4041 4042
f 4023 4022 4035
f 4023 4035 4036
f 3858 3859 4047
f 3858 4047 4046
f 3865 3866 4054
f 3865 4054 4053
f 3864 3865 4053
f 3864 4053 4052
f 3670 3669 3571
f 3670 3571 3572
f 3669 3668 3570
f 3669 3570 3571
f 3663 3662 3564
f 3663 3564 3565
f 3637 3638 3531
f 3637 3531 3530
f 3644 3645 3538
f 3644 3538 3537
f 3643 3644 3537
f 3643 3537 3536
f 3841 3840 3995
f 3841 3995 3996
f 3840 3839 3994
f 3840 3994 3995
f 3834 3833 3988
f 3834 3988 3989
f 4468 4575 4460
f 4575 4576 4460
f 4576 4461 4460
f 4555 4554 4528
f 4554 4561 4528
f 4520 4521 4528
f 4607 4608 4530
f 4608 4522 4530
f 4572 4568 4560
f 4575 4576 4572
f 4576 4568 4572
f 4383 4382 4468
f 4383 4468 4469
f 4460 4461 4468
f 4460 4468 4382
f 4461 4469 4468
f 4386 4468 4382
f 4677 4656 4678
f 4674 4678 4652
f 4656 4651 4652
f 4656 4652 4678
f 4682 4677 4678
f 4682 4678 4683
f 4658 4657 4653
f 4658 4653 4654
f 4676 4655 4659
f 4676 4659 4681
f 4655 4676 4650
f 4389 4485 4479
f 4479 4485 4578
f 4485 4579 4625
f 4485 4625 4578
f 4626 4578 4625
f 4648 4645 4649
f 4646 4649 4645
f 4579 4626 4625
f 4626 4648 4645
f 4654 4653 4648
f 4654 4648 4649
f 4645 4625 4626
f 4647 4627 4628
f 4627 4647 4646
f 4676 4654 4650
f 4654 4676 4675
f 4675 4676 4681
f 4675 4681 4680
f 4654 4649 4650
f 4675 4658 4654
f 4658 4675 4680
f 4626 4627 4646
f 4646 4645 4626
f 4650 4649 4646
f 4650 4646 4647
f 4682 4660 4656
f 4682 4656 4677
f 4386 4485 4389
f 4479 4577 4468
f 4389 4479 4468
f 4389 4468 4382
f 4386 4389 4468
f 4575 4468 4577
f 4575 4577 4624
f 4623 4568 4575
f 4623 4575 4624
f 4568 4576 4575
f 4568 4621 4530
f 4607 4530 4621
f 4568 4623 4621
f 4561 4560 4531
f 4561 4531 4527
f 4522 4527 4531
f 4522 4520 4527
f 4453 4572 4573
f 4454 4453 4573
f 4453 4576 4572
f 4560 4561 4572
f 4561 4569 4572
f 4573 4572 4569
f 4576 4453 4461
f 4560 4530 4531
f 4560 4568 4530
f 4522 4531 4530
f 4561 4527 4528
f 4520 4528 4527
f 4454 4573 4569
f 4561 4554 4569
f 4554 4555 4569
f 4469 4383 4461
f 4461 4453 4454
f 4453 4454 4569
f 4386 4479 4389
f 4651 4674 4652
f 4598 4516 4515
f 4516 4600 4517
f 4516 4598 4599
f 4600 4516 4599
f 4520 4519 4517
f 4519 4516 4517
f 4517 4521 4520
f 4607 4603 4608
f 4603 4522 4608
f 4522 4518 4519
f 4518 4515 4516
f 4518 4516 4519
f 4519 4520 4522
f 4522 4603 4518
f 4603 4598 4515
f 4603 4515 4518
f 4656 4655 4650
f 4656 4650 4651
f 4660 4659 4656
f 4655 4656 4659
f 4657 4680 4679
f 4658 4680 4657
f 4681 4659 4660
f 4681 4660 4682
f 4613 4526 4525
f 4471 4470 4462
f 4471 4462 4463
f 4571 4456 4455
f 4463 4462 4456
f 4455 4456 4462
f 4524 4609 4523
f 4571 4574 4456
f 4605 4610 4606
f 4614 4615 4618
f 4614 4618 4617
f 4605 4610 4609
f 4609 4604 4605
f 4604 4601 4602
f 4604 4602 4605
f 4523 4604 4609
f 4526 4617 4616
f 4618 4620 4617
f 4619 4617 4620
f 4612 4615 4614
f 4525 4524 4611
f 4524 4609 4611
f 4610 4612 4611
f 4610 4611 4609
f 4612 4613 4525
f 4612 4525 4611
f 4613 4612 4614
f 4613 4614 4617
f 4613 4617 4526
f 4416 4415 4414
f 4417 4416 4414
f 4418 4417 4414
f 4426 4418 4414
f 4432 4426 4414
f 4435 4432 4414
f 4441 4435 4414
f 4464 4441 4414
f 4414 4464 4475
f 4492 4493 4501
f 4491 4492 4501
f 4490 4491 4501
f 4489 4490 4501
f 4488 4489 4501
f 4487 4488 4501
f 4486 4487 4501
f 4480 4486 4501
f 4475 4480 4501
f 4414 4475 4501
f 4414 4501 4480
f 4414 4480 4475
f 4224 4255 4254
f 4224 4223 4222
f 4222 4253 4255
f 4222 4255 4224
f 4218 4249 4251
f 4218 4251 4220
f 4253 4222 4220
f 4253 4220 4251
f 4249 4218 4248
f 4218 4220 4219
f 4218 4219 4217
f 4220 4222 4221
f 4220 4221 4219
f 4217 4219 4250
f 4217 4250 4248
f 4219 4221 4252
f 4219 4252 4250
f 4222 4223 4221
f 4224 4254 4223
f 4218 4217 4248
f 4252 4223 4254
f 4252 4221 4223
f 4212 4242 4243
f 4216 4214 4245
f 4216 4245 4247
f 4214 4212 4243
f 4214 4243 4245
f 4246 4216 4247
f 4216 4215 4213
f 4216 4213 4214
f 4211 4212 4214
f 4211 4214 4213
f 4242 4211 4213
f 4242 4213 4244
f 4215 4246 4244
f 4215 4244 4213
f 4242 4212 4211
f 4216 4246 4215
f 4328 4384 4380
f 4569 4562 4561
f 4312 4316 4371
f 4312 4371 4368
f 4318 4372 4369
f 4318 4369 4314
f 4324 4328 4377
f 4360 4309 4365
f 4554 4546 4547
f 4554 4547 4555
f 4328 4380 4377
f 4461 4382 4383
f 4382 4379 4383
f 4320 4324 4377
f 4320 4377 4374
f 4569 4568 4446
f 4569 4446 4447
f 4309 4360 4304
f 4439 4554 4555
f 4439 4555 4440
f 4366 4314 4369
f 4306 4362 4310
f 4378 4326 4330
f 4378 4330 4382
f 4329 4381 4385
f 4315 4367 4311
f 4364 4311 4367
f 4364 4308 4311
f 4357 4358 4302
f 4357 4302 4301
f 4551 4552 4544
f 4551 4544 4543
f 4316 4320 4374
f 4316 4374 4371
f 4453 4447 4454
f 4318 4375 4372
f 4556 4442 4564
f 4452 4445 4444
f 4452 4444 4451
f 4318 4315 4319
f 4329 4385 4331
f 4388 4331 4385
f 4382 4330 4386
f 4322 4318 4319
f 4324 4380 4328
f 4567 4559 4558
f 4567 4558 4566
f 4421 4422 4358
f 4421 4358 4357
f 4543 4544 4536
f 4543 4536 4535
f 4444 4445 4567
f 4444 4567 4566
f 4467 4381 4468
f 4460 4459 4467
f 4460 4467 4468
f 4452 4451 4459
f 4452 4459 4460
f 4568 4559 4567
f 4568 4560 4559
f 4427 4355 4360
f 4427 4419 4355
f 4360 4355 4304
f 4422 4423 4359
f 4422 4359 4358
f 4545 4546 4538
f 4545 4538 4537
f 4364 4307 4308
f 4307 4364 4363
f 4308 4303 4359
f 4453 4460 4461
f 4447 4446 4453
f 4562 4555 4561
f 4554 4561 4555
f 4437 4434 4552
f 4309 4312 4368
f 4309 4368 4365
f 4562 4569 4570
f 4440 4447 4439
f 4559 4552 4551
f 4559 4551 4558
f 4561 4554 4553
f 4561 4553 4560
f 4467 4466 4473
f 4467 4473 4474
f 4477 4478 4474
f 4477 4474 4473
f 4565 4566 4558
f 4565 4558 4557
f 4444 4566 4451
f 4461 4460 4382
f 4327 4326 4323
f 4326 4322 4323
f 4546 4547 4539
f 4546 4539 4538
f 4323 4322 4319
f 4546 4430 4547
f 4430 4431 4547
f 4374 4449 4442
f 4537 4423 4536
f 4533 4419 4427
f 4533 4427 4541
f 4539 4425 4424
f 4539 4424 4538
f 4536 4422 4421
f 4536 4421 4535
f 4423 4422 4536
f 4374 4442 4371
f 4371 4442 4436
f 4449 4377 4457
f 4449 4374 4377
f 4433 4549 4541
f 4433 4541 4427
f 4457 4380 4465
f 4457 4377 4380
f 4371 4436 4368
f 4365 4433 4427
f 4365 4427 4360
f 4365 4368 4436
f 4365 4436 4433
f 4308 4367 4311
f 4370 4315 4311
f 4370 4311 4367
f 4448 4569 4447
f 4379 4327 4323
f 4379 4323 4376
f 4379 4461 4383
f 4378 4326 4327
f 4378 4327 4379
f 4376 4323 4319
f 4376 4319 4373
f 4367 4308 4364
f 4448 4440 4570
f 4448 4570 4569
f 4440 4562 4570
f 4423 4429 4364
f 4423 4364 4359
f 4424 4430 4429
f 4424 4429 4423
f 4562 4440 4555
f 4373 4319 4315
f 4373 4315 4370
f 4447 4440 4448
f 4431 4425 4539
f 4431 4539 4547
f 4430 4424 4425
f 4430 4425 4431
f 4429 4428 4363
f 4429 4363 4364
f 4369 4367 4366
f 4369 4370 4367
f 4376 4375 4378
f 4378 4379 4376
f 4554 4553 4545
f 4554 4545 4546
f 4553 4552 4544
f 4553 4544 4545
f 4378 4379 4382
f 4379 4378 4460
f 4460 4461 4379
f 4452 4453 4461
f 4452 4461 4460
f 4373 4372 4375
f 4375 4376 4373
f 4366 4367 4364
f 4366 4364 4363
f 4439 4438 4553
f 4439 4553 4554
f 4438 4437 4552
f 4438 4552 4553
f 4445 4446 4453
f 4445 4453 4452
f 4370 4369 4372
f 4372 4373 4370
f 4445 4437 4438
f 4445 4438 4446
f 4439 4447 4446
f 4439 4446 4438
f 4546 4545 4429
f 4546 4429 4430
f 4545 4428 4429
f 4358 4359 4303
f 4358 4303 4302
f 4308 4307 4302
f 4308 4302 4303
f 4553 4554 4546
f 4553 4546 4545
f 4453 4452 4460
f 4569 4561 4560
f 4569 4560 4568
f 4382 4381 4385
f 4382 4385 4386
f 4478 4479 4386
f 4478 4386 4385
f 4544 4545 4537
f 4544 4537 4536
f 4568 4567 4446
f 4445 4446 4567
f 4559 4560 4553
f 4559 4553 4552
f 4424 4423 4537
f 4424 4537 4538
f 4304 4305 4361
f 4304 4361 4360
f 4549 4550 4542
f 4549 4542 4541
f 4458 4457 4465
f 4458 4465 4466
f 4457 4458 4450
f 4457 4450 4449
f 4549 4556 4557
f 4549 4557 4550
f 4355 4356 4300
f 4355 4300 4304
f 4305 4304 4300
f 4449 4450 4443
f 4449 4443 4442
f 4565 4564 4442
f 4565 4442 4443
f 4477 4476 4481
f 4477 4481 4482
f 4419 4420 4356
f 4419 4356 4355
f 4420 4421 4356
f 4534 4419 4533
f 4419 4534 4420
f 4534 4535 4421
f 4534 4421 4420
f 4482 4481 4390
f 4482 4390 4391
f 4541 4534 4533
f 4466 4465 4472
f 4466 4472 4473
f 4476 4477 4473
f 4476 4473 4472
f 4564 4565 4557
f 4564 4557 4556
f 4535 4534 4542
f 4534 4541 4542
f 4542 4543 4535
f 4362 4361 4305
f 4362 4305 4306
f 4550 4551 4543
f 4550 4543 4542
f 4459 4458 4466
f 4459 4466 4467
f 4458 4459 4450
f 4451 4450 4459
f 4550 4557 4558
f 4550 4558 4551
f 4356 4357 4301
f 4356 4301 4300
f 4306 4305 4300
f 4306 4300 4301
f 4450 4451 4444
f 4450 4444 4443
f 4566 4565 4443
f 4566 4443 4444
f 4478 4477 4482
f 4478 4482 4483
f 4421 4357 4356
f 4391 4392 4483
f 4391 4483 4482
f 4549 4433 4436
f 4549 4436 4556
f 4476 4387 4390
f 4476 4390 4481
f 4442 4556 4436
f 4465 4380 4384
f 4465 4384 4472
f 4387 4476 4384
f 4476 4472 4384
f 4544 4428 4545
f 4302 4307 4306
f 4302 4306 4301
f 4308 4359 4364
f 4552 4553 4545
f 4552 4545 4544
f 4381 4382 4468
f 4389 4479 4484
f 4389 4484 4393
f 4479 4478 4483
f 4479 4483 4484
f 4381 4467 4474
f 4381 4474 4385
f 4478 4385 4474
f 4306 4307 4363
f 4306 4363 4362
f 4484 4483 4392
f 4484 4392 4393
f 4121 4151 4122
f 4200 4201 4167
f 4200 4167 4166
f 4122 4151 4166
f 4122 4166 4167
f 4500 4587 4588
f 4500 4588 4502
f 4281 4338 4341
f 4281 4341 4285
f 4400 4500 4502
f 4400 4502 4401
f 4338 4400 4401
f 4338 4401 4341
f 4227 4258 4261
f 4227 4261 4230
f 4344 4287 4286
f 4344 4286 4343
f 4504 4403 4402
f 4504 4402 4503
f 4403 4344 4343
f 4403 4343 4402
f 4263 4233 4232
f 4263 4232 4262
f 4233 4231 4230
f 4233 4230 4232
f 4341 4343 4286
f 4341 4286 4285
f 4402 4401 4502
f 4402 4502 4503
f 4343 4341 4401
f 4343 4401 4402
f 4262 4232 4230
f 4262 4230 4261
f 4504 4503 4589
f 4227 4198 4197
f 4636 4635 4667
f 4636 4667 4668
f 4144 4120 4119
f 4120 4144 4145
f 4228 4227 4230
f 4228 4230 4231
f 4233 4201 4200
f 4233 4200 4231
f 4589 4503 4502
f 4589 4502 4588
f 4186 4185 4197
f 4186 4197 4198
f 4587 4500 4586
f 4228 4198 4227
f 4119 4120 4086
f 4119 4086 4085
f 4338 4337 4399
f 4281 4337 4338
f 4338 4399 4400
f 4499 4400 4399
f 4635 4666 4667
f 4400 4499 4500
f 4500 4499 4585
f 4585 4586 4500
f 4636 4587 4586
f 4636 4586 4635
f 4666 4635 4634
f 4586 4585 4634
f 4586 4634 4635
f 4164 4145 4144
f 4164 4144 4163
f 4198 4228 4231
f 4198 4231 4200
f 4082 4116 4117
f 4082 4117 4083
f 4186 4176 4175
f 4186 4175 4185
f 4176 4164 4163
f 4176 4163 4175
f 4185 4196 4197
f 4161 4142 4165
f 4142 4150 4165
f 4142 4141 4149
f 4142 4149 4150
f 4141 4140 4148
f 4141 4148 4149
f 4195 4183 4187
f 4195 4187 4199
f 4142 4143 4117
f 4116 4141 4142
f 4116 4142 4117
f 4118 4083 4117
f 4630 4629 4661
f 4661 4662 4630
f 4581 4629 4630
f 4143 4118 4117
f 4662 4661 4684
f 4684 4685 4662
f 4083 4118 4084
f 4162 4163 4144
f 4162 4144 4143
f 4185 4184 4196
f 4397 4396 4496
f 4397 4496 4497
f 4497 4496 4582
f 4582 4583 4497
f 4119 4118 4143
f 4119 4143 4144
f 4583 4582 4631
f 4583 4631 4632
f 4632 4631 4663
f 4632 4663 4664
f 4686 4687 4664
f 4686 4664 4663
f 4118 4119 4085
f 4118 4085 4084
f 4687 4688 4666
f 4688 4667 4666
f 4687 4666 4665
f 4256 4257 4226
f 4256 4226 4225
f 4161 4162 4143
f 4161 4143 4142
f 4184 4183 4195
f 4184 4195 4196
f 4082 4081 4115
f 4082 4115 4116
f 4081 4080 4114
f 4081 4114 4115
f 4140 4139 4147
f 4140 4147 4148
f 4116 4115 4140
f 4116 4140 4141
f 4115 4114 4139
f 4115 4139 4140
f 4080 4079 4113
f 4080 4113 4114
f 4139 4138 4146
f 4139 4146 4147
f 4114 4113 4138
f 4114 4138 4139
f 4337 4336 4398
f 4336 4397 4398
f 4497 4398 4397
f 4337 4398 4399
f 4497 4498 4398
f 4498 4399 4398
f 4498 4497 4583
f 4498 4499 4399
f 4499 4498 4584
f 4498 4583 4584
f 4632 4584 4583
f 4499 4584 4633
f 4499 4633 4585
f 4584 4632 4664
f 4584 4664 4633
f 4585 4633 4665
f 4585 4665 4634
f 4633 4664 4687
f 4633 4687 4665
f 4665 4666 4634
f 4256 4225 4229
f 4256 4229 4260
f 4279 4257 4256
f 4257 4279 4280
f 4226 4257 4258
f 4226 4258 4227
f 4196 4226 4227
f 4196 4227 4197
f 4226 4196 4195
f 4226 4195 4225
f 4225 4195 4199
f 4225 4199 4229
f 4257 4281 4258
f 4257 4280 4281
f 4258 4281 4285
f 4258 4285 4261
f 4286 4262 4261
f 4286 4261 4285
f 4287 4263 4262
f 4287 4262 4286
f 4337 4281 4280
f 4185 4175 4174
f 4185 4174 4184
f 4175 4163 4162
f 4175 4162 4174
f 4184 4174 4173
f 4184 4173 4183
f 4174 4162 4161
f 4174 4161 4173
f 4183 4173 4177
f 4183 4177 4187
f 4173 4161 4165
f 4173 4165 4177
f 4334 4333 4395
f 4333 4334 4277
f 4333 4277 4276
f 4276 4277 4283
f 4276 4283 4282
f 4396 4397 4335
f 4494 4495 4395
f 4397 4336 4335
f 4336 4337 4280
f 4278 4335 4279
f 4256 4278 4279
f 4278 4256 4260
f 4278 4260 4284
f 4259 4284 4260
f 4280 4279 4336
f 4335 4336 4279
f 4334 4396 4335
f 4394 4494 4395
f 4332 4333 4340
f 4332 4340 4339
f 4333 4276 4282
f 4333 4282 4340
f 4394 4395 4333
f 4333 4332 4394
f 4629 4581 4580
f 4495 4494 4580
f 4495 4580 4581
f 4120 4145 4151
f 4120 4151 4121
f 4094 4121 4122
f 4094 4122 4102
f 4093 4094 4102
f 4093 4102 4101
f 4121 4151 4153
f 4121 4153 4122
f 4090 4091 4099
f 4090 4099 4098
f 4091 4092 4100
f 4091 4100 4099
f 4092 4093 4101
f 4092 4101 4100
f 4088 4089 4097
f 4088 4097 4096
f 4089 4090 4098
f 4089 4098 4097
f 4087 4088 4096
f 4087 4096 4095
f 4120 4121 4094
f 4120 4094 4086
f 4086 4094 4093
f 4086 4093 4085
f 4090 4082 4083
f 4090 4083 4091
f 4091 4083 4084
f 4091 4084 4092
f 4085 4093 4092
f 4085 4092 4084
f 4082 4090 4089
f 4082 4089 4081
f 4088 4080 4081
f 4088 4081 4089
f 4087 4079 4080
f 4087 4080 4088
f 4630 4582 4581
f 4396 4495 4496
f 4581 4582 4496
f 4581 4496 4495
f 4582 4630 4631
f 4662 4631 4630
f 4631 4662 4663
f 4685 4686 4663
f 4685 4663 4662
f 4335 4278 4334
f 4278 4277 4334
f 4277 4278 4284
f 4277 4284 4283
f 4495 4396 4395
f 4334 4395 4396
f 4156 4129 4104
f 4103 4154 4156
f 4103 4156 4104
f 4154 4188 4190
f 4154 4190 4156
f 4506 4514 4413
f 4506 4413 4406
f 4292 4299 4275
f 4292 4275 4269
f 4354 4347 4406
f 4354 4406 4413
f 4299 4292 4347
f 4299 4347 4354
f 4238 4241 4209
f 4238 4209 4205
f 4289 4288 4264
f 4289 4264 4265
f 4345 4346 4405
f 4345 4405 4404
f 4288 4289 4346
f 4288 4346 4345
f 4235 4234 4202
f 4235 4202 4203
f 4203 4202 4205
f 4203 4205 4206
f 4292 4269 4264
f 4292 4264 4288
f 4406 4347 4345
f 4406 4345 4404
f 4347 4292 4288
f 4347 4288 4345
f 4234 4205 4202
f 4234 4238 4205
f 4405 4505 4404
f 4194 4209 4193
f 4597 4644 4643
f 4597 4643 4596
f 4112 4136 4111
f 4112 4137 4136
f 4210 4206 4205
f 4210 4205 4209
f 4203 4206 4190
f 4203 4190 4188
f 4505 4506 4406
f 4505 4406 4404
f 4182 4194 4193
f 4182 4193 4181
f 4413 4514 4513
f 4210 4209 4194
f 4078 4112 4111
f 4078 4111 4077
f 4353 4298 4299
f 4298 4275 4299
f 4412 4353 4354
f 4353 4299 4354
f 4642 4596 4643
f 4412 4354 4413
f 4512 4413 4513
f 4512 4412 4413
f 4513 4514 4597
f 4513 4597 4596
f 4642 4595 4596
f 4595 4512 4513
f 4595 4513 4596
f 4160 4159 4136
f 4160 4136 4137
f 4206 4210 4194
f 4206 4194 4190
f 4074 4075 4109
f 4074 4109 4108
f 4159 4160 4172
f 4159 4172 4171
f 4182 4181 4171
f 4182 4171 4172
f 4181 4193 4192
f 4157 4155 4134
f 4128 4134 4155
f 4134 4128 4127
f 4134 4127 4133
f 4126 4132 4133
f 4126 4133 4127
f 4178 4179 4191
f 4178 4191 4189
f 4108 4109 4134
f 4108 4134 4133
f 4109 4135 4134
f 4109 4075 4110
f 4637 4591 4638
f 4637 4590 4591
f 4590 4508 4591
f 4135 4109 4110
f 4669 4638 4670
f 4669 4637 4638
f 4075 4076 4110
f 4136 4159 4158
f 4136 4158 4135
f 4181 4192 4180
f 4409 4350 4351
f 4409 4351 4410
f 4509 4410 4510
f 4509 4409 4410
f 4111 4136 4135
f 4111 4135 4110
f 4592 4509 4510
f 4592 4510 4593
f 4671 4639 4640
f 4671 4640 4672
f 4639 4592 4593
f 4639 4593 4640
f 4077 4111 4110
f 4077 4110 4076
f 4672 4642 4673
f 4672 4641 4642
f 4643 4673 4642
f 4208 4240 4239
f 4208 4239 4207
f 4135 4158 4157
f 4135 4157 4134
f 4180 4192 4191
f 4180 4191 4179
f 4074 4108 4107
f 4074 4107 4073
f 4106 4072 4073
f 4106 4073 4107
f 4125 4131 4132
f 4125 4132 4126
f 4108 4133 4132
f 4108 4132 4107
f 4131 4106 4107
f 4131 4107 4132
f 4105 4071 4072
f 4105 4072 4106
f 4124 4130 4131
f 4124 4131 4125
f 4130 4105 4106
f 4130 4106 4131
f 4298 4352 4297
f 4410 4351 4352
f 4351 4297 4352
f 4298 4353 4352
f 4353 4411 4352
f 4410 4352 4411
f 4510 4410 4411
f 4353 4412 4411
f 4412 4511 4411
f 4593 4510 4511
f 4510 4411 4511
f 4412 4512 4594
f 4412 4594 4511
f 4640 4593 4511
f 4640 4511 4594
f 4512 4595 4641
f 4512 4641 4594
f 4595 4642 4641
f 4672 4640 4594
f 4672 4594 4641
f 4204 4207 4239
f 4204 4239 4237
f 4273 4239 4240
f 4274 4273 4240
f 4241 4240 4208
f 4241 4208 4209
f 4192 4193 4209
f 4192 4209 4208
f 4191 4192 4208
f 4191 4208 4207
f 4189 4191 4207
f 4189 4207 4204
f 4240 4241 4275
f 4275 4274 4240
f 4241 4238 4269
f 4241 4269 4275
f 4238 4234 4264
f 4238 4264 4269
f 4234 4235 4265
f 4234 4265 4264
f 4298 4274 4275
f 4181 4180 4170
f 4181 4170 4171
f 4158 4159 4171
f 4158 4171 4170
f 4180 4179 4169
f 4180 4169 4170
f 4157 4158 4170
f 4157 4170 4169
f 4179 4178 4168
f 4179 4168 4169
f 4155 4157 4169
f 4155 4169 4168
f 4349 4294 4295
f 4294 4271 4295
f 4294 4270 4271
f 4270 4266 4267
f 4270 4267 4271
f 4350 4296 4351
f 4407 4349 4408
f 4351 4296 4297
f 4274 4298 4297
f 4296 4272 4273
f 4239 4273 4272
f 4236 4237 4268
f 4237 4239 4272
f 4237 4272 4268
f 4296 4273 4297
f 4273 4274 4297
f 4296 4350 4295
f 4348 4349 4407
f 4293 4290 4291
f 4293 4291 4294
f 4266 4270 4294
f 4266 4294 4291
f 4348 4294 4349
f 4348 4293 4294
f 4590 4507 4508
f 4507 4407 4408
f 4507 4408 4508
f 4112 4104 4129
f 4112 4129 4137
f 4103 4104 4070
f 4103 4070 4062
f 4062 4070 4069
f 4062 4069 4061
f 4104 4103 4123
f 4104 4123 4129
f 4066 4058 4059
f 4066 4059 4067
f 4067 4059 4060
f 4067 4060 4068
f 4061 4069 4068
f 4061 4068 4060
f 4064 4056 4057
f 4064 4057 4065
f 4058 4066 4065
f 4058 4065 4057
f 4063 4055 4056
f 4063 4056 4064
f 4112 4078 4070
f 4112 4070 4104
f 4078 4077 4069
f 4078 4069 4070
f 4075 4074 4066
f 4075 4066 4067
f 4076 4075 4067
f 4076 4067 4068
f 4077 4076 4068
f 4077 4068 4069
f 4074 4073 4065
f 4074 4065 4066
f 4073 4072 4064
f 4073 4064 4065
f 4072 4071 4063
f 4072 4063 4064
f 4591 4508 4509
f 4508 4408 4409
f 4508 4409 4509
f 4408 4350 4409
f 4591 4509 4592
f 4638 4591 4592
f 4670 4638 4639
f 4670 4639 4671
f 4638 4592 4639
f 4272 4295 4271
f 4272 4296 4295
f 4271 4267 4268
f 4271 4268 4272
f 4408 4349 4350
f 4349 4295 4350
v 1.18700 -1.30880 2.31000
v 1.18700 1.23220 2.31000
v 1.17200 -1.31380 2.31000
v 1.16550 1.24120 2.31000
v 1.17100 -1.29980 2.44600
v 1.15900 -1.31980 2.31000
v 1.15600 -1.30580 2.44700
v 1.15600 1.22920 2.44700
v 1.15400 -1.29080 2.58000
v 1.16250 1.21970 2.51300
v 1.14800 -1.32380 2.31000
v 1.14800 1.24820 2.31000
v 1.14300 -1.31080 2.44700
v 1.14300 1.23520 2.44700
v 1.14000 -1.32680 2.31000
v 1.14000 1.25120 2.31000
v 1.14000 -1.29680 2.58100
v 1.13430 1.21352 2.65459
v 1.13700 -1.32580 2.31000
v 1.13700 -1.32280 2.31000
v 1.13700 1.24720 2.31000
v 1.13700 1.25020 2.31000
v 1.13500 -1.28180 2.71000
v 1.13100 -1.31580 2.44700
v 1.13100 1.23920 2.44700
v 1.12600 -1.30180 2.58100
v 1.12600 1.22620 2.58100
v 1.12300 -1.31780 2.44700
v 1.12300 1.24220 2.44700
v 1.12100 -1.31680 2.44700
v 1.12100 -1.31380 2.44700
v 1.12100 1.23820 2.44700
v 1.12100 1.24120 2.44700
v 1.12100 -1.28680 2.71100
v 1.11700 -1.27180 2.82100
v 1.11700 1.19620 2.82100
v 1.11400 -1.30680 2.58200
v 1.11400 1.23020 2.58200
v 1.10800 -1.29280 2.71100
v 1.10800 1.21620 2.71100
v 1.10600 -1.30880 2.58200
v 1.10600 1.23320 2.58200
v 1.10500 -1.26380 2.89700
v 1.10500 1.18820 2.89700
v 1.10400 -1.30780 2.58200
v 1.10400 -1.30480 2.58200
v 1.10400 1.22920 2.58200
v 1.10400 1.23220 2.58200
v 1.10400 -1.27780 2.82100
v 1.10400 1.20220 2.82100
v 1.09700 -1.29680 2.71200
v 1.09700 1.22120 2.71200
v 1.09300 -1.25580 2.96600
v 1.09300 1.17920 2.96600
v 1.09200 -1.26980 2.89700
v 1.09200 1.19320 2.89700
v 1.09100 -1.28280 2.82200
v 1.09100 1.20720 2.82200
v 1.08900 -1.29980 2.71200
v 1.08900 1.22320 2.71200
v 1.08600 -1.29880 2.71200
v 1.08600 -1.29580 2.71200
v 1.08600 1.22020 2.71200
v 1.08600 1.22220 2.71200
v 1.08100 -1.28780 2.82300
v 1.08100 1.21220 2.82300
v 1.08000 -1.27480 2.89800
v 1.07800 -1.24680 3.05500
v 1.07800 1.17020 3.05500
v 1.07700 -1.26180 2.96400
v 1.07700 1.18620 2.96400
v 1.07400 -1.28980 2.82300
v 1.07400 1.21420 2.82300
v 1.07100 -1.28880 2.82300
v 1.07100 -1.28680 2.82300
v 1.07100 1.21020 2.82300
v 1.07100 1.21320 2.82300
v 1.07000 -1.27980 2.89900
v 1.07458 1.20152 2.89881
v 1.06300 -1.28180 2.89900
v 1.06300 1.20620 2.89900
v 1.06300 -1.23880 3.13800
v 1.06300 1.16220 3.13800
v 1.06200 -1.26780 2.96200
v 1.05927 1.19422 2.95706
v 1.06100 -1.28080 2.89900
v 1.06100 -1.27780 2.89900
v 1.06100 1.20220 2.89900
v 1.06100 1.20520 2.89900
v 1.05500 -1.23280 3.18700
v 1.05100 -1.22880 3.22000
v 1.05500 1.15720 3.18700
v 1.05000 -1.27280 2.96100
v 1.04900 -1.25480 3.04400
v 1.04900 1.17920 3.04400
v 1.04600 -1.22480 3.25400
v 1.04600 1.14820 3.25400
v 1.04200 -1.27480 2.96000
v 1.04200 1.19920 2.96000
v 1.04000 -1.27380 2.96000
v 1.04000 -1.27080 2.96000
v 1.04000 1.19520 2.96000
v 1.04000 1.19820 2.96000
v 1.04000 -1.21980 3.29300
v 1.04000 1.14320 3.29300
v 1.03300 -1.21280 3.34600
v 1.03300 1.13620 3.34600
v 1.02400 -1.26280 3.03500
v 1.02400 1.18720 3.03500
v 1.02400 -1.20280 3.40100
v 1.02400 1.12620 3.40100
v 1.01300 -1.18680 3.44800
v 1.01300 1.11120 3.44800
v 1.00700 -1.26780 3.03000
v 1.00700 1.19220 3.03000
v 1.00100 -1.15780 3.49200
v 1.00100 1.08220 3.49200
v 0.99600 -1.27080 3.02700
v 0.99600 1.19520 3.02700
v 0.99400 -1.24980 3.12200
v 0.99400 1.17420 3.12200
v 0.99300 -1.26980 3.02600
v 0.99300 -1.26680 3.02600
v 0.99300 1.19120 3.02600
v 0.99300 1.19420 3.02600
v 0.99000 -1.10780 3.53600
v 0.99000 1.03220 3.53600
v 0.98200 -1.02780 3.57300
v 0.98200 0.95220 3.57300
v 0.98000 -0.90580 3.59400
v 0.98000 0.83020 3.59400
v 0.97900 -0.76580 3.60600
v 0.97900 0.68920 3.60600
v 0.97900 -0.62680 3.61300
v 0.97900 0.55020 3.61300
v 0.97900 -0.46680 3.61600
v 0.97900 0.39120 3.61600
v 0.97900 -0.26280 3.61700
v 0.97900 0.18720 3.61700
v 0.95600 -1.25880 3.10000
v 0.95600 1.18320 3.10000
v 0.93400 -1.26480 3.08800
v 0.93400 1.18920 3.08800
v 0.92300 -1.26780 3.08200
v 0.92300 1.19120 3.08200
v 0.91900 -1.26680 3.08000
v 0.91900 -1.26380 3.08000
v 0.91900 1.18720 3.08000
v 0.91900 1.19020 3.08000
v 0.89600 -1.24580 3.17900
v 0.89600 1.17020 3.17900
v 0.88800 -0.26280 3.65000
v 0.88800 0.18720 3.65000
v 0.88600 -0.46680 3.64900
v 0.88600 0.39020 3.64900
v 0.88000 -1.23880 3.24100
v 0.88000 1.16320 3.24100
v 0.87800 -0.62780 3.64800
v 0.87800 0.55220 3.64800
v 0.87300 -1.23380 3.29600
v 0.87300 1.15720 3.29600
v 0.87000 -1.22880 3.34700
v 0.87000 1.15220 3.34700
v 0.86800 -0.76880 3.64400
v 0.86800 0.69220 3.64400
v 0.86600 -1.22280 3.39700
v 0.86600 1.14720 3.39700
v 0.86200 -1.21280 3.44500
v 0.86200 1.13720 3.44500
v 0.85800 -0.91180 3.63800
v 0.85800 0.83620 3.63800
v 0.85700 -1.19780 3.49300
v 0.85700 1.12120 3.49300
v 0.85200 -1.16780 3.54000
v 0.85200 1.09220 3.54000
v 0.85000 -1.03580 3.62200
v 0.85000 0.95920 3.62200
v 0.84900 -1.11780 3.58600
v 0.84900 1.04120 3.58600
v 0.84800 -1.25580 3.13700
v 0.84800 1.18020 3.13700
v 0.82600 -1.26180 3.11500
v 0.82600 1.18520 3.11500
v 0.81900 -1.26280 3.10700
v 0.81900 1.18720 3.10700
v 0.81600 -1.26180 3.10400
v 0.81600 -1.25880 3.10400
v 0.81600 1.18320 3.10400
v 0.81600 1.18620 3.10400
v 0.81200 -0.25380 3.67700
v 0.83283 0.17566 3.66961
v 0.78100 -0.46380 3.68600
v 0.76044 0.35201 3.69395
v 0.76600 -0.62780 3.68500
v 0.77281 0.58318 3.68165
v 0.76300 -0.22580 3.69500
v 0.76300 0.15020 3.69500
v 0.76221 -0.03780 3.69396
v 0.74800 -0.77080 3.68400
v 0.73200 -0.36580 3.70500
v 0.72900 0.84020 3.68200
v 0.72900 -0.91580 3.68300
v 0.72900 -0.18980 3.70700
v 0.72900 0.11420 3.70700
v 0.72600 -0.03780 3.70600
v 0.71400 -1.04080 3.66900
v 0.71400 0.96520 3.66900
v 0.71100 -1.25080 3.20200
v 0.71100 1.17420 3.20200
v 0.70700 -1.24580 3.26700
v 0.70700 1.16920 3.26700
v 0.70600 -1.24080 3.33300
v 0.70600 1.16420 3.33300
v 0.70500 -1.23580 3.39400
v 0.70500 -1.12380 3.63400
v 0.70500 1.04820 3.63400
v 0.70400 -1.22980 3.44300
v 0.69998 1.15514 3.43965
v 0.70400 -0.30080 3.71600
v 0.70400 0.22420 3.71600
v 0.70300 -1.22180 3.48700
v 0.70300 1.14520 3.48700
v 0.70200 -1.20580 3.53600
v 0.70200 1.13020 3.53600
v 0.70200 -1.17580 3.58600
v 0.70200 1.10020 3.58600
v 0.69900 -1.25580 3.15300
v 0.69400 -1.25880 3.12800
v 0.69400 1.18320 3.12800
v 0.69200 -1.25980 3.11800
v 0.69200 1.18420 3.11800
v 0.69100 -1.25780 3.11500
v 0.69100 -1.25580 3.11500
v 0.69100 1.17920 3.11500
v 0.69100 1.18220 3.11500
v 0.64000 -0.50180 3.72800
v 0.64000 0.42620 3.72800
v 0.63300 -0.40780 3.73300
v 0.63300 0.33220 3.73300
v 0.62900 -0.62780 3.72700
v 0.62900 0.55220 3.72700
v 0.61700 -0.32880 3.74000
v 0.61700 0.25320 3.74000
v 0.60800 -0.77080 3.72700
v 0.58376 0.83980 3.72799
v 0.58700 -0.91680 3.72700
v 0.56900 -1.04180 3.71400
v 0.56900 0.96620 3.71400
v 0.55800 -1.12580 3.67700
v 0.55800 1.05020 3.67700
v 0.55300 -1.17780 3.62700
v 0.55300 1.10220 3.62700
v 0.55100 -1.24280 3.36200
v 0.55100 1.16720 3.36200
v 0.55100 -1.23780 3.42800
v 0.55100 1.16220 3.42800
v 0.55100 -1.23280 3.47800
v 0.55100 -1.22380 3.52300
v 0.54245 1.14878 3.52302
v 0.55100 -1.20880 3.57400
v 0.55100 1.13220 3.57400
v 0.55000 -1.25680 3.12500
v 0.55000 -1.25480 3.12500
v 0.55000 1.17820 3.12500
v 0.55000 1.18120 3.12500
v 0.55000 -1.25880 3.12900
v 0.55000 1.18320 3.12900
v 0.55000 -1.25780 3.13900
v 0.55000 -1.25580 3.16700
v 0.55163 1.18007 3.16856
v 0.55000 -1.25180 3.22000
v 0.55000 1.17620 3.22000
v 0.55000 -1.24780 3.28900
v 0.55000 1.17220 3.28900
v 0.48800 -0.40480 3.77000
v 0.48800 0.32820 3.77000
v 0.48700 -0.32380 3.77100
v 0.48700 0.24720 3.77100
v 0.48400 -0.50080 3.76900
v 0.48400 0.42420 3.76900
v 0.47100 -0.62680 3.76900
v 0.46255 0.62246 3.76901
v 0.45300 -0.76980 3.76900
v 0.43400 -0.91480 3.76900
v 0.43400 0.83920 3.76900
v 0.41800 -1.04080 3.75600
v 0.41800 0.96520 3.75600
v 0.40900 -1.12480 3.71700
v 0.40900 1.04920 3.71700
v 0.40400 -1.17780 3.66400
v 0.40400 1.10120 3.66400
v 0.40200 -1.23880 3.45500
v 0.40200 1.16320 3.45500
v 0.40200 -1.23380 3.50700
v 0.54274 1.15749 3.47869
v 0.40200 -1.22480 3.55400
v 0.40200 -1.20780 3.60800
v 0.40200 1.13220 3.60800
v 0.40100 -1.25280 3.23500
v 0.40100 1.17720 3.23500
v 0.40100 -1.24880 3.30700
v 0.40100 1.17220 3.30700
v 0.40100 -1.24380 3.38400
v 0.40100 1.16820 3.38400
v 0.40000 -1.25780 3.13500
v 0.40000 -1.25480 3.13500
v 0.40000 1.17920 3.13500
v 0.40000 1.18220 3.13500
v 0.40000 -1.25980 3.13900
v 0.40000 1.18320 3.13900
v 0.40000 -1.25880 3.15000
v 0.54626 1.18267 3.13463
v 0.40000 -1.25680 3.17900
v 0.40000 1.18020 3.17900
v 0.33200 -0.33180 3.80100
v 0.33200 0.25620 3.80100
v 0.31800 -0.40780 3.80400
v 0.31800 0.33220 3.80400
v 0.30400 -0.50080 3.80600
v 0.30400 0.42420 3.80600
v 0.29300 -0.62580 3.80700
v 0.28300 -0.76880 3.80700
v 0.28300 0.69220 3.80700
v 0.27200 -0.91380 3.80700
v 0.27200 0.83820 3.80700
v 0.26300 -1.03980 3.79300
v 0.26300 0.96420 3.79300
v 0.25800 -1.12380 3.75300
v 0.25800 1.04820 3.75300
v 0.25500 -1.17680 3.69700
v 0.25500 1.10120 3.69700
v 0.25400 -1.20780 3.63900
v 0.25400 1.13220 3.63900
v 0.25300 -1.23880 3.47800
v 0.25300 1.16320 3.47800
v 0.25300 -1.23380 3.53300
v 0.25300 1.15720 3.53300
v 0.25300 -1.22380 3.58300
v 0.15616 1.14796 3.60218
v 0.25200 -1.24880 3.32500
v 0.25200 1.17320 3.32500
v 0.25200 -1.24380 3.40500
v 0.25200 1.16820 3.40500
v 0.25100 -1.25980 3.16000
v 0.25100 1.18420 3.16000
v 0.25100 -1.25780 3.19000
v 0.25100 1.18120 3.19000
v 0.25100 -1.25380 3.24900
v 0.25100 1.17820 3.24900
v 0.25000 -1.25880 3.14500
v 0.25000 -1.25680 3.14500
v 0.25000 1.18020 3.14500
v 0.25000 1.18320 3.14500
v 0.25000 -1.26080 3.14800
v 0.25000 1.18520 3.14800
v 0.21000 -0.30480 3.82400
v 0.21000 0.22920 3.82400
v 0.18300 -0.36580 3.82900
v 0.18300 -0.03780 3.82900
v 0.18300 0.29020 3.82900
v 0.17700 -0.19280 3.83000
v 0.17700 0.11720 3.83000
v 0.14500 -0.03780 3.83600
v 0.14200 -0.22680 3.83600
v 0.14200 0.15020 3.83600
v 0.13600 -0.62380 3.83700
v 0.13400 -0.76680 3.83700
v 0.21712 0.67437 3.82070
v 0.13200 1.05220 3.77600
v 0.13100 1.10120 3.72200
v 0.13100 -0.91180 3.83700
v 0.13100 0.83620 3.83700
v 0.13100 -0.45980 3.83800
v 0.14099 0.49355 3.83612
v 0.06309 1.13067 3.67608
v 0.05680 1.16312 3.50885
v 0.12900 1.15720 3.55400
v 0.12800 1.16820 3.42100
v 0.12800 -1.03880 3.82300
v 0.12700 1.17820 3.26000
v 0.12700 1.17420 3.33800
v 0.12600 1.18120 3.15200
v 0.12600 1.18420 3.15200
v 0.12600 1.18620 3.15600
v 0.12600 1.18520 3.16800
v 0.12600 -1.12280 3.78100
v 0.12500 -1.17580 3.72400
v 0.12300 -1.22380 3.60500
v 0.12300 -1.20680 3.66300
v 0.12200 -1.24480 3.42100
v 0.12200 -1.23880 3.49700
v 0.12200 -1.23280 3.55400
v 0.12100 -1.25880 3.20000
v 0.12100 -1.25480 3.26000
v 0.12100 -1.24980 3.33900
v 0.12000 -1.26080 3.15200
v 0.12000 -1.25780 3.15200
v 0.12000 -1.26180 3.15600
v 0.12000 -1.26080 3.16900
v 0.11400 0.97520 3.82700
v 0.09801 0.11827 3.84411
v 0.09800 -0.25180 3.84400
v 0.05700 1.10420 3.73400
v 0.05700 1.06520 3.77900
v 0.04108 1.14703 3.61939
v 0.05500 1.15720 3.56500
v 0.05400 1.16820 3.43000
v 0.05300 1.17420 3.34600
v 0.07095 1.18270 3.20581
v 0.05200 1.17920 3.26700
v 0.05100 1.18220 3.15700
v 0.05100 1.18520 3.15700
v 0.04980 1.18724 3.16114
v 0.04600 1.03120 3.81200
v 0.03800 -1.03680 3.84200
v 0.03800 -0.90980 3.85600
v 0.03800 -0.76280 3.85600
v 0.03800 -0.62080 3.85600
v 0.03800 -0.46080 3.85600
v 0.03800 -0.25980 3.85600
v 0.03800 -0.03780 3.85600
v 0.03800 0.18420 3.85600
v 0.03800 0.38520 3.85600
v 0.03800 0.54520 3.85600
v 0.03800 0.68720 3.85600
v 0.03500 -1.12280 3.79900
v 0.03300 -1.17580 3.74000
v 0.03200 0.95420 3.84900
v 0.03000 -1.20680 3.67800
v 0.02900 -1.26080 3.15800
v 0.02900 -1.25880 3.15800
v 0.02900 -1.26280 3.16200
v 0.02900 -1.26180 3.17400
v 0.02900 -1.25880 3.20600
v 0.02900 -1.25480 3.26800
v 0.02900 -1.24980 3.34700
v 0.02900 -1.24480 3.43100
v 0.02900 -1.23880 3.50800
v 0.02900 -1.22380 3.61800
v 0.02800 -1.23280 3.56600
v 0.01400 1.01920 3.82800
v 0.01200 1.13020 3.68400
v 0.00800 1.08320 3.77200
v 0.00300 1.10320 3.75600
v 0.00100 1.18220 3.15900
v 0.00100 1.18520 3.15900
v 0.00100 1.18720 3.16300
v 0.00100 1.18620 3.17600
v 0.00100 1.18320 3.20800
v 0.00622 1.16230 3.52004
v -0.00100 1.17920 3.27100
v -0.00400 1.17320 3.35400
v -0.01100 1.10920 3.75200
v -0.01100 1.05620 3.80000
v -0.01900 -0.90680 3.86800
v -0.01900 -0.75980 3.86800
v -0.01900 -0.61880 3.86800
v -0.01900 -0.45980 3.86800
v -0.01900 -0.25980 3.86800
v -0.01900 -0.03780 3.86800
v -0.01900 0.28370 3.86800
v -0.01900 0.61370 3.86800
v -0.00685 0.83287 3.86534
v -0.02000 -1.03580 3.85300
v -0.02100 1.12820 3.69000
v -0.02100 0.95320 3.86000
v -0.02500 -1.12180 3.80900
v -0.02500 1.01920 3.83600
v -0.03000 -1.17480 3.74900
v -0.03100 1.10920 3.75600
v -0.03200 1.14420 3.63500
v -0.03200 1.05620 3.80400
v -0.03400 -1.26180 3.16100
v -0.03400 -1.25880 3.16100
v -0.03400 -1.26380 3.16500
v -0.03400 -1.26280 3.17700
v -0.03500 -1.25980 3.20900
v -0.03500 -1.25580 3.27200
v -0.03600 -1.24980 3.35200
v -0.03600 -1.20680 3.68600
v -0.03800 -1.24480 3.43600
v -0.03900 -1.23880 3.51400
v -0.04000 -1.23280 3.57300
v -0.04000 -1.22280 3.62600
v -0.00770 1.15518 3.58149
v -0.05000 1.18320 3.16200
v -0.05000 1.18620 3.16200
v -0.05000 1.18720 3.16600
v -0.05000 1.18720 3.17800
v -0.05300 1.18420 3.21100
v -0.05500 1.01820 3.84200
v -0.05500 0.95220 3.86700
v -0.05500 -0.90580 3.87500
v -0.05500 -0.75880 3.87500
v -0.05500 -0.61780 3.87500
v -0.05500 -0.45980 3.87500
v -0.05500 -0.25980 3.87500
v -0.05500 0.18320 3.87500
v -0.07750 0.28370 3.87900
v -0.05500 0.83020 3.87500
v -0.05600 1.05520 3.80800
v -0.05700 -1.03580 3.86000
v -0.06200 1.17920 3.27600
v -0.06400 -1.12180 3.81500
v -0.06500 1.15820 3.54700
v -0.07000 1.14120 3.64500
v -0.07400 -1.17480 3.75400
v -0.07700 1.17220 3.36800
v -0.08200 -1.26180 3.16400
v -0.08200 -1.25980 3.16400
v -0.08200 -1.26380 3.16800
v -0.08200 -1.26280 3.18000
v -0.08300 -1.25980 3.21100
v -0.08500 -1.25580 3.27400
v -0.08600 -1.20680 3.69100
v -0.08700 -1.24980 3.35400
v -0.09000 -1.24480 3.43900
v -0.09300 -1.23880 3.51600
v -0.09400 -1.22280 3.63000
v -0.09600 -1.23280 3.57600
v -0.09700 1.16320 3.48200
v -0.10000 1.05520 3.81500
v -0.10000 1.01820 3.84900
v -0.15351 0.95119 3.88314
v -0.10000 -0.90580 3.88300
v -0.10000 -0.75780 3.88300
v -0.10000 -0.61780 3.88300
v -0.10000 -0.45880 3.88300
v -0.10000 -0.25880 3.88300
v -0.07750 -0.03780 3.87900
v -0.10000 0.46220 3.88300
v -0.07750 0.61220 3.87900
v -0.07869 0.82984 3.87940
v -0.10200 -1.03480 3.86700
v -0.11000 -1.12180 3.82000
v -0.12200 -1.17580 3.75800
v -0.12500 -1.26280 3.16600
v -0.12500 -1.25980 3.16600
v -0.12500 -1.26380 3.17000
v -0.12600 -1.26380 3.18100
v -0.12700 -1.26080 3.21300
v -0.11250 1.15070 3.60300
v -0.13000 -1.25580 3.27600
v -0.13400 1.18420 3.16600
v -0.13400 1.18720 3.16600
v -0.13400 -1.25080 3.35600
v -0.13500 1.18820 3.17000
v -0.13500 1.18720 3.18200
v -0.13600 -1.20680 3.69400
v -0.13900 -1.24380 3.44000
v -0.14000 1.18420 3.21400
v -0.14400 -1.23780 3.51700
v -0.14700 -1.22280 3.63300
v -0.14800 -1.23180 3.57800
v -0.15500 1.17920 3.28100
v -0.17600 -1.26280 3.16800
v -0.17600 -1.25980 3.16800
v -0.17600 -1.26480 3.17200
v -0.17600 -1.26380 3.18400
v -0.19190 1.16368 3.48135
v -0.17800 -1.26080 3.21500
v -0.18200 -1.25680 3.27800
v -0.18300 1.05420 3.82800
v -0.18300 1.01720 3.86200
v -0.18300 -0.90480 3.89600
v -0.18300 -0.75680 3.89600
v -0.18300 -0.61680 3.89600
v -0.18300 -0.45880 3.89600
v -0.18300 -0.25880 3.89600
v -0.18300 0.18320 3.89600
v -0.26800 0.38120 3.91000
v -0.18300 0.54020 3.89600
v -0.18300 0.68120 3.89600
v -0.18500 -1.03380 3.88000
v -0.18900 -1.25080 3.35900
v -0.19000 -1.12180 3.83000
v -0.19600 -1.24380 3.44200
v -0.19700 -1.17580 3.76400
v -0.20300 -1.23780 3.51900
v -0.20600 -1.20680 3.69900
v -0.20900 -1.23180 3.58000
v -0.21100 -1.22280 3.63600
v -0.23100 -1.26380 3.17100
v -0.23100 -1.26080 3.17100
v -0.23100 -1.26480 3.17500
v -0.23100 -1.26480 3.18600
v -0.23300 -1.26180 3.21700
v -0.23900 -1.25680 3.28000
v -0.17100 1.15420 3.58700
v -0.24700 -1.25080 3.36100
v -0.25600 -1.24380 3.44300
v -0.26400 -1.23780 3.52000
v -0.26800 1.05320 3.84100
v -0.26800 1.01620 3.87500
v -0.26800 0.95020 3.90100
v -0.26800 -0.90380 3.91000
v -0.26800 -0.75580 3.91000
v -0.26800 -0.61580 3.91000
v -0.26800 -0.45780 3.91000
v -0.26800 -0.25780 3.91000
v -0.26800 -0.03780 3.91000
v -0.26800 0.18220 3.91000
v -0.26800 0.60970 3.91000
v -0.25722 0.82707 3.90805
v -0.26900 -1.03380 3.89200
v -0.27100 -1.12180 3.83900
v -0.27200 -1.23180 3.58200
v -0.27400 -1.17580 3.77000
v -0.27700 -1.22280 3.64000
v -0.27700 -1.20680 3.70300
v -0.28400 1.18520 3.17400
v -0.28400 1.18820 3.17400
v -0.28400 1.19020 3.17700
v -0.28500 1.18920 3.18800
v -0.28700 -1.26380 3.17400
v -0.28700 -1.26080 3.17400
v -0.28700 -1.26580 3.17700
v -0.28800 -1.26480 3.18800
v -0.29000 -1.26180 3.21900
v -0.29000 1.18620 3.22000
v -0.29600 -1.25680 3.28200
v -0.30300 1.18120 3.28500
v -0.30500 -1.25080 3.36300
v -0.31400 -1.24380 3.44500
v -0.31700 1.05320 3.84800
v -0.31700 1.01520 3.88300
v -0.31700 0.94920 3.90900
v -0.31700 -0.90280 3.91700
v -0.31700 -0.75580 3.91700
v -0.31700 -0.61480 3.91700
v -0.31700 -0.45680 3.91700
v -0.31700 -0.25780 3.91700
v -0.31700 -0.03780 3.91700
v -0.31700 0.38120 3.91700
v -0.31700 0.82720 3.91700
v -0.31800 -1.03280 3.89900
v -0.32100 1.17420 3.37300
v -0.32200 -1.23780 3.52100
v -0.32200 -1.12180 3.84400
v -0.32700 -1.17680 3.77200
v -0.33000 -1.23180 3.58400
v -0.33200 -1.20780 3.70500
v -0.33400 -1.22280 3.64200
v -0.34100 1.16620 3.47300
v -0.34500 -1.26480 3.17700
v -0.34500 -1.26180 3.17700
v -0.34500 -1.26680 3.18000
v -0.34600 -1.26580 3.19100
v -0.34900 -1.26280 3.22100
v -0.35400 1.05220 3.85200
v -0.35400 1.01520 3.88700
v -0.39000 0.94803 3.91765
v -0.35400 -0.90280 3.92200
v -0.35400 -0.75480 3.92200
v -0.35400 -0.61480 3.92200
v -0.35400 -0.45680 3.92200
v -0.35400 -0.25780 3.92200
v -0.35400 -0.03780 3.92200
v -0.35400 0.18120 3.92200
v -0.35400 0.45920 3.92200
v -0.35400 0.67920 3.92200
v -0.34889 0.82572 3.92141
v -0.35500 -1.25780 3.28400
v -0.35600 -1.03280 3.90300
v -0.36200 -1.12180 3.84600
v -0.36300 -1.25180 3.36500
v -0.36300 1.15720 3.58000
v -0.37100 -1.17680 3.77300
v -0.37200 -1.24480 3.44600
v -0.38000 -1.23780 3.52200
v -0.38100 -1.20780 3.70600
v -0.38600 -1.23180 3.58500
v -0.38800 -1.22280 3.64400
v -0.40100 1.05220 3.85700
v -0.40100 1.01420 3.89200
v -0.40100 -0.90180 3.92700
v -0.40100 -0.75480 3.92700
v -0.40100 -0.61380 3.92700
v -0.40100 -0.45580 3.92700
v -0.40100 -0.25680 3.92700
v -0.40100 0.18120 3.92700
v -0.45500 0.18120 3.93300
v -0.40100 0.53820 3.92700
v -0.40100 0.82620 3.92700
v -0.40300 -1.03180 3.90800
v -0.40500 -1.26480 3.18000
v -0.40500 -1.26280 3.18000
v -0.40600 -1.26680 3.18300
v -0.40700 -1.26680 3.19300
v -0.41000 -1.26380 3.22300
v -0.41000 -1.12180 3.84800
v -0.41600 -1.25880 3.28600
v -0.42100 -1.17780 3.77300
v -0.42400 -1.25180 3.36600
v -0.43200 -1.24480 3.44700
v -0.43500 -1.20780 3.70600
v -0.43900 1.18720 3.18100
v -0.43900 1.19020 3.18100
v -0.43900 1.19120 3.18500
v -0.43900 -1.23780 3.52200
v -0.44300 1.18820 3.22500
v -0.44400 -1.23180 3.58600
v -0.44500 -1.22280 3.64500
v -0.45000 1.18220 3.28800
v -0.45500 -0.90080 3.93300
v -0.45500 -0.75380 3.93300
v -0.45500 -0.61280 3.93300
v -0.45500 -0.45580 3.93300
v -0.45500 -0.25680 3.93300
v -0.42800 -0.03780 3.93000
v -0.51500 0.37920 3.93900
v -0.45500 0.60770 3.93300
v -0.44766 0.82695 3.93212
v -0.45600 1.01320 3.89800
v -0.45700 1.05120 3.86300
v -0.45700 -1.03180 3.91300
v -0.46000 1.17520 3.37400
v -0.46200 -1.12180 3.85100
v -0.46900 -1.26580 3.18300
v -0.46900 -1.26280 3.18300
v -0.47000 -1.26780 3.18600
v -0.47100 -1.26680 3.19600
v -0.47100 1.16720 3.47300
v -0.47200 -1.17780 3.77300
v -0.47300 -1.26380 3.22600
v -0.47900 -1.25880 3.28900
v -0.48300 1.15920 3.57700
v -0.48500 -1.25180 3.36800
v -0.48700 -1.20880 3.70700
v -0.49100 -1.24480 3.44900
v -0.49600 -1.23780 3.52400
v -0.49900 -1.22280 3.64700
v -0.50000 -1.23180 3.58800
v -0.51500 -1.12080 3.85400
v -0.51500 -1.03080 3.91800
v -0.50860 0.94715 3.92944
v -0.51500 -0.89980 3.93900
v -0.51500 -0.75280 3.93900
v -0.51500 -0.61180 3.93900
v -0.51500 -0.45480 3.93900
v -0.51500 -0.25680 3.93900
v -0.51500 0.07120 3.93900
v -0.51500 0.53620 3.93900
v -0.51500 0.67720 3.93900
v -0.51500 0.82420 3.93900
v -0.53992 1.01304 3.90602
v -0.51700 1.05020 3.86800
v -0.51900 -1.17780 3.77600
v -0.53300 -1.20780 3.70900
v -0.53900 -1.26680 3.18600
v -0.53900 -1.26380 3.18600
v -0.53900 1.18820 3.18600
v -0.53900 1.19120 3.18600
v -0.53900 -1.26880 3.18900
v -0.53900 1.19220 3.18900
v -0.54000 -1.26780 3.19900
v -0.52504 1.19202 3.19977
v -0.54100 -1.26480 3.22800
v -0.54100 1.18920 3.22800
v -0.54200 -1.25980 3.29100
v -0.54200 1.18320 3.29100
v -0.54500 -1.25280 3.37100
v -0.54500 1.17620 3.37700
v -0.54600 -1.22280 3.64900
v -0.54700 -1.24480 3.45100
v -0.54800 1.16820 3.47400
v -0.54800 -1.23780 3.52600
v -0.55000 -1.23180 3.59000
v -0.55100 1.15920 3.57700
v -0.58200 -1.17580 3.78100
v -0.58800 -1.11880 3.86000
v -0.59100 -1.20680 3.71300
v -0.59800 -1.02980 3.92400
v -0.60100 -0.89880 3.94500
v -0.60100 -0.75180 3.94500
v -0.60100 -0.61080 3.94500
v -0.60100 -0.45380 3.94500
v -0.60100 -0.25580 3.94500
v -0.60100 0.07120 3.94500
v -0.60100 0.45670 3.94500
v -0.60100 0.82320 3.94500
v -0.60200 0.94620 3.93600
v -0.60300 -1.22180 3.65200
v -0.60500 1.04920 3.87400
v -0.60700 1.15820 3.58100
v -0.60800 -1.23080 3.59200
v -0.61000 1.16720 3.47800
v -0.61000 -1.23780 3.52900
v -0.61100 -1.24480 3.45400
v -0.61300 1.17620 3.38000
v -0.61400 -1.25280 3.37400
v -0.61600 -1.25980 3.29500
v -0.61600 1.18420 3.29500
v -0.61800 -1.26580 3.23200
v -0.61900 -1.26680 3.18900
v -0.61900 -1.26480 3.18900
v -0.61900 1.18820 3.18900
v -0.61900 1.19120 3.18900
v -0.61900 -1.26880 3.19200
v -0.61900 1.19320 3.19200
v -0.61900 -1.26880 3.20200
v -0.61900 1.19220 3.20200
v -0.68000 -1.20280 3.72000
v -0.68200 -1.16980 3.79100
v -0.68700 -1.21980 3.65400
v -0.68800 1.15720 3.58600
v -0.69100 -1.22980 3.59400
v -0.69400 -1.23680 3.53100
v -0.69500 1.16720 3.48300
v -0.69800 -1.24380 3.45800
v -0.70100 1.17520 3.38500
v -0.70200 -1.25180 3.37900
v -0.70400 -1.11480 3.87000
v -0.70700 -1.25880 3.29900
v -0.70700 1.18320 3.29900
v -0.71100 -1.26480 3.23600
v -0.67500 1.19020 3.22564
v -0.71300 -1.26780 3.20600
v -0.71400 -1.26680 3.19300
v -0.71400 -1.26380 3.19300
v -0.71400 1.18820 3.19300
v -0.71400 1.19120 3.19300
v -0.71400 -1.26880 3.19600
v -0.67248 1.19292 3.19544
v -0.72800 -1.02780 3.93200
v -0.73600 -0.89780 3.95200
v -0.73600 -0.75080 3.95200
v -0.73600 -0.61080 3.95200
v -0.73600 -0.45280 3.95200
v -0.73600 -0.25580 3.95200
v -0.73600 -0.03780 3.95200
v -0.73600 0.18020 3.95200
v -0.73600 0.37720 3.95200
v -0.73600 0.53420 3.95200
v -0.73600 0.82220 3.95200
v -0.73700 0.94520 3.94300
v -0.73900 1.01020 3.91700
v -0.74100 1.04820 3.88100
v -0.78300 1.15620 3.59200
v -0.78400 -1.21780 3.65600
v -0.78500 -1.19680 3.72700
v -0.78600 -1.22880 3.59500
v -0.79100 -1.23580 3.53300
v -0.79200 1.16620 3.48800
v -0.79500 -1.24280 3.46100
v -0.80000 1.17420 3.39000
v -0.80000 -1.16180 3.80400
v -0.80100 -1.25080 3.38300
v -0.80700 -1.25780 3.30400
v -0.80700 1.18220 3.30400
v -0.81200 -1.26380 3.24000
v -0.81200 1.18820 3.24000
v -0.81500 -1.26680 3.21000
v -0.81500 1.19120 3.21000
v -0.81600 -1.26580 3.19700
v -0.81600 -1.26280 3.19700
v -0.81600 1.18720 3.19700
v -0.81600 1.19020 3.19700
v -0.81600 -1.26780 3.20000
v -0.81600 1.19120 3.20000
v -0.84100 -1.10980 3.88100
v -0.88200 -1.02580 3.94000
v -0.89600 -0.89680 3.96000
v -0.89600 -0.74980 3.96000
v -0.89600 -0.60980 3.96000
v -0.89600 -0.45280 3.96000
v -0.89600 -0.25580 3.96000
v -0.89600 -0.03780 3.96000
v -0.89600 0.27820 3.96000
v -0.89600 0.60320 3.96000
v -0.89600 0.82120 3.96000
v -0.89700 0.94320 3.95100
v -0.89900 1.00920 3.92400
v -0.90200 1.04720 3.88900
usemtl m035
f 5072 5101 5073
f 5101 5135 5136
f 5137 5097 5101
f 5137 5101 5136
f 5097 5073 5101
f 4919 4955 5000
f 4919 5000 4917
f 4955 4998 5000
f 5002 4958 5000
f 4958 4917 5000
f 5277 5209 5248
f 5277 5230 5193
f 5277 5193 5209
f 5138 5209 5193
f 5138 5140 5196
f 5138 5196 5209
f 5248 5209 5196
f 4998 5043 5033
f 4998 5033 5000
f 5043 5072 5073
f 5043 5073 5033
f 5097 5035 5033
f 5097 5033 5073
f 5035 5002 5000
f 5035 5000 5033
f 4895 4865 4867
f 4895 4867 4904
f 4865 4817 4815
f 4865 4815 4867
f 4805 4863 4867
f 4805 4867 4815
f 4863 4914 4904
f 4863 4904 4867
f 4833 4831 4803
f 4833 4803 4807
f 4831 4829 4797
f 4831 4797 4803
f 4773 4803 4797
f 4773 4787 4807
f 4773 4807 4803
f 4698 4706 4724
f 4706 4715 4728
f 4746 4738 4706
f 4746 4706 4728
f 4738 4724 4706
f 5387 5443 5445
f 5443 5488 5490
f 5443 5490 5445
f 5505 5447 5445
f 5505 5445 5490
f 5447 5389 5445
f 5558 5522 5523
f 5558 5557 5521
f 5558 5521 5522
f 5468 5522 5521
f 5468 5469 5523
f 5468 5523 5522
f 5291 5260 5261
f 5291 5259 5260
f 5219 5260 5259
f 5219 5220 5261
f 5219 5261 5260
f 5400 5371 5401
f 5400 5399 5370
f 5400 5370 5371
f 5348 5371 5370
f 5348 5349 5401
f 5348 5401 5371
f 5150 5112 5113
f 5150 5149 5111
f 5150 5111 5112
f 5062 5112 5111
f 5062 5056 5113
f 5062 5113 5112
f 5219 5187 5220
f 5149 5150 5220
f 5149 5220 5187
f 5150 5221 5220
f 5348 5322 5349
f 5259 5291 5349
f 5259 5349 5322
f 5291 5350 5349
f 5399 5430 5370
f 5399 5468 5467
f 5399 5467 5430
f 5430 5398 5370
f 5149 5110 5111
f 5149 5148 5109
f 5149 5109 5110
f 5089 5110 5109
f 5089 5062 5111
f 5089 5111 5110
f 5219 5259 5258
f 5219 5258 5187
f 5259 5290 5258
f 5289 5258 5290
f 5289 5218 5187
f 5289 5187 5258
f 5348 5370 5369
f 5348 5369 5347
f 5398 5369 5370
f 5398 5346 5347
f 5398 5347 5369
f 5149 5187 5186
f 5218 5186 5187
f 5218 5148 5149
f 5218 5149 5186
f 4881 4885 4879
f 4881 4908 4892
f 4881 4892 4885
f 4893 4886 4885
f 4893 4885 4892
f 4886 4879 4885
f 4881 4879 4841
f 4881 4841 4843
f 4827 4841 4879
f 4827 4825 4843
f 4827 4843 4841
f 5259 5322 5347
f 5259 5347 5290
f 5322 5348 5347
f 5346 5321 5347
f 5321 5289 5290
f 5321 5290 5347
f 5093 5130 5063
f 5130 5132 5091
f 5130 5091 5063
f 5058 5063 5091
f 5063 5027 5093
f 4947 4986 4949
f 4986 4979 4940
f 4986 4940 4949
f 4914 4912 4949
f 4914 4949 4940
f 4912 4910 4947
f 4912 4947 4949
f 5027 5063 5021
f 5063 5058 5019
f 5063 5019 5021
f 4979 4986 5021
f 4979 5021 5019
f 4986 4947 5027
f 4986 5027 5021
f 4780 4839 4845
f 4780 4771 4809
f 4780 4809 4839
f 4829 4869 4839
f 4829 4839 4809
f 4869 4958 4897
f 4869 4897 4839
f 4899 4845 4839
f 4899 4839 4897
f 5194 5153 5159
f 5194 5158 5141
f 5194 5141 5153
f 5132 5130 5153
f 5132 5153 5141
f 5130 5093 5159
f 5130 5159 5153
f 5062 5008 5056
f 4968 4970 5056
f 4968 5056 5008
f 4970 5011 5056
f 4970 4929 4933
f 4970 4968 4925
f 4970 4925 4929
f 4881 4883 4929
f 4881 4929 4925
f 4883 4933 4929
f 4883 4847 4853
f 4883 4881 4843
f 4883 4843 4847
f 4825 4823 4847
f 4825 4847 4843
f 4823 4821 4853
f 4823 4853 4847
f 4698 4696 4706
f 4698 4690 4692
f 4698 4692 4696
f 4692 4702 4696
f 4702 4715 4706
f 4702 4706 4696
f 4761 4769 4767
f 4761 4767 4754
f 4769 4787 4773
f 4769 4773 4767
f 4767 4746 4754
f 5488 5512 5490
f 5512 5548 5542
f 5540 5505 5512
f 5540 5512 5542
f 5505 5490 5512
f 5468 5399 5431
f 5399 5400 5431
f 5400 5432 5431
f 5432 5469 5468
f 5432 5468 5431
f 5470 5424 5434
f 5424 5402 5434
f 5403 5435 5434
f 5403 5434 5402
f 5435 5472 5434
f 5154 5151 5116
f 5151 5150 5113
f 5056 5060 5151
f 5056 5151 5113
f 5060 5088 5116
f 5060 5116 5151
f 5088 5060 5013
f 5088 5013 5015
f 5060 5056 5011
f 5060 5011 5013
f 4970 4973 5013
f 4970 5013 5011
f 4973 4975 5015
f 4973 5015 5013
f 4975 4973 4933
f 4975 4933 4936
f 4973 4970 4933
f 4883 4889 4933
f 4889 4895 4936
f 4889 4936 4933
f 4895 4889 4859
f 4895 4859 4865
f 4889 4883 4853
f 4889 4853 4859
f 4821 4819 4859
f 4821 4859 4853
f 4819 4817 4865
f 4819 4865 4859
f 5470 5469 5433
f 5470 5433 5424
f 5469 5432 5433
f 5400 5401 5433
f 5400 5433 5432
f 5401 5424 5433
f 5283 5292 5212
f 5292 5291 5261
f 5220 5221 5292
f 5220 5292 5261
f 5221 5212 5292
f 5424 5401 5372
f 5424 5372 5340
f 5349 5350 5372
f 5349 5372 5401
f 5350 5340 5372
f 5212 5221 5188
f 5212 5188 5180
f 5150 5151 5188
f 5150 5188 5221
f 5151 5154 5180
f 5151 5180 5188
f 5340 5350 5323
f 5340 5323 5315
f 5291 5292 5323
f 5291 5323 5350
f 5292 5283 5315
f 5292 5315 5323
f 5560 5559 5523
f 5560 5523 5524
f 5559 5558 5523
f 5469 5470 5524
f 5469 5524 5523
f 4805 4801 4861
f 4805 4861 4863
f 4801 4799 4857
f 4801 4857 4861
f 4910 4912 4861
f 4910 4861 4857
f 4912 4914 4863
f 4912 4863 4861
f 4979 4977 4938
f 4979 4938 4940
f 4977 4975 4936
f 4977 4936 4938
f 4895 4904 4938
f 4895 4938 4936
f 4904 4914 4940
f 4904 4940 4938
f 5058 5057 5017
f 5058 5017 5019
f 5057 5088 5015
f 5057 5015 5017
f 4975 4977 5017
f 4975 5017 5015
f 4977 4979 5019
f 4977 5019 5017
f 5467 5520 5519
f 5467 5468 5521
f 5467 5521 5520
f 5557 5520 5521
f 5557 5556 5519
f 5557 5519 5520
f 5138 5173 5094
f 5138 5094 5064
f 5173 5093 5094
f 5027 5065 5094
f 5027 5094 5093
f 5065 5064 5094
f 4981 4983 4944
f 4910 4906 4983
f 4910 4983 4947
f 4906 4944 4983
f 5230 5173 5193
f 5230 5194 5159
f 5230 5159 5173
f 5093 5173 5159
f 5173 5138 5193
f 5064 5065 5025
f 5064 5025 5023
f 5065 5027 5025
f 4947 4983 5025
f 4947 5025 5027
f 4983 4981 5023
f 4983 5023 5025
f 5131 5102 5092
f 5102 5088 5057
f 5102 5057 5092
f 5058 5091 5092
f 5058 5092 5057
f 5091 5132 5131
f 5091 5131 5092
f 5403 5402 5363
f 5403 5363 5362
f 5402 5424 5340
f 5402 5340 5363
f 5340 5339 5363
f 5339 5338 5362
f 5339 5362 5363
f 5210 5211 5179
f 5210 5179 5189
f 5211 5212 5180
f 5211 5180 5179
f 5154 5156 5179
f 5154 5179 5180
f 5156 5160 5189
f 5156 5189 5179
f 5281 5282 5252
f 5281 5252 5251
f 5282 5283 5212
f 5282 5212 5252
f 5212 5211 5252
f 5211 5210 5251
f 5211 5251 5252
f 5338 5339 5314
f 5338 5314 5313
f 5339 5340 5315
f 5339 5315 5314
f 5283 5282 5314
f 5283 5314 5315
f 5282 5281 5313
f 5282 5313 5314
f 5562 5561 5525
f 5562 5525 5526
f 5561 5560 5524
f 5561 5524 5525
f 5470 5434 5525
f 5470 5525 5524
f 5434 5472 5526
f 5434 5526 5525
f 5131 5142 5129
f 5131 5129 5102
f 5142 5160 5156
f 5142 5156 5129
f 5154 5116 5129
f 5154 5129 5156
f 5116 5088 5102
f 5116 5102 5129
f 4906 4855 4851
f 4906 4910 4857
f 4906 4857 4855
f 4799 4795 4855
f 4799 4855 4857
f 4795 4793 4851
f 4795 4851 4855
f 5135 5101 5100
f 5135 5100 5134
f 5101 5072 5071
f 5101 5071 5100
f 5070 5099 5100
f 5070 5100 5071
f 5099 5133 5134
f 5099 5134 5100
f 4730 4717 4721
f 4730 4721 4736
f 4717 4704 4710
f 4717 4710 4721
f 4709 4720 4721
f 4709 4721 4710
f 4720 4735 4736
f 4720 4736 4721
f 4761 4748 4752
f 4761 4752 4765
f 4748 4730 4736
f 4748 4736 4752
f 4735 4751 4752
f 4735 4752 4736
f 4751 4764 4765
f 4751 4765 4752
f 4833 4807 4813
f 4833 4813 4837
f 4807 4787 4791
f 4807 4791 4813
f 4790 4812 4813
f 4790 4813 4791
f 4812 4836 4837
f 4812 4837 4813
f 4787 4769 4777
f 4787 4777 4791
f 4769 4761 4765
f 4769 4765 4777
f 4764 4776 4777
f 4764 4777 4765
f 4776 4790 4791
f 4776 4791 4777
f 4998 4955 4953
f 4998 4953 4996
f 4955 4919 4923
f 4955 4923 4953
f 4922 4952 4953
f 4922 4953 4923
f 4952 4995 4996
f 4952 4996 4953
f 4919 4873 4877
f 4919 4877 4923
f 4873 4833 4837
f 4873 4837 4877
f 4836 4876 4877
f 4836 4877 4837
f 4876 4922 4923
f 4876 4923 4877
f 5072 5043 5041
f 5072 5041 5071
f 5043 4998 4996
f 5043 4996 5041
f 4995 5040 5041
f 4995 5041 4996
f 5040 5070 5071
f 5040 5071 5041
f 5548 5512 5510
f 5548 5510 5546
f 5512 5488 5486
f 5512 5486 5510
f 5485 5509 5510
f 5485 5510 5486
f 5509 5545 5546
f 5509 5546 5510
f 5488 5443 5441
f 5488 5441 5486
f 5443 5387 5386
f 5443 5386 5441
f 5385 5440 5441
f 5385 5441 5386
f 5440 5485 5486
f 5440 5486 5441
f 5387 5301 5300
f 5387 5300 5386
f 5301 5235 5233
f 5301 5233 5300
f 5232 5299 5300
f 5232 5300 5233
f 5299 5385 5386
f 5299 5386 5300
f 5505 5481 5449
f 5505 5449 5447
f 5481 5478 5451
f 5481 5451 5449
f 5405 5392 5449
f 5405 5449 5451
f 5392 5389 5447
f 5392 5447 5449
f 5540 5538 5503
f 5540 5503 5505
f 5538 5534 5499
f 5538 5499 5503
f 5478 5481 5503
f 5478 5503 5499
f 5481 5505 5503
f 5137 5139 5098
f 5137 5098 5097
f 5139 5140 5096
f 5139 5096 5098
f 5069 5068 5098
f 5069 5098 5096
f 5068 5097 5098
f 5002 4988 4960
f 5002 4960 4958
f 4988 4990 4962
f 4988 4962 4960
f 4899 4897 4960
f 4899 4960 4962
f 4897 4958 4960
f 5097 5068 5037
f 5097 5037 5035
f 5068 5069 5029
f 5068 5029 5037
f 4990 4988 5037
f 4990 5037 5029
f 4988 5002 5035
f 4988 5035 5037
f 4829 4809 4783
f 4829 4783 4797
f 4809 4771 4757
f 4809 4757 4783
f 4742 4759 4783
f 4742 4783 4757
f 4759 4773 4797
f 4759 4797 4783
f 4715 4726 4740
f 4715 4740 4728
f 4726 4730 4748
f 4726 4748 4740
f 4761 4754 4740
f 4761 4740 4748
f 4754 4746 4728
f 4754 4728 4740
f 4692 4700 4713
f 4692 4713 4702
f 4700 4704 4717
f 4700 4717 4713
f 4730 4726 4713
f 4730 4713 4717
f 4726 4715 4702
f 4726 4702 4713
f 4773 4759 4744
f 4773 4744 4767
f 4759 4742 4732
f 4759 4732 4744
f 4724 4738 4744
f 4724 4744 4732
f 4738 4746 4767
f 4738 4767 4744
f 4829 4831 4871
f 4829 4871 4869
f 4831 4833 4873
f 4831 4873 4871
f 4919 4917 4871
f 4919 4871 4873
f 4917 4958 4869
f 4917 4869 4871
f 5137 5136 5177
f 5137 5177 5178
f 5136 5135 5176
f 5136 5176 5177
f 5235 5236 5177
f 5235 5177 5176
f 5236 5239 5178
f 5236 5178 5177
f 5235 5176 5175
f 5235 5175 5233
f 5176 5135 5134
f 5176 5134 5175
f 5133 5174 5175
f 5133 5175 5134
f 5174 5232 5233
f 5174 5233 5175
f 5235 5301 5302
f 5235 5302 5236
f 5301 5387 5445
f 5301 5445 5302
f 5389 5308 5302
f 5389 5302 5445
f 5308 5239 5236
f 5308 5236 5302
f 5239 5308 5310
f 5239 5310 5243
f 5308 5389 5392
f 5308 5392 5310
f 5405 5325 5310
f 5405 5310 5392
f 5325 5248 5243
f 5325 5243 5310
f 5140 5138 5095
f 5140 5095 5096
f 5138 5064 5095
f 5064 5066 5095
f 5066 5069 5096
f 5066 5096 5095
f 4990 4992 4942
f 4990 4942 4962
f 4992 4981 4944
f 4992 4944 4942
f 4906 4901 4942
f 4906 4942 4944
f 4901 4899 4962
f 4901 4962 4942
f 5069 5066 5031
f 5069 5031 5029
f 5066 5064 5023
f 5066 5023 5031
f 4981 4992 5031
f 4981 5031 5023
f 4992 4990 5029
f 4992 5029 5031
f 5478 5475 5454
f 5478 5454 5451
f 5475 5473 5457
f 5475 5457 5454
f 5415 5411 5454
f 5415 5454 5457
f 5411 5405 5451
f 5411 5451 5454
f 5534 5532 5497
f 5534 5497 5499
f 5532 5527 5494
f 5532 5494 5497
f 5473 5475 5497
f 5473 5497 5494
f 5475 5478 5499
f 5475 5499 5497
f 5405 5411 5332
f 5405 5332 5325
f 5411 5415 5355
f 5411 5355 5332
f 5277 5248 5332
f 5277 5332 5355
f 5248 5325 5332
f 4899 4901 4849
f 4899 4849 4845
f 4901 4906 4851
f 4901 4851 4849
f 4793 4785 4849
f 4793 4849 4851
f 4785 4780 4845
f 4785 4845 4849
f 5140 5139 5191
f 5140 5191 5196
f 5139 5137 5178
f 5139 5178 5191
f 5239 5243 5191
f 5239 5191 5178
f 5243 5248 5196
f 5243 5196 5191
f 4908 4881 4927
f 4908 4927 4931
f 4881 4925 4927
f 4968 4964 4927
f 4968 4927 4925
f 4964 4966 4931
f 4964 4931 4927
f 5062 5089 5053
f 5062 5053 5048
f 5089 5051 5053
f 5047 5050 5053
f 5047 5053 5051
f 5050 5045 5048
f 5050 5048 5053
f 5045 5004 5006
f 5045 5006 5048
f 5004 4966 4964
f 5004 4964 5006
f 4968 5008 5006
f 4968 5006 4964
f 5008 5062 5048
f 5008 5048 5006
f 5086 5087 5121
f 5086 5121 5120
f 5087 5081 5122
f 5087 5122 5121
f 5165 5164 5121
f 5165 5121 5122
f 5164 5163 5120
f 5164 5120 5121
f 4918 4916 4956
f 4918 4956 4954
f 4916 4915 4957
f 4916 4957 4956
f 5001 4999 4956
f 5001 4956 4957
f 4999 4997 4954
f 4999 4954 4956
f 4997 4999 5032
f 4997 5032 5042
f 4999 5001 5034
f 4999 5034 5032
f 5081 5087 5032
f 5081 5032 5034
f 5087 5086 5042
f 5087 5042 5032
f 4894 4903 4866
f 4894 4866 4864
f 4903 4913 4862
f 4903 4862 4866
f 4804 4814 4866
f 4804 4866 4862
f 4814 4816 4864
f 4814 4864 4866
f 4832 4806 4802
f 4832 4802 4830
f 4806 4786 4781
f 4806 4781 4802
f 4772 4796 4802
f 4772 4802 4781
f 4796 4828 4830
f 4796 4830 4802
f 4697 4711 4722
f 4697 4722 4705
f 4711 4723 4737
f 4711 4737 4722
f 4745 4727 4722
f 4745 4722 4737
f 4727 4714 4705
f 4727 4705 4722
f 5409 5410 5444
f 5409 5444 5442
f 5410 5413 5446
f 5410 5446 5444
f 5482 5489 5444
f 5482 5444 5446
f 5489 5487 5442
f 5489 5442 5444
f 5552 5515 5516
f 5552 5516 5553
f 5515 5463 5464
f 5515 5464 5516
f 5465 5517 5516
f 5465 5516 5464
f 5517 5554 5553
f 5517 5553 5516
f 5285 5254 5255
f 5285 5255 5286
f 5254 5214 5215
f 5254 5215 5255
f 5216 5256 5255
f 5216 5255 5215
f 5256 5287 5286
f 5256 5286 5255
f 5394 5365 5366
f 5394 5366 5395
f 5365 5342 5343
f 5365 5343 5366
f 5344 5367 5366
f 5344 5366 5343
f 5367 5396 5395
f 5367 5395 5366
f 5144 5105 5106
f 5144 5106 5145
f 5105 5055 5054
f 5105 5054 5106
f 5061 5107 5106
f 5061 5106 5054
f 5107 5146 5145
f 5107 5145 5106
f 5214 5182 5183
f 5214 5183 5215
f 5182 5144 5145
f 5182 5145 5183
f 5146 5184 5183
f 5146 5183 5145
f 5184 5216 5215
f 5184 5215 5183
f 5342 5317 5318
f 5342 5318 5343
f 5317 5285 5286
f 5317 5286 5318
f 5287 5319 5318
f 5287 5318 5286
f 5319 5344 5343
f 5319 5343 5318
f 5396 5397 5429
f 5396 5429 5428
f 5397 5398 5430
f 5397 5430 5429
f 5467 5466 5429
f 5467 5429 5430
f 5466 5465 5428
f 5466 5428 5429
f 5146 5107 5108
f 5146 5108 5147
f 5107 5061 5090
f 5107 5090 5108
f 5089 5109 5108
f 5089 5108 5090
f 5109 5148 5147
f 5109 5147 5108
f 5216 5217 5257
f 5216 5257 5256
f 5217 5218 5289
f 5217 5289 5257
f 5289 5288 5257
f 5288 5287 5256
f 5288 5256 5257
f 5344 5345 5368
f 5344 5368 5367
f 5345 5346 5398
f 5345 5398 5368
f 5398 5397 5368
f 5397 5396 5367
f 5397 5367 5368
f 5146 5147 5185
f 5146 5185 5184
f 5147 5148 5218
f 5147 5218 5185
f 5218 5217 5185
f 5217 5216 5184
f 5217 5184 5185
f 4880 4878 4884
f 4880 4884 4888
f 4878 4886 4884
f 4893 4891 4884
f 4893 4884 4886
f 4891 4907 4888
f 4891 4888 4884
f 4880 4842 4840
f 4880 4840 4878
f 4842 4824 4826
f 4842 4826 4840
f 4827 4879 4840
f 4827 4840 4826
f 4879 4886 4878
f 4879 4878 4840
f 5287 5288 5320
f 5287 5320 5319
f 5288 5289 5321
f 5288 5321 5320
f 5346 5345 5320
f 5346 5320 5321
f 5345 5344 5319
f 5345 5319 5320
f 5076 5077 5117
f 5076 5117 5127
f 5077 5075 5115
f 5077 5115 5117
f 5157 5168 5117
f 5157 5117 5115
f 5168 5172 5127
f 5168 5127 5117
f 4984 4946 4948
f 4984 4948 4985
f 4946 4909 4911
f 4946 4911 4948
f 4913 4939 4948
f 4913 4948 4911
f 4939 4978 4985
f 4939 4985 4948
f 5076 5026 5020
f 5076 5020 5077
f 5026 4984 4985
f 5026 4985 5020
f 4978 5018 5020
f 4978 5020 4985
f 5018 5075 5077
f 5018 5077 5020
f 4779 4844 4838
f 4779 4838 4778
f 4844 4898 4896
f 4844 4896 4838
f 4915 4868 4838
f 4915 4838 4896
f 4868 4828 4808
f 4868 4808 4838
f 4770 4778 4838
f 4770 4838 4808
f 5055 5010 5009
f 5055 5009 5054
f 5010 4971 4969
f 5010 4969 5009
f 4967 5007 5009
f 4967 5009 4969
f 5007 5061 5054
f 5007 5054 5009
f 4971 4932 4928
f 4971 4928 4969
f 4932 4887 4882
f 4932 4882 4928
f 4880 4924 4928
f 4880 4928 4882
f 4924 4967 4969
f 4924 4969 4928
f 4887 4852 4846
f 4887 4846 4882
f 4852 4820 4822
f 4852 4822 4846
f 4824 4842 4846
f 4824 4846 4822
f 4842 4880 4882
f 4842 4882 4846
f 4697 4705 4695
f 4697 4695 4693
f 4705 4714 4701
f 4705 4701 4695
f 4694 4691 4695
f 4694 4695 4701
f 4691 4689 4693
f 4691 4693 4695
f 4760 4753 4766
f 4760 4766 4768
f 4753 4745 4755
f 4753 4755 4766
f 4772 4781 4766
f 4772 4766 4755
f 4781 4786 4768
f 4781 4768 4766
f 5487 5489 5506
f 5487 5506 5511
f 5489 5482 5504
f 5489 5504 5506
f 5539 5541 5506
f 5539 5506 5504
f 5541 5547 5511
f 5541 5511 5506
f 5465 5464 5427
f 5465 5427 5428
f 5464 5463 5426
f 5464 5426 5427
f 5394 5395 5427
f 5394 5427 5426
f 5395 5396 5428
f 5395 5428 5427
f 5461 5459 5422
f 5461 5422 5423
f 5459 5458 5436
f 5459 5436 5422
f 5412 5406 5422
f 5412 5422 5436
f 5406 5404 5423
f 5406 5423 5422
f 5152 5103 5104
f 5152 5104 5143
f 5103 5067 5059
f 5103 5059 5104
f 5055 5105 5104
f 5055 5104 5059
f 5105 5144 5143
f 5105 5143 5104
f 5067 5014 5012
f 5067 5012 5059
f 5014 4974 4972
f 5014 4972 5012
f 4971 5010 5012
f 4971 5012 4972
f 5010 5055 5059
f 5010 5059 5012
f 4974 4935 4934
f 4974 4934 4972
f 4935 4894 4890
f 4935 4890 4934
f 4887 4932 4934
f 4887 4934 4890
f 4932 4971 4972
f 4932 4972 4934
f 4894 4864 4858
f 4894 4858 4890
f 4864 4816 4818
f 4864 4818 4858
f 4820 4852 4858
f 4820 4858 4818
f 4852 4887 4890
f 4852 4890 4858
f 5461 5423 5425
f 5461 5425 5462
f 5423 5404 5393
f 5423 5393 5425
f 5394 5426 5425
f 5394 5425 5393
f 5426 5463 5462
f 5426 5462 5425
f 5293 5262 5253
f 5293 5253 5284
f 5262 5222 5213
f 5262 5213 5253
f 5214 5254 5253
f 5214 5253 5213
f 5254 5285 5284
f 5254 5284 5253
f 5404 5373 5364
f 5404 5364 5393
f 5373 5352 5341
f 5373 5341 5364
f 5342 5365 5364
f 5342 5364 5341
f 5365 5394 5393
f 5365 5393 5364
f 5222 5190 5181
f 5222 5181 5213
f 5190 5152 5143
f 5190 5143 5181
f 5144 5182 5181
f 5144 5181 5143
f 5182 5214 5213
f 5182 5213 5181
f 5352 5324 5316
f 5352 5316 5341
f 5324 5293 5284
f 5324 5284 5316
f 5285 5317 5316
f 5285 5316 5284
f 5317 5342 5341
f 5317 5341 5316
f 5550 5513 5514
f 5550 5514 5551
f 5513 5461 5462
f 5513 5462 5514
f 5463 5515 5514
f 5463 5514 5462
f 5515 5552 5551
f 5515 5551 5514
f 4804 4862 4860
f 4804 4860 4800
f 4862 4913 4911
f 4862 4911 4860
f 4909 4856 4860
f 4909 4860 4911
f 4856 4798 4800
f 4856 4800 4860
f 4978 4939 4937
f 4978 4937 4976
f 4939 4913 4903
f 4939 4903 4937
f 4894 4935 4937
f 4894 4937 4903
f 4935 4974 4976
f 4935 4976 4937
f 5075 5018 5016
f 5075 5016 5074
f 5018 4978 4976
f 5018 4976 5016
f 4974 5014 5016
f 4974 5016 4976
f 5014 5067 5074
f 5014 5074 5016
f 5467 5519 5518
f 5467 5518 5466
f 5519 5556 5555
f 5519 5555 5518
f 5554 5517 5518
f 5554 5518 5555
f 5517 5465 5466
f 5517 5466 5518
f 5079 5080 5128
f 5079 5128 5126
f 5080 5076 5127
f 5080 5127 5128
f 5172 5171 5128
f 5172 5128 5127
f 5171 5170 5126
f 5171 5126 5128
f 4980 4943 4945
f 4980 4945 4982
f 4943 4902 4905
f 4943 4905 4945
f 4909 4946 4945
f 4909 4945 4905
f 4946 4984 4982
f 4946 4982 4945
f 5079 5022 5024
f 5079 5024 5080
f 5022 4980 4982
f 5022 4982 5024
f 4984 5026 5024
f 4984 5024 4982
f 5026 5076 5080
f 5026 5080 5024
f 5075 5074 5114
f 5075 5114 5115
f 5074 5067 5103
f 5074 5103 5114
f 5152 5155 5114
f 5152 5114 5103
f 5155 5157 5115
f 5155 5115 5114
f 5412 5381 5379
f 5412 5379 5406
f 5381 5356 5353
f 5381 5353 5379
f 5352 5373 5379
f 5352 5379 5353
f 5373 5404 5406
f 5373 5406 5379
f 5224 5195 5192
f 5224 5192 5223
f 5195 5157 5155
f 5195 5155 5192
f 5152 5190 5192
f 5152 5192 5155
f 5190 5222 5223
f 5190 5223 5192
f 5296 5266 5264
f 5296 5264 5294
f 5266 5224 5223
f 5266 5223 5264
f 5222 5262 5264
f 5222 5264 5223
f 5262 5293 5294
f 5262 5294 5264
f 5356 5328 5327
f 5356 5327 5353
f 5328 5296 5294
f 5328 5294 5327
f 5293 5324 5327
f 5293 5327 5294
f 5324 5352 5353
f 5324 5353 5327
f 5535 5492 5501
f 5535 5501 5549
f 5492 5458 5459
f 5492 5459 5501
f 5461 5513 5501
f 5461 5501 5459
f 5513 5550 5549
f 5513 5549 5501
f 4902 4850 4854
f 4902 4854 4905
f 4850 4792 4794
f 4850 4794 4854
f 4798 4856 4854
f 4798 4854 4794
f 4856 4909 4905
f 4856 4905 4854
f 4729 4733 4718
f 4729 4718 4716
f 4733 4734 4719
f 4733 4719 4718
f 4708 4707 4718
f 4708 4718 4719
f 4707 4703 4716
f 4707 4716 4718
f 4760 4762 4749
f 4760 4749 4747
f 4762 4763 4750
f 4762 4750 4749
f 4734 4733 4749
f 4734 4749 4750
f 4733 4729 4747
f 4733 4747 4749
f 4832 4834 4810
f 4832 4810 4806
f 4834 4835 4811
f 4834 4811 4810
f 4789 4788 4810
f 4789 4810 4811
f 4788 4786 4806
f 4788 4806 4810
f 4786 4788 4774
f 4786 4774 4768
f 4788 4789 4775
f 4788 4775 4774
f 4763 4762 4774
f 4763 4774 4775
f 4762 4760 4768
f 4762 4768 4774
f 4997 4993 4950
f 4997 4950 4954
f 4993 4994 4951
f 4993 4951 4950
f 4921 4920 4950
f 4921 4950 4951
f 4920 4918 4954
f 4920 4954 4950
f 4918 4920 4874
f 4918 4874 4872
f 4920 4921 4875
f 4920 4875 4874
f 4835 4834 4874
f 4835 4874 4875
f 4834 4832 4872
f 4834 4872 4874
f 5086 5084 5038
f 5086 5038 5042
f 5084 5085 5039
f 5084 5039 5038
f 4994 4993 5038
f 4994 5038 5039
f 4993 4997 5042
f 4993 5042 5038
f 5547 5543 5507
f 5547 5507 5511
f 5543 5544 5508
f 5543 5508 5507
f 5484 5483 5507
f 5484 5507 5508
f 5483 5487 5511
f 5483 5511 5507
f 5487 5483 5438
f 5487 5438 5442
f 5483 5484 5439
f 5483 5439 5438
f 5408 5407 5438
f 5408 5438 5439
f 5407 5409 5442
f 5407 5442 5438
f 5409 5407 5374
f 5409 5374 5376
f 5407 5408 5375
f 5407 5375 5374
f 5334 5333 5374
f 5334 5374 5375
f 5333 5335 5376
f 5333 5376 5374
f 5482 5446 5448
f 5482 5448 5480
f 5446 5413 5414
f 5446 5414 5448
f 5416 5450 5448
f 5416 5448 5414
f 5450 5479 5480
f 5450 5480 5448
f 5539 5504 5502
f 5539 5502 5537
f 5504 5482 5480
f 5504 5480 5502
f 5479 5500 5502
f 5479 5502 5480
f 5500 5536 5537
f 5500 5537 5502
f 5081 5082 5123
f 5081 5123 5122
f 5082 5083 5124
f 5082 5124 5123
f 5167 5166 5123
f 5167 5123 5124
f 5166 5165 5122
f 5166 5122 5123
f 5001 4957 4959
f 5001 4959 4987
f 4957 4915 4896
f 4957 4896 4959
f 4898 4961 4959
f 4898 4959 4896
f 4961 4989 4987
f 4961 4987 4959
f 5081 5034 5036
f 5081 5036 5082
f 5034 5001 4987
f 5034 4987 5036
f 4989 5028 5036
f 4989 5036 4987
f 5028 5083 5082
f 5028 5082 5036
f 4828 4796 4782
f 4828 4782 4808
f 4796 4772 4758
f 4796 4758 4782
f 4741 4756 4782
f 4741 4782 4758
f 4756 4770 4808
f 4756 4808 4782
f 4714 4727 4739
f 4714 4739 4725
f 4727 4745 4753
f 4727 4753 4739
f 4760 4747 4739
f 4760 4739 4753
f 4747 4729 4725
f 4747 4725 4739
f 4694 4701 4712
f 4694 4712 4699
f 4701 4714 4725
f 4701 4725 4712
f 4729 4716 4712
f 4729 4712 4725
f 4716 4703 4699
f 4716 4699 4712
f 4772 4755 4743
f 4772 4743 4758
f 4755 4745 4737
f 4755 4737 4743
f 4723 4731 4743
f 4723 4743 4737
f 4731 4741 4758
f 4731 4758 4743
f 4828 4868 4870
f 4828 4870 4830
f 4868 4915 4916
f 4868 4916 4870
f 4918 4872 4870
f 4918 4870 4916
f 4872 4832 4830
f 4872 4830 4870
f 5083 5078 5125
f 5083 5125 5124
f 5078 5079 5126
f 5078 5126 5125
f 5170 5169 5125
f 5170 5125 5126
f 5169 5167 5124
f 5169 5124 5125
f 4989 4961 4941
f 4989 4941 4991
f 4961 4898 4900
f 4961 4900 4941
f 4902 4943 4941
f 4902 4941 4900
f 4943 4980 4991
f 4943 4991 4941
f 5083 5028 5030
f 5083 5030 5078
f 5028 4989 4991
f 5028 4991 5030
f 4980 5022 5030
f 4980 5030 4991
f 5022 5079 5078
f 5022 5078 5030
f 5479 5450 5453
f 5479 5453 5477
f 5450 5416 5418
f 5450 5418 5453
f 5419 5455 5453
f 5419 5453 5418
f 5455 5476 5477
f 5455 5477 5453
f 5416 5382 5383
f 5416 5383 5418
f 5382 5354 5357
f 5382 5357 5383
f 5358 5388 5383
f 5358 5383 5357
f 5388 5419 5418
f 5388 5418 5383
f 4898 4844 4848
f 4898 4848 4900
f 4844 4779 4784
f 4844 4784 4848
f 4792 4850 4848
f 4792 4848 4784
f 4850 4902 4900
f 4850 4900 4848
f 4907 4930 4926
f 4907 4926 4888
f 4930 4965 4963
f 4930 4963 4926
f 4967 4924 4926
f 4967 4926 4963
f 4924 4880 4888
f 4924 4888 4926
f 5061 5046 5052
f 5061 5052 5090
f 5046 5044 5049
f 5046 5049 5052
f 5047 5051 5052
f 5047 5052 5049
f 5051 5089 5090
f 5051 5090 5052
f 5044 5046 5005
f 5044 5005 5003
f 5046 5061 5007
f 5046 5007 5005
f 4967 4963 5005
f 4967 5005 5007
f 4963 4965 5003
f 4963 5003 5005
f 5471 5452 5437
f 5471 5437 5460
f 5452 5420 5417
f 5452 5417 5437
f 5412 5436 5437
f 5412 5437 5417
f 5436 5458 5460
f 5436 5460 5437
f 5471 5493 5495
f 5471 5495 5474
f 5493 5528 5530
f 5493 5530 5495
f 5531 5496 5495
f 5531 5495 5530
f 5496 5476 5474
f 5496 5474 5495
f 5471 5460 5491
f 5471 5491 5493
f 5460 5458 5492
f 5460 5492 5491
f 5535 5529 5491
f 5535 5491 5492
f 5529 5528 5493
f 5529 5493 5491
f 5419 5421 5456
f 5419 5456 5455
f 5421 5420 5452
f 5421 5452 5456
f 5471 5474 5456
f 5471 5456 5452
f 5474 5476 5455
f 5474 5455 5456
f 5531 5533 5498
f 5531 5498 5496
f 5533 5536 5500
f 5533 5500 5498
f 5479 5477 5498
f 5479 5498 5500
f 5477 5476 5496
f 5477 5496 5498
f 5334 5304 5303
f 5334 5303 5333
f 5304 5272 5271
f 5304 5271 5303
f 5273 5305 5303
f 5273 5303 5271
f 5305 5335 5333
f 5305 5333 5303
f 5354 5311 5312
f 5354 5312 5357
f 5311 5278 5279
f 5311 5279 5312
f 5280 5326 5312
f 5280 5312 5279
f 5326 5358 5357
f 5326 5357 5312
f 5361 5391 5390
f 5361 5390 5360
f 5391 5420 5421
f 5391 5421 5390
f 5419 5388 5390
f 5419 5390 5421
f 5388 5358 5360
f 5388 5360 5390
f 5337 5378 5377
f 5337 5377 5336
f 5378 5413 5410
f 5378 5410 5377
f 5409 5376 5377
f 5409 5377 5410
f 5376 5335 5336
f 5376 5336 5377
f 5354 5382 5380
f 5354 5380 5351
f 5382 5416 5414
f 5382 5414 5380
f 5413 5378 5380
f 5413 5380 5414
f 5378 5337 5351
f 5378 5351 5380
f 5356 5381 5384
f 5356 5384 5359
f 5381 5412 5417
f 5381 5417 5384
f 5420 5391 5384
f 5420 5384 5417
f 5391 5361 5359
f 5391 5359 5384
f 5297 5331 5329
f 5297 5329 5295
f 5331 5361 5360
f 5331 5360 5329
f 5358 5326 5329
f 5358 5329 5360
f 5326 5280 5295
f 5326 5295 5329
f 5275 5307 5306
f 5275 5306 5274
f 5307 5337 5336
f 5307 5336 5306
f 5335 5305 5306
f 5335 5306 5336
f 5305 5273 5274
f 5305 5274 5306
f 5278 5311 5309
f 5278 5309 5276
f 5311 5354 5351
f 5311 5351 5309
f 5337 5307 5309
f 5337 5309 5351
f 5307 5275 5276
f 5307 5276 5309
f 5272 5245 5244
f 5272 5244 5271
f 5245 5226 5225
f 5245 5225 5244
f 5227 5246 5244
f 5227 5244 5225
f 5246 5273 5271
f 5246 5271 5244
f 5278 5263 5265
f 5278 5265 5279
f 5263 5234 5238
f 5263 5238 5265
f 5240 5267 5265
f 5240 5265 5238
f 5267 5280 5279
f 5267 5279 5265
f 5296 5328 5330
f 5296 5330 5298
f 5328 5356 5359
f 5328 5359 5330
f 5361 5331 5330
f 5361 5330 5359
f 5331 5297 5298
f 5331 5298 5330
f 5241 5270 5269
f 5241 5269 5242
f 5270 5297 5295
f 5270 5295 5269
f 5280 5267 5269
f 5280 5269 5295
f 5267 5240 5242
f 5267 5242 5269
f 5229 5249 5247
f 5229 5247 5228
f 5249 5275 5274
f 5249 5274 5247
f 5273 5246 5247
f 5273 5247 5274
f 5246 5227 5228
f 5246 5228 5247
f 5234 5263 5250
f 5234 5250 5231
f 5263 5278 5276
f 5263 5276 5250
f 5275 5249 5250
f 5275 5250 5276
f 5249 5229 5231
f 5249 5231 5250
f 5226 5198 5197
f 5226 5197 5225
f 5198 5162 5161
f 5198 5161 5197
f 5163 5199 5197
f 5163 5197 5161
f 5199 5227 5225
f 5199 5225 5197
f 5234 5204 5205
f 5234 5205 5238
f 5204 5167 5169
f 5204 5169 5205
f 5170 5206 5205
f 5170 5205 5169
f 5206 5240 5238
f 5206 5238 5205
f 5224 5266 5268
f 5224 5268 5237
f 5266 5296 5298
f 5266 5298 5268
f 5297 5270 5268
f 5297 5268 5298
f 5270 5241 5237
f 5270 5237 5268
f 5172 5207 5208
f 5172 5208 5171
f 5207 5241 5242
f 5207 5242 5208
f 5240 5206 5208
f 5240 5208 5242
f 5206 5170 5171
f 5206 5171 5208
f 5165 5201 5200
f 5165 5200 5164
f 5201 5229 5228
f 5201 5228 5200
f 5227 5199 5200
f 5227 5200 5228
f 5199 5163 5164
f 5199 5164 5200
f 5167 5204 5202
f 5167 5202 5166
f 5204 5234 5231
f 5204 5231 5202
f 5229 5201 5202
f 5229 5202 5231
f 5201 5165 5166
f 5201 5166 5202
f 5162 5119 5118
f 5162 5118 5161
f 5119 5085 5084
f 5119 5084 5118
f 5086 5120 5118
f 5086 5118 5084
f 5120 5163 5161
f 5120 5161 5118
f 5157 5195 5203
f 5157 5203 5168
f 5195 5224 5237
f 5195 5237 5203
f 5241 5207 5203
f 5241 5203 5237
f 5207 5172 5168
f 5207 5168 5203
v 0.92415 -0.05981 2.17090
v 0.94340 -0.04693 2.21229
v 0.98820 -0.01940 2.30800
v 0.97175 0.05145 2.16375
v 0.98150 0.03264 2.20763
v 0.99450 0.00413 2.28336
v 0.99975 0.00420 2.31450
v 0.99891 0.11775 2.16564
v 1.01548 0.09080 2.24256
v 1.03873 0.10015 2.31062
v 1.01600 0.16620 2.16567
v 1.03363 0.19098 2.18863
v 1.07143 0.19234 2.31039
v 1.06390 0.30790 2.16520
v 1.08594 0.34342 2.18911
v 1.10760 0.29990 2.31040
v 1.09179 0.40801 2.16744
v 1.09541 0.41736 2.19065
v 1.10958 0.60037 2.16283
v 1.11150 0.51020 2.18200
v 1.10498 0.67000 2.15345
v 1.09629 0.83688 2.15334
v 1.09517 0.89003 2.16075
v 1.10422 0.95106 2.21544
v 1.09386 1.01630 2.23182
v 1.13033 0.37687 2.29650
v 1.12674 0.35794 2.30770
v 1.13708 0.44858 2.25337
v 1.13736 0.42382 2.30986
v 1.12345 0.59605 2.17079
v 1.13862 0.53883 2.23783
v 1.14650 0.55842 2.30933
v 1.13333 0.65892 2.15767
v 1.16266 0.67077 2.29871
v 1.14565 0.68161 2.30921
v 1.13129 0.82363 2.15700
v 1.15013 0.83300 2.29940
v 1.13565 0.83149 2.30891
v 1.12858 0.88712 2.16333
v 1.13085 0.91944 2.26166
v 1.13043 0.88543 2.30760
usemtl m039
f 5590 5589 5591
f 5592 5583 5581
f 5599 5596 5597
f 5599 5597 5600
f 5585 5584 5598
f 5585 5598 5601
f 5586 5585 5601
f 5586 5601 5602
f 5595 5583 5592
f 5590 5591 5594
f 5590 5594 5593
f 5589 5590 5588
f 5565 5569 5568
f 5565 5568 5564
f 5569 5572 5571
f 5569 5571 5568
f 5571 5574 5573
f 5571 5573 5570
f 5571 5570 5567
f 5570 5566 5567
f 5566 5563 5564
f 5566 5564 5567
f 5602 5599 5600
f 5602 5600 5603
f 5584 5583 5595
f 5584 5595 5598
f 5580 5593 5582
f 5593 5580 5590
f 5586 5602 5587
f 5596 5593 5597
f 5594 5597 5593
f 5577 5580 5579
f 5577 5579 5576
f 5574 5576 5573
f 5574 5577 5576
f 5564 5579 5580
f 5579 5563 5564
v 0.87467 -0.03313 2.07833
v 0.87400 -0.02780 2.07300
v 0.89600 -0.03930 2.13750
v 0.89800 -0.04280 2.14500
v 0.88850 0.01570 2.07750
v 0.89050 0.02120 2.07750
v 0.90000 -0.03680 2.14500
v 0.91150 0.01170 2.13800
v 0.91300 0.00820 2.14500
v 0.91500 0.01420 2.14500
usemtl m041
f 5605 5604 5608
f 5612 5613 5611
f 5610 5612 5611
f 5610 5611 5606
f 5606 5607 5610
f 5611 5609 5608
f 5606 5611 5608
f 5606 5608 5604
v 0.88727 0.51442 2.16737
v 0.90569 0.51472 2.18892
v 0.88624 0.56865 2.15944
v 0.91289 0.56678 2.19261
v 0.90803 0.65581 2.15813
v 0.91473 0.65422 2.18437
v 0.94156 0.67340 2.16012
v 0.94012 0.67345 2.18025
usemtl m043
f 5616 5617 5615
f 5616 5615 5614
f 5618 5619 5617
f 5618 5617 5616
f 5614 5616 5617
f 5614 5617 5615
f 5619 5618 5620
f 5619 5620 5621
f 5618 5619 5621
f 5618 5621 5620
v 0.88429 0.56191 2.18045
v 0.89157 0.55871 2.19677
v 0.88918 0.58864 2.17712
v 0.89604 0.58377 2.19371
v 0.90564 0.56701 2.18618
v 0.90384 0.56167 2.19718
v 0.90676 0.58950 2.18599
v 0.90498 0.58668 2.19472
usemtl m044
f 5629 5624 5625
f 5625 5623 5627
f 5625 5627 5629
f 5622 5623 5625
f 5622 5625 5624
f 5628 5626 5622
f 5628 5622 5624
f 5626 5627 5622
f 5627 5623 5622
f 5626 5628 5629
f 5626 5629 5627
f 5624 5629 5628
v 0.89379 0.51320 2.17629
v 0.88821 0.52147 2.17911
v 0.89500 0.52526 2.19533
v 0.88641 0.54803 2.17751
v 0.89185 0.54851 2.19654
v 0.90480 0.51320 2.18660
v 0.90600 0.52039 2.18785
v 0.90170 0.52175 2.19520
v 0.90691 0.54807 2.18722
v 0.90361 0.54781 2.19665
usemtl m045
f 5633 5638 5636
f 5633 5636 5631
f 5631 5636 5635
f 5631 5635 5630
f 5634 5639 5633
f 5638 5633 5639
f 5635 5636 5637
f 5637 5639 5634
f 5637 5634 5632
f 5636 5639 5637
f 5636 5637 5632
f 5632 5631 5636
f 5638 5639 5636
f 5633 5631 5632
f 5633 5632 5634
v 0.73292 0.69266 2.31563
v 0.75023 0.68529 2.33314
v 0.73287 0.74085 2.31555
v 0.75107 0.74500 2.33385
v 0.74800 0.76078 2.33100
v 1.10233 0.96209 2.20811
v 1.10721 0.96046 2.22947
v 1.09568 0.99020 2.20250
v 1.10424 0.99001 2.24311
v 1.08960 1.02040 2.20880
v 1.09437 1.02249 2.23317
usemtl m046
f 5648 5647 5646
f 5650 5647 5648
f 5650 5649 5647
f 5647 5645 5646
f 5644 5642 5643
f 5640 5641 5643
f 5643 5642 5640
v 1.15733 0.60357 2.17733
v 1.16577 0.57974 2.20115
v 1.14933 0.68934 2.16700
v 1.16650 0.70870 2.23300
v 1.14095 0.83639 2.16700
v 1.16240 0.84400 2.25060
v 1.13958 0.89199 2.17342
v 1.15603 0.91364 2.24057
v 1.18159 0.59552 2.26094
v 1.18337 0.68270 2.28831
v 1.17453 0.83267 2.29300
v 1.17229 0.87191 2.29471
usemtl m047
f 5655 5656 5658
f 5655 5658 5657
f 5659 5651 5652
f 5655 5653 5654
f 5655 5654 5656
f 5660 5661 5656
f 5660 5656 5654
f 5658 5656 5661
f 5658 5661 5662
f 5653 5660 5654
f 5653 5651 5659
f 5653 5659 5660
v 1.24900 -0.42780 1.68400
v 1.24463 -0.44992 1.93575
v 1.16100 0.16220 1.68300
v 1.15200 0.16070 1.87350
v 1.14700 -0.03480 1.88650
v 1.14900 0.13320 1.88000
v 1.14900 0.13520 1.88000
v 0.99607 -0.44192 1.68588
v 0.88020 0.14877 1.68187
v 0.89394 -0.03747 1.88472
v 1.03300 0.13520 1.88000
v 1.00100 -0.43237 1.97052
v 0.92438 0.13370 1.88000
v 0.94400 0.13520 1.88000
v 0.89751 0.15831 1.87813
v 0.88188 0.14107 1.88424
v 0.88201 0.14058 1.89043
v 0.88438 0.14813 1.88973
v 0.87500 0.11120 1.89000
v 0.87400 0.13320 1.85900
v 0.87400 0.11120 1.89100
v 0.87300 0.13420 1.85200
v 0.87300 0.13420 1.85300
v 0.87477 0.14232 1.85769
v 0.87300 0.13320 1.85800
v 0.87254 0.13879 1.85156
v 0.86800 0.11020 1.85500
v 0.86800 0.11020 1.85700
v 0.86800 0.11020 1.85800
v 0.86800 0.11020 1.85900
v 0.86700 0.11020 1.85100
v 0.86700 0.11020 1.85200
v 0.86700 0.11020 1.85300
v 0.86200 0.05120 1.88800
v 0.86200 0.05120 1.89000
v 0.86000 0.05220 1.89100
v 0.87500 0.14533 1.87338
v 0.85500 0.05020 1.86000
v 0.85400 0.05120 1.85200
v 0.85400 0.05120 1.85300
v 0.85400 0.05120 1.85500
v 0.85400 0.05020 1.85700
v 0.85400 0.05020 1.85800
v 0.85400 0.05020 1.85900
v 0.85300 0.05120 1.85100
v 0.85100 0.05120 1.85200
v 0.85774 -0.42545 1.90184
v 0.84800 -0.01180 1.88900
v 0.84013 -0.03756 1.87544
v 0.84600 -0.01180 1.89100
v 0.84700 -0.41980 1.94100
v 0.84400 -0.01080 1.89200
v 0.84239 -0.05276 1.89071
v 0.84100 -0.01280 1.86000
v 0.84000 -0.01280 1.85200
v 0.84000 -0.01280 1.85300
v 0.84000 -0.01280 1.85500
v 0.84000 -0.01280 1.85700
v 0.84000 -0.01280 1.85800
v 0.84000 -0.01280 1.85900
v 0.83900 -0.01280 1.85100
v 0.84000 -0.42380 1.86250
v 0.83700 -0.01180 1.85200
v 0.83500 -0.01180 1.85300
v 0.83400 -0.04880 1.85100
v 0.83711 -0.02869 1.86127
v 0.83280 -0.07031 1.85114
v 0.83205 -0.08533 1.85116
v 0.83256 -0.05179 1.85170
v 0.83064 -0.08734 1.85162
v 0.83002 -0.13390 1.85148
v 0.83525 -0.10655 1.90850
v 0.82900 -0.15480 1.85200
v 0.82900 -0.15480 1.85300
v 0.82900 -0.04780 1.85300
v 0.82900 -0.15580 1.85500
v 0.83017 -0.12104 1.85120
v 0.82725 -0.09005 1.85300
v 0.82829 -0.15079 1.85132
v 0.82600 -0.20080 1.85100
v 0.82600 -0.20080 1.85200
v 0.82600 -0.20080 1.85300
v 0.82550 -0.12930 1.85300
v 0.83694 -0.10406 1.90091
v 0.82400 -0.19980 1.85200
v 0.82300 -0.24480 1.85100
v 0.82300 -0.24480 1.85200
v 0.82096 -0.26824 1.85657
v 0.82237 -0.26497 1.85278
v 0.81750 -0.26930 1.85650
usemtl m048
f 5672 5674 5671
f 5671 5674 5670
f 5677 5672 5671
f 5677 5675 5672
f 5677 5676 5675
f 5671 5663 5665
f 5666 5671 5665
f 5671 5666 5677
f 5676 5673 5672
f 5676 5672 5675
f 5673 5669 5668
f 5673 5668 5672
f 5667 5672 5668
f 5669 5673 5677
f 5669 5677 5666
f 5673 5676 5677
f 5663 5671 5670
f 5664 5670 5674
f 5672 5667 5664
f 5672 5664 5674
f 5670 5664 5663
f 5710 5711 5715
f 5682 5692 5678
f 5682 5678 5686
f 5714 5712 5715
f 5714 5715 5734
f 5746 5734 5715
f 5681 5683 5679
f 5683 5699 5679
f 5731 5729 5727
f 5723 5725 5731
f 5723 5731 5727
f 5725 5726 5737
f 5725 5737 5731
f 5729 5731 5732
f 5729 5732 5730
f 5731 5737 5740
f 5731 5740 5732
f 5730 5732 5739
f 5732 5740 5745
f 5732 5745 5739
f 5745 5741 5739
f 5741 5733 5739
f 5748 5750 5751
f 5726 5725 5708
f 5726 5708 5699
f 5725 5723 5707
f 5725 5707 5708
f 5693 5688 5708
f 5693 5708 5707
f 5688 5699 5708
f 5750 5752 5724
f 5750 5724 5709
f 5734 5746 5713
f 5709 5713 5746
f 5720 5719 5728
f 5719 5718 5728
f 5690 5689 5703
f 5690 5703 5704
f 5689 5695 5702
f 5689 5702 5703
f 5718 5719 5703
f 5718 5703 5702
f 5719 5720 5704
f 5719 5704 5703
f 5736 5738 5733
f 5738 5746 5733
f 5748 5742 5747
f 5748 5747 5750
f 5742 5741 5747
f 5745 5752 5747
f 5745 5747 5741
f 5752 5750 5747
f 5738 5736 5744
f 5738 5744 5746
f 5751 5746 5744
f 5692 5706 5700
f 5692 5700 5678
f 5706 5722 5716
f 5706 5716 5700
f 5728 5700 5716
f 5728 5678 5700
f 5681 5697 5698
f 5681 5698 5683
f 5697 5715 5712
f 5697 5712 5698
f 5714 5699 5698
f 5714 5698 5712
f 5699 5683 5698
f 5699 5688 5686
f 5695 5689 5686
f 5695 5686 5685
f 5689 5690 5686
f 5718 5717 5728
f 5717 5723 5727
f 5717 5727 5728
f 5729 5728 5727
f 5729 5746 5728
f 5722 5721 5728
f 5721 5720 5728
f 5695 5694 5701
f 5695 5701 5702
f 5694 5693 5707
f 5694 5707 5701
f 5723 5717 5701
f 5723 5701 5707
f 5717 5718 5702
f 5717 5702 5701
f 5720 5721 5705
f 5720 5705 5704
f 5721 5722 5706
f 5721 5706 5705
f 5692 5691 5705
f 5692 5705 5706
f 5691 5690 5704
f 5691 5704 5705
f 5749 5748 5751
f 5741 5735 5733
f 5735 5736 5733
f 5739 5733 5746
f 5739 5746 5730
f 5746 5729 5730
f 5736 5735 5743
f 5736 5743 5744
f 5735 5741 5742
f 5735 5742 5743
f 5748 5749 5743
f 5748 5743 5742
f 5749 5751 5744
f 5749 5744 5743
f 5751 5750 5746
f 5686 5688 5684
f 5686 5684 5685
f 5693 5694 5684
f 5693 5684 5688
f 5694 5695 5685
f 5694 5685 5684
f 5690 5691 5687
f 5690 5687 5686
f 5691 5692 5682
f 5691 5682 5687
f 5686 5687 5682
f 5699 5680 5679
f 5746 5750 5709
f 5746 5715 5711
f 5678 5681 5679
f 5724 5713 5709
f 5711 5710 5696
f 5711 5696 5728
f 5710 5715 5697
f 5710 5697 5696
f 5681 5678 5696
f 5681 5696 5697
f 5678 5728 5696
f 5678 5679 5680
f 5699 5686 5680
f 5680 5686 5678
f 5716 5722 5728
f 5746 5711 5728
v 0.80003 -1.16774 2.24169
v 0.79985 -1.12487 2.24169
v 0.80158 1.12455 2.24149
v 0.79839 1.15799 2.24178
v 0.80153 1.17897 2.24125
v 0.83171 -1.17012 2.23923
v 0.83212 -1.12354 2.23891
v 0.83188 1.12355 2.23924
v 0.83180 1.15443 2.23797
v 0.83286 1.17780 2.23855
v 0.87064 -1.16908 2.24040
v 0.87094 -1.12427 2.23965
v 0.87198 1.12367 2.24036
v 0.87071 1.15538 2.23944
v 0.87199 1.17871 2.23965
v 0.91424 -1.17655 2.24067
v 0.91330 -1.11976 2.23898
v 0.91576 1.12277 2.24041
v 0.91727 1.17887 2.23876
v 0.95101 -1.16756 2.24030
v 0.95159 -1.12407 2.23857
v 0.94961 1.12450 2.24051
v 0.95370 1.15544 2.23921
v 0.95085 1.17868 2.23835
usemtl m051
f 5758 5763 5764
f 5758 5764 5759
f 5760 5765 5766
f 5760 5766 5761
f 5760 5761 5765
f 5761 5762 5767
f 5761 5767 5766
f 5761 5766 5765
v 0.83131 -1.17287 2.24007
v 0.83280 -1.17380 2.24420
v 0.83000 -1.16505 2.24000
v 0.83002 -1.15187 2.24007
v 0.83000 -1.14200 2.24000
v 0.83000 -1.12955 2.24000
v 0.83037 -1.12380 2.24016
v 0.83055 1.12745 2.24030
v 0.83200 1.12520 2.24400
v 0.83000 1.14120 2.24025
v 0.83006 1.15161 2.24041
v 0.83000 1.16520 2.24025
v 0.83033 1.17487 2.24025
v 0.83976 -1.17380 2.23965
v 0.84036 -1.17380 2.24518
v 0.83850 1.12520 2.23825
v 0.83850 1.12520 2.24500
v 0.84810 -1.17380 2.23910
v 0.84862 -1.17380 2.24631
v 0.84900 1.12520 2.23875
v 0.84900 1.12520 2.24650
usemtl m052
f 5790 5794 5795
f 5790 5795 5791
f 5790 5791 5778
f 5790 5778 5777
f 5792 5796 5797
f 5792 5797 5793
f 5793 5785 5784
f 5784 5792 5793
v 0.81096 -1.16666 2.24346
v 0.81045 -1.13159 2.24261
v 0.80977 1.13683 2.24323
v 0.80961 1.17313 2.24218
v 0.86059 -1.16599 2.24364
v 0.85584 -1.13407 2.24333
v 0.85785 1.13951 2.24371
v 0.85827 1.17321 2.24266
v 0.92567 -1.16124 2.24246
v 0.92601 -1.13886 2.24161
v 0.92297 1.14744 2.24214
v 0.93474 1.17345 2.24126
usemtl m053
f 5803 5802 5806
f 5803 5806 5807
f 5798 5802 5803
f 5798 5803 5799
f 5808 5809 5805
f 5808 5805 5804
f 5800 5804 5805
f 5800 5805 5801
v 1.12950 0.37520 2.28850
v 1.11200 0.30620 2.30400
v 1.10200 0.37920 2.19100
v 1.03800 0.11420 2.27600
v 1.03700 0.18920 2.19100
v 1.11658 0.36671 2.24742
v 1.02100 0.12220 2.21500
usemtl m054
f 5815 5810 5812
f 5813 5815 5816
f 5811 5810 5815
f 5812 5814 5815
f 5811 5815 5813
f 5814 5816 5815
v 0.70582 0.62966 2.25331
v 0.69265 0.67785 2.19500
v 0.68329 0.66595 2.21847
v 0.69267 0.76253 2.19507
v 0.69359 0.79039 2.23423
v 0.74083 0.51175 2.28637
v 0.77024 0.51761 2.31672
v 0.73756 0.59993 2.27880
v 0.78730 0.60117 2.32751
v 0.73772 0.81933 2.27685
v 0.78654 0.82800 2.32569
v 0.73852 0.89973 2.28349
v 0.77913 0.89563 2.32354
v 0.74435 0.94173 2.29024
usemtl m056
f 5826 5827 5828
f 5827 5829 5828
f 5830 5829 5828
f 5823 5825 5824
f 5823 5824 5822
v 0.73871 0.52414 2.28213
v 0.76119 0.54069 2.30991
v 0.73771 0.58905 2.28199
v 0.75871 0.58609 2.31124
v 0.73743 0.83865 2.28148
v 0.75803 0.84215 2.31161
v 0.73854 0.87484 2.28346
v 0.76051 0.88651 2.31005
v 0.73831 0.92917 2.27966
v 0.76203 0.92199 2.30976
v 0.77887 0.54696 2.32697
v 0.78183 0.57927 2.33248
v 0.78189 0.84941 2.33535
v 0.78087 0.87631 2.32924
usemtl m058
f 5843 5844 5838
f 5843 5838 5836
f 5836 5838 5837
f 5836 5837 5835
f 5834 5833 5831
f 5834 5831 5832
f 5841 5842 5834
f 5841 5834 5832
