# fh16_wheel_fr.obj - ISO 8855 (x ileri, y sol, z yukari), metre
mtllib fh16.mtl
o fh16_wheel_fr
v -0.31779 -0.16593 -0.05057
v -0.31926 -0.16621 0.00000
v -0.31779 -0.16593 0.04986
v -0.32000 -0.14150 -0.05100
v -0.32400 -0.14150 0.00000
v -0.32000 -0.14150 0.05000
v -0.28027 -0.16581 -0.15573
v -0.29445 -0.16334 -0.11089
v -0.30880 -0.16213 -0.04907
v -0.31200 -0.15900 0.00000
v -0.30881 -0.16237 0.04831
v -0.30143 -0.16403 0.09750
v -0.28273 -0.16430 0.14342
v -0.26214 -0.16400 0.18971
v -0.27600 -0.14150 -0.16850
v -0.28547 -0.14987 -0.11627
v -0.27952 -0.13183 -0.06120
v -0.28456 -0.12911 0.00000
v -0.28375 -0.13151 0.04459
v -0.28020 -0.13802 0.09054
v -0.27671 -0.14876 0.14047
v -0.26300 -0.14150 0.19000
v -0.26636 -0.09936 -0.04218
v -0.27000 -0.09927 0.00000
v -0.26636 -0.09936 0.04200
v -0.22442 -0.16439 -0.22391
v -0.25561 -0.16409 -0.18526
v -0.25526 -0.16413 0.18461
v -0.22423 -0.16354 0.22323
v -0.22107 -0.14860 -0.22073
v -0.23032 -0.12886 -0.16711
v -0.24407 -0.12433 -0.12333
v -0.23077 -0.12405 -0.06901
v -0.24155 -0.12590 -0.02385
v -0.23150 -0.12866 0.04216
v -0.23263 -0.12130 0.07907
v -0.23874 -0.11985 0.13348
v -0.23678 -0.13897 0.17263
v -0.22208 -0.14808 0.22100
v -0.21870 -0.09940 -0.15860
v -0.24070 -0.09940 -0.12240
v -0.25692 -0.09917 -0.08333
v -0.25691 -0.09927 0.08309
v -0.22917 -0.09922 0.14061
v -0.18667 -0.16407 -0.25600
v -0.17400 -0.15737 -0.06196
v -0.17745 -0.16145 -0.02245
v -0.17724 -0.15876 0.04310
v -0.17100 -0.15709 0.07300
v -0.18669 -0.16391 0.25559
v -0.18450 -0.14857 -0.25329
v -0.18582 -0.13375 -0.21754
v -0.18490 -0.11619 -0.17742
v -0.18835 -0.14100 -0.10953
v -0.19034 -0.14354 -0.07141
v -0.20076 -0.14659 -0.03571
v -0.19569 -0.14650 0.04125
v -0.18992 -0.14223 0.08650
v -0.18685 -0.13215 0.13977
v -0.19477 -0.12406 0.19419
v -0.17382 -0.13778 0.23791
v -0.17700 -0.10200 -0.20700
v -0.19073 -0.09891 -0.19045
v -0.19091 -0.09936 0.18982
v -0.16100 -0.10200 0.22000
v -0.12606 -0.20807 -0.05898
v -0.12980 -0.20801 -0.01942
v -0.12700 -0.20786 0.03466
v -0.12465 -0.20846 0.07508
v -0.14425 -0.16386 -0.28207
v -0.11529 -0.15571 -0.14786
v -0.12263 -0.17220 -0.11051
v -0.12885 -0.19171 -0.05652
v -0.13058 -0.19435 -0.02511
v -0.12699 -0.19538 0.03623
v -0.12876 -0.18242 0.08563
v -0.12258 -0.15879 0.13484
v -0.14428 -0.16425 0.28153
v -0.13416 -0.13743 -0.26211
v -0.13287 -0.11780 -0.21333
v -0.13807 -0.13759 -0.16599
v -0.14900 -0.15167 -0.13200
v -0.13532 -0.14613 0.14811
v -0.13731 -0.12842 0.18749
v -0.13368 -0.12061 0.23895
v -0.14193 -0.14847 0.27667
v -0.13905 -0.09909 -0.22977
v -0.13779 -0.09932 0.23011
v -0.08168 -0.20797 -0.11087
v -0.08116 -0.20792 -0.06756
v -0.08905 -0.20818 -0.02103
v -0.08908 -0.20807 0.03489
v -0.08164 -0.20780 0.08818
v -0.07298 -0.20809 0.11842
v -0.09865 -0.16416 -0.30158
v -0.09211 -0.15867 -0.15800
v -0.07714 -0.19437 -0.11013
v -0.07967 -0.20002 -0.07008
v -0.09559 -0.20066 -0.02547
v -0.09494 -0.20038 0.03669
v -0.07492 -0.19847 0.09548
v -0.08204 -0.18289 0.13005
v -0.08200 -0.15683 0.16867
v -0.09845 -0.16393 0.30028
v -0.09888 -0.14662 -0.30175
v -0.08743 -0.12707 -0.26734
v -0.08954 -0.13538 -0.20962
v -0.09913 -0.14594 -0.17545
v -0.10400 -0.14975 0.15800
v -0.09714 -0.14419 0.18250
v -0.08336 -0.11368 0.24596
v -0.09177 -0.13877 0.28009
v -0.08410 -0.09950 -0.25610
v -0.08409 -0.09927 0.25591
v -0.03092 -0.20792 -0.14608
v -0.03249 -0.20808 -0.11466
v -0.03734 -0.20845 -0.07397
v -0.03792 -0.21000 -0.01777
v -0.03721 -0.20997 0.03909
v -0.03720 -0.20817 0.08723
v -0.02585 -0.20814 0.12866
v -0.05013 -0.16400 -0.31263
v -0.03253 -0.17791 -0.15731
v -0.02661 -0.19963 -0.11474
v -0.03564 -0.20175 -0.08193
v -0.03989 -0.20147 0.08477
v -0.02406 -0.19209 0.13403
v -0.02257 -0.15864 0.18071
v -0.04953 -0.16282 0.30835
v -0.05100 -0.16558 0.31750
v -0.04936 -0.14843 -0.30857
v -0.04361 -0.12352 -0.27331
v -0.02484 -0.13734 -0.21666
v -0.01850 -0.15083 -0.18967
v -0.02629 -0.14571 0.20020
v -0.02664 -0.12659 0.23539
v -0.04580 -0.13202 0.28320
v -0.05100 -0.14150 0.31900
v -0.04300 -0.09927 -0.26600
v -0.04300 -0.09940 0.26540
v 0.01075 -0.20830 -0.14760
v 0.01063 -0.20781 -0.11765
v 0.01828 -0.20868 -0.07400
v 0.02113 -0.21000 -0.01978
v 0.01786 -0.21000 0.03824
v 0.01259 -0.20811 0.09065
v 0.01177 -0.20793 0.13129
v -0.00100 -0.16389 -0.31646
v 0.01124 -0.17590 -0.16227
v 0.00347 -0.19899 -0.12103
v 0.02250 -0.20179 -0.08582
v 0.01316 -0.20120 0.09333
v 0.00541 -0.19486 0.13080
v 0.01095 -0.15871 0.18110
v -0.00100 -0.16171 0.31143
v -0.00100 -0.16619 0.32000
v -0.00100 -0.14821 -0.31100
v 0.01128 -0.11981 -0.27126
v 0.01860 -0.13587 -0.21899
v 0.00567 -0.15056 -0.18889
v 0.01943 -0.14649 0.19823
v 0.01698 -0.12512 0.23812
v 0.00479 -0.12698 0.28221
v -0.00100 -0.14150 0.32300
v 0.01889 -0.09921 -0.26742
v 0.01668 -0.09916 0.26721
v 0.04600 -0.20725 -0.14375
v 0.06897 -0.20796 -0.11194
v 0.06627 -0.20793 -0.07238
v 0.07494 -0.20853 -0.01908
v 0.07249 -0.20834 0.03611
v 0.06679 -0.20773 0.08796
v 0.06628 -0.20819 0.12219
v 0.04878 -0.16425 -0.31272
v 0.05547 -0.17740 -0.15103
v 0.07263 -0.19554 -0.10863
v 0.06985 -0.20036 -0.07664
v 0.08623 -0.20185 -0.01826
v 0.08116 -0.20180 0.03418
v 0.06905 -0.19915 0.09404
v 0.06874 -0.18687 0.13136
v 0.07317 -0.15867 0.16800
v 0.04822 -0.16311 0.30844
v 0.04969 -0.16577 0.31746
v 0.04813 -0.14860 -0.30833
v 0.07000 -0.12824 -0.27202
v 0.06673 -0.13736 -0.21445
v 0.07560 -0.15140 -0.18280
v 0.07227 -0.14673 0.19345
v 0.07740 -0.11396 0.24696
v 0.06378 -0.13662 0.28099
v 0.05000 -0.14150 0.31900
v 0.07300 -0.09962 -0.25885
v 0.08236 -0.09927 0.25591
v 0.04200 -0.10000 0.26733
v 0.10254 -0.20846 -0.10300
v 0.11754 -0.20812 -0.05805
v 0.11456 -0.20796 -0.02189
v 0.11558 -0.20789 0.03689
v 0.11153 -0.20856 0.08393
v 0.09725 -0.16386 -0.30154
v 0.14139 -0.16300 -0.27894
v 0.10612 -0.15665 -0.15182
v 0.11502 -0.17611 -0.11156
v 0.12120 -0.19470 -0.05617
v 0.11527 -0.19886 -0.03142
v 0.11566 -0.19865 0.03805
v 0.12270 -0.18433 0.08945
v 0.11113 -0.15943 0.14097
v 0.09400 -0.15400 0.16600
v 0.11531 -0.16392 0.29124
v 0.09729 -0.14600 -0.30271
v 0.12746 -0.13925 -0.26310
v 0.11877 -0.12120 -0.21665
v 0.11924 -0.14390 -0.17076
v 0.12680 -0.14697 0.14997
v 0.11496 -0.13487 0.18767
v 0.12432 -0.12415 0.24489
v 0.11808 -0.14960 0.28492
v 0.12145 -0.09927 -0.24000
v 0.12140 -0.09940 0.23970
v 0.14721 -0.20826 -0.01121
v 0.14662 -0.20813 0.02300
v 0.17554 -0.16446 -0.26388
v 0.15700 -0.15400 -0.11500
v 0.16184 -0.16607 -0.05798
v 0.15617 -0.18045 -0.01464
v 0.15916 -0.17366 0.03719
v 0.16529 -0.15886 0.07450
v 0.15700 -0.15400 0.11400
v 0.18506 -0.16426 0.25568
v 0.14529 -0.16586 0.28643
v 0.17400 -0.14625 -0.26244
v 0.16274 -0.12411 -0.22379
v 0.16679 -0.12438 -0.17538
v 0.17193 -0.14560 -0.11773
v 0.18285 -0.14715 -0.06995
v 0.18800 -0.15300 -0.04100
v 0.18400 -0.14980 0.04833
v 0.18215 -0.14576 0.08500
v 0.16247 -0.14113 0.14293
v 0.16465 -0.12063 0.18270
v 0.16782 -0.13000 0.23161
v 0.14600 -0.14125 0.28800
v 0.16033 -0.09950 -0.21583
v 0.18944 -0.09911 -0.19044
v 0.18973 -0.09927 0.18991
v 0.15744 -0.09967 0.21733
v 0.22273 -0.16354 -0.22365
v 0.19400 -0.15400 0.00000
v 0.22297 -0.16439 0.22342
v 0.20740 -0.13790 -0.20840
v 0.22528 -0.12578 -0.16460
v 0.22400 -0.11857 -0.11377
v 0.21883 -0.12967 -0.06703
v 0.20976 -0.14224 -0.02908
v 0.21386 -0.13753 0.04024
v 0.21690 -0.12850 0.08163
v 0.22212 -0.11157 0.13669
v 0.21677 -0.13474 0.18586
v 0.22046 -0.14808 0.22077
v 0.21709 -0.09927 -0.15864
v 0.23900 -0.09927 -0.12245
v 0.22843 -0.09926 0.13904
v 0.26555 -0.16490 -0.17104
v 0.27708 -0.16075 -0.14200
v 0.28117 -0.16397 0.14337
v 0.25512 -0.16433 0.18573
v 0.26094 -0.14659 -0.17565
v 0.26476 -0.14088 -0.12606
v 0.26944 -0.12489 -0.06547
v 0.27413 -0.12281 -0.00500
v 0.27200 -0.12333 0.04293
v 0.26816 -0.12839 0.08707
v 0.26166 -0.13786 0.13355
v 0.25317 -0.14800 0.18425
v 0.26029 -0.09938 -0.06176
v 0.26827 -0.09927 0.00000
v 0.26500 -0.09927 0.04200
v 0.25510 -0.09950 0.08310
v 0.29986 -0.16397 -0.09786
v 0.31181 -0.16410 -0.04977
v 0.31550 -0.16382 0.00000
v 0.31171 -0.16403 0.04903
v 0.29990 -0.16416 0.09752
v 0.30300 -0.14500 -0.09867
v 0.30733 -0.14853 -0.04913
v 0.31013 -0.14847 0.00000
v 0.30757 -0.14836 0.04829
v 0.30300 -0.14500 0.09867
usemtl m020
f 76 77 83
f 59 77 83
f 84 60 59
f 84 59 83
f 84 111 85
f 111 84 110
f 128 103 102
f 47 48 57
f 35 34 47
f 35 47 57
f 59 58 77
f 49 76 58
f 76 77 58
f 37 36 58
f 37 58 59
f 48 75 76
f 48 76 49
f 72 46 54
f 32 53 54
f 46 55 54
f 34 56 47
f 46 73 47
f 46 72 73
f 123 96 108
f 107 96 108
f 106 107 80
f 80 81 53
f 54 82 72
f 54 53 82
f 72 82 81
f 53 81 82
f 96 97 72
f 175 149 188
f 149 159 188
f 187 188 159
f 187 175 188
f 186 187 158
f 187 159 158
f 133 106 132
f 158 133 132
f 158 159 133
f 106 133 107
f 107 133 134
f 107 134 96
f 123 134 133
f 123 96 134
f 204 236 225
f 235 253 236
f 235 236 215
f 204 215 236
f 214 234 235
f 186 214 187
f 187 215 188
f 215 187 214
f 203 204 175
f 227 256 250
f 272 256 255
f 272 255 271
f 253 254 236
f 226 204 225
f 226 225 236
f 226 236 237
f 208 229 240
f 208 240 230
f 241 230 240
f 241 240 259
f 240 258 259
f 258 257 273
f 272 273 257
f 272 257 256
f 256 257 250
f 228 227 250
f 228 250 257
f 189 217 190
f 218 190 217
f 217 242 218
f 259 242 241
f 209 208 230
f 209 230 241
f 209 241 216
f 182 181 209
f 128 135 103
f 135 110 103
f 110 135 111
f 135 136 111
f 154 189 161
f 154 182 189
f 161 189 190
f 161 190 162
f 182 154 153
f 153 154 128
f 153 128 127
f 103 110 102
f 33 32 54
f 33 54 55
f 56 34 33
f 55 56 33
f 47 56 46
f 56 55 46
f 108 80 107
f 108 81 80
f 72 81 71
f 96 72 71
f 149 160 159
f 215 214 235
f 203 175 188
f 203 188 215
f 215 204 203
f 227 238 256
f 238 237 256
f 237 236 254
f 237 254 255
f 238 227 226
f 237 238 226
f 239 228 257
f 182 210 217
f 182 217 189
f 216 241 242
f 217 210 209
f 210 182 209
f 110 109 102
f 83 77 102
f 83 102 109
f 57 48 49
f 57 49 58
f 71 81 108
f 71 108 96
f 160 149 123
f 160 123 134
f 228 239 240
f 228 240 229
f 217 209 216
f 154 161 135
f 154 135 128
f 37 59 60
f 18 34 35
f 31 53 32
f 271 255 254
f 274 258 273
f 258 274 259
f 84 85 60
f 18 35 19
f 36 19 35
f 33 34 17
f 18 17 34
f 242 243 218
f 162 163 136
f 111 114 88
f 111 88 85
f 85 88 64
f 85 64 60
f 44 37 60
f 44 60 64
f 43 36 37
f 43 37 44
f 36 43 25
f 36 25 19
f 24 18 19
f 24 19 25
f 18 24 23
f 18 23 17
f 42 33 17
f 42 17 23
f 33 42 41
f 33 41 32
f 40 31 32
f 40 32 41
f 31 40 63
f 31 63 53
f 87 80 53
f 87 53 63
f 113 106 80
f 113 80 87
f 106 113 139
f 106 139 132
f 165 158 132
f 165 132 139
f 193 186 158
f 193 158 165
f 186 193 220
f 186 220 214
f 245 234 214
f 245 214 220
f 234 245 246
f 234 246 235
f 262 253 235
f 262 235 246
f 253 262 263
f 253 263 254
f 277 271 254
f 277 254 263
f 278 272 271
f 278 271 277
f 272 278 279
f 272 279 273
f 280 274 273
f 280 273 279
f 274 280 264
f 274 264 259
f 259 264 247
f 259 247 242
f 248 243 242
f 248 242 247
f 243 248 221
f 243 221 218
f 194 190 218
f 194 218 221
f 190 194 166
f 190 166 163
f 163 166 140
f 163 140 137
f 114 111 137
f 114 137 140
f 114 111 85
f 114 85 88
f 111 112 85
f 61 65 88
f 61 88 85
f 65 61 60
f 65 60 64
f 38 37 60
f 37 44 64
f 37 64 60
f 20 43 44
f 20 44 37
f 43 20 19
f 43 19 25
f 18 24 25
f 18 25 19
f 24 18 17
f 24 17 23
f 42 17 32
f 42 32 41
f 31 40 41
f 31 41 32
f 40 31 52
f 40 52 62
f 62 52 79
f 62 79 87
f 106 113 87
f 106 87 79
f 113 106 132
f 113 132 139
f 158 165 139
f 158 139 132
f 165 158 186
f 165 186 193
f 193 186 213
f 193 213 220
f 234 245 220
f 234 220 213
f 253 234 252
f 253 262 245
f 253 245 234
f 262 253 254
f 262 254 263
f 253 270 254
f 271 254 270
f 271 277 263
f 271 263 254
f 272 278 277
f 272 277 271
f 278 272 273
f 278 273 279
f 274 280 279
f 274 279 273
f 280 274 259
f 280 259 264
f 274 275 259
f 260 259 275
f 264 259 242
f 264 242 247
f 259 260 242
f 243 242 260
f 243 248 247
f 243 247 242
f 248 243 218
f 248 218 221
f 191 190 218
f 190 194 221
f 190 221 218
f 194 190 191
f 194 191 195
f 163 166 195
f 163 195 191
f 166 163 137
f 166 137 140
f 112 111 137
f 111 114 140
f 111 140 137
f 112 86 85
f 61 85 86
f 61 38 60
f 61 39 38
f 31 30 52
f 52 51 79
f 51 52 30
f 106 131 132
f 157 132 131
f 157 158 132
f 158 157 186
f 157 185 186
f 213 186 185
f 269 253 252
f 234 233 252
f 233 234 213
f 270 287 271
f 288 271 287
f 288 272 271
f 253 269 270
f 272 288 273
f 288 289 273
f 274 273 289
f 276 260 275
f 243 219 218
f 191 218 219
f 243 260 261
f 260 276 261
f 201 224 202
f 231 232 211
f 104 129 130
f 156 130 129
f 156 183 184
f 211 184 183
f 104 112 86
f 104 86 78
f 61 50 78
f 61 78 86
f 50 61 39
f 50 39 29
f 22 14 29
f 22 29 39
f 14 22 21
f 14 21 13
f 20 12 13
f 20 13 21
f 12 20 6
f 12 6 3
f 5 2 3
f 5 3 6
f 2 5 4
f 2 4 1
f 16 8 1
f 16 1 4
f 8 16 15
f 8 15 7
f 7 15 30
f 7 30 26
f 51 45 26
f 51 26 30
f 45 51 79
f 45 79 70
f 105 95 70
f 105 70 79
f 95 105 131
f 95 131 122
f 157 148 122
f 157 122 131
f 148 157 185
f 148 185 174
f 212 201 174
f 212 174 185
f 201 212 233
f 201 233 224
f 224 233 252
f 224 252 249
f 269 265 249
f 269 249 252
f 286 281 265
f 286 265 269
f 281 286 287
f 281 287 282
f 288 283 282
f 288 282 287
f 283 288 289
f 283 289 284
f 290 285 284
f 290 284 289
f 285 290 275
f 285 275 267
f 276 268 267
f 276 267 275
f 268 276 261
f 268 261 251
f 243 231 251
f 243 251 261
f 231 243 244
f 231 244 232
f 219 211 232
f 219 232 244
f 211 219 192
f 211 192 184
f 164 156 184
f 164 184 192
f 156 164 138
f 156 138 130
f 112 104 130
f 112 130 138
f 10 11 2
f 9 10 2
f 38 21 37
f 21 20 37
f 17 16 32
f 16 31 32
f 12 3 11
f 3 2 11
f 27 8 7
f 2 1 9
f 1 8 9
f 281 266 265
f 129 155 156
f 155 183 156
f 65 64 88
f 40 62 63
f 62 87 63
f 245 262 246
f 194 195 166
f 38 39 29
f 38 29 28
f 18 19 11
f 18 11 10
f 19 20 12
f 19 12 11
f 21 38 28
f 21 28 13
f 31 16 8
f 31 8 27
f 16 17 9
f 16 9 8
f 17 18 10
f 17 10 9
f 106 79 105
f 30 31 27
f 30 27 26
f 213 185 212
f 131 106 105
f 201 202 213
f 201 213 212
f 202 224 233
f 202 233 213
f 287 270 286
f 265 266 270
f 265 270 269
f 266 281 286
f 266 286 270
f 275 274 290
f 274 289 290
f 231 211 219
f 231 219 243
f 112 137 129
f 112 129 104
f 137 163 129
f 155 129 163
f 211 183 191
f 211 191 219
f 183 155 163
f 183 163 191
f 29 14 28
f 14 13 28
f 7 26 27
f 111 136 137
f 136 163 137
f 162 190 163
f 76 102 77
f 128 102 127
f 74 75 47
f 48 47 75
f 47 73 74
f 96 123 97
f 175 204 176
f 204 226 205
f 228 229 208
f 181 208 209
f 182 153 181
f 102 76 101
f 73 72 97
f 205 226 227
f 207 228 208
f 144 145 119
f 120 121 94
f 145 146 119
f 119 146 120
f 171 146 145
f 146 171 172
f 173 172 200
f 173 146 172
f 173 147 146
f 171 145 144
f 171 144 170
f 222 199 198
f 171 200 172
f 171 199 200
f 198 169 197
f 198 170 169
f 170 144 169
f 143 169 144
f 142 168 169
f 168 196 197
f 169 168 197
f 118 117 143
f 118 143 144
f 168 142 141
f 141 116 115
f 141 142 116
f 90 117 118
f 66 89 90
f 91 90 118
f 119 91 118
f 144 119 118
f 91 119 92
f 68 92 69
f 92 93 69
f 91 92 68
f 91 68 67
f 222 223 199
f 197 222 198
f 168 141 167
f 116 89 115
f 69 93 101
f 69 101 76
f 93 94 102
f 93 102 101
f 94 121 127
f 94 127 102
f 121 147 153
f 121 153 127
f 147 173 181
f 147 181 153
f 173 200 208
f 173 208 181
f 200 199 207
f 200 207 208
f 199 223 228
f 199 228 207
f 223 222 227
f 223 227 228
f 222 197 205
f 222 205 227
f 197 196 204
f 197 204 205
f 196 168 176
f 196 176 204
f 168 167 175
f 168 175 176
f 167 141 149
f 167 149 175
f 141 115 123
f 141 123 149
f 115 89 97
f 115 97 123
f 89 66 73
f 89 73 97
f 66 67 74
f 66 74 73
f 67 68 75
f 67 75 74
f 68 69 76
f 68 76 75
f 198 199 171
f 143 142 169
f 120 126 101
f 120 101 93
f 100 92 93
f 100 93 101
f 146 152 126
f 146 126 120
f 171 179 180
f 171 180 172
f 172 180 152
f 172 152 146
f 170 178 179
f 170 179 171
f 169 177 178
f 169 178 170
f 177 169 143
f 177 143 151
f 151 143 117
f 151 117 125
f 125 117 90
f 125 90 98
f 98 90 91
f 98 91 99
f 99 91 92
f 99 92 100
f 120 92 119
f 151 125 150
f 120 93 92
f 179 178 198
f 179 198 171
f 178 170 198
f 177 151 169
f 151 143 169
f 150 124 116
f 150 116 142
f 124 125 117
f 124 117 116
f 124 150 125
f 151 150 142
f 151 142 143
f 101 93 94
f 101 94 102
f 93 101 126
f 93 126 120
f 147 153 152
f 147 152 146
f 127 121 146
f 127 146 152
f 180 172 173
f 180 173 181
f 172 180 181
f 172 181 173
f 205 197 198
f 205 198 206
f 197 205 206
f 197 206 198
f 168 176 177
f 168 177 169
f 169 177 176
f 169 176 168
f 124 116 142
f 124 142 150
f 98 90 89
f 98 89 97
f 90 98 124
f 90 124 116
f 116 124 97
f 116 97 89
f 67 74 99
f 67 99 91
f 73 66 90
f 73 90 98
f 68 75 100
f 68 100 92
f 75 68 92
f 75 92 100
f 90 116 117
f 120 94 93
f 146 121 120
f 98 97 124
f 127 152 153
f 73 98 99
f 73 99 74
v -0.51233 -0.14492 -0.09492
v -0.51800 -0.14500 -0.06020
v -0.51925 -0.14569 -0.02125
v -0.51847 -0.14620 0.01653
v -0.51665 -0.14529 0.06047
v -0.51186 -0.14500 0.09971
v -0.51340 -0.12130 -0.12780
v -0.51771 -0.12919 -0.09610
v -0.52328 -0.12932 -0.05796
v -0.52645 -0.12807 -0.01821
v -0.52617 -0.12920 0.02043
v -0.52194 -0.13213 0.06135
v -0.51792 -0.12660 0.09824
v -0.51325 -0.12167 0.12758
v -0.51329 -0.07771 -0.16579
v -0.52166 -0.07887 -0.13600
v -0.53024 -0.07973 -0.09640
v -0.53621 -0.07864 -0.05706
v -0.53861 -0.07951 -0.02093
v -0.53872 -0.07912 0.01742
v -0.53542 -0.07913 0.06184
v -0.52998 -0.07949 0.09761
v -0.52119 -0.07933 0.13681
v -0.51274 -0.07730 0.16743
v -0.51637 -0.04051 -0.17288
v -0.52682 -0.04290 -0.13645
v -0.53542 -0.04474 -0.09638
v -0.54093 -0.04417 -0.05922
v -0.53737 -0.04112 -0.01989
v -0.53748 -0.04163 0.02231
v -0.54060 -0.04383 0.06131
v -0.53498 -0.04298 0.09885
v -0.52602 -0.04288 0.13888
v -0.51492 -0.04182 0.17631
v -0.51741 -0.01800 -0.17492
v -0.52912 -0.01754 -0.13534
v -0.53784 -0.01781 -0.09508
v -0.53782 -0.01613 -0.05759
v -0.53498 -0.01933 -0.01998
v -0.53598 -0.01660 0.02153
v -0.53845 -0.01668 0.05853
v -0.53724 -0.01692 0.09859
v -0.52881 -0.01733 0.13622
v -0.51688 -0.01649 0.17607
v -0.51682 0.03042 -0.17441
v -0.52829 0.03007 -0.13560
v -0.53689 0.03127 -0.09565
v -0.53944 0.03145 -0.05844
v -0.53572 0.03084 -0.01949
v -0.53611 0.03076 0.02342
v -0.54024 0.03132 0.06022
v -0.53623 0.03155 0.09841
v -0.52758 0.03096 0.13749
v -0.51592 0.03125 0.17635
v -0.51367 0.07537 -0.16613
v -0.52200 0.07612 -0.13695
v -0.53093 0.07612 -0.09665
v -0.53656 0.07665 -0.05705
v -0.53935 0.07588 -0.02062
v -0.53930 0.07610 0.01792
v -0.53596 0.07667 0.06196
v -0.53058 0.07677 0.09746
v -0.52170 0.07674 0.13695
v -0.51293 0.07443 0.16860
v -0.51355 0.11573 -0.13318
v -0.52124 0.11724 -0.09600
v -0.52650 0.11875 -0.05800
v -0.52980 0.11653 -0.01940
v -0.52965 0.11724 0.02088
v -0.52615 0.11792 0.06115
v -0.52127 0.11553 0.09767
v -0.51391 0.11573 0.13091
v -0.51140 0.13280 -0.12140
v -0.51522 0.13691 -0.09578
v -0.52114 0.13636 -0.05732
v -0.52250 0.13783 -0.02130
v -0.52192 0.13836 0.01860
v -0.52003 0.13734 0.05929
v -0.51467 0.13638 0.09958
v -0.51100 0.13333 0.12333
v -0.47880 -0.14500 -0.20650
v -0.48900 -0.14620 -0.17320
v -0.49663 -0.14667 -0.13263
v -0.48475 -0.15069 -0.09025
v -0.48325 -0.15125 -0.05713
v -0.48777 -0.15108 -0.02223
v -0.48600 -0.15091 0.02182
v -0.48708 -0.15092 0.06008
v -0.48647 -0.14974 0.10216
v -0.49950 -0.14600 0.14128
v -0.48513 -0.14613 0.18369
v -0.47590 -0.14500 0.21300
v -0.47400 -0.11500 -0.23925
v -0.48164 -0.13024 -0.21197
v -0.49617 -0.13000 -0.17567
v -0.49868 -0.13271 -0.14129
v -0.48167 -0.13367 -0.09983
v -0.48938 -0.12900 -0.06125
v -0.49275 -0.12900 -0.01738
v -0.49233 -0.12900 0.02900
v -0.49017 -0.12433 0.06450
v -0.48250 -0.13367 0.09533
v -0.49813 -0.13204 0.13917
v -0.49476 -0.13090 0.17824
v -0.48148 -0.12820 0.21344
v -0.47300 -0.11500 0.24050
v -0.47724 -0.07794 -0.25147
v -0.49404 -0.07961 -0.21523
v -0.49245 -0.07897 -0.17895
v -0.48639 -0.07729 -0.13736
v -0.49605 -0.07673 -0.09795
v -0.50214 -0.07729 -0.05793
v -0.50495 -0.07790 -0.01920
v -0.50496 -0.07722 0.01841
v -0.50191 -0.07717 0.05887
v -0.49570 -0.07693 0.09863
v -0.48567 -0.07754 0.13925
v -0.49232 -0.07866 0.17998
v -0.49236 -0.07945 0.21849
v -0.47666 -0.07881 0.25137
v -0.48185 -0.04436 -0.25278
v -0.49898 -0.04327 -0.21256
v -0.48525 -0.04386 -0.17879
v -0.49155 -0.04150 -0.13627
v -0.50110 -0.03940 -0.09685
v -0.50660 -0.04080 -0.05990
v -0.50775 -0.05800 -0.02250
v -0.50743 -0.05900 0.02371
v -0.50665 -0.03940 0.06060
v -0.50070 -0.04080 0.09765
v -0.49118 -0.04150 0.13691
v -0.48324 -0.04432 0.17828
v -0.49947 -0.04391 0.21535
v -0.48125 -0.04192 0.25383
v -0.47150 -0.00750 -0.27650
v -0.48369 -0.01796 -0.25356
v -0.49876 -0.01609 -0.21350
v -0.48179 -0.01863 -0.17247
v -0.49333 -0.02107 -0.13527
v -0.50206 -0.01833 -0.09844
v -0.50758 -0.02000 -0.06542
v -0.50731 -0.02046 0.06431
v -0.50161 -0.01833 0.09983
v -0.49189 -0.01861 0.14061
v -0.47969 -0.02094 0.17706
v -0.49838 -0.01707 0.21540
v -0.48245 -0.01634 0.25566
v -0.47100 0.02250 -0.27700
v -0.48316 0.03187 -0.25277
v -0.49904 0.03097 -0.21235
v -0.48327 0.03219 -0.17670
v -0.49239 0.03126 -0.13661
v -0.50172 0.03088 -0.09713
v -0.50740 0.03064 -0.06164
v -0.50850 0.05100 -0.02550
v -0.50867 0.05100 0.02267
v -0.50703 0.03186 0.06214
v -0.50133 0.02953 0.09920
v -0.49194 0.03088 0.13787
v -0.47950 0.03088 0.17606
v -0.49942 0.03235 0.21610
v -0.48176 0.03112 0.25503
v -0.47765 0.07457 -0.25196
v -0.49499 0.07660 -0.21447
v -0.49112 0.07679 -0.17874
v -0.48684 0.07575 -0.13669
v -0.49621 0.07575 -0.09800
v -0.50231 0.07575 -0.05878
v -0.50529 0.07575 -0.01925
v -0.50527 0.07527 0.01937
v -0.50208 0.07620 0.05880
v -0.49613 0.07539 0.09774
v -0.48611 0.07575 0.13879
v -0.49250 0.07667 0.18065
v -0.49311 0.07697 0.21808
v -0.47738 0.07559 0.25149
v -0.47400 0.11500 -0.23925
v -0.48575 0.11738 -0.21219
v -0.50092 0.11567 -0.17483
v -0.49489 0.11833 -0.14278
v -0.48800 0.11500 -0.09800
v -0.49300 0.11500 -0.06500
v -0.49650 0.11500 -0.02075
v -0.49633 0.11500 0.02600
v -0.49250 0.11500 0.06625
v -0.48750 0.11500 0.09950
v -0.49500 0.11833 0.14167
v -0.49862 0.11962 0.17815
v -0.48413 0.11738 0.21506
v -0.47320 0.11060 0.24140
v -0.47953 0.13647 -0.21193
v -0.49200 0.13850 -0.17542
v -0.49814 0.14060 -0.13571
v -0.48355 0.14895 -0.09235
v -0.48354 0.14985 -0.05877
v -0.48772 0.15006 -0.02100
v -0.48627 0.15033 0.02307
v -0.48640 0.15073 0.05980
v -0.48264 0.14950 0.09955
v -0.50068 0.13903 0.14045
v -0.49097 0.13825 0.17841
v -0.47854 0.13592 0.21433
v -0.43700 -0.14500 -0.28463
v -0.45128 -0.14600 -0.25678
v -0.45042 -0.14937 -0.21558
v -0.45409 -0.15091 -0.17518
v -0.46525 -0.15125 -0.14238
v -0.46525 -0.15100 0.14225
v -0.45180 -0.15110 0.18040
v -0.45025 -0.14912 0.22144
v -0.45375 -0.14494 0.25562
v -0.43500 -0.14563 0.28275
v -0.44129 -0.12714 -0.28843
v -0.45719 -0.13055 -0.25606
v -0.44614 -0.12700 -0.21157
v -0.46129 -0.12700 -0.17657
v -0.46450 -0.14300 -0.15400
v -0.46650 -0.14300 0.14650
v -0.46050 -0.12900 0.17612
v -0.45407 -0.13336 0.22329
v -0.45490 -0.13061 0.25952
v -0.43929 -0.12871 0.29024
v -0.43711 -0.07722 -0.31639
v -0.45417 -0.07898 -0.29031
v -0.44861 -0.07903 -0.25274
v -0.45912 -0.07708 -0.21150
v -0.46820 -0.08260 -0.18840
v -0.46817 -0.07933 0.18917
v -0.45743 -0.07729 0.21446
v -0.44867 -0.07736 0.25600
v -0.45262 -0.07927 0.29209
v -0.43518 -0.07900 0.31794
v -0.43783 -0.04493 -0.32310
v -0.45744 -0.04244 -0.29476
v -0.44361 -0.03896 -0.25452
v -0.46100 -0.04160 -0.21830
v -0.47000 -0.06500 0.19100
v -0.46138 -0.04083 0.21708
v -0.44707 -0.04279 0.25961
v -0.45644 -0.04400 0.29560
v -0.43717 -0.04050 0.32425
v -0.43914 -0.01632 -0.32500
v -0.45832 -0.01789 -0.29700
v -0.44375 -0.01900 -0.25495
v -0.46247 -0.01933 -0.21880
v -0.46181 -0.02094 0.21944
v -0.44270 -0.01900 0.25595
v -0.45878 -0.01627 0.29594
v -0.43769 -0.01746 0.32638
v -0.43839 0.03124 -0.32463
v -0.45800 0.03143 -0.29585
v -0.44375 0.03000 -0.25519
v -0.46164 0.03079 -0.21925
v -0.46221 0.03103 0.21729
v -0.44359 0.03213 0.25828
v -0.45801 0.03077 0.29552
v -0.43724 0.03086 0.32560
v -0.43704 0.07346 -0.31762
v -0.45494 0.07652 -0.29003
v -0.44739 0.07730 -0.25236
v -0.45903 0.07547 -0.21227
v -0.46820 0.08260 -0.18840
v -0.46843 0.07729 0.18943
v -0.45731 0.07575 0.21528
v -0.44989 0.07574 0.25674
v -0.45269 0.07628 0.29309
v -0.43542 0.07753 0.31805
v -0.44136 0.11664 -0.29371
v -0.45840 0.11753 -0.25693
v -0.44875 0.11500 -0.21400
v -0.46625 0.11500 -0.17325
v -0.46550 0.11500 0.17450
v -0.44825 0.11500 0.21500
v -0.45562 0.11846 0.26000
v -0.44218 0.11709 0.29164
v -0.44047 0.13606 -0.28476
v -0.45697 0.13814 -0.25380
v -0.44809 0.14882 -0.21345
v -0.45427 0.15033 -0.17547
v -0.46545 0.15109 -0.14245
v -0.46520 0.15093 0.14267
v -0.45247 0.14993 0.17980
v -0.45087 0.14548 0.22235
v -0.45634 0.13666 0.25697
v -0.43678 0.13778 0.28700
v -0.44100 0.17200 -0.15700
v -0.44550 0.17450 -0.11450
v -0.45400 0.17450 -0.07350
v -0.45100 0.17667 -0.03100
v -0.45200 0.17667 0.00967
v -0.44933 0.17667 0.05100
v -0.45050 0.17450 0.09300
v -0.44000 0.17450 0.13350
v -0.43300 0.17200 0.17600
v -0.40425 -0.14492 -0.32875
v -0.41500 -0.14776 -0.29476
v -0.41546 -0.15108 -0.25323
v -0.42800 -0.15200 -0.23200
v -0.42825 -0.15125 0.23050
v -0.41475 -0.15100 0.25950
v -0.41521 -0.14721 0.30300
v -0.40342 -0.14508 0.32825
v -0.39350 -0.11500 -0.35650
v -0.40814 -0.12957 -0.33234
v -0.41821 -0.13026 -0.29863
v -0.41983 -0.13367 -0.25650
v -0.43000 -0.14300 -0.23300
v -0.41817 -0.13367 0.25850
v -0.41771 -0.13081 0.30310
v -0.40758 -0.12804 0.33335
v -0.39300 -0.11500 0.35700
v -0.40052 -0.07683 -0.36148
v -0.41845 -0.08048 -0.33568
v -0.41227 -0.07721 -0.29227
v -0.42950 -0.07933 -0.26567
v -0.42683 -0.07933 0.26967
v -0.41171 -0.07729 0.29254
v -0.41602 -0.07922 0.33256
v -0.40179 -0.07925 0.35896
v -0.40282 -0.04147 -0.36632
v -0.41721 -0.04214 -0.33798
v -0.41632 -0.04124 -0.29448
v -0.43100 -0.05800 -0.27000
v -0.42900 -0.06500 0.27100
v -0.41517 -0.04083 0.29592
v -0.41723 -0.04409 0.33851
v -0.40213 -0.04147 0.36634
v -0.40438 -0.01766 -0.36709
v -0.41618 -0.01742 -0.33758
v -0.41905 -0.01900 -0.29335
v -0.41795 -0.01900 0.29455
v -0.41759 -0.01671 0.33894
v -0.40300 -0.01609 0.36817
v -0.40368 0.03072 -0.36677
v -0.41648 0.03148 -0.33767
v -0.41762 0.03111 -0.29427
v -0.43100 0.05100 -0.27200
v -0.41664 0.03056 0.29539
v -0.41629 0.03183 0.33885
v -0.40237 0.03067 0.36754
v -0.40103 0.07427 -0.36170
v -0.41864 0.07804 -0.33570
v -0.41230 0.07589 -0.29259
v -0.42971 0.07729 -0.26600
v -0.42738 0.07575 0.27000
v -0.41147 0.07575 0.29331
v -0.41685 0.07653 0.33383
v -0.40200 0.07674 0.35941
v -0.39350 0.11500 -0.35650
v -0.41133 0.11711 -0.33417
v -0.41688 0.11688 -0.29988
v -0.42250 0.11500 -0.26300
v -0.42150 0.11500 0.26400
v -0.41513 0.11688 0.30175
v -0.41113 0.11738 0.33387
v -0.39300 0.11500 0.35700
v -0.40486 0.13664 -0.33264
v -0.41643 0.14250 -0.29670
v -0.41628 0.15011 -0.25261
v -0.42900 0.14750 -0.23250
v -0.42840 0.15420 0.22860
v -0.41471 0.15010 0.25876
v -0.41622 0.14065 0.30483
v -0.40552 0.13656 0.33100
v -0.40500 0.17200 -0.23400
v -0.42500 0.17200 -0.19600
v -0.40350 0.17900 -0.18650
v -0.41100 0.18033 -0.14667
v -0.40833 0.18267 -0.10500
v -0.41600 0.18267 -0.06733
v -0.41300 0.18350 -0.02850
v -0.41350 0.18350 0.00900
v -0.41150 0.18350 0.04650
v -0.41267 0.18267 0.08500
v -0.40950 0.18200 0.12450
v -0.41150 0.17900 0.16700
v -0.40850 0.17450 0.21050
v -0.39400 0.17200 0.25100
v -0.36733 -0.14600 -0.36700
v -0.37628 -0.14928 -0.32967
v -0.38471 -0.15114 -0.29800
v -0.38320 -0.15080 0.29940
v -0.37218 -0.14900 0.33724
v -0.36729 -0.14500 0.36936
v -0.35900 -0.11500 -0.39100
v -0.37446 -0.12997 -0.36963
v -0.37275 -0.12462 -0.33075
v -0.38100 -0.14300 -0.30700
v -0.38550 -0.14300 0.30100
v -0.37907 -0.13340 0.33700
v -0.37130 -0.12841 0.37292
v -0.36107 -0.07911 -0.40029
v -0.37860 -0.08014 -0.37672
v -0.37871 -0.07729 -0.33457
v -0.37518 -0.07729 0.33796
v -0.37748 -0.07923 0.37909
v -0.35953 -0.07853 0.40100
v -0.36790 -0.04300 -0.40105
v -0.37594 -0.04261 -0.37469
v -0.38094 -0.04259 -0.33906
v -0.37960 -0.04080 0.34025
v -0.37726 -0.04618 0.37718
v -0.36592 -0.04295 0.40221
v -0.36981 -0.01594 -0.40200
v -0.37520 -0.01593 -0.37297
v -0.38300 -0.01964 -0.33927
v -0.38056 -0.01781 0.34144
v -0.37714 -0.02086 0.37624
v -0.36891 -0.01633 0.40224
v -0.36905 0.03204 -0.40143
v -0.37534 0.03112 -0.37346
v -0.38113 0.03239 -0.34035
v -0.38014 0.03004 0.34111
v -0.37621 0.03158 0.37656
v -0.36759 0.03056 0.40233
v -0.36180 0.07629 -0.40031
v -0.37843 0.07769 -0.37647
v -0.37900 0.07610 -0.33452
v -0.37591 0.07575 0.33753
v -0.37783 0.07673 0.37879
v -0.36069 0.07377 0.40135
v -0.35900 0.11500 -0.39100
v -0.37539 0.11794 -0.37372
v -0.37140 0.11500 -0.33020
v -0.37780 0.11800 0.33180
v -0.37445 0.11690 0.37455
v -0.35500 0.09300 0.39700
v -0.37147 0.13763 -0.36797
v -0.37332 0.14921 -0.32668
v -0.38389 0.14933 -0.30000
v -0.38338 0.15077 0.29931
v -0.37469 0.14477 0.33812
v -0.37003 0.13625 0.37088
v -0.35600 0.17200 -0.30400
v -0.36933 0.17667 -0.26100
v -0.37800 0.18033 -0.21867
v -0.36933 0.18333 -0.17100
v -0.36900 0.18233 -0.13167
v -0.37150 0.18150 -0.09550
v -0.37133 0.17933 -0.06033
v -0.37500 0.17933 -0.02600
v -0.37125 0.17825 0.01600
v -0.37825 0.18150 0.06025
v -0.37500 0.18233 0.11367
v -0.37000 0.18350 0.15000
v -0.37467 0.18333 0.17933
v -0.37000 0.18167 0.22000
v -0.38100 0.17700 0.24300
v -0.36300 0.17450 0.28150
v -0.32750 -0.14613 -0.40256
v -0.33282 -0.14955 -0.36800
v -0.34483 -0.15100 -0.34350
v -0.34467 -0.15100 0.34267
v -0.33371 -0.14906 0.37265
v -0.32890 -0.14500 0.40400
v -0.32934 -0.12831 -0.41100
v -0.33920 -0.13340 -0.37740
v -0.35200 -0.13367 -0.34367
v -0.34650 -0.12900 0.35050
v -0.33400 -0.12822 0.37767
v -0.33197 -0.12897 0.40816
v -0.32033 -0.07839 -0.43394
v -0.33566 -0.07936 -0.41364
v -0.34014 -0.07729 -0.37382
v -0.33618 -0.07729 0.37682
v -0.33750 -0.07931 0.41706
v -0.31586 -0.07679 0.43707
v -0.32632 -0.04008 -0.43612
v -0.34102 -0.04334 -0.41595
v -0.33919 -0.04262 -0.38069
v -0.33786 -0.04205 0.38129
v -0.34100 -0.04457 0.41797
v -0.32436 -0.04016 0.43668
v -0.32792 -0.01740 -0.43672
v -0.34100 -0.01748 -0.41381
v -0.34018 -0.01964 -0.38209
v -0.34206 -0.01781 0.37987
v -0.33861 -0.01677 0.41665
v -0.32724 -0.01816 0.43680
v -0.32774 0.03112 -0.43593
v -0.34110 0.03158 -0.41419
v -0.34052 0.03038 -0.38105
v -0.33983 0.03131 0.38093
v -0.34060 0.03242 0.41649
v -0.32612 0.02920 0.43673
v -0.32055 0.07705 -0.43415
v -0.33654 0.07660 -0.41488
v -0.33969 0.07575 -0.37456
v -0.33572 0.07575 0.37750
v -0.33805 0.07712 0.41749
v -0.31656 0.07417 0.43711
v -0.33174 0.11779 -0.41305
v -0.32850 0.11500 -0.37300
v -0.35200 0.11500 -0.35100
v -0.35150 0.11500 0.35100
v -0.32700 0.11500 0.37400
v -0.33294 0.11711 0.41172
v -0.32956 0.13756 -0.40582
v -0.33517 0.14533 -0.37039
v -0.34567 0.15089 -0.34300
v -0.31600 0.16400 -0.02200
v -0.31600 0.16400 0.02100
v -0.34489 0.15089 0.34278
v -0.33409 0.14677 0.37323
v -0.33063 0.13642 0.40633
v -0.32150 0.17450 -0.32950
v -0.33200 0.18033 -0.28333
v -0.33800 0.18350 -0.23900
v -0.33733 0.18333 -0.20867
v -0.33350 0.18000 -0.17300
v -0.33350 0.17500 -0.13600
v -0.34900 0.17500 -0.09000
v -0.35300 0.17500 0.07300
v -0.34500 0.17500 0.10400
v -0.34100 0.17750 0.13800
v -0.33400 0.17933 0.17200
v -0.33000 0.18233 0.21033
v -0.33300 0.18267 0.25767
v -0.32500 0.17900 0.30250
v -0.34200 0.17200 0.31800
v -0.28638 -0.14500 -0.43575
v -0.29100 -0.14794 -0.41656
v -0.30170 -0.15080 -0.38180
v -0.30011 -0.15133 0.38233
v -0.29947 -0.14735 0.41329
v -0.28667 -0.14500 0.43517
v -0.28913 -0.12919 -0.43997
v -0.30042 -0.12958 -0.41175
v -0.30350 -0.14300 -0.38450
v -0.30300 -0.14300 0.38367
v -0.30253 -0.12989 0.41932
v -0.28800 -0.12732 0.44089
v -0.29395 -0.07926 -0.45160
v -0.29475 -0.07729 -0.41036
v -0.29406 -0.07721 0.41033
v -0.29200 -0.07959 0.45220
v -0.29693 -0.04415 -0.45495
v -0.29808 -0.04083 -0.41375
v -0.29616 -0.04124 0.41460
v -0.29559 -0.04424 0.45602
v -0.27900 0.00000 -0.47000
v -0.29798 -0.01833 -0.45569
v -0.29675 -0.01900 -0.41660
v -0.29520 -0.01900 0.41720
v -0.29579 -0.01694 0.45842
v -0.29710 0.03110 -0.45556
v -0.29756 0.03056 -0.41525
v -0.29603 0.03111 0.41584
v -0.29684 0.03158 0.45667
v -0.29440 0.07620 -0.45201
v -0.29556 0.07575 -0.41009
v -0.29438 0.07589 0.41038
v -0.29217 0.07664 0.45283
v -0.29176 0.11724 -0.44229
v -0.29780 0.11500 -0.40660
v -0.30167 0.11833 0.41700
v -0.28900 0.11567 0.44392
v -0.28684 0.13720 -0.43848
v -0.29486 0.14318 -0.41623
v -0.30223 0.15077 -0.38169
v -0.27500 0.16400 -0.15900
v -0.28800 0.16400 -0.13300
v -0.30300 0.16400 -0.09300
v -0.31300 0.16400 -0.05100
v -0.31100 0.16400 0.06400
v -0.30300 0.16400 0.09200
v -0.28800 0.16400 0.13200
v -0.29985 0.15054 0.38300
v -0.30192 0.14132 0.41632
v -0.28593 0.13553 0.43920
v -0.29500 0.17200 -0.36300
v -0.28050 0.17900 -0.34500
v -0.29467 0.18267 -0.30167
v -0.29800 0.18233 -0.25433
v -0.30050 0.17750 -0.21250
v -0.31200 0.17500 -0.18100
v -0.30400 0.17500 0.19300
v -0.29100 0.17750 0.22500
v -0.29000 0.18200 0.25367
v -0.29500 0.18333 0.29200
v -0.30100 0.17667 0.33667
v -0.27800 0.17200 0.37500
v -0.25374 -0.14595 -0.45295
v -0.25238 -0.15108 -0.41577
v -0.25650 -0.15100 0.41267
v -0.26059 -0.14606 0.44806
v -0.24175 -0.11975 -0.47100
v -0.25467 -0.12912 -0.45758
v -0.26100 -0.13367 -0.41683
v -0.25875 -0.13250 0.41812
v -0.25806 -0.13032 0.45658
v -0.24100 -0.11500 0.47200
v -0.24896 -0.07850 -0.47812
v -0.25806 -0.07803 -0.44736
v -0.27183 -0.07933 -0.42550
v -0.26733 -0.07933 0.42783
v -0.25653 -0.07816 0.45116
v -0.25130 -0.07867 0.47637
v -0.25630 -0.04153 -0.47995
v -0.25855 -0.04023 -0.44150
v -0.27300 -0.06500 -0.42750
v -0.27067 -0.06033 0.42933
v -0.25764 -0.04068 0.44596
v -0.25417 -0.04166 0.48060
v -0.25627 -0.01807 -0.48207
v -0.25633 -0.01833 -0.44261
v -0.25660 -0.01900 0.44190
v -0.25504 -0.01587 0.48225
v -0.25637 0.03086 -0.48107
v -0.25770 0.03091 -0.44106
v -0.27400 0.05100 0.42900
v -0.25776 0.03163 0.44358
v -0.25448 0.03024 0.48166
v -0.25016 0.07612 -0.47798
v -0.25829 0.07646 -0.44691
v -0.27213 0.07575 -0.42600
v -0.26775 0.07575 0.42825
v -0.25641 0.07720 0.45115
v -0.25241 0.07497 0.47657
v -0.24080 0.12100 -0.47120
v -0.25825 0.11567 -0.45675
v -0.26650 0.11500 -0.41950
v -0.25867 0.11500 0.42400
v -0.25921 0.11929 0.45857
v -0.24100 0.11500 0.47200
v -0.23700 0.13100 -0.46950
v -0.25268 0.13826 -0.45719
v -0.25461 0.15011 -0.41489
v -0.24100 0.16400 -0.20600
v -0.25900 0.16400 -0.18300
v -0.25900 0.16400 0.18200
v -0.25683 0.14961 0.41317
v -0.25705 0.13849 0.45424
v -0.25233 0.17667 -0.37533
v -0.26100 0.18350 -0.32100
v -0.25267 0.18200 -0.29200
v -0.26300 0.17667 -0.25367
v -0.25150 0.17500 0.25650
v -0.26067 0.18233 0.29133
v -0.25100 0.18267 0.33800
v -0.26900 0.17700 0.36300
v -0.24300 0.17200 0.39900
v -0.21167 -0.14573 -0.47447
v -0.21343 -0.15014 -0.44457
v -0.22900 -0.15200 -0.42900
v -0.22900 -0.15140 0.42860
v -0.22050 -0.14862 0.45225
v -0.21189 -0.14500 0.47567
v -0.21633 -0.12600 -0.48087
v -0.22180 -0.13180 -0.44670
v -0.23500 -0.14300 0.42800
v -0.21744 -0.12900 0.45022
v -0.21209 -0.12897 0.48125
v -0.21549 -0.07897 -0.49387
v -0.21682 -0.07729 -0.45636
v -0.21327 -0.07708 0.45758
v -0.21776 -0.07900 0.49233
v -0.21452 -0.04498 -0.49740
v -0.22190 -0.04205 -0.45910
v -0.21752 -0.04039 0.46065
v -0.21698 -0.04445 0.49820
v -0.21743 -0.01686 -0.49664
v -0.22247 -0.01933 -0.46040
v -0.21767 -0.02111 0.46217
v -0.21326 -0.01631 0.50029
v -0.21482 0.03106 -0.49742
v -0.22259 0.03148 -0.45979
v -0.21703 0.02997 0.46189
v -0.21488 0.03090 0.50051
v -0.21576 0.07532 -0.49452
v -0.21763 0.07575 -0.45625
v -0.21400 0.07547 0.45753
v -0.21791 0.07619 0.49290
v -0.21667 0.11544 -0.48411
v -0.21775 0.11500 -0.44675
v -0.21600 0.11500 0.44725
v -0.21517 0.11711 0.48361
v -0.21292 0.13765 -0.47754
v -0.21595 0.14742 -0.44432
v -0.23050 0.15900 -0.42650
v -0.20000 0.16400 -0.24600
v -0.22200 0.16400 -0.22700
v -0.22150 0.16400 0.22600
v -0.23000 0.15000 0.42850
v -0.21875 0.14700 0.45000
v -0.21256 0.13589 0.47867
v -0.22100 0.17450 -0.40350
v -0.20600 0.18200 -0.37600
v -0.22700 0.18333 -0.33733
v -0.21300 0.17667 -0.29700
v -0.22400 0.17933 0.30133
v -0.20800 0.18350 0.34050
v -0.22700 0.18033 0.37200
v -0.20250 0.17450 0.41200
v -0.17174 -0.14595 -0.49005
v -0.17345 -0.15091 -0.45427
v -0.17867 -0.15100 0.45158
v -0.17913 -0.14620 0.48627
v -0.17714 -0.13021 -0.49404
v -0.18014 -0.13100 -0.45814
v -0.17814 -0.12700 0.45957
v -0.17579 -0.12708 0.49629
v -0.16757 -0.07883 -0.51217
v -0.18087 -0.07859 -0.48957
v -0.19160 -0.08080 -0.46680
v -0.18900 -0.07950 0.46750
v -0.18041 -0.07850 0.49584
v -0.16538 -0.07837 0.51269
v -0.17500 -0.03994 -0.51531
v -0.17919 -0.04352 -0.48107
v -0.19200 -0.05800 0.47000
v -0.18246 -0.04269 0.49091
v -0.17221 -0.04121 0.51574
v -0.17618 -0.01702 -0.51662
v -0.17520 -0.01900 -0.48035
v -0.18195 -0.01845 0.48736
v -0.17329 -0.01729 0.51719
v -0.17563 0.02977 -0.51606
v -0.17631 0.03056 -0.47933
v -0.19500 0.05100 0.47000
v -0.18169 0.03209 0.48798
v -0.17309 0.03118 0.51639
v -0.16826 0.07592 -0.51247
v -0.18200 0.07646 -0.48890
v -0.19160 0.08080 -0.46680
v -0.18900 0.07789 0.46778
v -0.18020 0.07630 0.49560
v -0.16710 0.07519 0.51267
v -0.17721 0.11771 -0.49664
v -0.18033 0.11500 -0.46300
v -0.17475 0.11500 0.46450
v -0.17615 0.11562 0.49969
v -0.17544 0.13782 -0.49221
v -0.17631 0.14988 -0.45363
v -0.17700 0.16400 -0.26300
v -0.17700 0.16400 0.26200
v -0.17900 0.15044 0.45175
v -0.17910 0.13797 0.49017
v -0.18033 0.17667 -0.41500
v -0.17567 0.18367 -0.37267
v -0.18067 0.17933 -0.33000
v -0.18700 0.17500 0.30700
v -0.17275 0.17950 0.33275
v -0.18533 0.18267 0.37767
v -0.16100 0.17700 0.42200
v -0.16700 0.17200 0.43600
v -0.13469 -0.14608 -0.49792
v -0.14357 -0.15114 -0.46471
v -0.13873 -0.15118 0.46545
v -0.13653 -0.14616 0.49837
v -0.13343 -0.12071 -0.51186
v -0.14009 -0.13187 -0.49730
v -0.14900 -0.14300 -0.46600
v -0.14525 -0.14300 0.46625
v -0.14072 -0.13331 0.50041
v -0.13029 -0.11500 0.51386
v -0.13562 -0.07900 -0.52143
v -0.13805 -0.07780 -0.48570
v -0.13925 -0.07721 0.48500
v -0.13698 -0.07898 0.52048
v -0.13637 -0.04363 -0.52641
v -0.13720 -0.04230 -0.49080
v -0.13809 -0.04150 0.49014
v -0.13800 -0.04424 0.52541
v -0.13616 -0.01619 -0.52866
v -0.13640 -0.01933 -0.49273
v -0.14100 -0.01861 0.49089
v -0.13892 -0.01728 0.52731
v -0.13614 0.03176 -0.52766
v -0.13736 0.03129 -0.49179
v -0.13906 0.03088 0.49081
v -0.13778 0.03065 0.52684
v -0.13602 0.07636 -0.52191
v -0.13813 0.07575 -0.48604
v -0.13853 0.07575 0.48544
v -0.13763 0.07561 0.52102
v -0.13369 0.11562 -0.51308
v -0.14444 0.11833 -0.49389
v -0.14160 0.12100 0.49520
v -0.13322 0.11256 0.51344
v -0.12656 0.13611 -0.50878
v -0.13867 0.13933 -0.49678
v -0.14540 0.15100 -0.46440
v -0.13950 0.16400 -0.28450
v -0.14000 0.16400 0.28400
v -0.13981 0.15006 0.46556
v -0.14000 0.13864 0.50152
v -0.12200 0.13100 0.51100
v -0.14450 0.17450 -0.43700
v -0.13450 0.18200 -0.40700
v -0.13567 0.18333 -0.37267
v -0.14700 0.17750 -0.33800
v -0.13150 0.17750 0.34300
v -0.14500 0.18333 0.37900
v -0.15600 0.18100 0.40700
v -0.12400 0.17450 0.44200
v -0.09960 -0.14500 -0.51150
v -0.10641 -0.15029 -0.48271
v -0.09835 -0.14915 0.48970
v -0.09114 -0.14500 0.51257
v -0.09854 -0.12954 -0.51675
v -0.09543 -0.13100 -0.48286
v -0.10467 -0.13678 0.49022
v -0.09712 -0.12728 0.51720
v -0.10032 -0.07922 -0.52930
v -0.10029 -0.07714 -0.49493
v -0.09995 -0.07655 0.49468
v -0.09938 -0.07916 0.52884
v -0.10084 -0.04369 -0.53442
v -0.09836 -0.03991 -0.50014
v -0.09875 -0.03940 0.49970
v -0.09827 -0.04337 0.53427
v -0.09883 -0.01582 -0.53687
v -0.09916 -0.02000 -0.50153
v -0.10039 -0.01833 0.50083
v -0.09900 -0.01697 0.53627
v -0.10020 0.03177 -0.53574
v -0.09924 0.02935 -0.50100
v -0.09900 0.03088 0.50041
v -0.09799 0.03137 0.53555
v -0.10067 0.07650 -0.52972
v -0.09953 0.07581 -0.49531
v -0.10000 0.07575 0.49483
v -0.09924 0.07639 0.52944
v -0.09662 0.11846 -0.52062
v -0.09500 0.11500 -0.48767
v -0.10000 0.11500 0.48650
v -0.09881 0.11738 0.51981
v -0.09854 0.13642 -0.51462
v -0.10464 0.14950 -0.48150
v -0.10000 0.16400 -0.30100
v -0.09950 0.16400 0.30050
v -0.09723 0.14895 0.48418
v -0.09795 0.13659 0.51414
v -0.10400 0.17450 -0.44850
v -0.09533 0.18267 -0.41067
v -0.09733 0.18100 -0.36833
v -0.09750 0.17500 -0.34650
v -0.09700 0.17500 0.34600
v -0.10600 0.18233 0.37633
v -0.11600 0.18200 0.41150
v -0.08350 0.17450 0.45150
v -0.06200 -0.14536 -0.51614
v -0.06246 -0.15100 -0.48592
v -0.05864 -0.15136 0.48655
v -0.05785 -0.14538 0.51577
v -0.06160 -0.13016 -0.52216
v -0.06083 -0.12900 -0.48933
v -0.06325 -0.12900 0.48800
v -0.05919 -0.12956 0.52211
v -0.06154 -0.07898 -0.53510
v -0.06032 -0.07655 -0.50150
v -0.06000 -0.07714 0.50089
v -0.05774 -0.07920 0.53500
v -0.06042 -0.04302 -0.53711
v -0.06538 -0.04323 -0.50531
v -0.06175 -0.04080 0.50540
v -0.06088 -0.04473 0.53961
v -0.05890 -0.01807 -0.53415
v -0.07183 -0.01500 -0.50633
v -0.05983 -0.01833 0.50717
v -0.06124 -0.01600 0.54185
v -0.05995 0.02986 -0.53558
v -0.06753 0.03480 -0.50580
v -0.06047 0.02960 0.50657
v -0.06133 0.03147 0.54085
v -0.06148 0.07595 -0.53577
v -0.06033 0.07583 -0.50167
v -0.06084 0.07588 0.50103
v -0.05813 0.07660 0.53553
v -0.06442 0.11692 -0.52583
v -0.06500 0.11500 -0.49300
v -0.06700 0.11500 0.49150
v -0.05800 0.11664 0.52600
v -0.06117 0.13741 -0.51938
v -0.06171 0.15035 -0.48541
v -0.04300 0.16400 -0.31400
v -0.07200 0.16400 -0.30900
v -0.05800 0.16400 0.31100
v -0.05800 0.15006 0.48562
v -0.05828 0.13716 0.51922
v -0.06200 0.17667 -0.44800
v -0.05700 0.18350 -0.41050
v -0.05133 0.17933 -0.37267
v -0.06833 0.17933 0.36900
v -0.07633 0.18267 0.41367
v -0.04200 0.17450 0.45700
v -0.02215 -0.14638 -0.51769
v -0.02136 -0.15091 -0.48582
v -0.02292 -0.15100 0.48500
v -0.01775 -0.14500 0.52017
v -0.01957 -0.13071 -0.52521
v -0.02514 -0.12700 -0.49286
v -0.01925 -0.12900 0.49175
v -0.02121 -0.12829 0.52529
v -0.01880 -0.07876 -0.53822
v -0.02004 -0.07714 -0.50457
v -0.02135 -0.07780 0.50385
v -0.02303 -0.07905 0.53767
v -0.02100 -0.04068 -0.53312
v -0.02650 -0.06500 -0.50650
v -0.02155 -0.04150 0.50850
v -0.02147 -0.04284 0.54284
v -0.02054 -0.01902 -0.53476
v -0.02427 -0.02418 0.50973
v -0.01966 -0.01489 0.54030
v -0.02011 0.03016 -0.53280
v -0.02259 0.03179 0.50934
v -0.02117 0.03066 0.54262
v -0.01905 0.07660 -0.53870
v -0.02084 0.07588 -0.50481
v -0.02138 0.07592 0.50417
v -0.02298 0.07652 0.53816
v -0.01957 0.11771 -0.52907
v -0.02450 0.11500 -0.49650
v -0.02275 0.11500 0.49550
v -0.02243 0.11821 0.52843
v -0.02106 0.13871 -0.52171
v -0.02240 0.15033 -0.48600
v -0.01500 0.16400 -0.31700
v -0.02900 0.16400 0.31500
v -0.02119 0.14900 0.48575
v -0.02320 0.13628 0.52280
v -0.02100 0.17667 -0.45167
v -0.01867 0.18333 -0.40600
v -0.01700 0.17750 -0.36800
v -0.03433 0.17933 0.37333
v -0.03800 0.18350 0.41150
v -0.04000 0.18100 0.43400
v 0.02131 -0.14613 -0.51819
v 0.02042 -0.15100 -0.48567
v 0.01733 -0.15100 0.48708
v 0.01347 -0.14573 0.51827
v 0.02197 -0.13121 -0.52497
v 0.01650 -0.12900 -0.49250
v 0.02286 -0.12700 0.49214
v 0.01983 -0.12920 0.52510
v 0.01988 -0.07912 -0.53815
v 0.01880 -0.07780 -0.50450
v 0.01768 -0.07714 0.50396
v 0.01516 -0.07896 0.53780
v 0.02164 -0.04139 -0.53429
v 0.02240 -0.06220 -0.50660
v 0.02027 -0.04150 0.50845
v 0.02022 -0.04369 0.54267
v 0.01900 -0.01679 -0.53555
v 0.02275 -0.02417 0.50967
v 0.02228 -0.01767 0.54163
v 0.02145 0.03089 -0.53409
v 0.03700 0.05100 -0.50700
v 0.02073 0.03157 0.50933
v 0.02124 0.03091 0.54295
v 0.02015 0.07615 -0.53878
v 0.01879 0.07592 -0.50483
v 0.01844 0.07588 0.50416
v 0.01565 0.07633 0.53837
v 0.02162 0.11677 -0.52915
v 0.02000 0.11500 -0.49650
v 0.02200 0.11500 0.49550
v 0.01971 0.11724 0.52859
v 0.01772 0.13831 -0.52187
v 0.01871 0.15000 -0.48612
v 0.01400 0.16400 -0.31700
v 0.01400 0.16400 0.31550
v 0.01750 0.15038 0.48687
v 0.01648 0.13792 0.52140
v 0.02033 0.17667 -0.45167
v 0.01800 0.18333 -0.40600
v 0.01650 0.17750 -0.36800
v 0.01683 0.17933 0.37417
v 0.01875 0.18350 0.41225
v 0.00000 0.17667 0.45133
v 0.05912 -0.14531 -0.51638
v 0.06225 -0.15117 -0.48608
v 0.05669 -0.15100 0.48600
v 0.05353 -0.14533 0.51633
v 0.05748 -0.13026 -0.52252
v 0.06075 -0.12900 -0.48888
v 0.05817 -0.12900 0.48867
v 0.05930 -0.13067 0.52163
v 0.05667 -0.07863 -0.53551
v 0.05746 -0.07714 -0.50154
v 0.05800 -0.07655 0.50114
v 0.06006 -0.07900 0.53452
v 0.05681 -0.04183 -0.53550
v 0.06608 -0.04650 -0.50458
v 0.05867 -0.04033 0.50572
v 0.05905 -0.04400 0.53977
v 0.05629 -0.01673 -0.53351
v 0.06983 -0.02333 -0.50617
v 0.05694 -0.01750 0.50731
v 0.06079 -0.01621 0.54171
v 0.05632 0.03134 -0.53469
v 0.06821 0.03136 -0.50586
v 0.05800 0.03136 0.50654
v 0.05993 0.03209 0.54086
v 0.05634 0.07640 -0.53608
v 0.05831 0.07588 -0.50166
v 0.05800 0.07583 0.50129
v 0.06002 0.07684 0.53502
v 0.05755 0.11709 -0.52655
v 0.06450 0.11500 -0.49250
v 0.06233 0.11500 0.49200
v 0.05714 0.11664 0.52607
v 0.05971 0.13714 -0.51946
v 0.06118 0.15000 -0.48541
v 0.04300 0.16400 -0.31400
v 0.07100 0.16400 -0.30900
v 0.05700 0.16400 0.31100
v 0.05547 0.15035 0.48553
v 0.05586 0.13748 0.51924
v 0.06100 0.17667 -0.44800
v 0.05600 0.18350 -0.41050
v 0.05100 0.17933 -0.37267
v 0.06800 0.17933 0.36900
v 0.07450 0.18350 0.40650
v 0.04067 0.17667 0.44933
v 0.09533 -0.14500 -0.51211
v 0.10233 -0.15027 -0.48433
v 0.09976 -0.14929 0.48838
v 0.08871 -0.14500 0.51271
v 0.09654 -0.13071 -0.51650
v 0.09933 -0.13367 -0.48117
v 0.09314 -0.13100 0.48257
v 0.09767 -0.12904 0.51626
v 0.09793 -0.07859 -0.52952
v 0.09750 -0.07655 -0.49541
v 0.09804 -0.07714 0.49471
v 0.09676 -0.07938 0.52905
v 0.09676 -0.04389 -0.53484
v 0.09625 -0.03940 -0.50050
v 0.09586 -0.03991 0.50005
v 0.09573 -0.04394 0.53442
v 0.09637 -0.01597 -0.53709
v 0.09789 -0.01833 -0.50156
v 0.09668 -0.02000 0.50111
v 0.09617 -0.01646 0.53663
v 0.09598 0.03148 -0.53620
v 0.09653 0.03097 -0.50116
v 0.09671 0.02947 0.50074
v 0.09609 0.03188 0.53559
v 0.09802 0.07631 -0.53000
v 0.09750 0.07583 -0.49558
v 0.09725 0.07588 0.49512
v 0.09680 0.07622 0.52976
v 0.09646 0.11962 -0.52008
v 0.09750 0.11500 -0.48700
v 0.09267 0.11500 0.48733
v 0.09579 0.11664 0.52029
v 0.09600 0.13648 -0.51480
v 0.10225 0.14940 -0.48240
v 0.09900 0.16400 -0.30100
v 0.09900 0.16400 0.30050
v 0.09820 0.14836 0.48564
v 0.09395 0.13595 0.51477
v 0.10350 0.17450 -0.44850
v 0.09467 0.18267 -0.41067
v 0.08600 0.18150 -0.37400
v 0.09650 0.17500 -0.34650
v 0.09700 0.17500 0.34600
v 0.10533 0.18233 0.37633
v 0.09600 0.18200 0.41600
v 0.08250 0.17450 0.45150
v 0.11800 -0.14500 -0.50800
v 0.13362 -0.14638 -0.49412
v 0.14200 -0.15125 -0.46450
v 0.13920 -0.15110 0.46500
v 0.13800 -0.14613 0.49900
v 0.13241 -0.12218 -0.51106
v 0.14020 -0.13440 -0.49480
v 0.15300 -0.14300 -0.46400
v 0.14650 -0.14300 0.46550
v 0.13500 -0.13196 0.49929
v 0.12957 -0.11500 0.51371
v 0.13469 -0.07931 -0.52108
v 0.13675 -0.07714 -0.48586
v 0.13580 -0.07780 0.48560
v 0.13406 -0.07912 0.52081
v 0.13683 -0.04273 -0.52594
v 0.13559 -0.04150 -0.49095
v 0.13485 -0.04230 0.49050
v 0.13606 -0.04450 0.52548
v 0.13712 -0.01766 -0.52793
v 0.13878 -0.01861 -0.49183
v 0.13433 -0.01933 0.49247
v 0.13454 -0.01719 0.52808
v 0.13671 0.03064 -0.52721
v 0.13672 0.03100 -0.49169
v 0.13514 0.03143 0.49157
v 0.13551 0.03206 0.52684
v 0.13536 0.07659 -0.52152
v 0.13603 0.07588 -0.48631
v 0.13579 0.07592 0.48592
v 0.13378 0.07671 0.52147
v 0.13479 0.11557 -0.51229
v 0.13800 0.12000 -0.48717
v 0.14180 0.11800 0.49540
v 0.12980 0.11580 0.51310
v 0.12189 0.13400 -0.51011
v 0.13850 0.13968 -0.49650
v 0.14482 0.15109 -0.46391
v 0.13900 0.16400 -0.28450
v 0.13900 0.16400 0.28400
v 0.13962 0.15100 0.46500
v 0.13517 0.13921 0.50079
v 0.12200 0.13100 0.51100
v 0.14350 0.17450 -0.43700
v 0.13350 0.18200 -0.40700
v 0.12200 0.18233 -0.37200
v 0.14600 0.17750 -0.33800
v 0.13050 0.17750 0.34300
v 0.14433 0.18333 0.37900
v 0.13600 0.18100 0.41300
v 0.12400 0.17450 0.44200
v 0.16907 -0.14620 -0.49000
v 0.17633 -0.15100 -0.45250
v 0.17270 -0.15110 0.45340
v 0.17840 -0.14620 0.48593
v 0.17421 -0.12708 -0.49379
v 0.18140 -0.13180 -0.45700
v 0.17575 -0.12900 0.45950
v 0.17519 -0.13055 0.49471
v 0.16733 -0.07863 -0.51185
v 0.17845 -0.07842 -0.48992
v 0.19175 -0.07975 -0.46650
v 0.18917 -0.07933 0.46700
v 0.17753 -0.07865 0.49329
v 0.16321 -0.07563 0.51326
v 0.17567 -0.04380 -0.51418
v 0.17626 -0.04191 -0.47930
v 0.19000 -0.06500 0.46950
v 0.18003 -0.04086 0.49076
v 0.16805 -0.04324 0.51635
v 0.17387 -0.01603 -0.51700
v 0.17537 -0.02094 -0.47975
v 0.17735 -0.01981 0.48700
v 0.17215 -0.01544 0.51715
v 0.17535 0.03192 -0.51548
v 0.17576 0.03161 -0.48003
v 0.17955 0.03094 0.48877
v 0.17025 0.03018 0.51695
v 0.16919 0.07528 -0.51192
v 0.17832 0.07700 -0.48810
v 0.19175 0.08000 -0.46650
v 0.18937 0.07600 0.46763
v 0.17760 0.07728 0.49363
v 0.16307 0.07263 0.51385
v 0.17293 0.11557 -0.49564
v 0.18300 0.11500 -0.46150
v 0.17425 0.11500 0.46450
v 0.17580 0.11753 0.49867
v 0.17346 0.13821 -0.49214
v 0.17806 0.15044 -0.45219
v 0.17600 0.16400 -0.26300
v 0.17600 0.16400 0.26200
v 0.17387 0.14993 0.45347
v 0.17641 0.13795 0.49084
v 0.17967 0.17667 -0.41500
v 0.16167 0.18333 -0.37300
v 0.18033 0.17933 -0.33000
v 0.18700 0.17500 0.30700
v 0.16500 0.17933 0.33700
v 0.18467 0.18267 0.37767
v 0.16100 0.17700 0.42200
v 0.16600 0.17200 0.43600
v 0.20769 -0.14569 -0.47569
v 0.21557 -0.14964 -0.44564
v 0.23250 -0.15200 -0.42650
v 0.22867 -0.15200 0.42800
v 0.21595 -0.14900 0.45079
v 0.20887 -0.14500 0.47637
v 0.21087 -0.13006 -0.48131
v 0.21114 -0.12700 -0.44571
v 0.23350 -0.14300 -0.42900
v 0.22800 -0.14300 0.43100
v 0.22225 -0.13233 0.45325
v 0.21137 -0.12708 0.48150
v 0.21556 -0.07847 -0.49323
v 0.21152 -0.07712 -0.45824
v 0.21443 -0.07714 0.45621
v 0.21650 -0.07935 0.49210
v 0.21347 -0.04300 -0.49715
v 0.21935 -0.04230 -0.45950
v 0.21704 -0.04083 0.46025
v 0.21313 -0.04374 0.49928
v 0.20000 -0.01740 -0.50800
v 0.21302 -0.01740 -0.49702
v 0.22014 -0.02071 -0.46107
v 0.21530 -0.01900 0.46265
v 0.21632 -0.01584 0.50024
v 0.20000 0.02200 -0.50800
v 0.21373 0.03143 -0.49709
v 0.21989 0.03143 -0.46039
v 0.21625 0.03067 0.46158
v 0.21332 0.03198 0.50052
v 0.21522 0.07613 -0.49394
v 0.21221 0.07572 -0.45824
v 0.21525 0.07588 0.45612
v 0.21598 0.07702 0.49289
v 0.21094 0.11738 -0.48550
v 0.21375 0.11500 -0.44825
v 0.21525 0.11500 0.44675
v 0.21573 0.11653 0.48280
v 0.21109 0.13731 -0.47794
v 0.21114 0.14914 -0.44021
v 0.23240 0.15120 -0.42700
v 0.20000 0.16400 -0.24600
v 0.22100 0.16400 -0.22700
v 0.22100 0.16400 0.22650
v 0.22850 0.14975 0.42875
v 0.21946 0.14589 0.45182
v 0.21279 0.13629 0.47779
v 0.22050 0.17450 -0.40350
v 0.20167 0.18267 -0.37000
v 0.22633 0.18333 -0.33733
v 0.21233 0.17667 -0.29700
v 0.22300 0.17933 0.30133
v 0.20300 0.18233 0.33367
v 0.22600 0.18033 0.37200
v 0.20150 0.17450 0.41200
v 0.25064 -0.14629 -0.45307
v 0.25433 -0.15100 -0.41367
v 0.25300 -0.15085 0.41400
v 0.25911 -0.14600 0.44844
v 0.23875 -0.11500 -0.47300
v 0.25441 -0.12959 -0.45756
v 0.26200 -0.13367 -0.41533
v 0.25700 -0.13100 0.41886
v 0.25550 -0.12958 0.45731
v 0.24067 -0.11500 0.47167
v 0.25169 -0.07844 -0.47587
v 0.25657 -0.07852 -0.44982
v 0.26525 -0.08125 -0.42825
v 0.26737 -0.07950 0.42688
v 0.25571 -0.07706 0.44842
v 0.24772 -0.07777 0.47762
v 0.25463 -0.04333 -0.47994
v 0.25633 -0.04142 -0.44154
v 0.27300 -0.05100 -0.42900
v 0.27125 -0.04800 0.42925
v 0.25692 -0.04367 0.44538
v 0.25271 -0.04111 0.48061
v 0.25283 -0.01700 -0.48304
v 0.25415 -0.01900 -0.44295
v 0.27200 -0.02600 0.43100
v 0.25495 -0.01863 0.44205
v 0.25355 -0.01664 0.48223
v 0.25422 0.03214 -0.48134
v 0.25526 0.03009 -0.44174
v 0.27300 0.05100 -0.42900
v 0.27200 0.02933 0.43100
v 0.25542 0.03079 0.44106
v 0.25332 0.03066 0.48134
v 0.25228 0.07643 -0.47600
v 0.25695 0.07689 -0.44859
v 0.26525 0.08175 -0.42825
v 0.26800 0.07680 0.42700
v 0.25678 0.07535 0.45016
v 0.24800 0.07576 0.47798
v 0.23875 0.11500 -0.47300
v 0.25447 0.11724 -0.45953
v 0.26200 0.11500 -0.42150
v 0.25800 0.11500 0.42333
v 0.25636 0.11909 0.45855
v 0.24067 0.11500 0.47167
v 0.25324 0.13824 -0.45630
v 0.25700 0.15000 -0.41259
v 0.24100 0.16400 -0.20600
v 0.25900 0.16400 -0.18300
v 0.25850 0.16400 0.18200
v 0.25350 0.14994 0.41422
v 0.25655 0.13832 0.45361
v 0.25167 0.17667 -0.37533
v 0.26100 0.18350 -0.32100
v 0.25233 0.18200 -0.29200
v 0.25650 0.17750 -0.26350
v 0.25800 0.17667 0.25733
v 0.26033 0.18233 0.29133
v 0.25033 0.18267 0.33800
v 0.26900 0.17700 0.36300
v 0.24200 0.17200 0.39900
v 0.28425 -0.14500 -0.43613
v 0.29083 -0.14800 -0.41517
v 0.30086 -0.15114 -0.38100
v 0.29930 -0.15080 0.38190
v 0.29689 -0.14739 0.41489
v 0.28075 -0.14500 0.43775
v 0.28904 -0.12729 -0.43971
v 0.29856 -0.13194 -0.41613
v 0.30650 -0.14300 -0.38050
v 0.30100 -0.14300 0.38450
v 0.29806 -0.13119 0.41631
v 0.28760 -0.12700 0.44024
v 0.29389 -0.07913 -0.45070
v 0.29170 -0.07706 -0.41145
v 0.29257 -0.07714 0.41036
v 0.29087 -0.07862 0.45220
v 0.27675 -0.03175 -0.46925
v 0.29558 -0.04355 -0.45562
v 0.29475 -0.04083 -0.41504
v 0.29579 -0.04083 0.41379
v 0.29517 -0.04274 0.45547
v 0.27800 -0.01925 -0.46925
v 0.29702 -0.01618 -0.45636
v 0.29374 -0.02000 -0.41763
v 0.29445 -0.01900 0.41660
v 0.29606 -0.01730 0.45728
v 0.27600 0.00000 0.47100
v 0.27736 0.02555 -0.46927
v 0.29716 0.03191 -0.45600
v 0.29428 0.03067 -0.41650
v 0.29522 0.03067 0.41528
v 0.29589 0.03112 0.45635
v 0.29344 0.07651 -0.45164
v 0.29200 0.07600 -0.41149
v 0.29337 0.07588 0.41009
v 0.29171 0.07635 0.45226
v 0.29287 0.11753 -0.44040
v 0.29420 0.11500 -0.40800
v 0.29833 0.11500 0.41017
v 0.28937 0.11738 0.44231
v 0.28706 0.13569 -0.43800
v 0.29416 0.14320 -0.41576
v 0.30230 0.15100 -0.38030
v 0.27400 0.16400 -0.15900
v 0.28700 0.16400 -0.13300
v 0.30250 0.16400 -0.09300
v 0.31200 0.16400 -0.05100
v 0.31000 0.16400 0.06400
v 0.30300 0.16400 0.09200
v 0.28700 0.16400 0.13200
v 0.29854 0.15077 0.38269
v 0.29768 0.14268 0.41455
v 0.28385 0.13635 0.43945
v 0.29500 0.17200 -0.36300
v 0.28000 0.17900 -0.34500
v 0.29367 0.18267 -0.30167
v 0.29150 0.18050 -0.24925
v 0.30000 0.17750 -0.21250
v 0.31100 0.17500 -0.18100
v 0.30300 0.17500 0.19300
v 0.29000 0.17750 0.22500
v 0.29700 0.18300 0.25350
v 0.29333 0.18333 0.29300
v 0.30033 0.17667 0.33667
v 0.27800 0.17200 0.37500
v 0.32767 -0.14600 -0.40167
v 0.32664 -0.14964 -0.36791
v 0.34267 -0.15100 -0.34417
v 0.34129 -0.15114 0.34486
v 0.33487 -0.14881 0.37456
v 0.32830 -0.14500 0.40350
v 0.33175 -0.13006 -0.40713
v 0.33156 -0.12433 -0.36544
v 0.34000 -0.14300 -0.35100
v 0.35000 -0.13367 0.34367
v 0.33775 -0.13400 0.37806
v 0.32859 -0.12815 0.41000
v 0.31716 -0.07647 -0.43537
v 0.33704 -0.07937 -0.41548
v 0.33452 -0.07733 -0.37748
v 0.33647 -0.07733 0.37517
v 0.33425 -0.07873 0.41523
v 0.31800 -0.07778 0.43394
v 0.32411 -0.04307 -0.43607
v 0.33766 -0.04211 -0.41566
v 0.33919 -0.04119 -0.37950
v 0.33580 -0.04160 0.38185
v 0.33932 -0.04440 0.41805
v 0.32372 -0.04172 0.43593
v 0.32540 -0.01636 -0.43748
v 0.33678 -0.01797 -0.41500
v 0.34186 -0.01679 -0.37943
v 0.33557 -0.02071 0.38429
v 0.34034 -0.01638 0.41634
v 0.32588 -0.01560 0.43664
v 0.32472 0.03073 -0.43708
v 0.33793 0.03134 -0.41518
v 0.34000 0.03192 -0.37992
v 0.33604 0.03093 0.38300
v 0.34010 0.03134 0.41666
v 0.32533 0.03198 0.43583
v 0.31816 0.07396 -0.43524
v 0.33649 0.07719 -0.41542
v 0.33483 0.07676 -0.37738
v 0.33621 0.07612 0.37574
v 0.33538 0.07611 0.41608
v 0.31827 0.07573 0.43432
v 0.33225 0.11738 -0.41150
v 0.33317 0.11500 -0.36750
v 0.35000 0.11500 0.35100
v 0.33120 0.11800 0.37660
v 0.32921 0.11700 0.41363
v 0.33086 0.13794 -0.40363
v 0.32562 0.14808 -0.36477
v 0.34162 0.15188 -0.34525
v 0.31600 0.16400 -0.02200
v 0.31500 0.16400 0.02100
v 0.34400 0.15100 0.34240
v 0.33426 0.14609 0.37343
v 0.32747 0.13630 0.40767
v 0.32100 0.17450 -0.32950
v 0.33167 0.18033 -0.28333
v 0.33750 0.18350 -0.23900
v 0.32850 0.18300 -0.21100
v 0.33300 0.18000 -0.17300
v 0.33250 0.17500 -0.13600
v 0.34800 0.17500 -0.09000
v 0.34400 0.17500 0.10400
v 0.34000 0.17750 0.13800
v 0.33300 0.17933 0.17200
v 0.32933 0.18233 0.21033
v 0.33200 0.18267 0.25767
v 0.32300 0.17900 0.30350
v 0.34000 0.17200 0.32000
v 0.36265 -0.14606 -0.37029
v 0.37179 -0.14979 -0.33214
v 0.38110 -0.15080 -0.30060
v 0.38100 -0.15110 0.30040
v 0.37053 -0.14882 0.33759
v 0.36577 -0.14500 0.36962
v 0.35633 -0.11500 -0.39200
v 0.37075 -0.12950 -0.37208
v 0.37515 -0.13315 -0.33615
v 0.38350 -0.14300 -0.30200
v 0.37900 -0.14300 0.30700
v 0.37075 -0.12462 0.33125
v 0.37172 -0.12897 0.37081
v 0.36261 -0.07704 -0.39804
v 0.37528 -0.07933 -0.37426
v 0.37500 -0.07742 -0.33704
v 0.37597 -0.07748 0.33548
v 0.37751 -0.07973 0.37724
v 0.35824 -0.07952 0.40083
v 0.36500 -0.04447 -0.40213
v 0.37431 -0.04300 -0.37486
v 0.38000 -0.04262 -0.33838
v 0.37825 -0.04280 0.33970
v 0.37567 -0.04362 0.37860
v 0.36463 -0.04300 0.40203
v 0.36640 -0.01663 -0.40371
v 0.37427 -0.01958 -0.37412
v 0.38150 -0.02000 -0.33925
v 0.37829 -0.02000 0.34250
v 0.37311 -0.01646 0.37654
v 0.36659 -0.01759 0.40303
v 0.36561 0.03123 -0.40326
v 0.37364 0.03084 -0.37472
v 0.38082 0.03023 -0.33918
v 0.37711 0.03136 0.34268
v 0.37486 0.03186 0.37820
v 0.36612 0.03116 0.40227
v 0.36273 0.07438 -0.39865
v 0.37556 0.07700 -0.37436
v 0.37557 0.07589 -0.33686
v 0.37670 0.07624 0.33500
v 0.37702 0.07717 0.37740
v 0.35911 0.07646 0.40094
v 0.35633 0.11500 -0.39200
v 0.37489 0.11779 -0.37284
v 0.37225 0.11500 -0.32775
v 0.36940 0.11500 0.33080
v 0.37347 0.11779 0.37363
v 0.35500 0.09300 0.39700
v 0.36581 0.13794 -0.37206
v 0.37283 0.14648 -0.33383
v 0.38150 0.14950 -0.30083
v 0.38069 0.15100 0.30100
v 0.36933 0.14733 0.33544
v 0.37020 0.13600 0.36923
v 0.35500 0.17200 -0.30400
v 0.36867 0.17667 -0.26100
v 0.36400 0.18267 -0.21133
v 0.36833 0.18333 -0.17100
v 0.36800 0.18233 -0.13167
v 0.37100 0.18150 -0.09550
v 0.37033 0.17933 -0.06033
v 0.37433 0.17933 -0.02600
v 0.36400 0.17667 0.01867
v 0.37260 0.18020 0.06280
v 0.37400 0.18233 0.11367
v 0.36950 0.18350 0.15000
v 0.37433 0.18333 0.17933
v 0.36900 0.18167 0.22000
v 0.38000 0.17700 0.24300
v 0.36300 0.17450 0.28150
v 0.40100 -0.14508 -0.33031
v 0.41294 -0.14818 -0.29212
v 0.41625 -0.15100 -0.24967
v 0.42850 -0.15200 -0.22700
v 0.42550 -0.15200 0.23300
v 0.41377 -0.15108 0.25654
v 0.41133 -0.14760 0.29967
v 0.40408 -0.14508 0.32558
v 0.39100 -0.11500 -0.35800
v 0.40888 -0.12939 -0.32967
v 0.41285 -0.13008 -0.29854
v 0.41617 -0.13367 -0.26000
v 0.42750 -0.14300 0.23450
v 0.41400 -0.13367 0.26300
v 0.41650 -0.13072 0.30039
v 0.40617 -0.13017 0.33229
v 0.39133 -0.11500 0.35667
v 0.39996 -0.07796 -0.36019
v 0.41358 -0.07876 -0.33444
v 0.41021 -0.07697 -0.29321
v 0.42480 -0.08080 -0.27060
v 0.42578 -0.07867 0.26867
v 0.40764 -0.07673 0.29609
v 0.41687 -0.07994 0.33894
v 0.39695 -0.07586 0.36357
v 0.40082 -0.04292 -0.36656
v 0.41507 -0.04393 -0.33976
v 0.41360 -0.04180 -0.29624
v 0.42800 -0.06500 -0.27100
v 0.42867 -0.05567 0.27133
v 0.41375 -0.04083 0.29562
v 0.41574 -0.04235 0.33893
v 0.40105 -0.04270 0.36565
v 0.40290 -0.01582 -0.36717
v 0.41392 -0.01850 -0.33800
v 0.41580 -0.01900 -0.29590
v 0.41700 -0.01900 0.29380
v 0.41460 -0.01697 0.33797
v 0.40184 -0.01732 0.36777
v 0.40175 0.03036 -0.36727
v 0.41367 0.03230 -0.33959
v 0.41453 0.03067 -0.29672
v 0.42850 0.05100 0.27300
v 0.41522 0.03067 0.29519
v 0.41479 0.03168 0.33782
v 0.40162 0.03024 0.36684
v 0.40014 0.07534 -0.36080
v 0.41496 0.07622 -0.33519
v 0.41035 0.07553 -0.29344
v 0.42533 0.07850 -0.27067
v 0.42610 0.07750 0.26860
v 0.40795 0.07578 0.29603
v 0.41677 0.07793 0.33982
v 0.39757 0.07297 0.36377
v 0.39100 0.12250 -0.35500
v 0.41200 0.11724 -0.33165
v 0.40560 0.11500 -0.29680
v 0.41950 0.11500 -0.26500
v 0.42050 0.11500 0.26350
v 0.41300 0.11714 0.29857
v 0.41059 0.11724 0.33294
v 0.39133 0.11500 0.35667
v 0.40529 0.13680 -0.32997
v 0.41181 0.14524 -0.29186
v 0.41576 0.15000 -0.25106
v 0.42850 0.15200 -0.22700
v 0.42680 0.15120 0.23120
v 0.41267 0.15006 0.25806
v 0.41480 0.14096 0.30100
v 0.40381 0.13678 0.33128
v 0.40400 0.17200 -0.23400
v 0.40750 0.17450 -0.21100
v 0.40300 0.17900 -0.18650
v 0.41033 0.18033 -0.14667
v 0.40767 0.18267 -0.10500
v 0.40800 0.18350 -0.06600
v 0.41250 0.18350 -0.02850
v 0.40600 0.18333 0.00867
v 0.41050 0.18350 0.04650
v 0.41200 0.18267 0.08500
v 0.40900 0.18200 0.12450
v 0.41100 0.17900 0.16700
v 0.40800 0.17450 0.21050
v 0.39300 0.17200 0.25100
v 0.43771 -0.14500 -0.28100
v 0.45159 -0.14606 -0.25388
v 0.44959 -0.14947 -0.21312
v 0.45400 -0.15100 -0.17125
v 0.46514 -0.15114 -0.13829
v 0.46350 -0.15125 0.14287
v 0.45142 -0.15100 0.17733
v 0.44672 -0.14928 0.22194
v 0.45262 -0.14531 0.25387
v 0.43433 -0.14556 0.28233
v 0.43986 -0.12996 -0.28693
v 0.45744 -0.13085 -0.25193
v 0.44400 -0.13056 -0.21956
v 0.45862 -0.12900 -0.17713
v 0.46500 -0.14300 -0.14800
v 0.46250 -0.14300 0.15400
v 0.45643 -0.13100 0.18171
v 0.44383 -0.12433 0.21450
v 0.45531 -0.13072 0.25616
v 0.43921 -0.12953 0.28753
v 0.43312 -0.07876 -0.31924
v 0.45072 -0.07875 -0.29332
v 0.44706 -0.07774 -0.25768
v 0.45557 -0.07714 -0.21593
v 0.46633 -0.07933 -0.19067
v 0.46587 -0.07950 0.19125
v 0.45456 -0.07700 0.21707
v 0.45124 -0.07819 0.26081
v 0.44774 -0.08009 0.29685
v 0.43425 -0.07492 0.31833
v 0.43541 -0.04014 -0.32528
v 0.45361 -0.04335 -0.29616
v 0.44526 -0.04230 -0.25563
v 0.46010 -0.04115 -0.21710
v 0.46800 -0.06500 -0.19200
v 0.45867 -0.04205 0.21933
v 0.44123 -0.03991 0.25618
v 0.45594 -0.04384 0.29403
v 0.43504 -0.04273 0.32469
v 0.43700 -0.01653 -0.32583
v 0.45607 -0.01700 -0.29534
v 0.44300 -0.01900 -0.25325
v 0.46086 -0.02036 -0.21886
v 0.46047 -0.01933 0.21920
v 0.44175 -0.01900 0.25510
v 0.45624 -0.01874 0.29724
v 0.43733 -0.01593 0.32493
v 0.43606 0.03063 -0.32575
v 0.45459 0.03169 -0.29576
v 0.44268 0.03068 -0.25416
v 0.46097 0.03159 -0.21717
v 0.45934 0.03162 0.22014
v 0.44076 0.02947 0.25574
v 0.45657 0.03174 0.29515
v 0.43610 0.02959 0.32538
v 0.43357 0.07643 -0.31952
v 0.45117 0.07601 -0.29369
v 0.44787 0.07569 -0.25751
v 0.45561 0.07626 -0.21623
v 0.46657 0.07771 -0.19086
v 0.46587 0.07988 0.19125
v 0.45481 0.07577 0.21710
v 0.45059 0.07724 0.26066
v 0.44890 0.07688 0.29636
v 0.43421 0.07153 0.31947
v 0.44160 0.11753 -0.29073
v 0.45492 0.11567 -0.25942
v 0.44625 0.11500 -0.21675
v 0.46350 0.11500 -0.17550
v 0.46300 0.11500 0.17733
v 0.44675 0.11500 0.21425
v 0.45615 0.11962 0.25546
v 0.44100 0.11709 0.29118
v 0.43804 0.13642 -0.28600
v 0.45552 0.13848 -0.25348
v 0.44677 0.14832 -0.21382
v 0.45394 0.15000 -0.17247
v 0.46530 0.15100 -0.13840
v 0.46309 0.15109 0.14464
v 0.45112 0.15000 0.17941
v 0.44356 0.14828 0.22044
v 0.45506 0.13669 0.25616
v 0.43635 0.13735 0.28595
v 0.44000 0.17200 -0.15700
v 0.44450 0.17450 -0.11450
v 0.44567 0.17667 -0.07233
v 0.45033 0.17667 -0.03100
v 0.45133 0.17667 0.00967
v 0.44867 0.17667 0.05100
v 0.44950 0.17450 0.09300
v 0.43950 0.17450 0.13350
v 0.43200 0.17200 0.17600
v 0.47445 -0.14500 -0.21318
v 0.48840 -0.14590 -0.17350
v 0.49533 -0.14700 -0.13100
v 0.48806 -0.14971 -0.09700
v 0.48142 -0.15100 -0.05842
v 0.48709 -0.15091 -0.02009
v 0.48458 -0.15100 0.02133
v 0.48542 -0.15117 0.06108
v 0.48806 -0.14939 0.10167
v 0.49248 -0.14690 0.13829
v 0.48406 -0.14613 0.18275
v 0.47571 -0.14500 0.20971
v 0.47060 -0.11880 -0.24040
v 0.48062 -0.12679 -0.21354
v 0.49400 -0.13013 -0.17747
v 0.49708 -0.13117 -0.13908
v 0.48300 -0.12900 -0.09250
v 0.48767 -0.13367 -0.05317
v 0.49283 -0.12433 -0.02183
v 0.49150 -0.12900 0.01750
v 0.48787 -0.12900 0.06175
v 0.48000 -0.13367 0.10033
v 0.49719 -0.13233 0.14026
v 0.49386 -0.12669 0.17690
v 0.47981 -0.13000 0.21233
v 0.47200 -0.11500 0.23975
v 0.47754 -0.07887 -0.24743
v 0.49303 -0.07959 -0.21432
v 0.49141 -0.07839 -0.17949
v 0.48541 -0.07759 -0.13523
v 0.49427 -0.07727 -0.09804
v 0.50059 -0.07655 -0.05945
v 0.50361 -0.07714 -0.01914
v 0.50345 -0.07780 0.01965
v 0.50043 -0.07714 0.05850
v 0.49432 -0.07655 0.09855
v 0.48464 -0.07714 0.13779
v 0.49071 -0.07908 0.17911
v 0.49233 -0.07864 0.21573
v 0.47534 -0.07823 0.25137
v 0.48002 -0.04425 -0.25349
v 0.49764 -0.04285 -0.21500
v 0.48430 -0.04310 -0.17937
v 0.48985 -0.04230 -0.13630
v 0.49943 -0.04039 -0.09648
v 0.50535 -0.03971 -0.05924
v 0.50691 -0.05073 -0.02627
v 0.50637 -0.05800 0.02262
v 0.50486 -0.04038 0.06114
v 0.49911 -0.03979 0.09816
v 0.48933 -0.04083 0.13833
v 0.48228 -0.04572 0.18056
v 0.49616 -0.04384 0.21544
v 0.47878 -0.04446 0.25506
v 0.48116 -0.01616 -0.25566
v 0.49754 -0.01595 -0.21378
v 0.48050 -0.02030 -0.17630
v 0.49107 -0.01933 -0.13873
v 0.50045 -0.01900 -0.09925
v 0.50680 -0.01867 -0.05927
v 0.50619 -0.02094 0.06275
v 0.50029 -0.01800 0.10018
v 0.49106 -0.02124 0.13835
v 0.47924 -0.01818 0.17465
v 0.49610 -0.01645 0.21647
v 0.48016 -0.01707 0.25724
v 0.46900 -0.01500 0.27800
v 0.48065 0.03106 -0.25491
v 0.49778 0.03166 -0.21550
v 0.48140 0.03120 -0.17728
v 0.49093 0.03143 -0.13650
v 0.50017 0.03009 -0.09760
v 0.50619 0.03063 -0.05896
v 0.50771 0.04257 -0.02671
v 0.50725 0.05100 0.02550
v 0.50590 0.02990 0.06081
v 0.49983 0.03113 0.09877
v 0.49003 0.03100 0.13940
v 0.48016 0.03244 0.17931
v 0.49624 0.03072 0.21542
v 0.47995 0.03195 0.25551
v 0.46900 0.02250 0.27800
v 0.47788 0.07610 -0.24800
v 0.49391 0.07669 -0.21384
v 0.49150 0.07660 -0.18033
v 0.48562 0.07596 -0.13558
v 0.49467 0.07597 -0.09740
v 0.50075 0.07588 -0.05946
v 0.50384 0.07594 -0.01994
v 0.50379 0.07600 0.01967
v 0.50056 0.07594 0.05934
v 0.49446 0.07588 0.09858
v 0.48506 0.07594 0.13706
v 0.49096 0.07704 0.17966
v 0.49299 0.07558 0.21586
v 0.47564 0.07496 0.25229
v 0.47050 0.12000 -0.24000
v 0.48407 0.11557 -0.21371
v 0.49760 0.11753 -0.17873
v 0.49460 0.11800 -0.14440
v 0.48750 0.11500 -0.09000
v 0.49300 0.11500 -0.05700
v 0.49550 0.11500 -0.02325
v 0.49550 0.11500 0.02100
v 0.49150 0.11500 0.06550
v 0.48600 0.11500 0.09850
v 0.49460 0.11950 0.14200
v 0.49612 0.11688 0.17700
v 0.48350 0.11771 0.21300
v 0.47220 0.11060 0.24080
v 0.46950 0.13100 -0.23550
v 0.47750 0.13595 -0.21359
v 0.49133 0.13782 -0.17467
v 0.49781 0.14061 -0.13297
v 0.48267 0.14878 -0.09389
v 0.48194 0.15000 -0.05782
v 0.48671 0.15079 -0.02086
v 0.48506 0.15000 0.01894
v 0.48476 0.15000 0.05994
v 0.48220 0.14940 0.09940
v 0.49617 0.14028 0.13833
v 0.48887 0.13863 0.17990
v 0.47700 0.13617 0.21410
v 0.51144 -0.14489 -0.09133
v 0.51683 -0.14500 -0.05750
v 0.51723 -0.14585 -0.02562
v 0.51739 -0.14600 0.02061
v 0.51521 -0.14536 0.06014
v 0.51114 -0.14500 0.09500
v 0.51250 -0.11992 -0.12750
v 0.51640 -0.12896 -0.09536
v 0.52208 -0.12796 -0.05979
v 0.52415 -0.13085 -0.01877
v 0.52381 -0.13145 0.02416
v 0.52173 -0.12914 0.05909
v 0.51597 -0.12852 0.09774
v 0.51133 -0.12200 0.12800
v 0.51183 -0.07850 -0.16517
v 0.52057 -0.07914 -0.13467
v 0.52832 -0.07903 -0.09938
v 0.53436 -0.07898 -0.05910
v 0.53725 -0.07875 -0.01735
v 0.53718 -0.07912 0.02045
v 0.53450 -0.07880 0.05736
v 0.52773 -0.07911 0.10170
v 0.51862 -0.07922 0.14092
v 0.51186 -0.07814 0.16505
v 0.51460 -0.04016 -0.17380
v 0.52534 -0.04464 -0.13568
v 0.53389 -0.04333 -0.09743
v 0.53962 -0.04346 -0.05756
v 0.53425 -0.04023 -0.01808
v 0.53434 -0.04024 0.02204
v 0.53936 -0.04345 0.05943
v 0.53380 -0.04408 0.09635
v 0.52447 -0.04309 0.13900
v 0.51372 -0.04247 0.17530
v 0.50950 0.00000 -0.19600
v 0.51682 -0.01718 -0.17231
v 0.52824 -0.01648 -0.13342
v 0.53576 -0.01781 -0.09841
v 0.54067 -0.01560 -0.05956
v 0.53326 -0.01700 -0.01716
v 0.53515 -0.01774 0.02287
v 0.53881 -0.01497 0.05767
v 0.53608 -0.01764 0.09622
v 0.52664 -0.01711 0.13882
v 0.51459 -0.01546 0.17857
v 0.51555 0.03030 -0.17375
v 0.52660 0.03323 -0.13542
v 0.53509 0.03089 -0.09749
v 0.54074 0.03079 -0.05859
v 0.53275 0.02940 -0.01759
v 0.53385 0.03027 0.02221
v 0.53995 0.03166 0.05934
v 0.53517 0.03095 0.09641
v 0.52563 0.03103 0.13935
v 0.51405 0.03193 0.17722
v 0.51209 0.07544 -0.16644
v 0.52112 0.07663 -0.13477
v 0.52891 0.07626 -0.09953
v 0.53495 0.07625 -0.05875
v 0.53773 0.07665 -0.01702
v 0.53773 0.07640 0.02117
v 0.53513 0.07600 0.05741
v 0.52851 0.07632 0.10067
v 0.51955 0.07563 0.14029
v 0.51204 0.07548 0.16626
v 0.51308 0.11562 -0.12923
v 0.52021 0.11771 -0.09257
v 0.52517 0.11750 -0.06075
v 0.52785 0.11792 -0.02069
v 0.52793 0.11771 0.02300
v 0.52600 0.11573 0.05691
v 0.51922 0.11711 0.09833
v 0.51162 0.11413 0.13487
v 0.50950 0.13100 -0.12500
v 0.51394 0.13642 -0.09477
v 0.51970 0.13652 -0.05652
v 0.52100 0.13830 -0.02170
v 0.52097 0.13794 0.01831
v 0.51804 0.13739 0.06209
v 0.51384 0.13656 0.09656
v 0.51050 0.13100 0.12025
usemtl m022
f 319 309 310
f 319 310 320
f 301 310 300
f 300 310 309
f 300 293 294
f 300 294 301
f 319 417 403
f 319 403 309
f 309 403 404
f 309 404 310
f 320 418 319
f 310 404 418
f 310 418 320
f 300 389 376
f 300 376 293
f 310 404 403
f 310 403 309
f 294 377 301
f 293 376 377
f 293 377 294
f 309 403 389
f 309 389 300
f 301 390 404
f 301 404 310
f 294 377 390
f 294 390 301
f 319 416 318
f 318 416 417
f 318 417 319
f 309 403 417
f 309 417 319
f 300 389 403
f 300 403 309
f 293 376 389
f 293 389 300
f 339 350 349
f 350 339 340
f 358 359 367
f 358 367 366
f 350 359 358
f 349 350 358
f 328 329 339
f 328 339 338
f 349 350 460
f 349 460 459
f 339 349 459
f 339 459 445
f 340 339 446
f 350 340 446
f 350 446 460
f 350 349 459
f 350 459 460
f 366 367 487
f 366 487 486
f 358 366 486
f 358 486 473
f 349 358 473
f 349 473 459
f 359 350 460
f 359 460 474
f 367 359 474
f 367 474 487
f 338 339 445
f 338 445 444
f 349 339 445
f 349 445 459
f 358 349 459
f 358 459 473
f 366 358 473
f 366 473 486
f 339 329 330
f 320 310 311
f 320 311 321
f 302 311 310
f 302 310 301
f 301 294 295
f 301 295 302
f 320 418 404
f 320 404 310
f 310 404 405
f 310 405 311
f 321 419 320
f 311 405 419
f 311 419 321
f 302 390 377
f 302 377 295
f 311 405 404
f 311 404 310
f 295 378 302
f 295 377 378
f 301 390 302
f 310 404 390
f 310 390 301
f 302 391 405
f 302 405 311
f 295 378 391
f 295 391 302
f 301 390 377
f 294 377 295
f 295 377 390
f 295 390 302
f 340 341 351
f 340 351 350
f 359 360 368
f 350 351 360
f 350 360 359
f 330 340 339
f 368 367 359
f 350 351 461
f 350 461 460
f 341 340 447
f 340 350 460
f 340 460 446
f 351 341 447
f 351 447 461
f 351 350 460
f 351 460 461
f 368 488 487
f 359 368 487
f 359 487 474
f 350 359 474
f 350 474 460
f 360 351 461
f 360 461 475
f 368 360 475
f 368 475 488
f 367 368 487
f 359 367 487
f 368 359 474
f 368 474 487
f 341 340 330
f 341 330 331
f 321 311 312
f 321 312 322
f 311 302 303
f 311 303 312
f 302 295 296
f 302 296 303
f 296 379 303
f 322 420 406
f 322 406 312
f 322 419 321
f 322 420 419
f 312 406 420
f 312 420 322
f 332 432 433
f 331 432 332
f 303 392 379
f 303 391 392
f 312 406 391
f 312 391 303
f 303 392 406
f 303 406 312
f 321 419 405
f 321 405 311
f 311 405 406
f 311 406 312
f 302 391 378
f 295 378 379
f 295 379 296
f 312 405 406
f 312 405 311
f 311 405 391
f 311 391 302
f 303 391 405
f 303 405 312
f 296 379 392
f 296 392 303
f 341 331 332
f 341 332 342
f 352 351 341
f 361 360 351
f 361 351 352
f 369 368 360
f 369 360 361
f 342 341 447
f 342 447 448
f 342 352 462
f 342 462 447
f 352 342 448
f 352 448 462
f 332 433 448
f 332 448 342
f 361 369 489
f 361 489 475
f 352 361 475
f 352 475 462
f 361 352 462
f 361 462 476
f 369 361 476
f 369 476 489
f 351 352 462
f 351 462 461
f 341 351 461
f 341 461 447
f 352 341 447
f 352 447 462
f 331 432 447
f 331 447 341
f 368 369 489
f 368 489 488
f 352 462 461
f 352 351 461
f 360 368 488
f 360 488 475
f 351 360 475
f 351 475 461
f 361 352 461
f 361 461 475
f 369 361 475
f 369 475 489
f 341 447 432
f 341 432 331
f 313 304 393
f 322 312 313
f 322 313 323
f 304 313 303
f 304 380 393
f 303 313 312
f 303 296 380
f 303 380 304
f 296 379 380
f 323 421 407
f 323 407 313
f 323 421 420
f 313 407 421
f 313 421 323
f 333 433 434
f 393 498 380
f 313 407 393
f 380 498 508
f 380 508 393
f 313 406 407
f 312 406 313
f 323 420 322
f 332 433 333
f 380 379 498
f 380 379 393
f 312 406 392
f 312 392 303
f 304 393 407
f 304 407 313
f 362 477 490
f 477 362 353
f 342 353 352
f 353 342 343
f 361 362 370
f 361 370 369
f 353 362 361
f 490 370 362
f 352 353 361
f 490 369 370
f 343 448 449
f 343 353 463
f 343 463 449
f 353 343 449
f 353 449 463
f 333 434 449
f 333 449 343
f 353 477 463
f 490 477 571
f 353 463 462
f 352 353 462
f 343 342 448
f 342 462 448
f 332 448 343
f 490 571 489
f 369 490 489
f 361 489 476
f 352 361 476
f 352 476 462
f 362 353 463
f 362 463 477
f 332 343 342
f 343 448 433
f 343 433 333
f 342 448 433
f 342 433 332
f 324 314 408
f 324 408 422
f 422 408 409
f 422 409 423
f 324 422 423
f 408 394 409
f 394 381 382
f 394 382 395
f 314 394 408
f 394 314 313
f 394 313 393
f 394 380 381
f 408 518 409
f 409 518 422
f 394 509 499
f 394 499 381
f 381 499 382
f 408 509 394
f 394 509 518
f 394 518 409
f 395 509 394
f 382 499 509
f 382 509 395
f 324 421 407
f 324 407 314
f 314 407 408
f 324 421 323
f 324 422 421
f 314 408 422
f 314 422 324
f 333 434 334
f 394 508 498
f 394 498 380
f 381 498 499
f 381 498 394
f 380 498 381
f 393 508 394
f 314 407 313
f 381 499 509
f 381 509 394
f 434 435 334
f 344 464 354
f 465 464 344
f 465 344 451
f 478 464 465
f 492 491 478
f 343 344 354
f 343 333 334
f 343 334 344
f 477 478 491
f 478 354 464
f 353 354 478
f 353 478 477
f 464 465 553
f 344 464 450
f 451 344 450
f 465 451 450
f 465 450 464
f 334 435 450
f 334 450 344
f 491 492 572
f 478 491 572
f 478 572 562
f 464 478 562
f 478 465 553
f 478 553 562
f 492 478 562
f 492 562 572
f 354 464 463
f 344 343 449
f 343 354 463
f 344 449 450
f 354 344 450
f 354 450 464
f 334 434 449
f 334 449 344
f 491 572 571
f 477 491 571
f 354 353 463
f 491 478 562
f 491 562 572
f 344 450 434
f 344 434 334
f 343 449 434
f 343 434 333
f 423 409 410
f 423 410 424
f 409 395 396
f 409 396 410
f 395 382 500
f 395 500 510
f 510 500 501
f 510 501 511
f 395 510 511
f 395 511 396
f 423 528 519
f 423 519 409
f 409 519 410
f 424 528 423
f 410 519 528
f 410 528 424
f 536 437 436
f 500 589 501
f 409 519 510
f 409 510 395
f 396 510 519
f 396 519 410
f 511 510 396
f 501 589 510
f 423 527 518
f 423 518 409
f 409 518 519
f 423 528 422
f 423 422 527
f 409 519 528
f 409 528 423
f 334 435 436
f 395 509 499
f 395 499 382
f 395 499 500
f 409 518 509
f 409 509 395
f 395 510 519
f 395 519 409
f 382 500 510
f 382 510 395
f 451 466 465
f 466 451 452
f 480 479 465
f 480 465 466
f 573 492 479
f 574 573 492
f 574 492 479
f 574 479 480
f 334 436 451
f 334 451 344
f 465 466 554
f 451 465 554
f 451 554 544
f 452 451 544
f 466 452 544
f 466 544 554
f 437 536 544
f 437 544 451
f 573 574 651
f 479 573 563
f 465 479 563
f 465 563 554
f 480 466 554
f 480 554 563
f 574 480 563
f 574 563 573
f 465 554 553
f 451 450 544
f 451 465 553
f 451 553 450
f 465 451 544
f 465 544 554
f 492 573 572
f 479 492 572
f 479 572 562
f 465 479 562
f 465 562 553
f 479 465 554
f 479 554 563
f 492 479 563
f 492 563 573
f 451 436 437
f 451 544 436
f 344 450 435
f 344 435 334
f 424 529 530
f 529 520 521
f 529 521 530
f 521 511 512
f 512 511 501
f 511 521 520
f 512 501 502
f 424 410 520
f 410 511 520
f 511 410 396
f 520 529 424
f 521 520 606
f 530 614 529
f 521 606 614
f 521 614 530
f 437 537 538
f 511 598 590
f 511 590 501
f 501 590 502
f 512 598 606
f 512 606 521
f 502 590 598
f 502 598 512
f 424 528 519
f 424 519 410
f 410 519 520
f 424 529 528
f 437 536 537
f 511 510 589
f 511 589 501
f 511 589 590
f 410 519 510
f 410 510 396
f 501 590 598
f 501 598 511
f 546 545 452
f 452 545 556
f 452 556 555
f 546 556 545
f 565 564 556
f 574 564 565
f 575 574 565
f 564 575 565
f 555 556 564
f 480 564 574
f 564 466 555
f 466 564 480
f 466 452 555
f 556 635 555
f 452 555 545
f 556 545 635
f 538 537 545
f 538 545 546
f 574 575 652
f 564 574 652
f 565 556 635
f 565 635 643
f 575 565 643
f 575 643 652
f 466 555 554
f 452 544 545
f 452 466 554
f 452 554 544
f 437 537 545
f 437 545 452
f 574 652 651
f 480 574 573
f 480 573 563
f 466 480 563
f 466 563 554
f 546 452 437
f 546 437 538
f 452 545 537
f 452 537 437
f 452 544 536
f 452 536 437
f 530 521 522
f 530 522 531
f 531 522 608
f 531 608 616
f 522 599 600
f 522 600 608
f 599 522 521
f 599 521 512
f 599 591 592
f 599 592 600
f 512 591 599
f 530 615 607
f 530 607 521
f 522 607 608
f 521 607 522
f 531 615 530
f 616 615 531
f 608 607 615
f 608 615 616
f 538 621 539
f 591 672 592
f 591 672 599
f 521 607 599
f 600 599 607
f 600 607 608
f 600 679 599
f 592 672 679
f 592 679 600
f 530 614 606
f 530 606 521
f 521 606 607
f 530 615 529
f 521 607 615
f 521 615 530
f 538 537 621
f 512 598 590
f 512 590 502
f 512 590 599
f 599 590 591
f 521 606 598
f 521 598 512
f 512 599 607
f 512 607 521
f 546 547 557
f 546 557 556
f 637 557 547
f 565 644 653
f 645 644 557
f 645 557 637
f 653 644 645
f 654 653 645
f 644 654 645
f 556 557 644
f 556 644 565
f 653 575 565
f 557 637 636
f 556 557 636
f 547 546 628
f 546 556 636
f 546 636 628
f 637 547 628
f 637 628 636
f 539 621 628
f 539 628 547
f 653 654 721
f 556 644 636
f 645 637 636
f 645 636 644
f 654 644 721
f 556 636 635
f 546 545 628
f 546 556 635
f 546 635 545
f 556 546 628
f 556 628 636
f 538 621 628
f 538 628 546
f 575 653 652
f 565 575 652
f 565 652 643
f 556 565 643
f 556 643 635
f 565 556 636
f 565 636 644
f 547 546 538
f 547 538 539
f 546 628 621
f 546 621 538
f 546 545 537
f 546 537 538
f 616 608 609
f 616 609 617
f 609 600 601
f 600 609 608
f 600 592 673
f 600 673 680
f 680 673 674
f 680 674 681
f 600 680 681
f 600 681 601
f 601 681 609
f 616 691 685
f 616 685 608
f 608 685 609
f 617 691 616
f 609 685 691
f 609 691 617
f 622 697 623
f 608 685 680
f 608 680 600
f 681 680 685
f 681 685 609
f 616 615 607
f 616 607 608
f 608 685 691
f 608 691 616
f 539 621 622
f 600 679 672
f 600 672 592
f 592 672 673
f 608 607 599
f 608 599 600
f 600 680 685
f 600 685 608
f 592 673 680
f 592 680 600
f 629 630 638
f 629 638 637
f 646 645 638
f 722 645 715
f 722 654 645
f 637 638 645
f 723 722 645
f 723 645 646
f 547 629 637
f 646 638 716
f 723 646 716
f 637 638 709
f 630 629 703
f 629 637 709
f 638 630 703
f 638 703 709
f 623 697 703
f 623 703 630
f 637 645 715
f 637 715 709
f 716 638 709
f 716 709 715
f 723 716 715
f 723 715 722
f 629 547 628
f 547 637 636
f 547 636 628
f 654 722 721
f 645 654 721
f 645 721 644
f 637 645 644
f 637 644 636
f 645 637 709
f 645 709 715
f 654 645 715
f 654 715 722
f 630 629 622
f 630 622 623
f 622 629 547
f 622 547 539
f 547 628 621
f 547 621 539
f 692 686 693
f 693 686 687
f 686 681 687
f 681 674 744
f 681 744 750
f 617 609 686
f 617 686 692
f 681 686 609
f 686 755 687
f 692 691 617
f 693 761 692
f 687 755 761
f 687 761 693
f 698 767 699
f 681 749 743
f 681 743 674
f 674 743 744
f 686 749 681
f 681 750 755
f 681 755 687
f 617 691 685
f 617 685 609
f 609 685 686
f 681 680 673
f 681 673 674
f 674 673 743
f 609 685 680
f 609 680 681
f 674 743 749
f 674 749 681
f 697 698 623
f 704 711 710
f 711 704 705
f 630 623 698
f 630 698 704
f 716 710 711
f 794 723 716
f 630 710 638
f 710 630 704
f 638 710 716
f 710 711 779
f 704 630 703
f 705 704 773
f 711 705 773
f 711 773 779
f 699 767 704
f 699 704 705
f 723 794 793
f 716 723 793
f 716 793 785
f 710 716 785
f 716 711 779
f 716 779 786
f 794 716 786
f 638 710 709
f 630 638 709
f 630 709 703
f 723 793 722
f 716 723 722
f 716 722 715
f 638 716 715
f 638 715 709
f 723 716 785
f 723 785 793
f 705 704 698
f 705 698 699
f 630 704 697
f 630 697 623
f 630 703 697
f 751 745 815
f 751 815 821
f 693 687 756
f 693 756 762
f 751 681 750
f 751 756 687
f 751 687 681
f 750 744 745
f 750 745 751
f 762 761 755
f 762 755 756
f 762 761 693
f 756 825 829
f 756 829 762
f 699 767 768
f 751 820 814
f 751 814 745
f 745 814 815
f 751 750 820
f 756 755 750
f 756 750 751
f 751 821 825
f 751 825 756
f 815 814 820
f 815 820 821
f 693 761 755
f 693 755 687
f 687 755 756
f 756 755 761
f 756 761 762
f 745 744 751
f 751 744 814
f 687 755 750
f 687 750 681
f 751 750 755
f 751 755 756
f 745 814 820
f 745 820 751
f 705 699 768
f 705 768 774
f 859 795 787
f 780 711 705
f 780 705 774
f 716 787 795
f 711 780 787
f 711 787 716
f 774 705 773
f 774 780 779
f 774 779 773
f 780 774 838
f 780 838 842
f 795 859 858
f 787 795 858
f 787 858 786
f 780 787 786
f 780 786 779
f 787 780 842
f 787 842 846
f 859 787 846
f 859 846 858
f 711 780 779
f 705 711 779
f 705 779 773
f 780 774 773
f 780 773 779
f 699 767 773
f 699 773 705
f 795 858 794
f 716 795 794
f 711 716 786
f 711 786 779
f 787 780 779
f 787 779 786
f 795 787 786
f 795 786 858
f 705 773 767
f 705 767 699
f 822 816 876
f 822 876 881
f 763 756 757
f 763 757 826
f 763 826 830
f 826 821 822
f 821 826 757
f 821 757 756
f 821 756 751
f 821 815 816
f 821 816 822
f 816 815 822
f 830 829 825
f 830 825 826
f 826 825 886
f 830 829 763
f 830 892 829
f 826 886 892
f 826 892 830
f 769 834 835
f 822 880 875
f 822 875 816
f 816 875 876
f 822 821 880
f 826 825 821
f 822 880 886
f 822 886 826
f 881 880 822
f 876 875 880
f 876 880 881
f 763 829 825
f 763 825 756
f 757 825 826
f 763 829 762
f 756 825 757
f 826 825 829
f 826 829 830
f 768 834 769
f 821 814 815
f 756 825 821
f 822 821 825
f 822 825 826
f 815 875 880
f 815 880 822
f 775 769 835
f 775 835 839
f 774 775 781
f 843 781 775
f 843 775 839
f 768 769 775
f 768 775 774
f 847 846 843
f 781 843 846
f 780 781 846
f 780 846 787
f 860 859 846
f 860 846 847
f 843 907 842
f 839 775 838
f 839 843 842
f 839 842 838
f 843 839 838
f 843 838 907
f 835 834 838
f 835 838 839
f 860 923 922
f 847 860 922
f 847 922 846
f 843 846 842
f 847 843 907
f 847 907 913
f 860 847 913
f 860 913 922
f 781 780 842
f 781 843 842
f 775 774 838
f 774 781 842
f 774 842 838
f 843 838 842
f 769 834 838
f 769 838 775
f 859 860 922
f 780 846 842
f 847 843 842
f 847 842 846
f 860 846 922
f 775 838 834
f 775 834 769
f 888 881 882
f 881 888 887
f 881 876 937
f 881 937 942
f 881 942 882
f 830 826 887
f 830 887 894
f 830 894 893
f 881 887 826
f 881 826 822
f 894 887 888
f 887 893 894
f 888 887 946
f 894 950 893
f 888 946 950
f 888 950 894
f 835 897 898
f 881 941 936
f 881 936 876
f 876 936 937
f 881 936 937
f 882 942 946
f 882 946 888
f 830 892 886
f 830 886 826
f 830 893 829
f 826 886 887
f 835 834 897
f 881 880 875
f 881 875 876
f 876 875 936
f 826 886 880
f 826 880 822
f 881 880 887
f 876 936 880
f 839 835 898
f 839 898 903
f 915 914 909
f 908 909 914
f 975 923 976
f 976 923 914
f 976 914 915
f 908 843 909
f 909 843 839
f 909 839 902
f 847 914 923
f 843 908 914
f 843 914 847
f 903 909 902
f 839 903 902
f 976 915 975
f 909 902 908
f 909 962 908
f 909 902 962
f 898 897 902
f 898 902 903
f 923 975 974
f 914 923 974
f 915 909 962
f 915 962 966
f 975 915 966
f 839 838 902
f 843 908 907
f 839 843 907
f 839 907 901
f 839 901 838
f 835 897 902
f 835 902 839
f 923 974 922
f 847 923 922
f 847 922 913
f 843 847 913
f 843 913 907
f 914 908 913
f 923 914 913
f 923 913 922
f 839 902 897
f 839 897 835
f 839 838 834
f 839 834 835
f 943 938 988
f 943 988 992
f 894 888 947
f 894 947 951
f 943 882 942
f 943 947 888
f 943 888 882
f 942 937 938
f 942 938 943
f 951 950 946
f 951 946 947
f 947 946 996
f 951 950 894
f 951 1001 950
f 947 996 1001
f 947 1001 951
f 898 954 955
f 943 991 987
f 943 987 938
f 938 987 988
f 943 942 991
f 947 946 942
f 947 942 943
f 943 991 996
f 943 996 947
f 992 991 943
f 988 987 991
f 988 991 992
f 894 950 946
f 894 946 888
f 888 946 947
f 947 946 950
f 947 950 951
f 898 897 954
f 938 937 987
f 938 937 943
f 888 946 942
f 888 942 882
f 943 942 946
f 943 946 947
f 938 987 942
f 903 898 955
f 903 955 959
f 1028 976 967
f 903 963 909
f 963 903 959
f 915 967 976
f 909 963 967
f 909 967 915
f 963 1016 962
f 959 903 958
f 959 963 962
f 959 962 958
f 959 958 1010
f 963 959 1010
f 963 1010 1016
f 955 958 959
f 976 1028 1027
f 967 976 1027
f 967 1027 966
f 963 967 966
f 963 966 962
f 967 963 1016
f 967 1016 1021
f 1028 967 1021
f 1028 1021 1027
f 903 902 958
f 909 963 962
f 903 909 962
f 903 962 958
f 963 959 958
f 963 958 962
f 898 954 958
f 898 958 903
f 976 1027 975
f 909 915 966
f 909 966 962
f 967 963 962
f 967 962 966
f 976 967 966
f 976 966 975
f 903 958 954
f 903 954 898
f 903 902 897
f 903 897 898
f 1003 997 998
f 1003 998 1050
f 1003 1050 1054
f 998 992 1045
f 998 1045 1050
f 992 998 997
f 992 988 1040
f 992 1040 1045
f 951 1002 1003
f 951 947 997
f 951 997 1002
f 1002 997 1003
f 955 1006 1007
f 992 997 947
f 992 947 943
f 998 1049 1050
f 997 1049 998
f 1003 1053 1002
f 1054 1053 1003
f 1050 1049 1053
f 1050 1053 1054
f 1006 1057 1007
f 992 1044 1039
f 992 1039 988
f 1040 1039 1045
f 988 1039 1040
f 992 991 1044
f 997 991 992
f 1045 1049 1050
f 1040 1039 1044
f 1040 1044 1045
f 951 1002 996
f 951 996 947
f 951 1002 950
f 947 996 997
f 955 954 1006
f 992 991 987
f 992 987 988
f 988 987 1039
f 947 996 991
f 947 991 943
f 988 1039 1044
f 988 1044 992
f 1066 1018 1012
f 1012 1006 1007
f 1022 1069 1077
f 1022 1077 1028
f 1069 1022 1018
f 1069 1018 1066
f 1017 1018 1022
f 959 1011 1017
f 959 1017 963
f 1012 1011 959
f 1018 1017 1011
f 1018 1011 1012
f 967 1022 1028
f 963 1017 1022
f 963 1022 967
f 955 1006 1011
f 955 1011 1012
f 1018 1066 1065
f 1017 1018 1065
f 1012 1018 1017
f 1012 1017 1011
f 1012 1011 1061
f 1066 1012 1061
f 1066 1061 1065
f 1007 1057 1011
f 1007 1011 1012
f 1028 1077 1076
f 1022 1028 1076
f 1022 1076 1021
f 1017 1022 1021
f 1069 1066 1065
f 1077 1069 1076
f 963 1016 1017
f 959 958 1011
f 1028 1076 1027
f 967 1028 1027
f 967 1027 1021
f 963 967 1021
f 963 1021 1016
f 1028 1022 1021
f 1028 1021 1076
f 955 1012 959
f 1012 1011 1006
f 1054 1050 1098
f 1054 1098 1102
f 1094 1046 1045
f 1094 1098 1050
f 1094 1050 1046
f 1094 1089 1093
f 1045 1040 1089
f 1045 1089 1094
f 1094 1089 1090
f 1046 1050 1045
f 1054 1053 1049
f 1054 1049 1050
f 1050 1097 1098
f 1050 1049 1097
f 1054 1101 1053
f 1102 1101 1054
f 1098 1097 1101
f 1098 1101 1102
f 1058 1057 1105
f 1045 1093 1089
f 1046 1045 1093
f 1094 1093 1097
f 1094 1097 1098
f 1090 1089 1093
f 1090 1093 1094
f 1007 1057 1058
f 1045 1044 1039
f 1040 1039 1089
f 1046 1045 1049
f 1046 1049 1050
f 1040 1089 1093
f 1040 1093 1045
f 1062 1114 1066
f 1114 1062 1110
f 1070 1118 1124
f 1070 1124 1078
f 1066 1114 1118
f 1066 1118 1070
f 1124 1077 1078
f 1012 1062 1066
f 1012 1007 1058
f 1012 1058 1062
f 1070 1069 1077
f 1066 1070 1069
f 1078 1077 1070
f 1077 1124 1123
f 1066 1114 1113
f 1066 1113 1065
f 1062 1061 1109
f 1062 1066 1065
f 1062 1065 1061
f 1110 1062 1109
f 1114 1110 1109
f 1114 1109 1113
f 1058 1105 1109
f 1058 1109 1062
f 1078 1077 1123
f 1070 1078 1123
f 1070 1123 1069
f 1118 1114 1113
f 1118 1113 1117
f 1124 1118 1117
f 1124 1117 1123
f 1062 1012 1061
f 1012 1066 1065
f 1012 1065 1061
f 1066 1062 1061
f 1058 1057 1061
f 1058 1061 1062
f 1077 1123 1076
f 1070 1066 1065
f 1070 1065 1069
f 1077 1069 1123
f 1062 1061 1057
f 1062 1057 1058
f 1012 1061 1057
f 1012 1057 1007
f 1102 1098 1144
f 1102 1144 1148
f 1140 1144 1098
f 1140 1098 1094
f 1094 1090 1136
f 1094 1136 1140
f 1102 1147 1143
f 1102 1143 1098
f 1102 1147 1101
f 1098 1143 1144
f 1148 1147 1102
f 1144 1143 1147
f 1144 1147 1148
f 1106 1151 1152
f 1106 1105 1151
f 1140 1139 1135
f 1140 1135 1136
f 1094 1139 1140
f 1098 1143 1139
f 1098 1139 1094
f 1140 1139 1143
f 1140 1143 1144
f 1136 1135 1139
f 1136 1139 1140
f 1102 1101 1097
f 1102 1097 1098
f 1098 1097 1143
f 1098 1143 1147
f 1098 1147 1102
f 1058 1105 1106
f 1090 1135 1136
f 1094 1089 1135
f 1094 1135 1090
f 1098 1097 1093
f 1098 1093 1094
f 1094 1139 1143
f 1094 1143 1098
f 1110 1156 1160
f 1110 1160 1114
f 1118 1164 1171
f 1114 1160 1164
f 1114 1164 1118
f 1106 1110 1062
f 1171 1124 1118
f 1110 1109 1155
f 1114 1160 1159
f 1156 1110 1155
f 1110 1114 1159
f 1110 1159 1109
f 1160 1156 1155
f 1160 1155 1159
f 1152 1151 1155
f 1152 1155 1156
f 1118 1171 1170
f 1118 1170 1163
f 1114 1118 1163
f 1114 1163 1159
f 1164 1160 1159
f 1164 1159 1163
f 1171 1164 1163
f 1171 1163 1170
f 1114 1159 1113
f 1110 1114 1113
f 1110 1113 1109
f 1114 1109 1159
f 1106 1105 1109
f 1106 1109 1110
f 1124 1171 1170
f 1124 1170 1123
f 1118 1124 1123
f 1118 1123 1117
f 1114 1118 1117
f 1114 1117 1113
f 1118 1114 1159
f 1118 1159 1163
f 1171 1118 1163
f 1156 1110 1106
f 1156 1106 1152
f 1110 1109 1105
f 1110 1105 1106
f 1062 1109 1105
f 1062 1105 1106
f 1148 1144 1189
f 1148 1189 1193
f 1144 1140 1185
f 1144 1185 1189
f 1193 1192 1188
f 1193 1188 1189
f 1193 1192 1147
f 1193 1147 1148
f 1148 1147 1192
f 1148 1192 1193
f 1189 1188 1192
f 1189 1192 1193
f 1152 1151 1195
f 1152 1195 1196
f 1185 1184 1180
f 1185 1180 1181
f 1189 1188 1184
f 1189 1184 1185
f 1185 1184 1188
f 1185 1188 1189
f 1181 1180 1184
f 1181 1184 1185
f 1148 1147 1143
f 1148 1143 1144
f 1144 1143 1188
f 1144 1188 1189
f 1140 1180 1185
f 1136 1180 1140
f 1136 1135 1180
f 1189 1188 1143
f 1189 1143 1144
f 1144 1143 1139
f 1144 1139 1140
f 1156 1152 1196
f 1156 1196 1199
f 1203 1160 1156
f 1207 1164 1160
f 1207 1160 1203
f 1213 1171 1164
f 1213 1164 1207
f 1199 1156 1155
f 1199 1155 1198
f 1199 1203 1202
f 1199 1202 1198
f 1156 1199 1198
f 1156 1198 1155
f 1203 1199 1198
f 1203 1198 1202
f 1196 1198 1199
f 1207 1213 1212
f 1207 1212 1206
f 1203 1207 1206
f 1203 1206 1202
f 1207 1203 1202
f 1207 1202 1206
f 1213 1207 1206
f 1213 1206 1212
f 1160 1203 1202
f 1160 1202 1159
f 1156 1160 1159
f 1156 1159 1155
f 1203 1156 1198
f 1171 1213 1212
f 1171 1212 1170
f 1203 1160 1159
f 1203 1159 1202
f 1164 1171 1170
f 1164 1170 1163
f 1160 1164 1163
f 1160 1163 1159
f 1156 1155 1151
f 1156 1151 1152
f 1227 1223 1266
f 1227 1266 1270
f 1193 1189 1231
f 1193 1231 1235
f 1227 1231 1185
f 1185 1231 1189
f 1185 1181 1223
f 1185 1223 1227
f 1235 1234 1230
f 1235 1230 1231
f 1231 1230 1234
f 1231 1234 1235
f 1227 1226 1222
f 1227 1222 1223
f 1223 1222 1266
f 1231 1230 1226
f 1231 1226 1227
f 1227 1226 1230
f 1227 1230 1231
f 1270 1226 1227
f 1266 1222 1226
f 1266 1226 1270
f 1189 1188 1230
f 1189 1230 1231
f 1235 1234 1192
f 1235 1192 1193
f 1231 1230 1188
f 1231 1188 1189
f 1181 1180 1222
f 1181 1222 1223
f 1223 1222 1226
f 1223 1226 1227
f 1242 1196 1238
f 1301 1256 1250
f 1199 1246 1203
f 1246 1199 1242
f 1207 1250 1256
f 1207 1256 1213
f 1246 1250 1207
f 1203 1246 1207
f 1242 1246 1245
f 1242 1245 1241
f 1246 1242 1241
f 1246 1241 1245
f 1238 1241 1242
f 1256 1301 1255
f 1250 1256 1255
f 1250 1255 1249
f 1246 1250 1249
f 1246 1249 1245
f 1250 1246 1245
f 1250 1245 1249
f 1301 1250 1249
f 1301 1249 1255
f 1203 1246 1245
f 1203 1245 1202
f 1242 1199 1198
f 1242 1198 1241
f 1246 1203 1202
f 1246 1202 1245
f 1213 1256 1255
f 1213 1255 1212
f 1256 1250 1249
f 1256 1249 1255
f 1278 1274 1319
f 1278 1319 1323
f 1274 1270 1315
f 1274 1315 1319
f 1315 1270 1311
f 1270 1274 1227
f 1278 1277 1273
f 1278 1273 1274
f 1274 1273 1318
f 1274 1318 1319
f 1323 1277 1278
f 1323 1322 1277
f 1319 1318 1322
f 1319 1322 1323
f 1270 1269 1265
f 1270 1265 1266
f 1311 1265 1310
f 1270 1265 1311
f 1319 1318 1273
f 1319 1273 1274
f 1274 1273 1269
f 1274 1269 1270
f 1315 1269 1318
f 1315 1318 1319
f 1315 1314 1269
f 1311 1310 1314
f 1311 1314 1315
f 1278 1234 1230
f 1278 1230 1274
f 1274 1230 1273
f 1278 1277 1234
f 1278 1234 1235
f 1274 1273 1277
f 1274 1277 1278
f 1238 1237 1281
f 1238 1281 1282
f 1227 1226 1269
f 1227 1269 1270
f 1274 1230 1226
f 1274 1226 1227
f 1270 1269 1273
f 1270 1273 1274
f 1266 1265 1269
f 1266 1269 1270
f 1335 1290 1286
f 1335 1286 1331
f 1339 1294 1290
f 1339 1290 1335
f 1345 1301 1294
f 1345 1294 1339
f 1242 1286 1290
f 1250 1294 1301
f 1290 1294 1250
f 1290 1335 1334
f 1290 1334 1289
f 1286 1290 1289
f 1286 1289 1285
f 1331 1286 1285
f 1335 1331 1285
f 1335 1285 1334
f 1282 1281 1285
f 1282 1285 1286
f 1345 1344 1300
f 1301 1345 1300
f 1335 1290 1289
f 1335 1289 1334
f 1294 1301 1300
f 1294 1300 1293
f 1290 1294 1293
f 1290 1293 1289
f 1339 1335 1334
f 1339 1334 1293
f 1345 1339 1293
f 1345 1293 1344
f 1290 1289 1245
f 1286 1242 1241
f 1286 1241 1285
f 1242 1290 1245
f 1290 1286 1285
f 1290 1285 1289
f 1242 1286 1285
f 1242 1285 1241
f 1250 1301 1300
f 1250 1300 1249
f 1290 1250 1249
f 1290 1249 1245
f 1294 1290 1289
f 1294 1289 1293
f 1301 1294 1293
f 1301 1293 1300
f 1282 1286 1242
f 1282 1242 1238
f 1286 1285 1281
f 1286 1281 1282
f 1323 1319 1368
f 1323 1368 1372
f 1363 1364 1315
f 1315 1364 1368
f 1315 1368 1319
f 1315 1310 1358
f 1315 1358 1363
f 1315 1311 1310
f 1323 1322 1318
f 1323 1318 1319
f 1368 1318 1367
f 1319 1318 1368
f 1372 1322 1323
f 1372 1371 1322
f 1368 1367 1371
f 1368 1371 1372
f 1327 1326 1376
f 1315 1314 1310
f 1358 1310 1357
f 1358 1310 1363
f 1319 1318 1314
f 1319 1314 1315
f 1364 1363 1367
f 1364 1367 1368
f 1358 1357 1363
f 1282 1281 1326
f 1282 1326 1327
f 1315 1314 1318
f 1331 1380 1384
f 1331 1384 1335
f 1339 1388 1396
f 1339 1396 1345
f 1339 1384 1388
f 1395 1396 1388
f 1335 1384 1339
f 1395 1344 1345
f 1395 1345 1396
f 1327 1331 1286
f 1384 1383 1334
f 1335 1384 1334
f 1380 1331 1330
f 1331 1335 1334
f 1331 1334 1330
f 1380 1330 1379
f 1384 1380 1379
f 1384 1379 1383
f 1376 1326 1330
f 1376 1330 1380
f 1395 1394 1344
f 1339 1345 1344
f 1339 1344 1338
f 1335 1339 1338
f 1335 1338 1334
f 1388 1384 1383
f 1388 1383 1387
f 1395 1388 1387
f 1331 1285 1330
f 1331 1334 1285
f 1335 1331 1330
f 1335 1330 1334
f 1286 1331 1330
f 1286 1330 1285
f 1327 1326 1330
f 1327 1330 1331
f 1339 1334 1338
f 1345 1339 1338
f 1345 1338 1344
f 1380 1331 1327
f 1380 1327 1376
f 1286 1282 1327
f 1331 1330 1326
f 1331 1326 1327
f 1423 1418 1417
f 1423 1417 1422
f 1412 1417 1418
f 1412 1418 1363
f 1372 1368 1418
f 1372 1418 1423
f 1368 1364 1363
f 1363 1358 1412
f 1423 1371 1367
f 1423 1367 1418
f 1423 1371 1372
f 1418 1367 1417
f 1423 1422 1371
f 1427 1375 1426
f 1376 1375 1427
f 1412 1362 1357
f 1412 1357 1408
f 1412 1357 1407
f 1412 1407 1408
f 1363 1362 1412
f 1418 1367 1363
f 1412 1411 1417
f 1408 1407 1411
f 1408 1411 1412
f 1372 1371 1367
f 1372 1367 1368
f 1368 1367 1418
f 1418 1367 1371
f 1418 1371 1423
f 1376 1326 1375
f 1368 1367 1363
f 1358 1357 1362
f 1358 1362 1412
f 1380 1431 1437
f 1436 1437 1431
f 1376 1427 1431
f 1376 1431 1380
f 1387 1441 1447
f 1437 1436 1441
f 1437 1441 1387
f 1437 1384 1380
f 1387 1388 1384
f 1447 1395 1387
f 1431 1380 1379
f 1437 1436 1383
f 1431 1379 1430
f 1380 1437 1383
f 1380 1383 1379
f 1436 1431 1430
f 1427 1426 1430
f 1427 1430 1431
f 1447 1446 1394
f 1387 1447 1394
f 1437 1387 1383
f 1441 1436 1440
f 1447 1441 1440
f 1447 1440 1446
f 1384 1437 1383
f 1380 1384 1383
f 1437 1380 1379
f 1437 1379 1383
f 1376 1375 1379
f 1376 1379 1380
f 1395 1447 1394
f 1384 1387 1383
f 1380 1379 1375
f 1380 1375 1376
f 1380 1330 1375
f 1426 1480 1427
f 1423 1422 1475
f 1422 1417 1471
f 1422 1471 1475
f 1417 1412 1467
f 1417 1467 1471
f 1412 1408 1461
f 1412 1461 1467
f 1475 1421 1416
f 1475 1416 1471
f 1471 1416 1470
f 1475 1474 1422
f 1475 1422 1421
f 1471 1470 1474
f 1471 1474 1475
f 1480 1426 1479
f 1467 1411 1407
f 1467 1407 1461
f 1461 1460 1467
f 1461 1407 1460
f 1471 1416 1411
f 1471 1411 1467
f 1467 1466 1470
f 1467 1470 1471
f 1461 1460 1466
f 1461 1466 1467
f 1417 1416 1471
f 1471 1416 1421
f 1471 1421 1475
f 1412 1411 1407
f 1408 1407 1461
f 1467 1411 1416
f 1467 1416 1471
f 1461 1407 1411
f 1461 1411 1467
f 1430 1427 1480
f 1430 1480 1485
f 1485 1430 1431
f 1489 1436 1430
f 1489 1430 1485
f 1493 1441 1436
f 1493 1436 1489
f 1502 1447 1441
f 1502 1441 1493
f 1489 1488 1435
f 1485 1430 1484
f 1485 1489 1435
f 1485 1435 1430
f 1489 1485 1484
f 1489 1484 1488
f 1480 1479 1484
f 1480 1484 1485
f 1502 1501 1446
f 1493 1502 1446
f 1493 1446 1440
f 1489 1493 1440
f 1489 1440 1435
f 1493 1489 1488
f 1493 1488 1492
f 1502 1493 1492
f 1502 1492 1501
f 1436 1489 1435
f 1489 1430 1435
f 1447 1502 1446
f 1441 1447 1446
f 1441 1446 1440
f 1493 1489 1435
f 1493 1435 1440
f 1502 1493 1440
f 1502 1440 1446
f 1431 1430 1426
f 1431 1426 1427
f 1532 1526 1525
f 1532 1525 1531
f 1526 1519 1525
f 1519 1526 1520
f 1475 1471 1526
f 1475 1526 1532
f 1519 1467 1466
f 1526 1467 1520
f 1467 1526 1471
f 1519 1466 1460
f 1467 1460 1466
f 1519 1460 1514
f 1467 1519 1520
f 1532 1474 1470
f 1532 1470 1526
f 1526 1470 1525
f 1532 1531 1474
f 1537 1479 1536
f 1519 1465 1459
f 1519 1459 1514
f 1514 1459 1513
f 1514 1513 1519
f 1520 1466 1465
f 1520 1465 1519
f 1526 1470 1466
f 1526 1466 1520
f 1514 1513 1518
f 1514 1518 1519
f 1475 1474 1470
f 1475 1470 1471
f 1471 1470 1526
f 1532 1474 1475
f 1526 1470 1474
f 1526 1474 1532
f 1480 1479 1537
f 1460 1459 1514
f 1471 1470 1466
f 1471 1466 1467
f 1520 1466 1470
f 1520 1470 1526
f 1519 1466 1520
f 1514 1459 1466
f 1514 1466 1519
f 1548 1549 1543
f 1555 1554 1562
f 1554 1549 1548
f 1549 1554 1555
f 1485 1549 1489
f 1549 1485 1543
f 1493 1501 1502
f 1555 1493 1549
f 1489 1549 1493
f 1501 1493 1554
f 1562 1501 1554
f 1493 1562 1554
f 1562 1493 1555
f 1549 1548 1488
f 1543 1484 1542
f 1543 1549 1488
f 1543 1488 1484
f 1548 1543 1542
f 1537 1536 1542
f 1537 1542 1543
f 1562 1561 1500
f 1555 1562 1500
f 1555 1500 1492
f 1549 1555 1492
f 1549 1492 1488
f 1562 1554 1561
f 1489 1549 1488
f 1543 1485 1484
f 1485 1489 1488
f 1485 1488 1484
f 1549 1543 1484
f 1549 1484 1488
f 1480 1484 1543
f 1501 1562 1500
f 1493 1501 1492
f 1489 1493 1492
f 1489 1492 1488
f 1555 1549 1488
f 1555 1488 1492
f 1562 1555 1492
f 1562 1492 1501
f 1480 1543 1485
f 1543 1480 1537
f 1543 1484 1479
f 1543 1479 1480
f 1485 1484 1479
f 1485 1479 1480
f 1583 1582 1576
f 1583 1577 1576
f 1592 1532 1531
f 1531 1525 1587
f 1531 1587 1592
f 1587 1519 1583
f 1583 1514 1519
f 1519 1587 1525
f 1592 1530 1524
f 1592 1524 1587
f 1592 1530 1531
f 1587 1524 1586
f 1592 1591 1530
f 1587 1586 1591
f 1587 1591 1592
f 1597 1535 1596
f 1597 1536 1535
f 1583 1518 1513
f 1583 1513 1577
f 1582 1513 1576
f 1577 1513 1576
f 1587 1524 1518
f 1587 1518 1583
f 1583 1582 1586
f 1583 1586 1587
f 1587 1525 1524
f 1587 1524 1530
f 1587 1530 1592
f 1537 1536 1597
f 1519 1518 1513
f 1519 1513 1583
f 1525 1518 1519
f 1583 1518 1524
f 1583 1524 1587
f 1577 1513 1518
f 1577 1518 1583
f 1598 1537 1597
f 1623 1624 1611
f 1543 1603 1607
f 1543 1607 1548
f 1554 1611 1624
f 1554 1624 1562
f 1611 1554 1607
f 1548 1607 1554
f 1598 1597 1603
f 1603 1542 1541
f 1607 1606 1547
f 1603 1541 1602
f 1603 1607 1547
f 1603 1547 1542
f 1607 1603 1602
f 1607 1602 1606
f 1597 1596 1602
f 1597 1602 1603
f 1624 1623 1561
f 1611 1624 1561
f 1611 1561 1553
f 1607 1611 1553
f 1607 1553 1547
f 1611 1607 1606
f 1611 1606 1610
f 1623 1611 1610
f 1607 1547 1548
f 1603 1543 1542
f 1607 1603 1542
f 1607 1542 1547
f 1597 1536 1542
f 1597 1542 1603
f 1562 1624 1561
f 1554 1561 1553
f 1548 1554 1553
f 1611 1607 1547
f 1611 1547 1553
f 1624 1611 1553
f 1624 1553 1561
f 1598 1603 1543
f 1598 1543 1537
f 1603 1542 1536
f 1603 1536 1597
f 1543 1542 1536
f 1543 1536 1537
f 1592 1587 1654
f 1592 1654 1660
f 1660 1654 1653
f 1660 1653 1659
f 1654 1582 1648
f 1648 1582 1583
f 1654 1648 1653
f 1648 1576 1582
f 1582 1654 1587
f 1582 1587 1583
f 1648 1576 1642
f 1659 1591 1586
f 1659 1586 1653
f 1659 1591 1660
f 1653 1652 1658
f 1653 1658 1659
f 1666 1596 1665
f 1648 1581 1575
f 1648 1575 1642
f 1642 1575 1641
f 1648 1582 1581
f 1653 1586 1582
f 1653 1582 1648
f 1648 1647 1652
f 1648 1652 1653
f 1642 1641 1647
f 1642 1647 1648
f 1592 1591 1586
f 1592 1586 1587
f 1654 1586 1653
f 1587 1586 1654
f 1660 1591 1592
f 1653 1586 1591
f 1653 1591 1659
f 1597 1596 1666
f 1576 1575 1642
f 1582 1575 1648
f 1576 1575 1582
f 1648 1575 1576
f 1587 1586 1582
f 1648 1582 1586
f 1648 1586 1653
f 1642 1575 1581
f 1642 1581 1648
f 1672 1671 1677
f 1603 1672 1678
f 1603 1678 1607
f 1677 1678 1672
f 1610 1683 1691
f 1683 1610 1678
f 1611 1610 1691
f 1611 1691 1623
f 1683 1678 1677
f 1607 1678 1610
f 1607 1610 1611
f 1671 1672 1602
f 1672 1677 1606
f 1672 1606 1602
f 1677 1671 1676
f 1691 1690 1622
f 1683 1691 1622
f 1683 1622 1610
f 1677 1683 1610
f 1677 1610 1606
f 1683 1677 1676
f 1683 1676 1682
f 1691 1683 1682
f 1691 1682 1690
f 1678 1677 1606
f 1607 1678 1606
f 1672 1603 1602
f 1603 1607 1606
f 1603 1606 1602
f 1677 1672 1602
f 1677 1602 1606
f 1666 1596 1602
f 1666 1602 1672
f 1623 1691 1622
f 1607 1610 1606
f 1683 1677 1606
f 1683 1606 1610
f 1691 1610 1622
f 1671 1672 1666
f 1671 1666 1665
f 1666 1672 1603
f 1666 1603 1597
f 1672 1602 1596
f 1672 1596 1666
f 1603 1602 1596
f 1603 1596 1597
f 1730 1724 1723
f 1730 1723 1729
f 1718 1723 1724
f 1659 1653 1724
f 1659 1724 1730
f 1724 1648 1718
f 1648 1724 1653
f 1648 1642 1641
f 1648 1641 1647
f 1647 1641 1711
f 1647 1711 1718
f 1648 1647 1718
f 1730 1658 1652
f 1730 1652 1724
f 1730 1658 1729
f 1724 1652 1723
f 1736 1664 1735
f 1718 1647 1640
f 1718 1640 1711
f 1724 1652 1647
f 1724 1647 1718
f 1718 1646 1723
f 1711 1640 1646
f 1711 1646 1718
f 1659 1658 1652
f 1659 1652 1653
f 1653 1652 1724
f 1730 1658 1659
f 1724 1652 1658
f 1724 1658 1730
f 1665 1664 1736
f 1653 1652 1647
f 1653 1647 1648
f 1718 1647 1652
f 1718 1652 1724
f 1742 1747 1748
f 1747 1742 1741
f 1748 1747 1753
f 1671 1742 1748
f 1671 1748 1677
f 1683 1753 1682
f 1683 1682 1690
f 1683 1690 1691
f 1753 1683 1748
f 1690 1682 1753
f 1760 1690 1753
f 1683 1760 1753
f 1677 1748 1683
f 1742 1741 1670
f 1748 1747 1676
f 1742 1748 1676
f 1742 1676 1670
f 1736 1735 1741
f 1736 1741 1742
f 1760 1689 1690
f 1748 1753 1682
f 1748 1682 1676
f 1753 1747 1681
f 1760 1753 1681
f 1760 1681 1689
f 1677 1748 1676
f 1742 1671 1670
f 1671 1676 1670
f 1748 1742 1670
f 1748 1670 1676
f 1736 1664 1670
f 1736 1670 1742
f 1677 1683 1682
f 1677 1682 1676
f 1753 1748 1676
f 1753 1676 1682
f 1760 1753 1682
f 1760 1682 1690
f 1736 1742 1671
f 1736 1671 1665
f 1742 1670 1664
f 1742 1664 1736
f 1809 1801 1800
f 1809 1800 1808
f 1792 1800 1801
f 1792 1801 1793
f 1792 1710 1784
f 1729 1723 1801
f 1729 1801 1809
f 1723 1718 1793
f 1723 1793 1801
f 1718 1710 1792
f 1718 1792 1793
f 1793 1718 1801
f 1792 1717 1718
f 1710 1717 1792
f 1809 1728 1722
f 1809 1722 1801
f 1801 1722 1800
f 1808 1728 1809
f 1800 1722 1728
f 1800 1728 1808
f 1792 1710 1709
f 1792 1709 1784
f 1793 1717 1792
f 1801 1722 1717
f 1801 1717 1793
f 1792 1717 1722
f 1792 1722 1800
f 1792 1716 1717
f 1784 1709 1716
f 1784 1716 1792
f 1723 1722 1801
f 1809 1728 1729
f 1801 1722 1728
f 1801 1728 1809
f 1735 1734 1815
f 1718 1646 1640
f 1711 1710 1718
f 1711 1640 1710
f 1718 1717 1646
f 1723 1722 1717
f 1723 1717 1718
f 1718 1717 1722
f 1718 1722 1801
f 1822 1829 1830
f 1829 1822 1821
f 1838 1837 1846
f 1830 1829 1837
f 1830 1837 1838
f 1741 1830 1747
f 1830 1741 1822
f 1735 1741 1742
f 1838 1753 1747
f 1838 1747 1830
f 1759 1760 1846
f 1846 1760 1753
f 1846 1753 1838
f 1838 1830 1753
f 1830 1829 1746
f 1822 1830 1746
f 1822 1746 1740
f 1821 1822 1740
f 1829 1821 1740
f 1829 1740 1746
f 1815 1734 1740
f 1815 1740 1822
f 1846 1758 1759
f 1838 1846 1759
f 1838 1759 1752
f 1830 1838 1752
f 1830 1752 1746
f 1837 1829 1746
f 1837 1746 1752
f 1846 1837 1752
f 1846 1752 1758
f 1747 1830 1746
f 1822 1741 1740
f 1830 1822 1740
f 1830 1740 1746
f 1815 1735 1740
f 1760 1759 1689
f 1753 1760 1689
f 1753 1689 1752
f 1747 1753 1752
f 1747 1752 1746
f 1753 1830 1746
f 1753 1746 1752
f 1846 1753 1752
f 1846 1752 1759
f 1815 1822 1741
f 1815 1741 1735
f 1822 1740 1735
f 1822 1735 1815
f 1899 1890 1889
f 1899 1889 1898
f 1889 1791 1880
f 1889 1890 1800
f 1791 1889 1800
f 1791 1800 1792
f 1791 1783 1870
f 1791 1870 1880
f 1808 1800 1890
f 1808 1890 1899
f 1792 1784 1783
f 1792 1783 1791
f 1890 1800 1899
f 1899 1807 1799
f 1899 1799 1890
f 1899 1807 1808
f 1890 1799 1889
f 1898 1807 1899
f 1889 1799 1807
f 1889 1807 1898
f 1814 1813 1907
f 1791 1709 1783
f 1783 1782 1870
f 1800 1799 1791
f 1890 1799 1800
f 1880 1791 1799
f 1880 1799 1889
f 1880 1790 1791
f 1870 1782 1790
f 1870 1790 1880
f 1808 1728 1722
f 1808 1722 1800
f 1800 1722 1799
f 1800 1799 1807
f 1800 1807 1899
f 1815 1734 1814
f 1792 1716 1709
f 1784 1709 1783
f 1800 1722 1717
f 1800 1717 1792
f 1792 1791 1799
f 1792 1799 1800
f 1924 1925 1915
f 1924 1915 1914
f 1821 1814 1907
f 1821 1907 1915
f 1837 1836 1845
f 1933 1836 1924
f 1845 1836 1933
f 1943 1845 1933
f 1836 1943 1933
f 1925 1924 1829
f 1829 1924 1836
f 1829 1836 1837
f 1925 1829 1821
f 1815 1814 1821
f 1815 1821 1822
f 1845 1846 1837
f 1915 1925 1821
f 1915 1821 1820
f 1925 1924 1828
f 1821 1925 1828
f 1821 1828 1820
f 1914 1915 1820
f 1924 1914 1820
f 1924 1820 1828
f 1907 1813 1820
f 1907 1820 1915
f 1845 1943 1844
f 1829 1836 1828
f 1925 1829 1828
f 1933 1924 1828
f 1933 1828 1836
f 1943 1836 1844
f 1829 1828 1746
f 1821 1829 1746
f 1821 1746 1740
f 1925 1821 1820
f 1925 1820 1828
f 1846 1845 1758
f 1837 1846 1758
f 1837 1758 1752
f 1829 1837 1752
f 1829 1752 1746
f 1837 1829 1828
f 1837 1828 1836
f 1822 1740 1734
f 1822 1734 1815
f 1898 1889 1888
f 1898 1888 1897
f 1897 1888 1992
f 1897 1992 2006
f 1898 1897 2006
f 1879 1888 1889
f 1879 1889 1880
f 1880 1870 1869
f 1880 1869 1879
f 1898 1897 1798
f 1898 1798 1889
f 1898 1897 1807
f 1889 1798 1888
f 1898 1806 1897
f 1898 1807 1806
f 1906 1813 1905
f 1905 2019 1906
f 1879 1790 1782
f 1879 1782 1869
f 1869 1782 1781
f 1880 1790 1879
f 1889 1798 1790
f 1889 1790 1880
f 1869 1781 1789
f 1869 1789 1879
f 1898 1807 1799
f 1898 1799 1889
f 1889 1799 1798
f 1889 1798 1806
f 1889 1806 1898
f 1907 1813 1906
f 1880 1790 1782
f 1880 1782 1870
f 1870 1782 1869
f 1889 1799 1791
f 1880 1790 1798
f 1880 1798 1889
f 1869 1782 1790
f 1869 1790 1879
f 1914 1923 1924
f 2048 1923 1914
f 2048 1914 2033
f 1933 1932 1942
f 1924 1923 1932
f 1924 1932 1933
f 1907 1906 1914
f 1907 1914 1915
f 1942 1943 1933
f 1924 1827 1923
f 1914 1820 1913
f 1914 1923 1819
f 1914 1819 1820
f 2033 1914 1913
f 2048 2033 1913
f 2048 1913 1923
f 2019 1905 1913
f 2019 1913 1914
f 1942 1843 1844
f 1933 1942 1844
f 1933 1844 1835
f 1924 1933 1835
f 1924 1835 1827
f 1942 1932 1843
f 1924 1827 1828
f 1914 1924 1828
f 1914 1828 1820
f 1924 1914 1819
f 1924 1819 1827
f 1906 1813 1820
f 1906 1820 1914
f 1943 1942 1844
f 1933 1943 1844
f 1933 1844 1836
f 1924 1836 1828
f 1933 1924 1827
f 1933 1827 1835
f 1942 1933 1835
f 1942 1835 1844
f 1914 1906 2019
f 1914 1820 1813
f 1914 1813 1906
f 1915 1820 1813
f 1915 1813 1907
f 2006 1992 1991
f 2006 1991 2005
f 1977 1991 1992
f 1977 1992 1978
f 1977 1868 1964
f 1992 1879 1978
f 1879 1992 1888
f 1879 1869 1868
f 1879 1868 1977
f 1879 1977 1978
f 2019 1906 2018
f 2006 1896 1887
f 2006 1887 1992
f 2006 1896 1897
f 1992 1887 1991
f 2005 1896 2006
f 1991 1887 1896
f 1991 1896 2005
f 2018 1904 2017
f 2018 1905 1904
f 1977 1878 1868
f 1964 1868 1867
f 1978 1878 1977
f 1992 1887 1878
f 1992 1878 1978
f 1977 1878 1887
f 1977 1887 1991
f 1977 1877 1878
f 1964 1867 1877
f 1964 1877 1977
f 2006 1897 1888
f 2006 1888 1992
f 1992 1888 1887
f 1992 1887 1896
f 1992 1896 2006
f 1906 1905 2018
f 1879 1789 1781
f 1879 1781 1869
f 1869 1781 1868
f 1978 1878 1887
f 1978 1887 1992
f 2033 2047 2048
f 2047 2033 2032
f 2062 2061 2075
f 2048 2047 2061
f 2048 2061 2062
f 2018 2033 2034
f 2062 1932 2048
f 1923 2048 1932
f 1941 1942 2075
f 2075 1942 1932
f 2075 1932 2062
f 2034 2033 1914
f 2033 1913 1912
f 2048 2047 1922
f 2032 2033 1912
f 2033 2048 1922
f 2033 1922 1912
f 2047 2032 1912
f 2047 1912 1922
f 2017 1904 1912
f 2017 1912 2033
f 2075 1940 1941
f 2062 2075 1941
f 2062 1941 1931
f 2048 2062 1931
f 2048 1931 1922
f 2061 2047 1922
f 2061 1922 1931
f 2075 2061 1931
f 2075 1931 1940
f 2048 1922 1923
f 2033 2048 1923
f 2033 1923 1913
f 2048 2033 1912
f 2048 1912 1922
f 2018 1905 1913
f 2018 1913 2033
f 1942 1941 1843
f 2062 2048 1922
f 2062 1922 1931
f 2075 2062 1931
f 2075 1931 1941
f 2033 2018 2017
f 2034 1914 2018
f 2033 1913 1905
f 2033 1905 2018
f 1914 1913 1905
f 1914 1905 2018
f 2005 2004 2109
f 2005 1991 1990
f 2005 1990 2004
f 2004 1990 2099
f 2004 2099 2109
f 1977 1963 1976
f 2017 2016 2120
f 1976 1877 1867
f 1976 1867 1963
f 1963 1867 1866
f 1990 1886 1877
f 1990 1877 1976
f 1991 1990 1886
f 1976 1876 1877
f 1963 1866 1876
f 1963 1876 1976
f 2005 1896 1887
f 2005 1887 1991
f 1991 1887 1886
f 2005 2004 1896
f 1991 1990 2004
f 1991 2004 2005
f 1977 1877 1867
f 1977 1867 1964
f 1977 1867 1976
f 1991 1887 1878
f 1991 1878 1977
f 1977 1877 1886
f 1977 1886 1991
f 1976 1877 1977
f 1963 1867 1877
f 1963 1877 1976
f 2032 2031 2046
f 2032 2046 2047
f 2130 2031 2032
f 2140 2046 2031
f 2140 2031 2130
f 2074 2075 2061
f 2120 2016 2031
f 2120 2031 2130
f 2074 1939 1940
f 2060 2074 1940
f 2060 1940 1930
f 2046 2060 1930
f 2046 1930 1921
f 2047 2046 1921
f 2074 2060 1930
f 2074 1930 1939
f 2047 1921 1922
f 2032 2047 1922
f 2032 1922 1912
f 2032 1912 2031
f 2047 2032 2031
f 2047 2031 2046
f 2017 1904 2032
f 2075 2074 1940
f 2061 2075 1940
f 2061 1940 1931
f 2047 2061 1931
f 2047 1931 1922
f 2061 2047 1921
f 2061 1921 1930
f 2074 2061 1930
f 2074 1930 1940
f 2130 2032 2017
f 2130 2017 2120
f 2032 1912 1904
f 2089 2098 1975
f 1975 1962 2089
f 2109 2099 2098
f 2109 2098 2108
f 2099 1976 1975
f 2099 1975 2098
f 1976 2099 1990
f 1976 1963 1962
f 1976 1962 1975
f 2108 2003 1989
f 2108 1989 2098
f 2108 2003 2109
f 2098 1989 2003
f 2098 2003 2108
f 2120 2015 2119
f 1975 1866 1962
f 2098 1989 1975
f 2089 1975 1989
f 2089 1989 2098
f 1962 1961 1974
f 1962 1974 1975
f 2109 2004 1990
f 2109 1990 2099
f 2099 1989 2098
f 2099 1990 1989
f 2109 2003 2004
f 2120 2016 2015
f 1976 1876 1866
f 1976 1866 1963
f 1963 1866 1962
f 2130 2129 2139
f 2120 2119 2129
f 2130 2120 2129
f 2148 2059 2073
f 2139 2148 2059
f 2156 2073 2148
f 2139 2140 2130
f 2060 2059 2073
f 2060 2073 2074
f 2059 2060 2140
f 2059 2140 2139
f 2046 2140 2060
f 2129 2130 2030
f 2130 2139 2045
f 2130 2045 2030
f 2139 2129 2030
f 2139 2030 2045
f 2119 2015 2030
f 2119 2030 2129
f 2139 2059 2045
f 2148 2139 2045
f 2148 2045 2059
f 2156 2148 2059
f 2156 2059 2072
f 2073 2156 2072
f 2140 2139 2045
f 2140 2045 2046
f 2130 2031 2030
f 2130 2140 2046
f 2130 2046 2031
f 2139 2130 2030
f 2074 2073 1939
f 2060 2074 1939
f 2130 2030 2016
f 2130 2016 2120
f 2130 2031 2016
f 2088 2081 2080
f 2088 2080 2087
f 2108 2097 2107
f 2108 2098 2097
f 2088 2097 2098
f 2088 2098 2089
f 2089 1961 2081
f 2089 2081 2088
f 2081 1961 2088
f 2107 2002 1988
f 2107 1988 2097
f 2097 1988 1987
f 2107 2002 2108
f 2107 2001 2002
f 2097 1987 2001
f 2097 2001 2107
f 2119 2014 2118
f 2088 1974 1961
f 2081 1960 2080
f 2088 1961 1960
f 2088 1960 2081
f 2097 1988 1974
f 2097 1974 2088
f 2088 1973 1987
f 2088 1987 2097
f 2087 1973 2088
f 2080 1960 1973
f 2080 1973 2087
f 2098 1989 1988
f 2098 1988 2097
f 2108 2002 2003
f 2097 1988 2002
f 2097 2002 2107
f 2119 2015 2014
f 2089 1974 1961
f 2097 1988 1989
f 2097 1989 2098
f 2089 1975 1974
f 2088 1974 1988
f 2088 1988 2097
f 2081 1961 1974
f 2081 1974 2088
f 2129 2119 2118
f 2129 2118 2128
f 2154 2155 2147
f 2129 2138 2139
f 2138 2129 2128
f 2148 2147 2155
f 2148 2155 2156
f 2139 2138 2147
f 2139 2147 2148
f 2155 2073 2156
f 2138 2043 2044
f 2128 2129 2029
f 2128 2138 2044
f 2128 2044 2029
f 2138 2128 2029
f 2138 2029 2043
f 2118 2014 2029
f 2118 2029 2128
f 2155 2154 2071
f 2155 2071 2072
f 2147 2155 2072
f 2147 2072 2058
f 2138 2147 2058
f 2138 2058 2044
f 2147 2138 2043
f 2147 2043 2057
f 2154 2147 2057
f 2154 2057 2071
f 2139 2138 2044
f 2139 2044 2045
f 2129 2030 2029
f 2129 2139 2045
f 2129 2045 2030
f 2138 2029 2044
f 2119 2014 2029
f 2119 2029 2129
f 2138 2139 2045
f 2138 2045 2044
f 2073 2155 2072
f 2148 2156 2072
f 2148 2072 2059
f 2147 2138 2044
f 2147 2044 2058
f 2155 2147 2058
f 2155 2058 2072
f 2129 2029 2014
f 2129 2014 2119
f 2129 2030 2015
f 2129 2015 2119
f 2106 2096 2095
f 2106 2095 2105
f 2096 2087 2086
f 2096 2086 2095
f 2087 2080 2079
f 2087 2079 2086
f 2107 2097 2096
f 2107 2096 2106
f 2087 2096 2097
f 2087 2097 2088
f 2106 2001 1987
f 2106 1987 2096
f 2096 1987 1986
f 2096 1986 2095
f 2106 2000 2001
f 2105 2000 2106
f 2095 1986 2000
f 2095 2000 2105
f 2087 1973 1960
f 2087 1960 2080
f 2079 1959 2086
f 2080 1960 1959
f 2080 1959 2079
f 2095 1986 1987
f 2095 1987 2096
f 2096 1987 1973
f 2096 1973 2087
f 2086 1972 1986
f 2086 1986 2095
f 2079 1959 1972
f 2079 1972 2086
f 2107 2001 1987
f 2107 1987 2097
f 2097 1987 2096
f 2106 2001 2107
f 2096 1987 2001
f 2096 2001 2106
f 2118 2013 2117
f 2118 2014 2013
f 2097 1987 1973
f 2097 1973 2088
f 2087 1973 1987
f 2087 1987 2096
f 2136 2137 2127
f 2146 2145 2153
f 2146 2153 2154
f 2145 2146 2137
f 2145 2137 2136
f 2128 2127 2137
f 2128 2137 2138
f 2147 2146 2154
f 2138 2137 2146
f 2138 2146 2147
f 2137 2136 2042
f 2137 2042 2043
f 2127 2137 2043
f 2127 2043 2028
f 2127 2028 2027
f 2136 2127 2027
f 2136 2027 2042
f 2117 2028 2127
f 2154 2153 2070
f 2154 2070 2071
f 2136 2137 2043
f 2136 2043 2042
f 2146 2154 2071
f 2146 2071 2057
f 2137 2146 2057
f 2137 2057 2043
f 2145 2136 2042
f 2145 2042 2056
f 2153 2145 2056
f 2153 2056 2070
f 2128 2029 2028
f 2138 2137 2043
f 2127 2128 2028
f 2128 2138 2043
f 2128 2043 2029
f 2137 2127 2028
f 2137 2028 2043
f 2117 2013 2028
f 2147 2154 2071
f 2147 2071 2057
f 2138 2147 2057
f 2138 2057 2043
f 2146 2137 2043
f 2146 2043 2057
f 2154 2146 2057
f 2117 2127 2128
f 2117 2128 2118
f 2127 2028 2013
f 2127 2013 2117
f 2128 2029 2014
f 2128 2014 2118
f 2105 2095 2094
f 2105 2094 2104
f 2085 2094 2095
f 2085 2095 2086
f 2086 2079 2078
f 2086 2078 2085
f 2105 2000 1986
f 2105 1986 2095
f 2095 1986 1985
f 2095 1985 2094
f 2094 1985 1999
f 2094 1999 2104
f 2086 1972 1959
f 2094 1985 1986
f 2094 1986 2095
f 2078 1958 2085
f 2079 1959 1958
f 2079 1958 2078
f 2095 1986 1972
f 2095 1972 2086
f 2085 1971 1985
f 2085 1985 2094
f 2078 1958 1971
f 2078 1971 2085
f 2105 2001 2106
f 2117 2013 2116
f 2126 2135 2136
f 2135 2126 2125
f 2145 2144 2152
f 2145 2152 2153
f 2136 2135 2144
f 2136 2144 2145
f 2117 2116 2126
f 2117 2126 2127
f 2136 2135 2041
f 2136 2041 2042
f 2126 2136 2042
f 2126 2042 2027
f 2135 2125 2026
f 2135 2026 2041
f 2135 2136 2042
f 2135 2042 2041
f 2153 2152 2069
f 2153 2069 2070
f 2145 2153 2070
f 2145 2070 2056
f 2136 2145 2056
f 2136 2056 2042
f 2144 2135 2041
f 2144 2041 2055
f 2152 2144 2055
f 2152 2055 2069
f 2126 2127 2028
f 2127 2126 2027
f 2136 2126 2027
f 2125 2126 2116
f 2125 2116 2115
f 2084 2093 2085
f 2104 2094 2103
f 2085 2078 2077
f 2085 2077 2084
f 2103 1999 1985
f 2103 1985 2093
f 2103 1999 2104
f 2093 1985 1984
f 2103 1998 1999
f 2093 1984 1998
f 2093 1998 2103
f 2114 2115 2012
f 2084 1970 1957
f 2084 1957 2077
f 2085 1971 1970
f 2085 1970 2084
f 2093 1985 1971
f 2093 1971 2085
f 2084 1970 1984
f 2084 1984 2093
f 2077 1957 1970
f 2077 1970 2084
f 2104 1999 1985
f 2104 1985 2094
f 2085 1971 1958
f 2078 1958 1957
f 2078 1957 2077
f 2094 1985 2093
f 2094 1985 1971
f 2094 1971 2085
f 2084 1970 1971
f 2084 1971 2085
f 2125 2124 2134
f 2125 2115 2114
f 2125 2114 2124
f 2144 2143 2151
f 2134 2143 2144
f 2134 2135 2125
f 2151 2152 2144
f 2124 2125 2026
f 2134 2040 2041
f 2124 2026 2025
f 2125 2134 2041
f 2125 2041 2026
f 2134 2124 2025
f 2134 2025 2040
f 2124 2025 2125
f 2114 2025 2124
f 2144 2151 2068
f 2144 2068 2055
f 2134 2144 2055
f 2134 2055 2041
f 2143 2134 2040
f 2143 2040 2054
f 2151 2143 2054
f 2151 2054 2068
f 2125 2135 2041
f 2152 2151 2068
f 2152 2068 2069
f 2135 2134 2041
f 2144 2152 2069
f 2144 2069 2055
f 2135 2144 2055
f 2135 2055 2041
f 2151 2144 2055
f 2151 2055 2068
f 2083 2076 1956
f 2103 2093 2092
f 2103 2092 2102
f 2093 2084 2083
f 2093 2083 2092
f 2102 1997 1983
f 2102 1983 2092
f 2102 1997 1998
f 2102 1998 2103
f 2103 1998 1997
f 2103 1997 2102
f 2092 1983 1997
f 2092 1997 2102
f 2114 2012 2011
f 2114 2011 2113
f 2083 1969 1956
f 2092 1983 1969
f 2092 1969 2083
f 2083 1969 1983
f 2083 1983 2092
f 2103 1998 1984
f 2103 1984 2093
f 2093 1984 1983
f 2093 1983 2092
f 2076 1957 1956
f 2084 1957 2083
f 2083 1957 2076
f 2092 1983 1984
f 2092 1984 2093
f 2093 1984 1970
f 2093 1970 2084
f 2076 1956 1969
f 2076 1969 2083
f 2124 2114 2113
f 2124 2113 2123
f 2133 2134 2124
f 2133 2124 2123
f 2143 2142 2150
f 2143 2150 2151
f 2142 2143 2134
f 2142 2134 2133
f 2123 2124 2025
f 2123 2025 2024
f 2123 2133 2039
f 2123 2039 2024
f 2124 2123 2024
f 2124 2024 2025
f 2133 2123 2024
f 2133 2024 2039
f 2113 2011 2024
f 2113 2024 2123
f 2142 2150 2067
f 2142 2067 2053
f 2133 2142 2053
f 2133 2053 2039
f 2142 2133 2039
f 2142 2039 2053
f 2150 2142 2053
f 2150 2053 2067
f 2134 2133 2039
f 2134 2039 2040
f 2124 2134 2040
f 2124 2040 2025
f 2133 2123 2025
f 2133 2025 2039
f 2114 2012 2025
f 2150 2067 2068
f 2151 2150 2068
f 2133 2134 2040
f 2133 2040 2039
f 2143 2151 2068
f 2143 2068 2054
f 2134 2143 2054
f 2134 2054 2040
f 2124 2025 2012
f 2124 2012 2114
f 2101 2091 2090
f 2101 2090 2100
f 2091 2082 1968
f 2091 1968 2090
f 1968 1955 1954
f 1968 1954 1967
f 2082 1968 1967
f 2102 2092 2091
f 2102 2091 2101
f 2082 1955 1968
f 2082 2091 2092
f 2082 2092 2083
f 2083 1956 1955
f 2083 1955 2082
f 2101 1996 1982
f 2101 1982 2091
f 2091 1982 2090
f 2101 1996 1997
f 2100 1996 2101
f 2090 1982 1996
f 2090 1996 2100
f 2112 2011 2010
f 1968 1865 1955
f 1955 1865 1954
f 2091 1982 1968
f 1968 1982 2090
f 1967 1875 1968
f 1954 1865 1875
f 1954 1875 1967
f 2091 1983 1982
f 2092 1983 2091
f 2101 1997 2102
f 2091 1982 1996
f 2091 1996 2101
f 2113 2011 2112
f 1968 1956 1955
f 2082 1968 1982
f 2082 1982 2091
f 2131 2132 2122
f 2141 2052 2066
f 2052 2141 2132
f 2052 2132 2131
f 2065 2066 2141
f 2065 2141 2052
f 2123 2122 2132
f 2123 2132 2133
f 2142 2141 2149
f 2142 2149 2150
f 2066 2149 2141
f 2133 2132 2141
f 2133 2141 2142
f 2066 2150 2149
f 2132 2131 2038
f 2122 2024 2023
f 2122 2132 2038
f 2122 2038 2023
f 2131 2122 2023
f 2131 2023 2038
f 2112 2010 2023
f 2112 2023 2122
f 2066 2065 1938
f 2132 2052 2038
f 2052 2131 2038
f 2065 2052 1938
f 2132 2038 2039
f 2133 2132 2039
f 2122 2123 2024
f 2132 2122 2023
f 2132 2023 2038
f 2112 2011 2024
f 2112 2024 2122
f 2150 2066 2067
f 2141 2132 2038
f 2141 2038 2052
f 2112 2122 2123
f 2112 2123 2113
f 2122 2024 2011
f 2122 2011 2112
f 2123 2024 2011
f 2123 2011 2113
f 2100 1995 1994
f 2100 1981 1995
f 1995 1981 1980
f 1995 1980 1994
f 1981 1967 1966
f 1981 1966 1980
f 1967 1954 1953
f 1967 1953 1966
f 2100 2090 1981
f 1981 1967 2090
f 1967 2090 1968
f 1981 1885 1980
f 1980 1885 1995
f 1967 1874 1864
f 1967 1864 1954
f 1954 1864 1953
f 1981 1874 1967
f 1966 1874 1885
f 1966 1885 1980
f 1953 1864 1874
f 1953 1874 1966
f 2100 1996 1982
f 2100 1982 2090
f 2090 1982 1981
f 2100 1995 1996
f 2111 2010 2009
f 2112 2010 2111
f 1967 1875 1865
f 1967 1865 1954
f 1954 1865 1864
f 1954 1864 1874
f 1954 1874 1967
f 2121 2037 2131
f 2021 2022 2121
f 2022 2037 2121
f 2036 2037 2022
f 2036 2022 2021
f 2050 2051 2037
f 2050 2037 2036
f 2064 2065 2051
f 2064 2051 2050
f 2122 2121 2131
f 2112 2111 2121
f 2112 2121 2122
f 2051 2037 2131
f 2052 2051 2065
f 2131 2051 2052
f 2110 2111 2121
f 2037 2036 1920
f 2111 2009 2022
f 2111 2022 2121
f 2065 2064 1937
f 2051 2065 1937
f 2051 1937 1929
f 2037 2051 1929
f 2050 2036 1920
f 2050 1920 1929
f 2064 2050 1929
f 2064 1929 1937
f 2121 2122 2023
f 2131 2037 2038
f 2121 2023 2022
f 2122 2131 2038
f 2131 2121 2022
f 2131 2022 2037
f 2111 2010 2022
f 2065 1937 1938
f 2065 2051 1929
f 2065 1929 1937
f 2121 2022 2009
f 2121 2009 2111
f 2122 2023 2010
f 2122 2010 2112
f 1994 1980 1979
f 1994 1979 1993
f 1872 1966 1965
f 1979 1966 1965
f 1965 1873 1872
f 1872 1863 1873
f 1966 1979 1980
f 1966 1953 1863
f 1966 1863 1872
f 2008 2110 2111
f 2111 2009 2008
f 1994 1894 1884
f 1994 1884 1980
f 1980 1884 1979
f 1993 1894 1994
f 1979 1884 1894
f 1979 1894 1993
f 2008 1903 2007
f 1966 1873 1863
f 1862 1863 1780
f 1872 1863 1862
f 1980 1884 1873
f 1980 1873 1966
f 1965 1873 1884
f 1965 1884 1979
f 1862 1780 1873
f 1862 1873 1872
f 1994 1895 1885
f 1994 1885 1980
f 1980 1885 1884
f 1994 1995 1895
f 1980 1884 1894
f 1980 1894 1994
f 1966 1874 1864
f 1966 1864 1953
f 1953 1864 1863
f 1980 1885 1874
f 1980 1874 1966
f 1966 1873 1884
f 1966 1884 1980
f 1953 1863 1873
f 1953 1873 1966
f 2021 2020 2035
f 2021 2035 2036
f 2050 2049 2063
f 2050 2063 2064
f 2049 2050 2035
f 1935 1936 2063
f 1935 2063 2049
f 2036 2035 2050
f 1936 2064 2063
f 1935 2063 2050
f 1935 2050 2049
f 2110 2008 2021
f 2110 2021 2121
f 2036 2035 1919
f 2020 2021 1911
f 2021 2036 1919
f 2021 1919 1911
f 2035 2020 1911
f 2035 1911 1919
f 2007 1903 1911
f 2007 1911 2020
f 1935 1842 1936
f 2050 2064 1936
f 2050 1936 1928
f 2036 2050 1928
f 2036 1928 1919
f 2049 2035 1919
f 2049 1919 1928
f 1935 2049 1928
f 1935 1928 1936
f 2036 1919 1920
f 2021 2036 1920
f 2021 1920 2022
f 2036 2021 1911
f 2036 1911 1919
f 2064 1936 1937
f 2050 2064 1937
f 2050 1937 1929
f 2036 2050 1929
f 2036 1929 1920
f 2050 2036 1919
f 2050 1919 1928
f 2064 2050 1928
f 2064 1928 1936
f 2020 2021 2008
f 2020 2008 2007
f 2121 2008 2110
f 2021 1911 2008
f 2121 2009 2008
f 1892 1993 1893
f 1893 1883 1882
f 1893 1882 1892
f 1871 1882 1872
f 1872 1882 1883
f 1872 1862 1861
f 1872 1861 1871
f 1993 1979 1883
f 1979 1872 1883
f 1872 1979 1965
f 1883 1893 1993
f 1882 1883 1797
f 1892 1805 1893
f 1882 1797 1805
f 1882 1805 1892
f 2007 1902 1901
f 1872 1788 1779
f 1872 1779 1862
f 1861 1779 1871
f 1862 1779 1861
f 1871 1788 1797
f 1871 1797 1882
f 1861 1779 1788
f 1861 1788 1871
f 1993 1893 1884
f 1993 1884 1979
f 1993 1893 1894
f 1979 1884 1883
f 2007 1903 1902
f 1872 1873 1780
f 1872 1780 1862
f 1862 1780 1779
f 1979 1884 1873
f 1979 1873 1965
f 1862 1779 1788
f 1862 1788 1872
f 2020 1909 1917
f 2020 1917 1918
f 1927 1926 1934
f 1927 1934 1935
f 1917 1926 1927
f 1918 1917 1927
f 2049 1927 1935
f 1927 2035 1918
f 2035 1927 2049
f 2035 2020 1918
f 1917 1826 1918
f 1909 2020 1910
f 2020 1918 1910
f 1917 1909 1910
f 1917 1910 1826
f 1901 1902 1910
f 1901 1910 1909
f 1935 1934 1841
f 1927 1935 1841
f 1926 1917 1826
f 1926 1826 1834
f 1934 1926 1834
f 1934 1834 1841
f 2035 1919 1918
f 2020 1911 1910
f 2020 1918 1911
f 2007 1902 1910
f 2007 1910 2020
f 1935 1841 1842
f 2049 1935 1936
f 2049 1936 1928
f 2035 2049 1928
f 2035 1928 1919
f 1909 2020 2007
f 1909 2007 1901
f 2020 1910 1902
f 2020 1902 2007
f 2020 1911 1903
f 2020 1903 2007
f 1892 1882 1881
f 1892 1881 1891
f 1891 1881 1795
f 1891 1795 1803
f 1786 1787 1871
f 1881 1786 1795
f 1786 1881 1787
f 1787 1881 1882
f 1787 1882 1871
f 1787 1778 1786
f 1871 1778 1787
f 1892 1804 1796
f 1892 1796 1882
f 1881 1796 1795
f 1882 1796 1881
f 1891 1804 1892
f 1803 1804 1891
f 1795 1796 1804
f 1795 1804 1803
f 1901 1812 1900
f 1787 1708 1786
f 1778 1708 1787
f 1786 1708 1777
f 1882 1796 1787
f 1786 1787 1796
f 1786 1796 1795
f 1786 1715 1787
f 1777 1708 1715
f 1777 1715 1786
f 1892 1893 1804
f 1882 1796 1804
f 1882 1804 1892
f 1871 1788 1779
f 1882 1796 1797
f 1861 1778 1871
f 1861 1779 1778
f 1882 1797 1788
f 1882 1788 1871
f 1871 1787 1796
f 1871 1796 1882
f 1909 1908 1916
f 1909 1916 1917
f 1824 1916 1908
f 1909 1901 1900
f 1909 1900 1908
f 1833 1832 1839
f 1926 1833 1839
f 1926 1839 1840
f 1832 1916 1824
f 1916 1832 1833
f 1917 1916 1833
f 1917 1833 1926
f 1840 1934 1926
f 1916 1824 1825
f 1917 1916 1825
f 1908 1909 1818
f 1909 1917 1825
f 1909 1825 1818
f 1824 1908 1818
f 1824 1818 1825
f 1900 1812 1818
f 1900 1818 1908
f 1840 1839 1757
f 1926 1840 1833
f 1917 1833 1825
f 1832 1824 1825
f 1832 1825 1833
f 1839 1833 1757
f 1909 1825 1910
f 1917 1909 1818
f 1917 1818 1825
f 1901 1812 1818
f 1901 1818 1909
f 1917 1826 1825
f 1934 1840 1841
f 1926 1934 1841
f 1926 1841 1834
f 1917 1926 1834
f 1917 1834 1826
f 1926 1917 1825
f 1926 1825 1833
f 1909 1818 1812
f 1909 1812 1901
f 1909 1910 1902
f 1909 1902 1901
f 1803 1795 1794
f 1803 1794 1802
f 1713 1786 1714
f 1794 1786 1785
f 1713 1714 1707
f 1786 1794 1795
f 1786 1777 1707
f 1786 1707 1714
f 1713 1707 1706
f 1786 1713 1785
f 1785 1713 1794
f 1803 1727 1721
f 1803 1721 1795
f 1795 1721 1794
f 1802 1727 1803
f 1794 1721 1727
f 1794 1727 1802
f 1811 1733 1810
f 1795 1721 1714
f 1795 1714 1786
f 1713 1714 1721
f 1713 1721 1794
f 1706 1707 1714
f 1706 1714 1713
f 1803 1804 1796
f 1803 1796 1795
f 1795 1721 1727
f 1795 1727 1803
f 1900 1812 1811
f 1786 1715 1708
f 1777 1708 1707
f 1795 1796 1787
f 1795 1787 1786
f 1786 1714 1721
f 1786 1721 1795
f 1777 1707 1714
f 1777 1714 1786
f 1817 1816 1823
f 1817 1823 1824
f 1817 1811 1810
f 1817 1810 1816
f 1832 1750 1831
f 1832 1831 1839
f 1831 1832 1823
f 1756 1831 1750
f 1756 1839 1831
f 1755 1756 1750
f 1832 1755 1750
f 1824 1823 1832
f 1755 1832 1831
f 1908 1817 1824
f 1831 1823 1750
f 1755 1831 1750
f 1824 1823 1745
f 1816 1817 1739
f 1817 1824 1745
f 1823 1816 1739
f 1823 1739 1745
f 1810 1733 1739
f 1810 1739 1816
f 1832 1839 1756
f 1832 1756 1751
f 1824 1832 1751
f 1824 1751 1745
f 1750 1823 1745
f 1750 1745 1751
f 1755 1750 1751
f 1755 1751 1756
f 1817 1908 1818
f 1908 1824 1825
f 1908 1825 1818
f 1839 1756 1757
f 1832 1839 1757
f 1832 1757 1833
f 1824 1832 1833
f 1824 1833 1825
f 1832 1824 1745
f 1832 1745 1751
f 1839 1832 1751
f 1839 1751 1756
f 1811 1817 1908
f 1811 1908 1900
f 1908 1818 1812
f 1908 1812 1900
f 1726 1720 1719
f 1726 1719 1725
f 1719 1713 1712
f 1713 1719 1720
f 1713 1706 1638
f 1713 1638 1643
f 1713 1643 1712
f 1802 1794 1720
f 1802 1720 1726
f 1713 1720 1794
f 1720 1651 1719
f 1725 1657 1726
f 1719 1651 1657
f 1719 1657 1725
f 1732 1663 1731
f 1713 1644 1639
f 1713 1639 1706
f 1706 1639 1638
f 1720 1644 1713
f 1712 1644 1651
f 1712 1651 1719
f 1643 1644 1712
f 1638 1644 1643
f 1802 1727 1721
f 1802 1721 1794
f 1794 1721 1720
f 1802 1726 1727
f 1810 1733 1732
f 1706 1707 1639
f 1794 1721 1714
f 1794 1714 1713
f 1713 1645 1644
f 1706 1639 1645
f 1706 1645 1713
f 1738 1737 1743
f 1738 1743 1744
f 1816 1810 1732
f 1816 1732 1738
f 1749 1750 1743
f 1744 1743 1750
f 1684 1755 1750
f 1684 1750 1749
f 1816 1744 1823
f 1744 1816 1738
f 1823 1744 1750
f 1755 1684 1685
f 1744 1743 1675
f 1737 1738 1669
f 1743 1737 1669
f 1743 1669 1675
f 1731 1663 1738
f 1731 1738 1737
f 1755 1686 1685
f 1750 1755 1685
f 1750 1685 1680
f 1744 1750 1680
f 1749 1743 1675
f 1749 1675 1680
f 1684 1749 1680
f 1684 1680 1685
f 1823 1744 1745
f 1816 1739 1738
f 1816 1823 1745
f 1816 1745 1739
f 1810 1732 1738
f 1810 1738 1816
f 1755 1686 1756
f 1750 1756 1751
f 1823 1750 1751
f 1823 1751 1745
f 1755 1750 1680
f 1755 1680 1686
f 1737 1738 1732
f 1737 1732 1731
f 1816 1739 1733
f 1816 1733 1810
f 1656 1650 1649
f 1656 1649 1655
f 1643 1637 1573
f 1643 1573 1579
f 1725 1719 1650
f 1725 1650 1656
f 1643 1650 1719
f 1643 1719 1712
f 1650 1585 1649
f 1656 1657 1725
f 1655 1590 1656
f 1649 1585 1590
f 1649 1590 1655
f 1731 1663 1662
f 1643 1580 1574
f 1643 1574 1637
f 1637 1574 1573
f 1643 1644 1580
f 1650 1651 1644
f 1650 1644 1643
f 1643 1579 1585
f 1643 1585 1650
f 1725 1657 1651
f 1725 1651 1719
f 1719 1651 1650
f 1650 1651 1656
f 1643 1638 1637
f 1643 1638 1574
f 1719 1651 1644
f 1719 1644 1712
f 1643 1644 1651
f 1643 1651 1650
f 1637 1574 1580
f 1637 1580 1643
f 1673 1674 1668
f 1673 1668 1667
f 1737 1731 1662
f 1737 1662 1668
f 1613 1684 1679
f 1674 1743 1737
f 1674 1737 1668
f 1749 1679 1684
f 1743 1674 1679
f 1743 1679 1749
f 1674 1673 1605
f 1668 1737 1669
f 1668 1674 1669
f 1673 1668 1601
f 1673 1601 1605
f 1684 1613 1614
f 1679 1684 1614
f 1679 1614 1680
f 1674 1679 1680
f 1674 1680 1675
f 1679 1674 1605
f 1679 1605 1609
f 1613 1679 1609
f 1743 1674 1675
f 1737 1743 1675
f 1737 1675 1669
f 1731 1663 1669
f 1731 1669 1737
f 1684 1614 1685
f 1749 1684 1685
f 1749 1685 1680
f 1743 1749 1680
f 1743 1680 1675
f 1679 1674 1675
f 1679 1675 1680
f 1684 1679 1680
f 1684 1680 1614
f 1737 1669 1663
f 1737 1663 1731
f 1578 1572 1511
f 1578 1511 1516
f 1655 1649 1584
f 1655 1584 1589
f 1578 1584 1649
f 1579 1578 1649
f 1578 1579 1573
f 1579 1649 1643
f 1578 1573 1572
f 1589 1590 1585
f 1589 1585 1584
f 1584 1585 1523
f 1589 1590 1655
f 1589 1529 1590
f 1589 1528 1529
f 1584 1523 1528
f 1584 1528 1589
f 1661 1595 1594
f 1578 1517 1512
f 1578 1512 1572
f 1572 1512 1511
f 1578 1579 1517
f 1584 1585 1579
f 1584 1579 1578
f 1578 1517 1523
f 1578 1523 1584
f 1516 1517 1578
f 1511 1512 1517
f 1511 1517 1516
f 1655 1590 1585
f 1655 1585 1649
f 1649 1585 1584
f 1584 1585 1590
f 1584 1590 1589
f 1662 1595 1661
f 1573 1512 1572
f 1649 1585 1579
f 1578 1579 1585
f 1578 1585 1584
f 1572 1512 1517
f 1572 1517 1578
f 1667 1661 1594
f 1667 1594 1600
f 1556 1612 1608
f 1604 1673 1667
f 1604 1667 1600
f 1661 1667 1668
f 1609 1608 1612
f 1679 1609 1612
f 1679 1612 1613
f 1673 1604 1608
f 1609 1673 1608
f 1613 1612 1608
f 1673 1609 1679
f 1604 1546 1605
f 1600 1667 1601
f 1600 1604 1605
f 1600 1605 1601
f 1600 1601 1540
f 1604 1600 1540
f 1604 1540 1545
f 1604 1545 1546
f 1594 1595 1601
f 1594 1601 1600
f 1612 1556 1557
f 1608 1612 1557
f 1608 1557 1609
f 1604 1608 1609
f 1604 1609 1605
f 1608 1604 1546
f 1608 1546 1552
f 1556 1608 1552
f 1556 1552 1557
f 1673 1604 1605
f 1667 1668 1601
f 1667 1673 1605
f 1667 1605 1601
f 1604 1600 1601
f 1604 1601 1605
f 1661 1595 1601
f 1661 1601 1667
f 1613 1612 1557
f 1673 1609 1605
f 1608 1604 1605
f 1608 1605 1609
f 1612 1609 1557
f 1667 1601 1595
f 1667 1595 1661
f 1668 1662 1661
f 1521 1516 1515
f 1516 1511 1457
f 1516 1457 1462
f 1516 1462 1515
f 1589 1584 1522
f 1589 1522 1528
f 1528 1522 1521
f 1528 1521 1527
f 1589 1528 1527
f 1522 1516 1521
f 1516 1522 1584
f 1516 1584 1578
f 1527 1528 1522
f 1527 1522 1521
f 1521 1522 1469
f 1527 1528 1588
f 1527 1473 1528
f 1521 1469 1473
f 1521 1473 1527
f 1593 1534 1533
f 1516 1464 1458
f 1516 1458 1511
f 1511 1458 1457
f 1515 1463 1469
f 1515 1469 1521
f 1462 1463 1515
f 1457 1463 1462
f 1589 1528 1590
f 1594 1595 1534
f 1534 1594 1593
f 1516 1517 1512
f 1516 1512 1511
f 1511 1512 1458
f 1584 1523 1517
f 1584 1517 1578
f 1584 1522 1523
f 1511 1458 1464
f 1511 1464 1516
f 1599 1593 1533
f 1599 1533 1538
f 1550 1551 1544
f 1494 1556 1551
f 1494 1551 1550
f 1600 1545 1604
f 1544 1545 1600
f 1544 1600 1538
f 1608 1551 1556
f 1551 1545 1544
f 1604 1545 1551
f 1604 1551 1608
f 1544 1487 1545
f 1538 1599 1539
f 1538 1544 1545
f 1538 1545 1539
f 1538 1539 1483
f 1544 1538 1483
f 1544 1483 1487
f 1533 1534 1539
f 1533 1539 1538
f 1556 1494 1495
f 1556 1495 1496
f 1551 1556 1496
f 1550 1544 1487
f 1550 1487 1491
f 1494 1550 1491
f 1494 1491 1495
f 1600 1601 1539
f 1600 1545 1539
f 1538 1600 1539
f 1544 1538 1539
f 1544 1539 1545
f 1594 1534 1539
f 1594 1539 1599
f 1600 1599 1539
f 1556 1496 1557
f 1608 1556 1557
f 1608 1557 1552
f 1604 1608 1552
f 1604 1552 1546
f 1594 1599 1600
f 1599 1594 1593
f 1599 1539 1534
f 1599 1534 1594
f 1462 1456 1405
f 1462 1405 1409
f 1527 1521 1468
f 1527 1468 1472
f 1462 1468 1521
f 1462 1521 1515
f 1462 1457 1456
f 1472 1473 1469
f 1472 1469 1468
f 1468 1415 1414
f 1468 1469 1415
f 1468 1414 1420
f 1468 1420 1472
f 1462 1410 1406
f 1462 1406 1456
f 1456 1406 1405
f 1462 1463 1410
f 1468 1469 1463
f 1468 1463 1462
f 1462 1410 1415
f 1462 1415 1468
f 1409 1410 1462
f 1405 1406 1410
f 1405 1410 1409
f 1527 1473 1469
f 1527 1469 1521
f 1521 1469 1468
f 1472 1473 1527
f 1468 1469 1473
f 1468 1473 1472
f 1533 1534 1478
f 1456 1457 1406
f 1521 1469 1463
f 1521 1463 1515
f 1462 1463 1469
f 1462 1469 1468
f 1456 1406 1463
f 1456 1463 1462
f 1478 1477 1533
f 1482 1533 1477
f 1442 1494 1490
f 1538 1486 1544
f 1486 1538 1482
f 1550 1490 1494
f 1544 1486 1490
f 1544 1490 1550
f 1486 1433 1434
f 1486 1434 1487
f 1482 1486 1487
f 1482 1487 1483
f 1486 1482 1429
f 1486 1429 1433
f 1494 1442 1443
f 1490 1494 1443
f 1490 1443 1491
f 1486 1490 1491
f 1486 1491 1487
f 1490 1486 1434
f 1490 1434 1439
f 1442 1490 1439
f 1442 1439 1443
f 1544 1486 1487
f 1538 1544 1487
f 1538 1487 1483
f 1482 1538 1483
f 1486 1482 1483
f 1486 1483 1487
f 1533 1478 1483
f 1533 1483 1538
f 1494 1443 1495
f 1550 1494 1495
f 1550 1495 1491
f 1544 1550 1491
f 1544 1491 1487
f 1490 1486 1487
f 1490 1487 1491
f 1494 1490 1491
f 1482 1483 1478
f 1482 1478 1533
f 1538 1539 1534
f 1538 1534 1533
f 1419 1413 1365
f 1419 1365 1369
f 1413 1409 1359
f 1413 1359 1365
f 1409 1405 1355
f 1409 1355 1360
f 1409 1360 1359
f 1419 1420 1472
f 1419 1414 1413
f 1472 1468 1414
f 1472 1414 1419
f 1414 1409 1413
f 1409 1414 1468
f 1476 1477 1424
f 1419 1420 1414
f 1413 1366 1365
f 1413 1414 1366
f 1419 1370 1420
f 1369 1370 1419
f 1365 1366 1370
f 1365 1370 1369
f 1425 1374 1424
f 1409 1361 1356
f 1409 1356 1405
f 1355 1356 1360
f 1405 1356 1355
f 1359 1360 1366
f 1359 1366 1365
f 1472 1420 1414
f 1413 1414 1420
f 1413 1420 1419
f 1477 1425 1424
f 1409 1410 1406
f 1409 1406 1405
f 1405 1406 1356
f 1468 1414 1410
f 1468 1410 1409
f 1405 1356 1361
f 1405 1361 1409
f 1381 1432 1428
f 1438 1386 1390
f 1438 1390 1442
f 1385 1438 1432
f 1385 1432 1381
f 1390 1438 1385
f 1429 1428 1432
f 1482 1429 1432
f 1482 1432 1486
f 1482 1428 1429
f 1433 1486 1432
f 1482 1477 1476
f 1482 1476 1481
f 1438 1433 1432
f 1486 1433 1438
f 1481 1428 1482
f 1432 1381 1382
f 1432 1382 1433
f 1428 1432 1433
f 1428 1433 1429
f 1428 1429 1378
f 1381 1428 1378
f 1381 1378 1382
f 1424 1374 1429
f 1424 1429 1428
f 1442 1390 1391
f 1438 1442 1391
f 1385 1381 1382
f 1385 1382 1386
f 1390 1385 1386
f 1482 1486 1433
f 1482 1433 1429
f 1432 1429 1433
f 1424 1425 1429
f 1442 1391 1443
f 1438 1442 1443
f 1438 1443 1439
f 1486 1438 1439
f 1486 1439 1433
f 1424 1428 1481
f 1424 1481 1476
f 1428 1429 1425
f 1428 1425 1424
f 1369 1365 1316
f 1369 1316 1320
f 1312 1316 1365
f 1312 1365 1359
f 1359 1354 1308
f 1359 1308 1312
f 1359 1360 1355
f 1359 1355 1354
f 1354 1355 1308
f 1369 1370 1366
f 1369 1366 1365
f 1365 1317 1316
f 1365 1366 1317
f 1369 1321 1370
f 1320 1321 1369
f 1316 1317 1321
f 1316 1321 1320
f 1373 1374 1325
f 1359 1313 1309
f 1359 1309 1355
f 1308 1309 1312
f 1355 1309 1308
f 1359 1360 1313
f 1365 1366 1360
f 1365 1360 1359
f 1312 1313 1317
f 1312 1317 1316
f 1308 1309 1313
f 1308 1313 1312
f 1424 1374 1373
f 1355 1309 1313
f 1355 1313 1359
f 1377 1332 1381
f 1332 1377 1328
f 1385 1336 1340
f 1385 1340 1389
f 1381 1332 1336
f 1381 1336 1385
f 1428 1377 1381
f 1428 1424 1373
f 1428 1373 1377
f 1385 1389 1390
f 1381 1332 1333
f 1381 1333 1382
f 1377 1378 1329
f 1377 1381 1382
f 1377 1382 1378
f 1328 1377 1329
f 1332 1328 1329
f 1332 1329 1333
f 1373 1325 1329
f 1373 1329 1377
f 1389 1340 1341
f 1385 1389 1341
f 1385 1341 1386
f 1381 1385 1386
f 1381 1386 1382
f 1336 1332 1333
f 1336 1333 1337
f 1340 1336 1337
f 1340 1337 1341
f 1377 1428 1378
f 1428 1381 1382
f 1428 1382 1378
f 1381 1377 1378
f 1373 1374 1378
f 1373 1378 1377
f 1390 1389 1341
f 1389 1385 1386
f 1389 1386 1341
f 1377 1378 1374
f 1377 1374 1373
f 1428 1378 1374
f 1428 1374 1424
f 1320 1316 1271
f 1320 1271 1275
f 1267 1271 1316
f 1267 1316 1312
f 1312 1308 1263
f 1312 1263 1267
f 1320 1276 1272
f 1320 1272 1316
f 1320 1276 1321
f 1316 1272 1271
f 1275 1276 1320
f 1271 1272 1276
f 1271 1276 1275
f 1324 1280 1279
f 1324 1325 1280
f 1267 1268 1264
f 1267 1264 1263
f 1312 1268 1267
f 1316 1272 1268
f 1316 1268 1312
f 1267 1268 1272
f 1267 1272 1271
f 1263 1264 1268
f 1263 1268 1267
f 1320 1321 1317
f 1320 1317 1316
f 1316 1317 1272
f 1316 1272 1276
f 1316 1276 1320
f 1373 1325 1324
f 1312 1313 1309
f 1308 1264 1263
f 1312 1309 1264
f 1312 1264 1308
f 1316 1317 1313
f 1316 1313 1312
f 1312 1268 1272
f 1312 1272 1316
f 1328 1283 1287
f 1328 1287 1332
f 1336 1291 1295
f 1332 1287 1291
f 1332 1291 1336
f 1324 1328 1377
f 1295 1340 1336
f 1328 1329 1284
f 1332 1287 1288
f 1283 1328 1284
f 1328 1332 1288
f 1328 1288 1329
f 1287 1283 1284
f 1287 1284 1288
f 1279 1284 1283
f 1336 1295 1296
f 1336 1296 1292
f 1332 1336 1292
f 1332 1292 1288
f 1291 1287 1288
f 1291 1288 1292
f 1295 1291 1292
f 1295 1292 1296
f 1332 1288 1333
f 1328 1332 1333
f 1328 1333 1329
f 1332 1329 1288
f 1324 1325 1329
f 1324 1329 1328
f 1340 1295 1296
f 1340 1296 1341
f 1336 1340 1341
f 1336 1341 1337
f 1332 1336 1337
f 1332 1337 1333
f 1336 1332 1288
f 1336 1288 1292
f 1295 1336 1292
f 1283 1328 1324
f 1283 1324 1279
f 1328 1329 1325
f 1328 1325 1324
f 1377 1329 1325
f 1377 1325 1324
f 1275 1271 1228
f 1275 1228 1232
f 1271 1267 1224
f 1271 1224 1228
f 1267 1263 1224
f 1232 1233 1229
f 1232 1229 1228
f 1228 1229 1233
f 1228 1233 1232
f 1224 1225 1221
f 1224 1221 1220
f 1228 1229 1225
f 1228 1225 1224
f 1224 1225 1229
f 1224 1229 1228
f 1220 1221 1225
f 1220 1225 1224
f 1275 1276 1272
f 1275 1272 1271
f 1271 1272 1229
f 1271 1229 1228
f 1232 1233 1275
f 1263 1221 1224
f 1263 1264 1221
f 1228 1229 1272
f 1228 1272 1271
f 1271 1272 1268
f 1271 1268 1267
f 1283 1279 1236
f 1283 1236 1239
f 1243 1287 1283
f 1247 1291 1287
f 1247 1287 1243
f 1251 1295 1291
f 1251 1291 1247
f 1239 1243 1244
f 1247 1251 1252
f 1247 1252 1248
f 1243 1247 1248
f 1243 1248 1244
f 1247 1243 1244
f 1247 1244 1248
f 1251 1247 1248
f 1251 1248 1252
f 1287 1243 1244
f 1287 1244 1288
f 1283 1287 1288
f 1283 1288 1284
f 1243 1283 1240
f 1243 1240 1244
f 1295 1251 1252
f 1295 1252 1296
f 1243 1287 1288
f 1243 1288 1244
f 1291 1295 1296
f 1291 1296 1292
f 1287 1291 1292
f 1287 1292 1288
f 1182 1178 1133
f 1182 1133 1137
f 1232 1228 1186
f 1232 1186 1190
f 1182 1186 1228
f 1182 1228 1224
f 1224 1220 1178
f 1224 1178 1182
f 1190 1191 1187
f 1190 1187 1186
f 1186 1187 1191
f 1186 1191 1190
f 1182 1183 1179
f 1182 1179 1178
f 1178 1179 1133
f 1186 1187 1183
f 1186 1183 1182
f 1182 1183 1187
f 1182 1187 1186
f 1137 1183 1182
f 1133 1179 1183
f 1133 1183 1137
f 1228 1229 1187
f 1228 1187 1186
f 1186 1187 1229
f 1186 1229 1228
f 1220 1221 1179
f 1220 1179 1178
f 1178 1179 1183
f 1178 1183 1182
f 1197 1236 1194
f 1165 1208 1204
f 1239 1200 1243
f 1200 1239 1197
f 1247 1204 1208
f 1247 1208 1251
f 1243 1200 1204
f 1243 1204 1247
f 1197 1200 1201
f 1208 1165 1209
f 1204 1208 1209
f 1204 1209 1205
f 1200 1204 1205
f 1200 1205 1201
f 1204 1200 1201
f 1204 1201 1205
f 1165 1204 1205
f 1165 1205 1209
f 1243 1200 1201
f 1243 1201 1244
f 1200 1243 1244
f 1200 1244 1201
f 1251 1208 1209
f 1251 1209 1252
f 1208 1204 1205
f 1208 1205 1209
f 1236 1197 1239
f 1145 1141 1095
f 1145 1095 1099
f 1141 1137 1091
f 1141 1091 1095
f 1137 1141 1182
f 1145 1146 1142
f 1145 1142 1141
f 1141 1142 1096
f 1141 1096 1095
f 1099 1146 1145
f 1099 1100 1146
f 1095 1096 1100
f 1095 1100 1099
f 1137 1138 1134
f 1137 1134 1133
f 1087 1134 1088
f 1137 1134 1091
f 1091 1134 1087
f 1095 1096 1142
f 1095 1142 1141
f 1141 1142 1138
f 1141 1138 1137
f 1091 1138 1096
f 1091 1096 1095
f 1091 1092 1138
f 1087 1088 1092
f 1087 1092 1091
f 1145 1191 1187
f 1145 1187 1141
f 1141 1187 1142
f 1190 1191 1145
f 1141 1142 1146
f 1141 1146 1145
f 1182 1183 1138
f 1182 1138 1137
f 1141 1187 1183
f 1141 1183 1182
f 1137 1138 1142
f 1137 1142 1141
f 1133 1134 1138
f 1133 1138 1137
f 1111 1157 1153
f 1111 1153 1107
f 1115 1161 1157
f 1115 1157 1111
f 1119 1165 1161
f 1119 1161 1115
f 1197 1153 1157
f 1204 1161 1165
f 1157 1161 1204
f 1157 1111 1112
f 1157 1112 1158
f 1153 1157 1158
f 1153 1158 1154
f 1107 1153 1154
f 1111 1107 1154
f 1111 1154 1112
f 1149 1150 1154
f 1149 1154 1153
f 1119 1120 1166
f 1165 1119 1166
f 1111 1157 1158
f 1111 1158 1112
f 1161 1165 1166
f 1161 1166 1162
f 1157 1161 1162
f 1157 1162 1158
f 1115 1111 1112
f 1115 1112 1162
f 1119 1115 1162
f 1119 1162 1120
f 1157 1158 1201
f 1197 1157 1201
f 1157 1153 1154
f 1157 1154 1158
f 1204 1165 1166
f 1204 1166 1205
f 1157 1204 1205
f 1157 1205 1201
f 1161 1157 1158
f 1161 1158 1162
f 1165 1161 1162
f 1165 1162 1166
f 1194 1153 1197
f 1149 1153 1194
f 1099 1095 1047
f 1099 1047 1051
f 1041 1037 1042
f 1041 1047 1095
f 1041 1095 1091
f 1091 1087 1037
f 1091 1037 1041
f 1099 1100 1096
f 1099 1096 1095
f 1047 1096 1048
f 1095 1096 1047
f 1051 1100 1099
f 1051 1052 1100
f 1047 1048 1052
f 1047 1052 1051
f 1103 1104 1055
f 1091 1092 1088
f 1091 1088 1087
f 1037 1088 1042
f 1087 1088 1037
f 1095 1096 1092
f 1095 1092 1091
f 1041 1042 1048
f 1041 1048 1047
f 1149 1150 1104
f 1149 1104 1103
f 1091 1092 1096
f 1150 1149 1103
f 1107 1059 1063
f 1107 1063 1111
f 1115 1067 1071
f 1115 1071 1119
f 1111 1063 1067
f 1111 1067 1115
f 1103 1107 1153
f 1071 1067 1072
f 1063 1064 1112
f 1111 1063 1112
f 1059 1107 1108
f 1107 1111 1112
f 1107 1112 1108
f 1059 1108 1060
f 1063 1059 1060
f 1063 1060 1064
f 1055 1104 1108
f 1055 1108 1059
f 1071 1072 1120
f 1119 1071 1120
f 1115 1119 1120
f 1115 1120 1116
f 1111 1115 1116
f 1111 1116 1112
f 1067 1063 1064
f 1067 1064 1068
f 1072 1067 1068
f 1107 1154 1108
f 1107 1112 1154
f 1111 1107 1108
f 1111 1108 1112
f 1153 1107 1108
f 1153 1108 1154
f 1103 1104 1108
f 1103 1108 1107
f 1115 1112 1116
f 1119 1115 1116
f 1119 1116 1120
f 1059 1107 1103
f 1059 1103 1055
f 1107 1108 1104
f 1107 1104 1103
f 1153 1154 1150
f 1153 1150 1103
f 993 989 994
f 989 993 1042
f 1051 1047 993
f 1051 993 999
f 1047 1041 993
f 1042 1037 985
f 1042 985 989
f 1041 1042 989
f 1041 1042 993
f 999 1052 1048
f 999 1048 993
f 999 1052 1051
f 993 1048 994
f 999 1000 1052
f 993 994 1000
f 993 1000 999
f 1004 1056 1005
f 1055 1056 1004
f 989 1043 1038
f 989 1038 985
f 985 1038 986
f 985 986 989
f 1042 1043 989
f 993 1048 1042
f 985 986 990
f 985 990 989
f 1051 1052 1048
f 1051 1048 1047
f 1047 1048 993
f 993 1048 1052
f 993 1052 999
f 1055 1104 1056
f 1037 1038 985
f 1037 1038 1042
f 1047 1048 1042
f 1047 1042 1041
f 985 1038 1043
f 985 1043 989
f 1059 1008 1013
f 1059 1055 1004
f 1059 1004 1008
f 1068 1019 1023
f 1019 1013 1014
f 1013 1019 1068
f 1013 1063 1059
f 1067 1063 1013
f 1023 1072 1067
f 1067 1013 1068
f 1023 1067 1068
f 1008 1059 1060
f 1013 1014 1064
f 1008 1060 1009
f 1059 1013 1064
f 1059 1064 1060
f 1013 1008 1009
f 1013 1009 1014
f 1004 1005 1009
f 1004 1009 1008
f 1023 1024 1073
f 1068 1023 1073
f 1013 1068 1064
f 1023 1019 1024
f 1063 1013 1064
f 1059 1063 1064
f 1013 1059 1060
f 1013 1060 1064
f 1055 1056 1060
f 1055 1060 1059
f 1072 1023 1073
f 1063 1067 1068
f 1063 1068 1064
f 1059 1060 1056
f 1059 1056 1055
f 1059 1108 1056
f 999 993 994
f 999 994 1000
f 1000 994 944
f 1000 944 948
f 999 1000 948
f 994 989 939
f 994 939 944
f 989 985 933
f 989 933 939
f 948 1000 995
f 948 995 944
f 944 995 945
f 944 945 949
f 944 949 948
f 1004 1005 952
f 939 990 986
f 939 986 933
f 933 934 939
f 933 986 934
f 944 995 990
f 944 990 939
f 939 940 945
f 939 945 944
f 933 934 940
f 933 940 939
f 989 990 986
f 985 986 933
f 944 995 994
f 994 990 989
f 939 990 995
f 939 995 944
f 933 986 990
f 933 990 939
f 1008 1004 952
f 1008 952 956
f 1008 1014 1013
f 960 1014 1008
f 960 1008 956
f 964 1019 1014
f 964 1014 960
f 968 1023 1019
f 968 1019 964
f 960 1015 1014
f 956 1008 1009
f 960 961 1015
f 956 960 1014
f 956 1014 1009
f 960 956 957
f 960 957 961
f 968 969 1024
f 964 968 1024
f 964 1024 1020
f 960 964 1020
f 960 1020 1015
f 964 960 961
f 964 961 965
f 968 964 965
f 968 965 969
f 1008 1014 1009
f 960 956 1009
f 960 1009 1014
f 1023 968 1024
f 1019 1024 1020
f 1014 1019 1020
f 964 960 1015
f 964 1015 1020
f 968 964 1020
f 968 1020 1024
f 1008 1009 1005
f 1008 1005 1004
f 883 878 884
f 878 883 877
f 948 944 883
f 948 883 889
f 883 939 877
f 939 940 878
f 939 878 877
f 939 934 940
f 939 883 944
f 883 884 889
f 889 949 945
f 889 945 883
f 883 945 884
f 889 890 949
f 884 890 889
f 895 953 896
f 878 940 935
f 878 935 873
f 873 874 878
f 873 935 874
f 877 940 878
f 883 945 940
f 883 940 877
f 873 874 879
f 873 879 878
f 948 949 945
f 948 945 944
f 944 945 883
f 889 949 948
f 883 945 949
f 883 949 889
f 952 953 895
f 940 934 878
f 878 934 873
f 944 945 940
f 944 940 939
f 877 940 945
f 877 945 883
f 873 934 940
f 873 940 878
f 910 911 917
f 911 904 905
f 904 911 910
f 956 904 960
f 904 956 899
f 964 910 916
f 964 916 968
f 910 964 904
f 917 969 910
f 969 916 910
f 916 917 910
f 960 904 964
f 969 968 916
f 917 916 964
f 917 964 910
f 904 905 961
f 899 957 900
f 899 904 961
f 899 961 957
f 904 899 900
f 904 900 905
f 895 896 900
f 895 900 899
f 917 970 969
f 917 918 970
f 910 969 965
f 904 910 965
f 904 965 961
f 917 911 918
f 960 904 961
f 899 956 957
f 956 960 961
f 956 961 957
f 904 899 957
f 904 957 961
f 952 953 957
f 952 957 899
f 964 968 969
f 964 969 965
f 960 964 965
f 960 965 961
f 910 904 961
f 910 961 965
f 917 910 965
f 917 965 969
f 952 899 956
f 899 957 953
f 899 953 895
f 956 953 952
f 817 811 812
f 817 812 818
f 889 884 823
f 889 823 827
f 817 823 878
f 878 823 884
f 878 873 817
f 827 891 885
f 827 885 823
f 823 885 824
f 827 890 891
f 823 824 828
f 823 828 827
f 817 879 874
f 817 874 811
f 811 874 812
f 823 885 879
f 823 879 817
f 817 818 824
f 817 824 823
f 823 884 885
f 827 890 889
f 823 885 891
f 823 891 827
f 895 896 832
f 896 831 832
f 878 879 874
f 873 874 817
f 817 879 885
f 817 885 823
f 811 874 879
f 811 879 817
f 831 895 832
f 836 831 832
f 849 848 844
f 899 836 840
f 899 840 904
f 840 905 904
f 911 844 848
f 911 848 917
f 840 844 911
f 905 840 911
f 899 904 905
f 840 841 906
f 836 840 906
f 836 906 900
f 840 836 837
f 840 837 841
f 832 833 837
f 832 837 836
f 848 849 918
f 844 848 918
f 844 918 912
f 840 844 912
f 840 912 906
f 844 840 841
f 844 841 845
f 849 844 845
f 840 906 905
f 836 899 900
f 899 905 900
f 840 836 900
f 840 900 906
f 831 896 900
f 831 900 836
f 917 848 918
f 844 840 906
f 844 906 912
f 848 844 912
f 848 912 918
f 831 836 899
f 831 899 895
f 836 900 896
f 836 896 831
f 899 900 896
f 899 896 895
f 827 823 752
f 827 752 758
f 758 752 753
f 758 753 759
f 746 818 817
f 752 746 753
f 746 752 818
f 746 812 818
f 818 752 823
f 818 823 817
f 759 828 824
f 759 824 753
f 759 828 758
f 753 754 760
f 753 760 759
f 764 833 765
f 746 819 813
f 746 813 740
f 740 813 741
f 746 818 819
f 753 824 818
f 753 818 746
f 746 747 754
f 746 754 753
f 740 741 747
f 740 747 746
f 827 828 824
f 827 824 823
f 752 824 753
f 823 824 752
f 758 828 827
f 753 824 828
f 753 828 759
f 832 833 764
f 818 813 746
f 812 813 818
f 823 824 818
f 746 818 824
f 746 824 753
f 740 813 819
f 740 819 746
f 770 771 777
f 836 770 776
f 836 776 840
f 777 776 770
f 845 782 788
f 844 845 788
f 844 788 849
f 782 776 777
f 776 782 845
f 840 776 845
f 840 845 844
f 771 770 837
f 770 777 841
f 770 841 837
f 777 771 778
f 788 789 850
f 782 788 850
f 782 850 845
f 777 782 845
f 777 845 841
f 782 777 778
f 782 778 783
f 788 782 783
f 788 783 789
f 776 777 841
f 840 776 841
f 770 836 837
f 836 840 841
f 836 841 837
f 777 770 837
f 777 837 841
f 764 833 837
f 764 837 770
f 849 788 850
f 840 845 841
f 782 777 841
f 782 841 845
f 788 845 850
f 771 770 764
f 771 764 765
f 764 770 836
f 764 836 832
f 770 837 833
f 770 833 764
f 836 837 833
f 836 833 832
f 688 682 683
f 688 683 689
f 676 683 682
f 759 753 682
f 759 682 688
f 682 746 675
f 746 682 753
f 746 740 741
f 746 741 747
f 747 741 669
f 747 669 676
f 746 747 676
f 746 676 675
f 688 760 754
f 688 754 682
f 682 754 683
f 688 689 760
f 694 766 695
f 676 747 741
f 676 741 669
f 669 742 676
f 669 741 742
f 682 754 747
f 682 747 676
f 676 748 683
f 669 742 748
f 669 748 676
f 759 760 754
f 759 754 753
f 753 754 682
f 688 760 759
f 682 754 760
f 682 760 688
f 765 766 694
f 753 754 747
f 753 747 746
f 675 747 754
f 675 754 682
f 676 747 675
f 700 707 706
f 707 700 701
f 706 707 713
f 771 700 706
f 771 706 777
f 712 782 706
f 789 782 713
f 789 788 782
f 718 789 713
f 782 718 713
f 777 706 782
f 718 782 712
f 706 707 778
f 700 772 701
f 700 706 778
f 700 778 772
f 694 695 701
f 694 701 700
f 718 790 789
f 713 789 783
f 706 713 783
f 706 783 778
f 713 707 784
f 718 713 784
f 718 784 790
f 777 706 778
f 700 771 772
f 706 700 772
f 706 772 778
f 694 766 772
f 694 772 700
f 782 789 783
f 777 782 783
f 777 783 778
f 712 706 778
f 712 778 783
f 718 712 783
f 718 783 789
f 694 700 771
f 694 771 765
f 700 772 766
f 700 766 694
f 610 602 603
f 610 603 611
f 594 603 602
f 594 602 593
f 594 670 585
f 689 683 602
f 689 602 610
f 683 676 593
f 683 593 602
f 676 669 670
f 676 670 594
f 676 594 593
f 593 676 602
f 594 677 676
f 670 677 594
f 610 690 684
f 610 684 602
f 602 684 603
f 611 690 610
f 603 684 690
f 603 690 611
f 618 695 696
f 585 670 671
f 593 677 594
f 602 684 677
f 602 677 593
f 594 677 684
f 594 684 603
f 594 678 677
f 585 671 678
f 585 678 594
f 683 684 602
f 610 690 689
f 602 684 690
f 602 690 610
f 676 748 742
f 669 742 670
f 676 677 748
f 683 677 676
f 676 677 684
f 676 684 602
f 632 631 624
f 632 624 625
f 639 640 647
f 640 631 632
f 631 640 639
f 701 631 707
f 624 631 701
f 639 713 707
f 639 707 631
f 719 718 647
f 647 718 713
f 647 713 639
f 639 631 713
f 631 632 708
f 624 631 708
f 624 708 702
f 625 624 702
f 632 625 702
f 632 702 708
f 624 702 701
f 618 696 702
f 618 702 624
f 647 720 719
f 639 647 719
f 639 719 714
f 631 639 714
f 631 714 708
f 640 632 708
f 640 708 714
f 647 640 714
f 647 714 720
f 707 631 708
f 631 624 702
f 631 702 708
f 618 695 701
f 618 701 624
f 718 719 790
f 713 718 790
f 713 790 714
f 707 713 714
f 713 631 708
f 713 708 714
f 647 713 714
f 647 714 719
f 700 695 694
f 624 701 695
f 624 695 618
f 700 701 695
f 523 513 514
f 523 514 524
f 514 595 503
f 595 514 513
f 595 513 603
f 595 603 594
f 595 586 493
f 595 493 503
f 611 603 513
f 611 513 523
f 594 585 586
f 594 586 595
f 513 603 523
f 523 612 604
f 523 604 513
f 513 604 514
f 523 612 611
f 524 612 523
f 514 604 612
f 514 612 524
f 619 620 532
f 586 587 493
f 603 604 595
f 513 604 603
f 503 595 604
f 503 604 514
f 493 587 595
f 611 684 603
f 603 604 612
f 603 612 523
f 618 696 619
f 594 678 671
f 594 671 585
f 585 671 586
f 603 684 677
f 603 677 594
f 594 595 604
f 594 604 603
f 586 671 595
f 549 548 540
f 625 619 532
f 625 532 540
f 558 641 549
f 640 641 648
f 548 549 641
f 648 641 558
f 566 648 558
f 632 548 641
f 632 641 640
f 548 632 625
f 618 619 625
f 618 625 624
f 648 647 640
f 540 548 625
f 549 540 541
f 548 549 633
f 540 625 626
f 625 548 633
f 625 633 626
f 541 540 626
f 549 541 626
f 549 626 633
f 532 620 626
f 532 626 540
f 648 566 649
f 632 641 633
f 548 632 633
f 558 549 633
f 558 633 641
f 566 558 641
f 566 641 648
f 548 625 626
f 548 626 633
f 647 648 720
f 640 647 720
f 640 720 714
f 632 640 714
f 632 714 708
f 640 632 633
f 640 633 641
f 624 702 696
f 624 696 618
f 524 514 397
f 524 397 411
f 504 515 514
f 504 514 503
f 503 493 494
f 503 494 504
f 524 525 605
f 524 605 514
f 514 515 397
f 524 525 612
f 514 605 515
f 524 613 525
f 524 612 613
f 411 525 524
f 397 515 525
f 397 525 411
f 533 620 534
f 534 425 533
f 504 596 587
f 504 587 494
f 503 596 504
f 514 605 596
f 514 596 503
f 494 587 596
f 494 596 504
f 524 612 604
f 524 604 514
f 514 604 605
f 514 605 613
f 514 613 524
f 532 620 533
f 503 596 587
f 503 587 493
f 493 587 494
f 503 595 596
f 514 604 595
f 503 596 605
f 503 605 514
f 453 549 541
f 453 541 439
f 558 559 567
f 549 550 559
f 549 559 558
f 532 533 541
f 532 541 540
f 549 634 550
f 549 453 550
f 541 626 542
f 541 549 550
f 541 550 627
f 541 627 626
f 439 541 542
f 453 439 542
f 453 542 550
f 425 534 542
f 425 542 541
f 558 567 649
f 558 649 642
f 549 558 642
f 549 642 634
f 567 559 649
f 549 634 633
f 541 549 633
f 541 633 626
f 549 626 634
f 533 620 626
f 533 626 541
f 566 567 649
f 558 566 649
f 558 649 641
f 549 641 633
f 558 549 634
f 558 634 642
f 566 558 642
f 566 642 649
f 541 533 425
f 541 626 620
f 541 620 533
f 540 626 620
f 540 620 532
f 411 397 398
f 411 398 412
f 384 398 397
f 384 397 383
f 384 495 371
f 397 504 383
f 504 397 515
f 504 494 495
f 504 495 384
f 504 384 383
f 425 533 426
f 411 526 516
f 411 516 397
f 411 526 525
f 397 516 398
f 412 526 411
f 398 516 526
f 398 526 412
f 426 534 535
f 384 505 495
f 383 505 384
f 397 516 505
f 397 505 383
f 384 505 516
f 384 516 398
f 371 495 505
f 371 505 384
f 411 525 515
f 411 515 397
f 397 515 516
f 397 516 526
f 397 526 411
f 533 534 426
f 504 597 588
f 504 588 494
f 494 588 495
f 383 505 516
f 383 516 397
f 439 454 453
f 454 439 440
f 467 468 481
f 453 454 468
f 453 468 467
f 425 426 439
f 425 439 438
f 467 559 453
f 550 453 559
f 568 567 481
f 481 567 559
f 481 559 467
f 438 439 541
f 439 542 543
f 453 454 551
f 439 453 551
f 439 551 543
f 440 439 543
f 454 440 543
f 454 543 551
f 426 535 543
f 426 543 439
f 467 481 568
f 467 568 560
f 453 467 560
f 453 560 551
f 468 454 551
f 468 551 560
f 481 468 560
f 481 560 568
f 453 551 550
f 439 453 550
f 439 550 542
f 453 542 551
f 426 534 542
f 426 542 439
f 567 568 650
f 559 567 650
f 467 453 551
f 467 551 560
f 481 467 560
f 438 541 425
f 439 542 534
f 439 534 426
f 541 542 534
f 541 534 425
f 412 413 315
f 412 398 399
f 412 399 413
f 413 399 305
f 413 305 315
f 385 399 398
f 385 398 384
f 384 371 372
f 384 372 385
f 427 428 325
f 385 506 496
f 385 496 372
f 372 496 497
f 384 506 385
f 398 517 506
f 398 506 384
f 398 399 517
f 385 506 399
f 385 507 506
f 372 497 507
f 372 507 385
f 412 526 516
f 412 516 398
f 398 516 399
f 412 413 526
f 398 399 413
f 398 413 412
f 426 535 427
f 384 506 496
f 384 496 371
f 371 496 372
f 398 517 516
f 384 505 506
f 398 516 505
f 398 505 384
f 384 506 517
f 384 517 398
f 372 496 506
f 372 506 385
f 440 441 455
f 440 455 454
f 335 441 440
f 345 455 441
f 345 441 335
f 468 469 482
f 454 455 469
f 454 469 468
f 427 440 439
f 482 481 468
f 325 428 441
f 325 441 335
f 482 570 569
f 468 482 569
f 468 569 561
f 454 468 561
f 454 561 552
f 454 552 455
f 469 455 561
f 482 469 561
f 482 561 570
f 454 455 551
f 440 454 551
f 440 551 543
f 440 543 441
f 454 440 441
f 454 441 455
f 427 535 440
f 481 482 569
f 454 551 552
f 468 481 569
f 468 569 560
f 454 468 560
f 454 560 551
f 468 454 552
f 468 552 561
f 482 468 561
f 482 561 569
f 335 440 427
f 335 427 325
f 439 543 535
f 439 535 427
f 297 306 386
f 386 373 297
f 315 305 306
f 315 306 316
f 305 385 386
f 305 386 306
f 385 305 399
f 385 372 373
f 385 373 386
f 316 414 400
f 316 400 306
f 316 414 315
f 306 400 414
f 306 414 316
f 325 428 429
f 325 429 326
f 386 497 373
f 306 400 386
f 297 386 400
f 297 400 306
f 297 387 386
f 373 374 387
f 373 387 297
f 315 413 399
f 315 399 305
f 305 400 306
f 305 399 400
f 315 414 413
f 385 507 497
f 385 497 372
f 372 497 373
f 335 336 346
f 335 325 326
f 335 326 336
f 363 483 355
f 346 345 335
f 469 470 483
f 469 483 482
f 470 469 345
f 470 345 346
f 455 345 469
f 355 483 470
f 346 355 470
f 336 335 442
f 335 346 456
f 335 456 442
f 346 336 442
f 346 442 456
f 335 442 441
f 326 429 442
f 326 442 336
f 346 470 456
f 355 346 456
f 355 456 470
f 363 355 470
f 363 470 484
f 483 363 484
f 345 346 456
f 345 456 455
f 335 345 455
f 335 455 441
f 346 335 442
f 482 483 570
f 469 482 570
f 469 570 561
f 335 441 428
f 335 428 325
f 298 291 292
f 298 292 299
f 316 306 307
f 316 307 317
f 298 307 306
f 298 306 297
f 297 373 291
f 297 291 298
f 317 415 401
f 317 401 307
f 307 401 402
f 317 415 316
f 317 416 415
f 307 402 416
f 307 416 317
f 326 430 327
f 298 387 374
f 298 374 291
f 291 374 375
f 291 375 292
f 307 401 387
f 307 387 298
f 298 388 402
f 298 402 307
f 299 388 298
f 292 375 388
f 292 388 299
f 306 401 307
f 306 400 401
f 316 415 414
f 307 401 415
f 307 415 317
f 326 429 430
f 297 387 374
f 297 374 373
f 373 374 291
f 298 387 401
f 298 401 307
f 291 374 387
f 291 387 298
f 336 326 327
f 336 327 337
f 365 364 356
f 336 347 346
f 347 336 337
f 355 356 364
f 355 364 363
f 346 347 356
f 346 356 355
f 363 364 483
f 347 458 457
f 337 336 443
f 337 347 457
f 337 457 443
f 347 337 443
f 347 443 458
f 327 430 443
f 327 443 337
f 364 365 485
f 364 485 484
f 356 364 484
f 356 484 471
f 347 356 471
f 347 471 457
f 356 347 458
f 356 458 472
f 365 356 472
f 365 472 485
f 346 347 457
f 346 457 456
f 336 442 443
f 336 346 456
f 336 456 442
f 347 443 457
f 326 430 443
f 326 443 336
f 483 364 484
f 355 363 484
f 355 484 470
f 356 347 457
f 356 457 471
f 364 356 471
f 364 471 484
f 336 443 430
f 336 430 326
f 336 442 429
f 336 429 326
f 318 308 309
f 318 309 319
f 308 299 300
f 308 300 309
f 317 307 308
f 317 308 318
f 299 308 307
f 299 307 298
f 318 416 402
f 318 402 308
f 308 402 403
f 308 403 309
f 299 388 375
f 299 375 292
f 299 376 300
f 292 376 299
f 292 375 376
f 309 403 402
f 309 402 308
f 308 402 388
f 308 388 299
f 317 416 402
f 317 402 307
f 307 402 308
f 318 416 317
f 308 402 416
f 308 416 318
f 327 431 328
f 327 430 431
f 307 402 388
f 307 388 298
f 299 388 402
f 299 402 308
f 349 348 338
f 358 357 348
f 358 348 349
f 366 365 357
f 366 357 358
f 337 338 348
f 337 348 347
f 356 357 365
f 347 348 357
f 347 357 356
f 348 349 459
f 348 459 458
f 338 348 458
f 338 458 444
f 349 338 445
f 365 366 486
f 365 486 485
f 349 348 458
f 349 458 459
f 357 365 485
f 357 485 472
f 348 357 472
f 348 472 458
f 337 443 444
f 347 348 458
f 338 337 444
f 337 347 458
f 337 458 443
f 348 338 444
f 348 444 458
f 328 431 444
f 328 444 338
f 356 365 485
f 356 485 472
f 347 356 472
f 347 472 458
f 357 348 458
f 357 458 472
f 365 357 472
f 328 338 337
f 328 337 327
f 338 444 431
f 338 431 328
f 337 443 430
f 337 430 327
f 1156 1110 1102
f 1156 1102 1148
f 1062 1011 1002
f 1062 1002 1054
f 903 839 830
f 903 830 894
f 839 775 763
f 839 763 830
f 705 630 617
f 705 617 693
f 630 629 616
f 630 616 617
f 452 451 423
f 452 423 424
f 343 342 322
f 343 322 323
f 342 341 321
f 342 321 322
f 341 340 320
f 341 320 321
f 339 337 317
f 339 317 319
f 337 336 316
f 337 316 317
f 441 440 412
f 441 412 413
f 542 541 524
f 542 524 525
f 541 625 611
f 541 611 524
f 625 701 689
f 625 689 611
f 701 771 759
f 701 759 689
f 771 836 827
f 771 827 759
f 899 956 948
f 899 948 889
f 956 1008 999
f 956 999 948
f 1008 1059 1051
f 1008 1051 999
f 1153 1197 1190
f 1153 1190 1145
f 1377 1428 1419
f 1377 1419 1369
f 1538 1600 1589
f 1538 1589 1527
f 1668 1738 1726
f 1668 1726 1656
f 1817 1909 1892
f 1817 1892 1803
f 1909 1910 1893
f 1909 1893 1892
f 1910 2021 1994
f 1910 1994 1893
f 2021 2121 2100
f 2021 2100 1994
f 2123 2125 2104
f 2123 2104 2102
f 2125 2126 2105
f 2125 2105 2104
f 2126 2127 2106
f 2126 2106 2105
f 2128 2129 2108
f 2128 2108 2107
f 2032 2033 2006
f 2032 2006 2005
f 2033 1914 1898
f 2033 1898 2006
f 1914 1821 1808
f 1914 1808 1898
f 1672 1603 1592
f 1672 1592 1660
f 1603 1543 1532
f 1603 1532 1592
f 1380 1331 1323
f 1380 1323 1372
f 1148 1235 1242
f 1148 1242 1156
f 1054 1102 1110
f 1054 1110 1062
f 1176 1130 1131
f 1131 1130 1084
f 894 1002 1011
f 894 1011 903
f 1034 982 983
f 983 982 930
f 693 763 775
f 693 775 705
f 930 929 870
f 530 616 629
f 530 629 546
f 808 807 737
f 424 530 546
f 424 546 452
f 737 807 736
f 323 423 451
f 323 451 343
f 736 735 734
f 736 734 665
f 665 734 664
f 319 320 340
f 319 340 339
f 413 316 336
f 413 336 441
f 659 728 658
f 658 728 727
f 525 412 440
f 525 440 542
f 727 799 726
f 726 799 798
f 798 864 797
f 797 864 863
f 889 827 836
f 889 836 899
f 979 1030 978
f 1030 1081 1080
f 1080 1081 1126
f 1145 1051 1059
f 1145 1059 1153
f 1232 1190 1197
f 1232 1197 1239
f 1275 1232 1239
f 1275 1239 1283
f 1369 1275 1283
f 1369 1283 1377
f 1347 1399 1398
f 1472 1419 1428
f 1472 1428 1482
f 1398 1399 1449
f 1527 1472 1482
f 1527 1482 1538
f 1656 1589 1600
f 1656 1600 1668
f 1803 1726 1738
f 1803 1738 1817
f 1627 1628 1693
f 1693 1628 1694
f 1764 1765 1850
f 2101 2100 2121
f 2101 2121 2122
f 1850 1765 1851
f 2102 2101 2122
f 2102 2122 2123
f 2107 2106 2127
f 2107 2127 2128
f 1856 1771 1857
f 2005 2108 2129
f 2005 2129 2032
f 1857 1771 1772
f 1857 1772 1773
f 1773 1702 1774
f 1774 1702 1703
f 1809 1808 1821
f 1809 1821 1822
f 1660 1730 1742
f 1660 1742 1672
f 1634 1568 1569
f 1569 1508 1509
f 1509 1508 1453
f 1422 1532 1543
f 1422 1543 1430
f 1372 1422 1430
f 1372 1430 1380
f 1402 1351 1352
f 1352 1351 1306
f 1278 1323 1331
f 1278 1331 1286
f 1235 1278 1286
f 1235 1286 1242
f 1260 1254 1211
f 1260 1211 1217
f 1217 1211 1169
f 1217 1169 1175
f 1175 1169 1122
f 1175 1122 1129
f 1027 1028 1077
f 1027 1077 1076
f 1129 1122 1083
f 975 1028 1027
f 1083 1122 1075
f 1083 1075 1033
f 922 923 975
f 1033 1075 1026
f 1033 1026 1032
f 858 859 923
f 858 923 922
f 1032 1026 981
f 794 859 858
f 981 1026 973
f 981 973 928
f 793 722 794
f 721 653 722
f 721 722 793
f 928 973 921
f 928 921 868
f 652 653 721
f 868 921 867
f 651 573 652
f 867 921 857
f 867 857 806
f 572 491 573
f 572 573 651
f 806 857 805
f 571 490 491
f 805 857 856
f 805 856 804
f 804 856 855
f 804 855 803
f 803 855 792
f 803 792 732
f 487 367 488
f 486 367 487
f 732 792 791
f 732 791 731
f 485 484 486
f 731 791 854
f 731 854 730
f 570 483 484
f 570 484 485
f 730 854 853
f 730 853 802
f 569 482 483
f 569 483 570
f 802 853 801
f 568 482 569
f 801 853 852
f 649 567 568
f 801 852 851
f 801 851 866
f 648 567 649
f 866 851 920
f 866 920 865
f 865 920 919
f 865 919 927
f 927 919 972
f 850 788 718
f 850 718 790
f 927 972 971
f 927 971 980
f 918 849 788
f 918 788 850
f 980 971 1025
f 970 917 849
f 970 849 918
f 980 1025 1074
f 980 1074 1031
f 1024 969 917
f 1024 917 970
f 1031 1074 1082
f 1073 1023 969
f 1073 969 1024
f 1082 1074 1121
f 1082 1121 1128
f 1120 1023 1073
f 1128 1121 1168
f 1128 1168 1167
f 1128 1167 1174
f 1209 1208 1166
f 1174 1167 1210
f 1174 1210 1216
f 1252 1251 1208
f 1252 1208 1209
f 1216 1210 1253
f 1216 1253 1259
f 1296 1251 1252
f 1259 1253 1297
f 1259 1297 1304
f 1304 1297 1298
f 1304 1298 1349
f 1391 1442 1341
f 1349 1298 1342
f 1443 1495 1442
f 1349 1342 1392
f 1349 1392 1400
f 1496 1495 1443
f 1400 1392 1450
f 1557 1613 1556
f 1450 1392 1444
f 1450 1444 1506
f 1614 1613 1557
f 1506 1444 1497
f 1686 1755 1684
f 1686 1684 1614
f 1506 1497 1498
f 1506 1498 1566
f 1566 1498 1558
f 1566 1558 1628
f 1628 1558 1559
f 1628 1559 1629
f 1841 1935 1840
f 1629 1559 1615
f 1629 1615 1630
f 1936 1935 1841
f 1630 1615 1616
f 1630 1616 1697
f 1937 2065 1936
f 1697 1616 1617
f 1697 1617 1698
f 2068 2067 2066
f 2068 2066 1938
f 1698 1617 1618
f 1698 1618 1767
f 2069 2067 2068
f 1767 1618 1687
f 1767 1687 1768
f 1768 1687 1688
f 1768 1688 1769
f 2071 2153 2070
f 1769 1688 1619
f 1769 1619 1770
f 1939 2073 2072
f 1770 1619 1620
f 1770 1620 1699
f 1940 2074 2073
f 1940 2073 1939
f 1699 1620 1621
f 1699 1621 1700
f 1843 1941 2074
f 1843 2074 1940
f 1700 1621 1701
f 1844 1941 1843
f 1701 1621 1560
f 1701 1560 1631
f 1758 1845 1844
f 1631 1560 1632
f 1758 1689 1759
f 1758 1759 1845
f 1622 1623 1690
f 1567 1499 1445
f 1567 1445 1507
f 1561 1562 1623
f 1561 1623 1622
f 1507 1445 1451
f 1501 1562 1561
f 1451 1445 1393
f 1451 1393 1452
f 1446 1447 1501
f 1452 1393 1343
f 1452 1343 1401
f 1401 1343 1350
f 1350 1343 1299
f 1350 1299 1305
f 1305 1299 1254
f 1305 1254 1260
f 1261 1218 1219
f 1261 1219 1262
f 1218 1176 1219
f 1131 1084 1085
f 1084 1034 1085
f 930 870 871
f 870 809 871
f 870 808 809
f 736 666 737
f 736 665 666
f 664 663 581
f 663 662 580
f 663 580 581
f 662 661 579
f 662 579 580
f 661 660 579
f 658 727 657
f 727 726 657
f 726 798 725
f 798 797 725
f 863 925 862
f 925 979 924
f 925 924 862
f 979 978 924
f 978 1030 1029
f 1030 1080 1029
f 1126 1173 1172
f 1173 1215 1214
f 1173 1214 1172
f 1215 1258 1257
f 1215 1257 1214
f 1258 1303 1302
f 1258 1302 1257
f 1303 1347 1302
f 1398 1449 1448
f 1449 1504 1448
f 1504 1505 1563
f 1505 1564 1626
f 1505 1626 1563
f 1564 1627 1626
f 1693 1694 1762
f 1694 1763 1762
f 1763 1764 1849
f 1764 1850 1849
f 1851 1852 1946
f 1852 1853 1947
f 1852 1947 1946
f 1853 1854 1948
f 1853 1948 1947
f 1854 1855 1949
f 1854 1949 1948
f 1855 1856 1949
f 1857 1773 1858
f 1773 1774 1858
f 1703 1634 1704
f 1634 1569 1635
f 1453 1402 1403
f 1402 1352 1403
f 1306 1261 1307
f 1306 1307 1352
f 1261 1262 1307
f 1262 1219 1177
f 1262 1177 1170
f 1262 1170 1255
f 1218 1261 1260
f 1218 1260 1217
f 1219 1176 1132
f 1219 1132 1177
f 1177 1132 1123
f 1177 1123 1170
f 1176 1218 1217
f 1176 1217 1175
f 1176 1131 1086
f 1176 1086 1132
f 1132 1086 1076
f 1132 1076 1123
f 1130 1176 1175
f 1130 1175 1129
f 1131 1085 1035
f 1131 1035 1086
f 1086 1035 1036
f 1086 1036 1027
f 1086 1027 1076
f 1084 1130 1083
f 1083 1130 1129
f 1085 1034 984
f 1085 984 1035
f 1035 984 1036
f 1036 984 975
f 1036 975 1027
f 1034 1084 1033
f 1033 1084 1083
f 1034 983 984
f 984 983 932
f 984 932 922
f 984 922 975
f 982 1034 1033
f 983 930 931
f 983 931 872
f 983 872 932
f 932 872 858
f 932 858 922
f 930 982 981
f 981 982 1033
f 981 1033 1032
f 930 871 931
f 931 871 872
f 872 871 794
f 872 794 858
f 929 930 981
f 929 981 928
f 871 809 810
f 871 810 793
f 871 793 794
f 870 929 869
f 869 929 928
f 809 808 739
f 809 739 810
f 810 739 721
f 810 721 793
f 808 870 869
f 868 869 928
f 808 737 738
f 808 738 739
f 739 738 668
f 739 668 652
f 739 652 721
f 807 808 869
f 807 869 868
f 807 868 867
f 737 667 738
f 738 667 668
f 668 667 651
f 668 651 652
f 736 807 806
f 806 807 867
f 737 666 667
f 667 666 584
f 667 584 572
f 667 572 651
f 735 736 806
f 735 806 805
f 666 665 583
f 666 583 584
f 584 583 571
f 584 571 572
f 734 735 805
f 734 805 804
f 665 664 582
f 665 582 583
f 583 582 489
f 583 489 571
f 664 734 733
f 733 734 804
f 733 804 803
f 664 581 582
f 582 581 488
f 582 488 489
f 663 664 733
f 733 803 732
f 581 580 487
f 581 487 488
f 662 663 733
f 662 733 732
f 580 579 486
f 580 486 487
f 661 662 732
f 661 732 731
f 579 660 578
f 579 578 485
f 579 485 486
f 660 661 731
f 660 731 730
f 660 659 577
f 660 577 578
f 578 577 570
f 578 570 485
f 659 660 730
f 659 730 729
f 729 730 802
f 659 658 577
f 577 658 576
f 577 576 569
f 577 569 570
f 728 659 729
f 728 729 802
f 728 802 801
f 658 657 656
f 658 656 576
f 576 656 568
f 576 568 569
f 727 728 800
f 800 728 801
f 657 726 655
f 657 655 656
f 656 655 649
f 656 649 568
f 799 727 800
f 800 801 866
f 726 725 655
f 655 725 648
f 655 648 649
f 799 800 865
f 865 800 866
f 725 797 724
f 725 724 719
f 725 719 648
f 864 798 799
f 864 799 865
f 864 865 927
f 797 863 796
f 797 796 724
f 724 796 790
f 724 790 719
f 863 864 926
f 926 864 927
f 863 862 796
f 796 862 861
f 796 861 850
f 796 850 790
f 925 863 926
f 926 927 980
f 862 924 861
f 861 924 918
f 861 918 850
f 979 925 926
f 979 926 980
f 924 978 977
f 924 977 970
f 924 970 918
f 1030 979 1031
f 1031 979 980
f 978 1029 977
f 977 1029 1024
f 977 1024 970
f 1030 1031 1081
f 1081 1031 1082
f 1029 1080 1079
f 1029 1079 1073
f 1029 1073 1024
f 1081 1082 1127
f 1127 1082 1128
f 1080 1126 1125
f 1080 1125 1079
f 1079 1125 1120
f 1079 1120 1073
f 1126 1081 1127
f 1126 1172 1125
f 1125 1172 1166
f 1125 1166 1120
f 1173 1126 1127
f 1173 1127 1174
f 1174 1127 1128
f 1172 1214 1209
f 1172 1209 1166
f 1215 1173 1174
f 1215 1174 1216
f 1214 1257 1252
f 1214 1252 1209
f 1258 1215 1216
f 1258 1216 1259
f 1257 1302 1296
f 1257 1296 1252
f 1303 1258 1304
f 1304 1258 1259
f 1302 1347 1346
f 1302 1346 1341
f 1302 1341 1296
f 1347 1303 1304
f 1347 1304 1348
f 1348 1304 1349
f 1347 1398 1397
f 1347 1397 1346
f 1346 1397 1391
f 1346 1391 1341
f 1399 1347 1348
f 1399 1348 1349
f 1398 1448 1397
f 1397 1448 1443
f 1397 1443 1391
f 1449 1399 1400
f 1400 1399 1349
f 1448 1504 1503
f 1448 1503 1496
f 1448 1496 1443
f 1504 1449 1450
f 1450 1449 1400
f 1504 1563 1503
f 1503 1563 1557
f 1503 1557 1496
f 1505 1504 1450
f 1505 1450 1506
f 1563 1626 1625
f 1563 1625 1614
f 1563 1614 1557
f 1564 1505 1565
f 1565 1505 1506
f 1626 1627 1692
f 1626 1692 1625
f 1625 1692 1686
f 1625 1686 1614
f 1627 1564 1565
f 1566 1565 1506
f 1627 1693 1692
f 1692 1693 1761
f 1692 1761 1756
f 1692 1756 1686
f 1628 1627 1565
f 1628 1565 1566
f 1693 1762 1761
f 1761 1762 1840
f 1761 1840 1756
f 1694 1628 1695
f 1695 1628 1629
f 1762 1763 1848
f 1762 1848 1847
f 1762 1847 1841
f 1762 1841 1840
f 1763 1694 1695
f 1695 1629 1696
f 1696 1629 1630
f 1763 1849 1848
f 1847 1848 1936
f 1847 1936 1841
f 1764 1763 1695
f 1764 1695 1696
f 1696 1630 1697
f 1849 1850 1944
f 1849 1944 1848
f 1848 1944 1937
f 1848 1937 1936
f 1765 1764 1696
f 1765 1696 1697
f 1850 1851 1945
f 1850 1945 1944
f 1944 1945 1938
f 1944 1938 1937
f 1851 1765 1766
f 1766 1765 1697
f 1766 1697 1698
f 1851 1946 1945
f 1945 1946 2068
f 1945 2068 1938
f 1852 1851 1766
f 1852 1766 1767
f 1767 1766 1698
f 1946 1947 2069
f 1946 2069 2068
f 1853 1852 1767
f 1853 1767 1768
f 1947 1948 2070
f 1947 2070 2069
f 1854 1853 1768
f 1854 1768 1769
f 1948 1949 2071
f 1948 2071 2070
f 1855 1854 1770
f 1770 1854 1769
f 1949 1856 1950
f 1949 1950 2072
f 1949 2072 2071
f 1856 1855 1770
f 1856 1857 1951
f 1856 1951 1950
f 1950 1951 1939
f 1950 1939 2072
f 1771 1856 1770
f 1771 1770 1699
f 1857 1858 1951
f 1951 1858 1952
f 1951 1952 1940
f 1951 1940 1939
f 1772 1771 1700
f 1700 1771 1699
f 1858 1774 1859
f 1858 1859 1952
f 1952 1859 1843
f 1952 1843 1940
f 1773 1772 1701
f 1701 1772 1700
f 1774 1775 1859
f 1859 1775 1860
f 1859 1860 1844
f 1859 1844 1843
f 1702 1773 1701
f 1702 1701 1631
f 1774 1703 1776
f 1774 1776 1775
f 1775 1776 1860
f 1860 1776 1758
f 1860 1758 1844
f 1703 1702 1633
f 1633 1702 1632
f 1632 1702 1631
f 1634 1633 1568
f 1633 1567 1568
f 1703 1704 1776
f 1776 1704 1705
f 1776 1705 1689
f 1776 1689 1758
f 1635 1569 1570
f 1635 1570 1636
f 1635 1636 1622
f 1635 1622 1690
f 1569 1568 1507
f 1507 1568 1567
f 1569 1509 1570
f 1570 1509 1571
f 1570 1571 1636
f 1636 1571 1561
f 1636 1561 1622
f 1508 1569 1507
f 1508 1507 1451
f 1509 1453 1510
f 1509 1510 1571
f 1571 1510 1501
f 1571 1501 1561
f 1453 1508 1452
f 1452 1508 1451
f 1453 1403 1454
f 1453 1454 1510
f 1510 1454 1455
f 1510 1455 1446
f 1510 1446 1501
f 1402 1453 1452
f 1402 1452 1401
f 1403 1404 1454
f 1454 1404 1455
f 1455 1404 1394
f 1455 1394 1446
f 1351 1402 1401
f 1351 1401 1350
f 1403 1352 1353
f 1403 1353 1404
f 1404 1353 1344
f 1404 1344 1394
f 1306 1351 1305
f 1305 1351 1350
f 1352 1307 1353
f 1353 1307 1300
f 1353 1300 1344
f 1261 1306 1305
f 1261 1305 1260
f 1307 1262 1255
f 1307 1255 1300
f 1759 1689 1690
f 1567 1632 1560
f 1567 1560 1499
f 1704 1634 1635
f 1634 1703 1633
f 1633 1632 1567
f 1705 1704 1635
f 1689 1705 1635
f 1689 1635 1690
f 1822 1742 1730
f 1822 1730 1809
f 1171 1123 1118
f 1164 1118 1110
f 1164 1110 1156
f 1089 1136 1144
f 1089 1144 1098
f 1098 1144 1148
f 1098 1148 1102
f 1077 1022 1070
f 1070 1022 1011
f 1070 1011 1062
f 988 1040 1050
f 988 1050 997
f 997 1050 1054
f 997 1054 1002
f 975 923 847
f 975 847 967
f 967 847 839
f 967 839 903
f 876 937 947
f 876 947 826
f 826 947 894
f 826 894 830
f 923 859 787
f 923 787 847
f 847 787 775
f 847 775 839
f 815 876 826
f 815 826 756
f 756 826 830
f 756 830 763
f 794 722 716
f 794 716 717
f 717 716 630
f 717 630 705
f 673 744 687
f 673 687 686
f 686 693 617
f 722 645 716
f 716 645 629
f 716 629 630
f 592 673 686
f 592 686 608
f 608 686 617
f 608 617 616
f 574 491 479
f 480 479 451
f 480 451 452
f 381 501 410
f 381 410 409
f 409 410 424
f 409 424 423
f 490 489 361
f 490 361 362
f 362 361 342
f 362 342 343
f 379 380 313
f 379 313 312
f 312 313 323
f 312 323 322
f 489 368 360
f 489 360 361
f 361 360 341
f 361 341 342
f 295 379 312
f 295 312 311
f 311 312 322
f 311 322 321
f 360 359 340
f 360 340 341
f 294 295 311
f 294 311 310
f 310 311 321
f 310 321 320
f 366 364 356
f 366 356 358
f 358 356 337
f 358 337 339
f 291 293 309
f 291 309 307
f 307 309 319
f 307 319 317
f 364 483 355
f 356 355 336
f 356 336 337
f 373 291 307
f 373 307 306
f 306 307 317
f 306 317 316
f 482 568 468
f 469 468 440
f 469 440 441
f 495 372 399
f 495 399 398
f 567 648 558
f 559 558 541
f 559 541 542
f 586 494 515
f 586 515 514
f 514 515 525
f 514 525 524
f 648 640 558
f 558 640 625
f 558 625 541
f 585 586 514
f 585 514 603
f 603 514 524
f 603 524 611
f 647 713 640
f 640 713 701
f 640 701 625
f 669 585 603
f 669 603 683
f 683 603 611
f 683 611 689
f 718 788 782
f 713 782 771
f 713 771 701
f 740 669 683
f 740 683 753
f 753 683 689
f 753 689 759
f 788 844 782
f 782 844 836
f 782 836 771
f 812 740 753
f 812 753 823
f 823 753 759
f 823 759 827
f 917 968 964
f 917 964 911
f 911 964 956
f 911 956 899
f 933 873 884
f 933 884 944
f 944 884 889
f 944 889 948
f 964 1019 1008
f 964 1008 956
f 985 933 944
f 985 944 994
f 994 944 948
f 994 948 999
f 1023 1120 1067
f 1023 1067 1019
f 1019 1067 1059
f 1019 1059 1008
f 1088 985 994
f 1088 994 1047
f 1047 994 999
f 1047 999 1051
f 1161 1204 1197
f 1161 1197 1153
f 1178 1133 1141
f 1178 1141 1186
f 1186 1141 1145
f 1186 1145 1190
f 1341 1442 1438
f 1341 1438 1385
f 1385 1438 1428
f 1385 1428 1377
f 1405 1309 1365
f 1405 1365 1414
f 1414 1365 1369
f 1414 1369 1419
f 1556 1613 1608
f 1551 1608 1600
f 1551 1600 1538
f 1573 1511 1522
f 1573 1522 1584
f 1584 1522 1527
f 1584 1527 1589
f 1684 1750 1679
f 1679 1750 1738
f 1679 1738 1668
f 1706 1637 1650
f 1706 1650 1720
f 1720 1650 1656
f 1720 1656 1726
f 1839 1926 1832
f 1832 1926 1909
f 1832 1909 1817
f 1778 1777 1795
f 1778 1795 1882
f 1882 1795 1803
f 1882 1803 1892
f 1840 1935 1927
f 1840 1927 1926
f 1926 1927 1910
f 1926 1910 1909
f 1862 1778 1882
f 1862 1882 1883
f 1883 1882 1892
f 1883 1892 1893
f 1935 1936 2050
f 1935 2050 1927
f 1927 2050 2021
f 1927 2021 1910
f 1863 1862 1883
f 1863 1883 1980
f 1980 1883 1893
f 1980 1893 1994
f 1936 2065 2051
f 1936 2051 2050
f 2050 2051 2121
f 2050 2121 2021
f 1954 1863 1980
f 1954 1980 1981
f 1981 1980 1994
f 1981 1994 2100
f 2150 2152 2144
f 2150 2144 2142
f 2142 2144 2125
f 2142 2125 2123
f 2078 2076 2092
f 2078 2092 2094
f 2094 2092 2102
f 2094 2102 2104
f 2144 2145 2126
f 2144 2126 2125
f 2079 2078 2094
f 2079 2094 2095
f 2095 2094 2104
f 2095 2104 2105
f 2145 2146 2127
f 2145 2127 2126
f 2080 2079 2095
f 2080 2095 2096
f 2096 2095 2105
f 2096 2105 2106
f 2072 2073 2148
f 2072 2148 2147
f 2147 2148 2129
f 2147 2129 2128
f 1962 1961 2097
f 1962 2097 2098
f 2098 2097 2107
f 2098 2107 2108
f 2074 1942 2062
f 2074 2062 2061
f 2061 2062 2033
f 2061 2033 2032
f 1869 1963 1991
f 1869 1991 1992
f 1992 1991 2005
f 1992 2005 2006
f 1942 1933 2062
f 2062 1933 1914
f 2062 1914 2033
f 1870 1869 1992
f 1870 1992 1889
f 1889 1992 2006
f 1889 2006 1898
f 1943 1846 1837
f 1943 1837 1933
f 1933 1837 1821
f 1933 1821 1914
f 1784 1870 1889
f 1784 1889 1800
f 1800 1889 1898
f 1800 1898 1808
f 1623 1562 1611
f 1623 1611 1683
f 1683 1611 1603
f 1683 1603 1672
f 1514 1576 1653
f 1514 1653 1587
f 1587 1653 1660
f 1587 1660 1592
f 1562 1501 1493
f 1562 1493 1611
f 1611 1493 1543
f 1611 1543 1603
f 1460 1514 1587
f 1460 1587 1471
f 1471 1587 1592
f 1471 1592 1532
f 1395 1344 1339
f 1395 1339 1388
f 1388 1339 1331
f 1388 1331 1380
f 1310 1358 1368
f 1310 1368 1319
f 1319 1368 1372
f 1319 1372 1323
f 1136 1223 1231
f 1136 1231 1144
f 1144 1231 1235
f 1144 1235 1148
f 1256 1171 1164
f 1256 1164 1250
f 1250 1164 1156
f 1250 1156 1242
f 1040 1089 1098
f 1040 1098 1050
f 1050 1098 1102
f 1050 1102 1054
f 1123 1077 1070
f 1123 1070 1118
f 1118 1070 1062
f 1118 1062 1110
f 937 988 997
f 937 997 947
f 947 997 1002
f 947 1002 894
f 1028 975 967
f 1022 967 903
f 1022 903 1011
f 744 815 756
f 744 756 687
f 687 756 763
f 687 763 693
f 859 794 717
f 859 717 787
f 787 717 705
f 787 705 775
f 502 592 608
f 502 608 521
f 521 608 616
f 521 616 530
f 654 575 565
f 654 565 645
f 645 565 546
f 645 546 629
f 501 502 521
f 501 521 410
f 410 521 530
f 410 530 424
f 575 574 480
f 575 480 565
f 565 480 452
f 565 452 546
f 380 381 409
f 380 409 313
f 313 409 423
f 313 423 323
f 491 490 362
f 491 362 479
f 479 362 343
f 479 343 451
f 293 294 310
f 293 310 309
f 309 310 320
f 309 320 319
f 359 358 339
f 359 339 340
f 372 373 306
f 372 306 399
f 399 306 316
f 399 316 413
f 483 469 355
f 355 469 441
f 355 441 336
f 494 495 398
f 494 398 515
f 515 398 412
f 515 412 525
f 568 567 559
f 568 559 468
f 468 559 542
f 468 542 440
f 873 812 823
f 873 823 884
f 884 823 827
f 884 827 889
f 849 917 911
f 849 911 844
f 844 911 899
f 844 899 836
f 1133 1088 1047
f 1133 1047 1141
f 1141 1047 1051
f 1141 1051 1145
f 1120 1165 1161
f 1120 1161 1067
f 1067 1161 1153
f 1067 1153 1059
f 1220 1178 1186
f 1220 1186 1228
f 1228 1186 1190
f 1228 1190 1232
f 1204 1247 1239
f 1204 1239 1197
f 1263 1220 1228
f 1263 1228 1271
f 1271 1228 1232
f 1271 1232 1275
f 1247 1291 1283
f 1247 1283 1239
f 1309 1263 1271
f 1309 1271 1365
f 1365 1271 1275
f 1365 1275 1369
f 1295 1341 1385
f 1295 1385 1291
f 1291 1385 1377
f 1291 1377 1283
f 1456 1405 1414
f 1456 1414 1468
f 1468 1414 1419
f 1468 1419 1472
f 1442 1490 1438
f 1438 1490 1482
f 1438 1482 1428
f 1511 1456 1468
f 1511 1468 1522
f 1522 1468 1472
f 1522 1472 1527
f 1494 1551 1490
f 1490 1551 1538
f 1490 1538 1482
f 1637 1573 1584
f 1637 1584 1650
f 1650 1584 1589
f 1650 1589 1656
f 1613 1679 1608
f 1608 1679 1668
f 1608 1668 1600
f 1777 1706 1720
f 1777 1720 1795
f 1795 1720 1726
f 1795 1726 1803
f 1755 1839 1832
f 1750 1832 1817
f 1750 1817 1738
f 1955 1954 1981
f 1955 1981 2091
f 2091 1981 2100
f 2091 2100 2101
f 2065 2141 2051
f 2051 2141 2122
f 2051 2122 2121
f 2076 1955 2091
f 2076 2091 2092
f 2092 2091 2101
f 2092 2101 2102
f 2066 2150 2142
f 2066 2142 2141
f 2141 2142 2123
f 2141 2123 2122
f 1961 2080 2096
f 1961 2096 2097
f 2097 2096 2106
f 2097 2106 2107
f 2154 2072 2147
f 2146 2147 2128
f 2146 2128 2127
f 1963 1962 2098
f 1963 2098 1991
f 1991 2098 2108
f 1991 2108 2005
f 2073 2074 2061
f 2073 2061 2148
f 2148 2061 2032
f 2148 2032 2129
f 1710 1784 1800
f 1710 1800 1723
f 1723 1800 1808
f 1723 1808 1809
f 1846 1759 1753
f 1846 1753 1837
f 1837 1753 1822
f 1837 1822 1821
f 1576 1641 1724
f 1576 1724 1653
f 1653 1724 1730
f 1653 1730 1660
f 1690 1623 1683
f 1690 1683 1754
f 1754 1683 1672
f 1754 1672 1742
f 1408 1460 1471
f 1408 1471 1417
f 1417 1471 1532
f 1417 1532 1422
f 1501 1447 1441
f 1501 1441 1493
f 1493 1441 1430
f 1493 1430 1543
f 1358 1408 1417
f 1358 1417 1368
f 1368 1417 1422
f 1368 1422 1372
f 1447 1395 1388
f 1447 1388 1441
f 1441 1388 1380
f 1441 1380 1430
f 1266 1310 1319
f 1266 1319 1274
f 1274 1319 1323
f 1274 1323 1278
f 1344 1301 1294
f 1344 1294 1339
f 1339 1294 1286
f 1339 1286 1331
f 1223 1266 1274
f 1223 1274 1231
f 1231 1274 1278
f 1231 1278 1235
f 1294 1250 1242
f 1294 1242 1286
f 1759 1690 1754
f 1759 1754 1753
f 1753 1754 1742
f 1753 1742 1822
f 1641 1710 1723
f 1641 1723 1724
f 1724 1723 1809
f 1724 1809 1730
f 501 500 502
f 381 500 501
f 291 374 293
f 585 670 586
f 669 670 585
f 2076 1956 1955
f 2078 1956 2076
f 1869 1868 1963
f 1870 1868 1869
f 575 573 574
f 574 573 491
f 366 484 364
f 648 719 647
f 2150 2067 2152
f 2074 1941 1942
f 1942 1941 1943
f 1136 1135 1223
f 1135 1222 1223
f 1089 1135 1136
f 592 591 673
f 502 591 592
f 502 590 591
f 500 590 502
f 294 378 295
f 293 376 294
f 374 376 293
f 933 934 873
f 985 934 933
f 1133 1134 1088
f 1178 1134 1133
f 1263 1264 1220
f 1309 1264 1263
f 1456 1457 1405
f 1511 1457 1456
f 1777 1707 1706
f 1778 1707 1777
f 2078 1958 1956
f 2080 1960 2079
f 1961 1960 2080
f 1869 1782 1868
f 1784 1783 1870
f 1783 1869 1870
f 1783 1782 1869
f 1266 1265 1310
f 1223 1265 1266
f 1223 1222 1265
f 1710 1783 1784
f 1256 1170 1171
f 1256 1255 1170
f 1171 1170 1123
f 722 653 654
f 654 653 575
f 575 652 573
f 368 488 367
f 367 486 366
f 366 486 484
f 917 969 968
f 968 969 1023
f 1120 1166 1165
f 1165 1166 1208
f 1251 1296 1295
f 1295 1296 1341
f 1442 1495 1494
f 1755 1756 1839
f 1839 1756 1840
f 2067 2069 2152
f 2153 2071 2154
f 2154 2071 2072
f 1941 1844 1942
f 1943 1845 1846
f 1943 1942 1845
f 1942 1844 1845
f 1846 1845 1759
f 1344 1300 1301
f 1301 1300 1256
f 1300 1255 1256
v 0.50750 -0.15200 0.03400
v 0.50550 -0.15200 -0.05800
v 0.49300 -0.15200 0.12550
v 0.48650 -0.15200 -0.14900
v 0.46200 -0.15200 0.21300
v 0.47473 -0.16908 -0.05911
v 0.47716 -0.16921 0.02811
v 0.45655 -0.16887 -0.14413
v 0.46356 -0.16914 0.11666
v 0.45150 -0.15200 -0.23450
v 0.43867 -0.18152 0.01488
v 0.43752 -0.18163 -0.02469
v 0.43825 -0.18108 0.04930
v 0.43483 -0.18116 -0.07035
v 0.41550 -0.15200 0.29300
v 0.42923 -0.18143 0.09314
v 0.42774 -0.16834 -0.21849
v 0.42597 -0.18126 -0.11050
v 0.41719 -0.18422 0.02202
v 0.41936 -0.18139 0.13141
v 0.43430 -0.16905 0.19958
v 0.40984 -0.18452 -0.04423
v 0.41529 -0.18159 -0.14198
v 0.40426 -0.18423 0.10249
v 0.40700 -0.18400 0.00900
v 0.40873 -0.18105 0.16414
v 0.40200 -0.18400 -0.06500
v 0.38924 -0.18377 0.08940
v 0.40017 -0.18129 -0.18366
v 0.40260 -0.18423 -0.11025
v 0.37749 -0.18166 0.00987
v 0.37607 -0.18456 0.16953
v 0.38800 -0.18300 0.04400
v 0.41600 -0.15200 -0.29400
v 0.38834 -0.18127 0.20621
v 0.38600 -0.18300 -0.06300
v 0.37827 -0.18376 -0.12736
v 0.37969 -0.16843 -0.29395
v 0.36555 -0.18162 -0.09371
v 0.38372 -0.18124 -0.21593
v 0.37700 -0.18400 0.15300
v 0.37400 -0.18100 -0.02600
v 0.36111 -0.18167 0.11123
v 0.37300 -0.18100 0.04200
v 0.37000 -0.18100 -0.06000
v 0.37000 -0.15200 0.34900
v 0.39019 -0.16847 0.27849
v 0.36700 -0.18100 0.07600
v 0.36789 -0.18114 0.24164
v 0.37289 -0.18424 -0.18767
v 0.36200 -0.18300 0.14700
v 0.36132 -0.17617 0.00803
v 0.36188 -0.18113 -0.25208
v 0.35500 -0.18300 -0.16500
v 0.35300 -0.18100 -0.12600
v 0.33710 -0.18422 0.24504
v 0.35200 -0.18400 -0.20400
v 0.34411 -0.17594 0.10650
v 0.35100 -0.16700 0.33000
v 0.34700 -0.18100 0.14100
v 0.34849 -0.18097 0.27086
v 0.34300 -0.18400 0.21900
v 0.34100 -0.18100 -0.15800
v 0.34000 -0.17300 0.32000
v 0.34929 -0.17608 -0.09101
v 0.32100 -0.15200 0.39450
v 0.32732 -0.18171 -0.18951
v 0.33300 -0.18100 0.17200
v 0.33918 -0.18094 -0.28369
v 0.31825 -0.18174 0.20401
v 0.32900 -0.17800 0.30900
v 0.31779 -0.16859 -0.36002
v 0.33850 -0.15200 -0.38050
v 0.32806 -0.18455 -0.24973
v 0.30352 -0.17632 0.19571
v 0.31700 -0.18200 0.29800
v 0.30883 -0.18065 -0.31795
v 0.31600 -0.16500 -0.02200
v 0.31400 -0.16500 0.03500
v 0.31200 -0.16500 -0.05100
v 0.31000 -0.18400 -0.26500
v 0.30250 -0.16500 -0.09300
v 0.30600 -0.18100 -0.21700
v 0.30322 -0.18425 0.28281
v 0.30650 -0.16500 0.07800
v 0.29700 -0.18300 -0.25400
v 0.29798 -0.18165 0.23171
v 0.31347 -0.17634 -0.18087
v 0.29300 -0.16500 0.11900
v 0.28700 -0.16500 -0.13300
v 0.28500 -0.18100 -0.24400
v 0.28500 -0.18300 0.26800
v 0.29064 -0.18329 0.31922
v 0.30250 -0.16875 0.37087
v 0.27500 -0.18200 -0.33900
v 0.26650 -0.16500 -0.17100
v 0.26616 -0.18173 -0.26897
v 0.27400 -0.16500 0.15750
v 0.27755 -0.18421 -0.31232
v 0.24400 -0.15200 0.44600
v 0.24081 -0.17558 0.26645
v 0.24650 -0.16797 -0.41340
v 0.26000 -0.18300 0.29100
v 0.26270 -0.18092 0.35487
v 0.25743 -0.18375 -0.30581
v 0.26678 -0.17770 -0.36723
v 0.25000 -0.16500 0.19400
v 0.26268 -0.18093 0.26800
v 0.28400 -0.15200 -0.42300
v 0.24300 -0.18200 -0.36200
v 0.24551 -0.18381 0.31498
v 0.24100 -0.16500 -0.20600
v 0.23700 -0.18100 -0.29200
v 0.25484 -0.17587 -0.25516
v 0.22584 -0.18111 0.37795
v 0.22300 -0.18100 0.30100
v 0.20000 -0.16500 -0.24600
v 0.21800 -0.18300 -0.32500
v 0.18078 -0.18419 0.37654
v 0.22100 -0.16500 0.22650
v 0.21540 -0.18091 -0.38649
v 0.20900 -0.18100 -0.31200
v 0.23120 -0.16857 0.41988
v 0.19530 -0.18161 0.32259
v 0.21510 -0.18422 -0.35828
v 0.19500 -0.18400 -0.35800
v 0.18470 -0.18126 0.39875
v 0.18152 -0.18163 -0.33202
v 0.18800 -0.16500 0.25400
v 0.15412 -0.17584 0.32533
v 0.16709 -0.16841 -0.45059
v 0.15900 -0.15200 0.48300
v 0.17900 -0.18400 0.36500
v 0.17600 -0.16500 -0.26300
v 0.17993 -0.18122 -0.40283
v 0.17200 -0.18300 0.35100
v 0.16500 -0.18100 0.33700
v 0.20300 -0.15200 -0.46800
v 0.15451 -0.18091 0.41374
v 0.12600 -0.16500 -0.29100
v 0.14900 -0.18100 -0.34500
v 0.12861 -0.18420 0.39708
v 0.13967 -0.18374 0.37328
v 0.17154 -0.17602 -0.31813
v 0.15150 -0.16500 0.27700
v 0.14185 -0.18112 -0.41826
v 0.13300 -0.18100 0.35000
v 0.15697 -0.18454 -0.38135
v 0.12700 -0.18400 -0.38700
v 0.15454 -0.16839 0.45389
v 0.12200 -0.18300 -0.37200
v 0.11700 -0.18100 -0.35700
v 0.12115 -0.18068 0.42551
v 0.11300 -0.16500 0.29600
v 0.08647 -0.16935 -0.47001
v 0.10061 -0.18172 0.36404
v 0.09900 -0.16500 -0.30100
v 0.10073 -0.18090 -0.43079
v 0.06027 -0.17583 0.35498
v 0.06900 -0.15200 0.50400
v 0.06035 -0.18144 -0.37328
v 0.07702 -0.18110 0.43343
v 0.06463 -0.18454 0.40736
v 0.07300 -0.18400 0.40000
v 0.05700 -0.16500 -0.31150
v 0.07100 -0.18300 0.38400
v 0.11500 -0.15200 -0.49700
v 0.06800 -0.18100 0.36900
v 0.06376 -0.18135 -0.43601
v 0.07355 -0.18423 -0.41192
v 0.08500 -0.16500 0.30500
v 0.06651 -0.18373 -0.39385
v 0.08119 -0.17569 -0.35065
v 0.07256 -0.16798 0.47495
v 0.04200 -0.17300 0.46500
v 0.04100 -0.17800 0.44900
v 0.03900 -0.18200 0.43400
v 0.03400 -0.18100 0.37300
v 0.02800 -0.16500 0.31500
v -0.00423 -0.16898 -0.47887
v 0.02346 -0.18109 -0.44094
v 0.01905 -0.18177 -0.37911
v 0.01400 -0.16500 -0.31700
v -0.00059 -0.18167 0.37765
v -0.04338 -0.18417 0.41584
v -0.00282 -0.18164 0.43816
v -0.02350 -0.15200 0.50800
v -0.02900 -0.16500 -0.31550
v -0.01461 -0.18178 -0.37931
v 0.00025 -0.18422 -0.41807
v -0.01900 -0.18400 -0.40700
v -0.01966 -0.18104 -0.44147
v -0.00050 -0.15200 -0.51000
v -0.01450 -0.16500 0.31550
v -0.04697 -0.18018 0.37133
v -0.04431 -0.18156 0.43620
v -0.01830 -0.16943 0.47710
v -0.01201 -0.17560 -0.35973
v -0.05100 -0.18100 -0.37300
v -0.05800 -0.16500 0.31100
v -0.05480 -0.18133 -0.43745
v -0.09195 -0.16935 -0.46925
v -0.06800 -0.18100 0.36900
v -0.05301 -0.18363 0.39366
v -0.07200 -0.16500 -0.30900
v -0.07400 -0.18400 0.40000
v -0.09042 -0.18455 0.40220
v -0.08164 -0.18090 0.43379
v -0.08500 -0.18100 -0.36600
v -0.08472 -0.18378 -0.39165
v -0.11550 -0.15200 0.49550
v -0.07586 -0.18455 -0.40634
v -0.13934 -0.17586 0.33228
v -0.09548 -0.18111 -0.43105
v -0.12700 -0.16500 -0.29100
v -0.10200 -0.18100 0.36100
v -0.09950 -0.16500 0.30050
v -0.09250 -0.15200 -0.50100
v -0.12006 -0.18073 0.42564
v -0.12047 -0.18165 -0.35889
v -0.10107 -0.16850 0.46865
v -0.13899 -0.18115 -0.41948
v -0.14000 -0.16500 0.28400
v -0.13667 -0.18163 0.35160
v -0.11436 -0.17571 -0.34183
v -0.14500 -0.18400 0.38000
v -0.17515 -0.16844 -0.44782
v -0.14061 -0.18278 -0.35785
v -0.16912 -0.18423 0.38164
v -0.15200 -0.16500 -0.27800
v -0.16029 -0.18119 0.41019
v -0.15291 -0.18422 -0.38953
v -0.16628 -0.18165 0.33911
v -0.16909 -0.18141 -0.40682
v -0.18850 -0.16500 -0.25450
v -0.20300 -0.15200 0.46650
v -0.21964 -0.17591 0.28594
v -0.18062 -0.18173 -0.33364
v -0.17700 -0.16500 0.26200
v -0.19900 -0.18129 0.39209
v -0.18150 -0.15200 -0.47600
v -0.18852 -0.16892 0.43979
v -0.20839 -0.18127 -0.38857
v -0.21100 -0.16500 0.23600
v -0.21234 -0.18378 0.33879
v -0.21045 -0.18165 -0.31482
v -0.23362 -0.18421 0.34599
v -0.22200 -0.16500 -0.22700
v -0.24967 -0.16847 -0.41063
v -0.22700 -0.18400 -0.33800
v -0.23227 -0.18106 0.37506
v -0.20527 -0.17624 -0.29857
v -0.21543 -0.18152 0.30965
v -0.21904 -0.18422 -0.35664
v -0.23700 -0.18100 -0.29200
v -0.25000 -0.16500 -0.19450
v -0.24728 -0.18105 -0.36632
v -0.25000 -0.18100 0.28000
v -0.24150 -0.16500 0.20500
v -0.26693 -0.18113 0.35095
v -0.26100 -0.18300 0.29100
v -0.26300 -0.18100 -0.26900
v -0.28974 -0.17593 0.21471
v -0.28450 -0.15200 0.42200
v -0.26700 -0.16500 0.17000
v -0.27100 -0.18400 0.30300
v -0.27400 -0.18300 -0.28000
v -0.27500 -0.16500 -0.15900
v -0.27500 -0.18100 0.25600
v -0.27186 -0.18148 -0.34616
v -0.26024 -0.16887 0.40195
v -0.28479 -0.18454 0.29727
v -0.26500 -0.15200 -0.43500
v -0.28500 -0.18400 -0.29200
v -0.29900 -0.16500 -0.10700
v -0.29675 -0.18115 0.32631
v -0.27988 -0.18453 -0.30359
v -0.26872 -0.17590 -0.24095
v -0.28800 -0.16500 0.13200
v -0.32455 -0.16855 -0.35498
v -0.29822 -0.18155 -0.23277
v -0.30300 -0.16500 0.09200
v -0.30529 -0.18112 -0.31865
v -0.30700 -0.16500 -0.07900
v -0.30061 -0.18177 0.23049
v -0.31450 -0.16500 -0.03650
v -0.31100 -0.16500 0.06400
v -0.31700 -0.16500 0.00700
v -0.32442 -0.18096 0.29987
v -0.33673 -0.17602 0.13073
v -0.32200 -0.18400 0.24900
v -0.31994 -0.18172 0.20282
v -0.33632 -0.18110 -0.28598
v -0.34196 -0.18422 0.23965
v -0.32196 -0.18375 -0.23686
v -0.32786 -0.18174 -0.19064
v -0.32641 -0.17607 -0.15608
v -0.35650 -0.15200 0.36350
v -0.33897 -0.16849 0.33938
v -0.32642 -0.18421 -0.26142
v -0.35090 -0.18121 0.26663
v -0.35854 -0.17579 0.03723
v -0.35400 -0.18100 -0.12600
v -0.37877 -0.16919 -0.29299
v -0.34254 -0.18160 -0.16025
v -0.33950 -0.15200 -0.38050
v -0.35602 -0.18155 -0.25787
v -0.35566 -0.17595 -0.06289
v -0.36000 -0.18100 0.10900
v -0.36027 -0.18374 0.17244
v -0.34130 -0.18146 0.16141
v -0.36400 -0.18100 -0.09400
v -0.36800 -0.18100 0.07600
v -0.37441 -0.18117 0.23274
v -0.37000 -0.18400 -0.17100
v -0.37954 -0.18423 0.17386
v -0.37500 -0.18300 0.11400
v -0.37988 -0.18127 -0.22379
v -0.37900 -0.18300 -0.09700
v -0.37407 -0.18422 -0.18839
v -0.37529 -0.18147 -0.04462
v -0.39329 -0.18115 0.20026
v -0.37560 -0.18164 0.04144
v -0.39000 -0.18400 0.11800
v -0.37904 -0.18176 0.00698
v -0.39289 -0.16880 0.27383
v -0.39500 -0.18400 -0.10100
v -0.40122 -0.18088 -0.18666
v -0.39602 -0.18453 0.11861
v -0.41650 -0.15200 0.29300
v -0.41035 -0.18104 0.16291
v -0.42666 -0.16907 -0.21796
v -0.40500 -0.18400 0.04600
v -0.39157 -0.18453 -0.13041
v -0.39836 -0.18375 -0.03727
v -0.41351 -0.18128 -0.15238
v -0.40250 -0.15200 -0.31250
v -0.42313 -0.18087 0.12868
v -0.41704 -0.18422 0.02963
v -0.41491 -0.18423 -0.04910
v -0.42665 -0.18133 -0.11032
v -0.43234 -0.18110 0.08693
v -0.43229 -0.18158 -0.07738
v -0.43572 -0.16837 0.20205
v -0.43702 -0.18156 0.04425
v -0.43856 -0.18135 -0.03326
v -0.44012 -0.18130 0.00968
v -0.45991 -0.16875 -0.13746
v -0.46250 -0.15200 0.21300
v -0.46561 -0.16834 0.11950
v -0.47620 -0.16925 -0.05249
v -0.45250 -0.15200 -0.23450
v -0.47761 -0.16924 0.03587
v -0.49350 -0.15200 0.12550
v -0.48700 -0.15200 -0.14900
v -0.50850 -0.15200 0.03400
v -0.50600 -0.15200 -0.05800
usemtl m066
f 2341 2363 2362
f 2341 2362 2360
f 2363 2385 2382
f 2385 2403 2401
f 2403 2428 2422
f 2428 2450 2447
f 2450 2472 2466
f 2472 2485 2480
f 2485 2495 2489
f 2495 2496 2491
f 2496 2490 2483
f 2490 2476 2471
f 2476 2456 2451
f 2456 2433 2430
f 2433 2410 2406
f 2410 2388 2384
f 2388 2368 2366
f 2368 2346 2347
f 2346 2326 2328
f 2326 2304 2305
f 2304 2281 2282
f 2281 2255 2261
f 2255 2230 2237
f 2230 2206 2213
f 2206 2186 2193
f 2186 2178 2183
f 2178 2175 2181
f 2175 2180 2184
f 2180 2188 2197
f 2188 2212 2218
f 2249 2275 2267
f 2275 2298 2299
f 2275 2299 2289
f 2298 2319 2320
f 2343 2367 2377
f 2343 2377 2353
f 2356 2350 2351
f 2373 2356 2351
f 2373 2351 2369
f 2367 2392 2398
f 2367 2398 2377
f 2379 2373 2369
f 2392 2420 2427
f 2392 2427 2398
f 2395 2379 2369
f 2395 2369 2393
f 2420 2454 2455
f 2420 2455 2427
f 2400 2395 2393
f 2415 2400 2393
f 2415 2393 2419
f 2454 2486 2482
f 2454 2482 2455
f 2421 2415 2419
f 2486 2505 2500
f 2486 2500 2482
f 2435 2421 2419
f 2435 2419 2446
f 2505 2510 2506
f 2505 2506 2500
f 2438 2435 2446
f 2443 2438 2446
f 2443 2446 2458
f 2510 2512 2509
f 2510 2509 2506
f 2444 2443 2458
f 2512 2513 2507
f 2512 2507 2509
f 2442 2444 2458
f 2442 2458 2464
f 2513 2511 2504
f 2513 2504 2507
f 2440 2442 2464
f 2431 2440 2464
f 2431 2464 2453
f 2511 2508 2488
f 2511 2488 2504
f 2424 2431 2453
f 2508 2493 2460
f 2508 2460 2488
f 2412 2424 2453
f 2412 2453 2434
f 2493 2462 2436
f 2493 2436 2460
f 2404 2412 2434
f 2391 2404 2434
f 2391 2434 2408
f 2462 2429 2405
f 2462 2405 2436
f 2386 2391 2408
f 2429 2397 2383
f 2429 2383 2405
f 2371 2386 2408
f 2371 2408 2381
f 2397 2374 2358
f 2397 2358 2383
f 2361 2371 2381
f 2344 2361 2381
f 2344 2381 2354
f 2374 2349 2336
f 2374 2336 2358
f 2339 2344 2354
f 2349 2323 2311
f 2349 2311 2336
f 2321 2339 2354
f 2321 2354 2329
f 2323 2294 2287
f 2323 2287 2311
f 2313 2321 2329
f 2296 2313 2329
f 2296 2329 2300
f 2294 2265 2258
f 2294 2258 2287
f 2290 2296 2300
f 2265 2229 2228
f 2265 2228 2258
f 2273 2290 2300
f 2273 2300 2270
f 2229 2190 2194
f 2229 2194 2228
f 2268 2273 2270
f 2252 2268 2270
f 2252 2270 2244
f 2190 2166 2173
f 2190 2173 2194
f 2246 2252 2244
f 2166 2160 2164
f 2166 2164 2173
f 2238 2246 2244
f 2238 2244 2221
f 2160 2158 2162
f 2160 2162 2164
f 2236 2238 2221
f 2234 2236 2221
f 2234 2221 2208
f 2158 2157 2163
f 2158 2163 2162
f 2235 2234 2208
f 2157 2159 2165
f 2157 2165 2163
f 2241 2235 2208
f 2241 2208 2214
f 2159 2161 2177
f 2159 2177 2165
f 2245 2241 2214
f 2254 2245 2214
f 2254 2214 2231
f 2161 2171 2203
f 2161 2203 2177
f 2263 2254 2231
f 2203 2171 2202
f 2203 2202 2215
f 2285 2276 2257
f 2222 2256 2279
f 2222 2279 2250
f 2301 2285 2257
f 2301 2257 2286
f 2256 2288 2306
f 2256 2306 2279
f 2310 2301 2286
f 2327 2310 2286
f 2327 2286 2315
f 2288 2316 2330
f 2288 2330 2306
f 2335 2327 2315
f 2316 2343 2353
f 2316 2353 2330
f 2350 2335 2315
f 2350 2315 2351
f 2341 2342 2352
f 2341 2352 2364
f 2341 2364 2363
f 2363 2364 2375
f 2363 2375 2387
f 2363 2387 2385
f 2385 2387 2396
f 2385 2396 2407
f 2385 2407 2403
f 2403 2407 2416
f 2403 2416 2432
f 2403 2432 2428
f 2428 2432 2445
f 2428 2445 2457
f 2428 2457 2450
f 2450 2457 2470
f 2450 2470 2478
f 2450 2478 2472
f 2472 2478 2487
f 2472 2487 2494
f 2472 2494 2485
f 2485 2494 2498
f 2485 2498 2501
f 2485 2501 2495
f 2495 2501 2503
f 2495 2503 2502
f 2495 2502 2496
f 2496 2502 2499
f 2496 2499 2497
f 2496 2497 2490
f 2490 2497 2492
f 2490 2492 2484
f 2490 2484 2476
f 2476 2484 2474
f 2476 2474 2463
f 2476 2463 2456
f 2456 2463 2449
f 2456 2449 2439
f 2456 2439 2433
f 2433 2439 2426
f 2433 2426 2413
f 2433 2413 2410
f 2410 2413 2399
f 2410 2399 2390
f 2410 2390 2388
f 2388 2390 2378
f 2388 2378 2370
f 2388 2370 2368
f 2368 2370 2357
f 2368 2357 2348
f 2368 2348 2346
f 2346 2348 2337
f 2346 2337 2325
f 2346 2325 2326
f 2326 2325 2314
f 2326 2314 2302
f 2326 2302 2304
f 2304 2302 2291
f 2304 2291 2277
f 2304 2277 2281
f 2281 2277 2266
f 2281 2266 2251
f 2281 2251 2255
f 2255 2251 2233
f 2255 2233 2225
f 2255 2225 2230
f 2230 2225 2209
f 2230 2209 2196
f 2230 2196 2206
f 2206 2196 2185
f 2206 2185 2179
f 2206 2179 2186
f 2186 2179 2174
f 2186 2174 2170
f 2186 2170 2178
f 2178 2170 2168
f 2178 2168 2167
f 2178 2167 2175
f 2175 2167 2169
f 2175 2169 2172
f 2175 2172 2180
f 2180 2172 2176
f 2180 2176 2182
f 2180 2182 2188
f 2188 2182 2191
f 2188 2191 2205
f 2188 2205 2212
f 2212 2205 2217
f 2212 2217 2232
f 2212 2232 2240
f 2249 2260 2271
f 2249 2271 2275
f 2275 2271 2283
f 2275 2283 2295
f 2275 2295 2298
f 2298 2295 2309
f 2298 2309 2318
f 2298 2318 2319
f 2319 2318 2333
f 2319 2333 2342
f 2319 2342 2341
f 2342 2353 2352
f 2360 2340 2341
f 2360 2351 2340
f 2352 2353 2377
f 2352 2377 2364
f 2360 2359 2351
f 2364 2377 2375
f 2363 2360 2362
f 2363 2372 2359
f 2363 2359 2360
f 2372 2369 2351
f 2372 2351 2359
f 2375 2377 2398
f 2375 2398 2387
f 2382 2380 2363
f 2380 2372 2363
f 2380 2369 2372
f 2387 2398 2396
f 2385 2389 2380
f 2385 2380 2382
f 2389 2369 2380
f 2396 2398 2427
f 2396 2427 2407
f 2401 2389 2385
f 2401 2409 2389
f 2409 2393 2369
f 2409 2369 2389
f 2407 2427 2416
f 2403 2409 2401
f 2416 2427 2455
f 2416 2455 2432
f 2422 2417 2409
f 2422 2409 2403
f 2417 2414 2409
f 2414 2393 2409
f 2432 2455 2445
f 2428 2417 2422
f 2428 2425 2414
f 2428 2414 2417
f 2425 2419 2393
f 2425 2393 2414
f 2445 2455 2482
f 2445 2482 2457
f 2447 2441 2428
f 2441 2425 2428
f 2441 2419 2425
f 2457 2482 2470
f 2450 2448 2441
f 2450 2441 2447
f 2448 2419 2441
f 2470 2482 2500
f 2470 2500 2478
f 2466 2448 2450
f 2466 2467 2448
f 2467 2446 2419
f 2467 2419 2448
f 2478 2500 2487
f 2472 2467 2466
f 2487 2500 2506
f 2487 2506 2494
f 2480 2473 2467
f 2480 2467 2472
f 2473 2465 2467
f 2465 2446 2467
f 2494 2506 2498
f 2485 2473 2480
f 2485 2469 2465
f 2485 2465 2473
f 2469 2458 2446
f 2469 2446 2465
f 2498 2506 2509
f 2498 2509 2501
f 2489 2479 2485
f 2479 2469 2485
f 2479 2458 2469
f 2501 2509 2503
f 2495 2481 2479
f 2495 2479 2489
f 2481 2458 2479
f 2503 2509 2507
f 2503 2507 2502
f 2491 2481 2495
f 2491 2477 2481
f 2477 2464 2458
f 2477 2458 2481
f 2502 2507 2499
f 2496 2477 2491
f 2499 2507 2504
f 2499 2504 2497
f 2483 2475 2477
f 2483 2477 2496
f 2475 2468 2477
f 2468 2464 2477
f 2497 2504 2492
f 2490 2475 2483
f 2490 2459 2468
f 2490 2468 2475
f 2459 2453 2464
f 2459 2464 2468
f 2492 2504 2488
f 2492 2488 2484
f 2471 2461 2490
f 2461 2459 2490
f 2461 2453 2459
f 2484 2488 2474
f 2476 2452 2461
f 2476 2461 2471
f 2452 2453 2461
f 2474 2488 2460
f 2474 2460 2463
f 2451 2452 2476
f 2451 2437 2452
f 2437 2434 2453
f 2437 2453 2452
f 2463 2460 2449
f 2456 2437 2451
f 2449 2460 2436
f 2449 2436 2439
f 2430 2423 2437
f 2430 2437 2456
f 2423 2418 2437
f 2418 2434 2437
f 2439 2436 2426
f 2433 2423 2430
f 2433 2411 2418
f 2433 2418 2423
f 2411 2408 2434
f 2411 2434 2418
f 2426 2436 2405
f 2426 2405 2413
f 2406 2402 2433
f 2402 2411 2433
f 2402 2408 2411
f 2413 2405 2399
f 2410 2394 2402
f 2410 2402 2406
f 2394 2408 2402
f 2399 2405 2383
f 2399 2383 2390
f 2384 2394 2410
f 2384 2381 2408
f 2384 2408 2394
f 2390 2383 2378
f 2388 2376 2384
f 2376 2381 2384
f 2378 2383 2358
f 2378 2358 2370
f 2366 2376 2388
f 2366 2365 2376
f 2365 2381 2376
f 2370 2358 2357
f 2368 2355 2365
f 2368 2365 2366
f 2355 2354 2381
f 2355 2381 2365
f 2357 2358 2336
f 2357 2336 2348
f 2347 2345 2368
f 2345 2355 2368
f 2345 2354 2355
f 2348 2336 2337
f 2346 2338 2345
f 2346 2345 2347
f 2338 2354 2345
f 2337 2336 2311
f 2337 2311 2325
f 2328 2338 2346
f 2328 2317 2338
f 2317 2329 2354
f 2317 2354 2338
f 2325 2311 2314
f 2326 2317 2328
f 2314 2311 2287
f 2314 2287 2302
f 2305 2307 2317
f 2305 2317 2326
f 2307 2308 2317
f 2308 2329 2317
f 2302 2287 2291
f 2304 2307 2305
f 2304 2297 2308
f 2304 2308 2307
f 2297 2300 2329
f 2297 2329 2308
f 2291 2287 2258
f 2291 2258 2277
f 2282 2284 2304
f 2284 2297 2304
f 2284 2300 2297
f 2277 2262 2266
f 2277 2258 2262
f 2281 2274 2284
f 2281 2284 2282
f 2274 2278 2284
f 2278 2300 2284
f 2266 2262 2251
f 2262 2258 2228
f 2261 2274 2281
f 2261 2269 2278
f 2261 2278 2274
f 2269 2270 2300
f 2269 2300 2278
f 2251 2262 2233
f 2262 2228 2233
f 2255 2253 2261
f 2253 2269 2261
f 2253 2270 2269
f 2233 2228 2194
f 2233 2194 2225
f 2237 2242 2253
f 2237 2253 2255
f 2242 2247 2253
f 2247 2270 2253
f 2225 2194 2209
f 2230 2242 2237
f 2230 2239 2247
f 2230 2247 2242
f 2239 2244 2270
f 2239 2270 2247
f 2209 2194 2173
f 2209 2173 2196
f 2213 2223 2230
f 2223 2239 2230
f 2223 2244 2239
f 2196 2173 2185
f 2206 2210 2223
f 2206 2223 2213
f 2210 2219 2223
f 2219 2244 2223
f 2185 2173 2164
f 2185 2164 2179
f 2193 2210 2206
f 2193 2211 2219
f 2193 2219 2210
f 2211 2221 2244
f 2211 2244 2219
f 2179 2164 2174
f 2186 2195 2193
f 2195 2211 2193
f 2195 2221 2211
f 2174 2164 2162
f 2174 2162 2170
f 2183 2192 2195
f 2183 2195 2186
f 2192 2201 2195
f 2201 2221 2195
f 2170 2162 2168
f 2178 2192 2183
f 2178 2198 2201
f 2178 2201 2192
f 2198 2208 2221
f 2198 2221 2201
f 2168 2162 2163
f 2168 2163 2167
f 2181 2187 2178
f 2187 2198 2178
f 2187 2208 2198
f 2167 2163 2169
f 2175 2189 2187
f 2175 2187 2181
f 2189 2200 2187
f 2200 2208 2187
f 2169 2163 2165
f 2169 2165 2172
f 2184 2189 2175
f 2184 2204 2200
f 2184 2200 2189
f 2204 2214 2208
f 2204 2208 2200
f 2172 2165 2176
f 2180 2199 2184
f 2199 2204 2184
f 2199 2214 2204
f 2176 2165 2177
f 2176 2177 2182
f 2197 2207 2199
f 2197 2199 2180
f 2207 2216 2199
f 2216 2214 2199
f 2182 2177 2191
f 2188 2207 2197
f 2188 2224 2216
f 2188 2216 2207
f 2224 2231 2214
f 2224 2214 2216
f 2191 2177 2203
f 2191 2203 2205
f 2218 2226 2188
f 2226 2224 2188
f 2226 2231 2224
f 2205 2203 2217
f 2212 2243 2226
f 2212 2226 2218
f 2243 2231 2226
f 2259 2248 2240
f 2259 2240 2267
f 2264 2248 2259
f 2217 2227 2232
f 2217 2203 2220
f 2217 2220 2227
f 2203 2215 2220
f 2249 2250 2260
f 2267 2272 2264
f 2267 2264 2259
f 2272 2257 2264
f 2260 2250 2279
f 2260 2279 2271
f 2275 2280 2267
f 2280 2272 2267
f 2280 2286 2257
f 2280 2257 2272
f 2271 2279 2283
f 2289 2292 2280
f 2289 2280 2275
f 2292 2293 2280
f 2293 2286 2280
f 2283 2279 2306
f 2283 2306 2295
f 2299 2292 2289
f 2299 2303 2293
f 2299 2293 2292
f 2303 2286 2293
f 2295 2306 2309
f 2298 2312 2299
f 2312 2303 2299
f 2312 2315 2286
f 2312 2286 2303
f 2309 2306 2330
f 2309 2330 2318
f 2320 2322 2312
f 2320 2312 2298
f 2322 2324 2312
f 2324 2315 2312
f 2318 2332 2333
f 2318 2330 2331
f 2318 2331 2332
f 2319 2322 2320
f 2319 2334 2324
f 2319 2324 2322
f 2334 2315 2324
f 2333 2332 2342
f 2332 2331 2353
f 2332 2353 2342
f 2331 2330 2353
f 2341 2340 2319
f 2340 2334 2319
f 2340 2351 2315
f 2340 2315 2334
f 2240 2249 2267
f 2202 2222 2250
f 2202 2250 2215
f 2263 2231 2257
f 2263 2257 2276
f 2232 2249 2240
f 2243 2212 2240
f 2243 2240 2248
f 2243 2248 2264
f 2231 2243 2264
f 2231 2264 2257
f 2227 2249 2232
f 2220 2250 2249
f 2220 2249 2227
f 2215 2250 2220
