# fh16_trailer_wheel_3l.obj - ISO 8855 (x ileri, y sol, z yukari), metre
mtllib fh16.mtl
o fh16_trailer_wheel_3l
v -0.30683 -0.31583 -0.09983
v -0.31500 -0.31620 0.00000
v -0.30683 -0.31583 0.09933
v -0.30900 -0.29600 -0.10100
v -0.31900 -0.29175 0.00000
v -0.30900 -0.29600 0.10000
v -0.31200 -0.15300 0.00000
v -0.30433 -0.01967 -0.09910
v -0.31832 -0.02172 0.00000
v -0.30418 -0.01945 0.09850
v -0.30800 0.06500 -0.10050
v -0.31425 0.06500 0.00000
v -0.30800 0.06500 0.09950
v -0.31800 0.09400 -0.10300
v -0.33500 0.09400 0.00000
v -0.31800 0.09400 0.10300
v -0.32000 0.18100 -0.10400
v -0.33600 0.18100 0.00000
v -0.32000 0.18100 0.10400
v -0.32000 0.27000 -0.10400
v -0.33600 0.27000 0.00000
v -0.32000 0.27000 0.10400
v -0.31178 0.31657 -0.10143
v -0.32231 0.31541 0.00000
v -0.31170 0.31635 0.10096
v -0.26012 -0.31600 -0.18900
v -0.28557 -0.31600 -0.09300
v -0.29733 -0.31500 0.00000
v -0.28557 -0.31600 0.09243
v -0.26025 -0.31575 0.18850
v -0.26300 -0.29600 -0.19100
v -0.28600 -0.27900 -0.09300
v -0.28600 -0.27900 0.09200
v -0.26300 -0.29600 0.19100
v -0.25300 -0.15300 -0.18400
v -0.29700 -0.15300 -0.09700
v -0.29700 -0.15300 0.09600
v -0.25300 -0.15300 0.18300
v -0.25715 -0.06870 -0.08375
v -0.27105 -0.06884 0.00000
v -0.25715 -0.06870 0.08325
v -0.26500 -0.01650 -0.19300
v -0.25757 -0.02161 -0.18726
v -0.29180 -0.02960 -0.09520
v -0.27594 -0.04319 -0.08994
v -0.28930 -0.04320 0.00000
v -0.28055 -0.03945 0.09068
v -0.25828 -0.02064 0.18728
v -0.27317 0.03583 -0.08900
v -0.28800 0.03560 0.00000
v -0.27340 0.03560 0.08840
v -0.26600 0.06500 -0.19300
v -0.25450 0.06500 -0.18500
v -0.28850 0.06500 -0.09400
v -0.27300 0.05683 -0.08850
v -0.28700 0.05683 0.00000
v -0.27687 0.05888 0.08962
v -0.25833 0.06500 0.18733
v -0.27100 0.09400 -0.19700
v -0.25616 0.13195 -0.08347
v -0.26994 0.13200 0.00000
v -0.25616 0.13195 0.08295
v -0.27100 0.09400 0.19600
v -0.27200 0.18100 -0.19800
v -0.26165 0.16888 -0.08524
v -0.27553 0.16888 0.00000
v -0.26165 0.16888 0.08471
v -0.27200 0.18100 0.19700
v -0.26359 0.21112 -0.08576
v -0.27729 0.21112 0.00000
v -0.26359 0.21112 0.08518
v -0.27200 0.27000 -0.19800
v -0.28233 0.29000 -0.09200
v -0.26708 0.28208 -0.08692
v -0.28433 0.28367 0.00000
v -0.26956 0.28369 0.08719
v -0.27200 0.27000 0.19700
v -0.27011 0.31700 -0.19633
v -0.26115 0.31600 -0.18985
v -0.28527 0.30864 -0.09273
v -0.29800 0.30460 0.00000
v -0.28527 0.30864 0.09255
v -0.26487 0.31638 0.19196
v -0.24183 -0.31583 -0.17583
v -0.24183 -0.31583 0.17533
v -0.24300 -0.27900 -0.17700
v -0.24300 -0.27900 0.17600
v -0.21933 -0.06910 -0.15952
v -0.21900 -0.06987 0.15850
v -0.22500 -0.06950 0.16350
v -0.23465 -0.04315 -0.17050
v -0.21550 -0.04950 -0.10600
v -0.22280 -0.04980 -0.07087
v -0.21512 -0.03937 -0.03113
v -0.21925 -0.04333 0.04133
v -0.22091 -0.05036 0.08118
v -0.21450 -0.05450 0.13350
v -0.23584 -0.04237 0.17084
v -0.23320 0.03560 -0.16940
v -0.23320 0.03560 0.16880
v -0.23343 0.05800 -0.16971
v -0.23343 0.05800 0.16943
v -0.21857 0.13210 -0.15895
v -0.21550 0.11550 -0.10600
v -0.22190 0.11110 -0.07110
v -0.21370 0.10410 -0.03310
v -0.21844 0.10656 0.04250
v -0.22013 0.11187 0.08087
v -0.21840 0.13120 0.15595
v -0.19800 0.18100 -0.27200
v -0.22300 0.16887 -0.16193
v -0.22217 0.16883 0.16100
v -0.22500 0.16900 0.16280
v -0.19800 0.18100 0.27100
v -0.22441 0.21112 -0.16318
v -0.22225 0.21150 0.16100
v -0.22633 0.21078 0.16422
v -0.19800 0.27000 -0.27200
v -0.23018 0.28400 -0.16729
v -0.22217 0.27683 0.16100
v -0.23309 0.28755 0.16900
v -0.19800 0.27000 0.27100
v -0.19800 0.31000 -0.27200
v -0.24220 0.30820 -0.17600
v -0.24218 0.30855 0.17564
v -0.19800 0.31000 0.27100
v -0.18778 -0.31589 -0.25822
v -0.17520 -0.31560 -0.24080
v -0.18207 -0.31579 0.24993
v -0.19100 -0.29633 -0.26300
v -0.17700 -0.27900 -0.24300
v -0.18750 -0.29200 0.25725
v -0.18400 -0.15300 -0.25300
v -0.18400 -0.15300 0.25200
v -0.15885 -0.06845 -0.21860
v -0.15300 -0.06100 0.21000
v -0.15944 -0.06933 0.21883
v -0.18720 -0.02076 -0.25776
v -0.16961 -0.04322 -0.23333
v -0.15557 -0.04686 -0.17014
v -0.18160 -0.03600 -0.11460
v -0.17542 -0.02737 -0.06711
v -0.17867 -0.02083 -0.02333
v -0.17600 -0.02393 0.04643
v -0.18145 -0.03255 0.08473
v -0.16500 -0.03600 0.13680
v -0.15529 -0.04971 0.17700
v -0.17913 -0.03224 0.24595
v -0.19200 -0.01583 0.26367
v -0.16900 0.03567 -0.23250
v -0.14957 0.00286 -0.04886
v -0.15656 0.00644 0.00000
v -0.14957 0.00286 0.04800
v -0.16900 0.03567 0.23200
v -0.18733 0.06500 -0.25833
v -0.16957 0.05800 -0.23329
v -0.16231 0.08256 -0.05188
v -0.15725 0.07642 0.00000
v -0.15943 0.08150 0.04979
v -0.17700 0.09000 0.07700
v -0.17289 0.05956 0.23767
v -0.19300 0.06500 0.26500
v -0.19600 0.09400 -0.27000
v -0.15795 0.13140 -0.21735
v -0.15433 0.11011 -0.17100
v -0.18160 0.10500 -0.11460
v -0.18067 0.09633 -0.07350
v -0.18600 0.09575 -0.03500
v -0.18282 0.09455 0.04409
v -0.18308 0.09900 0.08538
v -0.16500 0.10500 0.13680
v -0.15390 0.11320 0.17950
v -0.15882 0.13253 0.21794
v -0.19600 0.09400 0.27000
v -0.16182 0.16888 -0.22276
v -0.16182 0.16888 0.22224
v -0.16282 0.21112 -0.22429
v -0.16282 0.21112 0.22376
v -0.16669 0.28369 -0.22938
v -0.16641 0.28376 0.22853
v -0.19091 0.31652 -0.26270
v -0.17550 0.30738 -0.24163
v -0.18368 0.31209 0.25214
v -0.19455 0.31909 0.26727
v -0.10000 -0.31583 -0.30700
v -0.10012 -0.31562 0.30687
v -0.10100 -0.29633 -0.30900
v -0.10100 -0.29633 0.30900
v -0.09700 -0.15300 -0.29700
v -0.09700 -0.15300 0.29700
v -0.09883 -0.02033 -0.30350
v -0.12029 -0.04914 -0.20157
v -0.12022 -0.03617 -0.16565
v -0.12600 -0.01900 -0.12283
v -0.10000 -0.02100 -0.05800
v -0.11300 -0.02100 -0.01500
v -0.10550 -0.02100 0.04300
v -0.13250 -0.01200 0.09550
v -0.12373 -0.02887 0.14540
v -0.11718 -0.04394 0.18741
v -0.10900 -0.05100 0.21900
v -0.09891 -0.02073 0.30332
v -0.12743 0.00286 -0.09286
v -0.12760 0.01900 -0.06680
v -0.11300 0.01900 -0.01500
v -0.12525 0.01900 0.04475
v -0.12678 0.00644 0.09133
v -0.10050 0.06500 -0.30850
v -0.11383 0.08933 -0.15167
v -0.11714 0.08057 -0.09679
v -0.11437 0.07791 -0.06863
v -0.11797 0.07585 -0.00778
v -0.11365 0.07310 0.03706
v -0.11739 0.08052 0.08385
v -0.11180 0.08900 0.14620
v -0.09800 0.09000 0.16600
v -0.10050 0.06500 0.30800
v -0.10400 0.09400 -0.31800
v -0.12000 0.11156 -0.20056
v -0.12145 0.10100 -0.16862
v -0.13033 0.09533 -0.13533
v -0.10600 0.13500 -0.01400
v -0.10400 0.13500 0.02800
v -0.12906 0.09650 0.14675
v -0.11791 0.10665 0.18817
v -0.10900 0.11700 0.21900
v -0.10400 0.09400 0.31800
v -0.10400 0.18100 -0.32000
v -0.10600 0.18300 -0.01400
v -0.10400 0.18300 0.02800
v -0.10400 0.18100 0.31900
v -0.10417 0.20200 -0.01383
v -0.10233 0.20200 0.02683
v -0.10400 0.27000 -0.32000
v -0.10400 0.27000 0.31900
v -0.10148 0.31652 -0.31191
v -0.10014 0.31593 0.30750
v -0.10350 0.31662 0.31750
v -0.09600 -0.31700 -0.29600
v -0.09250 -0.31562 -0.28400
v -0.09314 -0.31600 0.28529
v -0.09300 -0.27900 -0.28600
v -0.09300 -0.27900 0.28600
v -0.08389 -0.06906 -0.25772
v -0.08378 -0.06978 0.25717
v -0.08700 -0.06600 0.26700
v -0.09600 -0.03000 -0.29500
v -0.08980 -0.04315 -0.27560
v -0.06700 -0.03600 -0.20633
v -0.07683 -0.02233 -0.16667
v -0.08167 -0.01433 -0.11933
v -0.08100 -0.02100 -0.08100
v -0.06950 -0.02100 0.09000
v -0.07250 -0.01150 0.14175
v -0.08043 -0.03100 0.18600
v -0.08100 -0.05800 0.24900
v -0.09055 -0.04060 0.27760
v -0.08917 0.03567 -0.27367
v -0.04856 0.00644 -0.14878
v -0.08840 0.00770 -0.12400
v -0.08100 0.01900 -0.08100
v -0.06950 0.01900 0.09000
v -0.07033 0.00644 0.13711
v -0.08920 0.03560 0.27320
v -0.09037 0.05888 -0.27700
v -0.04891 0.07673 -0.15000
v -0.06624 0.07573 -0.11505
v -0.08179 0.07269 -0.07092
v -0.09300 0.06500 -0.03000
v -0.08980 0.06767 0.04833
v -0.07290 0.07212 0.08190
v -0.06581 0.07878 0.13092
v -0.09037 0.05888 0.27625
v -0.08353 0.13179 -0.25663
v -0.06700 0.10500 -0.20633
v -0.09000 0.09775 -0.17225
v -0.05400 0.13500 -0.09300
v -0.08450 0.13500 -0.06500
v -0.09300 0.13500 0.05300
v -0.06500 0.13500 0.08450
v -0.08043 0.10086 0.18600
v -0.08357 0.13205 0.25638
v -0.08535 0.16888 -0.26218
v -0.05400 0.18300 -0.09300
v -0.08450 0.18300 -0.06500
v -0.09300 0.18300 0.05300
v -0.06500 0.18300 0.08450
v -0.08500 0.16886 0.26071
v -0.08633 0.16900 0.26533
v -0.08600 0.21112 -0.26400
v -0.05375 0.20150 -0.09275
v -0.06958 0.20274 -0.05963
v -0.06426 0.20606 -0.01710
v -0.06435 0.20494 0.03450
v -0.06308 0.20200 0.08175
v -0.08520 0.21140 0.26080
v -0.08714 0.21071 0.26643
v -0.08776 0.28376 -0.26953
v -0.08514 0.27814 0.26086
v -0.09011 0.28811 0.27622
v -0.09600 0.31200 -0.29600
v -0.09256 0.30789 -0.28456
v -0.09282 0.30855 0.28527
v 0.00000 -0.31580 -0.31213
v 0.00000 -0.31600 0.29971
v 0.00000 -0.31583 0.32200
v 0.00000 -0.29200 -0.31875
v 0.00000 -0.27900 0.30000
v 0.00000 -0.29633 0.32400
v 0.00000 -0.15300 -0.31200
v 0.00000 -0.15300 0.31200
v 0.00000 -0.06889 -0.27047
v 0.00000 -0.06100 0.26000
v 0.00000 -0.06884 0.27011
v 0.00000 -0.02133 -0.31733
v 0.00000 -0.04481 -0.28744
v -0.01800 -0.04631 -0.22700
v -0.00979 -0.02386 -0.18179
v -0.01500 -0.02100 -0.11300
v -0.03000 -0.02100 0.11000
v 0.00000 -0.01433 0.14367
v -0.01653 -0.02971 0.19241
v -0.01250 -0.05042 0.23508
v 0.00000 -0.03955 0.29355
v 0.00000 -0.01990 0.31915
v 0.00000 0.03567 -0.28733
v 0.00000 0.00644 -0.15644
v -0.01500 0.01900 -0.11300
v -0.03000 0.01900 0.11000
v 0.00000 0.00770 0.15140
v 0.00000 0.03560 0.28700
v 0.00000 0.06500 -0.31375
v 0.00000 0.05683 -0.28700
v -0.00224 0.08106 -0.16659
v -0.02210 0.07424 -0.11322
v -0.02065 0.07059 0.10318
v -0.01632 0.07776 0.13445
v -0.00400 0.08900 0.18380
v 0.00000 0.05888 0.29037
v 0.00000 0.06500 0.32350
v 0.00000 0.09400 -0.33400
v 0.00000 0.13162 -0.26867
v -0.01718 0.10855 -0.22645
v -0.01370 0.09480 -0.18700
v -0.01400 0.13500 -0.10600
v -0.01400 0.13500 0.10500
v -0.01961 0.09744 0.19600
v -0.01118 0.11294 0.23559
v 0.00000 0.13239 0.26950
v 0.00000 0.09400 0.33400
v 0.00000 0.18100 -0.33600
v 0.00000 0.16888 -0.27529
v -0.01400 0.18300 -0.10600
v -0.01400 0.18300 0.10500
v 0.00000 0.16888 0.27459
v 0.00000 0.18100 0.33600
v 0.00000 0.21112 -0.27700
v -0.01383 0.20200 -0.10417
v -0.01869 0.20678 -0.06236
v -0.02480 0.21913 -0.01727
v -0.02380 0.21360 0.04140
v -0.01393 0.20341 0.08114
v 0.00000 0.21112 0.27676
v 0.00000 0.28713 -0.30138
v 0.00000 0.28142 -0.27758
v 0.00000 0.28367 0.28347
v 0.00000 0.27000 0.33600
v 0.00000 0.31391 -0.31931
v 0.00000 0.30855 0.29936
v 0.00000 0.31630 0.32657
v 0.02783 -0.04333 -0.22158
v 0.02975 -0.02387 -0.18063
v 0.02900 -0.02100 -0.11100
v 0.02900 -0.02100 0.11000
v 0.05000 -0.01200 0.15550
v 0.02675 -0.03283 0.19942
v 0.02433 -0.04867 0.23150
v 0.04833 0.00644 -0.14867
v 0.02900 0.01900 -0.11100
v 0.02900 0.01900 0.11000
v 0.04767 0.00644 0.14844
v 0.04625 0.07775 -0.15342
v 0.03725 0.07692 -0.11274
v 0.03650 0.07143 0.10100
v 0.04088 0.08124 0.13160
v 0.01900 0.09000 0.19200
v 0.02638 0.10656 -0.22119
v 0.02229 0.09500 -0.18943
v 0.04050 0.13500 -0.09850
v 0.04050 0.13500 0.09800
v 0.02650 0.09943 0.20093
v 0.02300 0.11075 0.23062
v 0.04050 0.18300 -0.09850
v 0.04050 0.18300 0.09800
v 0.03740 0.20180 -0.09850
v 0.03209 0.20600 -0.05903
v 0.03472 0.21683 -0.01861
v 0.03509 0.21103 0.04097
v 0.03170 0.20304 0.08135
v 0.09886 -0.31600 -0.30543
v 0.09186 -0.31557 -0.28400
v 0.09627 -0.31580 0.29680
v 0.10000 -0.29633 -0.30900
v 0.09300 -0.27900 -0.28600
v 0.09825 -0.29200 0.30325
v 0.09600 -0.15300 -0.29700
v 0.09600 -0.15300 0.29700
v 0.08350 -0.06906 -0.25772
v 0.08341 -0.06941 0.25706
v 0.08700 -0.06600 0.26700
v 0.09827 -0.02054 -0.30342
v 0.08905 -0.04384 -0.27547
v 0.07550 -0.03600 -0.20350
v 0.09575 -0.02862 -0.17163
v 0.08575 -0.01500 -0.12350
v 0.09000 -0.02100 -0.06950
v 0.09900 -0.02100 0.05700
v 0.06900 -0.02100 0.09000
v 0.09750 -0.01500 0.13475
v 0.09292 -0.03315 0.17946
v 0.08100 -0.05800 0.24900
v 0.09431 -0.03021 0.29107
v 0.08850 0.03567 -0.27367
v 0.08790 0.00770 -0.12350
v 0.09000 0.01900 -0.06950
v 0.09900 0.01900 0.05700
v 0.06900 0.01900 0.09000
v 0.09133 0.00644 0.12589
v 0.08860 0.03560 0.27320
v 0.10000 0.06500 -0.30850
v 0.08963 0.05888 -0.27700
v 0.09700 0.09000 -0.16700
v 0.07766 0.07617 -0.11641
v 0.08706 0.07376 -0.06904
v 0.09924 0.06829 -0.02053
v 0.09603 0.07006 0.04577
v 0.08074 0.07440 0.08081
v 0.09121 0.07693 0.12586
v 0.09700 0.08900 0.16700
v 0.09170 0.06010 0.28260
v 0.10300 0.09400 -0.31800
v 0.08310 0.13175 -0.25670
v 0.07550 0.10500 -0.20350
v 0.09793 0.09850 -0.17486
v 0.08450 0.13500 -0.06500
v 0.10300 0.13500 -0.02800
v 0.09800 0.13500 0.04050
v 0.07600 0.13500 0.07600
v 0.10500 0.09200 0.14500
v 0.09450 0.09931 0.17937
v 0.08310 0.13175 0.25625
v 0.10300 0.09400 0.31800
v 0.10400 0.18100 -0.32000
v 0.08482 0.16888 -0.26218
v 0.08450 0.18300 -0.06500
v 0.10300 0.18300 -0.02800
v 0.09800 0.18300 0.04050
v 0.07600 0.18300 0.07600
v 0.08457 0.16886 0.26071
v 0.08600 0.16900 0.26533
v 0.10400 0.18100 0.31900
v 0.08529 0.21112 -0.26400
v 0.08138 0.20208 -0.06162
v 0.07425 0.20431 -0.01600
v 0.07666 0.20359 0.03148
v 0.07233 0.20200 0.07233
v 0.08460 0.21140 0.26080
v 0.08629 0.21071 0.26643
v 0.10400 0.27000 -0.32000
v 0.08724 0.28376 -0.26953
v 0.08450 0.27700 0.26067
v 0.08956 0.28811 0.27622
v 0.10400 0.27000 0.31900
v 0.10092 0.31640 -0.31120
v 0.09233 0.30789 -0.28456
v 0.09658 0.31263 0.29742
v 0.10325 0.31663 0.31750
v 0.15475 -0.06200 -0.21325
v 0.15300 -0.06100 0.21000
v 0.15550 -0.06250 0.21400
v 0.12483 -0.04967 -0.20300
v 0.13650 -0.03730 -0.16330
v 0.13100 -0.01960 -0.11960
v 0.15050 -0.01100 -0.04950
v 0.11200 -0.02100 -0.01500
v 0.13700 -0.01433 0.04233
v 0.13200 -0.01200 0.09550
v 0.12927 -0.03107 0.14693
v 0.13553 -0.04980 0.18980
v 0.10800 -0.05100 0.21900
v 0.12686 0.00286 -0.09271
v 0.14355 0.00873 -0.05609
v 0.13680 0.01860 -0.00600
v 0.14420 0.00770 0.04630
v 0.12600 0.00644 0.09133
v 0.11375 0.08900 -0.14925
v 0.12800 0.07756 -0.09356
v 0.13050 0.07896 -0.06482
v 0.12266 0.07609 -0.00655
v 0.13224 0.07614 0.03079
v 0.12091 0.07970 0.08304
v 0.11660 0.08940 0.14760
v 0.13171 0.11643 -0.20400
v 0.13796 0.10385 -0.16508
v 0.13033 0.09533 -0.13500
v 0.10700 0.13500 0.00000
v 0.13238 0.09806 0.14775
v 0.13636 0.11173 0.18986
v 0.14350 0.12425 0.21500
v 0.10700 0.18300 0.00000
v 0.10700 0.20100 0.00000
v 0.18711 -0.31589 -0.25822
v 0.17440 -0.31560 -0.24080
v 0.18150 -0.31581 0.25000
v 0.19000 -0.29633 -0.26300
v 0.17600 -0.27900 -0.24300
v 0.18650 -0.29200 0.25725
v 0.18300 -0.15300 -0.25300
v 0.18300 -0.15300 0.25200
v 0.15935 -0.07041 -0.21994
v 0.15929 -0.06988 0.21929
v 0.18676 -0.02128 -0.25756
v 0.17029 -0.04247 -0.23506
v 0.16700 -0.04950 -0.17200
v 0.18080 -0.03600 -0.11440
v 0.17653 -0.02880 -0.07260
v 0.18050 -0.02387 -0.02763
v 0.17942 -0.02600 0.04617
v 0.18109 -0.03264 0.08509
v 0.17467 -0.03600 0.12700
v 0.16700 -0.04950 0.17150
v 0.17851 -0.03221 0.24569
v 0.19175 -0.01575 0.26375
v 0.16875 0.03575 -0.23250
v 0.15700 0.00050 0.00000
v 0.16880 0.03560 0.23220
v 0.18700 0.06500 -0.25833
v 0.16886 0.05800 -0.23329
v 0.17433 0.08933 -0.06383
v 0.16238 0.08013 -0.00513
v 0.17800 0.08933 0.05083
v 0.17700 0.08900 0.07700
v 0.17233 0.05956 0.23767
v 0.19300 0.06500 0.26500
v 0.19600 0.09400 -0.27000
v 0.15900 0.13400 -0.21947
v 0.16700 0.11550 -0.17200
v 0.18080 0.10500 -0.11440
v 0.17960 0.09673 -0.07707
v 0.18657 0.09500 -0.03743
v 0.18150 0.09470 0.04450
v 0.18236 0.09850 0.08507
v 0.17467 0.10500 0.12700
v 0.16700 0.11550 0.17150
v 0.15887 0.13340 0.21873
v 0.19600 0.09400 0.27000
v 0.19700 0.18100 -0.27200
v 0.16147 0.16889 -0.22279
v 0.16153 0.16888 0.22224
v 0.19700 0.18100 0.27100
v 0.16265 0.21112 -0.22429
v 0.16265 0.21112 0.22376
v 0.19700 0.27000 -0.27200
v 0.16719 0.28413 -0.23056
v 0.16688 0.28418 0.22959
v 0.19700 0.27000 0.27100
v 0.19107 0.31596 -0.26359
v 0.17525 0.30738 -0.24150
v 0.18270 0.31175 0.25135
v 0.19492 0.31750 0.26825
v 0.24411 -0.31611 -0.17778
v 0.24450 -0.31612 0.17762
v 0.24300 -0.27900 -0.17700
v 0.24300 -0.27900 0.17600
v 0.25200 -0.15300 -0.18400
v 0.25200 -0.15300 0.18300
v 0.21875 -0.06875 -0.15950
v 0.25519 -0.06744 -0.08325
v 0.25519 -0.06744 0.08275
v 0.21811 -0.06917 0.15828
v 0.22500 -0.06950 0.16350
v 0.24348 -0.03364 -0.17733
v 0.21500 -0.04950 -0.10600
v 0.22227 -0.04980 -0.07067
v 0.21488 -0.03937 -0.03075
v 0.21867 -0.04333 0.04150
v 0.22018 -0.05036 0.08155
v 0.21400 -0.05450 0.13400
v 0.24415 -0.03321 0.17727
v 0.23217 0.03567 -0.16933
v 0.23217 0.03567 0.16867
v 0.23778 0.05956 -0.17311
v 0.23778 0.05956 0.17278
v 0.21795 0.13221 -0.15889
v 0.21500 0.11550 -0.10600
v 0.23597 0.11957 -0.07627
v 0.21350 0.10410 -0.03280
v 0.21788 0.10656 0.04275
v 0.23723 0.12133 0.08200
v 0.21785 0.13145 0.15600
v 0.22235 0.16888 -0.16194
v 0.22150 0.16883 0.16100
v 0.22440 0.16900 0.16280
v 0.22406 0.21112 -0.16318
v 0.22175 0.21150 0.16100
v 0.22611 0.21078 0.16422
v 0.22988 0.28418 -0.16741
v 0.22140 0.27540 0.16100
v 0.23475 0.28817 0.17050
v 0.24409 0.30864 -0.17755
v 0.24408 0.30900 0.17708
v 0.26140 -0.31560 -0.19040
v 0.29469 -0.31592 -0.09615
v 0.29800 -0.31557 0.00000
v 0.29557 -0.31593 0.09586
v 0.26143 -0.31543 0.18986
v 0.26300 -0.29633 -0.19100
v 0.30225 -0.29200 -0.09900
v 0.30000 -0.27900 0.00000
v 0.30225 -0.29200 0.09800
v 0.26300 -0.29633 0.19100
v 0.29600 -0.15300 -0.09700
v 0.29600 -0.15300 0.09600
v 0.26150 -0.07250 -0.08525
v 0.27080 -0.06945 0.00000
v 0.26150 -0.07250 0.08475
v 0.26450 -0.01650 -0.19300
v 0.26157 -0.01971 -0.19043
v 0.29927 -0.02268 -0.09773
v 0.27520 -0.04407 -0.08987
v 0.28939 -0.04328 0.00000
v 0.28951 -0.03135 0.09384
v 0.26240 -0.01860 0.19060
v 0.27300 0.03560 -0.08920
v 0.28717 0.03567 0.00000
v 0.27300 0.03560 0.08840
v 0.26500 0.06500 -0.19300
v 0.29300 0.06500 -0.09567
v 0.27200 0.05683 -0.08850
v 0.29050 0.05888 0.00000
v 0.27900 0.05956 0.09056
v 0.26500 0.06500 0.19300
v 0.27000 0.09400 -0.19700
v 0.25933 0.13833 -0.08467
v 0.26937 0.13179 0.00000
v 0.25933 0.13833 0.08400
v 0.27000 0.09400 0.19600
v 0.27200 0.18100 -0.19800
v 0.26129 0.16888 -0.08524
v 0.27518 0.16888 0.00000
v 0.26129 0.16888 0.08471
v 0.27200 0.18100 0.19700
v 0.26312 0.21112 -0.08576
v 0.27700 0.21112 0.00000
v 0.26312 0.21112 0.08518
v 0.27200 0.27000 -0.19800
v 0.28175 0.28975 -0.09200
v 0.26615 0.28231 -0.08685
v 0.28367 0.28406 0.00000
v 0.26933 0.28406 0.08728
v 0.27200 0.27000 0.19700
v 0.26970 0.31720 -0.19640
v 0.26145 0.31545 -0.19036
v 0.29514 0.31167 -0.09605
v 0.29933 0.30789 0.00000
v 0.29624 0.31176 0.09619
v 0.26557 0.31657 0.19281
v 0.32075 -0.31600 0.00000
v 0.32500 -0.29633 0.00000
v 0.31200 -0.15300 0.00000
v 0.31000 -0.01575 -0.10100
v 0.31824 -0.02076 0.00000
v 0.31000 -0.01560 0.10060
v 0.31200 0.06500 -0.10200
v 0.32350 0.06500 0.00000
v 0.31200 0.06500 0.10100
v 0.31700 0.09400 -0.10300
v 0.33400 0.09400 0.00000
v 0.31700 0.09400 0.10300
v 0.31900 0.18100 -0.10400
v 0.33600 0.18100 0.00000
v 0.31900 0.18100 0.10300
v 0.31900 0.27000 -0.10400
v 0.33600 0.27000 0.00000
v 0.31900 0.27000 0.10300
v 0.31542 0.31750 -0.10292
v 0.32688 0.31617 0.00000
v 0.31542 0.31750 0.10225
usemtl m002
f 146 199 198
f 146 97 147
f 147 97 136
f 147 201 200
f 136 256 201
f 136 201 147
f 255 201 256
f 255 200 201
f 199 255 254
f 254 198 199
f 95 144 143
f 95 143 94
f 94 46 95
f 96 95 46
f 96 46 41
f 41 97 96
f 145 96 97
f 145 97 146
f 146 198 145
f 144 145 198
f 141 142 194
f 141 91 92
f 93 92 91
f 93 91 39
f 39 46 94
f 39 94 93
f 249 192 250
f 249 248 192
f 139 192 248
f 139 248 135
f 139 140 192
f 135 91 140
f 135 140 139
f 141 140 91
f 141 194 140
f 194 250 193
f 251 250 194
f 371 372 413
f 413 412 371
f 316 371 412
f 316 412 312
f 317 371 316
f 312 248 317
f 312 317 316
f 249 317 248
f 249 318 317
f 249 250 318
f 482 483 525
f 525 524 482
f 525 582 524
f 481 524 582
f 481 582 478
f 478 412 481
f 413 481 412
f 414 481 413
f 413 372 414
f 415 414 372
f 415 483 414
f 584 585 631
f 584 631 578
f 578 582 583
f 578 583 584
f 525 583 582
f 525 483 526
f 526 483 484
f 484 527 526
f 530 529 487
f 530 588 587
f 530 587 529
f 587 588 579
f 579 631 586
f 579 586 587
f 586 631 585
f 585 527 528
f 585 528 586
f 528 527 486
f 486 487 529
f 486 529 528
f 420 490 489
f 420 421 490
f 489 490 421
f 489 421 479
f 479 588 531
f 479 531 489
f 530 531 588
f 488 531 530
f 530 487 488
f 419 488 487
f 419 375 420
f 255 322 254
f 255 323 322
f 255 256 323
f 323 256 313
f 313 421 377
f 313 377 323
f 376 377 421
f 376 421 420
f 420 375 376
f 322 376 375
f 322 375 321
f 321 254 322
f 146 147 199
f 199 200 255
f 141 93 142
f 141 92 93
f 250 192 193
f 192 140 193
f 140 194 193
f 482 524 481
f 414 483 482
f 525 584 583
f 526 584 525
f 488 489 531
f 419 420 488
f 94 143 142
f 137 245 256
f 137 256 136
f 136 97 89
f 136 89 137
f 41 89 97
f 41 46 40
f 39 40 46
f 39 91 88
f 135 88 91
f 135 248 244
f 312 244 248
f 312 412 408
f 478 408 412
f 478 582 577
f 578 577 582
f 578 631 625
f 579 625 631
f 579 588 580
f 480 580 588
f 480 588 479
f 479 421 409
f 479 409 480
f 314 409 421
f 314 421 313
f 313 256 245
f 313 245 314
f 520 408 478
f 478 577 520
f 521 580 480
f 480 409 521
f 137 246 245
f 148 257 246
f 148 246 137
f 137 90 98
f 137 98 148
f 47 98 90
f 47 90 41
f 41 46 47
f 45 46 40
f 45 40 39
f 39 91 45
f 139 91 88
f 139 88 135
f 316 248 244
f 316 244 312
f 523 412 408
f 523 408 520
f 520 577 582
f 520 582 523
f 630 582 577
f 630 577 624
f 624 625 631
f 624 631 630
f 632 631 625
f 632 625 626
f 626 581 589
f 626 589 632
f 532 589 581
f 532 581 521
f 521 410 422
f 521 422 532
f 521 409 410
f 314 410 409
f 324 422 410
f 324 410 314
f 314 246 257
f 314 257 324
f 314 245 246
f 148 98 48
f 47 48 98
f 47 46 9
f 44 9 46
f 44 91 43
f 138 91 139
f 138 43 91
f 138 248 247
f 139 248 138
f 315 247 248
f 315 412 411
f 522 412 523
f 522 411 412
f 523 582 522
f 629 631 672
f 632 672 631
f 45 44 46
f 91 44 45
f 316 315 248
f 412 315 316
f 630 629 582
f 631 629 630
f 582 628 522
f 629 628 582
f 589 633 632
f 532 633 589
f 202 257 148
f 138 247 191
f 191 247 315
f 324 257 202
f 89 90 137
f 41 90 89
f 624 578 625
f 577 578 624
f 626 579 580
f 625 579 626
f 580 581 626
f 521 581 580
f 47 10 48
f 9 10 47
f 44 8 9
f 43 8 44
f 324 325 422
f 202 325 324
f 148 149 202
f 48 149 148
f 629 671 628
f 672 671 629
f 632 673 672
f 633 673 632
f 532 533 633
f 422 533 532
f 8 43 42
f 42 43 138
f 522 628 627
f 627 628 671
f 254 263 207
f 254 207 198
f 144 153 152
f 144 152 143
f 198 207 153
f 198 153 144
f 142 151 203
f 142 203 194
f 143 152 151
f 143 151 142
f 251 260 259
f 251 259 250
f 194 203 260
f 194 260 251
f 318 327 378
f 318 378 372
f 250 259 327
f 250 327 318
f 415 424 491
f 415 491 483
f 372 378 424
f 372 424 415
f 484 492 535
f 484 535 527
f 483 491 492
f 483 492 484
f 486 494 495
f 486 495 487
f 527 535 494
f 527 494 486
f 419 428 381
f 419 381 375
f 487 495 428
f 487 428 419
f 321 330 263
f 321 263 254
f 375 381 330
f 375 330 321
f 492 493 535
f 494 535 493
f 206 152 153
f 153 207 206
f 204 203 151
f 151 152 204
f 260 203 204
f 424 492 491
f 134 190 202
f 134 202 148
f 132 243 190
f 132 190 134
f 134 38 87
f 134 87 132
f 148 48 38
f 148 38 134
f 37 38 48
f 37 48 10
f 33 87 38
f 33 38 37
f 37 7 5
f 37 5 33
f 10 9 7
f 10 7 37
f 36 7 9
f 36 9 8
f 32 5 7
f 32 7 36
f 36 35 86
f 36 86 32
f 8 43 35
f 8 35 36
f 133 35 43
f 133 43 138
f 131 86 35
f 131 35 133
f 133 189 242
f 133 242 131
f 138 191 189
f 138 189 133
f 310 189 191
f 310 191 315
f 307 242 189
f 307 189 310
f 310 406 404
f 310 404 307
f 315 411 406
f 315 406 310
f 518 406 411
f 518 411 522
f 516 404 406
f 516 406 518
f 518 575 573
f 518 573 516
f 522 628 575
f 522 575 518
f 622 575 628
f 622 628 629
f 618 573 575
f 618 575 622
f 622 670 619
f 622 619 618
f 629 672 670
f 629 670 622
f 623 670 672
f 623 672 632
f 620 619 670
f 620 670 623
f 623 576 574
f 623 574 620
f 632 633 576
f 632 576 623
f 519 576 633
f 519 633 532
f 517 574 576
f 517 576 519
f 519 407 405
f 519 405 517
f 532 422 407
f 532 407 519
f 311 407 422
f 311 422 325
f 308 405 407
f 308 407 311
f 311 190 243
f 311 243 308
f 325 202 190
f 325 190 311
f 129 186 241
f 129 85 30
f 29 30 85
f 3 30 29
f 29 2 3
f 1 2 27
f 27 26 1
f 27 84 26
f 127 26 84
f 127 239 185
f 127 240 239
f 304 239 240
f 304 185 239
f 304 401 400
f 512 400 401
f 613 614 668
f 615 668 614
f 306 402 305
f 305 241 186
f 305 186 306
f 129 132 87
f 129 87 85
f 241 243 132
f 241 132 129
f 29 33 5
f 29 5 28
f 85 87 33
f 85 33 29
f 27 32 86
f 27 86 84
f 28 5 32
f 28 32 27
f 128 131 242
f 128 242 240
f 84 86 131
f 84 131 128
f 304 307 404
f 304 404 401
f 240 242 307
f 240 307 304
f 513 516 573
f 513 573 571
f 401 404 516
f 401 516 513
f 613 618 619
f 613 619 614
f 571 573 618
f 571 618 613
f 615 620 574
f 615 574 572
f 614 619 620
f 614 620 615
f 514 517 405
f 514 405 402
f 572 574 517
f 572 517 514
f 305 308 243
f 305 243 241
f 402 405 308
f 402 308 305
f 512 571 612
f 612 571 613
f 615 572 616
f 616 572 514
f 28 2 29
f 27 2 28
f 128 127 84
f 240 127 128
f 513 512 401
f 571 512 513
f 129 132 188
f 129 188 186
f 30 34 132
f 30 132 129
f 3 6 34
f 3 34 30
f 2 5 6
f 2 6 3
f 1 4 5
f 1 5 2
f 26 31 4
f 26 4 1
f 127 130 31
f 127 31 26
f 185 187 130
f 185 130 127
f 304 307 187
f 304 187 185
f 400 403 307
f 400 307 304
f 512 515 403
f 512 403 400
f 612 617 515
f 612 515 512
f 613 618 617
f 613 617 612
f 668 669 618
f 668 618 613
f 615 620 669
f 615 669 668
f 616 621 620
f 616 620 615
f 514 517 621
f 514 621 616
f 402 405 517
f 402 517 514
f 306 309 405
f 306 405 402
f 186 188 309
f 186 309 306
f 171 224 214
f 171 109 172
f 172 226 225
f 172 282 226
f 281 226 282
f 281 225 226
f 215 281 272
f 224 281 215
f 272 214 224
f 272 224 215
f 107 169 158
f 107 158 106
f 106 61 107
f 108 107 61
f 108 61 62
f 62 109 108
f 170 108 109
f 170 109 171
f 171 214 170
f 159 170 214
f 169 170 159
f 159 158 169
f 166 167 210
f 166 103 104
f 105 104 103
f 105 103 60
f 60 61 106
f 60 106 105
f 106 158 168
f 157 168 158
f 167 168 157
f 157 210 167
f 275 276 266
f 275 219 276
f 275 274 219
f 164 219 274
f 164 165 219
f 164 103 165
f 166 165 103
f 166 221 165
f 166 210 221
f 220 221 210
f 210 276 220
f 267 266 276
f 267 276 210
f 387 388 382
f 387 382 443
f 443 442 387
f 342 387 442
f 343 387 342
f 342 274 343
f 275 343 274
f 275 344 343
f 275 266 344
f 334 344 266
f 334 388 344
f 334 382 388
f 548 505 497
f 504 505 548
f 548 547 504
f 548 594 547
f 503 547 594
f 443 503 442
f 444 503 443
f 443 382 444
f 433 444 382
f 433 505 444
f 433 497 505
f 597 550 540
f 596 597 645
f 596 594 595
f 548 595 594
f 548 497 549
f 539 549 497
f 539 497 498
f 539 550 549
f 498 540 550
f 498 550 539
f 553 552 501
f 553 600 599
f 553 599 552
f 599 645 598
f 598 645 597
f 597 540 551
f 597 551 598
f 541 551 540
f 541 540 500
f 541 552 551
f 500 501 552
f 500 552 541
f 450 509 508
f 450 451 509
f 508 509 451
f 508 600 554
f 553 554 600
f 507 554 553
f 553 501 507
f 438 507 501
f 449 507 438
f 438 450 449
f 438 385 450
f 281 347 272
f 281 348 347
f 281 282 348
f 348 451 392
f 391 392 451
f 391 451 450
f 450 385 391
f 338 391 385
f 338 385 337
f 347 391 338
f 337 272 347
f 337 347 338
f 171 172 224
f 224 225 281
f 166 105 167
f 166 104 105
f 276 219 220
f 219 165 220
f 165 221 220
f 504 547 503
f 444 505 504
f 548 596 595
f 549 596 548
f 507 508 554
f 449 450 507
f 173 282 172
f 172 109 173
f 509 600 508
f 349 451 348
f 348 282 349
f 546 442 503
f 503 594 546
f 555 600 509
f 509 451 555
f 644 596 645
f 594 596 644
f 646 599 600
f 645 599 646
f 498 499 540
f 500 540 499
f 213 158 159
f 159 214 213
f 211 210 157
f 157 158 211
f 267 210 211
f 433 498 497
f 176 288 282
f 176 282 173
f 173 109 112
f 173 112 176
f 67 112 109
f 67 109 62
f 62 61 66
f 62 66 67
f 65 66 61
f 65 61 60
f 60 103 111
f 60 111 65
f 175 111 103
f 175 103 164
f 164 274 283
f 164 283 175
f 352 283 274
f 352 274 342
f 342 442 454
f 342 454 352
f 558 454 442
f 558 442 546
f 546 594 601
f 546 601 558
f 649 601 594
f 649 594 644
f 644 645 650
f 644 650 649
f 651 650 645
f 651 645 646
f 646 600 602
f 646 602 651
f 559 602 600
f 559 600 555
f 555 451 459
f 555 459 559
f 355 459 451
f 355 451 349
f 349 282 288
f 349 288 355
f 183 237 303
f 183 125 83
f 82 83 125
f 25 83 82
f 82 24 25
f 23 24 80
f 80 79 23
f 80 124 79
f 181 79 124
f 181 301 236
f 181 302 301
f 368 301 302
f 368 236 301
f 368 475 474
f 567 474 475
f 664 665 687
f 666 687 665
f 370 476 369
f 369 303 237
f 369 237 370
f 184 238 237
f 570 476 477
f 370 477 476
f 370 237 238
f 122 235 238
f 122 238 126
f 126 83 77
f 126 77 122
f 22 77 83
f 22 83 25
f 25 24 21
f 25 21 22
f 20 21 24
f 20 24 23
f 23 78 72
f 23 72 20
f 118 72 78
f 118 78 123
f 123 236 234
f 123 234 118
f 364 234 236
f 364 236 368
f 368 474 469
f 368 469 364
f 563 469 474
f 563 474 567
f 567 662 656
f 567 656 563
f 683 656 662
f 683 662 686
f 686 687 684
f 686 684 683
f 685 684 687
f 685 687 688
f 688 667 661
f 688 661 685
f 566 661 667
f 566 667 570
f 570 477 473
f 570 473 566
f 367 473 477
f 367 477 370
f 370 238 235
f 370 235 367
f 180 178 116
f 180 116 120
f 299 296 178
f 299 178 180
f 76 71 70
f 76 70 75
f 120 116 71
f 120 71 76
f 74 69 115
f 74 115 119
f 75 70 69
f 75 69 74
f 179 177 290
f 179 290 298
f 119 115 177
f 119 177 179
f 365 357 462
f 365 462 470
f 298 290 357
f 298 357 365
f 564 561 604
f 564 604 607
f 470 462 561
f 470 561 564
f 658 653 654
f 658 654 659
f 607 604 653
f 607 653 658
f 660 655 605
f 660 605 608
f 659 654 655
f 659 655 660
f 565 562 467
f 565 467 471
f 608 605 562
f 608 562 565
f 366 363 296
f 366 296 299
f 471 467 363
f 471 363 366
f 297 296 178
f 562 467 468
f 363 296 297
f 468 467 363
f 176 178 296
f 176 296 288
f 112 116 178
f 112 178 176
f 67 71 116
f 67 116 112
f 66 70 71
f 66 71 67
f 65 69 70
f 65 70 66
f 111 115 69
f 111 69 65
f 175 177 115
f 175 115 111
f 283 290 177
f 283 177 175
f 352 357 290
f 352 290 283
f 454 462 357
f 454 357 352
f 558 561 462
f 558 462 454
f 601 604 561
f 601 561 558
f 649 653 604
f 649 604 601
f 650 654 653
f 650 653 649
f 651 655 654
f 651 654 650
f 602 605 655
f 602 655 651
f 559 562 605
f 559 605 602
f 459 467 562
f 459 562 559
f 355 363 467
f 355 467 459
f 288 296 363
f 288 363 355
f 112 113 176
f 67 113 112
f 602 603 651
f 559 603 602
f 289 288 176
f 559 459 460
f 355 288 289
f 460 459 355
f 364 365 470
f 298 365 364
f 567 610 663
f 663 610 664
f 666 611 667
f 667 611 569
f 180 120 121
f 300 299 180
f 121 120 76
f 660 608 609
f 609 608 565
f 565 471 472
f 366 299 300
f 472 471 366
f 180 183 303
f 180 303 300
f 121 125 183
f 121 183 180
f 76 82 125
f 76 125 121
f 75 81 82
f 75 82 76
f 73 74 119
f 75 74 73
f 73 80 81
f 73 81 75
f 119 124 80
f 119 80 73
f 179 182 124
f 179 124 119
f 298 302 182
f 298 182 179
f 364 368 302
f 364 302 298
f 470 475 368
f 470 368 364
f 564 568 475
f 564 475 470
f 607 610 568
f 607 568 564
f 657 658 659
f 607 658 657
f 657 664 610
f 657 610 607
f 659 665 664
f 659 664 657
f 660 666 665
f 660 665 659
f 609 611 666
f 609 666 660
f 565 569 611
f 565 611 609
f 472 476 569
f 472 569 565
f 366 369 476
f 366 476 472
f 300 303 369
f 300 369 366
f 82 81 24
f 24 81 80
f 182 181 124
f 302 181 182
f 568 567 475
f 610 567 568
f 184 183 83
f 237 183 184
f 79 78 23
f 181 78 79
f 663 662 567
f 686 664 687
f 663 664 686
f 686 662 663
f 688 666 667
f 687 666 688
f 570 569 476
f 667 569 570
f 116 117 178
f 71 117 116
f 605 606 655
f 562 606 605
f 184 126 238
f 83 126 184
f 181 123 78
f 236 123 181
f 224 215 225
f 106 168 167
f 504 496 444
f 450 502 507
f 216 225 215
f 107 159 169
f 160 170 159
f 106 167 157
f 343 344 334
f 432 444 496
f 550 540 539
f 598 551 541
f 552 542 541
f 450 439 502
f 386 391 338
f 213 212 158
f 158 212 211
f 334 266 267
f 383 382 334
f 334 335 383
f 267 335 334
f 433 382 383
f 271 272 337
f 214 272 271
f 337 336 271
f 214 271 213
f 212 268 211
f 267 268 335
f 211 268 267
f 434 498 433
f 383 434 433
f 499 498 434
f 434 435 499
f 437 501 500
f 500 436 437
f 499 435 436
f 499 436 500
f 437 438 501
f 385 438 437
f 437 384 385
f 385 384 336
f 385 336 337
f 270 213 271
f 212 213 270
f 268 212 269
f 114 122 77
f 114 77 68
f 231 235 122
f 231 122 114
f 114 174 227
f 114 227 231
f 68 63 174
f 68 174 114
f 19 22 21
f 19 21 18
f 68 77 22
f 68 22 19
f 19 16 63
f 19 63 68
f 18 15 16
f 18 16 19
f 17 20 72
f 17 72 64
f 18 21 20
f 18 20 17
f 17 14 15
f 17 15 18
f 64 59 14
f 64 14 17
f 110 118 234
f 110 234 228
f 64 72 118
f 64 118 110
f 110 163 59
f 110 59 64
f 228 218 163
f 228 163 110
f 351 364 469
f 351 469 453
f 228 234 364
f 228 364 351
f 351 341 218
f 351 218 228
f 453 441 341
f 453 341 351
f 557 563 656
f 557 656 648
f 453 469 563
f 453 563 557
f 557 545 441
f 557 441 453
f 648 643 545
f 648 545 557
f 680 683 684
f 680 684 681
f 648 656 683
f 648 683 680
f 680 677 643
f 680 643 648
f 681 678 677
f 681 677 680
f 682 685 661
f 682 661 652
f 681 684 685
f 681 685 682
f 682 679 678
f 682 678 681
f 652 647 679
f 652 679 682
f 560 566 473
f 560 473 461
f 652 661 566
f 652 566 560
f 560 556 647
f 560 647 652
f 461 452 556
f 461 556 560
f 356 367 235
f 356 235 231
f 461 473 367
f 461 367 356
f 356 350 452
f 356 452 461
f 231 227 350
f 231 350 356
f 162 174 63
f 162 63 58
f 217 227 174
f 217 174 162
f 162 161 217
f 58 161 162
f 13 16 15
f 13 15 12
f 58 63 16
f 58 16 13
f 11 14 59
f 11 59 52
f 12 15 14
f 12 14 11
f 52 53 11
f 155 163 218
f 155 218 208
f 52 59 163
f 52 163 155
f 155 53 52
f 332 341 441
f 332 441 430
f 208 218 341
f 208 341 332
f 537 545 643
f 537 643 637
f 430 441 545
f 430 545 537
f 637 592 537
f 674 677 678
f 674 678 675
f 637 643 677
f 637 677 674
f 674 638 592
f 674 592 637
f 675 638 674
f 676 679 647
f 676 647 642
f 675 678 679
f 675 679 676
f 676 641 675
f 642 593 641
f 642 641 676
f 544 556 452
f 544 452 440
f 642 647 556
f 642 556 544
f 544 543 593
f 544 593 642
f 440 543 544
f 340 350 227
f 340 227 217
f 440 452 350
f 440 350 340
f 273 217 161
f 58 102 161
f 57 13 12
f 58 13 57
f 57 102 58
f 54 11 53
f 12 11 54
f 53 101 54
f 155 208 265
f 155 156 101
f 155 101 53
f 265 156 155
f 332 430 431
f 265 208 332
f 431 430 537
f 537 538 431
f 592 538 537
f 638 675 640
f 640 675 641
f 339 340 217
f 339 217 273
f 440 340 339
f 57 12 56
f 55 54 101
f 56 12 54
f 56 54 55
f 333 332 431
f 265 332 333
f 639 638 640
f 592 638 639
f 154 264 273
f 154 273 161
f 161 102 100
f 161 100 154
f 51 100 102
f 51 102 57
f 57 56 50
f 57 50 51
f 49 50 56
f 49 56 55
f 55 101 99
f 55 99 49
f 150 99 101
f 150 101 156
f 156 265 258
f 156 258 150
f 326 258 265
f 326 265 333
f 333 431 423
f 333 423 326
f 534 423 431
f 534 431 538
f 538 592 590
f 538 590 534
f 634 590 592
f 634 592 639
f 639 640 635
f 639 635 634
f 636 635 640
f 636 640 641
f 641 593 591
f 641 591 636
f 536 591 593
f 536 593 543
f 543 440 429
f 543 429 536
f 331 429 440
f 331 440 339
f 339 273 264
f 339 264 331
f 223 222 212
f 212 213 223
f 230 229 222
f 222 223 230
f 223 279 286
f 286 230 223
f 213 270 279
f 279 223 213
f 280 279 270
f 270 271 280
f 287 286 279
f 279 280 287
f 346 280 271
f 271 336 346
f 354 287 280
f 280 346 354
f 390 346 336
f 336 384 390
f 394 354 346
f 346 390 394
f 448 390 384
f 384 437 448
f 458 394 390
f 390 448 458
f 448 447 457
f 457 458 448
f 437 436 447
f 447 448 437
f 447 506 510
f 510 457 447
f 436 499 506
f 506 447 436
f 446 506 499
f 499 435 446
f 456 510 506
f 506 446 456
f 446 445 455
f 455 456 446
f 435 434 445
f 445 446 435
f 445 389 393
f 393 455 445
f 434 383 389
f 389 445 434
f 389 345 353
f 353 393 389
f 383 335 345
f 345 389 383
f 345 277 284
f 284 353 345
f 335 267 277
f 277 345 335
f 278 277 267
f 267 268 278
f 285 284 277
f 277 278 285
f 222 278 268
f 268 212 222
f 229 285 278
f 278 222 229
f 294 293 232
f 232 233 294
f 362 294 295
f 399 466 398
f 465 398 466
f 396 464 463
f 395 358 359
f 359 396 395
f 358 292 359
f 292 232 293
f 294 361 360
f 360 293 294
f 398 465 464
f 464 397 398
f 360 359 293
f 360 361 398
f 399 398 361
f 361 362 399
f 360 398 397
f 397 464 396
f 397 396 359
f 359 360 397
f 359 292 293
f 395 396 463
f 291 292 358
f 233 230 286
f 286 294 233
f 232 229 230
f 230 233 232
f 294 286 287
f 287 295 294
f 295 287 354
f 354 362 295
f 362 354 394
f 394 399 362
f 466 458 457
f 457 465 466
f 399 394 458
f 458 466 399
f 511 464 465
f 465 457 510
f 510 511 465
f 464 456 455
f 455 463 464
f 511 510 456
f 456 464 511
f 463 455 393
f 393 395 463
f 395 393 353
f 353 358 395
f 358 353 284
f 284 291 358
f 291 284 285
f 285 292 291
f 292 285 229
f 229 232 292
f 362 361 294
f 384 336 337
f 206 213 212
f 212 205 206
f 205 196 197
f 197 206 205
f 262 271 213
f 213 206 262
f 206 197 253
f 253 262 206
f 329 336 271
f 271 262 329
f 330 337 336
f 336 329 330
f 329 320 321
f 321 330 329
f 262 253 320
f 320 329 262
f 380 384 337
f 337 330 380
f 427 437 384
f 384 380 427
f 380 374 418
f 418 427 380
f 330 321 374
f 374 380 330
f 426 436 437
f 437 427 426
f 427 418 417
f 417 426 427
f 494 500 436
f 436 426 494
f 493 499 500
f 500 494 493
f 494 486 485
f 485 493 494
f 426 417 486
f 486 494 426
f 425 434 499
f 499 493 425
f 493 485 416
f 416 425 493
f 424 433 434
f 434 425 424
f 425 416 415
f 415 424 425
f 379 383 433
f 433 424 379
f 328 335 383
f 383 379 328
f 379 373 319
f 319 328 379
f 424 415 373
f 373 379 424
f 260 267 335
f 335 328 260
f 328 319 251
f 251 260 328
f 261 268 267
f 267 260 261
f 204 211 268
f 268 261 204
f 261 252 195
f 195 204 261
f 260 251 252
f 252 261 260
f 205 212 211
f 211 204 205
f 204 195 196
f 196 205 204
f 268 210 211
f 337 336 272
f 501 436 437
v -0.50383 -0.27956 -0.15561
v -0.51231 -0.28389 -0.11706
v -0.51998 -0.28480 -0.06887
v -0.52379 -0.28588 -0.01677
v -0.52208 -0.28583 0.03513
v -0.51715 -0.28483 0.08760
v -0.50819 -0.28385 0.13360
v -0.50333 -0.27100 0.16733
v -0.50350 -0.22594 -0.19869
v -0.51212 -0.23387 -0.17035
v -0.52655 -0.23411 -0.11764
v -0.52818 -0.23368 -0.06330
v -0.52748 -0.23363 -0.01473
v -0.52664 -0.23490 0.03532
v -0.53026 -0.23434 0.08343
v -0.52201 -0.23455 0.13578
v -0.50818 -0.23211 0.18254
v -0.50489 -0.19347 -0.20634
v -0.51845 -0.19261 -0.16883
v -0.53027 -0.19330 -0.11697
v -0.52869 -0.19294 -0.06687
v -0.53392 -0.19263 -0.01917
v -0.53290 -0.19357 0.03343
v -0.52924 -0.19317 0.08538
v -0.52721 -0.19287 0.13826
v -0.51195 -0.19309 0.18726
v -0.50154 -0.19346 0.21377
v -0.50468 -0.14145 -0.20413
v -0.51655 -0.13619 -0.16905
v -0.52923 -0.13591 -0.11653
v -0.52813 -0.13771 -0.06551
v -0.53182 -0.13535 -0.01765
v -0.53066 -0.13670 0.03416
v -0.52930 -0.13790 0.08427
v -0.52563 -0.13565 0.13719
v -0.51076 -0.13647 0.18564
v -0.50142 -0.14975 0.21392
v -0.50133 -0.10500 -0.19667
v -0.50907 -0.09576 -0.16869
v -0.52272 -0.09454 -0.11779
v -0.52870 -0.09520 -0.06279
v -0.52658 -0.09747 -0.01406
v -0.52655 -0.09586 0.03548
v -0.52883 -0.09485 0.08660
v -0.51833 -0.09554 0.13640
v -0.50642 -0.09881 0.17877
v -0.50220 -0.05680 -0.15160
v -0.50826 -0.05234 -0.11992
v -0.51775 -0.05242 -0.06794
v -0.52174 -0.05235 -0.01919
v -0.52095 -0.05259 0.03424
v -0.51474 -0.05242 0.08737
v -0.50617 -0.05293 0.12967
v -0.50300 0.04000 -0.08100
v -0.50800 0.04000 -0.03500
v -0.50750 0.04000 0.03400
v -0.50448 0.06687 -0.15978
v -0.51328 0.05938 -0.11763
v -0.52146 0.05886 -0.06847
v -0.52505 0.05713 -0.01625
v -0.52367 0.05781 0.03537
v -0.51814 0.05809 0.08781
v -0.50913 0.05923 0.13392
v -0.50486 0.08157 0.17400
v -0.50390 0.12613 -0.20239
v -0.51425 0.11700 -0.16956
v -0.52797 0.11626 -0.11674
v -0.52798 0.11863 -0.06422
v -0.52868 0.11512 -0.01590
v -0.52840 0.11722 0.03510
v -0.52988 0.11827 0.08383
v -0.52366 0.11603 0.13639
v -0.50936 0.11802 0.18398
v -0.50120 0.13960 0.21380
v -0.50533 0.16736 -0.20610
v -0.51886 0.16708 -0.16859
v -0.52985 0.16710 -0.11730
v -0.52916 0.16729 -0.06666
v -0.53488 0.16710 -0.01898
v -0.53320 0.16716 0.03236
v -0.52927 0.16694 0.08574
v -0.52753 0.16707 0.13840
v -0.51229 0.16736 0.18711
v -0.50167 0.16747 0.21387
v -0.50390 0.20874 -0.20239
v -0.51403 0.21831 -0.16968
v -0.52778 0.21917 -0.11683
v -0.52812 0.21688 -0.06450
v -0.52880 0.21995 -0.01592
v -0.52849 0.21789 0.03502
v -0.52983 0.21703 0.08371
v -0.52345 0.21922 0.13650
v -0.50917 0.21762 0.18394
v -0.50120 0.19540 0.21380
v -0.50379 0.27079 -0.15943
v -0.51072 0.28102 -0.11968
v -0.52022 0.28100 -0.06704
v -0.52348 0.28274 -0.01894
v -0.52331 0.28038 0.03483
v -0.51665 0.28153 0.08876
v -0.50776 0.28078 0.13188
v -0.50333 0.26600 0.16733
v -0.45300 -0.31700 -0.11600
v -0.46100 -0.31700 -0.07500
v -0.45850 -0.31900 -0.03150
v -0.46100 -0.31867 0.02433
v -0.45700 -0.31700 0.09500
v -0.45774 -0.28285 -0.25948
v -0.47584 -0.28461 -0.21818
v -0.48197 -0.29022 -0.17021
v -0.47783 -0.29380 -0.12077
v -0.48336 -0.29520 -0.06796
v -0.48776 -0.29568 -0.01576
v -0.48683 -0.29439 0.03800
v -0.48137 -0.29512 0.08671
v -0.47479 -0.29545 0.13912
v -0.48190 -0.28594 0.18610
v -0.46834 -0.28397 0.23641
v -0.45325 -0.28375 0.26625
v -0.45233 -0.22744 -0.29733
v -0.46657 -0.23385 -0.27108
v -0.48132 -0.23520 -0.21929
v -0.47730 -0.23392 -0.16668
v -0.49139 -0.23500 -0.11807
v -0.49867 -0.23933 -0.07683
v -0.50000 -0.24700 0.05800
v -0.49724 -0.23614 0.08931
v -0.48682 -0.23482 0.13539
v -0.47378 -0.23548 0.19056
v -0.48211 -0.23391 0.23341
v -0.46200 -0.23257 0.27917
v -0.45495 -0.19014 -0.30109
v -0.47458 -0.19336 -0.26832
v -0.47945 -0.19308 -0.22287
v -0.48259 -0.19427 -0.16709
v -0.49617 -0.19340 -0.12167
v -0.50000 -0.19300 0.10417
v -0.49211 -0.19378 0.13620
v -0.47546 -0.19410 0.18802
v -0.48225 -0.19256 0.23684
v -0.46500 -0.19299 0.28422
v -0.45427 -0.13877 -0.29935
v -0.47212 -0.13652 -0.26924
v -0.47962 -0.13357 -0.22162
v -0.48103 -0.13665 -0.16679
v -0.49456 -0.13331 -0.11963
v -0.49900 -0.11133 -0.08333
v -0.49844 -0.12417 0.09622
v -0.49058 -0.13594 0.13555
v -0.47427 -0.13470 0.18823
v -0.48253 -0.13504 0.23531
v -0.46410 -0.13755 0.28278
v -0.45100 -0.10500 -0.29500
v -0.46388 -0.09644 -0.26937
v -0.48106 -0.09593 -0.21807
v -0.47683 -0.09446 -0.16992
v -0.48796 -0.09556 -0.11896
v -0.49694 -0.09500 -0.07144
v -0.49650 -0.07400 -0.02075
v -0.49671 -0.08086 0.04343
v -0.49515 -0.09700 0.08640
v -0.48433 -0.09817 0.13504
v -0.47782 -0.09069 0.19209
v -0.47903 -0.09462 0.23489
v -0.46039 -0.09961 0.27671
v -0.45559 -0.05288 -0.25641
v -0.47376 -0.05220 -0.21939
v -0.48164 -0.04957 -0.16759
v -0.47321 -0.04521 -0.11968
v -0.48190 -0.04550 -0.06810
v -0.48635 -0.04500 -0.01390
v -0.48494 -0.04525 0.03887
v -0.47922 -0.04539 0.08478
v -0.47743 -0.04697 0.14147
v -0.48092 -0.05092 0.18400
v -0.46615 -0.05263 0.23495
v -0.45200 -0.05600 0.26425
v -0.46200 0.04000 -0.21400
v -0.45977 0.03800 -0.16215
v -0.47124 0.03718 -0.11882
v -0.47950 0.03688 -0.06900
v -0.48268 0.03621 -0.01674
v -0.47976 0.03424 0.03547
v -0.47812 0.03700 0.08669
v -0.46739 0.03822 0.13622
v -0.45671 0.03886 0.17571
v -0.45200 0.04000 0.23400
v -0.45897 0.06315 -0.26097
v -0.47706 0.05806 -0.21836
v -0.48838 0.05282 -0.17253
v -0.48407 0.05500 -0.12279
v -0.48730 0.05460 -0.06700
v -0.49250 0.05700 -0.01738
v -0.49156 0.05833 0.03822
v -0.48444 0.05567 0.08767
v -0.48367 0.05173 0.14260
v -0.48480 0.05598 0.18745
v -0.46997 0.05982 0.23638
v -0.45470 0.06290 0.26830
v -0.45382 0.12335 -0.29771
v -0.46909 0.11709 -0.27033
v -0.48049 0.11377 -0.22021
v -0.47895 0.11713 -0.16675
v -0.49262 0.11351 -0.11856
v -0.49867 0.10011 -0.07683
v -0.50000 0.09300 0.05800
v -0.49750 0.10681 0.09059
v -0.48839 0.11563 0.13550
v -0.47368 0.11342 0.18959
v -0.48242 0.11622 0.23391
v -0.46309 0.11909 0.28079
v -0.45460 0.16740 -0.30208
v -0.47516 0.16709 -0.26788
v -0.47881 0.16705 -0.22308
v -0.48282 0.16732 -0.16720
v -0.49607 0.16736 -0.12307
v -0.50000 0.16720 0.10460
v -0.49238 0.16736 0.13622
v -0.47576 0.16673 0.18807
v -0.48179 0.16710 0.23778
v -0.46526 0.16704 0.28443
v -0.45387 0.21069 -0.29781
v -0.46890 0.21831 -0.27032
v -0.48076 0.22130 -0.22013
v -0.47895 0.21755 -0.16675
v -0.49262 0.22113 -0.11856
v -0.49861 0.23433 -0.07683
v -0.50000 0.24200 0.05800
v -0.49747 0.22769 0.09059
v -0.48837 0.21900 0.13550
v -0.47404 0.22092 0.18978
v -0.48240 0.21917 0.23386
v -0.46280 0.21612 0.28098
v -0.45763 0.27848 -0.25881
v -0.47513 0.28200 -0.21866
v -0.48765 0.28428 -0.17093
v -0.48045 0.27682 -0.12145
v -0.48730 0.27980 -0.06700
v -0.49250 0.27750 -0.01738
v -0.49156 0.27622 0.03822
v -0.48444 0.27878 0.08767
v -0.48744 0.28378 0.14489
v -0.48400 0.28095 0.18754
v -0.46788 0.28064 0.23681
v -0.45317 0.27733 0.26683
v -0.45845 0.29627 -0.16136
v -0.47129 0.29629 -0.11836
v -0.48107 0.29643 -0.06800
v -0.48581 0.29625 -0.01388
v -0.48433 0.29633 0.03883
v -0.47862 0.29638 0.08392
v -0.46656 0.29625 0.13525
v -0.45417 0.29633 0.17300
v -0.41400 -0.31700 -0.21500
v -0.42175 -0.32150 -0.16150
v -0.42233 -0.32467 -0.10900
v -0.42300 -0.32500 -0.06850
v -0.42050 -0.32633 -0.01000
v -0.42575 -0.32500 0.04825
v -0.42667 -0.32433 0.08800
v -0.42450 -0.32250 0.12900
v -0.41400 -0.32125 0.17925
v -0.41500 -0.31700 0.21400
v -0.40050 -0.27100 -0.34800
v -0.41823 -0.28353 -0.31767
v -0.43326 -0.28835 -0.27396
v -0.43532 -0.29732 -0.21925
v -0.45000 -0.30133 -0.18367
v -0.44427 -0.30109 0.19755
v -0.42638 -0.29631 0.23600
v -0.43075 -0.28655 0.28812
v -0.41068 -0.28326 0.32718
v -0.40705 -0.23315 -0.35487
v -0.42868 -0.23430 -0.32046
v -0.42885 -0.23479 -0.26985
v -0.44750 -0.23860 -0.23430
v -0.44081 -0.23581 0.24666
v -0.42882 -0.23465 0.29429
v -0.42095 -0.23429 0.33690
v -0.40300 -0.21600 0.36400
v -0.41210 -0.19312 -0.35718
v -0.43057 -0.19364 -0.31975
v -0.43378 -0.19378 -0.26964
v -0.45000 -0.19225 -0.24150
v -0.44516 -0.19689 0.25021
v -0.43067 -0.19361 0.29507
v -0.42484 -0.19185 0.33867
v -0.40220 -0.19268 0.36804
v -0.41048 -0.13878 -0.35693
v -0.43021 -0.13590 -0.32011
v -0.43149 -0.13512 -0.26999
v -0.44857 -0.12629 -0.23871
v -0.44337 -0.13269 0.24923
v -0.42950 -0.13586 0.29526
v -0.42424 -0.13573 0.33786
v -0.40205 -0.14736 0.36782
v -0.40512 -0.09725 -0.35231
v -0.42580 -0.09397 -0.32003
v -0.43051 -0.09331 -0.27223
v -0.44511 -0.09267 -0.23178
v -0.43975 -0.09700 0.24320
v -0.43070 -0.09304 0.29276
v -0.41752 -0.09593 0.33603
v -0.41730 -0.05287 -0.31425
v -0.43033 -0.04989 -0.27278
v -0.43530 -0.04526 -0.21752
v -0.45000 -0.04367 -0.18367
v -0.44390 -0.04480 0.19910
v -0.42629 -0.04519 0.23705
v -0.42871 -0.05113 0.28825
v -0.40840 -0.05300 0.32550
v -0.41436 0.03891 -0.26191
v -0.43148 0.03600 -0.21862
v -0.43386 0.02700 -0.17100
v -0.42233 0.01533 -0.10900
v -0.42300 0.01450 -0.06850
v -0.42050 0.01333 -0.01000
v -0.42575 0.01450 0.04825
v -0.42667 0.01533 0.08800
v -0.42450 0.01700 0.12900
v -0.43523 0.03146 0.19031
v -0.42332 0.03674 0.23489
v -0.40687 0.03900 0.27587
v -0.40400 0.08200 -0.34860
v -0.41914 0.05878 -0.31781
v -0.43804 0.05513 -0.27719
v -0.43956 0.05300 -0.21978
v -0.44250 0.04500 0.20800
v -0.43225 0.05700 0.23587
v -0.43414 0.05639 0.28973
v -0.41196 0.06187 0.32833
v -0.40923 0.12106 -0.35588
v -0.42937 0.11645 -0.32009
v -0.42977 0.11492 -0.26952
v -0.44792 0.10717 -0.23542
v -0.44188 0.11224 0.24738
v -0.42884 0.11597 0.29478
v -0.42223 0.11592 0.33763
v -0.40183 0.13775 0.36750
v -0.41187 0.16696 -0.35787
v -0.42972 0.16710 -0.32044
v -0.43393 0.16731 -0.26989
v -0.45000 0.16733 -0.24167
v -0.44500 0.16739 0.25078
v -0.43042 0.16732 0.29474
v -0.42514 0.16713 0.33833
v -0.40246 0.16729 0.36821
v -0.40914 0.21411 -0.35570
v -0.42942 0.21862 -0.32003
v -0.43004 0.22007 -0.26985
v -0.44792 0.22733 -0.23542
v -0.44188 0.22233 0.24738
v -0.42915 0.21915 0.29482
v -0.42210 0.21953 0.33751
v -0.40183 0.19725 0.36750
v -0.40233 0.26067 -0.34733
v -0.41934 0.27983 -0.31581
v -0.43595 0.28134 -0.27732
v -0.43956 0.28133 -0.21978
v -0.44250 0.28900 0.20800
v -0.43411 0.27900 0.23878
v -0.43248 0.28161 0.29052
v -0.41019 0.27841 0.32806
v -0.41122 0.29633 -0.25911
v -0.43394 0.29641 -0.21859
v -0.45000 0.29633 -0.18367
v -0.44425 0.29650 0.19687
v -0.42462 0.29625 0.23556
v -0.40400 0.29633 0.27017
v -0.35500 -0.31700 -0.30400
v -0.36900 -0.32133 -0.26100
v -0.37100 -0.32525 -0.21500
v -0.37525 -0.32625 -0.17400
v -0.37686 -0.32586 -0.11829
v -0.37067 -0.32333 -0.06033
v -0.37483 -0.32333 -0.00900
v -0.37267 -0.32333 0.04200
v -0.37180 -0.32420 0.08380
v -0.37820 -0.32660 0.13800
v -0.37367 -0.32633 0.19333
v -0.37350 -0.32275 0.23850
v -0.36300 -0.31950 0.28150
v -0.35100 -0.27100 -0.39833
v -0.37026 -0.28475 -0.37035
v -0.37624 -0.29421 -0.32087
v -0.39511 -0.30089 -0.28344
v -0.38716 -0.29716 0.29595
v -0.37951 -0.28796 0.34302
v -0.36593 -0.28233 0.37763
v -0.35979 -0.23210 -0.40313
v -0.37744 -0.23482 -0.37319
v -0.38647 -0.23553 -0.32571
v -0.39800 -0.24700 0.30700
v -0.37637 -0.23489 0.33854
v -0.37408 -0.23396 0.38820
v -0.35100 -0.21600 0.41500
v -0.36033 -0.19335 -0.40945
v -0.37907 -0.19220 -0.37617
v -0.38688 -0.19373 -0.33373
v -0.37904 -0.19465 0.34169
v -0.37447 -0.19256 0.39168
v -0.35031 -0.19292 0.41785
v -0.36042 -0.13875 -0.40755
v -0.37848 -0.13468 -0.37478
v -0.38668 -0.13341 -0.33088
v -0.37809 -0.13528 0.34020
v -0.37460 -0.13580 0.39074
v -0.35036 -0.14709 0.41736
v -0.35700 -0.09718 -0.40118
v -0.37549 -0.09488 -0.37268
v -0.38468 -0.09491 -0.32268
v -0.39633 -0.08200 0.30300
v -0.37742 -0.09342 0.34066
v -0.37265 -0.09525 0.38475
v -0.37070 -0.05264 -0.36794
v -0.37684 -0.04650 -0.32291
v -0.39525 -0.04525 -0.28400
v -0.38650 -0.04525 0.29537
v -0.37961 -0.05006 0.34072
v -0.36538 -0.05265 0.37315
v -0.35600 0.04000 -0.36500
v -0.37005 0.03740 -0.31520
v -0.38760 0.03150 -0.27550
v -0.37100 0.01450 -0.21500
v -0.37525 0.01325 -0.17400
v -0.37686 0.01357 -0.11829
v -0.37067 0.01633 -0.06033
v -0.37483 0.01633 -0.00900
v -0.37267 0.01633 0.04200
v -0.37180 0.01540 0.08380
v -0.37820 0.01260 0.13800
v -0.37367 0.01333 0.19333
v -0.37350 0.01700 0.23850
v -0.38167 0.03547 0.29433
v -0.36170 0.03760 0.32700
v -0.35320 0.07780 -0.39980
v -0.37111 0.05754 -0.37092
v -0.38163 0.05295 -0.32595
v -0.39350 0.04500 -0.28950
v -0.39283 0.05300 0.29517
v -0.38347 0.05491 0.34658
v -0.36657 0.06269 0.37908
v -0.36000 0.12188 -0.40579
v -0.37774 0.11384 -0.37365
v -0.38628 0.11343 -0.32804
v -0.39800 0.09300 0.30700
v -0.37724 0.11490 0.33918
v -0.37421 0.11669 0.38942
v -0.35014 0.13714 0.41714
v -0.36059 0.16733 -0.40965
v -0.37911 0.16708 -0.37634
v -0.38740 0.16728 -0.33340
v -0.37885 0.16733 0.34235
v -0.37512 0.16674 0.39132
v -0.35058 0.16733 0.41800
v -0.35993 0.21358 -0.40568
v -0.37770 0.22124 -0.37368
v -0.38628 0.22117 -0.32804
v -0.39800 0.24200 0.30700
v -0.37722 0.21976 0.33918
v -0.37407 0.21863 0.38935
v -0.35017 0.19767 0.41700
v -0.35100 0.26600 -0.39833
v -0.37097 0.28146 -0.36918
v -0.38386 0.28310 -0.32752
v -0.39350 0.28900 -0.28950
v -0.39283 0.28133 0.29517
v -0.38337 0.28115 0.34525
v -0.36710 0.27829 0.37576
v -0.37006 0.29629 -0.31506
v -0.39583 0.29633 -0.28217
v -0.38483 0.29633 0.29642
v -0.36162 0.29650 0.32425
v -0.31567 -0.32133 -0.32367
v -0.32625 -0.32525 -0.27875
v -0.32800 -0.32600 -0.22340
v -0.32625 -0.32200 -0.16950
v -0.33900 -0.32000 -0.12100
v -0.34900 -0.32000 -0.09000
v -0.34400 -0.32000 0.10400
v -0.34050 -0.32200 0.13800
v -0.32450 -0.32333 0.18683
v -0.32625 -0.32675 0.24100
v -0.32500 -0.32475 0.28950
v -0.31767 -0.31867 0.33433
v -0.32309 -0.28398 -0.41370
v -0.32343 -0.29469 -0.36957
v -0.34900 -0.30200 -0.33900
v -0.31000 -0.31000 -0.06500
v -0.31650 -0.31000 -0.00750
v -0.31500 -0.31000 0.03500
v -0.30650 -0.31000 0.07800
v -0.33587 -0.30107 0.35080
v -0.32742 -0.28856 0.39472
v -0.31010 -0.28173 0.42503
v -0.30141 -0.23241 -0.44832
v -0.32441 -0.23458 -0.42376
v -0.33083 -0.23444 -0.38233
v -0.32866 -0.23541 0.38830
v -0.32340 -0.23335 0.43166
v -0.30843 -0.19260 -0.44979
v -0.32499 -0.19265 -0.42394
v -0.33731 -0.19462 -0.38377
v -0.32213 -0.19378 0.39574
v -0.32332 -0.19289 0.43840
v -0.30656 -0.13888 -0.44938
v -0.32483 -0.13458 -0.42442
v -0.33475 -0.13359 -0.38339
v -0.32466 -0.13557 0.39196
v -0.32418 -0.13725 0.43579
v -0.29971 -0.10214 -0.44729
v -0.32320 -0.09408 -0.42203
v -0.32718 -0.09491 -0.38095
v -0.32917 -0.09419 0.39110
v -0.31945 -0.09528 0.43017
v -0.32185 -0.05282 -0.41153
v -0.32694 -0.04616 -0.37084
v -0.34900 -0.04300 -0.33900
v -0.33686 -0.04457 0.35021
v -0.32672 -0.05032 0.39498
v -0.30660 -0.05320 0.42295
v -0.32100 0.04000 -0.39600
v -0.32265 0.03760 -0.36280
v -0.32400 0.02325 -0.32750
v -0.32625 0.01450 -0.27875
v -0.32800 0.01340 -0.22340
v -0.32625 0.01800 -0.16950
v -0.31062 0.02000 -0.10225
v -0.32300 0.02600 -0.07333
v -0.31980 0.02140 -0.00150
v -0.31500 0.02900 0.03500
v -0.31030 0.02180 0.09560
v -0.34050 0.01800 0.13800
v -0.32450 0.01633 0.18683
v -0.32625 0.01250 0.24100
v -0.32500 0.01525 0.28950
v -0.33181 0.03463 0.34781
v -0.31120 0.03900 0.37900
v -0.30000 0.09100 -0.44600
v -0.32362 0.05854 -0.41463
v -0.32447 0.05520 -0.37860
v -0.30800 0.04400 -0.10000
v -0.32500 0.04400 0.00000
v -0.30800 0.04400 0.10000
v -0.34100 0.04500 0.35000
v -0.33043 0.05344 0.39763
v -0.31186 0.06271 0.42546
v -0.30440 0.12203 -0.44900
v -0.32432 0.11449 -0.42372
v -0.33248 0.11388 -0.38258
v -0.32684 0.11425 0.39025
v -0.32364 0.11783 0.43371
v -0.30897 0.16670 -0.44977
v -0.32522 0.16708 -0.42434
v -0.33735 0.16731 -0.38396
v -0.32233 0.16733 0.39589
v -0.32291 0.16713 0.43904
v -0.30440 0.21223 -0.44893
v -0.32442 0.22064 -0.42362
v -0.33248 0.22075 -0.38258
v -0.32684 0.22041 0.39025
v -0.32382 0.21732 0.43343
v -0.32164 0.28007 -0.41481
v -0.32847 0.28237 -0.38111
v -0.34050 0.28900 0.35000
v -0.33008 0.28282 0.39784
v -0.30913 0.27868 0.42455
v -0.32289 0.29633 -0.36311
v -0.34900 0.29700 -0.33900
v -0.33625 0.29633 0.35025
v -0.30875 0.29625 0.37512
v -0.27325 -0.31950 -0.36950
v -0.27250 -0.32650 -0.32050
v -0.27567 -0.32450 -0.26617
v -0.28400 -0.32000 -0.22100
v -0.27925 -0.32200 0.23775
v -0.27383 -0.32617 0.28833
v -0.26700 -0.32475 0.34375
v -0.27800 -0.31700 0.37500
v -0.26547 -0.28285 -0.45400
v -0.27938 -0.29076 -0.42495
v -0.29060 -0.30120 -0.38960
v -0.26650 -0.31000 -0.17100
v -0.29250 -0.31000 -0.12000
v -0.28700 -0.31000 0.13200
v -0.25850 -0.31000 0.18200
v -0.27700 -0.29835 0.40022
v -0.27075 -0.28543 0.44536
v -0.25150 -0.27100 0.46650
v -0.27176 -0.23429 -0.46617
v -0.27164 -0.23443 -0.42698
v -0.29444 -0.23767 0.41011
v -0.27904 -0.23488 0.44378
v -0.26109 -0.23228 0.47236
v -0.27093 -0.19292 -0.47271
v -0.27332 -0.19427 -0.43159
v -0.27851 -0.19385 0.44327
v -0.26617 -0.19267 0.47548
v -0.27113 -0.13672 -0.47105
v -0.27247 -0.13583 -0.43006
v -0.29600 -0.11150 0.41025
v -0.27867 -0.13448 0.44254
v -0.26505 -0.13717 0.47427
v -0.27167 -0.09573 -0.46237
v -0.27397 -0.09421 -0.42600
v -0.29014 -0.09457 0.40957
v -0.27761 -0.09571 0.44619
v -0.25673 -0.09777 0.47114
v -0.26067 -0.05257 -0.45276
v -0.27886 -0.04948 -0.42460
v -0.29060 -0.04380 -0.38960
v -0.27726 -0.04500 0.39942
v -0.27000 -0.05223 0.44380
v -0.26686 0.03800 -0.40800
v -0.28289 0.03044 -0.38067
v -0.27250 0.01325 -0.32050
v -0.27567 0.01500 -0.26617
v -0.28400 0.02000 -0.22100
v -0.26230 0.02150 -0.18610
v -0.29167 0.02467 -0.11133
v -0.27500 0.01600 -0.09000
v -0.29000 0.01600 0.00000
v -0.28250 0.01600 0.09150
v -0.28700 0.02900 0.13200
v -0.26070 0.02150 0.18780
v -0.27925 0.01800 0.23775
v -0.27383 0.01317 0.28833
v -0.26700 0.01525 0.34375
v -0.27528 0.03656 0.39817
v -0.25850 0.03900 0.42500
v -0.26632 0.06203 -0.45533
v -0.28398 0.05369 -0.43102
v -0.26300 0.04400 -0.19100
v -0.26300 0.04400 0.19000
v -0.28233 0.05300 0.40217
v -0.27205 0.05759 0.44675
v -0.25200 0.07633 0.46883
v -0.27136 0.11757 -0.46860
v -0.27174 0.11598 -0.42803
v -0.29444 0.10167 0.41011
v -0.27887 0.11443 0.44312
v -0.26317 0.11851 0.47314
v -0.27155 0.16710 -0.47266
v -0.27336 0.16732 -0.43180
v -0.27820 0.16696 0.44301
v -0.26611 0.16735 0.47581
v -0.27116 0.21804 -0.46849
v -0.27174 0.21870 -0.42803
v -0.29444 0.23267 0.41011
v -0.27889 0.22071 0.44357
v -0.26284 0.21673 0.47320
v -0.26391 0.27941 -0.45409
v -0.28346 0.28236 -0.43074
v -0.28217 0.28133 0.40217
v -0.27109 0.28170 0.44553
v -0.25100 0.26600 0.46667
v -0.26525 0.29633 -0.40733
v -0.29060 0.29620 -0.38960
v -0.27600 0.29633 0.39953
v -0.25200 0.29700 0.41500
v -0.22050 -0.31950 -0.40350
v -0.22175 -0.32600 -0.36575
v -0.22040 -0.32460 -0.31560
v -0.23200 -0.32200 -0.28600
v -0.22533 -0.32133 0.28600
v -0.22140 -0.32660 0.33600
v -0.22575 -0.32150 0.39050
v -0.20500 -0.31700 0.41900
v -0.22304 -0.28490 -0.47312
v -0.22368 -0.29660 -0.43340
v -0.20000 -0.31000 -0.24600
v -0.23100 -0.31000 -0.21650
v -0.22100 -0.31000 0.22600
v -0.22767 -0.29369 0.44241
v -0.21770 -0.28319 0.47809
v -0.20448 -0.23000 -0.50048
v -0.22476 -0.23502 -0.47736
v -0.24225 -0.23650 -0.44363
v -0.22454 -0.23527 0.45237
v -0.22111 -0.23434 0.49091
v -0.21234 -0.19187 -0.50260
v -0.22717 -0.19374 -0.47531
v -0.22981 -0.19345 0.45584
v -0.21973 -0.19315 0.49376
v -0.20940 -0.14047 -0.50245
v -0.22668 -0.13441 -0.47629
v -0.24250 -0.11150 -0.44450
v -0.22723 -0.13402 0.45500
v -0.21984 -0.13672 0.49289
v -0.20367 -0.10150 -0.49800
v -0.22277 -0.09443 -0.47706
v -0.23829 -0.09114 -0.44100
v -0.22473 -0.09592 0.44877
v -0.22216 -0.09446 0.48711
v -0.22315 -0.05263 -0.47227
v -0.22195 -0.04524 -0.43310
v -0.22841 -0.04637 0.43930
v -0.21666 -0.05287 0.47503
v -0.22350 0.04000 -0.45750
v -0.22147 0.03621 -0.42932
v -0.22175 0.01400 -0.36575
v -0.22040 0.01480 -0.31560
v -0.22133 0.02167 -0.27267
v -0.23100 0.02900 -0.21650
v -0.24100 0.01600 -0.17550
v -0.24100 0.01600 0.17450
v -0.22100 0.02900 0.22600
v -0.22533 0.01867 0.28600
v -0.22140 0.01260 0.33600
v -0.22575 0.01825 0.39050
v -0.22279 0.03737 0.43158
v -0.22300 0.05783 -0.47463
v -0.22812 0.05400 -0.43563
v -0.23100 0.05295 0.45110
v -0.21814 0.05946 0.47885
v -0.20654 0.12238 -0.50172
v -0.22554 0.11453 -0.47635
v -0.24225 0.10275 -0.44363
v -0.22558 0.11331 0.45327
v -0.22044 0.11746 0.49197
v -0.21381 0.16735 -0.50227
v -0.22747 0.16706 -0.47519
v -0.23053 0.16737 0.45580
v -0.21975 0.16712 0.49368
v -0.20632 0.21218 -0.50184
v -0.22538 0.22060 -0.47674
v -0.24225 0.23150 -0.44363
v -0.22556 0.22133 0.45327
v -0.22069 0.21802 0.49170
v -0.22220 0.28032 -0.47417
v -0.22812 0.28038 -0.43563
v -0.23100 0.28112 0.44835
v -0.21806 0.28064 0.47679
v -0.22100 0.29625 -0.43288
v -0.22444 0.29625 0.43069
v -0.18000 -0.32133 -0.41500
v -0.16580 -0.32620 -0.36440
v -0.18033 -0.32333 -0.33000
v -0.18700 -0.32000 0.30700
v -0.17250 -0.32350 0.33275
v -0.17200 -0.32620 0.38640
v -0.16350 -0.31950 0.42900
v -0.16135 -0.28071 -0.50161
v -0.17478 -0.29202 -0.47543
v -0.19450 -0.30700 -0.44350
v -0.16450 -0.31000 -0.27050
v -0.18800 -0.31000 0.25400
v -0.16400 -0.31000 0.27000
v -0.17570 -0.29730 0.45404
v -0.17194 -0.28375 0.49413
v -0.17193 -0.23500 -0.51126
v -0.17055 -0.23491 -0.47577
v -0.19650 -0.24100 0.46400
v -0.17585 -0.23460 0.49611
v -0.15307 -0.22736 0.51857
v -0.17278 -0.19274 -0.51713
v -0.17039 -0.19427 -0.48150
v -0.17826 -0.19379 0.49631
v -0.16089 -0.18978 0.52078
v -0.17188 -0.13691 -0.51565
v -0.17072 -0.13605 -0.47966
v -0.17740 -0.13405 0.49656
v -0.15902 -0.14166 0.52016
v -0.17183 -0.09506 -0.50777
v -0.17152 -0.09680 -0.47384
v -0.19075 -0.08850 0.46225
v -0.17389 -0.09503 0.49608
v -0.15267 -0.10500 0.51633
v -0.15280 -0.05353 -0.50020
v -0.17480 -0.04936 -0.47696
v -0.19700 -0.04300 -0.44400
v -0.17495 -0.04550 0.45360
v -0.17033 -0.05208 0.49308
v -0.16656 0.03800 -0.45788
v -0.18580 0.02420 -0.42640
v -0.16580 0.01320 -0.36440
v -0.18033 0.01633 -0.33000
v -0.18360 0.02140 -0.26130
v -0.17000 0.01600 -0.23400
v -0.18682 0.01982 0.25609
v -0.17550 0.02450 0.28850
v -0.17250 0.01625 0.33275
v -0.17200 0.01360 0.38640
v -0.17318 0.03576 0.44988
v -0.18100 0.04000 0.47600
v -0.16319 0.06422 -0.50257
v -0.17824 0.05182 -0.48282
v -0.19100 0.04400 -0.26200
v -0.19100 0.04400 0.26200
v -0.17800 0.05100 0.45662
v -0.17233 0.05932 0.49542
v -0.17184 0.11651 -0.51332
v -0.17047 0.11573 -0.47745
v -0.19650 0.09800 0.46400
v -0.17624 0.11446 0.49622
v -0.15753 0.12670 0.51933
v -0.17328 0.16709 -0.51723
v -0.17048 0.16732 -0.48173
v -0.17827 0.16704 0.49587
v -0.16057 0.16730 0.52111
v -0.17190 0.21901 -0.51310
v -0.17047 0.21894 -0.47745
v -0.19650 0.23600 0.46400
v -0.17638 0.22055 0.49625
v -0.15753 0.20813 0.51933
v -0.15989 0.27621 -0.50168
v -0.17754 0.28534 -0.48339
v -0.17800 0.28325 0.45662
v -0.17087 0.28107 0.49416
v -0.16821 0.29643 -0.45593
v -0.19700 0.29700 -0.44400
v -0.17464 0.29643 0.45286
v -0.10500 -0.31700 -0.45600
v -0.12567 -0.32300 -0.42567
v -0.12200 -0.32567 -0.37200
v -0.12800 -0.32000 -0.33650
v -0.11500 -0.32200 0.34825
v -0.12240 -0.32660 0.38340
v -0.12167 -0.32133 0.43433
v -0.11896 -0.28504 -0.51083
v -0.12130 -0.29261 -0.47391
v -0.09900 -0.31000 -0.30100
v -0.12600 -0.31000 -0.29100
v -0.12600 -0.31000 0.29000
v -0.14075 -0.30400 0.46375
v -0.12346 -0.28863 0.49761
v -0.10714 -0.27471 0.51771
v -0.11988 -0.23416 -0.52537
v -0.12256 -0.23444 -0.49044
v -0.12167 -0.23524 0.49062
v -0.12408 -0.23390 0.52479
v -0.12035 -0.19353 -0.52596
v -0.13261 -0.19378 -0.49356
v -0.12215 -0.19405 0.49540
v -0.12173 -0.19338 0.53087
v -0.11953 -0.13759 -0.52609
v -0.12756 -0.13033 -0.49228
v -0.12157 -0.13523 0.49373
v -0.12314 -0.13694 0.52892
v -0.12036 -0.09520 -0.52245
v -0.12155 -0.09491 -0.48714
v -0.12403 -0.09176 0.49248
v -0.12265 -0.09762 0.52216
v -0.12037 -0.05235 -0.50823
v -0.12144 -0.04525 -0.47144
v -0.14433 -0.04367 0.46367
v -0.12140 -0.05032 0.49653
v -0.11500 0.04000 -0.49700
v -0.12086 0.03671 -0.46936
v -0.12567 0.01683 -0.42567
v -0.12200 0.01367 -0.37200
v -0.10482 0.02055 -0.31200
v -0.12600 0.02900 -0.29100
v -0.10500 0.02150 0.30310
v -0.11500 0.01800 0.34825
v -0.12240 0.01260 0.38340
v -0.13257 0.02843 0.45114
v -0.11929 0.03886 0.47243
v -0.11900 0.05879 -0.51237
v -0.12030 0.05940 -0.47850
v -0.10000 0.04400 -0.30900
v -0.10000 0.04400 0.30800
v -0.12471 0.05446 0.50344
v -0.11527 0.07445 0.51882
v -0.11977 0.11807 -0.52562
v -0.12432 0.11141 -0.49098
v -0.12131 0.11492 0.49160
v -0.12333 0.11815 0.52693
v -0.12016 0.16712 -0.52615
v -0.13267 0.16733 -0.49367
v -0.12230 0.16733 0.49555
v -0.12227 0.16678 0.53102
v -0.11987 0.21738 -0.52552
v -0.12432 0.22318 -0.49098
v -0.12131 0.21974 0.49160
v -0.12327 0.21703 0.52676
v -0.12066 0.28181 -0.51025
v -0.12030 0.27520 -0.47850
v -0.12381 0.28221 0.50272
v -0.11060 0.26600 0.51840
v -0.12308 0.29633 -0.47042
v -0.14433 0.29633 0.46367
v -0.11792 0.29623 0.47108
v -0.06200 -0.31950 -0.45550
v -0.07160 -0.32660 -0.41220
v -0.06783 -0.32333 -0.36950
v -0.06500 -0.32000 0.35400
v -0.07225 -0.32600 0.39150
v -0.08167 -0.32133 0.44367
v -0.07109 -0.28404 -0.52002
v -0.07220 -0.29568 -0.48264
v -0.07100 -0.31000 -0.30900
v -0.07100 -0.31000 0.30800
v -0.07105 -0.29521 0.49168
v -0.06883 -0.28270 0.52098
v -0.06904 -0.23385 -0.52378
v -0.09180 -0.24140 -0.49600
v -0.07161 -0.23444 0.49994
v -0.07259 -0.23488 0.53393
v -0.07069 -0.19287 -0.52861
v -0.07064 -0.19300 0.50536
v -0.06970 -0.19284 0.54019
v -0.07029 -0.13616 -0.52651
v -0.07118 -0.13680 0.50371
v -0.07133 -0.13549 0.53809
v -0.06847 -0.09475 -0.52355
v -0.08111 -0.09000 -0.49433
v -0.07035 -0.09700 0.49720
v -0.07233 -0.09389 0.53020
v -0.07118 -0.05262 -0.51750
v -0.07340 -0.04500 -0.48095
v -0.07494 -0.04694 0.49382
v -0.06709 -0.05365 0.51813
v -0.06900 0.04000 -0.50500
v -0.07168 0.03621 -0.47763
v -0.07160 0.01300 -0.41220
v -0.06783 0.01633 -0.36950
v -0.07100 0.02900 -0.30900
v -0.09200 0.01600 -0.28300
v -0.08150 0.02250 0.29525
v -0.06500 0.02000 0.35400
v -0.07225 0.01350 0.39150
v -0.08167 0.01833 0.44367
v -0.07047 0.03812 0.48294
v -0.07065 0.05893 -0.52130
v -0.07087 0.05700 -0.48775
v -0.07152 0.04971 0.49876
v -0.06953 0.06151 0.52215
v -0.06943 0.11688 -0.52476
v -0.09180 0.09780 -0.49600
v -0.07133 0.11667 0.50161
v -0.07194 0.11557 0.53584
v -0.07092 0.16716 -0.52904
v -0.07069 0.16733 0.50560
v -0.07003 0.16708 0.54040
v -0.06939 0.21823 -0.52488
v -0.09160 0.23640 -0.49600
v -0.07131 0.21800 0.50161
v -0.07169 0.21983 0.53568
v -0.07106 0.27973 -0.52022
v -0.07087 0.27750 -0.48775
v -0.07678 0.28604 0.50148
v -0.06900 0.27695 0.52100
v -0.07331 0.29625 -0.48038
v -0.06950 0.29643 0.48057
v -0.02050 -0.31950 -0.45950
v -0.01900 -0.32633 -0.42100
v -0.01700 -0.32333 -0.37567
v -0.01650 -0.32000 0.35850
v -0.01767 -0.32567 0.39000
v -0.01967 -0.32467 0.43450
v -0.02100 -0.31700 0.46600
v -0.01952 -0.28578 -0.52275
v -0.02052 -0.29730 -0.48709
v -0.02850 -0.31000 -0.31550
v -0.01450 -0.31000 0.31550
v -0.01704 -0.29563 0.49178
v -0.02371 -0.28313 0.52479
v -0.02059 -0.23454 -0.52893
v -0.02120 -0.23482 0.50436
v -0.01855 -0.23472 0.53866
v -0.02067 -0.19226 -0.53398
v -0.01907 -0.19405 0.50985
v -0.01952 -0.19292 0.54433
v -0.02070 -0.13592 -0.53232
v -0.02063 -0.13513 0.50797
v -0.01949 -0.13531 0.54246
v -0.02021 -0.09664 -0.52685
v -0.03500 -0.07400 -0.49600
v -0.02083 -0.09817 0.50192
v -0.01831 -0.09411 0.53495
v -0.02108 -0.05270 -0.52186
v -0.01900 -0.04550 -0.48645
v -0.01929 -0.04535 0.48747
v -0.02263 -0.05277 0.52146
v -0.02300 0.04000 -0.51000
v -0.01935 0.03576 -0.48241
v -0.01900 0.01333 -0.42100
v -0.01700 0.01633 -0.37567
v -0.00518 0.02100 -0.31955
v 0.00000 0.01600 -0.29000
v 0.00000 0.01600 0.29650
v -0.00517 0.02125 0.32700
v -0.01767 0.01367 0.39000
v -0.01967 0.01533 0.43450
v -0.02082 0.03553 0.48371
v -0.01931 0.05705 -0.52397
v -0.02300 0.05100 -0.49013
v 0.00000 0.04400 -0.32400
v 0.00000 0.04400 0.32400
v -0.01233 0.05267 0.49892
v -0.02265 0.06046 0.52596
v -0.02110 0.11554 -0.52988
v -0.02081 0.11487 0.50584
v -0.01899 0.11553 0.54035
v -0.01967 0.16713 -0.53458
v -0.01915 0.16735 0.51010
v -0.01988 0.16707 0.54459
v -0.02099 0.21957 -0.53010
v -0.02081 0.21974 0.50584
v -0.01891 0.21989 0.54017
v -0.02056 0.28118 -0.52272
v -0.02300 0.28325 -0.49013
v -0.01644 0.27922 0.49433
v -0.02096 0.28030 0.52392
v -0.01900 0.29643 -0.48571
v -0.02233 0.29633 0.48500
v 0.02100 -0.31950 -0.45950
v 0.01933 -0.32633 -0.42100
v 0.03417 -0.32333 -0.37417
v 0.03300 -0.32000 0.35800
v 0.03567 -0.32567 0.38900
v 0.03967 -0.32467 0.43367
v 0.04300 -0.31700 0.46500
v 0.02826 -0.28458 -0.52256
v 0.03219 -0.29467 -0.48738
v 0.02900 -0.31000 -0.31550
v 0.02900 -0.31000 0.31500
v 0.03213 -0.29500 0.49065
v 0.03040 -0.28418 0.52400
v 0.03033 -0.23475 -0.52567
v 0.03021 -0.23347 0.50413
v 0.03217 -0.23440 0.53804
v 0.02897 -0.19266 -0.53288
v 0.02961 -0.19378 0.50936
v 0.02978 -0.19387 0.54377
v 0.02934 -0.13680 -0.53012
v 0.02950 -0.13567 0.50759
v 0.02968 -0.13738 0.54225
v 0.02887 -0.09603 -0.52451
v 0.04300 -0.07400 -0.49500
v 0.03005 -0.09590 0.50086
v 0.03269 -0.09365 0.53413
v 0.03145 -0.05235 -0.52128
v 0.03019 -0.04525 -0.48581
v 0.02952 -0.04510 0.48648
v 0.02989 -0.05229 0.52078
v 0.02300 0.04000 -0.51000
v 0.02680 0.03547 -0.48167
v 0.01933 0.01333 -0.42100
v 0.03417 0.01633 -0.37417
v 0.02900 0.02900 -0.31550
v 0.03100 0.02450 0.33650
v 0.03567 0.01367 0.38900
v 0.03967 0.01533 0.43367
v 0.03105 0.03737 0.48447
v 0.02859 0.05878 -0.52398
v 0.03950 0.05700 -0.49113
v 0.03454 0.05392 0.49769
v 0.03123 0.05853 0.52485
v 0.02990 0.11531 -0.52689
v 0.02987 0.11611 0.50561
v 0.03078 0.11697 0.54001
v 0.02862 0.16714 -0.53396
v 0.02956 0.16733 0.50947
v 0.02970 0.16707 0.54400
v 0.02991 0.21972 -0.52704
v 0.02991 0.21856 0.50561
v 0.03119 0.21820 0.53985
v 0.02973 0.28124 -0.52244
v 0.03950 0.27750 -0.49113
v 0.03090 0.27790 0.49380
v 0.02975 0.28212 0.52276
v 0.02825 0.29633 -0.48533
v 0.02856 0.29625 0.48456
v 0.07733 -0.31867 -0.45567
v 0.08014 -0.32571 -0.41814
v 0.08467 -0.32333 -0.36633
v 0.08767 -0.32133 0.35367
v 0.07900 -0.32600 0.38840
v 0.08200 -0.32133 0.44367
v 0.07845 -0.28440 -0.51875
v 0.07976 -0.29568 -0.48132
v 0.08550 -0.31000 -0.30500
v 0.07200 -0.31000 0.30800
v 0.08769 -0.29360 0.49219
v 0.07727 -0.28108 0.52035
v 0.08083 -0.23384 -0.52397
v 0.09783 -0.24000 -0.49483
v 0.08141 -0.23491 0.49825
v 0.08121 -0.23368 0.53293
v 0.07999 -0.19365 -0.52826
v 0.08025 -0.19427 0.50380
v 0.07870 -0.19253 0.53901
v 0.08054 -0.13688 -0.52656
v 0.09800 -0.11100 -0.49600
v 0.08091 -0.13609 0.50206
v 0.07941 -0.13573 0.53705
v 0.08098 -0.09565 -0.52341
v 0.09238 -0.08775 -0.49163
v 0.08116 -0.09680 0.49536
v 0.08056 -0.09406 0.52906
v 0.07803 -0.05251 -0.51641
v 0.07900 -0.04500 -0.47995
v 0.08783 -0.04850 0.49676
v 0.07231 -0.05387 0.51763
v 0.07000 0.04000 -0.50500
v 0.07805 0.03550 -0.47575
v 0.08014 0.01400 -0.41814
v 0.08467 0.01633 -0.36633
v 0.09670 0.02150 -0.30680
v 0.09150 0.01600 -0.28300
v 0.09358 0.02058 0.30267
v 0.08767 0.01867 0.35367
v 0.07900 0.01340 0.38840
v 0.08200 0.01833 0.44367
v 0.08369 0.03800 0.47950
v 0.07864 0.05861 -0.51997
v 0.08313 0.05700 -0.48563
v 0.10000 0.04400 -0.30900
v 0.10000 0.04400 0.30800
v 0.09015 0.05123 0.50000
v 0.07857 0.06248 0.52129
v 0.08106 0.11771 -0.52516
v 0.09783 0.09967 -0.49483
v 0.08106 0.11573 0.49991
v 0.08031 0.11583 0.53470
v 0.07926 0.16715 -0.52823
v 0.08025 0.16732 0.50393
v 0.07809 0.16704 0.53941
v 0.08094 0.21723 -0.52527
v 0.09783 0.23500 -0.49483
v 0.08106 0.21884 0.49991
v 0.08069 0.21925 0.53451
v 0.07896 0.28075 -0.51862
v 0.08313 0.27750 -0.48563
v 0.08918 0.28527 0.50339
v 0.07507 0.27593 0.52063
v 0.07894 0.29625 -0.47937
v 0.08279 0.29643 0.47836
v 0.13950 -0.32275 -0.42200
v 0.13500 -0.32540 -0.36400
v 0.12850 -0.32000 -0.33650
v 0.13100 -0.32200 0.34300
v 0.13583 -0.32650 0.39000
v 0.12200 -0.32133 0.43433
v 0.13055 -0.28542 -0.50778
v 0.13185 -0.29585 -0.46969
v 0.13900 -0.31000 -0.28450
v 0.12650 -0.31000 0.29000
v 0.14660 -0.30360 0.46220
v 0.13344 -0.28742 0.49639
v 0.11275 -0.27100 0.51750
v 0.13176 -0.23419 -0.52314
v 0.13184 -0.23482 -0.48791
v 0.13300 -0.23557 0.49037
v 0.13124 -0.23418 0.52285
v 0.13194 -0.19236 -0.52576
v 0.13816 -0.19344 -0.49178
v 0.12994 -0.19378 0.49339
v 0.13021 -0.19261 0.52880
v 0.13236 -0.13807 -0.52523
v 0.13502 -0.13308 -0.49050
v 0.13077 -0.13592 0.49148
v 0.13129 -0.13792 0.52697
v 0.13170 -0.09410 -0.51926
v 0.13083 -0.09817 -0.48558
v 0.13665 -0.09032 0.49576
v 0.12776 -0.09841 0.52097
v 0.13034 -0.05262 -0.50564
v 0.13230 -0.04550 -0.46830
v 0.15075 -0.04350 0.46175
v 0.13124 -0.05037 0.49471
v 0.11500 0.04000 -0.49700
v 0.13181 0.03725 -0.46712
v 0.13950 0.01700 -0.42200
v 0.13500 0.01400 -0.36400
v 0.12850 0.02000 -0.33650
v 0.13900 0.02900 -0.28450
v 0.12650 0.02900 0.29000
v 0.13100 0.01800 0.34300
v 0.13583 0.01300 0.39000
v 0.13738 0.02963 0.45175
v 0.12645 0.03891 0.47100
v 0.13046 0.05725 -0.50891
v 0.13190 0.05460 -0.47380
v 0.13500 0.05564 0.50168
v 0.12300 0.08000 0.51850
v 0.13262 0.11812 -0.52385
v 0.13309 0.11321 -0.48883
v 0.13209 0.11469 0.49069
v 0.13097 0.11768 0.52483
v 0.13126 0.16712 -0.52630
v 0.13819 0.16731 -0.49200
v 0.13000 0.16733 0.49361
v 0.13005 0.16709 0.52918
v 0.13238 0.21721 -0.52379
v 0.13310 0.22131 -0.48883
v 0.13209 0.21989 0.49069
v 0.13116 0.21761 0.52461
v 0.13064 0.28198 -0.50754
v 0.13190 0.27980 -0.47380
v 0.13446 0.28159 0.50125
v 0.11275 0.26600 0.51750
v 0.13207 0.29643 -0.46750
v 0.15075 0.29650 0.46175
v 0.12530 0.29620 0.46910
v 0.18000 -0.32133 -0.41500
v 0.18200 -0.32700 -0.37175
v 0.18550 -0.32250 -0.32225
v 0.18700 -0.32000 0.30700
v 0.17860 -0.32400 0.33300
v 0.18875 -0.32525 0.38450
v 0.17800 -0.31867 0.42567
v 0.16927 -0.27587 -0.50073
v 0.18404 -0.28953 -0.47776
v 0.20000 -0.30300 -0.44250
v 0.18850 -0.31000 -0.25450
v 0.18900 -0.31000 0.25400
v 0.16500 -0.31000 0.27000
v 0.18396 -0.29544 0.45132
v 0.18094 -0.28478 0.49060
v 0.17993 -0.23370 -0.50868
v 0.18598 -0.23557 -0.47198
v 0.20014 -0.23714 0.46300
v 0.18160 -0.23474 0.49589
v 0.15943 -0.22543 0.51700
v 0.18417 -0.19222 -0.51313
v 0.18103 -0.19405 -0.47740
v 0.18710 -0.19352 0.49654
v 0.16610 -0.19100 0.51900
v 0.18333 -0.13619 -0.51156
v 0.18195 -0.13530 -0.47518
v 0.20033 -0.11133 0.46367
v 0.18549 -0.13604 0.49637
v 0.16326 -0.14187 0.51874
v 0.17761 -0.09559 -0.50586
v 0.18800 -0.09355 -0.47276
v 0.19775 -0.08900 0.45925
v 0.18010 -0.09616 0.49529
v 0.16467 -0.05600 -0.49733
v 0.18255 -0.04968 -0.47674
v 0.20160 -0.04380 -0.44240
v 0.18225 -0.04525 0.45045
v 0.18005 -0.05260 0.48960
v 0.17615 0.03892 -0.45669
v 0.19333 0.03078 -0.43333
v 0.18200 0.01250 -0.37175
v 0.18550 0.01725 -0.32225
v 0.18809 0.02100 -0.25836
v 0.17000 0.01600 -0.23400
v 0.18645 0.01982 0.25609
v 0.17600 0.02450 0.28850
v 0.17860 0.01560 0.33300
v 0.18875 0.01450 0.38450
v 0.18063 0.03526 0.44611
v 0.18200 0.04000 0.47600
v 0.17010 0.07060 -0.50245
v 0.18629 0.05359 -0.48296
v 0.19000 0.04400 -0.26200
v 0.19000 0.04400 0.26200
v 0.18900 0.05567 0.45378
v 0.18097 0.05787 0.49182
v 0.18148 0.11605 -0.50986
v 0.18398 0.11425 -0.47314
v 0.20014 0.10214 0.46300
v 0.18328 0.11564 0.49595
v 0.16283 0.12906 0.51800
v 0.18531 0.16702 -0.51301
v 0.18110 0.16735 -0.47760
v 0.18690 0.16730 0.49678
v 0.16558 0.16733 0.51942
v 0.18116 0.21903 -0.50984
v 0.18434 0.22069 -0.47348
v 0.20014 0.23214 0.46300
v 0.18329 0.21936 0.49605
v 0.16283 0.20578 0.51800
v 0.16964 0.26850 -0.50129
v 0.18583 0.28339 -0.48167
v 0.18900 0.27878 0.45378
v 0.18025 0.28102 0.49062
v 0.17518 0.29627 -0.45318
v 0.20160 0.29620 -0.44240
v 0.18173 0.29633 0.44993
v 0.22100 -0.31950 -0.40350
v 0.23525 -0.32475 -0.36750
v 0.23180 -0.32600 -0.31900
v 0.23867 -0.32133 -0.27667
v 0.23200 -0.32200 0.28450
v 0.23100 -0.32680 0.33660
v 0.23500 -0.32133 0.38567
v 0.23279 -0.28474 -0.46990
v 0.23312 -0.29520 -0.42880
v 0.23150 -0.31000 -0.21650
v 0.25000 -0.31000 0.19400
v 0.22100 -0.31000 0.22650
v 0.25440 -0.30320 0.41300
v 0.23711 -0.29273 0.44423
v 0.22663 -0.28222 0.47429
v 0.21008 -0.23015 -0.49815
v 0.23272 -0.23534 -0.47743
v 0.25015 -0.23500 -0.43925
v 0.23109 -0.23449 0.44891
v 0.23366 -0.23491 0.48543
v 0.21858 -0.19176 -0.49968
v 0.23794 -0.19293 -0.47621
v 0.25140 -0.19720 -0.44460
v 0.23373 -0.19420 0.45346
v 0.23371 -0.19343 0.49062
v 0.21679 -0.14019 -0.49902
v 0.23585 -0.13552 -0.47620
v 0.25200 -0.12653 -0.44127
v 0.23292 -0.13534 0.45198
v 0.23383 -0.13619 0.48896
v 0.20800 -0.10400 -0.49700
v 0.23128 -0.09531 -0.47766
v 0.24400 -0.09471 -0.43864
v 0.23150 -0.09775 0.44571
v 0.23341 -0.09403 0.48157
v 0.23107 -0.05231 -0.46807
v 0.23305 -0.04550 -0.42720
v 0.25525 -0.04400 0.41325
v 0.23837 -0.04891 0.44349
v 0.22262 -0.05281 0.47215
v 0.24500 0.04000 -0.44700
v 0.23124 0.03576 -0.42365
v 0.23525 0.01525 -0.36750
v 0.23180 0.01320 -0.31900
v 0.23867 0.01867 -0.27667
v 0.23150 0.02900 -0.21650
v 0.24567 0.01600 -0.17900
v 0.24675 0.01925 0.18225
v 0.22100 0.02900 0.22650
v 0.23200 0.01800 0.28450
v 0.23100 0.01260 0.33660
v 0.24713 0.02988 0.40275
v 0.22687 0.03800 0.43073
v 0.23276 0.05887 -0.47147
v 0.23390 0.05460 -0.43250
v 0.24241 0.05169 0.45121
v 0.22764 0.06175 0.47520
v 0.21438 0.12503 -0.49879
v 0.23394 0.11558 -0.47694
v 0.25026 0.10917 -0.43991
v 0.23173 0.11545 0.45025
v 0.23421 0.11569 0.48687
v 0.21913 0.16733 -0.49962
v 0.23871 0.16710 -0.47550
v 0.25200 0.16725 -0.44500
v 0.23435 0.16733 0.45335
v 0.23289 0.16710 0.49095
v 0.21450 0.20914 -0.49879
v 0.23371 0.21963 -0.47718
v 0.25026 0.22526 -0.43991
v 0.23175 0.21913 0.45025
v 0.23400 0.21976 0.48677
v 0.23114 0.28076 -0.47062
v 0.23400 0.27940 -0.43250
v 0.24300 0.28404 0.44992
v 0.22658 0.27805 0.47372
v 0.23264 0.29643 -0.42650
v 0.25525 0.29600 0.41325
v 0.22823 0.29638 0.42854
v 0.28033 -0.31867 -0.36733
v 0.28475 -0.32600 -0.31950
v 0.28120 -0.32540 -0.26780
v 0.29167 -0.32133 -0.21967
v 0.30300 -0.32000 0.19300
v 0.27950 -0.32200 0.23850
v 0.28333 -0.32667 0.29017
v 0.28025 -0.32350 0.34375
v 0.27800 -0.31700 0.37500
v 0.26661 -0.28175 -0.45382
v 0.28444 -0.28890 -0.42510
v 0.29814 -0.29793 -0.38543
v 0.26700 -0.31000 -0.17100
v 0.29350 -0.31000 -0.12000
v 0.30700 -0.31000 -0.07900
v 0.30300 -0.31000 0.09200
v 0.28800 -0.31000 0.13200
v 0.26700 -0.31000 0.17000
v 0.28906 -0.29575 0.39731
v 0.28296 -0.28385 0.44028
v 0.28142 -0.23285 -0.46051
v 0.28775 -0.23608 -0.42194
v 0.29900 -0.23600 0.40655
v 0.28549 -0.23471 0.44537
v 0.26721 -0.22933 0.46950
v 0.28381 -0.19272 -0.46523
v 0.28263 -0.19369 -0.42506
v 0.30044 -0.19378 0.41244
v 0.28663 -0.19296 0.44484
v 0.27129 -0.19243 0.47243
v 0.28349 -0.13599 -0.46337
v 0.28417 -0.13623 -0.42324
v 0.30044 -0.13044 0.40950
v 0.28616 -0.13454 0.44494
v 0.27017 -0.13960 0.47162
v 0.27740 -0.09535 -0.45865
v 0.28814 -0.09486 -0.42356
v 0.30100 -0.07400 -0.39500
v 0.29656 -0.09525 0.40469
v 0.28403 -0.09337 0.44509
v 0.26767 -0.10267 0.46650
v 0.26421 -0.05371 -0.45114
v 0.28505 -0.05011 -0.42568
v 0.29750 -0.04567 -0.38550
v 0.28583 -0.04543 0.39470
v 0.28424 -0.05226 0.43729
v 0.27125 0.03800 -0.40525
v 0.29342 0.03317 -0.37958
v 0.28475 0.01400 -0.31950
v 0.28120 0.01400 -0.26780
v 0.29167 0.01867 -0.21967
v 0.26288 0.02275 -0.18563
v 0.30245 0.02100 -0.10282
v 0.29100 0.02250 -0.08450
v 0.29700 0.01600 0.00000
v 0.30164 0.01982 0.09727
v 0.28800 0.02900 0.13200
v 0.26667 0.02111 0.18789
v 0.27950 0.01800 0.23850
v 0.28333 0.01267 0.29017
v 0.28025 0.01650 0.34375
v 0.28589 0.03726 0.39221
v 0.26500 0.04000 0.43500
v 0.26859 0.06222 -0.45409
v 0.28863 0.05559 -0.43134
v 0.29880 0.04980 -0.38860
v 0.26200 0.04400 -0.19100
v 0.30800 0.04400 -0.10000
v 0.30800 0.04400 0.10000
v 0.26200 0.04400 0.19000
v 0.29257 0.05157 0.40264
v 0.28338 0.05857 0.44126
v 0.28239 0.11676 -0.46169
v 0.28623 0.11483 -0.42237
v 0.29923 0.10896 0.40738
v 0.28584 0.11446 0.44482
v 0.26909 0.12451 0.47070
v 0.28322 0.16682 -0.46594
v 0.28224 0.16734 -0.42556
v 0.30056 0.16744 0.41267
v 0.28644 0.16702 0.44505
v 0.27170 0.16734 0.47260
v 0.28250 0.21819 -0.46147
v 0.28624 0.21977 -0.42237
v 0.29927 0.22562 0.40738
v 0.28576 0.22063 0.44513
v 0.26911 0.21026 0.47070
v 0.26652 0.27668 -0.45360
v 0.28884 0.28225 -0.43075
v 0.29900 0.28420 -0.38860
v 0.28891 0.28064 0.40009
v 0.28356 0.27971 0.43968
v 0.27020 0.29620 -0.40390
v 0.29700 0.29650 -0.38475
v 0.28531 0.29637 0.39256
v 0.33300 -0.31867 -0.32100
v 0.33240 -0.32520 -0.27340
v 0.33760 -0.32660 -0.22080
v 0.33200 -0.32280 -0.16860
v 0.34650 -0.32200 -0.12350
v 0.35250 -0.32000 -0.07400
v 0.35900 -0.32000 -0.02500
v 0.35800 -0.32000 0.04000
v 0.35233 -0.32133 0.09533
v 0.34100 -0.32200 0.13800
v 0.32960 -0.32400 0.18560
v 0.33200 -0.32680 0.23800
v 0.33725 -0.32350 0.28775
v 0.32550 -0.31700 0.33400
v 0.32611 -0.28370 -0.41119
v 0.34188 -0.28937 -0.37431
v 0.34988 -0.29950 -0.33813
v 0.31300 -0.31000 -0.05100
v 0.31650 -0.31000 -0.00750
v 0.31500 -0.31000 0.03500
v 0.31000 -0.31000 0.06400
v 0.34146 -0.29842 0.34642
v 0.33792 -0.28630 0.39312
v 0.31653 -0.28100 0.42041
v 0.33196 -0.23421 -0.42138
v 0.33800 -0.23491 -0.37539
v 0.35515 -0.23485 0.35900
v 0.34111 -0.23504 0.39413
v 0.32637 -0.23393 0.42903
v 0.30976 -0.19088 -0.44900
v 0.33508 -0.19322 -0.42448
v 0.34095 -0.19408 -0.37997
v 0.33740 -0.19343 0.39140
v 0.33038 -0.19263 0.43285
v 0.30979 -0.14986 -0.44879
v 0.33422 -0.13589 -0.42352
v 0.33976 -0.13502 -0.37863
v 0.35583 -0.11817 0.36050
v 0.33824 -0.13408 0.39275
v 0.32927 -0.13919 0.43202
v 0.33083 -0.09479 -0.41889
v 0.33930 -0.09300 -0.37523
v 0.35389 -0.09611 0.35611
v 0.34167 -0.09390 0.39282
v 0.32498 -0.09659 0.42620
v 0.32471 -0.05257 -0.40886
v 0.33906 -0.04897 -0.37353
v 0.34988 -0.04525 -0.33813
v 0.34100 -0.04500 0.34620
v 0.33694 -0.05148 0.39227
v 0.31318 -0.05264 0.41755
v 0.32200 0.04000 -0.39600
v 0.32771 0.03800 -0.36057
v 0.34311 0.03267 -0.33300
v 0.33240 0.01460 -0.27340
v 0.33760 0.01260 -0.22080
v 0.33200 0.01700 -0.16860
v 0.34650 0.01800 -0.12350
v 0.33933 0.02300 -0.06633
v 0.32464 0.02136 -0.00364
v 0.33650 0.02450 0.03750
v 0.34175 0.02125 0.08750
v 0.34100 0.01800 0.13800
v 0.32960 0.01560 0.18560
v 0.33200 0.01260 0.23800
v 0.33725 0.01650 0.28775
v 0.33865 0.03600 0.34450
v 0.31800 0.03880 0.37300
v 0.32687 0.06019 -0.41246
v 0.34771 0.05547 -0.37997
v 0.35500 0.04500 -0.33550
v 0.32400 0.04400 0.00000
v 0.34550 0.05300 0.34867
v 0.34028 0.05634 0.39503
v 0.31850 0.06614 0.42159
v 0.30980 0.13880 -0.44820
v 0.33294 0.11545 -0.42218
v 0.33885 0.11492 -0.37658
v 0.35515 0.10469 0.35900
v 0.33974 0.11478 0.39331
v 0.32748 0.11913 0.43079
v 0.30976 0.16729 -0.44924
v 0.33513 0.16715 -0.42461
v 0.34063 0.16734 -0.38058
v 0.33683 0.16734 0.39109
v 0.33157 0.16712 0.43229
v 0.30980 0.19580 -0.44820
v 0.33292 0.21987 -0.42212
v 0.33889 0.21966 -0.37658
v 0.35515 0.22985 0.35900
v 0.33986 0.22022 0.39335
v 0.32740 0.21616 0.43065
v 0.32623 0.27932 -0.41119
v 0.34617 0.27993 -0.37963
v 0.35500 0.28900 -0.33550
v 0.34550 0.28100 0.34867
v 0.33998 0.28149 0.39375
v 0.31595 0.27705 0.41984
v 0.32458 0.29633 -0.36150
v 0.34817 0.29633 -0.33900
v 0.34063 0.29625 0.34581
v 0.31275 0.29650 0.37125
v 0.37550 -0.31950 -0.26550
v 0.38475 -0.32275 -0.22250
v 0.38267 -0.32633 -0.17700
v 0.38486 -0.32629 -0.11529
v 0.38633 -0.32567 -0.06267
v 0.38643 -0.32486 -0.00686
v 0.38900 -0.32567 0.04400
v 0.38333 -0.32567 0.07900
v 0.38233 -0.32667 0.13533
v 0.38540 -0.32520 0.19020
v 0.38100 -0.32133 0.24267
v 0.36900 -0.31700 0.28600
v 0.37808 -0.28306 -0.36481
v 0.38818 -0.28976 -0.32640
v 0.39850 -0.29733 -0.28028
v 0.40833 -0.30467 0.26100
v 0.39243 -0.29568 0.29182
v 0.38973 -0.28674 0.33976
v 0.37086 -0.28204 0.37271
v 0.36265 -0.23076 -0.40047
v 0.38591 -0.23463 -0.37207
v 0.38974 -0.23457 -0.32130
v 0.40174 -0.23516 0.30584
v 0.39017 -0.23539 0.34479
v 0.38005 -0.23389 0.38227
v 0.36789 -0.19047 -0.40258
v 0.38815 -0.19358 -0.37201
v 0.39417 -0.19378 -0.32453
v 0.40650 -0.19650 0.30850
v 0.38173 -0.19396 0.33916
v 0.38450 -0.19285 0.38552
v 0.36685 -0.14000 -0.40168
v 0.38687 -0.13531 -0.37261
v 0.39282 -0.13297 -0.32289
v 0.40447 -0.13141 0.30759
v 0.38491 -0.13335 0.34161
v 0.38339 -0.13793 0.38450
v 0.36080 -0.10220 -0.39900
v 0.38407 -0.09510 -0.37062
v 0.38891 -0.09429 -0.32291
v 0.40750 -0.07400 -0.28400
v 0.40121 -0.09471 0.30100
v 0.39096 -0.09421 0.34415
v 0.37773 -0.09543 0.37977
v 0.37581 -0.05238 -0.36235
v 0.38789 -0.04892 -0.32508
v 0.39767 -0.04493 -0.27987
v 0.40900 -0.04400 0.26200
v 0.39010 -0.04538 0.28986
v 0.38863 -0.05111 0.33946
v 0.36880 -0.05387 0.37020
v 0.37121 0.03800 -0.31571
v 0.39373 0.03547 -0.27807
v 0.38475 0.01700 -0.22250
v 0.38267 0.01333 -0.17700
v 0.38486 0.01314 -0.11529
v 0.38633 0.01367 -0.06267
v 0.38643 0.01457 -0.00686
v 0.38900 0.01367 0.04400
v 0.38333 0.01367 0.07900
v 0.38233 0.01267 0.13533
v 0.38540 0.01460 0.19020
v 0.39467 0.02683 0.25183
v 0.38833 0.03711 0.29122
v 0.36800 0.03900 0.32283
v 0.37927 0.06161 -0.36568
v 0.39478 0.05469 -0.33056
v 0.40360 0.05460 -0.28100
v 0.39700 0.05336 0.29227
v 0.39252 0.05578 0.34190
v 0.37261 0.06270 0.37303
v 0.36494 0.12268 -0.40113
v 0.38647 0.11569 -0.37199
v 0.39078 0.11307 -0.32190
v 0.40257 0.11070 0.30626
v 0.38795 0.11347 0.34347
v 0.38186 0.11807 0.38315
v 0.36831 0.16731 -0.40256
v 0.38767 0.16711 -0.37256
v 0.39439 0.16733 -0.32464
v 0.40650 0.16725 0.30875
v 0.38128 0.16733 0.33898
v 0.38403 0.16691 0.38644
v 0.36494 0.21206 -0.40113
v 0.38630 0.21983 -0.37214
v 0.39078 0.22149 -0.32190
v 0.40257 0.22378 0.30626
v 0.38789 0.22151 0.34341
v 0.38181 0.21692 0.38301
v 0.37756 0.27974 -0.36430
v 0.39491 0.28129 -0.32956
v 0.40380 0.27940 -0.28100
v 0.39630 0.27940 0.29020
v 0.39130 0.28222 0.34193
v 0.37156 0.27680 0.37172
v 0.37017 0.29633 -0.31467
v 0.39675 0.29633 -0.28008
v 0.40900 0.29600 0.26200
v 0.38913 0.29647 0.28993
v 0.36740 0.29620 0.31760
v 0.42400 -0.31700 -0.19600
v 0.42175 -0.32150 -0.16150
v 0.43800 -0.32133 -0.11267
v 0.43067 -0.32467 -0.06967
v 0.43220 -0.32520 -0.01440
v 0.43775 -0.32400 0.03925
v 0.43475 -0.32275 0.08975
v 0.43200 -0.32133 0.13133
v 0.42600 -0.31950 0.17300
v 0.41500 -0.31700 0.21400
v 0.42413 -0.28389 -0.30913
v 0.44185 -0.28664 -0.26835
v 0.43588 -0.29631 -0.21815
v 0.45478 -0.29861 -0.17328
v 0.46000 -0.30200 0.15400
v 0.44987 -0.29783 0.18587
v 0.43933 -0.29337 0.24287
v 0.43594 -0.28422 0.28926
v 0.41606 -0.28150 0.32183
v 0.41278 -0.23022 -0.34856
v 0.43447 -0.23424 -0.31925
v 0.43674 -0.23563 -0.27593
v 0.45121 -0.23553 -0.22703
v 0.45900 -0.24433 0.20567
v 0.44550 -0.23482 0.23734
v 0.43986 -0.23476 0.29043
v 0.42513 -0.23399 0.33143
v 0.41606 -0.19474 -0.35197
v 0.43750 -0.19313 -0.31958
v 0.43856 -0.19521 -0.27500
v 0.45521 -0.19242 -0.23138
v 0.44839 -0.19429 0.24341
v 0.43782 -0.19336 0.29580
v 0.42664 -0.19212 0.33844
v 0.41527 -0.14022 -0.35122
v 0.43689 -0.13707 -0.31979
v 0.43731 -0.13627 -0.27521
v 0.45379 -0.13237 -0.22929
v 0.44775 -0.13523 0.24087
v 0.43885 -0.13452 0.29315
v 0.42647 -0.13798 0.33617
v 0.41080 -0.10220 -0.34720
v 0.43171 -0.09530 -0.31721
v 0.44051 -0.09361 -0.27512
v 0.44935 -0.09700 -0.22465
v 0.46000 -0.07400 -0.18700
v 0.45640 -0.08980 0.20500
v 0.44412 -0.09720 0.23692
v 0.43913 -0.09363 0.29006
v 0.42281 -0.09564 0.32892
v 0.42168 -0.05282 -0.30796
v 0.44158 -0.05096 -0.26590
v 0.43581 -0.04519 -0.21919
v 0.45444 -0.04525 -0.17313
v 0.46000 -0.04300 0.15400
v 0.44975 -0.04500 0.18425
v 0.43734 -0.04816 0.24413
v 0.43398 -0.05276 0.28964
v 0.41310 -0.05280 0.31910
v 0.41825 0.03900 -0.25825
v 0.43289 0.03674 -0.21711
v 0.44676 0.03324 -0.16841
v 0.43800 0.01833 -0.11267
v 0.43067 0.01533 -0.06967
v 0.43220 0.01480 -0.01440
v 0.43775 0.01600 0.03925
v 0.43475 0.01700 0.08975
v 0.43900 0.02325 0.13700
v 0.44668 0.03621 0.18279
v 0.42500 0.03726 0.23432
v 0.42900 0.04000 0.27400
v 0.42523 0.06047 -0.31011
v 0.44558 0.05627 -0.27002
v 0.44150 0.05700 -0.21788
v 0.45560 0.04980 -0.18040
v 0.45200 0.05300 0.19133
v 0.44760 0.05140 0.24733
v 0.43663 0.05784 0.28990
v 0.41764 0.06427 0.32264
v 0.41422 0.12247 -0.34987
v 0.43556 0.11758 -0.31948
v 0.43722 0.11514 -0.27587
v 0.45205 0.11209 -0.22791
v 0.45900 0.09533 0.20567
v 0.44651 0.11521 0.23868
v 0.43898 0.11448 0.29152
v 0.42561 0.11821 0.33398
v 0.41606 0.16658 -0.35242
v 0.43775 0.16693 -0.31961
v 0.43767 0.16733 -0.27424
v 0.45546 0.16733 -0.23146
v 0.44830 0.16735 0.24415
v 0.43780 0.16701 0.29592
v 0.42706 0.16711 0.33835
v 0.41422 0.21106 -0.35000
v 0.43542 0.21770 -0.31945
v 0.43767 0.21992 -0.27591
v 0.45205 0.22245 -0.22791
v 0.45900 0.23933 0.20567
v 0.44651 0.21935 0.23868
v 0.43924 0.22048 0.29170
v 0.42553 0.21690 0.33387
v 0.42368 0.27956 -0.30963
v 0.44502 0.28195 -0.26873
v 0.44356 0.27856 -0.22067
v 0.45560 0.28420 -0.18040
v 0.45200 0.28100 0.19133
v 0.44633 0.28378 0.24789
v 0.43572 0.28016 0.28944
v 0.41578 0.27639 0.32161
v 0.41483 0.29633 -0.25283
v 0.43413 0.29625 -0.21775
v 0.45442 0.29633 -0.17125
v 0.46000 0.29700 0.15400
v 0.44925 0.29625 0.18406
v 0.42363 0.29637 0.23644
v 0.46200 -0.31700 -0.07500
v 0.46600 -0.31700 -0.03200
v 0.46550 -0.31700 0.03150
v 0.46367 -0.28144 -0.24911
v 0.47624 -0.28464 -0.21924
v 0.49272 -0.28431 -0.16728
v 0.49092 -0.29251 -0.12145
v 0.48773 -0.29500 -0.07065
v 0.48911 -0.29457 -0.02004
v 0.48910 -0.29574 0.03710
v 0.48758 -0.29477 0.09252
v 0.49235 -0.28920 0.13858
v 0.48767 -0.28332 0.18730
v 0.47091 -0.28207 0.23374
v 0.47055 -0.23328 -0.26380
v 0.49008 -0.23384 -0.21703
v 0.49036 -0.23608 -0.17486
v 0.49169 -0.23440 -0.11531
v 0.50092 -0.23444 -0.06514
v 0.50455 -0.23491 -0.01480
v 0.50386 -0.23395 0.03616
v 0.49756 -0.23447 0.08623
v 0.48700 -0.23477 0.13628
v 0.49238 -0.23545 0.18923
v 0.48288 -0.23355 0.23794
v 0.46570 -0.23273 0.27232
v 0.47433 -0.19218 -0.26819
v 0.49409 -0.19310 -0.21436
v 0.48588 -0.19452 -0.17156
v 0.49669 -0.19300 -0.11731
v 0.50603 -0.19405 -0.06633
v 0.51000 -0.19405 -0.01510
v 0.50900 -0.19405 0.03547
v 0.50344 -0.19378 0.08364
v 0.49204 -0.19330 0.13478
v 0.49026 -0.19397 0.19336
v 0.48947 -0.19216 0.23484
v 0.46820 -0.19364 0.27856
v 0.47298 -0.13715 -0.26724
v 0.49257 -0.13666 -0.21585
v 0.48729 -0.13283 -0.17349
v 0.49495 -0.13503 -0.11672
v 0.50445 -0.13682 -0.06650
v 0.50818 -0.13528 -0.01528
v 0.50744 -0.13667 0.03575
v 0.50142 -0.13491 0.08476
v 0.49045 -0.13676 0.13476
v 0.49104 -0.13348 0.19183
v 0.48770 -0.13731 0.23577
v 0.46774 -0.13993 0.27693
v 0.46975 -0.09878 -0.25984
v 0.48747 -0.09481 -0.21622
v 0.49305 -0.09238 -0.17162
v 0.49016 -0.09720 -0.11556
v 0.49795 -0.09700 -0.06565
v 0.50176 -0.09680 -0.01488
v 0.50048 -0.09590 0.03662
v 0.49479 -0.09817 0.08708
v 0.49061 -0.09100 0.13975
v 0.49186 -0.09449 0.18719
v 0.47869 -0.09376 0.23906
v 0.46380 -0.10140 0.27147
v 0.46300 -0.05600 -0.24467
v 0.47431 -0.05267 -0.21808
v 0.49159 -0.05198 -0.16561
v 0.49260 -0.04890 -0.11885
v 0.48329 -0.04535 -0.06829
v 0.48580 -0.04550 -0.01870
v 0.48470 -0.04500 0.03590
v 0.48927 -0.04662 0.09269
v 0.49052 -0.05016 0.13620
v 0.48687 -0.05236 0.18722
v 0.46843 -0.05260 0.23020
v 0.46300 0.04000 -0.21400
v 0.46833 0.03867 -0.15500
v 0.47267 0.03822 -0.11644
v 0.48100 0.03693 -0.06800
v 0.48506 0.03706 -0.02124
v 0.48427 0.03636 0.03495
v 0.47853 0.03800 0.08993
v 0.46821 0.03800 0.13407
v 0.47200 0.04000 0.19200
v 0.46467 0.06625 -0.25200
v 0.47729 0.05824 -0.21977
v 0.49449 0.05847 -0.16861
v 0.50031 0.05194 -0.12403
v 0.49400 0.05267 -0.07433
v 0.49292 0.05467 -0.01933
v 0.49445 0.05536 0.04036
v 0.49606 0.05163 0.09494
v 0.49870 0.05438 0.14000
v 0.48932 0.06014 0.18729
v 0.47165 0.06119 0.23456
v 0.46150 0.09100 0.27300
v 0.47171 0.11786 -0.26542
v 0.49132 0.11750 -0.21617
v 0.48868 0.11196 -0.17415
v 0.49298 0.11502 -0.11595
v 0.50248 0.11667 -0.06583
v 0.50603 0.11492 -0.01498
v 0.50540 0.11687 0.03600
v 0.49902 0.11449 0.08564
v 0.48822 0.11709 0.13531
v 0.49143 0.11337 0.19026
v 0.48514 0.11715 0.23712
v 0.46695 0.12161 0.27461
v 0.47480 0.16709 -0.26786
v 0.49431 0.16712 -0.21357
v 0.48634 0.16683 -0.17115
v 0.49695 0.16733 -0.11731
v 0.50620 0.16735 -0.06633
v 0.51023 0.16733 -0.01505
v 0.50928 0.16733 0.03550
v 0.50369 0.16733 0.08375
v 0.49230 0.16735 0.13493
v 0.49042 0.16705 0.19366
v 0.48957 0.16711 0.23466
v 0.46797 0.16734 0.27961
v 0.47166 0.21708 -0.26533
v 0.49120 0.21775 -0.21647
v 0.48934 0.22312 -0.17427
v 0.49298 0.21954 -0.11595
v 0.50248 0.21793 -0.06583
v 0.50603 0.21966 -0.01498
v 0.50540 0.21771 0.03600
v 0.49903 0.22005 0.08564
v 0.48822 0.21752 0.13531
v 0.49188 0.22181 0.19007
v 0.48497 0.21811 0.23718
v 0.46682 0.21383 0.27454
v 0.46357 0.27057 -0.25271
v 0.47670 0.28063 -0.21820
v 0.49375 0.27942 -0.16655
v 0.50119 0.28505 -0.12011
v 0.48967 0.27878 -0.07178
v 0.49127 0.27809 -0.01791
v 0.49111 0.27567 0.03644
v 0.49806 0.28418 0.09482
v 0.49806 0.28170 0.13892
v 0.48771 0.27998 0.18661
v 0.47020 0.27911 0.23287
v 0.46250 0.29700 -0.14700
v 0.47163 0.29625 -0.11556
v 0.48125 0.29633 -0.06558
v 0.48500 0.29643 -0.01864
v 0.48413 0.29625 0.03587
v 0.47754 0.29638 0.08831
v 0.46708 0.29633 0.13242
v 0.51515 -0.27952 -0.11022
v 0.52079 -0.28423 -0.06611
v 0.52446 -0.28357 -0.01889
v 0.52348 -0.28348 0.03271
v 0.51827 -0.28381 0.08410
v 0.51456 -0.27244 0.12444
v 0.51645 -0.23275 -0.15647
v 0.52647 -0.23382 -0.11676
v 0.53483 -0.23404 -0.06807
v 0.53885 -0.23424 -0.01628
v 0.53784 -0.23466 0.03496
v 0.53210 -0.23472 0.08598
v 0.52235 -0.23350 0.13389
v 0.51378 -0.23191 0.16570
v 0.51927 -0.19251 -0.16519
v 0.53179 -0.19278 -0.11858
v 0.54030 -0.19289 -0.07020
v 0.54436 -0.19207 -0.02154
v 0.54365 -0.19338 0.03242
v 0.53774 -0.19259 0.08653
v 0.52654 -0.19247 0.13951
v 0.51588 -0.19093 0.17553
v 0.51829 -0.13777 -0.16320
v 0.52990 -0.13498 -0.11820
v 0.53859 -0.13586 -0.06931
v 0.54258 -0.13614 -0.01959
v 0.54189 -0.13630 0.03338
v 0.53614 -0.13746 0.08649
v 0.52517 -0.13657 0.13798
v 0.51553 -0.13937 0.17231
v 0.51579 -0.10153 -0.15168
v 0.52240 -0.09345 -0.11655
v 0.53102 -0.09406 -0.06776
v 0.53516 -0.09452 -0.01780
v 0.53357 -0.09225 0.03507
v 0.52831 -0.09437 0.08684
v 0.51973 -0.09632 0.13091
v 0.51263 -0.10337 0.16287
v 0.51329 -0.05514 -0.10300
v 0.51760 -0.05240 -0.06640
v 0.52151 -0.05226 -0.01551
v 0.52059 -0.05222 0.03169
v 0.51578 -0.05330 0.08149
v 0.51650 0.09100 -0.14600
v 0.51644 0.06506 -0.11103
v 0.52166 0.05841 -0.06621
v 0.52553 0.05961 -0.01894
v 0.52443 0.05934 0.03282
v 0.51918 0.05900 0.08430
v 0.51654 0.07469 0.12554
v 0.51740 0.11972 -0.15999
v 0.52796 0.11595 -0.11750
v 0.53651 0.11629 -0.06871
v 0.54047 0.11574 -0.01751
v 0.53977 0.11684 0.03426
v 0.53391 0.11638 0.08626
v 0.52349 0.11664 0.13590
v 0.51458 0.11987 0.16887
v 0.51944 0.16732 -0.16561
v 0.53216 0.16704 -0.11820
v 0.54063 0.16704 -0.07008
v 0.54457 0.16707 -0.02209
v 0.54394 0.16708 0.03266
v 0.53803 0.16685 0.08631
v 0.52690 0.16708 0.13935
v 0.51604 0.16734 0.17598
v 0.51740 0.21540 -0.15973
v 0.52785 0.21917 -0.11757
v 0.53633 0.21915 -0.06866
v 0.54032 0.21947 -0.01765
v 0.53965 0.21838 0.03396
v 0.53375 0.21871 0.08619
v 0.52335 0.21867 0.13581
v 0.51458 0.21474 0.16887
v 0.51567 0.27076 -0.11295
v 0.51966 0.28145 -0.06659
v 0.52352 0.28156 -0.01719
v 0.52381 0.27802 0.03309
v 0.51750 0.28050 0.08368
v 0.51488 0.26500 0.12512
usemtl m007
f 730 739 738
f 739 730 731
f 709 710 720
f 709 720 719
f 739 860 859
f 738 739 859
f 730 738 859
f 730 859 847
f 739 731 848
f 739 848 860
f 738 730 847
f 738 847 859
f 719 710 709
f 701 692 693
f 701 693 702
f 701 710 709
f 693 801 802
f 692 801 693
f 701 801 692
f 693 802 702
f 740 739 731
f 710 711 721
f 710 721 720
f 739 740 860
f 731 739 860
f 731 860 848
f 740 731 848
f 740 848 860
f 702 693 703
f 702 711 710
f 702 710 701
f 693 802 694
f 693 802 814
f 693 814 702
f 741 740 732
f 721 711 712
f 721 712 722
f 731 732 740
f 732 740 861
f 732 861 849
f 740 732 849
f 740 849 861
f 732 731 849
f 731 740 861
f 731 861 848
f 732 731 848
f 703 712 711
f 703 711 702
f 694 703 693
f 703 815 712
f 703 815 803
f 703 803 694
f 694 803 815
f 694 815 703
f 695 803 694
f 703 815 702
f 693 802 803
f 693 803 694
f 703 814 802
f 703 802 693
f 703 702 814
f 862 741 733
f 732 733 741
f 713 826 837
f 713 837 723
f 733 862 850
f 723 722 836
f 723 837 836
f 713 825 837
f 733 849 850
f 741 862 861
f 732 741 861
f 733 732 849
f 741 733 850
f 741 850 862
f 713 723 722
f 713 722 712
f 723 837 826
f 723 826 713
f 712 704 713
f 704 712 703
f 695 704 694
f 704 703 694
f 713 826 816
f 713 816 704
f 704 816 826
f 704 826 713
f 704 816 804
f 704 804 695
f 695 804 816
f 695 816 704
f 713 825 712
f 704 815 816
f 713 826 825
f 703 815 704
f 695 803 804
f 733 734 863
f 733 863 862
f 863 734 851
f 724 837 838
f 714 827 838
f 714 838 724
f 723 724 837
f 714 826 837
f 714 837 724
f 734 733 850
f 734 850 851
f 714 724 723
f 714 723 713
f 724 837 826
f 724 826 714
f 705 805 817
f 713 705 714
f 705 713 704
f 805 696 695
f 696 705 704
f 696 704 695
f 695 804 805
f 696 805 705
f 714 827 826
f 714 826 817
f 714 817 705
f 705 817 827
f 705 827 714
f 705 816 817
f 704 816 705
f 714 826 713
f 705 817 826
f 705 826 714
f 725 715 828
f 725 828 839
f 839 724 725
f 839 838 724
f 851 864 863
f 864 851 852
f 725 839 838
f 864 997 996
f 852 864 996
f 852 996 851
f 864 852 989
f 864 989 997
f 725 724 838
f 714 838 725
f 863 864 996
f 864 851 996
f 714 725 724
f 725 838 827
f 725 827 715
f 724 838 827
f 724 827 714
f 818 828 715
f 714 705 818
f 714 818 715
f 705 817 818
f 818 805 806
f 805 818 817
f 828 827 817
f 828 817 818
f 715 827 828
f 806 957 958
f 806 805 957
f 806 958 965
f 806 965 818
f 715 827 714
f 714 827 817
f 818 817 827
f 818 827 715
f 806 805 817
f 806 817 818
f 839 828 829
f 839 829 840
f 852 853 998
f 852 998 865
f 998 853 990
f 997 864 865
f 865 864 852
f 840 982 981
f 840 839 981
f 829 974 981
f 829 981 840
f 865 998 997
f 853 989 990
f 852 865 997
f 852 997 989
f 853 852 989
f 852 864 997
f 865 852 989
f 865 989 997
f 839 981 828
f 819 829 828
f 959 807 806
f 819 807 959
f 807 819 806
f 828 818 819
f 818 806 819
f 819 965 966
f 829 973 828
f 828 973 965
f 828 965 819
f 819 966 973
f 819 973 829
f 973 974 829
f 807 958 959
f 806 958 807
f 819 965 958
f 819 958 806
f 959 966 819
f 818 965 819
f 819 965 973
f 819 973 828
f 818 965 958
f 818 958 806
f 806 965 819
f 840 982 983
f 840 829 974
f 840 974 982
f 990 999 998
f 999 990 991
f 975 974 982
f 975 982 983
f 998 999 1106
f 990 998 1106
f 991 990 1100
f 999 991 1100
f 999 1100 1106
f 829 974 982
f 829 982 840
f 983 982 974
f 983 974 975
f 974 967 975
f 967 974 829
f 967 829 966
f 967 959 960
f 959 967 966
f 829 819 966
f 829 974 966
f 967 966 974
f 959 1075 960
f 960 1075 966
f 960 966 967
f 991 1101 1107
f 991 1102 1101
f 1107 999 991
f 983 1095 1094
f 975 1088 1094
f 975 1094 983
f 983 1094 982
f 999 1107 1106
f 991 990 1101
f 991 999 1106
f 991 1106 1100
f 967 1076 1082
f 1076 967 960
f 1082 1083 967
f 975 1088 1082
f 975 1082 967
f 967 1082 1088
f 967 1088 975
f 967 966 1082
f 975 974 966
f 975 966 967
f 960 1075 1076
f 967 1081 1075
f 967 1075 960
f 967 966 1081
f 960 1076 1082
f 960 1082 967
f 1208 1108 1102
f 983 984 1095
f 975 976 984
f 975 984 983
f 1101 1102 1108
f 1101 1108 1107
f 1095 1197 1094
f 1108 1208 1207
f 1102 1101 1202
f 1102 1108 1207
f 1102 1207 1101
f 1208 1102 1202
f 984 983 1094
f 1095 984 1094
f 1089 1088 1094
f 1089 1094 1095
f 1107 1108 1207
f 1108 1101 1207
f 1089 1095 984
f 1089 984 976
f 1095 1094 1088
f 1095 1088 1089
f 983 1094 1088
f 983 1088 975
f 976 1083 1089
f 1083 976 975
f 1083 975 968
f 1077 1083 1076
f 1083 1082 1187
f 1089 1088 1082
f 1089 1082 1083
f 1083 1187 1089
f 1077 1181 1182
f 1077 1076 1181
f 1083 1082 1076
f 1077 1182 1187
f 1077 1187 1083
f 976 1088 975
f 1089 1088 976
f 968 1082 1083
f 975 1082 968
f 1083 1082 1088
f 1083 1088 1089
f 1077 1076 1082
f 1077 1082 1083
f 1095 1096 1198
f 1096 1090 1198
f 1095 1089 1090
f 1095 1090 1096
f 1202 1203 1209
f 1202 1209 1208
f 1095 1198 1197
f 1096 1095 1197
f 1198 1096 1197
f 1193 1192 1197
f 1193 1197 1198
f 1208 1209 1300
f 1209 1202 1300
f 1089 1192 1197
f 1089 1197 1095
f 1193 1198 1090
f 1095 1197 1192
f 1095 1192 1089
f 1188 1193 1090
f 1188 1090 1089
f 1188 1089 1084
f 1183 1188 1182
f 1182 1188 1187
f 1083 1182 1187
f 1182 1083 1077
f 1084 1083 1188
f 1089 1083 1084
f 1083 1187 1188
f 1090 1192 1089
f 1193 1192 1090
f 1089 1192 1187
f 1188 1187 1192
f 1188 1192 1193
f 1182 1275 1183
f 1183 1182 1187
f 1183 1187 1188
f 1083 1187 1192
f 1083 1192 1089
f 1203 1295 1301
f 1301 1209 1203
f 1198 1197 1290
f 1193 1285 1290
f 1193 1290 1198
f 1203 1301 1300
f 1203 1300 1294
f 1203 1294 1295
f 1198 1290 1289
f 1198 1289 1197
f 1209 1301 1300
f 1203 1202 1294
f 1203 1209 1300
f 1203 1300 1202
f 1301 1203 1294
f 1301 1294 1300
f 1198 1197 1192
f 1198 1192 1193
f 1193 1188 1281
f 1276 1281 1188
f 1276 1188 1183
f 1193 1285 1192
f 1193 1192 1281
f 1281 1285 1193
f 1183 1275 1276
f 1188 1281 1275
f 1188 1275 1183
f 1188 1280 1281
f 1188 1187 1280
f 1193 1192 1187
f 1193 1187 1188
f 1188 1281 1192
f 1183 1275 1280
f 1183 1280 1188
f 1296 1386 1385
f 1295 1296 1385
f 1295 1385 1301
f 1386 1296 1382
f 1285 1290 1198
f 1291 1376 1290
f 1291 1377 1376
f 1286 1371 1376
f 1286 1376 1291
f 1382 1296 1381
f 1295 1385 1381
f 1296 1295 1381
f 1386 1382 1381
f 1386 1381 1385
f 1286 1285 1290
f 1286 1290 1291
f 1301 1295 1381
f 1301 1381 1385
f 1291 1290 1285
f 1291 1285 1286
f 1363 1277 1276
f 1282 1277 1363
f 1282 1363 1368
f 1277 1282 1276
f 1276 1362 1363
f 1285 1282 1286
f 1282 1285 1281
f 1281 1276 1282
f 1282 1281 1367
f 1282 1367 1368
f 1286 1371 1285
f 1286 1285 1281
f 1286 1281 1282
f 1282 1367 1371
f 1282 1371 1286
f 1282 1367 1362
f 1282 1362 1276
f 1363 1362 1367
f 1363 1367 1368
f 1276 1362 1367
f 1276 1367 1282
f 1461 1386 1382
f 1291 1286 1372
f 1291 1372 1377
f 1382 1454 1455
f 1386 1461 1460
f 1382 1381 1454
f 1382 1386 1460
f 1382 1460 1381
f 1461 1382 1454
f 1461 1454 1460
f 1372 1371 1376
f 1372 1376 1377
f 1386 1460 1385
f 1382 1386 1385
f 1382 1385 1381
f 1386 1381 1460
f 1377 1376 1371
f 1377 1371 1372
f 1291 1376 1371
f 1291 1371 1286
f 1368 1372 1286
f 1368 1286 1282
f 1372 1371 1367
f 1372 1367 1368
f 1368 1442 1372
f 1363 1437 1438
f 1368 1442 1441
f 1368 1441 1367
f 1363 1362 1437
f 1368 1367 1362
f 1368 1362 1363
f 1363 1437 1442
f 1363 1442 1368
f 1372 1371 1286
f 1286 1371 1367
f 1286 1367 1282
f 1368 1367 1371
f 1368 1371 1372
f 1450 1446 1447
f 1535 1461 1455
f 1450 1451 1526
f 1447 1450 1451
f 1461 1535 1534
f 1455 1456 1530
f 1461 1534 1460
f 1455 1461 1460
f 1535 1455 1530
f 1455 1460 1454
f 1446 1450 1377
f 1446 1377 1372
f 1446 1442 1443
f 1446 1443 1447
f 1372 1442 1446
f 1442 1518 1443
f 1438 1513 1514
f 1438 1437 1513
f 1438 1514 1518
f 1438 1518 1442
f 1442 1437 1438
f 1527 1447 1523
f 1530 1531 1535
f 1456 1531 1455
f 1455 1531 1530
f 1523 1522 1526
f 1523 1526 1527
f 1535 1530 1600
f 1451 1527 1526
f 1447 1522 1526
f 1447 1526 1527
f 1531 1456 1530
f 1447 1527 1451
f 1527 1526 1522
f 1527 1522 1447
f 1451 1450 1446
f 1451 1446 1447
f 1515 1519 1514
f 1447 1443 1519
f 1447 1519 1523
f 1519 1443 1442
f 1514 1519 1442
f 1514 1442 1438
f 1523 1522 1518
f 1523 1518 1519
f 1519 1518 1522
f 1519 1522 1523
f 1519 1518 1514
f 1515 1514 1518
f 1515 1518 1519
f 1447 1522 1446
f 1443 1518 1519
f 1523 1522 1447
f 1447 1446 1442
f 1447 1442 1443
f 1442 1518 1514
f 1593 1523 1590
f 1531 1597 1601
f 1531 1601 1535
f 1600 1535 1601
f 1590 1589 1592
f 1590 1592 1593
f 1597 1601 1600
f 1597 1600 1596
f 1601 1597 1596
f 1601 1596 1600
f 1527 1593 1592
f 1527 1592 1526
f 1523 1589 1592
f 1523 1592 1527
f 1597 1531 1530
f 1597 1530 1596
f 1531 1535 1600
f 1531 1600 1530
f 1593 1592 1589
f 1593 1589 1523
f 1527 1522 1523
f 1523 1519 1587
f 1583 1587 1519
f 1583 1519 1515
f 1515 1514 1582
f 1515 1582 1583
f 1590 1589 1586
f 1590 1586 1587
f 1587 1586 1589
f 1587 1589 1590
f 1587 1586 1582
f 1587 1582 1583
f 1583 1582 1586
f 1583 1586 1587
f 1519 1518 1586
f 1519 1586 1587
f 1523 1589 1522
f 1587 1589 1523
f 1587 1586 1518
f 1587 1518 1519
f 1589 1590 1523
f 1593 1590 1652
f 1593 1652 1655
f 1597 1663 1601
f 1663 1597 1659
f 1655 1593 1654
f 1652 1651 1654
f 1652 1654 1655
f 1659 1663 1662
f 1659 1662 1658
f 1663 1659 1658
f 1663 1658 1662
f 1593 1654 1592
f 1655 1593 1592
f 1655 1592 1654
f 1597 1596 1658
f 1659 1597 1658
f 1601 1663 1662
f 1601 1662 1600
f 1593 1654 1589
f 1593 1589 1590
f 1649 1652 1590
f 1590 1587 1649
f 1649 1583 1646
f 1583 1649 1587
f 1652 1651 1590
f 1590 1651 1648
f 1590 1648 1649
f 1649 1648 1651
f 1649 1651 1652
f 1649 1648 1645
f 1649 1645 1646
f 1646 1645 1648
f 1646 1648 1649
f 1587 1648 1649
f 1587 1586 1648
f 1649 1648 1589
f 1649 1589 1590
f 1583 1582 1645
f 1583 1645 1646
f 1589 1651 1590
f 1655 1652 1714
f 1655 1714 1717
f 1659 1725 1663
f 1725 1659 1721
f 1717 1655 1654
f 1717 1654 1716
f 1655 1717 1716
f 1655 1716 1654
f 1714 1713 1716
f 1714 1716 1717
f 1721 1725 1724
f 1721 1724 1720
f 1725 1721 1720
f 1725 1720 1724
f 1663 1725 1724
f 1663 1724 1662
f 1721 1659 1658
f 1721 1658 1720
f 1655 1654 1651
f 1655 1651 1652
f 1711 1714 1652
f 1652 1649 1711
f 1649 1646 1708
f 1649 1708 1711
f 1714 1713 1651
f 1714 1651 1652
f 1652 1651 1710
f 1652 1710 1711
f 1711 1710 1713
f 1711 1713 1714
f 1652 1651 1713
f 1652 1713 1714
f 1711 1710 1707
f 1711 1707 1708
f 1708 1707 1710
f 1708 1710 1711
f 1649 1648 1710
f 1649 1710 1711
f 1652 1651 1648
f 1652 1648 1649
f 1711 1710 1651
f 1711 1651 1652
f 1646 1645 1707
f 1646 1707 1708
f 1711 1710 1648
f 1711 1648 1649
f 1717 1714 1772
f 1717 1772 1776
f 1721 1784 1725
f 1784 1721 1780
f 1776 1717 1716
f 1776 1716 1775
f 1717 1776 1775
f 1717 1775 1716
f 1772 1771 1775
f 1772 1775 1776
f 1780 1784 1783
f 1780 1783 1779
f 1784 1780 1779
f 1784 1779 1783
f 1725 1784 1783
f 1725 1783 1724
f 1780 1721 1720
f 1780 1720 1779
f 1784 1780 1720
f 1784 1720 1783
f 1717 1716 1713
f 1717 1713 1714
f 1769 1772 1714
f 1714 1711 1769
f 1711 1708 1765
f 1711 1765 1769
f 1772 1771 1713
f 1772 1713 1714
f 1769 1710 1768
f 1714 1713 1710
f 1714 1710 1769
f 1769 1768 1771
f 1769 1771 1772
f 1714 1713 1771
f 1714 1771 1772
f 1769 1768 1764
f 1769 1764 1765
f 1765 1764 1768
f 1765 1768 1769
f 1711 1710 1768
f 1711 1768 1769
f 1714 1710 1711
f 1769 1710 1713
f 1769 1713 1714
f 1708 1707 1764
f 1708 1764 1765
f 1769 1710 1711
f 1765 1707 1768
f 1765 1764 1707
f 1776 1772 1839
f 1776 1839 1843
f 1851 1847 1846
f 1851 1783 1780
f 1843 1776 1775
f 1843 1842 1775
f 1839 1838 1842
f 1839 1842 1843
f 1847 1779 1846
f 1847 1851 1783
f 1847 1783 1779
f 1847 1780 1779
f 1851 1780 1779
f 1851 1779 1783
f 1776 1775 1771
f 1776 1771 1772
f 1835 1839 1772
f 1835 1772 1769
f 1835 1831 1830
f 1769 1765 1835
f 1765 1764 1830
f 1839 1771 1772
f 1835 1768 1834
f 1839 1838 1771
f 1769 1768 1835
f 1772 1771 1768
f 1772 1768 1769
f 1835 1834 1838
f 1835 1838 1839
f 1831 1764 1830
f 1835 1768 1764
f 1835 1764 1831
f 1830 1834 1835
f 1765 1768 1835
f 1843 1914 1913
f 1843 1839 1909
f 1843 1909 1914
f 1846 1918 1923
f 1923 1851 1846
f 1914 1913 1842
f 1914 1843 1842
f 1909 1908 1913
f 1909 1913 1914
f 1923 1850 1851
f 1923 1922 1850
f 1923 1918 1922
f 1843 1842 1838
f 1843 1838 1839
f 1904 1905 1835
f 1909 1905 1904
f 1905 1909 1839
f 1905 1839 1835
f 1900 1904 1830
f 1905 1834 1904
f 1909 1838 1839
f 1909 1908 1838
f 1835 1834 1905
f 1839 1838 1834
f 1839 1834 1835
f 1904 1908 1909
f 1900 1830 1829
f 1900 1829 1899
f 1904 1834 1830
f 1918 1997 2002
f 1918 2002 1923
f 1992 1991 1912
f 1992 1912 1913
f 1992 1913 1991
f 1987 1908 1913
f 1987 1913 1992
f 1997 1918 1917
f 1923 2002 1922
f 1997 1917 1996
f 1918 1922 1917
f 2002 1997 1917
f 2002 1917 1922
f 1923 1918 1917
f 1923 1917 1922
f 1992 1913 1908
f 1992 1908 1987
f 1914 1913 1908
f 1914 1908 1909
f 1908 1982 1987
f 1982 1908 1904
f 1900 1977 1982
f 1900 1982 1904
f 1982 1903 1981
f 1982 1904 1903
f 1982 1981 1904
f 1900 1899 1977
f 1904 1899 1900
f 1977 1899 1981
f 1977 1981 1982
f 2081 1997 2082
f 2087 2001 1997
f 2087 1997 2081
f 2001 2002 1997
f 1992 2076 1991
f 2071 1986 1991
f 2071 1991 1992
f 2082 1997 1996
f 1997 2001 1996
f 2081 2082 1996
f 2087 2081 1996
f 2087 1996 2001
f 1987 1986 1991
f 1987 1991 1992
f 1997 2001 1917
f 1992 1987 2071
f 1992 1991 1986
f 1992 1986 1987
f 1987 1982 2066
f 1982 1977 2061
f 1982 2061 2066
f 1977 1976 2061
f 1982 1981 2066
f 1987 1986 1981
f 1987 1981 1982
f 2066 1981 1986
f 2066 1986 1987
f 1986 2071 1987
f 1982 1981 1976
f 1982 1976 1977
f 2061 1976 1981
f 2061 1981 2066
f 1987 1908 1981
f 1982 1981 1986
f 1982 1986 1987
f 1977 1899 1976
f 1982 1981 1899
f 1982 1899 1977
f 1977 1976 1981
f 2076 2071 2070
f 2076 2070 2075
f 2081 2087 2086
f 2087 2081 2080
f 2087 2080 2086
f 2076 2075 1991
f 2071 2070 2075
f 2071 2075 2076
f 2087 2086 2000
f 2087 2000 2001
f 2081 2087 2001
f 2081 2001 1996
f 2076 1991 1986
f 2076 1986 2071
f 2065 2070 2071
f 2071 2066 2065
f 2061 2065 2066
f 2061 2060 2064
f 2061 2064 2065
f 2066 1981 2065
f 2071 2070 1986
f 2071 1986 1981
f 2071 1981 2066
f 2061 1975 2060
f 2061 1976 1975
f 2065 1981 1976
f 2065 1976 2061
f 2181 2180 2186
f 2070 2170 2176
f 2070 2176 2075
f 2081 2181 2187
f 2081 2187 2087
f 2186 2187 2181
f 2176 2074 2175
f 2170 2169 2175
f 2170 2175 2176
f 2181 2080 2180
f 2181 2186 2086
f 2181 2086 2080
f 2176 2075 2074
f 2170 2070 2074
f 2170 2074 2176
f 2187 2186 2086
f 2087 2187 2086
f 2081 2086 2080
f 2181 2081 2080
f 2186 2181 2080
f 2186 2080 2086
f 2176 2074 2069
f 2176 2069 2170
f 2165 2159 2164
f 2159 2165 2160
f 2165 2170 2070
f 2165 2070 2065
f 2160 2165 2061
f 2165 2065 2061
f 2170 2169 2069
f 2165 2064 2164
f 2170 2069 2064
f 2170 2064 2165
f 2165 2164 2169
f 2165 2169 2170
f 2160 2060 2159
f 2165 2064 2060
f 2165 2060 2160
f 2170 2069 2070
f 2065 2064 2165
f 2165 2064 2069
f 2165 2069 2170
f 2061 2060 2160
f 2065 2064 2060
f 2065 2060 2061
f 2160 2060 2064
f 2160 2064 2165
f 2275 2169 2269
f 2180 2282 2289
f 2275 2175 2176
f 2180 2289 2186
f 2275 2174 2175
f 2269 2169 2175
f 2269 2175 2275
f 2289 2288 2185
f 2282 2180 2179
f 2186 2289 2185
f 2180 2186 2185
f 2289 2282 2179
f 2289 2179 2185
f 2169 2175 2176
f 2169 2176 2170
f 2275 2175 2169
f 2263 2269 2169
f 2257 2263 2159
f 2170 2164 2263
f 2170 2263 2169
f 2164 2170 2165
f 2164 2159 2263
f 2263 2164 2163
f 2169 2164 2263
f 2263 2163 2169
f 2257 2158 2159
f 2257 2158 2163
f 2257 2163 2263
f 2170 2169 2164
f 2379 2274 2275
f 2282 2288 2289
f 2288 2282 2281
f 2372 2268 2274
f 2372 2274 2379
f 2288 2281 2287
f 2275 2175 2274
f 2275 2274 2174
f 2269 2268 2274
f 2269 2274 2275
f 2282 2179 2281
f 2282 2289 2185
f 2282 2185 2179
f 2379 2275 2269
f 2379 2269 2372
f 2275 2274 2268
f 2275 2268 2269
f 2269 2262 2365
f 2269 2365 2372
f 2262 2269 2263
f 2262 2256 2365
f 2263 2257 2256
f 2263 2256 2262
f 2365 2268 2372
f 2372 2268 2269
f 2269 2268 2262
f 2365 2262 2268
f 2269 2268 2169
f 2263 2163 2262
f 2269 2169 2163
f 2269 2163 2263
f 2263 2262 2268
f 2263 2268 2269
f 2257 2158 2256
f 2263 2163 2158
f 2263 2158 2257
f 2388 2387 2396
f 2281 2388 2397
f 2281 2397 2288
f 2396 2397 2388
f 2379 2274 2273
f 2379 2378 2273
f 2372 2371 2378
f 2372 2378 2379
f 2387 2388 2280
f 2388 2396 2287
f 2388 2287 2280
f 2396 2387 2280
f 2396 2280 2287
f 2397 2396 2287
f 2388 2281 2280
f 2288 2397 2287
f 2396 2388 2280
f 2379 2274 2268
f 2379 2268 2372
f 2372 2365 2364
f 2356 2364 2365
f 2356 2365 2357
f 2357 2365 2256
f 2372 2267 2268
f 2365 2261 2364
f 2372 2371 2267
f 2372 2268 2261
f 2372 2261 2365
f 2364 2371 2372
f 2357 2255 2356
f 2365 2261 2255
f 2365 2255 2357
f 2356 2255 2364
f 2365 2262 2261
f 2372 2268 2262
f 2372 2262 2365
f 2365 2261 2268
f 2256 2255 2357
f 2357 2255 2261
f 2357 2261 2365
f 2378 2371 2492
f 2378 2492 2504
f 2387 2395 2396
f 2515 2387 2516
f 2395 2387 2515
f 2515 2516 2386
f 2395 2515 2386
f 2378 2504 2377
f 2492 2370 2377
f 2492 2377 2504
f 2516 2387 2386
f 2396 2395 2286
f 2396 2286 2287
f 2387 2396 2287
f 2387 2287 2280
f 2379 2378 2371
f 2379 2371 2372
f 2480 2492 2371
f 2480 2371 2364
f 2480 2356 2468
f 2356 2480 2364
f 2356 2355 2468
f 2468 2355 2480
f 2364 2363 2480
f 2492 2370 2371
f 2480 2363 2370
f 2480 2370 2492
f 2355 2363 2480
f 2356 2254 2355
f 2356 2255 2254
f 2526 2527 2515
f 2515 2527 2395
f 2503 2502 2377
f 2491 2377 2503
f 2527 2526 2394
f 2527 2394 2395
f 2515 2386 2385
f 2526 2515 2385
f 2526 2385 2394
f 2504 2503 2377
f 2491 2370 2377
f 2527 2515 2386
f 2527 2386 2395
f 2491 2503 2504
f 2491 2504 2492
f 2503 2377 2370
f 2503 2370 2491
f 2504 2377 2370
f 2504 2370 2492
f 2492 2479 2491
f 2479 2492 2480
f 2479 2363 2478
f 2491 2370 2363
f 2491 2363 2479
f 2479 2370 2491
f 2468 2354 2467
f 2468 2355 2354
f 2479 2362 2363
f 2479 2363 2355
f 2479 2355 2468
f 2468 2354 2362
f 2468 2362 2479
f 2480 2363 2479
f 2491 2370 2492
f 2492 2370 2363
f 2492 2363 2480
f 2479 2363 2370
f 2468 2355 2363
f 2468 2363 2479
f 2503 2491 2490
f 2503 2490 2502
f 2515 2514 2526
f 2624 2490 2502
f 2526 2393 2394
f 2514 2526 2394
f 2526 2514 2525
f 2526 2525 2393
f 2491 2490 2502
f 2491 2502 2503
f 2515 2526 2394
f 2515 2394 2385
f 2515 2385 2514
f 2478 2490 2491
f 2491 2479 2478
f 2467 2478 2479
f 2467 2479 2468
f 2467 2354 2353
f 2467 2353 2466
f 2479 2362 2354
f 2479 2354 2468
f 2479 2478 2362
f 2632 2624 2623
f 2632 2623 2631
f 2639 2525 2513
f 2513 2514 2640
f 2513 2640 2639
f 2513 2525 2514
f 2631 2632 2501
f 2623 2489 2501
f 2623 2501 2631
f 2502 2632 2501
f 2624 2489 2501
f 2624 2501 2632
f 2632 2502 2624
f 2632 2501 2489
f 2632 2489 2624
f 2615 2623 2624
f 2615 2466 2608
f 2624 2616 2615
f 2616 2624 2490
f 2478 2467 2466
f 2478 2466 2616
f 2616 2466 2615
f 2490 2478 2616
f 2623 2489 2624
f 2624 2489 2477
f 2624 2477 2615
f 2615 2477 2489
f 2615 2489 2623
f 2615 2477 2466
f 2608 2466 2477
f 2608 2477 2615
f 2616 2477 2615
f 2478 2477 2616
f 2624 2489 2490
f 2615 2489 2624
f 2631 2623 2622
f 2631 2622 2630
f 2639 2645 2525
f 2524 2525 2645
f 2645 2639 2638
f 2630 2631 2501
f 2630 2501 2500
f 2631 2630 2500
f 2631 2500 2501
f 2622 2488 2500
f 2622 2500 2630
f 2638 2645 2524
f 2638 2524 2512
f 2645 2638 2512
f 2645 2512 2524
f 2639 2513 2512
f 2638 2639 2512
f 2631 2501 2489
f 2631 2489 2623
f 2614 2622 2623
f 2614 2623 2615
f 2615 2608 2607
f 2615 2607 2614
f 2608 2466 2465
f 2608 2465 2607
f 2622 2488 2489
f 2622 2489 2623
f 2615 2476 2614
f 2623 2489 2476
f 2623 2476 2615
f 2614 2476 2488
f 2614 2488 2622
f 2623 2489 2488
f 2623 2488 2622
f 2614 2476 2465
f 2614 2465 2607
f 2607 2465 2476
f 2607 2476 2614
f 2615 2477 2476
f 2623 2489 2477
f 2623 2477 2615
f 2615 2476 2489
f 2630 2622 2621
f 2630 2621 2629
f 2644 2645 2638
f 2644 2638 2637
f 2630 2500 2499
f 2629 2630 2499
f 2621 2487 2499
f 2621 2499 2629
f 2637 2644 2523
f 2637 2523 2511
f 2644 2637 2511
f 2644 2511 2523
f 2629 2630 2500
f 2629 2500 2499
f 2645 2644 2523
f 2645 2523 2524
f 2637 2638 2512
f 2637 2512 2511
f 2630 2500 2488
f 2630 2488 2622
f 2613 2621 2622
f 2613 2622 2614
f 2614 2607 2606
f 2614 2606 2613
f 2622 2487 2488
f 2621 2487 2622
f 2614 2475 2613
f 2622 2488 2475
f 2622 2475 2614
f 2613 2475 2487
f 2613 2487 2621
f 2613 2475 2464
f 2613 2464 2606
f 2606 2464 2475
f 2606 2475 2613
f 2614 2476 2475
f 2622 2488 2476
f 2622 2476 2614
f 2613 2475 2476
f 2613 2476 2614
f 2607 2464 2606
f 2607 2465 2464
f 2637 2636 2643
f 2643 2644 2637
f 2629 2499 2498
f 2628 2629 2498
f 2620 2486 2498
f 2620 2498 2628
f 2637 2643 2522
f 2637 2522 2510
f 2636 2637 2510
f 2643 2636 2510
f 2643 2510 2522
f 2644 2643 2522
f 2644 2522 2523
f 2637 2511 2510
f 2643 2637 2511
f 2643 2511 2522
f 2628 2629 2621
f 2628 2621 2620
f 2629 2499 2487
f 2629 2487 2621
f 2621 2612 2620
f 2612 2621 2613
f 2605 2612 2606
f 2621 2486 2487
f 2620 2486 2621
f 2613 2475 2474
f 2613 2474 2612
f 2621 2487 2475
f 2621 2475 2613
f 2612 2474 2486
f 2612 2486 2620
f 2606 2463 2605
f 2612 2474 2463
f 2612 2463 2606
f 2605 2463 2474
f 2605 2474 2612
f 2606 2464 2463
f 2606 2464 2474
f 2606 2474 2613
f 2605 2463 2464
f 2605 2464 2606
f 2636 2635 2642
f 2642 2643 2636
f 2628 2627 2497
f 2628 2497 2498
f 2627 2628 2498
f 2627 2498 2497
f 2619 2485 2497
f 2619 2497 2627
f 2635 2636 2510
f 2635 2510 2509
f 2642 2521 2522
f 2636 2642 2522
f 2636 2522 2510
f 2642 2635 2509
f 2642 2509 2521
f 2643 2642 2522
f 2636 2643 2522
f 2642 2636 2510
f 2642 2510 2522
f 2627 2628 2620
f 2627 2620 2619
f 2628 2498 2486
f 2628 2486 2620
f 2620 2611 2619
f 2611 2620 2612
f 2604 2611 2612
f 2604 2612 2605
f 2612 2474 2473
f 2612 2473 2611
f 2619 2485 2486
f 2619 2486 2620
f 2620 2486 2474
f 2620 2474 2612
f 2611 2473 2485
f 2611 2485 2619
f 2620 2486 2485
f 2620 2485 2619
f 2611 2473 2474
f 2611 2474 2612
f 2604 2463 2462
f 2605 2463 2604
f 2612 2463 2605
f 2604 2462 2473
f 2604 2473 2611
f 2635 2634 2641
f 2635 2641 2642
f 2520 2642 2641
f 2641 2634 2520
f 2627 2626 2496
f 2627 2496 2497
f 2626 2627 2497
f 2626 2497 2496
f 2618 2484 2497
f 2618 2497 2626
f 2634 2635 2509
f 2634 2509 2508
f 2642 2520 2521
f 2635 2642 2521
f 2635 2521 2509
f 2520 2634 2508
f 2626 2627 2619
f 2626 2619 2618
f 2627 2497 2485
f 2627 2485 2619
f 2619 2610 2618
f 2610 2619 2611
f 2603 2610 2611
f 2603 2611 2604
f 2611 2473 2472
f 2611 2472 2610
f 2618 2485 2619
f 2619 2485 2473
f 2619 2473 2611
f 2610 2472 2485
f 2610 2485 2618
f 2485 2484 2618
f 2610 2472 2473
f 2610 2473 2611
f 2604 2462 2461
f 2604 2461 2603
f 2611 2473 2462
f 2611 2462 2604
f 2603 2461 2472
f 2603 2472 2610
f 2508 2507 2519
f 2634 2508 2519
f 2634 2519 2520
f 2633 2507 2508
f 2634 2633 2508
f 2625 2495 2496
f 2626 2625 2496
f 2617 2484 2496
f 2617 2496 2625
f 2618 2484 2496
f 2618 2496 2626
f 2625 2626 2618
f 2625 2618 2617
f 2626 2496 2484
f 2626 2484 2618
f 2618 2610 2609
f 2618 2609 2617
f 2460 2461 2603
f 2460 2609 2461
f 2461 2609 2610
f 2461 2610 2603
f 2609 2472 2471
f 2610 2472 2609
f 2617 2484 2618
f 2618 2484 2472
f 2618 2472 2610
f 2609 2472 2484
f 2609 2484 2617
f 2610 2472 2461
f 2460 2471 2609
f 2610 2472 2484
f 2610 2484 2618
f 2494 2495 2625
f 2507 2518 2519
f 2518 2507 2506
f 2482 2483 2495
f 2519 2518 2392
f 2507 2519 2392
f 2518 2507 2392
f 2617 2483 2495
f 2617 2495 2625
f 2495 2617 2482
f 2625 2495 2483
f 2625 2483 2617
f 2625 2496 2484
f 2625 2484 2617
f 2617 2471 2470
f 2617 2470 2483
f 2471 2617 2609
f 2471 2460 2470
f 2470 2460 2459
f 2617 2483 2471
f 2470 2471 2483
f 2460 2352 2459
f 2459 2460 2471
f 2459 2471 2470
f 2617 2483 2484
f 2617 2484 2471
f 2609 2471 2483
f 2609 2483 2617
f 2617 2483 2482
f 2517 2518 2506
f 2518 2517 2391
f 2494 2493 2376
f 2482 2369 2376
f 2482 2376 2494
f 2505 2506 2383
f 2506 2518 2391
f 2506 2391 2383
f 2517 2506 2383
f 2517 2383 2391
f 2518 2391 2392
f 2506 2518 2392
f 2506 2392 2384
f 2506 2384 2507
f 2518 2506 2383
f 2518 2383 2391
f 2494 2495 2483
f 2494 2483 2482
f 2470 2459 2469
f 2470 2361 2469
f 2470 2361 2369
f 2470 2369 2482
f 2470 2361 2351
f 2470 2351 2459
f 2459 2351 2361
f 2459 2361 2469
f 2458 2351 2459
f 2482 2483 2471
f 2482 2471 2470
f 2459 2352 2351
f 2470 2471 2352
f 2470 2352 2459
f 2459 2361 2470
f 2482 2481 2493
f 2482 2493 2494
f 2506 2505 2390
f 2506 2390 2517
f 2390 2505 2382
f 2481 2368 2375
f 2481 2375 2493
f 2493 2375 2376
f 2481 2369 2376
f 2481 2376 2493
f 2517 2390 2391
f 2505 2383 2382
f 2506 2517 2391
f 2493 2375 2369
f 2493 2369 2481
f 2494 2376 2369
f 2494 2369 2482
f 2350 2360 2469
f 2469 2481 2482
f 2350 2458 2459
f 2458 2469 2459
f 2458 2350 2469
f 2481 2368 2360
f 2481 2360 2469
f 2469 2360 2368
f 2469 2368 2481
f 2469 2361 2360
f 2481 2369 2482
f 2482 2369 2361
f 2482 2361 2469
f 2469 2360 2369
f 2469 2369 2481
f 2458 2351 2350
f 2469 2361 2351
f 2469 2351 2459
f 2369 2368 2481
f 2493 2374 2375
f 2382 2389 2390
f 2381 2389 2382
f 2374 2272 2375
f 2389 2284 2285
f 2381 2382 2278
f 2381 2389 2285
f 2381 2285 2279
f 2381 2279 2382
f 2389 2381 2278
f 2389 2278 2284
f 2367 2368 2375
f 2367 2375 2374
f 2390 2389 2285
f 2382 2390 2285
f 2389 2381 2279
f 2389 2279 2285
f 2367 2375 2481
f 2374 2375 2368
f 2374 2368 2367
f 2493 2375 2368
f 2493 2368 2481
f 2359 2469 2360
f 2368 2359 2367
f 2359 2368 2481
f 2359 2481 2469
f 2359 2350 2349
f 2350 2359 2360
f 2359 2360 2260
f 2367 2368 2360
f 2367 2360 2359
f 2359 2260 2367
f 2349 2253 2252
f 2359 2360 2253
f 2359 2253 2349
f 2349 2252 2260
f 2349 2260 2359
f 2359 2360 2368
f 2350 2253 2349
f 2349 2253 2360
f 2349 2360 2359
f 2367 2481 2368
f 2374 2367 2366
f 2374 2366 2373
f 2278 2277 2283
f 2278 2283 2284
f 2381 2284 2389
f 2278 2381 2380
f 2284 2381 2278
f 2271 2373 2272
f 2373 2374 2272
f 2265 2266 2272
f 2265 2272 2373
f 2283 2184 2284
f 2277 2380 2278
f 2283 2278 2184
f 2367 2266 2272
f 2367 2272 2374
f 2373 2366 2265
f 2374 2272 2266
f 2374 2266 2367
f 2366 2358 2259
f 2358 2366 2367
f 2251 2259 2252
f 2367 2359 2358
f 2359 2349 2252
f 2359 2252 2358
f 2259 2265 2366
f 2265 2266 2366
f 2366 2266 2367
f 2358 2260 2259
f 2367 2266 2260
f 2367 2260 2358
f 2259 2260 2266
f 2259 2266 2265
f 2251 2252 2153
f 2259 2260 2252
f 2251 2252 2260
f 2251 2260 2259
f 2359 2260 2358
f 2358 2260 2266
f 2358 2266 2367
f 2359 2260 2252
f 2252 2260 2358
f 2277 2183 2283
f 2178 2277 2276
f 2183 2277 2178
f 2271 2270 2173
f 2264 2168 2173
f 2264 2173 2271
f 2283 2183 2184
f 2277 2283 2184
f 2277 2184 2278
f 2283 2277 2178
f 2283 2178 2183
f 2271 2265 2264
f 2271 2272 2266
f 2271 2266 2265
f 2265 2259 2258
f 2259 2251 2152
f 2259 2152 2258
f 2259 2162 2258
f 2258 2162 2168
f 2258 2168 2265
f 2168 2264 2265
f 2259 2162 2152
f 2152 2162 2258
f 2265 2266 2260
f 2265 2260 2259
f 2251 2153 2152
f 2251 2152 2162
f 2251 2162 2259
f 2172 2264 2167
f 2178 2177 2182
f 2178 2182 2183
f 2177 2182 2085
f 2177 2085 2178
f 2177 2078 2079
f 2182 2177 2079
f 2182 2079 2085
f 2270 2172 2173
f 2264 2173 2172
f 2182 2085 2183
f 2177 2276 2178
f 2182 2178 2085
f 2264 2172 2270
f 2172 2173 2168
f 2172 2168 2264
f 2270 2173 2168
f 2270 2168 2264
f 2264 2161 2167
f 2161 2264 2258
f 2151 2161 2152
f 2264 2265 2258
f 2167 2168 2162
f 2167 2162 2161
f 2151 2152 2053
f 2161 2162 2152
f 2151 2053 2063
f 2151 2063 2161
f 2258 2162 2161
f 2167 2168 2264
f 2265 2168 2162
f 2265 2162 2258
f 2161 2162 2168
f 2161 2168 2167
f 2151 2152 2162
f 2151 2162 2161
f 2172 2171 2072
f 2172 2167 2166
f 2172 2166 2171
f 2083 2084 2078
f 2083 2078 2077
f 2073 2172 2072
f 2177 2084 2182
f 2084 2177 2078
f 2171 2172 2073
f 2072 2171 2073
f 2067 2068 2073
f 2067 2073 2072
f 2083 2078 1999
f 2084 2083 1999
f 2167 2068 2073
f 2167 2073 2172
f 2182 2084 2085
f 2177 2085 2078
f 2072 2171 2166
f 2072 2166 2067
f 2172 2073 2068
f 2172 2068 2167
f 2062 2067 2166
f 2062 2166 2167
f 2062 2167 2161
f 2062 2052 2051
f 2052 2062 2063
f 2161 2063 2062
f 2161 2151 2052
f 2161 2052 2063
f 2166 2068 2167
f 2067 2068 2166
f 2167 2068 2063
f 2167 2063 2161
f 2062 2063 2068
f 2062 2068 2067
f 2052 1971 2051
f 2051 2052 2063
f 2051 2063 2062
f 2161 2063 2068
f 2161 2068 2167
f 2151 2053 2052
f 2077 1994 1998
f 1998 2083 2077
f 2072 2073 1990
f 2072 1990 1989
f 1994 2077 1995
f 2077 1998 1999
f 2077 1999 1995
f 1998 1994 1995
f 1998 1995 1999
f 2077 2078 1995
f 2083 1998 1999
f 2077 2083 1999
f 2077 1999 2078
f 1998 2077 1995
f 1989 2072 2067
f 1989 2067 1984
f 2072 2073 2068
f 2072 2068 2067
f 2067 2062 1979
f 2067 1979 1984
f 1970 1979 2062
f 1970 2062 2051
f 2067 1985 2068
f 2067 1984 1985
f 2062 1980 1979
f 2067 2068 1980
f 2067 1980 2062
f 2051 1971 1970
f 2062 1980 1971
f 2062 1971 2051
f 1970 1971 1979
f 2062 2063 1980
f 2067 2068 2063
f 2067 2063 2062
f 2062 1980 2068
f 2051 1971 1980
f 2051 1980 2062
f 1989 1984 1983
f 1989 1983 1988
f 1994 1916 1920
f 1994 1920 1998
f 1994 1993 1916
f 1993 1915 1916
f 1988 1910 1911
f 1989 1988 1911
f 1983 1907 1911
f 1983 1911 1988
f 1998 1921 1999
f 1994 1998 1999
f 1994 1999 1995
f 1998 1994 1916
f 1998 1916 1920
f 1998 1920 1921
f 1983 1978 1901
f 1978 1983 1984
f 1978 1984 1979
f 1902 1894 1901
f 1902 1978 1979
f 1894 1902 1979
f 1894 1979 1970
f 1901 1978 1902
f 1983 1907 1984
f 1901 1902 1907
f 1901 1907 1983
f 1970 1971 1895
f 1970 1894 1902
f 1970 1902 1979
f 1970 1895 1894
f 1915 1848 1919
f 1848 1920 1919
f 1848 1915 1844
f 1983 1906 1910
f 1983 1910 1988
f 1916 1915 1920
f 1919 1920 1915
f 1910 1840 1841
f 1910 1841 1911
f 1906 1837 1911
f 1906 1911 1910
f 1919 1920 1849
f 1915 1916 1845
f 1920 1848 1849
f 1844 1915 1845
f 1915 1919 1849
f 1915 1849 1916
f 1848 1844 1845
f 1848 1845 1849
f 1906 1907 1911
f 1919 1915 1916
f 1919 1916 1849
f 1910 1911 1907
f 1910 1907 1906
f 1988 1911 1907
f 1988 1907 1983
f 1901 1893 1825
f 1901 1825 1832
f 1901 1906 1983
f 1893 1901 1894
f 1893 1894 1825
f 1901 1833 1832
f 1901 1902 1833
f 1906 1907 1902
f 1906 1902 1901
f 1901 1833 1907
f 1901 1907 1906
f 1907 1837 1906
f 1893 1826 1894
f 1894 1826 1825
f 1825 1826 1833
f 1825 1833 1832
f 1906 1907 1983
f 1983 1907 1902
f 1983 1902 1901
f 1893 1894 1902
f 1893 1902 1901
f 1781 1848 1844
f 1781 1844 1777
f 1840 1906 1836
f 1906 1840 1910
f 1840 1773 1774
f 1840 1774 1841
f 1848 1781 1782
f 1848 1782 1849
f 1777 1844 1845
f 1777 1845 1778
f 1844 1848 1849
f 1844 1849 1845
f 1781 1777 1778
f 1781 1778 1782
f 1836 1837 1841
f 1836 1841 1840
f 1840 1841 1837
f 1840 1837 1836
f 1910 1841 1837
f 1910 1837 1906
f 1832 1825 1760
f 1832 1760 1766
f 1832 1836 1906
f 1832 1906 1901
f 1832 1833 1767
f 1832 1767 1766
f 1836 1837 1833
f 1836 1833 1832
f 1832 1766 1836
f 1825 1761 1760
f 1825 1826 1761
f 1766 1767 1833
f 1766 1833 1832
f 1832 1833 1826
f 1832 1826 1825
f 1760 1761 1767
f 1760 1767 1766
f 1836 1837 1906
f 1906 1837 1833
f 1906 1833 1901
f 1832 1833 1837
f 1832 1837 1836
f 1722 1781 1777
f 1781 1722 1723
f 1781 1723 1782
f 1777 1781 1782
f 1777 1782 1778
f 1777 1718 1719
f 1722 1777 1719
f 1722 1719 1723
f 1836 1773 1840
f 1770 1773 1836
f 1766 1770 1836
f 1760 1761 1704
f 1760 1704 1703
f 1766 1761 1760
f 1760 1704 1709
f 1760 1709 1766
f 1766 1767 1761
f 1660 1722 1718
f 1777 1718 1722
f 1722 1660 1661
f 1722 1661 1723
f 1718 1722 1723
f 1718 1723 1719
f 1660 1718 1661
f 1777 1722 1723
f 1777 1723 1719
f 1722 1718 1719
f 1712 1715 1773
f 1712 1773 1770
f 1770 1709 1712
f 1709 1770 1766
f 1703 1709 1760
f 1703 1704 1642
f 1703 1642 1641
f 1709 1704 1703
f 1718 1656 1660
f 1656 1660 1661
f 1660 1656 1657
f 1660 1657 1661
f 1650 1653 1715
f 1650 1715 1712
f 1712 1647 1650
f 1647 1712 1709
f 1641 1647 1709
f 1641 1709 1703
f 1641 1642 1647
f 1656 1594 1598
f 1656 1598 1660
f 1594 1598 1599
f 1594 1599 1595
f 1598 1594 1595
f 1598 1595 1599
f 1588 1650 1591
f 1660 1598 1599
f 1660 1599 1661
f 1656 1661 1657
f 1588 1591 1653
f 1588 1653 1650
f 1650 1584 1588
f 1584 1650 1647
f 1578 1584 1647
f 1578 1647 1641
f 1584 1579 1578
f 1641 1642 1579
f 1641 1579 1578
f 1594 1528 1532
f 1594 1532 1598
f 1528 1532 1533
f 1528 1533 1529
f 1532 1528 1529
f 1532 1529 1533
f 1524 1525 1591
f 1588 1591 1524
f 1532 1533 1599
f 1528 1594 1595
f 1598 1532 1599
f 1528 1595 1529
f 1524 1588 1520
f 1588 1584 1516
f 1588 1516 1520
f 1508 1516 1578
f 1578 1516 1584
f 1516 1517 1520
f 1516 1517 1509
f 1516 1509 1508
f 1508 1509 1517
f 1508 1517 1516
f 1516 1584 1517
f 1508 1579 1509
f 1516 1585 1584
f 1578 1579 1508
f 1516 1517 1585
f 1584 1585 1579
f 1448 1520 1444
f 1452 1458 1457
f 1528 1457 1532
f 1457 1528 1452
f 1448 1525 1449
f 1444 1445 1449
f 1444 1449 1448
f 1452 1458 1529
f 1452 1529 1453
f 1458 1452 1453
f 1524 1448 1525
f 1520 1521 1525
f 1520 1525 1524
f 1457 1458 1533
f 1532 1457 1533
f 1452 1528 1529
f 1457 1452 1529
f 1457 1529 1458
f 1448 1525 1521
f 1448 1521 1520
f 1520 1516 1439
f 1439 1508 1431
f 1508 1439 1516
f 1444 1445 1521
f 1439 1517 1440
f 1444 1521 1517
f 1444 1517 1439
f 1439 1440 1445
f 1439 1445 1444
f 1431 1509 1432
f 1439 1440 1509
f 1439 1509 1431
f 1431 1432 1440
f 1431 1440 1439
f 1516 1517 1439
f 1439 1517 1521
f 1439 1521 1520
f 1508 1509 1431
f 1431 1509 1440
f 1521 1444 1520
f 1448 1444 1369
f 1448 1369 1373
f 1379 1453 1452
f 1379 1452 1378
f 1383 1458 1453
f 1383 1453 1379
f 1373 1448 1449
f 1373 1374 1449
f 1369 1370 1374
f 1369 1374 1373
f 1379 1378 1453
f 1383 1384 1459
f 1383 1459 1458
f 1379 1383 1458
f 1379 1458 1453
f 1383 1379 1384
f 1378 1452 1453
f 1448 1449 1445
f 1448 1445 1444
f 1369 1364 1365
f 1364 1369 1444
f 1357 1365 1364
f 1444 1439 1364
f 1439 1432 1357
f 1439 1357 1364
f 1432 1439 1431
f 1369 1445 1444
f 1364 1440 1365
f 1369 1370 1445
f 1444 1445 1440
f 1444 1440 1364
f 1365 1370 1369
f 1357 1433 1358
f 1357 1432 1433
f 1364 1440 1432
f 1364 1432 1357
f 1439 1440 1364
f 1444 1440 1439
f 1364 1440 1445
f 1364 1445 1444
f 1439 1440 1432
f 1357 1432 1440
f 1357 1440 1364
f 1374 1370 1283
f 1374 1283 1287
f 1379 1292 1297
f 1379 1297 1383
f 1287 1288 1375
f 1287 1375 1374
f 1287 1374 1288
f 1292 1379 1380
f 1383 1297 1384
f 1292 1380 1293
f 1379 1384 1380
f 1297 1292 1380
f 1297 1380 1384
f 1383 1379 1380
f 1383 1380 1384
f 1373 1374 1370
f 1373 1370 1369
f 1278 1283 1370
f 1278 1370 1365
f 1268 1278 1357
f 1278 1366 1279
f 1278 1365 1366
f 1278 1279 1370
f 1357 1358 1268
f 1278 1365 1358
f 1278 1358 1357
f 1268 1358 1279
f 1268 1279 1278
f 1357 1358 1365
f 1195 1194 1287
f 1292 1293 1298
f 1200 1293 1199
f 1292 1199 1293
f 1204 1298 1293
f 1204 1293 1200
f 1292 1298 1297
f 1194 1195 1288
f 1287 1194 1288
f 1189 1284 1288
f 1189 1288 1194
f 1283 1284 1288
f 1283 1288 1287
f 1194 1287 1283
f 1194 1283 1189
f 1287 1288 1284
f 1287 1284 1283
f 1283 1278 1184
f 1283 1184 1189
f 1278 1184 1185
f 1184 1269 1174
f 1184 1174 1185
f 1269 1184 1278
f 1269 1278 1268
f 1184 1279 1185
f 1278 1279 1184
f 1189 1284 1283
f 1283 1284 1279
f 1283 1279 1278
f 1184 1279 1284
f 1184 1284 1189
f 1278 1279 1269
f 1174 1269 1279
f 1174 1279 1185
f 1283 1284 1370
f 1283 1370 1279
f 1278 1279 1284
f 1278 1284 1283
f 1268 1269 1279
f 1200 1204 1205
f 1200 1205 1201
f 1204 1200 1201
f 1204 1201 1205
f 1204 1299 1298
f 1204 1205 1299
f 1200 1204 1298
f 1200 1298 1293
f 1190 1195 1194
f 1190 1194 1189
f 1194 1288 1284
f 1194 1284 1189
f 1189 1185 1190
f 1185 1189 1184
f 1185 1186 1190
f 1185 1175 1174
f 1174 1175 1186
f 1174 1186 1185
f 1190 1284 1189
f 1189 1284 1279
f 1189 1279 1184
f 1174 1269 1270
f 1174 1270 1175
f 1185 1279 1269
f 1185 1269 1174
f 1190 1085 1091
f 1190 1091 1195
f 1200 1097 1103
f 1200 1103 1204
f 1205 1204 1103
f 1103 1097 1098
f 1091 1092 1196
f 1103 1206 1205
f 1098 1103 1205
f 1098 1205 1201
f 1103 1098 1104
f 1103 1104 1206
f 1091 1195 1196
f 1085 1191 1196
f 1085 1196 1091
f 1098 1097 1201
f 1097 1200 1201
f 1103 1098 1201
f 1103 1201 1205
f 1092 1091 1085
f 1092 1085 1086
f 1091 1196 1191
f 1091 1191 1085
f 1085 1079 1086
f 1078 1079 1085
f 1078 1085 1190
f 1078 1190 1185
f 1072 1071 1174
f 1078 1071 1072
f 1078 1072 1079
f 1071 1078 1185
f 1071 1185 1174
f 1174 1175 1072
f 1078 1186 1079
f 1086 1191 1085
f 1085 1191 1186
f 1085 1186 1078
f 1072 1175 1176
f 1079 1186 1175
f 1079 1175 1072
f 1072 1176 1073
f 1078 1186 1185
f 1085 1191 1190
f 1078 1186 1191
f 1078 1191 1085
f 1185 1186 1175
f 1072 1175 1186
f 1072 1186 1079
f 1092 1086 969
f 1092 969 977
f 1098 985 992
f 1098 992 1103
f 1104 1103 992
f 992 985 986
f 977 978 1093
f 977 1092 1093
f 969 1087 1093
f 969 1093 977
f 986 985 1099
f 1098 1104 1099
f 985 1098 1099
f 992 986 1099
f 992 1099 1104
f 1103 1098 1099
f 1103 1099 1104
f 961 969 1086
f 953 952 1072
f 961 952 953
f 961 953 962
f 952 961 1072
f 1072 1073 953
f 961 1079 1072
f 961 1080 962
f 969 1087 1086
f 961 1079 1080
f 1086 1079 961
f 961 1080 1087
f 961 1087 969
f 1079 1080 1073
f 1079 1073 1072
f 953 1073 1080
f 953 1080 962
f 1072 1073 1080
f 1072 1080 1079
f 993 992 986
f 992 993 1105
f 986 992 1105
f 986 1105 1099
f 993 986 987
f 970 1087 978
f 992 1105 1104
f 986 992 1104
f 986 1104 1099
f 992 1099 1105
f 970 978 977
f 970 977 969
f 977 1093 1087
f 977 1087 969
f 969 962 970
f 962 969 961
f 962 963 970
f 953 1074 954
f 953 1073 1074
f 962 1073 953
f 953 954 963
f 953 963 962
f 970 1087 969
f 969 1087 1080
f 969 1080 961
f 962 1080 1073
f 830 820 821
f 830 821 831
f 842 854 993
f 831 830 978
f 978 970 820
f 978 820 830
f 987 841 842
f 986 841 987
f 842 993 987
f 831 830 979
f 821 971 979
f 821 979 831
f 854 994 993
f 854 842 987
f 854 987 994
f 978 830 979
f 820 971 979
f 820 979 830
f 830 979 971
f 830 971 820
f 809 821 820
f 970 808 809
f 970 809 820
f 808 970 962
f 954 809 963
f 963 809 808
f 963 808 962
f 954 963 962
f 954 962 953
f 809 954 796
f 821 971 820
f 820 971 963
f 820 963 809
f 809 963 971
f 809 971 821
f 796 954 955
f 796 954 963
f 796 963 809
f 820 971 970
f 809 971 820
f 842 855 854
f 855 842 843
f 843 855 994
f 843 994 988
f 831 832 980
f 831 980 979
f 821 971 832
f 821 832 831
f 842 987 988
f 854 855 994
f 843 842 988
f 842 854 994
f 842 994 988
f 855 843 988
f 855 988 994
f 832 821 822
f 831 832 972
f 831 972 821
f 831 979 971
f 831 971 821
f 821 810 822
f 810 821 809
f 809 796 797
f 809 797 810
f 810 964 955
f 810 955 797
f 809 964 810
f 809 963 964
f 821 972 971
f 821 971 963
f 821 963 809
f 809 810 972
f 809 972 821
f 822 971 821
f 821 972 822
f 796 955 797
f 809 963 955
f 809 955 796
f 797 955 964
f 797 964 810
f 843 844 856
f 726 727 843
f 843 727 844
f 856 844 727
f 856 855 843
f 716 832 833
f 716 717 833
f 707 823 833
f 707 833 717
f 727 726 844
f 726 843 844
f 706 822 832
f 706 832 716
f 855 856 995
f 855 995 994
f 717 716 706
f 717 706 707
f 716 832 822
f 716 822 706
f 706 697 698
f 706 698 707
f 698 798 689
f 698 697 810
f 798 698 810
f 798 810 797
f 822 810 697
f 822 697 706
f 706 823 822
f 697 811 698
f 707 823 706
f 706 822 811
f 706 811 697
f 698 811 823
f 698 823 707
f 810 811 798
f 697 811 810
f 798 811 698
f 797 956 798
f 797 955 956
f 797 798 811
f 797 811 810
f 727 728 736
f 727 735 856
f 736 856 735
f 717 718 834
f 717 833 834
f 708 824 834
f 708 834 717
f 728 727 845
f 727 736 857
f 727 857 845
f 736 728 845
f 736 845 857
f 856 736 857
f 727 844 845
f 735 727 845
f 735 845 857
f 736 735 857
f 717 707 708
f 717 833 823
f 717 823 707
f 707 698 699
f 690 699 698
f 690 698 689
f 698 812 699
f 707 824 823
f 698 811 812
f 707 823 811
f 707 811 698
f 699 812 824
f 699 824 707
f 824 708 707
f 689 799 690
f 698 812 799
f 698 799 689
f 690 799 812
f 690 812 699
f 798 799 689
f 689 799 812
f 689 812 698
f 728 737 736
f 737 728 729
f 718 719 835
f 718 835 834
f 708 709 719
f 708 719 718
f 728 845 846
f 729 728 846
f 736 737 858
f 728 736 858
f 728 858 845
f 737 729 846
f 737 846 858
f 708 834 718
f 736 858 857
f 728 736 857
f 728 857 845
f 736 845 858
f 718 834 824
f 718 824 708
f 708 699 700
f 700 690 691
f 690 700 699
f 699 813 700
f 699 812 813
f 708 824 812
f 708 812 699
f 700 709 708
f 690 800 691
f 690 799 800
f 699 812 799
f 699 799 690
f 691 800 813
f 691 813 700
f 699 824 708
f 729 738 737
f 738 729 730
f 709 719 718
f 737 738 859
f 737 859 858
f 729 737 858
f 729 858 846
f 709 700 701
f 700 691 692
f 700 692 701
f 691 800 801
f 691 801 692
f 700 813 800
f 700 800 691
f 787 786 777
f 787 777 778
f 786 937 927
f 787 938 937
f 786 787 937
f 777 786 927
f 787 778 928
f 787 928 938
f 757 748 749
f 757 749 758
f 748 881 870
f 749 870 871
f 748 870 749
f 757 881 748
f 749 882 758
f 749 871 882
f 787 778 779
f 787 788 938
f 787 778 916
f 787 916 928
f 788 787 928
f 788 928 938
f 758 749 759
f 749 871 750
f 749 882 894
f 749 894 758
f 750 882 749
f 750 871 882
f 779 788 787
f 788 939 929
f 779 788 929
f 779 929 917
f 788 779 917
f 788 917 929
f 779 778 917
f 787 788 929
f 787 929 928
f 779 787 928
f 779 928 916
f 779 916 778
f 750 759 749
f 750 883 872
f 759 895 883
f 759 883 750
f 750 883 895
f 750 895 759
f 751 883 750
f 759 895 758
f 749 882 883
f 749 883 750
f 759 894 882
f 759 882 749
f 759 758 894
f 780 789 788
f 780 788 779
f 789 940 930
f 780 789 930
f 780 930 918
f 789 780 918
f 789 918 930
f 780 779 917
f 780 918 917
f 770 906 905
f 769 770 905
f 789 939 929
f 789 940 939
f 788 789 929
f 751 760 750
f 760 759 750
f 751 884 873
f 760 896 884
f 760 884 751
f 751 884 896
f 751 896 760
f 760 895 759
f 760 895 896
f 751 883 872
f 751 872 873
f 931 781 919
f 789 790 931
f 789 931 930
f 780 781 790
f 780 790 789
f 790 781 931
f 781 918 919
f 771 907 906
f 931 1055 941
f 780 781 918
f 770 771 906
f 931 941 940
f 930 931 940
f 752 885 761
f 761 885 897
f 885 752 751
f 752 761 760
f 752 760 751
f 751 884 885
f 761 897 896
f 885 874 1009
f 760 896 761
f 885 873 874
f 884 873 885
f 920 781 782
f 920 919 781
f 932 931 920
f 919 920 931
f 772 908 907
f 932 1055 1048
f 932 1056 1055
f 932 1048 931
f 932 920 1040
f 932 1040 1049
f 932 1049 1056
f 782 781 919
f 920 782 919
f 771 772 907
f 931 932 1055
f 932 920 919
f 932 919 931
f 761 898 762
f 761 897 898
f 886 885 898
f 885 898 897
f 886 1016 1009
f 886 1009 1010
f 886 885 1016
f 886 1017 1024
f 886 1024 898
f 886 1010 1017
f 762 897 761
f 898 897 762
f 885 1009 886
f 886 885 897
f 886 897 898
f 932 933 1050
f 1050 933 921
f 921 933 932
f 932 920 921
f 1049 932 933
f 921 1041 1040
f 921 920 1040
f 908 909 1032
f 909 1033 1032
f 933 1050 1056
f 933 1056 1049
f 1050 1057 1056
f 921 932 1049
f 921 1049 1040
f 1050 921 1041
f 920 932 1049
f 920 1049 1040
f 932 921 1040
f 1018 887 886
f 899 887 1018
f 887 899 886
f 898 886 899
f 899 1024 1025
f 899 1024 898
f 887 1017 1010
f 887 1010 1018
f 1018 1010 1011
f 886 1017 887
f 899 1024 1017
f 899 1017 886
f 1018 1025 899
f 886 1010 887
f 898 1024 1017
f 898 1017 886
f 886 1024 899
f 921 1041 1042
f 1051 1050 1042
f 1041 1042 1050
f 1050 1160 1155
f 1050 1051 1160
f 1051 1042 1041
f 1051 1041 1155
f 1051 1155 1160
f 1050 1160 1057
f 1026 1025 899
f 1019 1018 1026
f 1018 1026 1025
f 1018 1128 1122
f 1018 1122 1019
f 1019 1128 1025
f 1019 1025 1026
f 1019 1122 1128
f 1018 1011 1122
f 1156 1042 1148
f 1042 1156 1051
f 1042 1149 1148
f 1042 1148 1041
f 1051 1156 1161
f 1051 1161 1160
f 1042 1051 1155
f 1042 1155 1147
f 1042 1147 1041
f 1051 1042 1148
f 1051 1148 1156
f 1019 1129 1026
f 1026 1129 1135
f 1135 1136 1026
f 1026 1025 1135
f 1019 1122 1123
f 1019 1123 1129
f 1026 1134 1128
f 1026 1128 1019
f 1026 1025 1134
f 1019 1129 1135
f 1019 1135 1026
f 1042 1043 1149
f 1149 1157 1156
f 1149 1249 1148
f 1157 1258 1253
f 1157 1254 1258
f 1157 1253 1156
f 1149 1156 1148
f 1157 1149 1249
f 1157 1249 1254
f 1043 1042 1148
f 1149 1043 1148
f 1035 1142 1141
f 1034 1035 1141
f 1156 1157 1258
f 1156 1258 1161
f 1157 1149 1148
f 1157 1148 1156
f 1136 1027 1026
f 1130 1136 1129
f 1136 1135 1239
f 1130 1233 1225
f 1130 1225 1234
f 1130 1129 1233
f 1136 1135 1129
f 1130 1234 1239
f 1130 1239 1136
f 1027 1135 1026
f 1136 1135 1027
f 1129 1123 1225
f 1129 1225 1130
f 1130 1129 1135
f 1130 1135 1136
f 1149 1150 1250
f 1250 1255 1254
f 1249 1250 1254
f 1254 1149 1249
f 1149 1254 1157
f 1149 1250 1249
f 1150 1149 1249
f 1250 1150 1249
f 1143 1245 1244
f 1142 1143 1244
f 1254 1255 1347
f 1254 1347 1259
f 1255 1250 1249
f 1255 1249 1254
f 1255 1254 1342
f 1255 1342 1347
f 1254 1259 1258
f 1240 1137 1136
f 1234 1235 1240
f 1234 1240 1239
f 1130 1234 1136
f 1136 1234 1239
f 1136 1239 1240
f 1137 1239 1136
f 1240 1239 1137
f 1234 1317 1235
f 1234 1226 1317
f 1235 1234 1239
f 1235 1239 1240
f 1235 1323 1234
f 1235 1317 1323
f 1234 1225 1226
f 1250 1338 1343
f 1250 1343 1255
f 1250 1249 1338
f 1245 1333 1244
f 1343 1347 1342
f 1255 1343 1342
f 1250 1255 1342
f 1250 1342 1338
f 1250 1338 1337
f 1250 1337 1249
f 1255 1343 1347
f 1255 1250 1337
f 1255 1337 1342
f 1324 1329 1240
f 1324 1240 1235
f 1240 1329 1239
f 1324 1323 1317
f 1235 1323 1324
f 1240 1329 1323
f 1240 1323 1235
f 1240 1328 1329
f 1240 1239 1328
f 1235 1317 1324
f 1235 1323 1328
f 1235 1328 1240
f 1344 1421 1420
f 1343 1344 1420
f 1421 1344 1339
f 1421 1339 1417
f 1339 1344 1343
f 1343 1338 1339
f 1339 1416 1338
f 1339 1417 1416
f 1334 1411 1333
f 1343 1423 1420
f 1420 1421 1423
f 1339 1343 1420
f 1339 1420 1416
f 1421 1417 1416
f 1421 1416 1420
f 1343 1423 1348
f 1343 1339 1416
f 1343 1416 1420
f 1403 1325 1324
f 1330 1325 1403
f 1330 1403 1408
f 1325 1330 1324
f 1324 1402 1403
f 1329 1324 1330
f 1330 1329 1407
f 1330 1407 1408
f 1324 1402 1399
f 1402 1399 1403
f 1330 1407 1402
f 1330 1402 1324
f 1403 1402 1407
f 1403 1407 1408
f 1324 1318 1399
f 1324 1402 1407
f 1324 1407 1330
f 1421 1500 1496
f 1417 1491 1492
f 1421 1497 1500
f 1417 1416 1491
f 1421 1496 1420
f 1417 1421 1420
f 1417 1420 1416
f 1421 1417 1492
f 1421 1492 1496
f 1497 1421 1496
f 1497 1496 1500
f 1334 1412 1411
f 1421 1500 1423
f 1403 1478 1472
f 1403 1472 1479
f 1408 1483 1482
f 1408 1482 1407
f 1403 1402 1478
f 1408 1407 1402
f 1408 1402 1403
f 1403 1478 1483
f 1403 1483 1408
f 1479 1478 1403
f 1479 1472 1478
f 1403 1399 1472
f 1492 1493 1563
f 1497 1567 1571
f 1497 1571 1570
f 1497 1570 1500
f 1497 1492 1563
f 1497 1563 1567
f 1492 1497 1496
f 1483 1555 1484
f 1479 1545 1546
f 1479 1546 1551
f 1479 1472 1545
f 1479 1551 1555
f 1479 1555 1483
f 1483 1478 1479
f 1564 1568 1567
f 1493 1564 1492
f 1492 1564 1567
f 1492 1567 1497
f 1567 1633 1571
f 1564 1567 1563
f 1568 1564 1563
f 1568 1563 1567
f 1567 1630 1633
f 1493 1564 1563
f 1488 1560 1559
f 1488 1559 1487
f 1492 1567 1563
f 1552 1556 1551
f 1556 1484 1483
f 1551 1556 1483
f 1551 1483 1479
f 1551 1546 1612
f 1556 1555 1551
f 1552 1551 1555
f 1552 1555 1556
f 1551 1612 1615
f 1484 1555 1556
f 1483 1555 1551
f 1568 1631 1567
f 1564 1627 1631
f 1564 1631 1568
f 1630 1567 1631
f 1631 1630 1633
f 1627 1631 1630
f 1627 1630 1626
f 1631 1627 1626
f 1631 1626 1630
f 1564 1627 1626
f 1564 1626 1563
f 1560 1622 1559
f 1627 1564 1563
f 1627 1563 1626
f 1568 1567 1630
f 1623 1622 1560
f 1616 1620 1556
f 1616 1556 1552
f 1552 1551 1615
f 1552 1615 1616
f 1616 1615 1612
f 1620 1619 1615
f 1620 1615 1616
f 1616 1615 1619
f 1616 1619 1620
f 1556 1555 1619
f 1556 1619 1620
f 1552 1615 1612
f 1552 1612 1551
f 1620 1619 1555
f 1620 1555 1556
f 1693 1631 1689
f 1627 1689 1631
f 1689 1627 1688
f 1623 1686 1685
f 1693 1695 1692
f 1689 1693 1692
f 1689 1692 1688
f 1693 1689 1688
f 1693 1688 1692
f 1627 1688 1626
f 1689 1627 1626
f 1689 1626 1688
f 1631 1693 1695
f 1631 1695 1633
f 1623 1685 1622
f 1680 1616 1683
f 1680 1683 1620
f 1680 1620 1616
f 1683 1682 1620
f 1680 1679 1674
f 1683 1682 1679
f 1683 1679 1680
f 1680 1679 1682
f 1680 1682 1683
f 1620 1619 1682
f 1683 1682 1619
f 1683 1619 1620
f 1616 1612 1674
f 1616 1674 1680
f 1751 1693 1689
f 1751 1689 1747
f 1747 1689 1688
f 1747 1688 1746
f 1689 1747 1746
f 1689 1746 1688
f 1686 1744 1743
f 1686 1743 1685
f 1751 1753 1750
f 1747 1751 1750
f 1747 1750 1746
f 1751 1747 1746
f 1751 1746 1750
f 1693 1751 1753
f 1693 1753 1695
f 1683 1680 1738
f 1683 1738 1741
f 1741 1740 1682
f 1741 1682 1683
f 1683 1682 1740
f 1683 1740 1741
f 1738 1737 1734
f 1741 1740 1737
f 1741 1737 1738
f 1738 1737 1740
f 1738 1740 1741
f 1680 1674 1734
f 1680 1734 1738
f 1816 1751 1747
f 1816 1747 1812
f 1812 1747 1746
f 1812 1746 1811
f 1744 1808 1807
f 1744 1807 1743
f 1816 1818 1815
f 1812 1816 1815
f 1812 1815 1811
f 1816 1812 1811
f 1816 1811 1815
f 1747 1812 1811
f 1747 1811 1746
f 1751 1816 1818
f 1751 1818 1753
f 1816 1811 1750
f 1816 1750 1815
f 1741 1738 1801
f 1741 1801 1805
f 1805 1804 1740
f 1805 1740 1741
f 1801 1800 1795
f 1805 1804 1800
f 1805 1800 1801
f 1801 1800 1804
f 1801 1804 1805
f 1741 1740 1804
f 1741 1804 1805
f 1738 1734 1795
f 1738 1795 1801
f 1801 1737 1804
f 1801 1800 1737
f 1881 1882 1878
f 1816 1812 1878
f 1881 1815 1816
f 1878 1812 1811
f 1878 1877 1811
f 1874 1873 1807
f 1808 1874 1807
f 1881 1818 1815
f 1881 1885 1818
f 1882 1881 1815
f 1878 1882 1815
f 1878 1815 1811
f 1881 1878 1877
f 1816 1878 1811
f 1870 1866 1865
f 1805 1801 1870
f 1801 1800 1865
f 1870 1804 1805
f 1870 1804 1869
f 1865 1800 1795
f 1865 1795 1862
f 1866 1800 1865
f 1870 1804 1800
f 1870 1800 1866
f 1865 1869 1870
f 1801 1804 1870
f 1878 1955 1954
f 1954 1959 1881
f 1955 1954 1877
f 1955 1878 1877
f 1950 1949 1873
f 1874 1950 1873
f 1959 1884 1881
f 1959 1962 1884
f 1954 1881 1877
f 1959 1958 1962
f 1881 1884 1885
f 1945 1946 1870
f 1941 1945 1865
f 1946 1869 1945
f 1946 1869 1870
f 1941 1865 1861
f 1941 1861 1934
f 1945 1869 1865
f 1941 1934 1940
f 1865 1862 1861
f 1954 2034 2038
f 1954 2038 1959
f 2034 2033 1953
f 2034 1953 1954
f 2034 1954 2033
f 1959 2038 1962
f 1954 1959 1958
f 2038 2034 2033
f 2038 2033 1958
f 2038 1958 1962
f 1941 2019 2024
f 1941 2024 1945
f 2024 1944 2023
f 2024 1945 1944
f 2024 2023 1945
f 1941 1934 2019
f 1945 1940 1941
f 2019 1940 2023
f 2019 2023 2024
f 2019 1934 1940
f 2133 2038 2034
f 2133 2034 2128
f 2133 2037 2038
f 2034 2128 2033
f 2123 2028 2029
f 2037 2133 2041
f 2034 2038 2037
f 2034 2037 2033
f 2133 2128 2033
f 2133 2033 2037
f 2038 2041 2037
f 2038 2037 1958
f 2034 2038 1958
f 2034 1958 2033
f 2038 2033 2037
f 2024 2019 2113
f 2024 2113 2118
f 2019 2018 2113
f 2024 2023 2118
f 2018 2015 2113
f 2024 2023 2018
f 2024 2018 2019
f 2113 2018 2023
f 2113 2023 2118
f 2019 2018 2015
f 2019 1940 2018
f 2024 2023 1940
f 2024 1940 2019
f 2019 2018 2023
f 2128 2127 2133
f 2133 2136 2132
f 2133 2127 2126
f 2133 2126 2132
f 2128 2127 2033
f 2123 2122 2028
f 2133 2136 2040
f 2133 2040 2041
f 2127 2133 2037
f 2127 2037 2033
f 2113 2117 2118
f 2113 2112 2103
f 2113 2112 2116
f 2113 2116 2117
f 2118 2023 2117
f 2113 2014 2103
f 2113 2015 2014
f 2117 2023 2018
f 2117 2018 2113
f 2233 2228 2227
f 2228 2233 2234
f 2228 2234 2133
f 2228 2133 2127
f 2228 2126 2227
f 2222 2221 2121
f 2233 2136 2132
f 2233 2238 2136
f 2234 2233 2132
f 2228 2234 2132
f 2228 2132 2126
f 2228 2127 2126
f 2222 2121 2122
f 2234 2233 2136
f 2133 2234 2136
f 2127 2133 2132
f 2127 2132 2126
f 2234 2228 2126
f 2234 2126 2132
f 2211 2210 2217
f 2217 2210 2216
f 2211 2217 2113
f 2217 2117 2113
f 2217 2216 2116
f 2210 2112 2103
f 2210 2103 2204
f 2211 2112 2210
f 2217 2116 2112
f 2217 2112 2211
f 2217 2116 2117
f 2211 2103 2210
f 2113 2103 2211
f 2117 2116 2112
f 2117 2112 2113
f 2211 2112 2116
f 2211 2116 2217
f 2327 2333 2233
f 2327 2227 2228
f 2233 2227 2327
f 2327 2226 2227
f 2233 2237 2232
f 2333 2332 2237
f 2233 2333 2237
f 2333 2327 2226
f 2333 2226 2232
f 2332 2333 2232
f 2332 2232 2237
f 2233 2237 2238
f 2309 2315 2210
f 2217 2216 2315
f 2216 2210 2315
f 2315 2216 2215
f 2309 2209 2203
f 2309 2203 2210
f 2210 2209 2309
f 2309 2209 2215
f 2309 2215 2315
f 2210 2204 2203
f 2210 2203 2209
f 2440 2326 2327
f 2332 2326 2440
f 2332 2333 2327
f 2332 2327 2326
f 2321 2432 2320
f 2332 2337 2338
f 2332 2331 2337
f 2327 2227 2326
f 2327 2326 2226
f 2321 2320 2221
f 2333 2237 2232
f 2332 2338 2237
f 2327 2333 2232
f 2327 2232 2226
f 2315 2314 2425
f 2314 2308 2425
f 2315 2309 2308
f 2315 2308 2314
f 2308 2303 2302
f 2308 2302 2307
f 2315 2314 2216
f 2315 2215 2314
f 2309 2203 2308
f 2308 2203 2303
f 2315 2215 2209
f 2315 2209 2309
f 2440 2439 2447
f 2440 2447 2448
f 2440 2448 2332
f 2440 2326 2325
f 2440 2439 2325
f 2432 2431 2319
f 2432 2319 2320
f 2447 2337 2331
f 2448 2447 2331
f 2440 2448 2331
f 2440 2331 2325
f 2447 2439 2331
f 2448 2447 2337
f 2332 2448 2337
f 2448 2440 2325
f 2448 2325 2331
f 2416 2424 2425
f 2416 2425 2417
f 2417 2425 2308
f 2425 2313 2314
f 2425 2313 2424
f 2416 2307 2302
f 2417 2307 2416
f 2425 2313 2307
f 2425 2307 2417
f 2416 2307 2424
f 2417 2302 2416
f 2308 2302 2417
f 2417 2307 2313
f 2417 2313 2425
f 2595 2447 2584
f 2439 2584 2447
f 2446 2447 2595
f 2595 2584 2446
f 2439 2584 2438
f 2572 2430 2431
f 2447 2454 2446
f 2446 2584 2438
f 2447 2454 2336
f 2447 2336 2337
f 2548 2416 2560
f 2560 2416 2547
f 2416 2560 2424
f 2416 2415 2547
f 2547 2415 2560
f 2424 2423 2560
f 2416 2415 2408
f 2415 2423 2560
f 2416 2301 2408
f 2416 2302 2301
f 2583 2582 2438
f 2595 2454 2446
f 2595 2594 2453
f 2595 2453 2454
f 2583 2438 2437
f 2583 2595 2446
f 2583 2446 2438
f 2595 2583 2437
f 2595 2437 2445
f 2594 2595 2445
f 2594 2445 2453
f 2584 2583 2438
f 2572 2571 2430
f 2595 2583 2438
f 2595 2438 2446
f 2559 2423 2558
f 2547 2415 2408
f 2547 2407 2546
f 2547 2408 2407
f 2559 2422 2423
f 2559 2423 2415
f 2559 2415 2547
f 2547 2414 2422
f 2547 2422 2559
f 2546 2414 2547
f 2546 2407 2414
f 2560 2423 2559
f 2547 2415 2423
f 2547 2423 2559
f 2583 2582 2594
f 2583 2594 2595
f 2594 2452 2453
f 2594 2593 2452
f 2583 2595 2445
f 2583 2445 2437
f 2583 2437 2582
f 2546 2558 2559
f 2546 2559 2547
f 2546 2407 2406
f 2546 2406 2545
f 2559 2422 2414
f 2559 2414 2547
f 2559 2558 2422
f 2682 2593 2675
f 2593 2594 2582
f 2593 2582 2676
f 2593 2676 2675
f 2675 2676 2581
f 2668 2667 2569
f 2675 2593 2581
f 2682 2675 2581
f 2682 2581 2593
f 2582 2676 2581
f 2668 2569 2570
f 2594 2602 2593
f 2545 2652 2659
f 2546 2545 2660
f 2660 2545 2659
f 2558 2546 2660
f 2659 2557 2660
f 2659 2557 2545
f 2652 2545 2557
f 2652 2557 2659
f 2558 2557 2660
f 2546 2545 2535
f 2682 2681 2593
f 2681 2682 2675
f 2681 2675 2674
f 2592 2593 2681
f 2674 2675 2581
f 2674 2581 2580
f 2675 2674 2580
f 2675 2580 2581
f 2667 2666 2568
f 2667 2568 2569
f 2681 2592 2601
f 2674 2681 2592
f 2674 2592 2580
f 2681 2674 2580
f 2681 2580 2592
f 2593 2592 2601
f 2659 2652 2651
f 2659 2651 2658
f 2652 2545 2544
f 2652 2544 2651
f 2658 2556 2557
f 2658 2557 2659
f 2659 2556 2658
f 2659 2557 2556
f 2651 2544 2534
f 2658 2556 2544
f 2658 2544 2651
f 2651 2544 2556
f 2651 2556 2658
f 2545 2534 2544
f 2680 2681 2674
f 2680 2674 2673
f 2674 2580 2579
f 2673 2674 2579
f 2666 2665 2567
f 2666 2567 2568
f 2680 2600 2591
f 2673 2680 2591
f 2673 2591 2579
f 2680 2673 2579
f 2680 2579 2591
f 2673 2674 2580
f 2673 2580 2579
f 2681 2680 2600
f 2681 2600 2601
f 2658 2651 2650
f 2658 2650 2657
f 2658 2555 2556
f 2657 2555 2658
f 2650 2543 2533
f 2657 2555 2543
f 2657 2543 2650
f 2650 2543 2555
f 2650 2555 2657
f 2657 2555 2556
f 2657 2556 2658
f 2651 2533 2650
f 2651 2534 2533
f 2672 2679 2680
f 2673 2579 2578
f 2672 2673 2578
f 2665 2664 2566
f 2665 2566 2567
f 2679 2599 2590
f 2680 2679 2590
f 2672 2680 2590
f 2672 2590 2578
f 2679 2672 2578
f 2679 2578 2590
f 2680 2679 2599
f 2680 2599 2600
f 2680 2673 2578
f 2680 2578 2591
f 2679 2680 2591
f 2679 2591 2590
f 2649 2656 2650
f 2657 2554 2555
f 2656 2554 2657
f 2649 2542 2532
f 2650 2542 2649
f 2656 2554 2542
f 2656 2542 2650
f 2649 2542 2554
f 2649 2554 2656
f 2650 2533 2532
f 2650 2532 2649
f 2650 2543 2554
f 2650 2554 2657
f 2649 2542 2543
f 2649 2543 2650
f 2672 2671 2678
f 2672 2678 2679
f 2672 2671 2577
f 2672 2577 2578
f 2671 2672 2578
f 2671 2578 2577
f 2664 2663 2565
f 2664 2565 2566
f 2678 2599 2590
f 2678 2598 2599
f 2679 2678 2590
f 2672 2679 2590
f 2678 2671 2577
f 2678 2577 2589
f 2678 2589 2598
f 2679 2678 2599
f 2648 2655 2656
f 2648 2656 2649
f 2656 2554 2553
f 2656 2553 2655
f 2655 2553 2554
f 2655 2554 2656
f 2648 2542 2532
f 2648 2532 2531
f 2649 2542 2648
f 2656 2542 2649
f 2648 2541 2553
f 2648 2553 2655
f 2648 2531 2541
f 2649 2532 2648
f 2671 2670 2677
f 2671 2677 2678
f 2588 2678 2677
f 2671 2670 2576
f 2671 2576 2577
f 2670 2671 2577
f 2670 2577 2576
f 2663 2662 2565
f 2662 2564 2565
f 2678 2588 2597
f 2678 2597 2598
f 2671 2678 2589
f 2671 2589 2577
f 2677 2670 2576
f 2677 2576 2588
f 2647 2654 2655
f 2647 2655 2648
f 2655 2553 2552
f 2655 2552 2654
f 2654 2553 2655
f 2654 2552 2553
f 2647 2530 2540
f 2648 2531 2530
f 2648 2530 2647
f 2655 2553 2541
f 2655 2541 2648
f 2647 2540 2552
f 2647 2552 2654
f 2677 2588 2587
f 2669 2587 2588
f 2670 2669 2588
f 2670 2588 2677
f 2669 2575 2576
f 2670 2669 2576
f 2662 2661 2564
f 2587 2596 2597
f 2588 2587 2597
f 2670 2588 2576
f 2587 2669 2575
f 2646 2539 2653
f 2539 2540 2647
f 2539 2646 2540
f 2540 2646 2653
f 2540 2653 2654
f 2540 2654 2647
f 2653 2552 2551
f 2654 2552 2653
f 2539 2530 2529
f 2540 2530 2539
f 2654 2552 2540
f 2539 2551 2653
f 2574 2575 2669
f 2587 2575 2574
f 2586 2587 2574
f 2587 2451 2444
f 2587 2586 2451
f 2586 2574 2575
f 2586 2575 2587
f 2586 2587 2444
f 2586 2444 2451
f 2661 2563 2564
f 2587 2451 2596
f 2563 2661 2562
f 2653 2551 2550
f 2550 2539 2538
f 2539 2550 2551
f 2539 2413 2400
f 2539 2400 2538
f 2538 2539 2551
f 2538 2551 2550
f 2538 2413 2539
f 2538 2400 2413
f 2539 2529 2400
f 2586 2574 2573
f 2586 2585 2443
f 2574 2573 2436
f 2586 2450 2443
f 2574 2586 2443
f 2574 2443 2436
f 2586 2573 2436
f 2586 2436 2443
f 2586 2450 2451
f 2574 2586 2444
f 2574 2444 2575
f 2586 2574 2436
f 2550 2538 2549
f 2550 2421 2549
f 2538 2412 2399
f 2550 2421 2412
f 2550 2412 2538
f 2538 2412 2421
f 2538 2421 2549
f 2537 2412 2538
f 2538 2400 2399
f 2550 2551 2413
f 2550 2413 2538
f 2538 2421 2550
f 2573 2435 2442
f 2586 2585 2442
f 2573 2585 2586
f 2585 2573 2442
f 2442 2335 2449
f 2573 2435 2436
f 2562 2561 2429
f 2585 2442 2450
f 2585 2450 2443
f 2442 2449 2450
f 2573 2586 2443
f 2573 2443 2436
f 2561 2428 2429
f 2411 2420 2549
f 2411 2537 2538
f 2537 2549 2538
f 2537 2411 2549
f 2411 2398 2291
f 2549 2421 2420
f 2537 2412 2399
f 2411 2399 2398
f 2537 2399 2411
f 2549 2421 2412
f 2549 2412 2538
f 2573 2434 2435
f 2441 2442 2434
f 2435 2434 2442
f 2434 2324 2435
f 2441 2335 2330
f 2441 2334 2335
f 2434 2441 2330
f 2434 2330 2435
f 2441 2434 2324
f 2441 2324 2329
f 2441 2329 2334
f 2442 2335 2330
f 2442 2441 2335
f 2441 2434 2435
f 2441 2435 2330
f 2427 2428 2561
f 2419 2549 2420
f 2411 2410 2419
f 2411 2419 2420
f 2419 2420 2312
f 2410 2306 2291
f 2410 2291 2290
f 2419 2420 2306
f 2419 2306 2410
f 2410 2305 2312
f 2410 2312 2419
f 2410 2290 2305
f 2411 2306 2291
f 2411 2291 2410
f 2410 2306 2420
f 2410 2420 2419
f 2323 2328 2329
f 2329 2441 2434
f 2329 2434 2433
f 2323 2433 2324
f 2433 2434 2324
f 2427 2426 2318
f 2317 2318 2426
f 2328 2236 2334
f 2329 2328 2334
f 2323 2329 2324
f 2328 2323 2324
f 2328 2324 2329
f 2328 2329 2231
f 2328 2231 2236
f 2434 2329 2324
f 2329 2433 2324
f 2304 2311 2305
f 2419 2410 2305
f 2419 2305 2418
f 2311 2312 2418
f 2418 2312 2419
f 2304 2290 2190
f 2305 2290 2304
f 2311 2312 2305
f 2304 2305 2312
f 2304 2312 2311
f 2304 2207 2305
f 2304 2190 2207
f 2419 2312 2305
f 2305 2312 2418
f 2230 2328 2323
f 2230 2323 2322
f 2323 2322 2225
f 2316 2220 2317
f 2328 2235 2230
f 2323 2230 2225
f 2230 2322 2225
f 2328 2235 2236
f 2328 2323 2225
f 2328 2225 2230
f 2311 2304 2206
f 2311 2206 2310
f 2311 2214 2310
f 2304 2206 2189
f 2311 2214 2206
f 2206 2214 2310
f 2304 2190 2189
f 2304 2206 2214
f 2304 2214 2311
f 2224 2229 2230
f 2229 2135 2131
f 2229 2131 2230
f 2224 2230 2225
f 2229 2224 2125
f 2229 2125 2131
f 2322 2224 2225
f 2316 2219 2220
f 2229 2135 2235
f 2230 2229 2235
f 2229 2224 2225
f 2229 2225 2230
f 2205 2213 2206
f 2205 2107 2089
f 2205 2206 2107
f 2213 2214 2206
f 2205 2107 2115
f 2205 2115 2213
f 2310 2214 2213
f 2205 2189 2089
f 2206 2189 2205
f 2205 2206 2214
f 2205 2214 2213
f 2224 2223 2124
f 2129 2130 2124
f 2125 2124 2130
f 2125 2224 2124
f 2130 2229 2224
f 2130 2224 2125
f 2223 2224 2125
f 2124 2223 2125
f 2218 2119 2120
f 2219 2218 2120
f 2130 2039 2134
f 2129 2124 2125
f 2129 2125 2130
f 2129 2130 2036
f 2130 2036 2039
f 2229 2130 2135
f 2130 2134 2135
f 2229 2131 2130
f 2114 2212 2213
f 2105 2106 2114
f 2106 2114 2115
f 2213 2115 2114
f 2213 2205 2106
f 2213 2106 2115
f 2212 2115 2213
f 2114 2115 2212
f 2106 2088 2004
f 2106 2004 2105
f 2105 2106 2115
f 2105 2115 2114
f 2105 2017 2106
f 2105 2004 2017
f 2205 2089 2088
f 2205 2088 2106
f 2205 2106 2107
f 2124 2031 2035
f 2124 2035 2129
f 2124 2125 2032
f 2124 2032 2031
f 2119 2026 2027
f 2119 2027 2120
f 2035 2039 2036
f 2129 2035 2036
f 2124 2129 2036
f 2124 2036 2032
f 2035 2031 2036
f 2129 2039 2036
f 2129 2035 2039
f 2129 2124 2032
f 2129 2032 2036
f 2016 2021 2114
f 2016 2114 2105
f 2114 2022 2115
f 2114 2021 2022
f 2016 2017 2004
f 2105 2017 2016
f 2114 2022 2017
f 2114 2017 2105
f 2016 2017 2021
f 2105 2004 2016
f 2105 2017 2022
f 2105 2022 2114
f 1957 1952 1951
f 2031 2030 1952
f 2031 1952 1957
f 2031 1957 2035
f 2030 1951 1952
f 2025 1948 2026
f 2035 1957 1960
f 2035 1961 2039
f 2035 2031 1952
f 2035 1952 1957
f 2035 1957 1961
f 1943 1937 1942
f 1937 2020 2021
f 1937 2021 2016
f 1943 2020 1937
f 1942 2020 1943
f 2020 1943 2021
f 2016 1937 1924
f 2021 1943 1937
f 2016 2004 1925
f 2016 1937 1943
f 2016 1943 2021
f 2016 1925 1937
f 1879 1956 1951
f 1879 1951 1875
f 1879 1957 1956
f 1951 1956 1957
f 1951 1875 1876
f 1951 1876 1952
f 1947 1872 1948
f 1956 1957 1883
f 1956 1883 1880
f 1957 1879 1883
f 1956 1880 1957
f 1879 1875 1876
f 1879 1876 1880
f 1879 1880 1883
f 2025 1947 1948
f 1957 1883 1960
f 1956 1951 1952
f 1956 1952 1957
f 1957 1880 1883
f 1942 1936 1863
f 1942 1863 1867
f 1936 1942 1937
f 1936 1937 1863
f 1942 1868 1867
f 1942 1943 1868
f 1936 1864 1853
f 1936 1853 1937
f 1937 1853 1863
f 1936 1937 1864
f 1863 1864 1868
f 1863 1868 1867
f 1863 1853 1864
f 1937 1924 1853
f 1936 1937 1943
f 1936 1943 1942
f 1937 1853 1864
f 1813 1879 1875
f 1813 1875 1809
f 1875 1809 1810
f 1875 1810 1876
f 1879 1813 1817
f 1879 1817 1883
f 1809 1875 1876
f 1809 1876 1810
f 1875 1879 1880
f 1875 1880 1876
f 1813 1809 1810
f 1813 1810 1814
f 1813 1814 1817
f 1947 1871 1872
f 1867 1863 1796
f 1867 1796 1802
f 1867 1868 1803
f 1867 1803 1802
f 1863 1786 1796
f 1863 1853 1786
f 1802 1803 1868
f 1802 1868 1867
f 1867 1868 1864
f 1867 1864 1863
f 1796 1797 1803
f 1796 1803 1802
f 1796 1786 1797
f 1813 1748 1752
f 1813 1752 1817
f 1809 1813 1814
f 1813 1809 1745
f 1813 1745 1749
f 1748 1813 1749
f 1748 1749 1752
f 1809 1814 1810
f 1796 1786 1727
f 1796 1727 1735
f 1802 1797 1796
f 1796 1736 1739
f 1796 1739 1802
f 1735 1736 1796
f 1735 1727 1736
f 1802 1803 1797
f 1745 1748 1813
f 1748 1690 1694
f 1748 1694 1752
f 1745 1748 1749
f 1690 1748 1691
f 1690 1691 1694
f 1735 1739 1796
f 1735 1727 1665
f 1735 1665 1675
f 1739 1736 1735
f 1675 1676 1735
f 1675 1665 1676
f 1745 1687 1690
f 1745 1690 1748
f 1690 1687 1691
f 1675 1681 1739
f 1675 1739 1735
f 1675 1676 1681
f 1687 1624 1628
f 1687 1628 1690
f 1628 1632 1629
f 1624 1628 1629
f 1690 1628 1632
f 1690 1632 1694
f 1613 1617 1681
f 1613 1681 1675
f 1613 1614 1603
f 1617 1614 1613
f 1675 1665 1603
f 1675 1603 1613
f 1561 1565 1628
f 1624 1561 1628
f 1565 1569 1566
f 1561 1565 1566
f 1561 1566 1562
f 1565 1561 1562
f 1565 1562 1566
f 1561 1562 1624
f 1565 1569 1632
f 1561 1624 1625
f 1628 1565 1632
f 1561 1625 1562
f 1624 1629 1625
f 1613 1547 1553
f 1613 1553 1617
f 1547 1548 1537
f 1553 1554 1548
f 1553 1548 1547
f 1547 1548 1554
f 1547 1554 1553
f 1553 1617 1554
f 1547 1603 1537
f 1553 1618 1617
f 1613 1603 1547
f 1553 1554 1618
f 1617 1618 1614
f 1494 1565 1489
f 1561 1489 1565
f 1489 1562 1490
f 1485 1486 1558
f 1494 1495 1498
f 1494 1495 1566
f 1489 1494 1566
f 1489 1566 1490
f 1494 1489 1490
f 1494 1490 1495
f 1561 1489 1562
f 1494 1498 1569
f 1565 1494 1569
f 1494 1490 1566
f 1485 1558 1557
f 1474 1547 1480
f 1474 1480 1553
f 1474 1553 1547
f 1480 1481 1554
f 1474 1475 1462
f 1474 1548 1475
f 1480 1481 1548
f 1480 1548 1474
f 1474 1475 1481
f 1474 1481 1480
f 1553 1554 1480
f 1474 1537 1462
f 1547 1537 1474
f 1474 1548 1481
f 1413 1414 1418
f 1418 1495 1489
f 1418 1489 1413
f 1489 1495 1494
f 1413 1489 1490
f 1413 1414 1490
f 1409 1410 1486
f 1485 1409 1486
f 1418 1498 1495
f 1418 1422 1499
f 1418 1499 1498
f 1413 1418 1495
f 1413 1495 1490
f 1418 1419 1422
f 1489 1495 1490
f 1418 1413 1490
f 1418 1490 1495
f 1400 1405 1404
f 1474 1475 1480
f 1480 1475 1400
f 1480 1400 1404
f 1404 1481 1480
f 1404 1481 1405
f 1400 1475 1462
f 1400 1463 1388
f 1400 1462 1463
f 1404 1481 1475
f 1404 1475 1400
f 1400 1388 1401
f 1480 1481 1475
f 1400 1475 1481
f 1400 1481 1404
f 1335 1340 1418
f 1335 1336 1415
f 1335 1415 1414
f 1335 1414 1336
f 1418 1340 1422
f 1335 1418 1419
f 1335 1419 1414
f 1340 1335 1336
f 1340 1336 1419
f 1340 1419 1422
f 1418 1414 1419
f 1319 1326 1400
f 1326 1406 1327
f 1326 1405 1406
f 1326 1327 1405
f 1400 1388 1319
f 1326 1405 1401
f 1326 1401 1400
f 1319 1401 1327
f 1319 1327 1326
f 1319 1388 1401
f 1400 1401 1405
f 1247 1246 1335
f 1251 1341 1246
f 1251 1246 1247
f 1335 1246 1341
f 1335 1341 1340
f 1246 1247 1336
f 1335 1246 1336
f 1331 1241 1332
f 1341 1251 1345
f 1335 1341 1336
f 1251 1247 1336
f 1251 1336 1341
f 1331 1332 1410
f 1340 1345 1341
f 1340 1336 1341
f 1326 1236 1237
f 1227 1320 1236
f 1236 1320 1228
f 1236 1228 1237
f 1227 1236 1319
f 1320 1227 1319
f 1326 1319 1236
f 1320 1319 1326
f 1236 1327 1237
f 1326 1327 1236
f 1320 1302 1228
f 1326 1327 1320
f 1228 1320 1327
f 1228 1327 1237
f 1319 1320 1302
f 1319 1320 1327
f 1251 1256 1252
f 1247 1251 1252
f 1251 1247 1248
f 1251 1248 1252
f 1241 1242 1332
f 1251 1346 1341
f 1251 1256 1346
f 1247 1251 1341
f 1247 1341 1336
f 1228 1229 1211
f 1237 1229 1228
f 1228 1229 1238
f 1228 1238 1237
f 1228 1320 1303
f 1228 1303 1211
f 1237 1327 1320
f 1237 1320 1228
f 1251 1151 1152
f 1152 1151 1144
f 1152 1144 1145
f 1247 1144 1151
f 1247 1151 1251
f 1252 1251 1152
f 1144 1145 1248
f 1138 1139 1243
f 1152 1256 1252
f 1152 1257 1256
f 1145 1152 1252
f 1145 1252 1248
f 1152 1153 1257
f 1144 1247 1248
f 1242 1138 1243
f 1247 1252 1248
f 1152 1145 1248
f 1152 1248 1252
f 1125 1124 1228
f 1131 1124 1125
f 1131 1125 1132
f 1124 1131 1237
f 1124 1237 1228
f 1228 1229 1125
f 1131 1238 1132
f 1125 1229 1211
f 1125 1211 1212
f 1132 1238 1229
f 1132 1229 1125
f 1125 1212 1126
f 1131 1238 1237
f 1237 1238 1229
f 1125 1229 1238
f 1125 1238 1132
f 1152 1044 1045
f 1045 1044 1036
f 1045 1036 1037
f 1036 1044 1152
f 1153 1152 1045
f 1036 1152 1145
f 1036 1037 1146
f 1036 1145 1146
f 1028 1140 1139
f 1152 1153 1158
f 1153 1045 1158
f 1145 1152 1153
f 1145 1153 1146
f 1045 1037 1146
f 1045 1146 1153
f 1152 1145 1146
f 1152 1146 1153
f 1013 1012 1125
f 1020 1012 1013
f 1020 1013 1021
f 1012 1020 1125
f 1125 1126 1013
f 1020 1132 1125
f 1020 1133 1021
f 1020 1133 1132
f 1125 1126 1110
f 1126 1110 1013
f 1132 1133 1126
f 1132 1126 1125
f 1013 1126 1133
f 1013 1133 1021
f 1125 1126 1133
f 1125 1133 1132
f 1045 1159 1154
f 1045 1046 1052
f 1045 1052 1159
f 1045 1154 1153
f 1037 1045 1153
f 1045 1037 1038
f 1045 1038 1046
f 1028 1029 1140
f 1045 1159 1158
f 1037 1153 1146
f 1013 1127 1111
f 1013 1111 1000
f 1013 1000 1014
f 1013 1126 1127
f 1021 1126 1013
f 1013 1014 1022
f 1013 1022 1021
f 1013 1110 1111
f 1021 1133 1126
f 911 910 1037
f 1038 911 1046
f 1038 910 911
f 1037 910 1038
f 1037 1038 1046
f 1037 1046 1045
f 911 922 1046
f 900 901 1030
f 922 1053 1052
f 1046 922 1053
f 1046 1053 1052
f 922 911 1038
f 922 1038 1046
f 922 1046 1047
f 922 1047 1053
f 1029 900 1030
f 1021 888 889
f 876 1014 889
f 1022 1014 889
f 1022 889 888
f 1022 888 1021
f 1014 1022 1021
f 1014 1021 1013
f 876 1000 1001
f 1014 1000 1001
f 1014 1001 876
f 876 1014 1022
f 876 1022 889
f 876 1015 1014
f 876 1001 1015
f 923 922 911
f 923 911 912
f 923 1053 1047
f 912 923 1047
f 912 1047 1039
f 911 912 1039
f 911 1039 1038
f 901 1031 1030
f 901 1030 902
f 901 902 1031
f 922 923 1053
f 911 922 1047
f 911 1047 1038
f 923 912 1039
f 923 1039 1047
f 889 876 877
f 889 877 890
f 877 1015 1001
f 890 1023 1015
f 890 1015 877
f 889 1023 890
f 889 1022 1023
f 876 1001 877
f 889 1022 1015
f 889 1015 876
f 877 1015 1023
f 877 1023 890
f 783 924 774
f 773 774 912
f 912 774 924
f 912 924 923
f 773 912 913
f 773 774 913
f 763 764 903
f 763 903 902
f 912 924 913
f 924 774 913
f 923 924 934
f 923 934 1054
f 923 1054 1053
f 923 912 913
f 923 913 924
f 745 878 754
f 754 753 890
f 878 754 890
f 878 890 877
f 753 891 890
f 753 891 754
f 890 891 878
f 878 891 754
f 877 1002 867
f 877 867 878
f 877 1001 1002
f 877 878 891
f 877 891 890
f 774 775 784
f 774 784 783
f 784 924 783
f 774 775 914
f 774 913 914
f 764 904 903
f 765 904 764
f 784 935 925
f 783 784 925
f 774 783 925
f 774 925 914
f 784 775 914
f 784 914 925
f 924 784 935
f 924 935 934
f 783 774 914
f 783 914 925
f 746 755 754
f 746 754 745
f 754 892 755
f 754 892 891
f 746 879 868
f 745 879 746
f 754 892 879
f 754 879 745
f 746 879 892
f 746 892 755
f 878 868 745
f 878 867 868
f 745 879 892
f 745 892 754
f 745 868 879
f 785 784 776
f 775 776 784
f 775 776 915
f 775 915 914
f 784 936 926
f 784 785 936
f 784 926 925
f 775 784 925
f 775 925 914
f 785 776 915
f 785 915 926
f 785 926 936
f 784 936 935
f 747 746 756
f 747 755 746
f 756 755 747
f 755 893 756
f 755 892 893
f 746 880 869
f 746 869 747
f 746 879 880
f 755 892 879
f 755 879 746
f 747 880 893
f 747 893 756
f 747 869 880
f 746 868 869
f 786 785 776
f 786 776 777
f 785 786 937
f 785 937 936
f 776 785 926
f 776 926 915
f 756 747 748
f 756 748 757
f 747 869 870
f 747 870 748
f 756 893 880
f 756 880 747
f 1394 1468 1313
f 1542 1468 1608
f 1310 1311 1218
f 1218 1311 1220
f 1313 1220 1311
f 1313 1311 1394
f 1393 1309 1308
f 1393 1308 1216
f 1393 1216 1307
f 1218 1216 1308
f 1218 1308 1309
f 1218 1309 1310
f 1607 1467 1466
f 1607 1466 1540
f 1307 1466 1393
f 1393 1466 1467
f 1790 1669 1668
f 1790 1668 1789
f 1540 1668 1607
f 1607 1668 1669
f 2009 1929 1928
f 1789 1928 1790
f 1790 1928 1929
f 2096 2095 2094
f 2096 2094 2196
f 2009 2094 2095
f 2196 2097 2096
f 1608 1670 1671
f 1608 1671 1542
f 1791 1671 1670
f 1313 1468 1477
f 1313 1477 1322
f 1550 1477 1468
f 1550 1468 1542
f 1218 1220 1232
f 1218 1232 1231
f 1322 1232 1220
f 1322 1220 1313
f 1307 1216 1230
f 1307 1230 1321
f 1231 1230 1216
f 1231 1216 1218
f 1540 1466 1476
f 1540 1476 1549
f 1321 1476 1466
f 1321 1466 1307
f 1789 1668 1677
f 1789 1677 1798
f 1549 1677 1668
f 1549 1668 1540
f 2093 1928 1938
f 2093 1938 2108
f 1798 1938 1928
f 1798 1928 1789
f 2196 2094 2109
f 2196 2109 2208
f 2108 2109 2094
f 2108 2094 2093
f 2099 2097 2110
f 2099 2110 2111
f 2208 2110 2097
f 2208 2097 2196
f 1791 1930 1939
f 1791 1939 1799
f 2111 1939 1930
f 2111 1930 2099
f 1542 1671 1678
f 1542 1678 1550
f 1799 1678 1671
f 1799 1671 1791
f 1928 2093 2009
f 2009 2093 2094
f 2097 2099 2010
f 2010 2099 1930
f 1527 1523 1590
f 1527 1590 1593
f 1450 1446 1523
f 1450 1523 1527
f 1290 1285 1372
f 1290 1372 1377
f 1198 1193 1285
f 983 975 1089
f 983 1089 1095
f 838 827 828
f 838 828 839
f 719 710 720
f 718 708 709
f 832 822 707
f 832 707 717
f 978 970 821
f 978 821 831
f 1195 1190 1086
f 1195 1086 1092
f 1448 1444 1370
f 1448 1370 1374
f 1524 1520 1444
f 1524 1444 1448
f 1910 1906 1836
f 1910 1836 1840
f 2271 2265 2167
f 2271 2167 2172
f 2493 2481 2367
f 2493 2367 2374
f 2494 2482 2481
f 2494 2481 2493
f 2495 2482 2494
f 2628 2620 2619
f 2628 2619 2627
f 2629 2621 2620
f 2629 2620 2628
f 2378 2371 2491
f 2378 2491 2503
f 2075 2070 2170
f 2075 2170 2176
f 1992 1987 2070
f 1992 2070 2075
f 1639 1576 1638
f 1193 1198 1095
f 1193 1095 1089
f 1266 1265 1354
f 1172 1171 1265
f 975 983 840
f 975 840 829
f 1069 1068 1171
f 827 838 723
f 827 723 713
f 949 948 1066
f 949 1066 1067
f 948 947 1066
f 711 721 720
f 711 720 710
f 945 944 1062
f 708 718 717
f 822 832 831
f 822 831 821
f 1163 1261 1262
f 1261 1350 1351
f 1189 1194 1287
f 1189 1287 1283
f 1350 1425 1351
f 1425 1502 1503
f 1502 1573 1503
f 1520 1524 1591
f 1520 1591 1588
f 1770 1773 1840
f 1770 1840 1836
f 1755 1819 1820
f 1906 1910 1989
f 1906 1989 1984
f 1819 1887 1820
f 1984 1989 2072
f 1984 2072 2067
f 1887 1964 1965
f 2067 2072 2172
f 2067 2172 2167
f 1964 2043 1965
f 2043 2044 1965
f 2265 2271 2373
f 2043 2138 2044
f 2240 2241 2139
f 2483 2495 2626
f 2483 2626 2618
f 2618 2626 2627
f 2618 2627 2619
f 2242 2342 2243
f 2342 2343 2244
f 2342 2244 2243
f 2343 2344 2245
f 2343 2245 2244
f 2344 2345 2246
f 2344 2246 2245
f 2345 2247 2246
f 2623 2631 2502
f 2623 2502 2490
f 2372 2379 2275
f 2372 2275 2269
f 2269 2275 2176
f 2269 2176 2170
f 1908 1913 1843
f 1908 1843 1839
f 1758 1701 1700
f 1701 1639 1638
f 1701 1638 1700
f 1581 1644 1637
f 1581 1637 1575
f 1582 1514 1513
f 1581 1575 1505
f 1514 1438 1437
f 1514 1437 1513
f 1512 1581 1505
f 1438 1362 1437
f 1512 1505 1428
f 1362 1276 1275
f 1436 1512 1428
f 1436 1428 1427
f 1276 1182 1275
f 1435 1436 1427
f 1435 1427 1353
f 1182 1181 1275
f 1361 1435 1353
f 1182 1076 1181
f 1361 1353 1264
f 1076 959 1075
f 1274 1361 1264
f 959 958 1075
f 1274 1264 1170
f 959 806 958
f 1273 1274 1170
f 1273 1170 1169
f 805 804 957
f 1180 1273 1169
f 1180 1169 1168
f 1180 1168 1066
f 1179 1180 1066
f 1179 1066 1065
f 1178 1179 1065
f 1178 1065 1064
f 692 691 800
f 692 800 801
f 1177 1178 1064
f 1177 1064 1063
f 691 799 800
f 1177 1063 1167
f 1272 1177 1167
f 1272 1167 1166
f 798 797 955
f 1272 1166 1165
f 797 954 955
f 1271 1272 1165
f 954 1074 955
f 1271 1165 1263
f 954 1073 1074
f 1360 1271 1263
f 1073 1072 1175
f 1360 1263 1262
f 1359 1360 1262
f 1359 1262 1352
f 1174 1269 1175
f 1434 1359 1352
f 1434 1352 1351
f 1269 1357 1358
f 1434 1351 1426
f 1511 1434 1426
f 1511 1426 1504
f 1510 1511 1504
f 1432 1508 1509
f 1580 1510 1504
f 1580 1504 1574
f 1643 1580 1574
f 1578 1641 1642
f 1578 1642 1579
f 1643 1574 1636
f 1641 1703 1704
f 1641 1704 1642
f 1705 1643 1636
f 1705 1636 1698
f 1703 1760 1761
f 1703 1761 1704
f 1760 1825 1826
f 1760 1826 1761
f 1762 1705 1698
f 1762 1698 1756
f 1762 1756 1821
f 1894 1895 1826
f 1827 1762 1821
f 1894 1970 1971
f 1894 1971 1895
f 1827 1821 1888
f 1970 2052 1971
f 1896 1827 1888
f 1896 1888 1966
f 1972 1896 1966
f 1972 1966 2045
f 2252 2350 2253
f 2054 1972 2045
f 2350 2351 2253
f 2054 2045 2140
f 2350 2459 2351
f 2055 2054 2140
f 2055 2140 2141
f 2460 2461 2352
f 2056 2055 2141
f 2056 2141 2142
f 2154 2056 2142
f 2155 2154 2142
f 2155 2142 2143
f 2155 2143 2244
f 2156 2155 2244
f 2156 2244 2144
f 2157 2156 2144
f 2157 2144 2145
f 2057 2157 2145
f 2466 2467 2354
f 2058 2057 2145
f 2058 2145 2146
f 2467 2355 2354
f 2058 2146 2147
f 2059 2058 2147
f 2059 2147 2046
f 1973 2059 2046
f 1973 2046 2047
f 2255 2256 2158
f 1974 2047 1967
f 2159 2060 2158
f 1897 1974 1967
f 1898 1897 1967
f 1898 1967 1889
f 1828 1898 1889
f 1828 1889 1890
f 1976 1900 1899
f 1828 1890 1822
f 1763 1828 1822
f 1763 1822 1757
f 1830 1764 1829
f 1706 1763 1757
f 1706 1757 1699
f 1644 1706 1699
f 1644 1699 1637
f 1639 1577 1576
f 1576 1577 1507
f 1576 1507 1506
f 1506 1507 1429
f 1429 1355 1354
f 1354 1355 1266
f 1265 1266 1172
f 1171 1172 1069
f 1068 950 1067
f 1067 950 949
f 944 943 1062
f 1062 943 1061
f 1060 1059 1164
f 1164 1059 1163
f 1163 1162 1261
f 1350 1424 1425
f 1425 1424 1502
f 1819 1886 1887
f 1887 1886 1964
f 2139 2138 2240
f 2241 2340 2242
f 2242 2340 2341
f 2242 2341 2342
f 2345 2346 2247
f 2247 2346 2248
f 2248 2249 2148
f 2148 2249 2149
f 2148 2149 2048
f 2048 2049 1968
f 1968 2049 1969
f 1968 1969 1891
f 1823 1824 1759
f 1823 1759 1758
f 1758 1759 1701
f 1639 1640 1577
f 1640 1645 1582
f 1640 1582 1577
f 1576 1575 1637
f 1576 1637 1638
f 1577 1582 1513
f 1577 1513 1507
f 1506 1505 1576
f 1505 1575 1576
f 1507 1430 1429
f 1507 1513 1437
f 1507 1437 1430
f 1429 1430 1355
f 1430 1356 1355
f 1430 1437 1362
f 1430 1362 1356
f 1429 1428 1506
f 1428 1505 1506
f 1356 1362 1275
f 1356 1275 1355
f 1354 1428 1429
f 1355 1267 1266
f 1355 1275 1267
f 1354 1353 1428
f 1353 1427 1428
f 1266 1267 1173
f 1267 1275 1181
f 1267 1181 1173
f 1265 1353 1354
f 1266 1173 1172
f 1173 1181 1076
f 1264 1353 1265
f 1172 1173 1070
f 1173 1076 1075
f 1173 1075 1070
f 1171 1264 1265
f 1172 1070 1069
f 1070 1075 958
f 1070 958 1069
f 1170 1264 1171
f 1069 950 1068
f 1069 951 950
f 1069 958 951
f 1068 1170 1171
f 951 958 957
f 951 957 950
f 1067 1170 1068
f 1067 1169 1170
f 950 957 804
f 950 804 949
f 1067 1066 1169
f 1066 1168 1169
f 949 795 948
f 949 804 803
f 949 803 795
f 948 795 794
f 948 794 947
f 795 803 802
f 795 802 794
f 947 1065 1066
f 947 794 946
f 946 1064 1065
f 946 1065 947
f 946 794 793
f 794 802 801
f 794 801 793
f 946 793 945
f 793 792 945
f 793 801 800
f 793 800 792
f 945 1063 1064
f 945 1064 946
f 945 792 791
f 945 791 944
f 792 800 799
f 792 799 791
f 1062 1063 945
f 1062 1167 1063
f 944 791 943
f 791 799 798
f 791 798 943
f 1062 1166 1167
f 943 798 955
f 943 955 942
f 1061 1165 1062
f 1165 1166 1062
f 1061 943 1060
f 943 942 1060
f 1060 1164 1061
f 1164 1165 1061
f 1060 942 1059
f 942 955 1074
f 942 1074 1059
f 1164 1263 1165
f 1059 1058 1163
f 1059 1074 1073
f 1059 1073 1058
f 1163 1262 1164
f 1262 1263 1164
f 1163 1058 1162
f 1058 1073 1175
f 1058 1175 1162
f 1162 1260 1261
f 1162 1175 1260
f 1261 1351 1262
f 1351 1352 1262
f 1261 1260 1350
f 1260 1175 1269
f 1350 1260 1349
f 1260 1269 1358
f 1260 1358 1349
f 1425 1426 1351
f 1350 1349 1424
f 1349 1358 1433
f 1349 1433 1424
f 1425 1504 1426
f 1424 1433 1432
f 1424 1432 1502
f 1503 1504 1425
f 1502 1432 1509
f 1502 1509 1501
f 1573 1574 1503
f 1574 1504 1503
f 1502 1572 1573
f 1502 1501 1572
f 1501 1509 1579
f 1501 1579 1572
f 1573 1572 1634
f 1573 1634 1635
f 1572 1579 1642
f 1572 1642 1634
f 1635 1636 1574
f 1635 1574 1573
f 1635 1634 1696
f 1635 1696 1697
f 1634 1642 1704
f 1634 1704 1696
f 1697 1698 1636
f 1697 1636 1635
f 1697 1696 1754
f 1697 1754 1755
f 1696 1704 1761
f 1696 1761 1754
f 1755 1698 1697
f 1754 1761 1826
f 1755 1756 1698
f 1755 1754 1819
f 1754 1826 1819
f 1820 1756 1755
f 1820 1821 1756
f 1819 1826 1895
f 1819 1895 1886
f 1886 1963 1964
f 1886 1895 1971
f 1886 1971 1963
f 1887 1888 1820
f 1888 1821 1820
f 1963 2042 1964
f 1963 1971 2052
f 1963 2052 2042
f 1965 1888 1887
f 1964 2042 2043
f 2042 2052 2053
f 1966 1888 1965
f 2043 2042 2137
f 2042 2053 2152
f 2042 2152 2137
f 2044 1966 1965
f 2043 2137 2138
f 2137 2152 2252
f 2044 2045 1966
f 2138 2137 2239
f 2137 2252 2253
f 2137 2253 2239
f 2139 2044 2138
f 2139 2045 2044
f 2138 2239 2240
f 2239 2253 2351
f 2239 2351 2240
f 2139 2140 2045
f 2240 2340 2241
f 2240 2339 2340
f 2240 2351 2339
f 2241 2140 2139
f 2339 2351 2352
f 2339 2352 2340
f 2242 2140 2241
f 2242 2141 2140
f 2340 2352 2461
f 2340 2461 2341
f 2242 2142 2141
f 2341 2455 2342
f 2341 2461 2462
f 2341 2462 2455
f 2243 2142 2242
f 2342 2455 2456
f 2342 2456 2343
f 2455 2462 2463
f 2455 2463 2456
f 2244 2143 2142
f 2244 2142 2243
f 2343 2456 2457
f 2343 2457 2344
f 2456 2463 2464
f 2456 2464 2457
f 2245 2144 2244
f 2344 2457 2345
f 2457 2464 2465
f 2457 2465 2345
f 2246 2145 2144
f 2246 2144 2245
f 2345 2465 2466
f 2345 2466 2346
f 2247 2145 2246
f 2346 2347 2248
f 2346 2466 2354
f 2346 2354 2347
f 2247 2146 2145
f 2347 2348 2248
f 2347 2354 2355
f 2347 2355 2348
f 2248 2147 2247
f 2147 2146 2247
f 2248 2348 2249
f 2348 2355 2254
f 2348 2254 2249
f 2148 2147 2248
f 2249 2250 2149
f 2249 2254 2255
f 2249 2255 2250
f 2148 2047 2147
f 2047 2046 2147
f 1967 2047 2048
f 2149 2250 2150
f 2250 2255 2158
f 2250 2158 2150
f 2049 2150 2050
f 2150 2158 2060
f 2150 2060 2050
f 1968 1967 2048
f 2049 2050 1969
f 2050 2060 1975
f 2050 1975 1969
f 1890 1967 1968
f 1890 1889 1967
f 1969 1892 1891
f 1969 1975 1976
f 1969 1976 1892
f 1891 1890 1968
f 1891 1892 1823
f 1892 1976 1899
f 1823 1890 1891
f 1823 1822 1890
f 1823 1892 1824
f 1892 1899 1829
f 1892 1829 1824
f 1758 1757 1822
f 1758 1822 1823
f 1824 1829 1764
f 1824 1764 1759
f 1759 1702 1701
f 1759 1764 1707
f 1759 1707 1702
f 1700 1699 1757
f 1700 1757 1758
f 1701 1702 1640
f 1701 1640 1639
f 1702 1707 1645
f 1702 1645 1640
f 1638 1637 1699
f 1638 1699 1700
f 2256 2159 2158
f 1973 2047 1974
f 2149 2049 2048
f 2047 2148 2048
f 2150 2049 2149
f 1523 1587 1590
f 1593 1597 1527
f 1446 1442 1518
f 1446 1518 1523
f 1530 1535 1461
f 1530 1461 1455
f 1527 1530 1455
f 1527 1455 1450
f 1281 1276 1362
f 1281 1362 1368
f 1285 1281 1368
f 1285 1368 1372
f 1382 1385 1301
f 1382 1301 1295
f 1377 1382 1295
f 1377 1295 1290
f 1188 1182 1276
f 1295 1301 1208
f 1295 1208 1203
f 1290 1295 1203
f 1290 1203 1198
f 1083 1076 1182
f 1102 1208 1107
f 967 1076 1083
f 975 967 1083
f 975 1083 1089
f 1102 1107 999
f 1102 999 991
f 1095 1102 991
f 1095 991 983
f 827 818 828
f 852 864 863
f 852 863 851
f 839 852 851
f 839 851 838
f 703 694 804
f 703 804 704
f 733 862 740
f 733 740 732
f 723 733 732
f 723 732 722
f 702 693 694
f 702 694 703
f 712 702 703
f 732 740 739
f 732 739 731
f 722 732 731
f 711 702 712
f 722 731 721
f 730 738 737
f 730 737 729
f 720 730 729
f 720 729 719
f 699 799 691
f 699 691 700
f 729 737 857
f 729 857 728
f 719 729 728
f 719 728 718
f 822 810 698
f 822 698 707
f 727 856 855
f 727 855 843
f 717 727 843
f 717 843 832
f 962 954 809
f 970 962 809
f 970 809 821
f 842 993 992
f 842 992 986
f 831 842 986
f 831 986 978
f 961 1073 953
f 986 1104 985
f 978 986 985
f 978 985 977
f 1079 1073 961
f 985 1104 1103
f 985 1103 1098
f 977 985 1098
f 977 1098 1092
f 1185 1174 1072
f 1185 1072 1079
f 1190 1185 1079
f 1190 1079 1086
f 1098 1103 1204
f 1098 1204 1200
f 1092 1098 1200
f 1092 1200 1195
f 1189 1279 1185
f 1195 1200 1293
f 1195 1293 1194
f 1365 1357 1268
f 1365 1268 1278
f 1292 1297 1383
f 1292 1383 1379
f 1287 1292 1379
f 1287 1379 1374
f 1439 1357 1365
f 1444 1439 1365
f 1444 1365 1370
f 1379 1458 1452
f 1374 1379 1452
f 1374 1452 1448
f 1516 1508 1432
f 1516 1432 1439
f 1520 1439 1444
f 1452 1458 1532
f 1452 1532 1528
f 1448 1452 1528
f 1448 1528 1524
f 1594 1598 1660
f 1594 1660 1656
f 1591 1594 1656
f 1591 1656 1653
f 1901 1894 1825
f 1844 1848 1920
f 1844 1920 1915
f 1840 1844 1915
f 1840 1915 1910
f 2063 2052 1970
f 2063 1970 1979
f 2067 2063 1979
f 1994 1998 2084
f 1994 2084 2078
f 2072 1994 2078
f 2259 2251 2151
f 2259 2151 2161
f 2265 2259 2161
f 2265 2161 2167
f 2177 2182 2283
f 2177 2283 2277
f 2172 2177 2277
f 2172 2277 2271
f 2359 2252 2259
f 2367 2359 2259
f 2367 2259 2366
f 2277 2284 2389
f 2277 2389 2381
f 2373 2277 2381
f 2373 2381 2374
f 2469 2350 2349
f 2469 2349 2359
f 2481 2359 2367
f 2381 2389 2390
f 2381 2390 2505
f 2374 2381 2505
f 2374 2505 2493
f 2470 2459 2350
f 2470 2350 2469
f 2482 2470 2469
f 2505 2390 2518
f 2505 2518 2506
f 2493 2505 2506
f 2493 2506 2494
f 2483 2470 2482
f 2506 2518 2519
f 2506 2519 2507
f 2494 2506 2507
f 2494 2507 2495
f 2612 2605 2462
f 2612 2462 2611
f 2635 2521 2643
f 2635 2643 2636
f 2627 2635 2636
f 2627 2636 2628
f 2613 2606 2605
f 2613 2605 2612
f 2636 2643 2644
f 2636 2644 2637
f 2628 2636 2637
f 2628 2637 2629
f 2629 2637 2630
f 2477 2466 2465
f 2477 2465 2614
f 2623 2477 2614
f 2638 2524 2525
f 2638 2525 2513
f 2630 2638 2513
f 2630 2513 2631
f 2479 2355 2467
f 2514 2526 2395
f 2514 2395 2515
f 2502 2514 2515
f 2502 2515 2503
f 2364 2356 2355
f 2364 2355 2479
f 2371 2364 2479
f 2371 2479 2491
f 2515 2395 2396
f 2515 2396 2387
f 2503 2515 2387
f 2503 2387 2378
f 2365 2256 2356
f 2387 2396 2288
f 2387 2288 2388
f 2378 2387 2388
f 2378 2388 2379
f 2065 2060 2165
f 2181 2086 2087
f 2181 2087 2081
f 2176 2181 2081
f 2176 2081 2075
f 1982 1976 2061
f 1982 2061 2065
f 1987 1982 2065
f 1987 2065 2070
f 2081 2001 1997
f 2075 2081 1997
f 2075 1997 1992
f 1769 1764 1830
f 1769 1830 1834
f 1772 1769 1834
f 1772 1834 1839
f 1846 1851 1783
f 1846 1783 1780
f 1843 1846 1780
f 1843 1780 1776
f 1659 1662 1600
f 1659 1600 1597
f 1655 1659 1597
f 1655 1597 1593
f 1587 1582 1645
f 1587 1645 1649
f 1597 1600 1535
f 1597 1535 1530
f 1527 1597 1530
f 1518 1514 1582
f 1518 1582 1587
f 1523 1518 1587
f 1455 1461 1385
f 1455 1385 1382
f 1450 1455 1382
f 1450 1382 1377
f 1368 1362 1438
f 1368 1438 1442
f 1203 1208 1102
f 1198 1203 1102
f 1198 1102 1095
f 1083 1182 1188
f 1089 1083 1188
f 1089 1188 1193
f 991 999 998
f 991 998 990
f 983 991 990
f 983 990 840
f 966 959 960
f 829 967 975
f 990 998 864
f 990 864 852
f 840 990 852
f 840 852 839
f 818 806 959
f 818 959 966
f 828 818 966
f 828 966 829
f 851 863 862
f 851 862 733
f 838 851 733
f 838 733 723
f 704 804 805
f 704 805 817
f 713 704 817
f 713 817 827
f 731 739 738
f 731 738 730
f 721 731 730
f 721 730 720
f 728 857 856
f 728 856 727
f 718 728 727
f 718 727 717
f 698 798 799
f 698 799 699
f 707 699 708
f 843 855 993
f 843 993 842
f 832 843 842
f 832 842 831
f 809 954 797
f 1293 1298 1297
f 1293 1297 1292
f 1194 1293 1292
f 1194 1292 1287
f 1283 1279 1189
f 1528 1532 1598
f 1528 1598 1594
f 1524 1528 1594
f 1524 1594 1591
f 1584 1578 1508
f 1584 1508 1516
f 1656 1660 1722
f 1656 1722 1718
f 1653 1656 1718
f 1653 1718 1715
f 1718 1722 1781
f 1718 1781 1777
f 1715 1718 1777
f 1715 1777 1773
f 1766 1760 1703
f 1766 1703 1709
f 1777 1781 1848
f 1777 1848 1844
f 1773 1777 1844
f 1773 1844 1840
f 1915 1920 1994
f 1910 1915 1994
f 1910 1994 1989
f 1979 1894 1901
f 1984 1979 1901
f 1984 1901 1906
f 1989 1994 2072
f 2078 2084 2182
f 2078 2182 2177
f 2072 2078 2177
f 2072 2177 2172
f 2167 2063 2067
f 2277 2283 2284
f 2271 2277 2373
f 2507 2519 2520
f 2507 2520 2634
f 2495 2507 2634
f 2495 2634 2626
f 2610 2461 2460
f 2610 2460 2471
f 2618 2610 2471
f 2618 2471 2483
f 2634 2520 2521
f 2634 2521 2635
f 2626 2634 2635
f 2626 2635 2627
f 2611 2462 2461
f 2611 2461 2610
f 2637 2644 2524
f 2637 2524 2638
f 2630 2637 2638
f 2614 2465 2606
f 2513 2525 2526
f 2513 2526 2514
f 2631 2513 2514
f 2631 2514 2502
f 2478 2466 2477
f 2490 2478 2477
f 2490 2477 2623
f 2388 2288 2282
f 2379 2388 2282
f 2379 2282 2275
f 2263 2256 2365
f 2269 2263 2365
f 2180 2186 2086
f 2180 2086 2181
f 2275 2180 2181
f 2275 2181 2176
f 2165 2060 2159
f 2170 2164 2269
f 1997 2001 1923
f 1997 1923 1918
f 1992 1997 1918
f 1992 1918 1913
f 1904 1900 1976
f 1904 1976 1982
f 1918 1923 1851
f 1918 1851 1846
f 1913 1918 1846
f 1913 1846 1843
f 1834 1830 1900
f 1834 1900 1904
f 1839 1834 1904
f 1839 1904 1908
f 1780 1783 1724
f 1780 1724 1721
f 1776 1780 1721
f 1776 1721 1717
f 1711 1707 1764
f 1711 1764 1769
f 1721 1724 1662
f 1721 1662 1659
f 1717 1721 1659
f 1717 1659 1655
f 1649 1645 1707
f 1649 1707 1711
f 2164 2159 2256
f 2164 2256 2263
f 2269 2164 2263
f 2282 2288 2186
f 2282 2186 2180
f 2275 2282 2180
f 1269 1268 1357
f 1076 960 959
f 804 694 803
f 953 1073 954
f 2151 2251 2152
f 2251 2252 2152
f 2252 2349 2350
f 2462 2605 2463
f 2606 2465 2464
f 2356 2256 2255
f 1564 1560 1623
f 1564 1623 1627
f 1492 1487 1560
f 1492 1560 1564
f 1338 1333 1412
f 1338 1412 1417
f 1250 1245 1333
f 1250 1333 1338
f 1042 1034 1142
f 1042 1142 1149
f 919 907 908
f 919 908 920
f 779 769 770
f 779 770 780
f 778 768 769
f 778 769 779
f 776 766 767
f 776 767 777
f 775 765 766
f 775 766 776
f 912 902 764
f 912 764 774
f 1037 1029 901
f 1037 901 911
f 1036 1028 1029
f 1036 1029 1037
f 1145 1139 1028
f 1145 1028 1036
f 1247 1242 1139
f 1247 1139 1145
f 1246 1241 1242
f 1246 1242 1247
f 1414 1410 1331
f 1414 1331 1335
f 1489 1485 1410
f 1489 1410 1414
f 1561 1557 1485
f 1561 1485 1489
f 1687 1684 1621
f 1687 1621 1624
f 1951 1947 1871
f 1951 1871 1875
f 2323 2317 2219
f 2323 2219 2224
f 2434 2427 2426
f 2434 2426 2433
f 2573 2561 2427
f 2573 2427 2434
f 2574 2562 2561
f 2574 2561 2573
f 2575 2563 2562
f 2575 2562 2574
f 2672 2664 2663
f 2672 2663 2671
f 2673 2665 2664
f 2673 2664 2672
f 2674 2666 2665
f 2674 2665 2673
f 2675 2667 2666
f 2675 2666 2674
f 2583 2571 2570
f 2583 2570 2582
f 2439 2431 2571
f 2439 2571 2583
f 2440 2432 2431
f 2440 2431 2439
f 2127 2122 2222
f 2127 2222 2228
f 2034 2029 2122
f 2034 2122 2127
f 1812 1808 1874
f 1812 1874 1878
f 1686 1689 1627
f 1686 1627 1623
f 1673 1610 1672
f 1487 1492 1417
f 1487 1417 1412
f 1245 1250 1149
f 1245 1149 1142
f 1316 1315 1397
f 1224 1223 1315
f 1034 1042 921
f 1034 921 909
f 909 921 920
f 909 920 908
f 1121 1120 1223
f 907 919 780
f 907 780 770
f 1008 1007 1118
f 1008 1118 1119
f 1007 1006 1118
f 768 778 777
f 768 777 767
f 1004 1003 1114
f 765 775 774
f 765 774 764
f 902 912 911
f 902 911 901
f 1213 1304 1305
f 1304 1389 1390
f 1241 1246 1335
f 1241 1335 1331
f 1389 1464 1390
f 1464 1538 1539
f 1538 1604 1539
f 1557 1561 1624
f 1557 1624 1621
f 1684 1687 1745
f 1684 1745 1742
f 1742 1745 1809
f 1742 1809 1806
f 1806 1809 1875
f 1806 1875 1871
f 1787 1854 1855
f 1947 1951 2031
f 1947 2031 2026
f 1854 1926 1855
f 2026 2031 2124
f 2026 2124 2119
f 1926 2005 2006
f 2119 2124 2224
f 2119 2224 2219
f 2005 2090 2006
f 2090 2091 2006
f 2317 2323 2433
f 2317 2433 2426
f 2090 2191 2091
f 2292 2293 2192
f 2563 2575 2670
f 2563 2670 2662
f 2662 2670 2671
f 2662 2671 2663
f 2294 2402 2295
f 2402 2403 2296
f 2402 2296 2295
f 2403 2404 2297
f 2403 2297 2296
f 2404 2405 2298
f 2404 2298 2297
f 2405 2299 2298
f 2667 2675 2582
f 2667 2582 2570
f 2432 2440 2327
f 2432 2327 2321
f 2321 2327 2228
f 2321 2228 2222
f 2029 2034 1954
f 2029 1954 1949
f 1949 1954 1878
f 1949 1878 1874
f 1808 1812 1747
f 1808 1747 1744
f 1793 1733 1732
f 1744 1747 1689
f 1744 1689 1686
f 1733 1673 1672
f 1733 1672 1732
f 1608 1671 1609
f 1612 1546 1545
f 1608 1609 1543
f 1546 1473 1472
f 1546 1472 1545
f 1542 1608 1543
f 1473 1399 1472
f 1542 1543 1470
f 1399 1318 1317
f 1469 1542 1470
f 1318 1226 1317
f 1468 1469 1396
f 1226 1225 1317
f 1395 1468 1396
f 1226 1123 1225
f 1395 1396 1314
f 1123 1011 1122
f 1313 1395 1314
f 1011 1010 1122
f 1313 1314 1222
f 1011 875 1010
f 1312 1313 1222
f 875 874 1009
f 875 1009 1010
f 1312 1222 1221
f 874 873 1009
f 1220 1312 1221
f 872 744 871
f 1219 1220 1118
f 1219 1118 1117
f 1218 1219 1117
f 1218 1117 1116
f 744 743 870
f 744 870 871
f 743 742 869
f 743 869 870
f 1217 1218 1116
f 1217 1116 1115
f 742 868 869
f 1308 1217 1216
f 867 866 1001
f 1308 1216 1215
f 866 1000 1001
f 1307 1308 1215
f 1000 1111 1001
f 1307 1215 1306
f 1000 1110 1111
f 1392 1307 1306
f 1110 1109 1211
f 1392 1306 1305
f 1109 1210 1211
f 1391 1392 1305
f 1210 1302 1211
f 1466 1391 1390
f 1302 1387 1388
f 1466 1390 1465
f 1387 1463 1388
f 1541 1466 1465
f 1541 1465 1540
f 1387 1462 1463
f 1462 1536 1537
f 1606 1540 1605
f 1536 1602 1603
f 1536 1603 1537
f 1668 1606 1605
f 1602 1664 1665
f 1602 1665 1603
f 1668 1605 1667
f 1664 1726 1727
f 1664 1727 1665
f 1730 1668 1667
f 1730 1667 1729
f 1726 1785 1786
f 1726 1786 1727
f 1785 1852 1853
f 1785 1853 1786
f 1789 1730 1729
f 1789 1729 1788
f 1852 1924 1853
f 1789 1788 1856
f 1924 1925 1853
f 1857 1789 1856
f 1924 2003 2004
f 1924 2004 1925
f 1857 1856 1927
f 2003 2088 2004
f 1928 1857 1927
f 2088 2188 2089
f 1928 1927 2007
f 2188 2189 2089
f 2008 1928 2007
f 2008 2007 2092
f 2290 2398 2291
f 2093 2008 2092
f 2398 2399 2291
f 2093 2092 2193
f 2398 2528 2399
f 2094 2093 2193
f 2528 2529 2400
f 2528 2400 2399
f 2094 2193 2194
f 2529 2530 2400
f 2095 2094 2194
f 2095 2194 2195
f 2197 2196 2296
f 2535 2536 2407
f 2098 2097 2198
f 2098 2198 2199
f 2536 2408 2407
f 2098 2199 2200
f 2408 2409 2301
f 2099 2098 2200
f 2409 2302 2301
f 2010 2099 2100
f 2302 2303 2203
f 2011 2100 2012
f 2204 2103 2203
f 1930 2011 2012
f 2103 2104 2014
f 1931 1930 2012
f 2104 2015 2014
f 1858 1931 1932
f 2015 1935 1934
f 1858 1932 1859
f 1935 1862 1861
f 1935 1861 1934
f 1791 1858 1859
f 1791 1859 1792
f 1862 1795 1861
f 1731 1791 1792
f 1673 1611 1610
f 1610 1611 1545
f 1610 1545 1544
f 1544 1545 1471
f 1471 1398 1397
f 1397 1398 1316
f 1315 1316 1224
f 1223 1224 1121
f 1120 1009 1119
f 1119 1009 1008
f 1003 1002 1114
f 1114 1002 1113
f 1112 1111 1214
f 1214 1111 1213
f 1213 1212 1304
f 1389 1463 1464
f 1464 1463 1538
f 1854 1925 1926
f 1926 1925 2005
f 2192 2191 2292
f 2293 2400 2294
f 2294 2400 2401
f 2294 2401 2402
f 2405 2406 2299
f 2299 2406 2300
f 2300 2301 2201
f 2201 2301 2202
f 2201 2202 2101
f 2101 2102 2013
f 2013 2102 2014
f 2013 2014 1933
f 1860 1861 1794
f 1860 1794 1793
f 1793 1794 1733
f 1673 1674 1611
f 1674 1612 1611
f 1610 1609 1671
f 1610 1671 1672
f 1611 1612 1545
f 1544 1543 1610
f 1543 1609 1610
f 1545 1472 1471
f 1471 1472 1398
f 1472 1399 1398
f 1471 1470 1544
f 1470 1543 1544
f 1399 1317 1398
f 1397 1470 1471
f 1398 1317 1316
f 1397 1396 1470
f 1396 1469 1470
f 1316 1317 1225
f 1315 1396 1397
f 1316 1225 1224
f 1314 1396 1315
f 1224 1225 1122
f 1225 1123 1122
f 1223 1314 1315
f 1224 1122 1121
f 1122 1010 1121
f 1222 1314 1223
f 1121 1009 1120
f 1121 1010 1009
f 1120 1222 1223
f 1119 1222 1120
f 1119 1221 1222
f 1009 873 1008
f 1119 1118 1221
f 1118 1220 1221
f 1008 872 1007
f 1008 873 872
f 1007 872 871
f 1007 871 1006
f 1006 1117 1118
f 1006 871 1005
f 1005 1116 1117
f 1005 1117 1006
f 1005 871 870
f 1005 870 1004
f 870 869 1004
f 1004 1115 1116
f 1004 1116 1005
f 1004 869 868
f 1004 868 1003
f 1114 1115 1004
f 1114 1217 1115
f 1003 868 1002
f 868 867 1002
f 1114 1216 1217
f 1002 867 1001
f 1113 1215 1114
f 1215 1216 1114
f 1113 1002 1112
f 1002 1001 1112
f 1112 1214 1113
f 1214 1215 1113
f 1112 1001 1111
f 1214 1306 1215
f 1111 1110 1213
f 1213 1305 1214
f 1305 1306 1214
f 1213 1110 1212
f 1110 1211 1212
f 1212 1303 1304
f 1212 1211 1303
f 1304 1390 1305
f 1390 1391 1305
f 1304 1303 1389
f 1303 1211 1302
f 1389 1303 1388
f 1303 1302 1388
f 1464 1465 1390
f 1389 1388 1463
f 1464 1540 1465
f 1463 1462 1538
f 1539 1540 1464
f 1538 1462 1537
f 1604 1605 1539
f 1605 1540 1539
f 1538 1603 1604
f 1538 1537 1603
f 1604 1603 1665
f 1604 1665 1666
f 1666 1667 1605
f 1666 1605 1604
f 1666 1665 1727
f 1666 1727 1728
f 1728 1729 1667
f 1728 1667 1666
f 1728 1727 1786
f 1728 1786 1787
f 1787 1729 1728
f 1787 1788 1729
f 1787 1786 1854
f 1786 1853 1854
f 1855 1788 1787
f 1855 1856 1788
f 1854 1853 1925
f 1925 2004 2005
f 1926 1927 1855
f 1927 1856 1855
f 2004 2089 2005
f 2004 2088 2089
f 2006 1927 1926
f 2005 2089 2090
f 2007 1927 2006
f 2090 2089 2190
f 2089 2189 2190
f 2091 2007 2006
f 2090 2190 2191
f 2190 2189 2290
f 2091 2092 2007
f 2191 2190 2291
f 2190 2290 2291
f 2192 2091 2191
f 2192 2092 2091
f 2191 2291 2292
f 2291 2399 2292
f 2192 2193 2092
f 2292 2400 2293
f 2292 2399 2400
f 2293 2193 2192
f 2294 2193 2293
f 2294 2194 2193
f 2400 2530 2401
f 2294 2195 2194
f 2401 2531 2402
f 2401 2530 2531
f 2295 2195 2294
f 2402 2531 2532
f 2402 2532 2403
f 2296 2196 2195
f 2296 2195 2295
f 2403 2532 2533
f 2403 2533 2404
f 2297 2197 2296
f 2404 2533 2405
f 2533 2534 2405
f 2298 2198 2197
f 2298 2197 2297
f 2405 2534 2535
f 2405 2535 2406
f 2299 2198 2298
f 2406 2407 2300
f 2406 2535 2407
f 2299 2199 2198
f 2407 2408 2300
f 2300 2200 2299
f 2200 2199 2299
f 2300 2408 2301
f 2201 2200 2300
f 2301 2302 2202
f 2201 2100 2200
f 2100 2099 2200
f 2012 2100 2101
f 2202 2302 2203
f 2102 2203 2103
f 2013 2012 2101
f 2102 2103 2014
f 1932 2012 2013
f 1932 1931 2012
f 2014 1934 1933
f 2014 2015 1934
f 1933 1932 2013
f 1933 1934 1860
f 1860 1932 1933
f 1860 1859 1932
f 1860 1934 1861
f 1793 1792 1859
f 1793 1859 1860
f 1861 1795 1794
f 1794 1734 1733
f 1794 1795 1734
f 1732 1731 1792
f 1732 1792 1793
f 1733 1734 1674
f 1733 1674 1673
f 1672 1671 1731
f 1672 1731 1732
f 2303 2204 2203
f 2010 2100 2011
f 2202 2102 2101
f 2100 2201 2101
f 2203 2102 2202
f 1560 1616 1623
f 1487 1479 1551
f 1487 1551 1560
f 1564 1567 1497
f 1564 1497 1492
f 1333 1324 1403
f 1333 1403 1412
f 1421 1420 1343
f 1417 1421 1343
f 1417 1343 1338
f 1235 1234 1324
f 1245 1235 1324
f 1245 1324 1333
f 1343 1254 1255
f 1338 1343 1255
f 1338 1255 1250
f 1130 1129 1234
f 1157 1254 1156
f 1019 1129 1130
f 1034 1019 1130
f 1034 1130 1142
f 1157 1156 1051
f 1149 1157 1051
f 1149 1051 1042
f 907 885 886
f 907 886 908
f 750 884 751
f 769 750 751
f 769 751 770
f 789 930 788
f 769 749 750
f 768 749 769
f 766 747 748
f 766 748 767
f 777 786 785
f 777 785 776
f 746 879 747
f 765 746 747
f 765 747 766
f 785 925 784
f 877 878 745
f 902 877 745
f 902 745 764
f 783 924 923
f 774 783 923
f 774 923 912
f 1013 1014 876
f 1029 1013 876
f 1029 876 901
f 922 1046 1045
f 911 922 1045
f 911 1045 1037
f 1012 1126 1013
f 1028 1012 1013
f 1028 1013 1029
f 1045 1153 1044
f 1037 1045 1044
f 1037 1044 1036
f 1125 1126 1012
f 1139 1125 1012
f 1139 1012 1028
f 1044 1153 1152
f 1242 1228 1125
f 1242 1125 1139
f 1145 1152 1251
f 1145 1251 1247
f 1241 1320 1228
f 1241 1228 1242
f 1247 1341 1246
f 1410 1400 1319
f 1410 1319 1331
f 1335 1418 1414
f 1474 1475 1400
f 1485 1474 1400
f 1485 1400 1410
f 1418 1495 1494
f 1414 1418 1494
f 1414 1494 1489
f 1547 1475 1474
f 1557 1547 1474
f 1557 1474 1485
f 1494 1495 1565
f 1684 1675 1613
f 1684 1613 1621
f 1624 1628 1690
f 1624 1690 1687
f 1947 1936 1863
f 1947 1863 1871
f 1875 1879 1956
f 1875 1956 1951
f 2119 2106 2016
f 2124 2035 2130
f 2317 2304 2205
f 2317 2205 2219
f 2224 2229 2328
f 2224 2328 2323
f 2410 2305 2304
f 2427 2410 2304
f 2427 2304 2426
f 2328 2329 2441
f 2433 2328 2441
f 2433 2441 2434
f 2537 2411 2410
f 2561 2537 2410
f 2561 2410 2427
f 2441 2442 2585
f 2434 2441 2585
f 2434 2585 2573
f 2562 2538 2537
f 2562 2537 2561
f 2563 2539 2538
f 2563 2538 2562
f 2649 2541 2648
f 2664 2649 2648
f 2664 2648 2663
f 2678 2589 2679
f 2671 2678 2679
f 2671 2679 2672
f 2665 2650 2649
f 2665 2649 2664
f 2672 2680 2673
f 2666 2650 2665
f 2545 2544 2651
f 2667 2545 2651
f 2667 2651 2666
f 2674 2681 2593
f 2674 2593 2675
f 2547 2415 2546
f 2571 2547 2546
f 2571 2546 2570
f 2594 2446 2595
f 2582 2594 2595
f 2582 2595 2583
f 2431 2416 2547
f 2431 2547 2571
f 2583 2595 2447
f 2583 2447 2439
f 2417 2308 2416
f 2432 2417 2416
f 2432 2416 2431
f 2447 2332 2448
f 2439 2447 2448
f 2439 2448 2440
f 2113 2112 2211
f 2122 2113 2211
f 2122 2211 2222
f 2234 2132 2133
f 2029 2019 2113
f 2029 2113 2122
f 2127 2133 2038
f 2127 2038 2034
f 1808 1801 1865
f 1808 1865 1874
f 1878 1881 1816
f 1693 1692 1630
f 1693 1630 1631
f 1616 1615 1679
f 1616 1679 1680
f 1623 1616 1680
f 1623 1680 1686
f 1564 1631 1567
f 1551 1615 1616
f 1560 1551 1616
f 1497 1420 1421
f 1492 1497 1421
f 1403 1402 1479
f 1412 1403 1479
f 1412 1479 1487
f 1255 1254 1157
f 1250 1255 1157
f 1250 1157 1149
f 1130 1234 1235
f 1142 1130 1235
f 1142 1235 1245
f 1042 1050 921
f 909 1018 1019
f 909 1019 1034
f 921 1050 932
f 908 886 1018
f 908 1018 909
f 919 931 789
f 919 789 780
f 770 751 885
f 770 885 907
f 778 787 786
f 778 786 777
f 767 748 749
f 767 749 768
f 784 925 924
f 775 784 783
f 775 783 774
f 745 878 879
f 764 745 746
f 764 746 765
f 923 1046 922
f 912 923 922
f 912 922 911
f 876 1014 877
f 901 876 877
f 901 877 902
f 1246 1341 1340
f 1246 1340 1335
f 1331 1319 1320
f 1331 1320 1241
f 1621 1613 1547
f 1621 1547 1557
f 1687 1690 1748
f 1687 1748 1745
f 1742 1735 1675
f 1742 1675 1684
f 1806 1796 1735
f 1806 1735 1742
f 1809 1813 1879
f 1809 1879 1875
f 1871 1863 1796
f 1871 1796 1806
f 1956 1957 2035
f 1951 1956 2035
f 1951 2035 2031
f 2016 1937 1936
f 2026 2016 1936
f 2026 1936 1947
f 2119 2016 2026
f 2124 2130 2229
f 2124 2229 2224
f 2219 2205 2106
f 2219 2106 2119
f 2323 2328 2433
f 2426 2304 2317
f 2575 2587 2677
f 2575 2677 2670
f 2662 2647 2539
f 2662 2539 2563
f 2677 2588 2589
f 2677 2589 2678
f 2670 2677 2678
f 2670 2678 2671
f 2648 2541 2540
f 2648 2540 2647
f 2663 2648 2647
f 2663 2647 2662
f 2680 2592 2681
f 2651 2544 2650
f 2666 2651 2650
f 2675 2593 2594
f 2675 2594 2582
f 2570 2546 2545
f 2570 2545 2667
f 2448 2332 2333
f 2440 2448 2333
f 2440 2333 2327
f 2309 2308 2417
f 2321 2309 2417
f 2321 2417 2432
f 2327 2233 2234
f 2327 2234 2228
f 2222 2211 2210
f 2222 2210 2321
f 2038 2037 1959
f 2034 2038 1959
f 2034 1959 1954
f 1941 2018 2019
f 1949 1941 2019
f 1949 2019 2029
f 1954 1881 1878
f 1874 1865 1941
f 1874 1941 1949
f 1816 1750 1751
f 1812 1816 1751
f 1812 1751 1747
f 1738 1737 1800
f 1738 1800 1801
f 1744 1738 1801
f 1744 1801 1808
f 1751 1750 1692
f 1751 1692 1693
f 1747 1751 1693
f 1747 1693 1689
f 1680 1679 1737
f 1680 1737 1738
f 1686 1680 1738
f 1686 1738 1744
f 2210 2308 2309
f 2321 2210 2309
f 2333 2332 2233
f 1320 1319 1400
f 1679 1615 1612
f 1679 1612 1674
f 1615 1551 1546
f 1615 1546 1612
f 1551 1479 1473
f 1551 1473 1546
f 1479 1402 1399
f 1479 1399 1473
f 1402 1324 1318
f 1402 1318 1399
f 1324 1234 1226
f 1324 1226 1318
f 1234 1129 1123
f 1234 1123 1226
f 1129 1019 1018
f 1129 1018 1011
f 1129 1011 1123
f 1018 886 875
f 1018 875 1011
f 886 885 874
f 886 874 875
f 884 750 872
f 884 872 873
f 750 749 744
f 750 744 872
f 749 748 743
f 749 743 744
f 748 747 742
f 748 742 743
f 747 879 868
f 747 868 742
f 879 878 867
f 879 867 868
f 878 877 866
f 878 866 867
f 877 1014 1000
f 877 1000 866
f 1013 1110 1000
f 1126 1125 1109
f 1126 1109 1110
f 1125 1228 1210
f 1125 1210 1109
f 1228 1302 1210
f 1320 1400 1387
f 1320 1387 1302
f 1400 1462 1387
f 1475 1547 1536
f 1475 1536 1462
f 1547 1613 1602
f 1547 1602 1536
f 1613 1675 1664
f 1613 1664 1602
f 1675 1735 1726
f 1675 1726 1664
f 1735 1796 1785
f 1735 1785 1726
f 1796 1863 1852
f 1796 1852 1785
f 1863 1937 1924
f 1863 1924 1852
f 1937 2016 2003
f 1937 2003 1924
f 2016 2106 2088
f 2016 2088 2003
f 2106 2205 2188
f 2106 2188 2088
f 2205 2304 2206
f 2205 2189 2188
f 2304 2305 2206
f 2206 2305 2290
f 2206 2290 2189
f 2305 2410 2398
f 2305 2398 2290
f 2410 2411 2398
f 2411 2538 2528
f 2411 2528 2398
f 2538 2539 2529
f 2538 2529 2528
f 2540 2541 2531
f 2540 2531 2530
f 2541 2649 2542
f 2541 2542 2532
f 2541 2532 2531
f 2542 2650 2533
f 2542 2533 2532
f 2650 2544 2543
f 2543 2544 2534
f 2543 2534 2533
f 2544 2545 2535
f 2544 2535 2534
f 2545 2546 2536
f 2545 2536 2535
f 2546 2415 2408
f 2546 2408 2536
f 2415 2416 2409
f 2415 2409 2408
f 2416 2308 2307
f 2416 2302 2409
f 2307 2308 2303
f 2307 2303 2302
f 2112 2113 2104
f 2112 2104 2103
f 2113 2015 2104
f 2018 1941 1935
f 2018 1935 2015
f 1941 1865 1862
f 1941 1862 1935
f 1800 1737 1734
f 1800 1734 1795
f 1737 1679 1674
f 1737 1674 1734
f 2308 2210 2204
f 2308 2204 2303
v 0.50500 -0.04700 -0.10500
v 0.50500 0.29300 -0.10500
v 0.51314 -0.04404 -0.03456
v 0.51450 0.29300 0.03450
v 0.51269 -0.04182 0.03245
v 0.50906 0.29743 0.06756
v 0.50939 0.29613 -0.08411
v 0.50500 0.29800 -0.08200
v 0.51450 -0.04700 0.03450
v 0.48374 0.31131 -0.03126
v 0.49881 -0.04199 -0.12666
v 0.46344 0.31167 0.14057
v 0.49230 -0.04436 0.14961
v 0.49535 0.29733 0.13808
v 0.45175 -0.04700 -0.24775
v 0.45800 0.29300 -0.23800
v 0.44964 0.31091 -0.18311
v 0.49400 0.29300 0.15000
v 0.47602 0.29664 0.19369
v 0.46833 -0.04200 0.21018
v 0.47680 0.29612 -0.19455
v 0.49746 -0.03808 -0.10448
v 0.50330 -0.03795 0.08711
v 0.51108 0.30000 0.02405
v 0.50497 -0.03577 -0.03196
v 0.45047 0.32164 -0.05548
v 0.45387 -0.02300 0.13457
v 0.45800 0.31700 0.09500
v 0.49400 -0.04700 0.15000
v 0.44683 -0.03777 0.24135
v 0.44323 -0.03775 -0.25411
v 0.45865 0.31636 -0.11642
v 0.43319 0.29728 0.27805
v 0.43932 0.31191 0.20300
v 0.44887 0.32334 0.00565
v 0.42059 -0.04251 0.29488
v 0.43100 0.29800 0.27500
v 0.42170 0.32314 0.15665
v 0.39918 -0.01790 -0.22086
v 0.42200 0.29300 -0.29800
v 0.44283 0.29693 -0.26361
v 0.40229 0.32723 0.13227
v 0.43036 -0.01275 0.00901
v 0.42150 -0.04700 0.29700
v 0.44650 0.29300 0.25750
v 0.35407 0.32326 -0.28010
v 0.41791 -0.01597 -0.15988
v 0.41129 0.32724 -0.08068
v 0.39400 -0.02200 0.25100
v 0.36107 0.32328 0.26578
v 0.36100 -0.04700 -0.37000
v 0.39300 0.29300 -0.33500
v 0.37949 0.32491 -0.03380
v 0.40085 -0.04106 -0.32121
v 0.37240 -0.01281 0.21956
v 0.32513 -0.01666 -0.20146
v 0.36809 0.32491 -0.09856
v 0.38946 -0.01349 0.00191
v 0.37888 0.32477 0.02958
v 0.37888 -0.03080 0.31676
v 0.37600 -0.04700 0.35300
v 0.37600 0.29300 0.35300
v 0.34577 0.29727 0.38032
v 0.38234 0.30545 0.32095
v 0.32333 -0.01366 -0.21778
v 0.34308 0.32480 -0.16406
v 0.39176 0.30997 -0.29276
v 0.36735 0.32476 0.09581
v 0.36100 0.29300 -0.37000
v 0.35800 0.29800 -0.36600
v 0.35978 -0.02065 -0.03770
v 0.35147 0.31730 -0.03678
v 0.32978 -0.01405 0.27654
v 0.34075 -0.04161 0.38434
v 0.30741 0.32482 -0.22449
v 0.36183 -0.01358 0.14181
v 0.32900 -0.01800 0.30900
v 0.27321 0.31456 -0.20634
v 0.27750 -0.04700 -0.43400
v 0.27750 0.29300 -0.43400
v 0.36096 0.29698 -0.36813
v 0.32882 -0.03302 -0.37484
v 0.30679 0.31181 0.37240
v 0.39215 0.32702 -0.18060
v 0.30650 -0.02900 0.07800
v 0.30650 0.31000 0.07800
v 0.26824 -0.01695 0.36177
v 0.26890 0.32354 0.35801
v 0.28691 -0.04500 0.42752
v 0.30626 0.29654 0.41246
v 0.32550 -0.04700 0.39900
v 0.32550 0.29300 0.39900
v 0.30600 0.31000 -0.07900
v 0.26132 0.32485 -0.27732
v 0.30823 -0.01347 0.23423
v 0.29700 0.32400 0.23000
v 0.31877 0.32726 0.24492
v 0.29500 -0.02200 -0.36300
v 0.30646 0.29970 -0.41093
v 0.32286 -0.04299 -0.40206
v 0.33347 0.32203 -0.30902
v 0.32792 -0.02075 0.15065
v 0.31889 0.31672 0.14576
v 0.26600 -0.02900 0.16950
v 0.26600 0.31000 0.16950
v 0.14807 -0.01202 0.39414
v 0.20152 0.32728 0.37031
v 0.31995 0.32494 -0.30042
v 0.15974 -0.01580 -0.34945
v 0.26620 0.29715 0.43858
v 0.30600 -0.02900 -0.07900
v 0.26700 0.31000 -0.17100
v 0.26756 0.30880 0.41079
v 0.22810 0.29726 -0.46079
v 0.21014 0.32489 -0.31785
v 0.33731 -0.01243 -0.27014
v 0.22369 -0.01976 0.40191
v 0.24300 0.31700 0.39900
v 0.21538 0.32199 0.39746
v 0.13600 -0.02900 0.27738
v 0.15250 0.31000 0.27700
v 0.20445 -0.04308 0.47176
v 0.24750 0.29300 0.45150
v 0.20882 0.31675 -0.42352
v 0.27465 -0.03818 0.42945
v 0.15136 -0.01355 -0.35879
v 0.23698 0.31901 0.26679
v 0.20600 -0.04700 -0.47400
v 0.16200 0.29300 -0.49100
v 0.17185 -0.04189 -0.48409
v 0.25305 -0.01351 0.29456
v 0.22789 0.32695 -0.36798
v 0.12716 0.31454 -0.31744
v 0.14724 0.32485 -0.35140
v 0.24750 -0.04700 0.45150
v 0.18400 0.29300 0.48200
v 0.16940 0.30058 0.47922
v 0.21100 0.31000 -0.23650
v 0.23791 0.32476 0.29751
v 0.12188 -0.02785 0.47106
v 0.10475 -0.04700 -0.50450
v 0.15011 0.29836 -0.49147
v 0.14575 -0.01920 0.43376
v 0.12336 0.32350 0.43014
v 0.20992 -0.02272 -0.42467
v 0.09552 -0.04156 0.50431
v 0.16754 0.32356 -0.41407
v 0.21800 -0.01271 -0.37184
v 0.14497 -0.02662 0.30853
v 0.07359 0.32473 -0.37309
v 0.07000 0.29300 -0.51200
v 0.11584 -0.04196 -0.50023
v 0.20959 -0.03874 -0.46687
v 0.15751 -0.01356 0.35401
v 0.06160 0.29745 0.50938
v 0.16953 0.29710 0.48737
v -0.04365 -0.01563 -0.38275
v 0.07304 0.31212 0.47654
v 0.05750 0.31000 0.31000
v -0.00011 0.31797 0.46989
v 0.06379 -0.01993 0.45595
v 0.01535 0.32727 0.41830
v 0.13235 0.32473 0.35588
v 0.04702 -0.04196 -0.51169
v 0.07799 0.29909 -0.50610
v 0.08716 0.32195 -0.44486
v 0.11946 0.32724 -0.40215
v 0.01078 0.32494 -0.38159
v -0.00924 -0.03619 0.50359
v -0.00263 -0.04143 0.51315
v 0.09400 -0.04700 0.50700
v 0.15138 -0.02900 -0.26888
v 0.09175 0.31000 -0.30125
v 0.06928 -0.01344 0.38124
v 0.03400 -0.01600 0.37300
v 0.05930 0.32462 0.37350
v 0.10190 0.31508 0.32839
v -0.02300 -0.04700 -0.51400
v 0.02400 0.29300 -0.51600
v -0.05656 -0.01344 -0.38598
v -0.05810 0.31533 -0.34026
v -0.05675 -0.02900 0.30800
v -0.05675 0.31000 0.30800
v -0.03276 -0.01283 0.42828
v -0.02010 0.32174 0.45211
v 0.01259 0.29723 0.51294
v 0.00000 -0.04700 0.51500
v 0.09400 0.29300 0.50700
v -0.05339 0.32495 -0.37803
v 0.02889 -0.02753 -0.48548
v 0.00181 0.31057 -0.48697
v -0.07000 0.29300 -0.51200
v -0.04633 -0.04250 -0.51203
v -0.03330 0.29809 -0.51359
v -0.05417 0.32406 0.37346
v -0.02850 0.31000 -0.31550
v -0.06959 0.29675 0.50908
v 0.05105 -0.01348 -0.43352
v -0.04418 -0.01353 0.38508
v -0.18428 -0.01324 0.39145
v -0.10075 0.32671 0.42143
v -0.10491 -0.01906 0.44468
v -0.08400 0.31700 0.45900
v -0.08438 -0.03959 0.50453
v -0.11427 0.30668 0.48128
v -0.12735 0.32475 -0.35801
v -0.07000 -0.04700 0.51000
v 0.01785 0.32699 -0.43206
v -0.05531 0.32244 -0.44821
v -0.10500 0.31700 -0.45600
v -0.18300 -0.04700 -0.48250
v -0.16100 0.29300 -0.49100
v -0.10857 -0.03971 -0.50002
v -0.10710 0.29909 -0.50134
v -0.19352 -0.01360 -0.33743
v -0.20338 -0.02900 0.23575
v -0.16625 0.31000 0.26650
v -0.16282 -0.04214 0.48643
v -0.13911 0.29678 0.49387
v -0.07000 0.29300 0.51000
v -0.09393 0.32748 0.39997
v -0.07687 -0.02900 -0.30225
v -0.12525 0.31000 -0.28900
v -0.18526 0.32480 -0.33220
v -0.08343 0.31512 0.33360
v -0.19847 0.32194 0.40701
v -0.07448 -0.01268 -0.42592
v -0.22965 -0.01174 0.33974
v -0.19148 0.31204 0.44246
v -0.23442 -0.02111 -0.27271
v -0.22592 0.31575 -0.26311
v -0.18258 0.29725 0.47922
v -0.16150 -0.04700 0.48900
v -0.14163 0.32366 -0.42478
v -0.17569 0.31224 -0.44942
v -0.24650 0.29300 -0.45150
v -0.24207 0.32485 -0.29391
v -0.25427 0.29846 0.44336
v -0.25588 0.29771 0.44517
v -0.18400 0.29300 0.48200
v -0.24050 0.31000 0.20500
v -0.10984 -0.01607 0.36600
v -0.17725 0.32492 0.33772
v -0.28111 -0.01308 -0.33299
v -0.22278 0.32691 -0.37110
v -0.25450 -0.01953 0.38233
v -0.26011 0.32695 0.34450
v -0.25401 -0.04169 -0.44688
v -0.19892 -0.04283 -0.47535
v -0.19964 0.29648 -0.47592
v -0.34735 -0.01635 -0.16772
v -0.28800 -0.04700 -0.42900
v -0.23403 -0.03816 0.45264
v -0.26197 0.31246 0.40327
v -0.21925 0.31000 -0.22450
v -0.33245 -0.01367 0.28361
v -0.26100 0.31700 -0.38800
v -0.22700 -0.04700 0.46300
v -0.25403 0.31219 -0.40988
v -0.29515 0.32485 -0.24059
v -0.37410 0.32726 0.20249
v -0.30713 -0.02900 0.02713
v -0.29975 0.31000 0.09075
v -0.21062 -0.02374 -0.42839
v -0.25172 0.29718 -0.44937
v -0.32276 -0.02126 -0.33657
v -0.25262 -0.02900 -0.17875
v -0.28600 0.31000 -0.13300
v -0.34957 0.32250 0.28600
v -0.24740 0.31649 0.24650
v -0.28444 -0.04174 0.42639
v -0.33229 0.29621 0.39282
v -0.28750 0.29300 0.42700
v -0.24665 0.32466 0.28938
v -0.31100 0.31700 0.34800
v -0.34112 0.31855 -0.11019
v -0.31450 0.31000 -0.03650
v -0.33442 0.32474 -0.17986
v -0.35376 -0.04066 0.37074
v -0.32419 0.29675 -0.39927
v -0.34250 -0.04700 -0.38550
v -0.32500 0.29300 -0.40100
v -0.31911 0.31172 -0.36372
v -0.27987 -0.01348 0.26986
v -0.39447 -0.03903 -0.32725
v -0.34403 0.30145 0.37170
v -0.30123 0.32723 -0.29124
v -0.34300 0.29300 0.38400
v -0.38126 0.32526 0.21163
v -0.31753 0.32490 0.20893
v -0.40230 0.31369 -0.26167
v -0.36690 -0.01343 -0.12689
v -0.36197 0.32481 -0.11721
v -0.36514 0.29664 -0.36257
v -0.33482 -0.04248 -0.39008
v -0.36000 0.29300 -0.37000
v -0.33597 0.31545 0.07834
v -0.28473 -0.01565 0.25754
v -0.41243 -0.01255 0.11413
v -0.35196 0.32490 0.14465
v -0.41001 0.29626 0.31184
v -0.37700 0.29300 0.35200
v -0.37580 0.32490 -0.06184
v -0.37868 -0.01081 -0.15309
v -0.38697 -0.02644 0.28477
v -0.38975 0.31216 0.28324
v -0.38033 -0.01585 0.05513
v -0.36911 0.32476 0.08691
v -0.37911 0.32477 0.01866
v -0.37855 -0.01357 0.08764
v -0.37543 -0.04435 -0.35339
v -0.39104 0.29692 -0.33386
v -0.39300 -0.04700 -0.33500
v -0.39300 0.29300 -0.33500
v -0.35285 0.32269 -0.28861
v -0.42897 -0.02067 0.17736
v -0.40400 0.29800 0.31300
v -0.38702 0.32726 -0.16109
v -0.42258 -0.04483 0.29425
v -0.37700 -0.04700 0.35200
v -0.41866 0.32723 -0.01345
v -0.42857 0.32416 0.12388
v -0.40784 0.29800 -0.31027
v -0.41900 0.29700 -0.29700
v -0.42000 0.29500 -0.29700
v -0.44700 -0.04700 -0.25900
v -0.42100 0.29300 -0.29800
v -0.42562 -0.01246 -0.03860
v -0.44177 -0.03967 0.25927
v -0.42085 0.31065 0.24611
v -0.43074 0.31541 0.19472
v -0.43396 0.32336 -0.11485
v -0.44300 0.29800 -0.25600
v -0.44400 0.29700 -0.25700
v -0.44600 0.29500 -0.25800
v -0.44700 0.29300 -0.25900
v -0.42323 -0.01994 -0.18965
v -0.43556 0.30906 -0.23356
v -0.45145 0.32184 0.04272
v -0.47997 -0.04152 0.18412
v -0.45561 0.29698 0.23628
v -0.44600 -0.04700 0.25750
v -0.42050 0.29300 0.29700
v -0.47317 0.31138 0.10321
v -0.44402 -0.03877 -0.25333
v -0.45092 0.29933 -0.23626
v -0.47545 -0.02354 0.00654
v -0.46227 -0.02421 -0.12204
v -0.44749 0.32194 -0.07297
v -0.46588 0.29704 -0.21580
v -0.46800 -0.04700 -0.21700
v -0.48600 0.29300 -0.17300
v -0.49322 0.29675 0.14824
v -0.47783 0.31027 -0.08920
v -0.51224 0.29835 0.02687
v -0.49582 -0.04230 -0.13699
v -0.50000 -0.04700 -0.12800
v -0.47800 -0.04700 0.19400
v -0.47800 0.29300 0.19400
v -0.49342 0.29755 -0.14403
v -0.50000 0.29300 -0.12800
v -0.50500 0.29300 0.10400
v -0.50211 -0.03891 0.09558
v -0.50900 -0.04700 -0.08200
v -0.51450 0.29300 -0.00075
v -0.51645 -0.04406 -0.01596
v -0.51105 0.29677 -0.05663
v -0.51500 -0.04700 -0.03600
v -0.51421 0.29613 0.01225
v -0.50950 -0.04700 0.06925
usemtl m028
f 2924 2864 2898
f 2924 2898 2980
f 2980 2898 2944
f 2980 2944 2989
f 3045 3022 3011
f 2989 2944 2933
f 2933 2944 2949
f 2933 2949 2912
f 2912 2949 2904
f 2912 2904 2839
f 2839 2904 2854
f 2839 2854 2791
f 2791 2854 2738
f 2738 2854 2793
f 2738 2793 2753
f 2753 2793 2767
f 2753 2767 2784
f 2784 2767 2786
f 2831 2802 2864
f 2831 2864 2924
f 2910 2938 2882
f 2798 2725 2729
f 2866 2884 2886
f 2866 2886 2851
f 2882 2866 2881
f 2866 2882 2884
f 2910 2881 2924
f 2884 2882 2935
f 2884 2935 2886
f 2910 2882 2881
f 2882 2928 2935
f 2882 2938 2928
f 2966 2924 2980
f 2928 2938 2961
f 2928 2961 2935
f 2910 2924 2966
f 2938 2987 2961
f 2938 2910 2966
f 2981 2998 2938
f 2938 2998 3011
f 2938 3011 2987
f 2981 2938 2966
f 2981 2966 2980
f 2992 2980 2989
f 2998 3045 3011
f 2981 2980 2992
f 2998 2981 3045
f 3010 3029 2981
f 2981 3029 3045
f 3010 2981 2992
f 3029 3010 3030
f 3010 2992 2989
f 2986 3019 3010
f 3010 3019 3030
f 2974 2989 2933
f 3010 2989 2974
f 2986 3010 2974
f 2986 2974 2933
f 2986 2926 3019
f 3019 3027 3030
f 2926 2948 3019
f 3019 2948 3027
f 2948 2967 3027
f 2926 2986 2933
f 2897 2933 2912
f 2948 2926 2946
f 2948 2946 2967
f 2926 2933 2897
f 2909 2946 2926
f 2909 2926 2897
f 2897 2912 2839
f 2862 2897 2839
f 2946 2909 2895
f 2909 2897 2862
f 2909 2872 2895
f 2909 2880 2872
f 2880 2909 2862
f 2880 2862 2839
f 2808 2839 2791
f 2830 2827 2880
f 2880 2827 2835
f 2880 2835 2872
f 2830 2880 2839
f 2830 2839 2808
f 2830 2798 2780
f 2830 2780 2764
f 2830 2764 2827
f 2798 2830 2808
f 2798 2808 2791
f 2780 2798 2764
f 2747 2791 2738
f 2798 2791 2747
f 2798 2729 2721
f 2798 2721 2713
f 2798 2713 2764
f 2721 2729 2704
f 2721 2704 2713
f 2798 2747 2738
f 2729 2725 2707
f 2729 2707 2704
f 2725 2798 2738
f 2740 2738 2753
f 2725 2738 2740
f 2725 2705 2707
f 2725 2709 2705
f 2758 2740 2753
f 2758 2753 2784
f 2725 2737 2709
f 2725 2740 2758
f 2737 2725 2758
f 2737 2712 2709
f 2737 2731 2712
f 2777 2758 2784
f 2731 2737 2742
f 2731 2742 2712
f 2737 2758 2777
f 2737 2813 2788
f 2755 2759 2737
f 2737 2759 2742
f 2769 2799 2807
f 2836 2813 2831
f 2788 2813 2836
f 2769 2788 2825
f 2769 2825 2799
f 2799 2825 2822
f 2799 2822 2807
f 2856 2836 2831
f 2788 2843 2825
f 2825 2843 2822
f 2866 2788 2836
f 2866 2836 2856
f 2857 2856 2831
f 2788 2866 2843
f 2843 2866 2851
f 2843 2851 2822
f 2866 2856 2881
f 2881 2856 2857
f 2881 2857 2831
f 2881 2831 2924
f 2755 2737 2788
f 2756 2742 2807
f 2831 2784 2786
f 2831 2786 2802
f 2755 2788 2769
f 2737 2777 2813
f 2813 2777 2784
f 2813 2784 2831
f 2759 2755 2769
f 2742 2759 2769
f 2742 2769 2807
f 2889 2869 2852
f 2889 2852 2886
f 2915 2889 2886
f 2915 2886 2900
f 2940 2915 2900
f 2940 2900 2935
f 2940 2935 2953
f 3002 2940 2953
f 3002 2953 2961
f 3002 2961 3001
f 3024 3002 3001
f 3024 3001 3022
f 3040 3024 3022
f 3052 3040 3022
f 3052 3022 3045
f 3052 3045 3048
f 3050 3052 3048
f 3046 3050 3048
f 3046 3048 3038
f 3039 3046 3038
f 3033 3039 3038
f 3033 3038 3027
f 3008 3033 3027
f 3008 3027 2967
f 2995 3008 2967
f 2995 2967 2993
f 2963 2995 2993
f 2963 2993 2977
f 2934 2963 2977
f 2934 2977 2930
f 2934 2930 2931
f 2893 2934 2931
f 2893 2931 2895
f 2860 2893 2895
f 2860 2895 2875
f 2860 2875 2846
f 2823 2860 2846
f 2823 2846 2834
f 2823 2834 2812
f 2810 2823 2812
f 2810 2812 2835
f 2761 2810 2835
f 2761 2835 2782
f 2733 2761 2782
f 2733 2782 2736
f 2697 2733 2736
f 2697 2736 2713
f 2697 2713 2693
f 2683 2697 2693
f 2683 2693 2685
f 2691 2683 2685
f 2691 2685 2687
f 2691 2687 2705
f 2711 2691 2705
f 2711 2705 2695
f 2711 2695 2702
f 2726 2711 2702
f 2726 2702 2718
f 2773 2743 2756
f 2773 2756 2771
f 2817 2773 2771
f 2817 2771 2804
f 2853 2817 2804
f 2853 2804 2828
f 2853 2828 2852
f 2869 2853 2852
f 2743 2726 2718
f 2743 2718 2756
f 2886 2852 2851
f 2900 2886 2935
f 2953 2935 2961
f 3001 2961 3011
f 3011 2961 2987
f 3022 3001 3011
f 3048 3045 3029
f 3048 3029 3030
f 3038 3048 3030
f 3027 3038 3030
f 2993 2967 2977
f 2930 2977 2967
f 2930 2967 2946
f 2931 2930 2946
f 2931 2946 2895
f 2875 2895 2872
f 2846 2875 2872
f 2834 2846 2872
f 2834 2872 2835
f 2812 2834 2835
f 2782 2835 2827
f 2782 2827 2764
f 2736 2782 2764
f 2736 2764 2713
f 2693 2713 2704
f 2685 2693 2704
f 2685 2704 2707
f 2687 2685 2707
f 2705 2687 2707
f 2702 2695 2705
f 2702 2705 2709
f 2702 2709 2712
f 2718 2702 2712
f 2718 2712 2742
f 2771 2756 2807
f 2804 2771 2807
f 2804 2807 2822
f 2828 2804 2822
f 2828 2822 2851
f 2852 2828 2851
f 2756 2718 2742
f 2911 2914 2887
f 2907 2865 2899
f 2907 2899 2952
f 2952 2899 2923
f 2988 3012 2968
f 2952 2923 2945
f 2952 2945 2979
f 2979 2945 2959
f 2979 2959 2958
f 3036 3049 3037
f 2958 2959 2950
f 2958 2950 2937
f 2958 2937 2913
f 2965 2976 3020
f 2913 2937 2905
f 2913 2905 2863
f 2863 2905 2878
f 2863 2878 2855
f 2863 2855 2815
f 2806 2781 2824
f 2815 2855 2820
f 2815 2820 2760
f 2760 2820 2794
f 2760 2794 2775
f 2760 2775 2754
f 2754 2775 2768
f 2754 2768 2785
f 2785 2768 2787
f 2809 2803 2859
f 2859 2803 2841
f 2842 2868 2840
f 2859 2841 2865
f 2859 2865 2907
f 2903 2929 2883
f 2943 2971 2929
f 2943 3004 2971
f 2943 3003 3004
f 3003 3014 3004
f 3003 3000 3014
f 3000 2997 3014
f 3000 2969 2997
f 2969 2927 2997
f 2927 2890 2916
f 2849 2829 2890
f 2849 2814 2829
f 2814 2766 2790
f 2730 2717 2766
f 2730 2724 2717
f 2724 2720 2717
f 2724 2732 2720
f 2724 2779 2732
f 2789 2826 2770
f 2789 2844 2826
f 2844 2883 2826
f 2867 2883 2885
f 2867 2885 2887
f 2867 2887 2842
f 2883 2844 2903
f 2885 2883 2887
f 2883 2908 2911
f 2883 2911 2887
f 2925 2877 2907
f 2929 2903 2877
f 2929 2877 2925
f 2883 2929 2908
f 2908 2936 2911
f 2956 2925 2907
f 2956 2907 2952
f 2908 2929 2936
f 2929 2951 2957
f 2929 2957 2968
f 2929 2968 2936
f 2929 2925 2956
f 2957 2951 2968
f 2943 2929 2956
f 2929 2971 2951
f 2951 2988 2968
f 2972 2956 2952
f 2943 2956 2972
f 2971 3004 2951
f 2951 3004 3013
f 2951 3013 3012
f 2951 3012 2988
f 2982 2972 2952
f 2982 2952 2979
f 2943 2972 2982
f 3013 3004 3026
f 3013 3026 3012
f 2990 2982 2979
f 3004 3021 3026
f 2943 2982 2990
f 2991 2990 2979
f 3021 3037 3026
f 3003 2943 2990
f 3003 2990 2991
f 3004 3014 3031
f 3004 3031 3021
f 3021 3031 3037
f 2985 2991 2979
f 2985 2979 2958
f 3031 3036 3037
f 3003 2991 2985
f 2975 2985 2958
f 3031 3014 3020
f 3031 3020 3036
f 3000 3003 2985
f 3000 2985 2975
f 3014 2997 2973
f 3014 2973 3020
f 2960 2975 2958
f 3000 2975 2960
f 2942 2960 2958
f 2942 2958 2913
f 2969 3000 2960
f 2969 2960 2942
f 2997 2965 2973
f 2973 2965 3020
f 2919 2942 2913
f 2969 2942 2919
f 2997 2927 2939
f 2997 2939 2941
f 2997 2941 2965
f 2906 2919 2913
f 2939 2927 2941
f 2927 2969 2919
f 2927 2919 2906
f 2927 2916 2917
f 2927 2917 2941
f 2888 2906 2913
f 2888 2913 2863
f 2927 2906 2888
f 2916 2891 2892
f 2916 2892 2896
f 2916 2896 2917
f 2871 2888 2863
f 2892 2891 2896
f 2890 2927 2888
f 2890 2888 2871
f 2916 2890 2891
f 2891 2873 2896
f 2850 2871 2863
f 2891 2890 2873
f 2890 2871 2850
f 2890 2848 2847
f 2890 2847 2873
f 2832 2850 2863
f 2832 2863 2815
f 2849 2890 2850
f 2849 2850 2832
f 2890 2829 2806
f 2890 2806 2848
f 2848 2806 2824
f 2848 2824 2847
f 2816 2832 2815
f 2849 2832 2816
f 2829 2814 2806
f 2797 2816 2815
f 2814 2849 2816
f 2814 2816 2797
f 2814 2790 2783
f 2814 2783 2781
f 2814 2781 2806
f 2776 2797 2815
f 2776 2815 2760
f 2783 2728 2781
f 2814 2797 2776
f 2728 2749 2781
f 2757 2776 2760
f 2766 2814 2776
f 2766 2776 2757
f 2790 2766 2783
f 2783 2766 2728
f 2748 2757 2760
f 2728 2766 2699
f 2728 2699 2749
f 2766 2757 2748
f 2766 2714 2699
f 2739 2748 2760
f 2739 2760 2754
f 2730 2766 2748
f 2730 2748 2739
f 2766 2717 2708
f 2766 2708 2714
f 2735 2739 2754
f 2708 2692 2714
f 2730 2739 2735
f 2708 2717 2706
f 2708 2706 2692
f 2741 2735 2754
f 2724 2730 2735
f 2724 2735 2741
f 2717 2720 2710
f 2717 2710 2706
f 2750 2741 2754
f 2750 2754 2785
f 2710 2720 2694
f 2710 2694 2706
f 2724 2741 2750
f 2720 2716 2694
f 2779 2750 2785
f 2724 2750 2779
f 2720 2732 2716
f 2732 2746 2716
f 2778 2779 2785
f 2779 2821 2789
f 2770 2801 2800
f 2770 2800 2795
f 2770 2795 2765
f 2821 2809 2859
f 2800 2801 2795
f 2845 2821 2859
f 2770 2826 2801
f 2801 2826 2819
f 2801 2819 2795
f 2789 2821 2845
f 2826 2842 2840
f 2826 2840 2819
f 2844 2789 2845
f 2858 2845 2859
f 2844 2845 2858
f 2826 2883 2867
f 2826 2867 2842
f 2844 2858 2903
f 2903 2858 2877
f 2877 2858 2859
f 2877 2859 2907
f 2746 2765 2795
f 2809 2785 2787
f 2809 2787 2803
f 2732 2779 2789
f 2732 2789 2770
f 2779 2778 2821
f 2821 2778 2785
f 2821 2785 2809
f 2746 2732 2770
f 2746 2770 2765
f 2902 2870 2868
f 2902 2868 2879
f 2902 2879 2901
f 2922 2902 2901
f 2922 2901 2914
f 2922 2914 2921
f 2955 2922 2921
f 2955 2921 2954
f 2970 2955 2954
f 2984 2970 2954
f 2984 2954 2983
f 3025 2984 2983
f 3025 2983 3023
f 3041 3025 3023
f 3041 3023 3035
f 3044 3041 3035
f 3047 3044 3035
f 3047 3035 3037
f 3047 3037 3051
f 3047 3051 3049
f 3043 3047 3049
f 3043 3049 3042
f 3034 3043 3042
f 3034 3042 3032
f 3018 3034 3032
f 3018 3032 3017
f 3009 3018 3017
f 3009 3017 3007
f 2996 3009 3007
f 2996 3007 2994
f 2978 2996 2994
f 2978 2994 2976
f 2964 2978 2976
f 2964 2976 2962
f 2918 2964 2962
f 2918 2962 2947
f 2918 2947 2932
f 2894 2918 2932
f 2894 2932 2896
f 2874 2894 2896
f 2874 2896 2876
f 2861 2874 2876
f 2833 2861 2876
f 2833 2876 2847
f 2833 2847 2824
f 2811 2833 2824
f 2811 2824 2796
f 2762 2811 2796
f 2762 2796 2781
f 2762 2781 2763
f 2751 2762 2763
f 2734 2751 2763
f 2722 2734 2763
f 2722 2763 2723
f 2698 2722 2723
f 2698 2723 2703
f 2684 2698 2703
f 2684 2703 2689
f 2686 2684 2689
f 2686 2689 2706
f 2686 2706 2688
f 2700 2686 2688
f 2700 2688 2696
f 2700 2696 2701
f 2727 2700 2701
f 2727 2701 2715
f 2774 2744 2745
f 2774 2745 2772
f 2805 2774 2772
f 2805 2772 2792
f 2805 2792 2838
f 2818 2805 2838
f 2870 2818 2838
f 2870 2838 2837
f 2870 2837 2868
f 2744 2727 2715
f 2744 2715 2745
f 2879 2868 2842
f 2879 2842 2887
f 2901 2879 2887
f 2914 2901 2887
f 2921 2914 2920
f 2920 2914 2911
f 2920 2911 2936
f 2921 2920 2968
f 2968 2920 2936
f 2954 2921 2968
f 2983 2954 2968
f 2983 2968 2999
f 2999 2968 3012
f 2983 2999 3012
f 3023 2983 3012
f 3035 3023 3012
f 3026 3035 3012
f 3037 3035 3026
f 3049 3051 3037
f 3042 3049 3036
f 3042 3036 3020
f 3032 3042 3028
f 3028 3042 3020
f 3017 3032 3016
f 3016 3032 3028
f 3016 3028 3015
f 3007 3017 3016
f 3007 3016 3006
f 3006 3016 3015
f 3006 3015 3005
f 3005 3015 3028
f 3005 3028 3020
f 2994 3007 3006
f 2994 3006 3005
f 3005 3020 2976
f 2976 2994 3005
f 2962 2976 2965
f 2947 2962 2965
f 2947 2965 2941
f 2947 2941 2917
f 2932 2947 2896
f 2896 2947 2917
f 2876 2896 2873
f 2847 2876 2873
f 2781 2796 2824
f 2752 2763 2781
f 2752 2781 2749
f 2763 2752 2749
f 2723 2763 2749
f 2723 2749 2699
f 2703 2723 2699
f 2689 2703 2699
f 2689 2699 2714
f 2689 2714 2690
f 2690 2714 2692
f 2689 2690 2692
f 2689 2692 2706
f 2688 2706 2694
f 2696 2688 2694
f 2696 2694 2716
f 2715 2701 2696
f 2715 2696 2716
f 2719 2715 2716
f 2719 2716 2746
f 2715 2719 2746
f 2745 2746 2795
f 2792 2772 2745
f 2792 2745 2795
f 2838 2792 2795
f 2838 2795 2819
f 2837 2838 2819
f 2837 2819 2840
f 2868 2837 2840
f 2745 2715 2746
