# fh16_cab.obj - ISO 8855 (x ileri, y sol, z yukari), metre
mtllib fh16.mtl
o fh16_cab
v -0.87771 -1.26080 1.15171
v -0.88600 -1.25630 1.18200
v -0.88300 -1.22780 1.28000
v -0.83000 -1.20580 1.52300
v -0.90400 -1.16080 1.06800
v -0.89600 -1.16080 1.12550
v -0.88500 -1.16080 1.20300
v -0.87200 -1.16080 1.29667
v -0.85320 -1.16490 1.40290
v -0.83750 -1.16537 1.48164
v -0.83509 -1.16080 1.56900
v -0.83983 -1.15140 1.66555
v -0.83925 -1.06430 1.67900
v -0.83763 -0.97080 1.67900
v -0.83675 -0.88980 1.67900
v -0.83650 -0.80280 1.67900
v -0.83617 -0.71247 1.67900
v -0.83600 -0.62930 1.67900
v -0.83600 -0.54380 1.67900
v -0.83600 -0.43980 1.67900
v -0.83600 -0.30680 1.67900
v -0.83600 -0.15580 1.67900
v -0.87771 -0.02751 1.15171
v -0.88600 -0.02680 1.18200
v -0.88300 -0.01680 1.28000
v -0.87600 -0.00880 1.37400
v -0.84367 -0.01113 1.48333
v -0.83600 0.00520 1.67900
v -0.83600 0.16620 1.67900
v -0.83600 0.31820 1.67900
v -0.83600 0.45020 1.67900
v -0.83600 0.55420 1.67900
v -0.83600 0.64020 1.67900
v -0.83617 0.72320 1.67900
v -0.83650 0.83820 1.67900
v -0.83692 0.93003 1.67900
v -0.83783 0.99153 1.67900
v -0.83950 1.09153 1.67900
v -0.90400 1.17120 1.06800
v -0.88178 1.19742 1.14589
v -0.88550 1.18695 1.19250
v -0.87475 1.17695 1.29250
v -0.85320 1.17250 1.40290
v -0.83700 1.17200 1.48440
v -0.83509 1.17120 1.56900
v -0.83981 1.16598 1.66406
v -0.80900 -1.21530 1.56850
v -0.80650 -1.16080 1.13800
v -0.79700 -1.16080 1.21000
v -0.78800 -1.16080 1.29833
v -0.78075 -1.16080 1.39575
v -0.78671 -1.16080 1.47600
v -0.77988 -1.16593 1.57613
v -0.78700 -1.15225 1.66259
v -0.78425 -1.06430 1.67900
v -0.77963 -0.97080 1.67900
v -0.77750 -0.88980 1.67900
v -0.77600 -0.80280 1.67900
v -0.77533 -0.71247 1.67900
v -0.77500 -0.62930 1.67900
v -0.77500 -0.54380 1.67900
v -0.77500 -0.43980 1.67900
v -0.77450 -0.30680 1.67900
v -0.77450 -0.15580 1.67900
v -0.80100 -0.00213 1.58167
v -0.77725 0.00570 1.65175
v -0.77450 0.16620 1.67900
v -0.77450 0.31820 1.67900
v -0.77500 0.45020 1.67900
v -0.77500 0.55420 1.67900
v -0.77500 0.64020 1.67900
v -0.77533 0.72320 1.67900
v -0.77650 0.83820 1.67900
v -0.77783 0.92987 1.67900
v -0.78017 0.99153 1.67900
v -0.78517 1.09153 1.67900
v -0.80650 1.17120 1.13800
v -0.79700 1.17120 1.21000
v -0.78800 1.17120 1.29833
v -0.78075 1.17120 1.39575
v -0.78671 1.17120 1.47600
v -0.78570 1.18160 1.57460
v -0.78700 1.16665 1.66095
v -0.69900 -1.26080 1.10600
v -0.71167 -1.16080 1.20300
v -0.70467 -1.16080 1.30133
v -0.70300 -1.16080 1.39133
v -0.70383 -1.16080 1.47150
v -0.67850 -1.16080 1.57088
v -0.69571 -1.15185 1.66586
v -0.69375 -1.06430 1.67900
v -0.68688 -0.97080 1.67900
v -0.68350 -0.88980 1.67900
v -0.68200 -0.80280 1.67900
v -0.68083 -0.71247 1.67900
v -0.67950 -0.62930 1.67900
v -0.67950 -0.54380 1.67900
v -0.67950 -0.43980 1.67900
v -0.67950 -0.30680 1.67900
v -0.67950 -0.15580 1.67900
v -0.69900 -0.01780 1.10600
v -0.67950 0.00520 1.67900
v -0.67950 0.16620 1.67900
v -0.67950 0.31820 1.67900
v -0.67950 0.45020 1.67900
v -0.67950 0.55420 1.67900
v -0.67950 0.64020 1.67900
v -0.68083 0.72320 1.67900
v -0.68250 0.83820 1.67900
v -0.68417 0.92953 1.67900
v -0.68750 0.99153 1.67900
v -0.69500 1.09153 1.67900
v -0.69900 1.22520 1.10600
v -0.71167 1.17120 1.20300
v -0.70467 1.17120 1.30133
v -0.70300 1.17120 1.39133
v -0.70383 1.17120 1.47150
v -0.67850 1.17120 1.57088
v -0.69553 1.16625 1.66447
v -0.62500 -1.16080 1.23000
v -0.62300 -1.16080 1.30500
v -0.59620 -1.16080 1.39700
v -0.59850 -1.16080 1.47683
v -0.58320 -1.16080 1.56440
v -0.58843 -1.15185 1.66767
v -0.58300 -1.06430 1.67900
v -0.59180 -0.97840 1.67900
v -0.59867 -0.88980 1.67900
v -0.59700 -0.80280 1.67900
v -0.59500 -0.71247 1.67900
v -0.59400 -0.62930 1.67900
v -0.59400 -0.54380 1.67900
v -0.59400 -0.43980 1.67900
v -0.59400 -0.30680 1.67900
v -0.59400 -0.15580 1.67900
v -0.59400 0.00520 1.67900
v -0.59400 0.16620 1.67900
v -0.59400 0.31820 1.67900
v -0.59400 0.45020 1.67900
v -0.59400 0.55420 1.67900
v -0.59400 0.64020 1.67900
v -0.59500 0.72320 1.67900
v -0.59750 0.83820 1.67900
v -0.59933 0.92953 1.67900
v -0.58975 0.99845 1.67900
v -0.58467 1.09153 1.67900
v -0.62500 1.17120 1.23000
v -0.62300 1.17120 1.30500
v -0.59620 1.17120 1.39700
v -0.59850 1.17120 1.47683
v -0.58320 1.17120 1.56440
v -0.58847 1.16625 1.66647
v -0.52200 -1.26080 1.06600
v -0.54300 -1.16080 1.25200
v -0.50733 -1.16080 1.30750
v -0.49575 -1.16080 1.37950
v -0.49757 -1.16080 1.48400
v -0.50363 -1.16080 1.58075
v -0.50625 -1.15297 1.66367
v -0.49900 -1.06430 1.67900
v -0.51243 -0.96537 1.67900
v -0.51200 -0.88980 1.67900
v -0.51000 -0.80280 1.67900
v -0.50800 -0.71247 1.67900
v -0.50650 -0.62930 1.67900
v -0.50650 -0.54380 1.67900
v -0.50600 -0.43980 1.67900
v -0.50600 -0.30680 1.67900
v -0.50600 -0.15580 1.67900
v -0.52200 -0.00680 1.06600
v -0.50600 0.00520 1.67900
v -0.50600 0.16620 1.67900
v -0.50600 0.31820 1.67900
v -0.50600 0.45020 1.67900
v -0.50650 0.55420 1.67900
v -0.50650 0.64020 1.67900
v -0.50800 0.72320 1.67900
v -0.51050 0.83820 1.67900
v -0.51300 0.92953 1.67900
v -0.51180 0.98600 1.67900
v -0.50100 1.09153 1.67900
v -0.54300 1.17120 1.25200
v -0.50733 1.17120 1.30750
v -0.49575 1.17120 1.37950
v -0.49757 1.17120 1.48400
v -0.50363 1.17120 1.58075
v -0.50636 1.16693 1.66227
v -0.52200 1.24720 1.06600
v -0.40100 -1.16080 1.31350
v -0.41125 -1.16080 1.38800
v -0.41500 -1.16080 1.49367
v -0.41544 -1.16080 1.55433
v -0.41974 -1.15263 1.66530
v -0.41450 -1.06430 1.67900
v -0.40263 -0.97068 1.67900
v -0.41150 -0.89780 1.67900
v -0.42300 -0.80280 1.67900
v -0.42067 -0.71247 1.67900
v -0.41900 -0.62930 1.67900
v -0.41900 -0.54380 1.67900
v -0.41900 -0.43980 1.67900
v -0.41900 -0.30680 1.67900
v -0.41900 -0.15580 1.67900
v -0.41900 0.00520 1.67900
v -0.41900 0.16620 1.67900
v -0.41900 0.31820 1.67900
v -0.41900 0.45020 1.67900
v -0.41900 0.55420 1.67900
v -0.41900 0.64020 1.67900
v -0.42067 0.72320 1.67900
v -0.42350 0.83820 1.67900
v -0.40400 0.93440 1.67900
v -0.40383 0.99137 1.67900
v -0.41667 1.09153 1.67900
v -0.40100 1.17120 1.31350
v -0.41125 1.17120 1.38800
v -0.41500 1.17120 1.49367
v -0.41544 1.17120 1.55433
v -0.41962 1.16672 1.66400
v -0.33650 -1.16080 1.32700
v -0.31517 -1.16080 1.39017
v -0.32733 -1.16080 1.47489
v -0.32367 -1.16080 1.56978
v -0.31655 -1.15225 1.66577
v -0.31367 -1.07047 1.67900
v -0.31675 -0.97055 1.67900
v -0.33280 -0.88340 1.67900
v -0.33600 -0.80280 1.67900
v -0.33300 -0.71247 1.67900
v -0.33175 -0.62930 1.67900
v -0.33150 -0.54380 1.67900
v -0.33150 -0.43980 1.67900
v -0.33100 -0.30680 1.67900
v -0.33100 -0.15580 1.67900
v -0.33100 0.00520 1.67900
v -0.33100 0.16620 1.67900
v -0.33100 0.31820 1.67900
v -0.33150 0.45020 1.67900
v -0.33150 0.55420 1.67900
v -0.33175 0.64020 1.67900
v -0.33300 0.72320 1.67900
v -0.33675 0.83820 1.67900
v -0.32550 0.92345 1.67900
v -0.31800 0.99120 1.67900
v -0.31280 1.09860 1.67900
v -0.33650 1.17120 1.32700
v -0.31517 1.17120 1.39017
v -0.32733 1.17120 1.47489
v -0.32367 1.17120 1.56978
v -0.31705 1.16650 1.66445
v -0.24100 -1.16080 1.32450
v -0.23180 -1.16080 1.37700
v -0.23050 -1.16080 1.49380
v -0.23680 -1.16080 1.56090
v -0.22757 -1.15263 1.66404
v -0.22360 -1.06060 1.67900
v -0.23850 -0.97055 1.67900
v -0.23117 -0.88980 1.67900
v -0.22800 -0.80280 1.67900
v -0.22467 -0.71247 1.67900
v -0.22275 -0.62930 1.67900
v -0.22250 -0.54380 1.67900
v -0.22250 -0.43980 1.67900
v -0.20871 -0.42239 2.58730
v -0.21298 -0.42997 2.64507
v -0.21236 -0.43747 2.69882
v -0.22250 -0.30680 1.67900
v -0.22250 -0.15580 1.67900
v -0.22250 0.00520 1.67900
v -0.22250 0.16620 1.67900
v -0.22250 0.31820 1.67900
v -0.22250 0.45020 1.67900
v -0.20703 0.49062 2.58732
v -0.20720 0.49376 2.62066
v -0.22250 0.55420 1.67900
v -0.21080 0.51277 2.58775
v -0.21534 0.51412 2.65627
v -0.21266 0.51532 2.69877
v -0.22275 0.64020 1.67900
v -0.22467 0.72320 1.67900
v -0.22875 0.83820 1.67900
v -0.23267 0.92953 1.67900
v -0.24000 0.99120 1.67900
v -0.22257 1.08649 1.67900
v -0.24100 1.17120 1.32450
v -0.23180 1.17120 1.37700
v -0.23050 1.17120 1.49380
v -0.23680 1.17120 1.56090
v -0.22829 1.16672 1.66262
v -0.12550 -1.16080 1.32500
v -0.13713 -1.16080 1.38413
v -0.13767 -1.16080 1.48625
v -0.12281 -1.15871 1.58328
v -0.13372 -1.15060 1.65412
v -0.12633 -1.12636 2.52930
v -0.10100 -1.07880 1.61225
v -0.12310 -1.07024 1.64455
v -0.13959 -0.97280 1.67900
v -0.13392 -0.88980 1.67900
v -0.13000 -0.80280 1.67900
v -0.13656 -0.71247 1.67900
v -0.13450 -0.62930 1.67900
v -0.13433 -0.54380 1.67900
v -0.13433 -0.43980 1.67900
v -0.18144 -0.43150 2.58362
v -0.18317 -0.43501 2.65215
v -0.18700 -0.43680 2.69450
v -0.13433 -0.30680 1.67900
v -0.13433 -0.15580 1.67900
v -0.13433 0.00520 1.67900
v -0.13433 0.16620 1.67900
v -0.13433 0.31820 1.67900
v -0.13433 0.45020 1.67900
v -0.18196 0.50466 2.58346
v -0.17800 0.50520 2.60500
v -0.13433 0.55420 1.67900
v -0.18110 0.51295 2.58372
v -0.18323 0.51329 2.65247
v -0.18700 0.51520 2.69450
v -0.13450 0.64020 1.67900
v -0.13656 0.72320 1.67900
v -0.13113 0.83820 1.67900
v -0.13550 0.92953 1.67900
v -0.14038 0.99335 1.67900
v -0.10100 1.09820 1.61240
v -0.12386 1.08688 1.64579
v -0.12668 1.12939 2.52939
v -0.12550 1.17120 1.32500
v -0.13713 1.17120 1.38413
v -0.13767 1.17120 1.48625
v -0.12352 1.17030 1.58232
v -0.13424 1.16481 1.65404
v -0.03140 -1.16080 1.32820
v -0.02858 -1.15451 1.41171
v -0.04182 -1.15261 1.48299
v -0.06638 -1.14992 1.57351
v -0.06062 -1.14980 1.66737
v -0.01227 -1.12768 2.52985
v -0.01327 -1.07925 1.42873
v -0.02662 -1.07137 1.46936
v -0.06396 -1.07300 1.57422
v -0.05530 -1.06728 1.64930
v -0.00900 -1.11280 2.52967
v -0.05645 -0.96707 1.67900
v -0.07218 -0.88728 1.68466
v -0.06588 -0.87700 1.75073
v -0.06511 -0.87669 1.79567
v -0.05888 -0.80618 1.69100
v -0.06643 -0.80837 1.74780
v -0.06933 -0.81047 1.79567
v -0.06630 -0.71640 1.67900
v -0.06855 -0.63544 1.68773
v -0.06643 -0.64280 1.74780
v -0.06933 -0.64280 1.79567
v -0.07000 -0.54380 1.67900
v -0.06994 -0.42119 1.69132
v -0.06435 -0.42705 1.74856
v -0.06617 -0.42580 1.79567
v -0.08267 -0.37804 1.67886
v -0.08478 -0.38991 1.76733
v -0.07000 -0.15580 1.67900
v -0.07000 0.00520 1.67900
v -0.07000 0.16620 1.67900
v -0.07000 0.31820 1.67900
v -0.07785 0.48473 1.68393
v -0.06658 0.49667 1.75104
v -0.06475 0.49870 1.79588
v -0.06583 0.54528 1.69417
v -0.06509 0.54285 1.74857
v -0.06900 0.55145 1.79525
v -0.07050 0.64020 1.67900
v -0.06627 0.72913 1.68540
v -0.06643 0.73320 1.74780
v -0.06933 0.73320 1.79567
v -0.04767 0.83820 1.67900
v -0.05767 0.92080 1.68693
v -0.06573 0.90471 1.74840
v -0.06933 0.90087 1.79567
v -0.07396 0.97966 1.68442
v -0.06610 0.96825 1.75064
v -0.06511 0.96742 1.79567
v -0.01331 1.09635 1.42869
v -0.02692 1.08737 1.46989
v -0.06426 1.08895 1.57436
v -0.05611 1.08446 1.65180
v -0.01248 1.12755 2.52984
v -0.03140 1.17120 1.32820
v -0.02962 1.16723 1.41055
v -0.04296 1.16594 1.48379
v -0.06634 1.16387 1.57327
v -0.06050 1.16444 1.66722
v -0.00900 1.14060 2.52980
v 0.02950 -1.16080 1.32017
v 0.02357 -1.15159 1.40469
v 0.03273 -1.15433 1.49696
v 0.03461 -1.14997 1.57414
v 0.04182 -1.14991 1.66484
v -0.00200 -1.13113 2.52989
v 0.02561 -1.07426 1.41757
v 0.02484 -1.06708 1.47200
v 0.03455 -1.07316 1.56835
v 0.03868 -1.06700 1.65324
v -0.00200 -1.11280 2.52967
v 0.03912 -0.97055 1.67900
v 0.03191 -0.88416 1.68773
v 0.01116 -0.87774 1.74780
v 0.00933 -0.88047 1.79567
v 0.05400 -0.80230 1.67900
v 0.03557 -0.71180 1.67900
v 0.01550 -0.62930 1.67900
v 0.01600 -0.54380 1.67900
v 0.01271 -0.41751 1.69271
v 0.01116 -0.40837 1.74780
v 0.00933 -0.40547 1.79567
v 0.01600 -0.30680 1.67900
v 0.01600 -0.15580 1.67900
v 0.01600 0.00520 1.67900
v 0.01600 0.16620 1.67900
v 0.01600 0.31820 1.67900
v 0.01271 0.48506 1.69271
v 0.01116 0.49877 1.74780
v 0.00933 0.49587 1.79567
v 0.01600 0.55420 1.67900
v 0.01550 0.64020 1.67900
v 0.03557 0.72249 1.67900
v 0.05250 0.83820 1.67900
v 0.04700 0.92953 1.67900
v 0.02545 0.98065 1.68773
v 0.01116 0.96826 1.74780
v 0.00933 0.97087 1.79567
v 0.02572 1.09082 1.41725
v 0.02460 1.08246 1.47317
v 0.03423 1.09065 1.56891
v 0.03910 1.08623 1.65533
v -0.00200 1.12134 2.52986
v 0.02950 1.17120 1.32017
v 0.02326 1.16523 1.40361
v 0.03350 1.16713 1.49776
v 0.03490 1.16399 1.57437
v 0.04190 1.16441 1.66472
v -0.00200 1.14060 2.52980
v 0.13648 -1.35685 1.74313
v 0.11980 -1.16080 1.30820
v 0.11532 -1.15304 1.38812
v 0.13532 -1.15169 1.49179
v 0.14186 -1.15050 1.58465
v 0.13845 -1.15035 1.66721
v 0.16800 -1.12980 1.79100
v 0.15902 -1.12985 1.81361
v 0.15907 -1.13220 2.40630
v 0.10154 -1.12857 2.50500
v 0.09918 -1.13183 2.52753
v 0.11861 -1.06963 1.40700
v 0.12361 -1.07510 1.48318
v 0.12384 -1.06969 1.57461
v 0.11863 -1.07654 1.68461
v 0.11930 -1.08101 1.73423
v 0.16571 -1.11033 1.81629
v 0.16469 -1.11230 2.40787
v 0.13650 -1.11380 2.46950
v 0.09843 -1.11276 2.52539
v 0.13412 -0.97055 1.67900
v 0.13960 -0.89720 1.67900
v 0.12500 -0.80180 1.67900
v 0.11800 -0.70380 1.67900
v 0.10775 -0.62930 1.67900
v 0.10800 -0.54380 1.67900
v 0.10850 -0.43980 1.67900
v 0.10850 -0.30680 1.67900
v 0.10850 -0.15580 1.67900
v 0.10850 0.00520 1.67900
v 0.10850 0.16620 1.67900
v 0.10850 0.31820 1.67900
v 0.10850 0.45020 1.67900
v 0.10800 0.55420 1.67900
v 0.10775 0.64020 1.67900
v 0.11800 0.71470 1.67900
v 0.12350 0.83820 1.67900
v 0.14300 0.92953 1.67900
v 0.13183 0.99120 1.67900
v 0.11845 1.08550 1.40625
v 0.12421 1.09191 1.48421
v 0.12502 1.08525 1.57564
v 0.11904 1.08229 1.68415
v 0.11980 1.08448 1.73481
v 0.15990 1.12115 1.81498
v 0.15984 1.12045 2.40653
v 0.10310 1.12450 2.50300
v 0.09921 1.12056 2.52743
v 0.11980 1.17120 1.30820
v 0.11517 1.16624 1.38713
v 0.13606 1.16526 1.49188
v 0.14255 1.16444 1.58455
v 0.13854 1.16443 1.66765
v 0.16344 1.14020 1.81311
v 0.16179 1.14120 2.40704
v 0.11240 1.13920 2.49480
v 0.09867 1.14084 2.52631
v 0.13650 1.28128 1.74321
v 0.20900 -1.16080 1.30100
v 0.20389 -1.15059 1.37532
v 0.22453 -1.14990 1.47650
v 0.22246 -1.14957 1.57573
v 0.20926 -1.15047 1.66430
v 0.17450 -1.12130 1.79150
v 0.18096 -1.12757 1.81196
v 0.18100 -1.13020 2.40788
v 0.17667 -1.12647 2.42717
v 0.21089 -1.06875 1.39079
v 0.21996 -1.07434 1.47954
v 0.21791 -1.06849 1.57328
v 0.22125 -1.06755 1.65375
v 0.17656 -1.11158 1.81178
v 0.17629 -1.11380 2.40857
v 0.24430 -1.04194 3.20145
v 0.22400 -0.97780 1.67900
v 0.25929 -1.01780 3.20143
v 0.20144 -0.87880 1.68967
v 0.19600 -0.87774 1.74780
v 0.19600 -0.88047 1.79567
v 0.20000 -0.80180 1.67900
v 0.20467 -0.71247 1.67900
v 0.20750 -0.62930 1.67900
v 0.20800 -0.54380 1.67900
v 0.19957 -0.41751 1.69271
v 0.19600 -0.40837 1.74780
v 0.19600 -0.40547 1.79567
v 0.20850 -0.30680 1.67900
v 0.20850 -0.15580 1.67900
v 0.20850 0.00520 1.67900
v 0.20850 0.16620 1.67900
v 0.20850 0.31820 1.67900
v 0.19957 0.48506 1.69271
v 0.19600 0.49877 1.74780
v 0.19600 0.49587 1.79567
v 0.20800 0.55420 1.67900
v 0.20750 0.64020 1.67900
v 0.20467 0.72320 1.67900
v 0.19875 0.83820 1.67900
v 0.21800 0.92953 1.67900
v 0.21080 0.98200 1.68860
v 0.19600 0.96826 1.74780
v 0.19600 0.97087 1.79567
v 0.25055 1.03272 3.20145
v 0.21043 1.08449 1.38981
v 0.22169 1.09095 1.47941
v 0.21817 1.08363 1.57340
v 0.21900 1.08455 1.65596
v 0.17450 1.12370 1.79150
v 0.18012 1.12189 1.81077
v 0.18063 1.12220 2.40800
v 0.17700 1.12570 2.42725
v 0.24257 1.04890 3.20145
v 0.20900 1.17120 1.30100
v 0.20365 1.16449 1.37471
v 0.22312 1.16466 1.47619
v 0.22265 1.16359 1.57587
v 0.20992 1.16516 1.66350
v 0.17900 1.13909 1.81522
v 0.17900 1.13989 2.40808
v 0.17600 1.13720 2.42700
v 0.33400 -1.16080 1.24000
v 0.30358 -1.16072 1.30833
v 0.29920 -1.14793 1.35327
v 0.29438 -1.15429 1.47010
v 0.29974 -1.15029 1.56929
v 0.29212 -1.14983 1.66306
v 0.30618 -1.06698 1.37527
v 0.30733 -1.07018 1.47814
v 0.30524 -1.07290 1.56748
v 0.29962 -1.06886 1.65306
v 0.29897 -1.03996 3.20148
v 0.30286 -0.96937 1.67900
v 0.31006 -1.01039 3.20044
v 0.29683 -0.88980 1.67900
v 0.30250 -0.80180 1.67900
v 0.30733 -0.71247 1.67900
v 0.31025 -0.62930 1.67900
v 0.31100 -0.54380 1.67900
v 0.31100 -0.43980 1.67900
v 0.31100 -0.30680 1.67900
v 0.31100 -0.15580 1.67900
v 0.31100 0.00520 1.67900
v 0.31100 0.16620 1.67900
v 0.31100 0.31820 1.67900
v 0.31100 0.45020 1.67900
v 0.31100 0.55420 1.67900
v 0.31025 0.64020 1.67900
v 0.30733 0.72320 1.67900
v 0.30100 0.83820 1.67900
v 0.29450 0.92937 1.67900
v 0.30700 0.99200 1.67900
v 0.30951 1.01715 3.20065
v 0.30625 1.08228 1.37342
v 0.30748 1.08529 1.47683
v 0.30536 1.08953 1.56752
v 0.29815 1.08940 1.65560
v 0.28862 1.04918 3.20147
v 0.33400 1.17120 1.24000
v 0.30358 1.17112 1.30833
v 0.29800 1.16251 1.35331
v 0.29359 1.16655 1.47049
v 0.29890 1.16436 1.56948
v 0.29210 1.16457 1.66270
v 0.41080 -1.16080 1.22640
v 0.40417 -1.15237 1.30739
v 0.38735 -1.15110 1.41885
v 0.39185 -1.15318 1.46088
v 0.39231 -1.15099 1.55503
v 0.38561 -1.15030 1.66211
v 0.41179 -1.07416 1.31986
v 0.38511 -1.06885 1.40011
v 0.39425 -1.06861 1.48219
v 0.39519 -1.07212 1.55977
v 0.38495 -1.07115 1.65185
v 0.42230 -1.03353 3.20147
v 0.39043 -0.96551 1.67900
v 0.40237 -1.00932 3.20021
v 0.38936 -0.88453 1.68773
v 0.38096 -0.87774 1.74780
v 0.38267 -0.88047 1.79567
v 0.41267 -0.78847 1.67900
v 0.40580 -0.70540 1.67900
v 0.41150 -0.62905 1.67900
v 0.41250 -0.54330 1.67900
v 0.39000 -0.41751 1.69271
v 0.38096 -0.40837 1.74780
v 0.38267 -0.40547 1.79567
v 0.41350 -0.30680 1.67900
v 0.41350 -0.15580 1.67900
v 0.41350 0.00520 1.67900
v 0.41350 0.16620 1.67900
v 0.41350 0.31820 1.67900
v 0.39000 0.48506 1.69271
v 0.38096 0.49877 1.74780
v 0.38267 0.49587 1.79567
v 0.41250 0.55420 1.67900
v 0.41150 0.63970 1.67900
v 0.41033 0.72437 1.67900
v 0.39333 0.83187 1.67900
v 0.39829 0.92063 1.67900
v 0.38530 0.97720 1.68860
v 0.38096 0.96826 1.74780
v 0.38267 0.97087 1.79567
v 0.40617 1.01633 3.20051
v 0.41175 1.09070 1.31938
v 0.38467 1.08458 1.40167
v 0.39367 1.08509 1.48083
v 0.39629 1.08840 1.55883
v 0.38521 1.08970 1.65396
v 0.41080 1.17120 1.22640
v 0.40348 1.16577 1.30657
v 0.38811 1.16487 1.41911
v 0.39208 1.16637 1.46013
v 0.39075 1.16523 1.55547
v 0.38550 1.16470 1.66181
v 0.50611 -1.16080 1.21389
v 0.48410 -1.15110 1.27630
v 0.49492 -1.15226 1.39843
v 0.48500 -1.14580 1.47929
v 0.48373 -1.15103 1.53817
v 0.47939 -1.15077 1.66053
v 0.49273 -1.06680 1.29100
v 0.48595 -1.07356 1.38476
v 0.48296 -1.06784 1.48604
v 0.48822 -1.06830 1.55922
v 0.48519 -1.07250 1.65185
v 0.47114 -1.04286 3.20146
v 0.48956 -0.96636 1.67900
v 0.45280 -1.01209 3.20105
v 0.47134 -0.88795 1.68502
v 0.45824 -0.87700 1.75073
v 0.45756 -0.87669 1.79567
v 0.47544 -0.80447 1.68967
v 0.45894 -0.80837 1.74780
v 0.46167 -0.81047 1.79567
v 0.50533 -0.68613 1.67900
v 0.47822 -0.63569 1.68967
v 0.45894 -0.64280 1.74780
v 0.46167 -0.64280 1.79567
v 0.50850 -0.54280 1.67900
v 0.46314 -0.41990 1.69217
v 0.45675 -0.42705 1.74856
v 0.45858 -0.42580 1.79567
v 0.47763 -0.38554 1.67884
v 0.47700 -0.38991 1.76733
v 0.48900 -0.15580 1.67900
v 0.48900 0.00520 1.67900
v 0.48900 0.16620 1.67900
v 0.48900 0.31820 1.67900
v 0.47118 0.48654 1.68418
v 0.45885 0.49667 1.75104
v 0.45712 0.49870 1.79588
v 0.46627 0.54429 1.69555
v 0.45767 0.54285 1.74857
v 0.46150 0.55145 1.79525
v 0.50820 0.64600 1.67900
v 0.46843 0.72520 1.69271
v 0.45894 0.73320 1.74780
v 0.46167 0.73320 1.79567
v 0.49650 0.81045 1.67900
v 0.47693 0.91560 1.68693
v 0.45818 0.90471 1.74840
v 0.46167 0.90087 1.79567
v 0.47170 0.97974 1.68465
v 0.45846 0.96825 1.75064
v 0.45756 0.96742 1.79567
v 0.46201 1.02838 3.20126
v 0.49250 1.08212 1.29008
v 0.48667 1.09016 1.38604
v 0.48410 1.08359 1.48661
v 0.48880 1.08415 1.55775
v 0.48384 1.08955 1.65323
v 0.47108 1.04867 3.20146
v 0.50611 1.17120 1.21389
v 0.48344 1.16487 1.27589
v 0.49521 1.16561 1.39874
v 0.48293 1.16191 1.47657
v 0.48300 1.16381 1.53771
v 0.47994 1.16479 1.66029
v 0.56700 -1.16080 1.12340
v 0.56700 -1.15002 1.22494
v 0.58667 -1.14986 1.32678
v 0.58893 -1.15009 1.38050
v 0.58251 -1.14803 1.50303
v 0.56450 -1.14180 1.52533
v 0.58531 -1.15006 1.65577
v 0.57215 -1.07542 1.23385
v 0.57485 -1.06820 1.30915
v 0.57700 -1.06519 1.40267
v 0.58980 -1.06660 1.48634
v 0.57709 -1.05719 1.55826
v 0.58865 -1.07311 1.64625
v 0.57856 -0.97547 1.67900
v 0.56814 -0.89280 1.67900
v 0.56925 -0.80655 1.67900
v 0.57260 -0.70800 1.67900
v 0.57920 -0.63160 1.67900
v 0.59350 -0.55080 1.67900
v 0.57833 -0.44247 1.67900
v 0.55950 -0.30730 1.67900
v 0.56050 -0.15580 1.67900
v 0.56050 0.00520 1.67900
v 0.56050 0.16620 1.67900
v 0.55950 0.31820 1.67900
v 0.57833 0.45353 1.67900
v 0.59350 0.56120 1.67900
v 0.58050 0.64887 1.67900
v 0.57600 0.73720 1.67900
v 0.57000 0.83720 1.67900
v 0.56400 0.92095 1.67900
v 0.58071 0.99634 1.67900
v 0.57133 1.09220 1.23387
v 0.57509 1.08375 1.31073
v 0.57815 1.08095 1.40175
v 0.58987 1.08125 1.48734
v 0.57646 1.07032 1.55692
v 0.58831 1.09214 1.64839
v 0.56700 1.17120 1.12340
v 0.56712 1.16408 1.22381
v 0.58781 1.16395 1.32681
v 0.58896 1.16312 1.37950
v 0.58183 1.16098 1.50336
v 0.56500 1.15700 1.52520
v 0.58515 1.16410 1.65548
v 0.70400 -1.16080 0.96500
v 0.67700 -1.16080 1.03940
v 0.67082 -1.15509 1.12206
v 0.67595 -1.14640 1.21745
v 0.67992 -1.15009 1.30159
v 0.65612 -1.14567 1.35688
v 0.66719 -1.14417 1.48360
v 0.66582 -1.14972 1.65505
v 0.68678 -1.06980 1.14100
v 0.67804 -1.07022 1.21862
v 0.68043 -1.07120 1.30860
v 0.66627 -1.05212 1.38095
v 0.66943 -1.06790 1.48411
v 0.66667 -1.04873 1.56544
v 0.66406 -1.07199 1.64999
v 0.67909 -1.08123 2.18464
v 0.67324 -0.96644 1.67900
v 0.67922 -0.89458 1.67900
v 0.67891 -0.80662 1.67900
v 0.67692 -0.70155 1.67900
v 0.68875 -0.62447 1.67900
v 0.69050 -0.54655 1.67900
v 0.68260 -0.44360 1.67900
v 0.67267 -0.30813 1.67900
v 0.67300 -0.15580 1.67900
v 0.67300 0.00520 1.67900
v 0.67300 0.16620 1.67900
v 0.67267 0.31937 1.67900
v 0.68260 0.45460 1.67900
v 0.68240 0.56400 1.67900
v 0.68900 0.65214 1.67900
v 0.67037 0.73932 1.67900
v 0.68062 0.82920 1.67900
v 0.67821 0.92309 1.67900
v 0.67133 0.99276 1.67900
v 0.68650 1.08570 1.14040
v 0.67841 1.08623 1.21893
v 0.67989 1.08594 1.30734
v 0.66627 1.06267 1.38095
v 0.66831 1.08306 1.48433
v 0.66667 1.05939 1.56544
v 0.66458 1.09088 1.65083
v 0.67926 1.08404 2.18477
v 0.70400 1.17120 0.96500
v 0.67700 1.17120 1.03940
v 0.67000 1.16764 1.12125
v 0.67494 1.16132 1.21671
v 0.68031 1.16239 1.30215
v 0.65612 1.15620 1.35688
v 0.66815 1.15763 1.48332
v 0.66577 1.16373 1.65477
v 0.79050 -1.16080 0.87600
v 0.77800 -1.16080 0.94850
v 0.77334 -1.15126 1.02749
v 0.71929 -1.14694 1.09557
v 0.75849 -1.15113 1.23533
v 0.75695 -1.14286 1.30211
v 0.74169 -1.14345 1.47878
v 0.74682 -1.14795 1.65356
v 0.78003 -1.07565 1.03795
v 0.75041 -1.06025 1.10541
v 0.75747 -1.07111 1.21660
v 0.75031 -1.06726 1.32129
v 0.74147 -1.03938 1.38832
v 0.74261 -1.07248 1.48182
v 0.75100 -1.04643 1.56650
v 0.75229 -1.06999 1.64919
v 0.76558 -1.06888 2.19296
v 0.74467 -0.95863 1.67900
v 0.74833 -0.89104 1.67900
v 0.75367 -0.80063 1.67900
v 0.74486 -0.69873 1.67900
v 0.75037 -0.62780 1.67900
v 0.74586 -0.54709 1.67900
v 0.74662 -0.44318 1.67900
v 0.74687 -0.30793 1.67900
v 0.80030 -0.26545 1.83145
v 0.74725 -0.15580 1.67900
v 0.74725 0.00520 1.67900
v 0.74725 0.16620 1.67900
v 0.79143 0.21599 2.00441
v 0.74687 0.31907 1.67900
v 0.78978 0.25296 2.00515
v 0.74662 0.45420 1.67900
v 0.74550 0.56195 1.67900
v 0.75075 0.65145 1.67900
v 0.74000 0.73384 1.67900
v 0.75269 0.82705 1.67900
v 0.74876 0.92028 1.67900
v 0.79600 1.04520 1.39300
v 0.74492 0.98720 1.67900
v 0.77996 1.09242 1.03744
v 0.74913 1.07372 1.10500
v 0.75763 1.08720 1.21812
v 0.75068 1.08464 1.32074
v 0.73844 1.05020 1.38806
v 0.74439 1.08681 1.48128
v 0.75100 1.05733 1.56650
v 0.75243 1.08903 1.64911
v 0.76924 1.06932 2.19294
v 0.79050 1.17120 0.87600
v 0.77800 1.17120 0.94850
v 0.77267 1.16498 1.02676
v 0.71900 1.16170 1.09550
v 0.75844 1.16481 1.23582
v 0.75730 1.15552 1.30073
v 0.74008 1.15537 1.47906
v 0.74612 1.16252 1.65341
v 0.88700 -1.16080 0.80300
v 0.84512 -1.16074 0.83794
v 0.84483 -1.15997 0.93822
v 0.83505 -1.14856 1.01394
v 0.83092 -1.14590 1.23121
v 0.84087 -1.13611 1.29619
v 0.84654 -1.13909 1.47471
v 0.84282 -1.14920 1.65288
v 0.83418 -1.07278 1.02498
v 0.83439 -1.05030 1.12100
v 0.83252 -1.06880 1.21726
v 0.84667 -1.05999 1.31876
v 0.84643 -1.03166 1.38729
v 0.84821 -1.06298 1.47656
v 0.85225 -1.04355 1.56113
v 0.85122 -1.06980 1.64422
v 0.84992 -1.06586 2.19353
v 0.84212 -0.96430 1.67900
v 0.84213 -0.88680 1.67900
v 0.85500 -0.79480 1.67900
v 0.83800 -0.70180 1.67900
v 0.84100 -0.62747 1.67900
v 0.84467 -0.54780 1.67900
v 0.84292 -0.40905 1.69567
v 0.83957 -0.40388 1.76588
v 0.83591 -0.41262 1.83388
v 0.83462 -0.34693 1.69744
v 0.82338 -0.34523 1.76908
v 0.82088 -0.35448 1.84512
v 0.82628 -0.27363 1.69848
v 0.81680 -0.27309 1.76600
v 0.81889 -0.27930 1.83861
v 0.83240 -0.16080 1.69475
v 0.82042 -0.15943 1.76115
v 0.81617 -0.15838 1.82725
v 0.83216 -0.07817 1.69716
v 0.82426 -0.07857 1.76208
v 0.82022 -0.07876 1.82900
v 0.84660 -0.00430 1.69130
v 0.83394 -0.00698 1.77018
v 0.82877 0.01751 1.84323
v 0.85967 0.11163 1.69729
v 0.85546 0.11726 1.76941
v 0.85457 0.12747 1.84360
v 0.86633 0.15637 1.68900
v 0.88000 0.14706 1.75257
v 0.87800 0.14720 1.83200
v 0.83971 0.20953 2.00770
v 0.85267 0.31887 1.67900
v 0.83890 0.26353 2.00885
v 0.85067 0.45353 1.67900
v 0.84467 0.55853 1.67900
v 0.83850 0.64870 1.67900
v 0.84900 0.73720 1.67900
v 0.84650 0.83795 1.67900
v 0.83900 0.92387 1.67900
v 0.85186 1.04191 1.32929
v 0.84643 1.04220 1.38729
v 0.84460 0.99060 1.67900
v 0.83429 1.08943 1.02409
v 0.83439 1.06114 1.12100
v 0.83243 1.08534 1.21831
v 0.84453 1.09709 1.31305
v 0.84918 1.07946 1.47645
v 0.85225 1.05407 1.56113
v 0.85009 1.08943 1.64682
v 0.84890 1.06802 2.19339
v 0.88700 1.17120 0.80300
v 0.84512 1.17120 0.83794
v 0.84483 1.17068 0.93822
v 0.83505 1.16270 1.01345
v 0.83083 1.15954 1.23174
v 0.83996 1.14953 1.29330
v 0.84535 1.15198 1.47462
v 0.84258 1.16314 1.65225
v 0.92733 -1.15330 0.79650
v 0.94140 -1.14780 0.85500
v 0.92771 -1.14723 0.93586
v 0.93414 -1.13385 1.01095
v 0.93609 -1.12898 1.22791
v 0.94004 -1.12664 1.29444
v 0.97700 -1.12330 1.40333
v 0.94644 -1.13404 1.47407
v 0.94996 -1.14134 1.57043
v 0.93334 -1.14889 1.65157
v 0.93756 -1.06112 1.02052
v 0.93529 -1.03037 1.11357
v 0.94080 -1.06072 1.21824
v 0.94970 -1.06073 1.31484
v 0.95139 -1.04961 1.39094
v 0.93035 -1.06271 1.47481
v 0.93070 -1.05956 1.56514
v 0.92222 -1.07183 1.64356
v 0.94539 -1.07487 2.19496
v 0.97800 -1.02130 1.19800
v 0.94862 -1.02242 1.33238
v 0.94920 -1.02280 1.35880
v 0.94115 -0.96626 1.67900
v 0.95482 -0.89507 1.67900
v 0.95057 -0.80751 1.67900
v 0.94150 -0.70093 1.67900
v 0.94733 -0.62297 1.67900
v 0.95200 -0.55080 1.67900
v 0.95100 -0.44480 1.67900
v 0.95075 -0.30830 1.67900
v 0.95050 -0.15580 1.67900
v 0.96320 -0.03480 2.22440
v 0.95050 0.00520 1.67900
v 0.96850 -0.01947 2.23144
v 0.97728 -0.01565 2.25133
v 0.90600 0.13220 1.69600
v 0.90100 0.13170 1.77800
v 0.89700 0.13120 1.84400
v 0.93700 0.16053 1.68550
v 0.90600 0.14907 1.76425
v 0.90175 0.14870 1.83200
v 0.95075 0.31945 1.67900
v 0.95100 0.45570 1.67900
v 0.94067 0.57120 1.67900
v 0.94937 0.65645 1.67900
v 0.93817 0.73787 1.67900
v 0.95114 0.82963 1.67900
v 0.95700 0.92170 1.67900
v 0.96225 1.04120 1.03425
v 0.94233 1.03920 1.11883
v 0.95600 1.03857 1.20537
v 0.94685 1.03715 1.32405
v 0.93991 1.03752 1.38673
v 0.92300 1.04380 1.43840
v 0.93444 0.98931 1.67900
v 0.93504 1.08782 1.01723
v 0.89300 1.05120 1.08200
v 0.94167 1.09579 1.22181
v 0.95366 1.09665 1.31059
v 0.96622 1.08833 1.38930
v 0.93239 1.08294 1.47640
v 0.93151 1.07346 1.56415
v 0.92409 1.09013 1.64463
v 0.94606 1.07796 2.19553
v 0.92733 1.16420 0.79650
v 0.94140 1.15860 0.85500
v 0.92771 1.15791 0.93586
v 0.93100 1.14876 1.00988
v 0.92836 1.14441 1.23100
v 0.92146 1.14174 1.28662
v 0.97850 1.14070 1.41300
v 0.94724 1.14737 1.47461
v 0.95023 1.15339 1.57231
v 0.93330 1.16295 1.65174
v 1.04125 -1.12455 0.77025
v 1.04312 -1.12455 0.85513
v 1.04033 -1.12391 0.95156
v 1.03669 -1.12014 1.01679
v 1.04633 -1.11713 1.12608
v 1.01593 -1.11943 1.22270
v 1.00775 -1.12027 1.29861
v 1.01000 -1.12585 1.38295
v 1.00655 -1.13735 1.47945
v 1.02333 -1.14747 1.57583
v 1.02500 -1.15007 1.66523
v 1.02438 -1.14781 2.27988
v 1.03067 -1.07232 1.02205
v 1.03482 -1.07659 1.11675
v 1.01474 -1.07743 1.20803
v 1.03020 -1.10753 1.30567
v 0.98400 -1.11180 1.35500
v 1.01850 -1.06930 1.67900
v 1.04340 -1.09538 2.28434
v 1.02993 -1.01801 1.03729
v 1.02205 -1.01532 1.11586
v 1.01092 -1.01747 1.19342
v 1.02387 -0.97230 1.67900
v 1.03633 -0.89263 1.67900
v 1.03900 -0.78530 1.67900
v 1.03625 -0.69405 1.67900
v 0.99975 -0.62680 1.67900
v 1.02421 -0.62177 2.23906
v 1.03835 -0.62149 2.26960
v 1.02167 -0.54280 1.67900
v 1.02070 -0.53329 2.23496
v 1.03509 -0.55528 2.26467
v 1.03700 -0.43980 1.67900
v 1.03250 -0.30680 1.67900
v 1.02950 -0.15580 1.67900
v 1.02800 0.00520 1.67900
v 0.98945 0.03338 2.23274
v 0.99232 0.01048 2.26326
v 1.00792 0.07850 2.23137
v 1.01705 0.07475 2.25977
v 1.02950 0.16620 1.67900
v 1.03250 0.31820 1.67900
v 1.03700 0.45020 1.67900
v 1.02167 0.55353 1.67900
v 0.99975 0.63745 1.67900
v 1.04240 0.71680 1.67900
v 1.02967 0.80620 1.67900
v 1.03525 0.91482 1.67900
v 1.02870 1.03170 1.03225
v 1.02346 1.02733 1.11575
v 1.01031 1.03064 1.19687
v 1.02117 0.99370 1.67900
v 1.05900 1.13120 0.76650
v 1.06325 1.13120 0.85250
v 1.06080 1.13060 0.95340
v 1.03582 1.10628 1.02134
v 1.03868 1.10439 1.11992
v 1.01716 1.10958 1.21408
v 1.01435 1.12708 1.30069
v 1.02010 1.13120 1.36800
v 1.01667 1.09553 1.67900
v 1.04049 1.10419 2.28420
v 1.02350 1.13920 0.77400
v 1.02300 1.13920 0.85775
v 1.01475 1.13920 0.94925
v 1.00300 1.13920 0.99700
v 0.98567 1.13620 1.23267
v 1.00023 1.13951 1.39231
v 1.00655 1.14811 1.47945
v 1.02333 1.15803 1.57583
v 1.02600 1.16366 1.66408
v 1.02304 1.15607 2.27894
v 1.07650 -1.11580 0.76500
v 1.08100 -1.11580 0.85275
v 1.07900 -1.11630 0.93650
v 1.07600 -1.11580 1.00000
v 1.09720 -1.11760 1.42440
v 1.11317 -1.12830 1.49075
v 1.12864 -1.14253 1.57209
v 1.12629 -1.14797 1.66129
v 1.13090 -1.13006 1.81231
v 1.08295 -1.15150 2.27378
v 1.14133 -1.12917 2.46959
v 1.11550 -1.09555 0.76500
v 1.11894 -1.09555 0.85256
v 1.11725 -1.09555 0.94013
v 1.11012 -1.09555 1.02675
v 1.09847 -1.09460 1.13373
v 1.09125 -1.09230 1.21758
v 1.08976 -1.09618 1.29619
v 1.10283 -1.10930 1.38867
v 1.10975 -1.06430 1.67900
v 1.13129 -1.10784 1.81232
v 1.12701 -1.09050 2.27878
v 1.14142 -1.10874 2.46948
v 1.12250 -0.97763 1.67900
v 1.12033 -0.88980 1.67900
v 1.13100 -0.80280 1.67900
v 1.13867 -0.71280 1.67900
v 1.10600 -0.62905 1.67900
v 1.13100 -0.54380 1.67900
v 1.12300 -0.43980 1.67900
v 1.11400 -0.30680 1.67900
v 1.10700 -0.15580 1.67900
v 1.13250 0.00520 1.67900
v 1.10700 0.16620 1.67900
v 1.11400 0.31820 1.67900
v 1.12300 0.45020 1.67900
v 1.13100 0.55420 1.67900
v 1.10600 0.63970 1.67900
v 1.13867 0.72387 1.67900
v 1.12800 0.83870 1.67900
v 1.11633 0.92920 1.67900
v 1.12440 0.99600 1.67900
v 1.10770 1.11040 0.76500
v 1.11135 1.11040 0.85260
v 1.10960 1.11040 0.93940
v 1.10812 1.10755 1.02518
v 1.09847 1.10553 1.13373
v 1.09125 1.10303 1.21758
v 1.08976 1.10706 1.29619
v 1.10027 1.12356 1.40491
v 1.12050 1.13370 1.46825
v 1.11243 1.09663 1.67900
v 1.13123 1.11830 1.81240
v 1.12533 1.09559 2.28034
v 1.14125 1.11878 2.46961
v 1.10950 1.14183 1.50200
v 1.12864 1.15311 1.57209
v 1.12776 1.16330 1.65876
v 1.13172 1.13987 1.81250
v 1.08111 1.15748 2.27119
v 1.14170 1.13790 2.46935
v 1.16700 -1.14480 1.59200
v 1.18665 -1.14677 1.66839
v 1.17259 -1.12886 2.48400
v 1.21300 -1.06636 1.67900
v 1.17830 -1.09610 2.26794
v 1.17267 -1.10897 2.48433
v 1.21520 -0.97240 1.67900
v 1.20733 -0.88947 1.67900
v 1.22400 -0.80180 1.67900
v 1.20767 -0.71247 1.67900
v 1.20750 -0.62930 1.67900
v 1.19700 -0.54380 1.67900
v 1.21500 -0.43980 1.67900
v 1.20250 -0.30680 1.67900
v 1.19300 -0.15580 1.67900
v 1.21700 0.00520 1.67900
v 1.19300 0.16620 1.67900
v 1.20250 0.31820 1.67900
v 1.21500 0.45020 1.67900
v 1.19700 0.55420 1.67900
v 1.20750 0.63970 1.67900
v 1.20767 0.72320 1.67900
v 1.21925 0.83795 1.67900
v 1.20133 0.92920 1.67900
v 1.21987 0.99132 1.67900
v 1.21015 1.09166 1.67900
v 1.17831 1.09911 2.26842
v 1.17255 1.11911 2.48391
v 1.16700 1.15520 1.59200
v 1.18411 1.16194 1.66681
v 1.17286 1.13777 2.48486
v 1.25600 -1.04580 1.67900
v 1.28208 -0.96438 1.67900
v 1.30000 -0.88947 1.67900
v 1.31400 -0.80180 1.67900
v 1.30367 -0.71247 1.67900
v 1.30617 -0.62930 1.67900
v 1.29633 -0.54380 1.67900
v 1.30700 -0.43980 1.67900
v 1.29700 -0.30680 1.67900
v 1.28900 -0.15580 1.67900
v 1.28543 -0.07002 2.32945
v 1.28912 -0.05504 2.36824
v 1.30638 -0.05486 2.46175
v 1.28550 0.00520 1.67900
v 1.28386 0.00020 2.32946
v 1.29212 -0.01264 2.36908
v 1.30949 -0.01405 2.46076
v 1.28900 0.16620 1.67900
v 1.29700 0.31820 1.67900
v 1.30700 0.45020 1.67900
v 1.29633 0.55420 1.67900
v 1.30617 0.63970 1.67900
v 1.30367 0.72298 1.67900
v 1.31143 0.84134 1.67900
v 1.29217 0.92920 1.67900
v 1.28012 0.98733 1.67900
v 1.25600 1.05620 1.67900
v 1.34700 -0.80180 1.67900
v 1.36133 -0.71247 1.67900
v 1.37100 -0.62930 1.67900
v 1.36900 -0.54380 1.67900
v 1.36650 -0.43980 1.67900
v 1.36400 -0.30680 1.67900
v 1.36200 -0.15580 1.67900
v 1.36150 0.00520 1.67900
v 1.36200 0.16620 1.67900
v 1.36400 0.31820 1.67900
v 1.36650 0.45020 1.67900
v 1.36900 0.55420 1.67900
v 1.37100 0.63970 1.67900
v 1.36133 0.72287 1.67900
v 1.34700 0.81220 1.67900
usemtl m008
f 1146 1181 1185
f 1146 1185 1152
f 66 102 103
f 66 103 67
f 67 103 104
f 67 104 68
f 102 136 137
f 102 137 103
f 103 137 138
f 103 138 104
f 140 106 105
f 140 105 139
f 139 105 104
f 139 104 138
f 106 70 69
f 106 69 105
f 105 69 68
f 105 68 104
f 70 106 107
f 70 107 71
f 106 140 141
f 106 141 107
f 142 108 107
f 142 107 141
f 108 72 71
f 108 71 107
f 146 181 187
f 146 187 152
f 181 214 219
f 181 219 187
f 471 530 531
f 471 531 472
f 472 531 532
f 472 532 473
f 530 583 584
f 530 584 531
f 531 584 585
f 531 585 532
f 587 536 533
f 587 533 586
f 586 533 532
f 586 532 585
f 536 475 474
f 536 474 533
f 533 474 473
f 533 473 532
f 475 536 537
f 475 537 476
f 536 587 588
f 536 588 537
f 589 538 537
f 589 537 588
f 538 477 476
f 538 476 537
f 548 597 604
f 548 604 558
f 597 650 656
f 597 656 604
f 791 844 845
f 791 845 792
f 792 845 847
f 792 847 793
f 850 795 794
f 850 794 849
f 849 794 793
f 849 793 847
f 853 797 852
f 688 743 744
f 688 744 689
f 689 744 745
f 689 745 690
f 743 791 792
f 743 792 744
f 744 792 793
f 744 793 745
f 795 747 746
f 795 746 794
f 794 746 793
f 746 745 793
f 694 691 746
f 746 691 690
f 746 690 745
f 747 694 746
f 583 631 632
f 583 632 584
f 584 632 633
f 584 633 585
f 631 688 689
f 631 689 632
f 632 689 690
f 632 690 633
f 694 637 634
f 694 634 691
f 691 634 633
f 691 633 690
f 637 587 586
f 637 586 634
f 634 586 585
f 634 585 633
f 475 423 420
f 475 420 474
f 474 420 419
f 474 419 473
f 423 368 365
f 423 365 420
f 420 365 364
f 420 364 419
f 362 417 418
f 362 418 363
f 363 418 419
f 363 419 364
f 417 471 472
f 417 472 418
f 418 472 473
f 418 473 419
f 795 796 748
f 748 796 749
f 796 797 749
f 799 750 798
f 750 749 798
f 798 749 797
f 587 637 638
f 587 638 588
f 637 694 697
f 637 697 638
f 698 639 638
f 698 638 697
f 639 589 588
f 639 588 638
f 427 376 375
f 427 375 426
f 372 425 426
f 372 426 375
f 490 436 437
f 490 437 491
f 491 555 554
f 491 554 490
f 326 385 391
f 326 391 332
f 385 434 440
f 385 440 391
f 434 484 494
f 434 494 440
f 548 558 494
f 484 548 494
f 799 752 751
f 799 800 752
f 800 758 752
f 758 705 752
f 235 269 270
f 235 270 236
f 236 270 271
f 236 271 237
f 269 310 311
f 269 311 270
f 270 311 312
f 270 312 271
f 316 275 272
f 316 272 313
f 313 272 271
f 313 271 312
f 275 239 238
f 275 238 272
f 272 238 237
f 272 237 271
f 136 171 172
f 136 172 137
f 137 172 173
f 137 173 138
f 204 235 236
f 204 236 205
f 205 236 237
f 205 237 206
f 171 204 205
f 171 205 172
f 172 205 206
f 172 206 173
f 239 208 207
f 239 207 238
f 208 175 174
f 208 174 207
f 238 207 206
f 238 206 237
f 207 174 173
f 207 173 206
f 175 140 139
f 175 139 174
f 174 139 138
f 174 138 173
f 70 32 31
f 70 31 69
f 69 31 30
f 69 30 68
f 28 66 67
f 28 67 29
f 29 67 68
f 29 68 30
f 239 275 279
f 239 279 240
f 275 316 320
f 275 320 279
f 321 280 279
f 321 279 320
f 280 241 240
f 280 240 279
f 140 175 176
f 140 176 141
f 208 239 240
f 208 240 209
f 175 208 209
f 175 209 176
f 241 210 209
f 241 209 240
f 210 177 176
f 210 176 209
f 177 142 141
f 177 141 176
f 74 36 35
f 74 35 73
f 34 72 73
f 34 73 35
f 38 76 83
f 38 83 46
f 76 112 119
f 76 119 83
f 112 146 152
f 112 152 119
f 324 283 282
f 324 282 323
f 244 213 212
f 244 212 243
f 283 244 243
f 283 243 282
f 150 149 116
f 149 184 148
f 149 148 115
f 149 115 116
f 41 42 79
f 79 116 115
f 42 43 80
f 42 80 79
f 79 80 116
f 594 545 546
f 481 482 546
f 481 546 545
f 754 709 710
f 754 753 709
f 646 647 710
f 646 710 709
f 330 331 390
f 330 390 389
f 389 388 329
f 389 329 330
f 247 248 287
f 247 287 286
f 286 287 330
f 286 330 329
f 248 247 216
f 248 216 217
f 149 185 184
f 184 185 217
f 184 217 216
f 149 150 185
f 150 116 117
f 80 117 116
f 43 81 80
f 80 81 117
f 717 653 654
f 331 330 287
f 331 287 288
f 248 249 288
f 248 288 287
f 249 248 217
f 249 217 218
f 185 218 217
f 82 81 44
f 82 44 45
f 81 43 44
f 800 854 856
f 856 807 800
f 146 145 180
f 146 180 181
f 213 214 181
f 213 181 180
f 548 541 592
f 548 592 597
f 705 650 642
f 642 650 597
f 642 597 592
f 284 324 326
f 434 428 480
f 434 480 484
f 541 548 484
f 541 484 480
f 75 76 38
f 75 38 37
f 76 75 111
f 76 111 112
f 145 146 112
f 145 112 111
f 284 289 250
f 284 250 245
f 219 214 245
f 219 245 250
f 152 151 118
f 152 118 119
f 82 83 119
f 82 119 118
f 547 483 484
f 548 547 484
f 433 434 484
f 433 484 483
f 1185 1184 1151
f 1185 1151 1152
f 758 806 757
f 650 649 596
f 650 596 597
f 547 548 597
f 547 597 596
f 332 331 288
f 332 288 289
f 249 250 289
f 249 289 288
f 250 249 218
f 250 218 219
f 219 218 186
f 219 186 187
f 151 152 187
f 151 187 186
f 1011 1083 1093
f 1011 1093 1022
f 1058 1127 1128
f 1058 1128 1063
f 1063 1128 1129
f 1063 1129 1064
f 1127 1171 1172
f 1127 1172 1128
f 1128 1172 1173
f 1128 1173 1129
f 1207 1175 1174
f 1175 1131 1130
f 1175 1130 1174
f 1174 1130 1129
f 1174 1129 1173
f 1131 1066 1065
f 1131 1065 1130
f 1130 1065 1064
f 1130 1064 1129
f 1066 1132 1067
f 1066 1131 1132
f 1175 1207 1208
f 1175 1208 1176
f 1131 1175 1176
f 1131 1176 1132
f 1209 1177 1176
f 1209 1176 1208
f 1177 1133 1132
f 1177 1132 1176
f 1068 1067 1132
f 1133 1068 1132
f 1137 1075 1076
f 1137 1076 1138
f 1075 1085 1086
f 1075 1086 1076
f 1087 1077 1076
f 1087 1076 1086
f 1077 1140 1139
f 1077 1139 1138
f 1077 1138 1076
f 1180 1136 1135
f 1180 1135 1179
f 1136 1074 1070
f 1136 1070 1135
f 844 912 918
f 844 918 845
f 845 918 922
f 845 922 847
f 912 981 987
f 912 987 918
f 918 987 990
f 918 990 922
f 992 925 924
f 992 924 991
f 991 924 922
f 991 922 990
f 925 850 849
f 925 849 924
f 924 849 847
f 924 847 922
f 992 993 926
f 926 993 927
f 993 994 927
f 996 928 995
f 928 927 995
f 995 927 994
f 996 1003 929
f 929 1003 932
f 939 932 1011
f 1011 932 1003
f 939 856 932
f 807 864 873
f 807 873 816
f 1013 942 1014
f 1014 943 1015
f 1014 942 943
f 1013 941 942
f 945 871 946
f 945 870 871
f 805 861 804
f 805 862 861
f 432 431 383
f 184 183 148
f 148 114 115
f 183 182 147
f 183 147 148
f 148 147 114
f 39 40 77
f 40 78 77
f 77 78 114
f 41 79 78
f 78 79 115
f 40 41 78
f 78 115 114
f 651 599 600
f 652 651 600
f 554 555 600
f 943 942 867
f 866 867 942
f 760 759 715
f 652 716 715
f 651 652 715
f 388 387 328
f 388 328 329
f 285 286 329
f 285 329 328
f 286 285 246
f 247 286 246
f 247 246 215
f 247 215 216
f 183 216 215
f 183 184 216
f 933 934 1005
f 933 1005 1004
f 1004 1005 998
f 1004 998 997
f 1005 934 998
f 934 935 999
f 934 999 998
f 999 1072 998
f 1072 1071 997
f 1072 997 998
f 857 858 933
f 935 934 859
f 859 934 858
f 934 933 858
f 83 82 45
f 83 45 46
f 151 150 118
f 118 150 117
f 81 82 118
f 81 118 117
f 595 546 547
f 547 546 483
f 1144 1150 1145
f 804 756 805
f 649 648 596
f 547 596 595
f 595 596 648
f 150 151 186
f 150 186 185
f 185 186 218
f 862 863 938
f 862 938 937
f 939 938 863
f 939 863 864
f 938 1009 937
f 806 758 807
f 1083 1146 1093
f 1146 1152 1093
f 1140 1078 1079
f 1140 1079 1141
f 1080 1141 1079
f 1080 1142 1141
f 1142 1080 1081
f 1142 1081 1143
f 1150 1091 1092
f 1150 1092 1151
f 1093 1152 1151
f 1093 1151 1092
f 1171 1200 1204
f 1171 1204 1172
f 1172 1204 1205
f 1172 1205 1173
f 1200 1221 1222
f 1200 1222 1204
f 1204 1222 1223
f 1204 1223 1205
f 1225 1207 1206
f 1225 1206 1224
f 1224 1206 1205
f 1224 1205 1223
f 1207 1174 1206
f 1206 1174 1173
f 1206 1173 1205
f 1207 1225 1226
f 1207 1226 1208
f 1227 1209 1208
f 1227 1208 1226
f 1180 1179 1211
f 1212 1180 1211
f 1143 1081 1082
f 1143 1082 1144
f 1081 1082 1090
f 1091 1082 1090
f 1091 1150 1144
f 1091 1144 1082
f 1093 1092 1021
f 1093 1021 1022
f 1092 1091 1020
f 1092 1020 1021
f 558 548 484
f 558 484 494
f 765 758 713
f 765 713 720
f 650 656 720
f 650 720 713
f 758 765 816
f 758 816 807
f 948 939 864
f 948 864 873
f 1011 1021 1010
f 603 596 649
f 603 649 655
f 712 719 655
f 712 655 649
f 439 433 483
f 439 483 493
f 596 603 557
f 596 557 547
f 547 557 493
f 547 493 483
f 332 326 325
f 332 325 331
f 331 325 384
f 331 384 390
f 326 325 384
f 438 390 439
f 439 492 438
f 763 718 719
f 1019 1020 1090
f 1090 1020 1091
f 717 654 718
f 492 482 546
f 492 546 556
f 595 602 546
f 546 602 556
f 384 390 439
f 384 439 433
f 557 547 483
f 557 483 493
f 433 439 493
f 433 493 483
f 719 649 655
f 655 649 596
f 655 596 603
f 547 557 603
f 547 603 596
f 763 756 711
f 649 719 718
f 649 718 711
f 711 718 763
f 872 862 805
f 872 805 815
f 1081 1007 1008
f 602 595 648
f 602 648 654
f 710 717 718
f 710 718 711
f 711 718 654
f 711 654 648
f 602 654 653
f 761 717 762
f 1006 1017 1089
f 1140 1077 1078
f 1077 1087 1088
f 1077 1088 1078
f 716 760 715
f 600 555 601
f 601 652 600
f 382 388 389
f 382 389 383
f 492 482 432
f 492 432 438
f 482 492 556
f 482 556 546
f 717 710 647
f 717 647 653
f 595 602 653
f 595 653 647
f 813 803 754
f 813 754 761
f 710 717 761
f 710 761 754
f 652 646 709
f 652 709 716
f 753 760 716
f 753 716 709
f 555 545 594
f 555 594 601
f 646 652 601
f 646 601 594
f 388 382 431
f 388 431 437
f 142 143 109
f 142 109 108
f 143 144 110
f 143 110 109
f 74 73 109
f 74 109 110
f 73 72 108
f 73 108 109
f 589 590 539
f 589 539 538
f 590 591 540
f 590 540 539
f 539 540 479
f 427 426 478
f 427 478 479
f 479 478 539
f 426 425 477
f 426 477 478
f 478 477 538
f 478 538 539
f 853 854 798
f 854 799 798
f 797 853 798
f 797 796 852
f 852 796 851
f 796 795 850
f 796 850 851
f 799 751 750
f 751 702 701
f 751 701 750
f 698 749 701
f 749 750 701
f 698 697 749
f 749 697 748
f 697 694 747
f 697 747 748
f 795 748 747
f 698 701 639
f 701 640 639
f 701 702 641
f 701 641 640
f 591 590 640
f 591 640 641
f 590 589 639
f 590 639 640
f 368 371 320
f 368 320 316
f 371 372 321
f 371 321 320
f 705 758 713
f 705 713 650
f 800 807 758
f 705 751 752
f 705 702 751
f 321 322 281
f 321 281 280
f 322 323 282
f 322 282 281
f 243 242 281
f 243 281 282
f 242 241 280
f 242 280 281
f 241 242 211
f 241 211 210
f 210 211 178
f 210 178 177
f 242 243 212
f 242 212 211
f 211 212 179
f 211 179 178
f 144 143 178
f 144 178 179
f 143 142 177
f 143 177 178
f 70 71 33
f 70 33 32
f 71 72 34
f 71 34 33
f 324 284 283
f 214 213 244
f 214 244 245
f 245 244 283
f 245 283 284
f 858 801 802
f 858 802 859
f 802 753 754
f 801 802 753
f 754 803 802
f 813 761 762
f 856 864 807
f 854 800 799
f 145 144 179
f 145 179 180
f 212 213 180
f 212 180 179
f 592 591 641
f 592 641 642
f 702 705 642
f 702 642 641
f 376 379 324
f 376 324 323
f 428 427 479
f 428 479 480
f 591 592 541
f 591 541 540
f 540 541 480
f 540 480 479
f 74 75 37
f 74 37 36
f 75 74 110
f 75 110 111
f 144 145 111
f 144 111 110
f 650 713 712
f 650 712 649
f 713 758 757
f 713 757 712
f 939 1011 1022
f 939 1022 948
f 1209 1178 1177
f 1177 1178 1134
f 1177 1134 1133
f 1178 1179 1135
f 1178 1135 1134
f 1070 1134 1135
f 1070 1069 1134
f 1069 1068 1133
f 1069 1133 1134
f 1085 1013 1014
f 1085 1014 1086
f 1015 1087 1086
f 1015 1086 1014
f 1089 1017 1080
f 1080 1017 1018
f 1080 1018 1081
f 1017 945 946
f 1017 946 1018
f 1018 1007 1081
f 1180 1181 1146
f 1180 1146 1136
f 1083 1074 1136
f 1083 1136 1146
f 1000 930 931
f 1000 931 1001
f 930 860 861
f 930 861 931
f 931 861 855
f 862 937 931
f 862 931 861
f 937 1002 1001
f 937 1001 931
f 981 1058 1063
f 981 1063 987
f 987 1063 1064
f 987 1064 990
f 1066 991 1065
f 1066 992 991
f 1065 991 990
f 1065 990 1064
f 996 929 928
f 929 854 853
f 929 853 928
f 852 927 853
f 927 928 853
f 1068 1069 995
f 1068 995 994
f 1069 1070 996
f 1069 996 995
f 992 1066 1067
f 992 1067 993
f 1068 994 993
f 1068 993 1067
f 852 851 926
f 852 926 927
f 851 850 925
f 851 925 926
f 992 926 925
f 856 939 864
f 1074 1011 1003
f 1074 1083 1011
f 1074 1003 996
f 1074 996 1070
f 932 856 929
f 856 854 929
f 867 809 810
f 867 810 868
f 810 759 811
f 760 811 759
f 811 810 868
f 999 1073 1072
f 755 711 756
f 756 804 755
f 939 1011 1010
f 939 1010 938
f 1009 938 1010
f 807 864 863
f 807 863 806
f 862 806 863
f 862 805 806
f 1227 1228 1210
f 1227 1210 1209
f 1179 1178 1210
f 1179 1210 1211
f 1178 1209 1210
f 1212 1213 1181
f 1212 1181 1180
f 719 764 763
f 1021 1011 1022
f 862 872 815
f 862 815 805
f 719 712 757
f 719 757 764
f 805 815 763
f 805 763 756
f 756 763 764
f 756 764 757
f 813 762 814
f 756 763 815
f 756 815 805
f 717 710 755
f 717 755 762
f 803 813 814
f 803 814 804
f 804 814 762
f 804 762 755
f 813 871 870
f 870 812 813
f 1080 1006 1089
f 1087 1015 1016
f 1087 1016 1088
f 1015 943 944
f 1015 944 1016
f 1016 1078 1088
f 943 867 868
f 943 868 944
f 811 760 812
f 869 868 811
f 870 859 802
f 870 802 812
f 803 813 812
f 803 812 802
f 859 870 945
f 859 945 935
f 944 933 1004
f 868 857 933
f 868 933 944
f 760 753 802
f 760 802 812
f 812 802 801
f 812 801 811
f 857 868 869
f 857 869 858
f 858 869 811
f 858 811 801
f 1020 1009 1010
f 1020 1010 1021
f 756 757 806
f 756 806 805
f 385 384 325
f 385 325 326
f 482 483 546
f 648 649 711
f 862 872 947
f 862 947 937
f 1020 1009 937
f 1020 937 947
f 1007 1000 1008
f 1000 1001 1008
f 1002 1009 1008
f 1002 1008 1001
f 1009 1020 1008
f 1020 1019 1008
f 1008 1019 1090
f 1082 1008 1090
f 1081 1008 1082
f 936 871 860
f 936 946 871
f 813 803 860
f 813 860 871
f 595 594 546
f 594 595 647
f 935 1006 999
f 935 945 1006
f 945 1017 1006
f 1078 1071 1072
f 1078 1072 1079
f 1073 1080 1079
f 1073 1079 1072
f 647 646 594
f 382 383 431
f 1009 1020 947
f 1009 947 937
f 872 862 937
f 872 937 947
f 1002 937 1009
f 860 930 936
f 1000 1007 936
f 1000 936 930
f 1007 1018 946
f 1007 946 936
f 803 804 860
f 860 804 861
f 710 711 755
f 999 1006 1080
f 999 1080 1073
f 1071 1078 1004
f 1071 1004 997
f 1078 1016 1004
f 944 1004 1016
f 368 316 313
f 368 313 365
f 365 313 312
f 365 312 364
f 310 362 363
f 310 363 311
f 311 363 364
f 311 364 312
f 376 323 322
f 376 322 375
f 372 375 322
f 321 372 322
f 436 387 388
f 436 388 437
f 284 326 332
f 284 332 289
f 390 438 389
f 324 379 385
f 324 385 326
f 379 428 434
f 379 434 385
f 481 432 482
f 481 431 432
f 433 385 434
f 332 391 385
f 332 385 326
f 492 439 433
f 492 433 482
f 389 438 432
f 389 432 383
f 555 491 481
f 555 481 545
f 491 437 431
f 491 431 481
f 368 423 424
f 368 424 371
f 423 475 476
f 423 476 424
f 477 425 424
f 477 424 476
f 425 372 371
f 425 371 424
f 428 379 376
f 428 376 427
f 385 433 384
f 331 332 390
f 482 433 483
f 66 64 100
f 66 100 102
f 64 63 99
f 64 99 100
f 62 61 97
f 62 97 98
f 63 62 98
f 63 98 99
f 132 133 98
f 132 98 97
f 133 134 99
f 133 99 98
f 135 136 102
f 135 102 100
f 134 135 100
f 134 100 99
f 61 60 96
f 61 96 97
f 60 59 95
f 60 95 96
f 130 131 96
f 130 96 95
f 131 132 97
f 131 97 96
f 471 470 529
f 471 529 530
f 470 469 528
f 470 528 529
f 468 467 524
f 468 524 525
f 469 468 525
f 469 525 528
f 579 580 525
f 579 525 524
f 580 581 528
f 580 528 525
f 582 583 530
f 582 530 529
f 581 582 529
f 581 529 528
f 467 466 523
f 467 523 524
f 466 465 522
f 466 522 523
f 577 578 523
f 577 523 522
f 578 579 524
f 578 524 523
f 791 790 843
f 791 843 844
f 790 789 841
f 790 841 843
f 788 787 839
f 788 839 840
f 789 788 840
f 789 840 841
f 838 840 839
f 837 785 836
f 688 687 742
f 688 742 743
f 687 685 741
f 687 741 742
f 682 681 740
f 740 681 739
f 685 682 740
f 685 740 741
f 786 788 740
f 786 740 739
f 788 789 740
f 740 789 741
f 790 791 743
f 790 743 742
f 789 790 742
f 789 742 741
f 583 582 630
f 583 630 631
f 582 581 629
f 582 629 630
f 580 579 625
f 580 625 626
f 581 580 626
f 581 626 629
f 681 682 626
f 681 626 625
f 682 685 629
f 682 629 626
f 687 688 631
f 687 631 630
f 685 687 630
f 685 630 629
f 467 468 412
f 467 412 411
f 468 469 415
f 468 415 412
f 470 471 417
f 470 417 416
f 469 470 416
f 469 416 415
f 362 361 416
f 362 416 417
f 361 359 415
f 361 415 416
f 356 355 411
f 356 411 412
f 359 356 412
f 359 412 415
f 786 738 785
f 738 737 785
f 737 736 785
f 783 784 735
f 735 784 736
f 784 785 736
f 579 578 624
f 579 624 625
f 578 577 623
f 578 623 624
f 677 678 624
f 677 624 623
f 678 681 625
f 678 625 624
f 405 408 348
f 405 348 345
f 408 409 351
f 408 351 348
f 500 501 444
f 500 444 443
f 394 393 443
f 394 443 444
f 783 734 782
f 734 669 733
f 733 782 734
f 235 234 268
f 235 268 269
f 234 233 267
f 234 267 268
f 232 231 262
f 232 262 263
f 233 232 263
f 233 263 267
f 303 304 263
f 303 263 262
f 304 308 267
f 304 267 263
f 309 310 269
f 309 269 268
f 308 309 268
f 308 268 267
f 136 135 169
f 136 169 171
f 135 134 168
f 135 168 169
f 133 132 166
f 133 166 167
f 134 133 167
f 134 167 168
f 231 232 201
f 231 201 200
f 232 233 202
f 232 202 201
f 200 201 167
f 200 167 166
f 201 202 168
f 201 168 167
f 234 235 204
f 234 204 203
f 203 204 171
f 203 171 169
f 233 234 203
f 233 203 202
f 202 203 169
f 202 169 168
f 61 62 20
f 61 20 19
f 62 63 21
f 62 21 20
f 64 66 28
f 64 28 22
f 63 64 22
f 63 22 21
f 231 230 261
f 231 261 262
f 230 229 260
f 230 260 261
f 301 302 261
f 301 261 260
f 302 303 262
f 302 262 261
f 132 131 165
f 132 165 166
f 131 130 164
f 131 164 165
f 229 230 199
f 229 199 198
f 198 199 165
f 198 165 164
f 230 231 200
f 230 200 199
f 199 200 166
f 199 166 165
f 57 58 16
f 57 16 15
f 58 59 17
f 58 17 16
f 196 195 226
f 196 226 227
f 227 226 257
f 227 257 258
f 298 299 258
f 298 258 257
f 123 87 122
f 51 9 8
f 51 8 50
f 87 51 50
f 7 50 8
f 50 86 87
f 121 156 122
f 86 121 122
f 86 122 87
f 568 510 509
f 510 454 453
f 510 453 509
f 729 664 663
f 611 663 664
f 611 664 612
f 663 728 729
f 336 293 292
f 336 292 335
f 221 252 253
f 221 253 222
f 252 291 292
f 252 292 253
f 291 334 335
f 291 335 292
f 157 123 122
f 122 156 157
f 156 190 191
f 156 191 157
f 190 221 222
f 190 222 191
f 52 9 51
f 88 52 51
f 51 87 88
f 87 123 88
f 607 659 608
f 293 254 253
f 293 253 292
f 254 223 222
f 254 222 253
f 223 192 191
f 223 191 222
f 192 157 191
f 9 52 10
f 53 11 10
f 53 10 52
f 834 782 780
f 125 159 160
f 125 160 126
f 159 193 194
f 159 194 160
f 195 161 160
f 195 160 194
f 161 127 126
f 161 126 160
f 504 567 571
f 504 571 512
f 567 610 615
f 567 615 571
f 669 617 615
f 617 573 571
f 617 571 615
f 573 516 512
f 573 512 571
f 255 294 297
f 255 297 256
f 298 256 297
f 397 456 402
f 397 447 456
f 447 504 512
f 447 512 456
f 516 462 456
f 516 456 512
f 462 404 402
f 462 402 456
f 12 54 55
f 12 55 13
f 56 14 13
f 56 13 55
f 54 90 91
f 54 91 55
f 90 125 126
f 90 126 91
f 127 92 91
f 127 91 126
f 92 56 55
f 92 55 91
f 90 54 53
f 90 53 89
f 89 124 125
f 89 125 90
f 401 455 456
f 401 456 402
f 455 511 456
f 456 511 512
f 1157 1101 1156
f 1157 1102 1101
f 733 732 779
f 615 571 570
f 615 570 614
f 511 570 571
f 511 571 512
f 223 254 255
f 223 255 224
f 254 293 294
f 254 294 255
f 124 158 159
f 124 159 125
f 192 223 224
f 192 224 193
f 158 192 193
f 158 193 159
f 1058 1057 1126
f 1058 1126 1127
f 1057 1056 1125
f 1057 1125 1126
f 1055 1052 1123
f 1055 1123 1124
f 1056 1055 1124
f 1056 1124 1125
f 1193 1168 1167
f 1167 1168 1124
f 1167 1124 1123
f 1168 1169 1125
f 1168 1125 1124
f 1170 1171 1127
f 1170 1127 1126
f 1169 1170 1126
f 1169 1126 1125
f 1052 1049 1122
f 1052 1122 1123
f 1049 1048 1122
f 1122 1048 1121
f 1191 1192 1166
f 1191 1166 1165
f 1165 1166 1122
f 1165 1122 1121
f 1192 1193 1167
f 1192 1167 1166
f 1166 1167 1123
f 1166 1123 1122
f 1095 1096 1024
f 1095 1024 1023
f 1097 1098 1025
f 1096 1097 1025
f 1096 1025 1024
f 1046 1045 1118
f 1046 1118 1119
f 1162 1163 1119
f 1162 1119 1118
f 963 969 970
f 844 843 906
f 844 906 912
f 843 841 900
f 843 900 906
f 840 839 896
f 840 896 897
f 841 840 897
f 841 897 900
f 975 977 897
f 975 897 896
f 977 978 900
f 977 900 897
f 979 981 912
f 979 912 906
f 978 979 906
f 978 906 900
f 975 895 974
f 895 894 974
f 894 893 974
f 972 973 892
f 892 973 893
f 973 974 893
f 972 891 971
f 891 834 889
f 889 966 891
f 966 971 891
f 950 951 876
f 949 950 875
f 950 876 875
f 875 874 949
f 878 879 822
f 822 821 878
f 778 777 829
f 778 829 830
f 399 400 340
f 156 121 155
f 121 86 85
f 50 7 49
f 49 7 6
f 86 50 49
f 86 49 85
f 5 48 6
f 6 48 49
f 48 85 49
f 120 154 155
f 120 155 121
f 85 120 121
f 563 501 500
f 562 605 563
f 563 605 606
f 817 875 818
f 875 876 818
f 722 657 721
f 658 606 657
f 657 606 605
f 251 290 291
f 251 291 252
f 290 333 334
f 290 334 291
f 190 156 155
f 155 189 190
f 220 251 252
f 220 252 221
f 189 220 221
f 189 221 190
f 882 959 960
f 882 960 883
f 959 1042 1043
f 959 1043 960
f 968 961 960
f 968 960 1043
f 961 884 883
f 961 883 960
f 825 882 826
f 882 883 826
f 884 827 883
f 827 826 883
f 54 12 11
f 54 11 53
f 89 53 52
f 89 52 88
f 123 124 89
f 88 123 89
f 510 569 511
f 510 511 455
f 1100 1099 1113
f 778 731 777
f 614 570 613
f 570 511 569
f 570 569 613
f 123 157 158
f 123 158 124
f 157 192 158
f 830 887 888
f 830 888 831
f 887 964 888
f 889 832 831
f 889 831 888
f 780 733 779
f 1110 1111 1037
f 1028 1027 1036
f 1028 1036 1037
f 1027 1110 1036
f 1037 1036 1110
f 1026 1098 1109
f 1027 1026 1109
f 1027 1109 1110
f 1111 1112 1038
f 1111 1038 1037
f 1029 1028 1037
f 1029 1037 1038
f 1100 1101 1032
f 1100 1032 1031
f 1101 1102 1033
f 1101 1033 1032
f 1171 1170 1196
f 1171 1196 1200
f 1170 1169 1195
f 1170 1195 1196
f 1168 1193 1194
f 1169 1168 1194
f 1169 1194 1195
f 1217 1218 1194
f 1217 1194 1193
f 1218 1219 1195
f 1218 1195 1194
f 1220 1221 1200
f 1220 1200 1196
f 1219 1220 1196
f 1219 1196 1195
f 1215 1216 1192
f 1215 1192 1191
f 1216 1217 1193
f 1216 1193 1192
f 1163 1162 1188
f 1163 1188 1189
f 1098 1097 1108
f 1098 1108 1109
f 1097 1096 1107
f 1097 1107 1108
f 1096 1095 1106
f 1096 1106 1107
f 1112 1113 1030
f 1112 1030 1038
f 1099 1100 1031
f 1099 1031 1030
f 1113 1099 1030
f 1030 1029 1038
f 1033 958 957
f 1033 957 1032
f 956 1031 1032
f 956 1032 957
f 397 342 402
f 397 337 342
f 504 447 456
f 504 456 512
f 447 397 402
f 447 402 456
f 610 567 571
f 610 571 615
f 567 504 512
f 567 512 571
f 727 662 667
f 727 667 733
f 662 610 615
f 662 615 667
f 773 727 733
f 773 733 780
f 881 824 832
f 881 832 889
f 956 957 965
f 956 965 964
f 957 958 965
f 965 958 966
f 566 609 614
f 566 614 570
f 609 661 666
f 609 666 614
f 396 446 455
f 396 455 401
f 503 566 570
f 503 570 511
f 446 503 511
f 446 511 455
f 294 293 296
f 294 296 297
f 293 336 341
f 293 341 296
f 296 297 341
f 445 396 395
f 336 395 396
f 661 660 725
f 956 955 1030
f 1031 956 1030
f 659 660 608
f 445 502 510
f 445 510 454
f 502 565 569
f 502 569 510
f 396 341 401
f 396 336 341
f 503 446 455
f 503 455 511
f 446 396 401
f 446 401 455
f 609 566 570
f 609 570 614
f 566 503 511
f 566 511 570
f 725 660 665
f 725 665 731
f 660 661 609
f 660 609 614
f 660 614 665
f 823 772 778
f 823 778 830
f 956 880 887
f 956 887 964
f 880 823 830
f 880 830 887
f 1038 963 962
f 822 879 885
f 822 885 828
f 770 822 828
f 770 828 776
f 565 608 613
f 565 613 569
f 660 659 664
f 660 664 665
f 608 660 665
f 608 665 613
f 565 607 608
f 659 723 724
f 1098 1026 1025
f 657 722 658
f 606 564 563
f 501 563 564
f 335 334 339
f 335 339 340
f 445 395 400
f 445 400 454
f 565 502 510
f 565 510 569
f 502 445 454
f 502 454 510
f 659 607 612
f 659 612 664
f 607 565 569
f 607 569 612
f 770 723 729
f 770 729 776
f 723 659 664
f 723 664 729
f 953 878 884
f 953 884 961
f 606 658 663
f 606 663 611
f 658 722 728
f 658 728 663
f 501 564 568
f 501 568 509
f 564 606 611
f 564 611 568
f 334 394 399
f 334 399 339
f 130 95 94
f 130 94 129
f 95 59 58
f 95 58 94
f 57 93 94
f 57 94 58
f 93 128 129
f 93 129 94
f 577 522 521
f 577 521 576
f 465 409 408
f 465 408 464
f 522 465 464
f 522 464 521
f 405 463 464
f 405 464 408
f 463 518 521
f 463 521 464
f 518 575 576
f 518 576 521
f 835 836 784
f 835 784 783
f 836 785 784
f 837 838 785
f 785 838 786
f 787 786 839
f 839 786 838
f 788 786 787
f 737 677 674
f 736 737 674
f 671 735 736
f 671 736 674
f 737 738 677
f 677 738 678
f 738 786 739
f 681 678 738
f 681 738 739
f 677 623 622
f 677 622 674
f 623 577 576
f 623 576 622
f 575 619 622
f 575 622 576
f 619 671 674
f 619 674 622
f 301 351 352
f 301 352 302
f 355 303 302
f 355 302 352
f 667 669 615
f 733 669 667
f 610 662 667
f 610 667 615
f 782 733 780
f 727 780 733
f 734 783 735
f 734 735 669
f 671 669 735
f 301 260 259
f 301 259 300
f 260 229 228
f 260 228 259
f 227 258 259
f 227 259 228
f 258 299 300
f 258 300 259
f 229 198 197
f 229 197 228
f 198 164 163
f 198 163 197
f 164 130 129
f 164 129 163
f 128 162 163
f 128 163 129
f 196 227 228
f 196 228 197
f 162 196 197
f 162 197 163
f 17 59 60
f 17 60 18
f 61 19 18
f 61 18 60
f 298 257 256
f 226 195 194
f 226 194 225
f 257 226 225
f 257 225 256
f 193 224 225
f 193 225 194
f 224 255 256
f 224 256 225
f 826 827 775
f 826 775 774
f 775 776 729
f 729 728 775
f 728 775 774
f 770 724 723
f 834 780 832
f 824 832 780
f 824 780 773
f 834 835 783
f 782 834 783
f 727 773 780
f 196 162 161
f 196 161 195
f 162 128 127
f 162 127 161
f 671 619 617
f 671 617 669
f 619 575 573
f 619 573 617
f 345 299 298
f 345 298 344
f 575 518 516
f 575 516 573
f 518 463 462
f 518 462 516
f 463 405 404
f 463 404 462
f 57 15 14
f 57 14 56
f 128 93 92
f 128 92 127
f 93 57 56
f 93 56 92
f 732 733 667
f 732 667 666
f 615 614 666
f 615 666 667
f 958 966 881
f 1191 1165 1164
f 1165 1121 1120
f 1165 1120 1164
f 1121 1048 1047
f 1121 1047 1120
f 1046 1119 1120
f 1046 1120 1047
f 1119 1163 1164
f 1119 1164 1120
f 1023 1024 950
f 1023 950 949
f 1024 1025 951
f 1024 951 950
f 1028 1029 954
f 1028 954 953
f 879 878 953
f 879 953 954
f 1162 1118 1114
f 1162 1114 1159
f 1118 1045 1040
f 1118 1040 1114
f 1033 1102 1114
f 1033 1114 1040
f 1102 1159 1114
f 969 963 886
f 969 886 885
f 963 964 887
f 963 887 886
f 830 829 886
f 830 886 887
f 829 828 885
f 829 885 886
f 977 975 976
f 1052 1055 977
f 1055 1056 978
f 1055 978 977
f 1052 977 976
f 1057 1058 981
f 1057 981 979
f 1056 1057 979
f 1056 979 978
f 894 837 836
f 893 894 836
f 893 836 892
f 835 892 836
f 1048 974 973
f 1048 973 1047
f 1046 1047 973
f 1046 973 972
f 974 1048 1049
f 975 974 1049
f 1052 976 975
f 1052 975 1049
f 837 894 838
f 894 895 838
f 895 975 896
f 839 838 895
f 839 895 896
f 966 889 881
f 889 834 832
f 1045 971 966
f 1045 966 1040
f 1033 1040 966
f 1033 966 958
f 1046 972 971
f 1046 971 1045
f 891 972 892
f 835 834 891
f 835 891 892
f 818 767 766
f 818 819 767
f 819 767 768
f 722 721 768
f 721 767 768
f 968 1043 1044
f 777 731 730
f 665 730 731
f 889 888 965
f 889 965 966
f 888 964 965
f 779 778 830
f 830 831 779
f 831 832 780
f 831 780 779
f 1215 1190 1214
f 1215 1191 1190
f 1191 1164 1190
f 1163 1189 1190
f 1163 1190 1164
f 1189 1214 1190
f 1188 1159 1187
f 1188 1162 1159
f 1102 1157 1159
f 661 725 726
f 958 881 889
f 958 889 966
f 823 880 887
f 823 887 830
f 880 956 964
f 880 964 887
f 772 823 830
f 772 830 778
f 661 726 732
f 661 732 666
f 725 772 778
f 725 778 731
f 726 725 731
f 726 731 732
f 770 771 724
f 772 725 731
f 772 731 778
f 659 724 730
f 659 730 664
f 771 770 776
f 771 776 777
f 724 771 777
f 724 777 730
f 770 821 822
f 770 769 821
f 1025 1026 952
f 1025 952 951
f 877 876 951
f 877 951 952
f 819 818 876
f 819 876 877
f 819 820 768
f 722 768 769
f 821 769 775
f 821 775 827
f 769 770 776
f 769 776 775
f 878 821 827
f 878 827 884
f 877 952 959
f 877 959 882
f 819 877 882
f 819 882 825
f 722 769 775
f 722 775 728
f 769 768 774
f 769 774 775
f 820 819 825
f 820 825 826
f 768 820 826
f 768 826 774
f 779 732 731
f 779 731 778
f 342 297 296
f 342 296 341
f 510 455 454
f 613 665 614
f 963 969 962
f 964 963 955
f 964 955 956
f 963 1038 1039
f 1039 1038 1029
f 1039 1029 1030
f 963 1039 955
f 955 1039 1030
f 1038 962 954
f 954 1029 1038
f 510 568 569
f 568 612 569
f 1035 1036 1043
f 1035 1043 1042
f 1036 1037 1044
f 1036 1044 1043
f 1026 1027 1036
f 1026 1036 1035
f 1027 1028 1037
f 1027 1037 1036
f 612 568 611
f 399 340 339
f 969 885 962
f 962 885 879
f 962 879 954
f 777 776 828
f 829 777 828
f 730 665 664
f 1037 961 1044
f 968 1044 961
f 961 1037 953
f 1028 953 1037
f 1042 959 1035
f 1035 959 952
f 1035 952 1026
f 355 356 304
f 355 304 303
f 356 359 308
f 356 308 304
f 361 362 310
f 361 310 309
f 359 361 309
f 359 309 308
f 345 348 300
f 345 300 299
f 348 351 300
f 300 351 301
f 393 394 334
f 393 334 333
f 336 335 395
f 298 297 342
f 298 342 344
f 297 294 337
f 297 337 342
f 397 402 337
f 337 402 342
f 402 404 344
f 402 344 342
f 400 399 453
f 453 454 400
f 401 402 342
f 342 337 294
f 342 294 297
f 445 454 401
f 445 401 396
f 400 395 335
f 400 335 340
f 399 394 444
f 399 444 453
f 501 509 453
f 501 453 444
f 355 352 410
f 355 410 411
f 352 351 409
f 352 409 410
f 465 466 410
f 465 410 409
f 466 467 411
f 466 411 410
f 404 405 345
f 404 345 344
f 401 342 341
f 294 336 293
f 454 455 401
f 273 277 274
f 277 273 276
f 278 318 277
f 314 318 277
f 314 277 273
f 318 317 276
f 318 276 277
f 319 318 278
f 273 276 317
f 273 317 314
f 314 317 318
f 314 318 315
f 266 265 306
f 305 264 265
f 305 265 306
f 306 265 264
f 306 264 305
f 307 266 306
f 43 42 25
f 43 25 26
f 42 41 24
f 42 24 25
f 2 3 25
f 2 25 24
f 3 9 26
f 3 26 25
f 43 26 27
f 43 27 44
f 26 9 10
f 26 10 27
f 1 23 101
f 1 101 84
f 23 40 113
f 23 113 101
f 188 170 101
f 188 101 113
f 170 153 84
f 170 84 101
f 41 40 23
f 41 23 24
f 1 2 24
f 1 24 23
f 10 4 27
f 4 47 65
f 4 65 27
f 82 44 27
f 82 27 65
f 53 54 66
f 53 66 65
f 83 82 65
f 83 65 66
f 47 53 65
f 489 498 488
f 488 498 497
f 489 488 552
f 489 487 488
f 488 497 496
f 488 496 487
f 497 498 496
f 498 561 497
f 498 489 552
f 498 552 561
f 552 488 551
f 488 487 551
f 496 497 560
f 497 561 560
f 561 552 551
f 561 551 560
f 551 487 486
f 551 486 550
f 487 496 495
f 487 495 486
f 496 560 559
f 496 559 495
f 560 551 550
f 560 550 559
f 495 559 486
f 559 550 486
f 495 486 485
f 486 550 549
f 486 549 485
f 549 550 485
f 550 486 485
f 392 441 435
f 392 435 386
f 386 435 441
f 386 441 392
f 441 498 489
f 441 489 435
f 435 489 498
f 435 498 441
f 461 451 452
f 461 460 451
f 452 508 460
f 452 460 461
f 461 460 459
f 460 459 450
f 460 450 451
f 451 450 452
f 452 451 508
f 508 514 460
f 460 514 459
f 450 507 451
f 451 507 508
f 508 507 514
f 507 506 513
f 507 513 514
f 514 513 458
f 514 458 459
f 459 458 449
f 459 449 450
f 450 449 506
f 450 506 507
f 506 505 513
f 449 448 505
f 449 505 506
f 505 457 513
f 513 457 458
f 458 457 449
f 449 457 448
f 448 457 505
f 398 403 343
f 398 343 338
f 403 398 338
f 403 338 343
f 452 461 403
f 452 403 398
f 461 452 398
f 461 398 403
f 1147 1153 1155
f 1147 1155 1149
f 1153 1147 1149
f 1153 1149 1155
f 1149 1155 1186
f 1149 1186 1183
f 1155 1149 1183
f 1155 1183 1186
f 1103 1105 1117
f 1103 1117 1115
f 1115 1117 1105
f 1115 1105 1103
f 1117 1161 1158
f 1117 1158 1105
f 1105 1158 1161
f 1105 1161 1117
f 1154 1094 1084
f 1154 1084 1148
f 1104 1116 1034
f 1041 1034 1116
f 1201 1198 1202
f 1201 1197 1198
f 1202 1198 1197
f 1202 1197 1201
f 1198 1202 1203
f 1198 1203 1199
f 1199 1203 1202
f 1199 1202 1198
f 544 593 598
f 544 598 553
f 645 714 708
f 574 572 515
f 668 670 618
f 618 616 668
f 574 517 515
f 366 692 706
f 366 706 380
f 380 706 692
f 380 692 366
f 365 691 705
f 365 705 379
f 379 705 691
f 379 691 365
f 357 346 672
f 357 672 683
f 357 683 686
f 357 686 360
f 360 686 683
f 360 683 357
f 346 357 683
f 346 683 672
f 356 345 671
f 356 671 682
f 356 682 685
f 356 685 359
f 359 685 682
f 359 682 356
f 345 356 682
f 345 682 671
f 430 543 542
f 430 542 429
f 543 644 643
f 543 643 542
f 642 541 542
f 642 542 643
f 541 428 429
f 541 429 542
f 636 535 534
f 636 534 635
f 535 422 421
f 535 421 534
f 420 533 534
f 420 534 421
f 533 634 635
f 533 635 534
f 704 700 699
f 704 699 703
f 700 696 695
f 700 695 699
f 694 698 699
f 694 699 695
f 698 702 703
f 698 703 699
f 376 372 373
f 376 373 377
f 372 368 369
f 372 369 373
f 370 374 373
f 370 373 369
f 374 378 377
f 374 377 373
f 707 704 703
f 707 703 706
f 696 693 692
f 696 692 695
f 702 706 703
f 702 705 706
f 694 695 692
f 368 366 369
f 379 376 380
f 376 377 380
f 367 370 369
f 367 369 366
f 378 381 380
f 378 380 377
f 381 430 429
f 381 429 380
f 644 707 706
f 644 706 643
f 428 379 380
f 428 380 429
f 705 642 643
f 705 643 706
f 693 636 635
f 693 635 692
f 422 367 366
f 422 366 421
f 634 691 692
f 634 692 635
f 691 694 692
f 368 365 366
f 365 420 421
f 365 421 366
f 407 406 519
f 407 519 520
f 520 519 620
f 520 620 621
f 619 620 519
f 619 519 518
f 518 519 406
f 518 406 405
f 628 627 526
f 628 526 527
f 527 526 413
f 527 413 414
f 412 413 526
f 412 526 525
f 525 526 627
f 525 627 626
f 676 675 679
f 676 679 680
f 680 679 683
f 680 683 684
f 682 683 679
f 682 679 678
f 678 679 675
f 678 675 674
f 348 349 353
f 348 353 352
f 352 353 357
f 352 357 356
f 358 357 353
f 358 353 354
f 354 353 349
f 354 349 350
f 673 672 675
f 673 675 676
f 674 675 672
f 674 672 671
f 345 346 349
f 345 349 348
f 350 349 346
f 350 346 347
f 347 346 406
f 347 406 407
f 621 620 672
f 621 672 673
f 405 406 346
f 405 346 345
f 671 672 620
f 671 620 619
f 684 683 627
f 684 627 628
f 414 413 357
f 414 357 358
f 626 627 683
f 626 683 682
f 356 357 413
f 356 413 412
f 907 910 909
f 907 909 906
f 904 907 906
f 904 906 903
f 898 901 900
f 898 900 897
f 913 916 915
f 913 915 912
f 902 901 898
f 902 898 899
f 919 918 915
f 919 915 916
f 905 908 842
f 985 988 916
f 987 984 915
f 987 915 918
f 988 987 918
f 988 918 919
f 986 989 917
f 988 916 919
f 901 902 905
f 901 905 904
f 842 904 905
f 914 913 910
f 914 910 911
f 989 920 917
f 911 910 907
f 911 907 908
f 904 905 908
f 904 908 907
f 913 914 916
f 917 916 914
f 916 917 920
f 916 920 919
f 989 988 919
f 989 919 920
f 904 903 900
f 904 900 901
f 913 912 909
f 913 909 910
f 923 848 846
f 923 846 921
v 0.09500 -0.35980 1.95050
v 0.08172 -0.33684 1.93690
v 0.06794 -0.34362 1.94997
v 0.08221 0.41513 1.93687
v 0.06509 0.41909 1.94911
v 0.08312 0.43397 1.95347
v 0.09850 -0.36013 1.95017
v 0.10109 -0.34023 1.93665
v 0.10068 -0.35222 1.94523
v 0.10092 0.41824 1.93650
v 0.10106 0.42757 1.94344
v 0.09962 0.43534 1.94848
usemtl m014
f 1239 1233 1232
f 1239 1232 1238
f 1233 1239 1240
f 1233 1240 1234
f 1237 1236 1230
f 1237 1230 1231
f 1231 1235 1237
f 1231 1229 1235
v -0.23771 0.88063 2.28743
v -0.25871 0.88291 2.64686
v -0.26127 0.88565 2.76864
v -0.23656 0.90664 2.28500
v -0.25733 0.90709 2.64444
v -0.25778 0.90731 2.76608
v -0.20382 0.88032 1.78809
v -0.21571 0.87891 1.92529
v -0.15570 0.88210 2.74990
v -0.17617 0.88520 2.76367
v -0.20400 0.90239 1.78948
v -0.21478 0.90587 1.92311
v -0.15700 0.90708 2.74688
v -0.18857 0.90747 2.76313
v -0.14408 0.88251 2.71538
v -0.09825 0.91026 2.56331
v -0.12814 0.91320 2.67314
v -0.14516 0.90467 2.72368
v -0.01661 0.93150 2.27235
v -0.03030 0.93231 2.34092
v -0.06107 0.92373 2.43793
v 0.00025 1.00845 1.81475
v 0.00150 1.05770 1.93625
v 0.05060 0.96660 2.13040
v 0.02722 0.95376 2.19400
v 0.00647 0.94860 2.23600
v 0.03350 1.00174 1.81538
v 0.03500 1.02207 1.87366
v 0.04057 1.03499 1.94371
v 0.04396 1.02655 2.02443
v 0.05356 0.99642 2.08828
v 0.03336 0.98713 2.17750
v 0.01107 1.05691 1.95500
v 0.01800 1.05737 2.00300
usemtl m016
f 1252 1248 1241
f 1252 1241 1244
f 1242 1245 1244
f 1242 1244 1241
f 1250 1249 1253
f 1250 1253 1254
f 1249 1258 1253
f 1257 1258 1256
f 1258 1255 1256
f 1265 1271 1272
f 1268 1263 1273
f 1267 1262 1268
f 1272 1266 1265
f 1246 1243 1250
f 1246 1250 1254
f 1265 1264 1271
f 1270 1269 1273
f 1273 1274 1270
f 1269 1268 1273
f 1247 1248 1252
f 1247 1252 1251
f 1245 1242 1243
f 1245 1243 1246
f 1249 1255 1258
f 1248 1247 1251
f 1248 1251 1252
v -0.10661 -0.81594 2.55061
v -0.10700 0.89065 2.55010
v -0.10609 0.89984 2.55150
v -0.08680 -0.85072 2.54431
v -0.09250 -0.85505 2.55700
v -0.09420 -0.82214 2.54019
v -0.09806 0.89019 2.54022
v -0.09054 0.91197 2.54128
v -0.09400 0.92820 2.55700
v -0.08559 0.93489 2.54543
v -0.09200 0.93487 2.55700
usemtl m017
f 1284 1285 1283
f 1284 1283 1282
f 1285 1284 1282
f 1285 1282 1283
f 1282 1276 1281
f 1277 1281 1276
f 1281 1277 1282
f 1276 1282 1277
v -0.07855 -0.83935 2.52427
v -0.08139 -0.84023 2.53204
v -0.07550 -0.82975 2.51100
v -0.07863 -0.83076 2.51905
v -0.08370 -0.83131 2.53047
v -0.07800 0.90220 2.51100
v -0.08073 0.90220 2.51873
v -0.08729 0.90220 2.53214
v -0.07560 0.90745 2.51100
v -0.07834 0.90990 2.51912
v -0.08308 0.91155 2.53066
v -0.08300 0.92020 2.53400
v -0.07200 -0.83680 2.51300
v -0.07200 0.91520 2.51300
usemtl m018
f 1292 1295 1296
f 1292 1296 1293
f 1291 1294 1292
f 1295 1294 1292
f 1290 1287 1286
f 1290 1286 1289
f 1289 1286 1287
f 1287 1290 1289
v -0.93655 0.78914 3.25923
v -0.93614 0.78072 3.36069
v -0.93599 0.77143 3.46318
v -0.93588 0.76385 3.56537
v -0.93569 0.74674 3.73977
v -0.93569 0.73097 3.86223
v -0.93603 0.74912 3.93058
v -0.92072 0.85235 1.22848
v -0.93573 0.86027 1.35238
v -0.93583 0.86082 1.46411
v -0.93584 0.86547 1.56156
v -0.93575 0.85524 1.69317
v -0.93578 0.84874 1.82000
v -0.93583 0.84726 1.92741
v -0.93582 0.84952 2.05471
v -0.93583 0.84962 2.16540
v -0.93583 0.84871 2.29967
v -0.93582 0.84745 2.40927
v -0.93577 0.84861 2.53228
v -0.93571 0.84985 2.64114
v -0.93571 0.84411 2.75943
v -0.93571 0.83766 2.87750
v -0.93571 0.82990 2.98923
v -0.93570 0.82073 3.11319
v -0.93549 0.82487 3.22094
v -0.93510 0.84187 3.35220
v -0.93506 0.86165 3.46799
v -0.93500 0.87342 3.55600
v -0.93500 0.86270 3.74733
v -0.93500 0.83877 3.87429
v -0.93601 0.84919 3.93697
v -0.92009 0.96798 1.22786
v -0.93516 0.97761 1.35318
v -0.93513 0.97147 1.46439
v -0.93513 0.97415 1.56128
v -0.93500 0.97870 1.68667
v -0.93500 0.98338 1.82870
v -0.93504 0.97714 1.92462
v -0.93504 0.97079 2.05369
v -0.93506 0.96989 2.16492
v -0.93505 0.97441 2.30145
v -0.93503 0.97624 2.41170
v -0.93504 0.98543 2.52845
v -0.93503 0.98770 2.64118
v -0.93504 0.98574 2.75966
v -0.93504 0.97926 2.87750
v -0.93505 0.97294 2.99011
v -0.93504 0.96738 3.11319
v -0.93505 0.96114 3.22326
v -0.93505 0.94999 3.35658
v -0.93504 0.94962 3.46200
v -0.93500 0.95615 3.55902
v -0.93500 0.97720 3.74900
v -0.93500 0.95700 3.87700
v -0.93605 0.94808 3.93788
v -0.92072 1.08488 1.22848
v -0.93572 1.09679 1.35280
v -0.93567 1.09626 1.46645
v -0.93565 1.09944 1.56149
v -0.93506 1.09098 1.68811
v -0.93500 1.07398 1.82650
v -0.93508 1.06462 1.93125
v -0.93505 1.06010 2.05571
v -0.93507 1.05832 2.16603
v -0.93507 1.06217 2.29764
v -0.93506 1.06405 2.40599
v -0.93509 1.07485 2.52709
v -0.93507 1.07564 2.64105
v -0.93508 1.08479 2.75944
v -0.93508 1.09453 2.87849
v -0.93552 1.10950 2.99505
v -0.93570 1.11525 3.11319
v -0.93572 1.10582 3.22476
v -0.93572 1.09301 3.35658
v -0.93575 1.08629 3.46106
v -0.93585 1.08460 3.56285
v -0.93500 1.08920 3.74900
v -0.93500 1.06120 3.87700
v -0.93600 1.03553 3.93744
v -0.93621 1.15163 1.69843
v -0.93600 1.16289 1.82250
v -0.93599 1.16713 1.92741
v -0.93599 1.16880 2.05471
v -0.93597 1.16892 2.16512
v -0.93599 1.16875 2.29967
v -0.93599 1.16649 2.40927
v -0.93599 1.16371 2.52932
v -0.93599 1.15930 2.64114
v -0.93600 1.15414 2.75892
v -0.93627 1.14917 2.87632
v -0.93635 1.14574 2.94800
v -0.93629 1.17834 3.59571
v -0.85562 0.85005 1.20308
v -0.85550 0.96549 1.20250
v -0.85562 1.08266 1.20308
usemtl m019
f 1367 1368 1388
f 1367 1388 1387
f 1368 1367 1387
f 1368 1387 1388
f 1359 1360 1380
f 1359 1380 1379
f 1325 1324 1348
f 1325 1348 1349
f 1361 1362 1382
f 1361 1382 1381
f 1363 1364 1384
f 1363 1384 1383
f 1365 1366 1386
f 1365 1386 1385
f 1369 1368 1344
f 1369 1344 1345
f 1324 1301 1300
f 1388 1389 1369
f 1388 1369 1368
f 1327 1326 1302
f 1327 1302 1303
f 1324 1301 1325
f 1369 1370 1390
f 1369 1390 1389
f 1364 1365 1385
f 1364 1385 1384
f 1366 1367 1387
f 1366 1387 1386
f 1370 1369 1345
f 1370 1345 1346
f 1361 1360 1380
f 1361 1380 1381
f 1343 1342 1366
f 1343 1366 1367
f 1325 1326 1302
f 1325 1302 1301
f 1363 1362 1382
f 1363 1382 1383
f 1325 1326 1350
f 1325 1350 1349
f 1360 1359 1379
f 1360 1379 1380
f 1359 1358 1379
f 1328 1327 1351
f 1377 1378 1354
f 1377 1354 1353
f 1375 1352 1376
f 1352 1353 1376
f 1377 1376 1353
f 1376 1391 1375
f 1357 1358 1334
f 1357 1334 1333
f 1373 1349 1348
f 1373 1348 1372
f 1346 1370 1371
f 1346 1371 1347
f 1373 1349 1350
f 1373 1350 1374
f 1347 1371 1372
f 1347 1372 1348
f 1329 1353 1330
f 1353 1354 1330
f 1332 1356 1355
f 1332 1355 1331
f 1332 1356 1357
f 1332 1357 1333
f 1308 1332 1331
f 1308 1331 1307
f 1305 1329 1330
f 1305 1330 1306
f 1322 1346 1347
f 1322 1347 1323
f 1320 1344 1345
f 1320 1345 1321
f 1337 1313 1314
f 1337 1314 1338
f 1316 1340 1339
f 1316 1339 1315
f 1318 1342 1341
f 1318 1341 1317
f 1312 1336 1337
f 1312 1337 1313
f 1321 1345 1346
f 1321 1346 1322
f 1340 1316 1317
f 1340 1317 1341
f 1319 1343 1342
f 1319 1342 1318
f 1339 1315 1314
f 1339 1314 1338
f 1323 1347 1348
f 1323 1348 1324
f 1308 1332 1333
f 1308 1333 1309
f 1310 1334 1333
f 1310 1333 1309
f 1344 1320 1319
f 1344 1319 1343
f 1311 1335 1336
f 1311 1336 1312
f 1320 1344 1343
f 1320 1343 1319
f 1313 1337 1338
f 1313 1338 1314
f 1340 1316 1315
f 1340 1315 1339
f 1342 1318 1317
f 1342 1317 1341
f 1346 1322 1323
f 1346 1323 1347
f 1344 1320 1321
f 1344 1321 1345
f 1316 1340 1341
f 1316 1341 1317
f 1343 1319 1318
f 1343 1318 1342
f 1345 1321 1322
f 1345 1322 1346
f 1336 1312 1313
f 1336 1313 1337
f 1347 1323 1324
f 1347 1324 1348
f 1315 1339 1338
f 1315 1338 1314
f 1335 1311 1312
f 1335 1312 1336
f 1310 1334 1335
f 1310 1335 1311
f 1329 1305 1306
f 1329 1306 1330
f 1334 1310 1311
f 1334 1311 1335
f 1332 1308 1307
f 1332 1307 1331
f 1334 1310 1309
f 1334 1309 1333
f 1332 1308 1309
f 1332 1309 1333
f 1366 1342 1341
f 1366 1341 1365
f 1342 1366 1365
f 1342 1365 1341
f 1360 1336 1337
f 1360 1337 1361
f 1336 1360 1361
f 1336 1361 1337
f 1352 1375 1351
f 1352 1329 1353
f 1378 1377 1353
f 1378 1353 1354
f 1351 1352 1328
f 1352 1329 1328
f 1304 1303 1327
f 1327 1328 1304
f 1328 1329 1305
f 1328 1305 1304
f 1329 1328 1304
f 1329 1304 1305
f 1326 1327 1303
f 1326 1303 1302
f 1356 1332 1331
f 1356 1331 1355
f 1351 1375 1374
f 1351 1374 1350
f 1349 1373 1372
f 1349 1372 1348
f 1370 1346 1347
f 1370 1347 1371
f 1371 1347 1348
f 1371 1348 1372
f 1349 1373 1374
f 1349 1374 1350
f 1356 1332 1333
f 1356 1333 1357
f 1344 1368 1367
f 1344 1367 1343
f 1368 1344 1343
f 1368 1343 1367
f 1359 1335 1336
f 1359 1336 1360
f 1335 1359 1360
f 1335 1360 1336
f 1358 1334 1335
f 1358 1335 1359
f 1334 1358 1359
f 1334 1359 1335
f 1375 1351 1350
f 1375 1350 1374
f 1394 1393 1331
f 1394 1331 1355
f 1393 1392 1307
f 1393 1307 1331
f 1392 1393 1331
f 1392 1331 1307
f 1393 1394 1355
f 1393 1355 1331
v -0.95800 0.95420 3.95100
v -1.00120 1.03740 3.75320
v -0.98167 0.98428 3.93522
v -0.99090 1.11047 3.56420
v -0.99471 1.09777 3.62271
v -0.95550 1.11253 3.75383
v -0.93600 1.09520 3.86500
v -0.94092 1.07153 3.91000
v -0.95471 1.16534 3.57286
v -0.94294 1.18264 3.60169
v -0.88800 0.95420 3.95300
v -0.90100 1.03320 3.74900
v -0.90000 1.02120 3.84500
v -0.88671 0.99896 3.91662
v -0.87283 1.11270 3.55683
v -0.89450 1.10370 3.61667
v -0.90262 1.12385 3.74931
v -0.90254 1.08997 3.84592
v -0.88875 1.07019 3.89553
v -0.86375 1.18045 3.57375
v -0.89499 1.17412 3.61311
v -0.76150 0.97483 3.93763
v -0.79800 1.10770 3.60400
v -0.79291 1.06559 3.90059
v -0.79239 1.17431 3.60098
v -0.70825 1.01645 3.91600
v -0.68722 1.06642 3.89688
v -0.68239 1.16963 3.60550
v -0.56083 1.11253 3.55683
v -0.54900 1.10620 3.60800
v -0.59244 1.06681 3.88550
v -0.55850 1.16670 3.57250
v -0.57193 1.17408 3.60612
v -0.51940 0.99280 3.91760
v -0.50439 1.07242 3.87878
v -0.49591 1.16902 3.60918
v -0.38526 1.07350 3.86404
v -0.43540 1.07340 3.86960
v -0.39955 1.16891 3.61079
v -0.31600 1.01420 3.85500
v -0.27757 0.98477 3.89943
v -0.25600 1.13420 3.56400
v -0.29900 1.10520 3.61200
v -0.30851 1.07996 3.85522
v -0.29700 1.07960 3.87960
v -0.26500 1.15620 3.57200
v -0.30012 1.17254 3.60998
v -0.16900 1.02220 3.83000
v -0.24600 1.10780 3.55620
v -0.18533 1.10337 3.62033
v -0.18327 1.08800 3.83334
v -0.16000 1.15520 3.57400
v -0.18348 1.17299 3.61838
v -0.07900 1.04820 3.71100
v -0.07475 0.98307 3.85675
v -0.10874 1.10980 3.56503
v -0.09767 1.11135 3.61533
v -0.08047 1.13679 3.70809
v -0.09436 1.09316 3.81913
v -0.14300 1.15520 3.57650
v -0.13134 1.16733 3.63971
v -0.04000 1.03220 3.75300
v -0.01530 1.01770 3.79580
v -0.03742 1.09495 3.61583
v -0.02826 1.11943 3.75413
v -0.01508 1.10431 3.79485
v -0.04233 1.15287 3.71100
v 0.11407 -1.28140 2.39047
v 0.10062 -1.28057 2.43208
v 0.10056 -1.27802 2.52778
v 0.11411 -1.27136 2.39011
v 0.10082 -1.27062 2.43191
v 0.10080 -1.26793 2.52747
v 0.10071 -1.26284 2.71142
v 0.10150 -1.25434 2.88846
v 0.10675 -1.25107 2.97477
v 0.12425 -1.25024 3.01204
v 0.10325 0.94695 3.82500
v 0.08791 1.01284 3.73045
v 0.10550 1.00914 3.81869
v 0.06050 1.09320 3.76850
v 0.06671 1.09031 3.81046
v 0.11408 1.20174 2.39033
v 0.10071 1.20020 2.43200
v 0.10071 1.19595 2.52758
v 0.10071 1.18699 2.71142
v 0.10150 1.17849 2.88846
v 0.10675 1.17514 2.97477
v 0.12425 1.17441 3.01204
v 0.18283 -1.28163 2.36163
v 0.18294 -1.27158 2.36161
v 0.18216 -1.24915 3.03847
v 0.15080 0.94870 3.81035
v 0.15089 0.96536 3.79753
v 0.18287 1.20205 2.36162
v 0.18216 1.17327 3.03847
v 0.29763 -1.28093 2.33427
v 0.29756 -1.27113 2.33406
v 0.30600 -1.24759 3.03846
v 0.29760 1.20139 2.33419
v 0.30600 1.17174 3.03846
v 0.39555 -1.28062 2.30809
v 0.36871 -1.28023 2.32314
v 0.39707 -1.27060 2.30900
v 0.36825 -1.27055 2.32175
v 0.41412 -1.24684 3.03154
v 0.39616 1.20063 2.30846
v 0.36855 1.20093 2.32264
v 0.41412 1.17083 3.03154
v 0.47715 -1.28034 2.29000
v 0.47691 -1.27016 2.29000
v 0.47704 1.19982 2.29000
v 0.56423 -1.27926 2.26769
v 0.56409 -1.26916 2.26764
v 0.54975 -1.24630 3.02246
v 0.56417 1.19870 2.26767
v 0.54975 1.17049 3.02246
v 0.67718 -1.27844 2.23809
v 0.67692 -1.26818 2.23800
v 0.68842 -1.24734 3.01267
v 0.67704 1.19703 2.23804
v 0.68842 1.17158 3.01267
v 0.79752 -1.27724 2.20641
v 0.79565 -1.26710 2.20573
v 0.80429 -1.25126 3.00438
v 0.79640 1.19532 2.20600
v 0.80429 1.17524 3.00438
v 0.89796 -1.53407 2.25123
v 0.89071 -1.52912 2.39889
v 0.86636 -1.51220 2.49641
v 0.87428 -1.53317 2.54858
v 0.89281 -1.50110 2.66301
v 0.88839 -1.49817 2.75202
v 0.85074 -1.54106 2.86528
v 0.84274 -1.49266 2.92358
v 0.89997 -1.43983 2.25332
v 0.89331 -1.43892 2.39356
v 0.86406 -1.44580 2.49689
v 0.87021 -1.43959 2.54354
v 0.86779 -1.44344 2.63657
v 0.86287 -1.44511 2.74938
v 0.85400 -1.44016 2.84614
v 0.87963 -1.43285 2.94585
v 0.88775 -1.31855 2.08458
v 0.86511 -1.29033 2.18661
v 0.89675 -1.34630 2.97588
v 0.89162 -1.31893 3.03283
v 0.84148 -1.27018 2.19618
v 0.89183 -1.25563 2.98900
v 0.89182 -1.26280 3.03545
v 0.88300 1.23240 2.08180
v 0.86045 1.20569 2.18961
v 0.89183 1.17970 2.98900
v 0.89182 1.20620 3.03545
v 0.89114 1.25077 2.08657
v 0.84933 1.24953 2.18197
v 0.89675 1.27670 2.97588
v 0.89146 1.27482 3.03062
v 0.89968 1.38792 2.24798
v 0.89302 1.38650 2.39944
v 0.86531 1.40308 2.49657
v 0.87369 1.38620 2.54258
v 0.89256 1.40876 2.65631
v 0.88702 1.40986 2.75154
v 0.85695 1.38404 2.84953
v 0.87030 1.37700 2.94107
v 0.89750 1.48132 2.25667
v 0.88988 1.47844 2.39336
v 0.86674 1.47005 2.49644
v 0.87181 1.48097 2.55165
v 0.88689 1.45693 2.66809
v 0.88318 1.45402 2.75227
v 0.84898 1.47752 2.86605
v 0.84237 1.44745 2.90875
v 0.93247 -1.49915 2.27750
v 0.92875 -1.49485 2.36637
v 0.91459 -1.49716 2.66436
v 0.98529 -1.38842 2.08900
v 0.98643 -1.41926 2.16804
v 0.95389 -1.43983 2.24305
v 0.91590 -1.45640 2.36370
v 0.92849 -1.42930 2.94024
v 0.97068 -1.31780 1.97745
v 0.98317 -1.34113 2.06525
v 0.95403 -1.30092 2.16277
v 0.99771 -1.27930 2.82921
v 0.92462 -1.35243 2.97162
v 0.92195 -1.31920 3.03255
v 0.99446 -1.26730 2.85350
v 0.95954 -1.25997 2.93883
v 0.92133 -1.26280 3.03622
v 0.97333 1.23131 1.97033
v 0.94768 1.21705 2.16588
v 0.99560 1.19570 2.84500
v 0.95954 1.18416 2.93883
v 0.92133 1.20620 3.03622
v 0.96885 1.25043 1.98238
v 0.98441 1.29904 2.07917
v 0.98374 1.29706 2.15900
v 0.92462 1.28282 2.97162
v 0.92245 1.27447 3.02955
v 0.98687 1.36254 2.16906
v 0.94184 1.39938 2.26443
v 0.92822 1.41258 2.36795
v 0.91473 1.41993 2.66173
v 0.92849 1.35970 2.94024
v 0.92807 1.45460 2.27855
v 0.92731 1.44655 2.36217
v 0.91429 1.44391 2.67000
v 1.01229 -1.38551 2.09076
v 1.00983 -1.39213 2.13550
v 1.08379 -1.31001 1.92893
v 1.06737 -1.31719 1.94024
v 1.03563 -1.33428 2.07581
v 1.06132 -1.31156 2.16528
v 1.07000 -1.31318 2.24958
v 1.06262 -1.31080 2.32967
v 1.05183 -1.30418 2.44838
v 1.03804 -1.29509 2.58121
v 1.02137 -1.28551 2.70438
v 1.01140 -1.27860 2.80700
v 1.01067 -1.27113 2.80567
v 1.08300 1.22990 1.92900
v 1.06333 1.23047 1.93400
v 1.06046 1.23344 2.16679
v 1.06991 1.23643 2.24955
v 1.06262 1.23483 2.32967
v 1.05183 1.22820 2.44838
v 1.03804 1.21916 2.58121
v 1.02137 1.20970 2.70438
v 1.01112 1.20020 2.80650
v 1.08575 1.24645 1.92875
v 1.06969 1.24855 1.94385
v 1.02661 1.28318 2.08159
v 1.05828 1.25964 2.15381
v 1.07100 1.24520 2.25000
v 1.17454 -1.32517 0.47650
v 1.16973 -1.32731 0.51473
v 1.17081 -1.32687 0.60656
v 1.15613 -1.30912 1.91113
v 1.15827 -1.31425 1.95112
v 1.15447 -1.31401 2.08018
v 1.15974 -1.30989 2.15738
v 1.14886 -1.30866 2.29050
v 1.17067 -1.21380 1.90333
v 1.16200 -1.21380 1.94717
v 1.16200 -1.21380 2.07400
v 1.16118 -1.21159 2.15924
v 1.13950 -1.20630 2.29000
v 1.17162 -1.16449 1.90669
v 1.17050 -1.16230 1.94550
v 1.17050 -1.16230 2.07308
v 1.16620 -1.16116 2.15495
v 1.14080 -1.15490 2.27520
v 1.17136 1.09893 1.90564
v 1.16929 1.09377 1.94562
v 1.16929 1.09377 2.07314
v 1.16517 1.09474 2.15578
v 1.14043 1.09291 2.27929
v 1.16009 1.22469 1.90820
v 1.16165 1.21902 1.95106
v 1.15860 1.22430 2.07975
v 1.16232 1.22107 2.15871
v 1.15095 1.21825 2.29030
v 1.17442 1.25251 0.47646
v 1.16973 1.25463 0.51473
v 1.17079 1.25418 0.60676
v 1.14885 1.24739 1.91735
v 1.15584 1.24836 1.95068
v 1.15110 1.24790 2.08005
v 1.15527 1.24847 2.15544
v 1.14225 1.24903 2.29083
v 1.23653 -1.29885 0.47668
v 1.24235 -1.29588 0.51332
v 1.24007 -1.29729 0.60208
v 1.21760 -1.28500 1.90500
v 1.21700 -1.28680 1.95500
v 1.21700 -1.28680 2.06450
v 1.21771 -1.28251 2.15121
v 1.20800 -1.27630 2.28400
v 1.28327 -1.25498 0.47655
v 1.28629 -1.25247 0.51800
v 1.28827 -1.24153 0.59281
v 1.25968 -1.23880 1.87942
v 1.27200 -1.23730 1.97650
v 1.27767 -1.23113 2.10950
v 1.26348 -1.23653 2.14682
v 1.25812 -1.22805 2.27462
v 1.29700 1.13295 0.58425
v 1.28400 1.14320 1.87300
v 1.28900 1.14620 1.97100
v 1.28900 1.14620 2.11025
v 1.28564 1.14313 2.14414
v 1.27475 1.14220 2.27150
v 1.25476 1.20927 0.47666
v 1.25826 1.20756 0.51502
v 1.25395 1.21124 0.60007
v 1.23437 1.19239 1.89062
v 1.24233 1.19353 1.97300
v 1.23600 1.19870 2.08625
v 1.23467 1.19399 2.14982
v 1.22475 1.19145 2.28087
v 1.31115 -1.21034 0.47627
v 1.31588 -1.19580 0.53331
v 1.30738 -1.21467 0.58789
v 1.31780 -1.17860 1.88360
v 1.31800 -1.17880 2.00000
v 1.31800 -1.17880 2.10933
v 1.31767 -1.17847 2.13300
v 1.34406 -1.13252 0.47572
v 1.33409 -1.14446 0.53073
v 1.34380 -1.09700 1.82700
v 1.33229 -1.13521 1.85765
v 1.34600 -1.11780 1.98750
v 1.34990 -1.10810 2.10415
v 1.33315 -1.13010 2.14348
v 1.32267 -1.12880 2.27522
v 1.36969 -1.03911 0.47646
v 1.36842 -1.02381 0.51483
v 1.36146 -1.04015 1.81635
v 1.36958 -1.04733 1.86368
v 1.37020 -1.04460 1.97440
v 1.36105 -1.04974 2.10018
v 1.36128 -1.05967 2.14446
v 1.35122 -1.05652 2.25808
v 1.38471 -0.95909 0.47700
v 1.38339 -0.95190 0.52167
v 1.38336 -0.93776 1.81036
v 1.39089 -0.92569 1.84894
v 1.39175 -0.94005 1.95500
v 1.38692 -0.93164 2.07886
v 1.38757 -0.93375 2.16400
v 1.37607 -0.93053 2.26027
v 1.36645 -0.82593 1.32514
v 1.39250 -0.84147 1.39350
v 1.38815 -0.83622 1.51700
v 1.38793 -0.85430 1.84707
v 1.38900 -0.85409 1.96186
v 1.38772 -0.85439 2.05397
v 1.39217 -0.86580 2.20500
v 1.38572 -0.85313 2.25867
v 1.37184 -0.74106 1.32564
v 1.39175 -0.75905 1.54100
v 1.39400 -0.72680 1.83800
v 1.39400 -0.72680 2.06100
v 1.39500 -0.72380 2.26300
v 1.37728 -0.64585 1.32631
v 1.38153 -0.55427 1.32645
v 1.38355 -0.45871 1.32703
v 1.38564 -0.36254 1.32750
v 1.38717 -0.26119 1.32758
v 1.38848 -0.15752 1.32770
v 1.38936 -0.05908 1.32799
v 1.38899 0.03508 1.32783
v 1.38796 0.12565 1.32762
v 1.38674 0.22270 1.32754
v 1.38494 0.32234 1.32747
v 1.38281 0.42136 1.32670
v 1.38013 0.51893 1.32655
v 1.37481 0.61325 1.32594
v 1.39400 0.65620 1.54100
v 1.39400 0.65420 1.83800
v 1.39400 0.65420 2.06100
v 1.39500 0.65420 2.26300
v 1.36946 0.71195 1.32554
v 1.38914 0.72599 1.54057
v 1.38950 0.74120 1.83850
v 1.38950 0.74120 2.06100
v 1.38933 0.74187 2.25867
v 1.39304 0.84531 0.50758
v 1.36525 0.76745 1.32480
v 1.39250 0.76837 1.39350
v 1.38833 0.76942 1.50667
v 1.38557 0.84834 1.82214
v 1.38862 0.79658 1.84635
v 1.38975 0.79058 1.96075
v 1.38833 0.80783 2.06235
v 1.39138 0.82235 2.18608
v 1.38348 0.80696 2.25886
v 1.38036 0.91120 0.47686
v 1.37919 0.89789 0.52142
v 1.37932 0.88644 1.80736
v 1.38850 0.88503 1.85733
v 1.38850 0.88520 1.95800
v 1.38240 0.88608 2.08310
v 1.38316 0.88925 2.16137
v 1.37092 0.88728 2.26183
v 1.35687 1.01933 0.47593
v 1.35731 1.00199 0.51898
v 1.35496 0.99253 1.82000
v 1.36440 0.99340 1.86570
v 1.36440 0.99380 1.97820
v 1.35796 0.99413 2.10268
v 1.35928 0.99655 2.14294
v 1.34936 0.99484 2.25856
v 1.32308 1.11174 0.47608
v 1.32287 1.10292 0.53432
v 1.30854 1.13886 0.58682
v 1.32367 1.08270 1.86150
v 1.32850 1.08470 1.99550
v 1.32931 1.08358 2.10746
v 1.32400 1.08192 2.14420
v 1.31383 1.08003 2.27767
v 1.30289 1.15342 0.47633
v 1.30175 1.15620 0.51138
v 1.30244 1.15564 0.59231
v 1.39689 -0.89965 0.51159
v 1.39867 -0.89780 1.85283
v 1.39900 -0.89730 1.95100
v 1.39800 -0.89947 2.07167
v 1.39600 -0.90380 2.13200
v 1.40399 -0.85329 0.51796
v 1.42819 -0.81031 1.11702
v 1.43079 -0.82654 1.19537
v 1.41723 -0.82803 1.30586
v 1.41879 -0.82448 1.39147
v 1.41328 -0.82420 1.50589
v 1.40090 -0.85042 1.85103
v 1.40200 -0.84855 1.97633
v 1.40088 -0.85256 2.08488
v 1.39944 -0.84936 2.15100
v 1.42960 -0.74189 1.10539
v 1.43561 -0.73966 1.19416
v 1.42086 -0.73808 1.30838
v 1.42600 -0.73959 1.39110
v 1.42018 -0.74030 1.50728
v 1.40933 -0.72680 1.84633
v 1.41400 -0.72680 1.98900
v 1.41044 -0.72547 2.08522
v 1.40925 -0.72380 2.16450
v 1.39850 -0.72380 2.25650
v 1.43131 -0.64619 1.10547
v 1.44028 -0.64478 1.19419
v 1.42531 -0.64371 1.30981
v 1.43394 -0.64483 1.39129
v 1.42781 -0.64530 1.50775
v 1.43294 -0.55443 1.10554
v 1.44397 -0.55356 1.19419
v 1.42825 -0.55292 1.31115
v 1.44010 -0.55379 1.39114
v 1.43403 -0.55388 1.50767
v 1.41757 -0.56937 1.84514
v 1.42500 -0.56980 1.98900
v 1.41900 -0.56830 2.08280
v 1.41925 -0.56680 2.16450
v 1.40733 -0.56680 2.25867
v 1.43387 -0.45773 1.10529
v 1.44590 -0.45836 1.19419
v 1.42957 -0.45807 1.31142
v 1.44291 -0.45849 1.39103
v 1.43689 -0.45808 1.50810
v 1.43492 -0.36026 1.10554
v 1.44769 -0.36208 1.19419
v 1.43115 -0.36177 1.31164
v 1.44562 -0.36204 1.39114
v 1.43956 -0.36138 1.50763
v 1.42757 -0.32466 1.84514
v 1.43500 -0.32480 1.98900
v 1.42900 -0.32370 2.08280
v 1.42950 -0.32280 2.16450
v 1.41733 -0.32213 2.25867
v 1.43565 -0.25892 1.10558
v 1.44917 -0.26090 1.19419
v 1.43195 -0.26074 1.31235
v 1.44781 -0.26088 1.39156
v 1.44174 -0.26006 1.50771
v 1.43636 -0.15716 1.10594
v 1.45024 -0.15707 1.19419
v 1.43273 -0.15686 1.31265
v 1.44944 -0.15707 1.39156
v 1.44348 -0.15710 1.50713
v 1.43644 -0.05806 1.10512
v 1.45125 -0.05847 1.19419
v 1.43273 -0.05827 1.31305
v 1.45088 -0.05832 1.39141
v 1.44477 -0.05832 1.50837
v 1.43257 -0.03580 1.84514
v 1.44000 -0.03580 1.98900
v 1.43400 -0.03540 2.08280
v 1.43425 -0.03480 2.16450
v 1.42233 -0.03480 2.25867
v 1.43649 0.03553 1.10609
v 1.45077 0.03443 1.19419
v 1.43284 0.03409 1.31293
v 1.45024 0.03455 1.39175
v 1.44423 0.03485 1.50692
v 1.43582 0.12570 1.10522
v 1.44983 0.12545 1.19419
v 1.43247 0.12537 1.31250
v 1.44880 0.12533 1.39150
v 1.44263 0.12554 1.50807
v 1.43541 0.22403 1.10557
v 1.44876 0.22219 1.19419
v 1.43172 0.22185 1.31216
v 1.44719 0.22225 1.39142
v 1.44111 0.22291 1.50752
v 1.42757 0.25220 1.84514
v 1.43500 0.25220 1.98900
v 1.42900 0.25260 2.08280
v 1.42950 0.25320 2.16450
v 1.41733 0.25320 2.25867
v 1.43455 0.32393 1.10554
v 1.44706 0.32211 1.19419
v 1.43065 0.32191 1.31147
v 1.44470 0.32208 1.39114
v 1.43862 0.32279 1.50764
v 1.43375 0.42100 1.10589
v 1.44523 0.42102 1.19419
v 1.42903 0.42078 1.31147
v 1.44193 0.42106 1.39114
v 1.43601 0.42102 1.50709
v 1.43227 0.51826 1.10521
v 1.44275 0.51823 1.19419
v 1.42730 0.51763 1.31061
v 1.43816 0.51815 1.39114
v 1.43198 0.51815 1.50812
v 1.41757 0.49691 1.84514
v 1.42500 0.49720 1.98900
v 1.41900 0.49700 2.08280
v 1.41925 0.49720 2.16450
v 1.40733 0.49720 2.25867
v 1.43067 0.61551 1.10537
v 1.43825 0.61271 1.19419
v 1.42334 0.61198 1.30930
v 1.43038 0.61339 1.39137
v 1.42438 0.61440 1.50752
v 1.40933 0.65453 1.84633
v 1.41400 0.65520 1.98900
v 1.41044 0.65442 2.08522
v 1.40925 0.65520 2.16450
v 1.39850 0.65420 2.25650
v 1.40738 0.75420 0.52388
v 1.42857 0.71674 1.11181
v 1.43209 0.73131 1.18923
v 1.41905 0.71020 1.30737
v 1.42224 0.71202 1.39102
v 1.41626 0.71440 1.50780
v 1.40360 0.74120 1.84780
v 1.40700 0.74120 1.98900
v 1.40387 0.74157 2.08825
v 1.40150 0.74220 2.16450
v 1.40106 0.80062 0.51465
v 1.42992 0.76618 1.21900
v 1.41698 0.77240 1.30467
v 1.41738 0.76666 1.39153
v 1.41223 0.76747 1.50243
v 1.40000 0.79363 1.85193
v 1.40067 0.79012 1.97000
v 1.39988 0.79664 2.08196
v 1.39867 0.79407 2.14613
usemtl m021
f 1876 1877 1882
f 1876 1882 1881
f 1877 1878 1883
f 1877 1883 1882
f 1748 1749 1883
f 1748 1883 1878
f 1747 1748 1878
f 1747 1878 1868
f 1929 1928 1917
f 1929 1917 1918
f 1928 1927 1916
f 1928 1916 1917
f 1754 1759 1929
f 1754 1929 1918
f 1938 1937 1929
f 1937 1928 1929
f 1868 1878 1877
f 1868 1877 1867
f 1876 1866 1867
f 1876 1867 1877
f 1883 1878 1879
f 1883 1879 1884
f 1884 1879 1880
f 1884 1880 1885
f 1879 1869 1870
f 1879 1870 1880
f 1878 1868 1869
f 1869 1879 1878
f 1929 1918 1919
f 1929 1919 1930
f 1818 1828 1827
f 1818 1827 1817
f 1826 1816 1817
f 1826 1817 1827
f 1818 1736 1741
f 1818 1741 1828
f 1818 1819 1829
f 1818 1829 1828
f 1819 1820 1830
f 1819 1830 1829
f 1938 1928 1937
f 1930 1931 1920
f 1930 1920 1919
f 1928 1938 1929
f 1765 1938 1759
f 1759 1938 1929
f 1765 1938 1929
f 1765 1929 1759
f 1919 1920 1931
f 1919 1931 1930
f 1939 1938 1929
f 1939 1929 1930
f 1938 1939 1930
f 1938 1930 1929
f 1940 1939 1930
f 1940 1930 1931
f 1939 1940 1931
f 1939 1931 1930
f 1833 1832 1827
f 1833 1827 1828
f 1832 1831 1826
f 1832 1826 1827
f 1831 1832 1827
f 1831 1827 1826
f 1832 1833 1828
f 1832 1828 1827
f 1742 1833 1828
f 1742 1828 1741
f 1833 1742 1741
f 1833 1741 1828
f 1843 1842 1832
f 1843 1832 1833
f 1842 1841 1831
f 1842 1831 1832
f 1841 1842 1832
f 1841 1832 1831
f 1842 1843 1833
f 1842 1833 1832
f 1743 1843 1833
f 1743 1833 1742
f 1843 1743 1742
f 1843 1742 1833
f 1834 1828 1829
f 1834 1833 1828
f 1833 1834 1829
f 1833 1829 1828
f 1835 1834 1829
f 1835 1829 1830
f 1834 1835 1830
f 1834 1830 1829
f 1844 1833 1834
f 1844 1843 1833
f 1843 1844 1834
f 1843 1834 1833
f 1845 1844 1834
f 1845 1834 1835
f 1844 1845 1835
f 1844 1835 1834
f 1419 1415 1413
f 1441 1433 1431
f 1431 1438 1441
f 1433 1441 1438
f 1438 1431 1433
f 1431 1433 1432
f 1453 1455 1451
f 1627 1663 1662
f 1593 1546 1587
f 1618 1586 1591
f 1618 1591 1627
f 1617 1618 1627
f 1617 1627 1626
f 1664 1665 1657
f 1664 1657 1656
f 1619 1657 1629
f 1665 1629 1657
f 1587 1619 1629
f 1587 1629 1593
f 1626 1627 1662
f 1654 1617 1626
f 1626 1662 1654
f 1628 1629 1665
f 1628 1665 1664
f 1629 1628 1593
f 1663 1664 1656
f 1663 1656 1655
f 1627 1628 1664
f 1627 1664 1663
f 1628 1592 1593
f 1628 1627 1591
f 1628 1591 1592
f 1546 1593 1550
f 1662 1663 1655
f 1662 1655 1654
f 1593 1592 1549
f 1593 1549 1550
f 1592 1591 1549
f 1591 1545 1549
f 1545 1546 1550
f 1545 1550 1549
f 1545 1591 1586
f 1607 1634 1635
f 1606 1634 1607
f 1608 1636 1637
f 1608 1637 1609
f 1609 1579 1608
f 1607 1635 1636
f 1607 1636 1608
f 1608 1579 1578
f 1608 1578 1577
f 1608 1577 1607
f 1579 1539 1538
f 1579 1538 1578
f 1578 1538 1577
f 1788 1780 1779
f 1943 1771 1772
f 1943 1772 1944
f 1780 1772 1771
f 1780 1771 1779
f 1934 1943 1944
f 1934 1944 1935
f 1913 1923 1924
f 1913 1924 1914
f 1935 1924 1923
f 1935 1923 1934
f 1915 1925 1758
f 1763 1758 1925
f 1653 1658 1657
f 1653 1657 1652
f 1665 1657 1658
f 1665 1658 1666
f 1658 1696 1695
f 1658 1695 1657
f 1796 1687 1688
f 1796 1688 1797
f 1696 1688 1687
f 1696 1687 1695
f 1789 1781 1780
f 1789 1780 1788
f 1781 1773 1772
f 1781 1772 1780
f 1935 1944 1772
f 1935 1772 1773
f 1935 1773 1763
f 1914 1924 1925
f 1914 1925 1915
f 1763 1925 1924
f 1763 1924 1935
f 1789 1788 1796
f 1789 1796 1797
f 1874 1873 1893
f 1874 1893 1894
f 1894 1893 1913
f 1894 1913 1914
f 1875 1874 1894
f 1875 1894 1895
f 1895 1894 1914
f 1895 1914 1915
f 1725 1726 1718
f 1725 1718 1717
f 1726 1725 1804
f 1726 1804 1805
f 1805 1804 1814
f 1805 1814 1815
f 1815 1814 1823
f 1815 1823 1824
f 1824 1823 1838
f 1824 1838 1839
f 1814 1804 1725
f 1735 1825 1740
f 1740 1825 1840
f 1642 1643 1648
f 1642 1648 1647
f 1637 1638 1643
f 1637 1643 1642
f 1681 1682 1674
f 1681 1674 1673
f 1673 1674 1638
f 1673 1638 1637
f 1710 1682 1681
f 1682 1710 1711
f 1711 1710 1718
f 1711 1718 1719
f 1719 1718 1726
f 1719 1726 1727
f 1727 1726 1734
f 1727 1734 1735
f 1735 1734 1815
f 1735 1815 1824
f 1735 1824 1825
f 1825 1824 1839
f 1825 1839 1840
f 1815 1726 1805
f 1726 1815 1734
f 1874 1854 1853
f 1874 1853 1873
f 1838 1853 1854
f 1838 1854 1839
f 1875 1855 1854
f 1875 1854 1874
f 1839 1854 1855
f 1839 1855 1840
f 1590 1594 1595
f 1552 1551 1548
f 1560 1551 1552
f 1601 1597 1553
f 1601 1553 1561
f 1557 1565 1603
f 1557 1603 1599
f 1597 1554 1553
f 1600 1560 1552
f 1600 1552 1595
f 1551 1594 1590
f 1551 1590 1548
f 1595 1552 1548
f 1595 1548 1590
f 1560 1600 1594
f 1560 1594 1551
f 1600 1595 1594
f 1567 1568 1560
f 1567 1560 1559
f 1557 1564 1565
f 1598 1554 1597
f 1598 1562 1554
f 1562 1598 1602
f 1562 1602 1601
f 1562 1601 1561
f 1558 1567 1559
f 1567 1558 1566
f 1558 1557 1599
f 1603 1565 1566
f 1628 1596 1629
f 1596 1628 1592
f 1629 1596 1593
f 1596 1592 1593
f 1554 1562 1563
f 1554 1563 1555
f 1562 1554 1555
f 1562 1555 1563
f 1555 1563 1564
f 1555 1564 1556
f 1557 1556 1564
f 1537 1541 1540
f 1578 1608 1604
f 1578 1604 1572
f 1608 1605 1604
f 1608 1609 1573
f 1608 1573 1605
f 1523 1532 1524
f 1532 1531 1523
f 1575 1570 1569
f 1575 1569 1574
f 1531 1574 1530
f 1535 1527 1526
f 1535 1526 1534
f 1576 1582 1541
f 1576 1541 1537
f 1585 1582 1541
f 1585 1541 1544
f 1582 1581 1540
f 1582 1540 1541
f 1582 1585 1544
f 1582 1544 1541
f 1537 1540 1581
f 1537 1581 1576
f 1582 1576 1581
f 1524 1532 1533
f 1524 1533 1525
f 1537 1529 1528
f 1537 1528 1536
f 1527 1536 1528
f 1527 1535 1536
f 1570 1531 1523
f 1570 1575 1531
f 1575 1574 1531
f 1523 1522 1569
f 1523 1569 1570
f 1534 1526 1533
f 1526 1525 1533
f 1527 1571 1526
f 1573 1604 1605
f 1573 1572 1604
f 1609 1579 1573
f 1579 1578 1573
f 1578 1572 1573
f 1530 1574 1569
f 1530 1569 1522
f 1621 1630 1620
f 1630 1629 1619
f 1630 1619 1620
f 1620 1619 1629
f 1620 1629 1630
f 1624 1588 1625
f 1501 1494 1502
f 1614 1615 1580
f 1616 1615 1614
f 1614 1583 1616
f 1580 1583 1614
f 1584 1583 1580
f 1580 1615 1583
f 1583 1615 1616
f 1464 1467 1468
f 1463 1467 1464
f 1467 1466 1463
f 1463 1466 1462
f 1465 1462 1466
f 1485 1484 1462
f 1485 1462 1465
f 1465 1462 1484
f 1465 1484 1485
f 1492 1491 1484
f 1492 1484 1485
f 1485 1484 1491
f 1485 1491 1492
f 1496 1497 1491
f 1498 1496 1491
f 1498 1491 1492
f 1492 1499 1498
f 1492 1491 1497
f 1492 1497 1499
f 1499 1497 1498
f 1496 1498 1497
f 1496 1505 1504
f 1504 1505 1508
f 1504 1508 1507
f 1505 1496 1498
f 1507 1508 1505
f 1507 1505 1504
f 1504 1505 1498
f 1504 1498 1496
f 1507 1512 1513
f 1513 1512 1518
f 1517 1518 1512
f 1507 1508 1513
f 1517 1542 1518
f 1539 1542 1517
f 1455 1452 1461
f 1459 1461 1452
f 1401 1412 1411
f 1401 1411 1400
f 1415 1404 1400
f 1415 1400 1411
f 1438 1439 1453
f 1451 1448 1452
f 1456 1459 1452
f 1456 1452 1448
f 1419 1417 1424
f 1419 1424 1427
f 1437 1441 1427
f 1437 1427 1424
f 1412 1407 1411
f 1407 1406 1411
f 1410 1411 1406
f 1410 1415 1411
f 1453 1442 1445
f 1453 1449 1442
f 1434 1438 1445
f 1434 1445 1442
f 1455 1461 1459
f 1414 1419 1427
f 1402 1401 1400
f 1487 1474 1472
f 1457 1449 1453
f 1457 1453 1460
f 1474 1487 1488
f 1455 1447 1444
f 1455 1444 1451
f 1447 1441 1437
f 1447 1437 1444
f 1456 1457 1460
f 1456 1460 1459
f 1476 1459 1460
f 1401 1402 1413
f 1401 1413 1412
f 1412 1413 1408
f 1412 1408 1407
f 1419 1415 1410
f 1419 1410 1417
f 1413 1397 1408
f 1413 1402 1397
f 1414 1415 1419
f 1414 1404 1415
f 1404 1414 1403
f 1472 1474 1449
f 1421 1429 1428
f 1421 1428 1420
f 1429 1438 1434
f 1429 1434 1428
f 1413 1418 1416
f 1413 1416 1408
f 1418 1421 1420
f 1418 1420 1416
f 1421 1418 1413
f 1458 1455 1459
f 1414 1427 1426
f 1441 1426 1427
f 1441 1440 1426
f 1397 1402 1400
f 1404 1399 1400
f 1420 1421 1413
f 1420 1413 1408
f 1460 1457 1474
f 1460 1474 1476
f 1455 1458 1451
f 1475 1459 1476
f 1454 1447 1455
f 1440 1441 1447
f 1440 1447 1446
f 1447 1454 1446
f 1403 1398 1404
f 1399 1404 1398
f 1414 1409 1398
f 1414 1398 1403
f 1439 1435 1449
f 1439 1449 1453
f 1435 1439 1428
f 1439 1429 1428
f 1455 1451 1452
f 1460 1453 1445
f 1438 1453 1445
f 1439 1438 1429
f 1397 1395 1405
f 1397 1405 1408
f 1416 1408 1405
f 1458 1459 1473
f 1475 1473 1459
f 1409 1414 1426
f 1409 1426 1423
f 1440 1436 1423
f 1440 1423 1426
f 1436 1443 1423
f 1397 1400 1396
f 1399 1396 1400
f 1416 1420 1408
f 1473 1474 1488
f 1473 1475 1476
f 1473 1476 1474
f 1455 1451 1450
f 1455 1450 1454
f 1443 1436 1450
f 1436 1440 1446
f 1436 1446 1450
f 1454 1450 1446
f 1474 1457 1449
f 1420 1416 1428
f 1791 1799 1800
f 1800 1799 1690
f 1800 1690 1691
f 1792 1791 1800
f 1792 1683 1791
f 1774 1782 1783
f 1774 1783 1775
f 1791 1783 1782
f 1791 1782 1790
f 1790 1798 1799
f 1790 1799 1791
f 1798 1689 1690
f 1798 1690 1799
f 1689 1659 1660
f 1689 1660 1690
f 1661 1691 1690
f 1661 1690 1660
f 1676 1698 1699
f 1676 1699 1677
f 1668 1676 1677
f 1668 1677 1669
f 1699 1698 1677
f 1712 1720 1721
f 1713 1712 1721
f 1705 1704 1712
f 1705 1712 1713
f 1698 1704 1705
f 1698 1697 1704
f 1697 1698 1676
f 1697 1676 1675
f 1675 1676 1668
f 1675 1668 1667
f 1632 1631 1667
f 1632 1667 1668
f 1633 1632 1668
f 1633 1668 1669
f 1931 1920 1755
f 1931 1755 1760
f 1760 1767 1940
f 1760 1940 1931
f 1766 1765 1938
f 1766 1938 1939
f 1766 1767 1940
f 1766 1940 1939
f 1760 1755 1920
f 1760 1920 1931
f 1767 1760 1931
f 1767 1931 1940
f 1737 1820 1811
f 1737 1811 1730
f 1729 1810 1809
f 1729 1809 1728
f 1729 1810 1811
f 1729 1811 1730
f 1730 1811 1820
f 1730 1820 1737
f 1649 1650 1655
f 1649 1655 1654
f 1663 1662 1654
f 1663 1654 1655
f 1785 1784 1793
f 1776 1777 1769
f 1776 1769 1768
f 1941 1768 1769
f 1654 1655 1692
f 1655 1693 1692
f 1692 1693 1685
f 1692 1685 1684
f 1793 1684 1685
f 1695 1687 1686
f 1795 1686 1687
f 1934 1943 1771
f 1762 1934 1771
f 1911 1756 1921
f 1761 1921 1756
f 1761 1932 1921
f 1912 1922 1923
f 1912 1923 1913
f 1922 1933 1934
f 1922 1934 1923
f 1932 1769 1941
f 1762 1757 1923
f 1757 1913 1923
f 1923 1934 1762
f 1769 1932 1761
f 1912 1913 1893
f 1912 1893 1892
f 1873 1872 1892
f 1873 1892 1893
f 1934 1933 1942
f 1934 1942 1943
f 1770 1771 1943
f 1770 1943 1942
f 1912 1911 1921
f 1912 1921 1922
f 1932 1933 1922
f 1932 1922 1921
f 1771 1770 1942
f 1771 1942 1943
f 1770 1769 1941
f 1770 1941 1942
f 1911 1912 1892
f 1911 1892 1891
f 1872 1871 1891
f 1872 1891 1892
f 1933 1932 1941
f 1933 1941 1942
f 1769 1770 1942
f 1769 1942 1941
f 1656 1657 1695
f 1656 1695 1694
f 1651 1652 1657
f 1651 1657 1656
f 1665 1664 1656
f 1665 1656 1657
f 1694 1695 1686
f 1655 1656 1694
f 1655 1694 1693
f 1650 1651 1656
f 1650 1656 1655
f 1664 1663 1655
f 1664 1655 1656
f 1693 1694 1686
f 1693 1686 1685
f 1795 1794 1685
f 1795 1685 1686
f 1794 1793 1685
f 1787 1786 1794
f 1787 1794 1795
f 1786 1785 1793
f 1786 1793 1794
f 1777 1778 1770
f 1777 1770 1769
f 1778 1779 1771
f 1778 1771 1770
f 1796 1795 1687
f 1787 1795 1796
f 1796 1788 1787
f 1785 1777 1776
f 1776 1784 1785
f 1787 1779 1778
f 1787 1778 1786
f 1777 1785 1786
f 1777 1786 1778
f 1635 1640 1639
f 1635 1639 1634
f 1640 1645 1644
f 1640 1644 1639
f 1722 1802 1723
f 1634 1670 1635
f 1679 1671 1670
f 1679 1670 1678
f 1671 1635 1670
f 1641 1642 1647
f 1641 1647 1646
f 1700 1679 1678
f 1702 1681 1680
f 1634 1678 1670
f 1700 1678 1707
f 1733 1725 1814
f 1681 1637 1673
f 1681 1703 1710
f 1821 1812 1731
f 1731 1738 1821
f 1738 1836 1821
f 1731 1812 1723
f 1812 1802 1723
f 1723 1722 1731
f 1814 1813 1822
f 1814 1822 1823
f 1837 1838 1823
f 1837 1823 1822
f 1733 1823 1739
f 1733 1814 1823
f 1838 1739 1823
f 1837 1852 1853
f 1837 1853 1838
f 1852 1872 1873
f 1852 1873 1853
f 1732 1813 1814
f 1732 1814 1733
f 1812 1821 1822
f 1812 1822 1813
f 1821 1836 1837
f 1821 1837 1822
f 1733 1814 1813
f 1733 1813 1732
f 1812 1731 1732
f 1812 1732 1813
f 1836 1851 1852
f 1836 1852 1837
f 1851 1871 1872
f 1851 1872 1852
f 1731 1812 1813
f 1731 1813 1732
f 1802 1812 1813
f 1802 1813 1803
f 1814 1804 1803
f 1814 1803 1813
f 1636 1672 1673
f 1636 1673 1637
f 1672 1680 1673
f 1681 1673 1680
f 1641 1636 1637
f 1641 1637 1642
f 1645 1640 1641
f 1645 1641 1646
f 1710 1709 1717
f 1710 1717 1718
f 1635 1671 1672
f 1635 1672 1636
f 1671 1679 1672
f 1680 1672 1679
f 1640 1635 1636
f 1640 1636 1641
f 1679 1700 1701
f 1702 1680 1679
f 1702 1679 1701
f 1700 1707 1708
f 1700 1708 1701
f 1709 1702 1701
f 1709 1701 1708
f 1723 1802 1803
f 1723 1803 1724
f 1804 1725 1724
f 1804 1724 1803
f 1703 1681 1702
f 1709 1703 1702
f 1707 1706 1714
f 1707 1714 1715
f 1709 1708 1716
f 1709 1716 1717
f 1708 1707 1715
f 1708 1715 1716
f 1703 1709 1710
f 1722 1723 1715
f 1722 1715 1714
f 1723 1724 1716
f 1723 1716 1715
f 1724 1725 1717
f 1724 1717 1716
v 0.90275 0.08645 2.11925
v 0.89973 0.11765 2.10238
v 0.90620 0.08580 2.11800
v 0.91777 0.12578 2.10496
v 0.94817 0.15403 2.15317
v 0.94725 0.21589 2.11485
v 0.96942 0.21694 2.15008
v 0.95989 0.27264 2.10159
v 0.98226 0.25733 2.14722
v 0.98950 0.25970 2.15000
usemtl m023
f 1948 1949 1951
f 1950 1948 1951
f 1951 1954 1953
f 1952 1950 1951
f 1951 1953 1952
f 1948 1946 1947
f 1945 1946 1948
f 1946 1945 1947
v -1.15550 -0.48638 0.91775
v -1.15490 -0.39130 1.11910
v -1.14871 -0.23180 1.25600
v -1.14900 -0.12680 1.30750
v -1.14900 0.00220 1.32950
v -1.14900 0.19453 1.27750
v -1.14833 0.24953 1.24733
v -1.15550 0.49078 0.91775
v -1.15490 0.39550 1.11910
v -1.12960 -0.47240 0.91585
v -1.01010 -0.52540 1.23800
v -1.01066 -0.54329 1.29214
v -1.11322 -0.41258 0.90739
v -1.12210 -0.34767 1.08465
v -1.07257 -0.37307 1.16343
v -1.01100 -0.39050 1.30460
v -1.08938 -0.30980 1.07337
v -1.08340 -0.24033 1.20733
v -1.08239 -0.23244 1.28459
v -1.01050 -0.20070 1.38790
v -1.07873 -0.13160 1.23253
v -1.10093 -0.12711 1.29855
v -1.01075 -0.13080 1.38875
v -1.10875 0.00220 1.23150
v -1.08958 0.00395 1.30564
v -1.01075 0.04607 1.38875
v -1.10712 0.19893 1.21645
v -1.10101 0.18448 1.28717
v -1.01057 0.18949 1.38814
v -1.11284 0.33464 1.07862
v -1.04466 0.30504 1.19007
v -1.04225 0.27524 1.29546
v -1.11907 0.43818 0.91041
v -1.12700 0.38734 1.09929
v -1.07940 0.41530 1.17110
v -1.01123 0.45535 1.29438
v -1.00994 0.53495 1.23800
v -1.01050 0.55502 1.29214
v -0.90952 -0.75657 1.30764
v -0.90956 -0.75270 1.40079
v -0.91220 -0.62851 1.23824
v -0.91307 -0.64424 1.29569
v -0.90967 -0.68247 1.40065
v -0.95588 -0.55626 1.23764
v -0.97768 -0.55633 1.28847
v -0.99014 -0.37118 1.21143
v -0.99067 -0.38880 1.30917
v -0.98967 -0.28728 1.19064
v -0.99067 -0.24630 1.33227
v -0.99208 -0.20080 1.38800
v -0.99067 -0.14130 1.23433
v -0.98700 -0.12809 1.31957
v -0.99140 -0.13060 1.38900
v -0.98869 0.00682 1.29777
v -0.99140 0.04600 1.38900
v -0.99014 0.15306 1.23329
v -0.98932 0.18920 1.34068
v -0.99189 0.18976 1.38828
v -0.98981 0.30673 1.19389
v -0.99100 0.28406 1.31600
v -0.99108 0.45278 1.23475
v -0.98993 0.45400 1.29940
v -0.93567 0.58328 1.23775
v -0.93718 0.59986 1.29665
v -0.90971 0.67184 1.23914
v -0.90957 0.72624 1.29655
v -0.90961 0.71921 1.40073
usemtl m026
f 1983 1982 1979
f 1983 1979 1980
f 2018 2020 2019
f 2018 2019 2017
f 1992 2018 2017
f 1992 2017 1991
f 1981 1982 1986
f 1981 1986 1985
f 1979 1982 1981
f 1981 1985 1982
f 2008 2011 2012
f 2008 2012 2009
f 2018 2016 2015
f 2018 2015 2017
f 2010 2013 2014
f 2010 2014 2011
f 2010 2011 2013
f 2008 2010 2011
f 2012 1983 1980
f 2012 1980 2009
f 2018 1992 1990
f 2018 1990 2016
f 1985 2013 2010
f 1985 2010 1981
f 2008 1979 1981
f 2008 1981 2010
f 2011 1982 1983
f 2011 1983 2012
f 2014 1986 1982
f 2014 1982 2011
f 1990 1985 1986
f 1989 1985 1990
f 1989 2015 2013
f 1989 2013 1985
f 2013 2016 2014
f 2013 2015 2016
f 2016 1990 1986
f 2016 1986 2014
f 1990 1992 1991
f 1990 1991 1989
f 1991 2017 2015
f 1991 2015 1989
f 2021 2018 2020
f 1979 1976 1977
f 1979 1977 1980
f 1976 1972 1973
f 1998 1999 1966
f 1998 1966 1965
f 1999 1998 1995
f 1999 1995 1996
f 1997 1996 1993
f 1997 1993 1994
f 1976 1973 1974
f 1976 1974 1977
f 1979 1975 1976
f 1975 1972 1976
f 2008 2009 2007
f 2008 2007 2006
f 2000 1999 1998
f 2003 2002 2006
f 2006 2007 2004
f 2006 2004 2003
f 2000 2001 1999
f 2002 2005 2006
f 2008 2006 2005
f 1980 1977 2007
f 1980 2007 2009
f 1969 1972 2002
f 1969 2002 2000
f 1970 1966 1999
f 1970 1999 2001
f 1972 1975 2005
f 1972 2005 2002
f 1975 1979 2008
f 1975 2008 2005
f 1974 1973 2003
f 1974 2003 2004
f 1977 1974 2004
f 1977 2004 2007
f 1973 1972 1969
f 1973 1969 1970
f 2002 2003 2001
f 2002 2001 2000
f 1973 1970 2001
f 1973 2001 2003
f 1969 1965 1966
f 1970 1969 1966
f 1965 1969 2000
f 1965 2000 1998
f 1976 1973 1957
f 1976 1957 1958
f 1958 1957 1973
f 1958 1973 1976
f 1956 1973 1957
f 1956 1969 1973
f 1972 1968 1969
f 1972 1971 1968
f 1955 1969 1956
f 1964 1955 1956
f 1964 1956 1969
f 1955 1964 1969
f 1964 1969 1968
f 1968 1967 1964
f 1971 1967 1968
f 1976 1958 1959
f 1976 1959 1979
f 1958 1976 1979
f 1958 1979 1959
f 1975 1979 1978
f 1982 1960 1961
f 1982 1986 1961
f 1982 1986 1985
f 1985 1989 1988
f 1985 1988 1984
f 1963 1961 1986
f 1963 1986 1989
f 1985 1986 1989
f 1981 1985 1984
f 1962 1963 1989
f 1987 1989 1963
f 1987 1963 1962
f 1962 1989 1987
f 1987 1988 1989
f 1984 1988 1987
f 1982 1979 1959
f 1982 1959 1960
f 1960 1959 1979
f 1960 1979 1982
f 1981 1978 1979
v -1.55900 -1.08580 1.19800
v -1.55900 -1.04880 1.19800
v -1.55900 -0.33780 1.19800
v -1.55900 0.37320 1.19800
v -1.55900 1.08420 1.19800
v -1.55900 1.12120 1.19800
v -1.55900 1.12220 1.19800
v -1.55900 1.12320 1.19800
v -1.55900 1.13420 1.19800
v -1.55900 1.13520 1.19800
v -1.55963 1.13623 1.18726
v -1.55900 -1.09780 1.19800
v -1.55900 -1.08580 1.24300
v -1.55900 -1.04880 1.24300
v -1.55900 -0.33780 1.24300
v -1.55900 0.37320 1.24300
v -1.55900 1.08420 1.24300
v -1.55900 1.12120 1.24300
v -1.55900 1.12220 1.24300
v -1.55900 1.12320 1.24300
v -1.55900 1.13420 1.24300
v -1.55900 1.13520 1.24300
v -1.55900 1.13620 1.24300
v -1.55900 -1.09780 1.31500
v -1.55900 -1.08580 1.31500
v -1.55900 -1.04880 1.31500
v -1.55900 0.01770 1.31500
v -1.55900 1.08420 1.31500
v -1.55900 1.12120 1.31500
v -1.55900 1.12220 1.31500
v -1.55900 1.12320 1.31500
v -1.55900 1.13420 1.31500
v -1.55900 1.13520 1.31500
v -1.55900 1.13620 1.31500
v -1.55900 -1.09780 1.38100
v -1.55900 -1.08580 1.38100
v -1.55900 -1.04880 1.38100
v -1.55900 -0.33780 1.38100
v -1.55900 0.37320 1.38100
v -1.55900 1.08420 1.38100
v -1.55900 1.12120 1.38100
v -1.55900 1.12220 1.38100
v -1.55900 1.12320 1.38100
v -1.55900 1.13420 1.38100
v -1.55900 1.13520 1.38100
v -1.55900 1.13620 1.38100
v -1.55900 -1.09780 1.38200
v -1.55900 -1.08580 1.38200
v -1.55900 -1.04880 1.38200
v -1.55900 -0.33780 1.38200
v -1.55900 0.37320 1.38200
v -1.55900 1.08420 1.38200
v -1.55900 1.12120 1.38200
v -1.55900 1.12220 1.38200
v -1.55900 1.12320 1.38200
v -1.55900 1.13520 1.38200
v -1.55900 1.13620 1.38200
v -1.55900 -1.08580 1.38300
v -1.55900 -1.04880 1.38300
v -1.55900 -0.33780 1.38300
v -1.55900 0.37320 1.38300
v -1.55900 1.08420 1.38300
v -1.55900 1.12120 1.38300
v -1.55900 1.12220 1.38300
v -1.55900 1.12320 1.38300
v -1.55900 -1.08580 1.39400
v -1.55900 -1.04880 1.39400
v -1.55900 -0.33780 1.39400
v -1.55900 0.37320 1.39400
v -1.55900 1.08420 1.39400
v -1.55900 1.12120 1.39400
v -1.55900 1.12220 1.39400
v -1.55900 1.12320 1.39400
v -1.55900 -1.09780 1.39500
v -1.55900 -1.08580 1.39500
v -1.55900 -1.04880 1.39500
v -1.55900 -0.33780 1.39500
v -1.55900 0.37320 1.39500
v -1.55900 1.08420 1.39500
v -1.55900 1.12120 1.39500
v -1.55900 1.12220 1.39500
v -1.55900 1.12320 1.39500
v -1.55900 1.13520 1.39500
v -1.55900 1.13620 1.39500
v -1.55900 -1.09780 1.39600
v -1.55900 -1.08580 1.39600
v -1.55900 -1.04880 1.39600
v -1.55900 -0.33780 1.39600
v -1.55900 0.37320 1.39600
v -1.55900 1.08420 1.39600
v -1.55900 1.12120 1.39600
v -1.55900 1.12220 1.39600
v -1.55900 1.12320 1.39600
v -1.55900 1.13420 1.39600
v -1.55900 1.13520 1.39600
v -1.55900 1.13620 1.39600
v -1.55900 -1.09780 1.48400
v -1.55900 -1.08580 1.48400
v -1.55900 -1.04880 1.48400
v -1.55900 -0.33780 1.48400
v -1.55900 0.37320 1.48400
v -1.55900 1.08420 1.48400
v -1.55900 1.12120 1.48400
v -1.55900 1.12220 1.48400
v -1.55900 1.12320 1.48400
v -1.55900 1.13420 1.48400
v -1.55900 1.13520 1.48400
v -1.55900 1.13620 1.48400
v -1.55900 -1.09780 1.91600
v -1.55900 -1.08580 1.91600
v -1.55900 -1.04880 1.91600
v -1.55900 -0.33780 1.91600
v -1.55900 0.37320 1.91600
v -1.55900 1.08420 1.91600
v -1.55900 1.12120 1.91600
v -1.55900 1.12220 1.91600
v -1.55900 1.12320 1.91600
v -1.55900 1.13420 1.91600
v -1.55900 1.13520 1.91600
v -1.55900 1.13620 1.91600
v -1.55900 -1.09780 2.83300
v -1.55900 -1.08580 2.83300
v -1.55900 -1.04880 2.83300
v -1.55900 0.37320 2.83300
v -1.55900 1.08420 2.83300
v -1.55900 1.12120 2.83300
v -1.55900 1.12220 2.83300
v -1.55900 1.12320 2.83300
v -1.55900 1.13420 2.83300
v -1.55900 1.13520 2.83300
v -1.55900 1.13620 2.83300
v -1.55900 -1.09780 3.15900
v -1.55900 -1.08580 3.15900
v -1.55900 -1.04880 3.15900
v -1.55900 -0.33780 2.99600
v -1.55900 0.37320 3.15900
v -1.55900 1.08420 3.15900
v -1.55900 1.12120 3.15900
v -1.55900 1.12220 3.15900
v -1.55900 1.12320 3.15900
v -1.55900 1.13420 3.15900
v -1.55900 1.13520 3.15900
v -1.55900 1.13620 3.15900
v -1.55900 -1.08580 3.76500
v -1.55900 -1.04880 3.76500
v -1.55900 -0.33780 3.76500
v -1.55900 0.37320 3.81650
v -1.55900 1.08420 3.76500
v -1.55900 1.12120 3.76500
v -1.55900 1.12220 3.76500
v -1.55900 1.12320 3.76500
v -1.55900 1.13420 3.76500
v -1.55900 1.13520 3.76500
v -1.55900 1.13620 3.76500
v -1.55900 -1.09780 3.81650
v -1.55900 -1.08580 3.86800
v -1.55900 -1.04880 3.86800
v -1.55900 -0.33780 3.86800
v -1.55900 1.08420 3.86800
v -1.55900 1.12120 3.86800
v -1.55900 1.12220 3.86800
v -1.55900 1.12320 3.86800
v -1.55900 1.13420 3.86800
v -1.55900 1.13520 3.86800
v -1.55900 1.13620 3.86800
v -1.55900 -1.09780 3.91400
v -1.55900 -1.08580 3.91400
v -1.55900 -1.04880 3.91400
v -1.55900 -0.33780 3.91400
v -1.55900 0.37320 3.91400
v -1.55900 1.08420 3.91400
v -1.55900 1.12120 3.91400
v -1.55900 1.12220 3.91400
v -1.55900 1.12320 3.91400
v -1.55900 1.13420 3.91400
v -1.55900 1.13520 3.91400
v -1.55900 1.13620 3.91400
v -1.55900 -1.09780 3.91500
v -1.55900 -1.08580 3.91500
v -1.55900 -1.04880 3.91500
v -1.55900 -0.33780 3.91500
v -1.55900 0.37320 3.91500
v -1.55900 1.08420 3.91500
v -1.55900 1.12120 3.91500
v -1.55900 1.12220 3.91500
v -1.55900 1.12320 3.91500
v -1.55900 1.13520 3.91500
v -1.55900 1.13620 3.91500
v -1.55900 -1.08580 3.91600
v -1.55900 -1.04880 3.91600
v -1.55900 -0.33780 3.91600
v -1.55900 0.37320 3.91600
v -1.55900 1.08420 3.91600
v -1.55900 1.12120 3.91600
v -1.55900 1.12220 3.91600
v -1.55900 1.12320 3.91600
v -1.55900 -1.08580 3.92700
v -1.55900 -1.04880 3.92700
v -1.55900 -0.33780 3.92700
v -1.55900 0.37320 3.92700
v -1.55900 1.08420 3.92700
v -1.55900 1.12120 3.92700
v -1.55900 1.12220 3.92700
v -1.55900 1.12320 3.92700
v -1.55900 -1.09780 3.92800
v -1.55900 -1.08580 3.92800
v -1.55900 -1.04880 3.92800
v -1.55900 -0.33780 3.92800
v -1.55900 0.37320 3.92800
v -1.55900 1.08420 3.92800
v -1.55900 1.12120 3.92800
v -1.55900 1.12220 3.92800
v -1.55900 1.12320 3.92800
v -1.55900 1.13520 3.92800
v -1.55900 1.13620 3.92800
v -1.55900 -1.09780 3.92900
v -1.55900 -1.08580 3.92900
v -1.55900 -1.04880 3.92900
v -1.55900 -0.33780 3.92900
v -1.55900 0.37320 3.92900
v -1.55900 1.08420 3.92900
v -1.55900 1.12120 3.92900
v -1.55900 1.12220 3.92900
v -1.55900 1.12320 3.92900
v -1.55900 1.13420 3.92900
v -1.55900 1.13520 3.92900
v -1.55900 1.13620 3.92900
v -1.55900 -1.09780 4.01000
v -1.55900 -1.08580 4.01000
v -1.55900 -1.04880 4.01000
v -1.55900 0.01770 4.01000
v -1.55900 1.08420 4.01000
v -1.55900 1.12120 4.01000
v -1.55900 1.12220 4.01000
v -1.55900 1.12320 4.01000
v -1.55900 1.13420 4.01000
v -1.55900 1.13520 4.01000
v -1.55900 1.13620 4.01000
v -1.55961 -1.09790 4.09756
v -1.55900 -1.08580 4.08700
v -1.55900 -1.04880 4.08700
v -1.55900 -0.33780 4.08700
v -1.55900 0.37320 4.08700
v -1.55900 1.08420 4.08700
v -1.55900 1.12120 4.08700
v -1.55900 1.12220 4.08700
v -1.55900 1.12320 4.08700
v -1.55900 1.13420 4.08700
v -1.55900 1.13520 4.08700
v -1.55900 1.13620 4.08700
v -1.56000 -1.09780 1.18600
v -1.56000 -1.08580 1.18600
v -1.56000 -1.04780 1.18600
v -1.56000 -0.33780 1.18600
v -1.56000 0.37320 1.18600
v -1.56000 1.08320 1.18600
v -1.56000 1.12120 1.18600
v -1.56000 1.12220 1.18600
v -1.56000 1.12320 1.18600
v -1.56000 1.13420 1.18600
v -1.56000 1.13520 1.18600
v -1.56000 1.12420 1.18700
v -1.56000 1.12420 1.19800
v -1.56000 1.13320 1.19800
v -1.56000 1.12420 1.24300
v -1.56000 1.13320 1.24300
v -1.56000 1.12420 1.31500
v -1.56000 1.13320 1.31500
v -1.56000 1.12420 1.38100
v -1.56000 1.13320 1.38100
v -1.56000 1.12420 1.38200
v -1.56000 1.13320 1.38200
v -1.56000 1.13420 1.38200
v -1.56000 -1.09780 1.38300
v -1.56000 1.12420 1.38300
v -1.56000 1.13320 1.38300
v -1.56000 1.13420 1.38300
v -1.56000 1.13520 1.38300
v -1.56000 1.13620 1.38300
v -1.56000 -1.09780 1.38400
v -1.56000 -1.08580 1.38400
v -1.56000 -1.04780 1.38400
v -1.56000 -0.33780 1.38400
v -1.56000 0.37320 1.38400
v -1.56000 1.08320 1.38400
v -1.56000 1.12120 1.38400
v -1.56000 1.12220 1.38400
v -1.56000 1.12320 1.38400
v -1.56000 1.13420 1.38400
v -1.56000 1.13520 1.38400
v -1.56000 1.13620 1.38400
v -1.56000 -1.09780 1.39300
v -1.56000 -1.08580 1.39300
v -1.56000 -1.04780 1.39300
v -1.56000 -0.33780 1.39300
v -1.56000 0.37320 1.39300
v -1.56000 1.08320 1.39300
v -1.56000 1.12120 1.39300
v -1.56000 1.12220 1.39300
v -1.56000 1.13520 1.39300
v -1.56000 1.13620 1.39300
v -1.56000 -1.09780 1.39400
v -1.56000 1.12320 1.39400
v -1.56000 1.12420 1.39400
v -1.56000 1.13320 1.39400
v -1.56000 1.13420 1.39400
v -1.56000 1.13520 1.39400
v -1.56000 1.13620 1.39400
v -1.56000 1.12420 1.39500
v -1.56000 1.13320 1.39500
v -1.56000 1.13420 1.39500
v -1.56000 1.12420 1.39600
v -1.56000 1.13320 1.39600
v -1.56000 1.12420 1.48400
v -1.56000 1.13320 1.48400
v -1.56000 1.12420 1.91600
v -1.56000 1.13320 1.91600
v -1.56000 1.12420 2.83300
v -1.56000 1.13320 2.83300
v -1.56000 1.12420 3.15900
v -1.56000 1.13320 3.15900
v -1.56000 1.12420 3.76500
v -1.56000 1.13320 3.76500
v -1.56000 1.12420 3.86800
v -1.56000 1.13320 3.86800
v -1.56000 1.12420 3.91400
v -1.56000 1.13320 3.91400
v -1.56000 1.12420 3.91500
v -1.56000 1.13320 3.91500
v -1.56000 1.13420 3.91500
v -1.56000 -1.09780 3.91600
v -1.56000 1.12420 3.91600
v -1.56000 1.13320 3.91600
v -1.56000 1.13420 3.91600
v -1.56000 1.13520 3.91600
v -1.56000 1.13620 3.91600
v -1.56000 -1.09780 3.91700
v -1.56000 -1.08580 3.91700
v -1.56000 -1.04780 3.91700
v -1.56000 -0.33780 3.91700
v -1.56000 0.37320 3.91700
v -1.56000 1.08320 3.91700
v -1.56000 1.12120 3.91700
v -1.56000 1.12220 3.91700
v -1.56000 1.12320 3.91700
v -1.56000 1.13420 3.91700
v -1.56000 1.13520 3.91700
v -1.56000 1.13620 3.91700
v -1.56000 -1.09780 3.92600
v -1.56000 -1.08580 3.92600
v -1.56000 -1.04780 3.92600
v -1.56000 -0.33780 3.92600
v -1.56000 0.37320 3.92600
v -1.56000 1.08320 3.92600
v -1.56000 1.12120 3.92600
v -1.56000 1.12220 3.92600
v -1.56000 1.13520 3.92600
v -1.56000 1.13620 3.92600
v -1.56000 -1.09780 3.92700
v -1.56000 1.12320 3.92700
v -1.56000 1.12420 3.92700
v -1.56000 1.13320 3.92700
v -1.56000 1.13420 3.92700
v -1.56000 1.13520 3.92700
v -1.56000 1.13620 3.92700
v -1.56000 1.12420 3.92800
v -1.56000 1.13320 3.92800
v -1.56000 1.13420 3.92800
v -1.56000 1.12420 3.92900
v -1.56000 1.13320 3.92900
v -1.56000 1.12420 4.01000
v -1.56000 1.13320 4.01000
v -1.56000 1.12420 4.08700
v -1.56000 1.13320 4.08700
v -1.56000 1.12420 4.09800
v -1.56000 -1.08580 4.09900
v -1.56000 -1.04780 4.09900
v -1.56000 -0.33780 4.09900
v -1.56000 0.37320 4.09900
v -1.56000 1.08320 4.09900
v -1.56000 1.12120 4.09900
v -1.56000 1.12220 4.09900
v -1.56000 1.12320 4.09900
v -1.56000 1.13420 4.09900
v -1.56000 1.13520 4.09900
v -1.56000 1.13620 4.09900
v -1.56100 1.13320 1.18700
v -1.56100 1.13320 4.09800
v -1.56200 -1.14380 1.19800
v -1.56200 1.18020 1.19800
v -1.56200 1.12820 1.19900
v -1.56200 -1.09180 1.19900
v -1.56200 1.12820 1.24300
v -1.56200 -1.14380 1.31500
v -1.56200 -1.09180 1.31500
v -1.56200 1.12820 1.31500
v -1.56200 1.18020 1.31500
v -1.56200 -1.09180 1.38000
v -1.56200 1.12820 1.38000
v -1.56200 -1.14380 1.38100
v -1.56200 -1.09180 1.38100
v -1.56200 1.12820 1.38100
v -1.56200 1.18020 1.38100
v -1.56200 -1.14380 1.38200
v -1.56200 1.18020 1.38200
v -1.56200 -1.14380 1.38300
v -1.56200 1.18020 1.38300
v -1.56200 -1.09680 1.38900
v -1.56200 -1.08580 1.38900
v -1.56200 -1.04780 1.38900
v -1.56200 -0.33780 1.38900
v -1.56200 0.37320 1.38900
v -1.56200 1.08320 1.38900
v -1.56200 1.12120 1.38900
v -1.56200 1.12220 1.38900
v -1.56200 1.12320 1.38900
v -1.56200 -1.14380 1.39400
v -1.56200 1.18020 1.39400
v -1.56200 -1.14380 1.39500
v -1.56200 1.18020 1.39500
v -1.56200 -1.14380 1.44000
v -1.56200 -1.09180 1.39600
v -1.56200 1.12820 1.39600
v -1.56200 1.18020 1.39600
v -1.56200 -1.09180 1.39700
v -1.56200 1.12820 1.39700
v -1.56200 -1.09180 1.39800
v -1.56200 1.12820 1.39800
v -1.56200 -1.09180 1.48400
v -1.56200 1.12820 1.48400
v -1.56200 1.18020 1.48400
v -1.56200 -1.14380 1.91600
v -1.56200 -1.09180 1.91600
v -1.56200 1.12820 1.91600
v -1.56200 1.18020 1.91600
v -1.56200 -1.14380 2.83300
v -1.56200 -1.09180 2.83300
v -1.56200 1.12820 2.83300
v -1.56200 1.18020 2.83300
v -1.56200 -1.14380 3.15900
v -1.56200 -1.09180 3.15900
v -1.56200 1.12820 3.15900
v -1.56200 1.18020 3.15900
v -1.56200 -1.14380 3.81650
v -1.56200 -1.09180 3.76500
v -1.56200 1.12820 3.76500
v -1.56200 1.18020 3.81650
v -1.56200 -1.09180 3.86800
v -1.56200 1.12820 3.86800
v -1.56200 -1.09180 3.91300
v -1.56200 1.12820 3.91300
v -1.56200 -1.14380 3.91400
v -1.56200 -1.09180 3.91400
v -1.56200 1.12820 3.91400
v -1.56200 1.18020 3.91400
v -1.56200 -1.14380 3.91500
v -1.56200 1.18020 3.91500
v -1.56200 -1.14380 3.91600
v -1.56200 1.18020 3.91600
v -1.56200 -1.09680 3.92200
v -1.56200 -1.08580 3.92200
v -1.56200 -1.04780 3.92200
v -1.56200 -0.33780 3.92200
v -1.56200 0.37320 3.92200
v -1.56200 1.08320 3.92200
v -1.56200 1.12120 3.92200
v -1.56200 1.12220 3.92200
v -1.56200 1.12320 3.92200
v -1.56200 -1.14380 3.92700
v -1.56200 1.18020 3.92700
v -1.56200 -1.14380 3.92800
v -1.56200 1.18020 3.92800
v -1.56200 -1.14380 3.92900
v -1.56200 -1.09180 3.92900
v -1.56200 1.12820 3.92900
v -1.56200 1.18020 3.92900
v -1.56200 -1.09180 3.93000
v -1.56200 1.12820 3.93000
v -1.56200 -1.14380 4.08700
v -1.56200 -1.09180 4.01000
v -1.56200 1.12820 4.01000
v -1.56200 1.18020 4.01000
v -1.56200 -1.09180 4.08600
v -1.56200 1.12820 4.08600
v -1.56241 1.17918 4.09726
v -1.56300 -1.09680 1.17800
v -1.56300 -1.08580 1.17800
v -1.56300 -1.04780 1.17800
v -1.56300 -0.33780 1.17800
v -1.56300 0.37320 1.17800
v -1.56300 1.08320 1.17800
v -1.56300 1.12120 1.17800
v -1.56300 1.12220 1.17800
v -1.56300 1.12320 1.17800
v -1.56300 1.12420 1.17800
v -1.56300 1.13320 1.17800
v -1.56300 1.13420 1.17800
v -1.56300 1.13520 1.17800
v -1.56300 1.13620 1.17800
v -1.56300 -1.14280 1.18600
v -1.56300 1.18020 1.18600
v -1.56300 -1.09180 1.18800
v -1.56300 1.12820 1.18800
v -1.56300 -1.14280 1.38400
v -1.56300 1.18020 1.38400
v -1.56300 1.12420 1.38900
v -1.56300 1.13320 1.38900
v -1.56300 1.13420 1.38900
v -1.56300 1.13520 1.38900
v -1.56300 1.13620 1.38900
v -1.56300 -1.14280 1.39300
v -1.56300 1.18020 1.39300
v -1.56300 -1.14280 3.91700
v -1.56300 1.18020 3.91700
v -1.56300 1.12420 3.92200
v -1.56300 1.13320 3.92200
v -1.56300 1.13420 3.92200
v -1.56300 1.13520 3.92200
v -1.56300 1.13620 3.92200
v -1.56300 -1.14280 3.92600
v -1.56300 1.18020 3.92600
v -1.56300 -1.09180 4.09700
v -1.56300 1.12820 4.09700
v -1.56300 -1.14280 4.09900
v -1.56300 -1.09680 4.10700
v -1.56300 -1.08580 4.10700
v -1.56300 -1.04780 4.10700
v -1.56300 -0.33780 4.10700
v -1.56300 0.37320 4.10700
v -1.56300 1.08320 4.10700
v -1.56300 1.12120 4.10700
v -1.56300 1.12220 4.10700
v -1.56300 1.12320 4.10700
v -1.56300 1.12420 4.10700
v -1.56300 1.13320 4.10700
v -1.56300 1.13420 4.10700
v -1.56300 1.13520 4.10700
v -1.56300 1.13620 4.10700
v -1.56500 -1.09080 1.18200
v -1.56500 1.12820 1.18200
v -1.56500 -1.14180 1.38900
v -1.56500 -1.09080 1.38900
v -1.56500 1.12820 1.38900
v -1.56500 1.17920 1.38900
v -1.56500 -1.14180 3.92200
v -1.56500 -1.09080 3.92200
v -1.56500 1.12820 3.92200
v -1.56500 1.17920 3.92200
v -1.56500 -1.09080 4.10300
v -1.56500 1.12820 4.10300
v -1.56600 -1.14180 1.17800
v -1.56600 1.17920 1.17800
v -1.56600 -1.14180 4.10700
v -1.56600 1.17920 4.10700
v -1.56700 -1.08480 1.17200
v -1.56700 -1.04780 1.17200
v -1.56700 -0.33780 1.17200
v -1.56700 0.37320 1.17200
v -1.56700 1.08320 1.17200
v -1.56700 1.12020 1.17200
v -1.56700 1.12120 1.17200
v -1.56700 1.12220 1.17300
v -1.56700 1.12320 1.17400
v -1.56700 1.12220 4.11200
v -1.56700 1.12320 4.11200
v -1.56700 -1.08480 4.11300
v -1.56700 -1.04780 4.11300
v -1.56700 -0.33780 4.11300
v -1.56700 0.37320 4.11300
v -1.56700 1.08320 4.11300
v -1.56700 1.12020 4.11300
v -1.56700 1.12120 4.11300
v -1.56800 -1.09680 1.17200
v -1.56800 1.13420 1.17200
v -1.56800 1.13520 1.17200
v -1.56800 1.13320 1.17300
v -1.56800 1.13220 1.17400
v -1.56800 -1.09080 1.17800
v -1.56800 1.12820 1.17800
v -1.56800 -1.09080 4.10700
v -1.56800 1.12820 4.10700
v -1.56800 1.13220 4.11200
v -1.56800 1.13320 4.11200
v -1.56800 -1.09680 4.11300
v -1.56800 1.13420 4.11300
v -1.56800 1.13520 4.11300
v -1.57000 -1.13980 1.17200
v -1.57000 1.17720 1.17200
v -1.57000 -1.13980 4.11300
v -1.57044 1.17865 4.11331
v -1.57100 -1.19080 1.27900
v -1.57100 1.22820 1.27900
v -1.57100 -1.19080 1.38100
v -1.57100 1.22820 1.38100
v -1.57100 -1.19080 1.38200
v -1.57100 1.22820 1.38200
v -1.57100 -1.19080 1.38300
v -1.57100 1.22720 1.38300
v -1.57100 -1.19080 1.39400
v -1.57100 1.22720 1.39400
v -1.57100 -1.19080 1.39500
v -1.57100 1.22820 1.39500
v -1.57100 -1.19080 1.39600
v -1.57100 1.22820 1.39600
v -1.57100 -1.19080 1.48400
v -1.57100 1.22820 1.48400
v -1.57100 -1.19080 1.91600
v -1.57100 1.22820 1.91600
v -1.57100 -1.19080 2.83300
v -1.57100 1.22820 2.83300
v -1.57100 -1.19080 3.46200
v -1.57100 1.22820 3.46200
v -1.57100 -1.19080 3.86800
v -1.57100 1.22820 3.86800
v -1.57100 -1.19080 3.91400
v -1.57100 1.22820 3.91400
v -1.57100 -1.19080 3.91500
v -1.57100 1.22820 3.91500
v -1.57100 -1.19080 3.91600
v -1.57100 1.22720 3.91600
v -1.57100 -1.19080 3.92700
v -1.57100 1.22720 3.92700
v -1.57100 -1.19080 3.92800
v -1.57100 1.22820 3.92800
v -1.57100 -1.19080 3.92900
v -1.57100 1.22820 3.92900
v -1.57100 -1.19080 4.01000
v -1.57100 1.22820 4.01000
v -1.57149 -1.19051 4.09628
v -1.57175 -1.19151 1.18887
v -1.57111 1.22644 1.18875
v -1.57200 -1.18980 1.38400
v -1.57200 1.22720 1.38400
v -1.57200 -1.18980 1.39300
v -1.57200 1.22720 1.39300
v -1.57200 -1.18980 3.91700
v -1.57200 1.22720 3.91700
v -1.57200 -1.18980 3.92600
v -1.57200 1.22720 3.92600
v -1.57139 1.22750 4.09613
v -1.57400 -1.08480 1.17100
v -1.57400 -1.04680 1.17100
v -1.57400 -0.33680 1.17100
v -1.57400 0.37220 1.17100
v -1.57400 1.08220 1.17100
v -1.57400 1.12020 1.17100
v -1.57400 1.12120 1.17100
v -1.57400 1.12220 1.17100
v -1.57400 1.13320 1.17100
v -1.57400 1.13520 1.17100
v -1.57400 1.12220 1.17200
v -1.57400 1.13220 1.17200
v -1.57400 -1.08980 1.17700
v -1.57400 1.12720 1.17700
v -1.57400 -1.18780 1.17800
v -1.57400 1.22520 1.17800
v -1.57400 -1.18780 1.38900
v -1.57400 1.22520 1.38900
v -1.57400 -1.18780 3.92200
v -1.57400 1.22520 3.92200
v -1.57400 -1.18780 4.10700
v -1.57400 1.22520 4.10700
v -1.57400 -1.08980 4.10800
v -1.57400 1.12720 4.10800
v -1.57400 1.12220 4.11300
v -1.57400 1.13220 4.11300
v -1.57400 -1.09580 4.11400
v -1.57400 -1.08480 4.11400
v -1.57400 -1.04680 4.11400
v -1.57400 -0.33680 4.11400
v -1.57400 0.37220 4.11400
v -1.57400 1.08220 4.11400
v -1.57400 1.12020 4.11400
v -1.57400 1.12120 4.11400
v -1.57400 1.12220 4.11400
v -1.57400 1.13320 4.11400
v -1.57400 1.13520 4.11400
v -1.57397 -1.09585 1.17097
v -1.57700 1.17420 4.11400
v -1.57810 -1.18323 1.17180
v -1.57804 1.22013 1.17166
v -1.57804 -1.18270 4.11334
v -1.58400 1.21520 1.17100
v -1.58400 -1.17880 4.11400
v -1.58500 -1.23280 1.19800
v -1.58500 1.26920 1.19800
v -1.58500 -1.23280 1.31500
v -1.58500 1.26920 1.31500
v -1.58500 -1.23280 1.38100
v -1.58500 1.26920 1.38100
v -1.58500 -1.23280 1.38200
v -1.58500 1.26920 1.38200
v -1.58500 -1.23180 1.38300
v -1.58500 1.26920 1.38300
v -1.58500 -1.23180 1.38400
v -1.58500 1.26920 1.38400
v -1.58500 -1.23180 1.39300
v -1.58500 1.26920 1.39300
v -1.58500 -1.23180 1.39400
v -1.58500 1.26920 1.39400
v -1.58500 -1.23280 1.39500
v -1.58500 1.26920 1.39500
v -1.58500 -1.23280 1.39600
v -1.58500 1.26920 1.39600
v -1.58500 -1.23280 1.48400
v -1.58500 1.26920 1.48400
v -1.58500 -1.23280 1.91600
v -1.58500 1.26920 1.91600
v -1.58500 -1.23280 2.83300
v -1.58500 1.26920 2.83300
v -1.58500 -1.23280 3.15900
v -1.58500 1.26920 3.15900
v -1.58500 -1.23280 3.81650
v -1.58500 1.26920 3.81650
v -1.58500 -1.23280 3.91400
v -1.58500 1.26920 3.91400
v -1.58500 -1.23280 3.91500
v -1.58500 1.26920 3.91500
v -1.58500 -1.23180 3.91600
v -1.58500 1.26920 3.91600
v -1.58500 -1.23180 3.91700
v -1.58500 1.26920 3.91700
v -1.58500 -1.23180 3.92600
v -1.58500 1.26920 3.92600
v -1.58500 -1.23180 3.92700
v -1.58500 1.26920 3.92700
v -1.58500 -1.23280 3.92800
v -1.58500 1.26920 3.92800
v -1.58500 -1.23280 3.92900
v -1.58500 1.26920 3.92900
v -1.58500 -1.23280 4.01000
v -1.58500 1.26920 4.08700
v -1.58500 -1.23280 4.08700
v -1.58600 -1.23180 1.18600
v -1.58600 1.26820 1.18600
v -1.58600 -1.23180 4.09900
v -1.58600 1.26820 4.09900
v -1.58800 -1.22780 1.17800
v -1.58800 1.26520 1.17800
v -1.58800 -1.22880 1.38900
v -1.58800 1.26620 1.38900
v -1.58800 -1.22880 3.92200
v -1.58800 1.26620 3.92200
v -1.58800 -1.22780 4.10700
v -1.58800 1.26520 4.10700
v -1.59200 -1.22280 1.17200
v -1.59236 1.26037 1.17181
v -1.59200 -1.22280 4.11300
v -1.59200 1.26020 4.11300
v -1.60723 -1.23705 4.11400
v -1.57821 1.21984 4.11350
v -1.60300 -1.26780 1.19800
v -1.60300 1.30420 1.19800
v -1.60300 -1.26780 1.27900
v -1.60300 1.30420 1.27900
v -1.60300 -1.26780 1.38100
v -1.60300 1.30420 1.38100
v -1.60300 -1.26780 1.38200
v -1.60300 1.30420 1.38200
v -1.60300 -1.26780 1.39500
v -1.60300 1.30420 1.39500
v -1.60300 -1.26780 1.39600
v -1.60300 1.30420 1.39600
v -1.60300 -1.26780 1.48400
v -1.60300 1.30420 1.48400
v -1.60300 -1.26780 1.91600
v -1.60300 1.30420 1.91600
v -1.60300 -1.26780 2.83300
v -1.60300 1.30420 2.83300
v -1.60300 -1.26780 3.46200
v -1.60300 1.30420 3.46200
v -1.60300 -1.26780 3.86800
v -1.60300 1.30420 3.86800
v -1.60300 -1.26780 3.91400
v -1.60300 1.30420 3.91400
v -1.60300 -1.26780 3.91500
v -1.60300 1.30420 3.91500
v -1.60300 -1.26780 3.92800
v -1.60300 1.30420 3.92800
v -1.60300 -1.26780 3.92900
v -1.60300 1.30420 3.92900
v -1.60300 -1.26780 4.08700
v -1.60300 1.30420 4.08700
v -1.60400 -1.26580 1.18600
v -1.60400 1.30320 1.18600
v -1.60400 -1.26680 1.38300
v -1.60400 1.30420 1.38300
v -1.60400 -1.26680 1.38400
v -1.60400 1.30320 1.38400
v -1.60400 -1.26680 1.39300
v -1.60400 1.30320 1.39300
v -1.60400 -1.26680 1.39400
v -1.60400 1.30420 1.39400
v -1.60400 -1.26680 3.91600
v -1.60400 1.30420 3.91600
v -1.60400 -1.26680 3.91700
v -1.60400 1.30320 3.91700
v -1.60400 -1.26680 3.92600
v -1.60400 1.30320 3.92600
v -1.60400 -1.26680 3.92700
v -1.60400 1.30420 3.92700
v -1.60400 -1.26580 4.09900
v -1.60400 1.30320 4.09900
v -1.60500 -1.26280 1.38900
v -1.60500 1.30020 1.38900
v -1.60500 -1.26280 3.92200
v -1.60500 1.30020 3.92200
v -1.60600 -1.26180 1.17800
v -1.60600 1.29920 1.17800
v -1.60600 -1.26180 4.10700
v -1.60600 1.29920 4.10700
v -1.60900 -1.25480 1.17200
v -1.60900 1.29220 1.17200
v -1.60900 -1.25480 4.11300
v -1.60901 1.29170 4.11319
v -1.60448 -1.23239 1.17100
v -1.62966 1.31675 1.17151
v -1.62500 -1.29380 1.19800
v -1.62500 1.33120 1.19800
v -1.62500 -1.29380 1.31500
v -1.62500 1.33120 1.31500
v -1.62500 -1.29380 1.38100
v -1.62500 1.33120 1.38100
v -1.62500 -1.29380 1.38200
v -1.62500 1.33120 1.38200
v -1.62500 -1.29380 1.39500
v -1.62500 1.33120 1.39500
v -1.62500 -1.29380 1.39600
v -1.62500 1.33120 1.39600
v -1.62500 -1.29380 1.48400
v -1.62500 1.33120 1.48400
v -1.62500 -1.29380 1.91600
v -1.62500 1.33120 1.91600
v -1.62500 -1.29380 2.83300
v -1.62500 1.33120 2.83300
v -1.62500 -1.29380 3.15900
v -1.62500 1.33120 3.15900
v -1.62500 -1.29380 3.81650
v -1.62500 1.33120 3.81650
v -1.62500 -1.29380 3.91400
v -1.62500 1.33120 3.91400
v -1.62500 -1.29380 3.91500
v -1.62500 1.33120 3.91500
v -1.62500 -1.29380 3.92800
v -1.62500 1.33120 3.92800
v -1.62500 -1.29380 3.92900
v -1.62500 1.33120 3.92900
v -1.62500 -1.29380 4.08700
v -1.62500 1.33120 4.08700
v -1.62600 -1.29280 1.18600
v -1.62600 1.32920 1.18600
v -1.62600 -1.29380 1.38300
v -1.62600 1.33020 1.38300
v -1.62600 -1.29280 1.38400
v -1.62600 1.33020 1.38400
v -1.62638 -1.28832 1.38905
v -1.62600 1.33020 1.39300
v -1.62600 -1.29380 1.39400
v -1.62600 1.33020 1.39400
v -1.62600 -1.29380 3.91600
v -1.62600 1.33020 3.91600
v -1.62600 -1.29280 3.91700
v -1.62600 1.33020 3.91700
v -1.62638 -1.28831 3.92205
v -1.62600 1.33020 3.92600
v -1.62600 -1.29380 3.92700
v -1.62600 1.33020 3.92700
v -1.62600 -1.29280 4.09900
v -1.62600 1.32920 4.09900
v -1.62700 -1.28780 1.17800
v -1.62700 1.32520 1.17800
v -1.62700 1.32520 1.38900
v -1.62700 1.32520 3.92200
v -1.62700 -1.28780 4.10700
v -1.62700 1.32520 4.10700
v -1.62900 -1.27980 1.17200
v -1.62900 -1.27980 4.11300
v -1.62900 1.31720 4.11300
v -1.64229 1.31536 1.17100
v -1.64523 -1.28039 4.11400
v -1.65000 -1.31080 1.19800
v -1.65000 1.34820 1.19800
v -1.65000 -1.31080 1.27900
v -1.65000 1.34820 1.27900
v -1.65000 -1.31080 1.38100
v -1.65000 1.34820 1.38100
v -1.65000 -1.31080 1.38200
v -1.65000 1.34820 1.38200
v -1.65000 -1.31080 1.38300
v -1.65000 1.34720 1.38300
v -1.65000 -1.31080 1.39400
v -1.65000 1.34720 1.39400
v -1.65000 -1.31080 1.39500
v -1.65000 1.34820 1.39500
v -1.65000 -1.31080 1.39600
v -1.65000 1.34820 1.39600
v -1.65000 -1.31080 1.48400
v -1.65000 1.34820 1.48400
v -1.65000 -1.31080 1.91600
v -1.65000 1.34820 1.91600
v -1.65000 -1.31080 2.83300
v -1.65000 1.34820 2.83300
v -1.65000 -1.31080 3.46200
v -1.65000 1.34820 3.15900
v -1.65000 -1.31080 3.86800
v -1.65000 1.34820 3.81650
v -1.65000 -1.31080 3.91400
v -1.65000 1.34820 3.91400
v -1.65000 -1.31080 3.91500
v -1.65000 1.34820 3.91500
v -1.65000 -1.31080 3.91600
v -1.65000 1.34720 3.91600
v -1.65000 -1.31080 3.92700
v -1.65000 1.34720 3.92700
v -1.65000 -1.31080 3.92800
v -1.65000 1.34820 3.92800
v -1.65000 -1.31080 3.92900
v -1.65000 1.34820 3.92900
v -1.65000 -1.31080 4.08700
v -1.65000 1.34820 4.08700
v -1.65100 -1.30380 1.17800
v -1.65100 1.34120 1.17800
v -1.65100 -1.30980 1.18600
v -1.65100 1.34620 1.18600
v -1.65100 -1.30980 1.38400
v -1.65100 1.34720 1.38400
v -1.65184 -1.30525 1.38906
v -1.65100 1.34220 1.38900
v -1.65100 1.34720 1.39300
v -1.65100 -1.30980 3.91700
v -1.65100 1.34720 3.91700
v -1.65184 -1.30525 3.92206
v -1.65100 1.34220 3.92200
v -1.65100 1.34720 3.92600
v -1.65100 -1.30980 4.09900
v -1.65100 1.34620 4.09900
v -1.65100 -1.30380 4.10700
v -1.65100 1.34120 4.10700
v -1.65200 -1.29580 1.17200
v -1.65200 1.33220 1.17200
v -1.65200 -1.29580 4.11300
v -1.65200 1.33220 4.11300
v -1.64069 -1.27728 1.17100
v -1.63837 1.31242 4.11400
v -1.67698 -1.29975 1.17152
v -1.67830 1.33786 1.17181
v -1.67800 -1.30980 1.17800
v -1.67800 1.34720 1.17800
v -1.67800 -1.31480 1.18600
v -1.67800 1.35220 1.18600
v -1.67800 -1.31680 1.19800
v -1.67800 1.35420 1.19800
v -1.67800 -1.31680 1.31500
v -1.67800 1.35420 1.31500
v -1.67800 -1.31680 1.38100
v -1.67800 1.35420 1.38100
v -1.67800 -1.31680 1.38200
v -1.67800 1.35420 1.38200
v -1.67800 -1.31680 1.38300
v -1.67800 1.35320 1.38300
v -1.67866 -1.31082 1.38895
v -1.67800 1.35320 1.38400
v -1.67800 1.34820 1.38900
v -1.67800 -1.31580 1.39300
v -1.67800 1.35320 1.39300
v -1.67800 -1.31680 1.39400
v -1.67800 1.35320 1.39400
v -1.67800 -1.31680 1.39500
v -1.67800 1.35420 1.39500
v -1.67800 -1.31680 1.39600
v -1.67800 1.35420 1.39600
v -1.67800 -1.31680 1.48400
v -1.67800 1.35420 1.48400
v -1.67800 -1.31680 1.91600
v -1.67800 1.35420 1.91600
v -1.67800 -1.31680 2.83300
v -1.67800 1.35420 2.83300
v -1.67800 -1.31680 3.15900
v -1.67800 1.35420 3.46200
v -1.67800 -1.31680 3.81650
v -1.67800 1.35420 3.86800
v -1.67800 -1.31680 3.91400
v -1.67800 1.35420 3.91400
v -1.67800 -1.31680 3.91500
v -1.67800 1.35420 3.91500
v -1.67800 -1.31680 3.91600
v -1.67800 1.35320 3.91600
v -1.67866 -1.31082 3.92195
v -1.67800 1.35320 3.91700
v -1.67800 1.34820 3.92200
v -1.67800 -1.31580 3.92600
v -1.67800 1.35320 3.92600
v -1.67800 -1.31680 3.92700
v -1.67800 1.35320 3.92700
v -1.67800 -1.31680 3.92800
v -1.67800 1.35420 3.92800
v -1.67800 -1.31680 3.92900
v -1.67800 1.35420 3.92900
v -1.67800 1.35420 4.01000
v -1.67800 -1.31680 4.08700
v -1.67800 1.35420 4.08700
v -1.67800 -1.31480 4.09900
v -1.67800 1.35220 4.09900
v -1.67800 -1.30980 4.10700
v -1.67800 1.34720 4.10700
v -1.67836 -1.30046 4.11319
v -1.67744 1.33717 4.11348
v -1.79200 1.28120 1.17100
v -1.79200 1.32620 1.17100
v -1.79200 1.33820 1.17200
v -1.79647 1.34647 1.17780
v -1.79200 1.35220 1.18600
v -1.79200 1.35420 1.19800
v -1.79200 1.35420 1.24300
v -1.79200 1.35420 1.31500
v -1.79200 1.35420 1.38100
v -1.79200 1.35420 1.38200
v -1.79200 1.35320 1.38300
v -1.79632 1.35284 1.38351
v -1.79502 1.34756 1.38901
v -1.79200 1.35320 1.39300
v -1.79200 1.35320 1.39400
v -1.79200 1.35420 1.39500
v -1.79200 1.35420 1.39600
v -1.79200 1.35420 1.48400
v -1.79200 1.35420 1.91600
v -1.79200 1.35420 2.83300
v -1.79200 1.35420 3.15900
v -1.79200 1.35420 3.81650
v -1.79200 1.35420 3.91400
v -1.79200 1.35420 3.91500
v -1.79200 1.35320 3.91600
v -1.79200 1.35320 3.91700
v -1.79502 1.34756 3.92201
v -1.79200 1.35320 3.92600
v -1.79200 1.35320 3.92700
v -1.79200 1.35420 3.92800
v -1.79200 1.35420 3.92900
v -1.79200 1.35420 4.08700
v -1.79200 1.35220 4.09900
v -1.79200 1.33820 4.11300
v -1.79200 1.28120 4.11400
v -1.79200 1.32620 4.11400
v -1.79300 0.43920 1.17100
v -1.79300 0.43920 4.11400
v -1.79400 -0.40280 1.17100
v -1.79400 -0.40280 4.11400
v -1.79500 -1.28880 1.17100
v -1.79500 -1.24380 1.17100
v -1.79500 -1.30080 1.17200
v -1.79933 -1.30930 1.17799
v -1.79500 -1.31680 1.19800
v -1.79500 -1.31680 1.27900
v -1.79500 -1.31680 1.38100
v -1.79500 -1.31680 1.38200
v -1.79500 -1.31680 1.38300
v -1.79500 -1.31580 1.38400
v -1.79573 -1.31091 1.38890
v -1.79500 -1.31680 1.39400
v -1.79500 -1.31680 1.39500
v -1.79500 -1.31680 1.39600
v -1.79500 -1.31680 1.48400
v -1.79500 -1.31680 1.91600
v -1.79500 -1.31680 2.83300
v -1.79500 -1.31680 3.15900
v -1.79500 -1.31680 3.76500
v -1.79500 -1.31680 3.86800
v -1.79500 -1.31680 3.91400
v -1.79500 -1.31680 3.91500
v -1.79500 -1.31680 3.91600
v -1.79500 -1.31580 3.91700
v -1.79573 -1.31091 3.92190
v -1.79500 -1.31680 3.92700
v -1.79500 -1.31680 3.92800
v -1.79500 -1.31680 3.92900
v -1.79500 -1.31680 4.08700
v -1.79995 -1.31417 4.09897
v -1.79500 -1.30080 4.11300
v -1.79500 -1.28880 4.11400
v -1.79500 -1.24380 4.11400
v -1.79641 1.34669 4.10703
v -1.79800 1.32620 1.17200
v -1.79800 1.33720 1.17400
v -1.79800 1.35020 1.18700
v -1.79800 1.35220 1.19800
v -1.79800 1.35220 1.27900
v -1.79800 1.35220 1.38200
v -1.79800 1.35220 1.38300
v -1.79834 1.35164 1.39354
v -1.79800 1.35220 1.39500
v -1.79800 1.35220 1.48400
v -1.79800 1.35220 1.91600
v -1.79800 1.35220 2.83300
v -1.79800 1.35220 3.15900
v -1.79800 1.35220 3.76500
v -1.79800 1.35220 3.86800
v -1.79800 1.35220 3.91500
v -1.79771 1.35216 3.91626
v -1.79834 1.35164 3.92654
v -1.79800 1.35220 3.92800
v -1.79800 1.35220 4.01000
v -1.79800 1.35220 4.08700
v -1.79800 1.35020 4.09800
v -1.79800 1.33720 4.11100
v -1.79800 1.32620 4.11300
v -1.79900 1.28120 1.17200
v -1.79900 1.28120 4.11300
v -1.80000 -0.40280 1.17200
v -1.80000 0.43920 1.17200
v -1.80023 -1.30958 1.38893
v -1.80023 -1.30958 3.92193
v -1.79939 -1.30906 4.10721
v -1.80000 -0.40280 4.11300
v -1.80000 0.43920 4.11300
v -1.80100 -1.24380 1.17200
v -1.80100 -1.30080 1.17400
v -1.80100 1.34320 1.18100
v -1.79999 -1.31437 1.18660
v -1.80100 -1.31480 1.38300
v -1.80100 1.34220 1.38900
v -1.80100 -1.31380 1.39300
v -1.80100 -1.31480 1.39400
v -1.80100 -1.31480 3.91600
v -1.80100 1.34220 3.92200
v -1.80100 -1.31380 3.92600
v -1.80100 -1.31480 3.92700
v -1.80100 1.34320 4.10400
v -1.80100 -1.30080 4.11100
v -1.80100 -1.24380 4.11300
v -1.80200 -1.28880 1.17200
v -1.80200 -1.31480 1.19800
v -1.80200 -1.31480 1.31500
v -1.80200 -1.31480 1.38200
v -1.80200 -1.31480 1.39500
v -1.80200 -1.31480 1.48400
v -1.80200 -1.31480 1.91600
v -1.80200 -1.31480 2.83300
v -1.80200 -1.31480 3.15900
v -1.80200 -1.31480 3.76500
v -1.80200 -1.31480 3.86800
v -1.80200 -1.31480 3.91500
v -1.80200 -1.31480 3.92800
v -1.80200 -1.31480 4.01000
v -1.80200 -1.31480 4.08700
v -1.80200 -1.28880 4.11300
v -1.80300 1.28120 1.17800
v -1.80301 1.33525 1.17806
v -1.80311 1.34645 1.18980
v -1.80300 1.34720 1.24300
v -1.80300 1.34720 1.31500
v -1.80300 1.34720 1.38100
v -1.80294 1.34690 1.38239
v -1.80300 1.34620 1.38400
v -1.80297 1.34622 1.39335
v -1.80300 1.34720 1.39500
v -1.80300 1.34720 1.39600
v -1.80300 1.34720 1.48400
v -1.80300 1.34720 1.91600
v -1.80300 1.34720 2.83300
v -1.80300 1.34720 3.15900
v -1.80300 1.34720 3.76500
v -1.80300 1.34720 3.86800
v -1.80300 1.34720 3.91400
v -1.80300 1.34720 3.91500
v -1.80300 1.34620 3.91600
v -1.80300 1.34620 3.91700
v -1.80297 1.34622 3.92635
v -1.80300 1.34720 3.92800
v -1.80300 1.34720 3.92900
v -1.80300 1.34720 4.01000
v -1.80304 1.34665 4.09502
v -1.80300 1.28120 4.10700
v -1.80300 1.33520 4.10700
v -1.80400 0.43920 1.17800
v -1.80400 -1.30680 1.18100
v -1.80400 1.28120 1.38900
v -1.80362 1.33334 1.38897
v -1.80400 -1.30580 3.92200
v -1.80400 1.28120 3.92200
v -1.80362 1.33334 3.92197
v -1.80400 -1.30680 4.10400
v -1.80400 0.43920 4.10700
v -1.80500 -0.40280 1.17800
v -1.80591 1.33812 1.38294
v -1.80500 0.43920 1.38900
v -1.80500 1.33820 1.39300
v -1.80591 1.33812 3.91594
v -1.80500 0.43920 3.92200
v -1.80500 1.33820 3.92600
v -1.80500 1.33720 4.09800
v -1.80500 -0.40280 4.10700
v -1.80600 -1.29880 1.17800
v -1.80600 -1.24380 1.17800
v -1.80600 1.28120 1.18600
v -1.80531 1.33345 1.18452
v -1.80603 -1.30926 1.19010
v -1.80600 1.33820 1.24300
v -1.80600 -1.30980 1.27900
v -1.80600 -1.30980 1.38100
v -1.80600 -1.30980 1.38300
v -1.80600 1.33820 1.38200
v -1.80450 -1.30521 1.38911
v -1.80600 1.28120 1.38400
v -1.80600 1.32620 1.38400
v -1.80600 -0.40180 1.38900
v -1.80600 -1.30880 1.39300
v -1.80600 1.28120 1.39300
v -1.80612 1.33750 1.39390
v -1.80599 -1.30984 1.39436
v -1.80600 -1.30980 1.39600
v -1.80600 1.33820 1.39550
v -1.80600 -1.30980 1.48400
v -1.80600 1.33820 1.48400
v -1.80600 -1.30980 1.91600
v -1.80600 1.33820 1.91600
v -1.80600 -1.30980 2.83300
v -1.80600 1.33820 2.83300
v -1.80600 -1.30980 3.15900
v -1.80600 1.33820 3.15900
v -1.80600 -1.30980 3.76500
v -1.80600 1.33820 3.76500
v -1.80600 -1.30980 3.86800
v -1.80600 -1.30980 3.91400
v -1.80600 -1.30980 3.91500
v -1.80600 1.33820 3.91500
v -1.80610 -1.30960 3.91611
v -1.80600 1.28120 3.91700
v -1.80600 1.32620 3.91700
v -1.80600 -0.40180 3.92200
v -1.80617 -1.30742 3.92522
v -1.80600 1.28120 3.92600
v -1.80612 1.33750 3.92690
v -1.80599 -1.30984 3.92736
v -1.80600 -1.30980 3.92900
v -1.80600 1.33820 3.92850
v -1.80600 -1.30980 4.01000
v -1.80600 1.33820 4.08700
v -1.80611 -1.30903 4.09510
v -1.80600 1.28120 4.09900
v -1.80600 -1.29871 4.10706
v -1.80600 -1.24380 4.10700
v -1.80700 0.43920 1.18600
v -1.80700 1.28120 1.19800
v -1.80651 1.33588 1.19806
v -1.80700 1.28120 1.24300
v -1.80700 1.32620 1.24300
v -1.80700 1.28120 1.31500
v -1.80600 1.33820 1.31500
v -1.80700 1.28120 1.38100
v -1.80700 1.32620 1.38100
v -1.80700 1.28120 1.38200
v -1.80700 1.32620 1.38200
v -1.80700 1.28120 1.38300
v -1.80700 1.32620 1.38300
v -1.80700 0.43920 1.38400
v -1.80669 -1.29532 1.38906
v -1.80700 -1.24380 1.38900
v -1.80700 0.43920 1.39300
v -1.80700 1.28120 1.39400
v -1.80700 1.32620 1.39400
v -1.80700 1.28120 1.39500
v -1.80700 1.32620 1.39500
v -1.80700 1.28120 1.39600
v -1.80700 1.32620 1.39600
v -1.80700 1.28120 1.48400
v -1.80700 1.32620 1.48400
v -1.80700 1.28120 1.91600
v -1.80700 1.32620 1.91600
v -1.80700 1.28120 2.83300
v -1.80700 1.32620 2.83300
v -1.80700 1.28120 3.15900
v -1.80700 1.32620 3.15900
v -1.80700 1.28120 3.76500
v -1.80700 1.32620 3.76500
v -1.80700 1.28120 3.86800
v -1.80600 1.33820 3.86800
v -1.80700 1.28120 3.91400
v -1.80700 1.32620 3.91400
v -1.80700 1.28120 3.91500
v -1.80700 1.32620 3.91500
v -1.80700 1.28120 3.91600
v -1.80700 1.32620 3.91600
v -1.80700 0.43920 3.91700
v -1.80669 -1.29532 3.92205
v -1.80700 -1.24380 3.92200
v -1.80700 0.43920 3.92600
v -1.80700 1.28120 3.92700
v -1.80700 1.32620 3.92700
v -1.80700 1.28120 3.92800
v -1.80700 1.32620 3.92800
v -1.80700 1.28120 3.92900
v -1.80700 1.32620 3.92900
v -1.80700 1.28120 4.01000
v -1.80700 1.32620 4.01000
v -1.80700 1.28120 4.08700
v -1.80662 1.32481 4.09664
v -1.80700 0.43920 4.09900
v -1.80800 -0.40280 1.18600
v -1.80800 -1.30080 1.18700
v -1.80800 0.43920 1.19800
v -1.80800 0.43920 1.31500
v -1.80800 0.43920 1.38100
v -1.80800 0.43920 1.38200
v -1.80800 0.43920 1.38300
v -1.80800 -0.40280 1.38400
v -1.80894 -1.30077 1.39407
v -1.80800 -0.40280 1.39300
v -1.80800 0.43920 1.39400
v -1.80800 0.43920 1.39500
v -1.80800 0.43920 1.39600
v -1.80800 0.43920 1.48400
v -1.80800 0.43920 1.91600
v -1.80800 0.43920 2.99600
v -1.80800 0.43920 3.76500
v -1.80800 0.43920 3.86800
v -1.80800 0.43920 3.91400
v -1.80800 0.43920 3.91500
v -1.80800 0.43920 3.91600
v -1.80800 -1.30080 3.91700
v -1.80800 -0.40280 3.91700
v -1.80800 -0.40280 3.92600
v -1.80800 0.43920 3.92700
v -1.80800 0.43920 3.92800
v -1.80800 0.43920 3.92900
v -1.80900 -0.40280 4.01000
v -1.80800 0.43920 4.08700
v -1.80800 -0.40280 4.09900
v -1.80900 -1.24380 1.18600
v -1.80900 -1.30080 1.19800
v -1.80900 -0.40280 1.19800
v -1.80900 -1.30080 1.27900
v -1.80900 -0.40280 1.24300
v -1.80900 -0.40280 1.31500
v -1.80900 -1.30080 1.38150
v -1.80900 -0.40280 1.38100
v -1.80900 -0.40280 1.38200
v -1.80900 -1.30080 1.38300
v -1.80900 -1.24380 1.38300
v -1.80900 -0.40280 1.38300
v -1.80847 -1.29853 1.38399
v -1.80900 -1.24380 1.38400
v -1.80900 -1.28880 1.39300
v -1.80900 -1.24380 1.39300
v -1.80900 -1.24380 1.39400
v -1.80900 -0.40280 1.39400
v -1.80900 -1.30080 1.39550
v -1.80900 -0.40280 1.39500
v -1.80900 -0.40280 1.39600
v -1.80900 -1.30080 1.48400
v -1.80900 -0.40280 1.48400
v -1.80900 -1.30080 1.91600
v -1.80900 -0.40280 1.91600
v -1.80900 -1.30080 2.83300
v -1.80900 -0.40280 2.83300
v -1.80900 -1.30080 3.15900
v -1.80900 -0.40280 3.15900
v -1.80900 -1.30080 3.76500
v -1.80900 -0.40280 3.81650
v -1.80900 -1.30080 3.91450
v -1.80900 -0.40280 3.91400
v -1.80900 -0.40280 3.91500
v -1.80907 -1.30024 3.91612
v -1.80900 -1.24380 3.91600
v -1.80900 -0.40280 3.91600
v -1.80900 -1.24380 3.91700
v -1.80900 -1.28880 3.92600
v -1.80900 -1.24380 3.92600
v -1.80900 -1.30080 3.92700
v -1.80900 -1.24380 3.92700
v -1.80900 -0.40280 3.92700
v -1.80900 -1.30080 3.92850
v -1.80900 -0.40280 3.92800
v -1.80900 -0.40280 3.92900
v -1.80900 -1.30080 4.01000
v -1.80900 -0.40280 4.08700
v -1.80827 -1.29750 4.10050
v -1.80900 -1.24380 4.09900
v -1.80962 -1.28759 1.18835
v -1.81000 -1.24380 1.19800
v -1.81000 -1.28880 1.24300
v -1.81000 -1.24380 1.24300
v -1.81000 -1.28880 1.31500
v -1.81000 -1.24380 1.31500
v -1.81000 -1.28880 1.38100
v -1.81000 -1.24380 1.38100
v -1.81000 -1.28880 1.38200
v -1.81000 -1.24380 1.38200
v -1.81000 -1.28880 1.38300
v -1.81000 -1.28880 1.39400
v -1.81000 -1.28880 1.39500
v -1.81000 -1.24380 1.39500
v -1.81000 -1.28880 1.39600
v -1.81000 -1.24380 1.39600
v -1.81000 -1.28880 1.48400
v -1.81000 -1.24380 1.48400
v -1.81000 -1.28880 1.91600
v -1.81000 -1.24380 1.91600
v -1.81000 -1.28880 2.83300
v -1.81000 -1.24380 2.83300
v -1.81000 -1.28880 3.15900
v -1.81000 -1.24380 3.15900
v -1.81000 -1.28880 3.76500
v -1.81000 -1.24380 3.76500
v -1.80900 -1.30080 3.86800
v -1.81000 -1.24380 3.86800
v -1.81000 -1.28880 3.91400
v -1.81000 -1.24380 3.91400
v -1.81000 -1.28880 3.91500
v -1.81000 -1.24380 3.91500
v -1.81000 -1.28880 3.91600
v -1.81000 -1.28880 3.92700
v -1.81000 -1.28880 3.92800
v -1.81000 -1.24380 3.92800
v -1.81000 -1.28880 3.92900
v -1.81000 -1.24380 3.92900
v -1.81000 -1.28880 4.01000
v -1.81000 -1.24380 4.01000
v -1.80949 -1.29857 4.08738
v -1.81000 -1.24380 4.08700
usemtl m027
f 3074 3073 2972
f 2902 2904 2972
f 2904 2902 2839
f 2773 2775 2839
f 2775 2773 2706
f 2651 2612 2706
f 2612 2651 2410
f 2025 2037 2036
f 2036 2024 2025
f 2044 2032 2411
f 2652 2613 2411
f 2613 2652 2707
f 2774 2776 2707
f 2776 2774 2840
f 2903 2905 2840
f 2905 2903 2973
f 3034 3035 2973
f 3353 3321 3351
f 3088 3087 3001
f 2924 2926 3001
f 2926 2924 2859
f 2791 2793 2859
f 2793 2791 2734
f 2632 2634 2734
f 2634 2632 2465
f 2179 2167 2168
f 2186 2175 2468
f 2633 2635 2468
f 2635 2633 2735
f 2792 2794 2735
f 2794 2792 2860
f 3000 3002 2927
f 3002 3000 3050
f 3336 3335 3379
f 2664 3067 3065
f 3065 2665 2664
f 3068 2691 2692
f 2692 3066 3068
f 3073 3152 3139
f 3217 3139 3152
f 3139 3217 3196
f 3196 3072 3139
f 3034 3033 3105
f 3105 3106 3034
f 3106 3105 3169
f 3032 3105 3033
f 3105 3032 3138
f 3138 3169 3105
f 3169 3216 3265
f 3216 3169 3138
f 3138 3168 3216
f 3320 3350 3399
f 3350 3320 3217
f 3213 3320 3399
f 3320 3213 3196
f 3196 3217 3320
f 3098 3165 3097
f 3165 3098 3259
f 3098 3133 3202
f 3202 3259 3098
f 3060 3123 3124
f 3124 3061 3060
f 3061 3124 3102
f 3192 3124 3123
f 3124 3192 3148
f 3148 3102 3124
f 3259 3397 3439
f 3397 3259 3202
f 3202 3261 3397
f 3211 3258 3317
f 3258 3211 3192
f 3194 3211 3317
f 3211 3194 3148
f 3148 3192 3211
f 3030 3103 3104
f 3104 3031 3030
f 3031 3104 3032
f 3168 3104 3103
f 3104 3168 3138
f 3138 3032 3104
f 3069 3071 3137
f 3137 3151 3069
f 3151 3137 3213
f 3072 3137 3071
f 3137 3072 3196
f 3196 3213 3137
f 3064 3062 3125
f 3125 3126 3064
f 3126 3125 3194
f 3102 3125 3062
f 3125 3102 3148
f 3148 3194 3125
f 3100 3166 3149
f 3149 3099 3100
f 3099 3149 3133
f 3261 3149 3166
f 3149 3261 3202
f 3202 3133 3149
f 2972 3073 3139
f 3139 2970 2972
f 2970 3139 3072
f 3072 2968 2970
f 3152 3073 3074
f 3152 3219 3217
f 2902 2972 2970
f 2970 2944 2902
f 2944 2970 2968
f 2968 2942 2944
f 2839 2902 2944
f 2944 2871 2839
f 2871 2944 2942
f 2942 2891 2871
f 2773 2839 2871
f 2871 2805 2773
f 2805 2871 2891
f 2891 2829 2805
f 2706 2773 2805
f 2805 2755 2706
f 2755 2805 2829
f 2829 2759 2755
f 2651 2706 2755
f 2651 2755 2759
f 2759 2676 2651
f 2651 2521 2410
f 2521 2651 2676
f 2676 2572 2521
f 2410 2521 2272
f 2272 2033 2410
f 2272 2521 2572
f 2572 2507 2272
f 2024 2275 2276
f 2276 2025 2024
f 2275 2510 2511
f 2511 2276 2275
f 2522 2411 2032
f 2032 2520 2573
f 2573 2522 2032
f 2652 2411 2522
f 2652 2522 2573
f 2573 2677 2652
f 2652 2756 2707
f 2756 2652 2677
f 2677 2760 2756
f 2774 2707 2756
f 2756 2806 2774
f 2806 2756 2760
f 2760 2830 2806
f 2840 2774 2806
f 2806 2872 2840
f 2872 2806 2830
f 2830 2892 2872
f 2903 2840 2872
f 2872 2945 2903
f 2945 2872 2892
f 2892 2943 2945
f 2973 2903 2945
f 2945 2971 2973
f 2971 2945 2943
f 2943 2969 2971
f 3034 2973 2971
f 2971 3033 3034
f 3033 2971 2969
f 2969 3032 3033
f 3036 3035 3107
f 3170 3171 3107
f 3321 3263 3319
f 3319 3351 3321
f 3263 3195 3204
f 3204 3319 3263
f 3403 3401 3352
f 3267 3218 3265
f 3218 3170 3169
f 3169 3265 3218
f 3097 3021 3023
f 3023 3098 3097
f 3098 3023 3025
f 3025 3133 3098
f 3088 3161 3160
f 3160 3087 3088
f 3161 3243 3241
f 3241 3160 3161
f 3021 2940 2956
f 2956 3023 3021
f 3023 2956 2958
f 2958 3025 3023
f 2940 2869 2889
f 2889 2956 2940
f 2956 2889 2895
f 2895 2958 2956
f 2869 2803 2823
f 2823 2889 2869
f 2889 2823 2831
f 2831 2895 2889
f 2803 2754 2757
f 2757 2823 2803
f 2823 2757 2765
f 2765 2831 2823
f 2650 2757 2754
f 2757 2650 2682
f 2682 2765 2757
f 2650 2500 2545
f 2650 2545 2574
f 2574 2682 2650
f 2545 2500 2260
f 2260 2546 2574
f 2574 2545 2260
f 2264 2400 2399
f 2399 2263 2264
f 2400 2550 2549
f 2549 2399 2400
f 2407 2271 2506
f 2407 2506 2575
f 2575 2559 2407
f 2506 2661 2683
f 2683 2575 2506
f 2661 2753 2758
f 2661 2758 2766
f 2766 2683 2661
f 2753 2804 2824
f 2824 2758 2753
f 2758 2824 2832
f 2832 2766 2758
f 2804 2870 2890
f 2890 2824 2804
f 2824 2890 2896
f 2896 2832 2824
f 2870 2941 2957
f 2957 2890 2870
f 2890 2957 2959
f 2959 2896 2890
f 2941 3022 3024
f 3024 2957 2941
f 2957 3024 3026
f 3026 2959 2957
f 3060 3122 3123
f 3122 3191 3192
f 3192 3123 3122
f 3022 3060 3061
f 3061 3024 3022
f 3024 3061 3102
f 3102 3026 3024
f 3437 3395 3439
f 3395 3257 3259
f 3259 3439 3395
f 3396 3348 3318
f 3318 3347 3396
f 3348 3212 3203
f 3203 3318 3348
f 3242 3295 3297
f 3297 3183 3182
f 3182 3242 3297
f 2967 3030 3031
f 2967 3031 3032
f 3032 2969 2967
f 2967 2961 2900
f 2961 2967 2969
f 2969 2943 2961
f 2961 2838 2900
f 2838 2961 2943
f 2943 2892 2838
f 2834 2838 2892
f 2892 2830 2834
f 2768 2838 2834
f 2768 2834 2830
f 2830 2760 2768
f 2768 2702 2704
f 2702 2768 2760
f 2760 2677 2702
f 2609 2702 2677
f 2677 2573 2609
f 2702 2609 2596
f 2596 2671 2702
f 2609 2573 2520
f 2520 2596 2609
f 2665 2579 2578
f 2578 2664 2665
f 2579 2511 2510
f 2510 2578 2579
f 2594 2608 2699
f 2608 2594 2507
f 2507 2572 2608
f 2701 2699 2608
f 2701 2608 2572
f 2572 2676 2701
f 2701 2767 2837
f 2767 2701 2676
f 2676 2759 2767
f 2767 2833 2837
f 2833 2767 2759
f 2759 2829 2833
f 2964 2837 2833
f 2833 2897 2964
f 2897 2833 2829
f 2829 2891 2897
f 2897 2960 2964
f 2960 2897 2891
f 2891 2942 2960
f 2966 2964 2960
f 2966 2960 2942
f 2942 2968 2966
f 2966 3071 3069
f 3071 2966 2968
f 2968 3072 3071
f 3067 3129 3130
f 3130 3065 3067
f 3129 3204 3195
f 3195 3130 3129
f 3066 3135 3134
f 3134 3068 3066
f 3135 3203 3212
f 3212 3134 3135
f 3027 3100 3099
f 3027 3099 3133
f 3133 3025 3027
f 3027 2962 2901
f 2962 3027 3025
f 3025 2958 2962
f 2962 2898 2901
f 2898 2962 2958
f 2958 2895 2898
f 2771 2901 2898
f 2898 2835 2771
f 2835 2898 2895
f 2895 2831 2835
f 2835 2769 2771
f 2769 2835 2831
f 2831 2765 2769
f 2705 2771 2769
f 2769 2703 2705
f 2703 2769 2765
f 2765 2682 2703
f 2610 2703 2682
f 2682 2574 2610
f 2703 2610 2605
f 2605 2688 2703
f 2610 2574 2546
f 2546 2605 2610
f 2691 2589 2590
f 2590 2692 2691
f 2589 2549 2550
f 2550 2590 2589
f 2700 2698 2607
f 2607 2611 2700
f 2611 2607 2559
f 2559 2575 2611
f 2772 2611 2575
f 2575 2683 2772
f 2770 2772 2683
f 2683 2766 2770
f 2836 2772 2770
f 2836 2770 2766
f 2766 2832 2836
f 2836 2899 2965
f 2899 2836 2832
f 2832 2896 2899
f 2899 2963 2965
f 2963 2899 2896
f 2896 2959 2963
f 3028 2965 2963
f 3028 2963 2959
f 2959 3026 3028
f 3028 3062 3064
f 3062 3028 3026
f 3026 3102 3062
f 2803 2752 2754
f 2650 2754 2752
f 2752 2648 2650
f 2500 2650 2648
f 2249 2260 2500
f 2252 2264 2263
f 2506 2271 2259
f 2259 2503 2506
f 2661 2506 2503
f 2503 2649 2661
f 2753 2661 2649
f 2941 3020 3022
f 3060 3022 3020
f 3346 3396 3347
f 3097 3165 3164
f 3165 3259 3257
f 3257 3164 3165
f 3059 3121 3122
f 3122 3060 3059
f 3121 3190 3191
f 3191 3122 3121
f 3435 3392 3395
f 3395 3437 3435
f 3392 3255 3257
f 3257 3395 3392
f 3258 3315 3317
f 3258 3192 3191
f 3074 2972 2974
f 2904 2974 2972
f 2904 2839 2841
f 2775 2841 2839
f 2775 2706 2708
f 2612 2708 2706
f 2612 2410 2415
f 2421 2415 2045
f 2045 2056 2421
f 2048 2060 2059
f 2418 2055 2044
f 2044 2411 2418
f 2613 2418 2411
f 2613 2707 2709
f 2776 2709 2707
f 2776 2840 2842
f 2905 2842 2840
f 2905 2973 2975
f 3036 2975 2973
f 2973 3035 3036
f 3323 3322 3354
f 3354 3356 3323
f 3074 3153 3152
f 3219 3152 3153
f 3034 3106 3107
f 3107 3035 3034
f 3106 3169 3170
f 3170 3107 3106
f 3399 3350 3352
f 3352 3401 3399
f 3350 3217 3219
f 3219 3352 3350
f 3218 3267 3269
f 3269 3171 3170
f 3170 3218 3269
f 3112 3046 3045
f 3045 3111 3112
f 3178 3112 3111
f 3111 3177 3178
f 3370 3415 3413
f 3413 3367 3370
f 3233 3370 3367
f 3367 3231 3233
f 2993 3083 3082
f 3082 2991 2993
f 2918 2993 2991
f 2991 2916 2918
f 2851 2918 2916
f 2916 2849 2851
f 2785 2851 2849
f 2849 2783 2785
f 2726 2785 2783
f 2783 2724 2726
f 2626 2726 2724
f 2724 2624 2626
f 2442 2626 2624
f 2461 2457 2142
f 2142 2153 2461
f 2145 2157 2156
f 2452 2129 2117
f 2117 2445 2452
f 2627 2452 2445
f 2445 2625 2627
f 2727 2627 2625
f 2625 2725 2727
f 2786 2727 2725
f 2725 2784 2786
f 2852 2786 2784
f 2784 2850 2852
f 2919 2852 2850
f 2850 2917 2919
f 2994 2919 2917
f 2917 2992 2994
f 3046 2994 2992
f 2992 3045 3046
f 3375 3377 3334
f 3083 3156 3155
f 3155 3082 3083
f 3156 3233 3231
f 3231 3155 3156
f 3287 3234 3232
f 3232 3285 3287
f 3234 3178 3177
f 3177 3232 3234
f 3116 3050 3049
f 3049 3115 3116
f 3182 3116 3115
f 3115 3181 3182
f 3378 3423 3421
f 3421 3376 3378
f 3241 3378 3376
f 3376 3239 3241
f 3001 3087 3086
f 3086 2999 3001
f 2924 3001 2999
f 2924 2857 2859
f 2791 2859 2857
f 2791 2732 2734
f 2632 2734 2732
f 2632 2461 2465
f 2465 2461 2153
f 2153 2176 2465
f 2167 2156 2157
f 2157 2168 2167
f 2468 2175 2164
f 2164 2464 2468
f 2633 2468 2464
f 2633 2733 2735
f 2792 2735 2733
f 2792 2858 2860
f 2927 2860 2858
f 2858 2925 2927
f 3000 2927 2925
f 3000 3049 3050
f 3335 3334 3377
f 3377 3379 3335
f 3087 3160 3159
f 3159 3086 3087
f 3160 3241 3239
f 3239 3159 3160
f 3295 3242 3240
f 3240 3293 3295
f 3242 3182 3181
f 3181 3240 3242
f 3021 3097 3096
f 3096 3018 3021
f 2940 3021 3018
f 3018 2938 2940
f 2869 2940 2938
f 2938 2867 2869
f 2803 2869 2867
f 2867 2801 2803
f 2752 2803 2801
f 2801 2750 2752
f 2648 2752 2750
f 2750 2646 2648
f 2500 2648 2646
f 2646 2494 2500
f 2500 2494 2237
f 2237 2249 2500
f 2252 2240 2241
f 2503 2259 2248
f 2248 2497 2503
f 2649 2503 2497
f 2497 2647 2649
f 2753 2649 2647
f 2647 2751 2753
f 2804 2753 2751
f 2751 2802 2804
f 2870 2804 2802
f 2802 2868 2870
f 2941 2870 2868
f 2868 2939 2941
f 3020 2941 2939
f 2939 3019 3020
f 3060 3020 3019
f 3019 3059 3060
f 3346 3345 3394
f 3097 3164 3163
f 3163 3096 3097
f 3164 3257 3255
f 3255 3163 3164
f 3315 3258 3256
f 3256 3313 3315
f 3258 3191 3190
f 3190 3256 3258
f 3050 3117 3118
f 3118 3051 3050
f 3117 3183 3184
f 3184 3118 3117
f 3380 3427 3425
f 3425 3243 3244
f 3244 3380 3425
f 3093 3092 3009
f 2951 2953 3009
f 2953 2951 2883
f 2883 2885 2953
f 2885 2883 2817
f 2817 2827 2885
f 2827 2817 2742
f 2742 2763 2827
f 2763 2742 2657
f 2657 2680 2763
f 2680 2657 2534
f 2534 2566 2680
f 2566 2534 2358
f 2358 2481 2566
f 2484 2361 2362
f 2362 2485 2484
f 2569 2540 2369
f 2369 2535 2569
f 2569 2535 2658
f 2658 2681 2569
f 2681 2658 2743
f 2743 2764 2681
f 2764 2743 2818
f 2818 2828 2764
f 2828 2818 2884
f 2884 2894 2828
f 2894 2884 2952
f 2952 2954 2894
f 2954 2952 3010
f 3010 3011 2954
f 3011 3010 3054
f 3054 3055 3011
f 3209 3304 3341
f 3341 3250 3209
f 3092 3093 3132
f 3199 3247 3132
f 3201 3208 3249
f 3145 3187 3208
f 3208 3201 3145
f 3055 3120 3056
f 3145 3188 3120
f 3120 3055 3145
f 3305 3251 3387
f 3251 3305 3199
f 3009 3012 3093
f 3012 3009 2953
f 2827 2819 2885
f 2763 2744 2819
f 2819 2827 2763
f 2680 2659 2744
f 2744 2763 2680
f 2566 2541 2659
f 2659 2680 2566
f 2566 2481 2370
f 2370 2541 2566
f 2485 2374 2373
f 2373 2484 2485
f 2569 2542 2379
f 2379 2540 2569
f 2681 2660 2542
f 2542 2569 2681
f 2764 2745 2660
f 2660 2681 2764
f 2828 2820 2745
f 2745 2764 2828
f 2894 2886 2820
f 2820 2828 2894
f 2954 2955 2886
f 2886 2894 2954
f 3011 3013 2955
f 2955 2954 3011
f 3055 3056 3013
f 3013 3011 3055
f 3250 3342 3307
f 3307 3209 3250
f 3146 3132 3093
f 3132 3146 3251
f 3251 3199 3132
f 3201 3253 3210
f 3201 3210 3188
f 3188 3145 3201
f 3055 3054 3119
f 3055 3119 3187
f 3187 3145 3055
f 3305 3383 3340
f 3305 3340 3247
f 3247 3199 3305
f 3090 3089 3003
f 3003 3005 3090
f 3005 3003 2928
f 2928 2930 3005
f 2930 2928 2861
f 2861 2863 2930
f 2863 2861 2795
f 2795 2797 2863
f 2797 2795 2736
f 2736 2738 2797
f 2738 2736 2636
f 2636 2638 2738
f 2638 2636 2473
f 2473 2477 2638
f 2477 2473 2187
f 2187 2199 2477
f 2202 2190 2191
f 2191 2203 2202
f 2478 2209 2198
f 2198 2476 2478
f 2478 2476 2637
f 2637 2639 2478
f 2639 2637 2737
f 2737 2739 2639
f 2739 2737 2796
f 2796 2798 2739
f 2798 2796 2862
f 2862 2864 2798
f 2864 2862 2929
f 2929 2931 2864
f 2931 2929 3004
f 3004 3006 2931
f 3006 3004 3051
f 3051 3052 3006
f 3338 3337 3381
f 3381 3382 3338
f 3089 3090 3162
f 3245 3244 3162
f 3299 3301 3246
f 3185 3184 3246
f 3059 3058 3121
f 3189 3190 3121
f 3435 3433 3392
f 3254 3255 3392
f 3016 3018 3096
f 3096 3095 3016
f 2936 2938 3018
f 3018 3016 2936
f 2865 2867 2938
f 2938 2936 2865
f 2799 2801 2867
f 2867 2865 2799
f 2748 2750 2801
f 2801 2799 2748
f 2644 2646 2750
f 2750 2748 2644
f 2492 2494 2646
f 2646 2644 2492
f 2492 2226 2237
f 2237 2494 2492
f 2230 2241 2240
f 2240 2229 2230
f 2493 2497 2248
f 2248 2236 2493
f 2645 2647 2497
f 2497 2493 2645
f 2749 2751 2647
f 2647 2645 2749
f 2800 2802 2751
f 2751 2749 2800
f 2866 2868 2802
f 2802 2800 2866
f 2937 2939 2868
f 2868 2866 2937
f 3017 3019 2939
f 2939 2937 3017
f 3058 3059 3019
f 3019 3017 3058
f 3393 3394 3345
f 3345 3344 3393
f 3095 3096 3163
f 3255 3254 3163
f 3311 3313 3256
f 3190 3189 3256
f 3052 3051 3118
f 3184 3185 3118
f 3429 3427 3380
f 3244 3245 3380
f 3091 3090 3005
f 3005 3007 3091
f 3092 3091 3007
f 3007 3009 3092
f 3007 3005 2930
f 2930 2932 3007
f 3009 3007 2932
f 2932 2951 3009
f 2932 2930 2863
f 2863 2881 2932
f 2951 2932 2881
f 2881 2883 2951
f 2881 2863 2797
f 2797 2815 2881
f 2883 2881 2815
f 2815 2817 2883
f 2815 2797 2738
f 2738 2740 2815
f 2817 2815 2740
f 2740 2742 2817
f 2740 2738 2638
f 2638 2640 2740
f 2742 2740 2640
f 2640 2657 2742
f 2640 2638 2477
f 2477 2479 2640
f 2657 2640 2479
f 2479 2534 2657
f 2479 2477 2199
f 2199 2352 2479
f 2534 2479 2352
f 2352 2358 2534
f 2212 2202 2203
f 2203 2213 2212
f 2361 2212 2213
f 2213 2362 2361
f 2480 2357 2209
f 2209 2478 2480
f 2535 2369 2357
f 2357 2480 2535
f 2480 2478 2639
f 2639 2641 2480
f 2535 2480 2641
f 2641 2658 2535
f 2641 2639 2739
f 2739 2741 2641
f 2658 2641 2741
f 2741 2743 2658
f 2741 2739 2798
f 2798 2816 2741
f 2743 2741 2816
f 2816 2818 2743
f 2816 2798 2864
f 2864 2882 2816
f 2818 2816 2882
f 2882 2884 2818
f 2882 2864 2931
f 2931 2933 2882
f 2884 2882 2933
f 2933 2952 2884
f 2933 2931 3006
f 3006 3008 2933
f 2952 2933 3008
f 3008 3010 2952
f 3008 3006 3052
f 3052 3053 3008
f 3010 3008 3053
f 3053 3054 3010
f 3339 3338 3382
f 3382 3385 3339
f 3304 3339 3385
f 3385 3341 3304
f 3144 3162 3090
f 3090 3091 3144
f 3132 3144 3091
f 3091 3092 3132
f 3247 3245 3162
f 3162 3144 3247
f 3144 3132 3247
f 3208 3246 3301
f 3301 3303 3208
f 3303 3249 3208
f 3186 3185 3246
f 3246 3208 3186
f 3187 3186 3208
f 3120 3121 3058
f 3058 3057 3120
f 3057 3056 3120
f 3188 3189 3121
f 3121 3120 3188
f 3389 3392 3433
f 3433 3432 3389
f 3251 3389 3432
f 3432 3387 3251
f 3392 3389 3254
f 3251 3254 3389
f 3014 3016 3095
f 3095 3094 3014
f 3012 3014 3094
f 3094 3093 3012
f 2934 2936 3016
f 3016 3014 2934
f 2953 2934 3014
f 3014 3012 2953
f 2887 2865 2936
f 2936 2934 2887
f 2885 2887 2934
f 2934 2953 2885
f 2821 2799 2865
f 2865 2887 2821
f 2819 2821 2887
f 2887 2885 2819
f 2746 2748 2799
f 2799 2821 2746
f 2744 2746 2821
f 2821 2819 2744
f 2642 2644 2748
f 2748 2746 2642
f 2659 2642 2746
f 2746 2744 2659
f 2490 2492 2644
f 2644 2642 2490
f 2541 2490 2642
f 2642 2659 2541
f 2490 2380 2226
f 2226 2492 2490
f 2541 2370 2380
f 2380 2490 2541
f 2221 2230 2229
f 2229 2220 2221
f 2374 2221 2220
f 2220 2373 2374
f 2491 2493 2236
f 2236 2386 2491
f 2542 2491 2386
f 2386 2379 2542
f 2643 2645 2493
f 2493 2491 2643
f 2660 2643 2491
f 2491 2542 2660
f 2747 2749 2645
f 2645 2643 2747
f 2745 2747 2643
f 2643 2660 2745
f 2822 2800 2749
f 2749 2747 2822
f 2820 2822 2747
f 2747 2745 2820
f 2888 2866 2800
f 2800 2822 2888
f 2886 2888 2822
f 2822 2820 2886
f 2935 2937 2866
f 2866 2888 2935
f 2955 2935 2888
f 2888 2886 2955
f 3015 3017 2937
f 2937 2935 3015
f 3013 3015 2935
f 2935 2955 3013
f 3057 3058 3017
f 3017 3015 3057
f 3056 3057 3015
f 3015 3013 3056
f 3391 3393 3344
f 3344 3343 3391
f 3342 3391 3343
f 3343 3307 3342
f 3094 3095 3163
f 3163 3147 3094
f 3093 3094 3147
f 3147 3146 3093
f 3147 3163 3254
f 3146 3147 3254
f 3254 3251 3146
f 3309 3311 3256
f 3256 3253 3309
f 3253 3256 3189
f 3189 3188 3253
f 3210 3253 3188
f 3053 3052 3118
f 3118 3119 3053
f 3054 3053 3119
f 3119 3118 3185
f 3185 3186 3119
f 3186 3187 3119
f 3431 3429 3380
f 3380 3383 3431
f 3383 3380 3245
f 3245 3247 3383
f 3340 3383 3247
f 3041 3040 3174
f 3174 3141 3041
f 3277 3361 3223
f 3079 3078 2982
f 2946 2948 2982
f 2948 2946 2875
f 2875 2877 2948
f 2877 2875 2809
f 2809 2825 2877
f 2825 2809 2716
f 2716 2761 2825
f 2761 2716 2653
f 2653 2678 2761
f 2678 2653 2525
f 2525 2562 2678
f 2562 2525 2301
f 2301 2429 2562
f 2432 2304 2305
f 2305 2433 2432
f 2565 2531 2312
f 2312 2526 2565
f 2565 2526 2654
f 2654 2679 2565
f 2679 2654 2717
f 2717 2762 2679
f 2762 2717 2810
f 2810 2826 2762
f 2826 2810 2876
f 2876 2893 2826
f 2893 2876 2947
f 2947 2949 2893
f 2949 2947 2983
f 2983 2984 2949
f 2984 2983 3040
f 3040 3041 2984
f 3206 3276 3326
f 3326 3226 3206
f 3078 3079 3131
f 3198 3205 3225
f 3141 3174 3205
f 3205 3198 3141
f 3041 3110 3042
f 3141 3175 3110
f 3110 3041 3141
f 3277 3327 3363
f 3223 3227 3327
f 3327 3277 3223
f 2982 2985 3079
f 2985 2982 2948
f 2825 2811 2877
f 2761 2718 2811
f 2811 2825 2761
f 2678 2655 2718
f 2718 2761 2678
f 2562 2532 2655
f 2655 2678 2562
f 2562 2429 2313
f 2313 2532 2562
f 2433 2317 2316
f 2316 2432 2433
f 2565 2533 2322
f 2322 2531 2565
f 2679 2656 2533
f 2533 2565 2679
f 2762 2719 2656
f 2656 2679 2762
f 2826 2812 2719
f 2719 2762 2826
f 2893 2878 2812
f 2812 2826 2893
f 2949 2950 2878
f 2878 2893 2949
f 2984 2986 2950
f 2950 2949 2984
f 3041 3042 2986
f 2986 2984 3041
f 3226 3328 3279
f 3279 3206 3226
f 3142 3131 3079
f 3131 3142 3227
f 3227 3223 3131
f 3198 3229 3207
f 3198 3207 3175
f 3175 3141 3198
f 3038 3037 3108
f 3172 3173 3108
f 3407 3405 3355
f 3220 3221 3355
f 3076 3075 2976
f 2976 2978 3076
f 2978 2976 2906
f 2906 2908 2978
f 2908 2906 2843
f 2843 2845 2908
f 2845 2843 2777
f 2777 2779 2845
f 2779 2777 2710
f 2710 2712 2779
f 2712 2710 2614
f 2614 2616 2712
f 2616 2614 2421
f 2421 2425 2616
f 2425 2421 2056
f 2056 2068 2425
f 2071 2059 2060
f 2060 2072 2071
f 2426 2078 2067
f 2067 2424 2426
f 2426 2424 2615
f 2615 2617 2426
f 2617 2615 2711
f 2711 2713 2617
f 2713 2711 2778
f 2778 2780 2713
f 2780 2778 2844
f 2844 2846 2780
f 2846 2844 2907
f 2907 2909 2846
f 2909 2907 2977
f 2977 2979 2909
f 2979 2977 3037
f 3037 3038 2979
f 3324 3323 3356
f 3356 3357 3324
f 3075 3076 3154
f 3221 3220 3154
f 3271 3273 3222
f 3173 3172 3222
f 3045 3044 3111
f 3176 3177 3111
f 3413 3411 3367
f 3230 3231 3367
f 2989 2991 3082
f 3082 3081 2989
f 2914 2916 2991
f 2991 2989 2914
f 2847 2849 2916
f 2916 2914 2847
f 2781 2783 2849
f 2849 2847 2781
f 2722 2724 2783
f 2783 2781 2722
f 2622 2624 2724
f 2724 2722 2622
f 2440 2442 2624
f 2624 2622 2440
f 2440 2095 2106
f 2106 2442 2440
f 2099 2110 2109
f 2109 2098 2099
f 2441 2445 2117
f 2117 2105 2441
f 2623 2625 2445
f 2445 2441 2623
f 2723 2725 2625
f 2625 2623 2723
f 2782 2784 2725
f 2725 2723 2782
f 2848 2850 2784
f 2784 2782 2848
f 2915 2917 2850
f 2850 2848 2915
f 2990 2992 2917
f 2917 2915 2990
f 3044 3045 2992
f 2992 2990 3044
f 3368 3369 3331
f 3331 3330 3368
f 3081 3082 3155
f 3231 3230 3155
f 3283 3285 3232
f 3177 3176 3232
f 3039 3038 3108
f 3108 3109 3039
f 3040 3039 3109
f 3109 3108 3173
f 3040 3109 3173
f 3173 3174 3040
f 3409 3407 3355
f 3355 3358 3409
f 3361 3409 3358
f 3358 3355 3221
f 3361 3358 3221
f 3221 3223 3361
f 3077 3076 2978
f 2978 2980 3077
f 3078 3077 2980
f 2980 2982 3078
f 2980 2978 2908
f 2908 2910 2980
f 2982 2980 2910
f 2910 2946 2982
f 2910 2908 2845
f 2845 2873 2910
f 2946 2910 2873
f 2873 2875 2946
f 2873 2845 2779
f 2779 2807 2873
f 2875 2873 2807
f 2807 2809 2875
f 2807 2779 2712
f 2712 2714 2807
f 2809 2807 2714
f 2714 2716 2809
f 2714 2712 2616
f 2616 2618 2714
f 2716 2714 2618
f 2618 2653 2716
f 2618 2616 2425
f 2425 2427 2618
f 2653 2618 2427
f 2427 2525 2653
f 2427 2425 2068
f 2068 2295 2427
f 2525 2427 2295
f 2295 2301 2525
f 2081 2071 2072
f 2072 2082 2081
f 2304 2081 2082
f 2082 2305 2304
f 2428 2300 2078
f 2078 2426 2428
f 2526 2312 2300
f 2300 2428 2526
f 2428 2426 2617
f 2617 2619 2428
f 2526 2428 2619
f 2619 2654 2526
f 2619 2617 2713
f 2713 2715 2619
f 2654 2619 2715
f 2715 2717 2654
f 2715 2713 2780
f 2780 2808 2715
f 2717 2715 2808
f 2808 2810 2717
f 2808 2780 2846
f 2846 2874 2808
f 2810 2808 2874
f 2874 2876 2810
f 2874 2846 2909
f 2909 2911 2874
f 2876 2874 2911
f 2911 2947 2876
f 2911 2909 2979
f 2979 2981 2911
f 2947 2911 2981
f 2981 2983 2947
f 2981 2979 3038
f 3038 3039 2981
f 2983 2981 3039
f 3039 3040 2983
f 3325 3324 3357
f 3357 3360 3325
f 3276 3325 3360
f 3360 3326 3276
f 3140 3154 3076
f 3076 3077 3140
f 3131 3140 3077
f 3077 3078 3131
f 3154 3140 3221
f 3223 3221 3140
f 3140 3131 3223
f 3205 3222 3273
f 3273 3275 3205
f 3275 3225 3205
f 3222 3205 3173
f 3174 3173 3205
f 3110 3111 3044
f 3044 3043 3110
f 3043 3042 3110
f 3175 3176 3111
f 3111 3110 3175
f 3327 3367 3411
f 3411 3410 3327
f 3410 3363 3327
f 3367 3327 3230
f 3227 3230 3327
f 2987 2989 3081
f 3081 3080 2987
f 2985 2987 3080
f 3080 3079 2985
f 2912 2914 2989
f 2989 2987 2912
f 2948 2912 2987
f 2987 2985 2948
f 2879 2847 2914
f 2914 2912 2879
f 2877 2879 2912
f 2912 2948 2877
f 2813 2781 2847
f 2847 2879 2813
f 2811 2813 2879
f 2879 2877 2811
f 2720 2722 2781
f 2781 2813 2720
f 2718 2720 2813
f 2813 2811 2718
f 2620 2622 2722
f 2722 2720 2620
f 2655 2620 2720
f 2720 2718 2655
f 2438 2440 2622
f 2622 2620 2438
f 2532 2438 2620
f 2620 2655 2532
f 2438 2323 2095
f 2095 2440 2438
f 2532 2313 2323
f 2323 2438 2532
f 2090 2099 2098
f 2098 2089 2090
f 2317 2090 2089
f 2089 2316 2317
f 2439 2441 2105
f 2105 2329 2439
f 2533 2439 2329
f 2329 2322 2533
f 2621 2623 2441
f 2441 2439 2621
f 2656 2621 2439
f 2439 2533 2656
f 2721 2723 2623
f 2623 2621 2721
f 2719 2721 2621
f 2621 2656 2719
f 2814 2782 2723
f 2723 2721 2814
f 2812 2814 2721
f 2721 2719 2812
f 2880 2848 2782
f 2782 2814 2880
f 2878 2880 2814
f 2814 2812 2878
f 2913 2915 2848
f 2848 2880 2913
f 2950 2913 2880
f 2880 2878 2950
f 2988 2990 2915
f 2915 2913 2988
f 2986 2988 2913
f 2913 2950 2986
f 3043 3044 2990
f 2990 2988 3043
f 3042 3043 2988
f 2988 2986 3042
f 3366 3368 3330
f 3330 3329 3366
f 3328 3366 3329
f 3329 3279 3328
f 3080 3081 3155
f 3155 3143 3080
f 3079 3080 3143
f 3143 3142 3079
f 3143 3155 3230
f 3142 3143 3230
f 3230 3227 3142
f 3281 3283 3232
f 3232 3229 3281
f 3229 3232 3176
f 3176 3175 3229
f 3207 3229 3175
f 2414 2286 2284
f 2284 2412 2414
f 2413 2022 2034
f 2412 2285 2287
f 2287 2414 2412
f 2466 2469 2176
f 2467 2470 2345
f 2345 2343 2467
f 2474 2469 2177
f 2177 2188 2474
f 2475 2470 2346
f 2346 2348 2475
f 2673 2675 2672
f 2662 2674 2699
f 2688 2684 2689
f 2686 2685 2687
f 2413 2033 2272
f 2272 2523 2413
f 2523 2272 2507
f 2507 2560 2523
f 2523 2273 2022
f 2022 2413 2523
f 2283 2524 2412
f 2412 2284 2283
f 2560 2508 2273
f 2273 2523 2560
f 2516 2561 2524
f 2524 2283 2516
f 2524 2408 2285
f 2285 2412 2524
f 2561 2517 2408
f 2408 2524 2561
f 2260 2504 2543
f 2570 2546 2260
f 2260 2543 2570
f 2544 2396 2394
f 2394 2505 2544
f 2397 2543 2504
f 2504 2261 2397
f 2571 2555 2396
f 2396 2544 2571
f 2547 2570 2543
f 2543 2397 2547
f 2505 2395 2409
f 2409 2544 2505
f 2544 2409 2556
f 2556 2571 2544
f 2675 2673 2598
f 2598 2600 2675
f 2600 2598 2517
f 2517 2561 2600
f 2600 2584 2672
f 2672 2675 2600
f 2576 2599 2674
f 2674 2662 2576
f 2561 2516 2584
f 2584 2600 2561
f 2508 2560 2599
f 2599 2576 2508
f 2599 2594 2699
f 2699 2674 2599
f 2560 2507 2594
f 2594 2599 2560
f 2684 2688 2605
f 2605 2601 2684
f 2601 2605 2546
f 2546 2570 2601
f 2601 2587 2689
f 2689 2684 2601
f 2586 2602 2685
f 2685 2686 2586
f 2570 2547 2587
f 2587 2601 2570
f 2555 2571 2602
f 2602 2586 2555
f 2602 2603 2687
f 2687 2685 2602
f 2571 2556 2603
f 2603 2602 2571
f 2504 2260 2249
f 2249 2501 2504
f 2501 2250 2261
f 2261 2504 2501
f 2505 2394 2392
f 2392 2502 2505
f 2502 2393 2395
f 2395 2505 2502
f 2413 2416 2045
f 2045 2033 2413
f 2422 2416 2046
f 2046 2057 2422
f 2414 2417 2288
f 2288 2286 2414
f 2423 2417 2289
f 2289 2291 2423
f 2443 2450 2118
f 2118 2106 2443
f 2462 2458 2143
f 2143 2154 2462
f 2444 2451 2335
f 2335 2333 2444
f 2463 2459 2340
f 2340 2342 2463
f 2466 2176 2153
f 2153 2462 2466
f 2462 2154 2165
f 2165 2466 2462
f 2467 2343 2341
f 2341 2463 2467
f 2463 2342 2344
f 2344 2467 2463
f 2501 2249 2237
f 2237 2495 2501
f 2495 2238 2250
f 2250 2501 2495
f 2502 2392 2390
f 2390 2496 2502
f 2496 2391 2393
f 2393 2502 2496
f 2567 2481 2358
f 2358 2471 2567
f 2471 2359 2482
f 2482 2567 2471
f 2568 2536 2353
f 2353 2472 2568
f 2472 2354 2537
f 2537 2568 2472
f 2498 2370 2481
f 2481 2567 2498
f 2499 2382 2536
f 2536 2568 2499
f 2567 2482 2371
f 2371 2498 2567
f 2568 2537 2383
f 2383 2499 2568
f 2474 2199 2187
f 2187 2474 2474
f 2474 2188 2200
f 2200 2474 2474
f 2475 2349 2347
f 2347 2475 2475
f 2475 2348 2350
f 2350 2475 2475
f 2495 2237 2226
f 2226 2498 2495
f 2496 2390 2387
f 2387 2499 2496
f 2498 2227 2238
f 2238 2495 2498
f 2499 2388 2391
f 2391 2496 2499
f 2471 2352 2199
f 2199 2474 2471
f 2471 2358 2352
f 2352 2471 2471
f 2474 2200 2210
f 2210 2471 2474
f 2472 2353 2349
f 2349 2475 2472
f 2471 2210 2359
f 2359 2471 2471
f 2472 2353 2353
f 2353 2472 2472
f 2475 2350 2354
f 2354 2472 2475
f 2472 2354 2354
f 2354 2472 2472
f 2498 2226 2380
f 2380 2498 2498
f 2498 2380 2370
f 2370 2498 2498
f 2499 2387 2387
f 2387 2499 2499
f 2498 2218 2227
f 2227 2498 2498
f 2499 2387 2382
f 2382 2499 2499
f 2498 2371 2218
f 2218 2498 2498
f 2499 2388 2388
f 2388 2499 2499
f 2499 2383 2388
f 2388 2499 2499
f 2563 2429 2301
f 2301 2419 2563
f 2419 2302 2430
f 2430 2563 2419
f 2564 2527 2296
f 2296 2420 2564
f 2420 2297 2528
f 2528 2564 2420
f 2448 2313 2429
f 2429 2563 2448
f 2449 2325 2527
f 2527 2564 2449
f 2563 2430 2314
f 2314 2448 2563
f 2564 2528 2326
f 2326 2449 2564
f 2422 2068 2056
f 2056 2422 2422
f 2422 2057 2069
f 2069 2422 2422
f 2423 2292 2290
f 2290 2423 2423
f 2423 2291 2293
f 2293 2423 2423
f 2443 2106 2095
f 2095 2446 2443
f 2444 2333 2330
f 2330 2447 2444
f 2446 2096 2107
f 2107 2443 2446
f 2447 2331 2334
f 2334 2444 2447
f 2419 2295 2068
f 2068 2422 2419
f 2419 2301 2295
f 2295 2419 2419
f 2422 2069 2079
f 2079 2419 2422
f 2420 2296 2292
f 2292 2423 2420
f 2419 2079 2302
f 2302 2419 2419
f 2420 2296 2296
f 2296 2420 2420
f 2423 2293 2297
f 2297 2420 2423
f 2420 2297 2297
f 2297 2420 2420
f 2446 2095 2323
f 2323 2446 2446
f 2446 2323 2313
f 2313 2448 2446
f 2447 2330 2330
f 2330 2447 2447
f 2446 2087 2096
f 2096 2446 2446
f 2447 2330 2325
f 2325 2449 2447
f 2448 2314 2087
f 2087 2446 2448
f 2447 2331 2331
f 2331 2447 2447
f 2449 2326 2331
f 2331 2447 2449
f 2040 2039 2027
f 2027 2028 2040
f 2031 2032 2044
f 2044 2043 2031
f 2171 2182 2181
f 2181 2170 2171
f 2197 2185 2186
f 2186 2198 2197
f 2668 2667 2671
f 2671 2670 2668
f 2697 2698 2694
f 2694 2695 2697
f 2028 2027 2278
f 2278 2279 2028
f 2279 2278 2513
f 2513 2514 2279
f 2032 2031 2282
f 2519 2520 2032
f 2032 2282 2519
f 2403 2402 2266
f 2266 2267 2403
f 2553 2552 2402
f 2402 2403 2553
f 2270 2271 2407
f 2407 2406 2270
f 2406 2407 2559
f 2559 2558 2406
f 2670 2671 2596
f 2596 2595 2670
f 2595 2596 2520
f 2520 2519 2595
f 2582 2581 2667
f 2667 2668 2582
f 2514 2513 2581
f 2581 2582 2514
f 2695 2694 2592
f 2592 2593 2695
f 2593 2592 2552
f 2552 2553 2593
f 2606 2607 2698
f 2698 2697 2606
f 2558 2559 2607
f 2607 2606 2558
f 2267 2266 2254
f 2254 2255 2267
f 2258 2259 2271
f 2271 2270 2258
f 2040 2051 2050
f 2050 2039 2040
f 2066 2054 2055
f 2055 2067 2066
f 2113 2125 2124
f 2124 2112 2113
f 2163 2151 2152
f 2152 2164 2163
f 2171 2170 2159
f 2159 2160 2171
f 2163 2164 2175
f 2175 2174 2163
f 2255 2254 2243
f 2243 2244 2255
f 2247 2248 2259
f 2259 2258 2247
f 2488 2487 2364
f 2364 2365 2488
f 2368 2369 2540
f 2540 2539 2368
f 2377 2376 2487
f 2487 2488 2377
f 2539 2540 2379
f 2379 2378 2539
f 2206 2205 2193
f 2193 2194 2206
f 2197 2198 2209
f 2209 2208 2197
f 2244 2243 2232
f 2232 2233 2244
f 2235 2236 2248
f 2248 2247 2235
f 2216 2215 2205
f 2205 2206 2216
f 2365 2364 2215
f 2215 2216 2365
f 2208 2209 2357
f 2357 2356 2208
f 2356 2357 2369
f 2369 2368 2356
f 2233 2232 2223
f 2223 2224 2233
f 2224 2223 2376
f 2376 2377 2224
f 2385 2386 2236
f 2236 2235 2385
f 2378 2379 2386
f 2386 2385 2378
f 2436 2435 2307
f 2307 2308 2436
f 2311 2312 2531
f 2531 2530 2311
f 2320 2319 2435
f 2435 2436 2320
f 2530 2531 2322
f 2322 2321 2530
f 2075 2074 2062
f 2062 2063 2075
f 2066 2067 2078
f 2078 2077 2066
f 2113 2112 2101
f 2101 2102 2113
f 2104 2105 2117
f 2117 2116 2104
f 2085 2084 2074
f 2074 2075 2085
f 2308 2307 2084
f 2084 2085 2308
f 2077 2078 2300
f 2300 2299 2077
f 2299 2300 2312
f 2312 2311 2299
f 2102 2101 2092
f 2092 2093 2102
f 2093 2092 2319
f 2319 2320 2093
f 2328 2329 2105
f 2105 2104 2328
f 2321 2322 2329
f 2329 2328 2321
f 2041 2040 2028
f 2028 2029 2041
f 2286 2041 2029
f 2029 2284 2286
f 2030 2031 2043
f 2043 2042 2030
f 2285 2030 2042
f 2042 2287 2285
f 2172 2183 2182
f 2182 2171 2172
f 2343 2345 2183
f 2183 2172 2343
f 2196 2184 2185
f 2185 2197 2196
f 2348 2346 2184
f 2184 2196 2348
f 2669 2668 2670
f 2670 2670 2669
f 2672 2669 2670
f 2670 2673 2672
f 2697 2697 2695
f 2695 2696 2697
f 2687 2697 2696
f 2696 2686 2687
f 2029 2028 2279
f 2279 2280 2029
f 2284 2029 2280
f 2280 2283 2284
f 2280 2279 2514
f 2514 2515 2280
f 2283 2280 2515
f 2515 2516 2283
f 2281 2282 2031
f 2031 2030 2281
f 2408 2281 2030
f 2030 2285 2408
f 2518 2519 2282
f 2282 2281 2518
f 2517 2518 2281
f 2281 2408 2517
f 2404 2403 2267
f 2267 2268 2404
f 2396 2404 2268
f 2268 2394 2396
f 2554 2553 2403
f 2403 2404 2554
f 2555 2554 2404
f 2404 2396 2555
f 2269 2270 2406
f 2406 2405 2269
f 2395 2269 2405
f 2405 2409 2395
f 2405 2406 2558
f 2558 2557 2405
f 2409 2405 2557
f 2557 2556 2409
f 2670 2670 2595
f 2595 2597 2670
f 2673 2670 2597
f 2597 2598 2673
f 2597 2595 2519
f 2519 2518 2597
f 2598 2597 2518
f 2518 2517 2598
f 2583 2582 2668
f 2668 2669 2583
f 2584 2583 2669
f 2669 2672 2584
f 2515 2514 2582
f 2582 2583 2515
f 2516 2515 2583
f 2583 2584 2516
f 2696 2695 2593
f 2593 2585 2696
f 2686 2696 2585
f 2585 2586 2686
f 2585 2593 2553
f 2553 2554 2585
f 2586 2585 2554
f 2554 2555 2586
f 2604 2606 2697
f 2697 2697 2604
f 2603 2604 2697
f 2697 2687 2603
f 2557 2558 2606
f 2606 2604 2557
f 2556 2557 2604
f 2604 2603 2556
f 2268 2267 2255
f 2255 2256 2268
f 2394 2268 2256
f 2256 2392 2394
f 2257 2258 2270
f 2270 2269 2257
f 2393 2257 2269
f 2269 2395 2393
f 2041 2052 2051
f 2051 2040 2041
f 2286 2288 2052
f 2052 2041 2286
f 2065 2053 2054
f 2054 2066 2065
f 2291 2289 2053
f 2053 2065 2291
f 2114 2126 2125
f 2125 2113 2114
f 2333 2335 2126
f 2126 2114 2333
f 2162 2150 2151
f 2151 2163 2162
f 2342 2340 2150
f 2150 2162 2342
f 2172 2171 2160
f 2160 2161 2172
f 2343 2172 2161
f 2161 2341 2343
f 2162 2163 2174
f 2174 2173 2162
f 2342 2162 2173
f 2173 2344 2342
f 2256 2255 2244
f 2244 2245 2256
f 2392 2256 2245
f 2245 2390 2392
f 2246 2247 2258
f 2258 2257 2246
f 2391 2246 2257
f 2257 2393 2391
f 2489 2488 2365
f 2365 2366 2489
f 2536 2489 2366
f 2366 2353 2536
f 2367 2368 2539
f 2539 2538 2367
f 2354 2367 2538
f 2538 2537 2354
f 2381 2377 2488
f 2488 2489 2381
f 2382 2381 2489
f 2489 2536 2382
f 2538 2539 2378
f 2378 2384 2538
f 2537 2538 2384
f 2384 2383 2537
f 2207 2206 2194
f 2194 2195 2207
f 2349 2207 2195
f 2195 2347 2349
f 2196 2197 2208
f 2208 2351 2196
f 2348 2196 2351
f 2351 2350 2348
f 2245 2244 2233
f 2233 2234 2245
f 2390 2245 2234
f 2234 2387 2390
f 2389 2235 2247
f 2247 2246 2389
f 2388 2389 2246
f 2246 2391 2388
f 2217 2216 2206
f 2206 2207 2217
f 2353 2217 2207
f 2207 2349 2353
f 2366 2365 2216
f 2216 2217 2366
f 2353 2366 2217
f 2217 2353 2353
f 2351 2208 2356
f 2356 2355 2351
f 2350 2351 2355
f 2355 2354 2350
f 2355 2356 2368
f 2368 2367 2355
f 2354 2355 2367
f 2367 2354 2354
f 2234 2233 2224
f 2224 2225 2234
f 2387 2234 2225
f 2225 2387 2387
f 2225 2224 2377
f 2377 2381 2225
f 2387 2225 2381
f 2381 2382 2387
f 2384 2385 2235
f 2235 2389 2384
f 2388 2384 2389
f 2389 2388 2388
f 2384 2378 2385
f 2385 2384 2384
f 2383 2384 2384
f 2384 2388 2383
f 2437 2436 2308
f 2308 2309 2437
f 2527 2437 2309
f 2309 2296 2527
f 2310 2311 2530
f 2530 2529 2310
f 2297 2310 2529
f 2529 2528 2297
f 2324 2320 2436
f 2436 2437 2324
f 2325 2324 2437
f 2437 2527 2325
f 2529 2530 2321
f 2321 2327 2529
f 2528 2529 2327
f 2327 2326 2528
f 2076 2075 2063
f 2063 2064 2076
f 2292 2076 2064
f 2064 2290 2292
f 2065 2066 2077
f 2077 2294 2065
f 2291 2065 2294
f 2294 2293 2291
f 2114 2113 2102
f 2102 2103 2114
f 2333 2114 2103
f 2103 2330 2333
f 2332 2104 2116
f 2116 2115 2332
f 2331 2332 2115
f 2115 2334 2331
f 2086 2085 2075
f 2075 2076 2086
f 2296 2086 2076
f 2076 2292 2296
f 2309 2308 2085
f 2085 2086 2309
f 2296 2309 2086
f 2086 2296 2296
f 2294 2077 2299
f 2299 2298 2294
f 2293 2294 2298
f 2298 2297 2293
f 2298 2299 2311
f 2311 2310 2298
f 2297 2298 2310
f 2310 2297 2297
f 2103 2102 2093
f 2093 2094 2103
f 2330 2103 2094
f 2094 2330 2330
f 2094 2093 2320
f 2320 2324 2094
f 2330 2094 2324
f 2324 2325 2330
f 2327 2328 2104
f 2104 2332 2327
f 2331 2327 2332
f 2332 2331 2331
f 2327 2321 2328
f 2328 2327 2327
f 2326 2327 2327
f 2327 2331 2326
f 2027 2039 2038
f 2038 2026 2027
f 2026 2038 2037
f 2037 2025 2026
f 2034 2022 2023
f 2023 2035 2034
f 2035 2023 2024
f 2024 2036 2035
f 3399 3401 3402
f 3402 3400 3399
f 3400 3402 3353
f 3353 3351 3400
f 3267 3265 3264
f 3264 3266 3267
f 3266 3264 3321
f 3321 3353 3266
f 2170 2181 2180
f 2180 2169 2170
f 2169 2180 2168
f 2188 2177 2178
f 2178 2189 2188
f 2189 2178 2179
f 2179 2190 2189
f 3423 3425 3426
f 3426 3424 3423
f 3424 3426 3379
f 3299 3297 3296
f 3296 3298 3299
f 3298 3296 3336
f 3336 3337 3298
f 2699 2701 2837
f 2699 2837 2964
f 2699 2964 2966
f 2966 3069 3070
f 2699 2966 3070
f 2662 2699 3070
f 2663 2662 3070
f 2663 3070 3067
f 3067 2664 2663
f 3030 2967 2900
f 2838 2768 2704
f 2900 2838 2704
f 2704 2702 2671
f 2671 2667 2666
f 2704 2671 2666
f 2900 2704 2666
f 3030 2900 2666
f 3029 3030 2666
f 3065 3029 2666
f 2666 2665 3065
f 3100 3027 2901
f 2901 2771 2705
f 2705 2703 2688
f 2688 2689 2690
f 2705 2688 2690
f 2901 2705 2690
f 3100 2901 2690
f 3101 3100 2690
f 3068 3101 2690
f 2690 2691 3068
f 2694 2698 2700
f 2700 2611 2772
f 2772 2836 2965
f 2700 2772 2965
f 2700 2965 3028
f 3028 3064 3063
f 2700 3028 3063
f 2694 2700 3063
f 2693 2694 3063
f 2693 3063 3066
f 3066 2692 2693
f 2022 2273 2274
f 2274 2023 2022
f 2023 2274 2275
f 2275 2024 2023
f 2278 2027 2026
f 2026 2277 2278
f 2277 2026 2025
f 2025 2276 2277
f 2274 2273 2508
f 2508 2509 2274
f 2274 2509 2510
f 2510 2275 2274
f 2513 2278 2277
f 2277 2512 2513
f 2512 2277 2276
f 2276 2511 2512
f 3265 3216 3215
f 3215 3264 3265
f 3264 3215 3263
f 3263 3321 3264
f 3400 3349 3399
f 3349 3400 3351
f 3351 3319 3349
f 3216 3168 3167
f 3167 3215 3216
f 3215 3167 3195
f 3195 3263 3215
f 3213 3399 3349
f 3349 3214 3213
f 3214 3349 3319
f 3319 3204 3214
f 2266 2402 2401
f 2401 2265 2266
f 2265 2401 2400
f 2400 2264 2265
f 2397 2261 2262
f 2262 2398 2397
f 2398 2262 2263
f 2263 2399 2398
f 2401 2402 2552
f 2552 2551 2401
f 2401 2551 2550
f 2550 2400 2401
f 2547 2397 2398
f 2398 2548 2547
f 2548 2398 2399
f 2399 2549 2548
f 3439 3397 3398
f 3398 3440 3439
f 3440 3398 3348
f 3348 3396 3440
f 3316 3260 3317
f 3260 3316 3347
f 3347 3318 3260
f 3397 3261 3262
f 3262 3398 3397
f 3398 3262 3212
f 3212 3348 3398
f 3194 3317 3260
f 3260 3193 3194
f 3193 3260 3318
f 3318 3203 3193
f 2667 2581 2580
f 2580 2666 2667
f 2666 2580 2579
f 2579 2665 2666
f 2577 2576 2662
f 2662 2663 2577
f 2577 2663 2664
f 2664 2578 2577
f 2581 2513 2512
f 2512 2580 2581
f 2580 2512 2511
f 2511 2579 2580
f 2509 2508 2576
f 2576 2577 2509
f 2509 2577 2578
f 2578 2510 2509
f 3069 3151 3136
f 3136 3070 3069
f 3070 3136 3129
f 3129 3067 3070
f 3103 3030 3029
f 3029 3127 3103
f 3127 3029 3065
f 3065 3130 3127
f 3151 3213 3214
f 3214 3136 3151
f 3136 3214 3204
f 3204 3129 3136
f 3168 3103 3127
f 3127 3167 3168
f 3167 3127 3130
f 3130 3195 3167
f 3064 3126 3128
f 3128 3063 3064
f 3063 3128 3135
f 3135 3066 3063
f 3166 3100 3101
f 3101 3150 3166
f 3150 3101 3068
f 3068 3134 3150
f 3126 3194 3193
f 3193 3128 3126
f 3128 3193 3203
f 3203 3135 3128
f 3261 3166 3150
f 3150 3262 3261
f 3262 3150 3134
f 3134 3212 3262
f 2689 2587 2588
f 2588 2690 2689
f 2690 2588 2589
f 2589 2691 2690
f 2591 2592 2694
f 2694 2693 2591
f 2591 2693 2692
f 2692 2590 2591
f 2587 2547 2548
f 2548 2588 2587
f 2588 2548 2549
f 2549 2589 2588
f 2551 2552 2592
f 2592 2591 2551
f 2551 2591 2590
f 2590 2550 2551
f 2261 2250 2251
f 2251 2262 2261
f 2262 2251 2252
f 2252 2263 2262
f 2254 2266 2265
f 2265 2253 2254
f 2253 2265 2264
f 2264 2252 2253
f 3317 3315 3314
f 3314 3316 3317
f 3316 3314 3346
f 3346 3347 3316
f 3437 3439 3440
f 3440 3438 3437
f 3438 3440 3396
f 3396 3346 3438
f 2057 2046 2047
f 2047 2058 2057
f 2058 2047 2048
f 2048 2059 2058
f 2039 2050 2049
f 2049 2038 2039
f 2038 2049 2048
f 2048 2037 2038
f 3271 3269 3268
f 3268 3270 3271
f 3270 3268 3322
f 3322 3323 3270
f 3401 3403 3404
f 3404 3402 3401
f 3402 3404 3354
f 3354 3353 3402
f 2154 2143 2144
f 2144 2155 2154
f 2155 2144 2156
f 2112 2124 2123
f 2123 2111 2112
f 2111 2123 2122
f 2122 2110 2111
f 3293 3291 3290
f 3290 3292 3293
f 3292 3290 3334
f 3413 3415 3416
f 3416 3414 3413
f 3414 3416 3371
f 3371 3369 3414
f 2165 2154 2155
f 2155 2166 2165
f 2166 2155 2156
f 2156 2167 2166
f 2159 2170 2169
f 2169 2158 2159
f 2158 2169 2168
f 2168 2157 2158
f 3295 3293 3292
f 3292 3294 3295
f 3294 3292 3334
f 3334 3335 3294
f 3421 3423 3424
f 3424 3422 3421
f 3422 3424 3379
f 3379 3377 3422
f 2250 2238 2239
f 2239 2251 2250
f 2251 2239 2240
f 2240 2252 2251
f 2243 2254 2253
f 2253 2242 2243
f 2242 2253 2252
f 2252 2241 2242
f 3315 3313 3312
f 3312 3314 3315
f 3314 3312 3345
f 3345 3346 3314
f 3435 3437 3438
f 3438 3436 3435
f 3436 3438 3346
f 3346 3394 3436
f 2482 2359 2360
f 2360 2483 2482
f 2483 2360 2361
f 2361 2484 2483
f 2363 2364 2487
f 2487 2486 2363
f 2363 2486 2485
f 2485 2362 2363
f 3201 3249 3248
f 3248 3200 3201
f 3200 3248 3304
f 3304 3209 3200
f 3386 3383 3305
f 3305 3306 3386
f 3386 3306 3250
f 3250 3341 3386
f 2487 2376 2375
f 2375 2486 2487
f 2486 2375 2374
f 2374 2485 2486
f 2372 2371 2482
f 2482 2483 2372
f 2372 2483 2484
f 2484 2373 2372
f 3305 3387 3388
f 3388 3306 3305
f 3306 3388 3342
f 3342 3250 3306
f 3252 3253 3201
f 3201 3200 3252
f 3252 3200 3209
f 3209 3307 3252
f 2200 2188 2189
f 2189 2201 2200
f 2201 2189 2190
f 2190 2202 2201
f 2193 2205 2204
f 2204 2192 2193
f 2192 2204 2203
f 2203 2191 2192
f 3301 3299 3298
f 3298 3300 3301
f 3300 3298 3337
f 3337 3338 3300
f 3427 3429 3430
f 3430 3428 3427
f 3428 3430 3382
f 3382 3381 3428
f 2232 2243 2242
f 2242 2231 2232
f 2231 2242 2241
f 2241 2230 2231
f 2238 2227 2228
f 2228 2239 2238
f 2239 2228 2229
f 2229 2240 2239
f 3433 3435 3436
f 3436 3434 3433
f 3434 3436 3394
f 3394 3393 3434
f 3313 3311 3310
f 3310 3312 3313
f 3312 3310 3344
f 3344 3345 3312
f 2210 2200 2201
f 2201 2211 2210
f 2211 2201 2202
f 2202 2212 2211
f 2205 2215 2214
f 2214 2204 2205
f 2204 2214 2213
f 2213 2203 2204
f 2359 2210 2211
f 2211 2360 2359
f 2360 2211 2212
f 2212 2361 2360
f 2215 2364 2363
f 2363 2214 2215
f 2214 2363 2362
f 2362 2213 2214
f 3303 3301 3300
f 3300 3302 3303
f 3302 3300 3338
f 3338 3339 3302
f 3429 3431 3384
f 3384 3430 3429
f 3430 3384 3385
f 3385 3382 3430
f 3249 3303 3302
f 3302 3248 3249
f 3248 3302 3339
f 3339 3304 3248
f 3431 3383 3386
f 3386 3384 3431
f 3384 3386 3341
f 3341 3385 3384
f 2223 2232 2231
f 2231 2222 2223
f 2222 2231 2230
f 2230 2221 2222
f 2227 2218 2219
f 2219 2228 2227
f 2228 2219 2220
f 2220 2229 2228
f 2376 2223 2222
f 2222 2375 2376
f 2375 2222 2221
f 2221 2374 2375
f 2218 2371 2372
f 2372 2219 2218
f 2219 2372 2373
f 2373 2220 2219
f 3432 3433 3434
f 3434 3390 3432
f 3390 3434 3393
f 3393 3391 3390
f 3311 3309 3308
f 3308 3310 3311
f 3310 3308 3343
f 3343 3344 3310
f 3387 3432 3390
f 3390 3388 3387
f 3388 3390 3391
f 3391 3342 3388
f 3309 3253 3252
f 3252 3308 3309
f 3308 3252 3307
f 3307 3343 3308
f 2430 2302 2303
f 2303 2431 2430
f 2431 2303 2304
f 2304 2432 2431
f 2306 2307 2435
f 2435 2434 2306
f 2306 2434 2433
f 2433 2305 2306
f 3198 3225 3224
f 3224 3197 3198
f 3197 3224 3276
f 3276 3206 3197
f 3362 3361 3277
f 3277 3278 3362
f 3362 3278 3226
f 3226 3326 3362
f 2435 2319 2318
f 2318 2434 2435
f 2434 2318 2317
f 2317 2433 2434
f 2315 2314 2430
f 2430 2431 2315
f 2315 2431 2432
f 2432 2316 2315
f 3277 3363 3364
f 3364 3278 3277
f 3278 3364 3328
f 3328 3226 3278
f 3228 3229 3198
f 3198 3197 3228
f 3228 3197 3206
f 3206 3279 3228
f 2069 2057 2058
f 2058 2070 2069
f 2070 2058 2059
f 2059 2071 2070
f 2062 2074 2073
f 2073 2061 2062
f 2061 2073 2072
f 2072 2060 2061
f 3273 3271 3270
f 3270 3272 3273
f 3272 3270 3323
f 3323 3324 3272
f 3405 3407 3408
f 3408 3406 3405
f 3406 3408 3357
f 3357 3356 3406
f 2101 2112 2111
f 2111 2100 2101
f 2100 2111 2110
f 2110 2099 2100
f 2107 2096 2097
f 2097 2108 2107
f 2108 2097 2098
f 2098 2109 2108
f 3411 3413 3414
f 3414 3412 3411
f 3412 3414 3369
f 3369 3368 3412
f 3285 3283 3282
f 3282 3284 3285
f 3284 3282 3330
f 3330 3331 3284
f 2079 2069 2070
f 2070 2080 2079
f 2080 2070 2071
f 2071 2081 2080
f 2074 2084 2083
f 2083 2073 2074
f 2073 2083 2082
f 2082 2072 2073
f 2302 2079 2080
f 2080 2303 2302
f 2303 2080 2081
f 2081 2304 2303
f 2084 2307 2306
f 2306 2083 2084
f 2083 2306 2305
f 2305 2082 2083
f 3275 3273 3272
f 3272 3274 3275
f 3274 3272 3324
f 3324 3325 3274
f 3407 3409 3359
f 3359 3408 3407
f 3408 3359 3360
f 3360 3357 3408
f 3225 3275 3274
f 3274 3224 3225
f 3224 3274 3325
f 3325 3276 3224
f 3409 3361 3362
f 3362 3359 3409
f 3359 3362 3326
f 3326 3360 3359
f 2092 2101 2100
f 2100 2091 2092
f 2091 2100 2099
f 2099 2090 2091
f 2096 2087 2088
f 2088 2097 2096
f 2097 2088 2089
f 2089 2098 2097
f 2319 2092 2091
f 2091 2318 2319
f 2318 2091 2090
f 2090 2317 2318
f 2087 2314 2315
f 2315 2088 2087
f 2088 2315 2316
f 2316 2089 2088
f 3410 3411 3412
f 3412 3365 3410
f 3365 3412 3368
f 3368 3366 3365
f 3283 3281 3280
f 3280 3282 3283
f 3282 3280 3329
f 3329 3330 3282
f 3363 3410 3365
f 3365 3364 3363
f 3364 3365 3366
f 3366 3328 3364
f 3281 3229 3228
f 3228 3280 3281
f 3280 3228 3279
f 3279 3329 3280
f 3003 3089 3088
f 3088 3001 3003
f 2928 3003 3001
f 3001 2926 2928
f 2861 2928 2926
f 2926 2859 2861
f 2795 2861 2859
f 2859 2793 2795
f 2736 2795 2793
f 2793 2734 2736
f 2636 2736 2734
f 2734 2634 2636
f 2473 2636 2634
f 2634 2465 2473
f 2187 2473 2465
f 2465 2176 2187
f 2191 2190 2179
f 2179 2168 2191
f 2476 2198 2186
f 2186 2468 2476
f 2637 2476 2468
f 2468 2635 2637
f 2737 2637 2635
f 2635 2735 2737
f 2796 2737 2735
f 2735 2794 2796
f 2862 2796 2794
f 2794 2860 2862
f 2929 2862 2860
f 2860 2927 2929
f 3004 2929 2927
f 2927 3002 3004
f 3051 3004 3002
f 3002 3050 3051
f 3381 3337 3336
f 3336 3379 3381
f 3089 3162 3161
f 3161 3088 3089
f 3162 3244 3243
f 3243 3161 3162
f 3299 3246 3297
f 3246 3184 3183
f 3183 3297 3246
f 3050 3116 3117
f 3116 3182 3183
f 3183 3117 3116
f 3423 3378 3425
f 3378 3241 3243
f 3243 3425 3378
f 2474 2187 2176
f 2176 2469 2474
f 2475 2347 2345
f 2345 2470 2475
f 2466 2165 2177
f 2177 2469 2466
f 2467 2344 2346
f 2346 2470 2467
f 2194 2193 2181
f 2181 2182 2194
f 2174 2175 2186
f 2186 2185 2174
f 2195 2194 2182
f 2182 2183 2195
f 2347 2195 2183
f 2183 2345 2347
f 2173 2174 2185
f 2185 2184 2173
f 2344 2173 2184
f 2184 2346 2344
f 2193 2192 2180
f 2180 2181 2193
f 2192 2191 2168
f 2168 2180 2192
f 2165 2166 2178
f 2178 2177 2165
f 2166 2167 2179
f 2179 2178 2166
f 3427 3428 3426
f 3426 3425 3427
f 3428 3381 3379
f 3379 3426 3428
f 3295 3294 3296
f 3296 3297 3295
f 3294 3335 3336
f 3336 3296 3294
f 3108 3037 3036
f 3036 3107 3108
f 3172 3108 3107
f 3107 3171 3172
f 3355 3405 3403
f 3403 3352 3355
f 3220 3355 3352
f 3352 3219 3220
f 2976 3075 3074
f 3074 2974 2976
f 2906 2976 2974
f 2974 2904 2906
f 2843 2906 2904
f 2904 2841 2843
f 2777 2843 2841
f 2841 2775 2777
f 2710 2777 2775
f 2775 2708 2710
f 2614 2710 2708
f 2708 2612 2614
f 2421 2614 2612
f 2612 2415 2421
f 2410 2033 2045
f 2045 2415 2410
f 2036 2037 2048
f 2424 2067 2055
f 2055 2418 2424
f 2615 2424 2418
f 2418 2613 2615
f 2711 2615 2613
f 2613 2709 2711
f 2778 2711 2709
f 2709 2776 2778
f 2844 2778 2776
f 2776 2842 2844
f 2907 2844 2842
f 2842 2905 2907
f 2977 2907 2905
f 2905 2975 2977
f 3037 2977 2975
f 2975 3036 3037
f 3354 3322 3353
f 3075 3154 3153
f 3153 3074 3075
f 3154 3220 3219
f 3219 3153 3154
f 3271 3222 3269
f 3222 3172 3171
f 3171 3269 3222
f 2422 2056 2045
f 2045 2416 2422
f 2413 2034 2046
f 2046 2416 2413
f 2423 2290 2288
f 2288 2417 2423
f 2414 2287 2289
f 2289 2417 2414
f 2063 2062 2050
f 2050 2051 2063
f 2043 2044 2055
f 2055 2054 2043
f 2064 2063 2051
f 2051 2052 2064
f 2290 2064 2052
f 2052 2288 2290
f 2042 2043 2054
f 2054 2053 2042
f 2287 2042 2053
f 2053 2289 2287
f 2034 2035 2047
f 2047 2046 2034
f 2035 2036 2048
f 2048 2047 2035
f 2062 2061 2049
f 2049 2050 2062
f 2061 2060 2048
f 2048 2049 2061
f 3267 3266 3268
f 3268 3269 3267
f 3266 3353 3322
f 3322 3268 3266
f 3405 3406 3404
f 3404 3403 3405
f 3406 3356 3354
f 3354 3404 3406
f 3113 3047 3046
f 3046 3112 3113
f 3179 3113 3112
f 3112 3178 3179
f 3372 3417 3415
f 3415 3370 3372
f 3235 3372 3370
f 3370 3233 3235
f 2995 3084 3083
f 3083 2993 2995
f 2920 2995 2993
f 2993 2918 2920
f 2853 2920 2918
f 2918 2851 2853
f 2787 2853 2851
f 2851 2785 2787
f 2728 2787 2785
f 2785 2726 2728
f 2628 2728 2726
f 2726 2626 2628
f 2453 2628 2626
f 2626 2442 2453
f 2442 2106 2118
f 2109 2110 2122
f 2122 2121 2109
f 2456 2141 2129
f 2129 2452 2456
f 2629 2456 2452
f 2452 2627 2629
f 2729 2629 2627
f 2627 2727 2729
f 2788 2729 2727
f 2727 2786 2788
f 2854 2788 2786
f 2786 2852 2854
f 2921 2854 2852
f 2852 2919 2921
f 2996 2921 2919
f 2919 2994 2996
f 3047 2996 2994
f 2994 3046 3047
f 3331 3369 3371
f 3371 3332 3331
f 3084 3157 3156
f 3156 3083 3084
f 3157 3235 3233
f 3233 3156 3157
f 3289 3236 3234
f 3234 3287 3289
f 3236 3179 3178
f 3178 3234 3236
f 2454 2130 2118
f 2118 2450 2454
f 2443 2107 2119
f 2119 2450 2443
f 2455 2337 2335
f 2335 2451 2455
f 2444 2334 2336
f 2336 2451 2444
f 2137 2136 2124
f 2124 2125 2137
f 2116 2117 2129
f 2129 2128 2116
f 2138 2137 2125
f 2125 2126 2138
f 2337 2138 2126
f 2126 2335 2337
f 2115 2116 2128
f 2128 2127 2115
f 2334 2115 2127
f 2127 2336 2334
f 2107 2108 2120
f 2120 2119 2107
f 2108 2109 2121
f 2121 2120 2108
f 2136 2135 2123
f 2123 2124 2136
f 2135 2134 2122
f 2122 2123 2135
f 3285 3284 3286
f 3286 3287 3285
f 3284 3331 3332
f 3332 3286 3284
f 3417 3418 3416
f 3416 3415 3417
f 3418 3373 3371
f 3371 3416 3418
f 2453 2130 2142
f 2142 2457 2453
f 2133 2134 2145
f 2145 2156 2133
f 3333 3373 3375
f 3375 3334 3333
f 2454 2131 2143
f 2143 2458 2454
f 2455 2338 2340
f 2340 2459 2455
f 2140 2141 2152
f 2152 2151 2140
f 2139 2140 2151
f 2151 2150 2139
f 2338 2139 2150
f 2150 2340 2338
f 2131 2132 2144
f 2144 2143 2131
f 2132 2133 2156
f 2156 2144 2132
f 3289 3288 3290
f 3290 3291 3289
f 3288 3333 3334
f 3334 3290 3288
f 3115 3049 3048
f 3048 3114 3115
f 3181 3115 3114
f 3114 3180 3181
f 3376 3421 3419
f 3419 3374 3376
f 3239 3376 3374
f 3374 3237 3239
f 2999 3086 3085
f 3085 2997 2999
f 2924 2999 2997
f 2997 2922 2924
f 2857 2924 2922
f 2922 2855 2857
f 2791 2857 2855
f 2855 2789 2791
f 2732 2791 2789
f 2789 2730 2732
f 2632 2732 2730
f 2730 2630 2632
f 2461 2632 2630
f 2630 2457 2461
f 2464 2164 2152
f 2152 2460 2464
f 2633 2464 2460
f 2460 2631 2633
f 2733 2633 2631
f 2631 2731 2733
f 2792 2733 2731
f 2731 2790 2792
f 2858 2792 2790
f 2790 2856 2858
f 2925 2858 2856
f 2856 2923 2925
f 3000 2925 2923
f 2923 2998 3000
f 3049 3000 2998
f 2998 3048 3049
f 3086 3159 3158
f 3158 3085 3086
f 3159 3239 3237
f 3237 3158 3159
f 3293 3240 3238
f 3238 3291 3293
f 3240 3181 3180
f 3180 3238 3240
f 2462 2153 2142
f 2142 2458 2462
f 2463 2341 2339
f 2339 2459 2463
f 2160 2159 2147
f 2147 2148 2160
f 2161 2160 2148
f 2148 2149 2161
f 2341 2161 2149
f 2149 2339 2341
f 2159 2158 2146
f 2146 2147 2159
f 2158 2157 2145
f 2145 2146 2158
f 3421 3422 3420
f 3420 3419 3421
f 3422 3377 3375
f 3375 3420 3422
f 3114 3048 3047
f 3047 3113 3114
f 3180 3114 3113
f 3113 3179 3180
f 3374 3419 3417
f 3417 3372 3374
f 3237 3374 3372
f 3372 3235 3237
f 2997 3085 3084
f 3084 2995 2997
f 2922 2997 2995
f 2995 2920 2922
f 2855 2922 2920
f 2920 2853 2855
f 2789 2855 2853
f 2853 2787 2789
f 2730 2789 2787
f 2787 2728 2730
f 2630 2730 2728
f 2728 2628 2630
f 2457 2630 2628
f 2628 2453 2457
f 2460 2152 2141
f 2141 2456 2460
f 2631 2460 2456
f 2456 2629 2631
f 2731 2631 2629
f 2629 2729 2731
f 2790 2731 2729
f 2729 2788 2790
f 2856 2790 2788
f 2788 2854 2856
f 2923 2856 2854
f 2854 2921 2923
f 2998 2923 2921
f 2921 2996 2998
f 3048 2998 2996
f 2996 3047 3048
f 3085 3158 3157
f 3157 3084 3085
f 3158 3237 3235
f 3235 3157 3158
f 3291 3238 3236
f 3236 3289 3291
f 3238 3180 3179
f 3179 3236 3238
f 2458 2142 2130
f 2130 2454 2458
f 2459 2339 2337
f 2337 2455 2459
f 2148 2147 2136
f 2136 2137 2148
f 2149 2148 2137
f 2137 2138 2149
f 2339 2149 2138
f 2138 2337 2339
f 2147 2146 2135
f 2135 2136 2147
f 2146 2145 2134
f 2134 2135 2146
f 3419 3420 3418
f 3418 3417 3419
f 3420 3375 3373
f 3373 3418 3420
f 2442 2118 2130
f 2130 2453 2442
f 2121 2122 2134
f 2134 2133 2121
f 3332 3371 3373
f 3373 3333 3332
f 2450 2119 2131
f 2131 2454 2450
f 2451 2336 2338
f 2338 2455 2451
f 2128 2129 2141
f 2141 2140 2128
f 2127 2128 2140
f 2140 2139 2127
f 2336 2127 2139
f 2139 2338 2336
f 2119 2120 2132
f 2132 2131 2119
f 2120 2121 2133
f 2133 2132 2120
f 3287 3286 3288
f 3288 3289 3287
f 3286 3332 3333
f 3333 3288 3286
v -1.36257 -1.34780 1.12900
v -1.35929 -1.34694 1.22986
v -1.36517 -1.34497 1.33300
v -1.36020 -1.34680 1.43600
v -1.35560 -1.34530 1.54940
v -1.35000 -1.34320 1.65180
v -1.34100 -1.34020 1.81040
v -1.33200 -1.33720 1.96160
v -1.32450 -1.33699 2.04631
v -1.32063 -1.33355 2.16863
v -1.31300 -1.33180 2.24275
v -1.37800 -1.32080 1.12900
v -1.37500 -1.32080 1.23100
v -1.37200 -1.31980 1.33400
v -1.36800 -1.32430 1.43700
v -1.36350 -1.32280 1.54925
v -1.35800 -1.32080 1.65200
v -1.34900 -1.31780 1.81100
v -1.34000 -1.31480 1.96300
v -1.33462 -1.31797 2.04904
v -1.32390 -1.31590 2.17820
v -1.31479 -1.31737 2.27393
v -1.37167 1.24520 1.13567
v -1.37550 1.24470 1.20600
v -1.37200 1.24320 1.31500
v -1.36650 1.24170 1.46000
v -1.36200 1.24020 1.56600
v -1.35800 1.23920 1.65000
v -1.34900 1.23620 1.81100
v -1.34000 1.23920 1.96300
v -1.33456 1.23689 2.04894
v -1.32417 1.23320 2.17417
v -1.31543 1.23220 2.27386
v -1.35476 1.26430 1.13376
v -1.35971 1.27113 1.20571
v -1.36517 1.26903 1.31550
v -1.35983 1.26745 1.46008
v -1.35567 1.26620 1.56650
v -1.35133 1.26453 1.64983
v -1.34233 1.26153 1.81050
v -1.33200 1.26120 1.96160
v -1.32655 1.25938 2.04690
v -1.32158 1.25495 2.17383
v -1.31373 1.25265 2.26264
v -1.23333 -1.35513 1.12900
v -1.23000 -1.35413 1.21667
v -1.24500 -1.35280 1.31375
v -1.23200 -1.35151 1.46000
v -1.24680 -1.35000 1.56100
v -1.24767 -1.34847 1.64733
v -1.23933 -1.34547 1.79500
v -1.22100 -1.34280 1.94625
v -1.22248 -1.34088 2.02304
v -1.24192 -1.33630 2.16900
v -1.25280 -1.33280 2.25380
v -1.28300 -1.32980 2.30500
v -1.28113 -1.31418 2.48500
v -1.26275 -1.30518 2.67600
v -1.25113 -1.29880 2.78738
v -1.24375 -1.29280 2.85825
v -1.24064 -1.28023 2.96543
v -1.22414 -1.26387 3.11429
v -1.21340 -1.25070 3.20640
v -1.20500 -1.24430 3.30717
v -1.19075 -1.23505 3.43225
v -1.19100 -1.21280 3.42900
v -1.29460 1.23320 2.48880
v -1.26275 1.22945 2.67600
v -1.25113 1.22283 2.78738
v -1.24375 1.21707 2.85825
v -1.24064 1.20541 2.96543
v -1.22414 1.19056 3.11429
v -1.21340 1.17792 3.20640
v -1.20500 1.17003 3.30383
v -1.19260 1.15640 3.41760
v -1.23283 1.26670 1.13417
v -1.23050 1.27853 1.20367
v -1.24450 1.27720 1.31250
v -1.23950 1.27570 1.46263
v -1.23550 1.27420 1.56950
v -1.24767 1.27220 1.64667
v -1.23933 1.26953 1.79500
v -1.22100 1.26670 1.94625
v -1.22248 1.26500 2.02304
v -1.24192 1.26020 2.16900
v -1.25783 1.25653 2.26233
v -1.25867 1.24720 2.47867
v -1.12900 -1.35680 1.12900
v -1.12600 -1.35580 1.21300
v -1.12300 -1.35480 1.30500
v -1.11900 -1.35330 1.46450
v -1.11600 -1.35180 1.57100
v -1.14800 -1.35030 1.64200
v -1.14150 -1.34730 1.77900
v -1.10883 -1.34280 1.95617
v -1.14009 -1.34244 2.01545
v -1.13918 -1.33816 2.16564
v -1.13533 -1.33480 2.25800
v -1.12000 -1.32713 2.43600
v -1.18100 -1.32580 2.45500
v -1.13700 -1.31747 2.64167
v -1.12567 -1.31080 2.75767
v -1.12300 -1.29980 2.87814
v -1.11900 -1.28805 2.98875
v -1.09589 -1.22295 3.14684
v -1.09690 -1.22957 3.19757
v -1.13133 -1.25647 3.30700
v -1.13500 -1.24430 3.43225
v -1.15717 -1.22797 3.56467
v -1.14320 -1.22000 3.64580
v -1.09216 -1.20573 3.14907
v -1.09088 -1.20680 3.19824
v -1.09251 -1.19113 3.43938
v -1.17500 -1.20530 3.56200
v -1.14891 -1.20325 3.68636
v -1.12938 -1.18005 3.80006
v -1.11753 -1.12480 3.92960
v -1.10750 -1.10313 3.98983
v -1.12167 -1.08880 3.95833
v -1.10609 -1.07344 4.04218
v -1.09000 -1.02252 4.15933
v -1.08705 -0.90449 4.17105
v -1.09250 -0.83380 4.14711
v -1.09250 -0.69430 4.14683
v -1.09250 -0.56080 4.14683
v -1.09250 -0.43780 4.14683
v -1.09250 -0.25380 4.14683
v -1.09250 -0.03780 4.14683
v -1.09250 0.17720 4.14683
v -1.09250 0.36220 4.14683
v -1.09250 0.48520 4.14683
v -1.09250 0.57720 4.14683
v -1.09250 0.70720 4.14683
v -1.08837 0.83020 4.16585
v -1.12250 1.00870 3.95550
v -1.10456 0.99498 4.04578
v -1.09017 0.94709 4.15900
v -1.06833 1.12820 3.43933
v -1.17400 1.12287 3.56433
v -1.15300 1.11130 3.68900
v -1.13686 1.08349 3.79643
v -1.11788 1.04185 3.93123
v -1.10700 1.02340 3.99500
v -1.13700 1.24120 2.64167
v -1.12567 1.23487 2.75767
v -1.12300 1.22434 2.87814
v -1.11900 1.21345 2.98875
v -1.09406 1.16831 3.14793
v -1.09443 1.17119 3.19785
v -1.12833 1.18220 3.30300
v -1.09310 1.14613 3.43931
v -1.15376 1.14896 3.56900
v -1.13580 1.13580 3.64560
v -1.12800 1.26845 1.13350
v -1.12650 1.28020 1.20150
v -1.12300 1.27920 1.30900
v -1.11900 1.27770 1.46450
v -1.11600 1.27620 1.57100
v -1.14800 1.27470 1.64200
v -1.14150 1.27170 1.77900
v -1.10883 1.26678 1.95617
v -1.14009 1.26638 2.01545
v -1.13918 1.26211 2.16564
v -1.13533 1.25887 2.25800
v -1.12000 1.25120 2.43600
v -1.18100 1.24920 2.45500
v -0.99500 -1.35880 1.12250
v -0.99350 -1.35780 1.20400
v -1.03400 -1.35580 1.30100
v -1.03200 -1.35480 1.41500
v -1.02950 -1.35330 1.54400
v -1.02700 -1.35180 1.63600
v -1.02200 -1.34980 1.75900
v -1.01093 -1.34253 1.93827
v -1.02500 -1.34347 2.04067
v -1.01967 -1.34047 2.13900
v -1.01500 -1.33780 2.22000
v -1.00400 -1.33080 2.39800
v -1.02500 -1.32080 2.60600
v -1.00300 -1.31180 2.75000
v -1.01600 -1.30213 2.86300
v -0.99600 -1.29080 2.97000
v -1.03712 -1.22209 3.14502
v -1.03671 -1.22703 3.19378
v -1.02833 -1.25813 3.30400
v -1.01767 -1.24613 3.42933
v -1.02150 -1.23205 3.56275
v -1.01300 -1.22305 3.64375
v -1.02063 -1.19543 3.14875
v -1.01920 -1.19673 3.19717
v -1.02360 -1.17755 3.43938
v -1.02300 -1.21280 3.70267
v -1.00633 -1.18563 3.80000
v -1.00067 -1.12280 3.92667
v -0.99733 -1.07980 4.02467
v -1.01122 -1.01969 4.16511
v -1.00881 -0.89823 4.17738
v -1.01433 -0.83358 4.15633
v -1.01433 -0.69530 4.15633
v -1.01433 -0.56180 4.15633
v -1.01433 -0.43880 4.15633
v -1.01433 -0.25380 4.15633
v -1.01433 -0.03780 4.15633
v -1.01433 0.17820 4.15633
v -1.01433 0.36287 4.15633
v -1.01433 0.48587 4.15633
v -1.01433 0.57787 4.15633
v -1.01433 0.70787 4.15633
v -1.01033 0.82498 4.17281
v -0.98700 0.99187 4.05467
v -1.01133 0.94442 4.16456
v -0.95860 1.12740 3.14860
v -0.95860 1.12740 3.20660
v -1.00803 1.12083 3.43944
v -0.98200 1.11620 3.69200
v -0.97393 1.07749 3.81250
v -0.99000 1.04249 3.91694
v -1.01400 1.02220 3.98000
v -1.02700 1.24470 2.60650
v -1.00567 1.23620 2.75067
v -1.01700 1.22653 2.86333
v -0.99800 1.21670 2.97050
v -1.02442 1.15455 3.14811
v -1.02324 1.15822 3.19605
v -1.02333 1.18353 3.30033
v -1.03364 1.14003 3.43925
v -0.98400 1.15120 3.57685
v -0.98080 1.13680 3.64320
v -0.99000 1.27187 1.13144
v -1.03650 1.28170 1.19700
v -1.03400 1.28020 1.30500
v -1.03200 1.27920 1.41500
v -1.02950 1.27770 1.54400
v -1.02700 1.27620 1.63600
v -1.02200 1.27420 1.75900
v -0.99814 1.26753 1.94138
v -0.99400 1.26770 2.05133
v -0.98917 1.26487 2.14650
v -1.01900 1.26120 2.22100
v -1.00800 1.25420 2.39900
v -0.85539 -1.35502 1.11956
v -0.86140 -1.35340 1.21687
v -0.86350 -1.35336 1.30533
v -0.86139 -1.35241 1.45196
v -0.85920 -1.35170 1.56675
v -0.86350 -1.34868 1.70875
v -0.86555 -1.34589 1.83709
v -0.86525 -1.34124 1.90509
v -0.86030 -1.34207 2.04780
v -0.85295 -1.33864 2.16466
v -0.84275 -1.33580 2.26625
v -0.86950 -1.33205 2.38600
v -0.90875 -1.23901 1.38146
v -0.90690 -1.24348 1.45875
v -0.90221 -1.29575 1.56984
v -0.90411 -1.29569 1.71022
v -0.86200 -1.32380 1.83500
v -0.86920 -1.31654 1.90026
v -0.88356 -1.30455 2.05925
v -0.87941 -1.30511 2.17925
v -0.90818 -1.28122 2.27445
v -0.90391 -1.28126 2.40349
v -0.89938 -1.28439 2.52318
v -0.89790 -1.28041 2.63340
v -0.90076 -1.28046 2.73961
v -0.89700 -1.27257 2.83590
v -0.90663 -1.26290 2.98273
v -0.90369 -1.25033 3.08350
v -0.89764 -1.25447 3.20099
v -0.90617 -1.24213 3.32167
v -0.89800 -1.23455 3.44050
v -0.87450 -1.23430 3.55800
v -0.88140 -1.21880 3.67500
v -0.90910 -1.17512 1.37958
v -0.90807 -1.17623 1.46420
v -0.91000 -1.17340 1.57450
v -0.91000 -1.16980 1.70800
v -0.91000 -1.16500 1.89300
v -0.91000 -1.16040 2.07200
v -0.91000 -1.16413 2.18278
v -0.90384 -1.15333 2.27616
v -0.90676 -1.15543 2.41166
v -0.90588 -1.14499 2.51550
v -0.90476 -1.15256 2.63359
v -0.90777 -1.14678 2.73065
v -0.91000 -1.15638 2.83133
v -0.91000 -1.16255 2.98500
v -0.91529 -1.15961 3.14439
v -0.91360 -1.15972 3.19644
v -0.91000 -1.15447 3.32900
v -0.91506 -1.14230 3.43943
v -0.90900 -1.18392 3.56213
v -0.90907 -1.16307 3.66473
v -0.90835 -1.14086 3.79065
v -0.88183 -1.12030 3.92117
v -0.91000 -1.09580 2.20500
v -0.89791 -1.08516 2.27245
v -0.90445 -1.08389 2.40536
v -0.90156 -1.07002 2.51844
v -0.89967 -1.08236 2.62722
v -0.90533 -1.06780 2.73033
v -0.91000 -1.08213 2.83133
v -0.91000 -1.07855 2.98500
v -0.90868 -1.03452 3.14790
v -0.90734 -1.03503 3.19725
v -0.91000 -1.06280 3.32900
v -0.90789 -1.01836 3.43941
v -0.91000 -1.05560 3.55100
v -0.91000 -1.03250 3.65970
v -0.91000 -1.02058 3.79189
v -0.90892 -1.04134 3.89277
v -0.89450 -1.07497 4.01750
v -0.89175 -1.00688 4.16092
v -0.90900 -0.95680 1.37857
v -0.90807 -0.95520 1.46420
v -0.91000 -0.95180 1.57450
v -0.91000 -0.94880 1.70800
v -0.91000 -0.94480 1.89300
v -0.91000 -0.93980 2.07200
v -0.91000 -0.93730 2.18500
v -0.89791 -0.93589 2.27245
v -0.90445 -0.93389 2.40536
v -0.90156 -0.93202 2.51844
v -0.89967 -0.93158 2.62722
v -0.90533 -0.92980 2.73033
v -0.91000 -0.92947 2.83133
v -0.91000 -0.92705 2.98500
v -0.91000 -0.92555 3.08300
v -0.91000 -0.92400 3.21220
v -0.91000 -0.91880 3.32900
v -0.91000 -0.90080 3.43700
v -0.91000 -0.87880 3.55100
v -0.91000 -0.95880 3.69100
v -0.91000 -0.92735 3.81155
v -0.90919 -0.90845 3.91881
v -0.88968 -0.89623 4.17357
v -0.90900 -0.79380 1.37857
v -0.90807 -0.79227 1.46420
v -0.91000 -0.78980 1.57450
v -0.91000 -0.78680 1.70800
v -0.91000 -0.78380 1.89300
v -0.91000 -0.77980 2.07200
v -0.91000 -0.77730 2.18500
v -0.89791 -0.78489 2.27245
v -0.90445 -0.78325 2.40536
v -0.90156 -0.79347 2.51844
v -0.89967 -0.77936 2.62722
v -0.90533 -0.79058 2.73033
v -0.91000 -0.77513 2.83133
v -0.91000 -0.77380 2.98500
v -0.91000 -0.77330 3.08300
v -0.91000 -0.77320 3.21220
v -0.91000 -0.77180 3.32900
v -0.91000 -0.76380 3.43700
v -0.91000 -0.75180 3.55100
v -0.91000 -0.85130 3.66000
v -0.91000 -0.78947 3.80000
v -0.90920 -0.80777 3.93160
v -0.89500 -0.83397 4.15225
v -0.90900 -0.69080 1.37857
v -0.90807 -0.69074 1.46420
v -0.91000 -0.68788 1.57450
v -0.91000 -0.68463 1.70800
v -0.91000 -0.69240 1.89300
v -0.91000 -0.68940 2.07200
v -0.91000 -0.68740 2.18500
v -0.90470 -0.70282 2.27595
v -0.90729 -0.69745 2.41090
v -0.90616 -0.71058 2.51536
v -0.90543 -0.69686 2.63202
v -0.90766 -0.70927 2.72895
v -0.91000 -0.68922 2.83133
v -0.91000 -0.68974 2.98500
v -0.91000 -0.68861 3.08300
v -0.91000 -0.68735 3.21220
v -0.91000 -0.68805 3.32900
v -0.91000 -0.68380 3.43700
v -0.91000 -0.67605 3.55100
v -0.91000 -0.67902 3.65656
v -0.91000 -0.65694 3.78086
v -0.90913 -0.69318 3.93375
v -0.89500 -0.69668 4.15225
v -0.90888 -0.58744 1.38004
v -0.90829 -0.57977 1.46344
v -0.90868 -0.55180 1.55909
v -0.91000 -0.56920 1.70360
v -0.91000 -0.51980 1.76900
v -0.91000 -0.57747 1.90133
v -0.91000 -0.57697 2.07617
v -0.91000 -0.57663 2.18625
v -0.90636 -0.56405 2.27154
v -0.90776 -0.57058 2.41361
v -0.90800 -0.56237 2.51526
v -0.90645 -0.56804 2.63102
v -0.90869 -0.55795 2.71742
v -0.91000 -0.56013 2.83133
v -0.91000 -0.56803 2.99446
v -0.91000 -0.57205 3.08300
v -0.91000 -0.56301 3.20932
v -0.91000 -0.56480 3.32900
v -0.91000 -0.56247 3.43700
v -0.91000 -0.56113 3.55100
v -0.91000 -0.56437 3.66443
v -0.91000 -0.57630 3.81200
v -0.90928 -0.54372 3.92728
v -0.89500 -0.56330 4.15225
v -0.90825 -0.47180 1.50825
v -0.90856 -0.46176 1.58680
v -0.90829 -0.44127 1.68147
v -0.91000 -0.44080 1.80033
v -0.91000 -0.44580 1.93650
v -0.91000 -0.42080 2.02000
v -0.91000 -0.44580 2.17433
v -0.89748 -0.45208 2.27668
v -0.90485 -0.45043 2.40285
v -0.90135 -0.45619 2.51848
v -0.89952 -0.44828 2.62971
v -0.90612 -0.45464 2.73504
v -0.90813 -0.42061 2.84325
v -0.90711 -0.46068 2.99193
v -0.90721 -0.47167 3.09543
v -0.90751 -0.45434 3.19381
v -0.91000 -0.45455 3.32900
v -0.91000 -0.45255 3.43700
v -0.91000 -0.45530 3.55100
v -0.91000 -0.45668 3.66000
v -0.91000 -0.45780 3.80247
v -0.90920 -0.44942 3.93169
v -0.89500 -0.44030 4.15225
v -0.90872 -0.34923 1.69163
v -0.90787 -0.33976 1.77700
v -0.91000 -0.34047 1.92000
v -0.91000 -0.33813 2.06100
v -0.91000 -0.33813 2.17583
v -0.89874 -0.33421 2.27318
v -0.90456 -0.33209 2.40335
v -0.90156 -0.32958 2.51831
v -0.89967 -0.33373 2.62722
v -0.90562 -0.33654 2.73867
v -0.90668 -0.34005 2.83032
v -0.91000 -0.33086 2.99118
v -0.91000 -0.32422 3.10250
v -0.90691 -0.32873 3.19082
v -0.91000 -0.33480 3.32900
v -0.91000 -0.33280 3.43700
v -0.91000 -0.33447 3.55100
v -0.91000 -0.33530 3.66000
v -0.91000 -0.32980 3.80289
v -0.90922 -0.33899 3.93263
v -0.90914 -0.22316 1.69321
v -0.90733 -0.22347 1.77767
v -0.91000 -0.22030 1.92600
v -0.91000 -0.21980 2.06500
v -0.91000 -0.21980 2.17700
v -0.89892 -0.21538 2.26850
v -0.90445 -0.21562 2.40536
v -0.90156 -0.20991 2.51844
v -0.89967 -0.21747 2.62722
v -0.90763 -0.22501 2.75489
v -0.90671 -0.22832 2.82842
v -0.91000 -0.22562 2.98982
v -0.91000 -0.23005 3.10250
v -0.90708 -0.22509 3.19217
v -0.91000 -0.23147 3.32900
v -0.91000 -0.22947 3.43700
v -0.91000 -0.22947 3.55100
v -0.91000 -0.22880 3.66000
v -0.91000 -0.22480 3.80333
v -0.90920 -0.22743 3.93657
v -0.89500 -0.25480 4.15225
v -0.90914 -0.10680 1.69321
v -0.90733 -0.10680 1.77767
v -0.91000 -0.10680 1.92600
v -0.91000 -0.10680 2.06500
v -0.91000 -0.10680 2.17700
v -0.89892 -0.10638 2.26850
v -0.90445 -0.10644 2.40536
v -0.90156 -0.10580 2.51844
v -0.89967 -0.10658 2.62722
v -0.90662 -0.10749 2.74969
v -0.90642 -0.11012 2.82442
v -0.91000 -0.10240 2.99580
v -0.91000 -0.11455 3.10250
v -0.90708 -0.11705 3.19217
v -0.91000 -0.10580 3.32900
v -0.91000 -0.10380 3.43700
v -0.91000 -0.10280 3.55100
v -0.91000 -0.10230 3.66000
v -0.91000 -0.10213 3.80333
v -0.90922 -0.10802 3.93478
v -0.90914 0.04363 1.69321
v -0.90733 0.04398 1.77767
v -0.91000 0.04170 1.92600
v -0.91000 0.04120 2.06500
v -0.91000 0.04120 2.17700
v -0.89892 0.03753 2.26850
v -0.90445 0.03775 2.40536
v -0.90156 0.03298 2.51844
v -0.89967 0.03909 2.62722
v -0.90570 0.02930 2.73750
v -0.90660 0.02520 2.82690
v -0.91000 0.02220 2.99580
v -0.91000 0.01470 3.10250
v -0.90708 0.00870 3.19217
v -0.91000 0.01320 3.32900
v -0.91000 0.01520 3.43700
v -0.91000 0.01720 3.55100
v -0.91000 0.01970 3.66000
v -0.91000 0.01787 3.80333
v -0.90922 -0.00236 3.93522
v -0.89500 -0.03780 4.15225
v -0.90914 0.17834 1.69321
v -0.90733 0.17876 1.77767
v -0.91000 0.17470 1.92600
v -0.91000 0.17320 2.06500
v -0.91000 0.17320 2.17700
v -0.89892 0.16720 2.26850
v -0.90445 0.16784 2.40536
v -0.90156 0.15953 2.51844
v -0.89967 0.17020 2.62722
v -0.90735 0.15532 2.75688
v -0.90648 0.15196 2.82528
v -0.91000 0.14420 2.98483
v -0.91000 0.15153 3.11233
v -0.90708 0.15287 3.19217
v -0.91000 0.14970 3.32900
v -0.91000 0.15170 3.43700
v -0.91000 0.15620 3.55100
v -0.91000 0.16020 3.66000
v -0.91000 0.15570 3.80350
v -0.90920 0.14209 3.93720
v -0.89500 0.17870 4.15225
v -0.90914 0.27477 1.69321
v -0.90733 0.27542 1.77767
v -0.91000 0.26987 1.92600
v -0.91000 0.26820 2.06500
v -0.91000 0.26820 2.17700
v -0.89846 0.26513 2.27422
v -0.90500 0.26536 2.40027
v -0.90156 0.26251 2.51844
v -0.89921 0.26689 2.63014
v -0.90570 0.25172 2.73750
v -0.90668 0.23637 2.82805
v -0.91000 0.23387 2.99529
v -0.91000 0.23789 3.10250
v -0.90708 0.24166 3.19217
v -0.91000 0.23445 3.32900
v -0.91000 0.23945 3.43700
v -0.91000 0.24745 3.55100
v -0.91000 0.24491 3.65557
v -0.91000 0.24129 3.80800
v -0.90919 0.24024 3.93588
v -0.90922 0.38009 1.59256
v -0.90794 0.35023 1.68452
v -0.90986 0.34120 1.77600
v -0.91000 0.33920 1.90300
v -0.91000 0.34670 2.03550
v -0.91000 0.35220 2.17700
v -0.89843 0.36059 2.27052
v -0.90419 0.35587 2.40619
v -0.90156 0.38270 2.51844
v -0.90006 0.35049 2.62553
v -0.90646 0.37578 2.74496
v -0.90679 0.36587 2.83533
v -0.90928 0.37926 2.98094
v -0.91000 0.37480 3.09590
v -0.90708 0.38628 3.19217
v -0.91000 0.37420 3.32900
v -0.91000 0.37670 3.43700
v -0.91000 0.38470 3.55100
v -0.91000 0.37600 3.66620
v -0.91000 0.37449 3.79571
v -0.90922 0.37842 3.93361
v -0.89500 0.36445 4.15225
v -0.90913 0.48714 1.47412
v -0.90793 0.47502 1.56914
v -0.91000 0.46020 1.68225
v -0.91000 0.47120 1.79700
v -0.91000 0.47070 1.95250
v -0.91000 0.50120 2.09100
v -0.91000 0.46460 2.17700
v -0.90000 0.49647 2.28055
v -0.90396 0.48579 2.40937
v -0.90403 0.50803 2.51338
v -0.90037 0.49164 2.63389
v -0.90658 0.49158 2.72350
v -0.91000 0.46320 2.84033
v -0.90683 0.47207 2.99604
v -0.90695 0.48273 3.09312
v -0.90793 0.47627 3.19589
v -0.91000 0.47670 3.32900
v -0.91000 0.47845 3.43700
v -0.91000 0.48620 3.55100
v -0.91000 0.49333 3.66000
v -0.91000 0.48245 3.80267
v -0.90922 0.46713 3.92796
v -0.89500 0.48745 4.15225
v -0.90892 0.58878 1.38065
v -0.90807 0.59040 1.46438
v -0.91000 0.57940 1.56750
v -0.91000 0.58245 1.71175
v -0.91000 0.58195 1.89525
v -0.91000 0.58195 2.07325
v -0.91000 0.58195 2.18538
v -0.90914 0.58526 2.26758
v -0.90922 0.58947 2.41400
v -0.91000 0.59272 2.51887
v -0.90906 0.58762 2.62809
v -0.91000 0.59291 2.72279
v -0.91000 0.63053 2.83133
v -0.91000 0.57670 2.99533
v -0.91000 0.58983 3.08300
v -0.91000 0.58409 3.20611
v -0.91000 0.57820 3.32900
v -0.91000 0.57720 3.43700
v -0.91000 0.58220 3.55100
v -0.91000 0.58420 3.66000
v -0.91000 0.59820 3.80200
v -0.90925 0.58570 3.92875
v -0.89500 0.57945 4.15225
v -0.90900 0.69977 1.37857
v -0.90807 0.70113 1.46420
v -0.91000 0.69820 1.57450
v -0.91000 0.69570 1.70800
v -0.91000 0.69570 1.89300
v -0.91000 0.69570 2.07200
v -0.91000 0.69570 2.18500
v -0.91000 0.70990 2.26550
v -0.91000 0.71631 2.40989
v -0.91000 0.71520 2.51871
v -0.91000 0.71064 2.62744
v -0.91000 0.72558 2.73887
v -0.91000 0.76487 2.83133
v -0.91000 0.71537 2.97467
v -0.91000 0.70195 3.08300
v -0.91000 0.73620 3.21220
v -0.91000 0.72520 3.32900
v -0.91000 0.72370 3.43700
v -0.91000 0.72270 3.55100
v -0.91000 0.71320 3.66000
v -0.91000 0.72095 3.80725
v -0.90930 0.71130 3.92020
v -0.89500 0.70882 4.15225
v -0.90575 0.81120 1.38054
v -0.89440 0.81560 1.46420
v -0.89650 0.81553 1.57450
v -0.89650 0.81537 1.70800
v -0.89650 0.81537 1.89300
v -0.89650 0.81537 2.07200
v -0.89650 0.81537 2.18500
v -0.89650 0.81485 2.27463
v -0.89650 0.81501 2.40700
v -0.89650 0.81439 2.51871
v -0.89650 0.81508 2.63014
v -0.89546 0.81648 2.73454
v -0.89380 0.82027 2.83133
v -0.89527 0.82143 2.98709
v -0.91000 0.81412 3.08300
v -0.91000 0.83030 3.21220
v -0.91000 0.82920 3.32900
v -0.91000 0.82570 3.43700
v -0.91000 0.81920 3.55100
v -0.91000 0.82837 3.66000
v -0.91000 0.83420 3.79767
v -0.90918 0.84379 3.92288
v -0.89100 0.82320 4.16883
v -0.88975 0.95420 3.02100
v -0.90787 0.97937 3.14770
v -0.90676 0.98093 3.19705
v -0.91000 0.94020 3.32900
v -0.90737 0.96381 3.43942
v -0.91000 0.95220 3.55100
v -0.91000 0.97420 3.67000
v -0.90953 0.98293 3.81427
v -0.90905 0.94288 3.89605
v -0.88767 0.98587 4.04867
v -0.89175 0.93170 4.16025
v -0.88975 1.06420 3.02100
v -0.91527 1.09628 3.14757
v -0.91303 1.09598 3.19729
v -0.91000 1.07370 3.32900
v -0.91498 1.08957 3.43943
v -0.90913 1.10682 3.55638
v -0.90907 1.07293 3.66587
v -0.90860 1.03150 3.78320
v -0.89538 1.02453 3.93943
v -0.86700 1.23820 1.10650
v -0.90490 1.19395 1.38585
v -0.89836 1.19184 1.45992
v -0.90006 1.22779 1.56582
v -0.89843 1.22920 1.70771
v -0.88300 1.23470 1.89325
v -0.89988 1.22832 2.07200
v -0.89988 1.22758 2.18500
v -0.90092 1.22917 2.27703
v -0.89789 1.22869 2.40077
v -0.89728 1.22557 2.52060
v -0.89208 1.22434 2.63516
v -0.89532 1.21971 2.73901
v -0.89071 1.21428 2.83605
v -0.89721 1.19068 2.98469
v -0.91064 1.15367 3.12519
v -0.90474 1.15619 3.19716
v -0.90310 1.17350 3.32100
v -0.89789 1.15698 3.43167
v -0.89505 1.15139 3.57233
v -0.86381 1.27342 1.12261
v -0.86694 1.27901 1.22088
v -0.86350 1.27837 1.30606
v -0.86158 1.27662 1.45417
v -0.86126 1.27475 1.56846
v -0.87015 1.26905 1.70920
v -0.86525 1.26978 1.83600
v -0.86418 1.26377 1.90397
v -0.85944 1.26440 2.04702
v -0.85369 1.26005 2.16621
v -0.87167 1.25264 2.24933
v -0.89111 1.25024 2.40578
v -0.85150 1.24887 2.55300
v -0.93400 1.24720 2.57600
v -0.78715 -1.35855 1.11150
v -0.77880 -1.36020 1.23870
v -0.78836 -1.35780 1.31625
v -0.80296 -1.35569 1.46004
v -0.80047 -1.35466 1.56051
v -0.78055 -1.35453 1.68200
v -0.76429 -1.34638 1.84992
v -0.79023 -1.34422 1.89714
v -0.78064 -1.34616 2.05800
v -0.79433 -1.33978 2.18125
v -0.78767 -1.33780 2.26883
v -0.78514 -1.33166 2.41457
v -0.71700 -1.32980 1.86100
v -0.79358 -1.32897 2.18600
v -0.79067 -1.32547 2.56400
v -0.78153 -1.32162 2.63918
v -0.79200 -1.31060 2.75107
v -0.80850 -1.29447 2.90317
v -0.81180 -1.28150 2.99300
v -0.81150 -1.26951 3.09407
v -0.81631 -1.25345 3.19103
v -0.81500 -1.24920 3.29620
v -0.80400 -1.23720 3.42200
v -0.79350 -1.22755 3.55500
v -0.78975 -1.21955 3.65100
v -0.79000 -1.20880 3.55500
v -0.78067 -1.20197 3.67533
v -0.78108 -1.17538 3.79658
v -0.76485 -1.11734 3.90923
v -0.74600 -1.08880 3.94700
v -0.77867 -1.06580 4.02367
v -0.77080 -1.00460 4.14500
v -0.76133 -0.90073 4.16073
v -0.76850 -0.83513 4.13950
v -0.76850 -0.69905 4.13950
v -0.76850 -0.56580 4.13950
v -0.76850 -0.44180 4.13950
v -0.76850 -0.25580 4.13950
v -0.76850 -0.03780 4.13950
v -0.76850 0.17970 4.13950
v -0.76850 0.36570 4.13950
v -0.76850 0.48970 4.13950
v -0.76850 0.58220 4.13950
v -0.76850 0.71045 4.13950
v -0.81367 0.83287 1.39500
v -0.81151 0.83289 1.46420
v -0.81367 0.83337 1.57450
v -0.81367 0.83387 1.70800
v -0.81367 0.83387 1.89300
v -0.81367 0.83387 2.07200
v -0.81367 0.83387 2.18500
v -0.81367 0.83387 2.27463
v -0.81367 0.83387 2.40700
v -0.81367 0.83382 2.51871
v -0.81367 0.83353 2.63014
v -0.81367 0.83353 2.73729
v -0.81367 0.83353 2.83133
v -0.81383 0.84078 2.98367
v -0.76450 0.82231 4.15583
v -0.80000 0.95220 1.39500
v -0.79753 0.95313 1.46420
v -0.80000 0.95770 1.57450
v -0.80000 0.96220 1.70800
v -0.80000 0.96320 1.89300
v -0.80000 0.96320 2.07200
v -0.80000 0.96320 2.18500
v -0.80000 0.96320 2.27463
v -0.80000 0.96245 2.40700
v -0.80000 0.96191 2.51871
v -0.80000 0.96091 2.63014
v -0.80000 0.95991 2.73729
v -0.80000 0.95887 2.83133
v -0.80683 0.95453 2.99583
v -0.76900 1.01070 3.93100
v -0.76900 0.98170 4.04100
v -0.76450 0.92503 4.14767
v -0.80000 1.06420 1.39500
v -0.79753 1.06553 1.46420
v -0.80000 1.07570 1.57450
v -0.80000 1.08320 1.70800
v -0.80000 1.08420 1.89300
v -0.80000 1.08420 2.07200
v -0.80000 1.08420 2.18500
v -0.80000 1.08357 2.27463
v -0.80000 1.08282 2.40700
v -0.80000 1.08049 2.51871
v -0.80000 1.07891 2.63014
v -0.80000 1.07691 2.73729
v -0.80000 1.07453 2.83133
v -0.80683 1.06553 2.99583
v -0.76900 1.02262 3.94058
v -0.81025 1.17820 1.39500
v -0.80802 1.17978 1.46420
v -0.81025 1.20182 1.57450
v -0.81025 1.20520 1.70800
v -0.81025 1.20395 1.89300
v -0.81025 1.20245 2.07200
v -0.81025 1.20145 2.18500
v -0.81025 1.20036 2.27463
v -0.81025 1.20217 2.40700
v -0.81025 1.19545 2.51871
v -0.80411 1.20289 2.63811
v -0.80388 1.20499 2.74209
v -0.80967 1.19542 2.85528
v -0.81161 1.17849 2.98921
v -0.81356 1.19876 3.09150
v -0.81802 1.18516 3.19090
v -0.81450 1.18003 3.29133
v -0.80450 1.16837 3.40650
v -0.80010 1.15244 3.56069
v -0.78715 1.28260 1.11150
v -0.77880 1.28430 1.23870
v -0.78836 1.28198 1.31625
v -0.80296 1.27981 1.46004
v -0.80047 1.27860 1.56051
v -0.78055 1.27875 1.68200
v -0.76240 1.26992 1.85036
v -0.79023 1.26832 1.89714
v -0.78064 1.27032 2.05800
v -0.79421 1.26220 2.18200
v -0.78767 1.26153 2.26883
v -0.78514 1.25577 2.41457
v -0.79067 1.24953 2.56400
v -0.78290 1.24720 2.61760
v -0.64650 -1.35570 1.09190
v -0.68000 -1.35930 1.22800
v -0.68105 -1.35798 1.30800
v -0.66120 -1.35540 1.48520
v -0.66192 -1.35509 1.57392
v -0.65950 -1.35555 1.67500
v -0.64088 -1.34657 1.83269
v -0.63600 -1.35105 1.90888
v -0.64640 -1.34750 2.03990
v -0.68356 -1.34080 2.17356
v -0.70000 -1.33880 2.25900
v -0.68800 -1.33380 2.38800
v -0.63040 -1.32840 1.83840
v -0.68833 -1.32980 2.18533
v -0.67633 -1.32780 2.53933
v -0.65308 -1.30306 2.61913
v -0.65010 -1.29785 2.73705
v -0.66600 -1.29780 2.89833
v -0.63850 -1.28630 3.02200
v -0.63400 -1.27630 3.12900
v -0.66678 -1.26691 3.17689
v -0.66267 -1.10047 3.93000
v -0.65920 -1.08600 3.93200
v -0.66100 -1.05180 4.03200
v -0.65850 -1.00680 4.12000
v -0.65500 -0.90492 4.14250
v -0.66100 -0.83547 4.12100
v -0.66100 -0.70130 4.12100
v -0.66100 -0.56780 4.12100
v -0.66100 -0.44280 4.12100
v -0.66100 -0.25580 4.12100
v -0.66100 -0.03780 4.12100
v -0.66100 0.18020 4.12100
v -0.66100 0.36720 4.12100
v -0.66100 0.49220 4.12100
v -0.66100 0.58520 4.12100
v -0.66100 0.71170 4.12100
v -0.65700 0.82198 4.13700
v -0.66100 1.00920 3.92200
v -0.66100 0.97920 4.02700
v -0.65700 0.92153 4.12900
v -0.66100 1.02103 3.93117
v -0.65182 1.22408 2.62324
v -0.65010 1.22195 2.73705
v -0.66600 1.22220 2.89833
v -0.63850 1.21020 3.02200
v -0.63400 1.19970 3.12900
v -0.66678 1.19098 3.17689
v -0.64650 1.27960 1.09190
v -0.68000 1.28320 1.22800
v -0.68105 1.28206 1.30800
v -0.66120 1.27960 1.48520
v -0.66192 1.27916 1.57392
v -0.65950 1.27970 1.67500
v -0.63919 1.26781 1.83361
v -0.63600 1.27533 1.90888
v -0.64640 1.27170 2.03990
v -0.66608 1.26296 2.18056
v -0.65200 1.26320 2.25600
v -0.68800 1.25820 2.38800
v -0.67633 1.25187 2.53933
v -0.66160 1.24820 2.59120
v -0.56000 -1.35126 1.11069
v -0.53425 -1.35230 1.19575
v -0.55200 -1.35171 1.30891
v -0.53533 -1.35163 1.47900
v -0.53063 -1.35585 1.57015
v -0.54650 -1.35580 1.69650
v -0.53108 -1.34780 1.81162
v -0.53200 -1.35180 1.91167
v -0.53150 -1.34880 2.01475
v -0.56073 -1.34013 2.17927
v -0.58700 -1.33880 2.25200
v -0.57800 -1.33480 2.36700
v -0.56500 -1.33080 2.48300
v -0.53200 -1.32547 1.81400
v -0.59100 -1.32980 2.18600
v -0.52000 -1.30540 2.54440
v -0.49467 -1.28647 2.63467
v -0.57533 -1.28247 2.73933
v -0.55755 -1.28171 2.87373
v -0.50700 -1.27450 2.98940
v -0.54767 -1.27613 3.11667
v -0.54000 -1.26580 3.17575
v -0.56100 -1.09830 3.91925
v -0.53922 -1.08780 3.92200
v -0.54150 -1.03180 4.04625
v -0.53800 -0.99430 4.11200
v -0.50700 -0.87580 4.08800
v -0.53827 -0.90620 4.11947
v -0.50700 -0.81405 4.08800
v -0.57700 -0.83647 4.10400
v -0.50700 -0.66180 4.08800
v -0.57700 -0.70280 4.10400
v -0.50700 -0.56980 4.08800
v -0.57700 -0.56880 4.10400
v -0.50700 -0.44380 4.08800
v -0.57700 -0.44380 4.10400
v -0.50700 -0.25680 4.08800
v -0.57700 -0.25580 4.10400
v -0.50700 -0.03780 4.08800
v -0.57700 -0.03780 4.10400
v -0.50700 0.18020 4.08800
v -0.57700 0.18020 4.10400
v -0.50700 0.36820 4.08800
v -0.57700 0.36720 4.10400
v -0.50700 0.49420 4.08800
v -0.57700 0.49320 4.10400
v -0.50700 0.58720 4.08800
v -0.57700 0.58620 4.10400
v -0.50700 0.71320 4.08800
v -0.57700 0.71270 4.10400
v -0.50700 0.80553 4.08800
v -0.54420 0.82513 4.11680
v -0.53033 1.00920 3.91967
v -0.54150 0.95820 4.04275
v -0.53650 0.90920 4.11800
v -0.54518 1.02056 3.91700
v -0.53450 1.22237 2.54950
v -0.50925 1.21170 2.62100
v -0.57533 1.20653 2.73933
v -0.55755 1.20593 2.87373
v -0.50700 1.19860 2.98940
v -0.54767 1.20053 3.11667
v -0.54000 1.18970 3.17575
v -0.56000 1.27551 1.11069
v -0.53425 1.27620 1.19575
v -0.55200 1.27593 1.30891
v -0.53533 1.27570 1.47900
v -0.53063 1.27993 1.57015
v -0.54650 1.28020 1.69650
v -0.53125 1.26745 1.81206
v -0.53200 1.27520 1.91167
v -0.53150 1.27320 2.01475
v -0.54991 1.26347 2.17091
v -0.59500 1.25920 2.36900
v -0.55750 1.25120 2.52650
v -0.40121 -1.34259 1.24793
v -0.40955 -1.34380 1.30916
v -0.43925 -1.34730 1.47225
v -0.40628 -1.35591 1.56317
v -0.40850 -1.35630 1.70300
v -0.42283 -1.34905 1.79383
v -0.42300 -1.35130 1.93575
v -0.42100 -1.34847 2.03600
v -0.41160 -1.33920 2.17640
v -0.42300 -1.32330 1.78400
v -0.45700 -1.27880 2.73900
v -0.41400 -1.26980 2.84700
v -0.42175 -1.25930 2.98275
v -0.42087 -1.26122 3.08845
v -0.44667 -1.26513 3.17011
v -0.42093 -1.08220 3.90900
v -0.41533 -1.01747 4.04000
v -0.39945 -0.89871 4.07755
v -0.43740 -0.91660 4.10240
v -0.41700 -0.81430 4.06350
v -0.41700 -0.66230 4.06350
v -0.41700 -0.57130 4.06350
v -0.41700 -0.44530 4.06350
v -0.41700 -0.25680 4.06350
v -0.41700 -0.03780 4.06350
v -0.41700 0.18120 4.06350
v -0.41700 0.36920 4.06350
v -0.41700 0.49520 4.06350
v -0.41700 0.58870 4.06350
v -0.41700 0.71395 4.06350
v -0.40607 0.81856 4.07307
v -0.43725 0.83445 4.10300
v -0.41140 1.00740 3.91080
v -0.41057 0.93749 4.04471
v -0.43800 0.89920 4.10000
v -0.42011 1.01898 3.90400
v -0.42300 1.24420 1.78450
v -0.37214 1.22191 2.50543
v -0.46700 1.20320 2.74100
v -0.42300 1.19420 2.84800
v -0.42375 1.18345 2.98300
v -0.42087 1.18536 3.08842
v -0.44667 1.18920 3.17011
v -0.40121 1.26670 1.24793
v -0.40955 1.26801 1.30916
v -0.43925 1.27095 1.47225
v -0.40628 1.27981 1.56317
v -0.40850 1.28020 1.70300
v -0.42286 1.26984 1.79236
v -0.42300 1.27495 1.93575
v -0.42100 1.27220 2.03600
v -0.41391 1.26275 2.18700
v -0.41300 1.26420 2.24300
v -0.40350 1.25820 2.39100
v -0.38050 1.25320 2.49000
v -0.33067 -1.33791 1.27222
v -0.31483 -1.33783 1.32810
v -0.29933 -1.33797 1.49283
v -0.27033 -1.35572 1.56921
v -0.29833 -1.35180 1.71333
v -0.30300 -1.35193 1.79063
v -0.30300 -1.35105 1.93350
v -0.30250 -1.34780 2.03700
v -0.32340 -1.33950 2.18610
v -0.34200 -1.33830 2.28550
v -0.33200 -1.33280 2.42600
v -0.32200 -1.33080 2.46800
v -0.29700 -1.32880 1.27800
v -0.30300 -1.32780 1.74500
v -0.30300 -1.32030 1.75700
v -0.34700 -1.32980 2.18800
v -0.30150 -1.29660 2.49530
v -0.29900 -1.28030 2.61200
v -0.28100 -1.27480 2.70400
v -0.25700 -1.26780 2.82100
v -0.33800 -1.25480 3.03000
v -0.32145 -1.25953 3.10809
v -0.35025 -1.26355 3.16725
v -0.30567 -1.07423 3.90381
v -0.30200 -1.00430 4.03075
v -0.29813 -0.90461 4.04981
v -0.30350 -0.81468 4.02750
v -0.30350 -0.66380 4.02750
v -0.30350 -0.57230 4.02750
v -0.30350 -0.44630 4.02750
v -0.30350 -0.25780 4.02750
v -0.30350 -0.03780 4.02750
v -0.30350 0.18170 4.02750
v -0.30350 0.37020 4.02750
v -0.30350 0.49620 4.02750
v -0.30350 0.58970 4.02750
v -0.30350 0.71445 4.02750
v -0.29950 0.82237 4.04411
v -0.29936 1.00041 3.90421
v -0.30033 0.91937 4.03900
v -0.30338 1.01532 3.89463
v -0.30300 1.24053 1.75533
v -0.35900 1.21020 2.54550
v -0.34300 1.20570 2.62150
v -0.32100 1.20020 2.71200
v -0.29300 1.19220 2.82700
v -0.30400 1.18120 2.98800
v -0.32864 1.18365 3.10836
v -0.35825 1.18770 3.16775
v -0.32730 1.26110 1.27280
v -0.31483 1.26199 1.32810
v -0.29933 1.26203 1.49283
v -0.27033 1.27970 1.56921
v -0.29900 1.27263 1.71786
v -0.30300 1.27364 1.78744
v -0.30300 1.27520 1.93350
v -0.30250 1.27220 2.03700
v -0.30020 1.26340 2.17540
v -0.21559 -1.33215 1.33200
v -0.18860 -1.33220 1.49080
v -0.17237 -1.35536 1.56300
v -0.19130 -1.35110 1.70870
v -0.19300 -1.35400 1.80040
v -0.19300 -1.35080 1.93275
v -0.19300 -1.34680 2.06000
v -0.19300 -1.33900 2.17420
v -0.16754 -1.32776 1.32443
v -0.14975 -1.32905 1.46575
v -0.19300 -1.31900 1.72660
v -0.17000 -1.28180 2.49100
v -0.22350 -1.25730 2.98050
v -0.19691 -1.25935 3.10182
v -0.21050 -1.26205 3.15975
v -0.17645 -1.05998 3.90091
v -0.20900 -1.00480 4.00050
v -0.13400 -0.87680 3.97200
v -0.19578 -0.90313 4.01378
v -0.13400 -0.81555 3.97200
v -0.20900 -0.81505 3.99700
v -0.13400 -0.66580 3.97200
v -0.20900 -0.66480 3.99700
v -0.13400 -0.57380 3.97200
v -0.20900 -0.57280 3.99700
v -0.13400 -0.44780 3.97200
v -0.20900 -0.44680 3.99700
v -0.13400 -0.25880 3.97200
v -0.20900 -0.25780 3.99700
v -0.13400 -0.03780 3.97200
v -0.20900 -0.03780 3.99700
v -0.13400 0.18320 3.97200
v -0.20900 0.18220 3.99700
v -0.13400 0.37220 3.97200
v -0.20900 0.37120 3.99700
v -0.13400 0.49820 3.97200
v -0.20900 0.49720 3.99700
v -0.13400 0.59120 3.97200
v -0.20900 0.59020 3.99700
v -0.13400 0.71570 3.97200
v -0.20900 0.71470 3.99700
v -0.13400 0.80620 3.97200
v -0.19780 0.82270 4.00930
v -0.17173 0.98829 3.89818
v -0.20667 0.91920 4.00833
v -0.13600 1.24420 1.29200
v -0.19300 1.23820 1.72733
v -0.20130 1.21380 2.48210
v -0.18150 1.19920 2.64750
v -0.16500 1.19020 2.80700
v -0.17933 1.18087 2.98933
v -0.21162 1.18243 3.09808
v -0.24200 1.18645 3.16175
v -0.18682 1.25379 1.32809
v -0.17133 1.25487 1.47967
v -0.17237 1.27948 1.56300
v -0.19158 1.27128 1.71150
v -0.19300 1.27780 1.80040
v -0.19300 1.27495 1.93275
v -0.19300 1.27120 2.06000
v -0.20700 1.26275 2.18545
v -0.21600 1.26270 2.27300
v -0.20433 1.25553 2.42833
v -0.06800 -1.33647 1.51050
v -0.07968 -1.35383 1.55559
v -0.05744 -1.35113 1.69102
v -0.05750 -1.35309 1.80893
v -0.06238 -1.35057 1.90869
v -0.05850 -1.34680 2.04225
v -0.06065 -1.34038 2.17946
v -0.06375 -1.33880 2.25875
v -0.06200 -1.33430 2.38025
v -0.09587 -1.32653 1.34463
v -0.08522 -1.32647 1.48031
v -0.05850 -1.31635 1.69145
v -0.06033 -1.32980 2.18533
v -0.07327 -1.30444 2.43164
v -0.04996 -1.28509 2.50743
v -0.05329 -1.27659 2.63143
v -0.04680 -1.27170 2.78880
v -0.04590 -1.26345 2.97475
v -0.05925 -1.26105 3.10740
v -0.07600 -1.26180 3.15500
v -0.05291 -1.04635 3.88595
v -0.13000 -0.99680 3.98800
v -0.03455 -0.89953 3.95800
v -0.09673 -0.91544 3.99109
v -0.04800 -0.81605 3.94350
v -0.04800 -0.66630 3.94350
v -0.04800 -0.57530 3.94350
v -0.04800 -0.44880 3.94350
v -0.04800 -0.25930 3.94350
v -0.04800 -0.03780 3.94350
v -0.04800 0.18320 3.94350
v -0.04800 0.37320 3.94350
v -0.04800 0.49970 3.94350
v -0.04800 0.59220 3.94350
v -0.04800 0.71620 3.94350
v -0.03936 0.81941 3.95336
v -0.09733 0.83320 3.99156
v -0.04876 0.96744 3.88976
v -0.10600 0.90353 3.98867
v -0.06950 1.24320 1.29050
v -0.05850 1.23478 1.69233
v -0.06700 1.21889 2.43150
v -0.05209 1.20836 2.50478
v -0.05394 1.20020 2.63031
v -0.04791 1.19511 2.78882
v -0.04718 1.18688 2.97377
v -0.06680 1.18472 3.10924
v -0.11325 1.18345 3.15650
v -0.09674 1.25090 1.34641
v -0.08340 1.25157 1.48349
v -0.07968 1.27796 1.55559
v -0.05760 1.27143 1.69089
v -0.05750 1.27691 1.80893
v -0.06238 1.27482 1.90869
v -0.05850 1.27070 2.04225
v -0.05845 1.26249 2.18266
v -0.05817 1.26303 2.25800
v -0.05578 1.25664 2.39067
v 0.02407 -1.33937 1.51029
v 0.00817 -1.35210 1.57161
v 0.01320 -1.34740 1.68705
v 0.03832 -1.34800 1.80503
v 0.02721 -1.34713 1.90264
v 0.01460 -1.34313 2.02127
v 0.00172 -1.33858 2.16225
v 0.01963 -1.33633 2.27637
v 0.02594 -1.33368 2.36729
v 0.09482 -1.31989 1.27955
v 0.06722 -1.32314 1.32420
v 0.02842 -1.32260 1.45267
v 0.01496 -1.31305 1.67678
v 0.09341 -1.32457 1.77500
v -0.00225 -1.32968 2.18700
v 0.00286 -1.32709 2.28429
v 0.02110 -1.31067 2.40430
v 0.02457 -1.28916 2.51632
v -0.00167 -1.28513 2.63967
v 0.03722 -1.27808 2.73789
v 0.09533 -1.26747 2.89250
v 0.01756 -1.26847 2.98200
v 0.02580 -1.26033 3.12995
v 0.06460 -1.01796 3.84748
v 0.03247 -1.02324 3.88412
v 0.10080 -0.90300 3.83220
v 0.05396 -0.90358 3.92394
v 0.10000 -0.82447 3.83200
v 0.04561 -0.81741 3.90457
v 0.10000 -0.71580 3.83200
v 0.04767 -0.67430 3.90317
v 0.10000 -0.62580 3.83200
v 0.04767 -0.58230 3.90317
v 0.10000 -0.49080 3.83300
v 0.04767 -0.45330 3.90333
v 0.10000 -0.28280 3.83700
v 0.04767 -0.26147 3.90367
v 0.10000 -0.03780 3.84000
v 0.04767 -0.03780 3.90383
v 0.04767 0.18553 3.90383
v 0.10000 0.20620 3.83900
v 0.10000 0.41420 3.83700
v 0.04767 0.37720 3.90367
v 0.04767 0.50637 3.90350
v 0.10000 0.59570 3.83500
v 0.04767 0.60020 3.90350
v 0.10000 0.74220 3.83500
v 0.04767 0.72053 3.90350
v 0.10100 0.80520 3.83600
v 0.05324 0.82749 3.92002
v 0.06053 0.94377 3.85073
v 0.03572 0.94017 3.88959
v 0.09529 1.24134 1.27929
v 0.06990 1.24137 1.32368
v 0.02312 1.24093 1.45033
v 0.00822 1.23148 1.67420
v 0.02446 1.22698 2.41517
v 0.02457 1.21320 2.51632
v -0.00167 1.20887 2.63967
v 0.03722 1.20231 2.73789
v 0.09533 1.19153 2.89250
v 0.01756 1.19268 2.98200
v 0.02580 1.18437 3.12995
v 0.09400 1.24820 1.28000
v 0.06614 1.24964 1.32440
v 0.02980 1.25186 1.46331
v 0.00817 1.27624 1.57161
v 0.01548 1.26826 1.68633
v 0.05081 1.26680 1.79822
v 0.02721 1.27130 1.90264
v 0.01460 1.26733 2.02127
v 0.00092 1.26087 2.16720
v 0.01512 1.25785 2.27850
v 0.01959 1.25415 2.37524
v 0.18576 -1.35027 1.49847
v 0.16739 -1.35127 1.57717
v 0.17294 -1.34927 1.69447
v 0.17610 -1.34819 1.81808
v 0.15510 -1.34843 1.88956
v 0.16986 -1.34280 2.08129
v 0.18133 -1.33780 2.21400
v 0.14779 -1.33594 2.29021
v 0.14300 -1.33313 2.35178
v 0.17531 -1.32059 1.26919
v 0.17589 -1.32584 1.34034
v 0.16845 -1.32601 1.44218
v 0.19192 -1.30895 1.62215
v 0.16980 -1.32245 1.68796
v 0.18049 -1.32422 1.78149
v 0.16214 -1.30013 2.36543
v 0.12105 -1.26153 3.00391
v 0.15651 -1.25954 3.10457
v 0.11725 -0.99055 3.83875
v 0.11567 -0.98647 3.86233
v 0.12066 -0.90696 3.83695
v 0.12500 -0.90736 3.87189
v 0.11833 -0.82258 3.83778
v 0.11833 -0.71163 3.83767
v 0.11833 -0.62147 3.83767
v 0.11833 -0.48680 3.83883
v 0.18100 -0.29543 3.73338
v 0.14983 -0.33657 3.84110
v 0.14285 -0.31216 3.86495
v 0.17508 -0.22622 3.73400
v 0.17369 -0.23378 3.83264
v 0.15123 -0.23390 3.86523
v 0.16625 -0.08443 3.73288
v 0.17070 -0.08185 3.82970
v 0.14964 -0.08180 3.86543
v 0.16625 -0.00697 3.73275
v 0.16346 -0.01266 3.83146
v 0.14795 -0.00980 3.86514
v 0.17100 0.14638 3.73473
v 0.17362 0.15539 3.83102
v 0.15007 0.15416 3.86532
v 0.18533 0.21653 3.73256
v 0.15120 0.25901 3.84154
v 0.14342 0.23269 3.86477
v 0.11833 0.41070 3.84217
v 0.11550 0.53770 3.85050
v 0.11890 0.60220 3.83850
v 0.11833 0.73995 3.84050
v 0.12145 0.83159 3.84098
v 0.12580 0.84275 3.87530
v 0.11860 0.90580 3.84660
v 0.11533 0.91020 3.87067
v 0.17163 1.24062 1.26762
v 0.19192 1.23320 1.62215
v 0.13271 1.23206 1.64214
v 0.21400 1.24520 1.82000
v 0.15872 1.21937 2.36728
v 0.12105 1.18565 3.00391
v 0.15651 1.18371 3.10457
v 0.17900 1.24870 1.27075
v 0.17589 1.24973 1.34034
v 0.17380 1.25745 1.45958
v 0.16739 1.27534 1.57717
v 0.17345 1.26698 1.69457
v 0.17690 1.26701 1.80960
v 0.15510 1.27252 1.88954
v 0.16986 1.26677 2.08129
v 0.18133 1.26220 2.21400
v 0.14779 1.25999 2.29021
v 0.15292 1.25645 2.35242
v 0.30842 -1.35042 1.48138
v 0.31343 -1.34799 1.58290
v 0.28141 -1.34919 1.67636
v 0.29853 -1.34648 1.81415
v 0.24920 -1.34760 1.89320
v 0.27600 -1.34180 2.05300
v 0.26467 -1.33747 2.19467
v 0.27811 -1.33402 2.29422
v 0.28051 -1.32065 1.24961
v 0.28987 -1.32565 1.33852
v 0.30305 -1.32725 1.43402
v 0.30900 -1.30829 1.59598
v 0.29291 -1.32365 1.69388
v 0.28911 -1.32243 1.79068
v 0.31862 -1.30230 2.32463
v 0.27000 -1.29430 2.33700
v 0.26982 -1.25866 3.08827
v 0.29867 -0.30113 3.71200
v 0.26541 -0.33896 3.82784
v 0.25567 -0.26613 3.72933
v 0.26567 -0.26547 3.82683
v 0.24900 0.18820 3.73550
v 0.26520 0.18820 3.82400
v 0.29443 0.22091 3.71271
v 0.26556 0.25932 3.82862
v 0.27975 1.23992 1.24206
v 0.31091 1.23206 1.59523
v 0.32720 1.24520 1.73760
v 0.29990 1.24482 1.79276
v 0.32500 1.21803 2.32400
v 0.27000 1.21837 2.33700
v 0.26982 1.18270 3.08827
v 0.28106 1.24842 1.25516
v 0.28987 1.24968 1.33852
v 0.30583 1.26321 1.45852
v 0.31239 1.27182 1.58345
v 0.28320 1.26510 1.67960
v 0.29464 1.26643 1.80940
v 0.24920 1.27160 1.89320
v 0.27600 1.26620 2.05300
v 0.26467 1.26153 2.19467
v 0.28200 1.25702 2.30009
v 0.36657 -1.35094 1.47621
v 0.37307 -1.34762 1.57966
v 0.36503 -1.34698 1.69413
v 0.35903 -1.34701 1.78944
v 0.35800 -1.34580 1.88200
v 0.38900 -1.34080 2.02400
v 0.38200 -1.33630 2.16500
v 0.39850 -1.33297 2.26533
v 0.40869 -1.32149 1.22323
v 0.37987 -1.32573 1.32740
v 0.36417 -1.32747 1.43067
v 0.37150 -1.30655 1.57980
v 0.36373 -1.32284 1.70267
v 0.34200 -1.32330 1.75150
v 0.39029 -1.29830 2.30786
v 0.41400 -1.25730 3.03200
v 0.41471 -1.25723 3.10743
v 0.42000 -0.30113 3.69200
v 0.40081 -0.34005 3.79656
v 0.38100 -0.26680 3.70525
v 0.40100 -0.26555 3.79650
v 0.38250 0.18820 3.71200
v 0.40040 0.18820 3.79390
v 0.40380 0.21260 3.69460
v 0.40100 0.26035 3.79732
v 0.39500 1.23970 1.19200
v 0.37150 1.23070 1.57980
v 0.36321 1.24516 1.72671
v 0.34150 1.24520 1.75100
v 0.39000 1.21745 2.30850
v 0.41400 1.18170 3.03200
v 0.41471 1.18163 3.10743
v 0.41478 1.24842 1.23711
v 0.37987 1.24993 1.32740
v 0.36585 1.26800 1.46255
v 0.37307 1.27179 1.57966
v 0.36472 1.26360 1.69096
v 0.35866 1.27065 1.78859
v 0.35800 1.27020 1.88200
v 0.38900 1.26520 2.02400
v 0.38200 1.26070 2.16500
v 0.39687 1.25570 2.27500
v 0.50618 -1.34516 1.46336
v 0.52743 -1.34580 1.57686
v 0.53400 -1.34680 1.69267
v 0.51750 -1.34480 1.80450
v 0.50300 -1.34280 1.88600
v 0.49900 -1.33880 2.01100
v 0.49650 -1.33380 2.17800
v 0.48950 -1.33130 2.25850
v 0.52146 -1.31695 1.09869
v 0.54587 -1.32568 1.22775
v 0.46900 -1.32730 1.35825
v 0.48900 -1.32880 1.40200
v 0.52200 -1.30240 1.54100
v 0.52129 -1.29680 2.27443
v 0.55000 -1.25820 3.02440
v 0.55000 -1.25580 3.10883
v 0.50400 -0.30113 3.67867
v 0.52369 -0.33993 3.76912
v 0.52225 -0.26630 3.69125
v 0.52560 -0.26600 3.77820
v 0.50850 0.18770 3.70950
v 0.52525 0.18845 3.77725
v 0.51680 0.21260 3.67640
v 0.52388 0.26014 3.76988
v 0.52445 1.23993 1.08982
v 0.52200 1.22660 1.54100
v 0.52100 1.21612 2.27500
v 0.55000 1.18200 3.02440
v 0.55000 1.17970 3.10883
v 0.50500 1.24670 1.14750
v 0.54587 1.24958 1.22775
v 0.46900 1.25170 1.35825
v 0.50475 1.26778 1.45825
v 0.52743 1.26991 1.57686
v 0.53400 1.27053 1.69267
v 0.51750 1.26870 1.80450
v 0.50300 1.26720 1.88600
v 0.49900 1.26320 2.01100
v 0.49650 1.25820 2.17800
v 0.50625 1.25270 2.26475
v 0.62200 -1.33947 1.38800
v 0.64214 -1.34694 1.43957
v 0.65675 -1.34368 1.55463
v 0.65700 -1.34380 1.70100
v 0.65400 -1.34180 1.79380
v 0.64700 -1.33980 1.87700
v 0.63500 -1.33580 1.99700
v 0.59350 -1.33230 2.16150
v 0.58000 -1.33080 2.22600
v 0.66755 -1.31448 0.78386
v 0.65014 -1.31594 0.86971
v 0.61943 -1.31623 0.95729
v 0.64400 -1.32513 1.10767
v 0.68000 -1.32713 1.19200
v 0.59271 -1.32851 1.32000
v 0.65500 -1.30280 1.49720
v 0.65500 -1.31180 1.52100
v 0.68650 -1.32930 2.18800
v 0.67011 -1.30224 2.23433
v 0.68820 -1.25920 3.01540
v 0.64150 -0.34312 3.70218
v 0.63250 -0.32027 3.75443
v 0.65330 -0.23521 3.68248
v 0.65787 -0.24780 3.75171
v 0.66942 -0.08280 3.67450
v 0.68400 -0.08180 3.74600
v 0.66944 -0.00802 3.67450
v 0.68400 -0.00847 3.74600
v 0.65458 0.15805 3.68335
v 0.66057 0.16849 3.75086
v 0.64076 0.26486 3.70072
v 0.63309 0.24005 3.75473
v 0.66755 1.23875 0.78386
v 0.64500 1.23937 0.87050
v 0.61383 1.23937 0.95800
v 0.65500 1.21970 1.50275
v 0.65500 1.23620 1.52100
v 0.68200 1.21370 2.23500
v 0.68820 1.18300 3.01540
v 0.68100 1.24620 0.86500
v 0.65300 1.24620 0.95300
v 0.64400 1.24920 1.10767
v 0.68000 1.25137 1.19200
v 0.60150 1.25600 1.34040
v 0.64375 1.26907 1.44400
v 0.65675 1.26770 1.55463
v 0.65700 1.26787 1.70100
v 0.65400 1.26600 1.79380
v 0.64700 1.26420 1.87700
v 0.63500 1.26020 1.99700
v 0.64000 1.25495 2.17475
v 0.62975 1.25220 2.23125
v 0.73950 -1.34247 1.37100
v 0.76400 -1.34294 1.46171
v 0.76600 -1.34355 1.55025
v 0.76600 -1.34105 1.69050
v 0.76600 -1.33930 1.78925
v 0.77650 -1.33480 1.92400
v 0.71200 -1.33080 2.11200
v 0.73114 -1.31866 0.77143
v 0.77750 -1.32630 0.89150
v 0.73800 -1.32680 0.99700
v 0.78240 -1.32860 1.13900
v 0.76086 -1.32901 1.23107
v 0.72567 -1.32980 1.32233
v 0.76600 -1.30566 1.47614
v 0.79000 -1.32880 2.09900
v 0.77985 -1.30895 2.18885
v 0.80440 -1.26280 3.00640
v 0.69083 -1.25680 3.09900
v 0.74233 -0.32990 3.71393
v 0.71200 -0.29730 3.74100
v 0.74461 -0.23112 3.71661
v 0.69750 -0.24330 3.74433
v 0.74295 -0.08225 3.71264
v 0.69900 -0.08180 3.74400
v 0.74291 -0.00816 3.71264
v 0.69900 -0.00847 3.74400
v 0.74476 0.15360 3.71576
v 0.69850 0.15320 3.74400
v 0.74231 0.25285 3.71434
v 0.70375 0.20845 3.74300
v 0.72856 1.23998 0.76611
v 0.76600 1.22020 1.47760
v 0.78000 1.21203 2.21000
v 0.80440 1.18700 3.00640
v 0.69083 1.18070 3.09900
v 0.73580 1.24780 0.78100
v 0.77750 1.25070 0.89150
v 0.73800 1.25020 0.99700
v 0.78240 1.25260 1.13900
v 0.76086 1.25313 1.23107
v 0.73489 1.26220 1.35478
v 0.76444 1.26387 1.46411
v 0.76600 1.26770 1.55025
v 0.76600 1.26520 1.69050
v 0.76600 1.26345 1.78925
v 0.77650 1.25920 1.92400
v 0.79000 1.25320 2.09900
v 0.77125 1.25158 2.16338
v 0.91956 -1.50239 2.66244
v 0.91273 -1.51098 2.74722
v 0.90453 -1.51685 2.87439
v 0.90147 -1.47713 2.93373
v 0.85350 -1.34080 1.35375
v 0.86390 -1.34018 1.46652
v 0.86667 -1.34047 1.57033
v 0.86667 -1.33822 1.70000
v 0.86333 -1.33597 1.80342
v 0.88600 -1.33080 1.90300
v 0.92220 -1.43780 2.67120
v 0.91575 -1.43650 2.75640
v 0.90611 -1.43566 2.87861
v 0.90124 -1.43561 2.95690
v 0.84738 -1.32347 0.75924
v 0.84380 -1.32880 0.87360
v 0.83750 -1.32880 1.00650
v 0.84733 -1.32713 1.13789
v 0.84708 -1.32747 1.20733
v 0.84083 -1.32947 1.30350
v 0.86667 -1.30280 1.44957
v 0.91600 -1.32730 1.95250
v 0.86583 -1.30680 2.07192
v 0.82322 -1.30008 2.17650
v 0.89433 -1.26830 2.99817
v 0.85909 -1.26189 3.08309
v 0.84429 1.24191 0.75400
v 0.86667 1.21740 1.45120
v 0.87671 1.21620 2.08243
v 0.82436 1.21641 2.18350
v 0.89433 1.19237 2.99817
v 0.85909 1.18611 3.08309
v 0.84893 1.25049 0.76186
v 0.84380 1.25300 0.87360
v 0.83750 1.25320 1.00650
v 0.84733 1.25142 1.13789
v 0.84708 1.25157 1.20733
v 0.85097 1.26273 1.34370
v 0.86452 1.26124 1.46185
v 0.86667 1.26453 1.57033
v 0.86667 1.26228 1.70000
v 0.86333 1.26020 1.80342
v 0.90600 1.25287 1.93600
v 0.85060 1.25140 2.05720
v 0.81925 1.25070 2.15200
v 0.91945 1.42176 2.66324
v 0.91223 1.41914 2.75120
v 0.90398 1.41823 2.87835
v 0.90137 1.39044 2.94327
v 0.92243 1.48420 2.66157
v 0.91771 1.48866 2.73529
v 0.90984 1.48646 2.85895
v 0.99457 -1.48451 2.19918
v 0.98422 -1.51639 2.27410
v 0.97275 -1.51650 2.38220
v 0.97368 -1.50762 2.51159
v 0.95832 -1.51631 2.62615
v 0.96332 -1.51639 2.74366
v 0.95157 -1.51413 2.87477
v 0.94555 -1.47980 2.93209
v 1.03100 -1.33280 1.27300
v 0.99459 -1.33815 1.33276
v 1.00300 -1.33697 1.46267
v 1.00300 -1.33613 1.57767
v 1.00829 -1.33380 1.69629
v 0.99100 -1.33247 1.78900
v 0.98754 -1.43688 2.16990
v 0.97842 -1.43638 2.25985
v 0.96638 -1.43635 2.38252
v 0.95543 -1.43609 2.50512
v 0.94611 -1.43599 2.62886
v 0.94287 -1.43590 2.74800
v 0.93530 -1.43558 2.86978
v 0.93119 -1.43649 2.95363
v 0.98800 -1.32323 0.74421
v 0.98575 -1.32830 0.86000
v 0.99733 -1.32780 0.99900
v 0.99019 -1.32237 1.11586
v 0.99122 -1.32384 1.20670
v 0.99925 -1.31805 1.35725
v 0.99964 -1.29453 1.42300
v 1.00850 -1.32980 1.84450
v 0.98967 -1.30613 1.93767
v 0.93525 -1.29618 1.99225
v 1.03800 -1.30530 2.58100
v 1.02260 -1.29760 2.70420
v 0.99712 -1.28193 2.86037
v 0.98767 -1.27113 2.97606
v 0.99580 1.24180 0.73820
v 0.99811 1.24120 1.13189
v 0.98883 1.24170 1.18100
v 1.04000 1.23470 1.37700
v 0.99889 1.21198 1.41911
v 0.99786 1.21591 1.94343
v 0.93571 1.21591 1.99343
v 1.03800 1.22970 2.58100
v 1.02260 1.22160 2.70420
v 0.99712 1.20601 2.86037
v 0.98767 1.19520 2.97606
v 0.98367 1.25053 0.74756
v 0.98575 1.25245 0.86000
v 0.99733 1.25153 0.99900
v 0.98425 1.25078 1.10383
v 0.99422 1.25064 1.21894
v 0.99079 1.26104 1.33326
v 1.00300 1.25906 1.45950
v 1.00300 1.26020 1.57767
v 1.00829 1.25806 1.69629
v 0.99538 1.25608 1.80288
v 0.97820 1.25020 1.92960
v 0.93200 1.25020 1.98400
v 0.99231 1.39956 2.18974
v 0.98455 1.41375 2.26761
v 0.97368 1.41784 2.38120
v 0.97520 1.41970 2.50978
v 0.95964 1.41486 2.62464
v 0.96398 1.41174 2.74809
v 0.95023 1.42035 2.87683
v 0.94086 1.39606 2.93912
v 0.97701 1.48957 2.28401
v 0.96711 1.49120 2.38520
v 0.95472 1.49060 2.51715
v 0.94625 1.49032 2.63252
v 0.94633 1.48920 2.73400
v 0.93681 1.48733 2.85438
v 1.09476 -1.33466 1.26390
v 1.09131 -1.33540 1.32146
v 1.10024 -1.33400 1.44429
v 1.09300 -1.33336 1.56844
v 1.08256 -1.33169 1.68861
v 1.07433 -1.33080 1.76633
v 1.09737 -1.33080 2.17875
v 1.09050 -1.33080 2.25000
v 1.09585 -1.32144 0.74559
v 1.10182 -1.32298 0.87118
v 1.10735 -1.32205 0.98750
v 1.10513 -1.32010 1.10984
v 1.10206 -1.32211 1.21095
v 1.12778 -1.29812 1.35726
v 1.12855 -1.31435 1.42381
v 1.15231 -1.32395 1.58446
v 1.14906 -1.32336 1.69663
v 1.12008 -1.32430 1.80953
v 1.10393 -1.30545 1.90774
v 1.11206 -1.32358 2.17320
v 1.10010 -1.32290 2.29380
v 1.08300 -1.31598 2.44764
v 1.08443 -1.30780 2.58186
v 1.07400 -1.29730 2.71183
v 1.05850 -1.28280 2.86050
v 1.10244 1.24098 0.73933
v 1.13800 1.24070 0.87100
v 1.13800 1.24032 0.98000
v 1.11818 1.23976 1.10960
v 1.11980 1.23992 1.20264
v 1.12531 1.21364 1.37035
v 1.11529 1.23063 1.41504
v 1.15300 1.24345 1.59100
v 1.15300 1.24237 1.69400
v 1.15300 1.24120 1.80600
v 1.10984 1.22212 1.91144
v 1.11941 1.24302 2.17312
v 1.10650 1.24245 2.29962
v 1.08300 1.23940 2.44760
v 1.08443 1.23177 2.58186
v 1.07400 1.22137 2.71183
v 1.05850 1.20700 2.86050
v 1.09028 1.24948 0.75087
v 1.08114 1.25063 0.87129
v 1.08692 1.24995 0.99250
v 1.09247 1.24857 1.11007
v 1.09400 1.25181 1.22878
v 1.10527 1.25663 1.31935
v 1.11540 1.25553 1.44190
v 1.11424 1.25484 1.57316
v 1.10546 1.25388 1.69204
v 1.10343 1.25167 1.80650
v 1.08854 1.24913 1.89811
v 1.10629 1.25110 2.17429
v 1.09507 1.25077 2.28421
v 1.08300 1.24620 2.44800
v 1.19320 -1.30423 0.61487
v 1.19310 -1.31040 0.73350
v 1.19330 -1.31070 0.85330
v 1.19370 -1.31080 0.99220
v 1.19390 -1.31050 1.12390
v 1.20357 -1.30466 1.23479
v 1.19977 -1.26917 1.33392
v 1.17542 -1.28565 1.42316
v 1.19354 -1.29388 1.55338
v 1.17541 -1.29839 1.69671
v 1.18150 -1.29570 1.82340
v 1.18120 -1.29530 1.89510
v 1.20330 -1.19047 1.34479
v 1.15912 -1.18114 1.43262
v 1.16200 -1.17847 1.53700
v 1.16200 -1.17380 1.69150
v 1.16200 -1.16880 1.82800
v 1.16200 -1.16547 1.89733
v 1.19814 1.10901 1.34433
v 1.15912 1.10873 1.43262
v 1.16200 1.10587 1.53700
v 1.16200 1.10137 1.69150
v 1.16200 1.09653 1.82800
v 1.16200 1.09287 1.89733
v 1.20097 1.22368 0.61277
v 1.20600 1.22720 0.73200
v 1.20633 1.22770 0.85167
v 1.20683 1.22787 0.99050
v 1.20683 1.22703 1.12150
v 1.21520 1.22330 1.23920
v 1.20371 1.18448 1.33724
v 1.17744 1.20767 1.42101
v 1.20190 1.21360 1.55910
v 1.18082 1.21429 1.70100
v 1.18843 1.21334 1.82157
v 1.18487 1.21707 1.89375
v 1.17408 1.25193 0.62004
v 1.17375 1.25470 0.73575
v 1.17375 1.25470 0.85575
v 1.17400 1.25470 0.99475
v 1.17450 1.25445 1.12750
v 1.17450 1.25420 1.22375
v 1.17600 1.25247 1.31473
v 1.16317 1.24703 1.43625
v 1.16567 1.24720 1.53433
v 1.16550 1.24720 1.68883
v 1.16533 1.24687 1.82767
v 1.16650 1.24720 1.90050
v 1.30188 -1.23848 0.62220
v 1.31500 -1.23150 0.75510
v 1.30750 -1.24880 0.84550
v 1.30700 -1.25130 0.97400
v 1.30650 -1.25430 1.10200
v 1.30880 -1.24855 1.24555
v 1.29339 -1.26002 1.31200
v 1.30467 -1.21780 1.45533
v 1.29900 -1.21780 1.61300
v 1.29500 -1.21880 1.71800
v 1.29050 -1.22030 1.82700
v 1.35100 -1.12009 0.57714
v 1.33160 -1.18014 0.63758
v 1.32487 -1.18164 0.76587
v 1.33900 -1.15480 0.86167
v 1.34700 -1.12080 0.94600
v 1.33657 -1.17166 1.07943
v 1.34078 -1.15680 1.21906
v 1.31658 -1.15171 1.33700
v 1.34580 -1.14380 1.45460
v 1.34050 -1.14230 1.60250
v 1.33600 -1.14530 1.70550
v 1.33275 -1.14855 1.80875
v 1.37258 -1.02611 0.56273
v 1.37120 -1.04224 0.63312
v 1.36214 -1.02944 0.75300
v 1.36818 -1.03162 0.86391
v 1.38050 -1.02040 0.99980
v 1.37445 -1.05680 1.08209
v 1.38180 -1.04680 1.23000
v 1.35133 -1.04180 1.34239
v 1.38300 -1.02747 1.46833
v 1.37950 -1.02480 1.59000
v 1.37550 -1.02830 1.69050
v 1.37225 -1.03255 1.78600
v 1.38823 -0.92057 0.54508
v 1.38754 -0.92634 0.62492
v 1.38800 -0.90760 0.76340
v 1.38725 -0.95280 0.85825
v 1.39000 -0.86280 1.04400
v 1.39150 -0.88430 1.12550
v 1.37178 -0.91445 1.27348
v 1.36031 -0.91249 1.33172
v 1.38475 -0.90330 1.44600
v 1.38600 -0.90547 1.58167
v 1.39033 -0.91713 1.67800
v 1.39000 -0.95080 1.79900
v 1.38800 -0.80280 0.63333
v 1.38550 -0.78430 0.75550
v 1.38750 -0.81980 0.88600
v 1.38950 -0.84730 0.98900
v 1.39100 -0.85480 1.64600
v 1.38347 -0.73407 0.52020
v 1.38400 -0.74280 0.58800
v 1.38443 0.65606 0.51543
v 1.38262 0.66645 0.52438
v 1.38580 0.69840 0.62600
v 1.38550 0.71170 0.75550
v 1.38750 0.74720 0.88600
v 1.38900 0.77020 0.96900
v 1.38823 0.84805 0.54508
v 1.38807 0.84420 0.62547
v 1.38800 0.83500 0.76340
v 1.38725 0.88020 0.85825
v 1.39000 0.78520 1.02650
v 1.39150 0.81170 1.12550
v 1.37155 0.83929 1.27318
v 1.35941 0.83704 1.33172
v 1.38475 0.83070 1.44600
v 1.38600 0.83287 1.58167
v 1.39050 0.82895 1.67000
v 1.39000 0.87820 1.79900
v 1.37258 0.95362 0.56273
v 1.37489 0.95181 0.62733
v 1.36214 0.95695 0.75300
v 1.36940 0.95390 0.86720
v 1.38050 0.94820 0.99980
v 1.37445 0.98438 1.08209
v 1.38320 0.95080 1.24960
v 1.35605 0.95331 1.33811
v 1.38300 0.95520 1.46833
v 1.37950 0.95220 1.59000
v 1.37550 0.95570 1.69050
v 1.37225 0.95995 1.78600
v 1.35100 1.04763 0.57714
v 1.34161 1.07913 0.63305
v 1.33269 1.08176 0.77269
v 1.34325 1.06520 0.85400
v 1.34700 1.04857 0.94600
v 1.33657 1.09906 1.07943
v 1.34886 1.06106 1.23164
v 1.32000 1.07226 1.33582
v 1.34580 1.07140 1.45460
v 1.34050 1.07020 1.60250
v 1.33600 1.07270 1.70550
v 1.33275 1.07620 1.80875
v 1.31018 1.15300 0.63473
v 1.31592 1.14676 0.75720
v 1.30750 1.17620 0.84550
v 1.30700 1.17870 0.97400
v 1.30650 1.18170 1.10200
v 1.31184 1.16812 1.23172
v 1.29320 1.18344 1.31796
v 1.30467 1.14553 1.45533
v 1.29900 1.14520 1.61300
v 1.29500 1.14620 1.71800
v 1.29050 1.14770 1.82700
v 1.39400 -0.99180 1.01700
v 1.39500 -0.99680 1.04800
v 1.40450 -0.98330 1.25050
v 1.39600 -0.97980 1.38000
v 1.39500 -0.98480 1.42000
v 1.39711 -0.88524 0.54844
v 1.39843 -0.88009 0.63193
v 1.40050 -0.89155 0.75875
v 1.41088 -0.89068 0.92045
v 1.41048 -0.90833 0.98469
v 1.41544 -0.90199 1.11231
v 1.41075 -0.92309 1.24583
v 1.40394 -0.91714 1.35628
v 1.40590 -0.91430 1.44880
v 1.40180 -0.91720 1.57920
v 1.39892 -0.90863 1.69442
v 1.39733 -0.91047 1.79400
v 1.40568 -0.80267 0.53104
v 1.40808 -0.80296 0.62655
v 1.41227 -0.79907 0.75407
v 1.41472 -0.83741 0.89450
v 1.41550 -0.85566 0.95736
v 1.40700 -0.79753 1.69182
v 1.40750 -0.80280 1.79300
v 1.40800 -0.73372 0.52349
v 1.40775 -0.74305 0.58800
v 1.42200 -0.57480 1.68800
v 1.42400 -0.57580 1.79300
v 1.43283 -0.32413 1.68800
v 1.43500 -0.32480 1.79300
v 1.43767 -0.03580 1.68800
v 1.44000 -0.03580 1.79300
v 1.43283 0.25220 1.68800
v 1.43500 0.25220 1.79300
v 1.42200 0.50220 1.68800
v 1.42400 0.50320 1.79300
v 1.40784 0.65612 0.51640
v 1.40680 0.70688 0.53041
v 1.40939 0.71579 0.62250
v 1.41227 0.72660 0.75407
v 1.41383 0.75403 0.88600
v 1.41275 0.77045 0.96825
v 1.41033 0.67720 1.68800
v 1.41200 0.67820 1.79300
v 1.39875 0.80045 0.54306
v 1.39952 0.79694 0.63122
v 1.40050 0.81907 0.75875
v 1.41224 0.81094 0.91876
v 1.41127 0.82969 0.98182
v 1.41544 0.82951 1.11231
v 1.41091 0.84881 1.24913
v 1.40479 0.83861 1.35610
v 1.40590 0.84170 1.44880
v 1.40180 0.84480 1.57920
v 1.40012 0.82038 1.69500
v 1.39875 0.82420 1.79375
v 1.39300 0.90420 0.92900
v 1.39700 0.90687 1.00667
v 1.39500 0.92520 1.04800
v 1.40533 0.90787 1.22367
v 1.39575 0.90545 1.36350
v 1.39500 0.91220 1.42000
usemtl m035
f 4203 4202 4319
f 4203 4319 4320
f 4202 4201 4318
f 4202 4318 4319
f 4390 4392 4319
f 4390 4319 4318
f 4392 4394 4320
f 4392 4320 4319
f 4573 4571 4570
f 4573 4570 4572
f 4571 4569 4568
f 4571 4568 4570
f 4629 4630 4570
f 4629 4570 4568
f 4630 4631 4572
f 4630 4572 4570
f 4510 4511 4449
f 4510 4449 4448
f 4511 4512 4450
f 4511 4450 4449
f 4698 4699 4630
f 4698 4630 4629
f 4699 4701 4631
f 4699 4631 4630
f 4569 4571 4511
f 4569 4511 4510
f 4571 4573 4512
f 4571 4512 4511
f 4448 4389 4387
f 4448 4387 4447
f 4389 4390 4388
f 4389 4388 4387
f 4386 4385 4387
f 4386 4387 4388
f 4385 4446 4447
f 4385 4447 4387
f 4629 4568 4566
f 4629 4566 4628
f 4568 4569 4567
f 4568 4567 4566
f 4565 4564 4566
f 4565 4566 4567
f 4564 4627 4628
f 4564 4628 4566
f 4510 4448 4447
f 4510 4447 4509
f 4446 4508 4509
f 4446 4509 4447
f 4698 4629 4628
f 4698 4628 4695
f 4627 4694 4695
f 4627 4695 4628
f 4569 4510 4509
f 4569 4509 4567
f 4508 4565 4567
f 4508 4567 4509
f 4390 4389 4391
f 4390 4391 4392
f 4389 4448 4449
f 4389 4449 4391
f 4450 4393 4391
f 4450 4391 4449
f 4393 4394 4392
f 4393 4392 4391
f 4453 4456 4401
f 4453 4401 4398
f 4579 4577 4634
f 4579 4634 4636
f 4456 4453 4452
f 4456 4452 4455
f 4514 4516 4455
f 4514 4455 4452
f 4636 4634 4633
f 4636 4633 4635
f 4705 4707 4635
f 4705 4635 4633
f 4577 4579 4516
f 4577 4516 4514
f 4236 4219 4322
f 4236 4322 4325
f 4398 4401 4325
f 4398 4325 4322
f 4117 3651 3649
f 4117 3649 4106
f 4236 4117 4106
f 4236 4106 4219
f 3568 3643 3644
f 3568 3644 3569
f 3645 3570 3569
f 3645 3569 3644
f 4014 3972 4200
f 4014 4200 4201
f 3972 3951 4199
f 3972 4199 4200
f 3570 3645 3646
f 3570 3646 3571
f 3647 3572 3571
f 3647 3571 3646
f 4060 4037 4202
f 4060 4202 4203
f 4037 4014 4201
f 4037 4201 4202
f 4386 4388 4317
f 4386 4317 4316
f 4388 4390 4318
f 4388 4318 4317
f 4201 4200 4317
f 4201 4317 4318
f 4200 4199 4316
f 4200 4316 4317
f 4767 4773 4695
f 4767 4695 4694
f 4773 4774 4698
f 4773 4698 4695
f 4774 4775 4699
f 4774 4699 4698
f 4775 4776 4701
f 4775 4701 4699
f 4454 4399 4400
f 4454 4400 4455
f 4399 4402 4400
f 4455 4516 4515
f 4515 4454 4455
f 4516 4579 4578
f 4516 4578 4515
f 4236 4325 4324
f 4236 4324 4235
f 4325 4400 4324
f 4402 4326 4324
f 4402 4324 4400
f 4326 4251 4235
f 4326 4235 4324
f 3577 3651 3576
f 4117 4236 4235
f 4117 4235 4116
f 4251 4126 4116
f 4251 4116 4235
f 3676 4154 4153
f 3673 3674 4151
f 3599 3521 3522
f 3599 3522 3600
f 3523 3601 3600
f 3523 3600 3522
f 3674 3675 4152
f 3674 4152 4151
f 3675 3676 4153
f 3675 4153 4152
f 3677 3676 3602
f 3602 3601 3524
f 3601 3523 3524
f 3677 3602 3603
f 3482 3483 3525
f 3678 3677 3603
f 3484 3526 3525
f 3484 3525 3483
f 3679 3678 3603
f 3679 3603 3604
f 3604 3526 3606
f 3604 3606 3605
f 3584 3605 3606
f 4148 4147 3669
f 3670 4148 3669
f 3670 3671 4149
f 3670 4149 4148
f 3671 3672 4150
f 3671 4150 4149
f 3672 3673 4151
f 3672 4151 4150
f 3673 3597 3598
f 3597 3519 3520
f 3597 3520 3598
f 3599 3598 3520
f 3599 3674 3673
f 3599 3673 3598
f 3674 3599 3600
f 3674 3600 3675
f 3601 3676 3675
f 3601 3675 3600
f 3516 3517 3595
f 3516 3595 3594
f 3670 3669 3594
f 3670 3594 3595
f 3671 3596 3597
f 3671 3597 3672
f 3596 3518 3519
f 3596 3519 3597
f 3597 3673 3672
f 3602 3676 3601
f 3659 3584 3585
f 3659 3585 3660
f 3586 3661 3660
f 3586 3660 3585
f 4154 3676 3677
f 4154 3677 4155
f 3678 4156 4155
f 3678 4155 3677
f 3679 3604 3605
f 3679 3605 3680
f 3584 3659 3605
f 3659 3680 3605
f 3662 3663 4142
f 3662 4142 4141
f 3587 3663 3662
f 3660 3661 4140
f 3660 4140 4139
f 3661 3662 4141
f 3661 4141 4140
f 3586 3587 3662
f 3586 3662 3661
f 4452 4398 4397
f 4633 4577 4576
f 4778 4779 4705
f 3514 3590 3589
f 3514 3589 3513
f 4144 4143 3664
f 4144 3664 3665
f 3663 3664 4143
f 3663 4143 4142
f 4270 4145 4146
f 3666 3667 4146
f 4146 4145 3666
f 4145 4144 3665
f 4145 3665 3666
f 4195 4312 4313
f 4195 4313 4196
f 4312 4378 4380
f 4312 4380 4313
f 4382 4314 4313
f 4382 4313 4380
f 4314 4197 4196
f 4314 4196 4313
f 4557 4556 4558
f 4557 4558 4559
f 4556 4623 4624
f 4556 4624 4558
f 4625 4560 4558
f 4625 4558 4624
f 4560 4561 4559
f 4560 4559 4558
f 4442 4504 4505
f 4442 4505 4443
f 4506 4444 4443
f 4506 4443 4505
f 4623 4686 4688
f 4623 4688 4624
f 4690 4625 4624
f 4690 4624 4688
f 4504 4557 4559
f 4504 4559 4505
f 4561 4506 4505
f 4561 4505 4559
f 4444 4445 4383
f 4444 4383 4381
f 4445 4446 4385
f 4445 4385 4383
f 4386 4384 4383
f 4386 4383 4385
f 4384 4382 4381
f 4384 4381 4383
f 4625 4626 4562
f 4625 4562 4560
f 4626 4627 4564
f 4626 4564 4562
f 4565 4563 4562
f 4565 4562 4564
f 4563 4561 4560
f 4563 4560 4562
f 4506 4507 4445
f 4506 4445 4444
f 4507 4508 4446
f 4507 4446 4445
f 4690 4692 4626
f 4690 4626 4625
f 4692 4694 4627
f 4692 4627 4626
f 4561 4563 4507
f 4561 4507 4506
f 4563 4565 4508
f 4563 4508 4507
f 4382 4380 4379
f 4382 4379 4381
f 4380 4378 4377
f 4380 4377 4379
f 4442 4443 4379
f 4442 4379 4377
f 4443 4444 4381
f 4443 4381 4379
f 3637 3636 3753
f 3637 3753 3776
f 3776 3753 4192
f 3776 4192 4193
f 3566 3641 3642
f 3566 3642 3567
f 3643 3568 3567
f 3643 3567 3642
f 3869 4197 4198
f 3869 4198 3910
f 4199 3951 3910
f 4199 3910 4198
f 3564 3639 3640
f 3564 3640 3565
f 3641 3566 3565
f 3641 3565 3640
f 3822 4195 4196
f 3822 4196 3846
f 4197 3869 3846
f 4197 3846 4196
f 4386 4316 4315
f 4386 4315 4384
f 4316 4199 4198
f 4316 4198 4315
f 4197 4314 4315
f 4197 4315 4198
f 4314 4382 4384
f 4314 4384 4315
f 4690 4755 4760
f 4690 4760 4692
f 4767 4694 4692
f 4767 4692 4760
f 4686 4753 4754
f 4686 4754 4688
f 4755 4690 4688
f 4755 4688 4754
f 4749 4679 4748
f 4437 4438 4371
f 4437 4371 4370
f 4500 4438 4437
f 4500 4501 4438
f 4550 4551 4501
f 4550 4501 4500
f 4192 4191 4308
f 4192 4308 4309
f 4191 4190 4307
f 4191 4307 4308
f 4370 4371 4308
f 4370 4308 4307
f 4371 4309 4308
f 3753 3752 4191
f 3753 4191 4192
f 3614 3687 3688
f 3685 3612 3611
f 3533 3534 3491
f 3533 3491 3490
f 3534 3535 3492
f 3534 3492 3491
f 3687 3614 3613
f 3687 3613 3686
f 3612 3685 3686
f 3612 3686 3613
f 3615 3536 3614
f 3493 3535 3536
f 3535 3493 3492
f 3703 3704 3705
f 3620 3619 3704
f 3620 3704 3705
f 3615 3537 3536
f 3449 3494 3450
f 3537 3615 3616
f 3495 3451 3450
f 3495 3450 3494
f 3617 3538 3537
f 3617 3537 3616
f 3496 3462 3451
f 3496 3451 3495
f 3692 3703 3704
f 3619 3618 3692
f 3619 3692 3704
f 3618 3617 3690
f 3618 3690 3692
f 3541 3540 3539
f 3540 3495 3538
f 3540 3538 3539
f 3683 3608 3682
f 3683 3609 3608
f 3607 3681 3682
f 3607 3682 3608
f 3685 3611 3610
f 3685 3610 3684
f 3609 3683 3684
f 3609 3684 3610
f 3611 3532 3531
f 3611 3612 3533
f 3611 3533 3532
f 3533 3489 3532
f 3489 3488 3531
f 3489 3531 3532
f 3612 3613 3534
f 3612 3534 3533
f 3613 3614 3535
f 3613 3535 3534
f 3607 3608 3529
f 3607 3529 3528
f 3608 3609 3530
f 3608 3530 3529
f 3487 3486 3529
f 3487 3529 3530
f 3486 3485 3528
f 3486 3528 3529
f 3609 3610 3531
f 3609 3531 3530
f 3610 3611 3531
f 3488 3487 3530
f 3488 3530 3531
f 3614 3536 3535
f 3615 3614 3688
f 3543 3542 3620
f 3543 3620 3621
f 3542 3541 3619
f 3542 3619 3620
f 3615 3688 3689
f 3616 3689 3690
f 3616 3615 3689
f 3617 3616 3690
f 3617 3618 3539
f 3617 3539 3538
f 3618 3619 3539
f 3541 3539 3619
f 3622 3707 3708
f 3622 3708 3623
f 3544 3622 3623
f 3620 3705 3706
f 3620 3706 3621
f 3707 3622 3621
f 3707 3621 3706
f 3622 3544 3543
f 3622 3543 3621
f 4374 4439 4373
f 4441 4375 4373
f 4441 4373 4439
f 4375 4376 4374
f 4375 4374 4373
f 4553 4620 4552
f 4622 4554 4552
f 4622 4552 4620
f 4554 4555 4553
f 4554 4553 4552
f 4503 4441 4439
f 4503 4439 4502
f 4684 4622 4620
f 4684 4620 4682
f 4555 4503 4502
f 4555 4502 4553
f 4376 4311 4310
f 4376 4310 4374
f 4311 4194 4193
f 4311 4193 4310
f 3638 3563 3562
f 3638 3562 3637
f 4194 3799 3776
f 4194 3776 4193
f 4682 4751 4750
f 3547 3504 3503
f 3547 3503 3546
f 4182 3710 3709
f 4182 3709 4181
f 3710 3625 3624
f 3710 3624 3709
f 3623 3708 3709
f 3623 3709 3624
f 3504 3548 3505
f 3504 3547 3548
f 3549 3505 3548
f 3710 4182 4183
f 3710 4183 3711
f 4184 3712 3711
f 4184 3711 4183
f 3625 3710 3711
f 3625 3711 3626
f 3712 3627 3626
f 3712 3626 3711
f 3632 3628 3713
f 3712 3713 3628
f 3712 3628 3627
f 3634 3633 3734
f 3634 3734 3735
f 3633 3632 3713
f 3633 3713 3734
f 4184 4185 3713
f 4184 3713 3712
f 3735 3734 4188
f 3735 4188 4189
f 3734 3713 4188
f 4185 4188 3713
f 4635 4578 4636
f 4578 4579 4636
f 4455 4400 4401
f 4401 4456 4455
f 4400 4325 4401
f 4453 4398 4452
f 4577 4633 4634
f 4780 4781 4779
f 4620 4553 4621
f 4374 4440 4439
f 4309 4371 4372
f 4374 4310 4309
f 4374 4309 4372
f 4310 4193 4192
f 4310 4192 4309
f 4371 4438 4372
f 4440 4374 4372
f 4440 4372 4438
f 4502 4439 4438
f 4502 4438 4501
f 4439 4440 4438
f 4553 4502 4501
f 4553 4501 4551
f 4551 4550 4619
f 4550 4618 4619
f 4621 4619 4618
f 4621 4553 4551
f 4621 4551 4619
f 4682 4620 4618
f 4682 4618 4680
f 4620 4621 4618
f 4751 4682 4680
f 4751 4680 4749
f 4396 4394 4393
f 4396 4393 4395
f 4450 4451 4395
f 4450 4395 4393
f 4575 4573 4572
f 4575 4572 4574
f 4631 4632 4574
f 4631 4574 4572
f 4512 4513 4451
f 4512 4451 4450
f 4701 4703 4632
f 4701 4632 4631
f 4573 4575 4513
f 4573 4513 4512
f 4204 4203 4320
f 4204 4320 4321
f 4394 4396 4321
f 4394 4321 4320
f 3572 3647 3648
f 3572 3648 3573
f 4083 4060 4203
f 4083 4203 4204
f 4776 4777 4703
f 4776 4703 4701
f 4778 4780 4779
f 4398 4396 4395
f 4398 4395 4397
f 4451 4452 4397
f 4451 4397 4395
f 4577 4575 4574
f 4577 4574 4576
f 4632 4633 4576
f 4632 4576 4574
f 4513 4514 4452
f 4513 4452 4451
f 4703 4705 4633
f 4703 4633 4632
f 4575 4577 4514
f 4575 4514 4513
f 4219 4204 4321
f 4219 4321 4322
f 4396 4398 4322
f 4396 4322 4321
f 3573 3648 3649
f 3573 3649 3574
f 4106 4083 4204
f 4106 4204 4219
f 4777 4778 4705
f 4777 4705 4703
f 4441 4442 4377
f 4441 4377 4375
f 4378 4375 4377
f 4378 4376 4375
f 4622 4623 4556
f 4622 4556 4554
f 4557 4555 4554
f 4557 4554 4556
f 4503 4504 4442
f 4503 4442 4441
f 4684 4686 4623
f 4684 4623 4622
f 4555 4557 4504
f 4555 4504 4503
f 4376 4378 4312
f 4376 4312 4311
f 4195 4194 4311
f 4195 4311 4312
f 3639 3638 3799
f 3639 3799 3822
f 3822 3799 4194
f 3822 4194 4195
f 3484 3473 3507
f 3592 3580 3593
f 3448 3449 3460
f 3460 3449 3450
f 3460 3450 3461
f 3451 3462 3461
f 3451 3461 3450
f 3549 3550 3555
f 3576 3582 3575
f 3576 3583 3582
f 3479 3468 3469
f 3479 3469 3480
f 3470 3480 3469
f 3470 3481 3480
f 3477 3466 3467
f 3477 3467 3478
f 3468 3479 3478
f 3468 3478 3467
f 3481 3470 3471
f 3481 3471 3482
f 3482 3471 3472
f 3482 3472 3483
f 3473 3484 3483
f 3473 3483 3472
f 3463 3464 3475
f 3463 3475 3474
f 3476 3465 3466
f 3476 3466 3477
f 3592 3579 3580
f 3579 3592 3515
f 3448 3459 3458
f 3448 3458 3447
f 3457 3446 3447
f 3457 3447 3458
f 3446 3457 3456
f 3446 3456 3445
f 3459 3448 3460
f 3443 3454 3453
f 3443 3453 3442
f 3452 3441 3442
f 3452 3442 3453
f 3445 3456 3455
f 3445 3455 3444
f 3454 3443 3455
f 3443 3444 3455
f 3554 3549 3555
f 3549 3554 3505
f 3554 3506 3505
f 3504 3505 3506
f 3651 3577 3574
f 3651 3574 3649
f 3651 3650 3576
f 3658 3583 3576
f 3658 3576 3650
f 3479 3521 3520
f 3479 3520 3478
f 3519 3477 3478
f 3519 3478 3520
f 3524 3482 3525
f 3526 3484 3527
f 3484 3507 3527
f 3508 3527 3507
f 3587 3511 3512
f 3587 3512 3588
f 3511 3587 3586
f 3510 3511 3586
f 3580 3655 3593
f 3655 3668 3593
f 3667 3592 3593
f 3667 3593 3668
f 3582 3657 3656
f 3582 3656 3581
f 3655 3580 3581
f 3655 3581 3656
f 3588 3512 3513
f 3588 3513 3589
f 3561 3636 3637
f 3561 3637 3562
f 3635 3558 3557
f 3635 3557 3634
f 3490 3446 3445
f 3490 3445 3489
f 3449 3493 3494
f 3462 3496 3497
f 3501 3544 3545
f 3501 3545 3502
f 3500 3543 3501
f 3544 3501 3543
f 3549 3627 3628
f 3549 3628 3550
f 3632 3555 3550
f 3632 3550 3628
f 3556 3634 3557
f 3556 3633 3634
f 3555 3632 3633
f 3555 3633 3556
f 3502 3545 3546
f 3502 3546 3503
f 3627 3549 3548
f 3563 3638 3639
f 3563 3639 3564
f 3517 3518 3596
f 3517 3596 3595
f 3671 3670 3595
f 3671 3595 3596
f 3464 3465 3476
f 3464 3476 3475
f 4517 4578 4515
f 4515 4457 4517
f 4140 4141 4265
f 4137 4158 4159
f 4138 4137 4159
f 4141 4266 4265
f 4437 4369 4370
f 4189 4307 4306
f 4307 4370 4369
f 4307 4369 4306
f 4679 4750 4748
f 3703 3692 3702
f 3692 3690 3702
f 3708 3707 4179
f 3708 4179 4180
f 3707 3706 4179
f 3709 3708 4180
f 3709 4180 4181
f 4188 4185 4187
f 3591 3590 3514
f 3514 3515 3591
f 3515 3592 3591
f 3590 3666 3665
f 3521 3479 3480
f 3521 3480 3522
f 3481 3523 3522
f 3481 3522 3480
f 3523 3481 3482
f 3523 3482 3524
f 3584 3508 3509
f 3584 3509 3585
f 3510 3586 3585
f 3510 3585 3509
f 3526 3527 3606
f 3508 3584 3606
f 3508 3606 3527
f 3476 3518 3475
f 3518 3517 3475
f 3518 3476 3477
f 3518 3477 3519
f 3492 3448 3447
f 3492 3447 3491
f 3446 3490 3491
f 3446 3491 3447
f 3448 3492 3493
f 3448 3493 3449
f 3543 3500 3499
f 3543 3499 3542
f 3498 3541 3542
f 3498 3542 3499
f 3541 3498 3497
f 3541 3497 3540
f 3496 3495 3497
f 3495 3540 3497
f 3487 3442 3486
f 3487 3443 3442
f 3441 3485 3486
f 3441 3486 3442
f 3489 3445 3444
f 3489 3444 3488
f 3443 3487 3488
f 3443 3488 3444
f 3643 3951 3972
f 3643 3972 3644
f 4014 3645 3644
f 4014 3644 3972
f 3645 4014 4037
f 3645 4037 3646
f 4060 3647 3646
f 4060 3646 4037
f 3651 4117 3650
f 4117 4116 3650
f 4126 3657 3650
f 4126 3650 4116
f 3657 3658 3650
f 3521 3599 3520
f 3525 3603 3602
f 3525 3602 3524
f 3526 3604 3603
f 3526 3603 3525
f 3587 3588 3663
f 3590 3665 3664
f 3590 3664 3589
f 3663 3588 3589
f 3663 3589 3664
f 3641 3869 3910
f 3641 3910 3642
f 3951 3643 3642
f 3951 3642 3910
f 3639 3822 3846
f 3639 3846 3640
f 3869 3641 3640
f 3869 3640 3846
f 3752 3635 3634
f 3533 3490 3489
f 3537 3494 3493
f 3537 3493 3536
f 3538 3495 3494
f 3538 3494 3537
f 3544 3623 3545
f 3799 3638 3637
f 3799 3637 3776
f 3625 3547 3546
f 3625 3546 3624
f 3545 3623 3624
f 3545 3624 3546
f 3547 3625 3626
f 3547 3626 3548
f 3627 3548 3626
f 3647 4060 4083
f 3647 4083 3648
f 3648 4083 4106
f 3648 4106 3649
f 3475 3517 3516
f 3475 3516 3474
f 3590 3591 3666
f 3592 3667 3666
f 3592 3666 3591
f 4159 4160 4139
f 4159 4139 4138
f 4160 3659 3660
f 4160 3660 4139
f 4156 3678 4158
f 3678 3679 3680
f 3678 3680 4158
f 3659 4160 4158
f 3659 4158 3680
f 4160 4159 4158
f 4141 4142 4266
f 4144 4268 4267
f 4144 4267 4143
f 4266 4142 4143
f 4266 4143 4267
f 4270 4269 4145
f 4268 4144 4145
f 4268 4145 4269
f 4780 4778 4706
f 4457 4454 4399
f 4457 4399 4402
f 4515 4454 4457
f 4707 4706 4635
f 4402 4399 4323
f 4402 4323 4326
f 4234 4251 4326
f 4234 4326 4323
f 4126 4251 4234
f 4137 4136 4158
f 4156 4158 4136
f 3667 3668 3655
f 4766 4693 4696
f 4766 4696 4772
f 4697 4774 4772
f 4697 4772 4696
f 4774 4697 4700
f 4774 4700 4776
f 4776 4700 4702
f 4776 4702 4777
f 4755 4689 4691
f 4755 4691 4757
f 4693 4766 4757
f 4693 4757 4691
f 4753 4685 4687
f 4753 4687 4754
f 4689 4755 4754
f 4689 4754 4687
f 4777 4702 4704
f 4777 4704 4778
f 4750 4681 4683
f 4750 4683 4752
f 4685 4753 4752
f 4685 4752 4683
f 4189 4190 4307
f 4681 4750 4679
f 3687 3697 3698
f 3687 3698 3688
f 3685 3695 3696
f 3685 3696 3686
f 3697 3687 3686
f 3697 3686 3696
f 3690 3700 3702
f 3695 3685 3684
f 3688 3698 3699
f 3688 3699 3689
f 3689 3699 3700
f 3689 3700 3690
f 4186 4184 4183
f 4184 4187 4185
f 4184 4186 4187
f 4767 4766 4772
f 4767 4772 4773
f 4774 4773 4772
f 4774 4776 4775
f 4755 4757 4760
f 4766 4767 4760
f 4766 4760 4757
f 4749 4680 4679
f 3560 3636 3561
f 4705 4779 4781
f 4705 4781 4707
f 4748 4750 4749
f 4751 4749 4750
f 4682 4750 4752
f 4682 4752 4684
f 4753 4686 4684
f 4753 4684 4752
f 4781 4780 4706
f 4781 4706 4707
f 3636 3560 3635
f 3560 3558 3635
f 3752 3753 3635
f 3636 3635 3753
f 4454 4457 4402
f 4454 4402 4399
f 3582 3583 3658
f 3582 3658 3657
f 4190 4189 4306
f 4190 4306 4307
f 3752 3634 3735
f 3752 3735 4189
f 3752 4189 4191
f 4189 4190 4191
f 3560 3557 3558
f 3557 3560 3559
f 4114 4124 4113
f 4247 4248 4263
f 4247 4263 4262
f 4243 4244 4259
f 4243 4259 4258
f 4248 4249 4264
f 4248 4264 4263
f 4143 4142 4119
f 4143 4119 4120
f 3800 3777 3778
f 3800 3778 3801
f 3844 3843 3819
f 3844 3819 3820
f 3744 3728 3729
f 3744 3729 3745
f 3774 3773 3749
f 3749 3750 3774
f 4239 4240 4255
f 4239 4255 4254
f 3826 3828 3827
f 3853 3851 3828
f 3853 3828 3829
f 3851 3850 3827
f 3851 3827 3828
f 3719 3718 3698
f 3719 3698 3699
f 3718 3717 3696
f 3718 3696 3698
f 3986 4007 4006
f 3986 4006 3985
f 3990 3991 4012
f 3990 4012 4011
f 4021 3998 3999
f 4021 3999 4022
f 3883 3903 3902
f 3883 3902 3882
f 3887 3888 3908
f 3887 3908 3907
f 4152 4151 4130
f 4152 4130 4131
f 4124 4114 4125
f 4038 4015 4039
f 3831 3855 3854
f 3979 4000 3999
f 3979 3999 3978
f 3722 3738 3737
f 3722 3737 3721
f 4003 3982 3983
f 4003 3983 4004
f 3982 3961 3962
f 3982 3962 3983
f 3899 3879 3880
f 3899 3880 3900
f 3924 3944 3943
f 3924 3943 3923
f 3944 3965 3964
f 3944 3964 3943
f 3970 3969 3948
f 3970 3948 3949
f 3928 3929 3949
f 3928 3949 3948
f 3917 3937 3936
f 3917 3936 3916
f 3937 3958 3957
f 3937 3957 3936
f 3920 3899 3900
f 3920 3900 3921
f 3981 3982 4003
f 3981 4003 4002
f 3741 3740 3724
f 3741 3724 3725
f 3704 3705 3725
f 3704 3725 3724
f 3919 3920 3940
f 3919 3940 3939
f 3961 3960 3939
f 3961 3939 3940
f 3834 3835 3858
f 3834 3858 3857
f 4245 4246 4261
f 4245 4261 4260
f 4023 4024 4046
f 4000 3980 4001
f 4001 4023 4000
f 3739 3738 3722
f 3739 3722 3723
f 3723 3722 3702
f 3723 3702 3703
f 3917 3918 3938
f 3917 3938 3937
f 3959 3958 3937
f 3959 3937 3938
f 3832 3833 3856
f 3832 3856 3855
f 4000 3979 3980
f 3903 3924 3923
f 3903 3923 3902
f 3929 3928 3907
f 3929 3907 3908
f 3876 3896 3895
f 3876 3895 3875
f 3896 3917 3916
f 3896 3916 3895
f 3919 3898 3899
f 3919 3899 3920
f 3898 3878 3879
f 3898 3879 3899
f 3917 3896 3897
f 3917 3897 3918
f 3896 3876 3877
f 3896 3877 3897
f 3965 3986 3985
f 3965 3985 3964
f 3991 3990 3969
f 3991 3969 3970
f 3958 3979 3978
f 3958 3978 3957
f 3981 3960 3961
f 3981 3961 3982
f 3979 3958 3959
f 3979 3959 3980
f 3961 3940 3941
f 3961 3941 3962
f 3940 3920 3921
f 3940 3921 3941
f 3777 3754 3755
f 3777 3755 3778
f 3754 3714 3715
f 3754 3715 3755
f 3814 3791 3792
f 3814 3792 3815
f 3806 3783 3784
f 3806 3784 3807
f 3785 3808 3807
f 3785 3807 3784
f 3810 3787 3788
f 3810 3788 3811
f 3808 3785 3786
f 3808 3786 3809
f 3791 3768 3769
f 3791 3769 3792
f 3768 3744 3745
f 3768 3745 3769
f 3820 3819 3796
f 3820 3796 3797
f 3773 3774 3797
f 3773 3797 3796
f 3783 3760 3761
f 3783 3761 3784
f 3760 3736 3737
f 3760 3737 3761
f 3738 3762 3761
f 3738 3761 3737
f 3762 3785 3784
f 3762 3784 3761
f 3787 3764 3765
f 3787 3765 3788
f 3764 3740 3741
f 3764 3741 3765
f 3785 3762 3763
f 3785 3763 3786
f 3762 3738 3739
f 3762 3739 3763
f 3838 3814 3815
f 3838 3815 3839
f 3830 3806 3807
f 3830 3807 3831
f 3834 3810 3811
f 3834 3811 3835
f 3832 3808 3809
f 3832 3809 3833
f 3823 3800 3801
f 3823 3801 3824
f 3861 3838 3839
f 3861 3839 3862
f 3721 3701 3702
f 3721 3702 3722
f 3714 3693 3694
f 3714 3694 3715
f 3879 3859 3880
f 3788 3789 3812
f 3788 3812 3811
f 3741 3742 3766
f 3741 3766 3765
f 3789 3788 3765
f 3789 3765 3766
f 3742 3741 3725
f 3742 3725 3726
f 3811 3812 3836
f 3811 3836 3835
f 3859 3858 3835
f 3859 3835 3836
f 3726 3725 3705
f 3726 3705 3706
f 4244 4245 4260
f 4244 4260 4259
f 4242 4243 4258
f 4242 4258 4257
f 3854 3853 3830
f 3854 3830 3831
f 3737 3736 3720
f 3737 3720 3721
f 3721 3720 3700
f 3721 3700 3701
f 4044 4043 4020
f 4044 4020 4021
f 3957 3956 3935
f 3957 3935 3936
f 3915 3916 3936
f 3915 3936 3935
f 3999 3998 3977
f 3999 3977 3978
f 3916 3915 3894
f 3916 3894 3895
f 3874 3875 3895
f 3874 3895 3894
f 3956 3957 3978
f 3956 3978 3977
f 3782 3783 3806
f 3782 3806 3805
f 3783 3782 3759
f 3783 3759 3760
f 3719 3720 3760
f 3719 3760 3759
f 3720 3736 3760
f 3980 4002 4001
f 4025 4001 4002
f 3786 3787 3810
f 3786 3810 3809
f 4002 3980 3981
f 3833 3834 3857
f 3833 3857 3856
f 3877 3878 3898
f 3877 3898 3897
f 3919 3918 3897
f 3919 3897 3898
f 3959 3960 3981
f 3959 3981 3980
f 3918 3919 3939
f 3918 3939 3938
f 3960 3959 3938
f 3960 3938 3939
f 3739 3740 3764
f 3739 3764 3763
f 3787 3786 3763
f 3787 3763 3764
f 3740 3739 3723
f 3740 3723 3724
f 3834 3833 3809
f 3834 3809 3810
f 3724 3723 3703
f 3724 3703 3704
f 4246 4247 4262
f 4246 4262 4261
f 4048 4025 4026
f 4048 4026 4049
f 4046 4024 4047
f 4045 4022 4023
f 4045 4023 4046
f 4025 4048 4047
f 4025 4047 4024
f 4067 4044 4045
f 4067 4045 4068
f 4004 4027 4026
f 4004 4026 4003
f 4061 4038 4039
f 4061 4039 4062
f 4064 4041 4042
f 4064 4042 4065
f 4043 4066 4065
f 4043 4065 4042
f 3867 3866 3843
f 3843 3844 3867
f 3831 3807 3808
f 3831 3808 3832
f 3859 3879 3858
f 3803 3804 3828
f 3805 3829 3828
f 3805 3828 3804
f 3883 3861 3862
f 3708 3709 3729
f 3708 3729 3728
f 4029 4030 4053
f 4029 4053 4052
f 3880 3860 3881
f 3706 3707 3727
f 3727 3726 3706
f 3859 3860 3880
f 4028 4027 4004
f 4051 4027 4028
f 3884 3883 3862
f 3884 3862 3863
f 3709 3730 3729
f 4054 4053 4030
f 4054 4030 4031
f 4144 4143 4120
f 4144 4120 4121
f 3746 3745 3729
f 3746 3729 3730
f 4031 4030 4007
f 4031 4007 4008
f 3904 3903 3883
f 3883 3884 3904
f 3966 3965 3944
f 3966 3944 3945
f 3924 3925 3945
f 3924 3945 3944
f 3925 3924 3903
f 3925 3903 3904
f 3987 3986 3965
f 3987 3965 3966
f 3792 3793 3816
f 3792 3816 3815
f 3793 3792 3769
f 3793 3769 3770
f 3745 3746 3770
f 3745 3770 3769
f 3815 3816 3840
f 3815 3840 3839
f 3863 3862 3839
f 3863 3839 3840
f 3887 3886 3865
f 3887 3865 3866
f 3749 3748 3732
f 3749 3732 3733
f 4057 4056 4033
f 4057 4033 4034
f 4007 4030 4029
f 4007 4029 4006
f 4035 4034 4011
f 4035 4011 4012
f 4044 4021 4022
f 4044 4022 4045
f 4015 3993 4016
f 4000 4023 4022
f 4000 4022 3999
f 4025 4002 4003
f 4025 4003 4026
f 4023 4001 4024
f 4018 3996 3997
f 4018 3997 4019
f 3998 4021 4019
f 3998 4019 3997
f 4025 4024 4001
f 3983 3984 4005
f 3987 4008 4007
f 3987 4007 3986
f 3853 3875 3874
f 3855 3831 3832
f 3824 3848 3847
f 3855 3876 3875
f 3855 3875 3854
f 3878 3857 3879
f 3857 3858 3879
f 3876 3855 3856
f 3876 3856 3877
f 3875 3853 3854
f 3857 3878 3877
f 3857 3877 3856
f 3883 3882 3861
f 4102 4103 4112
f 4113 4112 4103
f 4247 4230 4231
f 4247 4231 4248
f 4230 4215 4216
f 4230 4216 4231
f 4243 4226 4227
f 4243 4227 4244
f 4226 4211 4212
f 4226 4212 4227
f 4217 4232 4231
f 4217 4231 4216
f 4232 4249 4248
f 4232 4248 4231
f 4119 4108 4109
f 4119 4109 4120
f 4108 4098 4099
f 4108 4099 4109
f 4237 4220 4221
f 4237 4221 4238
f 4220 4205 4206
f 4220 4206 4221
f 4245 4228 4229
f 4245 4229 4246
f 4228 4213 4214
f 4228 4214 4229
f 4244 4227 4228
f 4244 4228 4245
f 4227 4212 4213
f 4227 4213 4228
f 4240 4223 4224
f 4240 4224 4241
f 4223 4208 4209
f 4223 4209 4224
f 4210 4225 4224
f 4210 4224 4209
f 4225 4242 4241
f 4225 4241 4224
f 4215 4230 4229
f 4215 4229 4214
f 4230 4247 4246
f 4230 4246 4229
f 4249 4232 4233
f 4249 4233 4250
f 4232 4217 4218
f 4232 4218 4233
f 4100 4110 4109
f 4100 4109 4099
f 4110 4121 4120
f 4110 4120 4109
f 4056 4057 4080
f 4056 4080 4079
f 4073 4096 4095
f 4073 4095 4072
f 4098 4076 4099
f 4096 4073 4074
f 4096 4074 4097
f 4077 4100 4099
f 4077 4099 4076
f 4122 4144 4121
f 4122 4112 4123
f 4112 4113 4124
f 4112 4124 4123
f 4104 4105 4115
f 4104 4115 4114
f 3747 3746 3730
f 3798 3774 3775
f 4010 4009 3988
f 4010 3988 3989
f 4009 4008 3987
f 4009 3987 3988
f 4011 4010 3989
f 4011 3989 3990
f 4013 4012 3991
f 4013 3991 3992
f 3884 3885 3905
f 3884 3905 3904
f 3885 3886 3906
f 3885 3906 3905
f 3886 3887 3907
f 3886 3907 3906
f 3888 3889 3909
f 3888 3909 3908
f 4144 4122 4145
f 4122 4123 4145
f 3968 3967 3946
f 3968 3946 3947
f 3967 3966 3945
f 3967 3945 3946
f 3925 3926 3946
f 3925 3946 3945
f 3926 3927 3947
f 3926 3947 3946
f 3969 3968 3947
f 3969 3947 3948
f 3927 3928 3948
f 3927 3948 3947
f 3929 3930 3950
f 3929 3950 3949
f 3971 3970 3949
f 3971 3949 3950
f 3991 3971 3992
f 3927 3926 3905
f 3927 3905 3906
f 3926 3925 3904
f 3926 3904 3905
f 3928 3927 3906
f 3928 3906 3907
f 3930 3929 3908
f 3930 3908 3909
f 3989 3988 3967
f 3989 3967 3968
f 3988 3987 3966
f 3988 3966 3967
f 3990 3989 3968
f 3990 3968 3969
f 3971 3991 3970
f 3793 3794 3817
f 3793 3817 3816
f 3794 3795 3818
f 3794 3818 3817
f 3795 3819 3818
f 3820 3845 3844
f 3795 3794 3771
f 3795 3771 3772
f 3794 3793 3770
f 3794 3770 3771
f 3746 3747 3771
f 3746 3771 3770
f 3747 3748 3772
f 3747 3772 3771
f 3819 3795 3772
f 3819 3772 3796
f 3748 3749 3796
f 3748 3796 3772
f 3749 3773 3796
f 3774 3798 3821
f 3774 3821 3797
f 3845 3820 3797
f 3845 3797 3821
f 3816 3817 3841
f 3816 3841 3840
f 3817 3818 3842
f 3817 3842 3841
f 3818 3819 3843
f 3818 3843 3842
f 3868 3844 3845
f 3748 3747 3731
f 3747 3730 3731
f 3865 3864 3841
f 3865 3841 3842
f 3864 3863 3840
f 3864 3840 3841
f 3866 3865 3842
f 3866 3842 3843
f 3844 3868 3867
f 3889 3888 3867
f 3889 3867 3868
f 3888 3887 3866
f 3888 3866 3867
f 3886 3885 3864
f 3886 3864 3865
f 3885 3884 3863
f 3885 3863 3864
f 3750 3751 3775
f 3775 3774 3750
f 3733 3734 3750
f 3733 3750 3749
f 3748 3731 3732
f 3750 3734 3751
f 4035 4013 4036
f 4036 4058 4035
f 4058 4057 4034
f 4058 4034 4035
f 4056 4055 4032
f 4056 4032 4033
f 4055 4054 4031
f 4055 4031 4032
f 4033 4032 4009
f 4033 4009 4010
f 4032 4031 4008
f 4032 4008 4009
f 4034 4033 4010
f 4034 4010 4011
f 4013 4035 4012
f 4081 4082 4104
f 4105 4104 4082
f 4114 4113 4103
f 4114 4103 4104
f 4112 4122 4111
f 4122 4121 4110
f 4122 4110 4111
f 4100 4101 4111
f 4100 4111 4110
f 4101 4102 4112
f 4101 4112 4111
f 4058 4036 4059
f 4059 4081 4058
f 4057 4058 4080
f 4081 4080 4058
f 4077 4078 4101
f 4077 4101 4100
f 4078 4079 4102
f 4078 4102 4101
f 3853 3829 3830
f 3720 3719 3699
f 3720 3699 3700
f 4240 4241 4256
f 4240 4256 4255
f 4241 4242 4257
f 4241 4257 4256
f 4043 4042 4019
f 4043 4019 4020
f 4042 4041 4018
f 4042 4018 4019
f 4019 4021 4020
f 4133 4154 4132
f 4154 4152 4131
f 4154 4131 4132
f 3956 3955 3934
f 3956 3934 3935
f 3955 3954 3933
f 3955 3933 3934
f 3913 3914 3934
f 3913 3934 3933
f 3914 3915 3935
f 3914 3935 3934
f 3998 3997 3976
f 3998 3976 3977
f 3997 3996 3975
f 3997 3975 3976
f 3915 3914 3893
f 3915 3893 3894
f 3914 3913 3892
f 3914 3892 3893
f 3872 3873 3893
f 3872 3893 3892
f 3873 3874 3894
f 3873 3894 3893
f 3954 3955 3976
f 3954 3976 3975
f 3955 3956 3977
f 3955 3977 3976
f 3780 3781 3804
f 3780 3804 3803
f 3781 3782 3805
f 3781 3805 3804
f 3782 3781 3758
f 3782 3758 3759
f 3781 3780 3757
f 3781 3757 3758
f 3717 3718 3758
f 3717 3758 3757
f 3718 3719 3759
f 3718 3759 3758
f 3803 3828 3826
f 4067 4066 4043
f 4067 4043 4044
f 3830 3829 3805
f 3830 3805 3806
f 3874 3873 3852
f 3874 3852 3853
f 3873 3872 3851
f 3873 3851 3852
f 3850 3851 3852
f 3851 3853 3852
f 4210 4211 4226
f 4210 4226 4225
f 4243 4242 4225
f 4243 4225 4226
f 4090 4089 4066
f 4090 4066 4067
f 3995 3994 3974
f 3871 3870 3849
f 3778 3779 3802
f 3778 3802 3801
f 3871 3849 3850
f 3715 3716 3756
f 3715 3756 3755
f 3779 3778 3755
f 3779 3755 3756
f 3801 3802 3825
f 3801 3825 3824
f 3716 3715 3694
f 3716 3694 3695
f 4063 4062 4039
f 4063 4039 4040
f 4017 3994 3995
f 4017 4016 3994
f 4206 4207 4222
f 4206 4222 4221
f 4239 4238 4221
f 4239 4221 4222
f 4086 4085 4062
f 4086 4062 4063
f 3994 3973 3974
f 3870 3871 3891
f 3870 3891 3890
f 3912 3911 3890
f 3912 3890 3891
f 3952 3953 3974
f 3952 3974 3973
f 3911 3912 3932
f 3911 3932 3931
f 3953 3952 3931
f 3953 3931 3932
f 4040 4039 4016
f 3849 3848 3825
f 4039 4015 4016
f 3848 3824 3825
f 4134 4135 4157
f 4134 4157 4156
f 4133 4134 4156
f 4133 4156 4155
f 3732 3731 3711
f 3710 3711 3731
f 4154 4133 4155
f 3707 3708 3728
f 3707 3728 3727
f 4028 4029 4052
f 4028 4052 4051
f 3984 3985 4006
f 3984 4006 4005
f 4097 4098 4108
f 4097 4108 4107
f 4119 4118 4107
f 4119 4107 4108
f 4051 4052 4075
f 4051 4075 4074
f 4098 4097 4074
f 4098 4074 4075
f 4249 4250 4265
f 4249 4265 4264
f 3743 3742 3726
f 3743 3726 3727
f 3983 4005 4004
f 3900 3881 3901
f 4004 4005 4028
f 3963 3962 3941
f 3963 3941 3942
f 3921 3922 3942
f 3921 3942 3941
f 3922 3921 3900
f 3922 3900 3901
f 3984 3983 3962
f 3984 3962 3963
f 3789 3790 3813
f 3789 3813 3812
f 3790 3789 3766
f 3790 3766 3767
f 3742 3743 3767
f 3742 3767 3766
f 3837 3859 3836
f 3812 3813 3837
f 3812 3837 3836
f 3859 3837 3860
f 3881 3900 3880
f 4118 4119 4142
f 4118 4142 4141
f 3744 3743 3727
f 3744 3727 3728
f 4029 4028 4005
f 4029 4005 4006
f 3902 3901 3881
f 3902 3881 3882
f 3964 3963 3942
f 3964 3942 3943
f 3922 3923 3943
f 3922 3943 3942
f 3923 3922 3901
f 3923 3901 3902
f 3963 3964 3985
f 3963 3985 3984
f 3790 3791 3814
f 3790 3814 3813
f 3791 3790 3767
f 3791 3767 3768
f 3743 3744 3768
f 3743 3768 3767
f 3813 3814 3838
f 3813 3838 3837
f 3837 3838 3861
f 3837 3861 3860
f 3860 3861 3882
f 3860 3882 3881
f 4264 4140 4139
f 4264 4139 4263
f 4138 4262 4263
f 4138 4263 4139
f 4262 4138 4137
f 4262 4137 4261
f 4136 4260 4261
f 4136 4261 4137
f 4135 4259 4260
f 4135 4260 4136
f 4134 4258 4259
f 4134 4259 4135
f 4133 4257 4258
f 4133 4258 4134
f 4131 4255 4256
f 4131 4256 4132
f 4257 4133 4132
f 4257 4132 4256
f 4254 4130 4129
f 4254 4129 4253
f 4128 4252 4253
f 4128 4253 4129
f 4087 4208 4207
f 4087 4207 4086
f 4089 4210 4209
f 4089 4209 4088
f 4208 4087 4088
f 4208 4088 4209
f 4210 4089 4090
f 4210 4090 4211
f 4211 4090 4091
f 4211 4091 4212
f 4212 4091 4092
f 4212 4092 4213
f 4213 4092 4093
f 4213 4093 4214
f 4094 4215 4214
f 4094 4214 4093
f 4215 4094 4095
f 4215 4095 4216
f 4096 4217 4216
f 4096 4216 4095
f 4217 4096 4097
f 4217 4097 4218
f 4118 4250 4233
f 4118 4233 4107
f 4218 4097 4107
f 4218 4107 4233
f 4250 4118 4141
f 4250 4141 4265
f 4140 4264 4265
f 4102 4079 4080
f 4102 4080 4103
f 4094 4071 4072
f 4094 4072 4095
f 4071 4048 4049
f 4071 4049 4072
f 4090 4067 4068
f 4090 4068 4091
f 4027 4050 4049
f 4027 4049 4026
f 4050 4073 4072
f 4050 4072 4049
f 4098 4075 4076
f 4075 4052 4053
f 4075 4053 4076
f 4084 4061 4062
f 4084 4062 4085
f 4092 4069 4070
f 4092 4070 4093
f 4069 4046 4047
f 4069 4047 4070
f 4026 4049 4072
f 4091 4068 4069
f 4091 4069 4092
f 4068 4045 4046
f 4068 4046 4069
f 4087 4064 4065
f 4087 4065 4088
f 4066 4089 4088
f 4066 4088 4065
f 4048 4071 4070
f 4048 4070 4047
f 4071 4094 4093
f 4071 4093 4070
f 4073 4050 4074
f 4050 4027 4051
f 4050 4051 4074
f 4054 4077 4076
f 4054 4076 4053
f 4059 4082 4081
f 4103 4081 4104
f 4103 4080 4081
f 4077 4054 4055
f 4077 4055 4078
f 4056 4079 4078
f 4056 4078 4055
f 3870 3848 3849
f 4016 3993 3994
f 4237 4238 4253
f 4237 4253 4252
f 4206 4205 4084
f 4206 4084 4085
f 4238 4239 4254
f 4238 4254 4253
f 4041 4040 4017
f 4041 4017 4018
f 4040 4016 4017
f 3779 3780 3803
f 3779 3803 3802
f 3996 3995 3974
f 3996 3974 3975
f 3849 3850 3851
f 3872 3850 3851
f 3872 3871 3850
f 3871 3872 3892
f 3871 3892 3891
f 3913 3912 3891
f 3913 3891 3892
f 3953 3954 3975
f 3953 3975 3974
f 3912 3913 3933
f 3912 3933 3932
f 3954 3953 3932
f 3954 3932 3933
f 3716 3717 3757
f 3716 3757 3756
f 3780 3779 3756
f 3780 3756 3757
f 3802 3803 3826
f 3802 3826 3825
f 3717 3716 3695
f 3717 3695 3696
f 4064 4063 4040
f 4064 4040 4041
f 4018 4017 3995
f 4018 3995 3996
f 3825 3826 3827
f 3850 3849 3826
f 3850 3826 3827
f 3849 3825 3826
f 4207 4208 4223
f 4207 4223 4222
f 4240 4239 4222
f 4240 4222 4223
f 4087 4086 4063
f 4087 4063 4064
f 4254 4255 4131
f 4254 4131 4130
f 4207 4206 4085
f 4207 4085 4086
f 3730 3710 3731
f 3710 3730 3709
f 4143 3664 4120
f 3653 4120 3664
f 4142 3663 4119
f 3652 4119 3663
f 4142 4143 3664
f 4142 3664 3663
f 3588 3589 3664
f 3588 3664 3663
f 4108 4109 4120
f 4108 4120 4119
f 4142 4143 4120
f 4142 4120 4119
f 3629 3545 3551
f 3545 3629 3623
f 3552 3546 3630
f 3624 3630 3546
f 3728 3629 3630
f 3728 3630 3729
f 3552 3630 3629
f 3552 3629 3551
f 3729 3630 3629
f 3729 3629 3728
f 3551 3545 3546
f 3551 3546 3552
f 3745 3729 3728
f 3745 3728 3744
f 3623 3629 3630
f 3623 3630 3624
f 3654 3578 3591
f 3591 3654 3666
f 5139 5069 5073
f 5139 5073 5146
f 5137 5138 5145
f 5137 5145 5144
f 5139 5145 5146
f 5147 5146 5073
f 5147 5073 5074
f 5140 5139 5146
f 5140 5146 5147
f 5147 5148 5141
f 5141 5140 5147
f 5138 5139 5146
f 5138 5146 5145
f 5136 5137 5144
f 5136 5144 5143
f 5140 5070 5069
f 5140 5069 5139
f 5075 5148 5147
f 5075 5147 5074
f 5141 5071 5072
f 5141 5072 5142
f 5148 5075 5071
f 5148 5071 5141
f 5070 5140 5141
f 5070 5141 5071
f 5070 5074 5073
f 5070 5073 5069
f 5071 5075 5074
f 5071 5074 5070
f 5139 5138 5145
f 5037 5026 5027
f 5037 5036 5026
f 5092 5078 5079
f 5092 5079 5093
f 5090 5077 5076
f 5090 5091 5077
f 5026 5036 5035
f 5026 5035 5025
f 5024 5035 5034
f 5078 5091 5092
f 5094 5080 5079
f 5094 5079 5093
f 5096 5082 5081
f 5096 5081 5095
f 5095 5080 5094
f 5091 5077 5078
f 5081 5025 5024
f 5081 5024 5080
f 5035 5024 5025
f 5080 5095 5081
f 5094 5080 5024
f 5094 5024 5034
f 5097 5037 5027
f 5097 5027 5083
f 5095 5094 5034
f 5095 5034 5035
f 5026 5025 5081
f 5026 5081 5082
f 5027 5026 5082
f 5027 5082 5083
f 5035 5036 5096
f 5035 5096 5095
f 5096 5097 5082
f 5097 5083 5082
f 5080 5094 5093
f 5080 5093 5079
f 5078 5092 5093
f 5078 5093 5079
f 4861 4819 4820
f 4861 4820 4862
f 4819 4760 4820
f 4764 4763 4760
f 4764 4760 4761
f 4760 4757 4818
f 4760 4818 4820
f 4757 4761 4758
f 4757 4760 4761
f 4763 4764 4761
f 4763 4761 4760
f 4766 4767 4764
f 4766 4764 4763
f 4862 4820 4818
f 4862 4818 4860
f 4945 4944 4994
f 4999 4997 4996
f 4999 4996 4998
f 5001 4999 4998
f 5001 4998 5000
f 4949 4948 4946
f 4949 4946 4947
f 4947 4946 4902
f 4947 4902 4903
f 4861 4862 4902
f 4862 4903 4902
f 4901 4944 4945
f 4945 4995 4997
f 4995 4996 4997
f 4997 4947 4945
f 4945 4994 4995
f 4997 4999 4949
f 4997 4949 4947
f 4999 5001 4951
f 4999 4951 4949
f 4996 4995 4994
f 4862 4860 4901
f 4862 4901 4903
f 4945 4947 4903
f 4945 4903 4901
f 4760 4819 4759
f 4817 4756 4759
f 4817 4759 4819
f 4763 4760 4759
f 4763 4759 4762
f 4859 4817 4861
f 4817 4819 4861
f 4944 4900 4902
f 4900 4859 4861
f 4900 4861 4902
f 4944 4902 4946
f 4946 4996 4994
f 4946 4994 4944
f 4948 4998 4996
f 4948 4996 4946
f 4950 4948 4949
f 4950 4949 4951
f 4766 4763 4762
f 4766 4762 4765
f 5000 4998 4948
f 5000 4948 4950
f 4822 4821 4863
f 4822 4863 4864
f 4769 4821 4822
f 4767 4770 4769
f 4767 4769 4766
f 4770 4772 4773
f 4770 4772 4769
f 4770 4767 4766
f 4770 4766 4769
f 4824 4772 4769
f 4824 4769 4822
f 4824 4822 4864
f 4824 4864 4866
f 4955 5004 4954
f 5001 5000 5002
f 5001 5002 5003
f 4952 4950 4951
f 4952 4951 4953
f 4953 4905 4904
f 4953 4904 4952
f 4905 4864 4904
f 4863 4904 4864
f 4955 4954 4907
f 5003 5002 5005
f 4955 5005 5004
f 4951 5001 5003
f 4951 5003 4953
f 4955 4953 5005
f 5003 5005 4953
f 5002 5004 5005
f 4955 4907 4905
f 4955 4905 4953
f 4907 4866 4864
f 4907 4864 4905
f 4769 4768 4771
f 4769 4771 4821
f 4823 4821 4771
f 4766 4765 4768
f 4766 4768 4769
f 4821 4823 4865
f 4821 4865 4863
f 4863 4865 4906
f 4863 4906 4904
f 4906 4952 4904
f 4952 4906 4954
f 5004 5002 4952
f 5004 4952 4954
f 5002 5000 4950
f 5002 4950 4952
f 5399 5398 5405
f 5399 5405 5406
f 5231 5351 5350
f 5231 5350 5230
f 5349 5229 5230
f 5349 5230 5350
f 5241 5242 5230
f 5241 5230 5229
f 5242 5243 5231
f 5242 5231 5230
f 5353 5342 5341
f 5353 5341 5352
f 5340 5351 5352
f 5340 5352 5341
f 5245 5246 5234
f 5245 5234 5233
f 5246 5247 5234
f 5342 5353 5354
f 5243 5244 5232
f 5243 5232 5231
f 5244 5245 5233
f 5244 5233 5232
f 5327 5340 5328
f 5416 5329 5417
f 5416 5417 5407
f 5408 5407 5417
f 5416 5407 5316
f 5416 5316 5328
f 5407 5406 5316
f 5315 5316 5406
f 5330 5343 5331
f 5419 5409 5330
f 5419 5330 5331
f 5409 5419 5410
f 5406 5407 5399
f 5400 5399 5407
f 5398 5309 5314
f 5398 5314 5405
f 5405 5315 5406
f 5405 5314 5315
f 5340 5341 5328
f 5351 5231 5232
f 5351 5232 5352
f 5233 5353 5352
f 5233 5352 5232
f 5353 5233 5234
f 5353 5234 5354
f 5342 5341 5340
f 5340 5327 5339
f 5344 5332 5331
f 5344 5331 5343
f 5332 5331 5419
f 5235 5236 5355
f 5235 5223 5224
f 5249 5237 5236
f 5249 5236 5248
f 5247 5235 5234
f 5333 5412 5421
f 5411 5420 5421
f 5411 5421 5412
f 5420 5332 5333
f 5420 5333 5421
f 5411 5332 5420
f 5320 5332 5411
f 5335 5414 5413
f 5335 5413 5334
f 5412 5333 5334
f 5412 5334 5413
f 5332 5344 5345
f 5332 5345 5333
f 5335 5334 5346
f 5335 5346 5347
f 5334 5333 5345
f 5334 5345 5346
f 5237 5249 5250
f 5237 5250 5238
f 5225 5237 5236
f 5225 5236 5224
f 5226 5227 5239
f 5226 5239 5238
f 5227 5228 5240
f 5227 5240 5239
f 5240 5251 5239
f 5251 5250 5238
f 5251 5238 5239
f 5336 5335 5347
f 5336 5347 5348
f 5250 5251 5239
f 5250 5239 5238
f 5251 5252 5240
f 5225 5226 5238
f 5225 5238 5237
f 5324 5323 5336
f 5323 5414 5335
f 5323 5335 5336
f 5331 5410 5419
f 5223 5344 5235
f 5332 5320 5319
f 5309 5398 5405
f 5309 5405 5314
f 5354 5234 5235
f 5354 5235 5355
f 5235 5355 5223
f 5355 5344 5223
f 5235 5224 5236
f 5395 5393 5392
f 5395 5392 5394
f 5393 5391 5390
f 5393 5390 5392
f 5415 5403 5402
f 5415 5402 5414
f 5403 5395 5394
f 5403 5394 5402
f 5236 5356 5355
f 5356 5345 5344
f 5356 5344 5355
f 5237 5356 5236
f 5345 5356 5357
f 5345 5357 5346
f 5356 5237 5357
f 5238 5358 5357
f 5238 5357 5237
f 5358 5347 5346
f 5358 5346 5357
f 5347 5358 5359
f 5347 5359 5348
f 5358 5238 5239
f 5358 5239 5359
f 5240 5359 5239
f 5325 5337 5338
f 5338 5326 5325
f 5231 5232 5244
f 5231 5244 5243
f 5232 5233 5245
f 5232 5245 5244
f 5235 5247 5246
f 5235 5246 5234
f 5323 5414 5402
f 5322 5323 5414
f 5410 5319 5318
f 5410 5318 5409
f 5310 5399 5400
f 5310 5400 5311
f 5409 5318 5317
f 5409 5317 5408
f 5309 5398 5399
f 5309 5399 5310
f 5320 5411 5412
f 5320 5412 5321
f 5414 5322 5413
f 5321 5412 5413
f 5321 5413 5322
f 5308 5397 5398
f 5308 5398 5309
f 5324 5415 5414
f 5324 5414 5323
f 5410 5331 5319
f 5332 5319 5331
f 5308 5307 5396
f 5308 5396 5397
f 5340 5339 5350
f 5340 5350 5351
f 5313 5404 5397
f 5397 5396 5307
f 5397 5307 5308
f 5329 5330 5418
f 5329 5418 5417
f 5409 5418 5330
f 5409 5408 5417
f 5409 5417 5418
f 5408 5417 5418
f 5329 5416 5328
f 5317 5312 5401
f 5317 5401 5408
f 5312 5311 5400
f 5312 5400 5401
f 5401 5400 5408
f 5408 5400 5407
f 5404 5405 5398
f 5404 5398 5397
f 5313 5314 5404
f 5314 5405 5404
f 5314 5313 5325
f 5314 5325 5326
f 5229 5230 5242
f 5229 5242 5241
f 5230 5231 5243
f 5230 5243 5242
f 5366 5378 5367
f 5378 5379 5367
f 5253 5254 5206
f 5253 5206 5205
f 5254 5255 5207
f 5254 5207 5206
f 5267 5268 5256
f 5267 5256 5255
f 5268 5269 5257
f 5268 5257 5256
f 5281 5282 5270
f 5253 5265 5266
f 5253 5266 5254
f 5269 5258 5257
f 5269 5270 5258
f 5368 5369 5280
f 5360 5280 5369
f 5368 5279 5291
f 5290 5367 5291
f 5367 5368 5291
f 5281 5370 5371
f 5281 5371 5282
f 5362 5282 5371
f 5367 5379 5380
f 5367 5380 5368
f 5289 5300 5378
f 5289 5378 5366
f 5366 5367 5290
f 5290 5289 5366
f 5255 5256 5208
f 5255 5208 5207
f 5256 5257 5209
f 5256 5209 5208
f 5257 5258 5210
f 5257 5210 5209
f 5269 5268 5267
f 5279 5268 5267
f 5278 5279 5267
f 5278 5267 5266
f 5271 5270 5282
f 5271 5282 5283
f 5362 5282 5283
f 5259 5212 5211
f 5259 5211 5271
f 5284 5283 5363
f 5284 5363 5364
f 5372 5373 5364
f 5372 5364 5363
f 5373 5284 5364
f 5283 5295 5372
f 5373 5374 5285
f 5373 5285 5284
f 5374 5375 5286
f 5374 5286 5285
f 5283 5284 5272
f 5283 5272 5271
f 5272 5284 5285
f 5272 5285 5273
f 5286 5274 5273
f 5286 5273 5285
f 5219 5218 5212
f 5219 5212 5213
f 5216 5222 5221
f 5216 5221 5215
f 5220 5214 5215
f 5220 5215 5221
f 5274 5286 5287
f 5274 5287 5275
f 5219 5213 5214
f 5219 5214 5220
f 5286 5375 5298
f 5286 5298 5287
f 5299 5287 5298
f 5295 5283 5294
f 5283 5282 5294
f 5300 5289 5366
f 5300 5366 5378
f 5258 5259 5211
f 5258 5211 5210
f 5211 5217 5271
f 5217 5211 5212
f 5217 5212 5218
f 5383 5376 5375
f 5383 5375 5382
f 5387 5386 5388
f 5387 5388 5389
f 5390 5391 5389
f 5390 5389 5388
f 5386 5387 5383
f 5386 5383 5382
f 5271 5272 5260
f 5271 5260 5259
f 5212 5259 5260
f 5213 5212 5260
f 5272 5273 5261
f 5272 5261 5260
f 5273 5274 5262
f 5273 5262 5261
f 5214 5213 5261
f 5214 5261 5262
f 5213 5260 5261
f 5274 5275 5263
f 5274 5263 5262
f 5216 5215 5263
f 5215 5214 5262
f 5215 5262 5263
f 5265 5276 5277
f 5265 5264 5276
f 5297 5298 5375
f 5298 5304 5382
f 5298 5382 5375
f 5293 5294 5371
f 5293 5371 5370
f 5301 5302 5380
f 5301 5380 5379
f 5303 5292 5369
f 5303 5369 5381
f 5292 5293 5370
f 5292 5370 5369
f 5300 5301 5379
f 5300 5379 5378
f 5373 5372 5295
f 5373 5295 5296
f 5375 5374 5297
f 5374 5373 5296
f 5374 5296 5297
f 5305 5306 5385
f 5305 5385 5384
f 5306 5300 5378
f 5306 5378 5385
f 5283 5372 5363
f 5299 5298 5375
f 5299 5375 5376
f 5294 5282 5371
f 5377 5384 5385
f 5377 5385 5378
f 5267 5255 5254
f 5267 5254 5266
f 5288 5377 5365
f 5280 5360 5361
f 5280 5361 5281
f 5360 5369 5361
f 5369 5370 5361
f 5370 5281 5361
f 5279 5368 5280
f 5380 5302 5303
f 5380 5303 5381
f 5368 5380 5381
f 5368 5381 5369
f 5378 5366 5365
f 5378 5365 5377
f 5288 5365 5289
f 5366 5289 5365
f 5276 5288 5289
f 5276 5289 5277
f 4794 4793 4723
f 4723 4724 4794
f 4836 4793 4794
f 4836 4794 4837
f 4793 4723 4724
f 4733 4658 4732
f 4658 4733 4659
f 4802 4803 4733
f 4802 4733 4732
f 4812 4854 4844
f 4812 4844 4802
f 4802 4732 4743
f 4802 4743 4812
f 4732 4658 4659
f 4658 4659 4669
f 4658 4669 4668
f 4659 4733 4669
f 4744 4669 4733
f 4813 4744 4733
f 4813 4733 4803
f 4803 4802 4812
f 4803 4812 4813
f 4802 4844 4854
f 4802 4854 4812
f 4743 4732 4658
f 4743 4658 4668
f 4968 4967 4916
f 4337 4276 4338
f 5063 5062 5018
f 4650 4649 4592
f 4969 4960 4909
f 4969 4909 4917
f 4960 4959 4909
f 4868 4877 4917
f 4868 4917 4909
f 4826 4835 4877
f 4826 4877 4868
f 4531 4518 4470
f 4530 4518 4581
f 4530 4581 4591
f 4638 4649 4591
f 4638 4591 4581
f 4968 4959 5007
f 4968 5007 5017
f 5051 5062 5017
f 5051 5017 5007
f 4967 4968 5016
f 4472 4418 4419
f 4419 4473 4472
f 4473 4534 4533
f 4473 4533 4472
f 5201 5200 5132
f 5201 5132 5133
f 5065 5066 5132
f 5066 5133 5132
f 4972 4920 4921
f 4972 4921 4973
f 4920 4880 4881
f 4920 4881 4921
f 4882 4922 4921
f 4882 4921 4881
f 4922 4974 4973
f 4922 4973 4921
f 4722 4792 4721
f 4791 4721 4792
f 4795 4726 4796
f 4795 4725 4726
f 4727 4728 4726
f 4798 4796 4726
f 4798 4726 4728
f 4784 4711 4723
f 4784 4723 4793
f 4712 4639 4640
f 4712 4640 4713
f 4524 4464 4525
f 4337 4414 4413
f 4337 4413 4336
f 4962 4911 4912
f 4962 4912 5010
f 4911 4873 4912
f 4722 4649 4723
f 4638 4711 4723
f 4638 4723 4649
f 4729 4712 4786
f 4729 4655 4639
f 4729 4639 4712
f 4597 4582 4639
f 4597 4639 4655
f 5023 4975 4961
f 5023 4961 5008
f 4975 4923 4910
f 4975 4910 4961
f 4923 4883 4871
f 4923 4871 4910
f 4531 4592 4591
f 4592 4649 4591
f 4581 4518 4531
f 4581 4531 4591
f 5054 5009 5055
f 5009 4962 5010
f 5009 5010 5055
f 4530 4469 4470
f 4469 4416 4470
f 4416 4458 4470
f 4458 4518 4530
f 4458 4530 4470
f 4470 4518 4458
f 4841 4798 4799
f 5023 4974 4975
f 4138 4262 4284
f 4283 4159 4284
f 4159 4138 4284
f 4275 4337 4336
f 4275 4336 4274
f 4341 4340 4278
f 4341 4278 4279
f 4969 4970 5019
f 4969 5019 5018
f 5063 5018 5019
f 4531 4532 4592
f 4416 4417 4470
f 4723 4792 4722
f 4792 4784 4783
f 4792 4723 4784
f 4788 4787 4718
f 4717 4718 4787
f 4532 4531 4471
f 4531 4470 4471
f 4417 4471 4470
f 4970 4971 5019
f 4971 5020 5019
f 5064 5019 5020
f 4532 4593 4592
f 4651 4650 4592
f 4651 4592 4593
f 4783 4784 4793
f 4797 4840 4796
f 4835 4792 4783
f 4835 4783 4826
f 4799 4729 4786
f 4836 4835 4826
f 4533 4532 4472
f 4532 4471 4472
f 4418 4472 4471
f 4839 4840 4882
f 4882 4881 4839
f 4881 4880 4838
f 4881 4838 4839
f 4828 4837 4794
f 4828 4794 4785
f 4417 4418 4471
f 4532 4533 4593
f 4841 4830 4829
f 4841 4799 4786
f 4841 4786 4830
f 4826 4783 4793
f 4826 4793 4835
f 4793 4836 4835
f 4878 4869 4870
f 4878 4870 4879
f 4828 4837 4879
f 4828 4879 4870
f 4967 4915 4916
f 4915 4876 4916
f 4916 4876 4877
f 4878 4917 4877
f 4968 4916 4909
f 4968 4909 4959
f 4916 4877 4868
f 4916 4868 4909
f 4883 4841 4829
f 4883 4829 4871
f 4918 4970 4969
f 4969 4917 4918
f 4917 4878 4918
f 4971 4970 4919
f 4725 4795 4794
f 4794 4724 4725
f 4651 4593 4594
f 4651 4594 4652
f 4593 4533 4594
f 4534 4595 4594
f 4534 4594 4533
f 4595 4653 4652
f 4595 4652 4594
f 4418 4341 4342
f 4418 4342 4419
f 4880 4837 4838
f 4837 4880 4879
f 4970 4918 4919
f 4878 4879 4918
f 4879 4919 4918
f 5065 5064 5020
f 4879 4880 4920
f 4879 4920 4919
f 4972 4971 4919
f 4972 4919 4920
f 4971 4972 5021
f 4971 5021 5020
f 5065 5020 5021
f 4878 4877 4835
f 4878 4835 4836
f 4838 4837 4795
f 4837 4794 4795
f 4798 4799 4729
f 4798 4797 4796
f 4827 4828 4870
f 4827 4870 4869
f 4837 4828 4785
f 4837 4785 4794
f 4828 4827 4837
f 4827 4836 4837
f 4528 4468 4529
f 4589 4528 4529
f 4589 4529 4590
f 4468 4528 4467
f 4466 4527 4465
f 4335 4334 4272
f 4272 4273 4335
f 4272 4148 4273
f 4275 4274 4150
f 4275 4150 4151
f 4834 4835 4877
f 4877 4876 4834
f 4968 5017 5016
f 5061 5016 5017
f 4791 4792 4835
f 4791 4835 4834
f 4876 4875 4834
f 4875 4833 4834
f 4875 4876 4915
f 4721 4720 4646
f 4721 4646 4647
f 4646 4589 4647
f 4589 4588 4527
f 4589 4527 4528
f 4527 4467 4528
f 4336 4335 4274
f 4273 4274 4335
f 4274 4273 4149
f 4274 4149 4150
f 4467 4527 4466
f 4466 4413 4467
f 5203 5204 5187
f 5188 5204 5187
f 5054 5055 5122
f 5188 5120 5189
f 5120 5121 5189
f 5190 5189 5121
f 5122 5190 5121
f 4421 4476 4475
f 4597 4475 4476
f 4463 4408 4409
f 4463 4409 4464
f 4408 4331 4332
f 4408 4332 4409
f 4327 4346 4284
f 4327 4284 4262
f 4345 4283 4284
f 4345 4284 4346
f 4339 4415 4338
f 4339 4416 4415
f 4414 4338 4415
f 4340 4417 4416
f 4416 4339 4340
f 4278 4340 4339
f 4278 4339 4277
f 4417 4340 4341
f 4417 4341 4418
f 4341 4279 4280
f 4341 4280 4342
f 4346 4421 4345
f 4639 4582 4640
f 4327 4404 4403
f 4714 4713 4640
f 4714 4640 4641
f 4327 4328 4405
f 4460 4404 4405
f 4404 4327 4405
f 4148 4149 4273
f 4334 4271 4272
f 4147 4272 4271
f 4414 4468 4467
f 4414 4467 4413
f 4466 4412 4413
f 4412 4335 4336
f 4412 4336 4413
f 4465 4411 4412
f 4465 4412 4466
f 4411 4334 4335
f 4411 4335 4412
f 4465 4527 4526
f 4882 4883 4922
f 4883 4923 4922
f 4975 4974 4922
f 4975 4922 4923
f 4841 4840 4797
f 4841 4797 4798
f 4839 4838 4795
f 4795 4796 4839
f 4796 4840 4839
f 4840 4841 4883
f 4840 4883 4882
f 5118 5117 5133
f 5118 5133 5134
f 5117 5184 5201
f 5117 5201 5133
f 4799 4798 4728
f 4799 4728 4729
f 4647 4589 4590
f 4647 4590 4648
f 4646 4588 4589
f 4720 4721 4791
f 4720 4791 4790
f 4967 4914 4875
f 4875 4832 4833
f 4832 4875 4874
f 5063 5129 5062
f 5115 5128 5116
f 5128 5062 5051
f 5128 5051 5116
f 5057 5012 5013
f 5057 5013 5058
f 5014 5059 5058
f 5014 5058 5013
f 5129 5063 5130
f 5131 5064 5065
f 5131 5065 5132
f 5059 5014 5015
f 5015 5060 5059
f 5115 5179 5196
f 5115 5196 5128
f 5192 5124 5125
f 5192 5125 5193
f 5129 5197 5180
f 5129 5180 5116
f 5197 5129 5130
f 5197 5130 5198
f 5131 5199 5198
f 5131 5198 5130
f 5128 5196 5195
f 4914 5015 4966
f 5059 5060 5113
f 5060 5114 5113
f 4914 4874 4875
f 4914 4967 5015
f 5116 5179 5115
f 5179 5116 5180
f 5132 5200 5199
f 5132 5199 5131
f 5128 5195 5127
f 5128 5061 5062
f 5124 5057 5058
f 5124 5058 5125
f 5059 5126 5125
f 5059 5125 5058
f 5062 5129 5116
f 5062 5116 5051
f 5130 5063 5064
f 5064 5131 5130
f 5061 5128 5127
f 5177 5113 5114
f 5177 5114 5178
f 4790 4791 4834
f 4790 4834 4833
f 4967 4875 4915
f 4967 5016 5015
f 5061 5015 5016
f 5060 5061 5127
f 5013 4964 4965
f 4913 4965 5013
f 4965 5014 5013
f 5061 5017 5062
f 4969 5018 5017
f 5018 5062 5017
f 5007 4959 4960
f 4969 5017 5007
f 4969 5007 4960
f 5063 5019 5064
f 5014 4966 5015
f 5061 5060 5015
f 4789 4790 4833
f 4789 4833 4832
f 4914 4913 4874
f 5127 5178 5114
f 5060 5127 5114
f 5178 5195 5194
f 5178 5194 5177
f 5178 5127 5195
f 5059 5113 5126
f 5194 5126 5113
f 5194 5113 5177
f 5053 5023 5008
f 5023 5053 5068
f 5067 5022 5023
f 5067 5023 5068
f 4403 4421 4346
f 4403 4346 4327
f 5192 5193 5176
f 5192 5176 5175
f 4708 4709 4720
f 4708 4720 4719
f 4873 4911 4872
f 4831 4873 4872
f 5188 5187 5119
f 4825 4782 4789
f 4825 4789 4832
f 4832 4874 4867
f 4832 4867 4825
f 4874 4908 4867
f 5120 5188 5119
f 5200 5201 5184
f 5184 5183 5200
f 5174 5112 5123
f 5174 5123 5191
f 4709 4710 4721
f 4709 4721 4720
f 5187 5186 5203
f 4782 4708 4719
f 4782 4719 4789
f 5125 5126 5194
f 5125 5194 5193
f 4913 4914 4965
f 4914 4966 4965
f 5014 4965 4966
f 4913 4908 4874
f 5193 5194 5177
f 5193 5177 5176
f 4719 4720 4790
f 4719 4790 4789
f 4964 4958 4908
f 4964 4908 4965
f 4913 4965 4908
f 5006 4956 5011
f 5011 5056 5006
f 5050 5006 5056
f 4157 4136 4158
f 4280 4281 4343
f 4280 4343 4342
f 4342 4343 4474
f 4342 4474 4473
f 4596 4595 4473
f 4596 4473 4474
f 4728 4727 4653
f 4728 4653 4654
f 4283 4284 4282
f 4281 4157 4282
f 4408 4407 4330
f 4330 4331 4408
f 4331 4266 4332
f 4331 4330 4265
f 4331 4265 4266
f 4266 4267 4332
f 4407 4408 4463
f 4637 4580 4588
f 4637 4588 4646
f 4720 4721 4710
f 4710 4709 4720
f 4709 4637 4646
f 4709 4646 4720
f 4648 4722 4721
f 4648 4721 4647
f 4709 4708 4719
f 4709 4719 4720
f 4527 4588 4526
f 4271 4334 4411
f 4271 4411 4333
f 4410 4333 4411
f 4465 4410 4411
f 4147 4148 4272
f 5123 5124 5192
f 5123 5192 5191
f 5056 5057 5124
f 5056 5124 5123
f 5011 4963 5012
f 4963 4964 5013
f 4963 5013 5012
f 5057 5056 5011
f 5057 5011 5012
f 5191 5192 5175
f 5175 5174 5191
f 4964 4963 4957
f 4964 4957 4958
f 4963 5011 4956
f 4963 4956 4957
f 4153 4277 4276
f 4153 4276 4152
f 4154 4278 4277
f 4277 4153 4154
f 4155 4279 4278
f 4278 4154 4155
f 4156 4280 4279
f 4156 4279 4155
f 4722 4648 4649
f 4276 4277 4339
f 4276 4339 4338
f 4414 4415 4469
f 4414 4469 4468
f 4415 4416 4469
f 4530 4529 4468
f 4530 4468 4469
f 4529 4530 4591
f 4529 4591 4590
f 4649 4648 4591
f 4648 4590 4591
f 4276 4337 4275
f 4337 4338 4414
f 4151 4152 4276
f 4151 4276 4275
f 4711 4638 4649
f 4711 4649 4723
f 4725 4651 4652
f 4725 4652 4726
f 4653 4727 4726
f 4653 4726 4652
f 4723 4649 4650
f 4723 4650 4724
f 4651 4725 4724
f 4651 4724 4650
f 4345 4282 4283
f 4283 4282 4158
f 4283 4158 4159
f 4282 4157 4158
f 4281 4282 4344
f 4281 4344 4343
f 4282 4345 4344
f 4421 4420 4344
f 4421 4344 4345
f 4420 4343 4344
f 4343 4420 4475
f 4343 4475 4474
f 4420 4421 4475
f 4597 4596 4475
f 4596 4474 4475
f 4729 4728 4654
f 4729 4654 4655
f 4156 4157 4281
f 4156 4281 4280
f 5065 5021 5066
f 4972 4973 5021
f 4973 4974 5023
f 4973 5023 5021
f 5023 5022 5021
f 5022 5067 5021
f 5066 5021 5067
f 5067 5133 5066
f 5133 5067 5134
f 5053 5052 5067
f 5053 5067 5068
f 5052 5118 5134
f 5052 5134 5067
f 4716 4717 4787
f 4715 4717 4716
f 5181 5198 5199
f 5181 5199 5182
f 5198 5181 5180
f 5198 5180 5197
f 5200 5183 5182
f 5200 5182 5199
f 5050 5056 5123
f 5050 5123 5112
f 5185 5202 5203
f 5185 5203 5186
f 4587 4645 4644
f 4644 4586 4587
f 4586 4524 4525
f 4586 4525 4587
f 4524 4586 4585
f 4524 4585 4523
f 4462 4523 4522
f 4462 4522 4461
f 4523 4585 4584
f 4523 4584 4522
f 4583 4521 4522
f 4583 4522 4584
f 4521 4460 4461
f 4521 4461 4522
f 4464 4524 4463
f 4586 4644 4643
f 4586 4643 4585
f 4585 4643 4642
f 4585 4642 4584
f 4641 4583 4584
f 4641 4584 4642
f 4463 4462 4407
f 4718 4717 4643
f 4718 4643 4644
f 4524 4523 4462
f 4524 4462 4463
f 4407 4329 4330
f 4329 4328 4263
f 4330 4329 4264
f 4330 4264 4265
f 4329 4263 4264
f 4328 4329 4406
f 4329 4407 4406
f 4462 4406 4407
f 4406 4405 4328
f 4717 4715 4642
f 4717 4642 4643
f 4715 4714 4641
f 4715 4641 4642
f 4462 4461 4406
f 4461 4460 4405
f 4461 4405 4406
f 4583 4520 4521
f 4583 4582 4520
f 4404 4460 4521
f 4404 4521 4520
f 4582 4583 4641
f 4582 4641 4640
f 4328 4327 4262
f 4262 4263 4328
f 4596 4654 4653
f 4596 4653 4595
f 4597 4655 4654
f 4597 4654 4596
f 4597 4476 4459
f 4597 4459 4582
f 4476 4421 4459
f 4403 4459 4421
f 4404 4519 4459
f 4404 4459 4403
f 4519 4582 4459
f 4404 4520 4519
f 4520 4582 4519
f 4884 4924 4925
f 4290 4166 4289
f 4926 4989 4977
f 4989 5044 5029
f 4989 5029 4977
f 5030 4978 5029
f 4601 4539 4600
f 4926 4885 4896
f 4926 4896 4940
f 4885 4843 4853
f 4885 4853 4896
f 4896 4939 4940
f 4843 4801 4811
f 4843 4811 4853
f 4482 4427 4491
f 4360 4431 4427
f 4360 4427 4353
f 4431 4491 4427
f 4297 4167 4291
f 4481 4538 4545
f 4481 4545 4490
f 4538 4600 4609
f 4538 4609 4545
f 4545 4491 4490
f 4168 4167 4173
f 4167 4297 4173
f 4291 4167 4173
f 4291 4173 4297
f 4924 4976 4925
f 5152 5164 5165
f 5152 5165 5153
f 4484 4485 4430
f 4484 4430 4429
f 4356 4429 4430
f 4356 4355 4429
f 5167 5106 5105
f 5167 5105 5166
f 5106 5045 5033
f 5106 5033 5105
f 5032 5089 5105
f 5032 5105 5033
f 5089 5105 5166
f 4929 4930 4889
f 4929 4889 4888
f 4930 4931 4890
f 4930 4890 4889
f 4848 4847 4889
f 4848 4889 4890
f 4847 4846 4888
f 4847 4888 4889
f 4657 4656 4731
f 4656 4730 4731
f 4734 4735 4661
f 4735 4737 4663
f 4735 4663 4661
f 4663 4662 4661
f 4662 4661 4660
f 4660 4734 4661
f 4672 4673 4612
f 4672 4612 4611
f 4498 4499 4436
f 4350 4351 4289
f 4350 4289 4288
f 4858 4898 4899
f 4943 4993 4899
f 4943 4899 4898
f 4657 4658 4600
f 4658 4668 4609
f 4658 4609 4600
f 4363 4493 4494
f 4363 4362 4493
f 4546 4612 4493
f 4612 4494 4493
f 4600 4539 4538
f 4482 4538 4539
f 4482 4491 4545
f 4482 4545 4538
f 4993 4943 4992
f 4993 4992 5049
f 5048 5049 4992
f 4353 4426 4427
f 4481 4427 4426
f 4360 4353 4291
f 4360 4291 4297
f 4360 4353 4431
f 4353 4427 4431
f 4481 4490 4431
f 4481 4431 4427
f 4490 4491 4431
f 4611 4612 4493
f 4807 4738 4737
f 4807 4745 4738
f 4932 4941 4942
f 4941 4991 4942
f 4856 4814 4807
f 4856 4807 4849
f 3704 3703 4176
f 4175 4176 3703
f 4288 4289 4165
f 4288 4165 4164
f 4293 4169 4168
f 4293 4168 4292
f 5030 4979 4978
f 4979 4927 4926
f 4979 4926 4978
f 4539 4483 4482
f 4427 4354 4353
f 4658 4657 4731
f 4668 4658 4731
f 4668 4731 4743
f 4731 4742 4743
f 4677 4746 4678
f 4746 4747 4678
f 4483 4428 4482
f 4354 4427 4428
f 4427 4482 4428
f 4927 4979 4928
f 5031 4980 4979
f 4980 4928 4979
f 4483 4539 4540
f 4539 4601 4602
f 4539 4602 4540
f 4735 4806 4736
f 4801 4811 4742
f 4801 4742 4731
f 4745 4672 4738
f 4745 4807 4814
f 4802 4811 4801
f 4484 4429 4483
f 4355 4428 4429
f 4428 4483 4429
f 4804 4846 4847
f 4804 4847 4805
f 4848 4805 4847
f 4848 4806 4805
f 4354 4428 4355
f 4540 4484 4483
f 4745 4814 4815
f 4811 4743 4742
f 4811 4802 4732
f 4811 4732 4743
f 4744 4733 4659
f 4813 4855 4845
f 4813 4845 4803
f 4855 4854 4844
f 4855 4844 4845
f 4659 4658 4668
f 4659 4668 4669
f 4732 4802 4812
f 4732 4812 4743
f 4744 4659 4669
f 4852 4895 4884
f 4852 4894 4895
f 4938 4895 4894
f 4938 4924 4884
f 4938 4884 4895
f 4925 4939 4884
f 4843 4842 4884
f 4844 4843 4885
f 4853 4843 4884
f 4853 4884 4896
f 4939 4896 4884
f 4856 4849 4891
f 4856 4891 4897
f 4932 4942 4891
f 4942 4897 4891
f 4844 4885 4886
f 4926 4886 4885
f 4926 4927 4886
f 4887 4927 4928
f 4660 4733 4734
f 4660 4659 4733
f 4602 4603 4541
f 4602 4541 4540
f 4603 4604 4542
f 4603 4542 4541
f 4485 4484 4541
f 4485 4541 4542
f 4484 4540 4541
f 4355 4356 4294
f 4355 4294 4293
f 4846 4804 4803
f 4845 4846 4803
f 4927 4887 4886
f 4887 4845 4886
f 4844 4886 4845
f 4980 5031 5032
f 4929 4888 4887
f 4929 4887 4928
f 4888 4846 4845
f 4888 4845 4887
f 5032 4981 4980
f 4981 4929 4928
f 4981 4928 4980
f 4801 4843 4844
f 4801 4844 4802
f 4804 4734 4803
f 4733 4803 4734
f 4672 4664 4738
f 4664 4738 4737
f 4737 4735 4736
f 4668 4743 4669
f 4812 4854 4855
f 4812 4855 4813
f 4479 4480 4425
f 4480 4479 4536
f 4480 4536 4537
f 4608 4598 4599
f 4656 4667 4741
f 4741 4730 4656
f 4730 4741 4810
f 4730 4810 4800
f 4800 4810 4852
f 4800 4852 4842
f 4842 4852 4884
f 4425 4424 4479
f 4422 4478 4423
f 4162 4287 4163
f 4162 4286 4287
f 4163 3682 4162
f 4478 4535 4543
f 3684 4164 4165
f 3684 4165 3685
f 4843 4800 4842
f 4843 4801 4800
f 5028 4977 4976
f 4977 4925 4976
f 4730 4800 4801
f 4730 4801 4731
f 4852 4810 4851
f 4809 4851 4810
f 4894 4852 4851
f 4607 4666 4667
f 4607 4667 4608
f 4607 4608 4544
f 4478 4479 4424
f 4478 4535 4536
f 4478 4536 4479
f 4163 4287 4164
f 4287 4288 4164
f 3683 4163 4164
f 3683 4164 3684
f 4423 4424 4350
f 4423 4478 4424
f 5111 5049 5048
f 5171 5172 5109
f 5173 5110 5172
f 5110 5109 5172
f 5111 5110 5173
f 4359 4487 4488
f 4359 4488 4362
f 4487 4606 4488
f 4611 4493 4488
f 4611 4488 4606
f 4493 4362 4488
f 4672 4611 4606
f 4672 4606 4664
f 4305 4304 4367
f 4305 4367 4368
f 4435 4436 4368
f 4435 4368 4367
f 4175 4299 4300
f 4175 4300 4176
f 4291 4290 4352
f 4290 4351 4352
f 4352 4353 4291
f 4353 4292 4291
f 4353 4354 4292
f 4353 4360 4297
f 4353 4297 4291
f 4291 4292 4168
f 4291 4168 4167
f 4354 4355 4293
f 4354 4293 4292
f 4170 4169 4293
f 4170 4293 4294
f 4359 4362 4299
f 4362 4300 4299
f 4674 4613 4612
f 4674 4612 4673
f 4300 4364 4301
f 4300 4363 4364
f 4432 4364 4363
f 3682 4163 3683
f 4161 4286 4162
f 3681 4161 4162
f 4424 4425 4351
f 4424 4351 4350
f 4423 4350 4349
f 4288 4287 4349
f 4288 4349 4350
f 4422 4423 4349
f 4422 4349 4348
f 4287 4286 4348
f 4287 4348 4349
f 4477 4478 4422
f 4848 4890 4849
f 4932 4891 4890
f 4932 4890 4931
f 4891 4849 4890
f 4736 4806 4807
f 4736 4807 4737
f 4806 4735 4805
f 4734 4805 4735
f 4734 4804 4805
f 4806 4848 4849
f 4806 4849 4807
f 4991 4941 4982
f 4932 4931 4941
f 4931 4982 4941
f 4738 4664 4663
f 4738 4663 4737
f 4536 4544 4608
f 4536 4608 4598
f 4537 4536 4598
f 4537 4598 4599
f 4607 4544 4543
f 4479 4536 4544
f 4536 4535 4543
f 4536 4543 4544
f 4666 4740 4741
f 4666 4741 4667
f 4851 4893 4938
f 4809 4808 4851
f 4808 4850 4851
f 5029 5044 5104
f 5029 5104 5086
f 5030 5029 5086
f 5044 5103 5104
f 4986 4985 5040
f 4986 5040 5041
f 4985 4984 5039
f 4985 5039 5040
f 5030 5086 5087
f 5032 5031 5088
f 5032 5088 5089
f 5028 5103 5085
f 5102 5084 5085
f 5102 5085 5103
f 4987 5041 5042
f 4987 4986 5041
f 5103 5085 5150
f 5103 5150 5162
f 5100 5099 5158
f 5100 5158 5159
f 5087 5086 5151
f 5087 5151 5152
f 5088 5087 5152
f 5088 5152 5153
f 5153 5166 5154
f 5085 5149 5150
f 4987 4893 4937
f 5041 5101 5042
f 5102 5042 5101
f 4850 4893 4851
f 4893 4987 4938
f 5086 5104 5163
f 5086 5163 5151
f 5104 5103 5162
f 5104 5162 5163
f 5089 5088 5153
f 5089 5153 5154
f 5089 5154 5166
f 5085 5084 5149
f 5084 5102 5161
f 5084 5161 5149
f 5044 5029 5085
f 5044 5085 5103
f 5029 5028 5085
f 5041 5040 5100
f 5041 5100 5101
f 5040 5039 5099
f 5040 5099 5100
f 5031 5087 5088
f 5031 5030 5087
f 5028 5043 5102
f 5028 5102 5103
f 5102 5101 5160
f 5102 5160 5161
f 4810 4741 4740
f 4810 4740 4809
f 4851 4938 4894
f 4938 4987 4988
f 5043 4988 4987
f 5102 5043 5042
f 4939 4925 4977
f 4939 4977 4989
f 4985 4986 4936
f 4892 4936 4985
f 4936 4935 4985
f 5028 5029 4977
f 5029 4978 4977
f 4926 4977 4978
f 4926 4940 4989
f 4940 4939 4989
f 5030 5031 4979
f 5043 5028 4976
f 5043 4976 4988
f 4924 4938 4988
f 4924 4988 4976
f 4986 4987 4937
f 5043 4987 5042
f 4739 4808 4809
f 4739 4809 4740
f 4850 4892 4893
f 5166 5153 5165
f 5046 5047 4991
f 5046 4991 4990
f 5168 5169 5156
f 5168 5156 5155
f 5149 5161 5162
f 5149 5162 5150
f 4858 4857 4898
f 4857 4858 4816
f 5171 5108 5170
f 5164 5152 5151
f 5164 5151 5163
f 5108 5171 5109
f 4664 4672 4671
f 4664 4671 4663
f 5100 5159 5160
f 5100 5160 5101
f 4892 4936 4893
f 4986 4937 4936
f 4937 4893 4936
f 4665 4739 4740
f 4665 4740 4666
f 4935 4936 4892
f 3701 3691 3702
f 3691 3692 3702
f 4170 4174 4298
f 4170 4298 4294
f 4361 4356 4294
f 4361 4294 4298
f 4670 4662 4604
f 4670 4604 4610
f 4617 4616 4549
f 4356 4361 4492
f 4356 4492 4485
f 4610 4604 4485
f 4610 4485 4492
f 4357 4295 4294
f 4357 4294 4356
f 4295 4171 4170
f 4295 4170 4294
f 4605 4486 4485
f 4605 4485 4604
f 4486 4357 4356
f 4486 4356 4485
f 4663 4605 4604
f 4663 4604 4662
f 4671 4663 4662
f 4671 4662 4670
f 3690 3700 4174
f 3690 4174 4170
f 4172 3691 4171
f 4172 4176 4175
f 4303 4367 4304
f 4303 4366 4367
f 4304 4305 4180
f 4305 4181 4180
f 4179 4303 4304
f 4179 4304 4180
f 4367 4366 4435
f 4543 4477 4489
f 4543 4535 4477
f 4599 4598 4656
f 4599 4656 4657
f 4598 4608 4667
f 4598 4667 4656
f 4478 4477 4535
f 4161 4285 4348
f 4161 4348 4286
f 4285 4347 4348
f 4422 4348 4347
f 3682 3681 4162
f 5098 5157 5158
f 5098 5158 5099
f 5038 5098 5099
f 5038 5099 5039
f 4983 4984 4934
f 4983 5038 5039
f 4983 5039 4984
f 4985 4935 4934
f 4985 4934 4984
f 4933 4983 4934
f 4174 4170 4294
f 4174 4294 4298
f 4298 4294 4356
f 4298 4356 4361
f 4604 4610 4542
f 3700 3690 4170
f 3700 4170 4174
f 4166 4167 3687
f 4166 3687 3686
f 4167 3688 3687
f 4167 4168 3688
f 4168 3689 3688
f 4168 4169 3689
f 4169 4170 3690
f 4169 3690 3689
f 4657 4600 4599
f 4291 4167 4166
f 4291 4166 4290
f 4351 4425 4426
f 4351 4426 4352
f 4425 4480 4481
f 4425 4481 4426
f 4426 4353 4352
f 4480 4537 4538
f 4480 4538 4481
f 4537 4599 4538
f 4600 4538 4599
f 4166 4165 4289
f 4351 4290 4289
f 4166 3686 3685
f 4166 3685 4165
f 4668 4658 4600
f 4668 4600 4609
f 4660 4661 4603
f 4660 4603 4602
f 4661 4662 4604
f 4661 4604 4603
f 4658 4659 4601
f 4658 4601 4600
f 4659 4660 4602
f 4659 4602 4601
f 4662 4670 4610
f 4662 4610 4604
f 3691 3701 3700
f 3691 3700 3690
f 4299 4175 4172
f 3691 4172 3692
f 4175 3703 3692
f 4175 3692 4172
f 4171 4295 4296
f 4171 4296 4172
f 4295 4357 4358
f 4295 4358 4296
f 4359 4299 4296
f 4359 4296 4358
f 4299 4172 4296
f 4357 4486 4358
f 4606 4487 4486
f 4606 4486 4605
f 4487 4359 4358
f 4487 4358 4486
f 4664 4606 4605
f 4664 4605 4663
f 4672 4663 4671
f 4672 4664 4663
f 4171 3691 3690
f 4171 3690 4170
f 5032 5033 4981
f 5033 5045 5046
f 5033 5046 4981
f 5046 4990 4981
f 4990 4991 4982
f 4990 4982 4981
f 4931 4930 4981
f 4931 4981 4982
f 4930 4929 4981
f 5045 5106 5046
f 5106 5107 5046
f 4676 4746 4677
f 4676 4677 4675
f 4657 4667 4656
f 4499 4498 4548
f 4499 4548 4549
f 4616 4549 4548
f 4498 4497 4547
f 4498 4547 4548
f 4497 4434 4547
f 4615 4616 4548
f 4615 4548 4547
f 4434 4433 4496
f 4434 4496 4547
f 4433 4432 4495
f 4433 4495 4496
f 4613 4614 4496
f 4613 4496 4495
f 4614 4615 4547
f 4614 4547 4496
f 4498 4436 4435
f 4366 4434 4435
f 4678 4616 4615
f 4678 4615 4677
f 4498 4435 4434
f 4498 4434 4497
f 4366 4303 4302
f 4177 4301 4302
f 4303 4179 4178
f 4303 4178 4302
f 4177 4302 4178
f 4366 4302 4365
f 4301 4365 4302
f 4301 4364 4365
f 4434 4366 4365
f 4613 4674 4675
f 4613 4675 4614
f 4677 4615 4614
f 4677 4614 4675
f 4364 4432 4433
f 4364 4433 4365
f 4434 4365 4433
f 4432 4363 4494
f 4432 4494 4495
f 4612 4613 4494
f 4613 4495 4494
f 3704 4176 4177
f 3704 4177 3705
f 4176 4301 4177
f 4176 4300 4301
f 4362 4363 4300
v -0.62100 -0.82505 3.79975
v -0.62100 -0.70080 3.83600
v -0.62100 0.63470 3.85600
v -0.62100 -0.66630 3.84950
v -0.62100 0.06845 3.87500
v -0.65800 -1.16480 3.40900
v -0.65754 1.06939 3.42698
v -0.64755 -0.90970 3.55472
v -0.64025 0.79334 3.64722
v -0.63986 -0.66949 3.67717
v -0.63998 -0.54365 3.68521
v -0.64025 0.44952 3.68681
v -0.62100 0.81145 3.80650
v -0.65779 -0.94484 3.42869
v -0.65290 -0.68510 3.53014
v -0.65149 -0.63694 3.55745
v -0.65078 -0.49810 3.56958
v -0.65059 0.69524 3.56804
v -0.65800 -1.17180 3.36700
v -0.65800 1.17420 3.36700
v -0.65893 0.89808 3.36360
v -0.65800 -0.90210 3.36947
v -0.65800 0.78370 3.37130
v -0.65800 -0.60880 3.37300
v -0.65950 0.46470 3.36700
v -0.65800 -0.70525 3.37222
v -0.65800 0.68824 3.37268
v -0.65800 -0.65480 3.44500
v -0.65800 -0.53655 3.37300
v -0.65800 -0.45730 3.39800
v -0.65800 -0.99175 3.41951
v -0.65800 -0.70386 3.44185
v -0.65800 0.75120 3.43700
v -0.65526 0.71908 3.49746
v -0.65800 0.68120 3.44400
v -0.65800 -0.55648 3.44665
v -0.65800 0.60339 3.44618
v -0.65800 -0.47180 3.44700
v -0.65800 0.47420 3.44700
v -0.65800 0.54720 3.44700
v -0.66100 -1.17480 3.36000
v -0.66100 -0.99580 3.36000
v -0.66100 0.99920 3.36000
v -0.65943 -0.84027 3.36340
v -0.66101 -0.69336 3.36099
v -0.66100 -0.26780 3.36100
v -0.66500 0.00120 3.35650
v -0.65950 0.13570 3.36700
v -0.66291 0.62912 3.35735
v -0.67450 -1.17530 3.34900
v -0.66280 -0.87343 3.35690
v -0.66500 -0.56155 3.35650
v -0.66934 0.27033 3.35222
v -0.68000 -0.80480 3.34500
v -0.68000 -0.54580 3.34500
v -0.68775 0.54629 3.34029
v -0.68000 0.63782 3.34500
v -0.66993 0.80570 3.35111
v -0.67044 -0.84064 3.35109
v -0.66982 -0.22071 3.35220
v -0.66500 1.17770 3.35600
v -0.67043 0.46934 3.35085
v -0.68800 -0.99480 3.34000
v -0.69960 -0.35797 3.33243
v -0.68153 0.15084 3.34475
v -0.67004 -0.46800 3.35110
v -0.66900 -0.76530 3.35200
v -0.68900 -0.73980 3.34000
v -0.69500 -0.69780 3.33750
v -0.66900 -0.69980 3.35200
v -0.69412 -0.55359 3.33704
v -0.68900 0.74320 3.34000
v -0.69455 -0.80147 3.33647
v -0.69664 -0.54643 3.33494
v -0.69600 -0.75680 3.33800
v -0.69400 -0.73780 3.33700
v -0.69400 -0.65480 3.33700
v -0.69500 -0.59330 3.33750
v -0.69400 0.62695 3.33700
v -0.69500 0.68545 3.33750
v -0.69144 0.80248 3.33732
v -0.69559 0.55420 3.33681
v -0.69600 -0.61380 3.33800
v -0.69600 -0.55580 3.33800
v -0.69600 0.61720 3.33800
v -0.69600 0.70120 3.33800
v -0.69500 0.76020 3.33750
v -0.69600 0.79720 3.33800
v -0.69600 -0.79380 3.33800
v -0.69600 -0.66580 3.33800
v -0.69600 -0.55580 3.35200
v -0.69600 0.57620 3.35200
v -0.69554 0.79966 3.34269
v -0.69600 -0.68180 3.35200
v -0.69800 0.59670 3.35900
v -0.72150 -1.17380 3.31800
v -0.71935 0.47995 3.31954
v -0.70854 0.87045 3.32695
v -0.69800 -0.79980 3.33700
v -0.69887 -0.54944 3.33577
v -0.69776 -0.79881 3.35834
v -0.69800 -0.75680 3.35900
v -0.69800 -0.66080 3.35900
v -0.69724 -0.55573 3.35866
v -0.69800 0.67445 3.35900
v -0.69814 0.80191 3.35860
v -0.70108 0.80393 3.35739
v -0.70058 0.80697 3.33212
v -0.70219 -0.80371 3.33169
v -0.70100 -0.80180 3.34900
v -0.69905 -0.55044 3.35780
v -0.70158 -0.79686 3.35840
v -0.70100 -0.69180 3.35900
v -0.70100 -0.59380 3.35900
v -0.70100 0.64382 3.35900
v -0.69950 0.72070 3.35900
v -0.70200 -0.80080 3.35600
v -0.69882 0.55123 3.33442
v -0.70500 -0.79880 3.35600
v -0.70500 -0.67680 3.35600
v -0.70892 -0.55858 3.35381
v -0.69994 0.55537 3.35928
v -0.70224 0.80055 3.35795
v -0.71692 -0.54731 3.32361
v -0.70800 -0.80180 3.33100
v -0.70800 -0.54780 3.33100
v -0.70005 0.80489 3.33648
v -0.70800 0.55120 3.34400
v -0.70833 0.80086 3.35383
v -0.71620 -0.80068 3.34769
v -0.71236 -0.54826 3.34862
v -0.69795 0.55309 3.35813
v -0.70900 -0.76222 3.35400
v -0.70900 -0.70097 3.35400
v -0.71105 0.56067 3.35230
v -0.70900 0.61165 3.35400
v -0.70900 0.76471 3.35400
v -0.71120 -0.78977 3.35199
v -0.71100 -0.75780 3.35200
v -0.71164 0.66545 3.35138
v -0.71100 0.76120 3.35200
v -0.71167 -0.78214 3.35147
v -0.71200 -0.72180 3.35100
v -0.70951 -0.62564 3.35345
v -0.71206 -0.57431 3.35091
v -0.71200 0.57620 3.35100
v -0.71200 0.59320 3.35100
v -0.71200 0.72520 3.35100
v -0.71154 -0.55870 3.35216
v -0.70789 -0.79787 3.35394
v -0.70157 -0.55302 3.35845
v -0.72985 0.79977 3.33935
v -0.71400 -0.67480 3.35000
v -0.71400 -0.58880 3.35000
v -0.71400 0.67820 3.35000
v -0.72393 0.54498 3.31607
v -0.71187 0.79417 3.35175
v -0.72540 0.55075 3.31953
v -0.71233 -0.79116 3.35150
v -0.71452 0.58847 3.35001
v -0.72000 -0.55080 3.34600
v -0.72100 -0.55480 3.34600
v -0.72300 -0.55780 3.34500
v -0.72226 -0.60925 3.34532
v -0.71763 -0.85903 3.32070
v -0.73135 -0.80309 3.31193
v -0.73000 0.06820 3.31200
v -0.70475 1.17745 3.32900
v -0.72645 -0.54501 3.31478
v -0.72786 0.80596 3.31407
v -0.72409 -0.80132 3.31987
v -0.73990 -0.54663 3.30777
v -0.73836 -0.54693 3.31086
v -0.73241 -0.80003 3.33628
v -0.73691 0.80362 3.32669
v -0.73590 0.55115 3.33376
v -0.72795 -0.79233 3.34074
v -0.72647 -0.71668 3.34191
v -0.72598 -0.56266 3.34238
v -0.72944 -0.55400 3.33934
v -0.74290 -0.54935 3.33078
v -0.72927 0.62196 3.33968
v -0.74538 -0.75366 3.32975
v -0.73800 -0.79080 3.33400
v -0.72902 0.78666 3.34008
v -0.74100 -0.79680 3.33200
v -0.75009 0.55442 3.32672
v -0.74084 0.80263 3.32911
v -0.74257 -0.63079 3.33171
v -0.73295 0.56678 3.33735
v -0.73327 0.80433 3.31251
v -0.74300 -0.80080 3.30800
v -0.73346 0.55420 3.33690
v -0.74700 -0.67380 3.32900
v -0.74700 0.67720 3.32900
v -0.74595 0.76156 3.32930
v -0.76400 -1.17180 3.29100
v -0.74972 0.54805 3.30004
v -0.76587 0.99059 3.28969
v -0.75081 -0.79482 3.32631
v -0.75693 0.79842 3.32254
v -0.74900 -0.55680 3.32700
v -0.75025 0.56145 3.32641
v -0.74900 0.79320 3.32700
v -0.74917 -0.72856 3.32780
v -0.75173 -0.55878 3.32532
v -0.74900 -0.58980 3.32800
v -0.74819 -0.57448 3.32823
v -0.74886 0.57595 3.32803
v -0.74928 0.73423 3.32771
v -0.74902 0.77798 3.32800
v -0.75135 0.63274 3.32568
v -0.75616 -0.54805 3.32271
v -0.76221 0.80184 3.31654
v -0.75200 -0.78780 3.32500
v -0.75200 -0.73580 3.32500
v -0.75200 -0.67459 3.32500
v -0.75147 -0.62388 3.32555
v -0.75187 0.79237 3.32515
v -0.74789 -0.80060 3.30472
v -0.75421 -0.80223 3.29723
v -0.75890 -0.54591 3.29490
v -0.75960 -0.79300 3.32036
v -0.75923 0.79685 3.32077
v -0.76204 -0.79111 3.31843
v -0.75900 -0.71530 3.32075
v -0.75600 -0.67380 3.32300
v -0.75600 -0.59380 3.32300
v -0.75600 -0.55880 3.32300
v -0.75829 0.55323 3.32141
v -0.75800 0.65145 3.32150
v -0.75860 -0.79931 3.31977
v -0.75900 0.55020 3.31900
v -0.76000 0.54920 3.29700
v -0.75920 -0.54678 3.31880
v -0.76300 -0.63230 3.31600
v -0.76150 -0.58380 3.31800
v -0.76100 0.54720 3.29300
v -0.76130 -0.54918 3.31846
v -0.76204 -0.79909 3.29589
v -0.76352 -0.54931 3.30844
v -0.76331 -0.79636 3.31387
v -0.76317 0.80159 3.29553
v -0.76207 0.54944 3.31585
v -0.76300 0.66120 3.31600
v -0.76683 -0.46697 3.28860
v -0.76400 0.00120 3.29100
v -0.76468 -0.79116 3.29179
v -0.76400 -0.66280 3.29400
v -0.76400 -0.55480 3.29400
v -0.76400 0.66570 3.29400
v -0.76434 0.79313 3.29217
v -0.76400 -0.71530 3.29400
v -0.76400 -0.61280 3.29900
v -0.76409 0.55189 3.29261
v -0.76400 0.79520 3.30700
v -0.76300 -0.71530 3.31600
v -0.76300 -0.67380 3.31600
v -0.76401 -0.54856 3.29244
v -0.76243 0.80303 3.29327
v -0.76600 -0.71530 3.29000
v -0.76600 -0.66280 3.29000
v -0.76450 0.58620 3.29300
v -0.76600 0.63520 3.29000
v -0.77800 0.68770 3.27900
v -0.76218 -0.54518 3.29233
v -0.76700 0.54220 3.28900
v -0.77876 0.81456 3.28004
v -0.76501 -0.80102 3.29066
v -0.76500 -0.77530 3.29200
v -0.76600 -0.61180 3.29000
v -0.77099 0.45653 3.28548
v -0.77800 0.74320 3.27900
v -0.77300 -0.26580 3.28400
v -0.77300 0.00120 3.28400
v -0.77300 0.26820 3.28400
v -0.77700 -0.95505 1.70200
v -0.77700 -0.78380 1.70200
v -0.77700 -0.68955 1.70200
v -0.77700 -0.60680 1.70200
v -0.77700 -0.56280 1.70200
v -0.77700 -0.45405 1.70200
v -0.77700 0.32145 1.70200
v -0.77700 0.61964 1.70200
v -0.77700 0.82695 1.70200
v -0.77700 1.08420 1.76475
v -0.77700 -1.17080 1.95300
v -0.77700 -0.82430 1.95300
v -0.77700 -0.73980 1.95300
v -0.77700 0.00120 2.26100
v -0.77700 0.56620 1.95300
v -0.77750 -0.90793 2.27769
v -0.77700 -0.76180 2.16925
v -0.77700 -0.68430 2.00175
v -0.77700 -0.69580 2.26100
v -0.77700 -0.57493 2.05581
v -0.77700 0.61789 2.04894
v -0.77750 0.76520 2.27300
v -0.77700 0.78333 2.00175
v -0.77750 1.17420 2.27300
v -0.77700 -0.67280 2.26100
v -0.77700 -0.54180 2.23300
v -0.77700 -0.54180 2.26100
v -0.77700 0.54520 2.23300
v -0.77700 -0.79380 2.26100
v -0.77713 -0.61730 2.26400
v -0.77750 -0.31555 2.27300
v -0.77700 0.26820 2.26100
v -0.77787 0.42045 2.29450
v -0.77700 0.63120 2.26100
v -0.77750 0.70370 2.27925
v -0.77700 0.79670 2.26100
v -0.77700 -1.17080 2.26100
v -0.77750 -0.76180 2.27300
v -0.77800 -0.67280 2.28500
v -0.77800 -0.54180 2.28500
v -0.77800 -0.50480 2.29750
v -0.77750 0.85720 2.27925
v -0.77700 0.99420 2.26100
v -0.77800 -0.76180 2.31000
v -0.77800 -0.62830 2.29125
v -0.77800 -0.60680 2.31000
v -0.77900 -0.56280 2.34350
v -0.77800 -0.36630 2.31000
v -0.77800 0.00120 2.29750
v -0.77900 0.13470 2.34350
v -0.77775 0.60945 2.29150
v -0.77800 0.68095 2.29750
v -0.77900 0.81183 2.34350
v -0.77800 1.17420 2.31000
v -0.77900 -0.63980 3.27550
v -0.77767 -0.53317 3.27989
v -0.77838 0.53804 3.27906
v -0.77969 -0.91951 3.27890
v -0.77800 -0.49280 3.28000
v -0.77800 0.49520 3.28000
v -0.77800 -1.17080 2.31000
v -0.77900 -0.73980 2.33900
v -0.77900 -1.17180 3.27900
v -0.77806 -1.02727 3.28136
v -0.77900 -0.26580 3.27900
v -0.77900 0.00120 3.27900
v -0.77900 0.26820 3.27900
v -0.77987 1.12782 3.27784
v -0.77900 1.17420 3.27900
v -0.78000 -0.79380 2.37700
v -0.78000 -0.73980 2.37700
v -0.77900 -0.69580 2.33725
v -0.78000 -0.45405 2.37700
v -0.78000 0.47120 2.37700
v -0.78000 0.54520 2.37700
v -0.78000 0.71495 2.37700
v -0.78000 1.17420 2.37700
v -0.78000 -1.17080 2.37700
v -0.77900 -0.82930 2.34350
v -0.78000 -0.73980 2.43100
v -0.78000 -0.54180 2.43100
v -0.78000 -0.50480 2.46300
v -0.78000 -0.80380 2.49500
v -0.78000 -0.79380 2.54300
v -0.78000 -0.74030 2.52700
v -0.78000 -0.68430 2.44700
v -0.78000 -0.67280 2.49500
v -0.78000 -0.62830 2.37700
v -0.78000 -0.15743 2.49500
v -0.78000 0.59489 2.49500
v -0.78000 0.62045 2.37700
v -0.78000 0.73170 2.47900
v -0.78000 -0.99080 2.37700
v -0.78000 -0.54180 2.55900
v -0.78000 0.54520 2.55900
v -0.77900 0.99420 2.34350
v -0.78000 -0.79892 2.75138
v -0.78000 -0.74080 2.67300
v -0.78000 -0.67855 2.63025
v -0.78000 -0.60705 2.65638
v -0.78000 -0.41055 2.69675
v -0.78000 0.36970 2.82975
v -0.78000 0.56682 2.88100
v -0.78000 0.64945 2.75613
v -0.78000 0.77245 2.58750
v -0.78000 0.91839 2.73887
v -0.78000 1.17420 2.95300
v -0.78000 -0.54280 2.88200
v -0.78000 -0.76280 3.05550
v -0.78000 -0.67917 3.00762
v -0.78000 -0.60705 3.01900
v -0.78000 -0.41093 3.05550
v -0.78000 0.16008 2.97669
v -0.78000 0.73070 2.95619
v -0.78000 0.74620 2.73256
v -0.78000 -1.17142 2.92569
v -0.78000 -0.89367 3.19013
v -0.78000 -0.74080 3.17400
v -0.78000 -0.54280 3.17400
v -0.78000 0.54520 3.17400
v -0.78000 0.61870 3.16106
v -0.78000 0.74420 3.17400
v -0.78000 0.99520 3.17400
v -0.78000 -0.80480 3.20700
v -0.78000 -0.79980 3.24475
v -0.78000 -0.74080 3.20700
v -0.78000 -0.71305 3.20963
v -0.78000 -0.65130 3.19463
v -0.78000 -0.60680 3.20700
v -0.78000 -0.54555 3.21000
v -0.78000 -0.31655 3.22200
v -0.78000 0.26820 3.20700
v -0.78000 0.45745 3.25237
v -0.78000 0.56120 3.22200
v -0.78000 0.71151 3.20588
v -0.78000 0.81108 3.20606
v -0.78000 0.85820 3.08650
v -0.78000 1.17420 3.24100
v -0.78000 -0.54280 3.23700
v -0.78000 0.54520 3.23700
v -0.78000 0.65420 3.27200
v -0.78000 0.74420 3.23700
v -0.78000 -0.74080 3.26000
v -0.78000 -0.67930 3.25137
v -0.78000 -0.43655 3.25425
v -0.78000 -1.17180 3.27200
v -0.77945 -0.77092 3.27713
v -0.78000 -0.74080 3.27200
v -0.77800 -0.71780 3.27900
v -0.78000 -0.46880 3.27200
v -0.78000 -0.13230 3.27200
v -0.78000 0.26820 3.27200
v -0.78000 0.47120 3.27200
v -0.78000 0.55570 3.27200
v -0.77970 0.76499 3.27680
v -0.78000 1.17420 3.27200
usemtl m036
f 5774 5804 5803
f 5774 5803 5793
f 5766 5620 5765
f 5689 5765 5620
f 5835 5853 5765
f 5853 5766 5765
f 5689 5833 5765
f 5833 5834 5765
f 5803 5750 5793
f 5751 5774 5793
f 5750 5739 5793
f 5721 5751 5793
f 5721 5793 5740
f 5739 5740 5793
f 5707 5721 5740
f 5707 5740 5739
f 5739 5706 5707
f 5804 5820 5803
f 5804 5835 5765
f 5804 5765 5820
f 5834 5820 5765
f 5834 5803 5820
f 5838 5754 5851
f 5831 5818 5838
f 5788 5787 5772
f 5731 5748 5718
f 5705 5718 5712
f 5771 5799 5810
f 5810 5786 5771
f 5757 5693 5697
f 5757 5697 5764
f 5693 5619 5697
f 5668 5696 5697
f 5668 5697 5619
f 5696 5763 5764
f 5696 5764 5697
f 5830 5850 5849
f 5850 5757 5764
f 5850 5764 5849
f 5763 5848 5849
f 5763 5849 5764
f 5848 5830 5849
f 5848 5829 5830
f 5786 5747 5771
f 5730 5771 5747
f 5746 5730 5747
f 5746 5711 5729
f 5746 5729 5730
f 5810 5830 5829
f 5848 5810 5829
f 5811 5800 5801
f 5787 5788 5801
f 5788 5812 5801
f 5478 5479 5470
f 5686 5754 5838
f 5838 5852 5686
f 5818 5832 5852
f 5818 5852 5838
f 5773 5789 5788
f 5773 5788 5749
f 5748 5749 5788
f 5718 5719 5732
f 5718 5732 5731
f 5749 5748 5731
f 5731 5732 5749
f 5719 5718 5733
f 5705 5733 5718
f 5800 5811 5832
f 5800 5832 5818
f 5470 5442 5444
f 5470 5444 5448
f 5482 5464 5502
f 5442 5502 5464
f 5483 5446 5469
f 5483 5469 5474
f 5468 5474 5469
f 5468 5486 5474
f 5448 5455 5456
f 5455 5458 5456
f 5458 5448 5456
f 5446 5460 5469
f 5439 5469 5460
f 5441 5428 5442
f 5441 5434 5428
f 5802 5803 5834
f 5802 5834 5812
f 5803 5802 5789
f 5833 5689 5852
f 5803 5773 5750
f 5720 5739 5733
f 5750 5719 5739
f 5733 5739 5719
f 5706 5739 5720
f 5812 5833 5811
f 5812 5834 5833
f 5434 5430 5428
f 5455 5428 5430
f 5464 5482 5441
f 5464 5441 5442
f 5442 5479 5502
f 5448 5444 5428
f 5684 5676 5754
f 5686 5694 5673
f 5479 5508 5502
f 5500 5501 5478
f 5501 5479 5478
f 5483 5539 5477
f 5539 5503 5477
f 5685 5686 5672
f 5686 5673 5672
f 5677 5672 5673
f 5502 5509 5514
f 5502 5508 5509
f 5500 5506 5501
f 5500 5503 5506
f 5513 5506 5503
f 5513 5507 5501
f 5513 5501 5506
f 5635 5672 5677
f 5635 5666 5684
f 5635 5684 5672
f 5664 5681 5635
f 5681 5609 5635
f 5526 5514 5516
f 5507 5513 5516
f 5539 5549 5553
f 5470 5448 5446
f 5458 5446 5448
f 5446 5483 5470
f 5483 5477 5470
f 5477 5478 5470
f 5424 5433 5439
f 5424 5426 5433
f 5455 5439 5461
f 5455 5461 5458
f 5439 5460 5461
f 5446 5458 5461
f 5446 5461 5460
f 5478 5477 5503
f 5503 5500 5478
f 5553 5503 5539
f 5553 5513 5503
f 5543 5516 5513
f 5543 5513 5553
f 5818 5810 5799
f 5818 5799 5800
f 5801 5800 5792
f 5801 5792 5787
f 5800 5799 5771
f 5800 5771 5792
f 5771 5787 5792
f 5754 5757 5850
f 5754 5850 5851
f 5830 5851 5850
f 5830 5838 5851
f 5838 5830 5837
f 5838 5837 5831
f 5830 5831 5837
f 5771 5772 5787
f 5788 5772 5730
f 5788 5730 5748
f 5772 5771 5730
f 5748 5725 5718
f 5748 5730 5729
f 5748 5729 5725
f 5729 5718 5725
f 5718 5711 5712
f 5718 5729 5711
f 5704 5705 5712
f 5704 5712 5711
f 5831 5817 5818
f 5831 5830 5810
f 5831 5810 5817
f 5810 5818 5817
f 5685 5754 5686
f 5685 5684 5754
f 5685 5672 5684
f 5666 5676 5684
f 5666 5665 5676
f 5801 5812 5811
f 5788 5789 5802
f 5788 5802 5812
f 5694 5686 5852
f 5833 5852 5839
f 5833 5839 5832
f 5852 5832 5839
f 5803 5789 5773
f 5750 5773 5749
f 5750 5749 5732
f 5750 5732 5719
f 5705 5720 5733
f 5705 5706 5720
f 5833 5832 5819
f 5833 5819 5811
f 5811 5819 5832
f 5681 5852 5689
f 5681 5673 5694
f 5681 5694 5852
f 5673 5681 5664
f 5673 5664 5677
f 5635 5677 5664
f 5428 5444 5442
f 5434 5424 5439
f 5434 5439 5430
f 5455 5430 5439
f 5442 5470 5479
f 5455 5454 5428
f 5448 5454 5455
f 5448 5428 5454
f 5479 5493 5508
f 5501 5507 5493
f 5501 5493 5479
f 5507 5508 5493
f 5516 5514 5508
f 5516 5508 5507
f 5514 5509 5508
f 5526 5537 5514
f 5537 5527 5514
f 5633 5631 5616
f 5631 5632 5616
f 5632 5617 5616
f 5617 5611 5616
f 5611 5630 5616
f 5630 5633 5616
f 5665 5666 5652
f 5666 5635 5645
f 5666 5645 5652
f 5635 5622 5645
f 5635 5573 5622
f 5528 5527 5544
f 5527 5537 5544
f 5526 5536 5537
f 5526 5516 5536
f 5516 5543 5536
f 5665 5652 5651
f 5651 5652 5633
f 5652 5640 5633
f 5652 5645 5640
f 5631 5633 5640
f 5632 5631 5640
f 5645 5622 5625
f 5645 5625 5640
f 5622 5606 5625
f 5617 5625 5606
f 5632 5640 5625
f 5632 5625 5617
f 5544 5578 5550
f 5544 5558 5578
f 5562 5578 5558
f 5544 5537 5558
f 5537 5557 5558
f 5561 5569 5558
f 5561 5558 5557
f 5569 5562 5558
f 5537 5536 5557
f 5536 5543 5557
f 5543 5556 5557
f 5567 5568 5556
f 5568 5561 5557
f 5568 5557 5556
f 5567 5556 5581
f 5651 5633 5624
f 5633 5630 5624
f 5589 5519 5591
f 5485 5588 5518
f 5519 5529 5591
f 5518 5619 5577
f 5548 5612 5591
f 5528 5612 5548
f 5528 5596 5612
f 5581 5603 5606
f 5573 5528 5550
f 5606 5573 5578
f 5483 5518 5577
f 5483 5577 5539
f 5619 5539 5577
f 5539 5619 5579
f 5579 5665 5597
f 5579 5597 5539
f 5597 5553 5549
f 5597 5549 5539
f 5553 5597 5614
f 5553 5614 5543
f 5597 5608 5614
f 5556 5543 5611
f 5543 5614 5611
f 5603 5581 5556
f 5603 5556 5611
f 5589 5502 5519
f 5589 5482 5502
f 5483 5486 5518
f 5483 5474 5486
f 5485 5518 5486
f 5519 5502 5529
f 5591 5529 5548
f 5529 5502 5514
f 5529 5514 5548
f 5548 5514 5527
f 5528 5548 5527
f 5578 5576 5606
f 5562 5569 5576
f 5562 5576 5578
f 5569 5561 5576
f 5561 5568 5576
f 5567 5581 5576
f 5567 5576 5568
f 5581 5606 5576
f 5544 5550 5528
f 5573 5550 5578
f 5766 5591 5620
f 5766 5589 5591
f 5619 5518 5588
f 5588 5668 5619
f 5620 5591 5689
f 5591 5612 5689
f 5612 5681 5689
f 5681 5596 5609
f 5681 5612 5596
f 5528 5609 5596
f 5617 5606 5603
f 5617 5603 5611
f 5635 5609 5573
f 5609 5528 5573
f 5622 5573 5606
f 5693 5688 5619
f 5693 5757 5754
f 5693 5754 5688
f 5676 5659 5688
f 5676 5688 5754
f 5659 5619 5688
f 5619 5659 5655
f 5619 5655 5579
f 5659 5676 5655
f 5655 5665 5579
f 5655 5676 5665
f 5654 5597 5665
f 5597 5654 5651
f 5654 5665 5651
f 5608 5597 5651
f 5608 5624 5614
f 5608 5651 5624
f 5630 5611 5614
f 5630 5614 5624
f 5760 5761 5618
f 5761 5760 5843
f 5761 5843 5755
f 5755 5843 5814
f 5790 5813 5775
f 5776 5790 5713
f 5790 5775 5758
f 5790 5758 5713
f 5713 5758 5734
f 5698 5713 5708
f 5698 5709 5713
f 5713 5734 5708
f 5813 5790 5814
f 5814 5843 5813
f 5752 5825 5826
f 5752 5826 5827
f 5785 5742 5743
f 5744 5785 5743
f 5727 5744 5743
f 5727 5743 5742
f 5717 5700 5701
f 5702 5717 5701
f 5808 5827 5826
f 5808 5826 5825
f 5425 5437 5432
f 5425 5431 5437
f 5422 5427 5429
f 5810 5809 5798
f 5810 5798 5786
f 5756 5762 5695
f 5756 5695 5667
f 5762 5763 5696
f 5762 5696 5695
f 5668 5667 5695
f 5668 5695 5696
f 5842 5848 5847
f 5763 5762 5848
f 5762 5756 5847
f 5762 5847 5848
f 5848 5842 5828
f 5770 5747 5786
f 5786 5779 5770
f 5745 5746 5747
f 5747 5770 5745
f 5728 5711 5746
f 5746 5745 5728
f 5745 5738 5728
f 5703 5711 5717
f 5703 5704 5711
f 5728 5717 5711
f 5848 5828 5809
f 5848 5809 5810
f 5828 5827 5809
f 5438 5439 5433
f 5426 5438 5433
f 5426 5432 5438
f 5473 5467 5450
f 5467 5468 5469
f 5469 5451 5467
f 5451 5450 5467
f 5797 5808 5807
f 5797 5807 5796
f 5796 5783 5784
f 5785 5797 5796
f 5785 5796 5784
f 5466 5491 5473
f 5491 5498 5473
f 5752 5846 5841
f 5841 5824 5825
f 5825 5752 5841
f 5785 5783 5769
f 5785 5784 5783
f 5742 5785 5769
f 5717 5727 5722
f 5717 5722 5716
f 5769 5736 5742
f 5769 5716 5722
f 5769 5722 5736
f 5727 5742 5736
f 5727 5736 5722
f 5700 5717 5715
f 5717 5716 5715
f 5808 5825 5824
f 5808 5824 5807
f 5447 5465 5466
f 5423 5431 5425
f 5437 5431 5436
f 5471 5480 5472
f 5463 5462 5471
f 5463 5471 5472
f 5481 5486 5468
f 5468 5467 5481
f 5467 5473 5487
f 5467 5487 5481
f 5449 5450 5457
f 5437 5449 5457
f 5447 5449 5453
f 5437 5436 5453
f 5437 5453 5449
f 5451 5469 5459
f 5439 5438 5459
f 5439 5459 5469
f 5429 5427 5452
f 5794 5806 5790
f 5790 5781 5794
f 5790 5780 5781
f 5844 5755 5822
f 5755 5814 5821
f 5755 5821 5822
f 5790 5776 5767
f 5790 5767 5780
f 5767 5781 5780
f 5776 5741 5767
f 5714 5726 5713
f 5726 5735 5713
f 5735 5741 5776
f 5735 5776 5713
f 5699 5709 5698
f 5709 5714 5713
f 5806 5814 5790
f 5806 5822 5821
f 5806 5821 5814
f 5472 5443 5463
f 5427 5440 5443
f 5427 5443 5452
f 5440 5462 5463
f 5440 5463 5443
f 5472 5480 5465
f 5488 5480 5475
f 5488 5465 5480
f 5429 5452 5435
f 5447 5435 5452
f 5680 5692 5753
f 5752 5682 5846
f 5752 5683 5682
f 5691 5846 5682
f 5691 5844 5846
f 5642 5755 5690
f 5480 5494 5475
f 5496 5488 5494
f 5488 5475 5494
f 5498 5491 5490
f 5473 5498 5499
f 5492 5473 5499
f 5545 5495 5521
f 5680 5662 5671
f 5674 5682 5683
f 5674 5683 5670
f 5691 5682 5674
f 5641 5642 5690
f 5641 5690 5661
f 5494 5520 5510
f 5496 5494 5510
f 5511 5498 5490
f 5498 5511 5504
f 5498 5504 5499
f 5547 5545 5521
f 5658 5662 5660
f 5670 5657 5679
f 5679 5674 5670
f 5674 5679 5678
f 5678 5691 5674
f 5661 5663 5653
f 5653 5641 5661
f 5520 5522 5510
f 5522 5496 5510
f 5490 5515 5511
f 5511 5515 5525
f 5511 5525 5504
f 5515 5524 5525
f 5525 5499 5504
f 5552 5547 5521
f 5552 5521 5532
f 5473 5450 5445
f 5473 5445 5466
f 5450 5449 5445
f 5449 5447 5445
f 5447 5466 5445
f 5473 5476 5487
f 5438 5432 5437
f 5432 5426 5425
f 5457 5450 5451
f 5451 5459 5457
f 5459 5438 5437
f 5459 5437 5457
f 5473 5492 5476
f 5495 5487 5476
f 5495 5476 5492
f 5492 5499 5505
f 5499 5512 5505
f 5521 5505 5512
f 5521 5495 5492
f 5521 5492 5505
f 5499 5525 5512
f 5532 5512 5525
f 5532 5521 5512
f 5808 5797 5805
f 5808 5805 5809
f 5797 5798 5805
f 5798 5809 5805
f 5797 5785 5791
f 5797 5791 5798
f 5785 5779 5791
f 5786 5798 5791
f 5786 5791 5779
f 5842 5847 5752
f 5847 5756 5753
f 5847 5753 5752
f 5752 5827 5836
f 5752 5836 5842
f 5828 5842 5836
f 5828 5836 5827
f 5785 5744 5778
f 5785 5778 5779
f 5744 5770 5778
f 5770 5779 5778
f 5744 5738 5770
f 5745 5770 5738
f 5727 5717 5723
f 5727 5723 5724
f 5728 5724 5723
f 5728 5723 5717
f 5744 5727 5737
f 5744 5737 5738
f 5727 5724 5737
f 5728 5738 5737
f 5728 5737 5724
f 5717 5702 5703
f 5827 5808 5816
f 5808 5809 5816
f 5809 5827 5816
f 5683 5752 5692
f 5752 5753 5692
f 5680 5671 5692
f 5670 5671 5675
f 5670 5683 5692
f 5670 5692 5671
f 5671 5662 5657
f 5671 5657 5675
f 5662 5658 5657
f 5670 5675 5657
f 5794 5795 5806
f 5796 5807 5806
f 5796 5806 5795
f 5794 5781 5782
f 5794 5782 5795
f 5783 5796 5782
f 5796 5795 5782
f 5844 5845 5846
f 5844 5840 5845
f 5841 5846 5845
f 5841 5845 5840
f 5844 5822 5824
f 5844 5824 5840
f 5822 5823 5824
f 5841 5840 5824
f 5781 5767 5777
f 5781 5777 5782
f 5767 5768 5777
f 5769 5783 5777
f 5769 5777 5768
f 5783 5782 5777
f 5767 5741 5759
f 5767 5759 5768
f 5769 5759 5741
f 5769 5768 5759
f 5726 5714 5735
f 5715 5716 5735
f 5715 5735 5714
f 5741 5735 5716
f 5769 5741 5716
f 5714 5709 5710
f 5709 5699 5700
f 5709 5700 5710
f 5700 5715 5710
f 5715 5714 5710
f 5822 5806 5815
f 5822 5815 5823
f 5807 5824 5815
f 5807 5815 5806
f 5824 5823 5815
f 5691 5669 5844
f 5690 5844 5669
f 5690 5755 5844
f 5691 5663 5669
f 5661 5669 5663
f 5661 5690 5669
f 5691 5678 5663
f 5678 5646 5663
f 5447 5452 5465
f 5452 5443 5465
f 5443 5472 5465
f 5422 5429 5423
f 5429 5435 5436
f 5436 5431 5429
f 5431 5423 5429
f 5465 5488 5466
f 5491 5466 5488
f 5435 5453 5436
f 5447 5453 5435
f 5488 5496 5497
f 5488 5497 5489
f 5490 5489 5497
f 5490 5491 5488
f 5490 5488 5489
f 5490 5496 5515
f 5490 5497 5496
f 5496 5522 5523
f 5496 5523 5515
f 5524 5515 5523
f 5639 5627 5615
f 5627 5628 5615
f 5629 5615 5628
f 5629 5610 5615
f 5604 5615 5610
f 5604 5621 5626
f 5604 5626 5615
f 5626 5639 5615
f 5658 5648 5657
f 5647 5657 5648
f 5647 5678 5679
f 5647 5679 5657
f 5646 5678 5647
f 5644 5663 5646
f 5663 5644 5653
f 5621 5653 5644
f 5533 5523 5522
f 5523 5533 5534
f 5534 5524 5523
f 5535 5534 5541
f 5524 5534 5535
f 5535 5525 5524
f 5525 5535 5572
f 5535 5542 5572
f 5572 5532 5525
f 5572 5552 5532
f 5660 5627 5650
f 5649 5658 5660
f 5649 5660 5650
f 5638 5658 5649
f 5638 5649 5639
f 5658 5638 5648
f 5638 5647 5648
f 5647 5638 5637
f 5638 5639 5626
f 5638 5626 5637
f 5626 5636 5637
f 5636 5646 5647
f 5636 5647 5637
f 5646 5636 5644
f 5621 5636 5626
f 5621 5644 5636
f 5533 5559 5563
f 5560 5554 5563
f 5554 5533 5563
f 5533 5554 5534
f 5554 5560 5564
f 5555 5554 5564
f 5555 5534 5554
f 5534 5555 5541
f 5565 5535 5541
f 5565 5541 5555
f 5542 5565 5566
f 5542 5535 5565
f 5566 5570 5542
f 5570 5572 5542
f 5572 5570 5600
f 5566 5575 5570
f 5585 5600 5570
f 5585 5570 5575
f 5627 5629 5628
f 5639 5649 5650
f 5639 5650 5627
f 5588 5485 5590
f 5485 5487 5590
f 5586 5587 5530
f 5643 5590 5593
f 5643 5667 5590
f 5546 5530 5587
f 5546 5587 5592
f 5594 5643 5593
f 5551 5546 5592
f 5551 5592 5595
f 5594 5552 5602
f 5634 5594 5602
f 5599 5600 5585
f 5595 5598 5551
f 5580 5598 5599
f 5580 5571 5551
f 5580 5551 5598
f 5601 5600 5610
f 5629 5602 5601
f 5629 5601 5610
f 5487 5495 5590
f 5495 5545 5590
f 5594 5593 5545
f 5594 5545 5547
f 5593 5590 5545
f 5594 5547 5552
f 5552 5572 5582
f 5572 5583 5582
f 5601 5602 5582
f 5601 5582 5583
f 5602 5552 5582
f 5572 5600 5584
f 5572 5584 5583
f 5600 5601 5584
f 5601 5583 5584
f 5517 5586 5484
f 5517 5484 5471
f 5586 5480 5484
f 5480 5471 5484
f 5487 5485 5481
f 5486 5481 5485
f 5586 5530 5494
f 5586 5494 5480
f 5546 5531 5530
f 5520 5530 5531
f 5520 5494 5530
f 5546 5551 5531
f 5551 5538 5531
f 5522 5531 5538
f 5522 5520 5531
f 5580 5599 5574
f 5580 5574 5563
f 5599 5585 5575
f 5599 5575 5574
f 5566 5574 5575
f 5565 5574 5566
f 5565 5555 5564
f 5565 5564 5574
f 5560 5563 5574
f 5560 5574 5564
f 5551 5571 5540
f 5551 5540 5538
f 5533 5540 5571
f 5533 5522 5538
f 5533 5538 5540
f 5559 5580 5563
f 5559 5533 5571
f 5559 5571 5580
f 5586 5517 5618
f 5586 5618 5761
f 5667 5668 5588
f 5588 5590 5667
f 5755 5642 5761
f 5587 5586 5761
f 5587 5761 5642
f 5642 5641 5613
f 5592 5587 5642
f 5592 5642 5613
f 5653 5595 5641
f 5595 5592 5613
f 5595 5613 5641
f 5600 5599 5604
f 5600 5604 5610
f 5599 5621 5604
f 5653 5621 5607
f 5653 5607 5595
f 5621 5598 5607
f 5595 5607 5598
f 5621 5605 5598
f 5599 5598 5605
f 5599 5605 5621
f 5667 5643 5687
f 5680 5753 5687
f 5753 5756 5667
f 5753 5667 5687
f 5662 5680 5643
f 5680 5687 5643
f 5594 5634 5656
f 5594 5656 5643
f 5660 5662 5656
f 5662 5643 5656
f 5627 5660 5634
f 5660 5656 5634
f 5602 5623 5634
f 5602 5629 5623
f 5629 5627 5623
f 5627 5634 5623
v -0.90586 -0.34951 2.99573
v -0.90627 -0.33921 3.04573
v -0.90579 -0.25969 2.99936
v -0.90587 -0.25070 3.04327
v -0.90574 -0.09711 2.99504
v -0.90578 -0.12728 3.04269
v -0.90607 0.03443 2.99087
v -0.90556 0.01157 3.04253
v -0.90573 0.15083 2.99416
v -0.90595 0.16082 3.04413
v -0.90593 0.28771 3.01419
v -0.90586 0.29387 3.04216
v 1.41746 -0.46849 1.84177
v 1.42100 -0.41214 1.84488
v 1.41275 -0.26730 1.88525
v 1.41144 -0.09157 1.91077
v 1.41531 -0.08713 1.95979
v 1.41100 -0.00812 1.90107
v 1.40826 0.01391 1.98065
v 1.41275 0.19832 2.01150
v 1.41960 0.33804 2.05384
v 1.42229 0.39971 2.05812
v 1.43467 -0.46622 1.84292
v 1.43514 -0.40266 1.84700
v 1.43767 -0.26647 1.88607
v 1.44090 -0.09499 1.91134
v 1.44131 -0.09040 1.95936
v 1.44150 -0.00712 1.90095
v 1.44218 0.01124 1.96754
v 1.43735 0.19761 2.01059
v 1.43491 0.33345 2.05216
v 1.43447 0.39627 2.05733
usemtl m037
f 5863 5865 5864
f 5862 5863 5864
f 5862 5860 5861
f 5863 5862 5861
f 5865 5863 5862
f 5864 5865 5862
f 5863 5861 5860
f 5860 5862 5863
f 5879 5878 5868
f 5879 5868 5869
f 5867 5868 5878
f 5870 5880 5879
f 5870 5879 5869
f 5878 5877 5867
f 5867 5877 5876
f 5867 5876 5866
f 5869 5880 5870
f 5880 5869 5879
f 5866 5876 5877
f 5866 5877 5867
f 5882 5872 5871
f 5882 5871 5881
f 5869 5879 5881
f 5869 5881 5871
f 5880 5870 5872
f 5880 5872 5882
f 5882 5880 5870
f 5882 5870 5872
f 5872 5882 5881
f 5872 5881 5871
f 5879 5869 5871
f 5879 5871 5881
f 5882 5883 5873
f 5882 5873 5872
f 5874 5873 5883
f 5875 5884 5874
f 5884 5875 5885
f 5883 5884 5874
f 5874 5884 5885
f 5874 5885 5875
v -0.17494 1.27420 1.76868
v -0.17089 1.27420 1.81532
v -0.12017 1.27420 1.76491
v -0.13755 1.27420 1.80600
v -0.06405 1.27420 1.75756
v -0.06594 1.27420 1.79225
v 1.35977 -1.05617 2.10350
v 1.35677 -1.05634 2.12362
v 1.36400 -0.99280 2.10050
v 1.37600 -0.93780 1.79800
v 1.37133 -0.92613 2.09083
v 1.37600 0.86520 1.79800
v 1.37133 0.85353 2.09083
v 1.36400 0.92120 2.10050
v 1.35977 0.98357 2.10350
v 1.35677 0.98374 2.12362
v 1.38014 -0.99280 2.10029
v 1.39120 -0.92240 1.80612
v 1.39100 -0.92613 2.09078
v 1.39800 -0.86430 1.81553
v 1.39345 -0.88280 2.08773
v 1.39809 -0.83280 2.08773
v 1.40900 -0.74080 1.81553
v 1.40691 -0.73480 2.08773
v 1.42000 -0.57280 1.81553
v 1.41727 -0.57180 2.08773
v 1.43060 -0.32480 1.81553
v 1.42791 -0.32480 2.08773
v 1.43547 -0.03580 1.81553
v 1.43291 -0.03580 2.08773
v 1.43060 0.25220 1.81553
v 1.42791 0.25220 2.08773
v 1.42000 0.50020 1.81553
v 1.41727 0.49920 2.08773
v 1.40884 0.67867 1.57747
v 1.40655 0.67975 1.60092
v 1.40900 0.66820 1.81553
v 1.40691 0.66220 2.08773
v 1.40613 0.71307 1.57750
v 1.40382 0.70910 1.60221
v 1.39809 0.76020 2.08773
v 1.39800 0.79170 1.81553
v 1.39345 0.81020 2.08773
v 1.39120 0.85000 1.80612
v 1.39100 0.85353 2.09078
v 1.38014 0.92120 2.10029
usemtl m040
f 5930 5931 5899
f 5931 5901 5899
f 5899 5898 5930
f 5898 5928 5930
f 5900 5931 5899
f 5901 5931 5900
f 5904 5894 5902
f 5904 5896 5894
f 5893 5902 5894
f 5896 5904 5906
f 5892 5894 5902
f 5893 5892 5902
f 5888 5889 5886
v 1.11689 -0.90458 3.13544
v 1.09956 0.95120 3.14456
v 1.26920 -0.90500 3.19153
v 1.26861 -0.90483 3.21223
v 1.18956 -0.31530 3.14667
v 1.18956 0.33159 3.14667
v 1.26053 0.95125 3.21681
v 1.33997 -1.01005 2.39216
v 1.37381 -0.90205 2.39306
v 1.33448 -0.90448 3.03869
v 1.28260 -0.90473 3.20726
v 1.37488 -0.79484 2.39432
v 1.37900 -0.67680 2.39575
v 1.35015 -0.32775 3.21900
v 1.35055 -0.31301 3.21864
v 1.35054 0.33175 3.21861
v 1.37734 0.65292 2.39562
v 1.37153 0.88242 2.15319
v 1.37128 0.87436 2.17355
v 1.31980 0.95128 3.05133
v 1.38451 -0.87636 2.39138
v 1.39395 -0.76625 2.39221
v 1.40749 -0.68961 2.39315
v 1.42829 -0.58300 2.15608
v 1.43759 -0.57818 2.18764
v 1.41323 -0.58963 2.39191
v 1.47109 -0.50814 2.16154
v 1.46691 -0.51261 2.19011
v 1.42987 -0.47027 2.39131
v 1.46151 -0.38600 2.15732
v 1.46249 -0.39518 2.19457
v 1.46072 -0.36746 2.34776
v 1.42338 -0.39330 2.38784
v 1.40602 -0.32773 3.03030
v 1.45571 -0.30101 2.15579
v 1.45574 -0.29566 2.20228
v 1.46333 -0.26438 2.27117
v 1.40766 -0.31265 3.03051
v 1.47723 -0.14988 2.15281
v 1.47114 -0.16995 2.18103
v 1.44857 -0.03497 2.39538
v 1.45237 0.03404 2.39454
v 1.45585 0.12471 2.39441
v 1.44988 0.25100 2.39428
v 1.44195 0.35779 2.16123
v 1.45125 0.34418 2.19146
v 1.43941 0.36452 2.39458
v 1.40729 0.33198 3.03027
v 1.44091 0.40838 2.16155
v 1.46531 0.43511 2.19237
v 1.43053 0.45794 2.39466
v 1.41962 0.58932 2.16056
v 1.45313 0.55949 2.18972
v 1.41923 0.54520 2.39465
v 1.40883 0.63753 2.16017
v 1.41900 0.63304 2.18789
v 1.42402 0.67708 2.34194
v 1.39818 0.64317 2.39152
v 1.40777 0.75989 2.25669
v 1.39809 0.77175 2.27036
v 1.38433 0.87823 2.15141
v 1.38891 0.85616 2.18027
v 1.48500 -0.42880 2.16200
v 1.48762 -0.44436 2.17231
v 1.48575 -0.39380 2.16181
v 1.49198 -0.37755 2.18081
v 1.48533 -0.32413 2.16667
v 1.49218 -0.14603 2.15150
v 1.48633 -0.17684 2.17228
v 1.48912 0.37336 2.18553
v 1.48735 0.42765 2.17935
usemtl m042
f 5950 5949 5992
f 5997 5962 5959
f 5958 5961 5996
f 5994 5958 5996
f 5996 5961 5966
f 5967 5966 5961
f 5967 5961 5962
f 5958 5955 5959
f 5959 5955 5956
f 5998 5966 5967
f 5959 5995 5997
f 5958 5959 5962
f 5958 5962 5961
f 5995 5994 5996
f 5995 5996 5997
f 5959 5958 5994
f 5959 5994 5995
f 5997 5996 5961
f 5967 5962 5997
f 5998 5967 5997
f 5997 5996 5998
f 5998 5996 5966
f 5977 5976 5980
f 5977 5980 5981
f 6001 5981 5977
f 5981 6001 6002
f 5987 5986 5983
f 5987 5983 5984
f 5976 5981 5980
f 5981 5976 5977
f 6000 5970 5999
f 6000 5967 5971
f 5971 5999 5970
f 6000 5971 5970
f 5999 5971 6000
f 5957 5954 5944
f 5943 5944 5954
f 5953 5943 5954
f 5953 5952 5940
f 5963 5968 5967
f 5968 5971 5967
f 5993 5992 5950
f 5989 5948 5985
f 5988 5991 5990
f 5991 5950 5990
f 5993 5990 5950
f 5993 5991 5990
f 5950 5991 5993
f 5942 5935 5934
f 5935 5934 5932
v 0.98695 0.01565 2.24862
v 0.99355 0.03696 2.24822
v 1.00474 -1.14967 2.26226
v 1.01148 -1.15628 2.28764
v 1.02737 -1.14968 2.30938
v 1.02181 -1.10910 2.26156
v 1.02984 -1.09191 2.26405
v 1.03150 -1.09105 2.27200
v 1.03100 -0.60016 2.26056
v 1.03079 -0.58301 2.26074
v 1.00005 0.04596 2.24894
v 1.02856 1.09752 2.26316
v 1.03150 1.09370 2.27200
v 1.01654 1.12441 2.26129
v 1.00312 1.15648 2.26266
v 1.01157 1.15942 2.28761
v 1.02771 1.15184 2.30971
v 1.03457 -1.13437 2.31314
v 1.04485 -1.11076 2.31567
v 1.03933 -1.09071 2.29051
v 1.05100 -1.09290 2.31320
v 1.03493 -0.60214 2.26302
v 1.03476 -0.58425 2.26273
v 1.03947 1.09344 2.29020
v 1.05025 1.09926 2.31456
v 1.04000 1.12488 2.31480
usemtl m045
f 6003 6013 6004
f 6025 6024 6011
f 6025 6011 6012
f 6012 6011 6024
f 6012 6024 6025
f 6026 6014 6015
f 6022 6010 6009
v 0.95771 0.47320 1.70482
v 0.96992 0.56072 1.69701
v 0.97929 0.58796 1.70365
v 1.00078 0.47320 1.72667
v 1.03219 0.47320 1.75560
v 1.00645 0.54415 1.72025
v 1.03214 0.56179 1.73949
v 1.00493 0.59200 1.71980
v 1.02308 0.58712 1.73438
v 1.12118 0.46656 2.20554
v 1.12980 0.46218 2.25212
v 1.12730 0.50750 2.20696
v 1.13562 0.50671 2.25076
usemtl m048
f 6041 6040 6038
f 6041 6038 6039
f 6036 6030 6034
f 6036 6030 6031
f 6036 6035 6037
f 6035 6036 6034
f 6029 6033 6032
v 1.13000 0.48120 2.24700
v 1.13000 0.48120 2.24800
v 1.12900 0.48120 2.24500
v 1.12900 0.47320 2.24700
v 1.12900 0.47320 2.24800
v 1.12800 0.46520 2.24500
v 1.12800 0.47320 2.24500
v 1.12800 0.46520 2.24700
v 1.12800 0.46520 2.24800
usemtl m049
f 6044 6048 6045
f 6044 6045 6042
f 6048 6047 6049
f 6048 6049 6045
f 6050 6046 6045
f 6050 6045 6049
f 6046 6043 6042
f 6046 6042 6045
v 1.02067 -1.13230 2.28283
v 1.02067 1.13487 2.28283
v 1.02426 -1.13133 2.28458
v 1.02817 -1.11954 2.28335
v 1.02933 -1.11938 2.28700
v 1.02942 1.11920 2.28342
v 1.02986 1.11934 2.28700
v 1.02525 1.13149 2.28407
v 1.02860 1.12620 2.28700
v 1.03300 -1.11480 2.28300
v 1.03383 -1.11613 2.28700
v 1.03300 1.11820 2.28300
v 1.03380 1.11900 2.28700
usemtl m057
f 6057 6058 6056
f 6058 6057 6059
f 6063 6059 6057
f 6063 6058 6059
f 6051 6053 6054
f 6053 6055 6054
f 6061 6055 6054
v 0.89500 1.36270 2.24000
v 0.88875 -1.55430 2.24050
v 0.89500 -1.43230 2.24000
v 0.87343 1.44574 2.24861
v 0.85434 1.43579 2.39812
v 0.87800 1.36520 2.41200
v 0.87200 -1.55530 2.41000
v 0.88850 1.48920 2.24100
v 0.87116 1.38948 2.26236
v 0.87800 -1.43480 2.41200
v 0.87200 1.48570 2.41000
v 0.86877 -1.48219 2.25209
v 0.85233 -1.48943 2.39611
v 0.85200 -1.55580 2.50500
v 0.85200 1.48620 2.50500
v 0.84800 1.36420 2.51200
v 0.82666 -1.49214 2.52013
v 0.84900 -1.43880 2.50500
v 0.83000 -1.55780 2.86700
v 0.83000 1.48570 2.87350
v 0.82500 -1.43880 2.95800
v 0.82500 1.36920 2.95800
v 0.80519 -1.48108 2.91010
v 0.82636 1.42141 2.52046
v 0.80561 1.41012 2.91182
usemtl m059
f 6069 6068 6072
f 6074 6071 6068
f 6071 6067 6068
f 6079 6088 6087
f 6083 6087 6088
f 6079 6085 6088
f 6083 6078 6087
f 6064 6069 6072
f 6068 6067 6072
f 6071 6064 6072
f 6071 6072 6067
f 6069 6074 6068
f 6078 6079 6087
f 6085 6083 6088
f 6077 6080 6081
f 6075 6073 6066
f 6086 6081 6080
f 6082 6086 6080
f 6080 6077 6082
f 6081 6086 6084
f 6070 6076 6065
f 6075 6065 6076
f 6073 6075 6076
f 6075 6066 6065
f 6076 6070 6073
f 6084 6086 6082
v 0.10100 -1.28047 2.38100
v 0.10100 -1.27647 2.48400
v 0.10100 -1.25413 2.93933
v 0.10800 -1.25313 2.98800
v 0.10100 1.20487 2.38100
v 0.10100 1.20053 2.48400
v 0.10100 1.17820 2.93933
v 0.10800 1.17753 2.98800
v 0.12900 -1.25247 3.02133
v 0.12900 1.17653 3.02133
v 0.16300 -1.25180 3.04000
v 0.18400 -0.30780 3.83100
v 0.18700 -0.30780 3.84500
v 0.18400 0.23320 3.83100
v 0.18700 0.23320 3.84500
v 0.16300 1.17320 3.04000
v 0.16300 1.17720 3.04000
v 0.20900 -1.28013 2.35600
v 0.21200 -1.25113 3.04400
v 0.21200 1.17320 3.04400
v 0.20900 1.20453 2.35600
v 0.21200 1.17620 3.04400
v 0.33100 -1.27947 2.32600
v 0.33100 1.20353 2.32600
v 0.40300 -1.27880 2.30900
v 0.40000 -1.25030 3.03300
v 0.40000 -1.24680 3.03300
v 0.40000 1.17220 3.03300
v 0.40300 1.20287 2.30900
v 0.40000 1.17520 3.03300
v 0.55100 -1.27713 2.27100
v 0.55100 1.20153 2.27100
v 0.70000 -1.24980 3.01200
v 0.70000 -1.24580 3.01200
v 0.69600 -0.30780 3.71300
v 0.70000 -0.30780 3.72700
v 0.69600 0.23320 3.71300
v 0.70000 0.23320 3.72700
v 0.70000 1.17120 3.01200
v 0.70000 1.17520 3.01200
v 0.80750 -1.27313 2.20333
v 0.80750 1.19737 2.20333
v 0.84589 -1.27847 2.19467
v 0.84589 1.20264 2.19467
v 0.89700 -1.28880 2.17900
v 0.88700 -1.28480 2.18260
v 0.88700 1.20880 2.18260
v 0.89700 1.21320 2.17900
v 0.92440 -1.29160 2.16940
v 0.91500 -1.28680 2.17300
v 0.90900 -1.25880 2.99633
v 0.91500 1.21120 2.17300
v 0.90900 1.18287 2.99633
v 0.92440 1.21560 2.16940
v 0.98000 -1.26247 2.92200
v 0.98000 1.18653 2.92200
v 0.99938 -1.33980 1.12751
v 0.99656 -1.33989 1.16463
v 0.99167 -1.30180 2.16000
v 1.00300 -1.27847 2.82267
v 1.00300 1.20253 2.82267
v 0.99167 1.22587 2.16000
v 1.00011 1.26555 1.12756
v 0.99679 1.26551 1.16400
v 1.04647 -1.34039 1.11874
v 1.04280 -1.34057 1.16128
v 1.03100 -1.30813 2.15900
v 1.06400 -1.31547 2.31033
v 1.03900 -1.29747 2.58633
v 1.03100 1.23220 2.15900
v 1.06400 1.23953 2.31033
v 1.03900 1.22153 2.58633
v 1.04636 1.26596 1.11930
v 1.04286 1.26618 1.16097
v 1.06859 -1.33921 1.12002
v 1.06575 -1.33774 1.14975
v 1.07750 -1.31547 2.16350
v 1.07533 -1.31547 2.18900
v 1.07750 1.23953 2.16350
v 1.07533 1.23953 2.18900
v 1.06853 1.26489 1.12053
v 1.06573 1.26365 1.14918
v 1.22300 -1.23230 1.33650
v 1.22300 1.15970 1.33650
v 1.24000 -1.28780 1.32133
v 1.24168 -1.27327 1.32191
v 1.23555 -1.23028 1.33272
v 1.22800 -1.23280 1.34300
v 1.26100 -1.20513 1.32167
v 1.26100 1.13253 1.32167
v 1.23496 1.15731 1.33289
v 1.22800 1.16053 1.34300
v 1.24226 1.19846 1.32252
v 1.23986 1.21434 1.31986
v 1.29217 -1.26063 1.29467
v 1.27870 -1.26460 1.30770
v 1.29167 -1.23480 1.29567
v 1.27200 -1.22540 1.31780
v 1.28800 -1.20080 1.30200
v 1.29250 -1.19080 1.30750
v 1.28800 1.12820 1.30200
v 1.29250 1.11837 1.30750
v 1.29450 1.15720 1.29450
v 1.27200 1.15320 1.31780
v 1.29129 1.18649 1.29514
v 1.27870 1.19220 1.30770
v 1.30675 -1.25305 1.28675
v 1.31050 -1.20930 0.59120
v 1.31929 -1.22294 1.24400
v 1.31150 -1.23030 1.28300
v 1.32600 -1.17524 0.54533
v 1.31897 -1.19220 0.57407
v 1.31514 -1.19980 0.58971
v 1.32265 -1.19689 0.68604
v 1.32175 -1.19593 0.72625
v 1.32232 -1.19712 0.76150
v 1.33043 -1.19409 1.18000
v 1.33500 -1.18580 1.24700
v 1.32391 -1.18080 1.28682
v 1.33429 -1.15680 0.54236
v 1.33129 -1.16180 0.58186
v 1.33543 -1.16351 0.67800
v 1.33250 -1.16255 0.72950
v 1.33020 -1.16180 0.75980
v 1.33733 -1.15680 1.08400
v 1.34100 -1.15280 1.18000
v 1.33900 -1.16080 1.24700
v 1.33633 -1.16047 1.27800
v 1.34100 -1.12780 0.67550
v 1.33600 -1.12630 0.72200
v 1.33675 -1.12655 0.75350
v 1.33600 1.05420 0.72200
v 1.33500 1.05353 0.75300
v 1.33750 1.07908 0.54187
v 1.33129 1.09206 0.58186
v 1.33667 1.08309 0.67744
v 1.33250 1.09045 0.72950
v 1.33217 1.08387 0.75900
v 1.33733 1.08453 1.08400
v 1.34100 1.08120 1.18000
v 1.33900 1.08820 1.24700
v 1.33633 1.08787 1.27800
v 1.32760 1.10133 0.54440
v 1.31959 1.12051 0.57231
v 1.31650 1.12495 0.58975
v 1.32265 1.12442 0.68604
v 1.32175 1.12345 0.72625
v 1.32232 1.12475 0.76150
v 1.33043 1.12163 1.18000
v 1.33500 1.11370 1.24700
v 1.32391 1.10847 1.28682
v 1.31350 1.13620 0.58750
v 1.31115 1.13812 0.59085
v 1.31929 1.15049 1.24400
v 1.31243 1.15591 1.28414
v 1.30640 1.17940 1.28440
v 1.34800 -1.12980 0.66400
v 1.35200 -1.13030 0.67650
v 1.34750 -1.12880 0.72350
v 1.34725 -1.14755 1.08475
v 1.35500 -1.13947 1.18033
v 1.35017 -1.15063 1.24933
v 1.34300 -1.16430 1.28100
v 1.35014 -1.11537 0.53700
v 1.34725 -1.11905 0.57200
v 1.34400 -1.12780 0.75000
v 1.35280 -1.09780 0.95280
v 1.36333 -1.10547 1.09000
v 1.36260 -1.11500 1.18040
v 1.36157 -1.07180 0.53100
v 1.36025 -1.07117 0.56400
v 1.35840 -1.08700 0.65820
v 1.35500 -1.08530 0.68750
v 1.34857 -1.08351 0.73900
v 1.36475 -1.07280 0.97525
v 1.37233 -1.07597 1.09350
v 1.37150 -1.02855 0.52725
v 1.37050 -1.02597 0.55867
v 1.36757 -1.04066 0.65457
v 1.36250 -1.04180 0.69250
v 1.36100 -1.02937 0.72857
v 1.36700 -1.01809 0.77214
v 1.36200 -1.01480 0.78700
v 1.36429 -1.04094 0.84243
v 1.37650 -1.01780 0.88750
v 1.37567 -1.03647 1.00800
v 1.37972 -0.98449 0.52310
v 1.37833 -0.98863 0.55350
v 1.37543 -0.99551 0.64686
v 1.37300 -0.98597 0.69050
v 1.37006 -0.99374 0.73067
v 1.37200 -0.99730 0.76475
v 1.37333 -0.99847 0.80700
v 1.37900 -1.00180 0.91500
v 1.38150 -0.96580 0.53000
v 1.38200 -0.96180 0.55000
v 1.37767 -0.94897 0.64033
v 1.37400 -0.95280 0.68700
v 1.37700 -0.95847 0.72433
v 1.37700 -0.96180 0.77500
v 1.38100 -0.92880 0.64500
v 1.38100 -0.92413 0.69400
v 1.38150 0.84870 0.68750
v 1.38200 0.89120 0.55000
v 1.37814 0.87363 0.64100
v 1.37520 0.87560 0.69100
v 1.37700 0.88587 0.72433
v 1.37700 0.89020 0.77500
v 1.37984 0.91304 0.52355
v 1.37833 0.91820 0.55350
v 1.37543 0.92320 0.64686
v 1.37300 0.91353 0.69050
v 1.37006 0.92131 0.73067
v 1.37200 0.92495 0.76475
v 1.37333 0.92587 0.80700
v 1.37900 0.93020 0.91500
v 1.37143 0.95820 0.52771
v 1.37050 0.95570 0.55867
v 1.36757 0.96820 0.65457
v 1.36250 0.96920 0.69250
v 1.36100 0.95699 0.72857
v 1.36700 0.94549 0.77214
v 1.36200 0.94220 0.78700
v 1.36483 0.96720 0.84450
v 1.37650 0.94570 0.88750
v 1.37567 0.96420 1.00800
v 1.36157 1.00120 0.53100
v 1.36025 1.00095 0.56400
v 1.35300 1.01370 0.65850
v 1.35267 1.01320 0.69167
v 1.34857 1.01091 0.73900
v 1.36100 0.97520 0.83000
v 1.36475 1.00070 0.97525
v 1.37420 1.00120 1.09380
v 1.35017 1.04520 0.53733
v 1.34725 1.04845 0.57200
v 1.36200 1.01520 0.65800
v 1.36200 1.01520 0.67500
v 1.35280 1.02540 0.95280
v 1.36325 1.02845 1.09050
v 1.36260 1.04260 1.18040
v 1.34800 1.05720 0.66400
v 1.35200 1.05770 0.67650
v 1.34750 1.05670 0.72350
v 1.34400 1.05520 0.75000
v 1.34725 1.07520 1.08475
v 1.35500 1.06687 1.18033
v 1.35017 1.07803 1.24933
v 1.34300 1.08920 1.28100
v 1.34300 1.09520 1.28100
v 1.38525 -1.03730 1.00850
v 1.38600 -0.98780 0.82100
v 1.39300 -0.96980 0.84200
v 1.38917 -0.99647 0.92917
v 1.38450 -0.95827 0.54293
v 1.38429 -0.95809 0.54943
v 1.38778 -0.94736 0.63933
v 1.38640 -0.95040 0.69100
v 1.39000 -0.94580 0.73500
v 1.38967 -0.94747 0.77900
v 1.39100 -0.95863 0.85333
v 1.39200 -0.90455 0.62550
v 1.39020 -0.91320 0.63870
v 1.39440 -0.90720 0.68900
v 1.39614 -0.90109 0.72914
v 1.39633 -0.92513 0.78567
v 1.39400 -0.92030 0.78700
v 1.39955 -0.86635 0.62255
v 1.40081 -0.86699 0.64924
v 1.39823 -0.87688 0.67846
v 1.40400 -0.84680 0.61900
v 1.40150 -0.84880 0.62900
v 1.40400 0.77420 0.61900
v 1.40400 0.77520 0.62900
v 1.39955 0.79393 0.62255
v 1.40073 0.79375 0.64832
v 1.39882 0.80220 0.67900
v 1.39200 0.83245 0.62550
v 1.39020 0.84080 0.63870
v 1.39457 0.82977 0.68514
v 1.39614 0.82877 0.72914
v 1.39633 0.85253 0.78567
v 1.39400 0.84770 0.78700
v 1.38480 0.88624 0.54468
v 1.38429 0.88763 0.54943
v 1.38778 0.87487 0.63933
v 1.38640 0.87800 0.69100
v 1.39000 0.87420 0.73500
v 1.38967 0.87553 0.77900
v 1.39100 0.88603 0.85333
v 1.38300 0.89740 0.53420
v 1.38600 0.91520 0.82100
v 1.39300 0.89720 0.84200
v 1.38917 0.92403 0.92917
v 1.38525 0.96495 1.00850
usemtl m060
f 6096 6098 6105
f 6168 6167 6158
f 6159 6168 6158
f 6159 6158 6150
f 6159 6150 6142
f 6159 6142 6136
f 6159 6136 6135
f 6160 6159 6135
f 6160 6135 6132
f 6160 6132 6130
f 6160 6130 6120
f 6149 6160 6120
f 6149 6120 6117
f 6144 6149 6117
f 6141 6144 6117
f 6128 6141 6117
f 6118 6128 6117
f 6118 6117 6112
f 6118 6112 6109
f 6109 6093 6094
f 6118 6109 6094
f 6118 6094 6095
f 6110 6118 6095
f 6105 6110 6095
f 6096 6105 6095
f 6090 6089 6106
f 6155 6165 6166
f 6155 6166 6156
f 6147 6155 6156
f 6137 6147 6156
f 6133 6137 6156
f 6134 6133 6156
f 6134 6156 6157
f 6131 6134 6157
f 6129 6131 6157
f 6119 6129 6157
f 6119 6157 6148
f 6113 6119 6148
f 6113 6148 6143
f 6113 6143 6139
f 6113 6139 6121
f 6113 6121 6114
f 6111 6113 6114
f 6106 6111 6114
f 6090 6106 6114
f 6099 6097 6092
f 6099 6092 6091
f 6107 6099 6091
f 6114 6107 6091
f 6090 6114 6091
f 6104 6098 6096
f 6104 6096 6095
f 6140 6142 6159
f 6135 6140 6159
f 6117 6141 6127
f 6117 6127 6116
f 6112 6117 6116
f 6109 6112 6116
f 6094 6109 6116
f 6095 6094 6116
f 6095 6116 6108
f 6104 6095 6108
f 6091 6107 6115
f 6090 6091 6115
f 6106 6090 6115
f 6156 6137 6138
f 6156 6138 6134
f 6122 6139 6113
f 6115 6122 6113
f 6115 6113 6111
f 6106 6115 6111
f 6098 6104 6105
f 6104 6108 6110
f 6110 6105 6104
f 6110 6116 6118
f 6116 6110 6108
f 6116 6127 6128
f 6128 6118 6116
f 6141 6128 6127
f 6142 6135 6136
f 6135 6142 6140
f 6107 6114 6115
f 6122 6115 6114
f 6114 6121 6122
f 6139 6122 6121
f 6137 6133 6134
f 6134 6138 6137
f 6125 6123 6100
f 6125 6100 6102
f 6126 6103 6101
f 6126 6101 6124
f 6125 6102 6103
f 6125 6103 6126
f 6102 6100 6101
f 6102 6101 6103
f 6100 6123 6124
f 6100 6124 6101
f 6123 6125 6126
f 6123 6126 6124
f 6324 6232 6223
f 6324 6323 6222
f 6324 6222 6232
f 6316 6306 6305
f 6305 6315 6316
f 6315 6323 6324
f 6315 6324 6316
f 6306 6297 6305
f 6379 6372 6297
f 6232 6241 6233
f 6298 6373 6379
f 6297 6298 6379
f 6297 6306 6298
f 6232 6222 6231
f 6298 6292 6373
f 6373 6372 6379
f 6223 6232 6233
f 6232 6241 6240
f 6252 6253 6200
f 6252 6200 6208
f 6253 6209 6200
f 6253 6252 6258
f 6253 6258 6259
f 6265 6259 6258
f 6265 6266 6259
f 6275 6266 6265
f 6275 6283 6343
f 6266 6275 6276
f 6275 6343 6276
f 6343 6344 6276
f 6208 6200 6199
f 6344 6284 6276
f 6201 6200 6209
f 6201 6196 6200
f 6242 6244 6243
f 6194 6243 6244
f 6334 6321 6327
f 6312 6327 6321
f 6312 6303 6310
f 6302 6310 6303
f 6301 6310 6302
f 6330 6331 6325
f 6331 6326 6325
f 6307 6325 6326
f 6330 6224 6331
f 6336 6229 6335
f 6336 6335 6329
f 6328 6322 6329
f 6328 6329 6335
f 6229 6336 6230
f 6229 6230 6239
f 6178 6179 6190
f 6179 6189 6190
f 6239 6190 6189
f 6328 6314 6322
f 6314 6304 6382
f 6371 6378 6370
f 6304 6378 6382
f 6378 6377 6370
f 6371 6370 6369
f 6370 6377 6369
f 6368 6365 6369
f 6220 6319 6221
f 6294 6301 6300
f 6294 6295 6301
f 6237 6334 6227
f 6336 6337 6230
f 6337 6239 6230
f 6194 6244 6193
f 6322 6314 6383
f 6314 6382 6383
f 6334 6327 6227
f 6327 6312 6320
f 6312 6310 6320
f 6293 6299 6374
f 6319 6226 6221
f 6307 6317 6325
f 6317 6330 6325
f 6374 6367 6366
f 6367 6293 6374
f 6363 6364 6362
f 6363 6362 6361
f 6364 6363 6361
f 6364 6361 6362
f 6332 6333 6319
f 6333 6226 6319
f 6236 6226 6225
f 6333 6332 6225
f 6333 6225 6226
f 6295 6375 6301
f 6375 6300 6301
f 6309 6308 6300
f 6308 6307 6299
f 6308 6299 6300
f 6293 6300 6299
f 6300 6301 6309
f 6220 6318 6319
f 6220 6224 6318
f 6307 6308 6318
f 6308 6309 6319
f 6308 6319 6318
f 6300 6293 6294
f 6220 6221 6226
f 6220 6226 6225
f 6236 6235 6225
f 6307 6308 6300
f 6307 6300 6299
f 6300 6374 6299
f 6331 6332 6318
f 6331 6318 6326
f 6332 6319 6318
f 6309 6308 6318
f 6309 6318 6319
f 6308 6307 6326
f 6308 6326 6318
f 6234 6235 6225
f 6234 6225 6224
f 6332 6331 6224
f 6332 6224 6225
f 6374 6300 6375
f 6224 6220 6225
f 6235 6234 6224
f 6235 6224 6225
f 6224 6317 6318
f 6224 6330 6317
f 6307 6318 6317
f 6322 6328 6335
f 6322 6335 6329
f 6239 6337 6338
f 6336 6338 6337
f 6336 6239 6338
f 6192 6178 6190
f 6328 6322 6383
f 6382 6378 6381
f 6370 6377 6381
f 6370 6381 6378
f 6363 6366 6367
f 6367 6364 6363
f 6229 6238 6228
f 6229 6228 6335
f 6238 6242 6237
f 6238 6237 6228
f 6334 6328 6228
f 6334 6228 6237
f 6328 6335 6228
f 6242 6238 6239
f 6242 6239 6243
f 6238 6229 6239
f 6179 6192 6191
f 6179 6191 6189
f 6192 6194 6193
f 6192 6193 6191
f 6243 6239 6189
f 6243 6189 6191
f 6328 6321 6314
f 6328 6334 6321
f 6312 6313 6321
f 6313 6304 6314
f 6313 6314 6321
f 6304 6313 6303
f 6304 6303 6378
f 6313 6312 6303
f 6302 6296 6303
f 6296 6377 6378
f 6296 6378 6303
f 6377 6296 6295
f 6377 6295 6369
f 6296 6302 6301
f 6296 6301 6295
f 6294 6368 6369
f 6294 6369 6295
f 6364 6368 6365
f 6179 6178 6192
f 6192 6181 6179
f 6192 6194 6181
f 6242 6238 6335
f 6242 6335 6237
f 6238 6336 6335
f 6328 6334 6237
f 6328 6237 6335
f 6336 6238 6239
f 6238 6242 6243
f 6238 6243 6239
f 6239 6243 6192
f 6239 6192 6190
f 6243 6194 6192
f 6328 6383 6321
f 6382 6313 6321
f 6382 6321 6383
f 6312 6313 6380
f 6312 6380 6303
f 6313 6382 6381
f 6313 6381 6380
f 6377 6380 6381
f 6377 6302 6303
f 6377 6303 6380
f 6302 6377 6376
f 6302 6376 6301
f 6377 6369 6376
f 6368 6375 6376
f 6368 6376 6369
f 6375 6301 6376
f 6291 6365 6368
f 6368 6294 6291
f 6295 6375 6368
f 6293 6367 6294
f 6365 6291 6367
f 6365 6367 6364
f 6291 6294 6367
f 6375 6368 6367
f 6368 6364 6367
f 6367 6374 6375
f 6191 6193 6243
f 6193 6244 6243
f 6312 6311 6303
f 6312 6310 6311
f 6310 6302 6311
f 6302 6303 6311
f 6194 6192 6179
f 6194 6179 6181
f 6197 6198 6195
f 6184 6195 6198
f 6248 6255 6263
f 6272 6263 6255
f 6272 6270 6281
f 6280 6281 6270
f 6279 6280 6270
f 6245 6260 6246
f 6246 6260 6261
f 6267 6261 6260
f 6245 6246 6210
f 6250 6257 6249
f 6250 6249 6215
f 6264 6249 6257
f 6215 6207 6216
f 6215 6216 6250
f 6177 6188 6175
f 6175 6188 6187
f 6207 6187 6188
f 6274 6342 6282
f 6355 6354 6349
f 6282 6342 6349
f 6349 6354 6348
f 6355 6353 6354
f 6354 6353 6348
f 6352 6353 6358
f 6218 6219 6262
f 6286 6278 6279
f 6286 6279 6287
f 6205 6213 6248
f 6198 6195 6183
f 6250 6216 6251
f 6251 6216 6207
f 6184 6183 6195
f 6264 6339 6274
f 6274 6339 6342
f 6248 6213 6255
f 6285 6345 6277
f 6345 6350 6351
f 6351 6345 6285
f 6356 6359 6360
f 6356 6360 6357
f 6210 6217 6245
f 6247 6262 6254
f 6254 6262 6219
f 6204 6211 6212
f 6219 6212 6254
f 6254 6212 6211
f 6254 6211 6247
f 6287 6279 6346
f 6346 6279 6278
f 6269 6278 6268
f 6268 6278 6277
f 6268 6277 6267
f 6285 6277 6278
f 6278 6269 6279
f 6218 6262 6261
f 6218 6261 6217
f 6267 6261 6268
f 6268 6261 6262
f 6268 6262 6269
f 6278 6286 6285
f 6289 6285 6286
f 6218 6211 6212
f 6218 6212 6219
f 6204 6211 6203
f 6267 6277 6278
f 6267 6278 6268
f 6278 6277 6345
f 6246 6261 6247
f 6247 6261 6262
f 6269 6262 6261
f 6269 6261 6268
f 6202 6210 6211
f 6202 6211 6203
f 6247 6211 6210
f 6247 6210 6246
f 6345 6346 6278
f 6217 6210 6211
f 6217 6211 6218
f 6203 6211 6210
f 6203 6210 6202
f 6217 6261 6260
f 6217 6260 6245
f 6351 6285 6289
f 6264 6249 6256
f 6250 6251 6207
f 6186 6188 6177
f 6256 6339 6264
f 6342 6341 6349
f 6354 6349 6341
f 6354 6341 6348
f 6356 6351 6350
f 6351 6356 6357
f 6215 6249 6214
f 6215 6214 6206
f 6206 6214 6205
f 6206 6205 6197
f 6248 6205 6214
f 6248 6214 6256
f 6256 6214 6249
f 6197 6198 6207
f 6197 6207 6206
f 6206 6207 6215
f 6175 6187 6185
f 6175 6185 6186
f 6186 6185 6184
f 6198 6185 6187
f 6198 6187 6207
f 6264 6274 6263
f 6264 6263 6256
f 6256 6263 6248
f 6272 6263 6273
f 6273 6263 6274
f 6273 6274 6282
f 6282 6349 6281
f 6282 6281 6273
f 6273 6281 6272
f 6280 6281 6288
f 6288 6281 6349
f 6288 6349 6348
f 6348 6353 6287
f 6348 6287 6288
f 6288 6287 6279
f 6288 6279 6280
f 6290 6287 6353
f 6290 6353 6352
f 6357 6358 6352
f 6175 6186 6177
f 6186 6175 6174
f 6186 6174 6184
f 6197 6205 6249
f 6197 6249 6206
f 6206 6249 6250
f 6256 6249 6205
f 6256 6205 6248
f 6250 6207 6206
f 6206 6207 6198
f 6206 6198 6197
f 6207 6188 6186
f 6207 6186 6198
f 6198 6186 6184
f 6256 6263 6339
f 6342 6339 6263
f 6342 6263 6273
f 6272 6281 6340
f 6272 6340 6273
f 6273 6340 6341
f 6273 6341 6342
f 6348 6341 6340
f 6348 6340 6281
f 6348 6281 6280
f 6280 6279 6347
f 6280 6347 6348
f 6348 6347 6353
f 6352 6353 6347
f 6352 6347 6346
f 6346 6347 6279
f 6352 6358 6290
f 6290 6286 6287
f 6287 6346 6352
f 6289 6286 6351
f 6358 6357 6351
f 6358 6351 6290
f 6290 6351 6286
f 6346 6351 6352
f 6352 6351 6357
f 6351 6346 6345
f 6185 6198 6183
f 6184 6185 6183
f 6272 6281 6271
f 6272 6271 6270
f 6270 6271 6280
f 6280 6271 6281
f 6184 6174 6175
f 6184 6175 6186
f 6170 6169 6162
f 6161 6162 6169
f 6162 6161 6151
f 6162 6151 6152
f 6164 6154 6163
f 6153 6163 6154
f 6154 6146 6145
f 6154 6145 6153
v 1.42400 -0.03780 2.26300
v 1.42300 -0.03780 2.26300
v 1.41900 -0.32280 2.26300
v 1.41900 0.24120 2.26300
v 1.41800 -0.32280 2.26300
v 1.41800 0.24120 2.26300
v 1.40900 -0.56680 2.26300
v 1.40900 0.47620 2.26300
v 1.40800 -0.56680 2.26300
v 1.40800 0.47620 2.26300
v 1.39800 -0.72380 2.26300
v 1.39800 0.63020 2.26300
v 1.38135 -0.06240 2.56533
v 1.38900 -0.82180 2.26300
v 1.38900 0.72820 2.26300
v 1.31501 0.76710 2.74087
v 1.38800 -0.82180 2.26300
v 1.38800 0.72820 2.26300
v 1.38200 -0.88680 2.26400
v 1.38200 0.79320 2.26400
v 1.38100 -0.88680 2.26400
v 1.38100 0.79320 2.26400
v 1.34284 0.07536 2.78359
v 1.37400 -0.93880 2.26500
v 1.37400 0.84520 2.26500
v 1.37400 -0.93980 2.26600
v 1.37400 -0.93880 2.26600
v 1.37400 0.84620 2.26600
v 1.32192 -0.83255 2.68504
v 1.36300 -0.99980 2.26900
v 1.36300 0.90620 2.26900
v 1.36200 -0.99980 2.26900
v 1.36200 0.90620 2.26900
v 1.34529 -0.50728 2.70828
v 1.34800 -1.06180 2.27400
v 1.34800 0.96920 2.27400
v 1.34700 -1.06180 2.27400
v 1.34700 0.96820 2.27400
v 1.31376 -0.83327 2.75545
v 1.32800 -1.11980 2.28000
v 1.32800 1.02620 2.28000
v 1.32700 -1.11880 2.28000
v 1.32700 1.02620 2.28000
v 1.30300 -1.17080 2.28600
v 1.30300 -1.16980 2.28600
v 1.30300 1.07920 2.28600
v 1.32201 -1.12260 2.32329
v 1.30209 0.79615 2.77581
v 1.23813 -1.12274 2.75251
v 1.27852 -0.97825 2.78044
v 1.27300 -1.21280 2.29300
v 1.27300 1.12820 2.29300
v 1.24300 -1.24880 2.29900
v 1.24300 -1.24780 2.29900
v 1.24300 1.16920 2.29900
v 1.24300 1.17020 2.29900
v 1.23900 -0.03480 3.08300
v 1.16381 1.20747 2.61048
v 1.23800 -0.03480 3.08200
v 1.23708 1.05345 2.74069
v 1.32822 -0.34887 2.81217
v 1.23400 -0.30080 3.08300
v 1.23400 0.23220 3.08300
v 1.23300 -0.30080 3.08200
v 1.23300 0.23220 3.08200
v 1.17408 1.19127 2.66963
v 1.22400 -0.52780 3.08300
v 1.22400 0.45820 3.08300
v 1.22300 -0.52680 3.08200
v 1.22300 0.45820 3.08200
v 1.21800 -1.27680 2.30500
v 1.21800 1.20020 2.30500
v 1.21700 -1.27680 2.30500
v 1.18187 -1.30394 2.38000
v 1.21371 1.20356 2.30570
v 1.21300 -0.67280 3.08200
v 1.21300 0.60420 3.08200
v 1.21300 -0.67280 3.08300
v 1.21300 0.60420 3.08300
v 1.20400 -0.76380 3.08200
v 1.20400 0.69420 3.08200
v 1.20400 -0.76380 3.08300
v 1.20400 0.69420 3.08300
v 1.20000 -1.29680 2.30900
v 1.20000 1.22020 2.30900
v 1.19900 -1.29580 2.30900
v 1.19900 1.21920 2.30900
v 1.19700 -0.82380 3.08200
v 1.19700 0.75420 3.08200
v 1.19700 -0.82380 3.08300
v 1.19700 0.75520 3.08300
v 1.19600 -0.82380 3.08200
v 1.19600 0.75420 3.08200
v 1.19100 -1.30480 2.31100
v 1.19100 1.22820 2.31100
v 1.19000 -1.30480 2.31100
v 1.19000 1.22820 2.31100
v 1.18900 -0.87280 3.08200
v 1.18900 0.80320 3.08200
v 1.18900 -0.87280 3.08300
v 1.18900 0.80320 3.08300
v 1.18700 -1.30780 2.31200
v 1.18565 -1.30119 2.38838
v 1.15758 -1.26731 2.75425
v 1.18600 -1.30680 2.31200
v 1.18600 1.23020 2.31200
v 1.18300 -1.30880 2.31200
v 1.18300 -1.30780 2.31200
v 1.18300 1.23120 2.31200
v 1.18300 1.23220 2.31200
v 1.18000 -1.30780 2.34600
v 1.18482 1.22550 2.36668
v 1.18577 1.23172 2.31218
v 1.17800 -1.30780 2.34600
v 1.17800 1.23020 2.34600
v 1.17800 1.23120 2.34600
v 1.17800 -0.92880 3.08300
v 1.17800 0.86020 3.08300
v 1.17700 -0.92880 3.08300
v 1.17700 0.85920 3.08300
v 1.17600 -1.30780 2.37200
v 1.17600 -1.30580 2.37200
v 1.17600 1.22920 2.37200
v 1.17600 1.23020 2.37200
v 1.26207 0.97746 2.77863
v 1.17300 -1.30380 2.44600
v 1.17000 -1.30480 2.44700
v 1.17250 1.22159 2.48737
v 1.16900 -1.30280 2.44600
v 1.16800 -1.30480 2.44700
v 1.16800 1.22620 2.44700
v 1.16700 -1.30480 2.44700
v 1.16700 -1.30380 2.44700
v 1.16700 1.22520 2.44700
v 1.16700 1.22620 2.44700
v 1.16600 -0.98680 3.08300
v 1.16500 -0.98680 3.08300
v 1.16400 0.91720 3.08300
v 1.16300 0.91720 3.08300
v 1.15318 -1.28726 2.66933
v 1.16187 -1.29547 2.55871
v 1.15800 -1.29680 2.58000
v 1.15700 -1.29480 2.58000
v 1.15500 -1.29780 2.58100
v 1.15500 1.21820 2.58100
v 1.15500 -1.03980 3.08300
v 1.15500 -1.03980 3.08400
v 1.15400 -1.29680 2.58100
v 1.15400 1.21620 2.58100
v 1.15300 -1.29880 2.58100
v 1.15300 1.21820 2.58100
v 1.24814 -1.07110 2.80447
v 1.15200 -1.29880 2.58100
v 1.15200 -1.29780 2.58100
v 1.15200 -1.29680 2.58100
v 1.15200 1.21720 2.58100
v 1.15200 1.21820 2.58100
v 1.14800 0.97020 3.08300
v 1.14800 0.97020 3.08400
v 1.14400 -1.28180 2.71300
v 1.14400 -1.08780 3.08400
v 1.14300 -1.08780 3.08400
v 1.14000 -1.28580 2.71400
v 1.14000 -1.28480 2.71400
v 1.14000 1.20420 2.71400
v 1.13700 -1.28680 2.71500
v 1.13700 -1.28580 2.71500
v 1.13700 1.20620 2.71500
v 1.13700 1.20720 2.71500
v 1.13500 -1.28780 2.71500
v 1.13500 -1.28680 2.71500
v 1.13500 1.20620 2.71500
v 1.13500 1.20820 2.71500
v 1.13400 -1.28680 2.71500
v 1.13400 1.20720 2.71500
v 1.13300 1.01820 3.08400
v 1.13200 1.01820 3.08400
v 1.12700 -1.12980 3.08400
v 1.12600 -1.12980 3.08400
v 1.16280 -1.25876 2.73265
v 1.12000 1.19320 2.84500
v 1.11900 -1.26980 2.84400
v 1.11900 1.19120 2.84400
v 1.11800 1.05920 3.08400
v 1.11700 -1.27180 2.84500
v 1.11700 1.19420 2.84500
v 1.11600 -1.27080 2.84500
v 1.11600 1.19220 2.84500
v 1.09902 -1.23807 2.99941
v 1.11500 -1.27280 2.84500
v 1.11500 -1.27080 2.84500
v 1.11500 1.19320 2.84500
v 1.11500 1.19520 2.84500
v 1.11400 -1.27280 2.84500
v 1.11400 -1.27180 2.84500
v 1.11400 1.19420 2.84500
v 1.11000 -1.16680 3.08500
v 1.10900 -1.16680 3.08500
v 1.10500 1.09520 3.08500
v 1.10400 1.09520 3.08500
v 1.11304 1.17848 2.91836
v 1.09157 -1.20207 3.08500
v 1.09339 -1.23870 3.02164
v 1.09700 -1.24980 2.96700
v 1.09700 1.17620 2.96700
v 1.09700 1.17720 2.96700
v 1.09500 -1.19680 3.08500
v 1.09400 -1.25280 2.96700
v 1.09400 -1.25080 2.96700
v 1.09400 1.17720 2.96700
v 1.09400 1.17920 2.96700
v 1.09300 1.12620 3.08500
v 1.09200 -1.25180 2.96700
v 1.09200 1.17820 2.96700
v 1.09200 -1.25280 2.96800
v 1.09200 1.17920 2.96800
v 1.09200 1.12620 3.08500
v 1.09100 -1.25280 2.96700
v 1.09100 1.17820 2.96700
v 1.09100 1.17920 2.96700
v 1.09100 -1.25280 2.96800
v 1.09100 1.17920 2.96800
v 1.08645 1.15989 3.05799
v 1.08400 -1.21880 3.08500
v 1.07690 -1.22696 3.08451
v 1.07718 1.15705 3.08500
v 1.08300 1.16320 3.05600
v 1.08241 -1.21885 3.08507
v 1.08300 1.14820 3.08500
v 1.08300 1.14920 3.08500
v 1.08300 1.14920 3.08600
v 1.07900 -1.24080 3.03300
v 1.07900 -1.23980 3.03300
v 1.07900 1.16820 3.03300
v 1.07900 1.17020 3.03300
v 1.07900 -1.23380 3.05600
v 1.07900 1.16320 3.05600
v 1.07900 1.16520 3.05600
v 1.07700 -1.22780 3.08600
v 1.07700 -1.22680 3.08600
v 1.07700 1.15820 3.08600
v 1.07600 -1.23680 3.05600
v 1.07600 -1.23480 3.05600
v 1.07600 1.16520 3.05600
v 1.07600 1.16620 3.05600
v 1.07400 -1.23680 3.05600
v 1.07400 -1.23580 3.05600
v 1.07400 1.16520 3.05600
v 1.07400 1.16620 3.05600
v 1.07300 -1.22980 3.08600
v 1.07300 1.16020 3.08600
v 1.07000 -1.23080 3.08600
v 1.07000 -1.22980 3.08600
v 1.07000 1.16120 3.08600
v 1.07000 1.16220 3.08600
usemtl m061
f 6566 6571 6551
f 6566 6551 6548
f 6571 6575 6555
f 6571 6555 6551
f 6539 6532 6551
f 6539 6551 6555
f 6532 6441 6548
f 6532 6548 6551
f 6584 6566 6548
f 6584 6548 6441
f 6443 6584 6441
f 6620 6627 6593
f 6620 6593 6588
f 6627 6617 6597
f 6627 6597 6593
f 6575 6571 6593
f 6575 6593 6597
f 6571 6566 6588
f 6571 6588 6593
f 6506 6495 6517
f 6441 6532 6495
f 6532 6539 6517
f 6532 6517 6495
f 6609 6620 6588
f 6609 6588 6584
f 6566 6584 6588
f 6495 6458 6441
f 6431 6396 6444
f 6565 6547 6550
f 6565 6550 6570
f 6547 6526 6531
f 6547 6531 6550
f 6538 6554 6550
f 6538 6550 6531
f 6554 6574 6570
f 6554 6570 6550
f 6563 6524 6543
f 6526 6547 6543
f 6526 6543 6524
f 6547 6565 6563
f 6547 6563 6543
f 6619 6587 6592
f 6619 6592 6626
f 6587 6565 6570
f 6587 6570 6592
f 6574 6596 6592
f 6574 6592 6570
f 6596 6616 6626
f 6596 6626 6592
f 6505 6516 6512
f 6505 6512 6457
f 6516 6538 6531
f 6516 6531 6512
f 6526 6524 6512
f 6526 6512 6531
f 6524 6457 6512
f 6611 6572 6608
f 6565 6587 6572
f 6565 6572 6563
f 6587 6619 6608
f 6587 6608 6572
f 6563 6457 6524
f 6572 6611 6585
f 6563 6572 6432
f 6412 6433 6444
f 6396 6412 6444
f 6534 6556 6552
f 6534 6552 6528
f 6556 6576 6569
f 6556 6569 6552
f 6564 6449 6552
f 6564 6552 6569
f 6449 6528 6552
f 6576 6599 6594
f 6576 6594 6569
f 6599 6618 6628
f 6599 6628 6594
f 6621 6589 6594
f 6621 6594 6628
f 6589 6564 6569
f 6589 6569 6594
f 6449 6511 6528
f 6507 6514 6511
f 6507 6511 6496
f 6514 6534 6528
f 6514 6528 6511
f 6564 6589 6606
f 6564 6606 6449
f 6589 6621 6610
f 6589 6610 6606
f 6606 6508 6449
f 6533 6527 6549
f 6533 6549 6553
f 6527 6525 6546
f 6527 6546 6549
f 6487 6568 6549
f 6487 6549 6546
f 6568 6573 6553
f 6568 6553 6549
f 6525 6523 6546
f 6487 6546 6523
f 6573 6568 6591
f 6573 6591 6598
f 6568 6487 6586
f 6568 6586 6591
f 6586 6625 6591
f 6625 6615 6598
f 6625 6598 6591
f 6525 6527 6510
f 6525 6510 6509
f 6527 6533 6513
f 6527 6513 6510
f 6504 6494 6510
f 6504 6510 6513
f 6494 6486 6509
f 6494 6509 6510
f 6523 6525 6509
f 6523 6509 6486
f 6487 6523 6486
f 6535 6586 6487
f 6535 6487 6430
f 6535 6430 6422
f 6422 6417 6406
f 6539 6555 6558
f 6539 6558 6540
f 6555 6575 6579
f 6555 6579 6558
f 6579 6558 6558
f 6579 6558 6579
f 6558 6540 6540
f 6558 6540 6558
f 6540 6558 6556
f 6540 6556 6540
f 6558 6579 6579
f 6558 6579 6556
f 6576 6556 6556
f 6576 6556 6579
f 6556 6534 6540
f 6556 6540 6556
f 6617 6627 6637
f 6617 6637 6631
f 6627 6620 6634
f 6627 6634 6637
f 6634 6637 6637
f 6634 6637 6634
f 6637 6632 6631
f 6637 6631 6637
f 6632 6637 6638
f 6632 6638 6632
f 6637 6634 6634
f 6637 6634 6638
f 6621 6628 6638
f 6621 6638 6634
f 6628 6618 6632
f 6628 6632 6638
f 6575 6597 6602
f 6575 6602 6579
f 6597 6617 6631
f 6597 6631 6602
f 6632 6603 6602
f 6632 6602 6631
f 6603 6579 6579
f 6603 6579 6602
f 6579 6603 6605
f 6579 6605 6579
f 6603 6632 6632
f 6603 6632 6605
f 6618 6599 6605
f 6618 6605 6632
f 6599 6576 6579
f 6599 6579 6605
f 6495 6492 6489
f 6495 6506 6498
f 6495 6498 6492
f 6499 6493 6492
f 6499 6492 6498
f 6493 6489 6489
f 6493 6489 6492
f 6489 6493 6493
f 6489 6493 6496
f 6493 6499 6499
f 6493 6499 6493
f 6507 6496 6493
f 6507 6493 6499
f 6506 6517 6518
f 6506 6518 6498
f 6517 6539 6540
f 6517 6540 6518
f 6540 6518 6518
f 6540 6518 6540
f 6518 6499 6498
f 6518 6498 6518
f 6499 6518 6518
f 6499 6518 6499
f 6518 6540 6540
f 6518 6540 6518
f 6534 6514 6518
f 6534 6518 6540
f 6514 6507 6499
f 6514 6499 6518
f 6620 6609 6634
f 6609 6584 6612
f 6613 6624 6609
f 6613 6609 6612
f 6624 6634 6634
f 6624 6634 6609
f 6634 6624 6624
f 6634 6624 6634
f 6624 6613 6614
f 6624 6614 6624
f 6606 6610 6624
f 6606 6624 6614
f 6610 6621 6634
f 6610 6634 6624
f 6495 6480 6470
f 6495 6489 6480
f 6489 6480 6480
f 6489 6480 6489
f 6480 6468 6470
f 6480 6470 6480
f 6468 6480 6478
f 6468 6478 6468
f 6480 6489 6496
f 6480 6496 6478
f 6496 6511 6468
f 6496 6468 6478
f 6584 6443 6600
f 6584 6600 6612
f 6443 6583 6600
f 6582 6595 6600
f 6582 6600 6583
f 6595 6613 6612
f 6595 6612 6600
f 6613 6595 6595
f 6613 6595 6614
f 6595 6582 6582
f 6595 6582 6595
f 6606 6595 6582
f 6606 6614 6595
f 6441 6458 6438
f 6458 6495 6470
f 6468 6455 6458
f 6468 6458 6470
f 6455 6439 6438
f 6455 6438 6458
f 6439 6455 6455
f 6439 6455 6439
f 6455 6468 6468
f 6455 6468 6455
f 6511 6449 6455
f 6511 6455 6468
f 6449 6439 6455
f 6443 6567 6583
f 6443 6560 6567
f 6560 6567 6567
f 6560 6567 6560
f 6567 6582 6583
f 6567 6583 6567
f 6582 6567 6567
f 6582 6567 6582
f 6567 6560 6559
f 6567 6559 6567
f 6508 6606 6567
f 6508 6567 6559
f 6606 6582 6567
f 6443 6435 6429
f 6443 6441 6438
f 6443 6438 6435
f 6439 6435 6435
f 6439 6435 6438
f 6435 6429 6429
f 6435 6429 6435
f 6429 6435 6435
f 6429 6435 6429
f 6435 6439 6439
f 6435 6439 6435
f 6449 6435 6439
f 6449 6429 6435
f 6443 6541 6560
f 6443 6431 6522
f 6443 6522 6541
f 6521 6541 6541
f 6521 6541 6522
f 6541 6560 6560
f 6541 6560 6541
f 6560 6541 6542
f 6560 6542 6559
f 6541 6521 6521
f 6541 6521 6542
f 6508 6542 6521
f 6508 6559 6542
f 6431 6443 6426
f 6431 6426 6421
f 6443 6429 6426
f 6429 6424 6426
f 6429 6426 6429
f 6424 6421 6421
f 6424 6421 6426
f 6421 6424 6424
f 6421 6424 6419
f 6424 6429 6429
f 6424 6429 6424
f 6449 6508 6424
f 6449 6424 6429
f 6508 6419 6424
f 6431 6503 6522
f 6431 6482 6503
f 6484 6501 6503
f 6484 6503 6482
f 6501 6521 6522
f 6501 6522 6503
f 6521 6501 6501
f 6521 6501 6521
f 6501 6484 6484
f 6501 6484 6501
f 6508 6501 6484
f 6508 6521 6501
f 6431 6416 6408
f 6431 6421 6416
f 6421 6414 6416
f 6421 6416 6421
f 6414 6411 6408
f 6414 6408 6416
f 6411 6414 6414
f 6411 6414 6411
f 6414 6421 6419
f 6414 6419 6414
f 6508 6399 6414
f 6508 6414 6419
f 6399 6411 6414
f 6431 6476 6482
f 6431 6464 6476
f 6464 6472 6476
f 6464 6476 6464
f 6472 6484 6482
f 6472 6482 6476
f 6484 6472 6474
f 6484 6474 6484
f 6472 6464 6466
f 6472 6466 6474
f 6399 6474 6466
f 6399 6508 6484
f 6399 6484 6474
f 6431 6405 6401
f 6431 6408 6405
f 6411 6403 6405
f 6411 6405 6408
f 6403 6398 6401
f 6403 6401 6405
f 6398 6403 6403
f 6398 6403 6398
f 6403 6411 6411
f 6403 6411 6403
f 6399 6403 6411
f 6399 6398 6403
f 6431 6460 6464
f 6431 6453 6460
f 6453 6460 6460
f 6453 6460 6453
f 6460 6464 6464
f 6460 6464 6460
f 6464 6460 6462
f 6464 6462 6466
f 6460 6453 6451
f 6460 6451 6462
f 6406 6399 6462
f 6406 6462 6451
f 6399 6466 6462
f 6396 6431 6395
f 6396 6395 6393
f 6431 6401 6395
f 6398 6395 6395
f 6398 6395 6401
f 6395 6393 6393
f 6395 6393 6395
f 6393 6395 6395
f 6393 6395 6391
f 6395 6398 6398
f 6395 6398 6395
f 6399 6395 6398
f 6399 6391 6395
f 6396 6389 6385
f 6396 6393 6389
f 6393 6389 6389
f 6393 6389 6393
f 6389 6385 6385
f 6389 6385 6389
f 6385 6389 6387
f 6385 6387 6384
f 6389 6393 6391
f 6389 6391 6387
f 6399 6406 6387
f 6399 6387 6391
f 6406 6384 6387
f 6431 6448 6453
f 6431 6444 6442
f 6431 6442 6448
f 6442 6448 6448
f 6442 6448 6442
f 6448 6453 6453
f 6448 6453 6448
f 6453 6448 6446
f 6453 6446 6451
f 6448 6442 6440
f 6448 6440 6446
f 6406 6446 6440
f 6406 6451 6446
f 6574 6554 6557
f 6574 6557 6578
f 6554 6538 6537
f 6554 6537 6557
f 6537 6557 6557
f 6537 6557 6537
f 6557 6578 6578
f 6557 6578 6557
f 6578 6557 6553
f 6578 6553 6577
f 6557 6537 6536
f 6557 6536 6553
f 6533 6553 6553
f 6533 6553 6536
f 6553 6573 6577
f 6553 6577 6553
f 6616 6596 6601
f 6616 6601 6630
f 6596 6574 6578
f 6596 6578 6601
f 6578 6601 6601
f 6578 6601 6578
f 6601 6629 6630
f 6601 6630 6601
f 6629 6601 6604
f 6629 6604 6629
f 6601 6578 6577
f 6601 6577 6604
f 6573 6598 6604
f 6573 6604 6577
f 6598 6615 6629
f 6598 6629 6604
f 6619 6626 6636
f 6619 6636 6608
f 6626 6616 6630
f 6626 6630 6636
f 6629 6635 6636
f 6629 6636 6630
f 6635 6633 6608
f 6635 6608 6636
f 6633 6635 6635
f 6633 6635 6633
f 6635 6629 6629
f 6635 6629 6635
f 6615 6625 6635
f 6615 6635 6629
f 6625 6586 6633
f 6625 6633 6635
f 6538 6516 6515
f 6538 6515 6537
f 6516 6505 6497
f 6516 6497 6515
f 6497 6515 6515
f 6497 6515 6497
f 6515 6537 6537
f 6515 6537 6515
f 6537 6515 6515
f 6537 6515 6536
f 6515 6497 6497
f 6515 6497 6515
f 6504 6513 6515
f 6504 6515 6497
f 6513 6533 6536
f 6513 6536 6515
f 6505 6457 6491
f 6505 6491 6497
f 6457 6488 6491
f 6488 6490 6491
f 6488 6491 6488
f 6490 6497 6497
f 6490 6497 6491
f 6497 6490 6490
f 6497 6490 6497
f 6490 6488 6485
f 6490 6485 6490
f 6486 6494 6490
f 6486 6490 6485
f 6494 6504 6497
f 6494 6497 6490
f 6633 6623 6608
f 6623 6607 6611
f 6623 6611 6608
f 6607 6623 6622
f 6607 6622 6607
f 6623 6633 6633
f 6623 6633 6622
f 6586 6622 6633
f 6586 6607 6622
f 6457 6479 6488
f 6457 6469 6479
f 6467 6479 6479
f 6467 6479 6469
f 6479 6488 6488
f 6479 6488 6479
f 6488 6479 6477
f 6488 6477 6485
f 6479 6467 6467
f 6479 6467 6477
f 6486 6477 6467
f 6486 6485 6477
f 6572 6585 6581
f 6607 6590 6585
f 6607 6585 6611
f 6590 6581 6581
f 6590 6581 6585
f 6581 6590 6590
f 6581 6590 6580
f 6590 6607 6607
f 6590 6607 6590
f 6586 6590 6607
f 6586 6580 6590
f 6457 6456 6469
f 6457 6563 6437
f 6457 6437 6456
f 6437 6454 6456
f 6437 6456 6437
f 6454 6467 6469
f 6454 6469 6456
f 6467 6454 6454
f 6467 6454 6467
f 6454 6437 6436
f 6454 6436 6454
f 6487 6486 6454
f 6487 6454 6436
f 6486 6467 6454
f 6432 6562 6545
f 6432 6572 6581
f 6432 6581 6562
f 6581 6561 6562
f 6581 6562 6581
f 6561 6545 6545
f 6561 6545 6562
f 6545 6561 6561
f 6545 6561 6544
f 6561 6581 6580
f 6561 6580 6561
f 6586 6535 6561
f 6586 6561 6580
f 6535 6544 6561
f 6563 6434 6437
f 6563 6432 6428
f 6563 6428 6434
f 6428 6434 6434
f 6428 6434 6428
f 6434 6437 6437
f 6434 6437 6434
f 6437 6434 6434
f 6437 6434 6436
f 6434 6428 6427
f 6434 6427 6434
f 6430 6487 6434
f 6430 6434 6427
f 6487 6436 6434
f 6433 6529 6520
f 6433 6432 6545
f 6433 6545 6529
f 6545 6529 6529
f 6545 6529 6545
f 6529 6520 6520
f 6529 6520 6529
f 6520 6529 6530
f 6520 6530 6519
f 6529 6545 6544
f 6529 6544 6530
f 6535 6530 6544
f 6535 6519 6530
f 6432 6425 6428
f 6432 6433 6420
f 6432 6420 6425
f 6420 6423 6425
f 6420 6425 6420
f 6423 6428 6428
f 6423 6428 6425
f 6428 6423 6423
f 6428 6423 6427
f 6423 6420 6418
f 6423 6418 6423
f 6430 6423 6418
f 6430 6427 6423
f 6433 6502 6481
f 6433 6520 6502
f 6520 6500 6502
f 6520 6502 6520
f 6500 6483 6481
f 6500 6481 6502
f 6483 6500 6500
f 6483 6500 6483
f 6500 6520 6519
f 6500 6519 6500
f 6535 6500 6519
f 6535 6422 6483
f 6535 6483 6500
f 6433 6412 6415
f 6433 6415 6420
f 6412 6407 6415
f 6410 6413 6415
f 6410 6415 6407
f 6413 6420 6420
f 6413 6420 6415
f 6420 6413 6413
f 6420 6413 6418
f 6413 6410 6409
f 6413 6409 6413
f 6422 6413 6409
f 6422 6430 6418
f 6422 6418 6413
f 6433 6475 6463
f 6433 6481 6475
f 6483 6471 6475
f 6483 6475 6481
f 6471 6463 6463
f 6471 6463 6475
f 6463 6471 6473
f 6463 6473 6465
f 6471 6483 6483
f 6471 6483 6473
f 6422 6473 6483
f 6422 6465 6473
f 6412 6404 6407
f 6412 6400 6404
f 6397 6402 6404
f 6397 6404 6400
f 6402 6410 6407
f 6402 6407 6404
f 6410 6402 6402
f 6410 6402 6409
f 6402 6397 6397
f 6402 6397 6402
f 6422 6402 6397
f 6422 6409 6402
f 6444 6459 6452
f 6444 6433 6463
f 6444 6463 6459
f 6463 6459 6459
f 6463 6459 6463
f 6459 6452 6452
f 6459 6452 6459
f 6452 6459 6461
f 6452 6461 6450
f 6459 6463 6465
f 6459 6465 6461
f 6422 6461 6465
f 6422 6450 6461
f 6412 6396 6394
f 6412 6394 6400
f 6396 6392 6394
f 6392 6394 6394
f 6392 6394 6392
f 6394 6397 6400
f 6394 6400 6394
f 6397 6394 6394
f 6397 6394 6397
f 6394 6392 6390
f 6394 6390 6394
f 6422 6394 6390
f 6422 6397 6394
f 6396 6388 6392
f 6396 6385 6388
f 6385 6388 6388
f 6385 6388 6385
f 6388 6392 6392
f 6388 6392 6388
f 6392 6388 6386
f 6392 6386 6390
f 6388 6385 6384
f 6388 6384 6386
f 6406 6417 6386
f 6406 6386 6384
f 6417 6422 6390
f 6417 6390 6386
f 6444 6447 6442
f 6444 6452 6447
f 6452 6447 6447
f 6452 6447 6452
f 6447 6442 6442
f 6447 6442 6447
f 6442 6447 6445
f 6442 6445 6440
f 6447 6452 6450
f 6447 6450 6445
f 6422 6406 6445
f 6422 6445 6450
f 6406 6440 6445
v 1.42700 -0.03280 2.98000
v 1.42600 -0.03280 2.97800
v 1.42500 -0.03280 2.97800
v 1.42400 -0.03280 2.97800
v 1.42400 -0.20480 2.98000
v 1.42400 0.13820 2.98000
v 1.42300 -0.20480 2.97800
v 1.42300 0.13820 2.97800
v 1.42300 -0.03280 2.97900
v 1.42200 -0.20380 2.97800
v 1.42200 0.13720 2.97800
v 1.38045 0.31928 3.24662
v 1.42100 -0.20380 2.97800
v 1.42100 0.13720 2.97800
v 1.42000 -0.20380 2.97900
v 1.42000 0.13720 2.97900
v 1.41500 -0.37380 2.97800
v 1.41500 0.30720 2.97800
v 1.41500 -0.37380 2.97900
v 1.41500 0.30720 2.97900
v 1.41400 -0.37280 2.97800
v 1.41400 0.30620 2.97800
v 1.41300 -0.37280 2.97800
v 1.41300 0.30620 2.97800
v 1.41200 -0.37280 2.97900
v 1.41200 0.30620 2.97900
v 1.41696 0.14812 3.10265
v 1.40100 -0.53780 2.97800
v 1.40100 0.47120 2.97800
v 1.40100 -0.53880 2.97900
v 1.40100 0.47220 2.97900
v 1.40000 -0.53780 2.97700
v 1.40000 0.47120 2.97700
v 1.39900 -0.53680 2.97700
v 1.39900 0.47020 2.97700
v 1.39800 -0.53680 2.97900
v 1.39800 0.47020 2.97900
v 1.38200 -0.69680 2.97900
v 1.38200 0.63020 2.97900
v 1.38100 -0.69580 2.97700
v 1.38100 0.62920 2.97700
v 1.38000 -0.69580 2.97700
v 1.38000 0.62920 2.97700
v 1.37900 -0.69480 2.97700
v 1.37900 0.62820 2.97700
v 1.37800 -0.69480 2.97800
v 1.37800 0.62820 2.97800
v 1.35600 -0.84580 2.97600
v 1.35600 0.77920 2.97600
v 1.35600 0.78020 2.97800
v 1.35500 -0.84480 2.97600
v 1.35500 0.77820 2.97600
v 1.35400 -0.84380 2.97600
v 1.35400 0.77720 2.97600
v 1.35300 -0.84380 2.97800
v 1.32800 -0.97680 2.97600
v 1.32800 0.91020 2.97600
v 1.28195 -1.15854 3.02446
v 1.32800 0.91120 2.97700
v 1.32700 -0.97580 2.97600
v 1.32700 0.90920 2.97600
v 1.32600 -0.97480 2.97600
v 1.32600 0.90820 2.97600
v 1.32500 -0.97380 2.97700
v 1.30100 1.01320 2.97700
v 1.30000 -1.07880 2.97500
v 1.30000 -1.07780 2.97500
v 1.30000 1.01120 2.97500
v 1.30000 1.01220 2.97500
v 1.29900 -1.07680 2.97500
v 1.29900 1.01020 2.97500
v 1.29800 -1.07580 2.97600
v 1.26999 0.59860 3.26915
v 1.26300 1.08620 2.97600
v 1.26200 -1.15180 2.97400
v 1.26200 -1.14980 2.97400
v 1.26200 1.08320 2.97400
v 1.26200 1.08520 2.97400
v 1.26100 -1.14780 2.97400
v 1.26100 1.08120 2.97400
v 1.26100 -1.14680 2.97500
v 1.35673 -0.54622 3.25567
v 1.35418 -0.53599 3.25271
v 1.25000 -0.03280 3.27300
v 1.25000 -0.03280 3.27500
v 1.25000 -0.03280 3.27700
v 1.24700 -0.21380 3.27300
v 1.24700 0.14720 3.27300
v 1.24700 -0.21380 3.27500
v 1.24700 0.14720 3.27500
v 1.24700 -0.21380 3.27700
v 1.24700 0.14720 3.27700
v 1.19055 -1.12035 3.27296
v 1.23800 -0.39280 3.27200
v 1.23800 0.32620 3.27200
v 1.23800 -0.39280 3.27400
v 1.23800 0.32620 3.27400
v 1.23800 -0.39280 3.27600
v 1.23800 0.32620 3.27600
v 1.22200 -0.56580 3.27200
v 1.22200 0.49920 3.27200
v 1.22200 -0.56580 3.27400
v 1.22200 0.49920 3.27400
v 1.22200 -0.56580 3.27600
v 1.22200 0.49920 3.27600
v 1.20200 1.12720 2.97400
v 1.20100 -1.19280 2.97300
v 1.20100 -1.19080 2.97300
v 1.20100 -1.18880 2.97300
v 1.20100 1.12220 2.97300
v 1.20100 1.12420 2.97300
v 1.20100 1.12620 2.97300
v 1.20100 -1.18680 2.97400
v 1.20000 -0.73080 3.27100
v 1.20000 0.66420 3.27100
v 1.20000 -0.73080 3.27400
v 1.20000 0.66420 3.27400
v 1.20000 -0.73080 3.27600
v 1.20000 0.66420 3.27600
v 1.18133 1.05549 3.26447
v 1.17698 0.97980 3.28157
v 1.17200 -0.88580 3.27100
v 1.17200 0.81920 3.27100
v 1.17200 -0.88580 3.27300
v 1.17200 0.81920 3.27300
v 1.17200 -0.88580 3.27500
v 1.17200 0.81920 3.27500
v 1.25208 1.08702 3.19803
v 1.14800 1.14620 2.98000
v 1.14700 -1.21080 2.97900
v 1.14700 -1.20880 2.97900
v 1.14700 -1.20680 2.97900
v 1.14700 1.14020 2.97900
v 1.14700 1.14220 2.97900
v 1.14700 1.14420 2.97900
v 1.14700 -1.20580 2.98000
v 1.14100 -1.02080 3.27000
v 1.14100 0.95420 3.27000
v 1.14100 -1.02080 3.27200
v 1.14100 0.95420 3.27200
v 1.14100 -1.02080 3.27400
v 1.14100 0.95420 3.27400
v 1.28513 1.06125 3.11841
v 1.12883 -1.21500 2.99539
v 1.13059 1.15270 2.99972
v 1.13148 1.14589 2.99698
v 1.08953 -1.21489 3.25668
v 1.11000 1.05820 3.26900
v 1.11000 -1.12480 3.27100
v 1.11000 1.05820 3.27100
v 1.11000 -1.12580 3.27200
v 1.08768 1.14894 3.25787
v 1.09187 1.13925 3.26053
v 1.22677 -1.14935 3.23322
v 1.09000 1.12420 3.26100
v 1.09000 -1.19180 3.26200
v 1.09000 1.12520 3.26200
v 1.09000 -1.19380 3.26300
usemtl m062
f 6766 6790 6759
f 6731 6696 6720
f 6766 6759 6650
f 6676 6668 6720
f 6668 6657 6720
f 6657 6643 6720
f 6643 6639 6650
f 6643 6650 6720
f 6639 6644 6650
f 6644 6658 6650
f 6658 6669 6650
f 6669 6677 6650
f 6677 6688 6650
f 6688 6697 6766
f 6688 6766 6650
f 6697 6703 6766
f 6703 6712 6766
f 6712 6744 6766
f 6744 6767 6783
f 6744 6783 6766
f 6766 6783 6790
f 6696 6731 6785
f 6696 6785 6782
f 6791 6784 6781
f 6721 6781 6665
f 6792 6702 6710
f 6719 6792 6710
f 6721 6684 6693
f 6721 6693 6792
f 6702 6792 6693
f 6665 6663 6674
f 6665 6674 6721
f 6684 6721 6674
f 6665 6647 6653
f 6663 6665 6653
f 6665 6664 6654
f 6647 6665 6654
f 6781 6685 6675
f 6781 6675 6665
f 6664 6665 6675
f 6758 6791 6781
f 6711 6758 6781
f 6721 6711 6781
f 6785 6792 6782
f 6792 6719 6751
f 6774 6782 6792
f 6774 6792 6751
f 6720 6650 6730
f 6720 6730 6724
f 6650 6737 6730
f 6735 6728 6730
f 6735 6730 6737
f 6728 6723 6724
f 6728 6724 6730
f 6723 6728 6726
f 6723 6726 6722
f 6728 6735 6733
f 6728 6733 6726
f 6711 6721 6726
f 6711 6726 6733
f 6721 6722 6726
f 6785 6731 6789
f 6785 6789 6796
f 6731 6779 6789
f 6777 6787 6789
f 6777 6789 6779
f 6787 6794 6796
f 6787 6796 6789
f 6794 6787 6785
f 6787 6777 6775
f 6787 6775 6785
f 6721 6792 6785
f 6721 6785 6775
f 6795 6788 6759
f 6795 6759 6790
f 6788 6778 6780
f 6788 6780 6759
f 6778 6788 6786
f 6778 6786 6776
f 6788 6795 6793
f 6788 6793 6786
f 6791 6758 6786
f 6791 6786 6793
f 6758 6776 6786
f 6731 6720 6764
f 6731 6764 6779
f 6720 6756 6764
f 6754 6762 6764
f 6754 6764 6756
f 6762 6777 6779
f 6762 6779 6764
f 6777 6762 6760
f 6777 6760 6775
f 6762 6754 6752
f 6762 6752 6760
f 6721 6760 6752
f 6721 6775 6760
f 6720 6742 6756
f 6720 6736 6742
f 6734 6740 6742
f 6734 6742 6736
f 6740 6754 6756
f 6740 6756 6742
f 6754 6740 6738
f 6754 6738 6752
f 6740 6734 6732
f 6740 6732 6738
f 6721 6738 6732
f 6721 6752 6738
f 6720 6729 6736
f 6720 6724 6729
f 6723 6727 6729
f 6723 6729 6724
f 6727 6734 6736
f 6727 6736 6729
f 6734 6727 6725
f 6734 6725 6732
f 6727 6723 6722
f 6727 6722 6725
f 6721 6725 6722
f 6721 6732 6725
f 6759 6765 6757
f 6759 6780 6765
f 6778 6763 6765
f 6778 6765 6780
f 6763 6755 6757
f 6763 6757 6765
f 6755 6763 6761
f 6755 6761 6753
f 6763 6778 6776
f 6763 6776 6761
f 6758 6761 6776
f 6758 6711 6753
f 6758 6753 6761
f 6650 6743 6737
f 6650 6759 6757
f 6650 6757 6743
f 6755 6741 6743
f 6755 6743 6757
f 6741 6735 6737
f 6741 6737 6743
f 6735 6741 6739
f 6735 6739 6733
f 6741 6755 6753
f 6741 6753 6739
f 6711 6739 6753
f 6711 6733 6739
f 6696 6704 6694
f 6696 6713 6704
f 6714 6705 6704
f 6714 6704 6713
f 6705 6698 6694
f 6705 6694 6704
f 6698 6705 6708
f 6698 6708 6700
f 6705 6714 6717
f 6705 6717 6708
f 6719 6710 6708
f 6719 6708 6717
f 6710 6702 6700
f 6710 6700 6708
f 6676 6720 6686
f 6676 6686 6678
f 6720 6696 6694
f 6720 6694 6686
f 6698 6689 6686
f 6698 6686 6694
f 6689 6680 6678
f 6689 6678 6686
f 6680 6689 6691
f 6680 6691 6682
f 6689 6698 6700
f 6689 6700 6691
f 6702 6693 6691
f 6702 6691 6700
f 6693 6684 6682
f 6693 6682 6691
f 6657 6668 6666
f 6657 6666 6655
f 6668 6676 6678
f 6668 6678 6666
f 6680 6670 6666
f 6680 6666 6678
f 6670 6659 6655
f 6670 6655 6666
f 6659 6670 6672
f 6659 6672 6661
f 6670 6680 6682
f 6670 6682 6672
f 6684 6674 6672
f 6684 6672 6682
f 6674 6663 6661
f 6674 6661 6672
f 6639 6643 6645
f 6639 6645 6640
f 6643 6657 6655
f 6643 6655 6645
f 6659 6648 6645
f 6659 6645 6655
f 6648 6641 6640
f 6648 6640 6645
f 6641 6648 6651
f 6641 6651 6642
f 6648 6659 6661
f 6648 6661 6651
f 6663 6653 6651
f 6663 6651 6661
f 6653 6647 6642
f 6653 6642 6651
f 6658 6644 6646
f 6658 6646 6656
f 6644 6639 6640
f 6644 6640 6646
f 6641 6649 6646
f 6641 6646 6640
f 6649 6660 6656
f 6649 6656 6646
f 6660 6649 6652
f 6660 6652 6662
f 6649 6641 6642
f 6649 6642 6652
f 6647 6654 6652
f 6647 6652 6642
f 6654 6664 6662
f 6654 6662 6652
f 6677 6669 6667
f 6677 6667 6679
f 6669 6658 6656
f 6669 6656 6667
f 6660 6671 6667
f 6660 6667 6656
f 6671 6681 6679
f 6671 6679 6667
f 6681 6671 6673
f 6681 6673 6683
f 6671 6660 6662
f 6671 6662 6673
f 6664 6675 6673
f 6664 6673 6662
f 6675 6685 6683
f 6675 6683 6673
f 6697 6688 6687
f 6697 6687 6695
f 6688 6677 6679
f 6688 6679 6687
f 6681 6690 6687
f 6681 6687 6679
f 6690 6699 6695
f 6690 6695 6687
f 6699 6690 6692
f 6699 6692 6701
f 6690 6681 6683
f 6690 6683 6692
f 6685 6781 6692
f 6685 6692 6683
f 6781 6701 6692
f 6712 6703 6707
f 6712 6707 6716
f 6703 6697 6695
f 6703 6695 6707
f 6699 6706 6707
f 6699 6707 6695
f 6706 6715 6716
f 6706 6716 6707
f 6715 6706 6709
f 6715 6709 6718
f 6706 6699 6701
f 6706 6701 6709
f 6781 6709 6701
f 6781 6718 6709
f 6767 6744 6750
f 6767 6750 6773
f 6744 6712 6716
f 6744 6716 6750
f 6715 6749 6750
f 6715 6750 6716
f 6749 6772 6773
f 6749 6773 6750
f 6772 6749 6748
f 6772 6748 6771
f 6749 6715 6718
f 6749 6718 6748
f 6781 6748 6718
f 6781 6784 6771
f 6781 6771 6748
f 6783 6767 6773
f 6772 6783 6773
f 6783 6772 6771
f 6784 6783 6771
f 6790 6783 6784
f 6784 6791 6790
f 6795 6790 6793
f 6791 6793 6790
f 6794 6785 6796
f 6782 6769 6768
f 6769 6782 6770
f 6782 6774 6770
f 6696 6745 6713
f 6696 6782 6768
f 6696 6768 6745
f 6769 6746 6745
f 6769 6745 6768
f 6746 6714 6713
f 6746 6713 6745
f 6714 6746 6747
f 6714 6747 6717
f 6746 6769 6770
f 6746 6770 6747
f 6774 6751 6747
f 6774 6747 6770
f 6751 6719 6717
f 6751 6717 6747
v 1.24500 -0.03780 3.08300
v 1.24300 -0.27580 3.08500
v 1.24300 0.20020 3.08500
v 1.24832 -0.03139 3.10744
v 1.24200 -0.03780 3.08200
v 1.24100 -0.27580 3.08300
v 1.24100 0.20020 3.08300
v 1.23800 -0.27580 3.08200
v 1.23800 0.20020 3.08200
v 1.23500 -0.49380 3.08500
v 1.23500 0.41820 3.08500
v 1.23500 -0.49380 3.08800
v 1.23500 0.41720 3.08800
v 1.20942 -0.83663 3.13790
v 1.23300 -0.49380 3.08300
v 1.23300 0.41820 3.08300
v 1.23000 -0.49380 3.08200
v 1.23000 0.41720 3.08200
v 1.22400 -0.66980 3.08500
v 1.22400 0.59420 3.08500
v 1.22400 0.59420 3.08800
v 1.22200 -0.66980 3.08300
v 1.22200 0.59420 3.08300
v 1.21900 -0.66980 3.08300
v 1.21900 0.59320 3.08300
v 1.21500 0.71220 3.08800
v 1.21400 -0.78780 3.08500
v 1.21400 0.71220 3.08500
v 1.21300 -0.78780 3.08300
v 1.21300 0.71220 3.08300
v 1.21000 -0.78780 3.08300
v 1.21000 0.71120 3.08300
v 1.20900 -0.83080 3.08300
v 1.20889 0.76129 3.08390
v 1.19800 0.75720 3.08200
v 1.20818 0.76646 3.08520
v 1.19791 -0.83688 3.08326
v 1.20823 0.76114 3.11563
v 1.19500 -0.84680 3.08300
v 1.19757 0.76144 3.08482
v 1.20828 -0.83837 3.08451
v 1.18426 -0.98078 3.09292
v 1.19500 -0.83380 3.09600
v 1.19800 -0.83255 3.08325
v 1.19500 0.75420 3.09600
v 1.19000 -0.83980 3.15100
v 1.18000 0.76174 3.31887
v 1.20946 -0.84278 3.08517
v 1.18800 -0.83280 3.15000
v 1.18800 -0.83080 3.15000
v 1.18800 0.75720 3.15000
v 1.18700 -0.94280 3.08300
v 1.18700 0.86720 3.08300
v 1.18700 -0.84180 3.15100
v 1.19500 0.77120 3.08300
v 1.19425 -0.89655 3.08300
v 1.22074 0.77531 3.13517
v 1.17846 -0.84208 3.30674
v 1.17700 -0.84180 3.30100
v 1.14290 -0.83907 3.46802
v 1.17200 -0.84080 3.30000
v 1.16782 0.76576 3.31064
v 1.17100 -1.00380 3.08500
v 1.18784 0.87500 3.08491
v 1.17000 -1.00280 3.08300
v 1.14744 0.99098 3.08435
v 1.17000 -0.83180 3.29800
v 1.17000 0.75520 3.29800
v 1.17000 -0.83480 3.29900
v 1.17000 0.75820 3.29900
v 1.16900 -0.84280 3.29900
v 1.16900 0.76720 3.29900
v 0.97300 -0.84680 3.59600
v 1.14209 0.76459 3.47162
v 1.14000 -1.08280 3.08500
v 1.14000 -0.84580 3.46400
v 1.13800 -1.08180 3.08300
v 1.15150 -1.04230 3.08300
v 1.13600 -0.84280 3.46200
v 1.13179 0.77821 3.50581
v 1.13200 -0.84180 3.45900
v 1.13200 0.76620 3.45900
v 1.13100 -0.83580 3.45800
v 1.13100 -0.83280 3.45800
v 1.13100 0.75720 3.45800
v 1.13000 -0.84380 3.45800
v 1.13000 0.76820 3.45800
v 1.14232 -0.86725 3.46029
v 1.10600 -1.15780 3.08300
v 1.10300 -1.15680 3.08300
v 1.06400 1.16720 3.08700
v 1.08400 -1.20780 3.08300
v 1.06921 1.16825 3.08634
v 1.06792 -1.24409 3.08612
v 1.07913 -1.22481 3.08749
v 1.07305 -0.84659 3.55058
v 1.06000 -1.23780 3.14000
v 1.06197 -0.84050 3.56087
v 1.06000 -0.84280 3.54500
v 1.06000 0.76620 3.54500
v 1.05900 -0.83280 3.54300
v 0.97500 0.75820 3.59700
v 1.05800 -0.84380 3.54400
v 1.05800 0.76820 3.54400
v 1.06400 -1.24380 3.08700
v 1.04039 -1.21568 3.30581
v 1.03382 1.13325 3.34270
v 1.04100 -1.22080 3.25400
v 1.00250 1.09220 3.46900
v 1.01200 -0.84280 3.57400
v 1.01200 0.76720 3.57400
v 1.01108 -1.17364 3.47495
v 1.00026 1.07553 3.51048
v 0.97677 -0.83731 3.59928
v 1.06357 0.76398 3.56087
v 1.00250 -1.16830 3.46900
v 0.99300 -0.84480 3.58200
v 0.99300 0.76820 3.58200
v 0.98022 -1.02269 3.57886
v 0.97820 -0.84608 3.60234
v 0.97848 0.77200 3.60442
v 0.97654 0.76125 3.59893
v 0.97800 -0.78280 3.60500
v 0.97800 0.70720 3.60500
v 0.97800 -0.65580 3.60900
v 0.97800 0.58020 3.60900
v 0.97800 -0.47380 3.61300
v 0.97800 0.39820 3.61300
v 0.97800 -0.26280 3.61500
v 0.97854 -0.03694 3.61582
v 0.97800 0.18720 3.61500
v 0.97500 -0.83380 3.59700
v 0.97700 -0.65580 3.60700
v 0.97700 0.58020 3.60700
v 0.97700 -0.47380 3.61100
v 0.97700 0.39820 3.61100
v 0.97700 -0.26280 3.61200
v 0.97700 -0.03780 3.61200
v 0.97700 0.18720 3.61200
v 0.97925 -1.02180 3.56900
v 0.97300 0.77120 3.59600
usemtl m063
f 6853 6860 6862
f 6834 6809 6817
f 6809 6807 6816
f 6809 6816 6817
f 6824 6822 6817
f 6824 6817 6816
f 6822 6834 6817
f 6907 6896 6876
f 6907 6876 6917
f 6896 6878 6876
f 6830 6836 6834
f 6876 6878 6858
f 6876 6858 6853
f 6832 6853 6858
f 6834 6822 6830
f 6822 6824 6830
f 6911 6920 6922
f 6920 6898 6930
f 6920 6930 6922
f 6932 6924 6922
f 6932 6922 6930
f 6924 6911 6922
f 6911 6924 6927
f 6911 6927 6926
f 6924 6932 6935
f 6924 6935 6927
f 6934 6926 6927
f 6934 6927 6935
f 6887 6862 6851
f 6807 6812 6819
f 6807 6819 6816
f 6812 6814 6821
f 6812 6821 6819
f 6828 6826 6819
f 6828 6819 6821
f 6826 6824 6816
f 6826 6816 6819
f 6889 6887 6903
f 6905 6903 6887
f 6870 6881 6898
f 6870 6898 6911
f 6898 6918 6911
f 6907 6914 6900
f 6907 6900 6896
f 6914 6937 6900
f 6937 6883 6900
f 6883 6878 6896
f 6883 6896 6900
f 6937 6914 6917
f 6914 6907 6917
f 6831 6836 6830
f 6858 6851 6832
f 6836 6831 6841
f 6836 6841 6834
f 6841 6847 6834
f 6847 6843 6834
f 6878 6883 6868
f 6878 6868 6858
f 6883 6937 6868
f 6851 6858 6868
f 6851 6868 6937
f 6843 6847 6866
f 6847 6841 6864
f 6847 6864 6866
f 6881 6870 6866
f 6881 6866 6864
f 6870 6843 6866
f 6832 6851 6860
f 6898 6920 6918
f 6920 6911 6918
f 6824 6826 6830
f 6826 6828 6831
f 6826 6831 6830
f 6917 6876 6909
f 6851 6849 6860
f 6851 6862 6849
f 6860 6849 6862
f 6860 6853 6832
f 6905 6917 6909
f 6905 6937 6917
f 6853 6862 6889
f 6876 6853 6903
f 6889 6903 6853
f 6887 6889 6862
f 6876 6903 6909
f 6905 6909 6903
f 6799 6807 6809
f 6799 6809 6800
f 6834 6800 6809
f 6800 6834 6843
f 6870 6800 6843
f 6801 6805 6803
f 6801 6803 6797
f 6805 6814 6812
f 6805 6812 6803
f 6807 6799 6803
f 6807 6803 6812
f 6799 6800 6797
f 6799 6797 6803
f 6916 6915 6892
f 6871 6859 6838
f 6871 6838 6891
f 6823 6815 6810
f 6815 6806 6808
f 6815 6808 6810
f 6906 6916 6892
f 6906 6892 6895
f 6872 6875 6892
f 6875 6877 6895
f 6875 6895 6892
f 6844 6842 6854
f 6872 6854 6855
f 6872 6855 6875
f 6842 6857 6855
f 6842 6855 6854
f 6857 6877 6875
f 6857 6875 6855
f 6884 6872 6892
f 6884 6838 6844
f 6854 6872 6884
f 6854 6884 6844
f 6837 6823 6810
f 6894 6921 6919
f 6894 6923 6921
f 6931 6929 6921
f 6931 6921 6923
f 6929 6928 6919
f 6929 6919 6921
f 6894 6926 6925
f 6894 6925 6923
f 6934 6933 6925
f 6934 6925 6926
f 6933 6931 6923
f 6933 6923 6925
f 6859 6871 6873
f 6859 6873 6861
f 6871 6891 6885
f 6871 6885 6873
f 6886 6874 6873
f 6886 6873 6885
f 6874 6861 6873
f 6806 6815 6818
f 6806 6818 6811
f 6815 6823 6825
f 6815 6825 6818
f 6827 6820 6818
f 6827 6818 6825
f 6820 6813 6811
f 6820 6811 6818
f 6891 6893 6890
f 6901 6890 6893
f 6891 6902 6893
f 6912 6904 6902
f 6904 6901 6893
f 6904 6893 6902
f 6912 6908 6936
f 6915 6936 6908
f 6856 6894 6879
f 6928 6897 6894
f 6928 6894 6910
f 6897 6880 6879
f 6897 6879 6894
f 6906 6895 6899
f 6906 6899 6913
f 6895 6877 6882
f 6895 6882 6899
f 6869 6899 6882
f 6869 6913 6899
f 6916 6906 6913
f 6869 6916 6913
f 6840 6837 6833
f 6842 6844 6850
f 6835 6850 6844
f 6833 6837 6839
f 6837 6810 6845
f 6837 6845 6839
f 6846 6840 6839
f 6846 6839 6845
f 6840 6833 6839
f 6877 6857 6867
f 6877 6867 6882
f 6857 6842 6850
f 6857 6850 6867
f 6835 6869 6867
f 6835 6867 6850
f 6869 6882 6867
f 6810 6856 6865
f 6810 6865 6845
f 6856 6879 6865
f 6880 6863 6865
f 6880 6865 6879
f 6863 6846 6845
f 6863 6845 6865
f 6852 6844 6838
f 6852 6835 6844
f 6894 6919 6910
f 6928 6910 6919
f 6823 6837 6829
f 6823 6829 6825
f 6840 6829 6837
f 6840 6827 6825
f 6840 6825 6829
f 6915 6908 6892
f 6908 6884 6892
f 6852 6838 6848
f 6859 6861 6848
f 6859 6848 6838
f 6861 6874 6852
f 6861 6852 6848
f 6916 6869 6936
f 6916 6936 6915
f 6838 6902 6891
f 6908 6902 6838
f 6838 6884 6908
f 6886 6885 6888
f 6886 6888 6901
f 6885 6891 6890
f 6885 6890 6888
f 6890 6901 6888
f 6912 6902 6908
f 6870 6911 6894
f 6870 6894 6856
f 6911 6926 6894
f 6810 6808 6800
f 6808 6806 6798
f 6808 6798 6800
f 6800 6870 6856
f 6856 6810 6800
f 6801 6797 6802
f 6801 6802 6804
f 6797 6800 6798
f 6797 6798 6802
f 6806 6811 6802
f 6806 6802 6798
f 6811 6813 6804
f 6811 6804 6802
v 0.61177 -0.92075 3.72884
v 0.61206 -0.90761 3.81611
v 0.60607 -0.90716 3.93400
v 0.60126 -0.90697 4.03588
v 0.59768 -0.90700 4.11489
v 0.61152 -0.88956 3.72703
v 0.61250 -0.90197 3.80050
v 0.61159 0.84825 3.72803
v 0.61210 0.84799 3.81449
v 0.60607 0.84791 3.93400
v 0.60126 0.84806 4.03588
v 0.59768 0.84800 4.11489
usemtl m064
f 6938 6943 6944
f 6938 6944 6939
v 1.00618 -1.31880 1.15066
v 1.00618 1.24520 1.15066
v 1.04436 -1.31880 1.13725
v 1.04436 1.24520 1.13725
v 1.29377 -1.21418 0.55385
v 1.30000 -1.22180 0.60100
v 1.32460 -1.12601 0.55429
v 1.32015 -1.16303 0.60015
v 1.34974 -1.02911 0.55203
v 1.36550 -0.97630 0.60000
v 1.36197 -0.94361 0.55573
v 1.37108 -0.93295 0.60031
v 1.36596 0.83085 0.55323
v 1.37475 0.82745 0.60100
v 1.35584 0.91922 0.55379
v 1.36873 0.88011 0.60000
v 1.32814 1.04130 0.55364
v 1.32356 1.08153 0.59978
v 1.29859 1.12672 0.55470
v 1.30833 1.12303 0.60100
usemtl m067
f 6968 6969 6967
f 6968 6967 6966
f 6965 6963 6962
f 6965 6962 6964
f 6954 6956 6957
f 6954 6957 6955
f 6959 6958 6960
f 6959 6960 6961
v 1.35175 -1.03580 0.95425
v 1.34750 -1.01305 0.91300
v 1.34018 -1.02267 0.91851
v 1.34700 -1.02480 0.93900
v 1.33125 -1.08155 0.93387
v 1.33121 -1.06152 0.92109
v 1.34075 -1.06105 0.89150
usemtl m068
f 6976 6971 6972
f 6973 6972 6971
f 6976 6975 6974
f 6976 6972 6975
f 6970 6972 6973
f 6975 6970 6974
f 6970 6975 6972
v 1.26483 -1.21013 1.31117
v 1.26483 1.13753 1.31117
v 1.31500 -1.18880 1.28200
v 1.34300 -1.13547 0.67267
v 1.35133 -1.12780 1.18217
v 1.33389 -1.16413 1.25400
v 1.35750 -1.06547 0.66083
v 1.36871 -1.05645 1.04424
v 1.36411 -1.07880 1.08833
v 1.37317 -0.97780 0.64567
v 1.37675 -1.01517 0.95613
v 1.37600 -1.02780 1.00400
v 1.37900 -0.94230 0.64300
v 1.34800 1.06120 1.19333
v 1.33389 1.09187 1.25400
v 1.31500 1.11687 1.28200
v 1.38300 -0.96080 0.83200
v 1.38300 -0.97280 0.87600
v 1.38200 -0.99555 0.93475
v 1.38636 -0.90635 0.63745
v 1.39040 -0.89680 0.70700
v 1.38735 -0.93156 0.78576
v 1.39489 -0.86624 0.63911
usemtl m069
f 6997 6996 6999
f 6987 6988 6984
f 6994 6995 6987
f 6994 6993 6998
f 6986 6996 6989
f 6991 6992 6978
f 6982 6977 6979
v 0.86992 -1.32762 1.17827
v 0.86992 1.25402 1.17827
v 0.98520 -1.32664 1.12194
v 0.97784 -1.32955 1.16837
v 0.98507 1.25278 1.12189
v 0.97745 1.25569 1.16861
v 1.04840 -1.32672 1.10939
v 1.04364 -1.32701 1.16590
v 1.04841 1.25263 1.10932
v 1.04375 1.25299 1.16596
v 1.23991 -1.28462 1.31718
v 1.22783 -1.28480 1.32283
v 1.26232 -1.24644 1.31080
v 1.23044 -1.24786 1.32825
v 1.26691 1.15633 1.31029
v 1.23120 1.16585 1.32955
v 1.25484 1.19796 1.31203
v 1.22850 1.19915 1.32495
v 1.32104 -1.19829 0.70672
v 1.32289 -1.19573 0.76007
v 1.32063 -1.19806 1.18211
v 1.30825 -1.22106 1.26686
v 1.33849 -1.14066 0.70171
v 1.33087 -1.16070 0.75593
v 1.33456 -1.10926 0.99420
v 1.33318 -1.13050 1.06374
v 1.34578 -1.13861 1.18000
v 1.33451 -1.16691 1.25439
v 1.36505 -1.03030 0.65005
v 1.35865 -1.03741 0.71088
v 1.35182 -1.01720 0.79365
v 1.34354 -1.04015 0.89588
v 1.35211 -1.04669 0.97643
v 1.35688 -1.07252 1.05763
v 1.37885 -0.93936 0.64259
v 1.37524 -0.94401 0.70973
v 1.36633 -0.95904 0.79183
v 1.36675 -0.98639 0.87846
v 1.38478 -0.89124 0.64244
v 1.38500 -0.89430 0.67250
v 1.34740 1.06512 1.19005
v 1.34300 1.08284 1.24064
v 1.32005 1.12583 1.18959
v 1.31447 1.13486 1.26531
v 1.29300 1.18620 1.29200
v 1.38700 -0.91280 0.64300
v 1.38877 -0.91234 0.72369
v 1.39010 -0.92521 0.78602
v 1.38775 -0.96405 0.87600
v 1.39313 -0.87428 0.63395
v 1.39242 -0.88609 0.69004
usemtl m070
f 7037 7036 7031
f 7032 7033 7025
f 7032 7025 7024
f 7031 7036 7030
f 7024 7025 7033
f 7024 7033 7032
f 7040 7042 7043
f 7016 7017 7014
f 7017 7015 7014
f 7044 7043 7014
f 7016 7044 7014
f 7040 7041 7043
f 7043 7044 7016
f 7014 7043 7016
f 7036 7030 7035
f 7039 7035 7038
f 7038 7035 7034
f 7012 7013 7011
f 7012 7011 7010
f 7026 7027 7021
f 7026 7021 7020
f 7049 7039 7038
f 7035 7029 7034
f 7030 7029 7035
f 7038 7049 7034
f 7037 7047 7036
f 7047 7037 7048
f 7035 7050 7046
f 7036 7035 7046
f 7024 7031 7032
f 7049 7050 7039
f 7035 7039 7050
f 7036 7046 7047
f 7049 7034 7045
f 7034 7029 7028
f 7022 7028 7029
f 7025 7026 7020
f 7022 7023 7019
f 7022 7019 7018
f 7001 7005 7004
f 7000 7002 7003
v 1.29500 -0.65980 0.84100
v 1.29500 -0.05930 0.84100
v 1.29500 0.70520 0.84100
v 1.29417 -0.57921 1.53047
v 1.29375 0.13195 1.53175
v 1.29500 0.62420 1.53400
v 1.29500 -0.19480 1.53400
v 1.29103 0.62888 1.52753
v 1.28494 -0.65107 0.87308
v 1.28500 0.22370 0.87300
v 1.28480 -0.65111 0.90609
v 1.28500 -0.09730 0.90600
v 1.28500 0.26370 0.90600
v 1.28440 0.70381 0.90604
v 1.28501 -0.65132 0.93893
v 1.28500 0.57570 0.93900
v 1.28480 -0.65111 0.97109
v 1.28500 -0.09730 0.97100
v 1.28466 -0.65068 1.00403
v 1.28500 -0.21780 1.00400
v 1.28377 -0.64559 1.03593
v 1.28500 -0.09630 1.03600
v 1.28461 -0.56501 1.06967
v 1.28439 -0.57133 1.10158
v 1.28500 -0.29405 1.10200
v 1.28500 0.19895 1.10200
v 1.28427 -0.57092 1.13372
v 1.28500 0.02295 1.13400
v 1.28463 -0.56405 1.16767
v 1.28500 -0.10018 1.16700
v 1.28415 0.61318 1.16703
v 1.28430 -0.57076 1.20001
v 1.28500 -0.11793 1.19900
v 1.28451 0.61707 1.23181
v 1.28500 0.26932 1.26500
v 1.28452 0.61792 1.26493
v 1.28442 0.61683 1.29723
v 1.28417 0.61573 1.33023
v 1.28482 -0.56500 1.36221
v 1.28426 0.61748 1.36188
v 1.28500 0.33970 1.39500
v 1.28416 0.61714 1.39476
v 1.28500 0.26932 1.42800
v 1.28452 0.61792 1.42793
v 1.28500 -0.11793 1.46000
v 1.28442 0.61683 1.46023
v 1.28500 0.09345 1.49300
v 1.28421 0.61639 1.49337
v 1.26262 -0.63983 0.85580
v 1.26400 -0.15130 0.85700
v 1.26390 -0.63930 0.88926
v 1.28463 0.70292 0.87288
v 1.26351 -0.63961 0.92117
v 1.28500 0.22370 0.93900
v 1.26400 0.17320 0.92200
v 1.26370 -0.63923 0.95415
v 1.28500 -0.21780 0.93900
v 1.28491 0.69928 0.93882
v 1.26363 -0.63905 0.98623
v 1.28456 0.70281 0.97085
v 1.28500 -0.46280 1.00400
v 1.28500 0.26520 1.00400
v 1.26400 0.17320 1.02000
v 1.28500 -0.04730 1.06900
v 1.28486 0.60343 1.06925
v 1.28500 0.37470 1.16700
v 1.26400 0.22120 1.18300
v 1.28500 0.02295 1.23200
v 1.28500 0.09345 1.29700
v 1.28500 0.09345 1.33000
v 1.26375 -0.53537 1.37890
v 1.28500 0.14620 1.36200
v 1.28500 -0.04730 1.39500
v 1.26400 -0.20755 0.89000
v 1.26400 -0.20755 0.92200
v 1.26400 0.41170 0.92200
v 1.26194 0.69652 0.92231
v 1.26400 -0.20755 0.95500
v 1.26400 0.25070 0.95500
v 1.26400 -0.20755 0.98700
v 1.26400 0.29245 0.98700
v 1.26283 0.69261 0.98771
v 1.26396 -0.63403 1.01998
v 1.26400 -0.05180 1.02000
v 1.26372 0.69066 1.02040
v 1.26402 -0.53482 1.05301
v 1.26400 -0.17905 1.05300
v 1.26400 0.15720 1.05300
v 1.26367 0.59030 1.05326
v 1.26400 -0.12580 1.08500
v 1.26400 0.35320 1.08500
v 1.26379 -0.52808 1.11745
v 1.26400 -0.17530 1.11800
v 1.26400 0.22120 1.11800
v 1.26368 0.57031 1.11798
v 1.26386 -0.52770 1.14957
v 1.26400 -0.01005 1.15000
v 1.26400 -0.27455 1.18300
v 1.26380 0.57453 1.18356
v 1.26400 0.05620 1.21600
v 1.26365 0.57587 1.21645
v 1.26358 -0.53490 1.24784
v 1.26400 -0.17530 1.24800
v 1.26388 0.57517 1.24797
v 1.26308 -0.53431 1.28090
v 1.26400 -0.20830 1.28100
v 1.26375 0.57471 1.28124
v 1.26400 -0.20830 1.31300
v 1.26367 0.57433 1.31335
v 1.26400 -0.09268 1.34600
v 1.26375 0.57484 1.34611
v 1.26400 -0.00980 1.37900
v 1.26385 0.57488 1.37917
v 1.26400 -0.30055 1.41100
v 1.26400 0.22120 1.41100
v 1.26378 0.57531 1.41109
v 1.26400 -0.20830 1.44400
v 1.26400 0.22120 1.44400
v 1.26380 0.57453 1.44456
v 1.26298 -0.53357 1.47542
v 1.26400 -0.20830 1.47600
v 1.26400 0.22120 1.47600
v 1.26374 0.57416 1.47671
v 1.26339 -0.53265 1.50868
v 1.26400 -0.05955 1.50900
v 1.26666 0.56787 1.50904
v 1.21034 0.67356 1.32922
v 1.20953 -0.63720 1.32901
v 1.20870 -0.58302 1.32365
v 1.20843 0.57912 1.32352
v 1.20962 -0.91048 1.32670
v 1.20786 -0.53194 1.34520
v 1.20853 -0.61754 1.38154
v 1.20659 0.96448 1.39003
v 1.20900 -0.67680 0.84100
v 1.20900 0.72220 0.84100
v 1.20900 -0.59280 1.53400
v 1.19000 -0.58818 1.54028
v 1.18949 0.62618 1.54104
v 1.21005 0.62574 1.37115
v 1.20957 0.65888 1.37644
v 1.21049 -0.90867 1.37428
v 1.20472 -0.53186 1.38377
v 1.17738 -0.67183 0.87293
v 1.17630 -0.67170 0.90580
v 1.17559 -0.67191 0.93867
v 1.16176 0.72086 0.93771
v 1.17630 -0.67170 0.97080
v 1.17642 -0.67153 1.00391
v 1.28409 0.70520 1.00382
v 1.18029 0.61617 1.06817
v 1.28479 0.61089 1.10178
v 1.28449 0.61048 1.13389
v 1.28464 0.61466 1.19885
v 1.28438 -0.56456 1.23214
v 1.28478 -0.56468 1.26497
v 1.28460 -0.56464 1.29706
v 1.28443 -0.56453 1.33015
v 1.28488 -0.56453 1.39541
v 1.28462 -0.56539 1.42817
v 1.28474 -0.56446 1.46057
v 1.28459 -0.56417 1.49345
v 1.19775 -0.92080 1.36700
v 1.19850 0.57620 1.35400
v 1.20728 -0.92080 1.34041
v 1.19114 -0.90968 1.28058
v 1.20150 0.79057 1.30450
v 1.19509 -0.59839 1.35913
v 1.20571 -0.58555 1.32855
v 1.18994 -0.63618 1.42979
v 1.20392 -0.58351 1.40070
v 1.19037 0.57668 1.42707
v 1.20905 0.96427 1.32681
v 1.20176 0.57632 1.39765
v 1.18365 0.95405 1.43901
v 1.20850 -0.61504 1.32776
v 1.20065 0.65716 1.30735
v 1.18550 0.57620 1.31288
v 1.20329 0.96520 1.32332
v 1.19688 -0.53180 1.34750
v 1.17950 0.62572 1.44140
v 1.26279 0.69627 0.85519
v 1.26314 0.69390 0.95519
v 1.19400 0.70920 0.97900
v 1.28538 0.69626 1.03453
v 1.20716 0.63162 1.33120
v 1.18123 0.65612 1.26827
v 1.18522 0.64229 1.40147
v 1.19554 0.64177 1.34604
v 1.18582 0.95226 1.27350
v 1.19290 -0.92024 1.42211
v 1.18163 0.66098 1.44068
v 1.19282 -0.53987 1.28365
v 1.18357 -0.59872 1.40275
v 1.18316 -0.54326 1.44003
v 1.19345 -0.65617 1.02471
v 1.18738 -0.54926 1.05500
v 1.26380 -0.52868 1.08433
v 1.15794 0.58734 1.11825
v 1.26358 0.57466 1.15012
v 1.26313 -0.53385 1.18228
v 1.26295 -0.53394 1.31307
v 1.26317 -0.53429 1.34588
v 1.26335 -0.53360 1.41036
v 1.26313 -0.53385 1.44328
v 1.18563 0.58344 1.50941
v 1.16912 -0.53180 1.29919
v 1.19144 0.57620 1.37050
v 1.18950 0.96520 1.36462
v 1.18865 0.96520 1.28705
v 1.16622 0.96520 1.37191
v 1.17615 -0.61382 1.44549
v 1.18000 -0.59380 1.42000
v 1.18779 -0.63539 1.27366
v 1.17358 -0.58365 1.26089
v 1.17830 0.62934 1.26659
v 1.16752 0.57679 1.25430
v 1.17202 -0.61259 1.26118
v 1.16890 0.64228 1.28414
v 1.18040 0.96520 1.43325
v 1.14234 0.57620 1.35378
v 1.16800 -0.92080 1.43000
v 1.18165 -0.59857 1.29951
v 1.15030 -0.59845 1.44289
v 1.15019 0.95213 1.24225
v 1.15036 -0.91960 1.24361
v 1.12790 -0.61407 1.47099
v 1.15825 0.57620 1.28700
v 1.17893 -0.92081 1.27096
v 1.16756 -0.92080 1.39297
v 1.15591 0.96520 1.45473
v 1.15000 -0.53180 1.26400
v 1.14000 -0.92080 1.44800
v 1.15490 -0.54484 1.24500
v 1.15674 -0.90827 1.46300
v 1.14174 -0.63627 1.46817
v 1.15200 -0.58370 1.46264
v 1.14340 0.57696 1.46666
v 1.12692 0.95468 1.47331
v 1.14423 0.65620 1.46639
v 1.12030 -0.59862 1.25349
v 1.13973 0.64231 1.25953
v 1.12808 -0.92082 1.46950
v 1.16743 -0.53177 1.45189
v 1.14300 0.63520 1.53800
v 1.13086 -0.58410 1.23945
v 1.14577 0.67619 1.24150
v 1.11333 0.58657 1.23316
v 1.12617 -0.53246 1.46978
v 1.13200 0.65720 1.24100
v 1.10308 0.65415 1.46816
v 1.17148 -0.53176 1.25997
v 1.13200 0.57620 1.24400
v 1.12136 0.96521 1.23987
v 1.13265 0.64279 1.45230
v 1.13050 0.57620 1.45500
v 1.12397 0.96520 1.46589
v 1.12800 -0.92080 1.26950
v 1.09464 0.64236 1.25840
v 1.11854 -0.92000 1.23606
v 1.10459 -0.54362 1.23466
v 1.09476 -0.58437 1.24119
v 1.12300 -0.53180 1.25500
v 1.15599 0.57620 1.25332
v 1.09800 -0.92080 1.43441
v 1.11600 0.57620 1.45400
v 1.11587 -0.59865 1.45125
v 1.14437 0.63357 1.46057
v 1.09313 0.62734 1.46649
v 1.16772 0.96520 1.26160
v 1.09011 0.57620 1.46306
v 1.10520 -0.53180 1.24215
v 1.10200 0.57620 1.45500
v 1.10021 0.66003 1.23729
v 1.12350 -0.91279 1.47284
v 1.08429 -0.63543 1.46624
v 1.06788 0.96520 1.28356
v 1.07535 -0.92080 1.25403
v 1.08601 -0.59859 1.44368
v 1.08150 0.57620 1.26100
v 1.07535 -0.53180 1.45397
v 1.12516 -0.61621 1.23492
v 1.11045 0.63039 1.23927
v 1.09317 -0.58376 1.46650
v 1.09391 0.66083 1.46991
v 1.08639 -0.91147 1.24168
v 1.10004 -0.63286 1.23696
v 1.10419 0.96407 1.23650
v 1.09083 -0.54642 1.47043
v 1.08637 0.58720 1.46905
v 1.06074 0.95412 1.45163
v 1.06072 -0.59850 1.28427
v 1.06259 0.65805 1.25833
v 1.04224 0.57714 1.28104
v 1.06669 0.96521 1.44784
v 1.13297 -0.53180 1.35428
v 1.09538 0.96520 1.46277
v 1.07100 0.96520 1.25700
v 1.06965 -0.53208 1.25241
v 1.08665 0.57643 1.24439
v 1.05869 -0.91101 1.25999
v 1.06117 0.96389 1.25863
v 1.06451 -0.59859 1.42640
v 1.07100 -0.53180 1.25700
v 1.04559 0.57620 1.42406
v 1.05277 -0.58403 1.26725
v 1.05336 0.62893 1.26735
v 1.04300 0.96520 1.33800
v 1.04414 -0.61576 1.43521
v 1.04898 0.63370 1.42831
v 1.05321 0.65717 1.43810
v 1.07179 -0.92051 1.45752
v 1.05460 -0.61636 1.26389
v 1.06800 -0.92080 1.27600
v 1.04600 -0.53180 1.30850
v 1.04352 -0.63324 1.43095
v 1.05177 0.67900 1.44080
v 1.04403 0.57620 1.28787
v 1.03736 -0.53180 1.40869
v 1.04288 -0.59913 1.39012
v 1.08644 -0.53180 1.39684
v 1.05172 -0.92080 1.35275
v 1.04500 0.96520 1.38494
v 1.05979 0.64282 1.42627
v 1.05427 -0.53330 1.43836
v 1.03776 -0.91979 1.28894
v 1.03822 0.66191 1.28714
v 1.03964 -0.90789 1.42608
v 1.03200 -0.92080 1.31600
v 1.03900 -0.59380 1.31900
v 1.05088 0.57620 1.36944
v 1.04377 -0.58523 1.42888
v 1.03900 -0.53180 1.37525
v 1.03792 0.96470 1.29108
v 1.03703 -0.59856 1.34104
v 1.03215 0.95295 1.40885
v 1.02781 -0.62950 1.30658
v 1.03868 0.64179 1.32801
v 1.02707 -0.53618 1.39489
v 1.02590 -0.92081 1.36756
v 1.02575 0.57629 1.33652
v 1.03158 -0.53236 1.30138
v 1.02013 -0.91181 1.34650
v 1.02470 0.96394 1.32535
v 1.02774 -0.61535 1.31836
v 1.02666 0.65924 1.31905
v 1.02502 0.63247 1.36887
v 1.02402 0.65999 1.38324
v 1.03684 0.58085 1.42119
v 1.02352 0.96487 1.37974
v 1.02157 -0.58272 1.34201
v 1.02549 0.62353 1.32294
v 1.02273 -0.61863 1.37714
v 1.02256 0.59036 1.38711
v 0.64244 -0.64419 0.85640
v 0.74338 0.72087 0.87429
v 1.26324 0.69735 0.89044
v 0.95300 0.71520 0.89800
v 0.76997 0.71159 0.91873
v 0.95300 0.72120 0.97100
v 0.95300 0.71520 0.97900
v 0.95300 0.72120 1.00400
v 0.72881 -0.65370 1.02078
v 1.16427 0.70620 1.02022
v 0.95300 -0.66380 1.02800
v 0.94617 0.71473 1.03051
v 1.26375 0.58113 1.08539
v 0.64186 0.58275 1.14971
v 0.64152 0.58193 1.18288
v 1.26374 -0.53324 1.21569
v 0.94213 -0.59761 1.53145
v 0.95300 0.64420 1.53400
v 0.95300 0.63920 1.54000
v 0.64217 -0.64603 0.89120
v 0.64301 -0.64565 0.92340
v 0.64310 -0.64565 0.95645
v 0.64119 0.57511 1.08433
v 0.64142 -0.53438 1.11803
v 0.64156 -0.53427 1.15010
v 0.64148 0.58064 1.24724
v 0.64136 0.58006 1.28040
v 0.64190 0.57894 1.31267
v 0.64147 0.58042 1.34590
v 0.64148 0.58064 1.41024
v 0.64136 0.58006 1.44340
v 0.64147 0.57975 1.47551
v 0.64124 0.58743 1.50865
v 0.74478 0.70636 0.85608
v 0.75411 0.70787 0.95439
v 0.62058 0.70337 0.97097
v 0.74423 0.70687 0.98575
v 0.62143 0.70500 1.00465
v 0.64235 0.69687 1.02041
v 0.62125 0.69401 1.03397
v 0.62117 -0.65659 0.90510
v 0.62099 -0.65684 0.93791
v 0.61997 0.70374 0.93945
v 0.62077 -0.65663 0.97041
v 0.70300 0.71620 0.97100
v 0.62097 -0.65648 1.00353
v 0.64073 0.58453 1.21452
v 0.62055 0.61039 1.23244
v 0.62043 0.61060 1.26535
v 0.62101 -0.57094 1.29733
v 0.62012 0.61037 1.29738
v 0.62056 0.61049 1.33010
v 0.62020 0.61088 1.36223
v 0.62055 0.61039 1.39544
v 0.62043 0.61060 1.42835
v 0.61000 0.70520 0.84100
v 0.61080 -0.58172 1.53070
v 0.69600 0.63920 1.53400
v 0.73053 -0.58134 1.54163
v 0.69526 0.62612 1.53983
v 0.64176 0.68671 0.85606
v 0.64100 -0.01430 0.89000
v 0.64128 0.69266 0.88984
v 0.64100 -0.07343 0.92200
v 0.64100 0.25495 0.95500
v 0.64316 -0.64543 0.98861
v 0.64100 -0.24505 0.98700
v 0.64112 0.68718 0.98687
v 0.64113 -0.63378 1.01991
v 0.64100 -0.07343 1.02000
v 0.64129 -0.54457 1.05327
v 0.64100 0.05657 1.05300
v 0.64142 0.58488 1.05328
v 0.64121 -0.53542 1.08506
v 0.64100 0.35320 1.08500
v 0.64100 0.22120 1.11800
v 0.64120 0.57453 1.11744
v 0.64100 0.05620 1.15000
v 0.64129 -0.53089 1.18419
v 0.64100 -0.10930 1.18300
v 0.64137 -0.52873 1.21662
v 0.64100 -0.27455 1.21600
v 0.64114 -0.52855 1.24803
v 0.64121 -0.52827 1.28122
v 0.64121 -0.52776 1.31357
v 0.64100 0.22120 1.31300
v 0.64109 -0.52812 1.34646
v 0.64100 -0.04305 1.34600
v 0.64112 -0.52885 1.37938
v 0.64119 0.58146 1.37890
v 0.64141 -0.52840 1.41137
v 0.64100 -0.20843 1.41100
v 0.64121 -0.52827 1.44422
v 0.64119 -0.52777 1.47653
v 0.64100 0.08920 1.47600
v 0.64161 -0.52842 1.50954
v 0.62000 -0.13680 0.87300
v 0.64100 0.19870 0.85700
v 0.64114 0.68719 0.92187
v 0.64100 -0.24505 0.95500
v 0.64113 0.68718 0.95488
v 0.62000 0.30683 1.00400
v 0.62112 -0.56287 1.06850
v 0.62000 -0.11793 1.06900
v 0.62000 -0.04730 1.13400
v 0.62045 0.61684 1.13380
v 0.62000 0.16420 1.19900
v 0.64100 0.22120 1.21600
v 0.62058 -0.65664 0.87242
v 0.62000 0.14345 0.87300
v 0.62010 0.69916 0.87312
v 0.62000 -0.38080 0.90600
v 0.62000 0.30683 0.90600
v 0.62133 0.70522 0.90656
v 0.62000 -0.21880 0.93900
v 0.62000 0.26370 0.93900
v 0.62000 0.10345 0.97100
v 0.62071 -0.64096 1.03565
v 0.62000 -0.11555 1.03600
v 0.62000 0.37995 1.03600
v 0.62038 0.61134 1.06963
v 0.62017 -0.56500 1.10179
v 0.62000 -0.04730 1.10200
v 0.62029 0.61724 1.10165
v 0.62031 -0.56459 1.13391
v 0.62089 -0.56920 1.16665
v 0.62000 -0.18830 1.16700
v 0.62000 0.33970 1.16700
v 0.62053 0.61077 1.16741
v 0.62018 -0.56485 1.19889
v 0.62008 0.60625 1.19910
v 0.62101 -0.57094 1.23233
v 0.62000 0.04057 1.23200
v 0.62097 -0.57125 1.26523
v 0.62000 0.04057 1.26500
v 0.62000 -0.01205 1.29700
v 0.62108 -0.57051 1.33045
v 0.62000 -0.18830 1.33000
v 0.62000 0.26945 1.33000
v 0.62093 -0.57135 1.36248
v 0.62000 0.02295 1.36200
v 0.62101 -0.57094 1.39533
v 0.62000 0.04057 1.39500
v 0.62097 -0.57125 1.42823
v 0.62000 0.04057 1.42800
v 0.62058 -0.57093 1.46020
v 0.62000 0.05845 1.46000
v 0.62012 0.61037 1.46038
v 0.62087 -0.57050 1.49340
v 0.62000 -0.13543 1.49300
v 0.62053 0.61004 1.49339
v 0.61250 -0.40205 1.52950
v 0.64100 0.08920 1.50900
v 0.61125 0.09520 1.53175
v 0.61028 0.62328 1.53120
v 0.61000 -0.65980 0.84100
v 0.61000 0.10545 0.84100
v 0.61000 -0.19480 1.53400
usemtl m072
f 7419 7451 7204
f 7204 7149 7419
f 7534 7251 7082
f 7534 7483 7251
f 7117 7204 7083
f 7437 7462 7422
f 7437 7422 7058
f 7462 7464 7423
f 7462 7423 7422
f 7295 7058 7422
f 7295 7422 7423
f 7058 7256 7437
f 7555 7437 7098
f 7256 7098 7437
f 7436 7555 7098
f 7098 7173 7436
f 7552 7436 7096
f 7173 7096 7436
f 7435 7552 7096
f 7096 7169 7435
f 7459 7435 7094
f 7169 7094 7435
f 7434 7459 7094
f 7094 7166 7434
f 7458 7434 7092
f 7166 7092 7434
f 7494 7458 7092
f 7092 7163 7494
f 7457 7494 7090
f 7163 7090 7494
f 7433 7457 7090
f 7090 7161 7433
f 7456 7433 7088
f 7161 7088 7433
f 7432 7456 7088
f 7088 7159 7432
f 7455 7432 7087
f 7159 7087 7432
f 7431 7455 7087
f 7087 7157 7431
f 7453 7431 7086
f 7157 7086 7431
f 7430 7453 7086
f 7086 7154 7430
f 7452 7430 7084
f 7154 7084 7430
f 7451 7452 7084
f 7084 7151 7451
f 7151 7204 7451
f 7232 7186 7438
f 7460 7438 7186
f 7102 7232 7406
f 7438 7406 7232
f 7407 7102 7406
f 7467 7407 7406
f 7064 7407 7408
f 7064 7408 7409
f 7467 7518 7408
f 7467 7408 7407
f 7518 7409 7408
f 7127 7064 7409
f 7409 7197 7127
f 7409 7447 7197
f 7233 7197 7439
f 7447 7439 7197
f 7110 7233 7439
f 7110 7439 7410
f 7440 7449 7410
f 7440 7410 7439
f 7132 7234 7411
f 7132 7411 7441
f 7234 7110 7410
f 7234 7410 7411
f 7449 7441 7411
f 7449 7411 7410
f 7200 7132 7441
f 7200 7441 7412
f 7442 7412 7441
f 7414 7200 7412
f 7414 7412 7443
f 7442 7443 7412
f 7235 7414 7416
f 7443 7444 7416
f 7443 7416 7414
f 7139 7235 7416
f 7444 7139 7416
f 7444 7477 7139
f 7477 7201 7139
f 7477 7525 7201
f 7417 7201 7525
f 7525 7427 7417
f 7202 7417 7528
f 7427 7528 7417
f 7249 7202 7528
f 7528 7481 7249
f 7203 7249 7510
f 7481 7510 7249
f 7250 7203 7510
f 7250 7510 7418
f 7081 7250 7418
f 7533 7081 7418
f 7149 7081 7419
f 7533 7419 7081
f 7463 7558 7562
f 7557 7562 7558
f 7557 7556 7562
f 7500 7557 7554
f 7499 7498 7554
f 7498 7551 7550
f 7498 7499 7551
f 7551 7497 7550
f 7494 7493 7547
f 7493 7494 7545
f 7492 7543 7542
f 7542 7490 7489
f 7489 7490 7540
f 7512 7486 7537
f 7486 7512 7511
f 7486 7511 7534
f 7466 7467 7514
f 7467 7466 7517
f 7517 7468 7503
f 7503 7468 7520
f 7468 7519 7520
f 7520 7519 7469
f 7521 7471 7472
f 7443 7474 7524
f 7474 7523 7524
f 7524 7523 7476
f 7478 7479 7508
f 7527 7528 7479
f 7527 7479 7478
f 7528 7527 7480
f 7509 7510 7480
f 7510 7509 7482
f 7482 7531 7532
f 7532 7531 7484
f 7054 7187 7421
f 7187 7188 7421
f 7463 7461 7421
f 7463 7421 7188
f 7174 7054 7421
f 7461 7500 7174
f 7461 7174 7421
f 7212 7174 7553
f 7500 7553 7174
f 7170 7212 7553
f 7553 7498 7170
f 7211 7170 7550
f 7498 7550 7170
f 7255 7211 7550
f 7550 7497 7255
f 7210 7255 7548
f 7497 7548 7255
f 7254 7210 7548
f 7548 7495 7254
f 7209 7254 7546
f 7495 7546 7254
f 7121 7209 7546
f 7546 7493 7121
f 7089 7121 7544
f 7493 7544 7121
f 7253 7089 7544
f 7544 7491 7253
f 7208 7253 7541
f 7491 7541 7253
f 7252 7208 7541
f 7541 7489 7252
f 7207 7252 7454
f 7489 7454 7252
f 7155 7207 7454
f 7454 7488 7155
f 7206 7155 7538
f 7488 7538 7155
f 7152 7206 7538
f 7538 7487 7152
f 7205 7152 7536
f 7487 7536 7152
f 7420 7205 7536
f 7536 7485 7420
f 7485 7082 7420
f 7485 7534 7082
f 7185 7099 7405
f 7185 7405 7560
f 7513 7405 7194
f 7099 7194 7405
f 7424 7513 7194
f 7194 7101 7424
f 7445 7424 7195
f 7101 7195 7424
f 7425 7445 7195
f 7195 7103 7425
f 7446 7425 7196
f 7103 7196 7425
f 7426 7446 7196
f 7196 7106 7426
f 7448 7426 7198
f 7106 7198 7426
f 7470 7448 7198
f 7198 7109 7470
f 7450 7470 7199
f 7109 7199 7470
f 7413 7450 7199
f 7199 7246 7413
f 7522 7413 7415
f 7522 7415 7071
f 7246 7415 7413
f 7246 7071 7415
f 7475 7522 7071
f 7071 7247 7475
f 7247 7507 7475
f 7247 7073 7507
f 7478 7507 7073
f 7073 7248 7478
f 7526 7478 7074
f 7248 7074 7478
f 7428 7526 7074
f 7074 7142 7428
f 7529 7428 7077
f 7142 7077 7428
f 7429 7529 7077
f 7077 7146 7429
f 7146 7530 7429
f 7146 7079 7530
f 7079 7483 7530
f 7079 7251 7483
f 7175 7176 7055
f 7097 7176 7175
f 7172 7098 7097
f 7168 7096 7095
f 7123 7091 7165
f 7091 7123 7162
f 7162 7163 7091
f 7162 7122 7163
f 7160 7161 7122
f 7160 7120 7161
f 7120 7159 7088
f 7157 7087 7119
f 7060 7059 7100
f 7124 7059 7060
f 7125 7104 7107
f 7130 7112 7070
f 7070 7134 7111
f 7134 7133 7111
f 7133 7134 7072
f 7072 7138 7137
f 7076 7075 7140
f 7075 7076 7143
f 7080 7117 7148
f 7188 7189 7463
f 7189 7295 7423
f 7464 7189 7423
f 7464 7463 7189
f 7535 7451 7419
f 7534 7511 7484
f 7511 7535 7419
f 7484 7511 7419
f 7534 7484 7483
f 7083 7082 7251
f 7251 7148 7083
f 7148 7117 7083
f 7204 7117 7149
f 7464 7462 7559
f 7437 7559 7462
f 7463 7464 7559
f 7463 7559 7558
f 7463 7556 7461
f 7463 7562 7556
f 7437 7557 7559
f 7558 7559 7557
f 7461 7556 7500
f 7556 7557 7500
f 7557 7437 7555
f 7557 7555 7554
f 7554 7553 7500
f 7436 7499 7555
f 7554 7555 7499
f 7554 7498 7553
f 7552 7499 7436
f 7552 7551 7499
f 7552 7435 7551
f 7435 7497 7551
f 7435 7459 7549
f 7497 7435 7549
f 7497 7549 7548
f 7549 7459 7434
f 7434 7496 7549
f 7548 7496 7495
f 7548 7549 7496
f 7434 7547 7496
f 7434 7458 7547
f 7495 7547 7546
f 7547 7495 7496
f 7547 7458 7494
f 7546 7547 7493
f 7545 7494 7457
f 7493 7545 7544
f 7545 7457 7433
f 7433 7492 7545
f 7492 7491 7545
f 7544 7545 7491
f 7456 7543 7433
f 7492 7433 7543
f 7491 7542 7541
f 7491 7492 7542
f 7543 7456 7432
f 7432 7490 7543
f 7542 7543 7490
f 7541 7542 7489
f 7455 7490 7432
f 7455 7540 7490
f 7489 7540 7454
f 7455 7431 7540
f 7431 7488 7540
f 7454 7540 7488
f 7431 7453 7539
f 7488 7431 7539
f 7488 7539 7538
f 7539 7453 7430
f 7430 7487 7539
f 7538 7539 7487
f 7430 7537 7487
f 7430 7452 7537
f 7487 7537 7536
f 7451 7512 7452
f 7537 7452 7512
f 7536 7486 7485
f 7536 7537 7486
f 7512 7451 7535
f 7512 7535 7511
f 7534 7485 7486
f 7561 7405 7502
f 7561 7560 7405
f 7460 7465 7438
f 7460 7502 7465
f 7460 7561 7502
f 7502 7501 7514
f 7502 7405 7501
f 7513 7501 7405
f 7515 7406 7438
f 7438 7465 7515
f 7514 7515 7465
f 7514 7465 7502
f 7513 7424 7501
f 7514 7501 7466
f 7424 7466 7501
f 7406 7515 7467
f 7515 7514 7467
f 7424 7445 7516
f 7466 7424 7516
f 7466 7516 7517
f 7467 7517 7518
f 7516 7445 7425
f 7516 7425 7468
f 7517 7516 7468
f 7518 7503 7409
f 7518 7517 7503
f 7468 7425 7446
f 7468 7446 7519
f 7409 7503 7447
f 7503 7520 7447
f 7519 7446 7426
f 7519 7426 7504
f 7504 7469 7519
f 7447 7505 7439
f 7447 7469 7505
f 7447 7520 7469
f 7504 7426 7448
f 7469 7504 7521
f 7448 7521 7504
f 7439 7505 7440
f 7505 7469 7440
f 7469 7521 7440
f 7448 7470 7471
f 7521 7448 7471
f 7449 7440 7472
f 7449 7472 7441
f 7440 7521 7472
f 7471 7470 7450
f 7472 7471 7506
f 7450 7506 7471
f 7441 7472 7442
f 7472 7506 7442
f 7413 7473 7450
f 7450 7473 7474
f 7506 7450 7474
f 7443 7506 7474
f 7443 7442 7506
f 7473 7413 7522
f 7474 7473 7522
f 7474 7522 7523
f 7443 7524 7444
f 7523 7522 7475
f 7475 7476 7523
f 7444 7524 7477
f 7476 7477 7524
f 7475 7508 7476
f 7475 7507 7508
f 7508 7525 7476
f 7477 7476 7525
f 7508 7507 7478
f 7525 7479 7427
f 7525 7508 7479
f 7527 7478 7526
f 7427 7479 7528
f 7527 7526 7428
f 7428 7480 7527
f 7528 7480 7481
f 7480 7428 7509
f 7529 7509 7428
f 7481 7480 7510
f 7509 7529 7429
f 7509 7429 7482
f 7482 7418 7510
f 7429 7531 7482
f 7530 7531 7429
f 7532 7533 7418
f 7482 7532 7418
f 7483 7484 7531
f 7483 7531 7530
f 7484 7419 7532
f 7533 7532 7419
f 7188 7187 7054
f 7188 7054 7057
f 7189 7188 7057
f 7189 7057 7055
f 7295 7189 7056
f 7295 7056 7058
f 7176 7058 7056
f 7176 7056 7055
f 7189 7055 7056
f 7174 7175 7054
f 7057 7054 7175
f 7057 7175 7055
f 7058 7176 7256
f 7212 7175 7174
f 7212 7097 7175
f 7256 7176 7098
f 7097 7098 7176
f 7212 7171 7097
f 7212 7170 7171
f 7171 7172 7097
f 7172 7173 7098
f 7211 7095 7170
f 7171 7170 7095
f 7095 7172 7171
f 7095 7096 7172
f 7173 7172 7096
f 7095 7211 7255
f 7095 7255 7167
f 7167 7168 7095
f 7096 7168 7169
f 7167 7255 7210
f 7210 7093 7167
f 7093 7168 7167
f 7169 7093 7094
f 7169 7168 7093
f 7210 7254 7164
f 7093 7210 7164
f 7164 7165 7093
f 7094 7165 7166
f 7165 7094 7093
f 7209 7164 7254
f 7165 7164 7123
f 7209 7123 7164
f 7166 7091 7092
f 7166 7165 7091
f 7123 7209 7121
f 7123 7121 7162
f 7163 7092 7091
f 7162 7089 7122
f 7162 7121 7089
f 7163 7122 7090
f 7089 7253 7160
f 7122 7089 7160
f 7161 7090 7122
f 7253 7208 7160
f 7160 7208 7120
f 7161 7120 7088
f 7252 7158 7208
f 7120 7208 7158
f 7158 7159 7120
f 7158 7252 7207
f 7159 7158 7119
f 7207 7119 7158
f 7119 7087 7159
f 7155 7156 7207
f 7119 7207 7156
f 7156 7157 7119
f 7156 7155 7206
f 7206 7085 7156
f 7085 7157 7156
f 7157 7085 7086
f 7152 7153 7206
f 7085 7206 7153
f 7153 7154 7085
f 7154 7086 7085
f 7205 7118 7152
f 7154 7153 7118
f 7153 7152 7118
f 7118 7084 7154
f 7205 7420 7118
f 7420 7150 7118
f 7084 7150 7151
f 7084 7118 7150
f 7420 7083 7150
f 7082 7083 7420
f 7083 7204 7150
f 7151 7150 7204
f 7053 7186 7232
f 7052 7232 7100
f 7052 7053 7232
f 7185 7051 7099
f 7051 7100 7099
f 7051 7052 7100
f 7102 7060 7232
f 7100 7232 7060
f 7059 7194 7099
f 7059 7099 7100
f 7060 7102 7407
f 7407 7124 7060
f 7194 7059 7101
f 7124 7101 7059
f 7407 7064 7063
f 7407 7063 7124
f 7063 7062 7124
f 7061 7195 7101
f 7101 7124 7061
f 7124 7062 7061
f 7063 7064 7127
f 7063 7127 7126
f 7063 7126 7062
f 7126 7105 7062
f 7105 7125 7062
f 7195 7061 7103
f 7061 7125 7103
f 7061 7062 7125
f 7197 7108 7127
f 7126 7127 7108
f 7126 7108 7066
f 7125 7105 7104
f 7105 7126 7066
f 7104 7105 7066
f 7065 7196 7103
f 7107 7065 7103
f 7125 7107 7103
f 7066 7108 7233
f 7108 7197 7233
f 7104 7066 7233
f 7233 7129 7104
f 7129 7107 7104
f 7129 7128 7107
f 7196 7065 7106
f 7128 7106 7107
f 7065 7107 7106
f 7110 7129 7233
f 7128 7129 7068
f 7110 7068 7129
f 7067 7198 7106
f 7106 7128 7067
f 7128 7068 7067
f 7132 7110 7234
f 7132 7131 7110
f 7110 7131 7068
f 7131 7130 7068
f 7198 7067 7109
f 7067 7130 7109
f 7067 7068 7130
f 7131 7132 7200
f 7131 7200 7112
f 7130 7131 7112
f 7069 7199 7109
f 7109 7111 7069
f 7109 7130 7111
f 7130 7070 7111
f 7200 7414 7135
f 7135 7112 7200
f 7135 7113 7112
f 7113 7134 7070
f 7113 7070 7112
f 7133 7246 7199
f 7199 7069 7133
f 7133 7069 7111
f 7135 7414 7235
f 7135 7235 7113
f 7235 7072 7113
f 7134 7113 7072
f 7246 7133 7071
f 7133 7072 7071
f 7072 7235 7138
f 7139 7138 7235
f 7136 7247 7071
f 7071 7072 7136
f 7137 7136 7072
f 7139 7201 7115
f 7139 7115 7138
f 7137 7138 7114
f 7115 7114 7138
f 7247 7136 7073
f 7114 7073 7137
f 7136 7137 7073
f 7115 7201 7417
f 7417 7141 7115
f 7114 7115 7141
f 7141 7140 7114
f 7073 7140 7248
f 7073 7114 7140
f 7141 7202 7076
f 7141 7417 7202
f 7140 7141 7076
f 7248 7075 7074
f 7248 7140 7075
f 7202 7249 7145
f 7076 7202 7145
f 7144 7076 7145
f 7144 7143 7076
f 7074 7143 7142
f 7143 7074 7075
f 7145 7249 7203
f 7203 7078 7145
f 7078 7144 7145
f 7143 7144 7078
f 7078 7077 7143
f 7142 7143 7077
f 7078 7203 7250
f 7078 7250 7147
f 7147 7146 7078
f 7077 7078 7146
f 7250 7116 7147
f 7081 7116 7250
f 7116 7080 7147
f 7146 7147 7079
f 7147 7080 7079
f 7149 7117 7116
f 7149 7116 7081
f 7117 7080 7116
f 7079 7148 7251
f 7079 7080 7148
f 7377 7384 7352
f 7386 7400 7398
f 7352 7338 7324
f 7384 7377 7394
f 7341 7335 7289
f 7290 7289 7335
f 7242 7225 7289
f 7242 7184 7225
f 7177 7223 7184
f 7223 7217 7240
f 7324 7338 7275
f 7343 7352 7324
f 7396 7394 7377
f 7398 7400 7394
f 7367 7341 7386
f 7335 7341 7367
f 7242 7289 7290
f 7177 7184 7191
f 7223 7177 7217
f 7237 7240 7217
f 7297 7275 7237
f 7237 7275 7240
f 7352 7343 7377
f 7394 7396 7398
f 7386 7398 7367
f 7361 7367 7398
f 7335 7367 7361
f 7301 7290 7335
f 7184 7242 7191
f 7227 7177 7191
f 7217 7177 7237
f 7237 7177 7227
f 7275 7297 7324
f 7324 7297 7300
f 7300 7297 7237
f 7357 7350 7344
f 7350 7357 7298
f 7298 7357 7333
f 7344 7391 7402
f 7344 7402 7357
f 7391 7404 7402
f 7402 7404 7397
f 7404 7399 7360
f 7404 7360 7397
f 7399 7340 7319
f 7399 7319 7360
f 7340 7288 7318
f 7340 7318 7319
f 7231 7288 7222
f 7288 7231 7318
f 7224 7190 7222
f 7222 7190 7231
f 7224 7180 7190
f 7180 7236 7190
f 7180 7267 7266
f 7180 7266 7236
f 7267 7298 7333
f 7267 7333 7266
f 7281 7261 7347
f 7347 7261 7373
f 7373 7261 7358
f 7358 7261 7327
f 7327 7261 7320
f 7381 7271 7321
f 7278 7228 7271
f 7278 7271 7314
f 7309 7324 7292
f 7309 7343 7324
f 7309 7388 7343
f 7343 7388 7377
f 7388 7396 7377
f 7388 7398 7396
f 7388 7374 7398
f 7374 7361 7398
f 7374 7301 7335
f 7374 7335 7361
f 7374 7305 7301
f 7290 7301 7305
f 7305 7238 7290
f 7290 7238 7242
f 7238 7239 7191
f 7238 7191 7242
f 7239 7237 7227
f 7239 7227 7191
f 7239 7269 7237
f 7269 7292 7237
f 7324 7300 7292
f 7292 7300 7237
f 7333 7357 7309
f 7357 7388 7309
f 7357 7402 7397
f 7357 7397 7388
f 7397 7360 7374
f 7397 7374 7388
f 7374 7360 7319
f 7319 7305 7374
f 7318 7305 7319
f 7231 7238 7318
f 7318 7238 7305
f 7231 7190 7238
f 7236 7238 7190
f 7236 7239 7238
f 7239 7236 7266
f 7266 7269 7239
f 7266 7292 7269
f 7266 7333 7292
f 7292 7333 7309
f 7338 7304 7275
f 7275 7304 7320
f 7275 7320 7240
f 7240 7320 7260
f 7240 7260 7223
f 7223 7260 7229
f 7184 7223 7259
f 7225 7184 7270
f 7261 7270 7184
f 7225 7270 7281
f 7225 7281 7289
f 7289 7281 7307
f 7289 7307 7347
f 7289 7347 7341
f 7341 7347 7345
f 7341 7345 7400
f 7341 7400 7386
f 7358 7394 7400
f 7327 7352 7384
f 7352 7348 7338
f 7344 7350 7330
f 7344 7368 7391
f 7404 7391 7399
f 7355 7399 7381
f 7381 7399 7391
f 7399 7355 7340
f 7340 7355 7321
f 7340 7321 7288
f 7306 7288 7321
f 7258 7180 7214
f 7214 7180 7224
f 7267 7180 7228
f 7228 7180 7258
f 7267 7314 7298
f 7298 7314 7303
f 7298 7303 7350
f 7338 7320 7304
f 7320 7338 7327
f 7320 7261 7260
f 7259 7229 7261
f 7261 7229 7260
f 7259 7223 7229
f 7261 7184 7259
f 7270 7261 7281
f 7307 7281 7347
f 7345 7347 7400
f 7373 7400 7347
f 7400 7373 7358
f 7394 7358 7384
f 7384 7358 7327
f 7352 7327 7348
f 7327 7338 7348
f 7271 7350 7314
f 7344 7330 7271
f 7271 7330 7350
f 7344 7271 7368
f 7381 7368 7271
f 7381 7391 7368
f 7321 7355 7381
f 7323 7316 7321
f 7271 7316 7323
f 7271 7323 7321
f 7321 7316 7306
f 7288 7306 7271
f 7271 7306 7316
f 7222 7288 7224
f 7271 7224 7288
f 7271 7258 7224
f 7224 7258 7214
f 7271 7228 7258
f 7278 7267 7228
f 7267 7278 7314
f 7314 7350 7303
f 7276 7264 7216
f 7393 7378 7403
f 7378 7362 7326
f 7362 7325 7326
f 7241 7192 7183
f 7181 7178 7192
f 7181 7216 7178
f 7310 7336 7337
f 7336 7351 7363
f 7363 7337 7336
f 7351 7376 7363
f 7387 7363 7376
f 7376 7393 7387
f 7403 7387 7393
f 7366 7403 7378
f 7326 7366 7378
f 7277 7326 7325
f 7325 7285 7286
f 7286 7277 7325
f 7220 7262 7285
f 7262 7286 7285
f 7285 7241 7220
f 7183 7220 7241
f 7264 7178 7216
f 7276 7332 7264
f 7276 7310 7332
f 7363 7332 7337
f 7395 7363 7387
f 7403 7395 7387
f 7403 7366 7359
f 7366 7326 7359
f 7277 7359 7326
f 7277 7286 7262
f 7183 7262 7220
f 7183 7192 7226
f 7192 7178 7226
f 7226 7178 7264
f 7268 7226 7264
f 7264 7332 7268
f 7310 7337 7332
f 7349 7311 7356
f 7311 7312 7356
f 7349 7356 7392
f 7392 7356 7401
f 7392 7401 7389
f 7401 7382 7389
f 7389 7382 7375
f 7375 7382 7339
f 7382 7334 7339
f 7299 7339 7287
f 7339 7334 7287
f 7299 7287 7245
f 7245 7287 7221
f 7245 7221 7193
f 7193 7221 7179
f 7193 7179 7182
f 7182 7179 7243
f 7243 7179 7265
f 7243 7265 7284
f 7312 7311 7296
f 7284 7296 7311
f 7284 7265 7296
f 7315 7372 7280
f 7372 7328 7280
f 7328 7308 7280
f 7291 7332 7363
f 7291 7363 7342
f 7342 7363 7395
f 7342 7395 7385
f 7385 7395 7403
f 7385 7403 7359
f 7385 7359 7370
f 7370 7359 7353
f 7353 7359 7329
f 7329 7359 7277
f 7329 7277 7317
f 7317 7277 7274
f 7262 7274 7277
f 7274 7262 7244
f 7244 7262 7183
f 7244 7183 7218
f 7218 7183 7226
f 7218 7226 7273
f 7273 7226 7268
f 7273 7268 7291
f 7291 7268 7332
f 7312 7296 7291
f 7312 7291 7342
f 7312 7342 7356
f 7356 7380 7401
f 7356 7342 7385
f 7356 7385 7380
f 7385 7401 7380
f 7370 7401 7385
f 7401 7370 7382
f 7353 7382 7370
f 7382 7353 7329
f 7329 7334 7382
f 7329 7317 7334
f 7334 7317 7287
f 7274 7287 7317
f 7287 7263 7221
f 7287 7274 7244
f 7287 7244 7263
f 7244 7221 7263
f 7218 7221 7244
f 7218 7219 7221
f 7219 7179 7221
f 7219 7218 7273
f 7273 7179 7219
f 7179 7273 7265
f 7265 7273 7291
f 7265 7291 7296
f 7336 7310 7328
f 7276 7216 7279
f 7216 7181 7279
f 7181 7215 7279
f 7181 7192 7215
f 7192 7241 7215
f 7241 7213 7215
f 7285 7293 7241
f 7285 7325 7293
f 7325 7362 7293
f 7378 7393 7390
f 7378 7390 7362
f 7393 7376 7379
f 7393 7379 7390
f 7351 7336 7328
f 7351 7328 7376
f 7311 7349 7322
f 7349 7354 7322
f 7369 7392 7389
f 7389 7375 7369
f 7375 7339 7331
f 7331 7369 7375
f 7339 7299 7331
f 7299 7245 7294
f 7245 7193 7294
f 7230 7193 7182
f 7243 7302 7182
f 7243 7284 7302
f 7284 7311 7302
f 7311 7322 7302
f 7310 7276 7308
f 7280 7308 7276
f 7308 7328 7310
f 7280 7276 7279
f 7280 7279 7215
f 7213 7241 7280
f 7215 7213 7280
f 7241 7272 7280
f 7241 7293 7283
f 7241 7283 7272
f 7280 7272 7283
f 7293 7315 7283
f 7315 7280 7283
f 7293 7362 7315
f 7315 7362 7372
f 7362 7390 7372
f 7390 7379 7372
f 7379 7376 7364
f 7372 7379 7364
f 7376 7328 7364
f 7328 7372 7364
f 7346 7313 7322
f 7346 7322 7354
f 7354 7349 7365
f 7346 7354 7365
f 7349 7392 7365
f 7371 7365 7392
f 7371 7346 7365
f 7371 7392 7383
f 7392 7369 7383
f 7371 7383 7369
f 7371 7369 7331
f 7331 7299 7294
f 7371 7331 7294
f 7346 7371 7294
f 7294 7193 7346
f 7346 7193 7257
f 7193 7230 7257
f 7230 7182 7257
f 7182 7302 7257
f 7302 7282 7257
f 7302 7313 7282
f 7302 7322 7313
f 7346 7257 7282
f 7346 7282 7313
v 1.24700 0.38820 1.68200
v 1.24700 0.82920 1.68200
v 1.24700 0.38820 1.69000
v 1.24700 0.82920 1.69000
v 1.24600 0.38120 1.69000
v 1.24513 0.37760 1.68200
v 1.24117 0.36979 1.69000
v 1.23900 0.36720 1.68200
v 1.23400 0.36220 1.69000
v 1.23300 0.38920 1.68500
v 1.23300 0.82720 1.68500
v 1.23300 0.38920 1.69000
v 1.23300 0.82720 1.69000
v 1.23200 0.38420 1.68500
v 1.23100 0.38020 1.68500
v 1.23114 0.38043 1.69000
v 1.23188 0.36041 1.68200
v 1.22800 0.37620 1.68500
v 1.22301 0.35567 1.69000
v 1.22652 0.37447 1.69000
v 1.22350 0.37220 1.68500
v 1.22200 0.37120 1.69000
v 1.22100 0.35520 1.68200
v 1.21700 0.36920 1.68500
v 1.21700 0.36920 1.69000
v 1.21300 0.35420 1.68200
v 1.21300 0.35420 1.69000
v 1.21200 0.36920 1.68500
v 1.20800 -1.02280 1.68200
v 1.20664 -0.58612 1.68200
v 1.20800 -1.02280 1.69000
v 1.20800 -0.59580 1.69000
v 1.20700 -1.02780 1.69000
v 1.20560 -1.03377 1.69000
v 1.20587 -1.03329 1.68200
v 1.19945 -0.57613 1.68200
v 1.20609 -0.58493 1.69000
v 1.19900 -1.04080 1.69000
v 1.19457 -1.04404 1.69000
v 1.19400 -1.02180 1.68500
v 1.19400 -0.59580 1.68500
v 1.19400 -1.02180 1.69000
v 1.19400 -0.59580 1.69000
v 1.19300 -1.02680 1.68500
v 1.19300 -1.02480 1.68500
v 1.19300 -0.59280 1.68500
v 1.19300 -0.59080 1.68500
v 1.19284 -1.02648 1.69000
v 1.19289 -0.59085 1.69000
v 1.19200 -1.02780 1.68500
v 1.19010 -1.02970 1.69000
v 1.19561 -1.04369 1.68200
v 1.19065 -0.57063 1.68200
v 1.19100 -0.58880 1.69000
v 1.19635 -0.57342 1.69000
v 1.19000 -1.02980 1.68500
v 1.19050 -0.58780 1.68500
v 1.18900 -1.03080 1.68500
v 1.18800 -0.58580 1.68500
v 1.19000 -0.58680 1.69000
v 1.18700 -1.03080 1.68500
v 1.18879 -1.03069 1.69000
v 1.18600 -0.58480 1.68500
v 1.18391 -0.58398 1.69000
v 1.18500 -1.04580 1.68200
v 1.18500 -1.03180 1.68500
v 1.18500 -1.04580 1.69000
v 1.18500 -1.03180 1.69000
v 1.18300 -0.58380 1.68500
v 1.14844 -0.56395 1.68200
v 1.15000 -0.57980 1.68500
v 1.14539 -0.57878 1.69000
v 1.14863 -0.56365 1.69000
v 1.14600 1.18120 1.68200
v 1.14600 1.18120 1.69000
v 1.14300 -0.56180 1.68200
v 1.14300 1.18920 1.68200
v 1.14300 -0.57780 1.68500
v 1.13446 -0.55338 1.68200
v 1.13788 1.19772 1.68200
v 1.14094 1.19361 1.69000
v 1.13995 -0.56010 1.69000
v 1.13500 -0.57380 1.68500
v 1.13176 -0.57160 1.69000
v 1.13300 1.17620 1.68500
v 1.13300 1.17620 1.69000
v 1.13300 1.20220 1.69000
v 1.13200 -0.54480 1.68200
v 1.13091 -0.51727 1.68200
v 1.13221 -0.54801 1.69000
v 1.13100 1.18220 1.68500
v 1.13193 -0.52217 1.69000
v 1.12937 1.18552 1.69000
v 1.12900 -0.56880 1.68500
v 1.12800 1.18720 1.68500
v 1.12700 1.20720 1.68200
v 1.12158 -0.50513 1.68200
v 1.12400 -0.56280 1.68500
v 1.12400 1.19120 1.68500
v 1.12530 -0.50792 1.69000
v 1.11234 1.21318 1.68200
v 1.12000 -0.55480 1.68500
v 1.12130 -0.55845 1.69000
v 1.12669 1.20743 1.69000
v 1.11900 1.19420 1.68500
v 1.12400 1.19120 1.69000
v 1.11800 -0.52980 1.68500
v 1.11800 -0.54680 1.69000
v 1.11737 -0.53864 1.69000
v 1.11800 -0.52580 1.69000
v 1.11750 -0.54330 1.68500
v 1.11800 -0.52580 1.68500
v 1.11600 -0.52080 1.68500
v 1.11633 -0.52180 1.69000
v 1.11500 -0.51880 1.68500
v 1.11396 -0.51747 1.69000
v 1.11400 1.19720 1.68500
v 1.11378 1.19731 1.69000
v 1.11300 -0.51680 1.68500
v 1.11200 -0.50080 1.68200
v 1.11200 -0.50080 1.69000
v 1.11200 1.21320 1.69000
v 1.11100 -0.51580 1.69000
v 1.10900 1.19820 1.68500
v 1.10950 -0.51530 1.68500
v 1.10800 -0.51480 1.69000
v 1.10300 1.21320 1.68200
v 1.10300 1.19920 1.68500
v 1.10300 1.19920 1.69000
v 1.10300 1.21320 1.69000
v 1.01700 0.40220 1.68500
v 1.01700 0.42220 1.68500
v 1.01700 0.40220 1.69000
v 1.01700 0.42220 1.69000
v 1.01200 0.36920 1.68500
v 1.01500 0.36920 1.69000
v 1.01400 0.35420 1.68200
v 1.01400 0.35420 1.69000
v 1.01200 0.43920 1.68500
v 1.01200 0.36920 1.69000
v 1.01200 0.43920 1.69000
v 1.01100 0.38520 1.68500
v 1.00809 0.37901 1.69000
v 1.01000 0.37020 1.68500
v 1.00952 0.37053 1.69000
v 1.00900 0.37120 1.68500
v 1.00800 0.37620 1.68500
v 1.00800 0.37920 1.68500
v 1.00407 0.35664 1.69000
v 1.00800 0.37320 1.69000
v 1.00700 0.37520 1.68500
v 1.00726 0.37530 1.69000
v 1.00300 0.40520 1.68200
v 1.00300 0.42020 1.68200
v 1.00300 0.40520 1.69000
v 1.00300 0.42020 1.69000
v 1.00517 0.35607 1.68200
v 1.00200 0.45520 1.68500
v 1.00200 0.45520 1.69000
v 0.99900 0.43420 1.68200
v 0.99900 0.43420 1.69000
v 0.99800 0.39020 1.68200
v 0.99800 0.36220 1.69000
v 0.99663 0.36388 1.68200
v 0.99322 0.38098 1.68200
v 0.99322 0.37142 1.69000
v 0.99700 0.38853 1.69000
v 0.99300 0.37320 1.68200
v 0.99300 0.37920 1.69000
v 0.99100 0.44620 1.68200
v 0.99100 0.44620 1.69000
v 0.98900 0.46720 1.68500
v 0.98900 0.46720 1.69000
v 0.98100 0.45520 1.68200
v 0.98100 0.45520 1.69000
v 0.97200 0.47620 1.68500
v 0.97200 0.47620 1.69000
v 0.96700 0.46220 1.68200
v 0.96700 0.46220 1.69000
v 0.95300 0.47920 1.68500
v 0.95300 0.47920 1.69000
v 0.95200 0.46420 1.68200
v 0.95200 0.46420 1.69000
v 0.92500 0.37311 1.68200
v 0.92638 0.35879 1.69000
v 0.92437 0.34855 1.68200
v 0.92100 0.34020 1.69000
v 0.90897 0.39566 1.68200
v 0.92252 0.37855 1.69000
v 0.91100 0.35520 1.68500
v 0.91100 0.36320 1.68500
v 0.91154 0.35910 1.69000
v 0.90900 0.37120 1.68500
v 0.90712 0.37551 1.69000
v 0.90800 0.34620 1.68500
v 0.90800 0.34620 1.69000
v 0.90500 0.37820 1.68500
v 0.89900 0.38420 1.68500
v 0.89600 0.40120 1.68200
v 0.90578 0.39801 1.69000
v 0.89200 0.38720 1.68500
v 0.89665 0.38575 1.69000
v 0.88300 0.40320 1.68200
v 0.88300 0.40320 1.69000
v 0.88200 0.38920 1.68500
v 0.88200 0.38920 1.69000
v 0.77300 -0.46680 1.68200
v 0.77300 -0.47880 1.68500
v 0.77200 -0.47880 1.69000
v 0.77300 -0.46680 1.69000
v 0.77200 -0.53080 1.68500
v 0.77200 -0.52480 1.68500
v 0.77200 -0.47980 1.68500
v 0.77200 -0.47880 1.68500
v 0.77200 -0.53080 1.69000
v 0.77177 -0.48034 1.69000
v 0.77100 -0.48080 1.68500
v 0.77000 -0.46680 1.68200
v 0.77000 -0.53680 1.68500
v 0.77000 -0.48080 1.68500
v 0.77000 -0.48080 1.69000
v 0.76900 -0.48080 1.69000
v 0.76700 -0.46680 1.68200
v 0.76600 -0.54180 1.68500
v 0.77000 -0.53680 1.69000
v 0.76077 -0.47042 1.68200
v 0.76552 -0.46693 1.69000
v 0.76200 -0.54680 1.68500
v 0.75905 -0.54935 1.69000
v 0.76000 -0.47180 1.69000
v 0.75740 -0.53032 1.68200
v 0.75800 -0.47780 1.68200
v 0.75800 -0.47780 1.69000
v 0.75781 -0.52936 1.69000
v 0.75600 -0.55080 1.68500
v 0.75000 -0.53780 1.68200
v 0.75000 -0.55280 1.69000
v 0.74946 -0.53827 1.69000
v 0.74700 -0.53880 1.68200
v 0.75000 -0.55280 1.68500
v 0.74400 -0.55280 1.69000
v 0.74300 -0.53880 1.68200
v 0.74300 -0.53880 1.69000
v 0.72400 -0.02580 1.68200
v 0.72400 -0.02580 1.69000
v 0.70866 -0.06068 1.69000
v 0.71100 -0.01880 1.68500
v 0.71100 -0.01880 1.69000
v 0.71370 -0.04804 1.68200
v 0.70300 -0.03680 1.69000
v 0.69916 -0.09140 1.68200
v 0.69511 -0.11133 1.69000
v 0.69500 -0.11580 1.68200
v 0.69500 -0.05580 1.68500
v 0.69349 -0.05973 1.69000
v 0.69200 -0.40980 1.68200
v 0.69235 -0.14265 1.68200
v 0.69103 -0.42174 1.69000
v 0.69200 -0.15380 1.69000
v 0.69000 -0.42580 1.68200
v 0.68900 -0.07480 1.68500
v 0.68500 -0.44080 1.68200
v 0.68500 -0.44080 1.69000
v 0.68400 -0.09380 1.68500
v 0.68100 -0.11380 1.68500
v 0.68400 -0.09380 1.69000
v 0.67800 -0.40880 1.68500
v 0.67800 -0.15380 1.68500
v 0.67800 -0.13380 1.68500
v 0.67800 -0.40880 1.69000
v 0.67800 -0.13380 1.69000
v 0.67600 -0.45480 1.68200
v 0.67600 -0.42280 1.68500
v 0.67600 -0.45480 1.69000
v 0.67600 -0.42280 1.69000
v 0.67200 -0.43480 1.68500
v 0.67200 -0.43480 1.69000
v 0.66500 -0.46580 1.68200
v 0.66500 -0.44480 1.68500
v 0.66500 -0.46580 1.69000
v 0.66167 -0.44886 1.69000
v 0.65600 -0.45380 1.68500
v 0.65200 -0.47380 1.68200
v 0.65200 -0.47380 1.69000
v 0.64600 -0.46080 1.68500
v 0.64600 -0.46080 1.69000
v 0.63700 -0.47880 1.68200
v 0.63700 -0.47880 1.69000
v 0.63400 -0.46480 1.68500
v 0.63400 -0.46480 1.69000
v 0.62000 -0.48080 1.68200
v 0.62000 -0.46680 1.68500
v 0.62000 -0.48080 1.69000
v 0.62000 -0.46680 1.69000
v -0.80600 0.38920 1.68500
v -0.80600 0.38920 1.69000
v -0.80700 0.40320 1.68200
v -0.80700 0.40320 1.69000
v -0.80800 -0.41080 1.68200
v -0.80800 -0.39580 1.68500
v -0.80800 -0.41080 1.69000
v -0.80800 -0.39580 1.69000
v -0.80900 0.47920 1.68500
v -0.80900 0.47920 1.69000
v -0.81000 0.46420 1.68200
v -0.81000 1.19920 1.68500
v -0.81000 0.46420 1.69000
v -0.81000 1.19920 1.69000
v -0.81100 1.21320 1.68200
v -0.81100 1.21320 1.69000
v -0.81600 0.38820 1.68500
v -0.81700 -0.39480 1.68500
v -0.81800 0.48020 1.68500
v -0.81900 0.40220 1.68200
v -0.81900 -1.03180 1.68500
v -0.81900 -0.48280 1.68500
v -0.81900 -1.03180 1.69000
v -0.81900 -0.48280 1.69000
v -0.82000 -1.04580 1.68200
v -0.82656 -0.46832 1.68200
v -0.82000 1.19820 1.68500
v -0.82000 -1.04580 1.69000
v -0.82000 -0.46780 1.69000
v -0.82100 -0.40880 1.68200
v -0.82200 0.46620 1.69000
v -0.82300 1.21220 1.68200
v -0.82300 1.21220 1.69000
v -0.82400 0.38520 1.68500
v -0.82094 0.38690 1.69000
v -0.82500 -0.39180 1.68500
v -0.81924 -0.39434 1.69000
v -0.82600 0.48320 1.68500
v -0.81938 0.48046 1.69000
v -0.82800 -0.48380 1.68500
v -0.82800 1.19520 1.68500
v -0.83035 -0.48435 1.69000
v -0.82494 1.19690 1.69000
v -0.82900 -1.02980 1.69000
v -0.83000 0.39820 1.68200
v -0.83100 0.38020 1.68500
v -0.83100 0.38020 1.69000
v -0.83200 -1.04380 1.68200
v -0.83200 -0.38780 1.68500
v -0.84595 -1.03920 1.69000
v -0.82846 -0.40669 1.69000
v -0.82686 0.46742 1.68200
v -0.84005 0.47378 1.69000
v -0.84105 1.20462 1.68200
v -0.83400 0.48720 1.68500
v -0.83643 0.48885 1.69000
v -0.83400 1.20820 1.69000
v -0.83500 1.19020 1.68500
v -0.83877 1.18690 1.69000
v -0.83600 -0.48680 1.68500
v -0.83700 -1.02780 1.68500
v -0.83700 0.37420 1.68500
v -0.83840 -1.02726 1.69000
v -0.83800 -0.38180 1.68500
v -0.83377 -0.38654 1.69000
v -0.84600 0.38591 1.68200
v -0.84000 0.49320 1.68500
v -0.82780 0.40020 1.69000
v -0.83433 -0.40372 1.68200
v -0.84100 0.36720 1.68500
v -0.84100 1.18420 1.68500
v -0.84870 -0.39255 1.69000
v -0.83894 0.37161 1.69000
v -0.84300 -1.03980 1.68200
v -0.85525 -0.48061 1.68200
v -0.84300 0.47620 1.68200
v -0.84300 -0.37480 1.68500
v -0.84470 -0.37174 1.69000
v -0.84700 -1.01980 1.68500
v -0.84400 -0.49080 1.68500
v -0.84400 0.35920 1.68500
v -0.84400 0.50020 1.68500
v -0.84400 0.35920 1.69000
v -0.84616 0.50478 1.69000
v -0.84671 1.20020 1.69000
v -0.84600 -0.36680 1.68500
v -0.84600 0.34920 1.68500
v -0.84600 1.17720 1.68500
v -0.84600 0.34920 1.69000
v -0.84615 1.17696 1.69000
v -0.84700 -0.35680 1.68500
v -0.84700 0.50820 1.68500
v -0.84700 -0.35680 1.69000
v -0.84800 0.51820 1.68500
v -0.84800 1.16920 1.68500
v -0.84800 0.51820 1.69000
v -0.84900 -0.49680 1.68500
v -0.84468 -0.49126 1.69000
v -0.85000 1.16020 1.68500
v -0.85000 -1.01680 1.69000
v -0.85000 1.16020 1.69000
v -0.85100 0.48420 1.69000
v -0.85200 1.19420 1.68200
v -0.84314 -0.47301 1.69000
v -0.85678 0.36706 1.68200
v -0.85400 -0.50380 1.68500
v -0.85625 -0.50832 1.69000
v -0.85500 -1.00980 1.68500
v -0.85517 -1.00952 1.69000
v -0.85203 -0.38853 1.68200
v -0.85934 -0.37326 1.69000
v -0.85342 0.48715 1.68200
v -0.85700 -1.00180 1.68500
v -0.85700 -0.51180 1.68500
v -0.85700 0.49420 1.69000
v -0.85800 -0.52180 1.68500
v -0.85800 -0.52180 1.69000
v -0.85340 0.37615 1.69000
v -0.86009 1.18200 1.68200
v -0.85900 -0.99180 1.68500
v -0.85900 -0.99180 1.69000
v -0.86000 0.35020 1.68200
v -0.86000 0.35020 1.69000
v -0.85571 -1.03180 1.68200
v -0.86039 -0.36844 1.68200
v -0.87000 -1.01360 1.69000
v -0.86100 -0.35780 1.69000
v -0.86100 0.50520 1.69000
v -0.86137 0.50647 1.68200
v -0.86200 0.51720 1.69000
v -0.85969 1.18298 1.69000
v -0.86400 1.16020 1.68200
v -0.86400 1.16020 1.69000
v -0.87034 -0.50534 1.68200
v -0.86342 -0.49075 1.69000
v -0.87100 -0.50880 1.69000
v -0.87200 -0.52080 1.68200
v -0.87200 -0.52080 1.69000
v -0.87164 -1.00894 1.68200
v -0.87300 -0.99280 1.69000
usemtl m073
f 7629 7884 7881
f 7881 7627 7629
f 7601 7629 7627
f 7627 7614 7601
f 7600 7601 7614
f 7596 7600 7614
f 7614 7597 7596
f 7595 7596 7597
f 7593 7595 7597
f 7597 7591 7593
f 7594 7593 7591
f 7591 7592 7594
f 7599 7594 7592
f 7592 7598 7599
f 7617 7599 7598
f 7598 7615 7617
f 7635 7617 7615
f 7615 7632 7635
f 7644 7635 7632
f 7632 7638 7644
f 7638 7641 7644
f 7652 7644 7641
f 7641 7650 7652
f 7654 7652 7650
f 7650 7651 7654
f 7662 7654 7651
f 7651 7659 7662
f 7683 7662 7659
f 7659 7682 7683
f 7772 7683 7682
f 7682 7769 7772
f 7789 7772 7769
f 7769 7780 7789
f 7780 7785 7789
f 7785 7788 7789
f 7792 7789 7788
f 7795 7792 7788
f 7788 7794 7795
f 7796 7795 7794
f 7794 7793 7796
f 7800 7796 7793
f 7793 7798 7800
f 7798 7801 7800
f 7805 7800 7801
f 7801 7804 7805
f 7885 7805 7804
f 7804 7882 7885
f 7960 7885 7882
f 7882 7931 7960
f 7991 7960 7931
f 7931 7990 7991
f 7992 7991 7990
f 7994 7992 7990
f 7990 7993 7994
f 7996 7994 7993
f 7993 7995 7996
f 7982 7996 7995
f 7995 7980 7982
f 7906 7982 7980
f 7980 7930 7906
f 7930 7904 7906
f 7884 7906 7904
f 7904 7881 7884
f 7995 7980 7930
f 7995 7930 7904
f 7995 7904 7881
f 7614 7597 7591
f 7627 7614 7591
f 7627 7591 7592
f 7627 7592 7598
f 7627 7598 7615
f 7627 7615 7632
f 7769 7780 7785
f 7769 7785 7788
f 7769 7788 7794
f 7682 7769 7794
f 7682 7794 7793
f 7682 7793 7798
f 7682 7798 7801
f 7659 7682 7801
f 7651 7659 7801
f 7650 7651 7801
f 7641 7650 7801
f 7638 7641 7801
f 7638 7801 7804
f 7632 7638 7804
f 7627 7632 7804
f 7627 7804 7882
f 7627 7882 7931
f 7627 7931 7990
f 7627 7990 7993
f 7881 7627 7993
f 7995 7881 7993
f 7821 7820 7818
f 7818 7819 7821
f 7814 7821 7819
f 7819 7815 7814
f 7815 7813 7814
f 7808 7814 7813
f 7813 7811 7808
f 7807 7808 7811
f 7811 7806 7807
f 7749 7807 7806
f 7806 7748 7749
f 7747 7749 7748
f 7748 7746 7747
f 7751 7747 7746
f 7746 7750 7751
f 7762 7751 7750
f 7750 7761 7762
f 7766 7762 7761
f 7761 7765 7766
f 7860 7766 7765
f 7765 7859 7860
f 7924 7860 7859
f 7859 7876 7924
f 7876 7901 7924
f 7901 7922 7924
f 7974 7924 7922
f 7922 7961 7974
f 7979 7974 7961
f 7961 7978 7979
f 7983 7979 7978
f 7978 7981 7983
f 7967 7983 7981
f 7981 7966 7967
f 7928 7967 7966
f 7966 7925 7928
f 7907 7928 7925
f 7925 7886 7907
f 7863 7907 7886
f 7886 7861 7863
f 7855 7863 7861
f 7861 7853 7855
f 7850 7855 7853
f 7853 7849 7850
f 7846 7850 7849
f 7849 7845 7846
f 7842 7846 7845
f 7845 7840 7842
f 7836 7842 7840
f 7840 7834 7836
f 7825 7836 7834
f 7834 7824 7825
f 7820 7825 7824
f 7824 7822 7820
f 7822 7818 7820
f 7750 7761 7765
f 7981 7966 7925
f 7981 7925 7886
f 7981 7886 7861
f 7978 7981 7861
f 7961 7978 7861
f 7922 7961 7861
f 7901 7922 7861
f 7876 7901 7861
f 7859 7876 7861
f 7859 7861 7853
f 7859 7853 7849
f 7859 7849 7845
f 7859 7845 7840
f 7859 7840 7834
f 7859 7834 7824
f 7859 7824 7822
f 7859 7822 7818
f 7859 7818 7819
f 7859 7819 7815
f 7859 7815 7813
f 7859 7813 7811
f 7859 7811 7806
f 7765 7859 7806
f 7765 7806 7748
f 7765 7748 7746
f 7765 7746 7750
f 7745 7869 7867
f 7867 7744 7745
f 7741 7745 7744
f 7744 7740 7741
f 7737 7741 7740
f 7740 7736 7737
f 7733 7737 7736
f 7736 7732 7733
f 7723 7733 7732
f 7732 7722 7723
f 7718 7723 7722
f 7722 7716 7718
f 7717 7718 7716
f 7716 7715 7717
f 7729 7717 7715
f 7715 7724 7729
f 7724 7727 7729
f 7731 7729 7727
f 7728 7731 7727
f 7727 7730 7728
f 7730 7726 7728
f 7725 7728 7726
f 7711 7725 7726
f 7726 7719 7711
f 7700 7711 7719
f 7719 7699 7700
f 7589 7700 7699
f 7699 7588 7589
f 7581 7589 7588
f 7588 7585 7581
f 7585 7579 7581
f 7571 7581 7579
f 7569 7571 7579
f 7579 7570 7569
f 7570 7568 7569
f 7567 7569 7568
f 7565 7567 7568
f 7568 7563 7565
f 7566 7565 7563
f 7563 7564 7566
f 7637 7566 7564
f 7564 7636 7637
f 7643 7637 7636
f 7636 7639 7643
f 7639 7642 7643
f 7649 7643 7642
f 7666 7649 7642
f 7642 7658 7666
f 7658 7663 7666
f 7684 7666 7663
f 7692 7684 7663
f 7663 7689 7692
f 7872 7692 7689
f 7689 7871 7872
f 7889 7872 7871
f 7871 7888 7889
f 7913 7889 7888
f 7888 7910 7913
f 7941 7913 7910
f 7910 7959 7941
f 7987 7941 7959
f 7959 7975 7987
f 7989 7987 7975
f 7975 7988 7989
f 7986 7989 7988
f 7988 7985 7986
f 7984 7986 7985
f 7971 7984 7985
f 7985 7968 7971
f 7958 7971 7968
f 7909 7958 7968
f 7968 7932 7909
f 7932 7908 7909
f 7887 7909 7908
f 7869 7887 7908
f 7908 7867 7869
f 7910 7959 7975
f 7888 7910 7975
f 7888 7975 7988
f 7871 7888 7988
f 7871 7988 7985
f 7871 7985 7968
f 7871 7968 7932
f 7871 7932 7908
f 7871 7908 7867
f 7871 7867 7744
f 7689 7871 7744
f 7663 7689 7744
f 7658 7663 7744
f 7642 7658 7744
f 7639 7642 7744
f 7636 7639 7744
f 7636 7744 7740
f 7564 7636 7740
f 7563 7564 7740
f 7568 7563 7740
f 7570 7568 7740
f 7579 7570 7740
f 7585 7579 7740
f 7588 7585 7740
f 7588 7740 7736
f 7588 7736 7732
f 7588 7732 7722
f 7588 7722 7716
f 7588 7716 7715
f 7588 7715 7724
f 7699 7588 7724
f 7699 7724 7727
f 7699 7727 7730
f 7699 7730 7726
f 7719 7699 7726
f 7884 7629 7630
f 7630 7879 7884
f 7629 7601 7624
f 7624 7630 7629
f 7601 7600 7613
f 7613 7624 7601
f 7600 7596 7613
f 7610 7613 7596
f 7596 7595 7610
f 7595 7593 7604
f 7604 7610 7595
f 7593 7594 7605
f 7605 7604 7593
f 7594 7599 7611
f 7611 7605 7594
f 7616 7611 7599
f 7599 7617 7622
f 7622 7616 7599
f 7626 7622 7617
f 7617 7635 7626
f 7634 7626 7635
f 7635 7644 7646
f 7646 7634 7635
f 7665 7646 7644
f 7644 7652 7665
f 7670 7665 7652
f 7671 7670 7652
f 7652 7654 7671
f 7672 7671 7654
f 7676 7672 7654
f 7654 7662 7676
f 7678 7676 7662
f 7685 7678 7662
f 7662 7683 7688
f 7688 7685 7662
f 7683 7772 7783
f 7783 7688 7683
f 7772 7789 7784
f 7784 7783 7772
f 7783 7784 7789
f 7778 7783 7789
f 7789 7792 7778
f 7771 7778 7792
f 7792 7795 7771
f 7795 7796 7777
f 7777 7771 7795
f 7787 7777 7796
f 7796 7800 7787
f 7791 7787 7800
f 7799 7791 7800
f 7800 7805 7803
f 7803 7799 7800
f 7805 7885 7880
f 7880 7803 7805
f 7885 7960 7898
f 7898 7880 7885
f 7954 7898 7960
f 7960 7991 7954
f 7963 7954 7991
f 7991 7992 7963
f 7992 7994 7973
f 7973 7963 7992
f 7994 7996 7977
f 7977 7973 7994
f 7996 7982 7965
f 7965 7977 7996
f 7956 7965 7982
f 7982 7906 7919
f 7919 7956 7982
f 7900 7919 7906
f 7906 7884 7879
f 7879 7900 7906
f 7820 7821 7833
f 7833 7832 7820
f 7821 7814 7833
f 7828 7833 7814
f 7814 7808 7817
f 7817 7828 7814
f 7812 7817 7808
f 7808 7807 7810
f 7810 7812 7808
f 7807 7749 7758
f 7758 7810 7807
f 7749 7747 7754
f 7754 7758 7749
f 7747 7751 7756
f 7756 7754 7747
f 7751 7762 7764
f 7764 7756 7751
f 7762 7766 7768
f 7768 7764 7762
f 7766 7860 7858
f 7858 7768 7766
f 7860 7924 7891
f 7891 7858 7860
f 7903 7891 7924
f 7924 7974 7929
f 7929 7903 7924
f 7939 7929 7974
f 7974 7979 7945
f 7945 7939 7974
f 7979 7983 7949
f 7949 7945 7979
f 7983 7967 7934
f 7934 7949 7983
f 7967 7928 7921
f 7921 7934 7967
f 7928 7907 7893
f 7893 7921 7928
f 7907 7863 7864
f 7864 7893 7907
f 7863 7855 7856
f 7856 7864 7863
f 7855 7850 7852
f 7852 7856 7855
f 7850 7846 7848
f 7848 7852 7850
f 7846 7842 7843
f 7843 7848 7846
f 7842 7836 7843
f 7836 7825 7839
f 7839 7843 7836
f 7825 7820 7837
f 7837 7839 7825
f 7832 7837 7820
f 7869 7745 7743
f 7743 7866 7869
f 7745 7741 7739
f 7739 7743 7745
f 7741 7737 7735
f 7735 7739 7741
f 7737 7733 7721
f 7721 7735 7737
f 7733 7723 7703
f 7703 7721 7733
f 7723 7718 7696
f 7696 7703 7723
f 7718 7717 7695
f 7695 7696 7718
f 7717 7729 7705
f 7705 7695 7717
f 7729 7731 7714
f 7714 7705 7729
f 7731 7728 7714
f 7712 7714 7728
f 7728 7725 7707
f 7707 7712 7728
f 7725 7711 7707
f 7702 7707 7711
f 7711 7700 7698
f 7698 7702 7711
f 7700 7589 7587
f 7587 7698 7700
f 7589 7581 7587
f 7584 7587 7581
f 7581 7571 7582
f 7582 7584 7581
f 7571 7569 7582
f 7578 7582 7569
f 7569 7567 7578
f 7567 7565 7574
f 7574 7578 7567
f 7565 7566 7575
f 7575 7574 7565
f 7566 7637 7648
f 7648 7575 7566
f 7637 7643 7655
f 7655 7648 7637
f 7643 7649 7668
f 7668 7655 7643
f 7649 7666 7668
f 7680 7668 7666
f 7666 7684 7680
f 7684 7692 7691
f 7691 7680 7684
f 7692 7872 7870
f 7870 7691 7692
f 7872 7889 7899
f 7899 7870 7872
f 7889 7913 7899
f 7913 7941 7915
f 7915 7899 7913
f 7941 7987 7946
f 7946 7915 7941
f 7987 7989 7957
f 7957 7946 7987
f 7989 7986 7952
f 7952 7957 7989
f 7986 7984 7940
f 7940 7952 7986
f 7984 7971 7940
f 7971 7958 7912
f 7912 7940 7971
f 7958 7909 7912
f 7895 7912 7909
f 7909 7887 7895
f 7887 7869 7866
f 7866 7895 7887
f 7879 7630 7628
f 7628 7877 7879
f 7630 7624 7623
f 7623 7628 7630
f 7620 7623 7624
f 7624 7613 7618
f 7618 7620 7624
f 7612 7618 7613
f 7613 7610 7606
f 7606 7612 7613
f 7607 7606 7610
f 7610 7604 7602
f 7602 7607 7610
f 7604 7605 7603
f 7603 7602 7604
f 7605 7611 7608
f 7608 7603 7605
f 7609 7608 7611
f 7611 7616 7619
f 7619 7609 7611
f 7616 7622 7619
f 7621 7619 7622
f 7622 7626 7625
f 7625 7621 7622
f 7631 7625 7626
f 7626 7634 7633
f 7633 7631 7626
f 7640 7633 7634
f 7634 7646 7645
f 7645 7640 7634
f 7656 7645 7646
f 7646 7665 7660
f 7660 7656 7646
f 7664 7660 7665
f 7665 7670 7673
f 7673 7664 7665
f 7670 7671 7673
f 7669 7673 7671
f 7671 7672 7674
f 7674 7669 7671
f 7672 7676 7674
f 7675 7674 7676
f 7676 7678 7677
f 7677 7675 7676
f 7681 7677 7678
f 7678 7685 7687
f 7687 7681 7678
f 7685 7688 7687
f 7688 7783 7782
f 7782 7687 7688
f 7784 7782 7783
f 7784 7783 7782
f 7783 7778 7779
f 7779 7782 7783
f 7775 7779 7778
f 7778 7771 7776
f 7776 7775 7778
f 7770 7776 7771
f 7776 7770 7771
f 7771 7777 7774
f 7774 7776 7771
f 7773 7774 7777
f 7777 7787 7781
f 7781 7773 7777
f 7786 7781 7787
f 7787 7791 7790
f 7790 7786 7787
f 7797 7790 7791
f 7791 7799 7802
f 7802 7797 7791
f 7799 7803 7802
f 7803 7880 7878
f 7878 7802 7803
f 7880 7898 7896
f 7896 7878 7880
f 7916 7896 7898
f 7898 7954 7936
f 7936 7916 7898
f 7953 7936 7954
f 7954 7963 7962
f 7962 7953 7954
f 7970 7962 7963
f 7963 7973 7972
f 7972 7970 7963
f 7973 7977 7976
f 7976 7972 7973
f 7977 7965 7969
f 7969 7976 7977
f 7964 7969 7965
f 7965 7956 7935
f 7935 7964 7965
f 7956 7919 7935
f 7917 7935 7919
f 7919 7900 7877
f 7877 7917 7919
f 7900 7879 7877
f 7832 7833 7830
f 7830 7829 7832
f 7831 7830 7833
f 7833 7828 7827
f 7827 7831 7833
f 7826 7827 7828
f 7828 7817 7823
f 7823 7826 7828
f 7816 7823 7817
f 7817 7812 7809
f 7809 7816 7817
f 7812 7810 7809
f 7810 7758 7757
f 7757 7809 7810
f 7758 7754 7752
f 7752 7757 7758
f 7753 7752 7754
f 7754 7756 7755
f 7755 7753 7754
f 7759 7755 7756
f 7756 7764 7760
f 7760 7759 7756
f 7763 7760 7764
f 7764 7768 7767
f 7767 7763 7764
f 7768 7858 7857
f 7857 7767 7768
f 7858 7891 7873
f 7873 7857 7858
f 7890 7873 7891
f 7891 7903 7902
f 7902 7890 7891
f 7903 7929 7918
f 7918 7902 7903
f 7926 7918 7929
f 7929 7939 7937
f 7937 7926 7929
f 7939 7945 7943
f 7943 7937 7939
f 7945 7949 7947
f 7947 7943 7945
f 7949 7934 7942
f 7942 7947 7949
f 7933 7942 7934
f 7934 7921 7920
f 7920 7933 7934
f 7905 7920 7921
f 7921 7893 7892
f 7892 7905 7921
f 7874 7892 7893
f 7893 7864 7862
f 7862 7874 7893
f 7864 7856 7854
f 7854 7862 7864
f 7856 7852 7851
f 7851 7854 7856
f 7852 7848 7847
f 7847 7851 7852
f 7848 7843 7844
f 7844 7847 7848
f 7841 7844 7843
f 7843 7839 7838
f 7838 7841 7843
f 7839 7837 7835
f 7835 7838 7839
f 7837 7832 7829
f 7829 7835 7837
f 7866 7743 7742
f 7742 7865 7866
f 7743 7739 7738
f 7738 7742 7743
f 7739 7735 7734
f 7734 7738 7739
f 7735 7721 7720
f 7720 7734 7735
f 7721 7703 7701
f 7701 7720 7721
f 7703 7696 7694
f 7694 7701 7703
f 7696 7695 7693
f 7693 7694 7696
f 7695 7705 7704
f 7704 7693 7695
f 7710 7704 7705
f 7705 7714 7709
f 7709 7710 7705
f 7713 7709 7714
f 7714 7712 7708
f 7708 7713 7714
f 7712 7707 7708
f 7706 7708 7707
f 7707 7702 7697
f 7697 7706 7707
f 7702 7698 7697
f 7698 7587 7590
f 7590 7697 7698
f 7586 7590 7587
f 7587 7584 7583
f 7583 7586 7587
f 7584 7582 7583
f 7580 7583 7582
f 7582 7578 7577
f 7577 7580 7582
f 7576 7577 7578
f 7578 7574 7572
f 7572 7576 7578
f 7574 7575 7573
f 7573 7572 7574
f 7575 7648 7647
f 7647 7573 7575
f 7648 7655 7653
f 7653 7647 7648
f 7657 7653 7655
f 7655 7668 7661
f 7661 7657 7655
f 7667 7661 7668
f 7668 7680 7679
f 7679 7667 7668
f 7686 7679 7680
f 7680 7691 7690
f 7690 7686 7680
f 7691 7870 7868
f 7868 7690 7691
f 7870 7899 7883
f 7883 7868 7870
f 7897 7883 7899
f 7899 7915 7914
f 7914 7897 7899
f 7927 7914 7915
f 7915 7946 7944
f 7944 7927 7915
f 7951 7944 7946
f 7946 7957 7955
f 7955 7951 7946
f 7957 7952 7950
f 7950 7955 7957
f 7952 7940 7948
f 7948 7950 7952
f 7938 7948 7940
f 7940 7912 7923
f 7923 7938 7940
f 7911 7923 7912
f 7912 7895 7894
f 7894 7911 7912
f 7875 7894 7895
f 7895 7866 7865
f 7865 7875 7895
v 1.43423 -0.42390 1.84682
v 1.43710 -0.31040 1.87640
v 1.43880 -0.25360 1.88240
v 1.43974 -0.07001 1.88811
v 1.44024 -0.09320 1.94212
v 1.44024 -0.06975 2.00586
v 1.44121 -0.02853 1.88627
v 1.43939 0.00764 1.95706
v 1.43972 -0.00177 2.00945
v 1.44119 0.05987 1.96867
v 1.43818 0.19875 2.01027
v 1.43518 0.31547 2.04700
v 1.43377 0.36763 2.05400
usemtl m074
f 7997 7999 7998
f 8001 7998 7999
f 8001 8000 8003
f 8001 8003 8004
f 8001 8005 8002
f 8001 8004 8005
f 8008 8007 8009
