# feature-edge wireframe (35 derece), ISO 8855, metre
o cab_wire
v 1.48400 -0.20980 2.19700
v 1.47800 -0.28080 2.26000
v 1.47800 -0.28080 2.26100
v 1.47300 -0.19080 2.21300
v 1.47100 -0.35180 2.32300
v 1.47000 -0.21080 2.19200
v 1.46900 -0.26380 2.27300
v 1.46900 -0.26280 2.27400
v 1.46800 -0.20980 2.19300
v 1.46600 -0.28180 2.25700
v 1.46600 0.32220 2.39100
v 1.46500 -0.28080 2.25600
v 1.46500 -0.33580 2.33400
v 1.46400 -0.28080 2.25700
v 1.46200 0.39520 2.39200
v 1.46200 0.32120 2.40200
v 1.46100 -0.35180 2.32000
v 1.46100 0.39420 2.39100
v 1.46100 0.39520 2.39200
v 1.46000 0.30820 2.39000
v 1.45900 -0.19080 2.20900
v 1.45800 -0.19080 2.20800
v 1.45800 0.39320 2.39100
v 1.45700 0.39220 2.39100
v 1.45700 -0.49780 2.39500
v 1.45700 0.31720 2.40200
v 1.45700 0.39420 2.40400
v 1.45600 -0.26280 2.27000
v 1.45600 -0.26280 2.27100
v 1.45600 0.39220 2.39100
v 1.45600 0.47820 2.39200
v 1.45600 0.47820 2.39300
v 1.45600 -0.49780 2.39400
v 1.45500 0.47820 2.39200
v 1.45500 0.31620 2.40100
v 1.45400 -0.33480 2.33200
v 1.45300 -0.33480 2.33200
v 1.45200 0.47720 2.39200
v 1.45200 0.39220 2.40300
v 1.45200 0.39220 2.40400
v 1.45100 0.47720 2.39100
v 1.45100 -0.49780 2.39300
v 1.45100 0.39120 2.40300
v 1.45000 0.47720 2.39200
v 1.45000 0.53520 2.39300
v 1.45000 -0.02080 2.39500
v 1.45000 -0.49180 2.40600
v 1.45000 0.47920 2.40600
v 1.44900 0.53520 2.39200
v 1.44800 -0.55480 2.39400
v 1.44800 -0.55480 2.39500
v 1.44800 -0.49080 2.40600
v 1.44700 0.03220 2.39500
v 1.44700 -0.02080 2.40200
v 1.44700 -0.49080 2.40500
v 1.44600 -0.55480 2.39400
v 1.44600 -0.02080 2.40100
v 1.44500 0.03120 2.40200
v 1.44500 0.47820 2.40500
v 1.44400 0.53420 2.39200
v 1.44400 -0.55480 2.39300
v 1.44400 -0.01980 2.39400
v 1.44400 -0.49180 2.40400
v 1.44400 -0.49080 2.40400
v 1.44400 -0.49080 2.40500
v 1.44400 0.47820 2.40500
v 1.44300 -0.14580 1.90700
v 1.44300 -0.14980 1.90800
v 1.44300 0.53420 2.39200
v 1.44300 -0.55480 2.39300
v 1.44300 0.10120 2.39500
v 1.44300 0.54120 2.40600
v 1.44300 0.54120 2.40700
v 1.44200 -0.16080 1.92300
v 1.44200 0.08520 1.97200
v 1.44200 0.07520 1.98600
v 1.44200 0.06920 1.98700
v 1.44200 0.07120 1.98700
v 1.44200 0.07220 1.98700
v 1.44200 -0.55280 2.40600
v 1.44200 -0.55180 2.40600
v 1.44100 -0.16080 1.92300
v 1.44100 -0.15980 1.92500
v 1.44100 -0.15880 1.92600
v 1.44100 -0.15780 1.92700
v 1.44100 0.08320 1.96700
v 1.44100 0.08420 1.96800
v 1.44100 0.08520 1.96900
v 1.44100 0.08620 1.97100
v 1.44100 0.06820 1.98800
v 1.44100 0.03220 2.39400
v 1.44100 0.10120 2.40200
v 1.44000 -0.03580 1.79300
v 1.44000 -0.03580 1.79400
v 1.44000 -0.03580 1.83700
v 1.44000 -0.24880 1.88000
v 1.44000 -0.24980 1.88100
v 1.44000 -0.25380 1.88200
v 1.44000 -0.14980 1.90800
v 1.44000 -0.15980 1.92400
v 1.44000 -0.15780 1.92800
v 1.44000 0.08520 1.97000
v 1.44000 0.18120 2.01600
v 1.44000 -0.02080 2.40000
v 1.44000 -0.55180 2.40600
v 1.43900 -0.03580 1.79300
v 1.43900 -0.03580 1.83800
v 1.43900 -0.25080 1.88100
v 1.43900 -0.28280 1.89100
v 1.43900 -0.28180 1.89100
v 1.43900 -0.28580 1.89200
v 1.43900 -0.14880 1.90700
v 1.43900 -0.16080 1.92300
v 1.43900 -0.15980 1.92400
v 1.43900 0.08520 1.97000
v 1.43900 0.07320 1.98700
v 1.43900 0.07420 1.98700
v 1.43900 0.21620 2.00500
v 1.43900 0.21320 2.00600
v 1.43900 0.18420 2.01400
v 1.43900 0.18220 2.01500
v 1.43900 0.18320 2.01500
v 1.43900 0.17920 2.01600
v 1.43900 -0.55180 2.40600
v 1.43800 -0.28380 1.89200
v 1.43800 -0.28680 1.89300
v 1.43800 -0.16080 1.92300
v 1.43800 0.08520 1.97100
v 1.43800 0.21720 2.00400
v 1.43800 0.21520 2.00500
v 1.43800 0.21420 2.00600
v 1.43800 0.18320 2.01500
v 1.43800 0.17920 2.01700
v 1.43800 -0.03580 2.05900
v 1.43800 -0.03480 2.11600
v 1.43800 0.17220 2.39500
v 1.43800 0.03220 2.40000
v 1.43800 0.03220 2.40100
v 1.43800 -0.55280 2.40500
v 1.43700 -0.35580 1.85400
v 1.43700 -0.35480 1.85400
v 1.43700 -0.35580 1.85500
v 1.43700 -0.35780 1.85600
v 1.43700 -0.25180 1.88100
v 1.43700 -0.25180 1.88200
v 1.43700 -0.28380 1.89100
v 1.43700 -0.28680 1.89300
v 1.43700 0.21520 2.00500
v 1.43700 0.21420 2.00600
v 1.43700 0.18220 2.01500
v 1.43700 0.29520 2.04300
v 1.43700 0.29220 2.04500
v 1.43700 0.29220 2.04600
v 1.43700 -0.03580 2.06200
v 1.43700 -0.03580 2.11300
v 1.43700 -0.55280 2.40400
v 1.43700 -0.55280 2.40500
v 1.43600 -0.83980 1.21000
v 1.43600 -0.83880 1.21000
v 1.43600 -0.83780 1.21000
v 1.43600 0.76420 1.21000
v 1.43600 0.76720 1.21000
v 1.43600 -0.35480 1.85300
v 1.43600 -0.41680 1.85800
v 1.43600 -0.41380 1.85800
v 1.43600 -0.41080 1.85800
v 1.43600 -0.40680 1.85800
v 1.43600 -0.28380 1.89100
v 1.43600 0.21420 2.00600
v 1.43600 0.18220 2.01500
v 1.43600 0.34220 2.04100
v 1.43600 0.34420 2.04100
v 1.43600 0.35020 2.04100
v 1.43600 0.29320 2.04300
v 1.43600 0.29220 2.04400
v 1.43600 0.29120 2.04600
v 1.43600 -0.03480 2.11600
v 1.43600 -0.63680 2.39300
v 1.43600 0.10120 2.39500
v 1.43600 0.53920 2.40600
v 1.43600 0.54020 2.40600
v 1.43500 -0.82480 1.15100
v 1.43500 0.75220 1.15100
v 1.43500 -0.82280 1.15200
v 1.43500 0.75020 1.15200
v 1.43500 -0.84080 1.21000
v 1.43500 0.76820 1.21000
v 1.43500 -0.83680 1.21100
v 1.43500 0.76420 1.21100
v 1.43500 -0.85380 1.26600
v 1.43500 -0.85180 1.26600
v 1.43500 0.77820 1.26600
v 1.43500 0.78020 1.26600
v 1.43500 -0.32480 1.79300
v 1.43500 0.25220 1.79300
v 1.43500 -0.32480 1.79400
v 1.43500 0.25220 1.79400
v 1.43500 -0.32480 1.83700
v 1.43500 0.25220 1.83700
v 1.43500 -0.46680 1.84400
v 1.43500 -0.46280 1.84500
v 1.43500 0.21420 2.00600
v 1.43500 0.34720 2.04100
v 1.43500 0.35420 2.04200
v 1.43500 0.29320 2.04300
v 1.43500 0.40120 2.05500
v 1.43500 -0.63780 2.39300
v 1.43500 0.17220 2.40200
v 1.43400 0.75320 1.15000
v 1.43400 0.74920 1.15200
v 1.43400 -0.84180 1.21000
v 1.43400 -0.85480 1.26600
v 1.43400 -0.85080 1.26700
v 1.43400 -0.32480 1.79300
v 1.43400 0.25220 1.79300
v 1.43400 -0.32480 1.83800
v 1.43400 0.25220 1.83800
v 1.43400 -0.35580 1.85500
v 1.43400 -0.35580 1.85600
v 1.43400 0.34420 2.04100
v 1.43400 0.34620 2.04100
v 1.43400 0.29320 2.04400
v 1.43400 -0.63780 2.39200
v 1.43400 0.10120 2.40100
v 1.43300 -0.82680 1.15000
v 1.43300 -0.85480 1.26600
v 1.43300 0.78220 1.26600
v 1.43300 -0.40880 1.85800
v 1.43300 -0.40780 1.85800
v 1.43300 0.34620 2.04100
v 1.43300 0.34420 2.04200
v 1.43300 0.34520 2.04200
v 1.43300 -0.32480 2.05900
v 1.43300 0.25220 2.05900
v 1.43300 -0.32180 2.11600
v 1.43300 0.25320 2.11600
v 1.43300 -0.63780 2.39200
v 1.43300 0.10120 2.40000
v 1.43200 0.39420 2.05500
v 1.43200 0.39520 2.05500
v 1.43200 -0.32480 2.06200
v 1.43200 0.25220 2.06200
v 1.43200 -0.32480 2.11300
v 1.43200 0.25220 2.11300
v 1.43200 -0.63880 2.39200
v 1.43200 -0.63780 2.39200
v 1.43200 0.24220 2.39500
v 1.43200 0.24320 2.39600
v 1.43100 -0.32180 2.11600
v 1.43100 0.25320 2.11600
v 1.43100 0.69620 2.31500
v 1.43100 -0.63880 2.39200
v 1.43100 0.17120 2.39500
v 1.43100 -0.63680 2.40400
v 1.43000 -0.63680 2.40500
v 1.42900 0.24320 2.40200
v 1.42900 -0.63680 2.40500
v 1.42800 -0.03580 1.64600
v 1.42800 0.17220 2.40200
v 1.42800 -0.63680 2.40400
v 1.42700 -0.63780 2.40400
v 1.42600 -0.70880 2.39100
v 1.42600 -0.70880 2.39200
v 1.42600 0.31320 2.39600
v 1.42600 -0.63780 2.40400
v 1.42600 -0.03280 2.97800
v 1.42500 -0.70980 2.39100
v 1.42500 0.31320 2.39500
v 1.42400 -0.89480 1.16200
v 1.42400 0.82220 1.16200
v 1.42400 -0.57580 1.79300
v 1.42400 -0.57280 1.79300
v 1.42400 -0.03580 1.79300
v 1.42400 0.50020 1.79300
v 1.42400 0.50320 1.79300
v 1.42400 -0.57280 1.79400
v 1.42400 0.50020 1.79400
v 1.42400 -0.57280 1.83800
v 1.42400 -0.03580 1.83800
v 1.42400 0.50020 1.83800
v 1.42400 -0.03780 2.26300
v 1.42400 0.24220 2.39500
v 1.42400 -0.03280 2.97800
v 1.42300 -0.87580 1.08900
v 1.42300 0.80320 1.08900
v 1.42300 -0.91180 1.22800
v 1.42300 0.83920 1.22800
v 1.42300 -0.32380 1.64600
v 1.42300 0.25220 1.64600
v 1.42300 -0.56980 2.05900
v 1.42300 0.49720 2.05900
v 1.42300 -0.56680 2.11600
v 1.42300 0.49720 2.11600
v 1.42300 -0.03780 2.26300
v 1.42300 0.31420 2.40200
v 1.42300 -0.20480 2.97800
v 1.42300 0.13820 2.97800
v 1.42300 -0.03280 2.97900
v 1.42200 -0.03480 2.26300
v 1.42200 -0.71080 2.39000
v 1.42200 -0.71080 2.39100
v 1.42200 0.24220 2.40100
v 1.42200 0.24220 2.40200
v 1.42100 -0.84480 0.96700
v 1.42100 0.77220 0.96700
v 1.42100 -0.57180 2.06200
v 1.42100 0.49920 2.06200
v 1.42100 -0.57180 2.11300
v 1.42100 0.49920 2.11300
v 1.42100 -0.56680 2.11600
v 1.42100 0.49720 2.11600
v 1.42100 0.70620 2.32900
v 1.42100 -0.70880 2.40300
v 1.42100 -0.20380 2.97800
v 1.42100 0.13720 2.97800
v 1.42000 -0.83080 0.91600
v 1.42000 0.75820 0.91600
v 1.42000 -0.03580 1.83800
v 1.42000 -0.03580 2.06100
v 1.42000 -0.03480 2.26300
v 1.42000 0.70720 2.33000
v 1.42000 0.38420 2.39600
v 1.42000 -0.70880 2.40300
v 1.42000 -0.20380 2.97900
v 1.42000 0.13720 2.97900
v 1.41900 -0.81480 0.85400
v 1.41900 0.74220 0.85400
v 1.41900 -0.32480 1.79300
v 1.41900 0.25220 1.79300
v 1.41900 -0.32480 1.83800
v 1.41900 0.25220 1.83800
v 1.41900 -0.32280 2.26300
v 1.41900 0.24120 2.26300
v 1.41900 0.31320 2.39500
v 1.41900 0.38420 2.39500
v 1.41800 -0.77880 0.72700
v 1.41800 0.70620 0.72700
v 1.41800 -0.79480 0.78400
v 1.41800 0.72220 0.78400
v 1.41800 -0.84180 0.96800
v 1.41800 0.76920 0.96800
v 1.41800 -0.32280 2.26300
v 1.41800 0.24120 2.26300
v 1.41800 0.69320 2.31300
v 1.41800 -0.71280 2.39000
v 1.41800 0.31320 2.39500
v 1.41800 -0.70980 2.40300
v 1.41700 -0.82780 0.91700
v 1.41700 0.75520 0.91700
v 1.41700 -0.32180 2.26300
v 1.41700 0.25320 2.26300
v 1.41700 0.38420 2.40200
v 1.41700 -0.71080 2.40300
v 1.41600 -0.80980 0.85100
v 1.41600 0.73820 0.85100
v 1.41600 -0.03580 2.06100
v 1.41600 -0.03580 2.11500
v 1.41600 0.75920 2.25600
v 1.41600 -0.71080 2.40200
v 1.41600 0.31320 2.40200
v 1.41500 -0.79180 0.78300
v 1.41500 0.71920 0.78300
v 1.41500 -0.32380 1.83800
v 1.41500 0.25220 1.83800
v 1.41500 -0.32380 2.06100
v 1.41500 0.25220 2.06100
v 1.41500 -0.32180 2.26300
v 1.41500 0.25320 2.26300
v 1.41500 0.31320 2.40100
v 1.41500 -0.37380 2.97800
v 1.41500 0.30720 2.97800
v 1.41400 -0.71280 2.40100
v 1.41400 -0.72080 2.40200
v 1.41400 0.30620 2.97800
v 1.41300 -0.74080 1.79300
v 1.41300 0.66820 1.79300
v 1.41300 -0.74080 1.83800
v 1.41300 0.66820 1.83800
v 1.41300 -0.72680 1.84100
v 1.41300 0.65420 1.84100
v 1.41300 -0.72680 2.05900
v 1.41300 0.65420 2.05900
v 1.41300 -0.72380 2.11600
v 1.41300 0.65420 2.11600
v 1.41300 0.38420 2.39500
v 1.41300 0.45520 2.39500
v 1.41300 0.45520 2.39600
v 1.41300 -0.37280 2.97800
v 1.41300 0.30620 2.97800
v 1.41200 -0.57480 1.64600
v 1.41200 0.50220 1.64600
v 1.41200 -0.74980 1.79300
v 1.41200 0.67820 1.79300
v 1.41200 -0.47180 2.38900
v 1.41200 0.38420 2.39600
v 1.41200 -0.37280 2.97900
v 1.41100 -0.90580 1.41500
v 1.41100 0.83320 1.41500
v 1.41100 -0.32480 2.06100
v 1.41100 0.25220 2.06100
v 1.41100 -0.73480 2.06200
v 1.41100 0.66220 2.06200
v 1.41100 -0.73480 2.11300
v 1.41100 0.66220 2.11300
v 1.41100 -0.32480 2.11500
v 1.41100 0.25220 2.11500
v 1.41100 -0.72380 2.11600
v 1.41100 0.65420 2.11600
v 1.41100 0.45520 2.40200
v 1.41000 0.38420 2.40200
v 1.40900 -0.90780 1.48200
v 1.40900 0.83520 1.48200
v 1.40900 -0.56680 2.26300
v 1.40900 0.47620 2.26300
v 1.40900 -0.47080 2.39600
v 1.40900 0.38420 2.40100
v 1.40800 -0.90280 1.41500
v 1.40800 0.83020 1.41500
v 1.40800 -0.57280 1.79300
v 1.40800 0.50020 1.79300
v 1.40800 -0.57280 1.83800
v 1.40800 0.50020 1.83800
v 1.40800 -0.56680 2.26300
v 1.40800 0.47620 2.26300
v 1.40800 0.70520 2.32800
v 1.40700 -0.56680 2.26300
v 1.40700 0.49720 2.26300
v 1.40700 0.70420 2.32700
v 1.40700 0.70520 2.32700
v 1.40700 0.45420 2.39500
v 1.40600 -0.84180 1.21000
v 1.40600 0.76820 1.21000
v 1.40600 -0.83680 1.21100
v 1.40600 0.76420 1.21100
v 1.40600 -0.90380 1.48100
v 1.40600 0.83120 1.48100
v 1.40600 0.77320 2.27200
v 1.40600 -0.47180 2.38900
v 1.40600 0.52420 2.39600
v 1.40500 -0.82680 1.15000
v 1.40500 0.75320 1.15000
v 1.40500 -0.82180 1.15200
v 1.40500 0.74920 1.15200
v 1.40500 -0.85480 1.26600
v 1.40500 0.78220 1.26600
v 1.40500 -0.85080 1.26700
v 1.40500 0.77720 1.26700
v 1.40500 -0.90880 1.58000
v 1.40500 -0.56880 1.83800
v 1.40500 0.49620 1.83800
v 1.40500 -0.81380 1.84100
v 1.40500 0.74120 1.84100
v 1.40500 -0.81380 2.05900
v 1.40500 0.74120 2.05900
v 1.40500 -0.56880 2.06100
v 1.40500 0.49620 2.06100
v 1.40500 -0.81080 2.11600
v 1.40500 0.74220 2.11600
v 1.40500 -0.56680 2.26300
v 1.40500 0.49720 2.26300
v 1.40500 0.77320 2.27200
v 1.40500 -0.53480 2.39000
v 1.40500 -0.47180 2.39000
v 1.40500 0.52420 2.39500
v 1.40400 -0.84080 1.79300
v 1.40400 0.76820 1.79300
v 1.40400 -0.84080 1.83800
v 1.40400 0.76820 1.83800
v 1.40300 -0.90580 1.57700
v 1.40300 0.83320 1.57700
v 1.40300 -0.85580 1.79300
v 1.40300 0.78320 1.79300
v 1.40300 -0.81080 2.11600
v 1.40300 0.74120 2.11600
v 1.40300 0.45520 2.40100
v 1.40300 0.52420 2.40100
v 1.40300 0.45520 2.40200
v 1.40200 -0.89480 0.72800
v 1.40200 0.82220 0.72800
v 1.40200 -0.98480 1.26500
v 1.40200 0.91220 1.26500
v 1.40200 -0.90780 1.68400
v 1.40200 -0.85080 1.87500
v 1.40200 0.77820 1.87500
v 1.40200 -0.85080 1.95100
v 1.40200 0.77820 1.95100
v 1.40200 -0.85080 2.02700
v 1.40200 0.77820 2.02700
v 1.40200 -0.83280 2.06200
v 1.40200 0.76020 2.06200
v 1.40200 -0.83280 2.11300
v 1.40200 0.76020 2.11300
v 1.40200 0.82320 2.19700
v 1.40200 0.75720 2.25400
v 1.40100 -0.90480 1.66100
v 1.40100 0.83220 1.66100
v 1.40100 -0.85980 1.87400
v 1.40100 0.78820 1.87400
v 1.40100 -0.85980 1.95100
v 1.40100 0.78820 1.95100
v 1.40100 -0.85980 2.02800
v 1.40100 0.78820 2.02800
v 1.40100 -0.57180 2.06100
v 1.40100 0.49920 2.06100
v 1.40100 -0.57180 2.11500
v 1.40100 0.49920 2.11500
v 1.40100 0.75820 2.25400
v 1.40100 -0.47080 2.39600
v 1.40100 -0.53380 2.39700
v 1.40100 -0.53780 2.97800
v 1.40100 0.47120 2.97800
v 1.40000 -0.86880 0.68000
v 1.40000 0.79620 0.68000
v 1.40000 -0.92280 0.78600
v 1.40000 0.85020 0.78600
v 1.40000 -0.74980 1.64600
v 1.40000 0.67720 1.64600
v 1.40000 -0.53780 2.97700
v 1.40000 0.47120 2.97700
v 1.39900 -0.89180 0.72800
v 1.39900 0.81920 0.72800
v 1.39900 0.52320 2.39500
v 1.39900 -0.53680 2.97700
v 1.39900 0.47020 2.97700
v 1.39800 -0.85280 1.87400
v 1.39800 -0.85280 1.95100
v 1.39800 -0.85280 2.02700
v 1.39800 -0.88280 2.06200
v 1.39800 0.81020 2.06200
v 1.39800 -0.88280 2.11300
v 1.39800 0.81020 2.11300
v 1.39800 -0.72380 2.26300
v 1.39800 0.63020 2.26300
v 1.39800 -0.53480 2.39000
v 1.39800 0.47020 2.97900
v 1.39700 -0.89080 0.72900
v 1.39700 0.81820 0.72900
v 1.39700 -0.95680 0.85700
v 1.39700 0.88420 0.85700
v 1.39700 -0.74080 1.79300
v 1.39700 0.66820 1.79300
v 1.39700 -0.74080 1.83800
v 1.39700 0.66820 1.83800
v 1.39700 -0.72380 2.26300
v 1.39700 0.65420 2.26300
v 1.39700 -0.53480 2.39000
v 1.39600 -0.91980 0.78700
v 1.39600 0.84720 0.78700
v 1.39600 -0.97680 1.35700
v 1.39600 0.90520 1.35700
v 1.39600 -0.60680 2.39100
v 1.39600 0.52320 2.40100
v 1.39500 -0.91880 0.78800
v 1.39500 0.84620 0.78800
v 1.39500 -0.72380 2.26300
v 1.39500 0.65420 2.26300
v 1.39500 -0.60680 2.39000
v 1.39500 0.58920 2.39500
v 1.39400 -0.89280 0.72800
v 1.39400 0.82020 0.72800
v 1.39400 -0.95480 0.85800
v 1.39400 0.88220 0.85800
v 1.39400 -0.99480 0.93400
v 1.39400 0.92220 0.93400
v 1.39400 -0.72680 1.83800
v 1.39400 0.65420 1.83800
v 1.39400 -0.14280 1.90500
v 1.39400 -0.72680 2.06100
v 1.39400 0.65420 2.06100
v 1.39400 0.58920 2.39400
v 1.39400 -0.53380 2.39700
v 1.39300 -0.15680 1.92600
v 1.39300 0.06820 1.98900
v 1.39300 -0.60580 2.39600
v 1.39300 -0.53380 2.39600
v 1.39200 -0.92080 0.78700
v 1.39200 0.84820 0.78700
v 1.39200 -0.95280 0.85900
v 1.39200 0.88020 0.85900
v 1.39200 -0.89380 1.16200
v 1.39200 0.82120 1.16200
v 1.39200 0.08220 1.96800
v 1.39200 -0.60580 2.39700
v 1.39200 0.58920 2.40000
v 1.39100 -0.87480 1.08900
v 1.39100 0.80220 1.08900
v 1.39100 -0.90980 1.22800
v 1.39100 0.83820 1.22800
v 1.39100 -0.85480 1.64600
v 1.39100 0.78220 1.64600
v 1.39100 -0.24780 1.87900
v 1.39100 0.17920 2.01800
v 1.39100 0.84020 2.21300
v 1.39100 0.77120 2.27000
v 1.39000 -0.99280 0.93600
v 1.39000 0.92020 0.93600
v 1.39000 -0.95080 1.79900
v 1.39000 0.87820 1.79900
v 1.39000 -0.28680 1.89100
v 1.39000 0.21720 2.00600
v 1.39000 -0.73480 2.06100
v 1.39000 0.66220 2.06100
v 1.39000 -0.73480 2.11500
v 1.39000 0.66220 2.11500
v 1.39000 0.77020 2.26900
v 1.39000 0.77120 2.27000
v 1.39000 -0.67880 2.39100
v 1.38900 -0.86880 0.68000
v 1.38900 0.79620 0.68000
v 1.38900 -0.95480 0.85700
v 1.38900 0.88220 0.85700
v 1.38900 -0.98580 0.92900
v 1.38900 0.91320 0.92900
v 1.38900 -0.84180 0.96900
v 1.38900 0.77020 0.96900
v 1.38900 -0.82180 2.26300
v 1.38900 -0.81080 2.26300
v 1.38900 0.72820 2.26300
v 1.38900 0.74220 2.26300
v 1.38900 -0.67880 2.39000
v 1.38800 -0.82880 0.91900
v 1.38800 0.75620 0.91900
v 1.38800 -0.84080 1.79300
v 1.38800 0.76820 1.79300
v 1.38800 -0.84080 1.83800
v 1.38800 0.76820 1.83800
v 1.38800 -0.35380 1.85200
v 1.38800 0.29120 2.04800
v 1.38800 -0.82180 2.26300
v 1.38800 0.72820 2.26300
v 1.38800 -0.60580 2.39000
v 1.38700 -0.81080 0.85300
v 1.38700 0.73820 0.85300
v 1.38700 -1.03380 1.01200
v 1.38700 0.96120 1.01200
v 1.38700 -0.81380 1.83800
v 1.38700 0.74120 1.83800
v 1.38700 -0.41780 1.85600
v 1.38700 0.35420 2.04300
v 1.38700 -0.81380 2.06100
v 1.38700 0.74120 2.06100
v 1.38700 -0.81080 2.26300
v 1.38700 0.74120 2.26300
v 1.38700 -0.67780 2.39700
v 1.38600 -0.89080 0.72800
v 1.38600 0.81820 0.72800
v 1.38600 -0.79180 0.78400
v 1.38600 0.71920 0.78400
v 1.38600 -1.01180 0.98100
v 1.38600 0.93920 0.98100
v 1.38500 -0.77680 0.72700
v 1.38500 0.70420 0.72700
v 1.38500 -0.99280 0.93400
v 1.38500 0.92020 0.93400
v 1.38500 -0.90480 1.62400
v 1.38500 0.83220 1.62400
v 1.38500 -0.46780 1.84300
v 1.38500 0.40620 2.05800
v 1.38500 0.82120 2.19400
v 1.38500 -0.75080 2.39000
v 1.38500 -0.74980 2.39100
v 1.38500 -0.67780 2.39800
v 1.38500 0.58720 2.40000
v 1.38400 -0.91880 0.78600
v 1.38400 0.84620 0.78600
v 1.38400 -1.03080 1.01300
v 1.38400 0.95920 1.01300
v 1.38400 -0.60480 2.39600
v 1.38400 -0.60480 2.39700
v 1.38300 -1.03380 1.36100
v 1.38300 0.96120 1.36100
v 1.38300 -0.85680 1.87300
v 1.38300 0.78420 1.87300
v 1.38300 -0.85180 1.87400
v 1.38300 0.77920 1.87400
v 1.38300 -0.85680 1.95100
v 1.38300 -0.85180 1.95100
v 1.38300 0.77920 1.95100
v 1.38300 0.78420 1.95100
v 1.38300 -0.85180 2.02800
v 1.38300 0.77920 2.02800
v 1.38300 -0.85680 2.02900
v 1.38300 0.78420 2.02900
v 1.38300 -0.67780 2.39000
v 1.38200 -0.95280 0.85700
v 1.38200 0.88020 0.85700
v 1.38200 -0.90580 1.55600
v 1.38200 0.83320 1.55600
v 1.38200 -0.83280 2.06100
v 1.38200 0.76020 2.06100
v 1.38200 -0.83280 2.11500
v 1.38200 0.76020 2.11500
v 1.38200 -0.88680 2.26400
v 1.38200 0.79320 2.26400
v 1.38200 -0.74980 2.39700
v 1.38100 -0.88680 2.26400
v 1.38100 0.79320 2.26400
v 1.38100 -0.74880 2.39800
v 1.38100 -0.69580 2.97700
v 1.38100 0.62920 2.97700
v 1.38000 -1.03280 1.36000
v 1.38000 0.96020 1.36000
v 1.38000 -0.60880 1.67900
v 1.38000 -0.54380 1.67900
v 1.38000 0.55420 1.67900
v 1.38000 0.61920 1.67900
v 1.38000 -0.74980 2.39000
v 1.38000 -0.69580 2.97700
v 1.37900 -0.98580 0.92500
v 1.37900 0.91320 0.92500
v 1.37900 -1.03080 1.01300
v 1.37900 0.95920 1.01300
v 1.37900 -1.07380 1.09400
v 1.37900 1.00120 1.09400
v 1.37900 -0.90280 1.41500
v 1.37900 0.83020 1.41500
v 1.37900 -0.90380 1.47600
v 1.37900 0.83120 1.47600
v 1.37900 -0.43980 1.67900
v 1.37900 -0.30680 1.67900
v 1.37900 -0.15580 1.67900
v 1.37900 0.00520 1.67900
v 1.37900 0.16620 1.67900
v 1.37900 0.31820 1.67900
v 1.37900 0.45020 1.67900
v 1.37900 -1.00280 1.80700
v 1.37900 0.93020 1.80700
v 1.37900 -0.74980 2.39000
v 1.37900 -0.82180 2.39100
v 1.37900 -0.69480 2.97700
v 1.37900 0.62820 2.97700
v 1.37800 -1.05180 1.05900
v 1.37800 0.97920 1.05900
v 1.37800 -0.67680 2.39700
v 1.37800 -0.69480 2.97800
v 1.37800 0.62820 2.97800
v 1.37700 -0.88280 2.06100
v 1.37700 0.81020 2.06100
v 1.37700 -0.88280 2.11500
v 1.37700 0.81020 2.11500
v 1.37700 -0.82080 2.39800
v 1.37600 -1.06380 1.27400
v 1.37600 0.99120 1.27400
v 1.37600 -0.82180 2.39100
v 1.37500 -1.01180 0.97600
v 1.37500 0.93920 0.97600
v 1.37500 -1.07080 1.09400
v 1.37500 0.99820 1.09400
v 1.37500 0.83920 2.21200
v 1.37500 -0.82080 2.39000
v 1.37500 -0.82080 2.39800
v 1.37400 0.83820 2.21100
v 1.37400 -0.93880 2.26500
v 1.37400 0.84520 2.26500
v 1.37400 -0.93980 2.26600
v 1.37400 -0.93880 2.26600
v 1.37400 0.84620 2.26600
v 1.37300 -1.07580 1.10700
v 1.37300 1.00320 1.10700
v 1.37300 -0.82080 2.39000
v 1.37300 -0.88580 2.39100
v 1.37300 -0.74780 2.39600
v 1.37300 -0.74780 2.39700
v 1.37100 -1.07080 1.09400
v 1.37100 0.99820 1.09400
v 1.37100 -0.88480 2.39800
v 1.37000 -1.02280 0.78000
v 1.37000 0.95020 0.78000
v 1.37000 -0.88480 2.39100
v 1.36900 -0.88480 2.39900
v 1.36800 -1.03080 0.77600
v 1.36800 0.95820 0.77600
v 1.36800 -1.05180 1.05300
v 1.36800 0.97920 1.05300
v 1.36800 -0.81980 2.39600
v 1.36800 -0.81980 2.39700
v 1.36800 -0.88480 2.39800
v 1.36700 -1.02780 0.77500
v 1.36700 0.95520 0.77500
v 1.36700 -1.11480 1.18100
v 1.36700 1.04220 1.18100
v 1.36700 -0.88480 2.39000
v 1.36600 -1.04680 0.83300
v 1.36600 0.97420 0.83300
v 1.36500 -1.02380 0.77800
v 1.36500 0.95120 0.77800
v 1.36500 -1.10080 1.36900
v 1.36500 1.02820 1.36900
v 1.36400 -1.05380 0.82900
v 1.36400 0.98220 0.82900
v 1.36400 -1.08780 1.12100
v 1.36400 -1.11180 1.18000
v 1.36400 1.03920 1.18000
v 1.36400 -1.06480 1.81800
v 1.36400 0.99220 1.81800
v 1.36300 -1.05080 0.82800
v 1.36300 0.97920 0.82800
v 1.36300 -1.09980 1.36700
v 1.36300 1.02720 1.36700
v 1.36300 -0.99980 2.26900
v 1.36300 0.90620 2.26900
v 1.36200 -1.07580 1.10000
v 1.36200 1.00320 1.10000
v 1.36200 -1.11180 1.18200
v 1.36200 1.03920 1.18200
v 1.36200 -0.99980 2.26900
v 1.36200 0.90620 2.26900
v 1.36200 -0.88380 2.39600
v 1.36200 -0.88380 2.39700
v 1.36100 -1.07080 0.56700
v 1.36100 -1.02080 0.78000
v 1.36100 0.94820 0.78000
v 1.36100 -1.04780 0.83000
v 1.36100 0.97520 0.83000
v 1.36100 -1.06780 2.15200
v 1.36100 0.99820 2.15200
v 1.36000 -1.07080 0.56800
v 1.36000 0.98220 0.74700
v 1.36000 -1.06580 2.15200
v 1.36000 0.99720 2.15200
v 1.35900 -1.11180 1.18000
v 1.35900 1.03920 1.18000
v 1.35900 -0.75180 1.67900
v 1.35900 0.76220 1.67900
v 1.35900 -1.06580 2.15200
v 1.35900 0.99720 2.15200
v 1.35800 -1.07080 0.56800
v 1.35800 1.00020 0.56800
v 1.35800 -1.04480 0.83400
v 1.35800 0.97220 0.83400
v 1.35800 -1.11380 1.17100
v 1.35700 -1.10380 1.12100
v 1.35700 -1.06880 2.15200
v 1.35700 0.99920 2.15200
v 1.35600 -1.02680 0.77400
v 1.35600 0.95420 0.77400
v 1.35600 -1.10080 0.95100
v 1.35600 1.02820 0.95100
v 1.35600 -1.06780 2.20500
v 1.35600 0.99820 2.20500
v 1.35600 -0.84580 2.97600
v 1.35600 0.77920 2.97600
v 1.35500 -1.14780 1.25000
v 1.35500 1.07520 1.25000
v 1.35500 -1.06580 2.20500
v 1.35500 0.99720 2.20500
v 1.35400 -1.10780 0.94900
v 1.35400 1.03620 0.94900
v 1.35400 -0.84380 2.97600
v 1.35400 0.77720 2.97600
v 1.35300 -1.10580 0.94700
v 1.35300 1.03320 0.94700
v 1.35300 -1.06580 2.20500
v 1.35300 0.99720 2.20500
v 1.35300 -0.84380 2.97800
v 1.35300 0.77720 2.97800
v 1.35200 -1.05080 0.82500
v 1.35200 0.97820 0.82500
v 1.35200 -1.11180 1.17400
v 1.35200 1.03920 1.17400
v 1.35200 -1.14480 1.25000
v 1.35200 1.07220 1.25000
v 1.35200 -1.06880 2.20400
v 1.35200 0.99920 2.20400
v 1.35200 -1.06680 2.20500
v 1.35200 0.99820 2.20500
v 1.35100 -1.10180 0.94900
v 1.35100 1.02920 0.94900
v 1.35100 -1.12980 1.17100
v 1.35000 -1.14580 1.25200
v 1.35000 1.07320 1.25200
v 1.35000 -1.13780 1.28100
v 1.35000 1.06520 1.28100
v 1.35000 -1.06780 2.25700
v 1.35000 0.99920 2.25700
v 1.34900 -1.06680 2.25600
v 1.34900 0.99720 2.25600
v 1.34800 -1.11880 0.57500
v 1.34800 -1.09880 0.95100
v 1.34800 1.02620 0.95100
v 1.34800 -1.06680 2.25600
v 1.34800 0.99820 2.25600
v 1.34800 -1.06180 2.27400
v 1.34800 0.96920 2.27400
v 1.34700 -1.11880 0.57600
v 1.34700 -1.05380 0.74500
v 1.34700 0.98120 0.74500
v 1.34700 -1.14480 1.24900
v 1.34700 1.07220 1.24900
v 1.34700 -0.80180 1.67900
v 1.34700 0.81220 1.67900
v 1.34700 -1.06880 2.25600
v 1.34700 0.99920 2.25600
v 1.34700 -1.06180 2.27400
v 1.34700 0.96820 2.27400
v 1.34500 -1.11880 0.57600
v 1.34500 1.04820 0.57600
v 1.34400 -1.12180 0.76100
v 1.34400 1.04920 0.76100
v 1.34400 -1.16080 1.08300
v 1.34400 1.08820 1.08300
v 1.34400 -1.12380 1.83100
v 1.34400 1.05120 1.83100
v 1.34200 -1.10480 0.94300
v 1.34200 1.03220 0.94300
v 1.34200 -1.16880 1.08300
v 1.34200 1.09620 1.08300
v 1.34100 -1.16580 1.08200
v 1.34100 1.09320 1.08200
v 1.34100 -1.16580 1.37800
v 1.34100 1.09320 1.37800
v 1.34000 -1.12580 2.13300
v 1.34000 1.05720 2.13300
v 1.34000 -0.32280 3.20700
v 1.34000 -0.30780 3.20700
v 1.34000 0.32420 3.20700
v 1.33900 -1.16180 1.08300
v 1.33900 1.08920 1.08300
v 1.33900 -1.14580 1.24200
v 1.33900 1.07320 1.24200
v 1.33900 -1.12580 2.13300
v 1.33900 1.05720 2.13300
v 1.33700 -0.30580 3.21300
v 1.33700 0.34120 3.21300
v 1.33600 -1.15780 1.08400
v 1.33600 1.08620 1.08400
v 1.33400 -0.96580 1.34600
v 1.33400 0.89320 1.34600
v 1.33400 -0.85180 1.67900
v 1.33400 0.86320 1.67900
v 1.33100 -1.20380 1.18000
v 1.33100 1.13120 1.18000
v 1.33000 -1.12080 0.75900
v 1.33000 1.04920 0.75900
v 1.33000 -1.16580 1.07500
v 1.33000 1.09320 1.07500
v 1.32900 -1.21080 1.18100
v 1.32900 1.13820 1.18100
v 1.32800 -1.18680 0.77300
v 1.32800 1.11420 0.77300
v 1.32800 -1.20880 1.17900
v 1.32800 1.13620 1.17900
v 1.32800 -1.11980 2.28000
v 1.32800 1.02620 2.28000
v 1.32800 -0.97680 2.97600
v 1.32800 0.91020 2.97600
v 1.32700 -1.11880 2.28000
v 1.32700 1.02620 2.28000
v 1.32600 -1.20480 1.18000
v 1.32600 1.13220 1.18000
v 1.32600 -0.97480 2.97600
v 1.32600 0.90820 2.97600
v 1.32500 -1.12580 2.28100
v 1.32500 1.05720 2.28100
v 1.32500 -0.97380 2.97700
v 1.32500 0.90720 2.97700
v 1.32300 -1.20080 1.18000
v 1.32300 1.12820 1.18000
v 1.32300 -1.12580 2.28000
v 1.32300 1.05720 2.28000
v 1.32000 -1.23180 1.24400
v 1.32000 1.15920 1.24400
v 1.31900 -1.17580 1.84500
v 1.31900 1.10320 1.84500
v 1.31800 -1.23780 1.24500
v 1.31800 1.16520 1.24500
v 1.31700 -1.20880 1.17100
v 1.31700 1.13620 1.17100
v 1.31700 1.10520 2.13700
v 1.31700 -1.17180 2.13900
v 1.31700 1.10320 2.13900
v 1.31600 -1.23580 1.24300
v 1.31600 1.16320 1.24300
v 1.31600 -1.17180 2.13900
v 1.31600 1.10220 2.13900
v 1.31500 -1.23280 1.24300
v 1.31500 1.16020 1.24300
v 1.31400 -1.18680 0.77100
v 1.31400 1.11420 0.77100
v 1.31400 -1.17680 1.84700
v 1.31400 1.10420 1.84700
v 1.31200 -1.22880 1.24300
v 1.31200 1.15720 1.24300
v 1.30900 -1.03980 1.35600
v 1.30900 0.96720 1.35600
v 1.30600 -1.23580 1.23500
v 1.30600 1.16320 1.23500
v 1.30600 -1.21880 1.38900
v 1.30600 1.14620 1.38900
v 1.30300 -1.17080 2.28600
v 1.30300 -1.16980 2.28600
v 1.30300 1.07920 2.28600
v 1.30200 -1.17180 2.28700
v 1.30200 1.10320 2.28700
v 1.30100 -0.37280 3.26900
v 1.30000 -1.17180 2.28600
v 1.30000 1.10220 2.28600
v 1.30000 -1.07880 2.97500
v 1.30000 1.01220 2.97500
v 1.29900 -1.07680 2.97500
v 1.29900 1.01020 2.97500
v 1.29800 -1.07580 2.97600
v 1.29800 1.00920 2.97600
v 1.29500 -0.65980 0.84100
v 1.29500 -0.60080 0.84100
v 1.29500 -0.47180 0.84100
v 1.29500 -0.30680 0.84100
v 1.29500 -0.14180 0.84100
v 1.29500 0.02320 0.84100
v 1.29500 0.18820 0.84100
v 1.29500 0.35220 0.84100
v 1.29500 0.51720 0.84100
v 1.29500 0.64720 0.84100
v 1.29500 0.70520 0.84100
v 1.29500 -0.57780 1.53400
v 1.29500 -0.52680 1.53400
v 1.29500 -0.41280 1.53400
v 1.29500 -0.26780 1.53400
v 1.29500 -0.12180 1.53400
v 1.29500 0.02320 1.53400
v 1.29500 0.16820 1.53400
v 1.29500 0.31320 1.53400
v 1.29500 0.45820 1.53400
v 1.29500 0.57220 1.53400
v 1.29500 0.62420 1.53400
v 1.28900 -1.22080 1.85900
v 1.28900 1.14820 1.85900
v 1.28800 1.14620 2.14300
v 1.28700 -0.53780 3.26900
v 1.28700 0.47120 3.26900
v 1.28600 -1.21680 1.86000
v 1.28600 1.14420 1.86000
v 1.28500 -0.65080 0.87300
v 1.28500 -0.59280 0.87300
v 1.28500 -0.46280 0.87300
v 1.28500 -0.29880 0.87300
v 1.28500 -0.13680 0.87300
v 1.28500 0.02320 0.87300
v 1.28500 0.18320 0.87300
v 1.28500 0.34420 0.87300
v 1.28500 0.51020 0.87300
v 1.28500 0.64120 0.87300
v 1.28500 0.69920 0.87300
v 1.28500 -0.65080 0.90600
v 1.28500 -0.59280 0.90600
v 1.28500 -0.46280 0.90600
v 1.28500 -0.29880 0.90600
v 1.28500 -0.13680 0.90600
v 1.28500 0.02320 0.90600
v 1.28500 0.18320 0.90600
v 1.28500 0.34420 0.90600
v 1.28500 0.51020 0.90600
v 1.28500 0.64120 0.90600
v 1.28500 0.69920 0.90600
v 1.28500 -0.65080 0.93900
v 1.28500 -0.59280 0.93900
v 1.28500 -0.46280 0.93900
v 1.28500 -0.29880 0.93900
v 1.28500 -0.13680 0.93900
v 1.28500 0.02320 0.93900
v 1.28500 0.18320 0.93900
v 1.28500 0.34420 0.93900
v 1.28500 0.51020 0.93900
v 1.28500 0.64120 0.93900
v 1.28500 0.69920 0.93900
v 1.28500 -0.65080 0.97100
v 1.28500 -0.59280 0.97100
v 1.28500 -0.46280 0.97100
v 1.28500 -0.29880 0.97100
v 1.28500 -0.13680 0.97100
v 1.28500 0.02320 0.97100
v 1.28500 0.18320 0.97100
v 1.28500 0.34420 0.97100
v 1.28500 0.51020 0.97100
v 1.28500 0.64120 0.97100
v 1.28500 0.69920 0.97100
v 1.28500 -0.65080 1.00400
v 1.28500 -0.59280 1.00400
v 1.28500 -0.46280 1.00400
v 1.28500 -0.29880 1.00400
v 1.28500 -0.13680 1.00400
v 1.28500 0.02320 1.00400
v 1.28500 0.18320 1.00400
v 1.28500 0.34420 1.00400
v 1.28500 0.51020 1.00400
v 1.28500 0.64120 1.00400
v 1.28500 0.69920 1.00400
v 1.28500 -0.63580 1.03600
v 1.28500 -0.57980 1.03600
v 1.28500 -0.45380 1.03600
v 1.28500 -0.29380 1.03600
v 1.28500 -0.13480 1.03600
v 1.28500 0.02320 1.03600
v 1.28500 0.18020 1.03600
v 1.28500 0.33920 1.03600
v 1.28500 0.50020 1.03600
v 1.28500 0.62620 1.03600
v 1.28500 0.68320 1.03600
v 1.28500 -0.55980 1.06900
v 1.28500 -0.50980 1.06900
v 1.28500 -0.39980 1.06900
v 1.28500 -0.25880 1.06900
v 1.28500 -0.11780 1.06900
v 1.28500 0.02320 1.06900
v 1.28500 0.16420 1.06900
v 1.28500 0.30420 1.06900
v 1.28500 0.44520 1.06900
v 1.28500 0.55620 1.06900
v 1.28500 0.60620 1.06900
v 1.28500 -0.55980 1.10200
v 1.28500 -0.50980 1.10200
v 1.28500 -0.39980 1.10200
v 1.28500 -0.25880 1.10200
v 1.28500 -0.11780 1.10200
v 1.28500 0.02320 1.10200
v 1.28500 0.16420 1.10200
v 1.28500 0.30420 1.10200
v 1.28500 0.44520 1.10200
v 1.28500 0.55620 1.10200
v 1.28500 0.60620 1.10200
v 1.28500 -0.55980 1.13400
v 1.28500 -0.50980 1.13400
v 1.28500 -0.39980 1.13400
v 1.28500 -0.25880 1.13400
v 1.28500 -0.11780 1.13400
v 1.28500 0.02320 1.13400
v 1.28500 0.16420 1.13400
v 1.28500 0.30420 1.13400
v 1.28500 0.44520 1.13400
v 1.28500 0.55620 1.13400
v 1.28500 0.60620 1.13400
v 1.28500 -0.55980 1.16700
v 1.28500 -0.50980 1.16700
v 1.28500 -0.39980 1.16700
v 1.28500 -0.25880 1.16700
v 1.28500 -0.11780 1.16700
v 1.28500 0.02320 1.16700
v 1.28500 0.16420 1.16700
v 1.28500 0.30420 1.16700
v 1.28500 0.44520 1.16700
v 1.28500 0.55620 1.16700
v 1.28500 0.60620 1.16700
v 1.28500 -0.55980 1.19900
v 1.28500 -0.50980 1.19900
v 1.28500 -0.39980 1.19900
v 1.28500 -0.25880 1.19900
v 1.28500 -0.11780 1.19900
v 1.28500 0.02320 1.19900
v 1.28500 0.16420 1.19900
v 1.28500 0.30420 1.19900
v 1.28500 0.44520 1.19900
v 1.28500 0.55620 1.19900
v 1.28500 0.60620 1.19900
v 1.28500 -0.55980 1.23200
v 1.28500 -0.50980 1.23200
v 1.28500 -0.39980 1.23200
v 1.28500 -0.25880 1.23200
v 1.28500 -0.11780 1.23200
v 1.28500 0.02320 1.23200
v 1.28500 0.16420 1.23200
v 1.28500 0.30420 1.23200
v 1.28500 0.44520 1.23200
v 1.28500 0.55620 1.23200
v 1.28500 0.60620 1.23200
v 1.28500 -0.55980 1.26500
v 1.28500 -0.50980 1.26500
v 1.28500 -0.39980 1.26500
v 1.28500 -0.25880 1.26500
v 1.28500 -0.11780 1.26500
v 1.28500 0.02320 1.26500
v 1.28500 0.16420 1.26500
v 1.28500 0.30420 1.26500
v 1.28500 0.44520 1.26500
v 1.28500 0.55620 1.26500
v 1.28500 0.60620 1.26500
v 1.28500 -0.55980 1.29700
v 1.28500 -0.50980 1.29700
v 1.28500 -0.39980 1.29700
v 1.28500 -0.25880 1.29700
v 1.28500 -0.11780 1.29700
v 1.28500 0.02320 1.29700
v 1.28500 0.16420 1.29700
v 1.28500 0.30420 1.29700
v 1.28500 0.44520 1.29700
v 1.28500 0.55620 1.29700
v 1.28500 0.60620 1.29700
v 1.28500 -0.55980 1.33000
v 1.28500 -0.50980 1.33000
v 1.28500 -0.39980 1.33000
v 1.28500 -0.25880 1.33000
v 1.28500 -0.11780 1.33000
v 1.28500 0.02320 1.33000
v 1.28500 0.16420 1.33000
v 1.28500 0.30420 1.33000
v 1.28500 0.44520 1.33000
v 1.28500 0.55620 1.33000
v 1.28500 0.60620 1.33000
v 1.28500 -0.55980 1.36200
v 1.28500 -0.50980 1.36200
v 1.28500 -0.39980 1.36200
v 1.28500 -0.25880 1.36200
v 1.28500 -0.11780 1.36200
v 1.28500 0.02320 1.36200
v 1.28500 0.16420 1.36200
v 1.28500 0.30420 1.36200
v 1.28500 0.44520 1.36200
v 1.28500 0.55620 1.36200
v 1.28500 0.60620 1.36200
v 1.28500 -0.55980 1.39500
v 1.28500 -0.50980 1.39500
v 1.28500 -0.39980 1.39500
v 1.28500 -0.25880 1.39500
v 1.28500 -0.11780 1.39500
v 1.28500 0.02320 1.39500
v 1.28500 0.16420 1.39500
v 1.28500 0.30420 1.39500
v 1.28500 0.44520 1.39500
v 1.28500 0.55620 1.39500
v 1.28500 0.60620 1.39500
v 1.28500 -0.55980 1.42800
v 1.28500 -0.50980 1.42800
v 1.28500 -0.39980 1.42800
v 1.28500 -0.25880 1.42800
v 1.28500 -0.11780 1.42800
v 1.28500 0.02320 1.42800
v 1.28500 0.16420 1.42800
v 1.28500 0.30420 1.42800
v 1.28500 0.44520 1.42800
v 1.28500 0.55620 1.42800
v 1.28500 0.60620 1.42800
v 1.28500 -0.55980 1.46000
v 1.28500 -0.50980 1.46000
v 1.28500 -0.39980 1.46000
v 1.28500 -0.25880 1.46000
v 1.28500 -0.11780 1.46000
v 1.28500 0.02320 1.46000
v 1.28500 0.16420 1.46000
v 1.28500 0.30420 1.46000
v 1.28500 0.44520 1.46000
v 1.28500 0.55620 1.46000
v 1.28500 0.60620 1.46000
v 1.28500 -0.55980 1.49300
v 1.28500 -0.50980 1.49300
v 1.28500 -0.39980 1.49300
v 1.28500 -0.25880 1.49300
v 1.28500 -0.11780 1.49300
v 1.28500 0.02320 1.49300
v 1.28500 0.16420 1.49300
v 1.28500 0.30420 1.49300
v 1.28500 0.44520 1.49300
v 1.28500 0.55620 1.49300
v 1.28500 0.60620 1.49300
v 1.27900 -1.11880 1.36700
v 1.27900 1.04720 1.36700
v 1.27400 -0.64280 1.02800
v 1.27400 0.69320 1.02800
v 1.27400 -0.58280 1.04500
v 1.27400 0.62820 1.04500
v 1.27300 -1.21280 2.29300
v 1.27300 1.12820 2.29300
v 1.26700 -0.69580 3.26800
v 1.26700 0.62920 3.26800
v 1.26500 -1.25980 1.39900
v 1.26500 1.18720 1.39900
v 1.26400 -0.63380 0.85700
v 1.26400 -0.57680 0.85700
v 1.26400 -0.44480 0.85700
v 1.26400 -0.28180 0.85700
v 1.26400 -0.12680 0.85700
v 1.26400 0.02320 0.85700
v 1.26400 0.17320 0.85700
v 1.26400 0.32820 0.85700
v 1.26400 0.49520 0.85700
v 1.26400 0.62920 0.85700
v 1.26400 0.68720 0.85700
v 1.26400 -0.63380 0.89000
v 1.26400 -0.57680 0.89000
v 1.26400 -0.44480 0.89000
v 1.26400 -0.28180 0.89000
v 1.26400 -0.12680 0.89000
v 1.26400 0.02320 0.89000
v 1.26400 0.17320 0.89000
v 1.26400 0.32820 0.89000
v 1.26400 0.49520 0.89000
v 1.26400 0.62920 0.89000
v 1.26400 0.68720 0.89000
v 1.26400 -0.63380 0.92200
v 1.26400 -0.57680 0.92200
v 1.26400 -0.44480 0.92200
v 1.26400 -0.28180 0.92200
v 1.26400 -0.12680 0.92200
v 1.26400 0.02320 0.92200
v 1.26400 0.17320 0.92200
v 1.26400 0.32820 0.92200
v 1.26400 0.49520 0.92200
v 1.26400 0.62920 0.92200
v 1.26400 0.68720 0.92200
v 1.26400 -0.63380 0.95500
v 1.26400 -0.57680 0.95500
v 1.26400 -0.44480 0.95500
v 1.26400 -0.28180 0.95500
v 1.26400 -0.12680 0.95500
v 1.26400 0.02320 0.95500
v 1.26400 0.17320 0.95500
v 1.26400 0.32820 0.95500
v 1.26400 0.49520 0.95500
v 1.26400 0.62920 0.95500
v 1.26400 0.68720 0.95500
v 1.26400 -0.63380 0.98700
v 1.26400 -0.57680 0.98700
v 1.26400 -0.44480 0.98700
v 1.26400 -0.28180 0.98700
v 1.26400 -0.12680 0.98700
v 1.26400 0.02320 0.98700
v 1.26400 0.17320 0.98700
v 1.26400 0.32820 0.98700
v 1.26400 0.49520 0.98700
v 1.26400 0.62920 0.98700
v 1.26400 0.68720 0.98700
v 1.26400 -0.63380 1.02000
v 1.26400 -0.57680 1.02000
v 1.26400 -0.44480 1.02000
v 1.26400 -0.28180 1.02000
v 1.26400 -0.12680 1.02000
v 1.26400 0.02320 1.02000
v 1.26400 0.17320 1.02000
v 1.26400 0.32820 1.02000
v 1.26400 0.49520 1.02000
v 1.26400 0.62920 1.02000
v 1.26400 0.68720 1.02000
v 1.26400 -0.53480 1.05300
v 1.26400 -0.48680 1.05300
v 1.26400 -0.38080 1.05300
v 1.26400 -0.24680 1.05300
v 1.26400 -0.11180 1.05300
v 1.26400 0.02320 1.05300
v 1.26400 0.15720 1.05300
v 1.26400 0.29220 1.05300
v 1.26400 0.42720 1.05300
v 1.26400 0.53220 1.05300
v 1.26400 0.58020 1.05300
v 1.26400 -0.52380 1.08500
v 1.26400 -0.47780 1.08500
v 1.26400 -0.37380 1.08500
v 1.26400 -0.24180 1.08500
v 1.26400 -0.10880 1.08500
v 1.26400 0.02320 1.08500
v 1.26400 0.15520 1.08500
v 1.26400 0.28720 1.08500
v 1.26400 0.41920 1.08500
v 1.26400 0.52320 1.08500
v 1.26400 0.57020 1.08500
v 1.26400 -0.52380 1.11800
v 1.26400 -0.47780 1.11800
v 1.26400 -0.37380 1.11800
v 1.26400 -0.24180 1.11800
v 1.26400 -0.10880 1.11800
v 1.26400 0.02320 1.11800
v 1.26400 0.15520 1.11800
v 1.26400 0.28720 1.11800
v 1.26400 0.41920 1.11800
v 1.26400 0.52320 1.11800
v 1.26400 0.57020 1.11800
v 1.26400 -0.52380 1.15000
v 1.26400 -0.47780 1.15000
v 1.26400 -0.37380 1.15000
v 1.26400 -0.24180 1.15000
v 1.26400 -0.10880 1.15000
v 1.26400 0.02320 1.15000
v 1.26400 0.15520 1.15000
v 1.26400 0.28720 1.15000
v 1.26400 0.41920 1.15000
v 1.26400 0.52320 1.15000
v 1.26400 0.57020 1.15000
v 1.26400 -0.52380 1.18300
v 1.26400 -0.47780 1.18300
v 1.26400 -0.37380 1.18300
v 1.26400 -0.24180 1.18300
v 1.26400 -0.10880 1.18300
v 1.26400 0.02320 1.18300
v 1.26400 0.15520 1.18300
v 1.26400 0.28720 1.18300
v 1.26400 0.41920 1.18300
v 1.26400 0.52320 1.18300
v 1.26400 0.57020 1.18300
v 1.26400 -0.52380 1.21600
v 1.26400 -0.47780 1.21600
v 1.26400 -0.37380 1.21600
v 1.26400 -0.24180 1.21600
v 1.26400 -0.10880 1.21600
v 1.26400 0.02320 1.21600
v 1.26400 0.15520 1.21600
v 1.26400 0.28720 1.21600
v 1.26400 0.41920 1.21600
v 1.26400 0.52320 1.21600
v 1.26400 0.57020 1.21600
v 1.26400 -0.52380 1.24800
v 1.26400 -0.47780 1.24800
v 1.26400 -0.37380 1.24800
v 1.26400 -0.24180 1.24800
v 1.26400 -0.10880 1.24800
v 1.26400 0.02320 1.24800
v 1.26400 0.15520 1.24800
v 1.26400 0.28720 1.24800
v 1.26400 0.41920 1.24800
v 1.26400 0.52320 1.24800
v 1.26400 0.57020 1.24800
v 1.26400 -0.52380 1.28100
v 1.26400 -0.47780 1.28100
v 1.26400 -0.37380 1.28100
v 1.26400 -0.24180 1.28100
v 1.26400 -0.10880 1.28100
v 1.26400 0.02320 1.28100
v 1.26400 0.15520 1.28100
v 1.26400 0.28720 1.28100
v 1.26400 0.41920 1.28100
v 1.26400 0.52320 1.28100
v 1.26400 0.57020 1.28100
v 1.26400 -0.52380 1.31300
v 1.26400 -0.47780 1.31300
v 1.26400 -0.37380 1.31300
v 1.26400 -0.24180 1.31300
v 1.26400 -0.10880 1.31300
v 1.26400 0.02320 1.31300
v 1.26400 0.15520 1.31300
v 1.26400 0.28720 1.31300
v 1.26400 0.41920 1.31300
v 1.26400 0.52320 1.31300
v 1.26400 0.57020 1.31300
v 1.26400 -0.52380 1.34600
v 1.26400 -0.47780 1.34600
v 1.26400 -0.37380 1.34600
v 1.26400 -0.24180 1.34600
v 1.26400 -0.10880 1.34600
v 1.26400 0.02320 1.34600
v 1.26400 0.15520 1.34600
v 1.26400 0.28720 1.34600
v 1.26400 0.41920 1.34600
v 1.26400 0.52320 1.34600
v 1.26400 0.57020 1.34600
v 1.26400 -0.52380 1.37900
v 1.26400 -0.47780 1.37900
v 1.26400 -0.37380 1.37900
v 1.26400 -0.24180 1.37900
v 1.26400 -0.10880 1.37900
v 1.26400 0.02320 1.37900
v 1.26400 0.15520 1.37900
v 1.26400 0.28720 1.37900
v 1.26400 0.41920 1.37900
v 1.26400 0.52320 1.37900
v 1.26400 0.57020 1.37900
v 1.26400 -0.52380 1.41100
v 1.26400 -0.47780 1.41100
v 1.26400 -0.37380 1.41100
v 1.26400 -0.24180 1.41100
v 1.26400 -0.10880 1.41100
v 1.26400 0.02320 1.41100
v 1.26400 0.15520 1.41100
v 1.26400 0.28720 1.41100
v 1.26400 0.41920 1.41100
v 1.26400 0.52320 1.41100
v 1.26400 0.57020 1.41100
v 1.26400 -0.52380 1.44400
v 1.26400 -0.47780 1.44400
v 1.26400 -0.37380 1.44400
v 1.26400 -0.24180 1.44400
v 1.26400 -0.10880 1.44400
v 1.26400 0.02320 1.44400
v 1.26400 0.15520 1.44400
v 1.26400 0.28720 1.44400
v 1.26400 0.41920 1.44400
v 1.26400 0.52320 1.44400
v 1.26400 0.57020 1.44400
v 1.26400 -0.52380 1.47600
v 1.26400 -0.47780 1.47600
v 1.26400 -0.37380 1.47600
v 1.26400 -0.24180 1.47600
v 1.26400 -0.10880 1.47600
v 1.26400 0.02320 1.47600
v 1.26400 0.15520 1.47600
v 1.26400 0.28720 1.47600
v 1.26400 0.41920 1.47600
v 1.26400 0.52320 1.47600
v 1.26400 0.57020 1.47600
v 1.26400 -0.52380 1.50900
v 1.26400 -0.47780 1.50900
v 1.26400 -0.37380 1.50900
v 1.26400 -0.24180 1.50900
v 1.26400 -0.10880 1.50900
v 1.26400 0.02320 1.50900
v 1.26400 0.15520 1.50900
v 1.26400 0.28720 1.50900
v 1.26400 0.41920 1.50900
v 1.26400 0.52320 1.50900
v 1.26400 0.57020 1.50900
v 1.26300 -1.15280 2.97600
v 1.26200 -1.15180 2.97400
v 1.26200 1.08520 2.97400
v 1.26100 -1.14780 2.97400
v 1.26100 1.08120 2.97400
v 1.26100 -1.14680 2.97500
v 1.26100 1.08020 2.97500
v 1.25500 -1.25780 1.87200
v 1.25500 1.18620 1.87200
v 1.25000 -1.17380 1.37600
v 1.25000 1.10120 1.37600
v 1.25000 -0.03280 3.27300
v 1.25000 -0.03280 3.27700
v 1.24700 0.38820 1.68200
v 1.24700 0.82920 1.68200
v 1.24700 0.38820 1.69000
v 1.24700 0.82920 1.69000
v 1.24700 -0.21380 3.27300
v 1.24700 0.14720 3.27300
v 1.24700 -0.21380 3.27700
v 1.24700 0.14720 3.27700
v 1.24600 0.96020 3.21400
v 1.24300 1.16920 2.29900
v 1.24300 1.17020 2.29900
v 1.24300 -0.27580 3.08500
v 1.24300 0.20020 3.08500
v 1.24200 -0.03780 3.08200
v 1.24200 -0.84580 3.26800
v 1.24200 0.77920 3.26800
v 1.23900 -0.03480 3.08300
v 1.23800 -0.27580 3.08200
v 1.23800 -0.03480 3.08200
v 1.23800 0.20020 3.08200
v 1.23800 -0.39280 3.27200
v 1.23800 0.32620 3.27200
v 1.23800 -0.39280 3.27600
v 1.23800 0.32620 3.27600
v 1.23500 -0.49380 3.08500
v 1.23500 0.41820 3.08500
v 1.23400 -0.30080 3.08300
v 1.23400 0.23220 3.08300
v 1.23300 0.38920 1.68500
v 1.23300 0.82720 1.68500
v 1.23300 0.38920 1.69000
v 1.23300 0.82720 1.69000
v 1.23300 -0.30080 3.08200
v 1.23300 0.23220 3.08200
v 1.23300 -0.49380 3.08300
v 1.23300 0.41820 3.08300
v 1.23000 -0.49380 3.08200
v 1.23000 0.41720 3.08200
v 1.22400 -0.52780 3.08300
v 1.22400 0.45820 3.08300
v 1.22400 -0.66980 3.08500
v 1.22400 0.59420 3.08500
v 1.22300 -0.52680 3.08200
v 1.22300 0.45820 3.08200
v 1.22200 -1.28980 1.40800
v 1.22200 1.21720 1.40800
v 1.22200 -0.66980 3.08300
v 1.22200 0.59420 3.08300
v 1.22200 -0.56580 3.27200
v 1.22200 0.49920 3.27200
v 1.22200 -0.56580 3.27600
v 1.22200 0.49920 3.27600
v 1.21900 -0.66980 3.08300
v 1.21900 0.59320 3.08300
v 1.21500 -0.97780 3.27400
v 1.21400 -0.97580 3.26700
v 1.21400 0.90920 3.26700
v 1.21300 0.35420 1.68200
v 1.21300 0.35420 1.69000
v 1.21300 -0.67280 3.08200
v 1.21300 0.60420 3.08200
v 1.21300 -0.78780 3.08300
v 1.21300 -0.67280 3.08300
v 1.21300 0.71220 3.08300
v 1.21200 0.36920 1.68500
v 1.21200 0.36920 1.69000
v 1.21000 -0.78780 3.08300
v 1.21000 0.71120 3.08300
v 1.20900 -0.67680 0.84100
v 1.20900 0.72220 0.84100
v 1.20900 -0.59280 1.53400
v 1.20900 0.63920 1.53400
v 1.20800 -1.02280 1.68200
v 1.20800 -0.59580 1.68200
v 1.20800 -1.02280 1.69000
v 1.20800 -0.59580 1.69000
v 1.20800 -0.83480 3.09800
v 1.20800 0.75920 3.09800
v 1.20700 -0.84380 3.09800
v 1.20700 0.76820 3.09800
v 1.20400 -0.76380 3.08200
v 1.20400 0.69420 3.08200
v 1.20200 -0.66780 0.87300
v 1.20200 0.71620 0.87300
v 1.20200 -0.66780 0.90600
v 1.20200 0.71620 0.90600
v 1.20200 -0.66780 0.93900
v 1.20200 0.71620 0.93900
v 1.20200 -0.66780 0.97100
v 1.20200 0.71620 0.97100
v 1.20200 -0.66780 1.00400
v 1.20200 0.71620 1.00400
v 1.20200 -0.65280 1.03600
v 1.20200 0.69920 1.03600
v 1.20200 -0.57480 1.06900
v 1.20200 0.62020 1.06900
v 1.20200 -0.57480 1.10200
v 1.20200 0.62020 1.10200
v 1.20200 -0.57480 1.13400
v 1.20200 0.62020 1.13400
v 1.20200 -0.57480 1.16700
v 1.20200 0.62020 1.16700
v 1.20200 -0.57480 1.19900
v 1.20200 0.62020 1.19900
v 1.20200 -0.57480 1.23200
v 1.20200 0.62020 1.23200
v 1.20200 -0.57480 1.26500
v 1.20200 0.62020 1.26500
v 1.20200 -0.57480 1.29700
v 1.20200 0.62020 1.29700
v 1.20200 -0.57480 1.33000
v 1.20200 0.62020 1.33000
v 1.20200 -0.57480 1.36200
v 1.20200 0.62020 1.36200
v 1.20200 -0.57480 1.39500
v 1.20200 0.62020 1.39500
v 1.20200 -0.57480 1.42800
v 1.20200 0.62020 1.42800
v 1.20200 -0.57480 1.46000
v 1.20200 0.62020 1.46000
v 1.20200 -0.57480 1.49300
v 1.20200 0.62020 1.49300
v 1.20200 -1.19380 2.97400
v 1.20200 1.12720 2.97400
v 1.20100 -1.19280 2.97300
v 1.20100 -1.18880 2.97300
v 1.20100 1.12220 2.97300
v 1.20100 1.12620 2.97300
v 1.20100 -1.18680 2.97400
v 1.20100 1.12020 2.97400
v 1.20100 -0.83480 3.15300
v 1.20100 0.75920 3.15300
v 1.20000 -0.84380 3.15300
v 1.20000 0.76720 3.15300
v 1.20000 -0.73080 3.27100
v 1.20000 0.66420 3.27100
v 1.20000 -0.73080 3.27600
v 1.20000 0.66420 3.27600
v 1.19700 -0.82380 3.08200
v 1.19700 0.75420 3.08200
v 1.19700 -0.83580 3.09700
v 1.19600 -0.82380 3.08200
v 1.19600 0.75420 3.08200
v 1.19600 -0.84080 3.09700
v 1.19600 0.76520 3.09700
v 1.19500 -0.83380 3.09600
v 1.19500 -0.83080 3.09600
v 1.19500 0.75420 3.09600
v 1.19500 0.75720 3.09600
v 1.19400 -0.65880 1.02800
v 1.19400 0.70920 1.02800
v 1.19400 -1.02180 1.68500
v 1.19400 -0.59580 1.68500
v 1.19400 -1.02180 1.69000
v 1.19400 -0.59580 1.69000
v 1.19400 -0.84180 3.09700
v 1.19400 0.76620 3.09700
v 1.19300 -0.84480 3.09700
v 1.19300 0.76920 3.09700
v 1.19200 -0.32280 3.14100
v 1.19200 -0.30780 3.14100
v 1.19200 0.32420 3.14100
v 1.19000 -0.30580 3.14700
v 1.19000 0.34120 3.14700
v 1.19000 -0.83980 3.15100
v 1.19000 -0.83580 3.15100
v 1.19000 0.75920 3.15100
v 1.19000 0.76420 3.15100
v 1.18900 -0.87280 3.08200
v 1.18900 -0.87280 3.08300
v 1.18900 0.80320 3.08300
v 1.18800 -0.83280 3.15000
v 1.18800 -0.83080 3.15000
v 1.18800 0.75420 3.15000
v 1.18800 0.75720 3.15000
v 1.18800 -1.08080 3.27200
v 1.18700 -0.94280 3.08300
v 1.18700 0.86720 3.08300
v 1.18700 -0.84180 3.15100
v 1.18700 0.76620 3.15100
v 1.18700 -1.07780 3.26500
v 1.18700 1.01120 3.26500
v 1.18600 -0.64980 0.85700
v 1.18600 0.70320 0.85700
v 1.18600 -0.64980 0.89000
v 1.18600 0.70320 0.89000
v 1.18600 -0.64980 0.92200
v 1.18600 0.70320 0.92200
v 1.18600 -0.64980 0.95500
v 1.18600 0.70320 0.95500
v 1.18600 -0.64980 0.98700
v 1.18600 0.70320 0.98700
v 1.18600 -0.64980 1.02000
v 1.18600 0.70320 1.02000
v 1.18600 -0.54880 1.05300
v 1.18600 0.59420 1.05300
v 1.18600 -0.53780 1.08500
v 1.18600 0.58420 1.08500
v 1.18600 -0.53780 1.11800
v 1.18600 0.58420 1.11800
v 1.18600 -0.53780 1.15000
v 1.18600 0.58420 1.15000
v 1.18600 -0.53780 1.18300
v 1.18600 0.58420 1.18300
v 1.18600 -0.53780 1.21600
v 1.18600 0.58420 1.21600
v 1.18600 -0.53780 1.24800
v 1.18600 0.58420 1.24800
v 1.18600 -0.53780 1.28100
v 1.18600 0.58420 1.28100
v 1.18600 -0.53780 1.31300
v 1.18600 0.58420 1.31300
v 1.18600 -0.53780 1.34600
v 1.18600 0.58420 1.34600
v 1.18600 -0.53780 1.37900
v 1.18600 0.58420 1.37900
v 1.18600 -0.53780 1.41100
v 1.18600 0.58420 1.41100
v 1.18600 -0.53780 1.44400
v 1.18600 0.58420 1.44400
v 1.18600 -0.53780 1.47600
v 1.18600 0.58420 1.47600
v 1.18600 -0.53780 1.50900
v 1.18600 0.58420 1.50900
v 1.18600 -0.84480 3.15100
v 1.18600 0.76820 3.15100
v 1.18500 -1.04580 1.68200
v 1.18500 -1.03180 1.68500
v 1.18500 -1.04580 1.69000
v 1.18500 -1.03180 1.69000
v 1.18500 -0.94180 3.08300
v 1.18500 0.86620 3.08300
v 1.18300 -1.30780 2.31200
v 1.18200 -1.15980 1.96600
v 1.18200 1.08820 1.96600
v 1.18200 -1.15980 2.03700
v 1.18200 1.08820 2.03700
v 1.18200 -1.15980 2.10900
v 1.18200 1.08820 2.10900
v 1.18200 -0.83580 3.30300
v 1.18200 0.76020 3.30300
v 1.18100 -0.84480 3.30300
v 1.18100 0.76820 3.30300
v 1.17800 -1.30780 2.34600
v 1.17800 1.23020 2.34600
v 1.17800 1.23120 2.34600
v 1.17800 -0.92880 3.08300
v 1.17800 0.86020 3.08300
v 1.17700 -0.92880 3.08300
v 1.17700 0.85920 3.08300
v 1.17600 -1.30780 2.37200
v 1.17600 -1.30580 2.37200
v 1.17600 1.22920 2.37200
v 1.17400 -1.25780 1.27900
v 1.17400 1.18520 1.27900
v 1.17200 -1.26580 1.22000
v 1.17200 1.19320 1.22000
v 1.17200 -0.88580 3.27100
v 1.17200 0.81920 3.27100
v 1.17200 -0.88580 3.27500
v 1.17200 0.81920 3.27500
v 1.17200 -0.83680 3.29900
v 1.17200 0.76120 3.29900
v 1.17200 -0.84080 3.30000
v 1.17200 0.76520 3.30000
v 1.17000 -1.27380 0.64400
v 1.17000 1.20120 0.64400
v 1.17000 -1.27380 0.73100
v 1.17000 1.20120 0.73100
v 1.17000 -1.27380 0.85400
v 1.17000 1.20120 0.85400
v 1.17000 -1.27380 0.99300
v 1.17000 1.20120 0.99300
v 1.17000 -1.27180 1.12400
v 1.17000 1.19920 1.12400
v 1.17000 -1.32780 1.28800
v 1.17000 1.25520 1.28800
v 1.17000 -1.00280 3.08300
v 1.17000 0.92720 3.08300
v 1.17000 -0.83180 3.29800
v 1.17000 0.75520 3.29800
v 1.17000 -0.83480 3.29900
v 1.17000 0.75820 3.29900
v 1.16900 -1.32780 0.65300
v 1.16900 1.25620 0.65300
v 1.16900 -1.32780 0.73600
v 1.16900 1.25620 0.73600
v 1.16900 -1.32780 0.85600
v 1.16900 1.25620 0.85600
v 1.16900 -1.32780 0.99500
v 1.16900 1.25620 0.99500
v 1.16900 -1.32780 1.12800
v 1.16900 1.25620 1.12800
v 1.16900 -1.32780 1.22500
v 1.16900 1.25520 1.22500
v 1.16900 -0.84280 3.29900
v 1.16800 -0.84580 3.29900
v 1.16800 0.76920 3.29900
v 1.16700 -1.32480 0.65200
v 1.16700 1.25320 0.65200
v 1.16700 -1.32480 0.73600
v 1.16700 1.25320 0.73600
v 1.16700 -1.32480 0.85600
v 1.16700 1.25320 0.85600
v 1.16700 -1.32480 0.99500
v 1.16700 1.25320 0.99500
v 1.16700 -1.30480 2.44700
v 1.16700 -1.30380 2.44700
v 1.16700 1.22520 2.44700
v 1.16700 1.22620 2.44700
v 1.16700 -1.00280 3.08300
v 1.16700 0.92620 3.08300
v 1.16600 -0.98680 3.08300
v 1.16500 -1.32080 1.53400
v 1.16500 1.24820 1.53400
v 1.16500 -1.32080 1.63500
v 1.16500 1.24820 1.63500
v 1.16500 -1.32080 1.74300
v 1.16500 1.24820 1.74300
v 1.16500 -1.32080 1.82800
v 1.16500 1.24820 1.82800
v 1.16500 -1.32080 1.90100
v 1.16500 1.24820 1.90100
v 1.16500 -1.32380 1.96900
v 1.16500 1.25120 1.96900
v 1.16500 -1.32380 2.04000
v 1.16500 1.25120 2.04000
v 1.16500 -1.32380 2.11100
v 1.16500 1.25120 2.11100
v 1.16500 -0.98680 3.08300
v 1.16400 -1.32080 1.47100
v 1.16400 1.24820 1.47100
v 1.16400 -1.23780 2.16200
v 1.16400 -1.28780 2.16300
v 1.16400 0.91720 3.08300
v 1.16300 -1.31880 1.53500
v 1.16300 1.24620 1.53500
v 1.16300 -1.31880 1.63500
v 1.16300 1.24620 1.63500
v 1.16300 -1.31880 1.74300
v 1.16300 1.24620 1.74300
v 1.16300 1.24620 1.82800
v 1.16300 -1.16280 1.96600
v 1.16300 1.09020 1.96600
v 1.16300 -1.16280 2.03700
v 1.16300 1.09020 2.03700
v 1.16300 -1.16280 2.10900
v 1.16300 1.09020 2.10900
v 1.16300 0.91720 3.08300
v 1.16200 -1.31880 1.47100
v 1.16200 1.24620 1.47100
v 1.16200 -1.17080 1.53700
v 1.16200 1.09820 1.53700
v 1.16200 -1.16580 1.63700
v 1.16200 1.09320 1.63700
v 1.16200 -1.15980 1.74600
v 1.16200 1.08820 1.74600
v 1.16200 -1.15580 1.82800
v 1.16200 1.08420 1.82800
v 1.16200 -1.15280 1.89700
v 1.16200 1.08020 1.89700
v 1.16200 -1.18280 1.89800
v 1.16200 1.11020 1.89800
v 1.16200 -1.23280 1.89900
v 1.16200 1.16120 1.89900
v 1.16200 -1.28380 1.90100
v 1.16200 1.21220 1.90100
v 1.16100 -1.17180 1.48000
v 1.16100 1.10020 1.48000
v 1.15800 -1.15380 3.26900
v 1.15700 -1.14880 3.26400
v 1.15700 1.08220 3.26400
v 1.15500 -1.03980 3.08300
v 1.15500 -1.03980 3.08400
v 1.15300 -1.29880 2.58100
v 1.15200 -1.32180 1.95500
v 1.15200 -1.28580 1.95500
v 1.15200 1.21020 1.95500
v 1.15200 1.24620 1.95500
v 1.15200 -1.32180 2.04400
v 1.15200 -1.28580 2.04400
v 1.15200 1.21020 2.04400
v 1.15200 1.24620 2.04400
v 1.15200 -1.32180 2.12300
v 1.15200 -1.28580 2.12300
v 1.15200 1.21020 2.12300
v 1.15200 1.24620 2.12300
v 1.15200 -1.18080 2.16400
v 1.15200 1.11120 2.16400
v 1.15200 -1.28380 2.16500
v 1.15200 -1.23180 2.16500
v 1.15200 1.16220 2.16500
v 1.15200 1.21520 2.16500
v 1.15200 -1.29880 2.58100
v 1.15200 -1.29780 2.58100
v 1.15200 -1.29680 2.58100
v 1.15200 1.21720 2.58100
v 1.15200 1.21820 2.58100
v 1.15000 -1.15080 2.18900
v 1.15000 1.08220 2.18900
v 1.14900 -1.32080 2.19100
v 1.14900 1.25220 2.19100
v 1.14800 -1.18080 2.16500
v 1.14800 1.11120 2.16500
v 1.14800 -1.28480 2.16600
v 1.14800 -1.23180 2.16600
v 1.14800 1.16220 2.16600
v 1.14800 1.21520 2.16600
v 1.14800 -1.15080 2.18900
v 1.14800 -1.21280 2.98000
v 1.14800 1.14620 2.98000
v 1.14800 0.97020 3.08300
v 1.14800 0.97020 3.08400
v 1.14700 -1.31880 2.19100
v 1.14700 -1.21080 2.97900
v 1.14700 -1.20680 2.97900
v 1.14700 -1.20580 2.98000
v 1.14600 1.18120 1.68200
v 1.14600 1.18120 1.69000
v 1.14600 -1.15280 2.18900
v 1.14600 1.08320 2.18900
v 1.14500 -1.12880 1.81500
v 1.14500 -1.15080 2.24200
v 1.14500 1.08220 2.24200
v 1.14500 -1.32080 2.24400
v 1.14500 1.25220 2.24400
v 1.14500 -1.12880 2.44800
v 1.14400 -1.15080 2.24200
v 1.14400 1.08220 2.24200
v 1.14300 -1.31880 2.24400
v 1.14200 -1.15280 2.24200
v 1.14200 1.08320 2.24200
v 1.14100 -1.15280 2.29400
v 1.14100 1.08320 2.29400
v 1.14100 -1.32080 2.29500
v 1.14100 1.25120 2.29500
v 1.14100 -1.02080 3.27000
v 1.14100 0.95420 3.27000
v 1.14100 -1.02080 3.27400
v 1.14100 0.95420 3.27400
v 1.14100 -0.83680 3.46500
v 1.14100 0.76120 3.46500
v 1.14000 -1.18080 2.31100
v 1.14000 1.11120 2.31100
v 1.14000 -1.28380 2.31200
v 1.14000 -1.23180 2.31200
v 1.14000 1.16220 2.31200
v 1.14000 1.21520 2.31200
v 1.14000 -0.84580 3.46400
v 1.14000 0.76920 3.46400
v 1.13900 -1.15280 2.29400
v 1.13900 1.08320 2.29400
v 1.13900 -1.31880 2.29500
v 1.13800 -1.32180 0.74900
v 1.13800 -1.31280 0.74900
v 1.13800 1.23620 0.74900
v 1.13800 1.24620 0.74900
v 1.13800 -1.32180 0.80100
v 1.13800 -1.31280 0.80100
v 1.13800 1.23620 0.80100
v 1.13800 1.24620 0.80100
v 1.13800 -1.32180 0.87100
v 1.13800 -1.31180 0.87100
v 1.13800 1.23620 0.87100
v 1.13800 1.24520 0.87100
v 1.13800 -1.32080 0.94700
v 1.13800 -1.31180 0.94700
v 1.13800 1.23620 0.94700
v 1.13800 1.24520 0.94700
v 1.13800 -1.32080 1.01300
v 1.13800 -1.31080 1.01300
v 1.13800 1.23520 1.01300
v 1.13800 1.24520 1.01300
v 1.13800 -1.18080 2.31100
v 1.13800 1.11120 2.31100
v 1.13800 -1.28380 2.31200
v 1.13800 -1.23180 2.31200
v 1.13800 1.16220 2.31200
v 1.13800 1.21520 2.31200
v 1.13800 -1.08180 3.08300
v 1.13800 1.00620 3.08300
v 1.13600 -1.32680 2.25000
v 1.13600 -1.31680 2.25000
v 1.13600 1.24120 2.25000
v 1.13600 1.25120 2.25000
v 1.13600 -1.08180 3.08300
v 1.13600 1.00520 3.08300
v 1.13500 -1.28780 2.71500
v 1.13500 -1.28680 2.71500
v 1.13500 1.20620 2.71500
v 1.13500 1.20820 2.71500
v 1.13400 -1.08880 0.82300
v 1.13400 1.10020 0.82300
v 1.13400 -1.08880 0.88100
v 1.13400 1.10020 0.88100
v 1.13400 -1.28680 2.71500
v 1.13400 1.20720 2.71500
v 1.13300 1.17620 1.68500
v 1.13300 1.17620 1.69000
v 1.13300 1.01820 3.08400
v 1.13300 0.76220 3.45900
v 1.13200 -1.08880 0.94000
v 1.13200 1.10020 0.94000
v 1.13200 -1.13680 1.81500
v 1.13200 -1.13680 2.44900
v 1.13200 1.01820 3.08400
v 1.13200 -0.84180 3.45900
v 1.13200 0.76620 3.45900
v 1.13100 -1.08880 0.76500
v 1.13100 1.10020 0.76500
v 1.13100 -0.83580 3.45800
v 1.13100 -0.83280 3.45800
v 1.13100 0.75720 3.45800
v 1.13000 -0.84380 3.45800
v 1.12900 -0.84680 3.45800
v 1.12900 0.77120 3.45800
v 1.12800 -1.08880 0.99700
v 1.12800 1.10020 0.99700
v 1.12800 -1.32480 2.32900
v 1.12800 -1.31480 2.32900
v 1.12800 1.23920 2.32900
v 1.12800 1.24820 2.32900
v 1.12300 -1.19380 3.26700
v 1.12200 -1.08880 1.05500
v 1.12200 1.10020 1.05500
v 1.12200 -1.18780 3.26200
v 1.12200 1.12120 3.26200
v 1.11800 -1.12880 1.81500
v 1.11800 -1.12880 2.44900
v 1.11600 1.19220 2.84500
v 1.11500 -1.08880 1.11000
v 1.11500 1.10020 1.11000
v 1.11500 -1.27080 2.84500
v 1.11500 1.19320 2.84500
v 1.11500 1.19520 2.84500
v 1.11400 -1.31780 2.44700
v 1.11400 -1.30880 2.44700
v 1.11400 1.23220 2.44700
v 1.11400 1.24220 2.44700
v 1.11400 -1.27280 2.84500
v 1.11400 -1.27180 2.84500
v 1.11400 1.19420 2.84500
v 1.11200 -0.50080 1.68200
v 1.11200 -0.50080 1.69000
v 1.11000 -1.12480 3.26900
v 1.11000 1.05820 3.26900
v 1.11000 -1.12580 3.27200
v 1.11000 1.05920 3.27200
v 1.10800 -1.08880 1.16000
v 1.10800 1.10020 1.16000
v 1.10800 -0.51480 1.68500
v 1.10800 -0.51480 1.69000
v 1.10600 -1.15780 3.08300
v 1.10600 1.08120 3.08300
v 1.10300 1.21320 1.68200
v 1.10300 1.19920 1.68500
v 1.10300 1.19920 1.69000
v 1.10300 1.21320 1.69000
v 1.10300 -1.15680 3.08300
v 1.10300 1.08120 3.08300
v 1.09800 0.96020 3.14700
v 1.09700 -1.30880 2.58200
v 1.09700 -1.29980 2.58200
v 1.09700 1.22320 2.58200
v 1.09700 1.23320 2.58200
v 1.09200 1.17820 2.96700
v 1.09200 -1.25280 2.96800
v 1.09200 1.17920 2.96800
v 1.09100 -1.25280 2.96700
v 1.09100 1.17820 2.96700
v 1.09100 1.17920 2.96700
v 1.09100 -1.25280 2.96800
v 1.09100 1.17920 2.96800
v 1.09000 -1.19080 3.26100
v 1.09000 1.12420 3.26100
v 1.09000 -1.19380 3.26300
v 1.09000 1.12720 3.26300
v 1.08400 -1.20780 3.08300
v 1.08400 1.13120 3.08300
v 1.08100 -1.20680 3.08300
v 1.08100 1.13120 3.08300
v 1.08000 -1.29980 2.71300
v 1.08000 -1.28980 2.71300
v 1.08000 1.21420 2.71300
v 1.08000 1.22320 2.71300
v 1.07900 -1.24080 3.03300
v 1.07900 1.16820 3.03300
v 1.07900 1.17020 3.03300
v 1.07800 -1.31380 2.25000
v 1.07800 1.23720 2.25000
v 1.07600 -1.31280 2.18900
v 1.07600 1.23720 2.18900
v 1.07600 1.16520 3.05600
v 1.07500 -1.31780 2.18900
v 1.07500 1.24220 2.18900
v 1.07500 -1.31880 2.25000
v 1.07400 -1.23680 3.05600
v 1.07400 -1.23580 3.05600
v 1.07400 1.16520 3.05600
v 1.07400 1.16620 3.05600
v 1.07100 -1.31080 2.33000
v 1.07100 1.23520 2.33000
v 1.07000 -1.32780 2.25000
v 1.07000 -1.31880 2.25000
v 1.07000 1.24320 2.25000
v 1.07000 1.24520 2.25000
v 1.07000 1.25220 2.25000
v 1.07000 1.23120 2.33000
v 1.07000 -1.23080 3.08600
v 1.06900 -1.31480 2.33000
v 1.06800 1.24120 2.33000
v 1.06800 -0.84580 3.55200
v 1.06800 0.77020 3.55200
v 1.06800 -0.83680 3.55300
v 1.06800 0.76120 3.55300
v 1.06500 -1.28980 2.82300
v 1.06500 -1.28080 2.82300
v 1.06500 1.20520 2.82300
v 1.06500 1.21420 2.82300
v 1.06500 0.76320 3.54900
v 1.06400 -1.31880 2.24900
v 1.06400 -1.31280 2.31000
v 1.06400 1.23720 2.31000
v 1.06400 -1.31780 2.31100
v 1.06400 1.24220 2.31100
v 1.06400 -1.31880 2.33000
v 1.06400 1.24220 2.33000
v 1.06300 -1.32580 2.33000
v 1.06300 -1.31680 2.33000
v 1.06300 -1.30280 2.33000
v 1.06300 1.24020 2.33000
v 1.06300 1.25020 2.33000
v 1.06200 1.24320 2.33000
v 1.06000 -1.23780 3.14000
v 1.06000 1.16120 3.14000
v 1.06000 -0.83580 3.54300
v 1.06000 0.76020 3.54300
v 1.06000 -0.84280 3.54500
v 1.06000 0.76620 3.54500
v 1.05900 1.22420 2.44900
v 1.05900 -0.83280 3.54300
v 1.05900 0.75720 3.54300
v 1.05800 -1.31780 2.33000
v 1.05800 1.24120 2.33000
v 1.05800 -1.30880 2.44900
v 1.05800 -1.29880 2.44900
v 1.05800 -0.84380 3.54400
v 1.05800 0.76820 3.54400
v 1.05700 -1.31580 2.32900
v 1.05700 1.23420 2.44900
v 1.05700 -1.23580 3.14000
v 1.05700 1.16020 3.14000
v 1.05700 -0.84680 3.54300
v 1.05700 0.77120 3.54300
v 1.05600 1.23020 2.32900
v 1.05500 1.23520 2.44900
v 1.05500 -1.28180 2.89900
v 1.05500 -1.27280 2.89900
v 1.05500 1.19620 2.89900
v 1.05500 1.20620 2.89900
v 1.05400 -1.31180 2.44900
v 1.05200 -1.31980 2.44800
v 1.05200 -1.30980 2.44800
v 1.05200 -1.29580 2.44800
v 1.05200 1.23420 2.44800
v 1.05200 1.24320 2.44800
v 1.05000 1.22020 2.44800
v 1.04900 -1.31180 2.44900
v 1.04800 -1.27580 1.93200
v 1.04800 1.20020 1.93200
v 1.04800 -1.31080 2.44800
v 1.04800 1.23520 2.44800
v 1.04700 -1.32580 1.92300
v 1.04700 -1.32080 1.92900
v 1.04700 1.24420 1.92900
v 1.04500 -1.29980 2.44700
v 1.04500 1.22420 2.44700
v 1.04500 -1.29880 2.58200
v 1.04400 -1.28980 2.58200
v 1.04400 -1.22280 3.25400
v 1.04400 1.14620 3.25400
v 1.04100 -1.31580 1.10500
v 1.04100 1.24020 1.10500
v 1.04100 -1.22080 3.25400
v 1.04100 1.14520 3.25400
v 1.04000 -1.27480 1.40800
v 1.04000 1.19920 1.40800
v 1.04000 -1.33580 1.43800
v 1.04000 1.26020 1.43800
v 1.03900 -1.33680 1.35600
v 1.03900 1.26120 1.35600
v 1.03900 -1.29480 2.58600
v 1.03900 1.21920 2.58600
v 1.03900 -1.29980 2.58700
v 1.03900 1.22420 2.58700
v 1.03800 -1.30980 2.58100
v 1.03800 -1.30080 2.58100
v 1.03800 -1.28680 2.58100
v 1.03800 1.22520 2.58100
v 1.03800 1.23420 2.58100
v 1.03600 -1.32680 1.10500
v 1.03600 1.25020 1.10500
v 1.03600 1.21120 2.58100
v 1.03600 -1.30280 2.58200
v 1.03500 -1.31580 1.17600
v 1.03500 1.24020 1.17600
v 1.03400 1.22620 2.58100
v 1.03400 -1.27480 2.96000
v 1.03400 -1.26580 2.96000
v 1.03400 1.19020 2.96000
v 1.03400 1.19920 2.96000
v 1.03300 -1.28880 2.58000
v 1.03100 -1.29080 2.58000
v 1.03100 1.21520 2.58000
v 1.03000 -1.32580 1.17900
v 1.03000 1.25020 1.17900
v 1.02800 1.21420 2.70600
v 1.02700 -1.32480 0.73500
v 1.02700 -1.31480 0.73500
v 1.02700 1.23920 0.73500
v 1.02700 1.24820 0.73500
v 1.02700 1.25120 0.73700
v 1.02700 1.20420 2.70500
v 1.02500 -1.29280 2.70600
v 1.02500 -1.20280 3.37700
v 1.02500 1.12720 3.37700
v 1.02200 -1.20180 3.37700
v 1.02200 1.12620 3.37700
v 1.02100 -1.30080 2.70400
v 1.02100 -1.29180 2.70400
v 1.02100 1.21520 2.70400
v 1.02100 1.22520 2.70400
v 1.01600 -1.27980 2.70300
v 1.01500 0.36920 1.68500
v 1.01500 0.36920 1.69000
v 1.01500 -1.28180 2.70300
v 1.01500 1.20520 2.70300
v 1.01500 -1.29080 2.70400
v 1.01500 1.21520 2.70400
v 1.01400 0.35420 1.68200
v 1.01400 0.35420 1.69000
v 1.01400 -1.28280 2.70300
v 1.01200 1.19720 2.80600
v 1.01200 -1.27480 2.80700
v 1.01200 0.76720 3.57400
v 1.01100 1.19520 2.80600
v 1.01100 1.20520 2.80700
v 1.01100 -1.18480 3.44800
v 1.01100 1.10820 3.44800
v 1.00800 -1.28380 2.80700
v 1.00800 -1.18280 3.44700
v 1.00800 1.10720 3.44700
v 1.00500 -1.32580 2.15500
v 1.00500 -1.28980 2.15500
v 1.00500 1.21420 2.15500
v 1.00500 1.25020 2.15500
v 1.00500 -1.29180 2.80500
v 1.00500 -1.28180 2.80500
v 1.00500 1.20620 2.80500
v 1.00500 1.21620 2.80500
v 1.00300 -1.27580 2.82200
v 1.00300 1.20020 2.82200
v 1.00300 -1.28080 2.82300
v 1.00300 1.20520 2.82300
v 1.00200 -1.28380 2.80600
v 1.00200 1.20820 2.80600
v 1.00100 -1.26980 2.80400
v 1.00100 1.19320 2.80400
v 1.00100 -0.84580 3.59000
v 1.00100 -0.83580 3.59000
v 1.00100 0.76020 3.59000
v 1.00100 0.77020 3.59000
v 1.00000 -1.28980 1.94900
v 1.00000 1.21420 1.94900
v 1.00000 -1.32580 1.95000
v 1.00000 1.25120 1.95100
v 0.99900 -1.28180 2.80500
v 0.99900 1.20620 2.80500
v 0.99900 -1.26580 2.87400
v 0.99900 -1.27080 2.87500
v 0.99900 -1.15480 3.49200
v 0.99900 1.07920 3.49200
v 0.99800 -1.27580 1.94400
v 0.99800 1.20020 1.94400
v 0.99800 -1.27380 2.80300
v 0.99800 -1.27180 2.80300
v 0.99800 1.19620 2.80300
v 0.99800 -1.26480 2.87400
v 0.99800 1.18820 2.87400
v 0.99800 0.76220 3.58600
v 0.99700 -1.32080 1.94100
v 0.99700 1.24520 1.94100
v 0.99700 -1.15380 3.49100
v 0.99700 1.07720 3.49100
v 0.99600 -1.32580 1.93500
v 0.99600 1.18520 2.87300
v 0.99500 -0.83580 3.58100
v 0.99500 0.76020 3.58100
v 0.99400 -0.83280 3.58100
v 0.99400 0.75720 3.58100
v 0.99300 0.76820 3.58200
v 0.99200 -1.29980 2.16000
v 0.99200 1.22320 2.16000
v 0.99200 -1.28380 2.87200
v 0.99200 -1.27380 2.87200
v 0.99200 1.19820 2.87200
v 0.99200 1.20720 2.87200
v 0.99200 -0.84680 3.58100
v 0.99200 0.77120 3.58100
v 0.99100 -1.30380 2.16000
v 0.99100 1.22820 2.16000
v 0.98900 -1.27580 2.87200
v 0.98900 1.20020 2.87200
v 0.98800 -1.26080 2.87000
v 0.98800 1.18520 2.87000
v 0.98800 -1.27480 2.87100
v 0.98800 -1.27080 3.02500
v 0.98800 -1.26080 3.02500
v 0.98800 1.18520 3.02500
v 0.98800 1.19520 3.02500
v 0.98800 -1.10380 3.53600
v 0.98800 1.02820 3.53600
v 0.98600 -1.26380 2.86900
v 0.98600 1.18820 2.86900
v 0.98600 -1.10280 3.53500
v 0.98600 1.02620 3.53500
v 0.98100 -1.26380 2.92300
v 0.98100 1.18820 2.92300
v 0.98100 -1.03980 3.57100
v 0.98100 0.96420 3.57100
v 0.98000 -1.26480 2.92200
v 0.98000 -1.25980 2.92200
v 0.98000 1.18420 2.92200
v 0.98000 1.18920 2.92200
v 0.97900 1.19120 2.92200
v 0.97900 -1.03880 3.56900
v 0.97900 0.96320 3.56900
v 0.97800 1.17920 2.92000
v 0.97800 -0.97280 3.58800
v 0.97800 0.89720 3.58800
v 0.97800 -0.91580 3.59400
v 0.97800 0.84020 3.59400
v 0.97800 -0.78280 3.60500
v 0.97800 0.70720 3.60500
v 0.97800 -0.65580 3.60900
v 0.97800 0.58020 3.60900
v 0.97800 -0.47380 3.61300
v 0.97800 0.39820 3.61300
v 0.97800 -0.26280 3.61500
v 0.97800 -0.03780 3.61500
v 0.97800 0.18720 3.61500
v 0.97700 -1.25380 2.91900
v 0.97700 1.17820 2.91900
v 0.97700 -0.78280 3.60200
v 0.97700 0.70720 3.60200
v 0.97700 -0.65580 3.60700
v 0.97700 0.58020 3.60700
v 0.97700 -0.47380 3.61100
v 0.97700 0.39820 3.61100
v 0.97700 -0.26280 3.61200
v 0.97700 -0.03780 3.61200
v 0.97700 0.18720 3.61200
v 0.97600 -1.26880 2.92000
v 0.97600 -0.97280 3.58600
v 0.97600 0.89720 3.58600
v 0.97600 -0.91580 3.59200
v 0.97600 0.84020 3.59200
v 0.97400 -1.27680 2.91900
v 0.97400 -1.26780 2.91900
v 0.97400 1.19120 2.91900
v 0.97400 1.20120 2.91900
v 0.97200 -1.26880 2.91800
v 0.96800 -1.31880 1.12200
v 0.96800 1.24320 1.12200
v 0.96600 -1.27780 1.42800
v 0.96600 1.20120 1.42800
v 0.96600 -1.33780 1.45600
v 0.96600 1.26220 1.45600
v 0.96500 -1.33880 1.37700
v 0.96500 1.26320 1.37700
v 0.96400 -1.31880 1.19000
v 0.96400 1.24220 1.19000
v 0.95400 0.27020 2.08900
v 0.95300 -0.68180 0.84100
v 0.95300 0.72820 0.84100
v 0.95300 -0.65480 0.85700
v 0.95300 0.70820 0.85700
v 0.95300 -0.67280 0.87300
v 0.95300 0.72120 0.87300
v 0.95300 -0.65480 0.89000
v 0.95300 0.70820 0.89000
v 0.95300 -0.67280 0.90600
v 0.95300 0.72120 0.90600
v 0.95300 -0.65480 0.92200
v 0.95300 0.70820 0.92200
v 0.95300 -0.67280 0.93900
v 0.95300 0.72120 0.93900
v 0.95300 -0.65480 0.95500
v 0.95300 0.70820 0.95500
v 0.95300 -0.67280 0.97100
v 0.95300 0.72120 0.97100
v 0.95300 -0.65480 0.98700
v 0.95300 0.70820 0.98700
v 0.95300 -0.67280 1.00400
v 0.95300 0.72120 1.00400
v 0.95300 -0.65480 1.02000
v 0.95300 0.70820 1.02000
v 0.95300 -0.66380 1.02800
v 0.95300 0.71520 1.02800
v 0.95300 -0.65780 1.03600
v 0.95300 -0.55280 1.05300
v 0.95300 0.59920 1.05300
v 0.95300 -0.57980 1.06900
v 0.95300 0.62520 1.06900
v 0.95300 -0.54280 1.08500
v 0.95300 0.58820 1.08500
v 0.95300 -0.57980 1.10200
v 0.95300 0.62520 1.10200
v 0.95300 -0.54280 1.11800
v 0.95300 0.58820 1.11800
v 0.95300 -0.57980 1.13400
v 0.95300 0.62520 1.13400
v 0.95300 -0.54280 1.15000
v 0.95300 0.58820 1.15000
v 0.95300 -0.57980 1.16700
v 0.95300 0.62520 1.16700
v 0.95300 -0.54280 1.18300
v 0.95300 0.58820 1.18300
v 0.95300 -0.57980 1.19900
v 0.95300 0.62520 1.19900
v 0.95300 -0.54280 1.21600
v 0.95300 0.58820 1.21600
v 0.95300 -0.57980 1.23200
v 0.95300 0.62520 1.23200
v 0.95300 -0.54280 1.24800
v 0.95300 0.58820 1.24800
v 0.95300 -0.57980 1.26500
v 0.95300 0.62520 1.26500
v 0.95300 -0.54280 1.28100
v 0.95300 0.58820 1.28100
v 0.95300 -0.57980 1.29700
v 0.95300 0.62520 1.29700
v 0.95300 -0.54280 1.31300
v 0.95300 0.58820 1.31300
v 0.95300 -0.57980 1.33000
v 0.95300 0.62520 1.33000
v 0.95300 -0.54280 1.34600
v 0.95300 0.58820 1.34600
v 0.95300 -0.57980 1.36200
v 0.95300 0.62520 1.36200
v 0.95300 -0.54280 1.37900
v 0.95300 0.58820 1.37900
v 0.95300 -0.57980 1.39500
v 0.95300 0.62520 1.39500
v 0.95300 -0.54280 1.41100
v 0.95300 0.58820 1.41100
v 0.95300 -0.57980 1.42800
v 0.95300 0.62520 1.42800
v 0.95300 -0.54280 1.44400
v 0.95300 0.58820 1.44400
v 0.95300 -0.57980 1.46000
v 0.95300 0.62520 1.46000
v 0.95300 -0.54280 1.47600
v 0.95300 0.58820 1.47600
v 0.95300 -0.57980 1.49300
v 0.95300 0.62520 1.49300
v 0.95300 -0.54280 1.50900
v 0.95300 0.58820 1.50900
v 0.95300 -0.59780 1.53400
v 0.95300 0.64420 1.53400
v 0.95300 0.47920 1.68500
v 0.95300 0.47920 1.69000
v 0.95200 0.46420 1.68200
v 0.95200 0.46420 1.69000
v 0.95200 0.27120 2.08200
v 0.95200 0.27120 2.09000
v 0.95100 0.27020 2.09000
v 0.95000 1.17820 2.96400
v 0.95000 -1.25980 2.96500
v 0.95000 1.18420 2.96500
v 0.94900 -1.32480 0.74300
v 0.94900 -1.31580 0.74300
v 0.94900 1.23920 0.74300
v 0.94900 1.24920 0.74300
v 0.94900 1.25120 0.74500
v 0.94900 -1.32680 1.12500
v 0.94900 1.25120 1.12500
v 0.94900 0.27120 2.08300
v 0.94900 0.27120 2.08400
v 0.94900 0.27220 2.08400
v 0.94800 1.25220 2.15900
v 0.94800 -1.32680 2.16000
v 0.94800 -1.29080 2.16000
v 0.94800 1.21520 2.16000
v 0.94800 1.25120 2.16000
v 0.94800 1.17520 2.96100
v 0.94800 -1.26380 2.96400
v 0.94800 1.18820 2.96400
v 0.94700 -1.26480 2.96200
v 0.94600 -1.25080 2.96000
v 0.94600 1.17520 2.96000
v 0.94500 -1.32680 1.19600
v 0.94500 1.25120 1.19600
v 0.94500 -1.27380 2.95900
v 0.94500 -1.26380 2.95900
v 0.94500 1.17420 2.95900
v 0.94500 1.18820 2.95900
v 0.94500 1.19720 2.95900
v 0.94300 -1.26580 2.95800
v 0.94300 1.19020 2.95800
v 0.94200 -1.26480 2.95700
v 0.94100 1.25220 1.99800
v 0.94000 -1.32680 1.99700
v 0.94000 -1.29080 1.99700
v 0.94000 1.21520 1.99700
v 0.94000 1.25120 1.99700
v 0.93600 -1.27580 1.99400
v 0.93600 1.20020 1.99400
v 0.93400 -1.32080 1.99100
v 0.93400 1.24520 1.99100
v 0.93200 -1.32580 1.98400
v 0.93200 1.25020 1.98400
v 0.93200 -1.28980 2.16700
v 0.93200 1.21420 2.16700
v 0.93200 -1.41280 2.92000
v 0.93200 1.34320 2.92000
v 0.93100 -1.29480 2.16700
v 0.93100 1.21820 2.16700
v 0.92900 -1.37080 2.95400
v 0.92900 1.30120 2.95400
v 0.92800 0.19520 2.09000
v 0.92800 0.19720 2.09000
v 0.92600 0.19820 2.08400
v 0.92600 0.19820 2.09100
v 0.92600 0.19820 2.09200
v 0.92600 -1.32180 2.98800
v 0.92600 1.25220 2.98800
v 0.92500 0.19620 2.08400
v 0.92500 0.19620 2.09200
v 0.92500 -1.37080 3.01800
v 0.92500 1.30120 3.01800
v 0.92300 0.19720 2.08500
v 0.92300 0.19920 2.08500
v 0.92300 -1.37080 3.02000
v 0.92300 1.30120 3.02000
v 0.92200 0.19720 2.08500
v 0.92200 0.19720 2.08600
v 0.92200 -1.32180 3.05200
v 0.92200 1.25220 3.05200
v 0.92100 0.34020 1.68200
v 0.92100 0.34020 1.69000
v 0.92000 -1.32180 3.05300
v 0.92000 1.25220 3.05300
v 0.91500 -1.26680 3.07700
v 0.91500 -1.25780 3.07700
v 0.91500 1.18120 3.07700
v 0.91500 1.19120 3.07700
v 0.90900 -1.25680 2.99600
v 0.90900 1.18020 2.99600
v 0.90900 -1.26080 2.99700
v 0.90900 1.18520 2.99700
v 0.90800 0.34620 1.68500
v 0.90800 0.34620 1.69000
v 0.90300 0.12020 1.69600
v 0.90300 0.12220 2.09100
v 0.90100 0.12320 2.08400
v 0.90100 0.12320 2.09200
v 0.90000 -1.32180 1.13800
v 0.90000 1.24620 1.13800
v 0.90000 0.12320 2.09200
v 0.90000 -1.41280 2.92000
v 0.90000 1.34320 2.92000
v 0.89900 -1.32180 1.20300
v 0.89900 1.24620 1.20300
v 0.89800 0.12020 1.77600
v 0.89800 0.12020 1.78000
v 0.89800 0.12420 2.08600
v 0.89600 -1.37080 2.95400
v 0.89600 1.30120 2.95400
v 0.89500 -1.24980 2.99400
v 0.89500 -1.25980 2.99500
v 0.89500 -1.25180 2.99500
v 0.89500 1.17520 2.99500
v 0.89400 0.11920 1.84400
v 0.89400 -1.41280 2.98500
v 0.89400 1.34320 2.98500
v 0.89300 -1.34080 1.39700
v 0.89300 1.26520 1.39700
v 0.89300 -1.27980 1.44600
v 0.89300 1.20420 1.44600
v 0.89300 -1.33980 1.47400
v 0.89300 1.26420 1.47400
v 0.89300 -1.32180 2.98800
v 0.89300 1.25220 2.98800
v 0.89300 1.18720 2.99100
v 0.89200 1.25120 2.17400
v 0.89200 -1.41280 2.98400
v 0.89200 1.34320 2.98400
v 0.89200 -1.27080 2.98900
v 0.89200 -1.26380 2.98900
v 0.89200 -1.26180 2.98900
v 0.89200 1.17220 2.98900
v 0.89200 1.18520 2.98900
v 0.89200 1.19520 2.98900
v 0.89100 -1.32580 2.17600
v 0.89100 -1.28980 2.17600
v 0.89100 1.21420 2.17600
v 0.89100 1.25020 2.17600
v 0.89100 -1.26280 2.98800
v 0.89100 1.18720 2.98800
v 0.89000 1.17320 2.98500
v 0.89000 -1.37080 3.02000
v 0.89000 1.30120 3.02000
v 0.88900 0.06120 1.69600
v 0.88900 -1.26180 2.98400
v 0.88900 1.17420 2.98400
v 0.88900 -1.37080 3.01800
v 0.88900 1.30120 3.01800
v 0.88700 -1.32180 3.05300
v 0.88700 1.25220 3.05300
v 0.88600 1.25120 2.08100
v 0.88500 0.06020 1.77600
v 0.88400 0.06020 1.78000
v 0.88400 -1.32580 2.08100
v 0.88400 1.25020 2.08100
v 0.88300 0.40320 1.68200
v 0.88300 0.40320 1.69000
v 0.88200 0.38920 1.68500
v 0.88200 0.38920 1.69000
v 0.88200 -1.28980 2.08300
v 0.88200 1.21420 2.08300
v 0.88000 0.06020 1.84400
v 0.87700 -1.27580 2.08300
v 0.87700 1.20020 2.08300
v 0.87700 -1.56180 2.54500
v 0.87700 1.49220 2.54500
v 0.87500 -0.00080 1.69600
v 0.87500 -1.32080 2.07900
v 0.87500 1.24520 2.07900
v 0.87400 -1.55980 2.61400
v 0.87400 1.49020 2.61400
v 0.87300 -1.31580 0.75100
v 0.87300 1.24020 0.75100
v 0.87300 1.25220 0.75300
v 0.87300 -1.56080 2.61100
v 0.87300 1.49120 2.61100
v 0.87200 -1.32580 2.07100
v 0.87200 1.25020 2.07100
v 0.87100 -0.00180 1.77400
v 0.87100 -0.00180 1.78000
v 0.86900 -1.55880 2.69700
v 0.86900 1.48920 2.69700
v 0.86600 -0.00280 1.84300
v 0.86500 -1.43380 2.73800
v 0.86500 1.36420 2.73800
v 0.86400 -1.55780 2.77700
v 0.86400 1.48820 2.77700
v 0.86000 -1.43380 2.83700
v 0.86000 1.36420 2.83700
v 0.86000 -1.55680 2.83900
v 0.86000 1.48720 2.83900
v 0.85600 -1.43380 2.91300
v 0.85600 1.36420 2.91300
v 0.85400 0.11520 1.69600
v 0.85300 0.11520 1.69700
v 0.85100 -1.32880 1.14800
v 0.85100 1.25220 1.14800
v 0.85100 -1.56080 2.53800
v 0.85100 1.49120 2.53800
v 0.85000 -1.32880 1.21400
v 0.85000 1.25320 1.21400
v 0.84900 0.11520 1.77600
v 0.84900 0.11520 1.78000
v 0.84700 -1.43380 2.54600
v 0.84700 1.36420 2.54600
v 0.84700 -1.56080 2.60500
v 0.84700 1.49120 2.60500
v 0.84600 -1.55980 2.60500
v 0.84600 1.49020 2.60500
v 0.84500 0.11520 1.85400
v 0.84400 0.11420 1.85300
v 0.84300 -1.32480 2.16200
v 0.84300 1.24920 2.16200
v 0.84300 -1.43380 2.62800
v 0.84300 1.36420 2.62800
v 0.84200 -1.43380 2.62800
v 0.84200 1.36420 2.62800
v 0.84200 -1.55980 2.69100
v 0.84200 1.49020 2.69100
v 0.84100 -1.55880 2.69100
v 0.84100 1.48920 2.69100
v 0.84000 -1.28180 1.46000
v 0.84000 1.20520 1.46000
v 0.84000 -1.33780 1.48400
v 0.84000 1.26220 1.48400
v 0.84000 -1.34080 1.48800
v 0.84000 1.26520 1.48800
v 0.84000 0.05620 1.69600
v 0.84000 -1.28880 2.16700
v 0.84000 1.21320 2.16700
v 0.83900 0.05620 1.69700
v 0.83800 -1.55880 2.77400
v 0.83800 1.48920 2.77400
v 0.83700 -1.43380 2.73300
v 0.83700 1.36420 2.73300
v 0.83700 -1.43380 2.73400
v 0.83700 1.36420 2.73400
v 0.83700 -1.55880 2.77300
v 0.83700 1.48920 2.77300
v 0.83600 0.05620 1.77600
v 0.83600 -1.55880 2.77300
v 0.83600 1.48920 2.77300
v 0.83500 0.05620 1.77600
v 0.83500 0.05620 1.78000
v 0.83400 -1.55880 2.83800
v 0.83400 1.48920 2.83800
v 0.83300 -1.27680 2.16900
v 0.83300 1.20020 2.16900
v 0.83300 -1.55780 2.83700
v 0.83300 1.48820 2.83700
v 0.83200 -1.32080 2.16500
v 0.83200 1.24520 2.16500
v 0.83200 -1.43380 2.83500
v 0.83200 1.36420 2.83500
v 0.83200 -1.55780 2.83700
v 0.83200 1.48820 2.83700
v 0.83100 0.05520 1.85400
v 0.82800 -1.43380 2.91400
v 0.82800 1.36420 2.91400
v 0.82600 -0.00580 1.69600
v 0.82600 -0.00580 1.69700
v 0.82400 -1.32380 0.75600
v 0.82400 -1.31480 0.75600
v 0.82400 1.23920 0.75600
v 0.82400 -1.32680 0.75800
v 0.82400 1.25120 0.75800
v 0.82200 -0.00680 1.78000
v 0.82100 -0.00580 1.77400
v 0.82100 -0.00680 1.78100
v 0.81700 -0.00680 1.85200
v 0.81400 -1.26180 3.10000
v 0.81400 -1.25280 3.10000
v 0.81400 1.17720 3.10000
v 0.81400 1.18620 3.10000
v 0.80600 -1.24380 3.00800
v 0.80600 1.16820 3.00800
v 0.80600 -1.24580 3.00900
v 0.80600 -1.25680 3.01000
v 0.80600 -1.24680 3.01100
v 0.80600 1.17920 3.01100
v 0.80500 1.18320 3.00700
v 0.80400 -1.26680 3.00400
v 0.80400 -1.25680 3.00400
v 0.80400 1.18120 3.00400
v 0.80400 1.19020 3.00400
v 0.80400 -1.25880 3.00500
v 0.80300 -1.27580 2.20400
v 0.80300 1.20020 2.20400
v 0.80300 -1.27080 2.20500
v 0.80300 1.19520 2.20500
v 0.80300 1.17120 2.99700
v 0.80300 -1.25680 2.99900
v 0.80300 1.17020 2.99900
v 0.80300 1.16820 3.00000
v 0.80200 -1.25580 2.99800
v 0.80200 1.17920 2.99800
v 0.78600 -1.16080 0.86600
v 0.78600 1.17120 0.86600
v 0.78000 -1.32180 2.20600
v 0.78000 1.24620 2.20600
v 0.78000 -1.27680 2.21000
v 0.78000 1.20120 2.21000
v 0.77400 1.20120 2.21800
v 0.77400 -1.26880 2.22000
v 0.77300 -0.46680 1.68200
v 0.77300 -0.46680 1.69000
v 0.77200 -1.26480 2.20900
v 0.77200 1.18820 2.20900
v 0.77100 1.19120 2.20600
v 0.77100 -1.26580 2.20700
v 0.77100 1.20120 2.20700
v 0.77000 -0.48080 1.68500
v 0.77000 -0.48080 1.69000
v 0.76600 -1.28380 1.48000
v 0.76600 1.20820 1.48000
v 0.76600 -1.33980 1.50300
v 0.76600 1.26320 1.50300
v 0.76600 -1.34280 1.50600
v 0.76600 1.26720 1.50600
v 0.76500 1.26820 1.43200
v 0.76300 -1.32180 0.76200
v 0.76300 -1.31180 0.76200
v 0.76300 1.23620 0.76200
v 0.76300 1.24520 0.76200
v 0.76300 -1.32380 0.76400
v 0.76300 1.24820 0.76400
v 0.75600 -0.22980 3.72800
v 0.75600 -0.16780 3.72800
v 0.75600 -0.10080 3.72800
v 0.75600 0.02520 3.72800
v 0.75600 0.09220 3.72800
v 0.75600 0.15420 3.72800
v 0.75500 -0.22980 3.73000
v 0.75500 -0.16780 3.73000
v 0.75500 -0.10080 3.73000
v 0.75500 0.02520 3.73000
v 0.75500 0.09220 3.73000
v 0.75500 0.15420 3.73000
v 0.75000 -1.16080 0.91100
v 0.75000 1.17120 0.91100
v 0.74800 -0.22980 3.68900
v 0.74800 -0.16780 3.68900
v 0.74800 -0.10080 3.68900
v 0.74800 0.02520 3.68900
v 0.74800 0.09220 3.68900
v 0.74800 0.15420 3.68900
v 0.74400 -0.55280 1.68500
v 0.74400 -0.55280 1.69000
v 0.74300 -0.53880 1.68200
v 0.74300 -0.53880 1.69000
v 0.72400 -0.02580 1.68200
v 0.72400 -0.02580 1.69000
v 0.71900 -0.64980 0.85700
v 0.71900 0.70320 0.85700
v 0.71900 -0.64980 0.89000
v 0.71900 0.70320 0.89000
v 0.71900 -0.64980 0.92200
v 0.71900 0.70320 0.92200
v 0.71900 -0.64980 0.95500
v 0.71900 0.70320 0.95500
v 0.71900 -0.64980 0.98700
v 0.71900 0.70320 0.98700
v 0.71900 -0.64980 1.02000
v 0.71900 0.70320 1.02000
v 0.71900 -0.54880 1.05300
v 0.71900 0.59420 1.05300
v 0.71900 -0.53780 1.08500
v 0.71900 0.58420 1.08500
v 0.71900 -0.53780 1.11800
v 0.71900 0.58420 1.11800
v 0.71900 -0.53780 1.15000
v 0.71900 0.58420 1.15000
v 0.71900 -0.53780 1.18300
v 0.71900 0.58420 1.18300
v 0.71900 -0.53780 1.21600
v 0.71900 0.58420 1.21600
v 0.71900 -0.53780 1.24800
v 0.71900 0.58420 1.24800
v 0.71900 -0.53780 1.28100
v 0.71900 0.58420 1.28100
v 0.71900 -0.53780 1.31300
v 0.71900 0.58420 1.31300
v 0.71900 -0.53780 1.34600
v 0.71900 0.58420 1.34600
v 0.71900 -0.53780 1.37900
v 0.71900 0.58420 1.37900
v 0.71900 -0.53780 1.41100
v 0.71900 0.58420 1.41100
v 0.71900 -0.53780 1.44400
v 0.71900 0.58420 1.44400
v 0.71900 -0.53780 1.47600
v 0.71900 0.58420 1.47600
v 0.71900 -0.53780 1.50900
v 0.71900 0.58420 1.50900
v 0.71700 -1.05780 1.10800
v 0.71700 1.06820 1.10800
v 0.71100 -0.65880 1.02800
v 0.71100 0.70920 1.02800
v 0.71100 -0.01880 1.68500
v 0.71100 -0.01880 1.69000
v 0.70400 -1.16080 0.96500
v 0.70400 1.17120 0.96500
v 0.70300 -0.66780 0.87300
v 0.70300 0.71620 0.87300
v 0.70300 -0.66780 0.90600
v 0.70300 0.71620 0.90600
v 0.70300 -0.66780 0.93900
v 0.70300 0.71620 0.93900
v 0.70300 -0.66780 0.97100
v 0.70300 0.71620 0.97100
v 0.70300 -0.66780 1.00400
v 0.70300 0.71620 1.00400
v 0.70300 -0.65280 1.03600
v 0.70300 -0.57480 1.06900
v 0.70300 0.62020 1.06900
v 0.70300 -0.57480 1.10200
v 0.70300 0.62020 1.10200
v 0.70300 -0.57480 1.13400
v 0.70300 0.62020 1.13400
v 0.70300 -0.57480 1.16700
v 0.70300 0.62020 1.16700
v 0.70300 -0.57480 1.19900
v 0.70300 0.62020 1.19900
v 0.70300 -0.57480 1.23200
v 0.70300 0.62020 1.23200
v 0.70300 -0.57480 1.26500
v 0.70300 0.62020 1.26500
v 0.70300 -0.57480 1.29700
v 0.70300 0.62020 1.29700
v 0.70300 -0.57480 1.33000
v 0.70300 0.62020 1.33000
v 0.70300 -0.57480 1.36200
v 0.70300 0.62020 1.36200
v 0.70300 -0.57480 1.39500
v 0.70300 0.62020 1.39500
v 0.70300 -0.57480 1.42800
v 0.70300 0.62020 1.42800
v 0.70300 -0.57480 1.46000
v 0.70300 0.62020 1.46000
v 0.70300 -0.57480 1.49300
v 0.70300 0.62020 1.49300
v 0.70100 -1.31880 0.76900
v 0.70100 -1.30880 0.76900
v 0.70100 1.23320 0.76900
v 0.70100 1.24320 0.76900
v 0.70100 1.24520 0.77100
v 0.70000 -1.25080 3.01200
v 0.70000 -1.24580 3.01200
v 0.70000 1.17020 3.01200
v 0.70000 1.17520 3.01200
v 0.70000 -0.30780 3.72700
v 0.70000 0.23320 3.72700
v 0.69800 -0.10780 3.64600
v 0.69800 0.03220 3.64600
v 0.69700 -0.17880 3.64700
v 0.69700 0.10220 3.64700
v 0.69600 -0.67680 0.84100
v 0.69600 0.72220 0.84100
v 0.69600 -0.59280 1.53400
v 0.69600 0.63920 1.53400
v 0.69600 -0.24980 3.64700
v 0.69600 0.17420 3.64700
v 0.69600 -0.30780 3.71300
v 0.69600 0.23320 3.71300
v 0.69200 -0.40980 1.68200
v 0.69200 -0.15380 1.68200
v 0.69200 -0.40980 1.69000
v 0.69200 -0.15380 1.69000
v 0.69100 -1.25880 3.10900
v 0.69100 -1.24880 3.10900
v 0.69100 1.17320 3.10900
v 0.69100 1.18220 3.10900
v 0.68900 1.16320 3.01200
v 0.68900 -1.24080 3.01600
v 0.68900 1.16420 3.01600
v 0.68900 1.17820 3.01700
v 0.68900 1.16520 3.01800
v 0.68900 -1.25280 3.01900
v 0.68900 1.17520 3.02000
v 0.68800 -1.25180 3.00600
v 0.68800 1.16820 3.00600
v 0.68800 1.17620 3.00600
v 0.68800 -1.25280 3.00800
v 0.68800 1.16520 3.00800
v 0.68800 -1.25480 3.00900
v 0.68800 -1.26280 3.01300
v 0.68800 -1.25280 3.01300
v 0.68800 1.17720 3.01300
v 0.68800 1.18620 3.01300
v 0.68700 1.17420 3.00500
v 0.68300 -0.22980 3.74700
v 0.68300 -0.16780 3.74700
v 0.68300 -0.10080 3.74700
v 0.68300 0.02520 3.74700
v 0.68300 0.09220 3.74700
v 0.68300 0.15420 3.74700
v 0.68200 -1.32380 2.23100
v 0.68200 1.24720 2.23100
v 0.68200 -1.27880 2.23500
v 0.68200 1.20220 2.23500
v 0.68000 -1.15880 1.13400
v 0.68000 1.16920 1.13400
v 0.67900 -1.05780 1.14600
v 0.67900 1.06820 1.14600
v 0.67900 1.20220 2.24300
v 0.67900 -1.26880 2.24500
v 0.67900 1.19320 2.24500
v 0.67900 1.20120 2.24500
v 0.67800 -0.40880 1.68500
v 0.67800 -0.15380 1.68500
v 0.67800 -0.40880 1.69000
v 0.67800 -0.15380 1.69000
v 0.67800 1.20420 2.24200
v 0.67600 -1.26780 2.23300
v 0.67600 1.20220 2.23300
v 0.67600 -1.27980 2.23400
v 0.67600 -1.26580 2.23400
v 0.67600 1.19020 2.23400
v 0.67600 1.20420 2.23400
v 0.67500 -1.26880 2.23100
v 0.67500 1.19320 2.23100
v 0.66100 -1.31980 0.80600
v 0.66100 1.24420 0.80600
v 0.66000 -0.16880 3.65300
v 0.66000 -0.10180 3.65300
v 0.66000 0.02620 3.65300
v 0.66000 0.09320 3.65300
v 0.65900 -1.31680 0.80600
v 0.65900 -1.30780 0.80600
v 0.65900 1.23220 0.80600
v 0.65900 1.24120 0.80600
v 0.65900 -0.23180 3.65300
v 0.65900 0.15620 3.65300
v 0.65500 -1.28680 1.50800
v 0.65500 1.21120 1.50800
v 0.65500 -1.34580 1.53300
v 0.65500 1.26920 1.53300
v 0.65400 1.27020 1.46300
v 0.65000 -1.16080 1.02300
v 0.65000 1.17120 1.02300
v 0.64600 -1.31980 0.87000
v 0.64600 1.24420 0.87000
v 0.64400 -0.32380 3.65500
v 0.64400 0.24820 3.65500
v 0.64300 -1.31680 0.87100
v 0.64300 -1.30780 0.87100
v 0.64300 1.23220 0.87100
v 0.64300 1.24120 0.87100
v 0.64100 -0.63380 0.85700
v 0.64100 -0.57680 0.85700
v 0.64100 -0.44480 0.85700
v 0.64100 -0.28180 0.85700
v 0.64100 -0.12680 0.85700
v 0.64100 0.02320 0.85700
v 0.64100 0.17320 0.85700
v 0.64100 0.32820 0.85700
v 0.64100 0.49520 0.85700
v 0.64100 0.62920 0.85700
v 0.64100 0.68720 0.85700
v 0.64100 -0.63380 0.89000
v 0.64100 -0.57680 0.89000
v 0.64100 -0.44480 0.89000
v 0.64100 -0.28180 0.89000
v 0.64100 -0.12680 0.89000
v 0.64100 0.02320 0.89000
v 0.64100 0.17320 0.89000
v 0.64100 0.32820 0.89000
v 0.64100 0.49520 0.89000
v 0.64100 0.62920 0.89000
v 0.64100 0.68720 0.89000
v 0.64100 -0.63380 0.92200
v 0.64100 -0.57680 0.92200
v 0.64100 -0.44480 0.92200
v 0.64100 -0.28180 0.92200
v 0.64100 -0.12680 0.92200
v 0.64100 0.02320 0.92200
v 0.64100 0.17320 0.92200
v 0.64100 0.32820 0.92200
v 0.64100 0.49520 0.92200
v 0.64100 0.62920 0.92200
v 0.64100 0.68720 0.92200
v 0.64100 -0.63380 0.95500
v 0.64100 -0.57680 0.95500
v 0.64100 -0.44480 0.95500
v 0.64100 -0.28180 0.95500
v 0.64100 -0.12680 0.95500
v 0.64100 0.02320 0.95500
v 0.64100 0.17320 0.95500
v 0.64100 0.32820 0.95500
v 0.64100 0.49520 0.95500
v 0.64100 0.62920 0.95500
v 0.64100 0.68720 0.95500
v 0.64100 -0.63380 0.98700
v 0.64100 -0.57680 0.98700
v 0.64100 -0.44480 0.98700
v 0.64100 -0.28180 0.98700
v 0.64100 -0.12680 0.98700
v 0.64100 0.02320 0.98700
v 0.64100 0.17320 0.98700
v 0.64100 0.32820 0.98700
v 0.64100 0.49520 0.98700
v 0.64100 0.62920 0.98700
v 0.64100 0.68720 0.98700
v 0.64100 -0.63380 1.02000
v 0.64100 -0.57680 1.02000
v 0.64100 -0.44480 1.02000
v 0.64100 -0.28180 1.02000
v 0.64100 -0.12680 1.02000
v 0.64100 0.02320 1.02000
v 0.64100 0.17320 1.02000
v 0.64100 0.32820 1.02000
v 0.64100 0.49520 1.02000
v 0.64100 0.62920 1.02000
v 0.64100 0.68720 1.02000
v 0.64100 -0.53480 1.05300
v 0.64100 -0.48680 1.05300
v 0.64100 -0.38080 1.05300
v 0.64100 -0.24680 1.05300
v 0.64100 -0.11180 1.05300
v 0.64100 0.02320 1.05300
v 0.64100 0.15720 1.05300
v 0.64100 0.29220 1.05300
v 0.64100 0.42720 1.05300
v 0.64100 0.53220 1.05300
v 0.64100 0.58020 1.05300
v 0.64100 -0.52380 1.08500
v 0.64100 -0.47780 1.08500
v 0.64100 -0.37380 1.08500
v 0.64100 -0.24180 1.08500
v 0.64100 -0.10880 1.08500
v 0.64100 0.02320 1.08500
v 0.64100 0.15520 1.08500
v 0.64100 0.28720 1.08500
v 0.64100 0.41920 1.08500
v 0.64100 0.52320 1.08500
v 0.64100 0.57020 1.08500
v 0.64100 -0.52380 1.11800
v 0.64100 -0.47780 1.11800
v 0.64100 -0.37380 1.11800
v 0.64100 -0.24180 1.11800
v 0.64100 -0.10880 1.11800
v 0.64100 0.02320 1.11800
v 0.64100 0.15520 1.11800
v 0.64100 0.28720 1.11800
v 0.64100 0.41920 1.11800
v 0.64100 0.52320 1.11800
v 0.64100 0.57020 1.11800
v 0.64100 -0.52380 1.15000
v 0.64100 -0.47780 1.15000
v 0.64100 -0.37380 1.15000
v 0.64100 -0.24180 1.15000
v 0.64100 -0.10880 1.15000
v 0.64100 0.02320 1.15000
v 0.64100 0.15520 1.15000
v 0.64100 0.28720 1.15000
v 0.64100 0.41920 1.15000
v 0.64100 0.52320 1.15000
v 0.64100 0.57020 1.15000
v 0.64100 -0.52380 1.18300
v 0.64100 -0.47780 1.18300
v 0.64100 -0.37380 1.18300
v 0.64100 -0.24180 1.18300
v 0.64100 -0.10880 1.18300
v 0.64100 0.02320 1.18300
v 0.64100 0.15520 1.18300
v 0.64100 0.28720 1.18300
v 0.64100 0.41920 1.18300
v 0.64100 0.52320 1.18300
v 0.64100 0.57020 1.18300
v 0.64100 -0.52380 1.21600
v 0.64100 -0.47780 1.21600
v 0.64100 -0.37380 1.21600
v 0.64100 -0.24180 1.21600
v 0.64100 -0.10880 1.21600
v 0.64100 0.02320 1.21600
v 0.64100 0.15520 1.21600
v 0.64100 0.28720 1.21600
v 0.64100 0.41920 1.21600
v 0.64100 0.52320 1.21600
v 0.64100 0.57020 1.21600
v 0.64100 -0.52380 1.24800
v 0.64100 -0.47780 1.24800
v 0.64100 -0.37380 1.24800
v 0.64100 -0.24180 1.24800
v 0.64100 -0.10880 1.24800
v 0.64100 0.02320 1.24800
v 0.64100 0.15520 1.24800
v 0.64100 0.28720 1.24800
v 0.64100 0.41920 1.24800
v 0.64100 0.52320 1.24800
v 0.64100 0.57020 1.24800
v 0.64100 -0.52380 1.28100
v 0.64100 -0.47780 1.28100
v 0.64100 -0.37380 1.28100
v 0.64100 -0.24180 1.28100
v 0.64100 -0.10880 1.28100
v 0.64100 0.02320 1.28100
v 0.64100 0.15520 1.28100
v 0.64100 0.28720 1.28100
v 0.64100 0.41920 1.28100
v 0.64100 0.52320 1.28100
v 0.64100 0.57020 1.28100
v 0.64100 -0.52380 1.31300
v 0.64100 -0.47780 1.31300
v 0.64100 -0.37380 1.31300
v 0.64100 -0.24180 1.31300
v 0.64100 -0.10880 1.31300
v 0.64100 0.02320 1.31300
v 0.64100 0.15520 1.31300
v 0.64100 0.28720 1.31300
v 0.64100 0.41920 1.31300
v 0.64100 0.52320 1.31300
v 0.64100 0.57020 1.31300
v 0.64100 -0.52380 1.34600
v 0.64100 -0.47780 1.34600
v 0.64100 -0.37380 1.34600
v 0.64100 -0.24180 1.34600
v 0.64100 -0.10880 1.34600
v 0.64100 0.02320 1.34600
v 0.64100 0.15520 1.34600
v 0.64100 0.28720 1.34600
v 0.64100 0.41920 1.34600
v 0.64100 0.52320 1.34600
v 0.64100 0.57020 1.34600
v 0.64100 -0.52380 1.37900
v 0.64100 -0.47780 1.37900
v 0.64100 -0.37380 1.37900
v 0.64100 -0.24180 1.37900
v 0.64100 -0.10880 1.37900
v 0.64100 0.02320 1.37900
v 0.64100 0.15520 1.37900
v 0.64100 0.28720 1.37900
v 0.64100 0.41920 1.37900
v 0.64100 0.52320 1.37900
v 0.64100 0.57020 1.37900
v 0.64100 -0.52380 1.41100
v 0.64100 -0.47780 1.41100
v 0.64100 -0.37380 1.41100
v 0.64100 -0.24180 1.41100
v 0.64100 -0.10880 1.41100
v 0.64100 0.02320 1.41100
v 0.64100 0.15520 1.41100
v 0.64100 0.28720 1.41100
v 0.64100 0.41920 1.41100
v 0.64100 0.52320 1.41100
v 0.64100 0.57020 1.41100
v 0.64100 -0.52380 1.44400
v 0.64100 -0.47780 1.44400
v 0.64100 -0.37380 1.44400
v 0.64100 -0.24180 1.44400
v 0.64100 -0.10880 1.44400
v 0.64100 0.02320 1.44400
v 0.64100 0.15520 1.44400
v 0.64100 0.28720 1.44400
v 0.64100 0.41920 1.44400
v 0.64100 0.52320 1.44400
v 0.64100 0.57020 1.44400
v 0.64100 -0.52380 1.47600
v 0.64100 -0.47780 1.47600
v 0.64100 -0.37380 1.47600
v 0.64100 -0.24180 1.47600
v 0.64100 -0.10880 1.47600
v 0.64100 0.02320 1.47600
v 0.64100 0.15520 1.47600
v 0.64100 0.28720 1.47600
v 0.64100 0.41920 1.47600
v 0.64100 0.52320 1.47600
v 0.64100 0.57020 1.47600
v 0.64100 -0.52380 1.50900
v 0.64100 -0.47780 1.50900
v 0.64100 -0.37380 1.50900
v 0.64100 -0.24180 1.50900
v 0.64100 -0.10880 1.50900
v 0.64100 0.02320 1.50900
v 0.64100 0.15520 1.50900
v 0.64100 0.28720 1.50900
v 0.64100 0.41920 1.50900
v 0.64100 0.52320 1.50900
v 0.64100 0.57020 1.50900
v 0.63900 -1.06180 1.17900
v 0.63900 1.07220 1.17900
v 0.63600 -1.15880 1.17600
v 0.63600 1.16920 1.17600
v 0.63500 1.06820 1.18700
v 0.63100 -0.64280 1.02800
v 0.63100 0.69320 1.02800
v 0.63100 -0.58280 1.04500
v 0.63100 0.62820 1.04500
v 0.62000 -0.65080 0.87300
v 0.62000 -0.59280 0.87300
v 0.62000 -0.46280 0.87300
v 0.62000 -0.29880 0.87300
v 0.62000 -0.13680 0.87300
v 0.62000 0.02320 0.87300
v 0.62000 0.18320 0.87300
v 0.62000 0.34420 0.87300
v 0.62000 0.51020 0.87300
v 0.62000 0.64120 0.87300
v 0.62000 0.69920 0.87300
v 0.62000 -0.65080 0.90600
v 0.62000 -0.59280 0.90600
v 0.62000 -0.46280 0.90600
v 0.62000 -0.29880 0.90600
v 0.62000 -0.13680 0.90600
v 0.62000 0.02320 0.90600
v 0.62000 0.18320 0.90600
v 0.62000 0.34420 0.90600
v 0.62000 0.51020 0.90600
v 0.62000 0.64120 0.90600
v 0.62000 0.69920 0.90600
v 0.62000 -0.65080 0.93900
v 0.62000 -0.59280 0.93900
v 0.62000 -0.46280 0.93900
v 0.62000 -0.29880 0.93900
v 0.62000 -0.13680 0.93900
v 0.62000 0.02320 0.93900
v 0.62000 0.18320 0.93900
v 0.62000 0.34420 0.93900
v 0.62000 0.51020 0.93900
v 0.62000 0.64120 0.93900
v 0.62000 0.69920 0.93900
v 0.62000 -0.65080 0.97100
v 0.62000 -0.59280 0.97100
v 0.62000 -0.46280 0.97100
v 0.62000 -0.29880 0.97100
v 0.62000 -0.13680 0.97100
v 0.62000 0.02320 0.97100
v 0.62000 0.18320 0.97100
v 0.62000 0.34420 0.97100
v 0.62000 0.51020 0.97100
v 0.62000 0.64120 0.97100
v 0.62000 0.69920 0.97100
v 0.62000 -0.65080 1.00400
v 0.62000 -0.59280 1.00400
v 0.62000 -0.46280 1.00400
v 0.62000 -0.29880 1.00400
v 0.62000 -0.13680 1.00400
v 0.62000 0.02320 1.00400
v 0.62000 0.18320 1.00400
v 0.62000 0.34420 1.00400
v 0.62000 0.51020 1.00400
v 0.62000 0.64120 1.00400
v 0.62000 0.69920 1.00400
v 0.62000 -0.63580 1.03600
v 0.62000 -0.57980 1.03600
v 0.62000 -0.45380 1.03600
v 0.62000 -0.29380 1.03600
v 0.62000 -0.13480 1.03600
v 0.62000 0.02320 1.03600
v 0.62000 0.18020 1.03600
v 0.62000 0.33920 1.03600
v 0.62000 0.50020 1.03600
v 0.62000 0.62620 1.03600
v 0.62000 0.68320 1.03600
v 0.62000 -0.55980 1.06900
v 0.62000 -0.50980 1.06900
v 0.62000 -0.39980 1.06900
v 0.62000 -0.25880 1.06900
v 0.62000 -0.11780 1.06900
v 0.62000 0.02320 1.06900
v 0.62000 0.16420 1.06900
v 0.62000 0.30420 1.06900
v 0.62000 0.44520 1.06900
v 0.62000 0.55620 1.06900
v 0.62000 0.60620 1.06900
v 0.62000 -0.55980 1.10200
v 0.62000 -0.50980 1.10200
v 0.62000 -0.39980 1.10200
v 0.62000 -0.25880 1.10200
v 0.62000 -0.11780 1.10200
v 0.62000 0.02320 1.10200
v 0.62000 0.16420 1.10200
v 0.62000 0.30420 1.10200
v 0.62000 0.44520 1.10200
v 0.62000 0.55620 1.10200
v 0.62000 0.60620 1.10200
v 0.62000 -0.55980 1.13400
v 0.62000 -0.50980 1.13400
v 0.62000 -0.39980 1.13400
v 0.62000 -0.25880 1.13400
v 0.62000 -0.11780 1.13400
v 0.62000 0.02320 1.13400
v 0.62000 0.16420 1.13400
v 0.62000 0.30420 1.13400
v 0.62000 0.44520 1.13400
v 0.62000 0.55620 1.13400
v 0.62000 0.60620 1.13400
v 0.62000 -0.55980 1.16700
v 0.62000 -0.50980 1.16700
v 0.62000 -0.39980 1.16700
v 0.62000 -0.25880 1.16700
v 0.62000 -0.11780 1.16700
v 0.62000 0.02320 1.16700
v 0.62000 0.16420 1.16700
v 0.62000 0.30420 1.16700
v 0.62000 0.44520 1.16700
v 0.62000 0.55620 1.16700
v 0.62000 0.60620 1.16700
v 0.62000 -0.55980 1.19900
v 0.62000 -0.50980 1.19900
v 0.62000 -0.39980 1.19900
v 0.62000 -0.25880 1.19900
v 0.62000 -0.11780 1.19900
v 0.62000 0.02320 1.19900
v 0.62000 0.16420 1.19900
v 0.62000 0.30420 1.19900
v 0.62000 0.44520 1.19900
v 0.62000 0.55620 1.19900
v 0.62000 0.60620 1.19900
v 0.62000 -0.55980 1.23200
v 0.62000 -0.50980 1.23200
v 0.62000 -0.39980 1.23200
v 0.62000 -0.25880 1.23200
v 0.62000 -0.11780 1.23200
v 0.62000 0.02320 1.23200
v 0.62000 0.16420 1.23200
v 0.62000 0.30420 1.23200
v 0.62000 0.44520 1.23200
v 0.62000 0.55620 1.23200
v 0.62000 0.60620 1.23200
v 0.62000 -0.55980 1.26500
v 0.62000 -0.50980 1.26500
v 0.62000 -0.39980 1.26500
v 0.62000 -0.25880 1.26500
v 0.62000 -0.11780 1.26500
v 0.62000 0.02320 1.26500
v 0.62000 0.16420 1.26500
v 0.62000 0.30420 1.26500
v 0.62000 0.44520 1.26500
v 0.62000 0.55620 1.26500
v 0.62000 0.60620 1.26500
v 0.62000 -0.55980 1.29700
v 0.62000 -0.50980 1.29700
v 0.62000 -0.39980 1.29700
v 0.62000 -0.25880 1.29700
v 0.62000 -0.11780 1.29700
v 0.62000 0.02320 1.29700
v 0.62000 0.16420 1.29700
v 0.62000 0.30420 1.29700
v 0.62000 0.44520 1.29700
v 0.62000 0.55620 1.29700
v 0.62000 0.60620 1.29700
v 0.62000 -0.55980 1.33000
v 0.62000 -0.50980 1.33000
v 0.62000 -0.39980 1.33000
v 0.62000 -0.25880 1.33000
v 0.62000 -0.11780 1.33000
v 0.62000 0.02320 1.33000
v 0.62000 0.16420 1.33000
v 0.62000 0.30420 1.33000
v 0.62000 0.44520 1.33000
v 0.62000 0.55620 1.33000
v 0.62000 0.60620 1.33000
v 0.62000 -0.55980 1.36200
v 0.62000 -0.50980 1.36200
v 0.62000 -0.39980 1.36200
v 0.62000 -0.25880 1.36200
v 0.62000 -0.11780 1.36200
v 0.62000 0.02320 1.36200
v 0.62000 0.16420 1.36200
v 0.62000 0.30420 1.36200
v 0.62000 0.44520 1.36200
v 0.62000 0.55620 1.36200
v 0.62000 0.60620 1.36200
v 0.62000 -1.15280 1.37900
v 0.62000 1.16320 1.37900
v 0.62000 -0.55980 1.39500
v 0.62000 -0.50980 1.39500
v 0.62000 -0.39980 1.39500
v 0.62000 -0.25880 1.39500
v 0.62000 -0.11780 1.39500
v 0.62000 0.02320 1.39500
v 0.62000 0.16420 1.39500
v 0.62000 0.30420 1.39500
v 0.62000 0.44520 1.39500
v 0.62000 0.55620 1.39500
v 0.62000 0.60620 1.39500
v 0.62000 -0.55980 1.42800
v 0.62000 -0.50980 1.42800
v 0.62000 -0.39980 1.42800
v 0.62000 -0.25880 1.42800
v 0.62000 -0.11780 1.42800
v 0.62000 0.02320 1.42800
v 0.62000 0.16420 1.42800
v 0.62000 0.30420 1.42800
v 0.62000 0.44520 1.42800
v 0.62000 0.55620 1.42800
v 0.62000 0.60620 1.42800
v 0.62000 -0.55980 1.46000
v 0.62000 -0.50980 1.46000
v 0.62000 -0.39980 1.46000
v 0.62000 -0.25880 1.46000
v 0.62000 -0.11780 1.46000
v 0.62000 0.02320 1.46000
v 0.62000 0.16420 1.46000
v 0.62000 0.30420 1.46000
v 0.62000 0.44520 1.46000
v 0.62000 0.55620 1.46000
v 0.62000 0.60620 1.46000
v 0.62000 -0.55980 1.49300
v 0.62000 -0.50980 1.49300
v 0.62000 -0.39980 1.49300
v 0.62000 -0.25880 1.49300
v 0.62000 -0.11780 1.49300
v 0.62000 0.02320 1.49300
v 0.62000 0.16420 1.49300
v 0.62000 0.30420 1.49300
v 0.62000 0.44520 1.49300
v 0.62000 0.55620 1.49300
v 0.62000 0.60620 1.49300
v 0.62000 -0.48080 1.68200
v 0.62000 -0.46680 1.68500
v 0.62000 -0.48080 1.69000
v 0.62000 -0.46680 1.69000
v 0.61400 -1.31980 0.95800
v 0.61400 1.24420 0.95800
v 0.61300 -0.90680 3.85300
v 0.61300 0.84820 3.85300
v 0.61200 -1.31780 0.95800
v 0.61200 -1.30780 0.95800
v 0.61200 1.23220 0.95800
v 0.61200 1.24120 0.95800
v 0.61200 -0.90880 3.85300
v 0.61200 -0.90780 3.85300
v 0.61200 -0.90580 3.85300
v 0.61200 0.84620 3.85300
v 0.61200 0.84720 3.85300
v 0.61200 0.84920 3.85300
v 0.61100 -0.90880 3.85300
v 0.61100 -0.90480 3.85300
v 0.61100 0.85020 3.85300
v 0.61000 -0.65980 0.84100
v 0.61000 -0.60080 0.84100
v 0.61000 -0.47180 0.84100
v 0.61000 -0.30680 0.84100
v 0.61000 -0.14180 0.84100
v 0.61000 0.02320 0.84100
v 0.61000 0.18820 0.84100
v 0.61000 0.35220 0.84100
v 0.61000 0.51720 0.84100
v 0.61000 0.64720 0.84100
v 0.61000 0.70520 0.84100
v 0.61000 -0.57780 1.53400
v 0.61000 -0.52680 1.53400
v 0.61000 -0.41280 1.53400
v 0.61000 -0.26780 1.53400
v 0.61000 -0.12180 1.53400
v 0.61000 0.02320 1.53400
v 0.61000 0.16820 1.53400
v 0.61000 0.31320 1.53400
v 0.61000 0.45820 1.53400
v 0.61000 0.57220 1.53400
v 0.61000 0.62420 1.53400
v 0.61000 -0.90980 3.85300
v 0.60900 -0.90880 3.85300
v 0.60900 -0.90480 3.85300
v 0.60900 0.85020 3.85300
v 0.60900 -0.90680 3.93400
v 0.60900 0.84820 3.93400
v 0.60800 -0.90880 3.85300
v 0.60800 -0.90580 3.85300
v 0.60800 0.84620 3.85300
v 0.60800 0.84920 3.85300
v 0.60800 -0.90880 3.93400
v 0.60800 -0.90780 3.93400
v 0.60800 -0.90580 3.93400
v 0.60800 0.84620 3.93400
v 0.60800 0.84720 3.93400
v 0.60800 0.84920 3.93400
v 0.60700 -0.90880 3.93400
v 0.60700 -0.90480 3.93400
v 0.60700 0.85020 3.93400
v 0.60600 -0.90980 3.93400
v 0.60500 -0.90880 3.93400
v 0.60500 -0.90480 3.93400
v 0.60500 0.84620 3.93400
v 0.60500 0.85020 3.93400
v 0.60500 -0.90780 4.01300
v 0.60500 -0.90680 4.01300
v 0.60500 -0.90580 4.01300
v 0.60500 0.84720 4.01300
v 0.60500 0.84820 4.01300
v 0.60500 0.84920 4.01300
v 0.60400 -1.15880 1.31400
v 0.60400 1.16920 1.31400
v 0.60400 -0.90880 3.93400
v 0.60400 -0.90780 3.93400
v 0.60400 -0.90580 3.93400
v 0.60400 0.84620 3.93400
v 0.60400 0.84920 3.93400
v 0.60400 -0.90880 4.01300
v 0.60400 -0.90580 4.01300
v 0.60400 0.84620 4.01300
v 0.60400 0.84920 4.01300
v 0.60300 -1.06180 1.31000
v 0.60300 1.07220 1.31000
v 0.60300 -0.90880 4.01300
v 0.60300 -0.90480 4.01300
v 0.60300 0.85020 4.01300
v 0.60200 -0.90980 4.01300
v 0.60100 -0.90880 4.01300
v 0.60100 -0.90580 4.01300
v 0.60100 -0.90480 4.01300
v 0.60100 0.84620 4.01300
v 0.60100 0.84920 4.01300
v 0.60100 0.85020 4.01300
v 0.60000 -0.90780 4.01300
v 0.60000 -0.90580 4.01300
v 0.60000 0.84720 4.01300
v 0.60000 0.84920 4.01300
v 0.59700 -0.26380 3.76600
v 0.59700 0.18820 3.76600
v 0.59300 -1.16080 1.07900
v 0.59300 1.17120 1.07900
v 0.59300 -0.37180 3.74700
v 0.59300 0.29620 3.74700
v 0.59000 -1.06180 1.21900
v 0.59000 1.07220 1.21900
v 0.58900 -0.37180 3.72600
v 0.58900 0.29620 3.72600
v 0.58700 -1.15880 1.21600
v 0.58700 1.16920 1.21600
v 0.58700 -1.05280 1.39300
v 0.58700 1.06320 1.39300
v 0.58600 1.06820 1.22600
v 0.58400 -0.32380 3.66500
v 0.58400 0.24820 3.66500
v 0.57400 -1.15480 1.40300
v 0.57400 1.16520 1.40300
v 0.57100 -0.26880 3.66700
v 0.57100 0.19320 3.66700
v 0.56700 -1.32480 2.26000
v 0.56700 1.24920 2.26000
v 0.56600 -1.27880 2.27400
v 0.56600 1.19420 2.27400
v 0.56600 1.20220 2.27400
v 0.56500 -1.28080 2.26400
v 0.56500 1.20420 2.26400
v 0.56500 -1.26680 2.27000
v 0.56500 1.19120 2.27000
v 0.56500 -1.28180 2.27200
v 0.56500 1.20520 2.27200
v 0.56400 -1.28280 2.26800
v 0.56300 -1.26880 2.26200
v 0.56300 -1.28180 2.26400
v 0.56300 1.20520 2.26400
v 0.56200 -1.27080 2.26100
v 0.55900 -1.32080 1.05200
v 0.55900 1.24420 1.05200
v 0.55700 -1.31780 1.05100
v 0.55700 -1.30880 1.05100
v 0.55700 1.23320 1.05100
v 0.55700 1.24220 1.05100
v 0.55700 -1.15880 1.34200
v 0.55700 1.16920 1.34200
v 0.55500 -1.06180 1.33800
v 0.55500 1.07220 1.33800
v 0.55100 -1.27980 2.27100
v 0.55100 -1.27480 2.27100
v 0.55100 1.19920 2.27100
v 0.55100 1.20420 2.27100
v 0.55000 -1.23980 3.01800
v 0.55000 -1.25280 3.01900
v 0.55000 -1.26180 3.02200
v 0.55000 -1.25180 3.02200
v 0.55000 1.16220 3.02200
v 0.55000 1.17620 3.02200
v 0.55000 1.18520 3.02200
v 0.55000 -1.25280 3.02700
v 0.55000 1.17720 3.02700
v 0.55000 -1.25180 3.02800
v 0.55000 1.16420 3.02800
v 0.55000 1.17520 3.02800
v 0.55000 1.17420 3.02900
v 0.55000 -1.25780 3.11900
v 0.55000 -1.24780 3.11900
v 0.55000 1.17220 3.11900
v 0.55000 1.18120 3.11900
v 0.54900 1.17320 3.01500
v 0.54900 1.17620 3.01700
v 0.54200 -1.05480 1.41500
v 0.54200 1.06520 1.41500
v 0.54000 -1.06180 1.25300
v 0.54000 1.07220 1.25300
v 0.53800 -1.16080 1.12600
v 0.53800 1.17120 1.12600
v 0.53700 -1.15880 1.25000
v 0.53700 1.16920 1.25000
v 0.53600 1.06820 1.26000
v 0.52600 -0.26380 3.78200
v 0.52600 0.18820 3.78200
v 0.52500 -1.15580 1.42500
v 0.52500 1.16720 1.42500
v 0.52200 -1.29080 1.54300
v 0.52200 1.21520 1.54300
v 0.52200 -1.34780 1.56600
v 0.52200 1.27220 1.56600
v 0.52200 -0.37180 3.76300
v 0.52200 0.29620 3.76300
v 0.52100 -1.34880 1.50000
v 0.51800 -0.37180 3.74200
v 0.51800 0.29620 3.74200
v 0.51000 1.06820 1.35900
v 0.50700 -1.15880 1.36900
v 0.50700 1.16920 1.36900
v 0.50600 -0.32380 3.67800
v 0.50600 0.24820 3.67800
v 0.50100 -0.26880 3.67900
v 0.50100 0.19320 3.67900
v 0.49200 -1.05580 1.43700
v 0.49200 1.06720 1.43700
v 0.48800 -1.06180 1.28200
v 0.48800 1.07220 1.28200
v 0.48500 -1.32180 1.13700
v 0.48500 -1.16080 1.16500
v 0.48500 1.17120 1.16500
v 0.48300 -1.31880 1.13500
v 0.48300 -1.30980 1.13500
v 0.48300 1.23320 1.13500
v 0.48300 1.24320 1.13500
v 0.47900 -1.32580 2.28200
v 0.47900 1.25020 2.28200
v 0.47900 -1.28080 2.29500
v 0.47900 -1.27980 2.29700
v 0.47900 -1.27180 2.29700
v 0.47900 1.19620 2.29700
v 0.47900 1.20320 2.29700
v 0.47900 -1.27580 2.29800
v 0.47900 1.20020 2.29800
v 0.47800 -0.89080 1.70100
v 0.47800 -0.39580 1.70100
v 0.47800 0.48620 1.70100
v 0.47800 0.98120 1.70100
v 0.47800 -0.89080 1.78500
v 0.47800 -0.39580 1.78500
v 0.47800 0.48620 1.78500
v 0.47800 0.98120 1.78500
v 0.47800 -1.28280 2.29400
v 0.47800 1.19320 2.29400
v 0.47700 -1.28180 2.28600
v 0.47700 1.20520 2.28600
v 0.47700 -1.28380 2.29000
v 0.47700 -1.26780 2.29200
v 0.47700 1.19220 2.29200
v 0.47600 -1.28280 2.28600
v 0.47500 1.16820 1.44400
v 0.47500 -1.27580 2.28200
v 0.47500 1.20020 2.28200
v 0.47500 -1.27980 2.28300
v 0.47500 -1.27180 2.28300
v 0.47500 1.19620 2.28300
v 0.47500 1.20420 2.28300
v 0.47400 0.98920 1.66000
v 0.47400 -0.89480 1.70100
v 0.47400 -0.39080 1.70100
v 0.47400 0.48120 1.70100
v 0.47400 0.98920 1.75300
v 0.47400 -0.89480 1.78500
v 0.47400 -0.39080 1.78500
v 0.47400 0.48120 1.78500
v 0.46200 -0.87180 1.69500
v 0.46200 -0.81080 1.69500
v 0.46200 -0.64280 1.69500
v 0.46200 -0.47580 1.69500
v 0.46200 -0.41380 1.69500
v 0.46200 0.50420 1.69500
v 0.46200 0.56620 1.69500
v 0.46200 0.73320 1.69500
v 0.46200 0.90120 1.69500
v 0.46200 0.96320 1.69500
v 0.46200 -0.87180 1.72600
v 0.46200 -0.81080 1.72600
v 0.46200 -0.64280 1.72600
v 0.46200 -0.47580 1.72600
v 0.46200 -0.41380 1.72600
v 0.46200 0.50420 1.72600
v 0.46200 0.56620 1.72600
v 0.46200 0.73320 1.72600
v 0.46200 0.90120 1.72600
v 0.46200 0.96320 1.72600
v 0.46200 -0.87180 1.73700
v 0.46200 -0.81080 1.73700
v 0.46200 -0.64280 1.73700
v 0.46200 -0.47580 1.73700
v 0.46200 -0.41380 1.73700
v 0.46200 0.50420 1.73700
v 0.46200 0.56620 1.73700
v 0.46200 0.73320 1.73700
v 0.46200 0.90120 1.73700
v 0.46200 0.96320 1.73700
v 0.46200 -0.87180 1.75500
v 0.46200 -0.81080 1.75500
v 0.46200 -0.64280 1.75500
v 0.46200 -0.47580 1.75500
v 0.46200 -0.41380 1.75500
v 0.46200 0.50420 1.75500
v 0.46200 0.56620 1.75500
v 0.46200 0.73320 1.75500
v 0.46200 0.90120 1.75500
v 0.46200 0.96320 1.75500
v 0.46200 -0.87180 1.76600
v 0.46200 -0.81080 1.76600
v 0.46200 -0.64280 1.76600
v 0.46200 -0.47580 1.76600
v 0.46200 -0.41380 1.76600
v 0.46200 0.50420 1.76600
v 0.46200 0.56620 1.76600
v 0.46200 0.73320 1.76600
v 0.46200 0.90120 1.76600
v 0.46200 0.96320 1.76600
v 0.46200 -0.87180 1.78400
v 0.46200 -0.81080 1.78400
v 0.46200 -0.64280 1.78400
v 0.46200 -0.47580 1.78400
v 0.46200 -0.41380 1.78400
v 0.46200 0.50420 1.78400
v 0.46200 0.56620 1.78400
v 0.46200 0.73320 1.78400
v 0.46200 0.90120 1.78400
v 0.46200 0.96320 1.78400
v 0.46200 -0.87180 1.79700
v 0.46200 -0.81080 1.79700
v 0.46200 -0.64280 1.79700
v 0.46200 -0.47580 1.79700
v 0.46200 -0.41380 1.79700
v 0.46200 0.50420 1.79700
v 0.46200 0.56620 1.79700
v 0.46200 0.73320 1.79700
v 0.46200 0.90120 1.79700
v 0.46200 0.96320 1.79700
v 0.46100 -0.87080 1.69800
v 0.46100 -0.80980 1.69800
v 0.46100 -0.64280 1.69800
v 0.46100 -0.47680 1.69800
v 0.46100 -0.41480 1.69800
v 0.46100 0.50620 1.69800
v 0.46100 0.56720 1.69800
v 0.46100 0.73320 1.69800
v 0.46100 0.90020 1.69800
v 0.46100 0.96120 1.69800
v 0.46100 -0.87080 1.70600
v 0.46100 -0.80980 1.70600
v 0.46100 -0.64280 1.70600
v 0.46100 -0.47680 1.70600
v 0.46100 -0.41480 1.70600
v 0.46100 0.50620 1.70600
v 0.46100 0.56720 1.70600
v 0.46100 0.73320 1.70600
v 0.46100 0.90020 1.70600
v 0.46100 0.96120 1.70600
v 0.46100 -0.87080 1.71300
v 0.46100 -0.80980 1.71300
v 0.46100 -0.64280 1.71300
v 0.46100 -0.47680 1.71300
v 0.46100 -0.41480 1.71300
v 0.46100 0.50620 1.71300
v 0.46100 0.56720 1.71300
v 0.46100 0.73320 1.71300
v 0.46100 0.90020 1.71300
v 0.46100 0.96120 1.71300
v 0.46100 -0.87080 1.72100
v 0.46100 -0.80980 1.72100
v 0.46100 -0.64280 1.72100
v 0.46100 -0.47680 1.72100
v 0.46100 -0.41480 1.72100
v 0.46100 0.50620 1.72100
v 0.46100 0.56720 1.72100
v 0.46100 0.73320 1.72100
v 0.46100 0.90020 1.72100
v 0.46100 0.96120 1.72100
v 0.46100 -0.87080 1.74200
v 0.46100 -0.80980 1.74200
v 0.46100 -0.64280 1.74200
v 0.46100 -0.47680 1.74200
v 0.46100 -0.41480 1.74200
v 0.46100 0.50620 1.74200
v 0.46100 0.56720 1.74200
v 0.46100 0.73320 1.74200
v 0.46100 0.90020 1.74200
v 0.46100 0.96120 1.74200
v 0.46100 -0.87080 1.75000
v 0.46100 -0.80980 1.75000
v 0.46100 -0.64280 1.75000
v 0.46100 -0.47680 1.75000
v 0.46100 -0.41480 1.75000
v 0.46100 0.50620 1.75000
v 0.46100 0.56720 1.75000
v 0.46100 0.73320 1.75000
v 0.46100 0.90020 1.75000
v 0.46100 0.96120 1.75000
v 0.46100 -0.87080 1.77100
v 0.46100 -0.80980 1.77100
v 0.46100 -0.64280 1.77100
v 0.46100 -0.47680 1.77100
v 0.46100 -0.41480 1.77100
v 0.46100 0.50620 1.77100
v 0.46100 0.56720 1.77100
v 0.46100 0.73320 1.77100
v 0.46100 0.90020 1.77100
v 0.46100 0.96120 1.77100
v 0.46100 -0.87080 1.77900
v 0.46100 -0.80980 1.77900
v 0.46100 -0.64280 1.77900
v 0.46100 -0.47680 1.77900
v 0.46100 -0.41480 1.77900
v 0.46100 0.50620 1.77900
v 0.46100 0.56720 1.77900
v 0.46100 0.73320 1.77900
v 0.46100 0.90020 1.77900
v 0.46100 0.96120 1.77900
v 0.46100 -0.87080 1.79400
v 0.46100 -0.80980 1.79400
v 0.46100 -0.64280 1.79400
v 0.46100 -0.47680 1.79400
v 0.46100 -0.41480 1.79400
v 0.46100 0.50620 1.79400
v 0.46100 0.56720 1.79400
v 0.46100 0.73320 1.79400
v 0.46100 0.90020 1.79400
v 0.46100 0.96120 1.79400
v 0.46000 1.06820 1.38200
v 0.45700 -1.15880 1.39100
v 0.45700 1.16920 1.39100
v 0.45200 -0.88080 1.69500
v 0.45200 -0.40480 1.69500
v 0.45200 0.49520 1.69500
v 0.45200 0.97120 1.69500
v 0.45200 -0.40480 1.69600
v 0.45200 0.49520 1.69600
v 0.45200 -0.86280 1.70200
v 0.45200 -0.80380 1.70200
v 0.45200 -0.64280 1.70200
v 0.45200 -0.48180 1.70200
v 0.45200 -0.42280 1.70200
v 0.45200 0.51420 1.70200
v 0.45200 0.57320 1.70200
v 0.45200 0.73320 1.70200
v 0.45200 0.89420 1.70200
v 0.45200 0.95320 1.70200
v 0.45200 -0.40480 1.70800
v 0.45200 0.49520 1.70800
v 0.45200 -0.40480 1.71100
v 0.45200 0.49520 1.71100
v 0.45200 -0.86280 1.71700
v 0.45200 -0.80380 1.71700
v 0.45200 -0.64280 1.71700
v 0.45200 -0.48180 1.71700
v 0.45200 -0.42280 1.71700
v 0.45200 0.51420 1.71700
v 0.45200 0.57320 1.71700
v 0.45200 0.73320 1.71700
v 0.45200 0.89420 1.71700
v 0.45200 0.95320 1.71700
v 0.45200 -0.40480 1.72300
v 0.45200 0.49520 1.72300
v 0.45200 -0.88080 1.72600
v 0.45200 -0.40480 1.72600
v 0.45200 0.49520 1.72600
v 0.45200 0.97120 1.72600
v 0.45200 -0.86280 1.73100
v 0.45200 -0.80380 1.73100
v 0.45200 -0.64280 1.73100
v 0.45200 -0.48180 1.73100
v 0.45200 -0.42280 1.73100
v 0.45200 0.51420 1.73100
v 0.45200 0.57320 1.73100
v 0.45200 0.73320 1.73100
v 0.45200 0.89420 1.73100
v 0.45200 0.95320 1.73100
v 0.45200 -0.88080 1.73700
v 0.45200 -0.40480 1.73700
v 0.45200 0.49520 1.73700
v 0.45200 0.97120 1.73700
v 0.45200 -0.40480 1.74000
v 0.45200 0.49520 1.74000
v 0.45200 -0.86280 1.74600
v 0.45200 -0.80380 1.74600
v 0.45200 -0.64280 1.74600
v 0.45200 -0.48180 1.74600
v 0.45200 -0.42280 1.74600
v 0.45200 0.51420 1.74600
v 0.45200 0.57320 1.74600
v 0.45200 0.73320 1.74600
v 0.45200 0.89420 1.74600
v 0.45200 0.95320 1.74600
v 0.45200 -0.40480 1.75200
v 0.45200 0.49520 1.75200
v 0.45200 -0.88080 1.75500
v 0.45200 -0.40480 1.75500
v 0.45200 0.49520 1.75500
v 0.45200 0.97120 1.75500
v 0.45200 -0.86280 1.76100
v 0.45200 -0.80380 1.76100
v 0.45200 -0.64280 1.76100
v 0.45200 -0.48180 1.76100
v 0.45200 -0.42280 1.76100
v 0.45200 0.51420 1.76100
v 0.45200 0.57320 1.76100
v 0.45200 0.73320 1.76100
v 0.45200 0.89420 1.76100
v 0.45200 0.95320 1.76100
v 0.45200 -0.88080 1.76600
v 0.45200 -0.40480 1.76600
v 0.45200 0.49520 1.76600
v 0.45200 0.97120 1.76600
v 0.45200 -0.40480 1.76900
v 0.45200 0.49520 1.76900
v 0.45200 -0.86280 1.77500
v 0.45200 -0.80380 1.77500
v 0.45200 -0.64280 1.77500
v 0.45200 -0.48180 1.77500
v 0.45200 -0.42280 1.77500
v 0.45200 0.51420 1.77500
v 0.45200 0.57320 1.77500
v 0.45200 0.73320 1.77500
v 0.45200 0.89420 1.77500
v 0.45200 0.95320 1.77500
v 0.45200 -0.40480 1.78100
v 0.45200 0.49520 1.78100
v 0.45200 -0.88080 1.78400
v 0.45200 -0.40480 1.78400
v 0.45200 0.49520 1.78400
v 0.45200 0.97120 1.78400
v 0.45200 -0.86280 1.79000
v 0.45200 -0.80380 1.79000
v 0.45200 -0.64280 1.79000
v 0.45200 -0.48180 1.79000
v 0.45200 -0.42280 1.79000
v 0.45200 0.51420 1.79000
v 0.45200 0.57320 1.79000
v 0.45200 0.73320 1.79000
v 0.45200 0.89420 1.79000
v 0.45200 0.95320 1.79000
v 0.45200 -0.40480 1.79600
v 0.45200 0.49520 1.79600
v 0.45200 -0.88080 1.79700
v 0.45200 -0.40480 1.79700
v 0.45200 0.49520 1.79700
v 0.45200 0.97120 1.79700
v 0.45100 -0.87980 1.69800
v 0.45100 0.97020 1.69800
v 0.45100 -0.87980 1.70600
v 0.45100 0.97020 1.70600
v 0.45100 -0.87980 1.71300
v 0.45100 0.97020 1.71300
v 0.45100 -0.87980 1.72100
v 0.45100 0.97020 1.72100
v 0.45100 -0.87980 1.74200
v 0.45100 0.97020 1.74200
v 0.45100 -0.87980 1.75000
v 0.45100 0.97020 1.75000
v 0.45100 -0.87980 1.77100
v 0.45100 0.97020 1.77100
v 0.45100 -0.87980 1.77900
v 0.45100 0.97020 1.77900
v 0.45100 -0.87980 1.79400
v 0.45100 0.97020 1.79400
v 0.44400 -0.26380 3.80000
v 0.44400 0.18820 3.80000
v 0.44300 -0.87080 1.70200
v 0.44300 -0.41480 1.70200
v 0.44300 0.50520 1.70200
v 0.44300 0.96220 1.70200
v 0.44300 -0.87080 1.71700
v 0.44300 -0.41480 1.71700
v 0.44300 0.50520 1.71700
v 0.44300 0.96220 1.71700
v 0.44300 -0.87080 1.73100
v 0.44300 -0.41480 1.73100
v 0.44300 0.50520 1.73100
v 0.44300 0.96220 1.73100
v 0.44300 -0.87080 1.74600
v 0.44300 -0.41480 1.74600
v 0.44300 0.50520 1.74600
v 0.44300 0.96220 1.74600
v 0.44300 -0.87080 1.76100
v 0.44300 -0.41480 1.76100
v 0.44300 0.50520 1.76100
v 0.44300 0.96220 1.76100
v 0.44300 -0.87080 1.77500
v 0.44300 -0.41480 1.77500
v 0.44300 0.50520 1.77500
v 0.44300 0.96220 1.77500
v 0.44300 -0.87080 1.79000
v 0.44300 -0.41480 1.79000
v 0.44300 0.50520 1.79000
v 0.44300 0.96220 1.79000
v 0.44200 -1.05780 1.45500
v 0.44200 1.06820 1.45500
v 0.44000 -0.37180 3.78100
v 0.44000 0.29620 3.78100
v 0.43600 -1.06180 1.30700
v 0.43600 1.07220 1.30700
v 0.43600 -0.37180 3.76000
v 0.43600 0.29620 3.76000
v 0.43400 -1.16080 1.19600
v 0.43400 1.17120 1.19600
v 0.42200 -1.15980 1.45900
v 0.42200 -1.15980 1.55700
v 0.42000 1.17120 1.55500
v 0.42000 -0.32380 3.69200
v 0.42000 -0.26880 3.69200
v 0.42000 0.19320 3.69200
v 0.42000 0.24820 3.69200
v 0.41500 -1.32680 2.29800
v 0.41500 1.25120 2.29800
v 0.41500 -1.24480 3.03900
v 0.41500 -1.25780 3.12800
v 0.41500 -1.24880 3.12800
v 0.41500 1.17320 3.12800
v 0.41500 1.18220 3.12800
v 0.41400 -1.27980 2.31300
v 0.41400 -1.27280 2.31300
v 0.41400 1.19620 2.31300
v 0.41400 1.20420 2.31300
v 0.41400 -1.27580 2.31400
v 0.41400 1.20020 2.31400
v 0.41400 -1.24280 3.02500
v 0.41400 -1.25280 3.02600
v 0.41400 -1.24180 3.02600
v 0.41400 1.17720 3.02600
v 0.41400 -1.23980 3.02700
v 0.41400 -1.26180 3.03200
v 0.41400 -1.25280 3.03200
v 0.41400 1.17720 3.03200
v 0.41400 1.18620 3.03200
v 0.41400 -1.25380 3.03600
v 0.41400 -1.25180 3.03700
v 0.41400 -1.24080 3.03700
v 0.41400 1.16520 3.03700
v 0.41400 -1.25080 3.03900
v 0.41400 1.17420 3.03900
v 0.41300 -1.28180 2.30300
v 0.41300 1.20620 2.30300
v 0.41300 1.19320 2.31000
v 0.41200 -1.34980 1.59300
v 0.41200 1.27420 1.59300
v 0.41100 -1.29380 1.57100
v 0.41100 1.21820 1.57100
v 0.41100 -1.27680 2.29800
v 0.41100 1.20020 2.29800
v 0.41100 -1.27280 2.29900
v 0.41100 1.19620 2.29900
v 0.41100 -1.28080 2.30000
v 0.41100 1.20620 2.30100
v 0.41000 -1.34980 1.53100
v 0.40800 -1.15880 1.41000
v 0.40800 1.16920 1.41000
v 0.40300 -1.28080 2.30900
v 0.40300 -1.27680 2.30900
v 0.40300 1.20020 2.30900
v 0.40300 1.20520 2.30900
v 0.40000 -1.25180 3.03300
v 0.40000 -1.24680 3.03300
v 0.40000 1.17120 3.03300
v 0.40000 1.17520 3.03300
v 0.39600 -1.32280 1.19400
v 0.39500 -1.31980 1.19200
v 0.39500 -1.31080 1.19200
v 0.39500 1.23520 1.19200
v 0.39500 1.24420 1.19200
v 0.39000 -1.05780 1.47100
v 0.39000 1.06820 1.47100
v 0.38400 -1.16080 1.22100
v 0.38400 1.17120 1.22100
v 0.38400 -1.06180 1.32900
v 0.38400 1.07220 1.32900
v 0.38300 -0.88080 1.69500
v 0.38300 -0.40480 1.69500
v 0.38300 0.49520 1.69500
v 0.38300 0.97120 1.69500
v 0.38300 -0.40480 1.69600
v 0.38300 0.49520 1.69600
v 0.38300 -0.40480 1.70800
v 0.38300 0.49520 1.70800
v 0.38300 -0.40480 1.71100
v 0.38300 0.49520 1.71100
v 0.38300 -0.40480 1.72300
v 0.38300 0.49520 1.72300
v 0.38300 -0.88080 1.72600
v 0.38300 -0.40480 1.72600
v 0.38300 0.49520 1.72600
v 0.38300 0.97120 1.72600
v 0.38300 -0.88080 1.73700
v 0.38300 -0.40480 1.73700
v 0.38300 0.49520 1.73700
v 0.38300 0.97120 1.73700
v 0.38300 -0.40480 1.74000
v 0.38300 0.49520 1.74000
v 0.38300 -0.40480 1.75200
v 0.38300 0.49520 1.75200
v 0.38300 -0.88080 1.75500
v 0.38300 -0.40480 1.75500
v 0.38300 0.49520 1.75500
v 0.38300 0.97120 1.75500
v 0.38300 -0.88080 1.76600
v 0.38300 -0.40480 1.76600
v 0.38300 0.49520 1.76600
v 0.38300 0.97120 1.76600
v 0.38300 -0.40480 1.76900
v 0.38300 0.49520 1.76900
v 0.38300 -0.40480 1.78100
v 0.38300 0.49520 1.78100
v 0.38300 -0.88080 1.78400
v 0.38300 -0.40480 1.78400
v 0.38300 0.49520 1.78400
v 0.38300 0.97120 1.78400
v 0.38300 -0.40480 1.79600
v 0.38300 0.49520 1.79600
v 0.38300 -0.88080 1.79700
v 0.38300 -0.40480 1.79700
v 0.38300 0.49520 1.79700
v 0.38300 0.97120 1.79700
v 0.38200 -1.15880 1.32600
v 0.38200 1.16920 1.32600
v 0.38200 -0.87980 1.69800
v 0.38200 0.97020 1.69800
v 0.38200 -0.87980 1.70600
v 0.38200 0.97020 1.70600
v 0.38200 -0.87980 1.71300
v 0.38200 0.97020 1.71300
v 0.38200 -0.87980 1.72100
v 0.38200 0.97020 1.72100
v 0.38200 -0.87980 1.74200
v 0.38200 0.97020 1.74200
v 0.38200 -0.87980 1.75000
v 0.38200 0.97020 1.75000
v 0.38200 -0.87980 1.77100
v 0.38200 0.97020 1.77100
v 0.38200 -0.87980 1.77900
v 0.38200 0.97020 1.77900
v 0.38200 -0.87980 1.79400
v 0.38200 0.97020 1.79400
v 0.37700 -0.87080 1.70200
v 0.37700 -0.41480 1.70200
v 0.37700 0.50520 1.70200
v 0.37700 0.96220 1.70200
v 0.37700 -0.87080 1.71700
v 0.37700 -0.41480 1.71700
v 0.37700 0.50520 1.71700
v 0.37700 0.96220 1.71700
v 0.37700 -0.87080 1.73100
v 0.37700 -0.41480 1.73100
v 0.37700 0.50520 1.73100
v 0.37700 0.96220 1.73100
v 0.37700 -0.87080 1.74600
v 0.37700 -0.41480 1.74600
v 0.37700 0.50520 1.74600
v 0.37700 0.96220 1.74600
v 0.37700 -0.87080 1.76100
v 0.37700 -0.41480 1.76100
v 0.37700 0.50520 1.76100
v 0.37700 0.96220 1.76100
v 0.37700 -0.87080 1.77500
v 0.37700 -0.41480 1.77500
v 0.37700 0.50520 1.77500
v 0.37700 0.96220 1.77500
v 0.37700 -0.87080 1.79000
v 0.37700 -0.41480 1.79000
v 0.37700 0.50520 1.79000
v 0.37700 0.96220 1.79000
v 0.37400 1.16920 1.56700
v 0.37200 -1.15980 1.56500
v 0.37000 -1.15980 1.47300
v 0.37000 1.17120 1.56400
v 0.36300 -0.26380 3.81800
v 0.36300 0.18820 3.81800
v 0.36100 -1.06180 1.57300
v 0.36100 1.07220 1.57300
v 0.35900 -1.15880 1.42500
v 0.35900 1.16920 1.42500
v 0.35800 -0.37180 3.79900
v 0.35800 0.29620 3.79900
v 0.35400 -0.37180 3.77800
v 0.35400 0.29620 3.77800
v 0.33900 -0.26880 3.70500
v 0.33900 0.19320 3.70500
v 0.33800 -1.05780 1.48500
v 0.33800 1.06920 1.48500
v 0.33400 -1.16080 1.24000
v 0.33400 1.17120 1.24000
v 0.33400 -1.32480 1.66100
v 0.33400 1.24920 1.66100
v 0.33400 -1.32280 1.66900
v 0.33400 1.24620 1.66900
v 0.33400 -0.32380 3.70600
v 0.33400 0.24820 3.70600
v 0.33200 1.27420 1.65300
v 0.33100 -1.35080 1.65200
v 0.33100 -1.28180 2.32600
v 0.33100 -1.27680 2.32600
v 0.33100 1.20120 2.32600
v 0.33100 1.20620 2.32600
v 0.32900 -1.15880 1.34400
v 0.32900 1.16920 1.34400
v 0.32700 -1.32780 2.32000
v 0.32700 1.25220 2.32000
v 0.32500 -1.28280 2.32400
v 0.32500 1.20720 2.32400
v 0.32400 -1.27180 2.32200
v 0.32300 1.16920 1.57400
v 0.32300 -1.28080 2.32100
v 0.32200 -1.31180 1.22600
v 0.32200 1.23620 1.22600
v 0.32200 1.24520 1.22600
v 0.32200 -1.32380 1.22800
v 0.31900 -1.15980 1.48500
v 0.31000 -1.15880 1.43900
v 0.31000 1.16920 1.43900
v 0.31000 -1.06180 1.58000
v 0.31000 1.07220 1.58000
v 0.30900 -1.25880 3.13400
v 0.30900 -1.24980 3.13400
v 0.30900 1.17320 3.13400
v 0.30900 1.18320 3.13400
v 0.30800 -1.06180 1.43600
v 0.30800 1.07220 1.43600
v 0.30600 -1.24380 3.03100
v 0.30600 1.16820 3.03100
v 0.30600 -1.25380 3.03300
v 0.30600 -1.24280 3.03300
v 0.30600 -1.24080 3.03400
v 0.30600 -1.26280 3.03800
v 0.30600 -1.25380 3.03800
v 0.30600 1.17720 3.03800
v 0.30600 1.18720 3.03800
v 0.30600 -1.24180 3.04400
v 0.30600 -1.25080 3.04500
v 0.30600 -1.24980 3.04600
v 0.30600 -1.24480 3.04600
v 0.29200 -0.26380 3.83500
v 0.29200 0.18820 3.83500
v 0.28800 -0.37180 3.81600
v 0.28800 0.29620 3.81600
v 0.28600 -1.05780 1.49600
v 0.28600 1.06920 1.49600
v 0.28500 -1.32280 1.68000
v 0.28500 1.24720 1.68000
v 0.28400 -1.16080 1.25400
v 0.28400 1.17120 1.25400
v 0.28400 -1.32480 1.67300
v 0.28400 -1.32280 1.67300
v 0.28400 1.24720 1.67300
v 0.28400 1.24920 1.67300
v 0.28300 -1.35180 1.66400
v 0.28300 1.27420 1.66400
v 0.28300 1.27520 1.66400
v 0.28300 -1.32480 1.74600
v 0.28300 1.24920 1.74600
v 0.28300 -0.37180 3.79400
v 0.28300 0.29620 3.79400
v 0.28200 -1.35180 1.66200
v 0.28000 -1.06180 1.36300
v 0.28000 1.07220 1.36300
v 0.27200 -1.15880 1.58100
v 0.27200 1.16920 1.58100
v 0.27200 -1.32780 2.33300
v 0.27200 1.25220 2.33300
v 0.27200 -1.28080 2.34800
v 0.27200 1.20520 2.34800
v 0.27200 -1.27780 2.34900
v 0.27200 1.20120 2.34900
v 0.27000 -1.28280 2.33700
v 0.27000 1.20720 2.33700
v 0.26900 -1.15880 1.49700
v 0.26900 1.16920 1.49700
v 0.26900 -1.28180 2.33400
v 0.26900 1.20520 2.33400
v 0.26900 -1.27180 2.33500
v 0.26900 1.19620 2.33500
v 0.26900 1.20820 2.33700
v 0.26900 -0.26880 3.71700
v 0.26900 0.19320 3.71700
v 0.26800 1.19920 2.33300
v 0.26000 -1.15880 1.45000
v 0.26000 1.16920 1.45000
v 0.25900 -1.06180 1.44700
v 0.25900 1.07220 1.44700
v 0.25800 -1.06180 1.58600
v 0.25800 1.07220 1.58600
v 0.25600 -1.05780 1.59000
v 0.25600 1.06820 1.59000
v 0.25600 -0.32380 3.71900
v 0.25600 0.24820 3.71900
v 0.23500 -1.16080 1.26500
v 0.23500 1.17120 1.26500
v 0.23500 -1.32480 1.68500
v 0.23500 -1.32380 1.68500
v 0.23500 1.24820 1.68500
v 0.23500 1.24920 1.68500
v 0.23400 -1.05780 1.50600
v 0.23400 1.06920 1.50600
v 0.23400 -1.35280 1.67400
v 0.23400 1.27620 1.67500
v 0.23400 -1.32480 1.75600
v 0.23400 1.24920 1.75600
v 0.23400 -1.25980 3.13900
v 0.23400 -1.24980 3.13900
v 0.23400 1.17420 3.13900
v 0.23400 1.18420 3.13900
v 0.23000 -1.24480 3.03500
v 0.23000 1.16920 3.03500
v 0.23000 -1.24280 3.03600
v 0.23000 -1.25480 3.03700
v 0.23000 -1.26380 3.04200
v 0.23000 -1.25380 3.04200
v 0.23000 1.17820 3.04200
v 0.23000 1.18820 3.04200
v 0.22900 -1.06180 1.37600
v 0.22900 1.07220 1.37600
v 0.22900 -1.24280 3.04800
v 0.22900 -1.24980 3.05000
v 0.22800 -1.15880 1.37400
v 0.22800 1.16920 1.37400
v 0.22100 -1.15880 1.58600
v 0.22100 1.16920 1.58600
v 0.21900 -1.32880 2.34600
v 0.21900 1.25320 2.34600
v 0.21800 -1.15880 1.50500
v 0.21800 1.16920 1.50500
v 0.21300 -1.28180 2.36200
v 0.21300 -1.27380 2.36200
v 0.21300 1.20620 2.36200
v 0.21300 -1.27780 2.36300
v 0.21300 1.20220 2.36300
v 0.21200 -1.27080 2.35900
v 0.21200 -1.25380 3.04400
v 0.21200 -1.24880 3.04400
v 0.21200 1.17320 3.04400
v 0.21200 1.17720 3.04400
v 0.21100 -1.28380 2.35200
v 0.21100 1.20720 2.35200
v 0.21100 1.21020 2.35500
v 0.21000 1.20920 2.35100
v 0.21000 1.19420 2.35300
v 0.20900 1.20620 2.34900
v 0.20900 -1.28380 2.35000
v 0.20900 -1.27180 2.35000
v 0.20900 1.19620 2.35000
v 0.20900 -1.28280 2.35600
v 0.20900 -1.27780 2.35600
v 0.20900 1.20220 2.35600
v 0.20900 1.20720 2.35600
v 0.20800 1.20020 2.34800
v 0.20700 -0.22980 3.85200
v 0.20700 -0.16780 3.85200
v 0.20700 -0.10080 3.85200
v 0.20700 0.02520 3.85200
v 0.20700 0.09220 3.85200
v 0.20700 0.15420 3.85200
v 0.20600 -0.22980 3.85400
v 0.20600 -0.16780 3.85400
v 0.20600 -0.10080 3.85400
v 0.20600 0.02520 3.85400
v 0.20600 0.09220 3.85400
v 0.20600 0.15420 3.85400
v 0.20500 -1.05780 1.59500
v 0.20500 1.06820 1.59500
v 0.19700 -0.32380 3.73000
v 0.19700 0.24820 3.73000
v 0.19600 -0.88080 1.69500
v 0.19600 -0.40480 1.69500
v 0.19600 0.49520 1.69500
v 0.19600 0.97120 1.69500
v 0.19600 -0.40480 1.69600
v 0.19600 0.49520 1.69600
v 0.19600 -0.87980 1.69800
v 0.19600 0.97020 1.69800
v 0.19600 -0.87080 1.70200
v 0.19600 -0.41480 1.70200
v 0.19600 0.50520 1.70200
v 0.19600 0.96220 1.70200
v 0.19600 -0.87980 1.70600
v 0.19600 0.97020 1.70600
v 0.19600 -0.40480 1.70800
v 0.19600 0.49520 1.70800
v 0.19600 -0.40480 1.71100
v 0.19600 0.49520 1.71100
v 0.19600 -0.87980 1.71300
v 0.19600 0.97020 1.71300
v 0.19600 -0.87080 1.71700
v 0.19600 -0.41480 1.71700
v 0.19600 0.50520 1.71700
v 0.19600 0.96220 1.71700
v 0.19600 -0.87980 1.72100
v 0.19600 0.97020 1.72100
v 0.19600 -0.40480 1.72300
v 0.19600 0.49520 1.72300
v 0.19600 -0.88080 1.72600
v 0.19600 -0.40480 1.72600
v 0.19600 0.49520 1.72600
v 0.19600 0.97120 1.72600
v 0.19600 -0.87080 1.73100
v 0.19600 -0.41480 1.73100
v 0.19600 0.50520 1.73100
v 0.19600 0.96220 1.73100
v 0.19600 -0.88080 1.73700
v 0.19600 -0.40480 1.73700
v 0.19600 0.49520 1.73700
v 0.19600 0.97120 1.73700
v 0.19600 -0.40480 1.74000
v 0.19600 0.49520 1.74000
v 0.19600 -0.87980 1.74200
v 0.19600 0.97020 1.74200
v 0.19600 -0.87080 1.74600
v 0.19600 -0.41480 1.74600
v 0.19600 0.50520 1.74600
v 0.19600 0.96220 1.74600
v 0.19600 -0.87980 1.75000
v 0.19600 0.97020 1.75000
v 0.19600 -0.40480 1.75200
v 0.19600 0.49520 1.75200
v 0.19600 -0.88080 1.75500
v 0.19600 -0.40480 1.75500
v 0.19600 0.49520 1.75500
v 0.19600 0.97120 1.75500
v 0.19600 -0.87080 1.76100
v 0.19600 -0.41480 1.76100
v 0.19600 0.50520 1.76100
v 0.19600 0.96220 1.76100
v 0.19600 -0.88080 1.76600
v 0.19600 -0.40480 1.76600
v 0.19600 0.49520 1.76600
v 0.19600 0.97120 1.76600
v 0.19600 -0.40480 1.76900
v 0.19600 0.49520 1.76900
v 0.19600 -0.87980 1.77100
v 0.19600 0.97020 1.77100
v 0.19600 -0.87080 1.77500
v 0.19600 -0.41480 1.77500
v 0.19600 0.50520 1.77500
v 0.19600 0.96220 1.77500
v 0.19600 -0.87980 1.77900
v 0.19600 0.97020 1.77900
v 0.19600 -0.40480 1.78100
v 0.19600 0.49520 1.78100
v 0.19600 -0.88080 1.78400
v 0.19600 -0.40480 1.78400
v 0.19600 0.49520 1.78400
v 0.19600 0.97120 1.78400
v 0.19600 -0.87080 1.79000
v 0.19600 -0.41480 1.79000
v 0.19600 0.50520 1.79000
v 0.19600 0.96220 1.79000
v 0.19600 -0.87980 1.79400
v 0.19600 0.97020 1.79400
v 0.19600 -0.40480 1.79600
v 0.19600 0.49520 1.79600
v 0.19600 -0.88080 1.79700
v 0.19600 -0.40480 1.79700
v 0.19600 0.49520 1.79700
v 0.19600 0.97120 1.79700
v 0.18700 -0.30780 3.84500
v 0.18700 0.23320 3.84500
v 0.18400 -0.30780 3.83100
v 0.18400 0.23320 3.83100
v 0.18200 -0.16880 3.73200
v 0.18200 0.09320 3.73200
v 0.18200 -0.23180 3.73300
v 0.18200 0.15620 3.73300
v 0.18100 -0.10180 3.73100
v 0.18100 0.02620 3.73100
v 0.17900 -1.15880 1.38500
v 0.17900 1.16920 1.38500
v 0.17900 -1.13980 1.82600
v 0.17900 1.11620 1.82600
v 0.17900 -1.13980 2.39500
v 0.17900 1.11620 2.39500
v 0.17100 -1.11080 1.82700
v 0.17100 -1.11080 2.39400
v 0.16300 -1.11080 2.42300
v 0.15900 -1.27380 2.37400
v 0.15800 1.13720 1.82600
v 0.15800 -1.11880 1.82700
v 0.15800 -1.11880 2.39400
v 0.15800 1.13720 2.39400
v 0.15700 -1.27080 2.37200
v 0.15500 -1.28380 2.36500
v 0.15500 1.20820 2.36500
v 0.15500 1.21020 2.36800
v 0.15400 -1.30180 2.36500
v 0.15400 1.22620 2.36500
v 0.15400 1.19420 2.36600
v 0.15400 1.21020 2.36600
v 0.15100 -1.28380 2.36300
v 0.15000 -1.12680 2.41500
v 0.15000 1.12920 2.41500
v 0.14700 -0.10780 3.73600
v 0.14700 0.03220 3.73600
v 0.14700 -0.17880 3.73800
v 0.14700 0.10220 3.73800
v 0.14700 -0.24980 3.73900
v 0.14700 0.17420 3.73900
v 0.13400 -0.22980 3.87000
v 0.13400 -0.16780 3.87000
v 0.13400 -0.10080 3.87000
v 0.13400 0.02520 3.87000
v 0.13400 0.09220 3.87000
v 0.13400 0.15420 3.87000
v 0.13100 0.94320 3.81500
v 0.13100 0.94520 3.82100
v 0.12600 0.98420 3.76000
v 0.12600 -0.78380 3.83400
v 0.12600 -0.71380 3.83400
v 0.12600 -0.62380 3.83400
v 0.12600 -0.48880 3.83600
v 0.12600 0.63920 3.83700
v 0.12600 0.71420 3.83700
v 0.12600 0.54820 3.83800
v 0.12600 0.76820 3.83800
v 0.12600 -0.28180 3.83900
v 0.12600 0.41320 3.83900
v 0.12600 0.20520 3.84100
v 0.12600 -0.03780 3.84200
v 0.12500 -0.78480 3.83200
v 0.12500 -0.71580 3.83200
v 0.12500 -0.62580 3.83200
v 0.12500 -0.49080 3.83300
v 0.12500 0.55020 3.83500
v 0.12500 0.64120 3.83500
v 0.12500 0.71520 3.83500
v 0.12500 0.76920 3.83500
v 0.12500 -0.28280 3.83700
v 0.12500 0.41420 3.83700
v 0.12500 0.20620 3.83900
v 0.12500 -0.03780 3.84000
v 0.12400 -0.22980 3.82900
v 0.12400 -0.16780 3.82900
v 0.12400 -0.10080 3.82900
v 0.12400 0.02520 3.82900
v 0.12400 0.09220 3.82900
v 0.12400 0.15420 3.82900
v 0.12200 0.97920 3.76100
v 0.11200 1.17720 2.96200
v 0.11000 -1.24580 2.96200
v 0.10900 -1.27580 2.43500
v 0.10900 1.20020 2.43500
v 0.10900 -1.11080 2.51700
v 0.10900 -1.27180 2.52800
v 0.10900 1.19620 2.52800
v 0.10900 -1.26280 2.71100
v 0.10900 1.18720 2.71100
v 0.10900 1.18120 2.88800
v 0.10800 -1.27180 2.43500
v 0.10800 1.19620 2.43500
v 0.10800 -1.26780 2.52800
v 0.10800 1.19220 2.52800
v 0.10800 -1.25880 2.71100
v 0.10800 1.18320 2.71100
v 0.10800 1.18520 2.71100
v 0.10800 1.17520 2.88800
v 0.10800 1.16820 2.96300
v 0.10700 -1.24880 2.88800
v 0.10600 -1.28180 2.43400
v 0.10600 -1.27780 2.52800
v 0.10600 -1.26880 2.71100
v 0.10600 -1.24780 2.88800
v 0.10600 1.17220 2.88800
v 0.10500 -1.26480 2.52800
v 0.10500 -1.25580 2.71100
v 0.10400 -1.29880 2.38500
v 0.10400 1.22320 2.38500
v 0.10400 1.20320 2.52800
v 0.10400 1.19420 2.71200
v 0.10400 1.16720 2.96300
v 0.10400 -1.26680 2.96400
v 0.10400 -1.25680 2.96400
v 0.10400 1.18120 2.96400
v 0.10400 1.19020 2.96400
v 0.10300 -1.28380 2.43300
v 0.10300 1.20820 2.43300
v 0.10300 -1.27980 2.52800
v 0.10300 -1.27080 2.71200
v 0.10200 -1.26980 2.88800
v 0.10200 -1.25980 2.88800
v 0.10200 1.17020 2.88800
v 0.10200 1.18420 2.88800
v 0.10200 1.19420 2.88800
v 0.10100 -1.28280 2.38100
v 0.10100 -1.27780 2.38100
v 0.10100 1.20220 2.38100
v 0.10100 1.20720 2.38100
v 0.10100 -1.29180 2.42900
v 0.10100 -1.28180 2.42900
v 0.10100 1.20620 2.42900
v 0.10100 1.21520 2.42900
v 0.10100 -1.27880 2.48400
v 0.10100 -1.27380 2.48400
v 0.10100 1.19820 2.48400
v 0.10100 1.20320 2.48400
v 0.10100 -1.28680 2.52500
v 0.10100 -1.27780 2.52500
v 0.10100 1.20120 2.52500
v 0.10100 1.21120 2.52500
v 0.10100 1.20420 2.52800
v 0.10100 -1.27780 2.71000
v 0.10100 -1.26880 2.71000
v 0.10100 1.19320 2.71000
v 0.10100 1.20220 2.71000
v 0.10100 1.19520 2.71200
v 0.10100 -1.25180 2.93900
v 0.10100 1.17620 2.93900
v 0.10100 -1.25680 2.94000
v 0.10100 1.18020 2.94000
v 0.10000 1.16820 2.96400
v 0.10000 -0.78480 3.83200
v 0.10000 -0.71580 3.83200
v 0.10000 -0.62580 3.83200
v 0.10000 -0.49080 3.83300
v 0.10000 0.55020 3.83500
v 0.10000 0.64120 3.83500
v 0.10000 0.71520 3.83500
v 0.10000 0.76920 3.83500
v 0.10000 -0.28280 3.83700
v 0.10000 0.41420 3.83700
v 0.10000 0.20620 3.83900
v 0.10000 -0.03780 3.84000
v 0.09900 -1.26180 2.88900
v 0.09900 1.18620 2.88900
v 0.09800 -1.27880 2.52800
v 0.09800 -1.27080 2.71200
v 0.09800 1.19420 2.71200
v 0.09800 1.17120 2.88900
v 0.09700 -1.28280 2.43100
v 0.09700 -1.27880 2.52800
v 0.09600 -1.12680 2.50800
v 0.09600 1.12920 2.50800
v 0.09600 -1.24880 2.88900
v 0.09500 1.19420 2.43000
v 0.09500 1.20620 2.43000
v 0.09500 -1.26580 2.52700
v 0.09500 1.19020 2.52700
v 0.09500 1.20120 2.52700
v 0.09500 -1.25680 2.71100
v 0.09500 1.18120 2.71100
v 0.09500 1.19220 2.71200
v 0.09300 1.20220 2.42900
v 0.09300 1.19820 2.52700
v 0.08700 -1.11880 2.54300
v 0.08700 1.13720 2.54300
v 0.08600 -1.13980 2.52200
v 0.08600 1.11620 2.52200
v 0.08600 -1.11080 2.53000
v 0.07600 0.94620 3.82700
v 0.07600 0.94920 3.83300
v 0.06400 0.98520 2.06900
v 0.06400 0.98620 2.06900
v 0.06400 0.98620 2.07000
v 0.06300 0.98520 2.06800
v 0.05500 1.03220 3.69300
v 0.05100 -1.31680 1.37700
v 0.05100 1.24120 1.37700
v 0.05100 0.96620 2.13000
v 0.05100 0.96620 2.13100
v 0.05100 0.96720 2.13100
v 0.05100 1.02720 3.69500
v 0.05000 0.96620 2.13000
v 0.04900 -1.32480 1.37700
v 0.04900 1.24920 1.37700
v 0.04600 1.01320 2.09600
v 0.04400 1.01220 2.09500
v 0.04400 1.01320 2.09600
v 0.04400 1.01320 2.09700
v 0.03900 0.99720 2.15800
v 0.03800 0.99620 2.15600
v 0.03800 0.99720 2.15700
v 0.03500 1.03820 2.04600
v 0.03300 1.03720 2.04500
v 0.03300 1.03820 2.04600
v 0.03200 1.03820 2.04600
v 0.02900 -1.31680 1.42900
v 0.02900 1.24120 1.42900
v 0.02900 0.94820 2.19200
v 0.02800 -1.32480 1.43000
v 0.02800 1.24820 1.43000
v 0.02800 0.94820 2.19000
v 0.02800 0.94920 2.19200
v 0.02700 0.94920 2.19000
v 0.02400 0.98320 2.21300
v 0.02300 0.98320 2.21200
v 0.01800 1.05920 2.00300
v 0.01600 -0.87080 1.70200
v 0.01600 -0.41480 1.70200
v 0.01600 0.50520 1.70200
v 0.01600 0.96220 1.70200
v 0.01600 -0.87080 1.71700
v 0.01600 -0.41480 1.71700
v 0.01600 0.50520 1.71700
v 0.01600 0.96220 1.71700
v 0.01600 -0.87080 1.73100
v 0.01600 -0.41480 1.73100
v 0.01600 0.50520 1.73100
v 0.01600 0.96220 1.73100
v 0.01600 -0.87080 1.74600
v 0.01600 -0.41480 1.74600
v 0.01600 0.50520 1.74600
v 0.01600 0.96220 1.74600
v 0.01600 -0.87080 1.76100
v 0.01600 -0.41480 1.76100
v 0.01600 0.50520 1.76100
v 0.01600 0.96220 1.76100
v 0.01600 -0.87080 1.77500
v 0.01600 -0.41480 1.77500
v 0.01600 0.50520 1.77500
v 0.01600 0.96220 1.77500
v 0.01600 -0.87080 1.79000
v 0.01600 -0.41480 1.79000
v 0.01600 0.50520 1.79000
v 0.01600 0.96220 1.79000
v 0.01600 1.13220 3.76500
v 0.01500 1.05920 2.00400
v 0.01000 -1.31680 1.47600
v 0.01000 1.24020 1.47600
v 0.01000 -0.87980 1.69800
v 0.01000 0.97020 1.69800
v 0.01000 -0.87980 1.70600
v 0.01000 0.97020 1.70600
v 0.01000 -0.87980 1.71300
v 0.01000 0.97020 1.71300
v 0.01000 -0.87980 1.72100
v 0.01000 0.97020 1.72100
v 0.01000 -0.87980 1.74200
v 0.01000 0.97020 1.74200
v 0.01000 -0.87980 1.75000
v 0.01000 0.97020 1.75000
v 0.01000 -0.87980 1.77100
v 0.01000 0.97020 1.77100
v 0.01000 -0.87980 1.77900
v 0.01000 0.97020 1.77900
v 0.01000 -0.87980 1.79400
v 0.01000 0.97020 1.79400
v 0.00900 -0.88080 1.69500
v 0.00900 -0.40480 1.69500
v 0.00900 0.49520 1.69500
v 0.00900 0.97120 1.69500
v 0.00900 -0.40480 1.69600
v 0.00900 0.49520 1.69600
v 0.00900 -0.40480 1.70800
v 0.00900 0.49520 1.70800
v 0.00900 -0.40480 1.71100
v 0.00900 0.49520 1.71100
v 0.00900 -0.40480 1.72300
v 0.00900 0.49520 1.72300
v 0.00900 -0.88080 1.72600
v 0.00900 -0.40480 1.72600
v 0.00900 0.49520 1.72600
v 0.00900 0.97120 1.72600
v 0.00900 -0.88080 1.73700
v 0.00900 -0.40480 1.73700
v 0.00900 0.49520 1.73700
v 0.00900 0.97120 1.73700
v 0.00900 -0.40480 1.74000
v 0.00900 0.49520 1.74000
v 0.00900 -0.40480 1.75200
v 0.00900 0.49520 1.75200
v 0.00900 -0.88080 1.75500
v 0.00900 -0.40480 1.75500
v 0.00900 0.49520 1.75500
v 0.00900 0.97120 1.75500
v 0.00900 -0.88080 1.76600
v 0.00900 -0.40480 1.76600
v 0.00900 0.49520 1.76600
v 0.00900 0.97120 1.76600
v 0.00900 -0.40480 1.76900
v 0.00900 0.49520 1.76900
v 0.00900 -0.40480 1.78100
v 0.00900 0.49520 1.78100
v 0.00900 -0.88080 1.78400
v 0.00900 -0.40480 1.78400
v 0.00900 0.49520 1.78400
v 0.00900 0.97120 1.78400
v 0.00900 -0.40480 1.79600
v 0.00900 0.49520 1.79600
v 0.00900 -0.88080 1.79700
v 0.00900 -0.40480 1.79700
v 0.00900 0.49520 1.79700
v 0.00900 0.97120 1.79700
v 0.00800 -1.32380 1.47600
v 0.00500 -1.31880 1.28700
v 0.00500 1.24220 1.28700
v 0.00500 -1.34880 1.94900
v 0.00500 1.27220 1.94900
v 0.00500 -1.34680 2.01100
v 0.00500 1.27020 2.01100
v 0.00500 -1.34180 2.13300
v 0.00500 1.26620 2.13300
v 0.00500 -1.33780 2.25700
v 0.00500 1.26220 2.25700
v 0.00500 -1.33580 2.32600
v 0.00500 1.25920 2.32600
v 0.00500 -1.29580 2.45400
v 0.00500 1.22020 2.45400
v 0.00500 -1.29180 2.55100
v 0.00500 1.21620 2.55100
v 0.00500 -1.28280 2.74200
v 0.00500 1.20620 2.74200
v 0.00500 -1.27280 2.93500
v 0.00500 1.19720 2.93500
v 0.00500 -1.26880 3.03600
v 0.00500 1.19320 3.03600
v 0.00400 -1.32680 1.28900
v 0.00400 1.25020 1.28900
v 0.00400 -1.33680 1.95000
v 0.00400 1.26120 1.95000
v 0.00400 -1.33480 2.01200
v 0.00400 1.25920 2.01200
v 0.00400 -1.33080 2.13300
v 0.00400 1.25420 2.13300
v 0.00400 -1.32580 2.25700
v 0.00400 1.25020 2.25700
v 0.00400 -1.32380 2.32600
v 0.00400 1.24720 2.32600
v 0.00400 -1.28480 2.45500
v 0.00400 1.20820 2.45500
v 0.00400 -1.27980 2.55100
v 0.00400 1.20420 2.55100
v 0.00400 -1.27080 2.74100
v 0.00400 1.19520 2.74100
v 0.00400 -1.26180 2.93200
v 0.00400 1.18520 2.93200
v 0.00400 -1.25780 3.03500
v 0.00400 1.18120 3.03500
v 0.00400 -1.25580 3.08500
v 0.00400 1.18020 3.08500
v -0.00000 -1.33680 1.93400
v -0.00000 1.26120 1.93400
v -0.00000 -1.33380 2.03600
v -0.00000 1.25820 2.03600
v -0.00000 -1.33080 2.13600
v -0.00000 1.25520 2.13600
v -0.00000 -1.32880 2.21900
v -0.00000 1.25220 2.21900
v -0.00000 -1.33480 2.22100
v -0.00000 1.25820 2.22100
v -0.00000 -1.32580 2.27900
v -0.00000 1.25020 2.27900
v -0.00000 -1.33180 2.28100
v -0.00000 1.25620 2.28100
v -0.00000 -1.32380 2.34300
v -0.00000 1.24820 2.34300
v -0.00000 -1.32980 2.34500
v -0.00000 1.25320 2.34500
v -0.00000 -1.28680 2.45000
v -0.00000 1.21120 2.45000
v -0.00000 -1.29280 2.45200
v -0.00000 1.21620 2.45200
v -0.00000 -1.28580 2.50000
v -0.00000 1.20920 2.50000
v -0.00000 -1.29180 2.50200
v -0.00000 1.21520 2.50200
v -0.00000 -1.28380 2.55400
v -0.00000 1.20720 2.55400
v -0.00000 -1.28880 2.55500
v -0.00000 1.21320 2.55500
v -0.00000 -1.27980 2.63800
v -0.00000 1.20420 2.63800
v -0.00000 -1.28580 2.63900
v -0.00000 1.20920 2.63900
v -0.00000 -1.27280 2.77900
v -0.00000 1.19720 2.77900
v -0.00000 -1.27880 2.78100
v -0.00000 1.20320 2.78100
v -0.00000 -1.26580 2.92400
v -0.00000 1.19020 2.92400
v -0.00000 -1.27180 2.92500
v -0.00000 1.19620 2.92500
v -0.00000 -1.26080 3.01900
v -0.00000 1.18520 3.01900
v -0.00000 -1.26680 3.02000
v -0.00000 1.19120 3.02000
v -0.00000 -1.25780 3.07700
v -0.00000 1.18220 3.07700
v -0.00000 -1.26380 3.07900
v -0.00000 1.18820 3.07900
v -0.00100 -1.34780 1.93400
v -0.00100 1.27220 1.93400
v -0.00100 -1.34480 2.03600
v -0.00100 1.26920 2.03600
v -0.00100 -1.34180 2.13600
v -0.00100 1.26620 2.13600
v -0.00200 -1.13980 2.52200
v -0.00200 1.11620 2.52200
v -0.00200 -1.11080 2.53000
v -0.00200 -1.11880 2.54300
v -0.00200 1.13720 2.54300
v -0.00300 -1.34980 1.93500
v -0.00300 -1.34580 2.03600
v -0.00500 -1.33880 2.22200
v -0.00500 -1.33680 2.28200
v -0.00500 1.26020 2.28200
v -0.00500 1.25820 2.34700
v -0.00500 -1.29680 2.45400
v -0.00500 -1.29580 2.50400
v -0.00500 -1.29280 2.55700
v -0.00500 -1.28980 2.64200
v -0.00500 -1.28280 2.78300
v -0.00500 1.20720 2.78300
v -0.00500 1.20020 2.92700
v -0.01600 1.12920 2.51500
v -0.01600 1.12920 2.54500
v -0.01800 1.07920 3.62500
v -0.01900 -1.32980 2.18800
v -0.01900 -1.34180 2.19400
v -0.01900 -1.32880 2.40500
v -0.01900 -1.25280 3.15100
v -0.01900 -1.26380 3.15200
v -0.02100 1.07520 3.62700
v -0.02300 1.10220 3.83100
v -0.02700 0.94420 2.36900
v -0.02700 0.94520 2.36900
v -0.02700 0.94420 2.37000
v -0.02800 1.12620 3.75600
v -0.02900 0.94520 2.36900
v -0.03400 1.15420 3.71100
v -0.03700 -1.29480 2.46300
v -0.03700 -1.29280 2.51200
v -0.03700 1.21620 2.51200
v -0.03700 -1.28980 2.56500
v -0.03700 1.21420 2.56500
v -0.03700 -1.28580 2.64800
v -0.03700 1.21020 2.64800
v -0.03700 -1.27980 2.78800
v -0.03700 1.20420 2.78800
v -0.03700 -1.27380 2.93100
v -0.03700 1.19820 2.93100
v -0.03700 -1.26980 3.02500
v -0.03700 1.19420 3.02500
v -0.03700 1.12420 3.75100
v -0.03700 1.12420 3.75200
v -0.03800 -1.29180 2.46300
v -0.03800 1.12220 3.75100
v -0.03800 1.12620 3.75200
v -0.03800 1.12620 3.75300
v -0.03900 1.12220 3.75100
v -0.03900 1.12120 3.75200
v -0.04000 -1.27980 2.46500
v -0.04000 -1.27780 2.51300
v -0.04000 1.20220 2.51300
v -0.04000 -1.27480 2.56600
v -0.04000 1.19920 2.56600
v -0.04000 -1.27180 2.64900
v -0.04000 1.19520 2.64900
v -0.04000 -1.26580 2.78800
v -0.04000 1.18920 2.78800
v -0.04000 -1.25880 2.93100
v -0.04000 1.18320 2.93100
v -0.04000 -1.25480 3.02400
v -0.04000 1.17920 3.02400
v -0.04000 1.03220 3.75300
v -0.04000 1.12120 3.75300
v -0.04000 1.12620 3.75500
v -0.04100 1.12120 3.75400
v -0.04100 1.12620 3.75500
v -0.04200 1.12220 3.75400
v -0.04200 1.12220 3.75500
v -0.04200 1.12420 3.75500
v -0.04200 1.12420 3.75600
v -0.04500 1.19220 3.07700
v -0.04600 1.11220 3.74600
v -0.04600 1.12420 3.74600
v -0.04700 -1.31880 1.29000
v -0.04700 1.24320 1.29000
v -0.04700 1.25320 2.41200
v -0.04700 1.17720 3.07600
v -0.04700 1.09020 3.80600
v -0.04700 1.10220 3.80600
v -0.04800 -1.32680 1.29100
v -0.04800 1.25120 1.29100
v -0.05000 1.25420 2.18800
v -0.05000 1.26420 2.19100
v -0.05000 1.11420 3.74200
v -0.05000 1.12520 3.74200
v -0.05100 -0.87080 1.70200
v -0.05100 -0.41480 1.70200
v -0.05100 0.50520 1.70200
v -0.05100 0.96220 1.70200
v -0.05100 -0.87080 1.71700
v -0.05100 -0.41480 1.71700
v -0.05100 0.50520 1.71700
v -0.05100 0.96220 1.71700
v -0.05100 -0.87080 1.73100
v -0.05100 -0.41480 1.73100
v -0.05100 0.50520 1.73100
v -0.05100 0.96220 1.73100
v -0.05100 -0.87080 1.74600
v -0.05100 -0.41480 1.74600
v -0.05100 0.50520 1.74600
v -0.05100 0.96220 1.74600
v -0.05100 -0.87080 1.76100
v -0.05100 -0.41480 1.76100
v -0.05100 0.50520 1.76100
v -0.05100 0.96220 1.76100
v -0.05100 -0.87080 1.77500
v -0.05100 -0.41480 1.77500
v -0.05100 0.50520 1.77500
v -0.05100 0.96220 1.77500
v -0.05100 -0.87080 1.79000
v -0.05100 -0.41480 1.79000
v -0.05100 0.50520 1.79000
v -0.05100 0.96220 1.79000
v -0.05100 1.09020 3.80700
v -0.05100 1.10120 3.80700
v -0.05200 0.94020 2.43500
v -0.05200 0.94120 2.43500
v -0.05300 0.91120 2.37100
v -0.05300 0.94120 2.43500
v -0.05400 0.91120 2.37100
v -0.05500 0.91220 2.37000
v -0.05500 0.91120 2.37100
v -0.05800 -0.87980 1.69800
v -0.05800 0.97020 1.69800
v -0.05800 -0.87980 1.70600
v -0.05800 0.97020 1.70600
v -0.05800 -0.87980 1.71300
v -0.05800 0.97020 1.71300
v -0.05800 -0.87980 1.72100
v -0.05800 0.97020 1.72100
v -0.05800 -0.87980 1.74200
v -0.05800 0.97020 1.74200
v -0.05800 -0.87980 1.75000
v -0.05800 0.97020 1.75000
v -0.05800 -0.87980 1.77100
v -0.05800 0.97020 1.77100
v -0.05800 -0.87980 1.77900
v -0.05800 0.97020 1.77900
v -0.05800 -0.87980 1.79400
v -0.05800 0.97020 1.79400
v -0.06000 -0.88080 1.69500
v -0.06000 -0.40480 1.69500
v -0.06000 0.49520 1.69500
v -0.06000 0.97120 1.69500
v -0.06000 -0.40480 1.69600
v -0.06000 0.49520 1.69600
v -0.06000 -0.86280 1.70200
v -0.06000 -0.80380 1.70200
v -0.06000 -0.64280 1.70200
v -0.06000 -0.48180 1.70200
v -0.06000 -0.42280 1.70200
v -0.06000 0.51420 1.70200
v -0.06000 0.57320 1.70200
v -0.06000 0.73320 1.70200
v -0.06000 0.89420 1.70200
v -0.06000 0.95320 1.70200
v -0.06000 -0.40480 1.70800
v -0.06000 0.49520 1.70800
v -0.06000 -0.40480 1.71100
v -0.06000 0.49520 1.71100
v -0.06000 -0.86280 1.71700
v -0.06000 -0.80380 1.71700
v -0.06000 -0.64280 1.71700
v -0.06000 -0.48180 1.71700
v -0.06000 -0.42280 1.71700
v -0.06000 0.51420 1.71700
v -0.06000 0.57320 1.71700
v -0.06000 0.73320 1.71700
v -0.06000 0.89420 1.71700
v -0.06000 0.95320 1.71700
v -0.06000 -0.40480 1.72300
v -0.06000 0.49520 1.72300
v -0.06000 -0.88080 1.72600
v -0.06000 -0.40480 1.72600
v -0.06000 0.49520 1.72600
v -0.06000 0.97120 1.72600
v -0.06000 -0.86280 1.73100
v -0.06000 -0.80380 1.73100
v -0.06000 -0.64280 1.73100
v -0.06000 -0.48180 1.73100
v -0.06000 -0.42280 1.73100
v -0.06000 0.51420 1.73100
v -0.06000 0.57320 1.73100
v -0.06000 0.73320 1.73100
v -0.06000 0.89420 1.73100
v -0.06000 0.95320 1.73100
v -0.06000 -0.88080 1.73700
v -0.06000 -0.40480 1.73700
v -0.06000 0.49520 1.73700
v -0.06000 0.97120 1.73700
v -0.06000 -0.40480 1.74000
v -0.06000 0.49520 1.74000
v -0.06000 -0.86280 1.74600
v -0.06000 -0.80380 1.74600
v -0.06000 -0.64280 1.74600
v -0.06000 -0.48180 1.74600
v -0.06000 -0.42280 1.74600
v -0.06000 0.51420 1.74600
v -0.06000 0.57320 1.74600
v -0.06000 0.73320 1.74600
v -0.06000 0.89420 1.74600
v -0.06000 0.95320 1.74600
v -0.06000 -0.40480 1.75200
v -0.06000 0.49520 1.75200
v -0.06000 -0.88080 1.75500
v -0.06000 -0.40480 1.75500
v -0.06000 0.49520 1.75500
v -0.06000 0.97120 1.75500
v -0.06000 -0.86280 1.76100
v -0.06000 -0.80380 1.76100
v -0.06000 -0.64280 1.76100
v -0.06000 -0.48180 1.76100
v -0.06000 -0.42280 1.76100
v -0.06000 0.51420 1.76100
v -0.06000 0.57320 1.76100
v -0.06000 0.73320 1.76100
v -0.06000 0.89420 1.76100
v -0.06000 0.95320 1.76100
v -0.06000 -0.88080 1.76600
v -0.06000 -0.40480 1.76600
v -0.06000 0.49520 1.76600
v -0.06000 0.97120 1.76600
v -0.06000 -0.40480 1.76900
v -0.06000 0.49520 1.76900
v -0.06000 -0.86280 1.77500
v -0.06000 -0.80380 1.77500
v -0.06000 -0.64280 1.77500
v -0.06000 -0.48180 1.77500
v -0.06000 -0.42280 1.77500
v -0.06000 0.51420 1.77500
v -0.06000 0.57320 1.77500
v -0.06000 0.73320 1.77500
v -0.06000 0.89420 1.77500
v -0.06000 0.95320 1.77500
v -0.06000 -0.40480 1.78100
v -0.06000 0.49520 1.78100
v -0.06000 -0.88080 1.78400
v -0.06000 -0.40480 1.78400
v -0.06000 0.49520 1.78400
v -0.06000 0.97120 1.78400
v -0.06000 -0.86280 1.79000
v -0.06000 -0.80380 1.79000
v -0.06000 -0.64280 1.79000
v -0.06000 -0.48180 1.79000
v -0.06000 -0.42280 1.79000
v -0.06000 0.51420 1.79000
v -0.06000 0.57320 1.79000
v -0.06000 0.73320 1.79000
v -0.06000 0.89420 1.79000
v -0.06000 0.95320 1.79000
v -0.06000 -0.40480 1.79600
v -0.06000 0.49520 1.79600
v -0.06000 -0.88080 1.79700
v -0.06000 -0.40480 1.79700
v -0.06000 0.49520 1.79700
v -0.06000 0.97120 1.79700
v -0.06100 -0.88080 3.97800
v -0.06100 0.81420 3.97800
v -0.06300 1.10020 3.81600
v -0.06500 1.12020 3.72600
v -0.06500 1.13120 3.72600
v -0.06500 1.08920 3.81000
v -0.06500 1.10020 3.81000
v -0.06600 1.19120 3.09600
v -0.06700 0.95720 3.85900
v -0.06700 0.95920 3.86500
v -0.06700 -0.88880 3.95400
v -0.06700 0.82520 3.95400
v -0.06800 1.17620 3.09400
v -0.06800 0.82120 3.95000
v -0.06900 1.17820 3.15300
v -0.06900 1.18820 3.15400
v -0.06900 1.14420 3.71100
v -0.06900 1.12120 3.72100
v -0.06900 1.13320 3.72100
v -0.07000 -0.87180 1.69500
v -0.07000 -0.81080 1.69500
v -0.07000 -0.64280 1.69500
v -0.07000 -0.47580 1.69500
v -0.07000 -0.41380 1.69500
v -0.07000 0.50420 1.69500
v -0.07000 0.56620 1.69500
v -0.07000 0.73320 1.69500
v -0.07000 0.90120 1.69500
v -0.07000 0.96320 1.69500
v -0.07000 -0.87180 1.69600
v -0.07000 -0.81080 1.69600
v -0.07000 -0.64280 1.69600
v -0.07000 -0.47580 1.69600
v -0.07000 -0.41380 1.69600
v -0.07000 0.50420 1.69600
v -0.07000 0.56620 1.69600
v -0.07000 0.73320 1.69600
v -0.07000 0.90120 1.69600
v -0.07000 0.96320 1.69600
v -0.07000 -0.87180 1.70800
v -0.07000 -0.81080 1.70800
v -0.07000 -0.64280 1.70800
v -0.07000 -0.47580 1.70800
v -0.07000 -0.41380 1.70800
v -0.07000 0.50420 1.70800
v -0.07000 0.56620 1.70800
v -0.07000 0.73320 1.70800
v -0.07000 0.90120 1.70800
v -0.07000 0.96320 1.70800
v -0.07000 -0.87180 1.71100
v -0.07000 -0.81080 1.71100
v -0.07000 -0.64280 1.71100
v -0.07000 -0.47580 1.71100
v -0.07000 -0.41380 1.71100
v -0.07000 0.50420 1.71100
v -0.07000 0.56620 1.71100
v -0.07000 0.73320 1.71100
v -0.07000 0.90120 1.71100
v -0.07000 0.96320 1.71100
v -0.07000 -0.87180 1.72300
v -0.07000 -0.81080 1.72300
v -0.07000 -0.64280 1.72300
v -0.07000 -0.47580 1.72300
v -0.07000 -0.41380 1.72300
v -0.07000 0.50420 1.72300
v -0.07000 0.56620 1.72300
v -0.07000 0.73320 1.72300
v -0.07000 0.90120 1.72300
v -0.07000 0.96320 1.72300
v -0.07000 -0.87180 1.72600
v -0.07000 -0.81080 1.72600
v -0.07000 -0.64280 1.72600
v -0.07000 -0.47580 1.72600
v -0.07000 -0.41380 1.72600
v -0.07000 0.50420 1.72600
v -0.07000 0.56620 1.72600
v -0.07000 0.73320 1.72600
v -0.07000 0.90120 1.72600
v -0.07000 0.96320 1.72600
v -0.07000 -0.87180 1.73700
v -0.07000 -0.81080 1.73700
v -0.07000 -0.64280 1.73700
v -0.07000 -0.47580 1.73700
v -0.07000 -0.41380 1.73700
v -0.07000 0.50420 1.73700
v -0.07000 0.56620 1.73700
v -0.07000 0.73320 1.73700
v -0.07000 0.90120 1.73700
v -0.07000 0.96320 1.73700
v -0.07000 -0.87180 1.74000
v -0.07000 -0.81080 1.74000
v -0.07000 -0.64280 1.74000
v -0.07000 -0.47580 1.74000
v -0.07000 -0.41380 1.74000
v -0.07000 0.50420 1.74000
v -0.07000 0.56620 1.74000
v -0.07000 0.73320 1.74000
v -0.07000 0.90120 1.74000
v -0.07000 0.96320 1.74000
v -0.07000 -0.87180 1.75200
v -0.07000 -0.81080 1.75200
v -0.07000 -0.64280 1.75200
v -0.07000 -0.47580 1.75200
v -0.07000 -0.41380 1.75200
v -0.07000 0.50420 1.75200
v -0.07000 0.56620 1.75200
v -0.07000 0.73320 1.75200
v -0.07000 0.90120 1.75200
v -0.07000 0.96320 1.75200
v -0.07000 -0.87180 1.75500
v -0.07000 -0.81080 1.75500
v -0.07000 -0.64280 1.75500
v -0.07000 -0.47580 1.75500
v -0.07000 -0.41380 1.75500
v -0.07000 0.50420 1.75500
v -0.07000 0.56620 1.75500
v -0.07000 0.73320 1.75500
v -0.07000 0.90120 1.75500
v -0.07000 0.96320 1.75500
v -0.07000 -0.87180 1.76600
v -0.07000 -0.81080 1.76600
v -0.07000 -0.64280 1.76600
v -0.07000 -0.47580 1.76600
v -0.07000 -0.41380 1.76600
v -0.07000 0.50420 1.76600
v -0.07000 0.56620 1.76600
v -0.07000 0.73320 1.76600
v -0.07000 0.90120 1.76600
v -0.07000 0.96320 1.76600
v -0.07000 -0.87180 1.76900
v -0.07000 -0.81080 1.76900
v -0.07000 -0.64280 1.76900
v -0.07000 -0.47580 1.76900
v -0.07000 -0.41380 1.76900
v -0.07000 0.50420 1.76900
v -0.07000 0.56620 1.76900
v -0.07000 0.73320 1.76900
v -0.07000 0.90120 1.76900
v -0.07000 0.96320 1.76900
v -0.07000 -0.87180 1.78100
v -0.07000 -0.81080 1.78100
v -0.07000 -0.64280 1.78100
v -0.07000 -0.47580 1.78100
v -0.07000 -0.41380 1.78100
v -0.07000 0.50420 1.78100
v -0.07000 0.56620 1.78100
v -0.07000 0.73320 1.78100
v -0.07000 0.90120 1.78100
v -0.07000 0.96320 1.78100
v -0.07000 -0.87180 1.78400
v -0.07000 -0.81080 1.78400
v -0.07000 -0.64280 1.78400
v -0.07000 -0.47580 1.78400
v -0.07000 -0.41380 1.78400
v -0.07000 0.50420 1.78400
v -0.07000 0.56620 1.78400
v -0.07000 0.73320 1.78400
v -0.07000 0.90120 1.78400
v -0.07000 0.96320 1.78400
v -0.07000 -0.87180 1.79600
v -0.07000 -0.81080 1.79600
v -0.07000 -0.64280 1.79600
v -0.07000 -0.47580 1.79600
v -0.07000 -0.41380 1.79600
v -0.07000 0.50420 1.79600
v -0.07000 0.56620 1.79600
v -0.07000 0.73320 1.79600
v -0.07000 0.90120 1.79600
v -0.07000 0.96320 1.79600
v -0.07000 -0.87180 1.79700
v -0.07000 -0.81080 1.79700
v -0.07000 -0.64280 1.79700
v -0.07000 -0.47580 1.79700
v -0.07000 -0.41380 1.79700
v -0.07000 0.50420 1.79700
v -0.07000 0.56620 1.79700
v -0.07000 0.73320 1.79700
v -0.07000 0.90120 1.79700
v -0.07000 0.96320 1.79700
v -0.07000 0.90420 2.44200
v -0.07000 1.08820 3.81100
v -0.07000 1.10020 3.81100
v -0.07100 0.90320 2.44200
v -0.07200 0.90420 2.44100
v -0.07200 0.90320 2.44200
v -0.07300 1.09520 3.81300
v -0.07300 1.09620 3.81400
v -0.07300 1.09820 3.81400
v -0.07300 1.09920 3.81400
v -0.07400 1.09620 3.80900
v -0.07400 1.09720 3.80900
v -0.07400 1.09820 3.80900
v -0.07400 1.09920 3.80900
v -0.07400 1.10020 3.80900
v -0.07400 1.09520 3.81000
v -0.07400 1.10020 3.81000
v -0.07400 1.00620 3.81100
v -0.07400 1.09520 3.81100
v -0.07400 1.10120 3.81100
v -0.07400 1.09520 3.81200
v -0.07400 1.10120 3.81200
v -0.07400 1.10020 3.81300
v -0.07400 1.10020 3.81400
v -0.07500 0.97920 3.86200
v -0.07500 0.99720 3.86700
v -0.07500 0.99720 3.86800
v -0.07600 -1.26780 3.07900
v -0.07600 -1.25380 3.15400
v -0.07600 -1.26380 3.15500
v -0.07600 -1.07180 3.86800
v -0.07700 1.13920 3.70900
v -0.07700 1.14120 3.70900
v -0.07700 1.14220 3.70900
v -0.07700 1.14320 3.71000
v -0.07800 -1.25280 3.07800
v -0.07800 1.13820 3.70900
v -0.07800 1.14320 3.71100
v -0.07900 1.13820 3.71000
v -0.07900 1.04820 3.71100
v -0.07900 1.14320 3.71200
v -0.08000 1.13820 3.71100
v -0.08000 1.14220 3.71300
v -0.08000 1.14320 3.71300
v -0.08100 1.13820 3.71200
v -0.08100 1.14020 3.71300
v -0.08100 1.14120 3.71300
v -0.08200 0.98920 1.66000
v -0.08200 -0.89480 1.70100
v -0.08200 -0.39080 1.70100
v -0.08200 0.48120 1.70100
v -0.08200 0.98920 1.75300
v -0.08200 -0.89480 1.78500
v -0.08200 -0.39080 1.78500
v -0.08200 0.48120 1.78500
v -0.08400 1.12720 3.70600
v -0.08400 1.13920 3.70600
v -0.08400 1.08720 3.81300
v -0.08400 1.09920 3.81300
v -0.08500 1.17520 3.65500
v -0.08600 -0.89080 1.70100
v -0.08600 -0.39580 1.70100
v -0.08600 0.48620 1.70100
v -0.08600 0.98120 1.70100
v -0.08600 -0.89080 1.78500
v -0.08600 -0.39580 1.78500
v -0.08600 0.48620 1.78500
v -0.08600 0.98120 1.78500
v -0.08800 1.12920 3.70100
v -0.08800 1.14120 3.70100
v -0.08800 1.08720 3.81400
v -0.08800 1.09920 3.81400
v -0.09100 0.92720 2.55700
v -0.09100 0.92820 2.55700
v -0.09200 -1.30180 2.44100
v -0.09200 0.92820 2.55600
v -0.09300 0.92720 2.55600
v -0.09600 1.25220 2.42500
v -0.09800 -1.32880 2.42500
v -0.10000 -1.16080 1.32400
v -0.10000 1.17120 1.32400
v -0.10000 -1.35580 1.59200
v -0.10000 -1.34480 1.59200
v -0.10000 1.26920 1.59200
v -0.10000 1.28020 1.59200
v -0.10000 -1.35680 1.59400
v -0.10000 -1.04980 3.86700
v -0.10200 -1.29680 2.44400
v -0.10200 1.13520 3.68500
v -0.10200 1.14720 3.68500
v -0.10300 1.08620 3.81700
v -0.10300 1.09720 3.81700
v -0.10400 0.89320 2.57000
v -0.10400 0.89220 2.57100
v -0.10500 1.20820 2.43400
v -0.10500 0.89120 2.57100
v -0.10600 0.89220 2.57000
v -0.10600 1.13720 3.68100
v -0.10600 1.14820 3.68100
v -0.10700 1.25420 2.18800
v -0.10700 1.26420 2.19100
v -0.10700 -1.28380 2.44600
v -0.10700 1.08620 3.81800
v -0.10700 1.09720 3.81800
v -0.10900 -1.30880 1.70600
v -0.10900 1.23320 1.70600
v -0.10900 -1.35380 1.72200
v -0.10900 1.27820 1.72200
v -0.10900 -1.34080 2.18200
v -0.10900 1.26520 2.18200
v -0.10900 -1.32980 2.18400
v -0.10900 1.25420 2.18400
v -0.11000 -1.32980 2.18800
v -0.11000 -1.33980 2.19100
v -0.11000 -1.34180 2.19500
v -0.11100 1.16220 3.66600
v -0.11600 1.15620 3.66600
v -0.11600 1.15820 3.66600
v -0.11600 1.15920 3.66600
v -0.11600 1.15920 3.66700
v -0.11700 1.15520 3.66600
v -0.11700 1.15620 3.66600
v -0.11700 1.16020 3.66700
v -0.11800 1.15520 3.66600
v -0.11800 1.15420 3.66700
v -0.11800 1.06520 3.66800
v -0.11800 1.16020 3.66800
v -0.11900 1.19220 3.09800
v -0.11900 1.15420 3.66800
v -0.11900 1.16020 3.66900
v -0.11900 1.15920 3.67000
v -0.12000 1.17620 3.09700
v -0.12000 1.15520 3.66900
v -0.12000 1.15620 3.66900
v -0.12000 1.15620 3.67000
v -0.12000 1.15720 3.67000
v -0.12000 1.15920 3.67000
v -0.12100 1.14320 3.66500
v -0.12100 1.15420 3.66500
v -0.12200 1.08520 3.82100
v -0.12200 1.09620 3.82100
v -0.12300 1.12920 2.51500
v -0.12300 1.12920 2.54500
v -0.12500 1.14420 3.66000
v -0.12500 1.15620 3.66000
v -0.12600 1.08420 3.82200
v -0.12600 1.09620 3.82200
v -0.12700 0.91520 2.67200
v -0.12700 0.91420 2.67300
v -0.12700 -0.87980 4.00000
v -0.12700 0.81320 4.00000
v -0.12800 0.91420 2.67200
v -0.12800 0.91520 2.67200
v -0.12800 1.17820 3.15600
v -0.12800 1.18820 3.15700
v -0.12900 0.91420 2.67200
v -0.13100 1.09520 3.85200
v -0.13200 1.10620 3.55500
v -0.13200 1.10320 3.56000
v -0.13300 -0.88880 3.97600
v -0.13300 0.82520 3.97600
v -0.13400 0.82120 3.97200
v -0.13600 -1.31980 1.29200
v -0.13600 1.24420 1.29200
v -0.13600 -1.32780 1.29300
v -0.13600 1.25220 1.29300
v -0.13700 0.88220 2.69200
v -0.13800 0.88220 2.69100
v -0.14000 1.15020 3.64600
v -0.14000 1.16120 3.64600
v -0.14000 1.08320 3.82500
v -0.14000 1.09520 3.82500
v -0.14300 -1.34880 1.58900
v -0.14300 1.27220 1.58900
v -0.14300 0.90920 2.72000
v -0.14300 0.90920 2.72200
v -0.14400 -1.35680 1.58700
v -0.14400 1.28020 1.58700
v -0.14400 0.90820 2.72000
v -0.14400 0.90920 2.72000
v -0.14400 1.15120 3.64200
v -0.14400 1.16220 3.64200
v -0.14400 1.08320 3.82500
v -0.14400 1.09420 3.82500
v -0.15100 -1.16080 1.32600
v -0.15100 1.17120 1.32600
v -0.15800 1.15520 3.63200
v -0.15800 1.16620 3.63200
v -0.15900 1.08220 3.82800
v -0.15900 1.09320 3.82800
v -0.16100 1.09320 3.83500
v -0.16200 1.15620 3.62900
v -0.16200 1.16720 3.62900
v -0.16200 0.98820 3.87200
v -0.16200 1.00620 3.87700
v -0.16200 1.00620 3.87800
v -0.16300 1.08220 3.82900
v -0.16300 1.09320 3.82900
v -0.16300 -1.07780 3.87800
v -0.16900 1.08920 3.82800
v -0.16900 1.09020 3.82800
v -0.16900 1.08920 3.82900
v -0.16900 0.99920 3.83000
v -0.16900 1.08820 3.83000
v -0.16900 1.09420 3.83000
v -0.16900 1.08820 3.83100
v -0.16900 1.08920 3.83200
v -0.16900 1.09420 3.83200
v -0.16900 1.08920 3.83300
v -0.16900 1.09120 3.83300
v -0.16900 1.09220 3.83300
v -0.16900 1.09320 3.83300
v -0.17000 1.09120 3.82700
v -0.17000 1.09020 3.82800
v -0.17000 1.09220 3.82800
v -0.17000 1.09320 3.82800
v -0.17000 1.09420 3.82900
v -0.17100 -1.32880 1.34100
v -0.17100 -1.32680 1.34100
v -0.17100 1.25020 1.34100
v -0.17100 1.25220 1.34100
v -0.17300 -1.34480 1.59300
v -0.17300 1.26920 1.59300
v -0.17300 -1.35580 1.59400
v -0.17300 1.28020 1.59400
v -0.17400 -1.32680 1.34300
v -0.17400 1.25020 1.34300
v -0.17400 1.25220 1.34300
v -0.17400 -1.32980 1.34400
v -0.17400 1.25420 1.34400
v -0.17400 -1.33080 1.34500
v -0.17400 -1.35780 1.59600
v -0.17400 1.28120 1.59600
v -0.17700 1.15820 3.62200
v -0.17700 1.17020 3.62200
v -0.17800 1.08120 3.83200
v -0.17800 1.09220 3.83200
v -0.18100 1.15920 3.62000
v -0.18100 1.17120 3.62000
v -0.18200 1.08020 3.83300
v -0.18200 1.09220 3.83300
v -0.18500 1.19420 3.59400
v -0.18700 -1.32180 1.29200
v -0.18700 1.24620 1.29200
v -0.18700 -1.05680 3.87700
v -0.18800 -1.32980 1.29300
v -0.18800 1.25420 1.29300
v -0.19000 1.25520 1.29500
v -0.19100 -1.26880 3.10200
v -0.19200 -1.25180 3.10100
v -0.19300 -1.31080 1.72800
v -0.19300 1.23520 1.72800
v -0.19300 -1.35380 1.74300
v -0.19300 1.27820 1.74300
v -0.19300 -1.34080 2.18200
v -0.19300 1.26520 2.18200
v -0.19300 -1.33080 2.18400
v -0.19300 1.25420 2.18400
v -0.19400 -1.35880 1.53800
v -0.19600 -1.35780 1.55600
v -0.19600 1.28220 1.55600
v -0.19600 -1.35380 1.55700
v -0.19600 1.27820 1.55700
v -0.19600 1.16120 3.61600
v -0.19600 1.17220 3.61600
v -0.19600 1.07920 3.83600
v -0.19600 1.09120 3.83600
v -0.19700 -1.35780 1.55500
v -0.19700 -1.35580 1.55900
v -0.19700 -1.35380 1.55900
v -0.19700 1.27820 1.55900
v -0.19700 -1.35780 1.56100
v -0.19700 1.28220 1.56100
v -0.19700 -1.35680 1.58800
v -0.19700 1.28120 1.58800
v -0.19700 -1.34880 1.59000
v -0.19700 1.27320 1.59000
v -0.19900 1.25220 2.45100
v -0.19900 1.16120 3.61500
v -0.19900 1.17220 3.61500
v -0.20100 1.07920 3.83700
v -0.20100 1.09020 3.83700
v -0.20200 -0.87980 4.02500
v -0.20200 0.81320 4.02500
v -0.20500 0.90920 1.79400
v -0.20500 1.20820 2.46400
v -0.20600 0.90920 1.79500
v -0.20600 0.87620 1.79700
v -0.20600 0.87620 1.79800
v -0.20600 1.21120 2.46000
v -0.20700 0.87720 1.79800
v -0.20800 1.17320 3.61100
v -0.20800 1.17420 3.61100
v -0.20800 1.17520 3.61100
v -0.20800 1.17220 3.61200
v -0.20800 1.17620 3.61200
v -0.20800 1.17620 3.61300
v -0.20800 1.17720 3.61300
v -0.20800 -0.88880 4.00100
v -0.20800 0.82520 4.00100
v -0.20900 1.17220 3.61200
v -0.20900 1.17120 3.61300
v -0.20900 1.08220 3.61400
v -0.20900 1.17120 3.61400
v -0.20900 1.17120 3.61500
v -0.20900 1.17720 3.61500
v -0.20900 1.17120 3.61600
v -0.20900 1.17220 3.61600
v -0.20900 1.17620 3.61600
v -0.20900 1.17720 3.61600
v -0.20900 1.17320 3.61700
v -0.20900 1.17520 3.61700
v -0.20900 1.17620 3.61700
v -0.20900 0.82120 3.99700
v -0.21000 -1.16080 1.32600
v -0.21000 1.17120 1.32600
v -0.21000 -1.25480 3.16000
v -0.21000 -1.26580 3.16100
v -0.21400 0.91020 1.92200
v -0.21500 0.91120 1.92200
v -0.21500 0.91120 1.92300
v -0.21500 0.87620 1.92500
v -0.21500 1.16120 3.61400
v -0.21500 1.17320 3.61400
v -0.21500 1.07820 3.84000
v -0.21500 1.08920 3.84000
v -0.21600 0.87620 1.92500
v -0.21600 0.87720 1.92600
v -0.21700 0.87820 1.92600
v -0.21900 1.25420 2.18800
v -0.21900 1.26420 2.19200
v -0.21900 1.16120 3.61300
v -0.21900 1.17320 3.61300
v -0.21900 1.07820 3.84000
v -0.21900 1.08920 3.84000
v -0.22000 1.19320 3.10300
v -0.22100 1.17520 3.10200
v -0.23300 1.16220 3.61300
v -0.23300 1.17320 3.61300
v -0.23400 1.07720 3.84300
v -0.23400 1.08820 3.84300
v -0.23600 0.91120 2.28300
v -0.23600 0.91020 2.28400
v -0.23600 0.91220 2.28400
v -0.23700 -1.33180 1.34200
v -0.23700 -1.32980 1.34200
v -0.23700 1.25420 1.34200
v -0.23700 1.25620 1.34200
v -0.23700 -1.32980 1.34400
v -0.23700 1.25420 1.34400
v -0.23700 1.25620 1.34400
v -0.23700 -1.33380 1.34500
v -0.23700 -1.33380 1.34600
v -0.23700 1.25820 1.34600
v -0.23700 0.91220 2.28500
v -0.23700 0.87820 2.28700
v -0.23700 1.16220 3.61300
v -0.23700 1.17320 3.61300
v -0.23800 0.87820 2.28700
v -0.23800 0.87920 2.28800
v -0.23800 1.07620 3.84400
v -0.23800 1.08820 3.84400
v -0.23900 0.88020 2.28800
v -0.24100 1.17920 3.16200
v -0.24200 -1.32480 1.28800
v -0.24200 1.24920 1.28800
v -0.24200 1.19020 3.16300
v -0.24300 -1.33280 1.28900
v -0.24300 1.25620 1.28900
v -0.24500 1.10620 3.55400
v -0.24500 1.10320 3.56000
v -0.24600 1.25820 1.29100
v -0.25000 1.01320 3.88900
v -0.25100 0.99620 3.88300
v -0.25100 1.01320 3.88700
v -0.25200 1.16220 3.61300
v -0.25200 1.17320 3.61300
v -0.25200 -1.08280 3.88800
v -0.25300 1.07520 3.84700
v -0.25300 1.08720 3.84700
v -0.25600 0.91020 2.64300
v -0.25600 1.16220 3.61300
v -0.25600 1.17320 3.61300
v -0.25700 0.91120 2.64300
v -0.25700 0.91220 2.64300
v -0.25700 1.07520 3.84800
v -0.25700 1.08620 3.84800
v -0.25800 0.91220 2.64400
v -0.25800 0.91120 2.64500
v -0.25800 0.88020 2.64600
v -0.25900 0.88020 2.64700
v -0.26000 0.88120 2.64700
v -0.26300 0.91020 2.76400
v -0.26400 0.91120 2.76300
v -0.26400 0.91220 2.76400
v -0.26500 -1.35880 1.54200
v -0.26500 0.91120 2.76500
v -0.26500 0.88120 2.76700
v -0.26600 0.88120 2.76700
v -0.26600 0.88220 2.76800
v -0.26700 -0.87980 4.04700
v -0.26700 0.81320 4.04700
v -0.26900 -1.35480 1.55800
v -0.26900 1.27820 1.55800
v -0.27000 -1.35880 1.55700
v -0.27000 -1.35780 1.55800
v -0.27000 1.28220 1.55800
v -0.27000 -1.35680 1.56100
v -0.27000 -1.35480 1.56100
v -0.27000 1.27820 1.56100
v -0.27000 -1.35780 1.56200
v -0.27000 1.28220 1.56200
v -0.27100 -1.34580 1.59500
v -0.27100 1.26920 1.59500
v -0.27100 1.28020 1.59600
v -0.27100 -1.35780 1.59800
v -0.27100 1.28220 1.59800
v -0.27100 1.16220 3.61200
v -0.27100 1.17320 3.61200
v -0.27100 1.07420 3.85100
v -0.27100 1.08520 3.85100
v -0.27200 -1.16080 1.32300
v -0.27200 1.17120 1.32300
v -0.27300 -0.88880 4.02200
v -0.27300 0.82520 4.02200
v -0.27400 0.82120 4.01800
v -0.27500 1.16220 3.61200
v -0.27500 1.17320 3.61200
v -0.27500 1.07420 3.85200
v -0.27500 1.08520 3.85200
v -0.27500 0.96820 3.90300
v -0.27600 -1.35680 1.58900
v -0.27600 1.28120 1.58900
v -0.27600 -1.34880 1.59100
v -0.27600 1.27320 1.59100
v -0.27600 -1.06280 3.88700
v -0.27600 0.96620 3.89700
v -0.28300 1.19420 3.59200
v -0.29000 1.16220 3.61200
v -0.29000 1.17320 3.61200
v -0.29000 1.07320 3.85500
v -0.29000 1.08420 3.85500
v -0.29400 1.16220 3.61200
v -0.29400 1.17320 3.61200
v -0.29400 1.07220 3.85500
v -0.29400 1.08420 3.85500
v -0.29700 -1.32880 1.27800
v -0.29700 1.25320 1.27800
v -0.29700 1.08620 3.88000
v -0.29800 -1.33680 1.27900
v -0.29900 -1.32680 2.47600
v -0.29900 1.17320 3.60900
v -0.29900 1.17520 3.60900
v -0.29900 1.17620 3.60900
v -0.29900 1.17220 3.61000
v -0.29900 1.17320 3.61000
v -0.29900 1.17620 3.61000
v -0.29900 1.17720 3.61000
v -0.29900 1.17220 3.61100
v -0.29900 1.17720 3.61100
v -0.29900 1.08220 3.61200
v -0.29900 1.17120 3.61200
v -0.29900 1.17220 3.61300
v -0.29900 1.17720 3.61300
v -0.29900 1.17220 3.61400
v -0.29900 1.17720 3.61400
v -0.29900 1.17320 3.61500
v -0.29900 1.17420 3.61500
v -0.29900 1.17520 3.61500
v -0.29900 1.17620 3.61500
v -0.30000 1.26220 1.28100
v -0.30000 -1.34180 2.18300
v -0.30000 1.26520 2.18300
v -0.30000 -1.33080 2.18400
v -0.30000 1.25520 2.18400
v -0.30200 0.99920 3.89000
v -0.30200 1.01620 3.89400
v -0.30300 -1.33580 1.33700
v -0.30300 -1.33380 1.33700
v -0.30300 1.25820 1.33700
v -0.30300 1.26020 1.33700
v -0.30300 -1.33780 1.34000
v -0.30300 -1.33380 1.34000
v -0.30300 1.25820 1.34000
v -0.30300 1.26120 1.34000
v -0.30300 1.24120 1.75100
v -0.30300 -1.31480 1.75600
v -0.30300 1.23820 1.75600
v -0.30300 -1.35380 1.77000
v -0.30300 1.27720 1.77000
v -0.30300 -1.08480 3.89500
v -0.30400 1.26220 1.34200
v -0.30800 1.16320 3.61200
v -0.30800 1.17320 3.61400
v -0.31000 -1.28980 2.48600
v -0.31000 1.07120 3.85500
v -0.31000 1.08220 3.85700
v -0.31200 1.16320 3.61200
v -0.31200 1.17320 3.61400
v -0.31200 1.08420 3.86000
v -0.31400 1.07120 3.85500
v -0.31400 1.08220 3.85700
v -0.31500 1.08220 3.85700
v -0.31600 -1.25080 3.10700
v -0.31600 -1.26980 3.10800
v -0.31600 1.08220 3.85200
v -0.31600 1.08320 3.85200
v -0.31600 1.08420 3.85200
v -0.31600 1.08520 3.85200
v -0.31600 1.08020 3.85300
v -0.31600 1.08120 3.85300
v -0.31600 1.08620 3.85300
v -0.31600 1.08020 3.85400
v -0.31600 1.08620 3.85400
v -0.31600 0.99120 3.85500
v -0.31600 1.08020 3.85500
v -0.31600 1.08620 3.85500
v -0.31600 1.08020 3.85600
v -0.31600 1.08620 3.85600
v -0.31600 1.08120 3.85700
v -0.31600 1.08220 3.85700
v -0.31600 1.08420 3.85700
v -0.31600 1.08520 3.85700
v -0.31600 1.08320 3.85800
v -0.32300 1.17520 3.10700
v -0.32300 1.19420 3.10900
v -0.32600 -0.87980 4.06600
v -0.32600 0.81320 4.06600
v -0.32700 1.16320 3.61100
v -0.32700 1.17420 3.61300
v -0.32700 -1.06380 3.89400
v -0.32900 1.07020 3.85700
v -0.32900 1.08120 3.85900
v -0.33100 1.16320 3.61100
v -0.33100 1.17420 3.61300
v -0.33200 -0.88880 4.04200
v -0.33200 0.82520 4.04200
v -0.33300 1.07020 3.85700
v -0.33300 1.08120 3.85900
v -0.33300 0.82120 4.03700
v -0.33500 -1.16080 1.31500
v -0.33500 1.17120 1.31500
v -0.34500 1.16320 3.61100
v -0.34500 1.17420 3.61300
v -0.34700 -1.32980 2.18800
v -0.34700 -1.33980 2.19200
v -0.34700 1.07020 3.85900
v -0.34700 1.08120 3.86100
v -0.34900 -1.25680 3.16800
v -0.35000 -1.26680 3.16900
v -0.35000 1.16320 3.61100
v -0.35000 1.17420 3.61300
v -0.35100 1.07020 3.85900
v -0.35100 1.08020 3.86100
v -0.35700 1.18020 3.16800
v -0.35800 1.19120 3.16900
v -0.36400 1.16320 3.61100
v -0.36400 1.17420 3.61300
v -0.36600 1.06920 3.86100
v -0.36600 1.08020 3.86300
v -0.36800 1.16320 3.61100
v -0.36800 1.17420 3.61300
v -0.37000 1.06920 3.86100
v -0.37000 1.08020 3.86300
v -0.37200 1.21220 2.50600
v -0.37500 -1.35880 1.55900
v -0.37500 -1.35780 1.56000
v -0.37500 -1.35480 1.56000
v -0.37500 1.27820 1.56000
v -0.37500 1.28220 1.56000
v -0.37500 -1.35680 1.56300
v -0.37500 -1.35480 1.56300
v -0.37500 1.27820 1.56300
v -0.37500 1.25220 2.49600
v -0.37600 -1.33380 1.25200
v -0.37600 1.25820 1.25200
v -0.37600 1.26320 1.25200
v -0.37600 -1.34180 1.25300
v -0.37600 1.26620 1.25300
v -0.37600 -1.35780 1.56400
v -0.37600 1.28220 1.56400
v -0.37600 1.21520 2.50200
v -0.38100 -0.87980 4.08400
v -0.38200 -1.35680 1.59100
v -0.38200 1.28120 1.59100
v -0.38200 -1.25080 3.11000
v -0.38200 1.17520 3.11000
v -0.38200 1.19420 3.11100
v -0.38200 -1.27080 3.11200
v -0.38200 0.81320 4.08400
v -0.38300 -1.34880 1.59300
v -0.38300 1.27320 1.59300
v -0.38300 1.16320 3.61100
v -0.38300 1.17420 3.61200
v -0.38400 -1.35680 1.59700
v -0.38400 -1.34580 1.59700
v -0.38400 1.26920 1.59700
v -0.38400 1.28020 1.59700
v -0.38500 1.28220 1.60000
v -0.38500 1.06820 3.86300
v -0.38500 1.07920 3.86500
v -0.38700 1.16320 3.61000
v -0.38700 1.17420 3.61200
v -0.38800 -0.88880 4.05900
v -0.38800 0.82520 4.05900
v -0.38900 1.06820 3.86300
v -0.38900 1.07920 3.86500
v -0.38900 1.00320 3.89800
v -0.38900 1.02020 3.90300
v -0.38900 0.82120 4.05500
v -0.39000 -1.08980 3.90400
v -0.39300 -1.08780 3.90200
v -0.40000 -1.16080 1.30100
v -0.40000 1.17120 1.30100
v -0.40200 1.16320 3.61000
v -0.40200 1.17420 3.61200
v -0.40300 1.06820 3.86500
v -0.40300 1.07920 3.86700
v -0.40600 1.16320 3.61000
v -0.40600 1.17420 3.61200
v -0.40700 1.06820 3.86500
v -0.40700 1.07920 3.86700
v -0.41100 -1.34180 2.18300
v -0.41100 1.26520 2.18300
v -0.41100 -1.33080 2.18400
v -0.41100 1.25420 2.18400
v -0.41300 -1.06880 3.90200
v -0.41600 1.25420 2.18800
v -0.41600 1.26420 2.19200
v -0.41700 -1.33680 1.22100
v -0.41700 1.26020 1.22100
v -0.41700 1.26520 1.22100
v -0.41800 -1.34480 1.22300
v -0.41800 1.26820 1.22300
v -0.41900 -1.25180 3.09800
v -0.41900 1.17620 3.09800
v -0.41900 -1.27180 3.09900
v -0.41900 1.19620 3.09900
v -0.42100 1.16320 3.61000
v -0.42100 1.17420 3.61200
v -0.42200 1.06720 3.86700
v -0.42200 1.07820 3.86900
v -0.42300 -1.35380 1.76200
v -0.42300 1.27720 1.76200
v -0.42300 1.24520 1.78200
v -0.42300 -1.31880 1.78700
v -0.42300 1.24320 1.78700
v -0.42300 -1.35280 1.79900
v -0.42300 1.27720 1.79900
v -0.42300 -1.25680 3.17100
v -0.42300 1.18120 3.17100
v -0.42400 -1.26780 3.17200
v -0.42400 1.19120 3.17200
v -0.42500 1.16320 3.61000
v -0.42500 1.17420 3.61200
v -0.42600 1.06720 3.86700
v -0.42600 1.07820 3.86900
v -0.43800 -0.87980 4.10000
v -0.43800 0.81320 4.10000
v -0.43900 1.16320 3.61000
v -0.43900 1.17420 3.61100
v -0.44100 1.06720 3.86900
v -0.44100 1.07720 3.87000
v -0.44300 1.16320 3.60900
v -0.44300 1.17420 3.61100
v -0.44400 -1.34680 1.29600
v -0.44400 -0.88880 4.07600
v -0.44400 0.82520 4.07600
v -0.44500 -1.34480 1.29800
v -0.44500 -1.34280 1.29800
v -0.44500 1.26720 1.29800
v -0.44500 1.26920 1.29800
v -0.44500 -1.34680 1.30100
v -0.44500 -1.34280 1.30100
v -0.44500 1.26720 1.30100
v -0.44500 1.27120 1.30100
v -0.44500 1.06720 3.86900
v -0.44500 1.07720 3.87100
v -0.44500 1.00620 3.90100
v -0.44500 1.02320 3.90600
v -0.44500 0.82020 4.07200
v -0.44600 -1.09380 3.90800
v -0.44900 -1.09180 3.90600
v -0.45100 -1.25380 3.05500
v -0.45400 -1.25680 3.05800
v -0.45400 1.18020 3.05800
v -0.45500 -1.27680 3.05900
v -0.45500 1.20120 3.05900
v -0.45800 1.16320 3.60900
v -0.45800 1.17420 3.61100
v -0.45900 1.06620 3.87100
v -0.45900 1.07720 3.87200
v -0.46200 1.16320 3.60900
v -0.46200 1.17420 3.61100
v -0.46400 1.06620 3.87100
v -0.46400 1.07720 3.87300
v -0.46900 -1.16080 1.28100
v -0.46900 1.17120 1.28100
v -0.47000 -1.07380 3.90600
v -0.47300 -1.25780 3.17400
v -0.47300 1.18220 3.17400
v -0.47400 -1.35780 1.56200
v -0.47400 -1.35480 1.56200
v -0.47400 1.27820 1.56200
v -0.47400 1.28220 1.56200
v -0.47400 -1.26780 3.17500
v -0.47400 1.19220 3.17500
v -0.47700 1.16320 3.60900
v -0.47700 1.17420 3.61100
v -0.47800 1.06520 3.87300
v -0.47800 1.07620 3.87400
v -0.48100 1.16320 3.60900
v -0.48100 1.17420 3.61100
v -0.48200 1.06520 3.87300
v -0.48200 1.07620 3.87500
v -0.48900 -1.34580 1.59800
v -0.48900 1.26920 1.59800
v -0.49000 -1.35580 1.59900
v -0.49000 1.28020 1.59900
v -0.49000 1.28220 1.60200
v -0.49400 -1.35680 1.56500
v -0.49400 -1.35480 1.56500
v -0.49400 1.27820 1.56500
v -0.49400 1.28020 1.56500
v -0.49400 -1.35780 1.56600
v -0.49400 1.28220 1.56600
v -0.49500 -1.34180 1.15800
v -0.49500 1.26620 1.15800
v -0.49500 -1.34980 1.16000
v -0.49500 1.27320 1.16000
v -0.49600 -1.26180 2.98400
v -0.49600 1.16320 3.60900
v -0.49600 1.17420 3.61000
v -0.49700 1.06520 3.87500
v -0.49700 1.07520 3.87600
v -0.49900 -0.87980 4.11600
v -0.50000 -1.35680 1.59200
v -0.50000 1.28120 1.59200
v -0.50000 -1.26380 2.98600
v -0.50000 1.18820 2.98600
v -0.50000 1.16320 3.60900
v -0.50000 1.17420 3.61000
v -0.50000 0.81320 4.11600
v -0.50100 -1.34880 1.59400
v -0.50100 1.27320 1.59400
v -0.50100 -1.28480 2.98600
v -0.50100 1.20920 2.98600
v -0.50100 1.06520 3.87500
v -0.50100 1.07520 3.87700
v -0.50600 -0.88880 4.09200
v -0.50600 0.82420 4.09200
v -0.50700 1.00820 3.90700
v -0.50700 1.02520 3.91200
v -0.50700 0.82020 4.08800
v -0.50800 1.07520 3.87400
v -0.50800 1.07320 3.87500
v -0.50800 1.07420 3.87500
v -0.50800 1.07520 3.87500
v -0.50800 1.07620 3.87500
v -0.50800 1.07720 3.87500
v -0.50800 1.07320 3.87600
v -0.50800 1.07820 3.87600
v -0.50800 0.98320 3.87700
v -0.50800 1.07220 3.87700
v -0.50800 1.07820 3.87700
v -0.50800 1.07220 3.87800
v -0.50800 1.07820 3.87800
v -0.50800 1.07320 3.87900
v -0.50800 1.07320 3.88000
v -0.50800 1.07420 3.88000
v -0.50800 1.07520 3.88000
v -0.50800 1.07720 3.88000
v -0.50800 1.07820 3.88000
v -0.50800 -1.09780 3.91300
v -0.51000 1.07720 3.88300
v -0.51100 -1.09580 3.91100
v -0.51200 -1.32180 2.53700
v -0.51300 -1.34080 2.18300
v -0.51300 1.26520 2.18300
v -0.51300 -1.33080 2.18400
v -0.51300 1.25420 2.18400
v -0.51300 1.07720 3.90600
v -0.51400 1.16420 3.60800
v -0.51400 1.17420 3.61000
v -0.51500 1.06420 3.87700
v -0.51500 1.07520 3.87800
v -0.51800 1.16420 3.60800
v -0.51800 1.17420 3.61000
v -0.52000 1.06420 3.87700
v -0.52000 1.07420 3.87900
v -0.52200 -1.26080 1.06600
v -0.52200 -0.00680 1.06600
v -0.52200 1.24720 1.06600
v -0.52400 -1.29480 2.54200
v -0.52500 0.96520 3.93300
v -0.52600 0.96320 3.92800
v -0.52700 -1.35780 1.56300
v -0.52700 -1.35480 1.56300
v -0.52700 1.27820 1.56300
v -0.52700 1.28220 1.56300
v -0.52700 -1.32680 2.53700
v -0.53100 -1.35280 1.79200
v -0.53100 1.27720 1.79200
v -0.53100 -1.07680 3.91100
v -0.53200 -1.32580 1.81100
v -0.53200 -1.32380 1.81400
v -0.53200 1.24720 1.81400
v -0.53200 -1.35180 1.82600
v -0.53200 1.27620 1.82600
v -0.53300 1.16420 3.60800
v -0.53300 1.17420 3.61000
v -0.53400 1.06320 3.87800
v -0.53400 1.07420 3.88000
v -0.53700 1.16420 3.60800
v -0.53700 1.17420 3.61000
v -0.53800 1.06320 3.87800
v -0.53800 1.07420 3.88100
v -0.53900 -1.25880 3.17600
v -0.53900 1.18220 3.17600
v -0.54000 -1.26880 3.17700
v -0.54000 1.19320 3.17700
v -0.54100 1.24720 2.54400
v -0.54100 1.21920 2.54600
v -0.54300 -1.16080 1.25200
v -0.54300 1.17120 1.25200
v -0.54600 1.25120 2.54200
v -0.54900 -1.35280 1.29700
v -0.54900 1.27620 1.29700
v -0.54900 -1.35080 1.29900
v -0.54900 -1.34880 1.29900
v -0.54900 1.27320 1.29900
v -0.54900 1.27520 1.29900
v -0.54900 -1.35280 1.30200
v -0.54900 -1.34880 1.30200
v -0.54900 1.27320 1.30200
v -0.54900 1.27620 1.30200
v -0.54900 1.17420 3.60500
v -0.54900 1.17520 3.60500
v -0.54900 1.17820 3.60500
v -0.54900 1.17320 3.60600
v -0.54900 1.17820 3.60600
v -0.54900 1.17320 3.60700
v -0.54900 1.17820 3.60700
v -0.54900 1.17920 3.60700
v -0.54900 1.08320 3.60800
v -0.54900 1.17320 3.60800
v -0.54900 1.17920 3.60800
v -0.54900 1.17320 3.60900
v -0.54900 1.17820 3.60900
v -0.54900 1.17420 3.61000
v -0.54900 1.17720 3.61000
v -0.54900 1.17820 3.61000
v -0.54900 1.17520 3.61100
v -0.54900 1.17620 3.61100
v -0.54900 1.17720 3.61100
v -0.55200 1.16420 3.60800
v -0.55200 1.17520 3.60900
v -0.55300 1.06320 3.88000
v -0.55300 1.07420 3.88200
v -0.55600 1.19620 3.58700
v -0.55600 1.16420 3.60800
v -0.55600 1.17520 3.60900
v -0.55700 1.06320 3.88000
v -0.55700 1.07320 3.88300
v -0.56100 1.10620 3.55400
v -0.56100 1.10320 3.55900
v -0.56300 -1.34480 1.59900
v -0.56300 1.26920 1.59900
v -0.56400 -1.35580 1.60000
v -0.56400 1.28020 1.60000
v -0.56600 -1.27480 2.87500
v -0.56600 1.19920 2.87500
v -0.56800 -1.34680 1.09800
v -0.56800 1.27020 1.09800
v -0.56800 -1.35380 1.10000
v -0.56800 1.27820 1.10000
v -0.56800 -1.29580 2.87500
v -0.56800 1.22020 2.87500
v -0.56900 -1.35780 1.56300
v -0.56900 1.28220 1.56300
v -0.56900 -1.35380 1.56400
v -0.56900 1.27820 1.56400
v -0.57000 -0.87980 4.13200
v -0.57000 0.81320 4.13200
v -0.57100 1.16420 3.60700
v -0.57100 1.17520 3.60900
v -0.57200 1.06220 3.88200
v -0.57200 1.07320 3.88400
v -0.57500 1.16420 3.60700
v -0.57500 1.17520 3.60900
v -0.57600 1.06220 3.88200
v -0.57600 1.07320 3.88400
v -0.57600 -0.88880 4.10800
v -0.57600 0.82420 4.10800
v -0.57700 1.00820 3.91400
v -0.57700 1.02520 3.91900
v -0.57700 0.82020 4.10400
v -0.57800 -1.09980 3.92000
v -0.58100 -1.09780 3.91800
v -0.58900 1.16420 3.60700
v -0.58900 1.17520 3.60900
v -0.59000 1.06120 3.88400
v -0.59000 1.07220 3.88600
v -0.59100 -1.34080 2.18300
v -0.59100 1.26520 2.18300
v -0.59100 -1.32980 2.18400
v -0.59100 1.25420 2.18400
v -0.59100 -1.32980 2.18800
v -0.59400 1.16420 3.60700
v -0.59400 1.17520 3.60900
v -0.59400 1.06120 3.88400
v -0.59400 1.07220 3.88600
v -0.60200 -1.07980 3.91800
v -0.60600 -1.35580 1.56700
v -0.60600 -1.35380 1.56700
v -0.60600 1.27820 1.56700
v -0.60600 1.28020 1.56700
v -0.60600 -1.35780 1.56800
v -0.60600 1.28120 1.56800
v -0.60800 -1.32780 1.83000
v -0.60800 -1.32680 1.83300
v -0.60800 1.25020 1.83300
v -0.60800 -1.35180 1.84400
v -0.60800 1.27520 1.84400
v -0.60800 1.16420 3.60700
v -0.60800 1.17520 3.60800
v -0.60900 1.25420 2.18800
v -0.60900 1.26420 2.19200
v -0.60900 1.06120 3.88600
v -0.60900 1.07220 3.88800
v -0.61100 -1.35580 1.59400
v -0.61100 1.28020 1.59400
v -0.61200 -1.34880 1.59600
v -0.61200 1.27220 1.59600
v -0.61200 1.16420 3.60700
v -0.61200 1.17520 3.60800
v -0.61300 1.06120 3.88600
v -0.61300 1.07120 3.88800
v -0.61700 -1.34880 1.08000
v -0.61700 1.27320 1.08000
v -0.61700 -1.35680 1.08200
v -0.61700 1.28120 1.08200
v -0.61700 -1.25880 3.17900
v -0.61700 1.18320 3.17900
v -0.61800 -1.26980 3.18000
v -0.61800 1.19320 3.18000
v -0.61900 -1.34480 1.60000
v -0.61900 1.26920 1.60000
v -0.62000 -1.35580 1.60100
v -0.62000 1.28020 1.60100
v -0.62100 -1.12080 3.67700
v -0.62100 1.12320 3.67700
v -0.62100 -0.96880 3.74000
v -0.62100 0.97120 3.74000
v -0.62100 -0.85280 3.78800
v -0.62100 0.85520 3.78800
v -0.62100 -0.54480 3.86400
v -0.62100 0.54720 3.86400
v -0.62100 -0.47180 3.86600
v -0.62100 0.47420 3.86600
v -0.62100 -0.26780 3.87400
v -0.62100 0.27020 3.87400
v -0.62100 0.00120 3.87800
v -0.62400 -1.29680 2.57400
v -0.62400 1.22120 2.57400
v -0.62600 -1.16080 1.21500
v -0.62600 1.17120 1.21500
v -0.62700 -1.32280 2.57300
v -0.62700 1.24720 2.57300
v -0.62700 1.16420 3.60600
v -0.62700 1.17520 3.60800
v -0.62800 1.06020 3.88800
v -0.62800 1.07120 3.89000
v -0.63000 -1.28480 2.76700
v -0.63000 1.20920 2.76700
v -0.63100 1.16420 3.60600
v -0.63100 1.17520 3.60800
v -0.63200 -1.32580 2.57100
v -0.63200 1.25020 2.57100
v -0.63200 -1.30680 2.76700
v -0.63200 1.23120 2.76700
v -0.63200 1.06020 3.88800
v -0.63200 1.07120 3.89000
v -0.63500 -1.35680 1.56500
v -0.63500 -1.35380 1.56500
v -0.63500 1.27820 1.56500
v -0.63500 1.28120 1.56500
v -0.64000 -1.14180 3.56000
v -0.64000 1.14420 3.56000
v -0.64600 1.16420 3.60600
v -0.64600 1.17520 3.60800
v -0.64600 1.05920 3.89000
v -0.64600 1.07020 3.89200
v -0.65000 1.16420 3.60600
v -0.65000 1.17520 3.60800
v -0.65000 1.05920 3.89000
v -0.65000 1.07020 3.89200
v -0.65300 -1.34080 2.18300
v -0.65300 1.26420 2.18300
v -0.65300 -1.32980 2.18400
v -0.65300 1.25420 2.18400
v -0.65300 -1.15780 3.46300
v -0.65300 1.16020 3.46300
v -0.65300 -0.87980 4.14900
v -0.65400 -1.35480 1.30300
v -0.65400 1.27820 1.30300
v -0.65400 0.81320 4.14900
v -0.65500 -1.35780 1.29800
v -0.65500 1.28220 1.29800
v -0.65500 -1.35680 1.30000
v -0.65500 -1.35480 1.30000
v -0.65500 1.27820 1.30000
v -0.65500 1.28020 1.30000
v -0.65500 -1.35780 1.30300
v -0.65500 1.28220 1.30300
v -0.65800 -1.16480 3.40900
v -0.65800 1.16820 3.40900
v -0.66000 -0.88880 4.12500
v -0.66000 0.82420 4.12500
v -0.66100 1.00920 3.92200
v -0.66100 1.02620 3.92700
v -0.66100 0.82020 4.12100
v -0.66200 -1.10180 3.92900
v -0.66400 -1.32980 1.84500
v -0.66400 -1.32880 1.84800
v -0.66400 1.25220 1.84800
v -0.66400 -1.35080 1.85800
v -0.66400 1.27520 1.85800
v -0.66400 1.16420 3.60600
v -0.66400 1.17520 3.60800
v -0.66500 1.05920 3.89200
v -0.66500 1.07020 3.89400
v -0.66500 -1.09980 3.92600
v -0.66800 -1.29080 2.70300
v -0.66800 1.21520 2.70300
v -0.66900 1.16420 3.60600
v -0.66900 1.17520 3.60800
v -0.66900 1.05920 3.89200
v -0.66900 1.06920 3.89400
v -0.67000 -1.31380 2.70200
v -0.67000 1.23720 2.70200
v -0.67100 -1.34480 1.60000
v -0.67100 1.26920 1.60000
v -0.67100 -1.35580 1.60200
v -0.67100 1.27920 1.60200
v -0.68100 -1.35080 1.08900
v -0.68100 1.27520 1.08900
v -0.68100 -1.35880 1.09000
v -0.68100 1.28220 1.09000
v -0.68300 1.16420 3.60500
v -0.68300 1.17520 3.60700
v -0.68400 1.05820 3.89400
v -0.68400 1.06920 3.89600
v -0.68600 -1.08080 3.92600
v -0.68700 1.16420 3.60500
v -0.68700 1.17520 3.60700
v -0.68800 1.05820 3.89400
v -0.68800 1.06920 3.89600
v -0.68900 1.06820 3.89100
v -0.68900 1.07020 3.89100
v -0.68900 1.07120 3.89100
v -0.68900 1.06820 3.89200
v -0.68900 1.07220 3.89200
v -0.68900 1.06720 3.89300
v -0.68900 1.07320 3.89300
v -0.68900 0.97820 3.89400
v -0.68900 1.06720 3.89400
v -0.68900 1.07320 3.89400
v -0.68900 1.06720 3.89500
v -0.68900 1.07220 3.89500
v -0.68900 1.07320 3.89500
v -0.68900 1.06720 3.89600
v -0.68900 1.06820 3.89600
v -0.68900 1.07220 3.89600
v -0.68900 1.06820 3.89700
v -0.68900 1.06920 3.89700
v -0.68900 1.07120 3.89700
v -0.69400 -1.35580 1.56900
v -0.69400 -1.35380 1.56900
v -0.69400 1.27720 1.56900
v -0.69400 -1.35680 1.57000
v -0.69500 1.07120 3.90000
v -0.69900 -1.26080 1.10600
v -0.69900 1.22520 1.10600
v -0.69900 -1.35580 1.59500
v -0.69900 1.28020 1.59500
v -0.69900 -1.34780 1.59700
v -0.69900 1.27220 1.59700
v -0.70100 -1.35680 1.56600
v -0.70100 -1.35380 1.56600
v -0.70100 1.27720 1.56600
v -0.70100 1.28120 1.56600
v -0.70200 1.16420 3.60500
v -0.70200 1.17520 3.60700
v -0.70200 1.05720 3.89600
v -0.70200 1.06820 3.89800
v -0.70400 -1.25880 3.18100
v -0.70400 1.18320 3.18100
v -0.70500 -1.35780 1.30100
v -0.70500 -1.35580 1.30100
v -0.70500 1.28020 1.30100
v -0.70500 1.28220 1.30100
v -0.70500 -1.35980 1.30400
v -0.70500 -1.35580 1.30400
v -0.70500 1.28020 1.30400
v -0.70500 1.28420 1.30400
v -0.70500 -1.26980 3.18200
v -0.70500 1.19320 3.18200
v -0.70600 -1.35980 1.29900
v -0.70600 1.28420 1.29900
v -0.70600 -1.32980 2.18400
v -0.70600 1.25320 2.18400
v -0.70600 -1.32980 2.18800
v -0.70600 1.25420 2.18800
v -0.70600 1.26420 2.19200
v -0.70600 1.16420 3.60500
v -0.70600 1.17520 3.60700
v -0.70700 1.05720 3.89600
v -0.70700 1.06820 3.89800
v -0.71100 -0.75780 3.35200
v -0.71100 0.76120 3.35200
v -0.71400 -0.67480 3.35000
v -0.71400 0.67820 3.35000
v -0.71400 1.07120 3.92400
v -0.71500 -1.16080 1.17000
v -0.71500 1.17120 1.17000
v -0.71700 -1.32980 1.86100
v -0.71700 1.25420 1.86100
v -0.71700 -1.34980 1.87100
v -0.71700 1.27420 1.87100
v -0.71900 1.16320 3.60000
v -0.71900 1.17320 3.60300
v -0.72100 1.05620 3.90000
v -0.72100 1.06820 3.90000
v -0.72400 1.16320 3.60000
v -0.72400 1.17320 3.60300
v -0.72500 1.05620 3.90000
v -0.72500 1.06820 3.90000
v -0.73300 -0.87980 4.16400
v -0.73300 0.81320 4.16400
v -0.73400 -1.10980 3.92100
v -0.73700 1.16320 3.60000
v -0.73700 1.17320 3.60300
v -0.73900 1.05620 3.90000
v -0.73900 1.06820 3.90000
v -0.73900 -0.88880 4.14000
v -0.73900 0.82420 4.14000
v -0.74000 1.01020 3.92900
v -0.74000 1.02720 3.93400
v -0.74000 0.82020 4.13500
v -0.74100 1.16320 3.60000
v -0.74100 1.17320 3.60300
v -0.74300 1.05620 3.90000
v -0.74300 1.06820 3.90000
v -0.74700 -0.67380 3.32900
v -0.74700 0.67720 3.32900
v -0.74900 -1.35280 1.09900
v -0.74900 1.27620 1.09900
v -0.74900 -1.35980 1.10000
v -0.74900 1.28420 1.10000
v -0.75000 -0.75680 3.32700
v -0.75000 0.75920 3.32700
v -0.75100 0.95720 3.94800
v -0.75100 0.95720 3.95100
v -0.75100 0.95920 3.95300
v -0.75200 -1.09080 3.92100
v -0.75600 1.16320 3.59900
v -0.75600 1.17320 3.60300
v -0.75800 1.05620 3.89900
v -0.75800 1.06820 3.89900
v -0.76000 1.16320 3.59900
v -0.76000 1.17320 3.60300
v -0.76000 -1.13680 3.88500
v -0.76200 1.05620 3.89900
v -0.76200 1.06820 3.89900
v -0.76600 -1.16880 3.83000
v -0.76900 -1.14680 3.83000
v -0.77100 -1.11580 3.88500
v -0.77300 -1.19380 3.76300
v -0.77300 -1.17080 3.76300
v -0.77500 1.16320 3.59900
v -0.77500 1.17420 3.60200
v -0.77600 -1.25880 3.18400
v -0.77600 1.18220 3.18400
v -0.77600 -1.26880 3.18500
v -0.77600 1.19320 3.18500
v -0.77600 1.05620 3.89900
v -0.77600 1.06820 3.89900
v -0.77700 -1.17080 1.70200
v -0.77700 -0.99080 1.70200
v -0.77700 -0.85480 1.70200
v -0.77700 -0.80380 1.70200
v -0.77700 -0.54180 1.70200
v -0.77700 -0.46780 1.70200
v -0.77700 -0.26480 1.70200
v -0.77700 0.00120 1.70200
v -0.77700 0.26820 1.70200
v -0.77700 0.47120 1.70200
v -0.77700 0.54520 1.70200
v -0.77700 0.80620 1.70200
v -0.77700 0.85720 1.70200
v -0.77700 0.99420 1.70200
v -0.77700 1.17420 1.70200
v -0.77700 -1.17080 1.95300
v -0.77700 1.17420 1.95300
v -0.77700 -1.17080 2.14800
v -0.77700 1.17420 2.14800
v -0.77700 -1.17080 2.23300
v -0.77700 1.17420 2.23300
v -0.77800 -0.83880 3.28000
v -0.77800 -0.49280 3.28000
v -0.77800 0.49520 3.28000
v -0.77800 0.84120 3.28000
v -0.77900 -1.17180 3.27900
v -0.77900 -0.99180 3.27900
v -0.77900 -0.26580 3.27900
v -0.77900 0.00120 3.27900
v -0.77900 0.26820 3.27900
v -0.77900 0.99520 3.27900
v -0.77900 1.17420 3.27900
v -0.77900 1.16320 3.59900
v -0.77900 1.17420 3.60200
v -0.77900 -1.21080 3.69500
v -0.77900 -1.18880 3.69500
v -0.78000 -1.14480 1.62800
v -0.78000 0.00620 1.62800
v -0.78000 1.15720 1.62800
v -0.78000 -1.17080 2.37700
v -0.78000 1.17420 2.37700
v -0.78000 -1.17080 2.43100
v -0.78000 1.17420 2.43100
v -0.78000 -1.17080 2.49500
v -0.78000 1.17420 2.49500
v -0.78000 -1.17080 2.55900
v -0.78000 1.17420 2.55900
v -0.78000 -1.17080 2.67300
v -0.78000 1.17420 2.67300
v -0.78000 -1.17180 2.88200
v -0.78000 1.17420 2.88200
v -0.78000 -1.17180 3.08300
v -0.78000 1.17420 3.08300
v -0.78000 -1.17180 3.17400
v -0.78000 1.17420 3.17400
v -0.78100 1.05620 3.89900
v -0.78100 1.06820 3.89900
v -0.78400 -1.22180 3.63600
v -0.78400 -1.19980 3.63600
v -0.79000 -1.23180 3.55500
v -0.79000 -1.20880 3.55500
v -0.79000 -0.87980 4.17200
v -0.79000 0.81320 4.17200
v -0.79300 1.14520 3.51600
v -0.79300 1.16120 3.52000
v -0.79400 1.16320 3.59900
v -0.79400 1.17420 3.60200
v -0.79500 1.16320 3.52000
v -0.79500 1.05720 3.89900
v -0.79500 1.06820 3.89900
v -0.79600 -0.88880 4.14800
v -0.79600 0.82420 4.14800
v -0.79700 0.82020 4.14400
v -0.79800 1.16320 3.59900
v -0.79800 1.17520 3.60100
v -0.79800 1.17620 3.60100
v -0.79800 1.17720 3.60100
v -0.79800 1.17920 3.60100
v -0.79800 1.17420 3.60200
v -0.79800 1.17920 3.60200
v -0.79800 1.17920 3.60300
v -0.79800 1.08420 3.60400
v -0.79800 1.17420 3.60400
v -0.79800 1.18020 3.60400
v -0.79800 1.17420 3.60500
v -0.79800 1.17920 3.60500
v -0.79800 1.17520 3.60600
v -0.79800 1.17820 3.60600
v -0.79800 1.17920 3.60600
v -0.79800 1.17620 3.60700
v -0.79800 1.17820 3.60700
v -0.79800 1.01120 3.93300
v -0.79800 1.02820 3.93800
v -0.79900 1.05720 3.89900
v -0.79900 1.06820 3.89900
v -0.80000 0.95220 1.39500
v -0.80000 1.06420 1.39500
v -0.80000 1.14020 1.39500
v -0.80100 -1.24480 3.42200
v -0.80100 -1.22280 3.42200
v -0.80100 1.06620 3.89600
v -0.80100 1.06920 3.89600
v -0.80100 1.06620 3.89700
v -0.80100 1.07020 3.89700
v -0.80100 1.07120 3.89700
v -0.80100 1.06520 3.89800
v -0.80100 1.07120 3.89800
v -0.80100 0.97620 3.89900
v -0.80100 1.07120 3.90000
v -0.80100 1.06520 3.90100
v -0.80100 1.06620 3.90100
v -0.80100 1.07020 3.90100
v -0.80100 1.06620 3.90200
v -0.80100 1.06720 3.90200
v -0.80100 1.06920 3.90200
v -0.80100 1.07020 3.90200
v -0.80200 0.85420 1.39500
v -0.80200 0.95420 3.01700
v -0.80200 1.06420 3.01700
v -0.80200 1.13220 3.01700
v -0.80200 1.15720 3.40400
v -0.80200 1.17220 3.40700
v -0.80400 0.88020 3.01600
v -0.80500 1.17420 3.40800
v -0.80600 0.38920 1.68500
v -0.80600 0.38920 1.69000
v -0.80700 0.40320 1.68200
v -0.80700 0.40320 1.69000
v -0.80800 -0.41080 1.68200
v -0.80800 -0.39580 1.68500
v -0.80800 -0.41080 1.69000
v -0.80800 -0.39580 1.69000
v -0.80900 -1.16080 1.12000
v -0.80900 1.17120 1.12000
v -0.80900 0.47920 1.68500
v -0.80900 0.47920 1.69000
v -0.80900 1.06920 3.90600
v -0.81000 0.46420 1.68200
v -0.81000 1.19920 1.68500
v -0.81000 0.46420 1.69000
v -0.81000 1.19920 1.69000
v -0.81100 0.82220 1.54700
v -0.81100 1.22020 1.54700
v -0.81100 0.82220 1.60200
v -0.81100 1.22420 1.60200
v -0.81100 1.21320 1.68200
v -0.81100 1.21320 1.69000
v -0.81100 0.82220 1.70800
v -0.81100 1.22420 1.70800
v -0.81100 0.82220 1.89300
v -0.81100 1.22220 1.89300
v -0.81100 0.82220 2.07200
v -0.81100 1.22020 2.07200
v -0.81100 0.82220 2.16500
v -0.81100 1.21920 2.16500
v -0.81100 0.82220 2.86100
v -0.81100 1.19820 2.86100
v -0.81100 0.82220 2.92400
v -0.81100 1.19020 2.92400
v -0.81100 0.82220 2.98400
v -0.81100 1.18220 2.98400
v -0.81200 1.16820 3.28900
v -0.81200 1.18420 3.29200
v -0.81200 -1.25680 3.29600
v -0.81200 -1.23480 3.29600
v -0.81200 1.16420 3.59800
v -0.81200 1.17420 3.60200
v -0.81400 1.05720 3.89900
v -0.81400 1.06820 3.89900
v -0.81600 1.17420 3.23400
v -0.81600 1.19020 3.23800
v -0.81600 -1.26180 3.23900
v -0.81600 -1.23980 3.23900
v -0.81700 -1.27580 3.11000
v -0.81700 1.20020 3.11000
v -0.81700 1.16420 3.59800
v -0.81700 1.17420 3.60200
v -0.81800 -1.26080 3.15700
v -0.81800 1.18420 3.15700
v -0.81800 1.05720 3.89900
v -0.81800 1.06820 3.89900
v -0.81900 -1.03180 1.68500
v -0.81900 -0.48280 1.68500
v -0.81900 -1.03180 1.69000
v -0.81900 -0.48280 1.69000
v -0.82000 -1.04580 1.68200
v -0.82000 -0.46780 1.68200
v -0.82000 -1.04580 1.69000
v -0.82000 -0.46780 1.69000
v -0.82000 -1.28380 3.02700
v -0.82000 1.20820 3.02700
v -0.82000 -1.26580 3.10700
v -0.82000 1.18920 3.10700
v -0.82000 -1.27180 3.10900
v -0.82300 -1.27380 3.02400
v -0.82300 1.19820 3.02400
v -0.82300 -1.27980 3.02600
v -0.82300 1.20420 3.02600
v -0.82300 1.18520 3.12000
v -0.82300 1.20020 3.12300
v -0.82300 -1.27180 3.12400
v -0.82300 -1.24980 3.12400
v -0.82500 1.28020 1.49000
v -0.82500 -1.29580 2.90500
v -0.82500 1.22020 2.90500
v -0.82600 1.28120 1.42200
v -0.82600 1.19220 3.03900
v -0.82600 1.20820 3.04200
v -0.82600 -1.27980 3.04300
v -0.82600 -1.25780 3.04300
v -0.82600 1.20320 3.12400
v -0.82700 -1.35780 1.35200
v -0.82700 -1.35380 1.35200
v -0.82700 1.27820 1.35200
v -0.82700 1.28220 1.35200
v -0.82700 -1.35680 1.42200
v -0.82700 -1.35280 1.42200
v -0.82700 1.27720 1.42200
v -0.82700 1.28020 1.42200
v -0.82700 -1.35580 1.49000
v -0.82700 -1.35180 1.49000
v -0.82700 1.27620 1.49000
v -0.82700 1.27920 1.49000
v -0.82700 1.19720 3.58300
v -0.82800 -1.28580 2.90200
v -0.82800 1.21020 2.90200
v -0.82800 -1.29180 2.90300
v -0.82800 1.21520 2.90300
v -0.83000 -1.35580 1.35400
v -0.83000 -1.35380 1.35400
v -0.83000 1.27820 1.35400
v -0.83000 1.28020 1.35400
v -0.83000 -1.35480 1.42300
v -0.83000 -1.35280 1.42300
v -0.83000 1.27720 1.42300
v -0.83000 1.27920 1.42300
v -0.83000 -1.35180 1.49000
v -0.83000 1.27620 1.49000
v -0.83000 1.27820 1.49000
v -0.83000 -1.30680 2.78600
v -0.83000 1.23120 2.78600
v -0.83000 1.20120 2.93900
v -0.83000 1.21720 2.94300
v -0.83000 -1.28980 2.94400
v -0.83000 -1.26780 2.94400
v -0.83000 1.21020 3.04300
v -0.83100 -1.35680 1.42200
v -0.83100 1.28020 1.42200
v -0.83100 -1.35580 1.49000
v -0.83100 1.16420 3.59800
v -0.83100 1.17420 3.60100
v -0.83200 -1.26080 1.13700
v -0.83200 1.20920 1.13700
v -0.83200 -1.35780 1.35300
v -0.83200 1.28220 1.35300
v -0.83200 -1.31380 2.71600
v -0.83200 1.23820 2.71600
v -0.83200 -1.29680 2.78300
v -0.83200 1.22120 2.78300
v -0.83200 -1.30280 2.78500
v -0.83300 1.05720 3.89900
v -0.83300 1.06820 3.89900
v -0.83400 1.21020 2.84700
v -0.83400 -1.29880 2.85100
v -0.83400 -1.27680 2.85100
v -0.83400 1.22520 2.85100
v -0.83500 -1.30380 2.71300
v -0.83500 1.22820 2.71300
v -0.83500 1.16420 3.59800
v -0.83500 1.17420 3.60100
v -0.83500 1.06920 3.93000
v -0.83600 -1.32080 2.63100
v -0.83600 1.24520 2.63100
v -0.83700 1.21720 2.75800
v -0.83700 1.23320 2.76100
v -0.83700 -1.30680 2.76200
v -0.83700 -1.28480 2.76200
v -0.83700 1.05720 3.89900
v -0.83700 1.06820 3.89900
v -0.83800 -1.31080 2.62700
v -0.83800 1.23420 2.62700
v -0.83900 -1.32480 2.55600
v -0.83900 1.24820 2.55600
v -0.84000 -1.31380 2.55200
v -0.84000 1.23820 2.55200
v -0.84000 1.22420 2.66800
v -0.84000 1.24020 2.67100
v -0.84000 -1.31380 2.67200
v -0.84000 -1.29180 2.67200
v -0.84100 -1.19380 1.48700
v -0.84100 1.17020 1.48700
v -0.84300 -1.33080 2.40700
v -0.84300 1.25420 2.40700
v -0.84400 1.23120 2.54200
v -0.84400 1.24720 2.54500
v -0.84400 -1.32080 2.54600
v -0.84400 -1.29880 2.54600
v -0.84500 -1.32080 2.40300
v -0.84500 1.24420 2.40300
v -0.84600 0.34920 1.68500
v -0.84600 0.34920 1.69000
v -0.84700 -0.35680 1.68500
v -0.84700 -0.35680 1.69000
v -0.84700 -1.33580 2.26600
v -0.84700 1.26020 2.26600
v -0.84700 1.01220 3.93400
v -0.84700 1.02920 3.93900
v -0.84800 -0.80280 1.67900
v -0.84800 -0.75180 1.67900
v -0.84800 -0.60880 1.67900
v -0.84800 -0.54380 1.67900
v -0.84800 -0.43980 1.67900
v -0.84800 -0.30680 1.67900
v -0.84800 -0.15580 1.67900
v -0.84800 0.00520 1.67900
v -0.84800 0.16620 1.67900
v -0.84800 0.31820 1.67900
v -0.84800 0.45020 1.67900
v -0.84800 0.55420 1.67900
v -0.84800 0.62020 1.67900
v -0.84800 0.76220 1.67900
v -0.84800 0.81320 1.67900
v -0.84800 0.86320 1.67900
v -0.84800 0.51820 1.68500
v -0.84800 0.51820 1.69000
v -0.84800 -1.33780 2.21400
v -0.84800 1.26220 2.21400
v -0.84800 -1.32580 2.26300
v -0.84800 1.25020 2.26300
v -0.85000 1.16020 1.68500
v -0.85000 1.16020 1.69000
v -0.85000 -1.32780 2.21100
v -0.85000 1.25220 2.21100
v -0.85000 1.24020 2.34300
v -0.85000 -1.32980 2.34700
v -0.85000 -1.30780 2.34700
v -0.85000 1.25520 2.34700
v -0.85000 1.16420 3.59800
v -0.85000 1.17420 3.60100
v -0.85100 1.05720 3.89900
v -0.85100 1.06820 3.89900
v -0.85400 1.25820 2.34800
v -0.85400 1.16420 3.59800
v -0.85400 1.17420 3.60100
v -0.85500 1.24720 2.16500
v -0.85500 -1.33680 2.16900
v -0.85500 -1.31480 2.16900
v -0.85500 1.26220 2.16900
v -0.85500 1.05720 3.89800
v -0.85500 1.06820 3.89800
v -0.85700 1.25020 2.10100
v -0.85700 -1.33980 2.10500
v -0.85700 -1.31780 2.10500
v -0.85700 1.26520 2.10500
v -0.85800 -0.52180 1.68500
v -0.85800 -0.52180 1.69000
v -0.85800 -1.34980 1.83600
v -0.85800 1.27320 1.83600
v -0.85900 -1.35980 1.13500
v -0.85900 -0.99180 1.68500
v -0.85900 -0.99180 1.69000
v -0.85900 -1.35080 1.74000
v -0.85900 1.27520 1.74000
v -0.85900 -1.33880 1.83600
v -0.85900 1.26320 1.83600
v -0.85900 1.26520 2.17100
v -0.86000 -1.35680 1.32700
v -0.86000 1.28120 1.32700
v -0.86000 -1.35680 1.40700
v -0.86000 1.28020 1.40700
v -0.86000 -1.19180 1.44000
v -0.86000 1.17320 1.44000
v -0.86000 -1.35580 1.48300
v -0.86000 1.28020 1.48300
v -0.86000 -1.35280 1.64500
v -0.86000 1.27720 1.64500
v -0.86000 0.35020 1.68200
v -0.86000 0.35020 1.69000
v -0.86000 -1.34080 1.74000
v -0.86000 1.26420 1.74000
v -0.86100 -1.35180 1.13300
v -0.86100 1.27620 1.13300
v -0.86100 -1.35880 1.19400
v -0.86100 1.28320 1.19400
v -0.86100 -1.35780 1.25700
v -0.86100 1.28220 1.25700
v -0.86100 -1.34180 1.64500
v -0.86100 1.26620 1.64500
v -0.86100 -0.35780 1.68200
v -0.86100 -0.35780 1.69000
v -0.86100 1.26720 2.10700
v -0.86100 1.06720 3.89500
v -0.86100 1.06920 3.89500
v -0.86100 1.06620 3.89600
v -0.86100 1.06720 3.89600
v -0.86100 1.07020 3.89600
v -0.86100 1.06520 3.89700
v -0.86100 1.07120 3.89700
v -0.86100 0.97620 3.89800
v -0.86100 1.06520 3.89900
v -0.86100 1.06620 3.90000
v -0.86100 1.07020 3.90000
v -0.86100 1.07120 3.90000
v -0.86100 1.07020 3.90100
v -0.86200 -1.34780 1.48300
v -0.86200 1.27220 1.48300
v -0.86200 0.51720 1.68200
v -0.86200 0.51720 1.69000
v -0.86200 1.25620 1.83000
v -0.86200 1.27220 1.83400
v -0.86200 -1.34680 1.83500
v -0.86200 -1.32380 1.83500
v -0.86200 1.06620 3.90000
v -0.86200 1.06720 3.90100
v -0.86300 -1.35080 1.19200
v -0.86300 1.27520 1.19200
v -0.86300 -1.34980 1.25400
v -0.86300 1.27420 1.25400
v -0.86300 -1.35380 1.32500
v -0.86300 -1.34880 1.32500
v -0.86300 1.27320 1.32500
v -0.86300 1.27820 1.32500
v -0.86300 -1.35280 1.40500
v -0.86300 -1.34880 1.40500
v -0.86300 1.27220 1.40500
v -0.86300 1.27720 1.40500
v -0.86400 1.16020 1.68200
v -0.86400 1.16020 1.69000
v -0.86400 1.25820 1.72900
v -0.86400 1.27420 1.73200
v -0.86400 -1.34780 1.73300
v -0.86400 -1.32580 1.73300
v -0.86500 1.26120 1.57000
v -0.86500 1.27620 1.57300
v -0.86500 -1.35080 1.57400
v -0.86500 -1.32880 1.57400
v -0.86500 1.26020 1.62300
v -0.86500 -1.34980 1.62700
v -0.86500 -1.32780 1.62700
v -0.86500 1.27620 1.62700
v -0.86600 1.26320 1.40400
v -0.86600 1.27820 1.40700
v -0.86600 -1.35280 1.40800
v -0.86600 -1.33080 1.40800
v -0.86600 1.26220 1.51500
v -0.86600 1.27720 1.51800
v -0.86600 -1.35180 1.51900
v -0.86600 -1.32980 1.51900
v -0.86700 1.26620 1.14900
v -0.86700 1.28120 1.15300
v -0.86700 -1.35480 1.19000
v -0.86700 -1.33280 1.19000
v -0.86700 1.26520 1.20100
v -0.86700 1.28020 1.20400
v -0.86700 1.26420 1.28300
v -0.86700 -1.35380 1.28400
v -0.86700 -1.33180 1.28400
v -0.86700 1.27920 1.28700
v -0.86800 -1.35580 1.11100
v -0.86800 -1.33380 1.11100
v -0.86900 1.16420 3.59700
v -0.86900 1.17420 3.60100
v -0.87000 1.05720 3.89800
v -0.87000 1.06820 3.89800
v -0.87000 1.06920 3.90500
v -0.87200 -0.52080 1.68200
v -0.87200 -0.52080 1.69000
v -0.87300 -0.99280 1.68200
v -0.87300 -0.99280 1.69000
v -0.87300 1.16420 3.59700
v -0.87300 1.17420 3.60100
v -0.87400 1.05720 3.89800
v -0.87400 1.06820 3.89800
v -0.87600 -1.20180 1.37400
v -0.87600 1.18420 1.37400
v -0.87600 1.10620 3.55400
v -0.87600 1.10320 3.56000
v -0.88000 -1.33680 1.90500
v -0.88100 -1.33580 1.90100
v -0.88100 1.26020 1.90100
v -0.88200 -1.33580 1.90400
v -0.88200 1.26020 1.90400
v -0.88200 -1.34680 1.91200
v -0.88300 -1.22780 1.28000
v -0.88300 1.19420 1.28000
v -0.88400 -1.25380 3.19800
v -0.88400 -1.26780 3.20800
v -0.88400 1.17420 3.60500
v -0.88400 1.17520 3.60500
v -0.88400 1.17520 3.60600
v -0.88400 1.17820 3.60600
v -0.88500 -1.25180 1.19700
v -0.88500 1.20120 1.19700
v -0.88500 1.17420 3.60100
v -0.88500 1.08520 3.60300
v -0.88500 1.17420 3.60300
v -0.88500 1.18020 3.60300
v -0.88500 1.17420 3.60400
v -0.88500 1.18020 3.60400
v -0.88500 1.17920 3.60500
v -0.88600 -1.26080 1.15200
v -0.88600 -0.02780 1.15200
v -0.88600 1.20420 1.15200
v -0.88600 1.17620 3.60000
v -0.88600 1.17720 3.60000
v -0.88600 1.17520 3.60100
v -0.88600 1.17820 3.60100
v -0.88600 1.17920 3.60100
v -0.88600 1.17920 3.60200
v -0.88600 1.18020 3.60200
v -0.88700 1.16420 3.59700
v -0.88700 1.17420 3.60000
v -0.88800 1.25320 1.11200
v -0.88800 0.95420 3.95300
v -0.88800 0.95520 3.95600
v -0.88900 -1.35980 1.11300
v -0.88900 1.28020 1.11600
v -0.88900 1.05720 3.89600
v -0.88900 1.06920 3.89600
v -0.89100 1.05820 3.89500
v -0.89200 1.16420 3.59700
v -0.89200 1.17420 3.60000
v -0.89300 -1.14380 2.62000
v -0.89300 -1.08580 2.62000
v -0.89300 -0.93180 2.62000
v -0.89300 -0.77580 2.62000
v -0.89300 -0.71480 2.62000
v -0.89300 -0.46980 2.62000
v -0.89300 -0.41880 2.62000
v -0.89300 -0.29780 2.62000
v -0.89300 -0.21880 2.62000
v -0.89300 -0.10680 2.62000
v -0.89300 0.04020 2.62000
v -0.89300 0.17320 2.62000
v -0.89300 0.24120 2.62000
v -0.89300 0.31820 2.62000
v -0.89300 0.37320 2.62000
v -0.89300 0.43920 2.62000
v -0.89300 0.49920 2.62000
v -0.89300 1.05820 3.89300
v -0.89300 1.07020 3.89300
v -0.89500 -1.15280 2.23600
v -0.89500 -1.09480 2.23600
v -0.89500 -0.93680 2.23600
v -0.89500 -0.77680 2.23600
v -0.89500 -0.71380 2.23600
v -0.89500 -0.29780 2.23600
v -0.89500 -0.21980 2.23600
v -0.89500 -0.10680 2.23600
v -0.89500 0.04120 2.23600
v -0.89500 0.17320 2.23600
v -0.89500 0.24120 2.23600
v -0.89500 0.31920 2.23600
v -0.89500 0.37420 2.23600
v -0.89500 0.44020 2.23600
v -0.89500 0.50020 2.23600
v -0.89500 -1.12080 2.33100
v -0.89500 -1.07080 2.33100
v -0.89500 -0.93480 2.33100
v -0.89500 -0.79680 2.33100
v -0.89500 -0.74380 2.33100
v -0.89500 -0.27780 2.33100
v -0.89500 -0.20780 2.33100
v -0.89500 -0.10580 2.33100
v -0.89500 0.03120 2.33100
v -0.89500 0.15720 2.33100
v -0.89500 0.22120 2.33100
v -0.89500 0.29520 2.33100
v -0.89500 0.34720 2.33100
v -0.89500 0.40920 2.33100
v -0.89500 0.46520 2.33100
v -0.89500 -1.14880 2.43500
v -0.89500 -1.09080 2.43500
v -0.89500 -0.93380 2.43500
v -0.89500 -0.77680 2.43500
v -0.89500 -0.71380 2.43500
v -0.89500 -0.29780 2.43500
v -0.89500 -0.21980 2.43500
v -0.89500 -0.10680 2.43500
v -0.89500 0.04020 2.43500
v -0.89500 0.17320 2.43500
v -0.89500 0.24120 2.43500
v -0.89500 0.31820 2.43500
v -0.89500 0.37420 2.43500
v -0.89500 0.44020 2.43500
v -0.89500 0.50020 2.43500
v -0.89500 -1.06680 2.51600
v -0.89500 -0.93180 2.51600
v -0.89500 -0.79680 2.51600
v -0.89500 -0.74380 2.51600
v -0.89500 -0.27780 2.51600
v -0.89500 -0.20780 2.51600
v -0.89500 -0.10580 2.51600
v -0.89500 0.03120 2.51600
v -0.89500 0.15720 2.51600
v -0.89500 0.22120 2.51600
v -0.89500 0.29520 2.51600
v -0.89500 0.34720 2.51600
v -0.89500 0.40920 2.51600
v -0.89500 0.46520 2.51600
v -0.89500 -1.14380 2.61800
v -0.89500 -1.08680 2.61800
v -0.89500 -0.93180 2.61800
v -0.89500 -0.77580 2.61800
v -0.89500 -0.71380 2.61800
v -0.89500 -0.47080 2.61800
v -0.89500 -0.41980 2.61800
v -0.89500 -0.29780 2.61800
v -0.89500 -0.21980 2.61800
v -0.89500 -0.10680 2.61800
v -0.89500 0.04120 2.61800
v -0.89500 0.17320 2.61800
v -0.89500 0.24120 2.61800
v -0.89500 0.31920 2.61800
v -0.89500 0.37420 2.61800
v -0.89500 0.44020 2.61800
v -0.89500 0.50020 2.61800
v -0.89500 -1.06280 2.70400
v -0.89500 -0.92980 2.70400
v -0.89500 -0.79580 2.70400
v -0.89500 -0.74380 2.70400
v -0.89500 -0.27780 2.70400
v -0.89500 -0.20780 2.70400
v -0.89500 -0.10580 2.70400
v -0.89500 0.03120 2.70400
v -0.89500 0.15720 2.70400
v -0.89500 0.22120 2.70400
v -0.89500 0.29520 2.70400
v -0.89500 0.34720 2.70400
v -0.89500 0.40920 2.70400
v -0.89500 0.46520 2.70400
v -0.89700 -0.06580 2.95500
v -0.89700 0.03620 2.95500
v -0.89700 -0.17080 2.95600
v -0.89700 -0.14080 2.95600
v -0.89700 -0.13980 2.95600
v -0.89700 -0.06580 2.95600
v -0.89700 0.26220 2.95600
v -0.89700 0.29220 2.95600
v -0.89700 0.29420 2.95600
v -0.89700 0.02120 2.97100
v -0.89700 -0.01280 2.97300
v -0.89700 0.02020 2.97300
v -0.89700 -0.01280 2.97600
v -0.89700 -0.01180 2.97600
v -0.89700 0.02020 2.97600
v -0.89700 0.02120 2.97600
v -0.89700 -0.16080 2.97700
v -0.89700 -0.16080 2.98100
v -0.89700 -0.15980 2.98100
v -0.89700 0.27220 2.98100
v -0.89700 0.27320 2.98100
v -0.89700 -0.13680 3.03000
v -0.89700 -0.13580 3.03000
v -0.89700 0.29720 3.03000
v -0.89700 -0.21180 3.03100
v -0.89700 -0.21080 3.03100
v -0.89700 -0.18780 3.03100
v -0.89700 -0.18680 3.03100
v -0.89700 0.22220 3.03100
v -0.89700 0.24720 3.03100
v -0.89700 -0.09880 3.03200
v -0.89700 0.02020 3.03200
v -0.89700 0.02120 3.03200
v -0.89700 0.33420 3.03200
v -0.89700 0.33520 3.03200
v -0.89700 -0.01280 3.03300
v -0.89700 0.02020 3.03600
v -0.89700 -0.09480 3.03800
v -0.89700 0.33920 3.03800
v -0.89700 0.02220 3.03900
v -0.89700 0.34120 3.03900
v -0.89700 0.02420 3.04000
v -0.89700 0.34320 3.04000
v -0.89700 -0.14680 3.05300
v -0.89700 -0.08480 3.05300
v -0.89700 -0.02780 3.05300
v -0.89700 0.03620 3.05300
v -0.89700 0.20720 3.05300
v -0.89700 0.25720 3.05300
v -0.89700 0.28720 3.05300
v -0.89700 0.34920 3.05300
v -0.89700 -0.14680 3.05400
v -0.89700 -0.08480 3.05400
v -0.89700 -0.02780 3.05400
v -0.89700 0.03620 3.05400
v -0.89700 0.20720 3.05400
v -0.89700 0.25720 3.05400
v -0.89700 0.28720 3.05400
v -0.89700 0.34920 3.05400
v -0.89700 1.18020 3.19800
v -0.89700 1.16020 3.65400
v -0.89700 1.08920 3.84400
v -0.89700 1.09020 3.84500
v -0.89700 1.06920 3.92900
v -0.89800 -0.17180 2.95600
v -0.89800 1.18120 3.19200
v -0.89800 1.15820 3.65300
v -0.89800 1.15920 3.65400
v -0.89800 1.16120 3.65400
v -0.89800 1.16220 3.65500
v -0.89800 1.12320 3.74800
v -0.89800 1.12420 3.74900
v -0.89800 1.12520 3.74900
v -0.89800 1.12620 3.74900
v -0.89800 1.12620 3.75000
v -0.89800 1.12720 3.75000
v -0.89800 1.08820 3.84400
v -0.89800 1.08920 3.84400
v -0.89800 1.09120 3.84500
v -0.89800 1.09220 3.84500
v -0.89800 1.03120 3.93800
v -0.89900 1.19720 3.18500
v -0.89900 1.15820 3.65300
v -0.89900 1.16320 3.65500
v -0.89900 1.12320 3.74800
v -0.89900 1.12720 3.75000
v -0.89900 1.12820 3.75000
v -0.89900 1.08720 3.84400
v -0.89900 1.08820 3.84400
v -0.89900 1.09220 3.84600
v -0.89900 1.01320 3.93300
v -0.90000 1.15720 3.65300
v -0.90000 1.06820 3.65400
v -0.90000 1.12220 3.74800
v -0.90000 1.12320 3.74800
v -0.90000 1.12820 3.75000
v -0.90000 1.08720 3.84400
v -0.90000 0.99820 3.84500
v -0.90000 1.09320 3.84600
v -0.90100 1.15720 3.65300
v -0.90100 1.16320 3.65400
v -0.90100 1.16320 3.65500
v -0.90100 1.12220 3.74800
v -0.90100 1.03320 3.74900
v -0.90100 1.12820 3.75000
v -0.90100 1.09220 3.84600
v -0.90100 1.09320 3.84600
v -0.90200 -0.20180 2.80700
v -0.90200 -0.14880 2.80700
v -0.90200 -0.07380 2.80700
v -0.90200 0.02520 2.80700
v -0.90200 0.11420 2.80700
v -0.90200 -0.20180 2.81900
v -0.90200 -0.14880 2.81900
v -0.90200 -0.07380 2.81900
v -0.90200 0.02520 2.81900
v -0.90200 0.11420 2.81900
v -0.90200 -0.40680 2.86300
v -0.90200 0.39920 2.86300
v -0.90200 -0.39480 2.87100
v -0.90200 0.38820 2.87100
v -0.90200 -0.44280 2.92500
v -0.90200 0.43620 2.92500
v -0.90200 -0.43080 2.93000
v -0.90200 0.42320 2.93000
v -0.90200 -0.47680 2.98400
v -0.90200 0.47020 2.98400
v -0.90200 -0.46380 2.98500
v -0.90200 0.45720 2.98500
v -0.90200 -0.25080 3.17500
v -0.90200 -0.19980 3.17500
v -0.90200 -0.11780 3.17500
v -0.90200 0.00820 3.17500
v -0.90200 0.12420 3.17500
v -0.90200 0.18020 3.17500
v -0.90200 0.24420 3.17500
v -0.90200 0.29620 3.17500
v -0.90200 0.35720 3.17500
v -0.90200 0.40920 3.17500
v -0.90200 -0.25080 3.18700
v -0.90200 -0.19980 3.18700
v -0.90200 -0.11780 3.18700
v -0.90200 0.00820 3.18700
v -0.90200 0.12420 3.18700
v -0.90200 0.18020 3.18700
v -0.90200 0.24520 3.18700
v -0.90200 0.29920 3.18700
v -0.90200 0.36220 3.18700
v -0.90200 0.41620 3.18700
v -0.90200 1.15820 3.65300
v -0.90200 1.16320 3.65400
v -0.90200 1.12320 3.74800
v -0.90200 1.12820 3.75000
v -0.90200 1.08720 3.84400
v -0.90200 1.08820 3.84400
v -0.90200 1.09220 3.84600
v -0.90300 0.55620 1.48700
v -0.90300 -0.56580 1.48800
v -0.90300 0.50920 1.53600
v -0.90300 -0.52880 1.53900
v -0.90300 0.44920 1.60400
v -0.90300 -0.48080 1.60800
v -0.90300 0.38320 1.67800
v -0.90300 -0.43080 1.68100
v -0.90300 0.32720 1.73600
v -0.90300 -0.38480 1.73700
v -0.90300 0.85520 3.01700
v -0.90300 0.95420 3.02000
v -0.90300 1.15920 3.65300
v -0.90300 1.16120 3.65400
v -0.90300 1.16220 3.65400
v -0.90300 1.12320 3.74800
v -0.90300 1.12420 3.74900
v -0.90300 1.12720 3.75000
v -0.90300 1.08820 3.84400
v -0.90300 1.08920 3.84500
v -0.90300 1.09020 3.84500
v -0.90300 1.09120 3.84500
v -0.90300 1.09220 3.84600
v -0.90400 -1.16080 1.06800
v -0.90400 1.17120 1.06800
v -0.90400 1.12520 3.74900
v -0.90400 1.12620 3.74900
v -0.90500 -1.17880 1.36900
v -0.90500 -1.11880 1.36900
v -0.90500 -0.95680 1.36900
v -0.90500 -0.79380 1.36900
v -0.90500 -0.72980 1.36900
v -0.90500 0.66520 1.36900
v -0.90500 0.73120 1.36900
v -0.90500 0.79120 1.36900
v -0.90500 0.54720 1.38500
v -0.90500 -0.55580 1.38600
v -0.90500 0.50120 1.43300
v -0.90500 -0.51880 1.43700
v -0.90500 0.44020 1.50100
v -0.90500 -0.47080 1.50600
v -0.90500 -1.30380 1.53500
v -0.90500 1.24120 1.53500
v -0.90500 0.37420 1.57600
v -0.90500 -0.42080 1.57900
v -0.90500 -1.31080 1.59500
v -0.90500 1.24820 1.59500
v -0.90500 0.31920 1.63400
v -0.90500 -0.37480 1.63500
v -0.90500 -0.29780 1.65300
v -0.90500 -0.21980 1.65300
v -0.90500 -0.10680 1.65300
v -0.90500 0.04120 1.65300
v -0.90500 0.17320 1.65300
v -0.90500 0.24120 1.65300
v -0.90500 -1.30980 1.70700
v -0.90500 1.25020 1.70700
v -0.90500 -1.30680 1.89300
v -0.90500 1.24820 1.89300
v -0.90500 -1.30380 2.07200
v -0.90500 1.24620 2.07200
v -0.90500 -1.30280 2.16500
v -0.90500 1.24620 2.16500
v -0.90500 -1.28380 2.86100
v -0.90500 1.22420 2.86100
v -0.90500 -1.27880 2.92400
v -0.90500 1.21620 2.92400
v -0.90500 -1.27280 2.98400
v -0.90500 1.20920 2.98400
v -0.90500 -1.25080 3.26900
v -0.90500 1.18820 3.27000
v -0.90500 -1.24380 3.33200
v -0.90500 1.17920 3.33400
v -0.90500 -1.22580 3.44300
v -0.90500 1.15520 3.44400
v -0.90500 -1.20480 3.56000
v -0.90500 1.12520 3.56100
v -0.90500 -1.18680 3.64100
v -0.90500 1.09920 3.64200
v -0.90500 -1.16880 3.70400
v -0.90500 1.07420 3.70500
v -0.90500 1.04620 3.76600
v -0.90500 -1.14880 3.76700
v -0.90500 1.02120 3.81800
v -0.90500 -1.12080 3.82600
v -0.90500 -1.07780 3.87900
v -0.90500 -1.02480 3.91800
v -0.90500 -0.96580 3.93600
v -0.90500 0.87520 3.94000
v -0.90500 -0.91080 3.94300
v -0.90500 0.81020 3.94500
v -0.90500 0.70320 3.94700
v -0.90500 0.60620 3.94800
v -0.90500 -0.56680 3.94900
v -0.90500 -0.73080 3.95000
v -0.90500 -0.64780 3.95000
v -0.90500 -0.17580 3.95200
v -0.90500 -0.10880 3.95200
v -0.90500 -0.00480 3.95200
v -0.90500 0.23820 3.95200
v -0.90500 0.29220 3.95200
v -0.90500 0.09120 3.95300
v -0.90700 1.27120 1.91800
v -0.90800 0.50120 1.43300
v -0.90800 0.44020 1.50100
v -0.90800 -0.47080 1.50600
v -0.90800 -1.30380 1.53500
v -0.90800 0.37420 1.57600
v -0.90800 -0.42080 1.57900
v -0.90800 -1.31080 1.59500
v -0.90800 0.31920 1.63400
v -0.90800 -0.29780 1.65300
v -0.90800 -0.21980 1.65300
v -0.90800 -0.10680 1.65300
v -0.90800 0.04120 1.65300
v -0.90800 0.17320 1.65300
v -0.90800 0.24120 1.65300
v -0.90800 1.25020 1.70700
v -0.90800 1.24820 1.89300
v -0.90800 -1.30380 2.07200
v -0.90800 -1.30280 2.16500
v -0.90800 -1.15380 2.23200
v -0.90800 -1.09480 2.23200
v -0.90800 -0.93680 2.23200
v -0.90800 -0.77680 2.23200
v -0.90800 -0.71380 2.23200
v -0.90800 -0.47080 2.23200
v -0.90800 0.44020 2.23200
v -0.90800 0.50120 2.23200
v -0.90800 -0.42080 2.23300
v -0.90800 -0.29780 2.23300
v -0.90800 -0.21980 2.23300
v -0.90800 -0.10680 2.23300
v -0.90800 0.04120 2.23300
v -0.90800 0.17320 2.23300
v -0.90800 0.24120 2.23300
v -0.90800 0.31920 2.23300
v -0.90800 0.37420 2.23300
v -0.90800 -1.12080 2.33700
v -0.90800 -1.07080 2.33700
v -0.90800 -0.93480 2.33700
v -0.90800 -0.79680 2.33700
v -0.90800 -0.74280 2.33700
v -0.90800 -0.27780 2.33700
v -0.90800 -0.20780 2.33700
v -0.90800 -0.10580 2.33700
v -0.90800 0.03220 2.33700
v -0.90800 0.15720 2.33700
v -0.90800 0.22120 2.33700
v -0.90800 0.29520 2.33700
v -0.90800 0.34720 2.33700
v -0.90800 0.40920 2.33700
v -0.90800 0.46620 2.33700
v -0.90800 -1.14880 2.43100
v -0.90800 -1.09080 2.43100
v -0.90800 -0.93380 2.43100
v -0.90800 -0.77680 2.43100
v -0.90800 -0.71380 2.43100
v -0.90800 -0.29780 2.43100
v -0.90800 -0.21980 2.43100
v -0.90800 -0.10680 2.43100
v -0.90800 0.04020 2.43100
v -0.90800 0.17320 2.43100
v -0.90800 0.24120 2.43100
v -0.90800 0.31820 2.43100
v -0.90800 0.37420 2.43100
v -0.90800 0.44020 2.43100
v -0.90800 0.50020 2.43100
v -0.90800 -1.06580 2.51900
v -0.90800 -0.93180 2.51900
v -0.90800 -0.79680 2.51900
v -0.90800 -0.74380 2.51900
v -0.90800 -0.27780 2.51900
v -0.90800 -0.20780 2.51900
v -0.90800 -0.10580 2.51900
v -0.90800 0.03120 2.51900
v -0.90800 0.15720 2.51900
v -0.90800 0.22120 2.51900
v -0.90800 0.29520 2.51900
v -0.90800 0.34720 2.51900
v -0.90800 0.40920 2.51900
v -0.90800 0.46520 2.51900
v -0.90800 -1.14380 2.61500
v -0.90800 -1.08680 2.61500
v -0.90800 -0.93180 2.61500
v -0.90800 -0.77580 2.61500
v -0.90800 -0.71380 2.61500
v -0.90800 -0.29780 2.61500
v -0.90800 -0.21980 2.61500
v -0.90800 -0.10680 2.61500
v -0.90800 0.04020 2.61500
v -0.90800 0.17320 2.61500
v -0.90800 0.24120 2.61500
v -0.90800 0.31820 2.61500
v -0.90800 0.37420 2.61500
v -0.90800 0.44020 2.61500
v -0.90800 0.50020 2.61500
v -0.90800 -1.06280 2.70700
v -0.90800 -0.92980 2.70700
v -0.90800 -0.79580 2.70700
v -0.90800 -0.74380 2.70700
v -0.90800 -0.27780 2.70700
v -0.90800 -0.20780 2.70700
v -0.90800 -0.10580 2.70700
v -0.90800 0.03120 2.70700
v -0.90800 0.15620 2.70700
v -0.90800 0.22120 2.70700
v -0.90800 0.29520 2.70700
v -0.90800 0.34720 2.70700
v -0.90800 0.40920 2.70700
v -0.90800 0.46520 2.70700
v -0.90800 -1.28380 2.86100
v -0.90800 -1.27880 2.92400
v -0.90800 -1.27280 2.98400
v -0.90800 1.18820 3.27000
v -0.90800 1.17920 3.33400
v -0.90800 1.15520 3.44400
v -0.90800 1.12520 3.56100
v -0.90800 1.07420 3.70500
v -0.90800 1.04620 3.76600
v -0.90800 -1.14880 3.76700
v -0.90800 1.02120 3.81800
v -0.90800 -1.12080 3.82600
v -0.90800 -1.07780 3.87900
v -0.90800 -1.02480 3.91800
v -0.90800 0.81020 3.94500
v -0.90800 0.70320 3.94700
v -0.90800 0.60620 3.94800
v -0.90800 -0.73080 3.95000
v -0.90800 -0.64780 3.95000
v -0.90900 1.21720 1.54600
v -0.90900 0.82020 1.54700
v -0.90900 0.82020 1.60200
v -0.90900 1.22420 1.60200
v -0.90900 0.82020 1.70800
v -0.90900 1.22520 1.70800
v -0.90900 0.82020 1.89300
v -0.90900 1.22320 1.89300
v -0.90900 0.82020 2.07200
v -0.90900 1.22120 2.07200
v -0.90900 0.82020 2.16500
v -0.90900 1.22120 2.16500
v -0.90900 0.55120 2.23400
v -0.90900 0.55020 2.43300
v -0.90900 0.55020 2.61600
v -0.90900 -0.20080 2.80200
v -0.90900 -0.14880 2.80200
v -0.90900 -0.07380 2.80200
v -0.90900 0.02520 2.80200
v -0.90900 0.11420 2.80200
v -0.90900 -0.20180 2.82200
v -0.90900 -0.14880 2.82200
v -0.90900 -0.07380 2.82200
v -0.90900 0.02520 2.82200
v -0.90900 0.11420 2.82200
v -0.90900 -0.41080 2.86100
v -0.90900 0.40420 2.86100
v -0.90900 0.82020 2.86100
v -0.90900 1.19920 2.86100
v -0.90900 -0.39180 2.87200
v -0.90900 0.38420 2.87200
v -0.90900 -0.44780 2.92400
v -0.90900 0.44120 2.92400
v -0.90900 0.81920 2.92400
v -0.90900 1.19220 2.92400
v -0.90900 -0.42780 2.93000
v -0.90900 0.42020 2.93000
v -0.90900 -0.48180 2.98400
v -0.90900 0.47620 2.98400
v -0.90900 0.81920 2.98400
v -0.90900 1.18420 2.98400
v -0.90900 -0.46080 2.98500
v -0.90900 0.45420 2.98500
v -0.90900 0.84120 3.02100
v -0.90900 0.95420 3.02400
v -0.90900 1.06420 3.02400
v -0.90900 1.13220 3.02400
v -0.90900 -0.25080 3.17200
v -0.90900 -0.19980 3.17200
v -0.90900 -0.11780 3.17200
v -0.90900 0.00820 3.17200
v -0.90900 0.12420 3.17200
v -0.90900 0.18020 3.17200
v -0.90900 0.24420 3.17200
v -0.90900 0.29620 3.17200
v -0.90900 0.35620 3.17200
v -0.90900 0.40720 3.17200
v -0.91000 -1.17880 1.37000
v -0.91000 -1.11880 1.37000
v -0.91000 -0.95680 1.37000
v -0.91000 -0.79380 1.37000
v -0.91000 -0.72980 1.37000
v -0.91000 0.66520 1.37000
v -0.91000 0.73120 1.37000
v -0.91000 0.79120 1.37000
v -0.91000 -0.55680 1.38700
v -0.91000 0.54820 1.38700
v -0.91000 0.50120 1.43500
v -0.91000 -0.51980 1.43800
v -0.91000 0.44120 1.50300
v -0.91000 -0.47180 1.50800
v -0.91000 -1.30180 1.53500
v -0.91000 1.24020 1.53500
v -0.91000 0.37520 1.57700
v -0.91000 -0.42080 1.58100
v -0.91000 -1.30880 1.59600
v -0.91000 1.24720 1.59600
v -0.91000 -0.37580 1.63600
v -0.91000 0.32020 1.63600
v -0.91000 -0.29880 1.65500
v -0.91000 -0.21980 1.65500
v -0.91000 -0.10680 1.65500
v -0.91000 0.04120 1.65500
v -0.91000 0.17420 1.65500
v -0.91000 0.24220 1.65500
v -0.91000 -1.30880 1.70700
v -0.91000 1.24820 1.70700
v -0.91000 -1.30580 1.89300
v -0.91000 1.24720 1.89300
v -0.91000 -1.30280 2.07200
v -0.91000 1.24520 2.07200
v -0.91000 -1.30080 2.16500
v -0.91000 1.24420 2.16500
v -0.91000 -1.28280 2.86100
v -0.91000 1.22320 2.86100
v -0.91000 -1.27680 2.92400
v -0.91000 1.21520 2.92400
v -0.91000 -1.27080 2.98400
v -0.91000 1.20720 2.98400
v -0.91000 1.18620 3.27000
v -0.91000 1.17720 3.33300
v -0.91000 1.15320 3.44400
v -0.91000 1.12420 3.56000
v -0.91000 -1.18480 3.64000
v -0.91000 1.09820 3.64100
v -0.91000 1.16520 3.65100
v -0.91000 -1.16780 3.70300
v -0.91000 1.07220 3.70400
v -0.91000 1.11420 3.74900
v -0.91000 1.12820 3.75000
v -0.91000 1.04420 3.76500
v -0.91000 -1.14780 3.76600
v -0.91000 1.01920 3.81600
v -0.91000 -1.11880 3.82500
v -0.91000 1.09220 3.84900
v -0.91000 1.06120 3.87700
v -0.91000 -1.07680 3.87800
v -0.91000 -1.02380 3.91600
v -0.91000 1.03920 3.92800
v -0.91000 -0.96480 3.93500
v -0.91000 0.87420 3.93900
v -0.91000 -0.90980 3.94200
v -0.91000 0.80920 3.94300
v -0.91000 0.70320 3.94500
v -0.91000 0.60620 3.94600
v -0.91000 -0.73080 3.94800
v -0.91000 -0.64780 3.94800
v -0.91000 -0.56680 3.94800
v -0.91000 -0.17580 3.95100
v -0.91000 -0.10880 3.95100
v -0.91000 -0.00480 3.95100
v -0.91000 0.23820 3.95100
v -0.91000 0.29220 3.95100
v -0.91000 0.09120 3.95200
v -0.91100 1.26220 1.91500
v -0.91200 0.85020 1.66500
v -0.91200 1.14220 1.66500
v -0.91200 0.84120 1.71700
v -0.91200 1.15620 1.71700
v -0.91200 0.75220 3.61900
v -0.91200 1.16620 3.62500
v -0.91200 0.73420 3.73900
v -0.91200 0.71920 3.86100
v -0.91200 0.72420 3.91800
v -0.91500 -0.06580 2.95500
v -0.91500 0.03620 2.95500
v -0.91500 -0.17180 2.95600
v -0.91500 -0.17080 2.95600
v -0.91500 -0.13980 2.95600
v -0.91500 0.26220 2.95600
v -0.91500 0.29420 2.95600
v -0.91500 -0.01280 2.97600
v -0.91500 0.02020 2.97600
v -0.91500 0.02120 2.97600
v -0.91500 -0.16080 2.98100
v -0.91500 -0.15980 2.98100
v -0.91500 0.27220 2.98100
v -0.91500 0.27320 2.98100
v -0.91500 -0.16080 2.98200
v -0.91500 -0.15980 2.98200
v -0.91500 0.27220 2.98200
v -0.91500 0.27320 2.98200
v -0.91500 -0.13680 3.03000
v -0.91500 -0.13580 3.03000
v -0.91500 0.29720 3.03000
v -0.91500 -0.21180 3.03100
v -0.91500 -0.18680 3.03100
v -0.91500 0.22220 3.03100
v -0.91500 0.24720 3.03100
v -0.91500 -0.09880 3.03200
v -0.91500 0.02020 3.03200
v -0.91500 0.02120 3.03200
v -0.91500 0.33520 3.03200
v -0.91500 -0.01280 3.03300
v -0.91500 -0.14680 3.05300
v -0.91500 -0.08480 3.05300
v -0.91500 -0.02780 3.05300
v -0.91500 0.03620 3.05300
v -0.91500 0.20720 3.05300
v -0.91500 0.25720 3.05300
v -0.91500 0.28720 3.05300
v -0.91500 0.34920 3.05300
v -0.91500 -0.14680 3.05400
v -0.91500 -0.08480 3.05400
v -0.91500 -0.02780 3.05400
v -0.91500 0.03620 3.05400
v -0.91500 0.20720 3.05400
v -0.91500 0.25720 3.05400
v -0.91500 0.28720 3.05400
v -0.91500 0.34920 3.05400
v -0.91600 -0.06580 2.95500
v -0.91600 0.03620 2.95500
v -0.91600 -0.17080 2.95600
v -0.91600 -0.14080 2.95600
v -0.91600 -0.06580 2.95600
v -0.91600 0.26320 2.95600
v -0.91600 0.29320 2.95600
v -0.91600 0.02620 2.96800
v -0.91600 0.02420 2.96900
v -0.91600 0.02220 2.97000
v -0.91600 0.02120 2.97100
v -0.91600 0.02020 2.97300
v -0.91600 -0.01280 2.97600
v -0.91600 0.02020 2.97600
v -0.91600 -0.16080 2.97900
v -0.91600 0.27320 2.97900
v -0.91600 -0.13580 3.03000
v -0.91600 0.29820 3.03000
v -0.91600 -0.21080 3.03100
v -0.91600 -0.18780 3.03100
v -0.91600 0.22220 3.03100
v -0.91600 0.24620 3.03100
v -0.91600 -0.09980 3.03200
v -0.91600 -0.09880 3.03200
v -0.91600 0.02020 3.03200
v -0.91600 0.33420 3.03200
v -0.91600 -0.01280 3.03300
v -0.91600 -0.13380 3.03700
v -0.91600 0.29920 3.03700
v -0.91600 -0.13480 3.03800
v -0.91600 0.29920 3.03800
v -0.91600 -0.13580 3.03900
v -0.91600 0.29820 3.03900
v -0.91600 -0.13780 3.04000
v -0.91600 -0.13680 3.04000
v -0.91600 -0.01780 3.04000
v -0.91600 0.29520 3.04000
v -0.91600 0.29620 3.04000
v -0.91600 -0.14680 3.05300
v -0.91600 -0.08480 3.05300
v -0.91600 -0.02780 3.05300
v -0.91600 0.03620 3.05300
v -0.91600 0.20720 3.05300
v -0.91600 0.25720 3.05300
v -0.91600 0.28720 3.05300
v -0.91600 0.34920 3.05300
v -0.91700 1.13320 3.58400
v -0.91700 1.18320 3.58400
v -0.92200 1.19720 3.58200
v -0.93800 -1.33680 1.92000
v -0.93900 -1.33680 1.91800
v -0.93900 1.26120 1.91800
v -0.93900 1.13620 3.75400
v -0.93900 1.09420 3.86700
v -0.94500 -1.33680 1.92100
v -0.94500 1.26120 1.92100
v -0.94500 -1.34680 1.92800
v -0.94600 -1.26680 3.21000
v -0.94700 -1.25180 3.19700
v -0.94700 -1.25280 3.20000
v -0.94900 1.19420 3.21000
v -0.95000 1.17920 3.19700
v -0.95000 1.18020 3.20000
v -0.95100 1.25320 1.11900
v -0.95100 1.18020 3.19400
v -0.95200 -1.35980 1.11900
v -0.95200 1.28020 1.12300
v -0.95200 1.19620 3.18700
v -0.95500 0.84720 1.66500
v -0.95500 0.83820 1.71700
v -0.95500 1.13320 3.58400
v -0.95500 1.18320 3.58400
v -0.95500 0.75020 3.61900
v -0.95500 0.73120 3.73900
v -0.95500 0.71620 3.86100
v -0.95500 0.72020 3.91800
v -0.95600 1.03120 3.89600
v -0.95600 1.04620 3.90000
v -0.95800 0.95420 3.95100
v -0.95900 0.85020 1.66500
v -0.95900 1.14220 1.66500
v -0.95900 0.84120 1.71700
v -0.95900 1.15620 1.71700
v -0.95900 0.75220 3.61900
v -0.95900 1.16620 3.62500
v -0.95900 0.73420 3.73900
v -0.95900 1.05020 3.84900
v -0.95900 1.06620 3.85200
v -0.95900 0.71920 3.86100
v -0.95900 0.72420 3.91800
v -0.96000 1.11420 3.74900
v -0.96000 1.06120 3.87700
v -0.96000 1.03920 3.92800
v -0.96200 1.27020 1.93300
v -0.96200 1.07620 3.77800
v -0.96200 1.09120 3.78100
v -0.96400 1.10120 3.70100
v -0.96400 1.11720 3.70500
v -0.96600 1.12020 3.63900
v -0.96600 1.13620 3.64300
v -0.96600 1.09420 3.78200
v -0.96900 1.11920 3.70600
v -0.98500 1.10320 3.56000
v -0.98600 1.10620 3.55500
v -0.98800 -0.14180 1.23300
v -0.98800 0.14020 1.23300
v -0.98800 -0.00080 1.26000
v -0.98900 -0.25080 1.19200
v -0.98900 -0.37080 1.20800
v -0.98900 0.36920 1.20800
v -0.98900 -0.42380 1.23000
v -0.98900 0.42220 1.23000
v -0.98900 -0.14180 1.23300
v -0.98900 0.14020 1.23300
v -0.98900 -0.47780 1.23700
v -0.98900 0.47620 1.23700
v -0.98900 -0.00080 1.25900
v -0.98900 -0.54480 1.33200
v -0.98900 -0.48980 1.33200
v -0.98900 -0.41680 1.33200
v -0.98900 -0.34380 1.33200
v -0.98900 -0.28680 1.33200
v -0.98900 0.28520 1.33200
v -0.98900 0.34220 1.33200
v -0.98900 0.41520 1.33200
v -0.98900 0.48820 1.33200
v -0.98900 0.54320 1.33200
v -0.98900 -0.16580 1.39000
v -0.98900 -0.09380 1.39000
v -0.98900 -0.00080 1.39000
v -0.98900 0.09220 1.39000
v -0.98900 0.16420 1.39000
v -0.99800 1.09820 3.57200
v -0.99900 1.08120 3.62000
v -0.99900 1.03220 3.75200
v -0.99900 0.98220 3.88500
v -0.99900 0.96320 3.93300
v -1.00300 -1.34580 1.93000
v -1.00300 1.27020 1.93000
v -1.00300 1.10220 3.57200
v -1.00300 0.96720 3.93600
v -1.00400 -1.26580 3.21200
v -1.00400 1.19320 3.21200
v -1.00400 1.08520 3.62100
v -1.00400 1.03620 3.75300
v -1.00400 0.98620 3.88600
v -1.00500 -1.25180 3.20200
v -1.00500 1.17920 3.20200
v -1.00600 -1.25080 3.19900
v -1.00600 1.17820 3.19900
v -1.00700 1.19520 3.18800
v -1.01100 -0.25080 1.19200
v -1.01100 -0.37080 1.20800
v -1.01100 0.36920 1.20800
v -1.01100 -0.42480 1.23000
v -1.01100 0.42220 1.23000
v -1.01100 -0.14180 1.23300
v -1.01100 -0.47980 1.23700
v -1.01100 0.47820 1.23700
v -1.01100 -0.00080 1.25900
v -1.01100 -0.55380 1.33200
v -1.01100 -0.49480 1.33200
v -1.01100 -0.41780 1.33200
v -1.01100 -0.34380 1.33200
v -1.01100 -0.28680 1.33200
v -1.01100 0.28520 1.33200
v -1.01100 0.34220 1.33200
v -1.01100 0.41620 1.33200
v -1.01100 0.49320 1.33200
v -1.01100 0.55220 1.33200
v -1.01100 -0.16580 1.39000
v -1.01100 -0.09380 1.39000
v -1.01100 -0.00080 1.39000
v -1.01100 0.09220 1.39000
v -1.01100 0.16420 1.39000
v -1.01200 -0.25080 1.19300
v -1.01200 0.24820 1.19300
v -1.01200 -0.37080 1.20900
v -1.01200 0.36920 1.20900
v -1.01200 -0.42380 1.23100
v -1.01200 0.42220 1.23100
v -1.01200 -0.14180 1.23300
v -1.01200 0.14020 1.23300
v -1.01200 -0.48080 1.23800
v -1.01200 0.47820 1.23800
v -1.01200 -0.00080 1.26000
v -1.01200 -0.16680 1.38900
v -1.01200 -0.09480 1.38900
v -1.01200 -0.00080 1.38900
v -1.01200 0.09320 1.38900
v -1.01200 0.16520 1.38900
v -1.01400 -1.33680 1.94000
v -1.01400 1.26120 1.94000
v -1.01600 1.26120 1.94200
v -1.02400 -1.34480 1.95000
v -1.02500 -1.33680 1.94400
v -1.02500 1.26120 1.94400
v -1.02800 1.26920 1.95100
v -1.03800 -1.35780 1.12600
v -1.03800 1.25120 1.12600
v -1.03800 1.27820 1.13000
v -1.03900 -0.38680 0.87300
v -1.03900 -0.38280 0.87300
v -1.03900 0.38720 0.87300
v -1.03900 0.39120 0.87300
v -1.03900 -0.38380 0.93400
v -1.03900 0.38820 0.93400
v -1.03900 -0.38780 0.93500
v -1.03900 0.39220 0.93500
v -1.04500 -0.31480 1.05800
v -1.04500 0.31920 1.05800
v -1.04500 -0.31780 1.06000
v -1.04500 0.32220 1.06000
v -1.04600 -0.30580 1.07700
v -1.04600 0.31020 1.07700
v -1.04600 -0.30880 1.07900
v -1.04600 0.31320 1.07900
v -1.07100 -0.21880 1.18700
v -1.07100 0.22320 1.18700
v -1.07100 -0.21980 1.18900
v -1.07100 0.22420 1.18900
v -1.07300 -0.19480 1.20300
v -1.07300 0.19920 1.20300
v -1.07300 -0.19580 1.20600
v -1.07300 0.20020 1.20600
v -1.07300 -0.12680 1.22600
v -1.07300 0.13120 1.22600
v -1.07300 -0.12680 1.22800
v -1.07300 0.00220 1.22800
v -1.07300 0.13120 1.22800
v -1.07300 0.00220 1.23100
v -1.07900 -1.34380 1.95500
v -1.07900 1.26820 1.95500
v -1.08400 -1.33980 1.96100
v -1.08400 1.26420 1.96100
v -1.09200 -0.80580 4.15700
v -1.09200 -0.73780 4.15700
v -1.09200 -0.65080 4.15700
v -1.09200 -0.56080 4.15700
v -1.09200 -0.43780 4.15700
v -1.09200 -0.25380 4.15700
v -1.09200 -0.03780 4.15700
v -1.09200 0.17720 4.15700
v -1.09200 0.36220 4.15700
v -1.09200 0.48520 4.15700
v -1.09200 0.57720 4.15700
v -1.09200 0.66920 4.15700
v -1.09200 0.74520 4.15700
v -1.09400 1.26420 1.96500
v -1.09400 0.97220 4.13800
v -1.09400 -1.04780 4.14000
v -1.09500 -1.34380 1.96900
v -1.09500 -0.80580 4.12700
v -1.09500 -0.73780 4.12700
v -1.09500 -0.65080 4.12700
v -1.09500 -0.56080 4.12700
v -1.09500 -0.43780 4.12700
v -1.09500 -0.25380 4.12700
v -1.09500 -0.03780 4.12700
v -1.09500 0.17720 4.12700
v -1.09500 0.36220 4.12700
v -1.09500 0.48520 4.12700
v -1.09500 0.57720 4.12700
v -1.09500 0.66920 4.12700
v -1.09500 0.74520 4.12700
v -1.09700 0.97020 4.13700
v -1.09700 -1.04580 4.13800
v -1.09900 -1.02380 4.12400
v -1.10000 -1.33880 1.96600
v -1.10000 1.26320 1.96600
v -1.10000 0.94820 4.12300
v -1.10300 -1.07480 4.07100
v -1.10400 1.00020 4.06600
v -1.10600 -1.07180 4.07000
v -1.10700 0.99820 4.06500
v -1.10900 -1.04780 4.05800
v -1.11000 0.97320 4.05400
v -1.11100 -0.38680 0.87300
v -1.11100 0.39120 0.87300
v -1.11200 -0.38280 0.87300
v -1.11200 0.38720 0.87300
v -1.11200 -1.09880 4.00500
v -1.11500 -1.09580 4.00400
v -1.11600 1.02320 3.99600
v -1.11700 -0.38980 0.87300
v -1.11700 0.39420 0.87300
v -1.11700 -0.38980 0.93500
v -1.11700 0.39420 0.93500
v -1.11700 -1.07180 3.99200
v -1.11800 0.99820 3.98600
v -1.11900 -1.11980 3.95400
v -1.12000 -0.12680 1.23000
v -1.12000 0.13120 1.23000
v -1.12000 0.00220 1.23200
v -1.12200 -0.38680 0.87300
v -1.12200 0.39120 0.87300
v -1.12200 -0.38680 0.93500
v -1.12200 0.39120 0.93500
v -1.12200 -0.31780 1.06000
v -1.12200 0.32220 1.06000
v -1.12200 -0.30880 1.07900
v -1.12200 0.31320 1.07900
v -1.12200 1.04920 3.93300
v -1.12200 -1.11680 3.95300
v -1.12300 -0.21980 1.18900
v -1.12300 0.22420 1.18900
v -1.12300 -0.12680 1.22800
v -1.12300 0.13120 1.22800
v -1.12300 0.00220 1.23000
v -1.12400 -1.09280 3.94200
v -1.12500 1.04620 3.93200
v -1.12600 -1.14680 3.90200
v -1.12700 -0.23980 1.23600
v -1.12700 0.24420 1.23600
v -1.12700 1.02120 3.92300
v -1.12800 -0.37080 1.12100
v -1.12800 0.37520 1.12100
v -1.12800 1.25020 1.12800
v -1.12800 1.27720 1.13300
v -1.12900 -1.35680 1.12900
v -1.12900 1.06620 3.88200
v -1.12900 -1.14380 3.90200
v -1.13100 -1.11880 3.89100
v -1.13200 1.06420 3.88200
v -1.13300 1.03820 3.87200
v -1.13600 -1.17680 3.83600
v -1.13800 -1.17380 3.83500
v -1.13900 -1.14880 3.82600
v -1.14100 1.09120 3.79900
v -1.14300 1.08820 3.79900
v -1.14400 1.06320 3.79000
v -1.14500 -1.19680 3.76900
v -1.14800 -1.16880 3.76100
v -1.14800 -1.19480 3.76800
v -1.14900 -0.21180 1.26400
v -1.14900 0.21620 1.26400
v -1.14900 -0.21280 1.26700
v -1.14900 0.21720 1.26700
v -1.14900 -0.12680 1.30600
v -1.14900 0.13120 1.30600
v -1.14900 -0.12680 1.30900
v -1.14900 0.13120 1.30900
v -1.14900 0.00220 1.32800
v -1.14900 0.00220 1.33100
v -1.15000 -0.24480 1.24700
v -1.15000 0.24920 1.24700
v -1.15000 -0.24580 1.24900
v -1.15000 0.25020 1.24900
v -1.15200 -1.34280 1.98000
v -1.15200 1.26620 1.98000
v -1.15300 1.11620 3.71200
v -1.15400 -1.34280 1.98500
v -1.15400 1.26620 1.98500
v -1.15400 -1.21080 3.70400
v -1.15500 1.11420 3.71100
v -1.15600 1.08820 3.70300
v -1.15600 -1.20780 3.70400
v -1.15700 -1.18180 3.69800
v -1.15800 -1.34180 1.98400
v -1.15800 1.26620 1.98400
v -1.16100 -0.38480 1.13000
v -1.16100 0.38920 1.13000
v -1.16100 -0.38780 1.13200
v -1.16100 0.39220 1.13200
v -1.16200 -0.39680 1.10700
v -1.16200 0.40020 1.10700
v -1.16200 -0.39980 1.10900
v -1.16200 0.40420 1.10900
v -1.16200 -1.21980 3.64600
v -1.16200 1.13520 3.64600
v -1.16400 -0.48980 0.88400
v -1.16400 0.49420 0.88400
v -1.16400 -0.48980 0.95300
v -1.16400 0.49420 0.95300
v -1.16400 1.10620 3.63900
v -1.16400 -1.19080 3.64100
v -1.16400 1.13320 3.64500
v -1.16500 -0.48580 0.88300
v -1.16500 0.49020 0.88300
v -1.16500 -0.48480 0.95200
v -1.16500 0.48920 0.95200
v -1.17300 -1.22880 3.56500
v -1.17500 -1.19980 3.56100
v -1.17500 -1.22680 3.56500
v -1.17700 1.15720 3.53100
v -1.17900 1.12720 3.52600
v -1.18900 -1.24280 3.43300
v -1.19100 1.16820 3.41900
v -1.19100 -1.21280 3.42900
v -1.19200 -1.23980 3.43300
v -1.19300 1.13820 3.41500
v -1.19300 1.16520 3.41900
v -1.20100 1.24920 1.12900
v -1.20200 -1.35580 1.12900
v -1.20200 1.27620 1.13300
v -1.20500 1.17920 3.30500
v -1.20500 -1.25380 3.30800
v -1.20700 1.15020 3.30100
v -1.20700 -1.22380 3.30500
v -1.20700 1.17720 3.30500
v -1.20700 -1.25180 3.30800
v -1.21200 -1.25880 3.25100
v -1.21200 1.18520 3.25100
v -1.21400 -1.22980 3.24700
v -1.21400 1.15520 3.24700
v -1.21400 -1.25680 3.25100
v -1.22400 -1.26880 3.14800
v -1.22400 1.19520 3.14800
v -1.22600 -1.23880 3.14600
v -1.22600 1.16520 3.14600
v -1.23200 -1.27580 3.08200
v -1.23200 1.20220 3.08200
v -1.23300 -1.24580 3.08000
v -1.23300 1.17220 3.08000
v -1.24100 -1.28380 3.00300
v -1.24100 1.21020 3.00300
v -1.24200 -1.25380 3.00100
v -1.24200 1.18020 3.00100
v -1.24300 -1.28180 3.00300
v -1.24300 1.20720 3.00300
v -1.24800 -1.29280 2.93000
v -1.24800 1.21720 2.93000
v -1.25000 -1.26280 2.92800
v -1.25000 1.18720 2.92800
v -1.25000 -1.28980 2.93100
v -1.25000 1.21420 2.93100
v -1.25500 -1.29980 2.86100
v -1.25500 1.22420 2.86100
v -1.25700 -1.26980 2.85900
v -1.25700 1.19420 2.85900
v -1.25800 -1.29680 2.86100
v -1.25800 1.22120 2.86100
v -1.26300 -1.30580 2.79100
v -1.26300 1.22920 2.79100
v -1.26500 -1.27580 2.78900
v -1.26500 1.19920 2.78900
v -1.26500 -1.30280 2.79100
v -1.26500 1.22720 2.79100
v -1.27400 -1.31180 2.68000
v -1.27400 1.23620 2.68000
v -1.27600 -1.28180 2.67800
v -1.27600 1.20620 2.67800
v -1.27700 -1.30880 2.68000
v -1.27700 1.23320 2.68000
v -1.29300 -1.32080 2.48900
v -1.29300 1.24520 2.48900
v -1.29500 -1.29080 2.48800
v -1.29500 1.21520 2.48800
v -1.29500 -1.31780 2.48900
v -1.29500 1.24220 2.48900
v -1.31000 -1.32880 2.31400
v -1.31000 1.25220 2.31400
v -1.31100 -1.29880 2.31300
v -1.31100 1.22220 2.31300
v -1.31200 1.25020 2.31400
v -1.31600 -1.33080 2.25100
v -1.31600 1.25520 2.25100
v -1.31700 -1.30080 2.25000
v -1.31700 1.22520 2.25000
v -1.33500 -1.33780 2.01800
v -1.33500 1.26220 2.01800
v -1.33700 -1.30780 2.01800
v -1.33700 1.23220 2.01800
v -1.33800 -1.33880 1.96300
v -1.33800 1.26320 1.96300
v -1.34000 -1.30880 1.96300
v -1.34000 1.23320 1.96300
v -1.34700 -1.34180 1.81100
v -1.34700 1.26620 1.81100
v -1.34900 -1.31180 1.81100
v -1.34900 1.23620 1.81100
v -1.35600 1.26920 1.65000
v -1.35600 -1.34480 1.65200
v -1.35800 1.23920 1.65000
v -1.35800 1.26620 1.65000
v -1.35800 -1.31480 1.65200
v -1.36000 1.27020 1.56700
v -1.36000 -1.34680 1.57600
v -1.36200 1.24020 1.56600
v -1.36200 -1.31680 1.57500
v -1.36300 1.27120 1.50600
v -1.36300 -1.34780 1.52300
v -1.36300 1.26820 1.56600
v -1.36300 -1.34380 1.57600
v -1.36500 1.24120 1.50600
v -1.36500 1.26820 1.50600
v -1.36500 -1.31780 1.52300
v -1.36500 -1.34480 1.52400
v -1.36600 1.27220 1.41400
v -1.36600 -1.34880 1.43700
v -1.36800 1.24220 1.41400
v -1.36800 -1.31880 1.43700
v -1.36900 1.27020 1.41400
v -1.36900 -1.34580 1.43700
v -1.37000 1.27320 1.31600
v -1.37000 -1.34980 1.33400
v -1.37200 1.24320 1.31500
v -1.37200 1.27120 1.31600
v -1.37200 -1.34680 1.33400
v -1.37200 -1.31980 1.33400
v -1.37300 -1.35080 1.23100
v -1.37300 1.27420 1.23500
v -1.37400 1.24420 1.23500
v -1.37500 1.27520 1.17700
v -1.37500 -1.32080 1.23100
v -1.37500 1.27120 1.23500
v -1.37600 -1.34780 1.23200
v -1.37700 -1.35080 1.12900
v -1.37700 1.24520 1.17700
v -1.37800 -1.32080 1.12900
v -1.37900 -1.34880 1.12900
v -1.55900 1.12320 1.24300
v -1.55900 1.13420 1.24300
v -1.55900 1.12320 1.31500
v -1.55900 1.13420 1.31500
v -1.55900 1.12320 1.38100
v -1.55900 1.13420 1.38100
v -1.55900 -1.04880 1.38300
v -1.55900 -0.33780 1.38300
v -1.55900 0.37320 1.38300
v -1.55900 1.08420 1.38300
v -1.55900 -1.04880 1.39400
v -1.55900 -0.33780 1.39400
v -1.55900 0.37320 1.39400
v -1.55900 1.08420 1.39400
v -1.55900 1.12320 1.39600
v -1.55900 1.13420 1.39600
v -1.55900 1.12320 1.48400
v -1.55900 1.13420 1.48400
v -1.55900 1.12320 1.91600
v -1.55900 1.13420 1.91600
v -1.55900 1.12320 2.83300
v -1.55900 1.13420 2.83300
v -1.55900 1.12320 3.15900
v -1.55900 1.13420 3.15900
v -1.55900 1.12320 3.76500
v -1.55900 1.13420 3.76500
v -1.55900 1.12320 3.86800
v -1.55900 1.13420 3.86800
v -1.55900 -1.04880 3.91600
v -1.55900 -0.33780 3.91600
v -1.55900 0.37320 3.91600
v -1.55900 1.08420 3.91600
v -1.55900 -1.04880 3.92700
v -1.55900 -0.33780 3.92700
v -1.55900 0.37320 3.92700
v -1.55900 1.08420 3.92700
v -1.55900 1.12320 3.92900
v -1.55900 1.13420 3.92900
v -1.55900 1.12320 4.01000
v -1.55900 1.13420 4.01000
v -1.55900 1.12320 4.08700
v -1.55900 1.13420 4.08700
v -1.56200 -1.09180 1.24300
v -1.56200 1.12820 1.24300
v -1.56200 -1.09180 1.31500
v -1.56200 1.12820 1.31500
v -1.56200 -1.09180 1.38100
v -1.56200 1.12820 1.38100
v -1.56200 -1.04780 1.38900
v -1.56200 -0.33780 1.38900
v -1.56200 0.37320 1.38900
v -1.56200 1.08320 1.38900
v -1.56200 -1.09180 1.39600
v -1.56200 1.12820 1.39600
v -1.56200 -1.09180 1.48400
v -1.56200 1.12820 1.48400
v -1.56200 -1.09180 1.91600
v -1.56200 1.12820 1.91600
v -1.56200 -1.09180 2.83300
v -1.56200 1.12820 2.83300
v -1.56200 -1.09180 3.15900
v -1.56200 1.12820 3.15900
v -1.56200 -1.09180 3.76500
v -1.56200 1.12820 3.76500
v -1.56200 -1.09180 3.86800
v -1.56200 1.12820 3.86800
v -1.56200 -1.04780 3.92200
v -1.56200 -0.33780 3.92200
v -1.56200 0.37320 3.92200
v -1.56200 1.08320 3.92200
v -1.56200 -1.09180 3.92900
v -1.56200 1.12820 3.92900
v -1.56200 -1.09180 4.01000
v -1.56200 1.12820 4.01000
v -1.56200 -1.09180 4.08600
v -1.56200 1.12820 4.08600
v -1.56700 -1.04780 1.17200
v -1.56700 -0.33780 1.17200
v -1.56700 0.37320 1.17200
v -1.56700 1.08320 1.17200
v -1.56700 -1.04780 4.11300
v -1.56700 -0.33780 4.11300
v -1.56700 0.37320 4.11300
v -1.56700 1.08320 4.11300
v -1.57400 1.08220 1.17100
v -1.57400 1.13520 1.17100
v -1.67800 1.35420 1.38200
v -1.67800 -1.31680 1.38300
v -1.67800 1.35320 1.38300
v -1.67800 1.35320 1.38400
v -1.67800 -1.31080 1.38900
v -1.67800 1.34820 1.38900
v -1.67800 1.35320 1.39300
v -1.67800 -1.31680 1.39400
v -1.67800 1.35320 1.39400
v -1.67800 1.35420 1.39500
v -1.67800 1.35420 3.91500
v -1.67800 -1.31680 3.91600
v -1.67800 1.35320 3.91600
v -1.67800 1.35320 3.91700
v -1.67800 -1.31080 3.92200
v -1.67800 1.34820 3.92200
v -1.67800 1.35320 3.92600
v -1.67800 -1.31680 3.92700
v -1.67800 1.35320 3.92700
v -1.67800 1.35420 3.92800
v -1.79200 1.35420 1.38200
v -1.79200 1.35320 1.38300
v -1.79200 1.35320 1.38400
v -1.79200 1.34820 1.38900
v -1.79200 1.35320 1.39300
v -1.79200 1.35320 1.39400
v -1.79200 1.35420 1.39500
v -1.79200 1.35420 3.91500
v -1.79200 1.35320 3.91600
v -1.79200 1.35320 3.91700
v -1.79200 1.34820 3.92200
v -1.79200 1.35320 3.92600
v -1.79200 1.35320 3.92700
v -1.79200 1.35420 3.92800
v -1.79500 -1.31680 1.38300
v -1.79500 -1.31080 1.38900
v -1.79500 -1.31680 1.39400
v -1.79500 -1.31680 3.91600
v -1.79500 -1.31080 3.92200
v -1.79500 -1.31680 3.92700
v -1.79900 1.28120 1.17200
v -1.79900 1.28120 4.11300
v -1.80000 -0.40280 1.17200
v -1.80000 0.43920 1.17200
v -1.80000 -0.40280 4.11300
v -1.80000 0.43920 4.11300
v -1.80100 -1.24380 1.17200
v -1.80100 -1.24380 4.11300
v -1.80200 -1.31480 1.24300
v -1.80200 -1.31480 1.31500
v -1.80200 -1.31480 1.38100
v -1.80200 -1.31480 1.39600
v -1.80200 -1.31480 1.48400
v -1.80200 -1.31480 1.91600
v -1.80200 -1.31480 2.83300
v -1.80200 -1.31480 3.15900
v -1.80200 -1.31480 3.76500
v -1.80200 -1.31480 3.86800
v -1.80200 -1.31480 3.92900
v -1.80200 -1.31480 4.01000
v -1.80200 -1.31480 4.08700
v -1.80400 1.28120 1.38900
v -1.80400 1.28120 3.92200
v -1.80500 0.43920 1.38900
v -1.80500 0.43920 3.92200
v -1.80600 -0.40180 1.38900
v -1.80600 -0.40180 3.92200
v -1.80700 1.28120 1.38300
v -1.80700 -1.24380 1.38900
v -1.80700 1.28120 1.39400
v -1.80700 1.28120 3.91600
v -1.80700 -1.24380 3.92200
v -1.80700 1.28120 3.92700
v -1.80800 0.43920 1.38300
v -1.80800 -0.40280 1.38400
v -1.80800 0.43920 1.39400
v -1.80800 0.43920 3.91600
v -1.80800 -0.40280 3.91700
v -1.80800 0.43920 3.92700
v -1.80900 -1.24380 1.38300
v -1.80900 -0.40280 1.38300
v -1.80900 -1.24380 1.39300
v -1.80900 -1.24380 1.39400
v -1.80900 -0.40280 1.39400
v -1.80900 -0.40280 1.39500
v -1.80900 -1.24380 3.91600
v -1.80900 -0.40280 3.91600
v -1.80900 -1.24380 3.92600
v -1.80900 -1.24380 3.92700
v -1.80900 -0.40280 3.92700
v -1.80900 -0.40280 3.92800
v -1.81000 -1.24380 1.38200
v -1.81000 -1.24380 1.39500
v -1.81000 -1.24380 3.91500
v -1.81000 -1.24380 3.92800
l 2 5
l 3 5
l 10 17
l 11 15
l 11 19
l 15 31
l 16 27
l 20 30
l 25 51
l 27 48
l 30 44
l 31 45
l 32 45
l 33 50
l 35 43
l 41 60
l 42 61
l 42 70
l 43 66
l 44 69
l 47 81
l 48 72
l 50 178
l 61 237
l 65 157
l 66 180
l 66 181
l 70 245
l 76 122
l 81 255
l 93 194
l 93 195
l 99 145
l 113 168
l 117 170
l 127 168
l 145 218
l 157 265
l 159 191
l 168 228
l 177 249
l 177 250
l 178 262
l 178 263
l 194 271
l 195 275
l 232 240
l 249 310
l 250 311
l 254 313
l 255 323
l 258 288
l 258 289
l 265 373
l 271 392
l 273 328
l 273 329
l 275 393
l 279 330
l 279 331
l 288 390
l 289 391
l 294 342
l 294 343
l 310 407
l 311 408
l 318 363
l 318 364
l 319 365
l 319 366
l 320 367
l 320 368
l 328 419
l 329 420
l 330 421
l 331 422
l 342 423
l 343 424
l 356 399
l 356 400
l 357 405
l 357 406
l 363 449
l 364 450
l 365 455
l 366 456
l 367 459
l 368 460
l 390 516
l 391 517
l 392 471
l 393 472
l 399 503
l 400 504
l 405 505
l 406 506
l 407 473
l 408 474
l 413 532
l 419 540
l 420 541
l 421 542
l 422 543
l 423 532
l 424 533
l 431 440
l 431 444
l 432 441
l 432 445
l 433 442
l 433 446
l 434 443
l 434 447
l 449 565
l 450 566
l 455 568
l 456 569
l 459 555
l 460 556
l 475 552
l 503 601
l 504 602
l 505 603
l 506 604
l 516 589
l 517 590
l 532 616
l 532 629
l 533 618
l 540 623
l 541 624
l 542 625
l 543 626
l 552 663
l 555 642
l 556 643
l 565 636
l 566 637
l 567 591
l 568 640
l 569 641
l 572 599
l 573 592
l 580 585
l 580 587
l 581 586
l 581 588
l 582 600
l 591 627
l 592 628
l 597 726
l 598 727
l 599 638
l 600 639
l 601 689
l 602 690
l 603 691
l 604 692
l 608 645
l 609 646
l 614 621
l 615 622
l 616 693
l 618 694
l 621 632
l 622 633
l 632 647
l 633 648
l 638 657
l 639 658
l 645 664
l 646 665
l 647 651
l 648 652
l 655 687
l 656 688
l 664 685
l 665 686
l 672 676
l 673 679
l 674 677
l 675 678
l 676 682
l 677 680
l 678 681
l 679 683
l 685 709
l 686 710
l 687 717
l 688 718
l 689 737
l 690 738
l 691 739
l 692 740
l 693 756
l 694 757
l 703 704
l 704 719
l 705 706
l 705 725
l 709 745
l 710 746
l 715 717
l 716 718
l 719 720
l 720 721
l 721 722
l 722 723
l 723 724
l 724 725
l 726 794
l 727 795
l 755 800
l 757 801
l 773 802
l 774 803
l 791 831
l 794 902
l 795 903
l 800 894
l 801 884
l 802 859
l 803 860
l 807 895
l 823 890
l 824 891
l 827 896
l 828 897
l 832 869
l 833 863
l 834 864
l 835 857
l 836 858
l 857 904
l 858 905
l 859 919
l 860 920
l 863 892
l 864 893
l 883 943
l 886 933
l 887 934
l 890 929
l 891 930
l 894 947
l 895 944
l 902 963
l 903 964
l 904 935
l 905 936
l 921 974
l 922 975
l 933 978
l 934 979
l 935 967
l 936 968
l 943 991
l 944 992
l 948 992
l 959 996
l 960 997
l 963 1026
l 964 1027
l 967 986
l 968 987
l 990 1259
l 991 1259
l 992 1260
l 1004 1005
l 1004 1577
l 1005 1006
l 1006 1007
l 1007 1008
l 1008 1009
l 1009 1010
l 1010 1011
l 1011 1012
l 1012 1013
l 1013 1014
l 1014 1578
l 1026 1503
l 1027 1504
l 1260 1519
l 1522 1526
l 1522 1528
l 1526 1545
l 1527 1541
l 1527 1542
l 1528 1546
l 1537 1538
l 1538 2006
l 1541 1551
l 1542 1552
l 1545 1561
l 1546 1562
l 1551 1568
l 1552 1569
l 1561 1575
l 1562 1576
l 1568 1589
l 1569 1590
l 1573 2242
l 1577 2392
l 1578 2393
l 1589 1647
l 1590 1651
l 1655 1681
l 1656 1682
l 1660 1661
l 1666 1733
l 1667 1734
l 1678 1755
l 1679 1756
l 1681 1788
l 1682 1789
l 1733 1805
l 1734 1806
l 1736 6770
l 1739 1819
l 1740 1820
l 1742 1744
l 1743 1745
l 1744 1746
l 1745 1747
l 1752 1815
l 1753 1818
l 1754 1818
l 1755 1821
l 1756 1843
l 1757 1838
l 1762 1764
l 1763 1765
l 1764 1782
l 1765 1783
l 1774 1776
l 1775 1777
l 1776 1778
l 1777 1779
l 1778 1780
l 1779 1781
l 1780 1782
l 1781 1783
l 1788 2020
l 1789 2021
l 1805 2023
l 1806 2024
l 1815 1903
l 1818 1906
l 1819 1994
l 1820 1995
l 1838 1881
l 1843 1920
l 1860 1862
l 1860 1876
l 1861 1863
l 1861 1877
l 1862 1864
l 1863 1865
l 1864 1866
l 1865 1867
l 1866 1868
l 1867 1869
l 1870 1872
l 1871 1873
l 1872 1874
l 1873 1875
l 1883 1996
l 1885 1889
l 1886 1890
l 1889 1893
l 1890 1894
l 1896 1899
l 1897 1900
l 1898 1899
l 1900 1901
l 1903 2004
l 1906 1999
l 1906 2005
l 1907 1931
l 1908 1932
l 1920 2014
l 1931 1941
l 1932 1942
l 1951 1954
l 1952 1955
l 1953 1954
l 1955 1956
l 1963 1967
l 1964 1968
l 1967 1971
l 1968 1972
l 1971 1975
l 1972 1976
l 1975 1979
l 1976 1980
l 1991 2028
l 1992 2029
l 1994 2067
l 1995 2068
l 1996 2048
l 1999 2043
l 2000 2002
l 2000 2017
l 2001 2003
l 2001 2018
l 2002 2010
l 2003 2011
l 2004 2049
l 2005 2050
l 2010 2025
l 2011 2026
l 2020 2149
l 2021 2150
l 2023 2161
l 2024 2162
l 2025 2032
l 2026 2033
l 2028 2045
l 2029 2046
l 2032 2039
l 2033 2040
l 2039 2057
l 2040 2058
l 2045 2071
l 2046 2072
l 2049 2077
l 2050 2079
l 2050 2081
l 2059 2790
l 2064 6727
l 2067 2088
l 2068 2089
l 2071 2091
l 2072 2092
l 2077 2106
l 2079 2108
l 2080 2105
l 2091 2125
l 2092 2126
l 2112 2137
l 2113 2139
l 2125 2166
l 2126 2167
l 2137 2171
l 2139 2173
l 2149 2307
l 2150 2308
l 2159 2192
l 2160 2193
l 2161 2316
l 2162 2317
l 2166 2217
l 2167 2218
l 2171 2205
l 2173 2207
l 2177 2291
l 2178 2292
l 2192 2235
l 2193 2236
l 2205 2238
l 2207 2239
l 2217 2326
l 2218 2327
l 2227 2490
l 2228 2491
l 2235 2259
l 2236 2260
l 2238 2266
l 2239 2267
l 2259 2301
l 2260 2302
l 2262 2501
l 2263 2502
l 2266 2313
l 2267 2314
l 2281 2522
l 2282 2523
l 2291 2525
l 2292 2526
l 2301 2333
l 2302 2334
l 2313 2377
l 2314 2378
l 2326 2563
l 2327 2564
l 2333 2344
l 2334 2345
l 2344 2372
l 2345 2373
l 2362 2364
l 2363 2365
l 2364 2366
l 2365 2367
l 2366 2368
l 2367 2370
l 2368 2369
l 2369 2370
l 2372 2374
l 2373 2375
l 2391 2540
l 2392 2935
l 2393 2936
l 2479 6723
l 2483 2541
l 2484 2543
l 2490 2650
l 2491 2651
l 2496 2551
l 2497 2551
l 2498 2551
l 2501 2614
l 2502 2615
l 2513 2609
l 2515 2611
l 2522 2638
l 2523 2639
l 2525 2641
l 2526 2642
l 2539 2573
l 2546 2574
l 2547 2575
l 2547 2578
l 2550 2585
l 2554 2585
l 2555 2585
l 2563 2750
l 2564 2751
l 2570 2877
l 2572 2622
l 2583 2630
l 2584 2631
l 2592 2640
l 2609 2761
l 2611 2762
l 2622 2645
l 2630 2657
l 2631 2658
l 2636 6713
l 2638 2707
l 2639 2708
l 2640 2661
l 2641 2725
l 2642 2726
l 2676 2684
l 2676 2686
l 2677 2685
l 2677 2687
l 2680 2718
l 2682 2692
l 2682 2694
l 2683 2693
l 2683 2695
l 2684 2696
l 2685 2697
l 2686 2698
l 2687 2699
l 2692 2714
l 2693 2715
l 2694 2712
l 2695 2713
l 2696 2716
l 2697 2717
l 2698 2719
l 2699 2720
l 2712 2731
l 2713 2732
l 2714 2731
l 2715 2732
l 2716 2727
l 2717 2728
l 2719 2733
l 2720 2734
l 2741 2800
l 2742 2801
l 2750 2948
l 2751 2949
l 2761 2965
l 2762 2966
l 2775 2817
l 2776 2818
l 2779 2977
l 2780 2978
l 2800 2921
l 2801 2922
l 2817 2879
l 2818 2880
l 2819 2820
l 2820 2821
l 2822 2823
l 2823 2824
l 2825 6771
l 2879 3017
l 2880 3018
l 2931 2933
l 2932 2934
l 2933 2939
l 2934 2940
l 2935 3510
l 2936 3520
l 2948 3654
l 2949 3655
l 2965 3643
l 2966 3645
l 2977 3615
l 2978 3616
l 2987 2988
l 3007 3024
l 3008 3025
l 3017 3591
l 3018 3592
l 3021 3604
l 3022 3605
l 3024 3498
l 3025 3499
l 3490 6718
l 3498 3629
l 3499 3630
l 3503 3544
l 3506 3547
l 3510 3511
l 3511 3512
l 3512 3513
l 3513 3514
l 3514 3515
l 3515 3516
l 3516 3517
l 3517 3518
l 3518 3519
l 3519 3520
l 3539 3566
l 3541 3568
l 3544 3570
l 3547 3561
l 3554 3582
l 3564 3579
l 3566 3586
l 3568 3583
l 3591 3663
l 3592 3664
l 3597 3679
l 3598 3680
l 3604 3684
l 3605 3685
l 3615 3718
l 3616 3719
l 3629 3696
l 3630 3697
l 3643 4102
l 3645 4103
l 3654 4087
l 3655 4088
l 3663 3693
l 3664 3694
l 3679 4072
l 3680 4073
l 3684 4079
l 3685 4082
l 3693 4074
l 3694 4075
l 3696 4137
l 3697 4138
l 3718 4111
l 3719 4112
l 3739 3740
l 3740 3741
l 3741 3742
l 3742 3743
l 3744 3745
l 3745 3746
l 3746 3747
l 3747 3748
l 3799 3800
l 3800 3801
l 3801 3802
l 3802 3803
l 3804 3805
l 3805 3806
l 3806 3807
l 3807 3808
l 3902 4146
l 3903 4147
l 3904 4148
l 3905 4149
l 4014 4188
l 4015 4189
l 4016 4190
l 4017 4191
l 4072 4252
l 4073 4253
l 4074 4142
l 4075 4143
l 4079 4264
l 4082 4265
l 4087 4291
l 4088 4292
l 4102 4302
l 4103 4303
l 4137 4281
l 4138 4282
l 4142 4258
l 4143 4259
l 4146 4439
l 4147 4440
l 4148 4441
l 4149 4442
l 4188 4527
l 4189 4528
l 4190 4529
l 4191 4530
l 4252 4328
l 4253 4329
l 4258 4317
l 4259 4318
l 4260 4319
l 4261 4322
l 4262 4315
l 4263 4316
l 4264 4361
l 4265 4362
l 4276 4341
l 4277 4342
l 4291 4376
l 4292 4377
l 4302 4384
l 4303 4385
l 4317 4363
l 4318 4364
l 4319 4365
l 4322 4368
l 4326 4373
l 4327 4374
l 4341 4409
l 4342 4410
l 4361 4437
l 4362 4438
l 4409 4556
l 4410 4557
l 4439 4810
l 4440 4811
l 4441 4812
l 4442 4813
l 4527 4852
l 4528 4853
l 4529 4854
l 4530 4855
l 4566 4568
l 4567 4569
l 4568 4570
l 4569 4571
l 4578 4722
l 4605 4606
l 4606 4607
l 4608 4609
l 4609 4610
l 4611 4734
l 4645 4653
l 4646 4655
l 4653 4675
l 4655 4676
l 4662 4670
l 4663 4671
l 4670 4675
l 4671 4676
l 4684 4685
l 4685 4686
l 4686 4687
l 4687 4692
l 4688 4689
l 4688 4693
l 4689 4690
l 4690 4691
l 4692 4695
l 4693 4694
l 4694 4695
l 4722 5230
l 4729 4749
l 4730 4750
l 4734 4985
l 4740 4744
l 4744 4758
l 4747 4789
l 4749 4790
l 4750 4791
l 4810 5106
l 4811 5107
l 4812 5108
l 4813 5109
l 4852 5218
l 4853 5219
l 4854 5220
l 4855 5221
l 4857 5039
l 4858 5040
l 4881 4883
l 4882 4884
l 4883 4885
l 4884 4886
l 4885 4887
l 4886 4888
l 4887 4889
l 4888 4890
l 4891 4893
l 4892 4894
l 4893 4895
l 4894 4896
l 4895 4897
l 4896 4898
l 4897 4899
l 4898 4900
l 4899 4901
l 4900 4902
l 4903 4905
l 4904 4906
l 4905 4907
l 4906 4908
l 4909 4913
l 4910 4914
l 4913 4917
l 4914 4918
l 4921 4925
l 4922 4926
l 4925 4929
l 4926 4930
l 4929 4933
l 4930 4934
l 4933 4937
l 4934 4938
l 4937 4941
l 4938 4942
l 4941 4945
l 4942 4946
l 4945 4949
l 4946 4950
l 4980 5513
l 4983 5429
l 5006 5433
l 5010 5435
l 5011 5438
l 5013 5437
l 5027 5440
l 5028 5439
l 5029 5441
l 5030 5442
l 5035 5447
l 5047 5500
l 5085 5404
l 5087 5406
l 5230 5837
l 5236 5554
l 5241 5242
l 5242 5243
l 5243 5244
l 5244 5245
l 5246 5247
l 5247 5248
l 5248 5249
l 5249 5250
l 5391 5392
l 5392 5393
l 5393 5394
l 5394 5395
l 5396 5397
l 5397 5398
l 5398 5399
l 5399 5400
l 5404 5496
l 5408 5609
l 5409 5610
l 5410 5611
l 5411 5601
l 5413 5615
l 5414 5616
l 5418 5603
l 5420 5605
l 5421 5604
l 5424 5612
l 5425 5594
l 5429 5717
l 5433 5518
l 5435 5523
l 5437 5521
l 5438 5527
l 5439 5525
l 5440 5526
l 5441 5530
l 5442 5529
l 5445 5533
l 5447 5536
l 5480 5585
l 5481 5586
l 5483 5622
l 5484 5623
l 5487 5645
l 5494 5567
l 5500 5730
l 5511 5657
l 5512 5658
l 5513 5945
l 5554 5764
l 5559 5771
l 5563 5643
l 5564 5644
l 5573 5676
l 5574 5677
l 5585 5715
l 5586 5716
l 5594 5774
l 5601 5906
l 5603 5915
l 5604 5913
l 5605 5917
l 5606 5916
l 5610 5903
l 5612 5923
l 5616 5909
l 5619 5746
l 5620 5747
l 5622 5813
l 5623 5814
l 5626 5749
l 5627 5750
l 5643 5765
l 5644 5766
l 5645 5836
l 5657 5874
l 5658 5875
l 5662 5803
l 5663 5804
l 5670 5809
l 5671 5810
l 5676 5834
l 5677 5835
l 5693 5853
l 5703 5861
l 5704 5862
l 5706 5864
l 5708 5865
l 5711 5867
l 5712 5869
l 5715 5822
l 5716 5823
l 5717 5949
l 5730 6028
l 5746 5879
l 5747 5880
l 5749 5883
l 5750 5884
l 5764 5955
l 5765 5847
l 5766 5848
l 5771 6266
l 5774 5876
l 5788 5795
l 5803 5968
l 5804 5969
l 5809 5972
l 5810 5973
l 5813 5996
l 5814 5997
l 5822 5941
l 5823 5942
l 5834 5991
l 5835 5992
l 5836 5931
l 5837 6196
l 5852 6238
l 5859 6240
l 5861 6245
l 5862 6242
l 5864 6249
l 5865 6248
l 5867 6250
l 5869 6254
l 5874 6025
l 5875 6026
l 5906 6158
l 5909 6160
l 5914 6165
l 5915 6163
l 5916 6166
l 5917 6167
l 5923 6172
l 5924 6171
l 5941 6013
l 5942 6014
l 5945 6308
l 5949 6050
l 5955 6051
l 5968 6103
l 5969 6104
l 5972 6122
l 5973 6123
l 5975 6030
l 5976 6031
l 5991 6144
l 5992 6145
l 5996 6116
l 5997 6117
l 6008 6079
l 6013 6097
l 6014 6098
l 6025 6180
l 6026 6181
l 6027 6099
l 6028 6327
l 6030 6127
l 6031 6128
l 6050 6100
l 6051 6101
l 6070 6230
l 6071 6231
l 6074 6234
l 6075 6235
l 6079 6152
l 6097 6224
l 6098 6225
l 6099 6204
l 6100 6218
l 6101 6219
l 6103 6198
l 6104 6199
l 6116 6267
l 6117 6268
l 6122 6315
l 6123 6316
l 6127 6273
l 6128 6274
l 6144 6333
l 6145 6334
l 6152 6295
l 6159 6461
l 6160 6463
l 6163 6466
l 6164 6464
l 6165 6468
l 6166 6467
l 6171 6476
l 6172 6477
l 6180 6306
l 6181 6307
l 6191 6192
l 6191 6483
l 6192 6193
l 6193 6484
l 6196 6563
l 6204 6313
l 6218 6343
l 6219 6344
l 6224 6366
l 6225 6367
l 6230 6411
l 6231 6412
l 6234 6405
l 6235 6406
l 6238 6664
l 6240 6667
l 6244 6672
l 6245 6670
l 6248 6673
l 6250 6675
l 6266 7065
l 6267 6347
l 6268 6348
l 6281 6385
l 6282 6386
l 6295 6420
l 6306 6400
l 6307 6401
l 6308 6513
l 6313 6454
l 6315 6479
l 6316 6480
l 6327 6514
l 6333 6487
l 6334 6488
l 6339 6446
l 6340 6447
l 6343 6497
l 6344 6498
l 6347 6442
l 6348 6443
l 6351 6353
l 6351 6388
l 6352 6354
l 6352 6389
l 6353 6355
l 6354 6356
l 6357 6359
l 6358 6360
l 6359 6361
l 6360 6362
l 6361 6363
l 6362 6363
l 6366 6525
l 6367 6526
l 6385 6490
l 6386 6491
l 6388 6402
l 6389 6403
l 6400 6511
l 6401 6512
l 6402 6416
l 6403 6417
l 6405 6504
l 6406 6505
l 6411 6500
l 6412 6501
l 6420 6548
l 6446 6557
l 6447 6558
l 6454 6566
l 6461 6690
l 6463 6693
l 6464 6694
l 6466 6696
l 6471 6697
l 6477 6703
l 6483 6840
l 6484 6841
l 6497 6583
l 6498 6584
l 6525 6721
l 6526 6722
l 6548 6680
l 6563 7102
l 6577 6578
l 6577 6580
l 6580 6624
l 6589 6590
l 6589 6604
l 6590 6591
l 6591 6592
l 6593 6594
l 6594 6595
l 6595 6596
l 6596 6597
l 6597 6598
l 6598 6599
l 6600 6601
l 6601 6602
l 6602 6603
l 6603 6605
l 6604 6606
l 6605 6607
l 6606 6608
l 6607 6609
l 6624 6647
l 6625 6626
l 6626 6627
l 6628 6630
l 6629 6631
l 6630 6632
l 6631 6633
l 6632 6634
l 6633 6635
l 6634 6636
l 6635 6637
l 6636 6638
l 6637 6639
l 6638 6640
l 6639 6641
l 6640 6642
l 6641 6643
l 6647 6649
l 6649 6688
l 6652 6709
l 6664 7092
l 6667 7082
l 6670 7083
l 6671 7084
l 6672 7087
l 6673 7086
l 6674 7088
l 6675 7077
l 6676 7079
l 6684 6685
l 6684 6705
l 6685 6686
l 6688 6753
l 6690 6984
l 6693 6986
l 6694 6985
l 6696 6987
l 6697 6991
l 6702 7002
l 6709 6750
l 6721 7399
l 6722 7400
l 6750 6758
l 6753 6761
l 6766 6780
l 6767 6781
l 6780 6783
l 6781 6784
l 6783 6813
l 6784 6814
l 6787 6795
l 6790 6798
l 6795 6830
l 6798 6833
l 6801 6805
l 6802 6806
l 6805 6809
l 6806 6810
l 6813 6846
l 6814 6847
l 6818 6822
l 6819 6823
l 6822 6825
l 6823 6826
l 6830 6851
l 6833 6853
l 6846 6855
l 6847 6856
l 6851 6862
l 6853 6865
l 6862 6874
l 6865 6877
l 6868 6872
l 6869 6873
l 6872 6886
l 6873 6887
l 6874 6882
l 6877 6885
l 6878 6959
l 6879 6960
l 6882 6922
l 6885 6924
l 6886 6916
l 6887 6917
l 6888 6890
l 6894 7310
l 6896 6897
l 6898 6899
l 6899 6900
l 6900 6901
l 6901 6902
l 6902 6903
l 6903 6904
l 6904 6905
l 6905 6906
l 6906 6907
l 6907 6908
l 6909 6910
l 6910 6911
l 6912 6918
l 6916 6920
l 6917 6921
l 6922 6933
l 6924 6935
l 6933 6939
l 6935 6941
l 6943 6948
l 6952 6967
l 6953 6968
l 6959 7062
l 6960 7063
l 6967 6975
l 6968 6976
l 6969 7003
l 6970 7004
l 6993 7012
l 6994 7013
l 6997 7017
l 7000 7020
l 7003 7005
l 7004 7006
l 7008 7012
l 7009 7013
l 7017 7025
l 7020 7027
l 7021 7025
l 7021 7033
l 7024 7027
l 7024 7036
l 7029 7033
l 7029 7043
l 7032 7036
l 7032 7045
l 7037 7041
l 7040 7045
l 7040 7048
l 7041 7043
l 7062 7072
l 7063 7073
l 7065 7898
l 7072 7080
l 7073 7081
l 7101 7859
l 7102 7874
l 7104 7861
l 7220 7221
l 7222 7244
l 7222 7245
l 7223 7250
l 7224 7250
l 7225 7229
l 7225 7231
l 7226 7248
l 7227 7253
l 7228 7254
l 7230 7256
l 7232 7255
l 7233 7256
l 7234 7251
l 7236 7246
l 7237 7247
l 7238 7242
l 7239 7249
l 7240 7243
l 7257 7263
l 7258 7269
l 7259 7265
l 7260 7269
l 7261 7265
l 7262 7269
l 7263 7264
l 7265 7266
l 7267 7268
l 7269 7270
l 7280 7292
l 7299 7305
l 7302 7314
l 7312 7323
l 7317 7323
l 7325 7372
l 7369 7391
l 7370 7372
l 7388 7392
l 7390 7393
l 7392 7395
l 7393 7398
l 7396 7401
l 7403 7404
l 7404 7405
l 7405 7406
l 7406 7407
l 7408 7409
l 7409 7410
l 7411 7413
l 7412 7414
l 7413 7415
l 7414 7416
l 7415 7419
l 7416 7420
l 7417 7421
l 7418 7422
l 7419 7423
l 7420 7424
l 7421 7431
l 7422 7432
l 7425 7426
l 7426 7427
l 7427 7428
l 7428 7429
l 7429 7430
l 7431 7433
l 7432 7434
l 7433 7435
l 7434 7436
l 7435 7437
l 7436 7438
l 7439 7441
l 7440 7442
l 7441 7443
l 7442 7444
l 7445 7447
l 7446 7448
l 7447 7449
l 7448 7450
l 7449 7451
l 7450 7452
l 7451 7453
l 7452 7454
l 7453 7455
l 7454 7456
l 7455 7458
l 7456 7457
l 7457 7459
l 7458 7460
l 7460 7461
l 7461 7462
l 7462 7463
l 7463 7465
l 7464 7466
l 7466 7467
l 7467 7468
l 7469 7471
l 7470 7471
l 7472 7473
l 7473 7474
l 7474 7477
l 7475 7476
l 7714 7721
l 7714 7746
l 7721 7724
l 7750 7751
l 7753 7771
l 7754 7775
l 7755 7773
l 7756 7778
l 7757 7779
l 7759 7777
l 7760 7772
l 7761 7768
l 7762 7774
l 7763 7770
l 7764 7772
l 7766 7774
l 7788 7789
l 7790 7791
l 7792 7793
l 7794 7795
l 7799 7818
l 7800 7803
l 7800 7804
l 7800 7805
l 7800 7806
l 7800 7807
l 7802 7821
l 7810 7815
l 7823 7835
l 7824 7841
l 7825 7835
l 7826 7841
l 7827 7835
l 7828 7841
l 7829 7835
l 7830 7835
l 7831 7837
l 7832 7841
l 7833 7841
l 7834 7835
l 7836 7837
l 7838 7839
l 7840 7841
l 7859 7995
l 7861 7994
l 7872 7882
l 7880 7886
l 7882 7890
l 7886 7887
l 7887 7888
l 7890 7892
l 7892 7894
l 7928 7929
l 7929 7930
l 7930 7931
l 7931 7932
l 7994 8115
l 7995 8113
l 7997 8073
l 7998 8075
l 7999 8076
l 8000 8074
l 8048 8049
l 8049 8050
l 8050 8051
l 8051 8052
l 8052 8053
l 8053 8054
l 8054 8055
l 8055 8056
l 8056 8057
l 8057 8058
l 8058 8059
l 8059 8060
l 8063 8071
l 8066 8072
l 8071 8084
l 8072 8085
l 8105 8118
l 8110 8120
l 8113 8188
l 8115 8189
l 8118 8123
l 8120 8126
l 8123 8128
l 8126 8151
l 8128 8153
l 8151 8170
l 8153 8171
l 8171 8178
l 8178 8184
l 8181 8186
l 8184 8194
l 8186 8193
l 8193 8200
l 8194 8199
l 8204 8208
l 8205 8209
l 8208 8212
l 8209 8213
l 8212 8218
l 8213 8219
l 8218 8224
l 8219 8225
l 8224 8230
l 8225 8231
l 8230 8236
l 8231 8237
l 8236 8242
l 8237 8243
l 8242 8248
l 8243 8249
l 8248 8253
l 8249 8254
l 8257 8261
l 8258 8262
l 8261 8265
l 8262 8266
l 8265 8271
l 8266 8269
l 8269 8274
l 8271 8275
l 8274 8280
l 8275 8282
l 8280 8286
l 8282 8287
l 8286 8292
l 8287 8295
l 8292 8298
l 8295 8300
l 8298 8304
l 8300 8305
l 1 2
l 4 7
l 4 8
l 6 12
l 8 13
l 9 14
l 11 18
l 12 17
l 18 34
l 19 34
l 21 29
l 22 29
l 23 38
l 23 41
l 24 41
l 24 44
l 25 50
l 26 39
l 26 40
l 28 36
l 28 37
l 29 36
l 31 49
l 38 60
l 39 59
l 40 59
l 44 60
l 46 53
l 47 80
l 48 73
l 52 124
l 53 71
l 54 58
l 55 139
l 56 207
l 57 58
l 58 92
l 62 91
l 63 156
l 64 156
l 67 96
l 67 97
l 68 98
l 70 252
l 71 136
l 74 110
l 75 119
l 77 123
l 78 103
l 78 123
l 79 103
l 79 121
l 80 255
l 82 109
l 82 110
l 83 111
l 84 111
l 84 126
l 85 126
l 85 147
l 86 129
l 87 118
l 87 129
l 88 118
l 89 119
l 90 133
l 91 179
l 92 208
l 94 196
l 94 197
l 95 198
l 95 199
l 96 141
l 96 163
l 97 140
l 98 143
l 100 146
l 101 147
l 102 130
l 103 152
l 103 153
l 104 138
l 105 257
l 105 260
l 106 214
l 106 215
l 107 216
l 107 217
l 108 140
l 108 142
l 109 167
l 111 164
l 111 165
l 112 144
l 112 145
l 114 168
l 115 148
l 116 150
l 117 150
l 118 204
l 119 171
l 120 151
l 120 174
l 121 175
l 122 174
l 124 261
l 125 165
l 125 166
l 126 164
l 128 169
l 129 204
l 130 203
l 131 171
l 131 172
l 132 205
l 132 222
l 133 176
l 134 233
l 134 234
l 135 235
l 135 236
l 136 247
l 137 224
l 137 238
l 138 224
l 139 261
l 144 218
l 145 219
l 148 221
l 149 220
l 149 231
l 154 241
l 154 242
l 155 243
l 155 244
l 158 182
l 158 190
l 160 184
l 160 191
l 161 185
l 161 192
l 162 183
l 162 193
l 164 200
l 165 200
l 165 201
l 168 229
l 169 221
l 169 231
l 169 232
l 173 206
l 179 253
l 184 188
l 186 212
l 186 226
l 187 209
l 187 227
l 188 213
l 189 210
l 196 276
l 197 277
l 198 278
l 199 280
l 202 230
l 202 232
l 208 256
l 211 225
l 211 226
l 214 272
l 214 276
l 215 274
l 215 277
l 216 278
l 217 280
l 220 239
l 223 267
l 224 259
l 230 240
l 231 239
l 233 290
l 234 291
l 235 292
l 236 293
l 238 259
l 241 306
l 242 307
l 243 308
l 244 309
l 246 300
l 246 301
l 247 268
l 248 264
l 248 268
l 251 358
l 252 345
l 253 282
l 255 313
l 256 295
l 257 347
l 259 303
l 260 347
l 261 353
l 261 359
l 264 322
l 265 372
l 266 296
l 266 297
l 268 335
l 269 284
l 269 286
l 270 285
l 270 287
l 272 375
l 274 376
l 278 377
l 280 378
l 281 332
l 281 333
l 282 346
l 283 314
l 283 315
l 290 381
l 291 382
l 292 383
l 293 384
l 295 352
l 296 370
l 297 371
l 298 325
l 299 350
l 299 351
l 302 360
l 302 369
l 303 360
l 304 316
l 305 317
l 306 401
l 307 402
l 308 403
l 309 404
l 312 437
l 312 461
l 314 388
l 315 389
l 316 326
l 317 327
l 321 461
l 322 386
l 324 396
l 326 338
l 327 339
l 332 413
l 333 414
l 334 385
l 334 395
l 335 386
l 336 338
l 337 339
l 340 348
l 341 349
l 344 494
l 346 395
l 348 354
l 349 355
l 350 426
l 351 427
l 352 409
l 354 361
l 355 362
l 358 493
l 360 410
l 369 416
l 370 510
l 370 518
l 371 511
l 374 511
l 374 519
l 375 465
l 376 466
l 377 467
l 378 468
l 379 451
l 380 452
l 381 453
l 382 454
l 383 457
l 384 458
l 385 430
l 386 464
l 387 439
l 387 464
l 388 523
l 389 524
l 394 462
l 397 411
l 398 412
l 401 489
l 402 490
l 403 491
l 404 492
l 409 476
l 410 477
l 411 448
l 414 533
l 415 509
l 416 477
l 417 435
l 418 436
l 425 606
l 426 544
l 427 545
l 428 605
l 429 606
l 430 522
l 435 469
l 436 470
l 437 593
l 438 534
l 439 558
l 448 482
l 462 551
l 462 557
l 463 534
l 463 546
l 464 570
l 469 495
l 470 496
l 476 584
l 477 552
l 478 514
l 479 515
l 480 742
l 481 743
l 483 485
l 484 486
l 485 487
l 486 488
l 489 528
l 490 529
l 491 530
l 492 531
l 494 659
l 497 499
l 498 500
l 499 501
l 500 502
l 507 659
l 508 571
l 508 575
l 509 583
l 510 699
l 510 708
l 512 536
l 513 537
l 514 538
l 515 539
l 518 708
l 519 700
l 520 547
l 521 548
l 523 730
l 524 731
l 525 526
l 526 527
l 533 630
l 535 736
l 536 553
l 537 554
l 538 563
l 539 564
l 544 617
l 545 619
l 546 631
l 547 561
l 548 562
l 549 670
l 550 671
l 551 607
l 553 578
l 554 579
l 557 620
l 559 576
l 560 577
l 561 595
l 562 596
l 563 634
l 564 635
l 571 668
l 571 669
l 574 644
l 575 668
l 576 610
l 577 611
l 578 612
l 579 613
l 583 662
l 594 749
l 594 752
l 606 752
l 607 661
l 610 653
l 611 654
l 612 649
l 613 650
l 620 660
l 620 661
l 629 696
l 630 697
l 631 684
l 634 713
l 635 714
l 653 711
l 654 712
l 660 729
l 666 747
l 667 748
l 669 734
l 670 787
l 671 788
l 684 728
l 693 753
l 693 755
l 695 741
l 695 751
l 696 753
l 697 757
l 698 751
l 699 841
l 700 842
l 701 798
l 702 799
l 707 744
l 707 750
l 711 764
l 712 765
l 713 780
l 714 781
l 729 761
l 730 849
l 731 850
l 732 758
l 733 759
l 734 763
l 735 855
l 741 766
l 742 872
l 743 873
l 744 769
l 750 769
l 751 770
l 751 777
l 754 801
l 754 807
l 756 806
l 758 804
l 759 805
l 760 782
l 762 775
l 763 776
l 764 821
l 765 822
l 767 783
l 768 784
l 771 789
l 772 790
l 775 808
l 776 809
l 778 796
l 779 797
l 780 843
l 781 844
l 783 837
l 784 838
l 785 813
l 786 814
l 787 910
l 789 847
l 790 848
l 792 861
l 793 862
l 796 851
l 797 852
l 800 883
l 804 870
l 805 871
l 806 894
l 810 878
l 811 829
l 812 830
l 813 867
l 814 868
l 815 839
l 816 840
l 817 885
l 818 899
l 819 845
l 820 846
l 821 888
l 822 889
l 825 853
l 826 854
l 829 879
l 830 880
l 834 866
l 837 900
l 838 901
l 839 874
l 840 875
l 841 945
l 842 946
l 845 876
l 846 877
l 847 906
l 848 907
l 849 951
l 850 952
l 851 908
l 852 909
l 853 876
l 856 956
l 864 882
l 865 881
l 866 882
l 867 917
l 868 918
l 879 925
l 880 926
l 884 944
l 895 948
l 898 939
l 899 940
l 900 931
l 901 932
l 906 937
l 907 938
l 908 941
l 909 942
l 910 988
l 911 989
l 912 970
l 913 971
l 914 1668
l 915 1669
l 916 1670
l 917 949
l 918 950
l 923 1671
l 924 1672
l 925 957
l 926 958
l 927 984
l 928 985
l 931 961
l 932 962
l 937 965
l 938 966
l 941 972
l 942 973
l 943 990
l 945 998
l 946 999
l 947 991
l 949 976
l 950 977
l 951 1000
l 952 1001
l 953 993
l 954 994
l 955 1002
l 956 1003
l 957 982
l 958 983
l 969 1028
l 980 1031
l 981 1032
l 984 1253
l 985 1254
l 988 1263
l 989 1264
l 995 1029
l 998 1497
l 999 1498
l 1000 1499
l 1001 1500
l 1002 1501
l 1015 1016
l 1015 1579
l 1016 1017
l 1017 1018
l 1018 1019
l 1019 1020
l 1020 1021
l 1021 1022
l 1022 1023
l 1023 1024
l 1024 1025
l 1025 1580
l 1030 1262
l 1033 1034
l 1033 1591
l 1034 1035
l 1035 1036
l 1036 1037
l 1037 1038
l 1038 1039
l 1039 1040
l 1040 1041
l 1041 1042
l 1042 1043
l 1043 1592
l 1044 1045
l 1044 1593
l 1045 1046
l 1046 1047
l 1047 1048
l 1048 1049
l 1049 1050
l 1050 1051
l 1051 1052
l 1052 1053
l 1053 1054
l 1054 1594
l 1055 1056
l 1055 1595
l 1056 1057
l 1057 1058
l 1058 1059
l 1059 1060
l 1060 1061
l 1061 1062
l 1062 1063
l 1063 1064
l 1064 1065
l 1065 1596
l 1066 1067
l 1066 1597
l 1067 1068
l 1068 1069
l 1069 1070
l 1070 1071
l 1071 1072
l 1072 1073
l 1073 1074
l 1074 1075
l 1075 1076
l 1076 1598
l 1077 1078
l 1077 1599
l 1078 1079
l 1079 1080
l 1080 1081
l 1081 1082
l 1082 1083
l 1083 1084
l 1084 1085
l 1085 1086
l 1086 1087
l 1087 1600
l 1088 1089
l 1088 1257
l 1088 1601
l 1089 1090
l 1090 1091
l 1091 1092
l 1092 1093
l 1093 1094
l 1094 1095
l 1095 1096
l 1096 1097
l 1097 1098
l 1098 1258
l 1098 1602
l 1099 1100
l 1099 1603
l 1100 1101
l 1101 1102
l 1102 1103
l 1103 1104
l 1104 1105
l 1105 1106
l 1106 1107
l 1107 1108
l 1109 1604
l 1110 1111
l 1110 1605
l 1111 1112
l 1112 1113
l 1113 1114
l 1114 1115
l 1115 1116
l 1116 1117
l 1117 1118
l 1118 1119
l 1120 1606
l 1121 1122
l 1121 1607
l 1122 1123
l 1123 1124
l 1124 1125
l 1125 1126
l 1126 1127
l 1127 1128
l 1128 1129
l 1129 1130
l 1131 1608
l 1132 1133
l 1132 1609
l 1133 1134
l 1134 1135
l 1135 1136
l 1136 1137
l 1137 1138
l 1138 1139
l 1139 1140
l 1140 1141
l 1142 1610
l 1143 1144
l 1143 1611
l 1144 1145
l 1145 1146
l 1146 1147
l 1147 1148
l 1148 1149
l 1149 1150
l 1150 1151
l 1151 1152
l 1153 1612
l 1154 1155
l 1154 1613
l 1155 1156
l 1156 1157
l 1157 1158
l 1158 1159
l 1159 1160
l 1160 1161
l 1161 1162
l 1162 1163
l 1164 1614
l 1165 1166
l 1165 1615
l 1166 1167
l 1167 1168
l 1168 1169
l 1169 1170
l 1170 1171
l 1171 1172
l 1172 1173
l 1173 1174
l 1175 1616
l 1176 1177
l 1176 1617
l 1177 1178
l 1178 1179
l 1179 1180
l 1180 1181
l 1181 1182
l 1182 1183
l 1183 1184
l 1184 1185
l 1186 1618
l 1187 1188
l 1187 1619
l 1188 1189
l 1189 1190
l 1190 1191
l 1191 1192
l 1192 1193
l 1193 1194
l 1194 1195
l 1195 1196
l 1197 1620
l 1198 1199
l 1198 1621
l 1199 1200
l 1200 1201
l 1201 1202
l 1202 1203
l 1203 1204
l 1204 1205
l 1205 1206
l 1206 1207
l 1208 1622
l 1209 1210
l 1209 1623
l 1210 1211
l 1211 1212
l 1212 1213
l 1213 1214
l 1214 1215
l 1215 1216
l 1216 1217
l 1217 1218
l 1219 1624
l 1220 1221
l 1220 1625
l 1221 1222
l 1222 1223
l 1223 1224
l 1224 1225
l 1225 1226
l 1226 1227
l 1227 1228
l 1228 1229
l 1230 1626
l 1231 1232
l 1231 1627
l 1232 1233
l 1233 1234
l 1234 1235
l 1235 1236
l 1236 1237
l 1237 1238
l 1238 1239
l 1239 1240
l 1241 1628
l 1242 1243
l 1242 1629
l 1243 1244
l 1244 1245
l 1245 1246
l 1246 1247
l 1247 1248
l 1248 1249
l 1249 1250
l 1250 1251
l 1252 1630
l 1253 1505
l 1254 1506
l 1255 1658
l 1256 1659
l 1260 1518
l 1261 1523
l 1262 1524
l 1263 1553
l 1264 1554
l 1265 1266
l 1265 1691
l 1266 1267
l 1267 1268
l 1268 1269
l 1269 1270
l 1270 1271
l 1271 1272
l 1272 1273
l 1273 1274
l 1274 1275
l 1275 1692
l 1276 1277
l 1276 1693
l 1277 1278
l 1278 1279
l 1279 1280
l 1280 1281
l 1281 1282
l 1282 1283
l 1283 1284
l 1284 1285
l 1285 1286
l 1286 1694
l 1287 1288
l 1287 1695
l 1288 1289
l 1289 1290
l 1290 1291
l 1291 1292
l 1292 1293
l 1293 1294
l 1294 1295
l 1295 1296
l 1296 1297
l 1297 1696
l 1298 1299
l 1298 1697
l 1299 1300
l 1300 1301
l 1301 1302
l 1302 1303
l 1303 1304
l 1304 1305
l 1305 1306
l 1306 1307
l 1307 1308
l 1308 1698
l 1309 1310
l 1309 1699
l 1310 1311
l 1311 1312
l 1312 1313
l 1313 1314
l 1314 1315
l 1315 1316
l 1316 1317
l 1317 1318
l 1318 1319
l 1319 1700
l 1320 1321
l 1320 1701
l 1321 1322
l 1322 1323
l 1323 1324
l 1324 1325
l 1325 1326
l 1326 1327
l 1327 1328
l 1328 1329
l 1329 1330
l 1330 1702
l 1331 1703
l 1332 1333
l 1333 1334
l 1334 1335
l 1335 1336
l 1336 1337
l 1337 1338
l 1338 1339
l 1339 1340
l 1341 1704
l 1342 1705
l 1343 1344
l 1344 1345
l 1345 1346
l 1346 1347
l 1347 1348
l 1348 1349
l 1349 1350
l 1350 1351
l 1352 1706
l 1353 1707
l 1354 1355
l 1355 1356
l 1356 1357
l 1357 1358
l 1358 1359
l 1359 1360
l 1360 1361
l 1361 1362
l 1363 1708
l 1364 1709
l 1365 1366
l 1366 1367
l 1367 1368
l 1368 1369
l 1369 1370
l 1370 1371
l 1371 1372
l 1372 1373
l 1374 1710
l 1375 1711
l 1376 1377
l 1377 1378
l 1378 1379
l 1379 1380
l 1380 1381
l 1381 1382
l 1382 1383
l 1383 1384
l 1385 1712
l 1386 1713
l 1387 1388
l 1388 1389
l 1389 1390
l 1390 1391
l 1391 1392
l 1392 1393
l 1393 1394
l 1394 1395
l 1396 1714
l 1397 1715
l 1398 1399
l 1399 1400
l 1400 1401
l 1401 1402
l 1402 1403
l 1403 1404
l 1404 1405
l 1405 1406
l 1407 1716
l 1408 1717
l 1409 1410
l 1410 1411
l 1411 1412
l 1412 1413
l 1413 1414
l 1414 1415
l 1415 1416
l 1416 1417
l 1418 1718
l 1419 1719
l 1420 1421
l 1421 1422
l 1422 1423
l 1423 1424
l 1424 1425
l 1425 1426
l 1426 1427
l 1427 1428
l 1429 1720
l 1430 1721
l 1431 1432
l 1432 1433
l 1433 1434
l 1434 1435
l 1435 1436
l 1436 1437
l 1437 1438
l 1438 1439
l 1440 1722
l 1441 1723
l 1442 1443
l 1443 1444
l 1444 1445
l 1445 1446
l 1446 1447
l 1447 1448
l 1448 1449
l 1449 1450
l 1451 1724
l 1452 1725
l 1453 1454
l 1454 1455
l 1455 1456
l 1456 1457
l 1457 1458
l 1458 1459
l 1459 1460
l 1460 1461
l 1462 1726
l 1463 1727
l 1464 1465
l 1465 1466
l 1466 1467
l 1467 1468
l 1468 1469
l 1469 1470
l 1470 1471
l 1471 1472
l 1473 1728
l 1474 1729
l 1475 1476
l 1476 1477
l 1477 1478
l 1478 1479
l 1479 1480
l 1480 1481
l 1481 1482
l 1482 1483
l 1484 1730
l 1485 1731
l 1486 1487
l 1487 1488
l 1488 1489
l 1489 1490
l 1490 1491
l 1491 1492
l 1492 1493
l 1493 1494
l 1495 1732
l 1496 1631
l 1497 1633
l 1498 1636
l 1500 1635
l 1502 1638
l 1507 1513
l 1507 1514
l 1508 1515
l 1508 1516
l 1509 1510
l 1510 1926
l 1511 1512
l 1512 1927
l 1513 1529
l 1514 1530
l 1515 1531
l 1516 1532
l 1517 2069
l 1520 1533
l 1521 1534
l 1523 1564
l 1524 1565
l 1525 1535
l 1525 1536
l 1529 1557
l 1530 1558
l 1531 1559
l 1532 1560
l 1533 1549
l 1534 1550
l 1535 1547
l 1536 1548
l 1539 1540
l 1540 2007
l 1543 1555
l 1544 1556
l 1547 1571
l 1548 1569
l 1551 1571
l 1555 1570
l 1556 1572
l 1557 1643
l 1558 1644
l 1559 1645
l 1560 1646
l 1563 1684
l 1564 1689
l 1566 2248
l 1567 2249
l 1574 2243
l 1579 2477
l 1580 2478
l 1581 1582
l 1583 1584
l 1585 1639
l 1586 1640
l 1587 1641
l 1588 1642
l 1589 1650
l 1590 1648
l 1591 2396
l 1592 2397
l 1593 2400
l 1594 2401
l 1595 2404
l 1596 2405
l 1597 2408
l 1598 2409
l 1599 2412
l 1600 2413
l 1601 2418
l 1603 2421
l 1604 2422
l 1605 2425
l 1606 2426
l 1607 2429
l 1608 2430
l 1609 2433
l 1610 2434
l 1611 2437
l 1612 2438
l 1613 2441
l 1614 2442
l 1615 2445
l 1616 2446
l 1617 2449
l 1618 2450
l 1619 2453
l 1620 2454
l 1621 2457
l 1622 2458
l 1623 2461
l 1624 2462
l 1625 2465
l 1626 2466
l 1627 2469
l 1628 2470
l 1629 2473
l 1630 2474
l 1631 1918
l 1632 1919
l 1633 1923
l 1634 1924
l 1637 1925
l 1639 1748
l 1640 1749
l 1641 1750
l 1642 1751
l 1643 1766
l 1644 1767
l 1645 1768
l 1646 1769
l 1649 1674
l 1652 1673
l 1653 1676
l 1654 1680
l 1657 1683
l 1658 2416
l 1659 2417
l 1662 1663
l 1664 1687
l 1665 1688
l 1673 1772
l 1674 1770
l 1675 1771
l 1676 1773
l 1677 1755
l 1677 1757
l 1679 1758
l 1683 1791
l 1685 1786
l 1686 1787
l 1687 1804
l 1690 1880
l 1691 2394
l 1692 2395
l 1693 2398
l 1694 2399
l 1695 2402
l 1696 2403
l 1697 2406
l 1698 2407
l 1699 2410
l 1700 2411
l 1701 2414
l 1702 2415
l 1703 2419
l 1704 2420
l 1705 2423
l 1706 2424
l 1707 2427
l 1708 2428
l 1709 2431
l 1710 2432
l 1711 2435
l 1712 2436
l 1713 2439
l 1714 2440
l 1715 2443
l 1716 2444
l 1717 2447
l 1718 2448
l 1719 2451
l 1720 2452
l 1721 2455
l 1722 2456
l 1723 2459
l 1724 2460
l 1725 2463
l 1726 2464
l 1727 2467
l 1728 2468
l 1729 2471
l 1730 2472
l 1731 2475
l 1732 2476
l 1735 6774
l 1737 6776
l 1738 6772
l 1741 1760
l 1748 1949
l 1749 1950
l 1750 1957
l 1751 1958
l 1752 1816
l 1758 1857
l 1759 1815
l 1761 1817
l 1761 1818
l 1766 1945
l 1767 1946
l 1768 1947
l 1769 1948
l 1771 2009
l 1772 2015
l 1773 2016
l 1784 1802
l 1785 1803
l 1786 1988
l 1787 1989
l 1790 2019
l 1792 1794
l 1793 1795
l 1794 1796
l 1795 1797
l 1796 1798
l 1797 1799
l 1798 1800
l 1799 1801
l 1800 1802
l 1801 1803
l 1807 1809
l 1808 1810
l 1809 1811
l 1810 1812
l 1811 1813
l 1812 1814
l 1815 1902
l 1816 1904
l 1817 1905
l 1821 1882
l 1822 1824
l 1822 1839
l 1823 1825
l 1823 1840
l 1824 1826
l 1825 1827
l 1826 1828
l 1827 1829
l 1828 1830
l 1829 1831
l 1832 1834
l 1833 1835
l 1834 1836
l 1835 1837
l 1838 1882
l 1841 1842
l 1844 1846
l 1844 1858
l 1845 1847
l 1845 1859
l 1846 1848
l 1847 1849
l 1849 1850
l 1851 1853
l 1852 1854
l 1853 1855
l 1854 1856
l 1857 1920
l 1878 2031
l 1879 2034
l 1880 2035
l 1884 1888
l 1887 1891
l 1888 1892
l 1891 1895
l 1902 1996
l 1902 2004
l 1903 1997
l 1904 1997
l 1905 1998
l 1905 2005
l 1909 1933
l 1910 1934
l 1911 1914
l 1912 1915
l 1913 1914
l 1915 1916
l 1917 1936
l 1921 2008
l 1921 2014
l 1922 1938
l 1928 1939
l 1929 1940
l 1930 1935
l 1933 1943
l 1934 1944
l 1936 1959
l 1937 1960
l 1938 1961
l 1945 2053
l 1946 2054
l 1947 2055
l 1948 2056
l 1949 2122
l 1950 2123
l 1957 2120
l 1958 2121
l 1962 1966
l 1965 1969
l 1966 1970
l 1969 1973
l 1970 1974
l 1973 1977
l 1974 1978
l 1977 1981
l 1982 1985
l 1983 1986
l 1984 1985
l 1986 1987
l 1988 2061
l 1989 2062
l 1990 2027
l 1993 2030
l 1996 2049
l 1998 2038
l 2004 2041
l 2012 2013
l 2015 2146
l 2016 2147
l 2022 2155
l 2027 2044
l 2030 2047
l 2036 2037
l 2042 2078
l 2043 2076
l 2044 2070
l 2047 2073
l 2048 2077
l 2048 2080
l 2050 2076
l 2050 2078
l 2051 2783
l 2052 2784
l 2053 2082
l 2054 2083
l 2055 2084
l 2056 2085
l 2060 2791
l 2061 2086
l 2062 2087
l 2063 6734
l 2065 6729
l 2066 6735
l 2070 2090
l 2073 2093
l 2074 2095
l 2074 2101
l 2074 2107
l 2075 2094
l 2077 2105
l 2078 2107
l 2081 2096
l 2090 2124
l 2093 2127
l 2094 2117
l 2097 2109
l 2098 2110
l 2099 2130
l 2100 2131
l 2102 2132
l 2103 2133
l 2104 2118
l 2111 2136
l 2114 2141
l 2115 2140
l 2116 2148
l 2119 2158
l 2120 2277
l 2121 2280
l 2122 2278
l 2123 2279
l 2124 2165
l 2127 2168
l 2128 2298
l 2129 2151
l 2130 2200
l 2131 2201
l 2132 2202
l 2133 2203
l 2134 2169
l 2135 2164
l 2136 2170
l 2138 2172
l 2140 2174
l 2142 2188
l 2143 2189
l 2144 2305
l 2145 2306
l 2147 2253
l 2151 2176
l 2152 2180
l 2153 2186
l 2154 2187
l 2156 2309
l 2157 2179
l 2163 2185
l 2165 2216
l 2168 2219
l 2170 2204
l 2172 2206
l 2174 2208
l 2175 2211
l 2176 2212
l 2180 2215
l 2181 2303
l 2182 2299
l 2183 2300
l 2184 2221
l 2185 2222
l 2188 2233
l 2189 2234
l 2190 2381
l 2191 2382
l 2194 2383
l 2195 2384
l 2196 2385
l 2197 2386
l 2198 2387
l 2199 2388
l 2200 2269
l 2201 2270
l 2202 2271
l 2203 2272
l 2204 2237
l 2208 2240
l 2209 2494
l 2210 2495
l 2213 2389
l 2214 2390
l 2216 2325
l 2219 2328
l 2220 2241
l 2221 2250
l 2223 2510
l 2224 2511
l 2225 2255
l 2226 2489
l 2229 2492
l 2230 2493
l 2231 2254
l 2232 2258
l 2233 2256
l 2234 2257
l 2237 2265
l 2240 2268
l 2241 2294
l 2244 2293
l 2245 2295
l 2246 2285
l 2247 2286
l 2251 2297
l 2252 2287
l 2252 2296
l 2254 2304
l 2256 2289
l 2257 2290
l 2261 2500
l 2264 2503
l 2265 2312
l 2268 2315
l 2269 2340
l 2270 2341
l 2271 2339
l 2272 2342
l 2273 2320
l 2274 2321
l 2275 2322
l 2276 2323
l 2283 2521
l 2284 2520
l 2288 2335
l 2289 2329
l 2290 2330
l 2294 2331
l 2295 2332
l 2299 2527
l 2300 2528
l 2303 2529
l 2304 2361
l 2310 2531
l 2311 2532
l 2312 2376
l 2315 2379
l 2318 2535
l 2319 2536
l 2324 2380
l 2325 2562
l 2328 2565
l 2329 2337
l 2330 2338
l 2335 2487
l 2336 2488
l 2337 2347
l 2338 2348
l 2339 2568
l 2340 2566
l 2341 2567
l 2342 2569
l 2343 2506
l 2346 2504
l 2346 2509
l 2347 2349
l 2348 2350
l 2351 2353
l 2352 2354
l 2353 2355
l 2354 2356
l 2355 2357
l 2356 2359
l 2357 2358
l 2358 2359
l 2360 2508
l 2361 2514
l 2371 2507
l 2381 2576
l 2382 2577
l 2383 2597
l 2384 2598
l 2385 2599
l 2386 2600
l 2387 2595
l 2388 2596
l 2389 2581
l 2390 2582
l 2394 2831
l 2395 2832
l 2396 2881
l 2397 2882
l 2398 2833
l 2399 2834
l 2400 2883
l 2401 2884
l 2402 2835
l 2403 2836
l 2404 2885
l 2405 2886
l 2406 2837
l 2407 2838
l 2408 2887
l 2409 2888
l 2410 2839
l 2411 2840
l 2412 2889
l 2413 2890
l 2414 2841
l 2415 2842
l 2416 2875
l 2417 2876
l 2418 2891
l 2419 2843
l 2420 2844
l 2421 2892
l 2422 2893
l 2423 2845
l 2424 2846
l 2425 2894
l 2426 2895
l 2427 2847
l 2428 2848
l 2429 2896
l 2430 2897
l 2431 2849
l 2432 2850
l 2433 2898
l 2434 2899
l 2435 2851
l 2436 2852
l 2437 2900
l 2438 2901
l 2439 2853
l 2440 2854
l 2441 2902
l 2442 2903
l 2443 2855
l 2444 2856
l 2445 2904
l 2446 2905
l 2447 2857
l 2448 2858
l 2449 2906
l 2450 2907
l 2451 2859
l 2452 2860
l 2453 2908
l 2454 2909
l 2455 2861
l 2456 2862
l 2457 2910
l 2458 2911
l 2459 2863
l 2460 2864
l 2461 2912
l 2462 2913
l 2463 2865
l 2464 2866
l 2465 2914
l 2466 2915
l 2467 2867
l 2468 2868
l 2469 2916
l 2470 2917
l 2471 2869
l 2472 2870
l 2473 2918
l 2474 2919
l 2475 2871
l 2476 2872
l 2477 2937
l 2478 2938
l 2480 6724
l 2481 6726
l 2482 6728
l 2484 2542
l 2485 2542
l 2486 2591
l 2493 2652
l 2494 2674
l 2495 2675
l 2499 2604
l 2500 2613
l 2503 2616
l 2505 2589
l 2509 2610
l 2510 2678
l 2511 2679
l 2512 2607
l 2514 2610
l 2516 2612
l 2517 2608
l 2518 2618
l 2519 2617
l 2520 2629
l 2521 2632
l 2524 2633
l 2529 2655
l 2530 2656
l 2533 2537
l 2534 2538
l 2537 2544
l 2538 2545
l 2548 2556
l 2549 2557
l 2552 2560
l 2553 2561
l 2558 2829
l 2559 2830
l 2562 2749
l 2565 2752
l 2566 2926
l 2567 2927
l 2568 2925
l 2569 2928
l 2571 2878
l 2579 2586
l 2580 2587
l 2586 2601
l 2587 2602
l 2588 2753
l 2590 2755
l 2590 2757
l 2593 2620
l 2594 2621
l 2603 2759
l 2605 2625
l 2606 2626
l 2607 2760
l 2608 2764
l 2612 2763
l 2617 2764
l 2619 2772
l 2620 2627
l 2621 2628
l 2623 2770
l 2624 2769
l 2632 2690
l 2633 2691
l 2634 6715
l 2635 6716
l 2637 6714
l 2643 2653
l 2644 2654
l 2646 2729
l 2647 2730
l 2648 2659
l 2649 2660
l 2659 2664
l 2660 2665
l 2662 2666
l 2663 2667
l 2664 2668
l 2665 2669
l 2666 2670
l 2667 2671
l 2672 2706
l 2673 2709
l 2680 2721
l 2681 2722
l 2688 2735
l 2689 2735
l 2700 2792
l 2701 2793
l 2702 2794
l 2703 2795
l 2704 2796
l 2705 2797
l 2706 2738
l 2706 2739
l 2710 2723
l 2710 2727
l 2711 2724
l 2711 2728
l 2721 2746
l 2722 2745
l 2722 2747
l 2731 2736
l 2732 2737
l 2735 2748
l 2740 2799
l 2743 2803
l 2744 2804
l 2749 2947
l 2752 2950
l 2753 2952
l 2754 2953
l 2755 2952
l 2756 2956
l 2758 2957
l 2760 2964
l 2763 2967
l 2765 3636
l 2766 3639
l 2767 3637
l 2768 3638
l 2769 2959
l 2770 2963
l 2771 2959
l 2772 2962
l 2773 2958
l 2774 2960
l 2777 2975
l 2778 2976
l 2781 2986
l 2782 2984
l 2785 2992
l 2785 2995
l 2786 2996
l 2787 2999
l 2788 2998
l 2789 2997
l 2792 3012
l 2793 3013
l 2796 3014
l 2797 3015
l 2798 3016
l 2799 2920
l 2802 2923
l 2804 2924
l 2805 2806
l 2806 2807
l 2808 2809
l 2809 2810
l 2811 2812
l 2812 2813
l 2814 2815
l 2815 2816
l 2826 6773
l 2827 6775
l 2828 6777
l 2831 3027
l 2832 3037
l 2833 3038
l 2834 3048
l 2835 3049
l 2836 3059
l 2837 3060
l 2838 3070
l 2839 3071
l 2840 3081
l 2841 3082
l 2842 3092
l 2843 3093
l 2844 3103
l 2845 3104
l 2846 3114
l 2847 3115
l 2848 3125
l 2849 3126
l 2850 3136
l 2851 3137
l 2852 3147
l 2853 3148
l 2854 3158
l 2855 3159
l 2856 3169
l 2857 3170
l 2858 3180
l 2859 3181
l 2860 3191
l 2861 3192
l 2862 3202
l 2863 3203
l 2864 3213
l 2865 3214
l 2866 3224
l 2867 3225
l 2868 3235
l 2869 3236
l 2870 3246
l 2871 3247
l 2872 3257
l 2873 2981
l 2874 2982
l 2875 3263
l 2876 3264
l 2881 3267
l 2882 3277
l 2883 3278
l 2884 3288
l 2885 3289
l 2886 3299
l 2887 3300
l 2888 3310
l 2889 3311
l 2890 3321
l 2891 3322
l 2892 3333
l 2893 3343
l 2894 3344
l 2895 3354
l 2896 3355
l 2897 3365
l 2898 3366
l 2899 3376
l 2900 3377
l 2901 3387
l 2902 3388
l 2903 3398
l 2904 3399
l 2905 3409
l 2906 3410
l 2907 3420
l 2908 3421
l 2909 3431
l 2910 3432
l 2911 3442
l 2912 3445
l 2913 3455
l 2914 3456
l 2915 3466
l 2916 3467
l 2917 3477
l 2918 3478
l 2919 3488
l 2925 4131
l 2926 4132
l 2927 4133
l 2928 4134
l 2929 2930
l 2929 4531
l 2930 4532
l 2937 3521
l 2938 3531
l 2941 2942
l 2941 4533
l 2942 4534
l 2943 2944
l 2945 2946
l 2947 3653
l 2950 3656
l 2951 3644
l 2954 3648
l 2954 3651
l 2955 3650
l 2956 3649
l 2960 3658
l 2961 3641
l 2963 3641
l 2964 3642
l 2967 3646
l 2968 3657
l 2969 2970
l 2970 2971
l 2972 2973
l 2973 2974
l 2975 3610
l 2976 3611
l 2979 3260
l 2980 3261
l 2982 3262
l 2983 3614
l 2985 3613
l 2986 3614
l 2989 2990
l 2991 3620
l 2993 3624
l 2994 3623
l 2995 3622
l 2997 3624
l 2998 3625
l 3000 3019
l 3001 3020
l 3002 3003
l 3002 3010
l 3004 3005
l 3005 3011
l 3006 3023
l 3009 3026
l 3012 3672
l 3013 3673
l 3014 3674
l 3015 3675
l 3019 3493
l 3020 3494
l 3023 3497
l 3027 3028
l 3028 3029
l 3029 3030
l 3030 3031
l 3031 3032
l 3032 3033
l 3033 3034
l 3034 3035
l 3035 3036
l 3036 3037
l 3038 3039
l 3039 3040
l 3040 3041
l 3041 3042
l 3042 3043
l 3043 3044
l 3044 3045
l 3045 3046
l 3046 3047
l 3047 3048
l 3049 3050
l 3050 3051
l 3051 3052
l 3052 3053
l 3053 3054
l 3054 3055
l 3055 3056
l 3056 3057
l 3057 3058
l 3058 3059
l 3060 3061
l 3061 3062
l 3062 3063
l 3063 3064
l 3064 3065
l 3065 3066
l 3066 3067
l 3067 3068
l 3068 3069
l 3069 3070
l 3071 3072
l 3072 3073
l 3073 3074
l 3074 3075
l 3075 3076
l 3076 3077
l 3077 3078
l 3078 3079
l 3079 3080
l 3080 3081
l 3082 3083
l 3083 3084
l 3084 3085
l 3085 3086
l 3086 3087
l 3087 3088
l 3088 3089
l 3089 3090
l 3090 3091
l 3091 3092
l 3094 3095
l 3095 3096
l 3096 3097
l 3097 3098
l 3098 3099
l 3099 3100
l 3100 3101
l 3101 3102
l 3105 3106
l 3106 3107
l 3107 3108
l 3108 3109
l 3109 3110
l 3110 3111
l 3111 3112
l 3112 3113
l 3116 3117
l 3117 3118
l 3118 3119
l 3119 3120
l 3120 3121
l 3121 3122
l 3122 3123
l 3123 3124
l 3127 3128
l 3128 3129
l 3129 3130
l 3130 3131
l 3131 3132
l 3132 3133
l 3133 3134
l 3134 3135
l 3138 3139
l 3139 3140
l 3140 3141
l 3141 3142
l 3142 3143
l 3143 3144
l 3144 3145
l 3145 3146
l 3149 3150
l 3150 3151
l 3151 3152
l 3152 3153
l 3153 3154
l 3154 3155
l 3155 3156
l 3156 3157
l 3160 3161
l 3161 3162
l 3162 3163
l 3163 3164
l 3164 3165
l 3165 3166
l 3166 3167
l 3167 3168
l 3171 3172
l 3172 3173
l 3173 3174
l 3174 3175
l 3175 3176
l 3176 3177
l 3177 3178
l 3178 3179
l 3182 3183
l 3183 3184
l 3184 3185
l 3185 3186
l 3186 3187
l 3187 3188
l 3188 3189
l 3189 3190
l 3193 3194
l 3194 3195
l 3195 3196
l 3196 3197
l 3197 3198
l 3198 3199
l 3199 3200
l 3200 3201
l 3204 3205
l 3205 3206
l 3206 3207
l 3207 3208
l 3208 3209
l 3209 3210
l 3210 3211
l 3211 3212
l 3215 3216
l 3216 3217
l 3217 3218
l 3218 3219
l 3219 3220
l 3220 3221
l 3221 3222
l 3222 3223
l 3226 3227
l 3227 3228
l 3228 3229
l 3229 3230
l 3230 3231
l 3231 3232
l 3232 3233
l 3233 3234
l 3237 3238
l 3238 3239
l 3239 3240
l 3240 3241
l 3241 3242
l 3242 3243
l 3243 3244
l 3244 3245
l 3248 3249
l 3249 3250
l 3250 3251
l 3251 3252
l 3252 3253
l 3253 3254
l 3254 3255
l 3255 3256
l 3258 3595
l 3259 3596
l 3260 3599
l 3261 3600
l 3262 3603
l 3265 3322
l 3266 3332
l 3267 3268
l 3268 3269
l 3269 3270
l 3270 3271
l 3271 3272
l 3272 3273
l 3273 3274
l 3274 3275
l 3275 3276
l 3276 3277
l 3278 3279
l 3279 3280
l 3280 3281
l 3281 3282
l 3282 3283
l 3283 3284
l 3284 3285
l 3285 3286
l 3286 3287
l 3287 3288
l 3289 3290
l 3290 3291
l 3291 3292
l 3292 3293
l 3293 3294
l 3294 3295
l 3295 3296
l 3296 3297
l 3297 3298
l 3298 3299
l 3300 3301
l 3301 3302
l 3302 3303
l 3303 3304
l 3304 3305
l 3305 3306
l 3306 3307
l 3307 3308
l 3308 3309
l 3309 3310
l 3311 3312
l 3312 3313
l 3313 3314
l 3314 3315
l 3315 3316
l 3316 3317
l 3317 3318
l 3318 3319
l 3319 3320
l 3320 3321
l 3322 3323
l 3323 3324
l 3324 3325
l 3325 3326
l 3326 3327
l 3327 3328
l 3328 3329
l 3329 3330
l 3330 3331
l 3331 3332
l 3333 3334
l 3334 3335
l 3335 3336
l 3336 3337
l 3337 3338
l 3338 3339
l 3339 3340
l 3340 3341
l 3341 3342
l 3344 3345
l 3345 3346
l 3346 3347
l 3347 3348
l 3348 3349
l 3349 3350
l 3350 3351
l 3351 3352
l 3352 3353
l 3355 3356
l 3356 3357
l 3357 3358
l 3358 3359
l 3359 3360
l 3360 3361
l 3361 3362
l 3362 3363
l 3363 3364
l 3366 3367
l 3367 3368
l 3368 3369
l 3369 3370
l 3370 3371
l 3371 3372
l 3372 3373
l 3373 3374
l 3374 3375
l 3377 3378
l 3378 3379
l 3379 3380
l 3380 3381
l 3381 3382
l 3382 3383
l 3383 3384
l 3384 3385
l 3385 3386
l 3388 3389
l 3389 3390
l 3390 3391
l 3391 3392
l 3392 3393
l 3393 3394
l 3394 3395
l 3395 3396
l 3396 3397
l 3399 3400
l 3400 3401
l 3401 3402
l 3402 3403
l 3403 3404
l 3404 3405
l 3405 3406
l 3406 3407
l 3407 3408
l 3410 3411
l 3411 3412
l 3412 3413
l 3413 3414
l 3414 3415
l 3415 3416
l 3416 3417
l 3417 3418
l 3418 3419
l 3421 3422
l 3422 3423
l 3423 3424
l 3424 3425
l 3425 3426
l 3426 3427
l 3427 3428
l 3428 3429
l 3429 3430
l 3432 3433
l 3433 3434
l 3434 3435
l 3435 3436
l 3436 3437
l 3437 3438
l 3438 3439
l 3439 3440
l 3440 3441
l 3443 3606
l 3444 3607
l 3445 3446
l 3446 3447
l 3447 3448
l 3448 3449
l 3449 3450
l 3450 3451
l 3451 3452
l 3452 3453
l 3453 3454
l 3456 3457
l 3457 3458
l 3458 3459
l 3459 3460
l 3460 3461
l 3461 3462
l 3462 3463
l 3463 3464
l 3464 3465
l 3467 3468
l 3468 3469
l 3469 3470
l 3470 3471
l 3471 3472
l 3472 3473
l 3473 3474
l 3474 3475
l 3475 3476
l 3478 3479
l 3479 3480
l 3480 3481
l 3481 3482
l 3482 3483
l 3483 3484
l 3484 3485
l 3485 3486
l 3486 3487
l 3489 6717
l 3491 6719
l 3492 6720
l 3493 3626
l 3494 3627
l 3495 3536
l 3496 3537
l 3497 3628
l 3500 3631
l 3501 3542
l 3502 3543
l 3504 3545
l 3505 3546
l 3507 3548
l 3508 3549
l 3509 3550
l 3521 3522
l 3522 3523
l 3523 3524
l 3524 3525
l 3525 3526
l 3526 3527
l 3527 3528
l 3528 3529
l 3529 3530
l 3530 3531
l 3532 3551
l 3533 3552
l 3534 3553
l 3535 3555
l 3536 3557
l 3536 3558
l 3537 3559
l 3537 3560
l 3538 3564
l 3540 3567
l 3542 3556
l 3542 3569
l 3543 3557
l 3544 3558
l 3545 3571
l 3546 3571
l 3547 3560
l 3547 3572
l 3548 3575
l 3549 3576
l 3550 3577
l 3551 3578
l 3552 3579
l 3553 3580
l 3553 3581
l 3555 3584
l 3562 3632
l 3563 3633
l 3565 3579
l 3565 3585
l 3566 3580
l 3567 3582
l 3567 3587
l 3568 3584
l 3568 3588
l 3573 3634
l 3574 3635
l 3589 3668
l 3590 3669
l 3593 3676
l 3594 3677
l 3599 3665
l 3600 3666
l 3601 3659
l 3602 3660
l 3603 3667
l 3606 3670
l 3607 3671
l 3608 3686
l 3609 3687
l 3610 3699
l 3611 3700
l 3612 3702
l 3617 3721
l 3618 3722
l 3619 3716
l 3621 3720
l 3623 3723
l 3626 3692
l 3628 3695
l 3631 3698
l 3632 3682
l 3633 3683
l 3636 4127
l 3637 4128
l 3638 4129
l 3639 4130
l 3640 4100
l 3642 4101
l 3646 4104
l 3647 4105
l 3649 4109
l 3650 4108
l 3652 4110
l 3653 4086
l 3656 4089
l 3658 4099
l 3659 3688
l 3660 3689
l 3661 3690
l 3662 3691
l 3668 4036
l 3669 4037
l 3671 3724
l 3672 4116
l 3673 4117
l 3674 4114
l 3675 4115
l 3676 4068
l 3677 4069
l 3678 4124
l 3681 3899
l 3682 3900
l 3683 3901
l 3686 4080
l 3687 4081
l 3688 4066
l 3689 4067
l 3690 4070
l 3691 4071
l 3692 4135
l 3695 4136
l 3698 4139
l 3699 4083
l 3700 4084
l 3701 4090
l 3702 4090
l 3703 4091
l 3704 4092
l 3705 4093
l 3706 4094
l 3707 4095
l 3708 3709
l 3710 3711
l 3712 3713
l 3714 3715
l 3717 4113
l 3725 4118
l 3726 4119
l 3727 4122
l 3728 4120
l 3729 4121
l 3730 4123
l 3731 5448
l 3732 5449
l 3733 5450
l 3734 5451
l 3735 5452
l 3736 5453
l 3737 5454
l 3738 5455
l 3749 3750
l 3750 3751
l 3751 3752
l 3752 3753
l 3754 3755
l 3755 3756
l 3756 3757
l 3757 3758
l 3759 3760
l 3760 3761
l 3761 3762
l 3762 3763
l 3764 3765
l 3765 3766
l 3766 3767
l 3767 3768
l 3769 3770
l 3770 3771
l 3771 3772
l 3772 3773
l 3774 3775
l 3775 3776
l 3776 3777
l 3777 3778
l 3779 3780
l 3780 3781
l 3781 3782
l 3782 3783
l 3784 3785
l 3785 3786
l 3786 3787
l 3787 3788
l 3789 3790
l 3790 3791
l 3791 3792
l 3792 3793
l 3794 3795
l 3795 3796
l 3796 3797
l 3797 3798
l 3809 3810
l 3810 3811
l 3811 3812
l 3812 3813
l 3814 3815
l 3815 3816
l 3816 3817
l 3817 3818
l 3819 3820
l 3820 3821
l 3821 3822
l 3822 3823
l 3824 3825
l 3825 3826
l 3826 3827
l 3827 3828
l 3829 3830
l 3830 3831
l 3831 3832
l 3832 3833
l 3834 3835
l 3835 3836
l 3836 3837
l 3837 3838
l 3839 3840
l 3840 3841
l 3841 3842
l 3842 3843
l 3844 3845
l 3845 3846
l 3846 3847
l 3847 3848
l 3849 3850
l 3850 3851
l 3851 3852
l 3852 3853
l 3854 3855
l 3855 3856
l 3856 3857
l 3857 3858
l 3859 3860
l 3860 3861
l 3861 3862
l 3862 3863
l 3864 3865
l 3865 3866
l 3866 3867
l 3867 3868
l 3869 3870
l 3870 3871
l 3871 3872
l 3872 3873
l 3874 3875
l 3875 3876
l 3876 3877
l 3877 3878
l 3879 3880
l 3880 3881
l 3881 3882
l 3882 3883
l 3884 3885
l 3885 3886
l 3886 3887
l 3887 3888
l 3889 3890
l 3890 3891
l 3891 3892
l 3892 3893
l 3894 3895
l 3895 3896
l 3896 3897
l 3897 3898
l 3906 4150
l 3907 4151
l 3908 3909
l 3909 3910
l 3910 3911
l 3911 3912
l 3913 3914
l 3914 3915
l 3915 3916
l 3916 3917
l 3918 4152
l 3919 4153
l 3920 4154
l 3921 4155
l 3922 3923
l 3923 3924
l 3924 3925
l 3925 3926
l 3927 3928
l 3928 3929
l 3929 3930
l 3930 3931
l 3932 4156
l 3933 4157
l 3934 4158
l 3935 4159
l 3936 4160
l 3937 4161
l 3938 3939
l 3939 3940
l 3940 3941
l 3941 3942
l 3943 3944
l 3944 3945
l 3945 3946
l 3946 3947
l 3948 4162
l 3949 4163
l 3950 4164
l 3951 4165
l 3952 4166
l 3953 4167
l 3954 3955
l 3955 3956
l 3956 3957
l 3957 3958
l 3959 3960
l 3960 3961
l 3961 3962
l 3962 3963
l 3964 4168
l 3965 4169
l 3966 4170
l 3967 4171
l 3968 4172
l 3969 4173
l 3970 3971
l 3971 3972
l 3972 3973
l 3973 3974
l 3975 3976
l 3976 3977
l 3977 3978
l 3978 3979
l 3980 4174
l 3981 4175
l 3982 4176
l 3983 4177
l 3984 4178
l 3985 4179
l 3986 3987
l 3987 3988
l 3988 3989
l 3989 3990
l 3991 3992
l 3992 3993
l 3993 3994
l 3994 3995
l 3996 4180
l 3997 4181
l 3998 4182
l 3999 4183
l 4000 4184
l 4001 4185
l 4002 4003
l 4003 4004
l 4004 4005
l 4005 4006
l 4007 4008
l 4008 4009
l 4009 4010
l 4010 4011
l 4012 4186
l 4013 4187
l 4018 4194
l 4019 4195
l 4020 4196
l 4021 4197
l 4022 4198
l 4023 4199
l 4024 4200
l 4025 4201
l 4026 4202
l 4027 4203
l 4028 4204
l 4029 4205
l 4030 4206
l 4031 4207
l 4032 4208
l 4033 4209
l 4034 4210
l 4035 4211
l 4036 4244
l 4037 4245
l 4038 4212
l 4039 4213
l 4040 4214
l 4041 4215
l 4042 4216
l 4043 4217
l 4044 4218
l 4045 4219
l 4046 4220
l 4047 4221
l 4048 4222
l 4049 4223
l 4050 4224
l 4051 4225
l 4052 4226
l 4053 4227
l 4054 4228
l 4055 4229
l 4056 4230
l 4057 4231
l 4058 4232
l 4059 4233
l 4060 4234
l 4061 4235
l 4062 4236
l 4063 4237
l 4064 4238
l 4065 4239
l 4066 4140
l 4067 4141
l 4068 4250
l 4069 4251
l 4070 4144
l 4071 4145
l 4076 4242
l 4077 4241
l 4078 4243
l 4080 4254
l 4081 4255
l 4085 4308
l 4086 4290
l 4089 4293
l 4096 4296
l 4097 4298
l 4098 4299
l 4100 4300
l 4101 4301
l 4104 4304
l 4106 4306
l 4107 4305
l 4109 4307
l 4125 4248
l 4126 4249
l 4127 4268
l 4128 4269
l 4129 4270
l 4130 4271
l 4131 4405
l 4132 4406
l 4133 4407
l 4134 4408
l 4135 4284
l 4139 4283
l 4140 4256
l 4141 4257
l 4150 4443
l 4151 4444
l 4152 4453
l 4153 4454
l 4154 4455
l 4155 4456
l 4156 4465
l 4157 4466
l 4158 4467
l 4159 4468
l 4160 4469
l 4161 4470
l 4162 4475
l 4163 4476
l 4164 4477
l 4165 4478
l 4166 4479
l 4167 4480
l 4168 4489
l 4169 4490
l 4170 4491
l 4171 4492
l 4172 4493
l 4173 4494
l 4174 4499
l 4175 4500
l 4176 4501
l 4177 4502
l 4178 4503
l 4179 4504
l 4180 4513
l 4181 4514
l 4182 4515
l 4183 4516
l 4184 4517
l 4185 4518
l 4186 4525
l 4187 4526
l 4192 4272
l 4193 4273
l 4194 4445
l 4195 4446
l 4196 4451
l 4197 4452
l 4198 4457
l 4199 4458
l 4200 4463
l 4201 4464
l 4202 4481
l 4203 4482
l 4204 4487
l 4205 4488
l 4206 4505
l 4207 4506
l 4208 4511
l 4209 4512
l 4210 4523
l 4211 4524
l 4212 4447
l 4213 4448
l 4214 4449
l 4215 4450
l 4216 4459
l 4217 4460
l 4218 4461
l 4219 4462
l 4220 4471
l 4221 4472
l 4222 4473
l 4223 4474
l 4224 4483
l 4225 4484
l 4226 4485
l 4227 4486
l 4228 4495
l 4229 4496
l 4230 4497
l 4231 4498
l 4232 4507
l 4233 4508
l 4234 4509
l 4235 4510
l 4236 4519
l 4237 4520
l 4238 4521
l 4239 4522
l 4240 4279
l 4242 4285
l 4244 4309
l 4245 4310
l 4246 4288
l 4247 4289
l 4250 4311
l 4251 4312
l 4254 4350
l 4255 4351
l 4256 4313
l 4257 4314
l 4266 4324
l 4267 4330
l 4268 4418
l 4269 4419
l 4270 4420
l 4271 4421
l 4274 4335
l 4275 4336
l 4278 4347
l 4280 4345
l 4285 4343
l 4286 4353
l 4287 4354
l 4288 4357
l 4289 4358
l 4290 4375
l 4293 4378
l 4294 4355
l 4295 4356
l 4296 4379
l 4297 4380
l 4298 4382
l 4299 4379
l 4300 4381
l 4301 4383
l 4304 4386
l 4305 4389
l 4307 4390
l 4313 4369
l 4314 4370
l 4320 4366
l 4321 4367
l 4323 4371
l 4325 4372
l 4331 4387
l 4332 4388
l 4333 4393
l 4334 4394
l 4335 4395
l 4336 4396
l 4337 4399
l 4338 4401
l 4339 4402
l 4340 4403
l 4343 4397
l 4344 4398
l 4345 4415
l 4346 4414
l 4347 4416
l 4348 4417
l 4349 4412
l 4352 4422
l 4359 4435
l 4360 4436
l 4391 4541
l 4392 4542
l 4400 4550
l 4404 4555
l 4411 4558
l 4412 4562
l 4413 4561
l 4415 4563
l 4418 4657
l 4419 4658
l 4420 4659
l 4421 4660
l 4423 4424
l 4424 4425
l 4426 4427
l 4427 4428
l 4429 4430
l 4430 4431
l 4432 4433
l 4433 4434
l 4443 4814
l 4444 4815
l 4445 4792
l 4446 4793
l 4447 4760
l 4448 4761
l 4449 4762
l 4450 4763
l 4451 4794
l 4452 4795
l 4453 4816
l 4454 4817
l 4455 4818
l 4456 4819
l 4457 4796
l 4458 4797
l 4459 4764
l 4460 4765
l 4461 4766
l 4462 4767
l 4463 4798
l 4464 4799
l 4465 4820
l 4466 4821
l 4467 4822
l 4468 4823
l 4469 4824
l 4470 4825
l 4471 4768
l 4472 4769
l 4473 4770
l 4474 4771
l 4475 4826
l 4476 4827
l 4477 4828
l 4478 4829
l 4479 4830
l 4480 4831
l 4481 4800
l 4482 4801
l 4483 4772
l 4484 4773
l 4485 4774
l 4486 4775
l 4487 4802
l 4488 4803
l 4489 4832
l 4490 4833
l 4491 4834
l 4492 4835
l 4493 4836
l 4494 4837
l 4495 4776
l 4496 4777
l 4497 4778
l 4498 4779
l 4499 4838
l 4500 4839
l 4501 4840
l 4502 4841
l 4503 4842
l 4504 4843
l 4505 4804
l 4506 4805
l 4507 4780
l 4508 4781
l 4509 4782
l 4510 4783
l 4511 4806
l 4512 4807
l 4513 4844
l 4514 4845
l 4515 4846
l 4516 4847
l 4517 4848
l 4518 4849
l 4519 4784
l 4520 4785
l 4521 4786
l 4522 4787
l 4523 4808
l 4524 4809
l 4525 4850
l 4526 4851
l 4531 4532
l 4533 4534
l 4535 4537
l 4535 4539
l 4536 4538
l 4536 4540
l 4543 4545
l 4544 4546
l 4547 4548
l 4549 4616
l 4551 4554
l 4552 4553
l 4559 4639
l 4560 4640
l 4564 4704
l 4565 4705
l 4572 4573
l 4573 4574
l 4575 4576
l 4576 4577
l 4579 4723
l 4580 4728
l 4581 4582
l 4582 4583
l 4583 4584
l 4584 4589
l 4585 4586
l 4585 4587
l 4586 4588
l 4587 4590
l 4589 4592
l 4590 4591
l 4591 4592
l 4593 4594
l 4594 4595
l 4595 4596
l 4596 4601
l 4597 4598
l 4597 4602
l 4598 4599
l 4599 4600
l 4601 4604
l 4602 4603
l 4603 4604
l 4612 4621
l 4613 4631
l 4614 4617
l 4615 4618
l 4617 4619
l 4618 4620
l 4622 4624
l 4623 4625
l 4624 4626
l 4625 4627
l 4626 4631
l 4628 4629
l 4630 4636
l 4632 4633
l 4633 4634
l 4635 4638
l 4637 4638
l 4641 4642
l 4641 4649
l 4643 4654
l 4644 4652
l 4647 4656
l 4648 4650
l 4650 4651
l 4652 4674
l 4656 4677
l 4657 4665
l 4658 4666
l 4659 4667
l 4660 4668
l 4661 4669
l 4664 4672
l 4665 4681
l 4666 4679
l 4667 4680
l 4668 4682
l 4669 4674
l 4672 4677
l 4673 4678
l 4683 4701
l 4696 4699
l 4697 4700
l 4698 4702
l 4699 4703
l 4706 4712
l 4707 4710
l 4708 4711
l 4709 4712
l 4710 4713
l 4711 4714
l 4715 4716
l 4717 4962
l 4718 4963
l 4719 4959
l 4720 4960
l 4721 4961
l 4723 5231
l 4724 4731
l 4725 4733
l 4726 4733
l 4727 4735
l 4728 4979
l 4731 4754
l 4732 4751
l 4732 4755
l 4735 4754
l 4735 4756
l 4736 4752
l 4737 4753
l 4738 4742
l 4738 4745
l 4739 4743
l 4739 4746
l 4741 4744
l 4741 4748
l 4742 4757
l 4745 4759
l 4752 4856
l 4760 5051
l 4761 5052
l 4762 5053
l 4763 5054
l 4764 5055
l 4765 5056
l 4766 5057
l 4767 5058
l 4768 5059
l 4769 5060
l 4770 5061
l 4771 5062
l 4772 5063
l 4773 5064
l 4774 5065
l 4775 5066
l 4776 5067
l 4777 5068
l 4778 5069
l 4779 5070
l 4780 5071
l 4781 5072
l 4782 5073
l 4783 5074
l 4784 5075
l 4785 5076
l 4786 5077
l 4787 5078
l 4788 4992
l 4792 5088
l 4793 5089
l 4794 5090
l 4795 5091
l 4796 5092
l 4797 5093
l 4798 5094
l 4799 5095
l 4800 5096
l 4801 5097
l 4802 5098
l 4803 5099
l 4804 5100
l 4805 5101
l 4806 5102
l 4807 5103
l 4808 5104
l 4809 5105
l 4814 5110
l 4815 5111
l 4816 5122
l 4817 5123
l 4818 5124
l 4819 5125
l 4820 5136
l 4821 5137
l 4822 5138
l 4823 5139
l 4824 5140
l 4825 5141
l 4826 5152
l 4827 5153
l 4828 5154
l 4829 5155
l 4830 5156
l 4831 5157
l 4832 5168
l 4833 5169
l 4834 5170
l 4835 5171
l 4836 5172
l 4837 5173
l 4838 5184
l 4839 5185
l 4840 5186
l 4841 5187
l 4842 5188
l 4843 5189
l 4844 5200
l 4845 5201
l 4846 5202
l 4847 5203
l 4848 5204
l 4849 5205
l 4850 5216
l 4851 5217
l 4859 4861
l 4860 4862
l 4861 4863
l 4862 4864
l 4863 4865
l 4864 4866
l 4865 4867
l 4866 4868
l 4869 4871
l 4870 4872
l 4871 4873
l 4872 4874
l 4873 4875
l 4874 4876
l 4875 4877
l 4876 4878
l 4879 5045
l 4880 5046
l 4911 4915
l 4912 4916
l 4915 4919
l 4916 4920
l 4923 4927
l 4924 4928
l 4927 4931
l 4928 4932
l 4931 4935
l 4932 4936
l 4935 4939
l 4936 4940
l 4939 4943
l 4940 4944
l 4943 4947
l 4944 4948
l 4947 4951
l 4948 4952
l 4953 4955
l 4954 4956
l 4955 4957
l 4956 4958
l 4964 4965
l 4966 4967
l 4968 4969
l 4970 4971
l 4971 4972
l 4973 4974
l 4975 4976
l 4977 5542
l 4978 5543
l 4981 5515
l 4982 5479
l 4984 5430
l 4986 5557
l 4987 5082
l 4988 5082
l 4989 5081
l 4989 5082
l 4990 5238
l 4991 5084
l 4992 5460
l 4993 5475
l 4994 4996
l 4995 4997
l 4996 4998
l 4997 4999
l 4998 5000
l 4999 5001
l 5000 5002
l 5001 5003
l 5002 5004
l 5003 5005
l 5004 5428
l 5005 5036
l 5007 5433
l 5008 5475
l 5008 5488
l 5009 5432
l 5012 5432
l 5014 5502
l 5015 5017
l 5016 5018
l 5017 5019
l 5018 5020
l 5019 5021
l 5020 5022
l 5021 5023
l 5022 5024
l 5023 5025
l 5024 5026
l 5025 5436
l 5026 5042
l 5031 5443
l 5031 5444
l 5032 5442
l 5033 5445
l 5034 5447
l 5037 5043
l 5038 5044
l 5041 5478
l 5048 5501
l 5049 5079
l 5050 5080
l 5082 5474
l 5083 5401
l 5085 5401
l 5086 5405
l 5112 5113
l 5113 5114
l 5114 5115
l 5115 5116
l 5117 5118
l 5118 5119
l 5119 5120
l 5120 5121
l 5126 5127
l 5127 5128
l 5128 5129
l 5129 5130
l 5131 5132
l 5132 5133
l 5133 5134
l 5134 5135
l 5142 5143
l 5143 5144
l 5144 5145
l 5145 5146
l 5147 5148
l 5148 5149
l 5149 5150
l 5150 5151
l 5158 5159
l 5159 5160
l 5160 5161
l 5161 5162
l 5163 5164
l 5164 5165
l 5165 5166
l 5166 5167
l 5174 5175
l 5175 5176
l 5176 5177
l 5177 5178
l 5179 5180
l 5180 5181
l 5181 5182
l 5182 5183
l 5190 5191
l 5191 5192
l 5192 5193
l 5193 5194
l 5195 5196
l 5196 5197
l 5197 5198
l 5198 5199
l 5206 5207
l 5207 5208
l 5208 5209
l 5209 5210
l 5211 5212
l 5212 5213
l 5213 5214
l 5214 5215
l 5222 5550
l 5223 5551
l 5224 5591
l 5225 5227
l 5226 5228
l 5229 5528
l 5231 5831
l 5232 5560
l 5233 5561
l 5234 5532
l 5235 5562
l 5237 5555
l 5238 5516
l 5239 5402
l 5240 5403
l 5251 5252
l 5252 5253
l 5253 5254
l 5254 5255
l 5256 5257
l 5257 5258
l 5258 5259
l 5259 5260
l 5261 5262
l 5262 5263
l 5263 5264
l 5264 5265
l 5266 5267
l 5267 5268
l 5268 5269
l 5269 5270
l 5271 5272
l 5272 5273
l 5273 5274
l 5274 5275
l 5276 5277
l 5277 5278
l 5278 5279
l 5279 5280
l 5281 5282
l 5282 5283
l 5283 5284
l 5284 5285
l 5286 5287
l 5287 5288
l 5288 5289
l 5289 5290
l 5291 5292
l 5292 5293
l 5293 5294
l 5294 5295
l 5296 5297
l 5297 5298
l 5298 5299
l 5299 5300
l 5301 5302
l 5302 5303
l 5303 5304
l 5304 5305
l 5306 5307
l 5307 5308
l 5308 5309
l 5309 5310
l 5311 5312
l 5312 5313
l 5313 5314
l 5314 5315
l 5316 5317
l 5317 5318
l 5318 5319
l 5319 5320
l 5321 5322
l 5322 5323
l 5323 5324
l 5324 5325
l 5326 5327
l 5327 5328
l 5328 5329
l 5329 5330
l 5331 5332
l 5332 5333
l 5333 5334
l 5334 5335
l 5336 5337
l 5337 5338
l 5338 5339
l 5339 5340
l 5341 5342
l 5342 5343
l 5343 5344
l 5344 5345
l 5346 5347
l 5347 5348
l 5348 5349
l 5349 5350
l 5351 5352
l 5352 5353
l 5353 5354
l 5354 5355
l 5356 5357
l 5357 5358
l 5358 5359
l 5359 5360
l 5361 5362
l 5362 5363
l 5363 5364
l 5364 5365
l 5366 5367
l 5367 5368
l 5368 5369
l 5369 5370
l 5371 5372
l 5372 5373
l 5373 5374
l 5374 5375
l 5376 5377
l 5377 5378
l 5378 5379
l 5379 5380
l 5381 5382
l 5382 5383
l 5383 5384
l 5384 5385
l 5386 5387
l 5387 5388
l 5388 5389
l 5389 5390
l 5404 5493
l 5404 5494
l 5404 5497
l 5406 5497
l 5407 5606
l 5408 5607
l 5411 5600
l 5411 5614
l 5412 5613
l 5412 5614
l 5413 5613
l 5415 5616
l 5415 5617
l 5416 5600
l 5417 5605
l 5419 5602
l 5419 5604
l 5422 5608
l 5423 5612
l 5426 5595
l 5427 5596
l 5428 5649
l 5430 5718
l 5431 5599
l 5432 5517
l 5432 5522
l 5434 5519
l 5434 5520
l 5436 5650
l 5439 5524
l 5441 5531
l 5444 5537
l 5446 5534
l 5446 5535
l 5456 5458
l 5457 5459
l 5461 5462
l 5463 5464
l 5465 5466
l 5467 5468
l 5469 5471
l 5470 5472
l 5473 5549
l 5474 5548
l 5476 5552
l 5476 5553
l 5477 5552
l 5477 5556
l 5478 5678
l 5479 5851
l 5482 5624
l 5485 5625
l 5486 5632
l 5489 5491
l 5490 5492
l 5495 5690
l 5496 5567
l 5496 5568
l 5497 5568
l 5498 5503
l 5499 5504
l 5501 5731
l 5502 5895
l 5505 5651
l 5506 5652
l 5507 5653
l 5508 5654
l 5509 5655
l 5510 5656
l 5514 5946
l 5528 5736
l 5532 5737
l 5538 5540
l 5539 5541
l 5544 5546
l 5545 5547
l 5548 5576
l 5550 5683
l 5551 5684
l 5552 5575
l 5552 5579
l 5552 5580
l 5553 5575
l 5555 5767
l 5556 5579
l 5557 5849
l 5558 5770
l 5560 5699
l 5561 5700
l 5562 5714
l 5565 5646
l 5566 5647
l 5569 5571
l 5570 5572
l 5577 5674
l 5578 5675
l 5581 5583
l 5582 5584
l 5587 5589
l 5588 5590
l 5591 5900
l 5592 5597
l 5593 5598
l 5595 5775
l 5596 5773
l 5599 5778
l 5600 5906
l 5600 5911
l 5602 5910
l 5602 5911
l 5604 5910
l 5607 5916
l 5608 5919
l 5609 5918
l 5609 5920
l 5610 5921
l 5610 5924
l 5611 5922
l 5611 5924
l 5613 5907
l 5613 5908
l 5614 5906
l 5614 5907
l 5615 5908
l 5617 5912
l 5618 5745
l 5621 5748
l 5625 5815
l 5628 5751
l 5629 5752
l 5629 5753
l 5630 5754
l 5631 5753
l 5632 5816
l 5633 5817
l 5634 5636
l 5635 5637
l 5638 5640
l 5639 5641
l 5642 5838
l 5646 5768
l 5647 5769
l 5648 5772
l 5649 5905
l 5650 5904
l 5651 5887
l 5652 5888
l 5653 5889
l 5655 5872
l 5656 5873
l 5659 5796
l 5660 5806
l 5661 5807
l 5664 5666
l 5665 5667
l 5668 5806
l 5669 5808
l 5672 5811
l 5673 5812
l 5674 5832
l 5675 5833
l 5678 5974
l 5679 5681
l 5680 5682
l 5683 5801
l 5684 5802
l 5685 5719
l 5685 5720
l 5686 5965
l 5687 5721
l 5688 5722
l 5689 5727
l 5689 5728
l 5690 5982
l 5691 5729
l 5692 5852
l 5694 5854
l 5694 5857
l 5695 5852
l 5696 5857
l 5696 5858
l 5697 5860
l 5698 5860
l 5699 5824
l 5700 5825
l 5701 5855
l 5701 5856
l 5702 5855
l 5704 5859
l 5705 5862
l 5705 5863
l 5707 5865
l 5709 5866
l 5709 5870
l 5710 5866
l 5713 5870
l 5714 5826
l 5718 5950
l 5719 5742
l 5720 5742
l 5720 5744
l 5721 5755
l 5722 5756
l 5723 5725
l 5724 5726
l 5727 5759
l 5728 5760
l 5729 5763
l 5731 6029
l 5732 5734
l 5733 5735
l 5736 5926
l 5737 5925
l 5738 5740
l 5739 5741
l 5743 5781
l 5743 5784
l 5744 5785
l 5745 5878
l 5748 5881
l 5751 5885
l 5752 5882
l 5754 5892
l 5755 5788
l 5756 5790
l 5757 5761
l 5758 5762
l 5759 5791
l 5759 5792
l 5760 5792
l 5763 5792
l 5767 5956
l 5768 5850
l 5770 6265
l 5772 5871
l 5775 5877
l 5776 5779
l 5777 5780
l 5778 5891
l 5781 5793
l 5782 5786
l 5783 5787
l 5784 5794
l 5785 5795
l 5789 5795
l 5789 5797
l 5790 5798
l 5791 5799
l 5791 5800
l 5792 5800
l 5801 5927
l 5802 5928
l 5805 5966
l 5806 5967
l 5807 5970
l 5808 5971
l 5811 5980
l 5812 5981
l 5817 5999
l 5818 5820
l 5819 5821
l 5824 5936
l 5825 5937
l 5826 5940
l 5827 5829
l 5828 5830
l 5831 6195
l 5832 5984
l 5833 5985
l 5838 6260
l 5839 5841
l 5840 5842
l 5843 5845
l 5844 5846
l 5849 6182
l 5851 6201
l 5854 6239
l 5855 6237
l 5855 6240
l 5856 6238
l 5857 6241
l 5858 6241
l 5860 6243
l 5860 6244
l 5862 6240
l 5862 6246
l 5863 6246
l 5864 6247
l 5866 6251
l 5866 6252
l 5868 6250
l 5868 6253
l 5870 6251
l 5870 6255
l 5872 6023
l 5873 6024
l 5886 6045
l 5887 6046
l 5888 6047
l 5889 6048
l 5890 6049
l 5893 5896
l 5894 5897
l 5895 6194
l 5898 5901
l 5899 5902
l 5900 6175
l 5903 6170
l 5903 6171
l 5904 5986
l 5905 5989
l 5906 6155
l 5906 6157
l 5907 6155
l 5907 6159
l 5910 6156
l 5911 6157
l 5912 6162
l 5913 6161
l 5913 6164
l 5918 6166
l 5919 6173
l 5920 6168
l 5920 6169
l 5921 6170
l 5922 6171
l 5923 6173
l 5925 5987
l 5926 5988
l 5927 5983
l 5928 5990
l 5929 5932
l 5930 5933
l 5934 5938
l 5935 5939
l 5936 6004
l 5937 6005
l 5940 6010
l 5943 5947
l 5944 5948
l 5950 6052
l 5951 5953
l 5952 5954
l 5956 6053
l 5957 5959
l 5958 5960
l 5961 5963
l 5962 5964
l 5967 6102
l 5970 6105
l 5971 6121
l 5974 6226
l 5977 6032
l 5978 6033
l 5979 6034
l 5981 6126
l 5982 6223
l 5983 6058
l 5984 6137
l 5985 6138
l 5990 6059
l 5993 6000
l 5994 6001
l 5995 6118
l 5998 6119
l 5999 6120
l 6002 6006
l 6003 6007
l 6004 6067
l 6005 6068
l 6009 6080
l 6010 6081
l 6011 6082
l 6012 6083
l 6015 6017
l 6016 6018
l 6019 6021
l 6020 6022
l 6023 6178
l 6024 6179
l 6029 6328
l 6033 6129
l 6034 6130
l 6035 6085
l 6036 6086
l 6037 6087
l 6038 6088
l 6039 6041
l 6040 6042
l 6043 6202
l 6044 6203
l 6046 6206
l 6047 6207
l 6049 6209
l 6052 6106
l 6053 6107
l 6054 6056
l 6055 6057
l 6058 6136
l 6059 6143
l 6060 6062
l 6061 6063
l 6064 6077
l 6065 6078
l 6066 6227
l 6067 6150
l 6068 6151
l 6069 6229
l 6072 6232
l 6073 6233
l 6076 6236
l 6080 6153
l 6081 6154
l 6082 6174
l 6083 6176
l 6084 6131
l 6085 6139
l 6086 6140
l 6087 6146
l 6088 6147
l 6089 6091
l 6090 6092
l 6093 6095
l 6094 6096
l 6102 6197
l 6105 6200
l 6106 6220
l 6107 6221
l 6108 6110
l 6109 6111
l 6112 6114
l 6113 6115
l 6118 6269
l 6119 6270
l 6124 6317
l 6125 6318
l 6126 6319
l 6129 6275
l 6130 6276
l 6132 6134
l 6133 6135
l 6136 6283
l 6137 6331
l 6138 6332
l 6139 6271
l 6140 6272
l 6141 6148
l 6142 6149
l 6143 6284
l 6146 6277
l 6147 6278
l 6150 6293
l 6151 6294
l 6153 6296
l 6154 6297
l 6155 6460
l 6155 6461
l 6156 6459
l 6158 6460
l 6160 6461
l 6161 6462
l 6162 6465
l 6166 6469
l 6167 6470
l 6167 6471
l 6168 6469
l 6169 6472
l 6170 6473
l 6170 6475
l 6173 6474
l 6173 6477
l 6174 6298
l 6175 6482
l 6176 6299
l 6177 6368
l 6178 6304
l 6179 6305
l 6182 6524
l 6183 6185
l 6184 6186
l 6187 6189
l 6188 6190
l 6194 6364
l 6195 6565
l 6201 6378
l 6205 6320
l 6206 6321
l 6207 6322
l 6208 6323
l 6210 6212
l 6211 6213
l 6214 6216
l 6215 6217
l 6220 6345
l 6221 6346
l 6222 6369
l 6223 6365
l 6226 6379
l 6228 6409
l 6229 6410
l 6232 6413
l 6233 6414
l 6236 6415
l 6237 6663
l 6239 6666
l 6243 6669
l 6243 6672
l 6247 6672
l 6249 6674
l 6251 6676
l 6252 6677
l 6253 6678
l 6255 6679
l 6256 6258
l 6257 6259
l 6260 6812
l 6261 6263
l 6262 6264
l 6265 7064
l 6269 6349
l 6270 6350
l 6271 6374
l 6272 6375
l 6277 6380
l 6278 6381
l 6279 6384
l 6280 6387
l 6283 6404
l 6284 6407
l 6285 6287
l 6286 6288
l 6289 6291
l 6290 6292
l 6293 6418
l 6294 6419
l 6296 6421
l 6297 6422
l 6298 6423
l 6299 6433
l 6300 6302
l 6301 6303
l 6304 6398
l 6305 6399
l 6309 6311
l 6310 6312
l 6314 6478
l 6318 6481
l 6320 6424
l 6321 6425
l 6322 6426
l 6323 6427
l 6324 6428
l 6325 6329
l 6326 6330
l 6328 6515
l 6331 6485
l 6332 6486
l 6335 6337
l 6336 6338
l 6341 6448
l 6342 6449
l 6345 6507
l 6346 6508
l 6349 6444
l 6350 6445
l 6370 6372
l 6371 6373
l 6374 6434
l 6375 6435
l 6376 6382
l 6377 6383
l 6380 6440
l 6381 6441
l 6384 6489
l 6387 6492
l 6390 6392
l 6391 6393
l 6394 6396
l 6395 6397
l 6404 6539
l 6407 6540
l 6408 6509
l 6409 6510
l 6410 6499
l 6413 6502
l 6414 6503
l 6415 6506
l 6418 6546
l 6419 6547
l 6421 6549
l 6422 6550
l 6423 6541
l 6425 6527
l 6426 6528
l 6427 6529
l 6428 6530
l 6429 6431
l 6430 6432
l 6433 6541
l 6436 6438
l 6437 6439
l 6448 6559
l 6449 6560
l 6450 6452
l 6451 6453
l 6455 6457
l 6456 6458
l 6459 6689
l 6462 6691
l 6463 6692
l 6463 6695
l 6465 6695
l 6470 6697
l 6470 6700
l 6472 6698
l 6473 6699
l 6474 6704
l 6475 6701
l 6477 6704
l 6482 6725
l 6493 6495
l 6494 6496
l 6507 6585
l 6508 6586
l 6516 6518
l 6517 6519
l 6520 6522
l 6521 6523
l 6524 6859
l 6531 6533
l 6532 6534
l 6535 6537
l 6536 6538
l 6539 6650
l 6540 6651
l 6541 6573
l 6542 6544
l 6543 6545
l 6546 6659
l 6547 6660
l 6549 6681
l 6550 6661
l 6551 6553
l 6552 6554
l 6555 6561
l 6556 6562
l 6564 7103
l 6567 6569
l 6568 6570
l 6571 6574
l 6572 6575
l 6573 6576
l 6576 6579
l 6579 6623
l 6581 6587
l 6582 6588
l 6610 6615
l 6611 6616
l 6612 6618
l 6613 6619
l 6614 6615
l 6616 6617
l 6617 6618
l 6619 6620
l 6621 6644
l 6622 6645
l 6623 6646
l 6646 6648
l 6648 6687
l 6653 6710
l 6654 6657
l 6655 6658
l 6656 6712
l 6662 6682
l 6663 7092
l 6665 7093
l 6665 7095
l 6666 7096
l 6667 6683
l 6667 7094
l 6668 7097
l 6668 7098
l 6669 7085
l 6672 7085
l 6673 7076
l 6675 7076
l 6675 7078
l 6677 7079
l 6677 7088
l 6678 7078
l 6679 7079
l 6687 6752
l 6689 6980
l 6690 6981
l 6691 6982
l 6691 6983
l 6692 6986
l 6697 6990
l 6698 6988
l 6698 6989
l 6699 6989
l 6700 6990
l 6701 7001
l 6701 7002
l 6704 6992
l 6706 6707
l 6706 6711
l 6707 6708
l 6710 6751
l 6725 7053
l 6730 6732
l 6731 6733
l 6732 6736
l 6733 6737
l 6736 6738
l 6737 6739
l 6738 6740
l 6739 6741
l 6740 6742
l 6741 6743
l 6744 6746
l 6745 6747
l 6746 6748
l 6747 6749
l 6751 6759
l 6752 6760
l 6754 6756
l 6755 6757
l 6762 6778
l 6763 6779
l 6764 6768
l 6765 6769
l 6778 6792
l 6779 6793
l 6782 6785
l 6785 6815
l 6786 6816
l 6788 6796
l 6789 6797
l 6791 6794
l 6792 6828
l 6793 6829
l 6794 6803
l 6796 6831
l 6797 6832
l 6799 6834
l 6800 6804
l 6803 6807
l 6804 6808
l 6807 6811
l 6812 7844
l 6815 6848
l 6817 6821
l 6820 6824
l 6824 6827
l 6828 6844
l 6829 6845
l 6831 6854
l 6832 6852
l 6835 6837
l 6835 6842
l 6836 6843
l 6838 6849
l 6839 6850
l 6852 6864
l 6854 6863
l 6857 6866
l 6858 6867
l 6859 7283
l 6860 6870
l 6861 6871
l 6863 6875
l 6864 6876
l 6870 6880
l 6871 6881
l 6875 6883
l 6876 6884
l 6880 6892
l 6881 6893
l 6883 6925
l 6884 6923
l 6889 6891
l 6892 6914
l 6893 6915
l 6895 7300
l 6913 6919
l 6923 6934
l 6925 6936
l 6926 6928
l 6927 6929
l 6930 6954
l 6931 6937
l 6932 6938
l 6934 6940
l 6936 6942
l 6944 6949
l 6945 6950
l 6946 6951
l 6947 6971
l 6950 6963
l 6951 6964
l 6954 6979
l 6955 6957
l 6956 6958
l 6957 6961
l 6958 6962
l 6965 6977
l 6966 6978
l 6971 6973
l 6972 6974
l 6995 7015
l 6996 7016
l 6998 7018
l 6999 7019
l 7007 7011
l 7010 7014
l 7018 7028
l 7019 7026
l 7022 7028
l 7022 7034
l 7023 7026
l 7023 7035
l 7030 7034
l 7030 7046
l 7031 7035
l 7031 7044
l 7038 7042
l 7039 7044
l 7039 7047
l 7042 7046
l 7049 7051
l 7050 7052
l 7054 7056
l 7055 7057
l 7058 7060
l 7059 7061
l 7064 7899
l 7066 7845
l 7067 7846
l 7068 7847
l 7069 7850
l 7070 7851
l 7071 7852
l 7074 7855
l 7075 7853
l 7089 7090
l 7090 7091
l 7099 7106
l 7100 7107
l 7105 7862
l 7108 7109
l 7109 7128
l 7110 7129
l 7111 7112
l 7112 7113
l 7113 7114
l 7114 7115
l 7116 7117
l 7118 7119
l 7119 7120
l 7120 7121
l 7121 7122
l 7122 7123
l 7124 7125
l 7125 7126
l 7126 7127
l 7130 7131
l 7131 7132
l 7132 7133
l 7133 7134
l 7135 7136
l 7136 7137
l 7137 7138
l 7138 7139
l 7139 7140
l 7141 7142
l 7142 7143
l 7143 7144
l 7145 7146
l 7146 7147
l 7147 7148
l 7148 7149
l 7150 7151
l 7151 7152
l 7152 7153
l 7153 7154
l 7154 7155
l 7156 7157
l 7157 7158
l 7158 7159
l 7160 7161
l 7161 7162
l 7162 7163
l 7163 7164
l 7165 7166
l 7166 7167
l 7167 7168
l 7168 7169
l 7169 7170
l 7171 7172
l 7172 7173
l 7173 7174
l 7175 7176
l 7176 7177
l 7177 7178
l 7179 7180
l 7180 7181
l 7181 7182
l 7182 7183
l 7183 7184
l 7185 7186
l 7186 7187
l 7187 7188
l 7189 7190
l 7190 7191
l 7191 7192
l 7192 7193
l 7194 7195
l 7196 7197
l 7197 7198
l 7198 7199
l 7199 7200
l 7200 7201
l 7202 7203
l 7203 7204
l 7204 7205
l 7206 7207
l 7207 7208
l 7208 7209
l 7210 7211
l 7211 7212
l 7212 7213
l 7213 7214
l 7214 7215
l 7216 7217
l 7217 7218
l 7218 7219
l 7235 7252
l 7238 7241
l 7244 7284
l 7271 7272
l 7273 7274
l 7275 7276
l 7277 7278
l 7279 7858
l 7280 7291
l 7280 7293
l 7281 7292
l 7282 7294
l 7285 7860
l 7286 7290
l 7287 7291
l 7288 7293
l 7289 7295
l 7289 7305
l 7290 7296
l 7292 7297
l 7294 7298
l 7295 7299
l 7299 7306
l 7301 7863
l 7302 7313
l 7303 7305
l 7303 7306
l 7304 7307
l 7304 7308
l 7309 7315
l 7311 7313
l 7313 7316
l 7314 7316
l 7315 7318
l 7319 7322
l 7320 7324
l 7321 7324
l 7322 7373
l 7326 7372
l 7327 7328
l 7328 7329
l 7329 7330
l 7330 7331
l 7332 7333
l 7333 7334
l 7334 7335
l 7335 7336
l 7337 7341
l 7338 7342
l 7339 7343
l 7340 7344
l 7341 7345
l 7342 7346
l 7343 7347
l 7344 7348
l 7349 7350
l 7350 7351
l 7351 7352
l 7352 7353
l 7353 7354
l 7355 7356
l 7356 7357
l 7357 7358
l 7359 7360
l 7360 7361
l 7361 7362
l 7362 7363
l 7363 7364
l 7365 7366
l 7366 7367
l 7367 7368
l 7369 7371
l 7369 7392
l 7371 7373
l 7371 7374
l 7372 7375
l 7375 7393
l 7376 7378
l 7377 7379
l 7378 7380
l 7379 7381
l 7380 7382
l 7381 7383
l 7382 7384
l 7383 7385
l 7386 7387
l 7388 7401
l 7389 7393
l 7389 7402
l 7391 7394
l 7392 7396
l 7393 7397
l 7397 7402
l 7478 7889
l 7479 7480
l 7480 7483
l 7481 7484
l 7482 7485
l 7483 7486
l 7487 7488
l 7488 7489
l 7489 7490
l 7490 7491
l 7491 7492
l 7493 7494
l 7495 7496
l 7497 7498
l 7498 7499
l 7499 7500
l 7500 7501
l 7502 7505
l 7503 7504
l 7503 7513
l 7504 7618
l 7506 7507
l 7507 7508
l 7508 7509
l 7509 7510
l 7510 7511
l 7512 7513
l 7514 7515
l 7515 7516
l 7516 7517
l 7517 7518
l 7519 7520
l 7520 7521
l 7521 7522
l 7522 7523
l 7523 7524
l 7525 7526
l 7526 7527
l 7527 7528
l 7529 7530
l 7530 7531
l 7531 7532
l 7532 7533
l 7534 7535
l 7535 7536
l 7536 7537
l 7537 7538
l 7538 7539
l 7540 7541
l 7541 7542
l 7542 7543
l 7543 7619
l 7544 7545
l 7545 7546
l 7546 7547
l 7548 7549
l 7549 7550
l 7550 7551
l 7551 7552
l 7552 7553
l 7554 7555
l 7555 7556
l 7556 7557
l 7558 7559
l 7559 7560
l 7560 7561
l 7561 7562
l 7563 7564
l 7564 7565
l 7565 7566
l 7566 7567
l 7567 7568
l 7569 7570
l 7570 7571
l 7571 7572
l 7572 7620
l 7573 7574
l 7574 7575
l 7575 7576
l 7577 7578
l 7578 7579
l 7579 7580
l 7580 7581
l 7581 7582
l 7583 7584
l 7584 7585
l 7585 7586
l 7587 7588
l 7588 7589
l 7590 7591
l 7591 7592
l 7592 7593
l 7594 7595
l 7595 7597
l 7596 7598
l 7598 7599
l 7599 7600
l 7601 7602
l 7602 7603
l 7604 7605
l 7606 7609
l 7607 7608
l 7608 7610
l 7609 7611
l 7610 7612
l 7611 7613
l 7612 7614
l 7613 7615
l 7614 7616
l 7615 7617
l 7621 7622
l 7622 7623
l 7623 7624
l 7624 7625
l 7626 7627
l 7627 7628
l 7628 7629
l 7629 7630
l 7631 7637
l 7632 7638
l 7633 7639
l 7634 7640
l 7635 7641
l 7636 7642
l 7637 7643
l 7638 7644
l 7639 7645
l 7640 7646
l 7641 7647
l 7642 7648
l 7649 7650
l 7650 7651
l 7651 7652
l 7653 7654
l 7654 7655
l 7655 7656
l 7656 7657
l 7657 7658
l 7659 7660
l 7660 7661
l 7661 7662
l 7663 7664
l 7664 7665
l 7665 7666
l 7666 7667
l 7668 7669
l 7669 7670
l 7671 7674
l 7672 7673
l 7673 7675
l 7674 7676
l 7675 7679
l 7676 7680
l 7677 7681
l 7678 7682
l 7679 7684
l 7680 7683
l 7681 7691
l 7682 7692
l 7685 7686
l 7686 7687
l 7687 7688
l 7688 7689
l 7689 7690
l 7691 7693
l 7692 7694
l 7693 7695
l 7694 7696
l 7695 7697
l 7696 7698
l 7699 7701
l 7700 7702
l 7701 7703
l 7702 7704
l 7705 7706
l 7706 7707
l 7707 7708
l 7708 7710
l 7709 7712
l 7710 7713
l 7711 7715
l 7712 7717
l 7713 7716
l 7715 7720
l 7716 7718
l 7717 7719
l 7719 7722
l 7722 7723
l 7723 7725
l 7725 7727
l 7726 7728
l 7728 7729
l 7729 7730
l 7731 7732
l 7732 7733
l 7734 7735
l 7735 7736
l 7736 7739
l 7737 7738
l 7740 7989
l 7741 7743
l 7742 7744
l 7745 7747
l 7747 7748
l 7748 7749
l 7752 7771
l 7754 7819
l 7758 7776
l 7761 7769
l 7762 7817
l 7765 7768
l 7767 7770
l 7771 7798
l 7773 7801
l 7780 7781
l 7782 7783
l 7784 7785
l 7786 7787
l 7796 7797
l 7798 7814
l 7799 7819
l 7801 7816
l 7808 7822
l 7809 7820
l 7810 7812
l 7811 7813
l 7811 7817
l 7842 7843
l 7845 7991
l 7846 7987
l 7847 7988
l 7848 7849
l 7852 7990
l 7853 7937
l 7854 7944
l 7855 7942
l 7856 7938
l 7857 7945
l 7858 7943
l 7862 7996
l 7863 7946
l 7864 7865
l 7866 7867
l 7868 7869
l 7869 7870
l 7870 7871
l 7873 7883
l 7875 7877
l 7876 7878
l 7879 7881
l 7881 7884
l 7883 7891
l 7884 7885
l 7889 7993
l 7891 7893
l 7893 7895
l 7896 7897
l 7900 7902
l 7900 7903
l 7901 7902
l 7902 7908
l 7902 7909
l 7904 7906
l 7905 7907
l 7906 7910
l 7907 7911
l 7908 7912
l 7909 7912
l 7913 7914
l 7914 7915
l 7915 7916
l 7916 7917
l 7918 7919
l 7919 7920
l 7920 7921
l 7921 7922
l 7923 7924
l 7924 7925
l 7925 7926
l 7926 7927
l 7933 8027
l 7934 8028
l 7935 7939
l 7936 7941
l 7939 7940
l 7940 7941
l 7947 7952
l 7948 7950
l 7949 7951
l 7950 7953
l 7951 7954
l 7952 7971
l 7955 7977
l 7955 7978
l 7956 7957
l 7957 7958
l 7958 7959
l 7959 7960
l 7961 7962
l 7962 7963
l 7963 7964
l 7964 7965
l 7966 7967
l 7967 7968
l 7968 7969
l 7969 7970
l 7971 7977
l 7972 7978
l 7973 7975
l 7974 7976
l 7975 7979
l 7976 7980
l 7977 7981
l 7978 7981
l 7982 7983
l 7983 7984
l 7984 7985
l 7985 7986
l 7989 8065
l 7990 8047
l 7991 8029
l 7991 8064
l 7992 8030
l 7992 8065
l 7996 8114
l 7997 8003
l 7998 8001
l 7999 8002
l 8000 8004
l 8001 8005
l 8002 8006
l 8003 8007
l 8004 8008
l 8009 8013
l 8010 8014
l 8011 8015
l 8012 8016
l 8017 8021
l 8018 8022
l 8019 8023
l 8020 8025
l 8021 8024
l 8022 8024
l 8023 8026
l 8025 8026
l 8027 8144
l 8028 8145
l 8031 8032
l 8032 8033
l 8033 8034
l 8034 8035
l 8035 8036
l 8036 8037
l 8037 8038
l 8038 8039
l 8039 8040
l 8040 8041
l 8041 8042
l 8042 8043
l 8044 8148
l 8044 8155
l 8045 8068
l 8046 8067
l 8047 8147
l 8061 8070
l 8062 8069
l 8064 8144
l 8064 8154
l 8065 8145
l 8065 8155
l 8067 8077
l 8069 8078
l 8070 8079
l 8080 8082
l 8081 8083
l 8086 8107
l 8087 8089
l 8088 8089
l 8090 8092
l 8091 8093
l 8092 8094
l 8093 8095
l 8096 8100
l 8097 8101
l 8098 8116
l 8099 8117
l 8102 8104
l 8103 8104
l 8106 8119
l 8107 8121
l 8108 8111
l 8109 8112
l 8114 8190
l 8117 8122
l 8119 8125
l 8124 8146
l 8127 8149
l 8129 8152
l 8130 8134
l 8131 8135
l 8132 8136
l 8133 8137
l 8134 8138
l 8135 8138
l 8136 8139
l 8137 8139
l 8140 8156
l 8141 8157
l 8142 8158
l 8143 8159
l 8146 8165
l 8149 8164
l 8150 8172
l 8160 8175
l 8161 8176
l 8162 8168
l 8163 8169
l 8164 8177
l 8166 8168
l 8167 8169
l 8173 8175
l 8174 8176
l 8177 8182
l 8179 8185
l 8180 8183
l 8182 8192
l 8183 8191
l 8185 8196
l 8187 8195
l 8191 8198
l 8192 8197
l 8196 8201
l 8202 8206
l 8203 8207
l 8206 8210
l 8207 8211
l 8210 8216
l 8211 8217
l 8214 8220
l 8215 8221
l 8216 8222
l 8217 8223
l 8220 8226
l 8221 8227
l 8222 8228
l 8226 8232
l 8227 8233
l 8228 8234
l 8229 8235
l 8233 8239
l 8234 8240
l 8235 8241
l 8238 8244
l 8240 8246
l 8241 8247
l 8245 8250
l 8246 8251
l 8247 8252
l 8255 8259
l 8256 8260
l 8259 8263
l 8260 8264
l 8263 8268
l 8264 8267
l 8267 8272
l 8268 8273
l 8270 8278
l 8273 8277
l 8276 8284
l 8277 8285
l 8279 8283
l 8281 8288
l 8283 8289
l 8285 8291
l 8288 8293
l 8289 8294
l 8290 8297
l 8291 8296
l 8293 8301
l 8296 8303
l 8297 8299
l 8302 8306
l 8307 8309
l 8308 8310
l 8309 8311
l 8310 8312
l 8313 8314
l 8314 8315
l 8315 8316
l 8317 8318
l 8318 8319
l 8319 8320
l 8321 8323
l 8322 8324
l 8323 8325
l 8324 8326
l 8325 8327
l 8326 8328
l 8327 8329
l 8328 8330
l 8329 8331
l 8330 8332
l 8331 8333
l 8332 8334
l 8335 8336
l 8336 8337
l 8337 8338
l 8339 8340
l 8340 8341
l 8341 8342
l 8343 8345
l 8344 8346
l 8345 8347
l 8346 8348
l 8349 8351
l 8350 8352
l 8351 8353
l 8352 8354
l 8355 8356
l 8356 8357
l 8357 8358
l 8359 8361
l 8360 8362
l 8361 8363
l 8362 8364
l 8363 8365
l 8364 8366
l 8365 8367
l 8366 8368
l 8367 8369
l 8368 8370
l 8369 8371
l 8370 8372
l 8373 8374
l 8374 8375
l 8375 8376
l 8377 8379
l 8378 8380
l 8379 8381
l 8380 8382
l 8383 8384
l 8384 8385
l 8385 8386
l 8387 8388
l 8388 8389
l 8389 8390
l 8391 8392
l 8393 8413
l 8394 8427
l 8395 8414
l 8396 8415
l 8397 8428
l 8398 8416
l 8399 8417
l 8400 8429
l 8401 8418
l 8402 8419
l 8403 8420
l 8404 8430
l 8405 8421
l 8406 8422
l 8407 8431
l 8408 8423
l 8409 8424
l 8410 8432
l 8411 8425
l 8412 8426
l 8433 8436
l 8434 8438
l 8435 8436
l 8435 8439
l 8437 8438
l 8437 8440
l 8441 8442
l 8442 8443
l 8444 8445
l 8445 8446
l 8446 8447
l 8447 8448
l 8448 8449
l 8449 8450
l 8451 8452
l 8452 8453
l 8454 8456
l 8455 8457
l 8456 8458
l 8457 8459
l 8458 8461
l 8459 8464
l 8460 8466
l 8462 8468
l 8463 8469
l 8465 8471
l 8466 8473
l 8467 8472
l 8468 8476
l 8469 8479
l 8470 8478
l 8471 8482
l 8473 8484
l 8474 8476
l 8475 8477
l 8477 8485
l 8479 8486
l 8480 8482
l 8481 8483
l 8483 8487
