# daf_trailer_wheel_2l.obj - ISO 8855 (x ileri, y sol, z yukari), metre
mtllib daf.mtl
o daf_trailer_wheel_2l
v 0.09500 0.20250 -0.44500
v 0.13907 0.20249 -0.43299
v 0.18500 0.20250 -0.41500
v -0.18500 0.20250 -0.41500
v 0.25801 0.19914 -0.38990
v -0.25626 0.19963 -0.39098
v -0.30400 0.20250 -0.33800
v 0.37465 0.20009 -0.28318
v 0.38172 0.20250 -0.24691
v 0.41601 0.20252 -0.18467
v -0.42056 0.20252 -0.17206
v 0.45200 0.20250 -0.04700
v 0.45200 0.20250 0.04800
v -0.46630 0.19920 0.04696
v -0.32141 0.20250 0.32138
v 0.26963 0.19994 0.38333
v -0.26990 0.20251 0.36613
v 0.22800 0.20250 0.39400
v 0.07953 0.20251 0.44808
v -0.09400 0.20250 0.44500
v -0.07481 0.19921 0.46327
v -0.04288 0.20249 0.45277
v -0.04762 0.19851 -0.38754
v 0.01183 0.19983 -0.46789
v 0.07097 0.20250 -0.44799
v 0.08771 0.19849 -0.37960
v -0.07681 0.19987 -0.46096
v -0.16204 0.19847 -0.35379
v -0.14337 0.20249 -0.43148
v 0.23552 0.20055 -0.40334
v 0.30198 0.20250 -0.33989
v -0.30376 0.19848 -0.24231
v 0.27035 0.19849 -0.27873
v -0.33997 0.20250 -0.30200
v -0.35378 0.19848 -0.16211
v -0.38881 0.20250 -0.23674
v 0.43894 0.20250 -0.12176
v 0.37012 0.19854 -0.12009
v -0.43633 0.20250 -0.12659
v -0.38216 0.19850 -0.07200
v -0.44441 0.20252 -0.09727
v 0.44897 0.20251 -0.07104
v -0.45451 0.20251 -0.00125
v 0.45399 0.20250 -0.02397
v -0.45300 0.20250 0.02376
v -0.38816 0.19850 0.01263
v -0.45952 0.20009 0.07911
v 0.44654 0.20249 0.08962
v -0.38099 0.19851 0.07501
v 0.43970 0.19988 0.16167
v -0.43281 0.20248 0.13950
v 0.41543 0.20249 0.18582
v 0.37595 0.19846 0.10368
v -0.40501 0.20250 0.20598
v 0.38374 0.20250 0.24562
v -0.32641 0.19849 0.21089
v 0.33435 0.19846 0.19767
v -0.37880 0.20249 0.25267
v 0.32994 0.20250 0.31316
v 0.29092 0.19853 0.25819
v -0.35032 0.19917 0.31255
v -0.26956 0.19850 0.28030
v 0.28591 0.20251 0.35305
v 0.22864 0.19848 0.31345
v -0.18837 0.19847 0.34034
v -0.16314 0.20249 0.42398
v -0.07576 0.19848 0.38341
v -0.11689 0.20251 0.43901
v 0.07748 0.19849 0.38202
v 0.03274 0.20009 0.46719
v 0.16234 0.20252 0.42572
v -0.00809 0.19929 0.46917
v 0.09917 0.19943 -0.45938
v -0.14422 0.19948 -0.44713
v 0.19828 0.19877 -0.42445
v 0.23962 0.19944 -0.40609
v -0.27642 0.19950 -0.38118
v 0.28206 0.19957 -0.37630
v -0.34464 0.19936 -0.31913
v 0.31656 0.19913 -0.34663
v -0.30887 0.19957 -0.35574
v -0.37665 0.19914 -0.27961
v -0.40481 0.19942 -0.24151
v -0.42446 0.19965 -0.20295
v 0.42629 0.19890 -0.19516
v 0.43800 0.19950 -0.16800
v 0.43510 0.19933 -0.18663
v -0.44487 0.19882 -0.14887
v -0.45430 0.19943 -0.12784
v 0.46480 0.19932 -0.07078
v 0.46929 0.19979 -0.00935
v 0.46302 0.19911 0.08235
v 0.45848 0.19939 0.10142
v -0.44472 0.19959 0.15379
v 0.42713 0.19921 0.19433
v 0.40338 0.19927 0.24061
v -0.40046 0.19942 0.24641
v 0.36004 0.19889 0.30126
v -0.31834 0.19952 0.34549
v -0.24029 0.19889 0.40283
v 0.23113 0.19952 0.40768
v -0.20652 0.19959 0.42259
v 0.23600 0.19950 0.40800
v 0.16800 0.19950 0.43800
v -0.17482 0.20002 0.43395
v -0.20516 0.19413 0.44653
v -0.14350 0.19895 0.44609
v 0.14453 0.19918 0.44668
v -0.00496 0.19636 0.49033
v 0.04304 0.19327 0.49075
v -0.05027 0.19924 -0.46643
v 0.05919 0.19956 -0.46430
v 0.14961 0.19938 -0.44533
v 0.17326 0.19905 -0.43621
v -0.18140 0.19909 -0.43277
v -0.24940 0.20036 -0.39475
v -0.31232 0.19869 -0.34949
v -0.25121 0.19851 -0.29762
v 0.19900 0.19847 -0.33447
v 0.38843 0.19874 -0.26228
v 0.43700 0.19850 -0.16800
v -0.41899 0.19879 -0.21119
v 0.44645 0.19919 -0.14454
v 0.34365 0.19848 -0.18318
v -0.46785 0.19943 -0.03801
v 0.38907 0.19847 -0.02454
v -0.44569 0.19866 0.14591
v -0.36616 0.19847 0.12979
v 0.18127 0.19851 0.34496
v -0.27480 0.19915 0.38026
v 0.30546 0.19920 0.35689
v 0.19028 0.19879 0.42851
v 0.16800 0.19850 0.43700
v 0.13387 0.19977 0.45114
v 0.08026 0.19897 0.46250
v 0.11779 0.19261 -0.47719
v -0.09528 0.19946 -0.46212
v 0.19437 0.19349 -0.45110
v -0.23224 0.19971 -0.40924
v 0.40943 0.19967 -0.23241
v 0.46109 0.19918 -0.11142
v -0.47084 0.19987 0.00413
v -0.46210 0.19965 0.09228
v 0.34150 0.19274 0.35415
v -0.29686 0.19310 0.39257
v -0.15045 0.19364 0.46838
v 0.14802 0.19266 0.46847
v -0.04937 0.19452 -0.49097
v -0.09885 0.19459 -0.48256
v -0.20172 0.19459 -0.45042
v 0.20308 0.19460 -0.44965
v 0.26587 0.19313 -0.41382
v 0.28845 0.19454 -0.40001
v 0.32859 0.19381 -0.36700
v 0.42700 0.19450 -0.24700
v -0.47993 0.19341 -0.10754
v 0.48311 0.19389 -0.10038
v -0.49344 0.19436 0.01601
v 0.49077 0.19387 0.04701
v -0.46802 0.19343 0.15642
v 0.46874 0.19325 0.14959
v -0.40493 0.19377 0.28023
v 0.34800 0.19450 0.34800
v 0.33000 0.19450 0.36700
v -0.25182 0.19351 0.42267
v 0.24802 0.19454 0.42634
v -0.20100 0.19450 0.45100
v 0.04838 0.19455 0.49085
v -0.00382 0.19378 0.49252
v 0.02471 0.19359 -0.49096
v -0.14724 0.19438 -0.47065
v 0.15286 0.19436 -0.46910
v 0.02758 0.19241 -0.36455
v -0.33256 0.19331 -0.36389
v 0.17284 0.19305 -0.32591
v -0.16022 0.19325 -0.33318
v 0.30241 0.19739 -0.24224
v -0.40677 0.19393 -0.27897
v 0.37563 0.19733 -0.09548
v -0.30656 0.19299 -0.20452
v -0.46554 0.19355 -0.16012
v 0.49137 0.19283 -0.00219
v 0.36298 0.19295 0.06552
v -0.35065 0.18952 -0.04079
v 0.49140 0.19290 0.00001
v -0.49063 0.19275 0.02892
v -0.33987 0.18860 0.07138
v -0.46731 0.19245 0.15033
v 0.30725 0.19309 0.20497
v -0.43833 0.19455 0.22776
v -0.31303 0.19307 0.19570
v 0.23338 0.19225 0.26632
v 0.39959 0.19425 0.28708
v -0.36693 0.19330 0.32786
v 0.36600 0.19350 0.32900
v 0.09319 0.19293 0.35696
v -0.20105 0.19322 0.31005
v 0.34800 0.19350 0.34800
v -0.06539 0.19296 0.36295
v 0.32855 0.19449 0.36784
v -0.31634 0.19420 0.37892
v -0.05520 0.19249 -0.48741
v -0.09193 0.19362 -0.48240
v -0.16631 0.19277 -0.46201
v -0.24078 0.19281 -0.42869
v 0.33085 0.19348 -0.36334
v 0.36500 0.19250 -0.32800
v -0.37210 0.19316 -0.32195
v 0.42396 0.19255 -0.24692
v -0.45049 0.19401 -0.19974
v -0.44879 0.19277 -0.19866
v 0.45783 0.19317 -0.18190
v -0.49097 0.19321 -0.03555
v 0.48910 0.19254 0.04633
v -0.48242 0.19389 0.09732
v 0.48071 0.19404 0.10804
v -0.42518 0.19274 0.24576
v 0.43848 0.19283 0.22336
v 0.38100 0.19250 0.30900
v 0.22019 0.19372 0.43998
v -0.10608 0.19262 0.47933
v 0.13757 0.18908 -0.32144
v -0.02231 0.18912 -0.35077
v 0.25787 0.18918 -0.23658
v -0.19494 0.18905 -0.29191
v 0.33008 0.18918 -0.11672
v -0.30518 0.18922 -0.17149
v -0.34525 0.18915 -0.04835
v 0.34920 0.18914 0.02752
v 0.30700 0.18914 0.16815
v -0.29932 0.18920 0.18137
v 0.17891 0.18930 0.29895
v -0.20050 0.18919 0.28685
v 0.07918 0.18917 0.34105
v -0.06668 0.18898 0.34330
v 0.04001 0.19444 -0.49226
v 0.05749 0.18098 -0.51080
v 0.10515 0.19441 -0.48158
v 0.19150 0.18039 -0.47741
v -0.26535 0.19453 -0.41671
v 0.38734 0.19412 -0.30560
v -0.50870 0.18047 -0.07400
v 0.49334 0.19452 -0.02095
v -0.51295 0.18063 0.03270
v 0.44237 0.19459 0.22035
v -0.38001 0.18068 0.34575
v 0.36586 0.19440 0.33082
v 0.34436 0.18061 0.38146
v 0.28725 0.19350 0.39957
v -0.23524 0.18085 0.45752
v 0.17819 0.19465 0.46111
v 0.10342 0.19450 0.48287
v -0.08332 0.19461 0.48745
v -0.01582 0.18072 0.51477
v -0.12725 0.18096 -0.49860
v 0.13480 0.18124 -0.49747
v -0.16030 0.18150 -0.49187
v -0.20736 0.18072 -0.46983
v 0.17924 0.18171 -0.48395
v 0.23528 0.18179 -0.45853
v -0.20254 0.18175 -0.47440
v -0.25608 0.18077 -0.44541
v -0.30383 0.18146 -0.41710
v 0.27674 0.18083 -0.43305
v 0.28820 0.18149 -0.42818
v -0.34466 0.18149 -0.38493
v 0.34488 0.18067 -0.38094
v -0.34349 0.18069 -0.38225
v -0.38063 0.18109 -0.34597
v 0.38189 0.18069 -0.34390
v 0.36585 0.18149 -0.36579
v -0.41755 0.18150 -0.30438
v 0.41504 0.18127 -0.30446
v -0.42630 0.18098 -0.28842
v 0.45039 0.18129 -0.24874
v -0.45252 0.18080 -0.24346
v 0.47033 0.18075 -0.20646
v -0.48968 0.18163 -0.16199
v 0.48990 0.18114 -0.15669
v -0.51861 0.17852 -0.07936
v -0.50384 0.18150 -0.10758
v 0.50532 0.18153 -0.10114
v -0.52147 0.17926 0.05965
v 0.51309 0.18130 -0.04618
v -0.51052 0.18132 -0.07078
v -0.51327 0.18165 0.05283
v 0.51038 0.18126 0.06268
v -0.50312 0.18107 0.10581
v 0.50143 0.18157 0.11919
v -0.49401 0.18149 0.15106
v 0.48783 0.18150 0.17322
v -0.44990 0.18155 0.25122
v -0.41784 0.18150 0.30194
v 0.42847 0.18163 0.28781
v 0.38067 0.18087 0.34580
v -0.38400 0.18150 0.34600
v 0.36909 0.18167 0.36179
v 0.30275 0.18165 0.41812
v -0.33675 0.18173 0.39139
v -0.31050 0.18076 0.41077
v -0.27572 0.17544 0.45200
v 0.19735 0.18114 0.47449
v 0.15838 0.18079 0.48910
v -0.12673 0.18098 0.49890
v 0.13300 0.18150 0.49700
v 0.10580 0.18091 0.50343
v 0.13548 0.18151 0.50006
v -0.05460 0.18150 0.51397
v 0.04575 0.18161 0.51423
v -0.00704 0.18173 0.51579
v -0.03110 0.18098 -0.51320
v -0.47246 0.18081 -0.20201
v -0.48757 0.18056 -0.16067
v 0.48834 0.18060 0.16073
v -0.47291 0.18099 0.20123
v -0.40250 0.18049 0.32059
v 0.27372 0.18083 0.43600
v 0.13300 0.18050 0.49600
v 0.05594 0.18044 0.51080
v 0.03313 0.18031 -0.52142
v 0.20391 0.17507 -0.48737
v -0.21831 0.17921 -0.47600
v -0.41738 0.17662 -0.32213
v 0.38950 0.17839 -0.34871
v -0.47850 0.17908 -0.21317
v 0.46162 0.17797 -0.25357
v 0.51794 0.17668 -0.10083
v 0.51452 0.18138 -0.00082
v -0.50461 0.17597 0.15386
v -0.30338 0.17967 0.42277
v -0.14766 0.18129 0.49824
v -0.10350 0.17465 0.51909
v 0.08450 0.17546 0.52427
v -0.05543 0.17541 -0.52512
v 0.09774 0.17408 -0.52110
v -0.14594 0.17510 -0.50837
v 0.30381 0.17286 -0.43465
v -0.28454 0.17110 -0.44720
v 0.38319 0.17390 -0.36708
v 0.52568 0.17449 -0.05708
v 0.52786 0.17605 -0.01463
v 0.49458 0.17645 0.18442
v -0.46863 0.17539 0.24460
v 0.44411 0.18131 0.26443
v -0.40463 0.17656 0.34144
v 0.41768 0.17537 0.32338
v 0.35649 0.17582 0.39014
v 0.29555 0.18140 0.42757
v 0.04250 0.17450 -0.32450
v -0.02125 0.17450 -0.32650
v 0.11375 0.17450 -0.30725
v -0.07650 0.17450 -0.31900
v 0.17850 0.17450 -0.27500
v -0.13300 0.17450 -0.30000
v 0.22875 0.17450 -0.23475
v -0.19300 0.17450 -0.26600
v -0.22000 0.17450 -0.24400
v 0.27300 0.17450 -0.18200
v -0.26600 0.17450 -0.19300
v 0.30250 0.17450 -0.12500
v -0.30000 0.17450 -0.13300
v 0.32300 0.17450 -0.05525
v 0.32900 0.17450 -0.00000
v -0.31975 0.17450 -0.07225
v 0.31775 0.17450 0.08075
v -0.32650 0.17450 0.02125
v 0.29250 0.17450 0.14900
v -0.31200 0.17450 0.10200
v 0.26600 0.17450 0.19300
v -0.28975 0.17450 0.15275
v 0.22600 0.17450 0.23800
v -0.24400 0.17450 0.22000
v 0.16700 0.17450 0.28025
v -0.19300 0.17450 0.26600
v -0.13300 0.17450 0.30000
v 0.05525 0.17450 0.32300
v -0.08500 0.17450 0.31700
v -0.00850 0.17450 0.32750
v 0.00848 0.17272 -0.53047
v 0.16052 0.17363 -0.50464
v -0.16792 0.17252 -0.50340
v 0.24897 0.17467 -0.46665
v 0.33783 0.17277 -0.40995
v -0.33115 0.17412 -0.41236
v 0.45715 0.17237 -0.27007
v -0.42800 0.17350 -0.31100
v 0.50568 0.17350 -0.15841
v 0.52217 0.17431 0.08975
v -0.47832 0.17298 0.22757
v 0.45474 0.16826 0.27620
v -0.37654 0.17159 0.37331
v 0.33362 0.17503 0.40942
v 0.17071 0.17022 0.50286
v -0.23693 0.17531 0.47247
v -0.00914 0.17640 0.52839
v -0.21495 0.17236 -0.48537
v -0.45851 0.17302 -0.26569
v -0.49579 0.17284 -0.19131
v -0.51811 0.17273 -0.11320
v 0.51903 0.17128 -0.11000
v -0.53054 0.17273 -0.02523
v -0.51797 0.16746 0.11843
v -0.41515 0.17261 0.33099
v 0.37699 0.17211 0.37494
v 0.27278 0.16803 0.45601
v 0.23840 0.17421 0.47346
v -0.16202 0.17224 0.50559
v -0.00065 0.16902 -0.53057
v 0.06462 0.17156 -0.52645
v -0.10861 0.17234 -0.51908
v 0.18967 0.17217 -0.49598
v 0.43140 0.17102 -0.30891
v 0.49308 0.17187 -0.19777
v 0.52741 0.17208 0.06048
v 0.52057 0.16888 0.10353
v 0.49263 0.17340 0.19778
v -0.49998 0.17202 0.17951
v 0.36450 0.17050 0.38400
v -0.32590 0.17175 0.41928
v 0.21501 0.16834 0.48535
v 0.04613 0.17240 0.52937
v -0.06009 0.17208 0.52739
v 0.06075 0.16684 -0.52781
v -0.06348 0.16739 -0.52831
v 0.44721 0.16581 -0.28974
v -0.52775 0.16860 -0.05351
v -0.52729 0.17096 0.05797
v 0.43704 0.16600 0.30332
v 0.41097 0.16961 0.33573
v 0.34753 0.16612 0.40316
v 0.31584 0.17086 0.42625
v -0.32496 0.16568 0.42155
v 0.22325 0.16588 0.48301
v -0.12148 0.16736 0.51712
v 0.00333 0.16584 -0.53237
v 0.34451 0.16822 -0.40359
v -0.35047 0.16814 -0.39784
v 0.38812 0.16763 -0.36206
v -0.37962 0.17177 -0.37181
v -0.43021 0.16681 -0.31147
v -0.49324 0.16598 0.20119
v 0.49697 0.16594 0.19192
v -0.46013 0.17056 0.26381
v -0.36865 0.16587 0.38358
v -0.22063 0.16991 0.48269
v -0.16688 0.16556 0.50597
v 0.00286 0.16435 -0.55103
v -0.05098 0.16550 -0.54621
v -0.04722 0.16463 -0.54828
v -0.07225 0.16550 -0.53887
v -0.08600 0.16550 -0.54100
v 0.05375 0.16550 -0.54162
v 0.02900 0.16550 -0.54700
v -0.02800 0.16550 -0.53400
v 0.04200 0.16550 -0.53350
v -0.00000 0.16550 -0.53300
v -0.01400 0.16550 -0.53400
v -0.05600 0.16550 -0.53300
v -0.02800 0.16550 -0.53200
v -0.05600 0.16550 -0.53200
v -0.05600 0.16550 -0.53000
v 0.14200 0.16550 -0.52900
v 0.05600 0.16550 -0.53000
v -0.05764 0.16590 -0.52898
v 0.11150 0.16550 -0.52350
v 0.16911 0.16547 -0.52225
v -0.14200 0.16550 -0.52900
v 0.19700 0.16550 -0.51200
v 0.12755 0.16551 -0.51769
v 0.14125 0.16550 -0.52625
v -0.14955 0.16552 -0.51055
v -0.22267 0.16544 -0.50202
v -0.19047 0.16550 -0.51078
v 0.17083 0.16584 -0.50399
v 0.23992 0.16505 -0.49510
v -0.19100 0.16550 -0.49800
v 0.27439 0.16550 -0.47523
v 0.21656 0.16575 -0.48635
v -0.21700 0.16550 -0.48700
v 0.26376 0.16605 -0.46109
v -0.24029 0.16508 -0.49579
v -0.19931 0.16628 -0.49328
v 0.29900 0.16550 -0.46000
v -0.27362 0.16550 -0.46681
v 0.31536 0.16571 -0.42848
v -0.26978 0.16549 -0.46052
v 0.35349 0.16550 -0.39916
v -0.31269 0.16565 -0.43039
v 0.37862 0.16550 -0.38850
v -0.36050 0.16550 -0.40588
v -0.37450 0.16550 -0.38425
v 0.36700 0.16550 -0.40800
v -0.36017 0.16606 -0.39079
v -0.40717 0.16548 -0.36807
v 0.38421 0.16552 -0.36974
v -0.39568 0.16572 -0.35543
v 0.43225 0.16550 -0.33150
v -0.44346 0.16550 -0.32348
v 0.43200 0.16550 -0.31300
v 0.46000 0.16550 -0.29800
v -0.44700 0.16550 -0.29000
v 0.47681 0.16499 -0.27655
v -0.46000 0.16550 -0.29799
v -0.47617 0.16540 -0.27220
v -0.46009 0.16636 -0.26468
v -0.48700 0.16550 -0.24800
v 0.50337 0.16550 -0.21885
v -0.47400 0.16550 -0.24200
v 0.48628 0.16572 -0.21651
v -0.49200 0.16550 -0.21125
v -0.50425 0.16550 -0.20875
v 0.50438 0.16586 -0.16877
v -0.52134 0.16550 -0.17164
v 0.51556 0.16550 -0.16375
v 0.50900 0.16550 -0.16500
v 0.50700 0.16550 -0.16500
v -0.48905 0.16622 -0.20818
v -0.50900 0.16550 -0.16550
v 0.51700 0.16550 -0.13800
v 0.51600 0.16550 -0.13800
v 0.52111 0.16547 -0.11586
v -0.51752 0.16727 -0.12124
v 0.53191 0.16550 -0.09888
v 0.52400 0.16550 -0.11100
v 0.52300 0.16550 -0.11100
v 0.54156 0.16544 -0.08883
v -0.53942 0.16449 -0.10956
v 0.52900 0.16550 -0.08400
v 0.52700 0.16550 -0.08300
v 0.53042 0.16949 -0.03485
v -0.52198 0.16555 -0.10778
v 0.54780 0.16548 -0.03215
v 0.53300 0.16550 -0.05600
v -0.53616 0.16550 -0.06259
v 0.53100 0.16550 -0.05600
v 0.53244 0.16573 -0.00070
v -0.52968 0.16568 -0.05151
v 0.54812 0.16550 0.02573
v -0.53525 0.16550 -0.00700
v -0.54531 0.16550 -0.01519
v -0.54887 0.16552 0.00023
v 0.52974 0.16582 0.05226
v -0.53195 0.16697 -0.00101
v 0.53250 0.16550 0.05600
v 0.53100 0.16550 0.05600
v 0.54375 0.16550 0.03950
v -0.54700 0.16550 0.02900
v -0.54591 0.16546 0.05675
v 0.52600 0.16550 0.08300
v -0.52913 0.16550 0.06299
v -0.52625 0.16550 0.09775
v -0.53612 0.16550 0.09394
v 0.54810 0.16449 0.05831
v -0.54100 0.16550 0.08600
v 0.52300 0.16550 0.11100
v 0.52866 0.16550 0.10563
v -0.53735 0.16549 0.11228
v 0.51513 0.16560 0.13835
v 0.51700 0.16550 0.13900
v 0.52013 0.16550 0.15412
v 0.50900 0.16550 0.16500
v -0.49870 0.16480 0.19934
v -0.49537 0.16550 0.21681
v 0.49950 0.16550 0.19200
v -0.51387 0.16550 0.15797
v -0.48550 0.16550 0.22400
v 0.48487 0.16550 0.23550
v 0.46000 0.16550 0.29900
v -0.46176 0.16590 0.26359
v -0.47518 0.16481 0.27829
v 0.44700 0.16550 0.29000
v -0.44700 0.16550 0.29000
v -0.46363 0.16550 0.28463
v -0.42748 0.16598 0.31595
v -0.39689 0.16552 0.35558
v 0.42450 0.16550 0.34350
v 0.40359 0.16550 0.37219
v -0.44616 0.16549 0.32017
v 0.36688 0.16550 0.39681
v -0.40999 0.16548 0.36484
v 0.41553 0.16552 0.33479
v 0.36700 0.16550 0.40800
v -0.37202 0.16549 0.40384
v 0.31400 0.16550 0.43200
v -0.33080 0.16550 0.43762
v -0.27119 0.16615 0.45728
v 0.26736 0.16525 0.48095
v 0.26700 0.16550 0.46200
v 0.27325 0.16550 0.45950
v 0.27125 0.16550 0.46987
v 0.24200 0.16550 0.47500
v 0.24200 0.16550 0.47600
v -0.31503 0.16541 0.44989
v 0.25188 0.16548 0.48767
v 0.21800 0.16550 0.49000
v -0.22126 0.16550 0.48527
v -0.20963 0.16550 0.49638
v 0.16500 0.16550 0.50700
v 0.18559 0.16550 0.51053
v 0.22876 0.16485 0.50090
v -0.17072 0.16549 0.52150
v 0.11316 0.16573 0.51973
v 0.11463 0.16550 0.52300
v -0.15150 0.16550 0.51300
v -0.13800 0.16550 0.51700
v -0.11100 0.16550 0.52300
v -0.11100 0.16550 0.52400
v -0.10069 0.16566 0.52307
v -0.08300 0.16550 0.52700
v 0.14200 0.16550 0.52800
v -0.13100 0.16550 0.52734
v 0.17234 0.16436 0.52363
v -0.05250 0.16608 0.52945
v -0.05600 0.16550 0.53250
v 0.00147 0.16574 0.53246
v 0.06030 0.16560 0.52898
v -0.11556 0.16548 0.53684
v 0.08600 0.16550 0.54200
v -0.00790 0.16544 0.54921
v 0.05248 0.16548 0.54660
v -0.06360 0.16544 0.54555
v 0.11005 0.16532 -0.53801
v 0.27608 0.16336 -0.47754
v -0.50011 0.16547 -0.22471
v -0.53682 0.16548 -0.11449
v -0.54300 0.16450 0.08600
v 0.52413 0.16550 0.16458
v -0.50087 0.16485 0.22918
v 0.04493 0.16523 -0.54801
v 0.05800 0.16350 -0.54900
v 0.08600 0.16350 -0.54400
v -0.07960 0.16374 -0.54501
v 0.11500 0.16350 -0.54000
v 0.16374 0.16363 -0.52646
v -0.11461 0.16416 -0.53923
v 0.17100 0.16350 -0.52500
v 0.19800 0.16350 -0.51400
v -0.17874 0.16467 -0.52034
v 0.22543 0.16363 -0.50369
v -0.25000 0.16350 -0.49100
v -0.27600 0.16350 -0.47800
v -0.30000 0.16350 -0.46200
v 0.32441 0.16458 -0.44513
v -0.32400 0.16350 -0.44600
v 0.36752 0.16340 -0.41122
v -0.32754 0.16531 -0.44133
v -0.36658 0.16492 -0.41054
v 0.39832 0.16487 -0.38027
v -0.36853 0.16264 -0.41044
v 0.44484 0.16516 -0.32264
v -0.42800 0.16350 -0.34700
v -0.44600 0.16350 -0.32400
v -0.46200 0.16350 -0.30000
v -0.47800 0.16350 -0.27600
v 0.50374 0.16349 -0.22537
v -0.50327 0.16385 -0.22537
v -0.51400 0.16350 -0.19700
v -0.52500 0.16350 -0.17000
v 0.53679 0.16512 -0.11869
v -0.52613 0.16367 -0.16446
v -0.55000 0.16350 -0.02900
v 0.55135 0.16401 -0.00182
v -0.55200 0.16350 -0.00000
v -0.55116 0.16372 0.00788
v -0.54900 0.16350 0.05800
v -0.54400 0.16350 0.08600
v 0.53956 0.16466 0.11285
v -0.53900 0.16350 0.11500
v -0.53918 0.16322 0.11723
v 0.50163 0.16502 0.22612
v -0.52433 0.16391 0.17149
v 0.47819 0.16392 0.27481
v 0.44851 0.16508 0.32088
v -0.42800 0.16350 0.34700
v -0.41000 0.16350 0.36900
v 0.39000 0.16350 0.39000
v -0.38900 0.16350 0.39000
v 0.37457 0.16353 0.40521
v -0.36900 0.16350 0.41000
v 0.33047 0.16449 0.44033
v -0.34700 0.16350 0.42800
v 0.32400 0.16350 0.44600
v -0.32400 0.16350 0.44600
v 0.30000 0.16350 0.46200
v 0.27600 0.16350 0.47800
v -0.22910 0.16515 0.50091
v -0.16985 0.16320 0.52497
v -0.11523 0.16337 0.53992
v -0.02395 0.16332 0.55200
v -0.00000 0.16250 -0.55200
v 0.00402 0.16215 -0.55171
v -0.02900 0.16250 -0.55000
v -0.05862 0.16344 -0.54890
v 0.08600 0.16250 -0.54400
v -0.11088 0.16221 -0.54061
v 0.11500 0.16250 -0.54000
v -0.11500 0.16250 -0.54000
v 0.14300 0.16250 -0.53200
v -0.14300 0.16250 -0.53200
v 0.17100 0.16250 -0.52500
v -0.17041 0.16346 -0.52480
v 0.19800 0.16250 -0.51400
v -0.19700 0.16250 -0.51400
v 0.22500 0.16250 -0.50400
v -0.22400 0.16250 -0.50400
v -0.25000 0.16250 -0.49100
v -0.27600 0.16250 -0.47800
v -0.30000 0.16250 -0.46200
v -0.40725 0.16332 -0.37256
v 0.40980 0.16179 -0.36968
v -0.41000 0.16250 -0.36900
v 0.42900 0.16250 -0.34700
v -0.42800 0.16250 -0.34700
v 0.44677 0.16305 -0.32385
v -0.44600 0.16250 -0.32400
v -0.46200 0.16250 -0.30000
v -0.50396 0.16105 -0.22441
v -0.50400 0.16250 -0.22400
v -0.51400 0.16250 -0.19700
v 0.54782 0.16375 -0.06642
v -0.54900 0.16250 -0.05800
v -0.55000 0.16250 -0.02900
v -0.55200 0.16250 -0.00000
v 0.55167 0.16142 0.03633
v -0.55000 0.16250 0.02900
v -0.54900 0.16250 0.05800
v -0.54400 0.16250 0.08600
v 0.52522 0.16317 0.17065
v -0.52590 0.16227 0.16757
v -0.51400 0.16250 0.19800
v -0.44916 0.16375 0.31953
v -0.44600 0.16250 0.32500
v 0.41898 0.16307 0.35860
v -0.42800 0.16250 0.34700
v -0.41000 0.16250 0.36900
v 0.39097 0.16290 0.38986
v -0.39000 0.16250 0.39000
v -0.36900 0.16250 0.41000
v 0.34700 0.16250 0.42800
v -0.34700 0.16250 0.42800
v 0.30000 0.16250 0.46200
v -0.32528 0.16235 0.44581
v 0.27600 0.16250 0.47800
v -0.27780 0.16475 0.47600
v 0.25000 0.16250 0.49100
v 0.22500 0.16250 0.50400
v -0.22291 0.16189 0.50494
v 0.22340 0.16234 0.50514
v -0.17269 0.16320 0.52395
v 0.12226 0.16414 0.53791
v -0.09064 0.16102 0.54510
v -0.03555 0.16083 -0.55051
v 0.06257 0.16119 -0.54852
v 0.12080 0.16146 -0.53874
v -0.14337 0.16056 -0.53287
v 0.16991 0.16041 -0.52525
v 0.19419 0.16065 -0.51625
v 0.22704 0.16184 -0.50295
v -0.32460 0.16197 -0.44600
v -0.40423 0.13155 -0.37891
v -0.44685 0.16074 -0.32410
v -0.52397 0.16163 -0.17400
v 0.53945 0.16301 -0.11790
v -0.53627 0.16081 -0.13293
v -0.54770 0.16408 -0.06424
v -0.54900 0.16050 -0.05800
v -0.55218 0.16088 -0.00128
v -0.54952 0.16150 0.05282
v -0.54062 0.16127 0.11305
v -0.47759 0.15877 0.27678
v -0.42958 0.15978 0.34521
v -0.40954 0.16078 0.37010
v 0.36521 0.16021 0.41416
v -0.35798 0.13175 0.42436
v 0.32406 0.16242 0.44740
v -0.30349 0.15735 0.46217
v -0.27911 0.15611 0.47681
v -0.16460 0.16206 0.52707
v 0.02900 0.14550 -0.55200
v -0.05484 0.13159 -0.55321
v -0.22339 0.16148 -0.50430
v -0.31565 0.13159 -0.45744
v 0.32967 0.13178 -0.44711
v -0.47840 0.15843 -0.27526
v 0.47851 0.16021 -0.27539
v 0.50586 0.14662 -0.22494
v 0.52569 0.16388 -0.16749
v -0.53400 0.14550 -0.14300
v 0.54937 0.16303 -0.05620
v 0.55200 0.14550 -0.02900
v 0.55200 0.14550 0.02900
v 0.54600 0.14550 0.08700
v 0.53210 0.15254 0.15100
v 0.50493 0.16120 0.22482
v -0.51611 0.13217 0.20286
v 0.48270 0.14366 0.27090
v -0.44674 0.16082 0.32491
v 0.41075 0.13287 0.37432
v 0.27706 0.15998 0.47766
v -0.16567 0.15566 0.52712
v 0.11141 0.15597 0.54093
v 0.05747 0.16307 0.54916
v -0.00044 0.16063 0.55225
v 0.08408 0.13150 -0.54889
v -0.02519 0.13150 -0.53761
v 0.23042 0.13150 -0.50542
v -0.18239 0.13171 -0.52398
v 0.23862 0.13150 -0.48236
v -0.24432 0.13150 -0.47930
v -0.24492 0.13151 -0.49802
v 0.36835 0.13150 -0.39528
v 0.39376 0.13150 -0.39157
v -0.36865 0.13150 -0.39374
v 0.47609 0.13157 -0.29013
v 0.43546 0.13150 -0.31512
v 0.46556 0.13150 -0.26878
v -0.46090 0.13150 -0.30954
v 0.50400 0.13150 -0.20900
v 0.51584 0.13150 -0.16170
v -0.46874 0.13150 -0.26654
v 0.52705 0.13150 -0.17300
v -0.51593 0.13151 -0.20461
v 0.55424 0.13150 -0.05474
v -0.54096 0.13150 -0.12023
v 0.53792 0.13150 -0.02233
v -0.55412 0.13150 -0.03135
v 0.53057 0.13150 0.09149
v -0.53761 0.13150 0.02520
v 0.54355 0.13151 0.12101
v -0.54489 0.13150 0.11103
v 0.47962 0.13151 0.28316
v -0.48051 0.13150 0.27610
v -0.46239 0.13150 0.27872
v 0.37852 0.13150 0.38456
v -0.44104 0.13150 0.33736
v -0.37993 0.13150 0.38132
v 0.33850 0.13150 0.44073
v -0.37819 0.13150 0.40563
v -0.28834 0.13150 0.45419
v 0.24034 0.13150 0.50091
v 0.13510 0.13150 0.52168
v 0.14053 0.13152 0.53713
v -0.22966 0.13151 0.50645
v 0.02233 0.13150 0.53792
v -0.09148 0.13150 0.53057
v -0.03544 0.13151 0.55736
v -0.01300 0.12250 -0.55400
v 0.07400 0.12250 -0.54900
v -0.09896 0.12250 -0.54477
v 0.00488 0.12250 -0.51900
v 0.12975 0.12250 -0.50412
v -0.22343 0.12250 -0.50728
v 0.24080 0.12250 -0.49931
v -0.12300 0.12250 -0.50650
v 0.21700 0.12250 -0.47450
v 0.24500 0.12250 -0.46100
v 0.30038 0.12246 -0.46610
v 0.26300 0.12250 -0.45100
v -0.21038 0.12250 -0.47625
v -0.31599 0.12250 -0.45546
v 0.30525 0.12250 -0.42250
v 0.35149 0.12250 -0.42949
v -0.30775 0.12250 -0.42075
v 0.40385 0.12250 -0.38064
v -0.36472 0.12250 -0.41702
v -0.40101 0.12250 -0.38299
v 0.37413 0.12250 -0.36187
v -0.43141 0.12250 -0.34838
v -0.37637 0.12250 -0.35950
v 0.45780 0.12250 -0.31347
v 0.45637 0.12250 -0.25150
v -0.43450 0.12250 -0.28850
v -0.45600 0.12250 -0.25300
v -0.52507 0.12250 -0.17843
v 0.48150 0.12250 -0.20150
v 0.50728 0.12250 -0.22343
v 0.49987 0.12250 -0.14800
v -0.47700 0.12250 -0.20950
v 0.52915 0.12250 -0.16662
v -0.54252 0.12250 -0.11430
v -0.50725 0.12250 -0.12000
v 0.52000 0.12250 -0.04250
v 0.54984 0.12250 -0.07968
v -0.55336 0.12250 -0.02650
v 0.51600 0.12250 0.06975
v -0.55315 0.12250 0.04299
v -0.51956 0.12250 -0.01094
v 0.55005 0.12250 0.07403
v -0.54480 0.12250 0.09980
v -0.51100 0.12250 0.10400
v 0.50250 0.12250 0.14000
v -0.53487 0.12250 0.14649
v -0.51500 0.12250 0.20400
v 0.47787 0.12250 0.20975
v -0.49700 0.12250 0.15800
v -0.52300 0.12250 0.18400
v -0.50216 0.12248 0.23603
v 0.43112 0.12250 0.29250
v -0.46887 0.12250 0.22700
v -0.48800 0.12250 0.26300
v 0.52216 0.12250 0.18847
v 0.48920 0.12249 0.26181
v -0.46588 0.12249 0.30032
v -0.42736 0.12248 0.35297
v 0.45600 0.12250 0.31600
v -0.43650 0.12250 0.28463
v 0.39800 0.12250 0.33750
v 0.36675 0.12250 0.37150
v -0.41300 0.12250 0.37000
v 0.40855 0.12250 0.37532
v 0.37184 0.12250 0.41146
v 0.32450 0.12250 0.40850
v -0.35306 0.12250 0.38100
v 0.26313 0.12250 0.45050
v -0.34838 0.12250 0.43141
v 0.32242 0.12250 0.45242
v 0.22000 0.12250 0.47350
v -0.26731 0.12250 0.44700
v -0.27900 0.12250 0.47900
v 0.19200 0.12250 0.48500
v 0.26300 0.12250 0.48800
v 0.17300 0.12250 0.49300
v 0.11350 0.12250 0.50837
v -0.20076 0.12250 0.51640
v -0.12594 0.12250 0.50475
v 0.00200 0.12250 0.52150
v -0.15489 0.12250 0.53246
v 0.10000 0.12250 0.54600
v -0.07408 0.12250 0.54993
v 0.01300 0.12250 0.55400
v 0.03421 0.08375 -0.55362
v 0.03289 0.12250 -0.55336
v 0.11858 0.08308 -0.54207
v -0.05387 0.08303 -0.55228
v 0.13615 0.12250 -0.53759
v -0.15571 0.12250 -0.53312
v 0.20164 0.12250 -0.51663
v -0.18095 0.08320 -0.52353
v 0.24300 0.10350 -0.49800
v -0.26052 0.12250 -0.48903
v -0.29800 0.10350 -0.46700
v 0.31800 0.10350 -0.45400
v 0.41500 0.10350 -0.36700
v -0.39925 0.08320 -0.38476
v -0.45438 0.08324 -0.31710
v 0.48918 0.08295 -0.26220
v -0.47959 0.12250 -0.27799
v 0.48911 0.12250 -0.26129
v 0.50800 0.10350 -0.22100
v -0.52968 0.08316 -0.16080
v -0.54894 0.12250 -0.07695
v -0.54920 0.08316 -0.07649
v 0.55409 0.12250 0.03011
v 0.54145 0.08313 0.11863
v -0.55246 0.08278 0.05561
v 0.54128 0.12250 0.11917
v -0.53690 0.08322 0.13952
v 0.51600 0.10350 0.20300
v 0.49820 0.08376 0.24322
v -0.46683 0.08277 0.29883
v 0.42875 0.08311 0.35151
v -0.44023 0.12247 0.33656
v 0.42958 0.12250 0.35121
v 0.36835 0.08325 0.41481
v -0.38398 0.12250 0.39984
v -0.38483 0.08318 0.39896
v -0.31570 0.12250 0.45560
v -0.31686 0.08309 0.45492
v 0.22215 0.12249 0.50855
v -0.24045 0.12250 0.49975
v -0.20300 0.10350 0.51600
v -0.20236 0.08320 0.51608
v 0.14501 0.12250 0.53567
v -0.11942 0.12250 0.54126
v 0.05389 0.08314 0.55151
v -0.11877 0.08312 0.54133
v 0.05600 0.12250 0.55200
v -0.03180 0.12250 0.55374
v -0.03291 0.08322 0.55362
v -0.05602 0.12250 -0.55199
v 0.31768 0.08320 -0.45424
v 0.52407 0.08325 -0.18094
v 0.53701 0.08379 -0.13876
v 0.55400 0.10150 -0.01300
v 0.09726 0.13150 -0.52890
v 0.16684 0.13150 -0.51050
v -0.51027 0.13150 -0.16769
v -0.52890 0.13150 -0.09725
v 0.49854 0.13150 0.20084
v 0.45807 0.13150 0.28225
v -0.00600 0.08550 -0.52200
v 0.03500 0.08550 -0.52100
v -0.04950 0.08350 -0.51950
v 0.07000 0.08150 -0.51700
v -0.08800 0.08550 -0.51400
v 0.11600 0.08550 -0.50900
v -0.13300 0.08150 -0.50500
v 0.15000 0.08150 -0.50000
v -0.16700 0.08550 -0.49400
v 0.18900 0.08150 -0.48700
v -0.20600 0.08550 -0.47900
v 0.23100 0.08550 -0.46800
v 0.30200 0.08550 -0.42600
v -0.31600 0.08150 -0.41500
v -0.34800 0.08150 -0.38900
v 0.36400 0.08550 -0.37400
v -0.37300 0.08550 -0.36400
v 0.39300 0.08550 -0.34400
v -0.40300 0.08350 -0.33200
v 0.41500 0.08150 -0.31600
v -0.42900 0.08150 -0.29700
v 0.44200 0.08550 -0.27800
v -0.44800 0.08550 -0.26700
v -0.49848 0.08319 -0.24252
v 0.46200 0.08550 -0.24300
v -0.47000 0.08150 -0.22600
v 0.48000 0.08550 -0.20600
v -0.48400 0.08550 -0.19400
v 0.49400 0.08550 -0.16700
v -0.49800 0.08550 -0.15500
v 0.50600 0.08550 -0.12800
v -0.50900 0.08550 -0.11500
v 0.51400 0.08550 -0.08800
v -0.51600 0.08550 -0.07500
v 0.52000 0.08150 -0.05300
v -0.52100 0.08350 -0.03150
v 0.52200 0.08550 -0.00600
v -0.52200 0.08150 0.01200
v 0.52100 0.08550 0.03400
v -0.52000 0.08550 0.04800
v 0.51800 0.08150 0.07000
v -0.51400 0.08550 0.08800
v 0.50900 0.08550 0.11600
v -0.50600 0.08550 0.12800
v 0.50000 0.08150 0.15000
v -0.49400 0.08550 0.16800
v 0.48700 0.08150 0.18900
v -0.47900 0.08550 0.20600
v 0.47100 0.08150 0.22600
v 0.44800 0.08550 0.26700
v -0.44100 0.08550 0.27800
v 0.42600 0.08550 0.30100
v -0.41500 0.08150 0.31700
v 0.40100 0.08550 0.33400
v -0.39200 0.08550 0.34400
v 0.37400 0.08550 0.36400
v -0.36400 0.08550 0.37400
v 0.34400 0.08550 0.39300
v -0.33400 0.08550 0.40100
v 0.31200 0.08550 0.41800
v -0.30100 0.08550 0.42600
v -0.26700 0.08550 0.44800
v 0.20600 0.08550 0.48000
v -0.19300 0.08550 0.48500
v 0.16800 0.08550 0.49400
v -0.15500 0.08550 0.49800
v -0.11500 0.08550 0.50900
v 0.08800 0.08550 0.51400
v -0.07500 0.08550 0.51700
v 0.04800 0.08550 0.52000
v -0.03400 0.08550 0.52100
v 0.00700 0.08550 0.52200
v -0.07000 0.08350 -0.51700
v 0.24272 0.08320 -0.49863
v -0.24300 0.08550 -0.46200
v -0.28050 0.08350 -0.44000
v 0.26700 0.08550 -0.44800
v -0.34855 0.08546 -0.39796
v 0.38487 0.08327 -0.39910
v 0.33400 0.08550 -0.40100
v -0.42831 0.08326 -0.35205
v -0.41500 0.08350 -0.31600
v 0.51400 0.08150 -0.09300
v 0.55208 0.08326 -0.05384
v -0.52100 0.08350 -0.01100
v -0.46200 0.08550 0.24300
v -0.45900 0.08150 0.24800
v -0.45000 0.08350 0.26300
v 0.45449 0.08315 0.31788
v -0.44261 0.08321 0.33408
v -0.39100 0.08350 0.34600
v 0.28050 0.08350 0.44050
v -0.23100 0.08550 0.46800
v 0.24300 0.08550 0.46200
v 0.12800 0.08550 0.50600
v -0.01019 0.08322 -0.55406
v 0.07800 0.08416 -0.54858
v -0.09687 0.08324 -0.54566
v -0.13954 0.08325 -0.53675
v 0.16121 0.08325 -0.53018
v -0.01200 0.08150 -0.52200
v 0.02900 0.08150 -0.52100
v 0.20276 0.08329 -0.51623
v -0.09300 0.08150 -0.51400
v 0.11000 0.08150 -0.51000
v -0.22182 0.08325 -0.50795
v -0.17300 0.08150 -0.49300
v -0.26083 0.08327 -0.48915
v 0.28079 0.08331 -0.47808
v -0.21100 0.08150 -0.47800
v 0.22600 0.08150 -0.47000
v -0.29809 0.08323 -0.46698
v -0.24700 0.08150 -0.45900
v 0.26300 0.08150 -0.45100
v -0.33321 0.08413 -0.44321
v 0.35267 0.08322 -0.42836
v 0.29700 0.08150 -0.42900
v -0.36814 0.08280 -0.41419
v 0.33000 0.08150 -0.40500
v 0.36100 0.08150 -0.37700
v 0.41526 0.08378 -0.36715
v -0.37700 0.08150 -0.36000
v 0.38900 0.08150 -0.34800
v 0.44331 0.08415 -0.33326
v 0.46758 0.08324 -0.29818
v 0.43900 0.08150 -0.28300
v -0.47806 0.08328 -0.28080
v -0.45100 0.08150 -0.26200
v 0.46000 0.08150 -0.24700
v 0.50810 0.08328 -0.22158
v 0.47800 0.08150 -0.21100
v -0.51626 0.08325 -0.20252
v -0.48700 0.08150 -0.18900
v 0.49300 0.08150 -0.17300
v -0.50000 0.08150 -0.15000
v 0.50500 0.08150 -0.13300
v -0.54149 0.08322 -0.11935
v -0.51000 0.08150 -0.11000
v 0.54612 0.08413 -0.09586
v -0.51700 0.08150 -0.07000
v -0.55330 0.08408 -0.03465
v 0.55404 0.08330 -0.01074
v 0.52200 0.08150 -0.01200
v -0.55407 0.08383 0.00996
v 0.52100 0.08150 0.02900
v 0.55339 0.08376 0.03437
v -0.51900 0.08150 0.05300
v 0.54928 0.08410 0.07791
v -0.51300 0.08150 0.09400
v -0.54570 0.08316 0.09766
v 0.51000 0.08150 0.11000
v -0.50500 0.08150 0.13400
v 0.53018 0.08382 0.16198
v -0.49300 0.08150 0.17300
v -0.52380 0.08327 0.18133
v 0.51581 0.08420 0.20387
v -0.47700 0.08150 0.21100
v -0.50783 0.08323 0.22165
v 0.45100 0.08150 0.26300
v -0.48888 0.08304 0.26140
v 0.47749 0.08422 0.28177
v -0.43900 0.08150 0.28300
v 0.42900 0.08150 0.29700
v 0.40500 0.08150 0.33000
v -0.38900 0.08150 0.34800
v 0.37800 0.08150 0.36100
v -0.41477 0.08327 0.36812
v -0.36000 0.08150 0.37800
v 0.39891 0.08326 0.38491
v 0.34800 0.08150 0.38900
v -0.33000 0.08150 0.40500
v 0.31700 0.08150 0.41500
v -0.29700 0.08150 0.42900
v -0.35172 0.08325 0.42863
v 0.33439 0.08315 0.44261
v -0.26200 0.08150 0.45100
v 0.24800 0.08150 0.46000
v 0.29842 0.08322 0.46778
v -0.22600 0.08150 0.47100
v 0.21100 0.08150 0.47800
v -0.28076 0.08327 0.47803
v -0.18900 0.08150 0.48700
v 0.26112 0.08327 0.48933
v 0.17300 0.08150 0.49300
v -0.15000 0.08150 0.50000
v -0.24253 0.08320 0.49844
v 0.13400 0.08150 0.50500
v 0.22147 0.08325 0.50783
v -0.11000 0.08150 0.51000
v 0.09400 0.08150 0.51400
v -0.07000 0.08150 0.51700
v 0.05300 0.08150 0.51900
v -0.02900 0.08150 0.52100
v 0.01200 0.08150 0.52200
v 0.18167 0.08325 0.52392
v -0.16135 0.08319 0.53037
v 0.13943 0.08323 0.53691
v 0.09725 0.08327 0.54609
v -0.07663 0.08318 0.54944
v 0.01069 0.08326 0.55405
v -0.00416 0.07183 -0.55379
v -0.04000 0.07450 -0.52000
v -0.08100 0.07450 -0.51600
v 0.08300 0.07450 -0.51500
v -0.12100 0.07450 -0.50800
v 0.20924 0.07187 -0.51328
v -0.16000 0.07450 -0.49700
v -0.19900 0.07450 -0.48300
v 0.20100 0.07450 -0.48200
v -0.23600 0.07450 -0.46500
v 0.27400 0.07450 -0.44500
v -0.27200 0.07450 -0.44500
v -0.30600 0.07450 -0.42300
v 0.30800 0.07450 -0.42200
v -0.33800 0.07450 -0.39700
v 0.34000 0.07450 -0.39600
v -0.36800 0.07450 -0.37000
v 0.37000 0.07450 -0.36900
v -0.39600 0.07450 -0.34000
v 0.39800 0.07450 -0.33800
v -0.42200 0.07450 -0.30700
v 0.42300 0.07450 -0.30600
v -0.44500 0.07450 -0.27300
v 0.44600 0.07450 -0.27200
v -0.46500 0.07450 -0.23800
v 0.46600 0.07450 -0.23600
v -0.48200 0.07450 -0.20000
v 0.48300 0.07450 -0.19900
v 0.49700 0.07450 -0.16100
v -0.50700 0.07450 -0.12300
v 0.50800 0.07450 -0.12100
v -0.51500 0.07450 -0.08200
v 0.51600 0.07450 -0.08100
v -0.52000 0.07450 -0.04200
v 0.52100 0.07450 -0.04000
v -0.52200 0.07450 -0.00100
v 0.52200 0.07450 0.00100
v -0.52000 0.07450 0.04000
v 0.52100 0.07450 0.04200
v -0.51600 0.07450 0.08100
v 0.51600 0.07450 0.08300
v -0.50800 0.07450 0.12100
v 0.50800 0.07450 0.12300
v 0.49600 0.07450 0.16200
v -0.52580 0.07178 0.17392
v -0.48200 0.07450 0.19900
v 0.48200 0.07450 0.20100
v -0.44500 0.07450 0.27200
v 0.44500 0.07450 0.27400
v -0.42300 0.07450 0.30600
v 0.42200 0.07450 0.30800
v -0.39700 0.07450 0.33900
v 0.39700 0.07450 0.34000
v -0.37000 0.07450 0.36900
v 0.36900 0.07450 0.37000
v -0.33900 0.07450 0.39700
v -0.30700 0.07450 0.42200
v 0.30600 0.07450 0.42300
v -0.27300 0.07450 0.44500
v 0.23600 0.07450 0.46600
v -0.20000 0.07450 0.48200
v 0.19900 0.07450 0.48300
v -0.16200 0.07450 0.49600
v -0.12200 0.07450 0.50800
v 0.08100 0.07450 0.51600
v -0.08200 0.07450 0.51600
v -0.04200 0.07450 0.52000
v 0.04000 0.07450 0.52100
v -0.00100 0.07450 0.52200
v -0.04479 0.07278 -0.55230
v -0.08851 0.07280 -0.54750
v -0.13060 0.07273 -0.53855
v 0.03678 0.07061 -0.52624
v 0.04256 0.07320 -0.55298
v -0.17273 0.07273 -0.52690
v -0.04300 0.07250 -0.52000
v 0.12818 0.07274 -0.53939
v -0.08300 0.07250 -0.51500
v -0.21379 0.07278 -0.51113
v 0.12300 0.07450 -0.50700
v 0.16996 0.07275 -0.52793
v 0.16200 0.07450 -0.49600
v 0.25312 0.07457 -0.49394
v -0.25296 0.07267 -0.49310
v -0.20100 0.07250 -0.48100
v -0.29083 0.07271 -0.47174
v -0.23900 0.07250 -0.46400
v 0.28850 0.07277 -0.47351
v 0.32476 0.07276 -0.44934
v -0.32716 0.07273 -0.44746
v -0.27400 0.07250 -0.44400
v 0.28800 0.07250 -0.43500
v 0.35915 0.07273 -0.42266
v -0.36111 0.07271 -0.42037
v -0.34000 0.07250 -0.39600
v 0.39098 0.07275 -0.39304
v -0.39284 0.07276 -0.39024
v -0.42233 0.07274 -0.35874
v 0.38200 0.07250 -0.35500
v 0.44759 0.07274 -0.32737
v 0.40900 0.07250 -0.32400
v -0.42300 0.07250 -0.30500
v 0.47192 0.07279 -0.29097
v 0.44300 0.07050 -0.27600
v -0.49465 0.07271 -0.25044
v -0.46600 0.07250 -0.23500
v 0.47300 0.07250 -0.22000
v -0.51273 0.07275 -0.21046
v 0.49500 0.07050 -0.16600
v -0.49000 0.07250 -0.17900
v 0.52711 0.07274 -0.17260
v 0.50200 0.07250 -0.14300
v -0.49700 0.07250 -0.15950
v 0.53926 0.07273 -0.13061
v -0.53947 0.07270 -0.12768
v -0.50800 0.07050 -0.11700
v 0.54713 0.07279 -0.08847
v -0.54762 0.07276 -0.08497
v 0.52000 0.07050 -0.04500
v 0.55280 0.07275 -0.04494
v -0.55313 0.07224 -0.04059
v -0.52000 0.07250 -0.03900
v 0.52200 0.07050 -0.00500
v 0.55484 0.07272 -0.00171
v -0.55380 0.07181 0.00305
v 0.52100 0.07250 0.01900
v 0.55293 0.07278 0.04201
v -0.55238 0.07277 0.04524
v -0.51800 0.07250 0.06300
v 0.54813 0.07278 0.08522
v -0.51100 0.07250 0.10400
v 0.53962 0.07277 0.12822
v -0.53830 0.07228 0.13228
v 0.52797 0.07275 0.16975
v -0.51118 0.07274 0.21387
v 0.51354 0.07188 0.20934
v -0.46500 0.07450 0.23600
v 0.47391 0.07278 0.28873
v -0.47165 0.07275 0.29139
v -0.42100 0.07250 0.30800
v 0.44951 0.07277 0.32439
v -0.44745 0.07274 0.32761
v 0.42302 0.07274 0.35913
v -0.42058 0.07276 0.36146
v -0.36800 0.07250 0.37100
v 0.39377 0.07277 0.39117
v -0.39025 0.07274 0.39343
v 0.33900 0.07450 0.39800
v 0.35976 0.07459 0.42222
v -0.30500 0.07250 0.42300
v -0.35867 0.07277 0.42270
v 0.27200 0.07450 0.44600
v -0.32441 0.07277 0.44976
v -0.28804 0.07274 0.47396
v 0.20200 0.07250 0.48200
v 0.21372 0.07275 0.51148
v -0.21057 0.07278 0.51292
v 0.06300 0.07250 0.51800
v -0.08430 0.07219 0.54819
v -0.16924 0.07277 0.52786
v 0.12965 0.07448 0.53934
v -0.12777 0.07270 0.53951
v 0.04527 0.07273 0.55285
v -0.04000 0.07184 0.55300
v 0.00151 0.07280 0.55435
v -0.00250 0.07250 -0.52200
v 0.04200 0.07450 -0.52000
v -0.04500 0.07050 -0.52000
v 0.07700 0.07050 -0.51600
v -0.08600 0.07050 -0.51500
v 0.11700 0.07050 -0.50800
v -0.12600 0.07050 -0.50600
v 0.15700 0.07050 -0.49800
v -0.16600 0.07050 -0.49500
v 0.19600 0.07050 -0.48400
v -0.20400 0.07050 -0.48000
v 0.23800 0.07450 -0.46500
v -0.24100 0.07050 -0.46300
v 0.26900 0.07050 -0.44700
v -0.27600 0.07050 -0.44200
v 0.30300 0.07050 -0.42500
v -0.31000 0.07050 -0.41900
v 0.33600 0.07050 -0.40000
v -0.34200 0.07050 -0.39400
v 0.36600 0.07050 -0.37200
v -0.37200 0.07050 -0.36600
v 0.39400 0.07050 -0.34200
v -0.40000 0.07050 -0.33500
v 0.42000 0.07050 -0.31000
v -0.42500 0.07050 -0.30300
v -0.44700 0.07050 -0.26900
v 0.46300 0.07050 -0.24100
v -0.46700 0.07050 -0.23300
v 0.48000 0.07050 -0.20400
v -0.48400 0.07050 -0.19500
v 0.50600 0.07050 -0.12600
v 0.51500 0.07050 -0.08600
v -0.51600 0.07050 -0.07700
v -0.52000 0.07050 -0.03600
v -0.52200 0.07050 0.00500
v 0.52100 0.07050 0.03600
v -0.52000 0.07050 0.04600
v 0.51600 0.07050 0.07700
v -0.51500 0.07050 0.08600
v 0.50900 0.07050 0.11700
v -0.50600 0.07050 0.12600
v 0.49800 0.07050 0.15700
v -0.49700 0.07450 0.16100
v 0.48400 0.07050 0.19600
v -0.48000 0.07050 0.20400
v 0.46500 0.07450 0.23800
v -0.46300 0.07050 0.24100
v 0.44700 0.07050 0.26900
v -0.44200 0.07050 0.27700
v 0.42500 0.07050 0.30300
v -0.41900 0.07050 0.31100
v 0.40000 0.07050 0.33500
v -0.39400 0.07050 0.34300
v 0.37200 0.07050 0.36600
v -0.36600 0.07050 0.37200
v 0.34300 0.07050 0.39400
v -0.33500 0.07050 0.40000
v 0.31100 0.07050 0.42000
v -0.30300 0.07050 0.42500
v 0.27700 0.07050 0.44300
v -0.26900 0.07050 0.44700
v 0.24100 0.07050 0.46300
v -0.23800 0.07450 0.46500
v 0.29146 0.07276 0.47201
v 0.20400 0.07050 0.48000
v -0.19500 0.07050 0.48400
v 0.16100 0.07450 0.49700
v -0.15700 0.07050 0.49800
v 0.12100 0.07450 0.50800
v -0.11700 0.07050 0.50900
v 0.08600 0.07050 0.51500
v -0.07700 0.07050 0.51600
v 0.04600 0.07050 0.52000
v -0.03600 0.07050 0.52100
v 0.00500 0.07050 0.52200
v 0.08836 0.07274 0.54732
v 0.42040 0.07271 -0.36128
v -0.44955 0.07272 -0.32458
v -0.47371 0.07281 -0.28805
v -0.52776 0.07276 -0.16940
v 0.55500 0.06350 -0.00000
v -0.55408 0.03072 -0.00286
v -0.55312 0.03054 0.04080
v 0.55300 0.06350 0.04400
v 0.54734 0.02992 0.08817
v -0.54762 0.07274 0.08838
v -0.25224 0.07452 0.49398
v 0.17292 0.07268 0.52726
v 0.13415 0.07039 0.53794
v 0.08515 0.07278 -0.54780
v -0.18548 0.05549 -0.52233
v 0.24855 0.07057 -0.49562
v -0.33074 0.05437 -0.44510
v 0.35817 0.06143 -0.42280
v 0.42375 0.03063 -0.35804
v -0.42300 0.06050 -0.35800
v 0.45449 0.05896 -0.31821
v -0.47400 0.06050 -0.28700
v 0.49337 0.07272 -0.25280
v 0.51189 0.07273 -0.21371
v -0.51300 0.06050 -0.21000
v 0.52514 0.04529 -0.17860
v -0.52648 0.03074 -0.17360
v -0.53888 0.05214 -0.12938
v 0.54751 0.05819 -0.08762
v 0.55156 0.04963 -0.05932
v -0.55325 0.03668 -0.03983
v -0.55200 0.06050 0.04600
v -0.54538 0.05265 0.09676
v 0.54000 0.06050 0.12700
v -0.53395 0.06225 0.14913
v 0.53865 0.03076 0.13306
v 0.49386 0.07454 0.25288
v -0.49303 0.07272 0.25360
v 0.49264 0.03069 0.25376
v -0.47224 0.05517 0.29000
v -0.44082 0.05891 0.33720
v 0.41962 0.05248 0.36260
v -0.35291 0.05278 0.42821
v 0.32774 0.07279 0.44759
v -0.28972 0.05859 0.47271
v 0.25333 0.07275 0.49354
v -0.11774 0.06245 0.54276
v 0.08578 0.02963 0.54821
v 0.04501 0.05709 0.55291
v 0.00115 0.05320 0.55478
v 0.05630 0.04615 -0.55300
v -0.05069 0.05668 -0.55308
v 0.12719 0.05646 -0.54015
v -0.13210 0.06479 -0.53848
v 0.20370 0.04844 -0.51589
v -0.26678 0.05337 -0.48691
v 0.31576 0.05685 -0.45664
v 0.37990 0.05839 -0.40405
v -0.39953 0.05909 -0.38461
v -0.46317 0.05446 -0.30565
v 0.48505 0.03194 -0.26981
v -0.49815 0.05435 -0.24266
v 0.53836 0.06150 -0.13315
v -0.54957 0.07015 -0.07506
v 0.52648 0.03093 0.17453
v 0.49772 0.07020 0.24610
v -0.50752 0.04331 0.22462
v 0.45938 0.05089 0.31160
v 0.39044 0.03075 0.39378
v -0.39194 0.05740 0.39268
v 0.36424 0.07039 0.41890
v 0.32180 0.05500 0.45158
v 0.31262 0.04801 0.45895
v -0.24661 0.07033 0.49627
v 0.20204 0.04421 0.51717
v -0.10019 0.04536 -0.54456
v 0.17524 0.03076 -0.52676
v 0.29687 0.03809 -0.46959
v -0.33174 0.04480 -0.44445
v 0.36204 0.03063 -0.42006
v -0.40992 0.04054 -0.37373
v 0.49554 0.03056 -0.24924
v 0.51334 0.03068 -0.20958
v -0.51363 0.04088 -0.20911
v -0.54707 0.03059 -0.08898
v 0.54830 0.03057 -0.08392
v 0.55442 0.06399 0.01708
v 0.55311 0.04360 0.04532
v -0.52994 0.03119 0.16695
v -0.51310 0.03061 0.20974
v 0.51156 0.03064 0.21461
v -0.46802 0.04953 0.29825
v 0.44706 0.03064 0.32798
v -0.42528 0.03116 0.35721
v 0.41759 0.04471 0.36538
v -0.39379 0.03063 0.39017
v -0.36146 0.03065 0.42010
v -0.29200 0.03059 0.47148
v -0.24672 0.04363 0.49720
v 0.21020 0.03015 0.51325
v -0.18078 0.03163 0.52430
v 0.15396 0.05551 0.53321
v -0.13173 0.03055 0.53874
v -0.07477 0.05394 0.54960
v -0.00280 0.03067 0.55479
v -0.03924 0.03056 -0.55326
v -0.21107 0.03035 -0.51362
v -0.25300 0.03730 -0.49286
v 0.35820 0.03061 0.42314
v -0.17296 0.03034 0.52690
v -0.08376 0.03057 -0.54789
v 0.08905 0.03063 -0.54703
v -0.12668 0.03058 -0.53969
v 0.00400 0.03150 -0.52200
v 0.04000 0.02750 -0.52000
v 0.21444 0.03064 -0.51130
v -0.16000 0.02950 -0.49650
v 0.16250 0.02950 -0.49600
v 0.25384 0.03060 -0.49267
v 0.29194 0.03058 -0.47130
v -0.23550 0.02950 -0.46550
v -0.28723 0.03062 -0.47393
v -0.32340 0.03056 -0.44996
v 0.32774 0.03065 -0.44699
v -0.35791 0.03065 -0.42310
v -0.39014 0.03064 -0.39401
v 0.39750 0.02950 -0.33800
v 0.45007 0.03049 -0.32445
v 0.42500 0.03150 -0.30300
v -0.44450 0.02950 -0.27350
v -0.49271 0.03057 -0.25383
v 0.46700 0.03150 -0.23300
v -0.51127 0.03062 -0.21451
v 0.49700 0.02950 -0.16000
v 0.53979 0.03058 -0.12662
v -0.50700 0.02950 -0.12250
v -0.51500 0.03150 -0.08500
v -0.52000 0.02950 -0.04200
v 0.52000 0.03150 0.04500
v -0.54793 0.03055 0.08428
v 0.53125 0.03150 0.08805
v 0.50700 0.03150 0.12600
v -0.53965 0.03062 0.12737
v -0.48300 0.03150 0.19600
v 0.48100 0.03150 0.20300
v 0.46300 0.03150 0.24000
v -0.49505 0.03060 0.24945
v -0.47407 0.03062 0.28760
v 0.42000 0.03150 0.31000
v -0.44984 0.03063 0.32390
v 0.42023 0.03063 0.36172
v 0.36600 0.03150 0.37200
v -0.34200 0.03150 0.39400
v -0.30750 0.02950 0.42150
v 0.30600 0.02950 0.42350
v -0.24000 0.03150 0.46300
v 0.28749 0.03058 0.47412
v 0.24203 0.03148 0.48299
v -0.20050 0.02950 0.48200
v 0.19600 0.03150 0.48400
v -0.12500 0.03150 0.50700
v -0.08500 0.03150 0.51500
v -0.00400 0.03150 0.52200
v 0.16980 0.02975 0.52796
v 0.08083 0.03145 0.53657
v 0.12711 0.03064 0.53968
v -0.04588 0.03060 0.55263
v 0.13241 0.03060 -0.53861
v 0.00239 0.03065 -0.55387
v -0.00100 0.02750 -0.52200
v -0.03500 0.03150 -0.52000
v -0.03900 0.02950 -0.52000
v 0.06300 0.02950 -0.51800
v -0.07800 0.03150 -0.51600
v -0.08300 0.02750 -0.51500
v 0.08000 0.02750 -0.51600
v -0.11800 0.03150 -0.50800
v 0.08600 0.03150 -0.51500
v -0.12300 0.02750 -0.50700
v 0.12300 0.02950 -0.50700
v 0.12600 0.03150 -0.50600
v -0.14000 0.02950 -0.50200
v -0.19600 0.03150 -0.48300
v 0.18200 0.02950 -0.48900
v -0.19900 0.02950 -0.48300
v 0.19900 0.02750 -0.48300
v -0.21700 0.02950 -0.47400
v 0.20300 0.03150 -0.48100
v 0.23800 0.02950 -0.46400
v -0.26900 0.03150 -0.44700
v 0.24000 0.03150 -0.46300
v -0.27200 0.02950 -0.44600
v 0.27200 0.02750 -0.44600
v -0.30300 0.03150 -0.42400
v 0.27600 0.03150 -0.44300
v -0.30800 0.02750 -0.42100
v 0.30600 0.02750 -0.42300
v -0.33600 0.03150 -0.39900
v 0.31000 0.03150 -0.42000
v -0.34000 0.02750 -0.39600
v 0.34000 0.02950 -0.39600
v -0.36600 0.03150 -0.37200
v 0.34200 0.03150 -0.39400
v -0.37000 0.02750 -0.36800
v 0.36800 0.02750 -0.37000
v -0.39600 0.02950 -0.34000
v 0.37200 0.03150 -0.36600
v -0.44697 0.03065 -0.32757
v -0.42000 0.03150 -0.31000
v 0.41100 0.02950 -0.32200
v -0.42100 0.02950 -0.30800
v 0.42300 0.02950 -0.30600
v -0.43300 0.02950 -0.29100
v 0.43500 0.02950 -0.28900
v 0.47267 0.02857 -0.28893
v -0.46300 0.03150 -0.24000
v 0.44550 0.02950 -0.27150
v -0.46400 0.02950 -0.23800
v 0.46600 0.02950 -0.23600
v -0.48000 0.03150 -0.20300
v 0.47400 0.02950 -0.21700
v -0.48300 0.02750 -0.19800
v 0.48300 0.02950 -0.19900
v -0.49500 0.03150 -0.16500
v 0.48400 0.03150 -0.19600
v -0.49700 0.02750 -0.16000
v -0.50200 0.02950 -0.14300
v 0.50300 0.02950 -0.14000
v -0.53807 0.03057 -0.13216
v -0.51100 0.02950 -0.10300
v 0.50750 0.02950 -0.12050
v -0.51500 0.02950 -0.08300
v 0.51600 0.02950 -0.08000
v -0.51800 0.02950 -0.06200
v 0.51600 0.03150 -0.07800
v -0.52200 0.03150 -0.00400
v 0.55484 0.02931 0.00057
v 0.52050 0.02950 -0.03950
v -0.52200 0.02750 0.00200
v 0.52200 0.02750 -0.00100
v -0.52000 0.03150 0.03700
v 0.55264 0.02984 0.04483
v 0.52200 0.03150 0.00400
v -0.52000 0.02950 0.04000
v 0.52100 0.02750 0.04000
v -0.51600 0.03150 0.07800
v 0.51800 0.02950 0.06300
v -0.51500 0.02750 0.08300
v -0.50800 0.03150 0.11800
v 0.51550 0.02950 0.08300
v -0.50700 0.02750 0.12300
v 0.50700 0.02950 0.12300
v -0.49700 0.03150 0.15800
v 0.50200 0.02950 0.14300
v -0.49600 0.02750 0.16300
v -0.49000 0.02950 0.18000
v 0.49600 0.02950 0.16250
v -0.48300 0.02950 0.19900
v 0.48200 0.02950 0.20100
v -0.46700 0.03150 0.23400
v 0.47300 0.02950 0.22000
v -0.46400 0.02750 0.23800
v 0.46500 0.02950 0.23800
v -0.44700 0.03150 0.26900
v 0.45500 0.02950 0.25600
v -0.44400 0.02750 0.27400
v 0.44600 0.02750 0.27200
v -0.42400 0.03150 0.30400
v 0.47142 0.03027 0.29064
v 0.44300 0.03150 0.27600
v -0.42100 0.02750 0.30800
v 0.42200 0.02950 0.30800
v -0.39900 0.03150 0.33600
v 0.40900 0.02950 0.32400
v -0.39600 0.02750 0.34000
v 0.39800 0.02750 0.33800
v -0.37200 0.03150 0.36600
v 0.39400 0.03150 0.34200
v -0.36800 0.02750 0.37000
v 0.36800 0.02950 0.37000
v -0.35500 0.02950 0.38200
v 0.35300 0.02950 0.38400
v -0.34000 0.02950 0.39600
v 0.33800 0.02950 0.39800
v -0.32400 0.02950 0.40900
v 0.33600 0.03150 0.39900
v -0.27600 0.03150 0.44300
v 0.28900 0.02950 0.43400
v -0.27400 0.02950 0.44500
v 0.27400 0.02750 0.44400
v -0.25600 0.02950 0.45500
v 0.26900 0.03150 0.44700
v -0.23600 0.02750 0.46600
v 0.23600 0.02950 0.46600
v -0.21900 0.02950 0.47300
v 0.23400 0.03150 0.46700
v 0.20100 0.02750 0.48200
v -0.16500 0.03150 0.49500
v -0.25384 0.03058 0.49277
v 0.25076 0.02963 0.49513
v -0.16000 0.02750 0.49700
v 0.16300 0.02750 0.49600
v 0.15800 0.03150 0.49800
v -0.14300 0.02950 0.50200
v -0.12300 0.02950 0.50700
v 0.12300 0.02750 0.50700
v -0.10300 0.02950 0.51100
v 0.11800 0.03150 0.50800
v -0.08000 0.02750 0.51600
v 0.08300 0.02750 0.51500
v 0.07800 0.03150 0.51600
v -0.04500 0.03150 0.52000
v -0.03900 0.02750 0.52100
v 0.04000 0.02950 0.52050
v -0.02200 0.02950 0.52100
v -0.00100 0.02950 0.52200
v -0.08901 0.03060 0.54678
v 0.04581 0.03059 -0.55221
v -0.04200 0.02750 -0.52000
v -0.16835 0.03061 -0.52805
v 0.12100 0.02750 -0.50800
v -0.20100 0.02750 -0.48200
v -0.24908 0.03058 -0.49504
v 0.23600 0.02750 -0.46600
v -0.27400 0.02750 -0.44400
v 0.33800 0.02750 -0.39800
v 0.39366 0.03064 -0.39037
v -0.41999 0.03062 -0.36215
v 0.42200 0.02750 -0.30800
v -0.42300 0.02750 -0.30600
v 0.44819 0.03046 -0.27141
v -0.47125 0.03057 -0.29183
v 0.46500 0.02750 -0.23800
v -0.46600 0.02750 -0.23600
v 0.48200 0.02750 -0.20100
v 0.52859 0.03062 -0.16853
v 0.51600 0.02750 -0.08300
v -0.51600 0.02750 -0.08000
v 0.55375 0.03065 -0.03959
v -0.55216 0.03058 -0.04586
v -0.52000 0.02750 0.04300
v 0.50800 0.02750 0.12000
v 0.50622 0.03050 0.16670
v 0.48300 0.02750 0.19800
v -0.48200 0.02750 0.20100
v 0.46600 0.02750 0.23600
v 0.42300 0.02750 0.30600
v 0.37000 0.02750 0.36800
v 0.34000 0.02750 0.39600
v -0.33800 0.02750 0.39800
v 0.32409 0.03066 0.44995
v -0.32787 0.03061 0.44722
v -0.27100 0.02750 0.44600
v 0.23900 0.02750 0.46500
v -0.21451 0.03061 0.51158
v -0.12000 0.02750 0.50800
v 0.00200 0.02750 0.52200
v 0.04058 0.03054 0.55310
v -0.03530 0.01837 -0.55311
v 0.17890 0.01837 -0.52448
v -0.22700 0.02150 -0.47000
v -0.28304 0.01842 -0.47663
v 0.24700 0.02150 -0.46000
v 0.28200 0.02150 -0.43900
v -0.29800 0.02150 -0.42900
v 0.37700 0.02150 -0.36100
v -0.38900 0.02150 -0.34700
v -0.41600 0.02150 -0.31600
v 0.45100 0.02150 -0.26300
v 0.49761 0.01833 -0.24444
v -0.47800 0.02150 -0.21000
v 0.51558 0.01840 -0.20545
v 0.51000 0.02150 -0.11100
v 0.51700 0.02150 -0.07000
v -0.55223 0.01846 -0.05088
v -0.55407 0.01884 -0.00854
v -0.51000 0.02150 0.11100
v 0.50955 0.01842 0.21950
v -0.47000 0.02150 0.22700
v 0.43900 0.02150 0.28200
v 0.39000 0.02150 0.34800
v 0.36100 0.02150 0.37700
v -0.31600 0.02150 0.41600
v -0.29618 0.01840 0.46845
v 0.28328 0.01844 0.47675
v 0.22700 0.02150 0.47000
v -0.21000 0.02150 0.47800
v -0.17883 0.01835 0.52466
v 0.03000 0.02150 0.52100
v 0.12213 0.01836 0.54076
v 0.01100 0.02150 -0.52200
v 0.04950 0.01950 -0.51950
v 0.00400 0.01750 -0.52200
v -0.05300 0.01950 -0.51900
v 0.08800 0.01750 -0.51400
v -0.07000 0.02150 -0.51700
v 0.09300 0.02150 -0.51400
v -0.07600 0.01750 -0.51600
v 0.12800 0.01750 -0.50600
v -0.11100 0.02150 -0.51000
v 0.13300 0.02150 -0.50500
v -0.11600 0.01750 -0.50900
v 0.15000 0.01950 -0.50000
v -0.19878 0.01757 -0.49542
v -0.15100 0.02150 -0.50000
v -0.15600 0.01750 -0.49800
v 0.25853 0.01845 -0.49036
v 0.20750 0.01950 -0.47900
v -0.19150 0.01950 -0.48500
v 0.24200 0.01750 -0.46200
v -0.22900 0.01950 -0.46900
v 0.24500 0.01950 -0.46100
v -0.23200 0.01750 -0.46700
v 0.26200 0.01950 -0.45100
v 0.28000 0.01950 -0.44000
v -0.28300 0.01950 -0.43800
v 0.31200 0.01750 -0.41900
v -0.30000 0.01950 -0.42700
v -0.35391 0.01846 -0.42615
v 0.31600 0.02150 -0.41600
v -0.30200 0.01750 -0.42500
v 0.34300 0.01750 -0.39300
v -0.33000 0.02150 -0.40400
v -0.38619 0.01837 -0.39725
v 0.34800 0.02150 -0.39000
v -0.33400 0.01750 -0.40000
v 0.37300 0.01750 -0.36500
v 0.37500 0.01950 -0.36300
v -0.36300 0.01950 -0.37500
v 0.42653 0.01838 -0.35421
v 0.40100 0.01750 -0.33400
v -0.39100 0.01950 -0.34500
v 0.40400 0.02150 -0.33000
v -0.40400 0.01950 -0.32900
v 0.45574 0.02143 -0.31595
v 0.41500 0.01950 -0.31600
v -0.41700 0.01950 -0.31400
v -0.41900 0.01750 -0.31100
v 0.44800 0.01750 -0.26800
v -0.43900 0.02150 -0.28200
v 0.45000 0.01950 -0.26500
v -0.44200 0.01750 -0.27700
v 0.45900 0.01950 -0.24700
v -0.46000 0.02150 -0.24700
v -0.46200 0.01750 -0.24200
v 0.48550 0.01950 -0.19150
v -0.47900 0.01950 -0.20700
v -0.48600 0.01950 -0.18800
v 0.49800 0.01750 -0.15600
v -0.49300 0.02150 -0.17200
v 0.50000 0.02150 -0.15100
v -0.49400 0.01750 -0.16700
v 0.50900 0.01750 -0.11600
v -0.50500 0.02150 -0.13300
v 0.51000 0.01950 -0.11300
v -0.50600 0.01750 -0.12700
v 0.51300 0.01950 -0.09300
v 0.51700 0.01950 -0.07300
v -0.51400 0.01950 -0.09000
v 0.52100 0.01950 -0.03250
v -0.51950 0.01950 -0.04950
v 0.52200 0.01750 0.00600
v 0.52200 0.02150 0.01100
v -0.52200 0.01950 -0.00850
v -0.54372 0.02150 0.03107
v 0.52000 0.01950 0.04950
v -0.52100 0.02150 0.03000
v -0.52100 0.01750 0.03500
v 0.51500 0.01750 0.08700
v 0.51400 0.02150 0.09300
v -0.51650 0.01950 0.07350
v 0.50600 0.01750 0.12800
v -0.50900 0.01950 0.11400
v 0.50500 0.02150 0.13300
v -0.50900 0.01750 0.11600
v 0.49500 0.01750 0.16700
v -0.50000 0.02150 0.15100
v 0.49300 0.02150 0.17200
v -0.49800 0.01750 0.15600
v 0.48700 0.01950 0.18900
v -0.51468 0.01840 0.20536
v -0.47700 0.01950 0.21100
v 0.46200 0.01750 0.24200
v -0.46900 0.01950 0.22900
v 0.46000 0.02150 0.24700
v -0.45900 0.01950 0.24800
v 0.44200 0.01750 0.27800
v -0.45100 0.02150 0.26300
v 0.44100 0.01950 0.28000
v -0.43800 0.01950 0.28300
v 0.41900 0.01750 0.31200
v -0.42900 0.02150 0.29800
v 0.41600 0.02150 0.31600
v -0.42500 0.01750 0.30200
v 0.39300 0.01750 0.34300
v 0.39100 0.01950 0.34500
v -0.40200 0.01950 0.33300
v 0.37700 0.01950 0.36000
v -0.37700 0.02150 0.36100
v 0.36300 0.01950 0.37500
v -0.37300 0.01750 0.36500
v 0.33500 0.01750 0.40100
v -0.34700 0.02150 0.39000
v 0.33100 0.02150 0.40400
v -0.34300 0.01750 0.39300
v 0.30200 0.01750 0.42600
v -0.31300 0.01950 0.41700
v 0.29800 0.02150 0.42900
v -0.31100 0.01750 0.41900
v 0.28300 0.01950 0.43800
v -0.26200 0.01950 0.45100
v 0.23200 0.01750 0.46800
v -0.24700 0.02150 0.46000
v 0.22900 0.01950 0.46900
v -0.24200 0.01750 0.46200
v 0.19400 0.01750 0.48400
v -0.20700 0.01950 0.47900
v 0.19000 0.02150 0.48700
v -0.20500 0.01750 0.48000
v 0.15600 0.01750 0.49800
v 0.24528 0.01843 0.49738
v 0.15100 0.02150 0.50000
v -0.15000 0.01950 0.50000
v 0.11350 0.01950 0.50950
v -0.13300 0.02150 0.50500
v -0.12700 0.01750 0.50600
v 0.07600 0.01750 0.51600
v 0.07100 0.02150 0.51700
v -0.07000 0.01950 0.51700
v 0.03500 0.01750 0.52100
v -0.05200 0.02150 0.52000
v 0.03300 0.01950 0.52100
v -0.04700 0.01750 0.52000
v -0.00600 0.01750 0.52200
v -0.01100 0.02150 0.52200
v -0.09625 0.02152 0.53489
v 0.07839 0.01921 0.54888
v -0.07889 0.01838 -0.54861
v 0.09444 0.01843 -0.54614
v -0.12183 0.01840 -0.54071
v 0.13664 0.01843 -0.53695
v -0.16408 0.01845 -0.52948
v -0.03250 0.01950 -0.52100
v 0.16950 0.01950 -0.49350
v -0.31942 0.01838 -0.45314
v -0.26550 0.01950 -0.44950
v 0.33225 0.01841 -0.44396
v 0.27800 0.01750 -0.44200
v 0.36586 0.01838 -0.41653
v -0.39300 0.01750 -0.34300
v 0.42750 0.01950 -0.30000
v -0.46842 0.01840 -0.29631
v -0.49045 0.01838 -0.25861
v 0.46900 0.01950 -0.22950
v -0.48000 0.01750 -0.20500
v -0.52452 0.01838 -0.17893
v -0.53700 0.01842 -0.13635
v -0.54611 0.01835 -0.09457
v 0.51600 0.01750 -0.07600
v 0.55299 0.01914 -0.03441
v -0.55293 0.01781 0.03684
v 0.53948 0.01756 0.04846
v 0.54629 0.01882 0.09502
v -0.54079 0.01841 0.12200
v 0.53750 0.01839 0.13668
v -0.52951 0.01846 0.16435
v 0.52513 0.01837 0.17892
v -0.48500 0.01950 0.19150
v 0.47900 0.01950 0.20750
v -0.46700 0.01750 0.23200
v -0.44800 0.01750 0.26800
v -0.42647 0.01832 0.35438
v 0.36500 0.01750 0.37300
v -0.39731 0.01838 0.38690
v -0.36590 0.01838 0.41700
v 0.35416 0.01840 0.42637
v -0.27950 0.01950 0.44050
v 0.26550 0.01950 0.44950
v 0.31968 0.01840 0.45336
v -0.25817 0.01836 0.49064
v -0.16950 0.01950 0.49400
v -0.21943 0.01851 0.50952
v 0.20533 0.01839 0.51547
v -0.09000 0.01950 0.51450
v 0.16432 0.01838 0.52952
v -0.05081 0.01843 0.55205
v 0.05134 0.01845 -0.55222
v 0.46864 0.01841 0.29630
v 0.00613 0.01842 -0.55405
v -0.11004 0.01197 -0.54532
v 0.17183 0.00449 -0.52702
v -0.20394 0.01934 -0.51563
v 0.21950 0.01840 -0.50958
v -0.24469 0.01834 -0.49755
v -0.30216 0.01101 -0.46465
v 0.29626 0.01839 -0.46856
v 0.34910 0.00708 -0.43182
v -0.38558 0.00945 -0.39829
v 0.39755 0.01838 -0.38623
v -0.41609 0.01836 -0.36608
v 0.45183 0.01741 -0.32190
v -0.48539 0.00638 -0.26810
v 0.47687 0.01842 -0.28273
v -0.50940 0.01843 -0.21880
v -0.52738 0.00568 -0.17102
v 0.54095 0.01846 -0.12225
v 0.54891 0.01838 -0.07890
v 0.55417 0.01895 0.00860
v -0.54917 0.01848 0.07924
v 0.55181 0.02024 0.05362
v -0.54877 0.00770 0.07826
v 0.54361 0.01224 0.10863
v -0.52917 0.00999 0.16735
v 0.53168 0.00844 0.16047
v -0.49727 0.01844 0.24539
v 0.49052 0.01843 0.25835
v -0.47638 0.01846 0.28331
v -0.45296 0.01839 0.31970
v 0.44554 0.01812 0.33211
v 0.41712 0.01837 0.36582
v 0.38630 0.01851 0.39814
v -0.33191 0.01837 0.44425
v 0.34069 0.01387 0.43764
v -0.18113 0.00836 0.52419
v 0.20960 0.00152 0.51387
v -0.13719 0.01885 0.53731
v -0.09066 0.01739 0.54773
v 0.03474 0.01971 0.55315
v -0.00856 0.01885 0.55405
v -0.02185 0.00893 -0.55417
v -0.03263 0.00063 -0.55301
v 0.06058 -0.00230 -0.55170
v -0.23604 -0.01729 -0.50161
v 0.22590 -0.01748 -0.50605
v 0.29688 0.00721 -0.46963
v -0.27964 0.00579 -0.47831
v 0.37094 -0.01714 -0.41177
v 0.40468 0.00102 -0.37925
v -0.44545 0.01805 -0.33105
v 0.48703 -0.00134 -0.26520
v 0.49933 0.00984 -0.24149
v 0.52984 0.01842 -0.16397
v -0.54974 0.00777 -0.07752
v 0.54312 -0.01748 -0.11270
v 0.55376 -0.01233 -0.03514
v 0.55510 0.00232 -0.01603
v -0.55237 -0.00824 0.05028
v -0.52923 0.00193 0.16345
v 0.50857 -0.00048 0.22068
v 0.48720 -0.00151 0.26573
v 0.41886 -0.01745 0.36455
v -0.44271 -0.00136 0.33490
v -0.40154 -0.01735 0.38233
v -0.35874 -0.00190 0.42356
v -0.27657 -0.00132 0.48065
v 0.32741 -0.00588 0.44826
v 0.15737 -0.01738 0.53177
v -0.14736 -0.01735 0.53525
v 0.08135 0.00388 0.54887
v -0.09691 0.00235 0.54603
v 0.03500 0.00050 -0.22100
v -0.00000 0.00050 -0.22400
v 0.06900 0.00050 -0.21300
v -0.03500 0.00050 -0.22100
v 0.10200 0.00050 -0.20000
v -0.06900 0.00050 -0.21300
v 0.13200 0.00050 -0.18100
v -0.10200 0.00050 -0.20000
v -0.13200 0.00050 -0.18100
v 0.15900 0.00050 -0.15900
v -0.15900 0.00050 -0.15900
v 0.19100 0.00050 -0.11700
v -0.18100 0.00050 -0.13200
v 0.21400 0.00050 -0.06900
v -0.20000 0.00050 -0.10200
v 0.22200 0.00050 -0.03500
v -0.21300 0.00050 -0.06900
v -0.22100 0.00050 -0.03500
v 0.22400 0.00050 -0.00000
v 0.22200 0.00050 0.03500
v -0.22400 0.00050 -0.00000
v 0.21400 0.00050 0.06900
v -0.22100 0.00050 0.03500
v 0.20000 0.00050 0.10200
v -0.21000 0.00050 0.07750
v 0.18200 0.00050 0.13200
v -0.20000 0.00050 0.10200
v 0.15900 0.00050 0.15900
v 0.13200 0.00050 0.18200
v -0.15900 0.00050 0.15900
v 0.10200 0.00050 0.20000
v -0.13200 0.00050 0.18200
v 0.07750 0.00050 0.21000
v -0.10200 0.00050 0.20000
v 0.03500 0.00050 0.22200
v -0.06900 0.00050 0.21300
v -0.00000 0.00050 0.22400
v -0.03500 0.00050 0.22200
v -0.02816 -0.01842 -0.55313
v -0.07458 -0.00199 -0.54904
v 0.10027 -0.01872 -0.54543
v -0.11470 -0.01749 -0.54241
v 0.14197 -0.01920 -0.53623
v -0.15822 -0.01839 -0.53127
v 0.18577 -0.01752 -0.52213
v 0.26478 -0.01775 -0.48713
v 0.33765 -0.01747 -0.43959
v -0.34935 -0.01843 -0.43026
v -0.44007 -0.01839 -0.33707
v 0.45627 -0.01834 -0.31497
v -0.46513 -0.01777 -0.30169
v 0.47923 -0.01883 -0.27832
v -0.48671 -0.01748 -0.26509
v -0.50650 -0.01846 -0.22455
v -0.52262 -0.01836 -0.18394
v 0.53139 -0.01834 -0.15792
v -0.53534 -0.01744 -0.14393
v 0.55408 -0.01846 0.01336
v -0.50004 -0.01840 0.24021
v 0.48763 -0.01841 0.26390
v -0.43056 -0.01773 0.34912
v 0.38376 0.00402 0.40082
v -0.26348 -0.01841 0.48754
v 0.19800 -0.01750 0.51800
v -0.18198 -0.00625 0.52341
v 0.07397 -0.01834 0.54970
v -0.01127 -0.00008 0.55397
v 0.05696 -0.01841 -0.55127
v -0.31440 -0.01841 -0.45658
v -0.36683 -0.00194 -0.41566
v 0.52349 -0.01754 -0.18274
v 0.55066 -0.00046 0.07009
v 0.52283 -0.01845 0.18445
v 0.44020 -0.01839 0.33713
v -0.33687 -0.01837 0.43986
v 0.20376 -0.02146 0.51601
v -0.01349 -0.01847 0.55432
v -0.07264 -0.01845 -0.54942
v 0.01150 -0.01950 -0.52200
v -0.02500 -0.01750 -0.52100
v 0.05500 -0.01750 -0.51900
v -0.11050 -0.01950 -0.51000
v 0.18041 -0.01749 -0.50815
v -0.27755 -0.01823 -0.47961
v -0.26800 -0.01750 -0.46600
v 0.30135 -0.01841 -0.46529
v 0.24750 -0.01950 -0.45950
v 0.33104 -0.01753 -0.42992
v -0.38900 -0.01950 -0.34800
v 0.40600 -0.01750 -0.32800
v 0.45200 -0.01750 -0.26000
v -0.45950 -0.01950 -0.24700
v -0.49200 -0.01750 -0.17500
v 0.54988 -0.01841 -0.07257
v 0.51800 -0.01750 -0.06700
v -0.55106 -0.01932 -0.05601
v -0.54746 -0.01756 -0.05847
v -0.55402 -0.01840 -0.01373
v -0.54905 -0.01836 0.07383
v 0.52900 -0.01750 0.09900
v 0.54598 -0.02021 0.09777
v -0.50950 -0.01950 0.11050
v -0.51756 -0.01840 0.19959
v -0.47100 -0.01750 0.22400
v -0.47955 -0.01841 0.27817
v 0.46488 -0.01754 0.30295
v -0.45581 -0.01838 0.31478
v -0.40450 -0.01950 0.33000
v -0.37076 -0.01745 0.41214
v 0.34979 -0.01840 0.43056
v -0.28250 -0.01950 0.43900
v 0.26300 -0.01950 0.45100
v 0.22650 -0.01950 0.47000
v -0.21050 -0.01950 0.47800
v 0.19346 -0.01756 0.50662
v -0.01400 -0.01750 0.52200
v -0.10062 -0.01818 0.54515
v -0.11996 -0.02141 -0.54110
v 0.03200 -0.01950 -0.52100
v -0.00800 -0.01950 -0.52100
v -0.03200 -0.02150 -0.52100
v 0.05300 -0.01950 -0.51900
v -0.06700 -0.01750 -0.51700
v -0.07000 -0.01950 -0.51700
v -0.19963 -0.01835 -0.51753
v 0.07300 -0.01950 -0.51600
v -0.09000 -0.01950 -0.51400
v 0.09300 -0.01950 -0.51300
v 0.09600 -0.01750 -0.51300
v 0.13100 -0.02150 -0.50500
v -0.14700 -0.01750 -0.50000
v -0.15300 -0.02150 -0.49900
v 0.13600 -0.01750 -0.50400
v -0.18600 -0.01750 -0.48700
v -0.19100 -0.02150 -0.48600
v 0.17250 -0.01950 -0.49300
v -0.22650 -0.01950 -0.47000
v -0.24075 -0.01965 -0.49899
v 0.21050 -0.01950 -0.47750
v -0.26250 -0.01950 -0.45100
v 0.26500 -0.01950 -0.44900
v 0.33408 -0.02150 -0.44293
v -0.29500 -0.01750 -0.43000
v 0.28300 -0.01950 -0.43900
v -0.29700 -0.01950 -0.42900
v 0.28500 -0.01750 -0.43700
v -0.33000 -0.01950 -0.40450
v 0.31600 -0.01950 -0.41550
v -0.36100 -0.01950 -0.37700
v 0.40266 -0.01779 -0.38128
v 0.34800 -0.01950 -0.38900
v -0.41235 -0.01829 -0.37027
v -0.37500 -0.01950 -0.36200
v 0.43108 -0.01828 -0.34912
v 0.37750 -0.01950 -0.36100
v -0.41300 -0.01750 -0.31800
v 0.40400 -0.01950 -0.33000
v -0.41500 -0.01950 -0.31600
v 0.41700 -0.01950 -0.31400
v -0.43850 -0.01950 -0.28250
v 0.42800 -0.02150 -0.29900
v 0.43100 -0.01750 -0.29500
v -0.44900 -0.01950 -0.26500
v 0.45100 -0.01950 -0.26300
v -0.48966 -0.02150 -0.26030
v 0.49963 -0.01973 -0.24138
v -0.47600 -0.01750 -0.21300
v 0.46900 -0.02150 -0.22900
v 0.51694 -0.01958 -0.20106
v -0.47800 -0.01950 -0.21000
v 0.47100 -0.01750 -0.22400
v -0.48500 -0.01950 -0.19100
v 0.48600 -0.02150 -0.19100
v -0.49300 -0.01950 -0.17200
v 0.48800 -0.01750 -0.18600
v -0.50400 -0.01750 -0.13600
v 0.49900 -0.02150 -0.15300
v -0.53706 -0.02157 -0.13847
v -0.50500 -0.02150 -0.13000
v 0.50100 -0.01750 -0.14700
v -0.51300 -0.01750 -0.09600
v -0.54510 -0.01889 -0.09983
v -0.51400 -0.02150 -0.09000
v 0.51050 -0.01950 -0.11050
v -0.51950 -0.01950 -0.05250
v 0.51700 -0.02150 -0.07300
v 0.51900 -0.01950 -0.05000
v -0.52200 -0.01750 -0.01400
v -0.52200 -0.01950 -0.01200
v 0.52100 -0.01950 -0.02950
v -0.52100 -0.01950 0.02950
v 0.52200 -0.02150 0.00900
v 0.52200 -0.01750 0.01400
v -0.51700 -0.01950 0.07050
v 0.51950 -0.01950 0.05250
v -0.51400 -0.01950 0.09000
v 0.51350 -0.01950 0.09350
v 0.53610 -0.01914 0.14137
v -0.54212 -0.01840 0.11623
v -0.50000 -0.01750 0.14800
v -0.49900 -0.02150 0.15300
v 0.50500 -0.01950 0.13350
v -0.48700 -0.01750 0.18700
v 0.49400 -0.02150 0.17000
v -0.48600 -0.02150 0.19200
v 0.49200 -0.01750 0.17500
v -0.47800 -0.01950 0.20800
v 0.47900 -0.02150 0.20800
v 0.50665 -0.01842 0.22484
v -0.47000 -0.01950 0.22700
v 0.47700 -0.01750 0.21300
v -0.45200 -0.01750 0.26000
v 0.46100 -0.02150 0.24500
v -0.45000 -0.02150 0.26500
v 0.45800 -0.01750 0.25000
v -0.43000 -0.01750 0.29500
v -0.42700 -0.02150 0.30000
v 0.43900 -0.01950 0.28250
v 0.46801 -0.02133 0.29785
v -0.41700 -0.01950 0.31400
v 0.41550 -0.01950 0.31600
v -0.37900 -0.01750 0.35900
v 0.39100 -0.02150 0.34600
v -0.37500 -0.02150 0.36300
v 0.38800 -0.01750 0.35000
v 0.41330 -0.01873 0.36977
v -0.34800 -0.01950 0.38900
v 0.36300 -0.02150 0.37600
v -0.40099 -0.01878 0.38222
v 0.35900 -0.01750 0.37900
v 0.38190 -0.01839 0.40193
v -0.31800 -0.01750 0.41400
v 0.33200 -0.02150 0.40300
v -0.36678 -0.02147 0.41617
v -0.31600 -0.01950 0.41500
v 0.32800 -0.01750 0.40600
v -0.29900 -0.01950 0.42700
v 0.29700 -0.01950 0.42900
v 0.29500 -0.01750 0.43100
v -0.24900 -0.01750 0.45800
v 0.31511 -0.01838 0.45650
v -0.24700 -0.01950 0.46000
v 0.24500 -0.01950 0.46100
v -0.22900 -0.01950 0.46900
v 0.20800 -0.01950 0.47900
v -0.17500 -0.01750 0.49200
v 0.18950 -0.01950 0.48700
v -0.17000 -0.02150 0.49400
v -0.13300 -0.01950 0.50500
v 0.15050 -0.01950 0.50000
v -0.09300 -0.01950 0.51350
v 0.11050 -0.01950 0.51050
v 0.07300 -0.02150 0.51700
v -0.05500 -0.01750 0.51900
v 0.06800 -0.01750 0.51800
v -0.05000 -0.02150 0.52000
v -0.03200 -0.01950 0.52100
v 0.02950 -0.01950 0.52100
v -0.00900 -0.02150 0.52200
v -0.18402 -0.01837 0.52280
v -0.10171 -0.01749 0.54372
v -0.14304 -0.01793 0.53553
v 0.11578 -0.01780 0.54236
v -0.05721 -0.01845 0.55169
v 0.01375 -0.01838 -0.55402
v 0.05000 -0.02150 -0.52000
v -0.07300 -0.02150 -0.51700
v 0.09100 -0.02150 -0.51400
v 0.18041 -0.02150 -0.52386
v 0.22484 -0.01872 -0.50662
v 0.25449 -0.02140 -0.47813
v -0.27300 -0.02150 -0.46400
v 0.28000 -0.02150 -0.44000
v -0.29900 -0.02150 -0.42700
v 0.37013 -0.01870 -0.41213
v -0.38194 -0.01840 -0.40191
v 0.38700 -0.02150 -0.37400
v 0.40300 -0.02150 -0.33200
v -0.41700 -0.02150 -0.31400
v -0.46079 -0.02150 -0.29349
v 0.45000 -0.02150 -0.26500
v -0.47900 -0.02150 -0.20800
v -0.49400 -0.02150 -0.17000
v 0.51708 -0.01853 -0.11062
v 0.55402 -0.01840 -0.02931
v -0.52200 -0.02150 -0.00900
v -0.55315 -0.01842 0.02962
v 0.55184 -0.01884 0.05644
v -0.53142 -0.01839 0.15836
v -0.46900 -0.02150 0.22900
v -0.42165 -0.02150 0.34768
v -0.31400 -0.02150 0.41700
v 0.30000 -0.02150 0.42800
v -0.30111 -0.01841 0.46584
v -0.24500 -0.02150 0.46100
v 0.27797 -0.01845 0.47960
v 0.23965 -0.01839 0.50034
v -0.22441 -0.01845 0.50664
v 0.15879 -0.01871 0.53133
v -0.13640 -0.02148 0.52902
v 0.11796 -0.02150 0.53069
v -0.09300 -0.02150 0.53000
v 0.03022 -0.01840 0.55405
v 0.06568 -0.02850 -0.53974
v 0.02200 -0.02850 -0.52200
v -0.01900 -0.02850 -0.52200
v 0.12050 -0.03050 -0.50750
v 0.22933 -0.03163 -0.50451
v -0.21700 -0.02850 -0.47400
v -0.26200 -0.02850 -0.47000
v -0.37783 -0.03149 -0.40569
v 0.40512 -0.03163 -0.37836
v 0.43500 -0.02850 -0.28900
v -0.50435 -0.03162 -0.22914
v -0.52108 -0.03158 -0.18907
v -0.55092 -0.03160 -0.06228
v -0.52100 -0.02850 -0.02200
v -0.52200 -0.02850 0.01900
v -0.55026 -0.03114 0.06792
v 0.49000 -0.02850 0.18200
v -0.47400 -0.02850 0.21800
v 0.49447 -0.02854 0.22935
v 0.46900 -0.02850 0.26400
v 0.43400 -0.02850 0.29100
v -0.43347 -0.03160 0.34571
v 0.40923 -0.03165 0.37426
v 0.37917 -0.03157 0.40496
v 0.32200 -0.02850 0.41100
v -0.26782 -0.03155 0.48569
v 0.27279 -0.03122 0.48263
v -0.02100 -0.02850 0.52200
v -0.06223 -0.03160 0.55124
v -0.06500 -0.03050 -0.53400
v -0.10930 -0.03073 -0.54287
v 0.01500 -0.03250 -0.52100
v 0.01800 -0.03050 -0.52100
v -0.02200 -0.03050 -0.52100
v 0.04000 -0.03050 -0.52000
v -0.02500 -0.03250 -0.52100
v -0.06000 -0.02850 -0.51800
v 0.09800 -0.03250 -0.51300
v -0.06500 -0.03250 -0.51800
v 0.10000 -0.03050 -0.51200
v -0.12300 -0.03050 -0.50700
v 0.14300 -0.02850 -0.50200
v -0.14000 -0.02850 -0.50300
v 0.17950 -0.03050 -0.49000
v -0.14600 -0.03250 -0.50100
v -0.17900 -0.02850 -0.49000
v 0.19800 -0.03050 -0.48200
v -0.18400 -0.03250 -0.48800
v -0.22000 -0.03050 -0.47300
v -0.26400 -0.03050 -0.46900
v 0.25350 -0.03050 -0.45600
v -0.22200 -0.03250 -0.47200
v -0.30933 -0.03087 -0.46007
v 0.28700 -0.03250 -0.43600
v -0.25650 -0.03050 -0.45450
v 0.29100 -0.02850 -0.43300
v -0.28900 -0.02850 -0.43500
v 0.32000 -0.03250 -0.41200
v -0.30800 -0.03050 -0.42100
v 0.32400 -0.02850 -0.40900
v 0.34186 -0.03084 -0.43634
v -0.32200 -0.02850 -0.41100
v 0.35300 -0.03050 -0.38400
v -0.32600 -0.03250 -0.40700
v 0.38000 -0.03250 -0.35700
v -0.35500 -0.03050 -0.38200
v 0.38400 -0.02850 -0.35300
v -0.38200 -0.02850 -0.35500
v 0.40900 -0.03050 -0.32400
v -0.38600 -0.03250 -0.35100
v -0.40900 -0.02850 -0.32400
v 0.42100 -0.03050 -0.30800
v -0.41200 -0.03250 -0.32000
v 0.43300 -0.03050 -0.29100
v -0.43300 -0.02850 -0.29100
v 0.45300 -0.03250 -0.25900
v -0.43600 -0.03250 -0.28600
v 0.45600 -0.02850 -0.25400
v 0.47350 -0.03050 -0.21950
v -0.45600 -0.03050 -0.25350
v 0.48900 -0.03050 -0.18200
v -0.47450 -0.03050 -0.21700
v 0.50100 -0.03250 -0.14600
v -0.49600 -0.03050 -0.16000
v 0.50300 -0.02850 -0.14100
v -0.50200 -0.02850 -0.14300
v 0.51150 -0.03050 -0.10350
v -0.50300 -0.03250 -0.13700
v -0.54464 -0.03143 -0.10554
v 0.51850 -0.03050 -0.06250
v -0.51500 -0.03050 -0.08000
v 0.52100 -0.03250 -0.02500
v -0.51850 -0.03050 -0.05950
v 0.52200 -0.03050 -0.00150
v -0.52100 -0.03050 -0.01900
v -0.52100 -0.03050 0.00200
v 0.52200 -0.02850 0.02200
v -0.52100 -0.03050 0.02200
v -0.55385 -0.03155 0.02546
v 0.51850 -0.03050 0.06000
v -0.52100 -0.03250 0.02500
v 0.51250 -0.03050 0.10050
v -0.51800 -0.03050 0.06300
v -0.54305 -0.03078 0.11044
v -0.51200 -0.02850 0.10100
v 0.50400 -0.03250 0.13800
v -0.50700 -0.03050 0.12300
v 0.50200 -0.02850 0.14300
v -0.50300 -0.02850 0.14100
v 0.49700 -0.03050 0.16000
v -0.50100 -0.03250 0.14600
v 0.49000 -0.03050 0.17900
v -0.49000 -0.02850 0.18000
v 0.48300 -0.03050 0.19800
v -0.48800 -0.03250 0.18500
v -0.47300 -0.03050 0.22000
v 0.45600 -0.03050 0.25350
v -0.47200 -0.03250 0.22200
v 0.48552 -0.03165 0.26863
v 0.44600 -0.03050 0.27100
v -0.48217 -0.03129 0.27274
v -0.45450 -0.03050 0.25650
v 0.43500 -0.03050 0.28900
v -0.43500 -0.02850 0.28900
v 0.41300 -0.03250 0.32000
v -0.43100 -0.03250 0.29400
v -0.45980 -0.03087 0.30968
v 0.40900 -0.02850 0.32400
v 0.38600 -0.03250 0.35100
v -0.39600 -0.03050 0.34000
v 0.38300 -0.02850 0.35500
v -0.38400 -0.02850 0.35400
v 0.35550 -0.03050 0.38200
v -0.38000 -0.03250 0.35700
v -0.35500 -0.02850 0.38300
v 0.32700 -0.03250 0.40700
v -0.35100 -0.03250 0.38600
v 0.32400 -0.03050 0.40900
v -0.32400 -0.02850 0.40900
v 0.30800 -0.03050 0.42100
v -0.32000 -0.03250 0.41300
v 0.25650 -0.03050 0.45450
v -0.28850 -0.03050 0.43500
v 0.30972 -0.03081 0.45999
v -0.30585 -0.03123 0.46216
v -0.25350 -0.03050 0.45600
v 0.18500 -0.03250 0.48800
v -0.19800 -0.03050 0.48300
v 0.18000 -0.02850 0.49000
v -0.18200 -0.02850 0.48900
v 0.14600 -0.03250 0.50100
v -0.17600 -0.03250 0.49100
v 0.14100 -0.02850 0.50300
v 0.23518 -0.03156 0.50244
v -0.14300 -0.02850 0.50200
v 0.12300 -0.03050 0.50700
v -0.13700 -0.03250 0.50300
v 0.10100 -0.02850 0.51200
v -0.10300 -0.02850 0.51200
v -0.09800 -0.03250 0.51300
v 0.02500 -0.03250 0.52100
v -0.03900 -0.03050 0.52000
v 0.01900 -0.02850 0.52200
v 0.00200 -0.03050 0.52200
v -0.01900 -0.03050 0.52200
v 0.11034 -0.03082 0.54324
v 0.01892 -0.03134 -0.55463
v 0.14814 -0.03158 -0.53413
v -0.15310 -0.03163 -0.53260
v 0.18888 -0.03158 -0.52112
v 0.06000 -0.03050 -0.51850
v -0.19466 -0.03157 -0.51854
v -0.10350 -0.03050 -0.51150
v -0.23461 -0.03159 -0.50206
v 0.21750 -0.03050 -0.47500
v -0.26700 -0.03250 -0.46700
v -0.34511 -0.03166 -0.43338
v -0.29300 -0.03250 -0.43100
v 0.37436 -0.03115 -0.40865
v 0.43350 -0.03165 -0.34538
v -0.43680 -0.03166 -0.34093
v -0.46241 -0.03162 -0.30568
v 0.43200 -0.03250 -0.29300
v -0.48381 -0.03056 -0.26992
v -0.47182 -0.03249 -0.25945
v 0.50234 -0.03159 -0.23476
v 0.51927 -0.03161 -0.19456
v -0.49000 -0.03050 -0.17950
v 0.53271 -0.03156 -0.15257
v -0.53437 -0.03163 -0.14816
v 0.54365 -0.03159 -0.11073
v -0.51200 -0.03050 -0.10050
v 0.55011 -0.03155 -0.06832
v 0.55398 -0.03163 -0.02469
v -0.52100 -0.03250 -0.01600
v 0.55400 -0.03164 0.01897
v 0.55124 -0.03162 0.06233
v 0.54450 -0.03167 0.10584
v -0.51100 -0.03250 0.10600
v 0.53592 -0.03212 0.14600
v -0.53250 -0.03156 0.15343
v 0.49100 -0.03250 0.17700
v -0.51868 -0.03156 0.19500
v 0.47500 -0.03050 0.21750
v 0.43600 -0.03250 0.28600
v -0.40900 -0.03050 0.32400
v -0.40474 -0.03163 0.37908
v -0.37402 -0.03165 0.40890
v 0.29150 -0.03050 0.43350
v -0.34070 -0.03162 0.43696
v 0.22000 -0.03050 0.47350
v -0.21650 -0.03050 0.47500
v 0.10600 -0.03250 0.51100
v 0.06300 -0.03050 0.51850
v 0.19506 -0.03154 0.51933
v -0.05950 -0.03050 0.51850
v -0.01600 -0.03250 0.52200
v -0.18890 -0.03164 0.52157
v -0.14616 -0.03200 0.53602
v -0.10484 -0.03154 0.54465
v 0.06795 -0.03113 0.55020
v 0.02545 -0.03156 0.55382
v -0.01859 -0.03157 0.55360
v -0.06759 -0.03110 -0.55032
v 0.06169 -0.03223 -0.55095
v -0.13419 0.13150 -0.52204
v -0.25100 -0.04050 -0.49400
v 0.26858 -0.03170 -0.48472
v -0.52300 0.13150 0.12875
v -0.20052 0.13150 0.49870
v 0.24668 0.13150 0.47935
v 0.01000 -0.04150 -0.55400
v 0.10599 -0.03164 -0.54406
v -0.16162 -0.05461 -0.53135
v 0.17868 -0.04633 -0.52491
v 0.30567 -0.03162 -0.46245
v -0.37612 -0.04892 -0.40680
v -0.40898 -0.03163 -0.37378
v -0.45686 -0.05581 -0.31417
v 0.48262 -0.03163 -0.27344
v 0.51559 -0.03619 -0.20536
v 0.54703 -0.04711 -0.08615
v -0.55405 -0.03162 -0.01900
v 0.55440 -0.04940 0.00179
v -0.53865 -0.04950 0.13653
v 0.52347 -0.03221 0.18654
v -0.50217 -0.03155 0.23495
v 0.46232 -0.03135 0.30663
v 0.43747 -0.03160 0.34076
v -0.40171 -0.04573 0.38320
v 0.39648 -0.05282 0.38879
v 0.34655 -0.03163 0.43325
v -0.22910 -0.03166 0.50455
v 0.21175 -0.03529 0.51275
v 0.15344 -0.03161 0.53278
v -0.06831 -0.05757 0.55079
v 0.08727 -0.05402 0.54809
v 0.05420 -0.03546 0.55340
v 0.01798 -0.04700 -0.27522
v -0.06533 -0.04672 -0.26729
v -0.14503 -0.04660 -0.23384
v 0.12573 -0.04649 -0.24649
v -0.21081 -0.04669 -0.17682
v 0.20943 -0.04621 -0.17810
v -0.25487 -0.04728 -0.10563
v 0.25324 -0.04747 -0.10998
v -0.27517 -0.04697 -0.01778
v 0.27478 -0.04677 -0.02116
v -0.26737 -0.04678 0.06515
v 0.26771 -0.04618 0.06240
v -0.23298 -0.04689 0.14710
v 0.23575 -0.04733 0.14388
v -0.16036 -0.04663 0.22561
v 0.17874 -0.04586 0.20879
v 0.10880 -0.04705 0.25335
v -0.06256 -0.04606 0.26762
v 0.02112 -0.04677 0.27482
v 0.02183 -0.05013 -0.55400
v -0.02459 -0.03158 -0.55381
v 0.11162 -0.07145 -0.54296
v -0.10746 -0.04973 -0.54406
v -0.21744 -0.05883 -0.51022
v 0.23794 -0.07130 -0.50111
v -0.27434 -0.03227 -0.48181
v 0.27771 -0.07120 -0.47963
v -0.31650 -0.05088 -0.45613
v 0.36107 -0.05172 -0.42078
v 0.40254 -0.07506 -0.38339
v 0.41027 -0.07129 -0.37331
v -0.42262 -0.06488 -0.35871
v 0.45960 -0.03165 -0.31024
v 0.51117 -0.05909 -0.21564
v -0.52133 -0.06153 -0.18803
v -0.54905 -0.07154 -0.08376
v -0.55027 -0.05282 -0.06516
v -0.55410 -0.06047 0.03328
v -0.54205 -0.05684 0.12066
v 0.50547 -0.03225 0.22863
v 0.48225 -0.07144 0.27403
v -0.49928 -0.04461 0.24336
v -0.30289 -0.03283 0.46471
v 0.29022 -0.04391 0.47317
v -0.12506 -0.06784 0.53997
v -0.02156 -0.05088 0.55400
v -0.15051 -0.06077 -0.53359
v -0.18921 -0.07239 -0.52105
v 0.30982 -0.07316 -0.46011
v -0.40490 -0.07235 -0.37818
v 0.43318 -0.04151 -0.34665
v -0.50406 -0.07132 -0.23336
v 0.52159 -0.07238 -0.18895
v -0.53273 -0.07237 -0.15297
v 0.53473 -0.07144 -0.14740
v 0.55080 -0.05871 -0.06527
v -0.55400 -0.07241 -0.02463
v 0.55123 -0.06052 0.06375
v 0.52010 -0.05666 0.19166
v -0.50449 -0.07239 0.22931
v -0.45894 -0.05391 0.31275
v 0.43345 -0.07231 0.34656
v 0.30584 -0.07240 0.46242
v -0.18792 -0.05453 0.52168
v 0.14706 -0.07152 0.53471
v 0.10604 -0.07236 0.54433
v 0.47418 -0.04948 -0.28758
v 0.55029 -0.07289 0.06786
v -0.55105 -0.07242 0.06252
v -0.53800 -0.06350 0.13000
v -0.48473 -0.07229 0.26858
v 0.40498 -0.07242 0.37924
v 0.34217 -0.05341 0.43650
v -0.27363 -0.07217 0.48224
v -0.23263 -0.04902 0.50360
v -0.06762 -0.07294 0.55025
v 0.01988 -0.05468 0.55394
v 0.02544 -0.07246 -0.55398
v -0.01500 -0.07150 -0.52100
v 0.19571 -0.07181 -0.51831
v 0.06300 -0.07350 -0.51800
v -0.22921 -0.07237 -0.50431
v -0.14000 -0.07350 -0.50250
v 0.18250 -0.07350 -0.48900
v -0.26793 -0.07243 -0.48516
v -0.34105 -0.07234 -0.43691
v -0.32000 -0.07150 -0.41200
v 0.32450 -0.07350 -0.40900
v 0.37018 -0.07154 -0.39333
v 0.38600 -0.07150 -0.35100
v -0.43357 -0.07234 -0.34522
v 0.43737 -0.07239 -0.34059
v -0.40700 -0.07150 -0.32600
v 0.46248 -0.07237 -0.30571
v 0.48539 -0.07241 -0.26834
v 0.50477 -0.07242 -0.22904
v 0.50300 -0.07350 -0.14000
v -0.53153 -0.07157 -0.10984
v 0.54465 -0.07245 -0.10484
v 0.55404 -0.07238 -0.01901
v -0.55405 -0.07237 0.01896
v 0.55382 -0.07244 0.02545
v -0.54401 -0.07236 0.10586
v 0.52700 -0.07150 0.10900
v -0.50300 -0.07150 0.13800
v 0.50200 -0.07350 0.14350
v -0.53428 -0.07242 0.14816
v -0.49000 -0.07350 0.17950
v 0.51945 -0.07243 0.19496
v 0.50266 -0.07288 0.23466
v 0.45551 -0.07153 0.31022
v 0.45979 -0.07226 0.31036
v 0.40700 -0.07150 0.32600
v -0.43010 -0.07148 0.33389
v -0.43576 -0.07417 0.34300
v -0.40865 -0.07285 0.37436
v -0.37955 -0.07137 0.40403
v -0.32400 -0.07350 0.40900
v 0.34182 -0.07328 0.43654
v -0.26700 -0.07150 0.46700
v -0.23483 -0.07241 0.50245
v 0.14050 -0.07350 0.50250
v -0.10600 -0.07150 0.51100
v -0.19476 -0.07244 0.51929
v -0.15295 -0.07237 0.53293
v 0.01707 -0.07152 0.53967
v 0.06239 -0.07238 0.55131
v 0.02020 -0.07327 0.55402
v -0.02463 -0.07240 0.55383
v -0.10491 -0.07248 -0.54418
v 0.10746 -0.07558 -0.54379
v -0.01746 -0.07235 -0.55410
v 0.14953 -0.07536 -0.53384
v 0.00200 -0.07350 -0.52200
v 0.02200 -0.07350 -0.52100
v -0.02100 -0.07550 -0.52200
v 0.02500 -0.07150 -0.52100
v -0.05950 -0.07350 -0.51850
v -0.10050 -0.07350 -0.51250
v 0.10100 -0.07550 -0.51200
v 0.10600 -0.07150 -0.51100
v -0.12000 -0.07350 -0.50700
v 0.23467 -0.07279 -0.50257
v 0.14350 -0.07350 -0.50200
v -0.17600 -0.07150 -0.49100
v -0.18200 -0.07550 -0.48900
v 0.27002 -0.07522 -0.48404
v -0.21650 -0.07350 -0.47500
v 0.20100 -0.07350 -0.48100
v -0.25100 -0.07150 -0.45700
v 0.22000 -0.07350 -0.47300
v -0.30531 -0.07242 -0.46240
v -0.25600 -0.07550 -0.45500
v -0.28850 -0.07350 -0.43450
v 0.25650 -0.07350 -0.45450
v 0.28900 -0.07550 -0.43500
v -0.30500 -0.07350 -0.42300
v 0.29400 -0.07150 -0.43100
v -0.32400 -0.07550 -0.40900
v 0.37610 -0.07549 -0.40791
v -0.35100 -0.07150 -0.38600
v 0.34000 -0.07350 -0.39600
v -0.35500 -0.07550 -0.38200
v -0.38200 -0.07350 -0.35500
v 0.35550 -0.07350 -0.38200
v 0.38300 -0.07550 -0.35500
v -0.39600 -0.07350 -0.34000
v 0.39800 -0.07350 -0.33700
v -0.41100 -0.07550 -0.32200
v 0.40900 -0.07550 -0.32400
v -0.45993 -0.07315 -0.30966
v -0.43100 -0.07150 -0.29300
v 0.41300 -0.07150 -0.32000
v -0.43500 -0.07550 -0.28900
v 0.43400 -0.07550 -0.29100
v -0.45450 -0.07350 -0.25650
v 0.43600 -0.07150 -0.28600
v 0.45600 -0.07350 -0.25400
v -0.47300 -0.07350 -0.21950
v 0.45700 -0.07150 -0.25100
v -0.50394 -0.07522 -0.23163
v -0.48800 -0.07150 -0.18400
v 0.47500 -0.07350 -0.21700
v -0.49000 -0.07550 -0.18000
v 0.49000 -0.07350 -0.17900
v -0.50100 -0.07150 -0.14600
v 0.49100 -0.07150 -0.17700
v 0.53321 -0.07541 -0.15182
v -0.50300 -0.07550 -0.14100
v -0.51100 -0.07150 -0.10600
v 0.50800 -0.07350 -0.12000
v -0.54311 -0.07327 -0.10972
v -0.51200 -0.07550 -0.10100
v 0.51200 -0.07550 -0.10300
v -0.51800 -0.07350 -0.06250
v 0.51300 -0.07150 -0.09800
v -0.52100 -0.07150 -0.02500
v 0.51850 -0.07350 -0.05950
v -0.52100 -0.07350 -0.02200
v -0.52100 -0.07150 0.01600
v 0.52200 -0.07350 -0.01900
v -0.52100 -0.07550 0.02200
v 0.52200 -0.07350 0.02200
v -0.51900 -0.07150 0.05700
v 0.52100 -0.07150 0.02500
v -0.51800 -0.07550 0.06300
v 0.51900 -0.07550 0.06000
v -0.51200 -0.07350 0.10050
v 0.51800 -0.07150 0.06600
v 0.51200 -0.07550 0.10100
v 0.54395 -0.07421 0.10913
v -0.50700 -0.07350 0.12000
v 0.51100 -0.07150 0.10600
v -0.50300 -0.07350 0.14000
v -0.49600 -0.07350 0.16000
v 0.49600 -0.07350 0.16300
v 0.48900 -0.07350 0.18200
v -0.47600 -0.07150 0.21500
v 0.48800 -0.07150 0.18500
v -0.47300 -0.07550 0.22000
v 0.47500 -0.07550 0.21800
v -0.45700 -0.07150 0.25100
v 0.47200 -0.07150 0.22200
v 0.48334 -0.07358 0.27194
v -0.45500 -0.07550 0.25600
v 0.45600 -0.07550 0.25400
v -0.43600 -0.07150 0.28600
v 0.45300 -0.07150 0.25900
v -0.43300 -0.07550 0.29100
v -0.41050 -0.07350 0.32200
v -0.46236 -0.07238 0.30563
v 0.43350 -0.07350 0.29150
v 0.40900 -0.07350 0.32400
v -0.38600 -0.07150 0.35100
v 0.39600 -0.07350 0.34000
v -0.38200 -0.07550 0.35500
v 0.38200 -0.07350 0.35600
v -0.35500 -0.07350 0.38200
v 0.38000 -0.07150 0.35700
v -0.34000 -0.07350 0.39600
v 0.35300 -0.07350 0.38450
v -0.29300 -0.07150 0.43200
v 0.32200 -0.07350 0.41100
v 0.32343 -0.07155 0.41705
v -0.28900 -0.07550 0.43500
v -0.34543 -0.07237 0.43377
v -0.25650 -0.07350 0.45450
v 0.28900 -0.07350 0.43500
v -0.30926 -0.07315 0.45992
v -0.22200 -0.07150 0.47200
v 0.25350 -0.07350 0.45600
v -0.22000 -0.07350 0.47300
v -0.18400 -0.07150 0.48800
v 0.21750 -0.07350 0.47500
v -0.18200 -0.07350 0.48900
v 0.17900 -0.07350 0.49000
v -0.14600 -0.07150 0.50100
v 0.17700 -0.07150 0.49100
v -0.14000 -0.07550 0.50300
v 0.22931 -0.07240 0.50450
v -0.12300 -0.07350 0.50700
v 0.12000 -0.07350 0.50800
v 0.10300 -0.07550 0.51200
v -0.10100 -0.07550 0.51200
v -0.06500 -0.07150 0.51800
v 0.09800 -0.07150 0.51300
v -0.06000 -0.07550 0.51900
v 0.06000 -0.07350 0.51900
v 0.05700 -0.07150 0.51900
v -0.02500 -0.07150 0.52100
v 0.18872 -0.07240 0.52165
v 0.01900 -0.07350 0.52200
v -0.01900 -0.07550 0.52200
v -0.10978 -0.07317 0.54356
v 0.15188 -0.07545 0.53320
v 0.06783 -0.07289 -0.55020
v -0.06220 -0.07242 -0.55089
v 0.01900 -0.07550 -0.52200
v 0.14590 -0.07259 -0.50561
v -0.14741 -0.07239 -0.53440
v 0.18720 -0.07529 -0.52330
v 0.26342 -0.07539 -0.47283
v 0.34612 -0.07242 -0.43312
v -0.37403 -0.07238 -0.40912
v 0.38350 -0.07542 -0.35557
v -0.48229 -0.07276 -0.27271
v 0.45500 -0.07550 -0.25600
v -0.51862 -0.07244 -0.19450
v 0.49000 -0.07550 -0.18200
v 0.55129 -0.07240 -0.06226
v -0.55012 -0.07280 -0.06785
v -0.52200 -0.07550 -0.01900
v 0.52200 -0.07550 0.01900
v -0.50200 -0.07550 0.14300
v 0.53272 -0.07242 0.15344
v 0.49000 -0.07550 0.18000
v -0.52126 -0.07244 0.18893
v 0.44800 -0.07550 0.29800
v 0.41100 -0.07550 0.32200
v 0.38400 -0.07550 0.35400
v 0.37413 -0.07238 0.40898
v -0.37651 -0.07416 0.40691
v 0.26877 -0.07235 0.48545
v -0.26200 -0.07550 0.47000
v -0.21700 -0.07550 0.47500
v 0.18200 -0.07550 0.48900
v -0.17900 -0.07550 0.49000
v 0.06300 -0.07550 0.51800
v -0.01371 -0.08456 -0.55423
v -0.05706 -0.08449 -0.55125
v 0.07407 -0.08461 -0.54934
v 0.11637 -0.08456 -0.54222
v 0.02868 -0.08460 -0.55321
v -0.14156 -0.08379 -0.53598
v 0.15835 -0.08462 -0.53145
v -0.09927 -0.08368 -0.54533
v -0.18400 -0.08464 -0.52281
v 0.19947 -0.08457 -0.51772
v -0.22451 -0.08454 -0.50646
v 0.23953 -0.08464 -0.49964
v 0.27824 -0.08451 -0.47969
v -0.26339 -0.08455 -0.48752
v -0.30101 -0.08452 -0.46560
v 0.31499 -0.08457 -0.45628
v -0.33711 -0.08460 -0.44003
v 0.34995 -0.08461 -0.42988
v -0.36999 -0.08462 -0.41216
v 0.38200 -0.08450 -0.40156
v 0.41349 -0.08464 -0.36983
v -0.42997 -0.08449 -0.34954
v -0.45577 -0.08464 -0.31486
v 0.46575 -0.08456 -0.30091
v -0.47940 -0.08411 -0.27860
v 0.48718 -0.08454 -0.26383
v -0.49917 -0.08382 -0.24060
v 0.50708 -0.08448 -0.22423
v -0.51744 -0.08466 -0.19989
v 0.52314 -0.08455 -0.18373
v -0.53125 -0.08459 -0.15823
v 0.51984 -0.08153 -0.13377
v -0.54230 -0.08457 -0.11573
v 0.54557 -0.08427 -0.10006
v -0.54925 -0.08454 -0.07268
v 0.55174 -0.08458 -0.05738
v -0.55320 -0.08459 -0.02934
v 0.55422 -0.08451 -0.01328
v -0.55414 -0.08461 0.01373
v 0.55408 -0.08457 0.02969
v -0.55114 -0.08458 0.05690
v 0.54948 -0.08463 0.07388
v -0.54526 -0.08408 0.09967
v 0.54224 -0.08456 0.11634
v -0.53610 -0.08384 0.14149
v 0.53161 -0.08461 0.15822
v -0.52246 -0.08459 0.18447
v 0.51765 -0.08460 0.19936
v -0.50646 -0.08460 0.22524
v 0.50023 -0.08458 0.23980
v -0.48770 -0.08460 0.26396
v 0.47962 -0.08456 0.27835
v -0.46548 -0.08456 0.30126
v 0.45653 -0.08464 0.31503
v -0.44017 -0.08461 0.33728
v 0.43076 -0.08454 0.34960
v -0.39767 -0.08445 0.35790
v 0.40195 -0.08460 0.38195
v -0.38202 -0.08462 0.40206
v -0.34919 -0.08453 0.43075
v 0.33714 -0.08460 0.44027
v -0.31465 -0.08461 0.45666
v -0.27879 -0.08373 0.47916
v 0.30101 -0.08456 0.46581
v 0.26383 -0.08459 0.48770
v -0.24030 -0.08377 0.49982
v -0.19958 -0.08466 0.51751
v -0.15825 -0.08460 0.53138
v 0.14193 -0.08378 0.53620
v -0.02933 -0.08460 0.55407
v -0.11574 -0.08459 0.54229
v -0.07268 -0.08454 0.54954
v 0.05644 -0.08416 0.55180
v 0.01323 -0.08451 0.55420
v 0.02850 -0.08350 -0.52100
v -0.01150 -0.08350 -0.52200
v 0.07050 -0.08350 -0.51700
v -0.05000 -0.08150 -0.52000
v -0.05500 -0.08550 -0.51900
v 0.11050 -0.08350 -0.51000
v -0.09300 -0.08350 -0.51350
v 0.15050 -0.08350 -0.49950
v -0.13000 -0.08150 -0.50500
v -0.13600 -0.08550 -0.50400
v 0.18950 -0.08350 -0.48650
v -0.17250 -0.08350 -0.49300
v 0.22650 -0.08350 -0.47000
v -0.21050 -0.08350 -0.47750
v 0.26300 -0.08350 -0.45100
v -0.24700 -0.08350 -0.45950
v 0.29750 -0.08350 -0.42850
v -0.28250 -0.08350 -0.43850
v 0.33000 -0.08350 -0.40450
v -0.31600 -0.08350 -0.41550
v 0.36100 -0.08350 -0.37700
v -0.40112 -0.08449 -0.38215
v -0.34800 -0.08350 -0.38900
v 0.38950 -0.08350 -0.34800
v -0.37700 -0.08350 -0.36100
v 0.41550 -0.08350 -0.31600
v -0.40450 -0.08350 -0.33000
v 0.43900 -0.08350 -0.28250
v -0.42850 -0.08350 -0.29700
v 0.45800 -0.08550 -0.24900
v 0.46100 -0.08150 -0.24500
v -0.45100 -0.08350 -0.26250
v 0.47800 -0.08350 -0.21050
v -0.46900 -0.08150 -0.22900
v -0.47100 -0.08550 -0.22400
v 0.49300 -0.08350 -0.17250
v -0.48650 -0.08350 -0.18850
v 0.50500 -0.08350 -0.13300
v -0.49950 -0.08350 -0.15000
v 0.51350 -0.08350 -0.09300
v -0.50950 -0.08350 -0.11050
v 0.51950 -0.08350 -0.05250
v -0.51700 -0.08350 -0.07000
v 0.52200 -0.08350 -0.01150
v -0.52100 -0.08350 -0.02950
v 0.52100 -0.08350 0.02950
v -0.52200 -0.08350 0.01150
v 0.51800 -0.08550 0.06800
v 0.51700 -0.08150 0.07300
v -0.51950 -0.08350 0.05250
v 0.51050 -0.08350 0.11050
v -0.51350 -0.08350 0.09350
v 0.50000 -0.08350 0.15050
v -0.50500 -0.08150 0.13100
v -0.50400 -0.08550 0.13600
v 0.48700 -0.08350 0.18950
v -0.49300 -0.08350 0.17250
v 0.47000 -0.08350 0.22650
v -0.47750 -0.08350 0.21050
v 0.45100 -0.08350 0.26250
v -0.45950 -0.08350 0.24750
v 0.42950 -0.08350 0.29750
v -0.43850 -0.08350 0.28250
v 0.40450 -0.08350 0.33000
v -0.41500 -0.08350 0.31600
v 0.37750 -0.08350 0.36100
v -0.38900 -0.08350 0.34800
v 0.34800 -0.08350 0.38900
v -0.36100 -0.08350 0.37750
v 0.31600 -0.08350 0.41550
v -0.33000 -0.08350 0.40450
v 0.28250 -0.08350 0.43900
v -0.29700 -0.08350 0.42950
v 0.24750 -0.08350 0.45950
v -0.26250 -0.08350 0.45100
v 0.21050 -0.08350 0.47800
v -0.22900 -0.08150 0.46900
v -0.22400 -0.08550 0.47100
v 0.17500 -0.08550 0.49200
v 0.17000 -0.08150 0.49400
v -0.18850 -0.08350 0.48700
v 0.13600 -0.08550 0.50400
v 0.13100 -0.08150 0.50600
v -0.15000 -0.08350 0.50000
v 0.09600 -0.08550 0.51300
v 0.09100 -0.08150 0.51400
v -0.11050 -0.08350 0.51050
v 0.05250 -0.08350 0.51950
v -0.07300 -0.08150 0.51700
v -0.06700 -0.08550 0.51800
v 0.01150 -0.08350 0.52200
v -0.02950 -0.08350 0.52100
v 0.09841 -0.08323 0.54585
v -0.09900 -0.08550 -0.52900
v 0.53747 -0.08460 -0.13774
v -0.41175 -0.08482 0.37033
v -0.26800 -0.08550 0.46600
v 0.18446 -0.08456 0.52251
v 0.44024 -0.08463 -0.33717
v 0.37032 -0.08468 0.41313
v 0.22480 -0.08456 0.50671
v 0.49386 -0.12350 -0.25258
v 0.39830 -0.12349 0.38748
v 0.14484 -0.12350 0.53577
v 0.22848 -0.17645 -0.24642
v 0.30300 -0.11150 -0.02100
v -0.07420 -0.12350 -0.54964
v 0.09384 -0.12350 -0.54717
v 0.00450 -0.12350 -0.55428
v -0.15129 -0.12350 -0.53393
v -0.02425 -0.12350 -0.52125
v 0.01200 -0.12350 -0.52100
v 0.04250 -0.12350 -0.52000
v -0.10000 -0.12350 -0.51150
v -0.22100 -0.12350 -0.50800
v 0.19285 -0.12350 -0.52040
v -0.15000 -0.12350 -0.49900
v -0.17000 -0.12350 -0.49400
v 0.13275 -0.12350 -0.50325
v -0.19850 -0.12350 -0.48250
v 0.27801 -0.12350 -0.48069
v 0.20100 -0.12350 -0.48150
v -0.28788 -0.12350 -0.47581
v -0.25325 -0.12350 -0.45550
v -0.30550 -0.12350 -0.42300
v 0.26450 -0.12350 -0.44825
v -0.41549 -0.12350 -0.36861
v -0.35275 -0.12350 -0.38375
v 0.33200 -0.12350 -0.40300
v 0.34800 -0.12350 -0.38900
v 0.36907 -0.12350 -0.41680
v 0.44034 -0.12348 -0.33758
v -0.44100 -0.12350 -0.27163
v 0.38050 -0.12350 -0.35675
v 0.41050 -0.12350 -0.32200
v 0.42900 -0.12350 -0.29700
v -0.46877 -0.12350 -0.29673
v -0.49800 -0.12350 -0.24300
v 0.48700 -0.12350 -0.22850
v -0.51981 -0.12350 -0.19380
v 0.47213 -0.12350 -0.22025
v 0.51331 -0.12350 -0.21064
v -0.49550 -0.12350 -0.16250
v -0.54654 -0.12350 -0.09677
v -0.50650 -0.12350 -0.12300
v 0.54223 -0.12350 -0.12084
v -0.51775 -0.12350 -0.05500
v 0.50900 -0.12350 -0.11000
v -0.55427 -0.12350 -0.01589
v 0.55456 -0.12350 -0.02140
v -0.52000 -0.12350 0.03437
v 0.52125 -0.12350 -0.01900
v -0.55053 -0.12350 0.07031
v 0.55124 -0.12350 0.06125
v -0.50750 -0.12350 0.12100
v 0.51563 -0.12350 0.07275
v -0.53077 -0.12350 0.16060
v -0.47250 -0.12350 0.21650
v 0.53526 -0.12350 0.14649
v -0.49668 -0.12350 0.24787
v 0.50350 -0.12350 0.23387
v 0.48462 -0.12350 0.19088
v 0.47089 -0.12350 0.29496
v -0.40337 -0.12350 0.32925
v 0.43300 -0.12350 0.29075
v 0.40300 -0.12350 0.33200
v -0.44737 -0.12350 0.32819
v 0.38900 -0.12350 0.34800
v -0.32375 -0.12350 0.40875
v 0.31704 -0.12350 0.45516
v -0.37696 -0.12350 0.40819
v 0.33737 -0.12350 0.39700
v -0.22650 -0.12350 0.46769
v 0.25400 -0.12350 0.45550
v -0.24300 -0.12350 0.49800
v 0.19850 -0.12350 0.48250
v -0.30342 -0.12349 0.46523
v -0.14300 -0.12350 0.50150
v 0.16000 -0.12350 0.49700
v 0.23012 -0.12350 0.50596
v 0.12100 -0.12350 0.50800
v -0.09800 -0.12350 0.51250
v 0.08000 -0.12350 0.51550
v -0.02150 -0.12350 0.52100
v 0.03950 -0.12350 0.52050
v -0.15973 -0.12350 0.53200
v -0.03928 -0.12350 0.55348
v 0.05651 -0.12349 0.55288
v 0.03979 -0.13150 -0.55423
v 0.12375 -0.13150 -0.54014
v -0.11370 -0.13150 -0.54232
v 0.07029 -0.13150 -0.53501
v -0.07975 -0.13150 -0.53238
v 0.21039 -0.13150 -0.51407
v 0.20521 -0.13150 -0.49760
v -0.18637 -0.13150 -0.50470
v 0.30418 -0.13150 -0.44371
v -0.26740 -0.13150 -0.46600
v -0.32633 -0.13150 -0.44871
v -0.31848 -0.13150 -0.43324
v 0.40521 -0.13150 -0.35598
v -0.35681 -0.13150 -0.40087
v 0.41209 -0.13150 -0.37077
v -0.43262 -0.13150 -0.32209
v -0.42424 -0.13151 -0.35825
v 0.52082 -0.13151 -0.19230
v -0.50700 -0.13150 -0.22500
v 0.47811 -0.13150 -0.24851
v -0.48268 -0.13150 -0.23616
v -0.52700 -0.13150 -0.17100
v 0.51327 -0.13150 -0.15948
v 0.53740 -0.13150 -0.04993
v -0.52524 -0.13150 -0.11988
v -0.54602 -0.13150 -0.10022
v 0.53002 -0.13150 0.09430
v -0.53729 -0.13150 0.04151
v 0.55195 -0.13150 0.05719
v -0.55513 -0.13150 0.02626
v 0.53482 -0.13150 0.15034
v -0.53313 -0.13150 0.15269
v 0.49617 -0.13150 0.20749
v -0.50345 -0.13150 0.18946
v -0.46500 -0.13150 0.26900
v 0.47308 -0.13150 0.28920
v -0.42377 -0.13150 0.33230
v 0.43445 -0.13150 0.31892
v 0.37927 -0.13151 0.40539
v 0.38000 -0.13150 0.38000
v -0.38262 -0.13150 0.37716
v 0.32783 -0.13150 0.42629
v -0.29142 -0.13150 0.45285
v 0.32002 -0.13150 0.45341
v 0.26955 -0.13150 0.46542
v -0.28782 -0.13150 0.47394
v -0.20139 -0.13150 0.49838
v 0.18346 -0.13150 0.50594
v 0.04993 -0.13150 0.53740
v -0.09429 -0.13150 0.53002
v 0.11700 -0.13150 0.54230
v 0.05872 -0.13150 0.55177
v -0.03733 -0.13151 0.55441
v -0.05706 -0.13151 -0.55165
v -0.08600 -0.14650 -0.54600
v -0.16298 -0.13150 -0.52964
v 0.26314 -0.15064 -0.48656
v -0.22426 -0.13150 -0.50701
v -0.27723 -0.13151 -0.48000
v 0.37833 -0.13151 -0.40549
v -0.47930 -0.13150 -0.27841
v -0.51203 -0.13150 -0.21141
v 0.53880 -0.13163 -0.13249
v -0.53300 -0.16150 0.14299
v -0.50723 -0.13151 0.22412
v -0.48099 -0.13151 0.27576
v 0.44901 -0.13150 0.32656
v -0.45158 -0.13284 0.32357
v 0.42917 -0.16229 0.34873
v -0.39495 -0.13150 0.39002
v 0.33122 -0.16512 0.44163
v 0.23553 -0.13150 0.50303
v 0.17152 -0.13155 0.52717
v -0.16997 -0.13151 0.52776
v 0.05098 -0.16459 -0.54954
v -0.22276 -0.16222 -0.50451
v 0.22620 -0.16177 -0.50326
v 0.32208 -0.13201 -0.45309
v -0.32596 -0.16395 -0.44503
v 0.34700 -0.16150 -0.42800
v -0.37467 -0.13154 -0.40813
v 0.37085 -0.16159 -0.40918
v 0.45499 -0.13153 -0.31706
v -0.44687 -0.16184 -0.32392
v 0.46688 -0.16189 -0.29458
v 0.49869 -0.13263 -0.24553
v -0.47780 -0.16207 -0.27594
v 0.55185 -0.13155 -0.05478
v 0.55100 -0.16150 -0.02900
v 0.55451 -0.13155 0.00333
v 0.55100 -0.16150 0.02900
v 0.54900 -0.16150 0.05800
v -0.54495 -0.16145 0.08674
v 0.54560 -0.15368 0.09334
v 0.50293 -0.13152 0.23460
v -0.50451 -0.16255 0.22362
v -0.50400 -0.16150 0.22500
v -0.49100 -0.16150 0.25000
v -0.47800 -0.16150 0.27600
v 0.47831 -0.16465 0.27486
v -0.46200 -0.16150 0.30000
v -0.40675 -0.16333 0.37298
v 0.37000 -0.16150 0.41000
v -0.35033 -0.13240 0.43140
v -0.23897 -0.13211 0.50113
v -0.11984 -0.13156 0.54084
v 0.05908 -0.16157 0.54919
v -0.05800 -0.16150 0.54900
v 0.02900 -0.16150 0.55100
v -0.02900 -0.16150 0.55100
v -0.00000 -0.16150 0.55200
v 0.02100 -0.16211 -0.55100
v -0.08649 -0.16208 -0.54440
v 0.14201 -0.16209 -0.53274
v 0.22274 -0.16444 -0.50485
v -0.40551 -0.16347 -0.37415
v 0.41568 -0.16172 -0.36354
v 0.47688 -0.16542 -0.27588
v -0.54484 -0.16194 -0.08484
v 0.54900 -0.16250 -0.05800
v 0.55207 -0.16324 0.00657
v -0.52422 -0.16465 0.17193
v -0.49100 -0.16250 0.25000
v -0.47800 -0.16250 0.27600
v -0.46200 -0.16250 0.30000
v -0.44600 -0.16250 0.32500
v -0.32913 -0.16541 0.44134
v 0.31336 -0.16132 0.45563
v -0.32352 -0.16164 0.44752
v 0.27782 -0.16433 0.47669
v -0.27660 -0.16386 0.47750
v 0.22292 -0.16202 0.50556
v -0.16659 -0.16177 0.52644
v 0.05800 -0.16250 0.54900
v 0.02900 -0.16250 0.55100
v -0.00658 -0.16324 0.55207
v 0.11462 -0.16377 -0.53996
v -0.12068 -0.16478 -0.53824
v 0.17087 -0.16396 -0.52484
v 0.27648 -0.16433 -0.47760
v 0.36515 -0.16493 -0.41290
v 0.51523 -0.16345 -0.19606
v -0.54017 -0.16463 -0.11079
v -0.55179 -0.16377 0.00117
v -0.54894 -0.16375 0.05776
v -0.47872 -0.16511 0.27362
v -0.43040 -0.16420 0.34402
v 0.40503 -0.16356 0.37498
v 0.05504 -0.16452 -0.54869
v -0.00211 -0.16424 -0.55177
v 0.10332 -0.16531 -0.54156
v 0.16911 -0.16647 -0.52225
v -0.22846 -0.16534 -0.50151
v -0.27651 -0.16503 -0.47735
v 0.46419 -0.16448 -0.29664
v -0.44662 -0.16508 -0.32238
v -0.47827 -0.16490 -0.27467
v -0.54850 -0.16545 -0.05607
v -0.55176 -0.16426 -0.00112
v -0.54870 -0.16399 0.05709
v -0.54300 -0.16550 0.08600
v 0.53871 -0.16367 0.12074
v 0.50589 -0.16312 0.22165
v -0.39710 -0.16547 0.38157
v 0.11454 -0.16467 0.53984
v -0.08646 -0.16384 0.54468
v 0.00080 -0.16648 -0.54886
v -0.05901 -0.16457 -0.54846
v 0.02900 -0.16650 -0.54700
v 0.11490 -0.16649 -0.53665
v -0.02306 -0.16650 -0.54450
v -0.11507 -0.16651 -0.53660
v 0.04925 -0.16650 -0.53388
v 0.09500 -0.16650 -0.53025
v -0.08900 -0.16650 -0.53019
v 0.14200 -0.16650 -0.52900
v 0.19700 -0.16650 -0.51200
v 0.15250 -0.16650 -0.51350
v 0.12450 -0.16650 -0.51950
v -0.11080 -0.16651 -0.52166
v -0.14200 -0.16650 -0.52900
v -0.18001 -0.16544 -0.52113
v 0.23890 -0.16633 -0.49515
v 0.17440 -0.16671 -0.50334
v 0.21713 -0.16650 -0.48685
v -0.15952 -0.16747 -0.51102
v -0.22025 -0.16650 -0.49475
v 0.28500 -0.16650 -0.46438
v -0.25650 -0.16650 -0.48025
v 0.26750 -0.16650 -0.46350
v 0.27822 -0.16640 -0.47322
v -0.32300 -0.16520 -0.44599
v 0.31722 -0.16615 -0.45014
v -0.29800 -0.16650 -0.46000
v -0.34500 -0.16650 -0.42600
v -0.37215 -0.16504 -0.40699
v 0.38284 -0.16526 -0.39557
v -0.41044 -0.16584 -0.36639
v -0.38400 -0.16650 -0.38425
v 0.37356 -0.16650 -0.39337
v -0.40250 -0.16650 -0.36238
v -0.42665 -0.16614 -0.34656
v 0.40752 -0.16630 -0.36974
v 0.44696 -0.16638 -0.31956
v -0.43144 -0.16650 -0.31252
v -0.46156 -0.16650 -0.28169
v -0.48712 -0.16650 -0.24025
v 0.47850 -0.16650 -0.24962
v -0.48512 -0.16650 -0.23087
v 0.50490 -0.16445 -0.22249
v -0.50346 -0.16495 -0.22404
v 0.47887 -0.16651 -0.23454
v -0.52563 -0.16528 -0.16643
v 0.49700 -0.16650 -0.19100
v -0.49350 -0.16650 -0.20425
v 0.53336 -0.16502 -0.14349
v -0.52335 -0.16629 -0.16628
v -0.51450 -0.16650 -0.17475
v 0.51200 -0.16650 -0.19600
v 0.50776 -0.16661 -0.16235
v 0.52682 -0.16645 -0.15535
v 0.51650 -0.16650 -0.13800
v -0.51475 -0.16650 -0.14681
v 0.54566 -0.16584 -0.07384
v -0.53150 -0.16650 -0.12750
v 0.53863 -0.16650 -0.03363
v -0.52284 -0.16662 -0.10276
v 0.53375 -0.16650 -0.05600
v -0.54700 -0.16650 -0.02900
v 0.53223 -0.16748 -0.00351
v 0.55097 -0.16529 -0.00724
v -0.53650 -0.16650 -0.00350
v -0.54612 -0.16650 0.00375
v -0.54900 -0.16650 -0.00000
v 0.54742 -0.16580 0.06547
v 0.54513 -0.16650 -0.01050
v -0.54700 -0.16650 0.02900
v -0.53703 -0.16650 0.07228
v -0.54500 -0.16650 0.04300
v -0.54600 -0.16650 0.05700
v 0.54027 -0.16529 0.10890
v 0.54150 -0.16650 0.07150
v -0.54100 -0.16650 0.08600
v 0.52153 -0.16651 0.11245
v -0.53184 -0.16650 0.11697
v -0.53838 -0.16466 0.11910
v 0.53000 -0.16650 0.14200
v -0.52700 -0.16650 0.14100
v 0.51037 -0.16650 0.16394
v -0.52900 -0.16650 0.14200
v 0.52506 -0.16544 0.16903
v -0.51194 -0.16650 0.17584
v 0.51600 -0.16650 0.17888
v -0.50380 -0.16549 0.22246
v 0.49069 -0.16650 0.21962
v -0.49291 -0.16637 0.24386
v 0.47650 -0.16650 0.24300
v 0.50100 -0.16605 0.22810
v 0.46400 -0.16650 0.26800
v 0.46350 -0.16650 0.28425
v -0.47500 -0.16650 0.27500
v -0.44798 -0.16642 0.31875
v 0.44540 -0.16519 0.32510
v 0.42700 -0.16650 0.33194
v -0.40250 -0.16650 0.36262
v 0.35829 -0.16772 0.39349
v 0.36700 -0.16650 0.40800
v -0.38700 -0.16650 0.38800
v 0.41486 -0.16629 0.36093
v -0.36809 -0.16502 0.41042
v 0.31462 -0.16709 0.42958
v 0.35638 -0.16650 0.40675
v -0.31450 -0.16650 0.43350
v -0.34501 -0.16650 0.42599
v -0.28900 -0.16650 0.45169
v 0.32080 -0.16644 0.44636
v 0.29675 -0.16650 0.45725
v -0.29566 -0.16649 0.46149
v 0.27196 -0.16630 0.47844
v -0.24000 -0.16650 0.48325
v 0.24500 -0.16650 0.48200
v 0.19700 -0.16650 0.51200
v -0.27323 -0.16583 0.47859
v -0.16485 -0.16651 0.50695
v 0.22661 -0.16523 0.50262
v -0.22103 -0.16473 0.50514
v 0.17575 -0.16650 0.51775
v -0.19600 -0.16650 0.51200
v 0.13800 -0.16650 0.51500
v -0.11017 -0.16655 0.52186
v 0.16950 -0.16470 0.52500
v 0.14200 -0.16650 0.53000
v -0.08600 -0.16650 0.54200
v -0.17219 -0.16610 0.52300
v 0.02800 -0.16650 0.53200
v -0.05600 -0.16650 0.53287
v 0.08600 -0.16650 0.54200
v 0.01075 -0.16650 0.54097
v -0.11109 -0.16570 0.53963
v -0.05671 -0.16620 0.54797
v 0.05968 -0.16601 0.54714
v -0.00037 -0.16565 0.55057
v 0.00177 -0.16651 -0.53309
v -0.07955 -0.16696 -0.52690
v 0.06507 -0.16939 -0.52840
v 0.19100 -0.16850 -0.49600
v -0.26685 -0.16650 -0.46200
v -0.30311 -0.16770 -0.43719
v 0.43287 -0.16653 -0.31234
v 0.46268 -0.16651 -0.26569
v 0.52081 -0.16653 -0.11482
v -0.53252 -0.16674 0.00203
v 0.52243 -0.16676 0.10304
v -0.52188 -0.16656 0.10946
v 0.51697 -0.17233 0.12121
v 0.48654 -0.16659 0.21781
v 0.43171 -0.16658 0.31452
v -0.43212 -0.16651 0.31252
v 0.26503 -0.16651 0.46316
v -0.00326 -0.16830 0.53162
v -0.25049 -0.16694 -0.46860
v -0.35184 -0.16659 -0.39980
v -0.42581 -0.16701 -0.31882
v -0.50587 -0.17084 -0.16171
v -0.51891 -0.17473 0.10820
v -0.48737 -0.16662 0.21454
v 0.18185 -0.16667 0.49975
v 0.16494 -0.16721 0.50595
v 0.45508 -0.17033 -0.27690
v -0.50483 -0.16678 0.16700
v 0.46387 -0.16678 0.26231
v -0.38558 -0.16698 0.36653
v -0.16002 -0.17430 0.50599
v -0.11000 -0.17050 0.51900
v -0.05552 -0.16742 0.52874
v -0.00215 -0.16727 -0.53171
v 0.16116 -0.17413 -0.50565
v 0.30835 -0.16749 -0.43333
v 0.33381 -0.16740 -0.41466
v 0.35200 -0.16962 -0.39753
v 0.37156 -0.16748 -0.37983
v -0.39101 -0.16793 -0.36002
v -0.41200 -0.17450 -0.33300
v -0.47689 -0.16834 -0.23744
v -0.52889 -0.16772 -0.05524
v 0.52838 -0.17200 -0.05099
v -0.52800 -0.17450 -0.05500
v 0.53099 -0.16762 0.01620
v -0.52975 -0.16723 0.03636
v 0.52898 -0.16775 0.05752
v -0.52651 -0.17007 0.06857
v 0.49847 -0.16803 0.18735
v -0.49522 -0.17195 0.19225
v -0.44246 -0.16935 0.29231
v 0.22049 -0.16740 0.48372
v 0.10926 -0.16916 0.51981
v 0.06253 -0.16932 0.52804
v 0.00265 -0.17065 -0.53135
v -0.25857 -0.17548 -0.46225
v 0.43002 -0.16815 -0.31333
v -0.03400 -0.17550 -0.32600
v 0.02125 -0.17550 -0.32650
v -0.08500 -0.17550 -0.31700
v 0.10200 -0.17550 -0.31200
v -0.13300 -0.17550 -0.30000
v 0.13400 -0.17550 -0.30000
v -0.43659 -0.17485 -0.30131
v 0.17150 -0.17550 -0.27950
v -0.19300 -0.17550 -0.26600
v -0.23200 -0.17550 -0.23200
v -0.26600 -0.17550 -0.19300
v -0.49084 -0.17453 -0.20242
v 0.24300 -0.17550 -0.21850
v -0.30000 -0.17550 -0.13300
v 0.29250 -0.17550 -0.14850
v -0.32200 -0.17550 -0.05950
v 0.52779 -0.16827 -0.06858
v 0.32300 -0.17550 -0.05525
v -0.32800 -0.17550 -0.00000
v -0.51671 -0.18241 0.03352
v 0.32700 -0.17550 0.03400
v -0.31725 -0.17550 0.08075
v -0.52785 -0.17426 0.05556
v -0.30000 -0.17550 0.13400
v 0.30700 -0.17550 0.11362
v -0.28400 -0.17550 0.16400
v -0.26600 -0.17550 0.19300
v -0.23200 -0.17550 0.23200
v 0.25238 -0.17550 0.20688
v -0.19300 -0.17550 0.26600
v 0.45663 -0.17457 0.27132
v 0.19300 -0.17550 0.26600
v -0.16400 -0.17550 0.28400
v 0.15650 -0.17550 0.28800
v -0.13300 -0.17550 0.30000
v 0.13400 -0.17550 0.30000
v -0.05525 -0.17550 0.32300
v 0.05100 -0.17550 0.32400
v -0.00850 -0.17550 0.32800
v -0.31787 -0.16798 0.42654
v -0.21638 -0.16762 0.48624
v 0.21379 -0.17183 0.48651
v -0.05380 -0.17499 0.52764
v 0.10464 -0.17490 -0.51934
v -0.11132 -0.17440 -0.51841
v -0.15518 -0.17074 -0.50830
v 0.21391 -0.17610 -0.48286
v -0.16126 -0.17439 -0.50565
v 0.24762 -0.18233 -0.45478
v 0.29100 -0.17436 -0.44247
v -0.29499 -0.17521 -0.43918
v 0.30888 -0.18200 -0.41441
v 0.36203 -0.17719 -0.38320
v 0.39429 -0.17185 -0.35547
v 0.41432 -0.18194 -0.30826
v -0.39958 -0.17610 -0.34585
v 0.01697 -0.17649 -0.33347
v 0.12072 -0.17648 -0.31147
v -0.08695 -0.17649 -0.32237
v -0.18369 -0.17648 -0.27922
v 0.46916 -0.17666 -0.24014
v -0.25933 -0.17649 -0.21128
v 0.48495 -0.17263 -0.21587
v 0.51915 -0.17459 -0.10756
v -0.31177 -0.17648 -0.11985
v -0.51894 -0.17468 -0.10895
v -0.51219 -0.18168 -0.07982
v 0.31485 -0.17643 -0.11623
v -0.52863 -0.17474 -0.03424
v -0.33348 -0.17649 -0.01623
v -0.00000 -0.17650 -0.00000
v 0.33375 -0.17650 0.02161
v 0.52648 -0.17603 0.05189
v -0.32268 -0.17649 0.08626
v -0.02937 -0.17650 0.12306
v 0.31176 -0.17648 0.11953
v -0.26496 -0.17644 0.20668
v 0.48574 -0.18151 0.19006
v -0.50567 -0.17703 0.15012
v 0.48479 -0.17477 0.21622
v 0.45620 -0.17503 0.27120
v 0.24725 -0.17646 0.22737
v 0.42459 -0.17457 0.31791
v -0.14364 -0.17642 0.30354
v 0.11924 -0.17645 0.31375
v -0.01190 -0.17649 0.33441
v 0.39145 -0.16773 0.36142
v -0.35898 -0.17191 0.39107
v 0.33345 -0.17450 0.41304
v -0.35900 -0.17480 0.39060
v 0.26700 -0.17482 0.45849
v -0.30863 -0.17443 0.43123
v 0.22015 -0.17590 0.48096
v -0.21638 -0.17450 0.48443
v -0.17280 -0.17499 0.50166
v -0.15957 -0.18226 0.49198
v 0.10950 -0.17495 0.51901
v -0.08767 -0.17472 0.52337
v 0.01823 -0.17486 0.53042
v -0.01546 -0.18237 -0.51776
v -0.05476 -0.17454 -0.52770
v 0.05208 -0.18256 -0.51434
v -0.11014 -0.17568 -0.51747
v 0.17678 -0.17499 -0.49974
v -0.16100 -0.17950 -0.49700
v -0.21558 -0.17282 -0.48517
v 0.24146 -0.17321 -0.47269
v -0.33319 -0.17491 -0.41302
v -0.44877 -0.18243 -0.25647
v 0.50433 -0.17470 -0.16521
v -0.53066 -0.17460 -0.00000
v 0.51372 -0.17490 0.13565
v -0.48163 -0.17625 0.21650
v -0.46225 -0.17308 0.26015
v -0.44418 -0.18178 0.26254
v -0.42865 -0.17474 0.31202
v 0.37571 -0.17513 0.37320
v -0.40910 -0.17506 0.33723
v -0.32065 -0.18228 0.40580
v -0.27473 -0.16999 0.45637
v 0.16438 -0.17478 0.50482
v 0.11208 -0.17586 0.51703
v -0.02665 -0.17762 0.52563
v 0.03399 -0.18119 -0.51325
v 0.09165 -0.18193 -0.50877
v -0.05535 -0.18228 -0.51397
v 0.09370 -0.19109 -0.48727
v -0.08482 -0.18134 -0.50795
v 0.19781 -0.18193 -0.47723
v 0.33039 -0.18163 -0.39301
v 0.35942 -0.18212 -0.37190
v -0.37107 -0.18216 -0.36059
v -0.31999 -0.18174 -0.40566
v -0.44557 -0.18126 -0.25737
v 0.46723 -0.18115 -0.21982
v -0.44500 -0.18150 -0.25700
v -0.45700 -0.18150 -0.23300
v -0.45800 -0.18150 -0.23300
v -0.47100 -0.18150 -0.21000
v 0.47169 -0.18206 -0.21051
v -0.47703 -0.18155 -0.19027
v 0.49665 -0.18191 -0.12088
v 0.51468 -0.18184 -0.05727
v -0.49490 -0.18163 -0.14688
v 0.51908 -0.18238 -0.00586
v 0.51278 -0.18159 0.02823
v 0.51300 -0.18150 0.05400
v -0.51282 -0.18142 0.03590
v 0.50700 -0.18150 0.08000
v 0.50800 -0.18150 0.08100
v -0.50226 -0.18221 0.12389
v 0.50648 -0.18217 0.10334
v 0.49700 -0.18150 0.13300
v 0.48900 -0.18150 0.15900
v -0.48994 -0.18161 0.15516
v 0.47278 -0.18218 0.20860
v 0.44506 -0.18162 0.26046
v -0.47104 -0.18189 0.21283
v -0.39123 -0.18159 0.33669
v 0.33953 -0.18215 0.39085
v -0.24489 -0.18163 0.45090
v -0.20660 -0.18129 0.47088
v -0.15900 -0.18150 0.48900
v 0.15900 -0.18150 0.49000
v 0.13300 -0.18150 0.49600
v -0.13300 -0.18150 0.49600
v 0.15966 -0.18233 0.49197
v -0.10542 -0.18225 0.50622
v 0.12537 -0.18179 0.50088
v -0.09965 -0.18137 0.50464
v -0.08000 -0.18150 0.50800
v 0.03167 -0.18187 0.51572
v -0.02729 -0.18159 0.51281
v 0.17082 -0.18150 -0.48623
v -0.20184 -0.18144 -0.47394
v -0.25538 -0.18161 -0.44887
v 0.02028 -0.18922 -0.34896
v 0.11954 -0.18925 -0.32795
v 0.44818 -0.18252 -0.25764
v 0.20803 -0.18952 -0.28092
v -0.18923 -0.18965 -0.29359
v 0.26867 -0.18045 -0.20164
v -0.24604 -0.18937 -0.24592
v -0.28505 -0.18954 -0.20090
v 0.49749 -0.18248 -0.14595
v -0.46920 -0.18001 -0.23567
v 0.32756 -0.18976 -0.12587
v -0.31954 -0.18927 -0.13943
v 0.34682 -0.18942 -0.03635
v -0.34956 -0.19006 -0.03091
v -0.51351 -0.18216 -0.05172
v 0.34705 -0.18924 0.03957
v 0.51458 -0.18229 0.05170
v -0.51384 -0.18241 0.05436
v 0.30981 -0.17855 0.12729
v -0.33946 -0.18935 0.07894
v 0.49919 -0.18249 0.13713
v 0.25707 -0.18142 0.21846
v 0.20188 -0.18920 0.28529
v 0.37661 -0.18167 0.35325
v 0.04494 -0.18962 0.34633
v -0.11500 -0.18378 0.32125
v -0.03813 -0.18927 0.34717
v 0.26147 -0.18135 0.44408
v 0.21286 -0.18207 0.47056
v -0.23954 -0.18217 0.45880
v 0.07912 -0.18179 0.51069
v -0.04923 -0.18208 0.51448
v -0.16139 -0.19392 -0.46586
v -0.31559 -0.18203 -0.40380
v -0.41899 -0.18157 -0.30023
v -0.42447 -0.18748 -0.27094
v 0.50168 -0.18694 -0.05390
v 0.50377 -0.18157 0.10138
v 0.46709 -0.19191 0.16440
v 0.47276 -0.18115 0.20195
v 0.41209 -0.18135 0.30867
v -0.40271 -0.18202 0.31716
v 0.19106 -0.18139 0.47769
v -0.12567 -0.19227 0.47925
v 0.10901 -0.19355 0.48089
v -0.04761 -0.18949 -0.34750
v -0.10752 -0.18936 -0.33279
v 0.23299 -0.18942 -0.25868
v -0.28109 -0.19694 -0.24362
v 0.29810 -0.18942 -0.18455
v -0.33560 -0.18950 -0.09476
v 0.34898 -0.18948 0.00060
v -0.34790 -0.18947 0.01790
v 0.32025 -0.18947 0.14138
v -0.32640 -0.18944 0.12304
v -0.29756 -0.18997 0.18636
v -0.24604 -0.18938 0.24664
v 0.21744 -0.18944 0.27318
v 0.11508 -0.18925 0.32943
v -0.18181 -0.18928 0.30060
v 0.01531 -0.18947 0.34911
v -0.07584 -0.19331 -0.48513
v 0.20827 -0.19367 -0.44775
v -0.18997 -0.19291 -0.45547
v 0.28351 -0.19339 -0.40185
v -0.28706 -0.19358 -0.40025
v -0.32796 -0.19334 -0.36658
v 0.33351 -0.19377 -0.36304
v -0.36891 -0.19366 -0.32633
v 0.36411 -0.19408 -0.33302
v 0.40781 -0.19419 -0.27765
v -0.39763 -0.19342 -0.28997
v 0.42372 -0.19358 -0.24524
v 0.45090 -0.19425 -0.20106
v 0.44944 -0.19342 -0.20072
v 0.45900 -0.19350 -0.17600
v 0.46800 -0.19350 -0.15200
v -0.46424 -0.19437 -0.16813
v 0.47500 -0.19350 -0.12700
v 0.47926 -0.19437 -0.11956
v -0.48550 -0.19330 -0.07275
v 0.48902 -0.19368 0.02089
v -0.48983 -0.19358 -0.00204
v 0.49271 -0.19399 -0.00349
v -0.49247 -0.19438 0.02785
v 0.49093 -0.19418 0.05107
v 0.48180 -0.19355 0.10282
v -0.48109 -0.19384 0.10555
v 0.46049 -0.19329 0.17227
v -0.46803 -0.19383 0.15454
v 0.45148 -0.19404 0.19915
v 0.42615 -0.19373 0.24021
v -0.43289 -0.19371 0.23630
v -0.36340 -0.19339 0.33163
v 0.38617 -0.19340 0.30467
v -0.29469 -0.19100 0.39972
v 0.29933 -0.19333 0.38915
v -0.29734 -0.19330 0.39186
v -0.24228 -0.19363 0.42883
v 0.22994 -0.19346 0.43558
v -0.20009 -0.19424 0.45121
v 0.20294 -0.19423 0.45003
v 0.16915 -0.19351 0.46252
v -0.17275 -0.19331 0.46044
v -0.10121 -0.19372 0.48240
v 0.01878 -0.19372 0.48927
v 0.06216 -0.19396 0.48967
v -0.01642 -0.19399 0.49294
v 0.03219 -0.19386 -0.49252
v -0.03723 -0.19447 -0.49243
v 0.04961 -0.19327 -0.48913
v 0.10309 -0.19331 -0.48066
v -0.10685 -0.19448 -0.48108
v -0.20057 -0.19456 -0.45110
v -0.24722 -0.19423 -0.42650
v -0.42947 -0.19334 -0.24016
v -0.33538 -0.19950 -0.19494
v 0.46910 -0.19450 -0.15152
v -0.48600 -0.19450 -0.07700
v 0.48800 -0.19316 -0.06432
v -0.49217 -0.19396 -0.02803
v 0.42034 -0.19400 0.25798
v 0.36700 -0.19450 0.33000
v 0.32676 -0.19430 0.36912
v 0.29103 -0.19454 0.39830
v 0.24592 -0.19456 0.42748
v 0.45658 -0.19365 -0.17936
v -0.44708 -0.19327 -0.20470
v -0.48095 -0.19361 -0.10419
v -0.48290 -0.19347 0.09162
v -0.44040 -0.20043 0.16687
v -0.39201 -0.19354 0.29806
v 0.33901 -0.19321 0.35599
v -0.29239 -0.20038 0.36732
v 0.24598 -0.19362 0.42366
v -0.08850 -0.19375 0.48132
v -0.02390 -0.19929 -0.46944
v 0.01935 -0.19928 -0.46983
v 0.08871 -0.19932 -0.46168
v 0.14500 -0.19850 -0.44600
v -0.11840 -0.20092 -0.45284
v -0.21435 -0.19992 -0.41829
v 0.23174 -0.19893 -0.40834
v 0.27796 -0.20083 -0.37442
v -0.27135 -0.19879 -0.38295
v 0.33585 -0.19846 -0.32786
v -0.34070 -0.19990 -0.32349
v 0.40974 -0.19953 -0.22943
v 0.46071 -0.19843 0.08947
v -0.44056 -0.19964 0.15985
v 0.35031 -0.19945 0.31270
v -0.39886 -0.19874 0.24755
v 0.26629 -0.19845 0.38818
v -0.30881 -0.19956 0.35136
v 0.07976 -0.19942 0.46183
v -0.05905 -0.19858 0.46703
v -0.11744 -0.20043 -0.45660
v 0.17043 -0.20025 -0.43919
v -0.13187 -0.19925 -0.36993
v 0.03615 -0.19715 -0.37594
v 0.35253 -0.19950 -0.31318
v -0.30779 -0.20043 -0.35612
v 0.16621 -0.19931 -0.35180
v -0.38039 -0.19875 -0.27406
v 0.26331 -0.19936 -0.28839
v -0.41481 -0.19910 -0.22070
v 0.34671 -0.19768 -0.15820
v -0.35727 -0.19921 -0.15152
v -0.45336 -0.20021 -0.12669
v -0.39522 -0.19935 0.00352
v -0.46463 -0.20054 -0.07763
v 0.46107 -0.19979 0.09892
v 0.38909 -0.19916 0.02371
v -0.44796 -0.20035 0.14461
v -0.35589 -0.19950 0.15609
v -0.29804 -0.19920 0.25364
v 0.34734 -0.19923 0.17767
v 0.37859 -0.19925 0.28011
v 0.25945 -0.19525 0.25607
v -0.14841 -0.19772 0.35097
v -0.34246 -0.20034 0.32396
v 0.16121 -0.19934 0.35649
v 0.25465 -0.20047 0.39655
v 0.00728 -0.19933 0.39115
v -0.24191 -0.19980 0.40205
v 0.19147 -0.20032 0.42986
v -0.18671 -0.20048 0.43263
v 0.14439 -0.20058 0.44853
v -0.10010 -0.20067 0.46061
v -0.04653 -0.20055 0.46976
v -0.06909 -0.19885 -0.46367
v -0.16765 -0.20050 -0.43915
v 0.28849 -0.20051 -0.37255
v 0.38292 -0.20046 -0.27480
v 0.40829 -0.20044 -0.23442
v 0.43115 -0.20056 -0.18948
v 0.44868 -0.20063 -0.14315
v -0.44304 -0.19872 -0.15362
v 0.46956 -0.20046 -0.05033
v 0.45687 -0.20088 -0.09687
v -0.46022 -0.19857 -0.08904
v -0.46957 -0.19956 0.02481
v -0.45851 -0.19889 0.10106
v 0.43070 -0.20055 0.19306
v 0.42680 -0.20047 0.18927
v -0.41655 -0.20050 0.21849
v -0.38187 -0.20050 0.27512
v 0.30922 -0.20041 0.35541
v 0.16093 -0.19957 0.44038
v 0.06813 -0.20049 0.46698
v 0.15918 -0.20134 -0.43885
v -0.15421 -0.20223 -0.42841
v -0.28361 -0.20222 -0.35714
v 0.34379 -0.20227 -0.30093
v 0.39405 -0.20250 -0.22694
v 0.44541 -0.19936 -0.14217
v -0.42559 -0.20213 -0.17136
v -0.46851 -0.19970 -0.02097
v 0.46312 -0.20057 -0.05229
v -0.45312 -0.20213 0.06667
v 0.46968 -0.19982 -0.00591
v 0.43794 -0.20235 0.12668
v -0.34438 -0.20084 0.31541
v 0.30064 -0.20222 0.34393
v -0.18452 -0.20230 0.41685
v 0.13116 -0.20227 0.43818
v -0.16484 -0.19919 0.43912
v -0.03749 -0.20223 0.45572
usemtl m000
f 3150 3142 2964
f 3155 3150 2970
f 143 94 127
f 3166 3165 2980
f 100 102 105
f 106 146 107
f 107 109 21
f 108 104 133
f 3183 3187 3001
f 3178 3183 2997
f 3174 3178 2993
f 3149 3157 2974
f 123 86 121
f 142 186 14
f 217 162 97
f 135 110 134
f 110 147 134
f 249 144 131
f 144 193 98
f 193 218 96
f 218 161 50
f 214 182 91
f 182 157 90
f 206 152 78
f 138 136 73
f 139 205 77
f 165 167 106
f 146 253 221
f 163 247 195
f 198 195 144
f 200 198 144
f 195 247 219
f 218 245 161
f 151 172 138
f 170 148 202
f 160 315 190
f 315 292 190
f 316 246 194
f 246 300 201
f 300 250 165
f 250 304 146
f 253 254 169
f 319 306 252
f 303 302 251
f 302 317 166
f 251 302 166
f 249 248 200
f 248 295 247
f 248 247 163
f 247 344 193
f 245 314 161
f 314 289 216
f 216 287 159
f 287 328 243
f 284 282 157
f 279 277 212
f 275 273 241
f 270 267 154
f 267 264 153
f 264 239 151
f 238 237 236
f 171 258 150
f 258 262 240
f 262 263 240
f 240 268 174
f 268 269 208
f 178 276 210
f 313 242 156
f 285 244 158
f 292 293 316
f 254 309 319
f 306 305 318
f 298 248 317
f 297 295 248
f 295 294 344
f 260 259 239
f 264 260 239
f 312 278 313
f 278 281 313
f 281 285 242
f 283 329 288
f 329 343 315
f 345 330 299
f 330 301 300
f 331 332 308
f 332 333 310
f 307 406 302
f 348 347 298
f 347 346 297
f 346 344 294
f 344 342 291
f 291 342 289
f 328 327 284
f 273 324 271
f 271 337 265
f 382 321 259
f 320 334 311
f 334 336 255
f 336 322 261
f 2161 2026 2139
f 2033 2070 2144
f 266 323 269
f 280 401 283
f 664 663 723
f 725 723 767
f 726 725 768
f 666 665 726
f 727 726 768
f 669 727 769
f 729 669 769
f 730 671 729
f 628 730 795
f 674 731 732
f 734 732 797
f 735 734 771
f 677 675 735
f 737 735 772
f 738 737 774
f 681 679 738
f 740 738 774
f 742 740 774
f 593 683 742
f 744 742 776
f 686 744 776
f 747 686 777
f 749 686 747
f 688 778 751
f 802 689 803
f 750 802 801
f 748 612 842
f 587 600 746
f 745 746 748
f 743 745 799
f 684 685 743
f 741 743 799
f 680 682 775
f 736 739 773
f 676 678 736
f 733 736 798
f 728 794 793
f 667 728 793
f 553 667 793
f 789 662 724
f 714 502 785
f 710 712 814
f 623 643 783
f 637 639 704
f 702 704 758
f 700 702 757
f 634 636 700
f 698 700 756
f 696 698 754
f 631 633 696
f 694 696 754
f 629 630 753
f 449 447 690
f 692 690 691
f 693 692 752
f 695 693 780
f 699 697 695
f 701 699 755
f 703 701 807
f 705 703 781
f 640 481 705
f 706 705 781
f 707 706 782
f 642 641 707
f 708 707 782
f 646 644 759
f 711 709 760
f 651 709 711
f 713 711 760
f 715 713 761
f 653 652 715
f 716 715 761
f 656 654 784
f 657 656 718
f 719 718 717
f 660 658 762
f 661 765 721
f 722 721 766
f 723 722 767
f 547 541 664
f 665 548 664
f 626 548 665
f 668 557 666
f 669 557 668
f 675 580 674
f 583 580 675
f 679 583 677
f 585 583 679
f 683 593 681
f 617 601 687
f 688 617 687
f 682 680 684
f 678 582 680
f 733 577 676
f 468 475 639
f 636 634 637
f 462 466 634
f 633 622 634
f 630 629 631
f 632 449 693
f 701 638 635
f 481 472 638
f 641 481 640
f 644 646 642
f 709 494 649
f 652 498 651
f 503 498 652
f 654 504 653
f 624 504 654
f 513 624 656
f 658 660 657
f 527 625 660
f 663 664 661
f 547 540 541
f 552 547 548
f 565 557 671
f 597 593 744
f 618 619 620
f 594 599 600
f 680 582 587
f 523 532 720
f 514 523 659
f 787 514 659
f 507 514 787
f 483 492 643
f 470 468 466
f 452 462 622
f 450 453 447
f 451 448 449
f 473 467 638
f 481 473 472
f 506 503 504
f 534 513 625
f 765 540 527
f 578 572 573
f 579 584 590
f 581 579 577
f 560 567 627
f 507 512 514
f 489 495 648
f 487 489 492
f 483 487 492
f 470 474 477
f 947 868 1071
f 951 880 1127
f 886 884 1131
f 892 889 1140
f 896 892 957
f 897 893 1145
f 903 900 1150
f 909 904 1080
f 510 508 511
f 967 915 1164
f 513 510 511
f 919 967 968
f 974 927 1186
f 910 911 964
f 963 910 1159
f 565 402 551
f 905 963 961
f 956 901 1143
f 879 883 1129
f 578 575 574
f 862 864 1069
f 857 862 1106
f 937 853 1064
f 586 432 585
f 848 935 933
f 604 446 597
f 604 434 446
f 607 606 605
f 609 608 606
f 611 609 607
f 615 613 614
f 599 433 598
f 595 591 433
f 590 592 595
f 589 405 588
f 581 430 579
f 673 571 428
f 442 390 673
f 879 876 948
f 560 561 564
f 559 558 560
f 556 555 559
f 555 549 558
f 544 542 545
f 529 530 535
f 528 529 533
f 524 525 528
f 520 521 525
f 519 520 524
f 514 515 519
f 515 512 516
f 465 423 469
f 463 423 465
f 455 456 463
f 456 435 463
f 453 457 455
f 457 459 456
f 454 457 453
f 458 460 454
f 460 464 461
f 424 464 458
f 473 476 471
f 501 440 498
f 518 522 517
f 550 427 543
f 598 393 602
f 433 393 598
f 588 405 591
f 584 430 405
f 415 442 558
f 545 542 549
f 535 530 536
f 521 400 530
f 512 400 521
f 516 512 521
f 438 425 499
f 436 495 487
f 461 464 459
f 486 338 482
f 537 426 531
f 88 89 41
f 39 88 41
f 82 122 36
f 79 82 36
f 117 79 34
f 113 73 112
f 10 85 120
f 42 90 37
f 93 92 48
f 59 98 55
f 59 16 98
f 133 132 71
f 134 108 71
f 68 107 21
f 66 105 107
f 54 94 58
f 390 429 428
f 337 383 485
f 437 338 488
f 3394 3360 3390
f 3389 3297 3371
f 3462 3382 3381
f 3446 3342 3453
f 3523 3356 3357
f 3484 3348 3347
f 3368 3346 3345
f 395 332 422
f 333 395 421
f 392 406 405
f 3768 3691 3720
f 3691 3793 3716
f 347 392 404
f 346 347 404
f 346 404 429
f 3637 3761 3717
f 3775 3734 3732
f 387 327 400
f 3787 3749 3801
f 3790 3750 3753
f 339 326 412
f 3718 3716 3794
f 3736 3798 3797
f 3745 3744 3802
f 3879 3877 3839
f 3536 3474 3467
f 3873 3872 3822
f 3791 3871 3822
f 3871 3868 3820
f 3832 3876 3834
f 3876 3838 3837
f 3622 3497 3495
f 3881 3882 3891
f 3882 3883 3855
f 3883 3884 3858
f 3884 3860 3858
f 3512 3518 3515
f 3802 3859 3862
f 3401 3396 3400
f 3526 3397 3558
f 3944 3946 3967
f 3600 3769 3771
f 3686 3528 3407
f 35 184 180
f 26 173 175
f 119 175 177
f 124 177 179
f 126 179 183
f 53 183 189
f 69 196 199
f 67 199 197
f 62 197 191
f 128 191 187
f 46 187 184
f 3696 3548 3575
f 3605 3573 3571
f 191 233 231
f 197 235 233
f 199 234 235
f 3613 3553 3665
f 196 232 234
f 3660 3574 3662
f 189 230 192
f 183 229 230
f 179 226 229
f 177 224 226
f 175 222 224
f 173 223 222
f 176 225 223
f 180 227 225
f 184 228 227
f 3690 3530 3529
f 3683 3526 3558
f 3558 3525 3580
f 3559 3406 3528
f 3582 3531 3551
f 3551 3532 3434
f 3692 3442 3646
f 3646 3533 3599
f 3581 3543 3688
f 3690 3544 3530
f 3665 3539 3669
f 3673 3541 3577
f 3565 3545 3564
f 3681 3542 3557
f 3556 3512 3506
f 3555 3506 3623
f 3698 3540 3576
f 3651 3534 3567
f 3546 3445 3437
f 3566 3437 3431
f 3530 3416 3529
f 3688 3409 3408
f 3580 3395 3527
f 3689 3412 3560
f 3560 3415 3561
f 3562 3422 3563
f 3636 3425 3582
f 34 32 118
f 3645 3434 3436
f 3442 3441 3444
f 3568 3450 3452
f 3452 3448 3570
f 3537 3471 3574
f 3538 3477 3479
f 3539 3486 3669
f 3624 3504 3549
f 3579 3514 3517
f 3542 3520 3557
f 3557 3518 3512
f 3670 3496 3554
f 3554 3487 3540
f 3696 3483 3548
f 3575 3478 3552
f 2 26 119
f 3573 3460 3571
f 397 323 386
f 338 322 396
f 322 336 381
f 336 334 410
f 334 320 424
f 388 342 416
f 342 344 416
f 345 343 443
f 343 329 389
f 283 401 543
f 187 368 366
f 231 370 368
f 231 372 370
f 233 374 372
f 233 375 374
f 235 377 375
f 235 378 377
f 234 376 378
f 234 373 376
f 192 371 373
f 192 369 371
f 230 367 369
f 230 365 367
f 229 363 365
f 229 362 363
f 226 360 362
f 226 358 360
f 224 355 358
f 224 353 355
f 222 351 353
f 222 349 351
f 223 350 349
f 223 352 350
f 223 354 352
f 225 356 354
f 225 357 356
f 225 359 357
f 227 361 359
f 227 364 361
f 228 366 364
f 3602 3571 3693
f 398 397 505
f 439 384 437
f 338 396 482
f 3698 3576 3696
f 335 380 474
f 411 382 480
f 3672 3622 3670
f 413 387 512
f 3788 3623 3702
f 429 404 418
f 3678 3555 3677
f 405 406 420
f 3704 3578 3679
f 403 345 443
f 443 389 441
f 3624 3550 3703
f 3749 3624 3703
f 3675 3577 3624
f 58 97 61
f 61 99 130
f 17 130 100
f 71 108 133
f 3694 3574 3660
f 55 98 96
f 55 96 95
f 3694 3572 3537
f 3727 3452 3570
f 3655 3570 3572
f 37 90 123
f 37 123 121
f 31 80 78
f 3767 3645 3692
f 2 114 113
f 29 74 115
f 3635 3562 3563
f 3635 3563 3636
f 3634 3560 3561
f 3635 3561 3562
f 537 543 426
f 531 426 522
f 471 482 410
f 435 464 408
f 435 408 423
f 469 409 474
f 478 474 411
f 495 436 438
f 509 425 413
f 512 509 413
f 542 536 414
f 581 428 429
f 581 429 430
f 430 431 405
f 616 602 421
f 615 616 421
f 613 615 422
f 608 613 434
f 446 434 445
f 445 434 407
f 575 391 574
f 441 417 402
f 550 402 427
f 539 543 534
f 534 543 537
f 534 537 531
f 510 517 508
f 491 493 488
f 479 486 482
f 476 479 482
f 460 461 457
f 457 461 459
f 515 516 520
f 520 516 521
f 525 521 529
f 529 521 530
f 544 545 549
f 561 558 564
f 564 558 442
f 589 584 405
f 589 588 592
f 592 588 591
f 599 598 603
f 603 598 602
f 614 613 609
f 609 613 608
f 606 608 604
f 604 608 434
f 566 569 441
f 566 441 563
f 563 441 562
f 562 441 565
f 565 441 402
f 551 402 550
f 531 522 513
f 491 488 490
f 458 454 453
f 3684 3580 3527
f 453 455 452
f 455 463 462
f 465 469 470
f 514 519 523
f 524 528 523
f 533 535 538
f 536 542 546
f 556 559 560
f 560 564 567
f 3638 3565 3564
f 595 433 599
f 616 615 621
f 607 605 611
f 432 444 583
f 3649 3569 3567
f 3649 3567 3648
f 550 543 540
f 494 498 490
f 498 491 490
f 647 490 646
f 646 490 484
f 467 473 451
f 473 471 451
f 629 453 452
f 468 470 477
f 648 495 497
f 650 497 500
f 502 500 507
f 532 523 538
f 546 556 553
f 667 556 560
f 627 567 568
f 568 567 673
f 673 581 576
f 582 579 590
f 587 590 594
f 601 611 686
f 580 583 578
f 570 573 563
f 628 563 565
f 557 552 554
f 547 552 540
f 660 625 513
f 632 635 451
f 629 447 453
f 634 622 462
f 623 477 483
f 645 492 648
f 733 673 577
f 802 750 618
f 688 621 617
f 669 671 557
f 626 557 554
f 664 548 547
f 663 661 722
f 527 660 764
f 658 657 719
f 654 653 716
f 652 651 713
f 647 646 649
f 644 642 708
f 641 640 706
f 481 638 703
f 701 635 699
f 635 632 695
f 693 449 692
f 447 629 691
f 630 631 694
f 3934 3981 3908
f 633 634 698
f 636 637 702
f 639 475 758
f 648 650 712
f 787 659 763
f 763 659 720
f 728 670 794
f 733 676 736
f 678 680 739
f 682 684 741
f 685 587 745
f 689 621 751
f 688 687 778
f 744 593 742
f 683 681 740
f 679 677 737
f 675 674 734
f 570 628 795
f 628 671 730
f 671 669 729
f 668 666 727
f 665 664 725
f 384 439 323
f 3935 3982 3937
f 326 339 324
f 341 340 327
f 388 341 328
f 3925 3958 3931
f 348 392 347
f 345 301 330
f 280 285 281
f 278 280 281
f 272 325 274
f 257 261 258
f 326 275 277
f 279 326 277
f 348 298 317
f 310 309 254
f 331 308 304
f 296 299 246
f 345 296 293
f 3928 3975 3926
f 292 345 293
f 242 285 158
f 269 274 178
f 311 255 149
f 3814 3934 3813
f 267 265 264
f 306 318 251
f 292 316 162
f 244 288 215
f 171 150 204
f 148 149 202
f 238 236 136
f 152 151 138
f 3774 3931 3935
f 155 241 209
f 159 243 185
f 164 163 198
f 252 251 147
f 168 252 110
f 215 160 188
f 156 213 125
f 211 181 89
f 178 210 84
f 208 178 83
f 204 205 139
f 170 202 203
f 207 154 206
f 241 207 8
f 209 241 8
f 212 209 140
f 3805 3917 3804
f 157 212 141
f 216 159 92
f 144 219 193
f 220 249 16
f 109 169 110
f 165 106 145
f 194 201 99
f 162 194 61
f 215 188 94
f 186 215 143
f 83 84 122
f 3604 3778 3772
f 77 81 117
f 139 77 116
f 3606 3814 3778
f 24 203 111
f 76 138 75
f 78 76 5
f 3610 3818 3814
f 3818 3938 3815
f 3617 3784 3818
f 3784 3785 3818
f 220 103 101
f 134 220 104
f 3619 3785 3784
f 21 110 72
f 146 109 107
f 3620 3783 3785
f 3620 3817 3783
f 14 143 47
f 3616 3781 3817
f 3142 3143 2965
f 3780 3937 3816
f 3611 3780 3781
f 3777 3812 3937
f 3611 3777 3780
f 3777 3774 3812
f 2973 3165 3155
f 3603 3774 3777
f 3600 3771 3774
f 2984 3166 3133
f 3595 3764 3769
f 3762 3806 3808
f 2988 3136 2986
f 3595 3762 3764
f 2990 3180 3176
f 3588 3760 3762
f 2994 3184 3180
f 3584 3759 3760
f 2998 3188 3184
f 3188 3000 3002
f 3585 3805 3759
f 3002 3193 3188
f 3587 3763 3805
f 3006 3195 3193
f 3765 3807 3763
f 3592 3765 3763
f 3010 3197 3195
f 3593 3766 3765
f 3596 3770 3766
f 3014 3137 3197
f 3598 3772 3770
f 3021 3137 3134
f 3024 3214 3204
f 3132 3214 3135
f 3029 3138 3132
f 3034 3221 3222
f 3221 3034 3030
f 3032 3220 3221
f 3967 3913 3984
f 3027 3209 3220
f 3026 3211 3209
f 3909 3911 3982
f 3022 3205 3211
f 3201 3130 3015
f 3930 3963 3980
f 3130 3201 3205
f 3013 3194 3201
f 3009 3191 3194
f 3005 3187 3191
f 3904 3906 3972
f 3902 3904 3972
f 3896 3897 3969
f 3895 3969 3899
f 2989 3172 3174
f 2987 3171 3172
f 2983 3161 3171
f 3905 3903 3971
f 2979 3157 3161
f 3924 3922 3905
f 3956 3924 3975
f 3959 3956 3975
f 2971 3144 3149
f 2966 3141 3144
f 3889 3932 3908
f 2962 3143 3141
f 3143 2962 2961
f 3964 3889 3908
f 3939 3965 3910
f 3143 3142 3153
f 3892 3939 3912
f 3142 3150 3153
f 3150 3155 3160
f 3947 3945 3985
f 3155 3165 3160
f 3948 3947 3914
f 3968 3948 3914
f 3165 3136 3169
f 3946 3968 3913
f 3136 3173 3175
f 3136 3176 3173
f 3173 3176 3175
f 3966 3941 3911
f 3176 3180 3182
f 3909 3966 3911
f 3180 3184 3182
f 3184 3188 3186
f 3188 3193 3190
f 3979 3930 3907
f 3193 3195 3196
f 3195 3197 3196
f 3955 3957 3958
f 3954 3955 3974
f 3197 3137 3199
f 3953 3954 3906
f 3952 3953 3906
f 3137 3204 3206
f 3919 3952 3904
f 3951 3919 3904
f 3204 3214 3208
f 3138 3222 3214
f 3897 3916 3898
f 3214 3222 3217
f 3222 3221 3218
f 3899 3915 3949
f 3221 3220 3216
f 3950 3915 3899
f 3220 3209 3207
f 3905 3920 3903
f 3209 3205 3203
f 3205 3201 3198
f 3929 3927 3959
f 3201 3194 3192
f 3888 3841 3960
f 3194 3191 3192
f 3191 3187 3189
f 3851 3888 3889
f 3890 3851 3964
f 3852 3890 3965
f 3187 3183 3181
f 3183 3178 3181
f 3857 3856 3943
f 3178 3174 3167
f 3862 3857 3945
f 3174 3172 3167
f 3863 3862 3945
f 3894 3863 3945
f 3172 3161 3167
f 3864 3894 3948
f 3803 3864 3968
f 3161 3157 3162
f 3861 3803 3968
f 3858 3861 3946
f 3944 3858 3946
f 3157 3144 3154
f 3855 3893 3941
f 3891 3855 3966
f 3144 3141 3148
f 3853 3891 3909
f 3141 3143 3145
f 3847 3850 3962
f 2963 2965 3035
f 3845 3847 3930
f 3840 3845 3930
f 2964 2963 3037
f 3878 3840 3957
f 2967 2964 3040
f 3885 3878 3955
f 2970 2967 3042
f 3831 3833 3885
f 3831 3885 3953
f 2972 2970 3045
f 3919 3831 3952
f 2973 2972 3047
f 2976 2973 3049
f 3916 3823 3901
f 2978 2976 3051
f 2980 2978 3053
f 3869 3870 3897
f 2981 2980 3055
f 3820 3869 3896
f 3133 2981 3058
f 3822 3820 3915
f 2984 3133 3060
f 3824 3822 3900
f 3825 3824 3903
f 2986 2984 3062
f 2988 2986 3065
f 3830 3827 3905
f 3874 3830 3924
f 2990 2988 3067
f 3886 3874 3924
f 3887 3886 3956
f 3129 2990 3070
f 3839 3887 3927
f 2992 3129 3072
f 2994 2992 3072
f 3841 3839 3976
f 3843 3879 3841
f 2996 2994 3074
f 2998 2996 3076
f 3000 2998 3078
f 3002 3000 3080
f 3004 3002 3083
f 3006 3004 3085
f 3008 3006 3087
f 3010 3008 3090
f 3865 3866 3864
f 3012 3010 3092
f 3014 3012 3094
f 3855 3858 3893
f 3016 3014 3096
f 3018 3016 3098
f 3134 3018 3100
f 3021 3134 3102
f 3024 3021 3104
f 3842 3844 3840
f 3025 3024 3106
f 3837 3838 3878
f 3835 3837 3885
f 3135 3025 3108
f 3834 3835 3885
f 3833 3834 3885
f 3829 3832 3831
f 3132 3135 3110
f 3828 3829 3919
f 3029 3132 3114
f 3127 3029 3119
f 3033 3127 3122
f 3034 3033 3122
f 3030 3034 3125
f 3032 3030 3126
f 3031 3032 3123
f 3873 3822 3824
f 3028 3031 3121
f 3027 3028 3118
f 3026 3027 3115
f 3131 3026 3109
f 3887 3836 3886
f 3023 3131 3109
f 3022 3023 3109
f 3020 3022 3107
f 3737 3730 3888
f 3019 3020 3105
f 3017 3019 3103
f 3015 3017 3101
f 3015 3130 3017
f 3741 3800 3852
f 3013 3015 3099
f 3743 3854 3857
f 3011 3013 3097
f 3802 3743 3859
f 3748 3745 3802
f 3009 3011 3095
f 3755 3802 3863
f 3007 3009 3093
f 3789 3755 3866
f 3803 3789 3865
f 3005 3007 3091
f 3747 3751 3803
f 3003 3005 3086
f 3786 3801 3860
f 3001 3003 3086
f 3882 3786 3883
f 2999 3001 3084
f 3739 3799 3853
f 2997 2999 3081
f 3798 3739 3880
f 3797 3798 3849
f 2995 2997 3079
f 3845 3796 3797
f 3731 3796 3845
f 2993 2995 3077
f 3795 3728 3842
f 2991 2993 3075
f 3724 3725 3838
f 2989 2991 3073
f 3717 3838 3876
f 2987 2989 3071
f 3637 3717 3829
f 2985 2987 3066
f 3712 3637 3826
f 2983 2985 3066
f 3634 3712 3823
f 3756 3634 3821
f 2982 2983 3063
f 3056 2982 3061
f 3706 3709 3869
f 2979 3056 3059
f 3710 3706 3868
f 2977 2979 3057
f 3791 3710 3871
f 2975 2977 3054
f 3792 3757 3873
f 2974 2975 3052
f 3715 3792 3825
f 3793 3715 3825
f 2971 2974 3050
f 3794 3793 3830
f 3716 3793 3794
f 2969 2971 3048
f 3719 3718 3794
f 3723 3794 3874
f 2966 2969 3046
f 3726 3723 3836
f 3128 2966 3041
f 3649 3726 3877
f 3730 3649 3879
f 2968 3128 3041
f 2962 2968 3041
f 3740 3733 3737
f 2961 2962 3038
f 2965 2961 3036
f 3788 3701 3854
f 2933 2674 2627
f 3678 3788 3744
f 2399 2629 2564
f 3750 3678 3745
f 3752 3750 3748
f 3790 3753 3802
f 3754 3790 3755
f 2679 2677 2630
f 2681 2679 2630
f 3746 3749 3747
f 2683 2681 2573
f 2683 2682 2681
f 3786 3787 3801
f 2685 2703 2574
f 2686 2719 2634
f 3660 3738 3798
f 2707 2686 2635
f 3735 3660 3736
f 3734 3735 3797
f 3732 3734 3796
f 3729 3732 3731
f 3775 3729 3728
f 3727 3775 3728
f 2588 2636 2587
f 2638 2708 2636
f 3722 3767 3717
f 3634 3713 3712
f 2692 2711 2640
f 3711 3631 3756
f 2764 2693 2513
f 3707 3756 3709
f 2645 2714 2643
f 3684 3707 3706
f 2725 2645 2646
f 2696 2725 2646
f 3715 3758 3792
f 2649 2648 2609
f 2717 2923 2648
f 2651 2717 2649
f 3720 3716 3718
f 3721 3720 3719
f 3768 3721 3723
f 3726 3768 3723
f 2729 2651 2652
f 2698 2729 2652
f 3602 3773 3730
f 3547 3602 3776
f 3661 3547 3776
f 3695 3661 3740
f 3696 3695 3740
f 2716 2697 2613
f 3697 3696 3740
f 3698 3696 3697
f 3700 3698 3697
f 2727 2716 2647
f 3672 3700 3741
f 2644 2695 2604
f 2769 2898 2695
f 3678 3677 3788
f 2416 2644 2601
f 3705 3625 3750
f 3681 3705 3754
f 2694 2713 2521
f 3703 3704 3751
f 3749 3703 3751
f 3673 3675 3786
f 2691 2694 2639
f 3742 3673 3786
f 3699 3671 3742
f 2410 2639 2498
f 3665 3669 3699
f 2690 2691 2639
f 3665 3699 3782
f 3663 3665 3782
f 3738 3663 3739
f 3660 3662 3738
f 2689 2690 2637
f 3655 3694 3779
f 3775 3655 3734
f 3727 3655 3775
f 2704 2483 2584
f 2687 2688 2483
f 3692 3646 3767
f 3643 3645 3722
f 3551 3643 3722
f 3637 3551 3761
f 2632 2633 2575
f 3634 3635 3713
f 2936 2684 2632
f 3631 3689 3634
f 2680 2402 2571
f 3626 3686 3756
f 2678 2680 2447
f 3708 3683 3682
f 3627 3683 3708
f 2699 2676 2628
f 3628 3685 3710
f 3687 3628 3710
f 3688 3687 3757
f 2675 2699 2628
f 3581 3688 3757
f 3633 3581 3758
f 3715 3633 3758
f 3690 3633 3715
f 3638 3690 3714
f 2619 2561 2396
f 3589 3638 3714
f 2395 2619 2565
f 3691 3589 3793
f 3566 3589 3691
f 2627 2395 2565
f 2627 2619 2395
f 2562 2627 2398
f 3693 3649 3773
f 2564 2562 2436
f 3602 3693 3773
f 3468 3315 3367
f 2399 2564 2438
f 3344 3286 3468
f 2622 2399 2569
f 3476 3318 3344
f 3346 3321 3320
f 3345 3320 3319
f 3478 3345 3318
f 3348 3290 3323
f 3347 3323 3321
f 2630 2622 2445
f 3368 3347 3346
f 2455 2630 2450
f 3349 3326 3492
f 2573 2455 2457
f 3505 3327 3353
f 2403 2573 2457
f 3522 3330 3388
f 2574 2403 2461
f 3358 3333 3332
f 3358 3332 3330
f 3524 3358 3522
f 3356 3329 3331
f 3357 3331 3333
f 2685 2574 2463
f 3523 3357 3358
f 3523 3329 3356
f 2634 2685 2404
f 3352 3350 3354
f 2580 2634 2472
f 2581 2580 2473
f 2583 2581 2475
f 2585 2583 2479
f 3384 3316 3473
f 2587 2585 2481
f 3463 3457 3316
f 3343 3312 3313
f 3343 3313 3314
f 2588 2587 2484
f 3342 3310 3311
f 3453 3311 3312
f 3446 3285 3310
f 2590 2588 2488
f 2591 2590 2491
f 3340 3308 3432
f 2592 2591 2494
f 3425 3339 3307
f 3419 3304 3339
f 2594 2592 2496
f 3415 3300 3302
f 3363 3302 3304
f 2640 2594 2502
f 3405 3337 3362
f 2692 2640 2411
f 3361 3299 3337
f 2413 2692 2598
f 3373 3336 3361
f 3371 3297 3359
f 2513 2413 2598
f 2513 2692 2413
f 2414 2513 2511
f 2642 2414 2511
f 3360 3335 3390
f 2643 2642 2415
f 2417 2643 2522
f 2418 2417 2525
f 3420 3338 3418
f 2646 2418 2527
f 3424 3306 3338
f 2538 2646 2419
f 2421 2538 2536
f 3380 3341 3365
f 2548 2421 2536
f 3381 3382 3366
f 3383 3468 3367
f 2609 2548 2605
f 3465 3383 3382
f 2649 2609 2543
f 2560 2649 2547
f 3386 3324 3369
f 2615 2560 2552
f 3500 3353 3349
f 2616 2615 2608
f 2617 2616 2557
f 2423 2617 2422
f 3515 3388 3521
f 2614 2423 2610
f 2613 2614 2553
f 2612 2613 2549
f 3501 3352 3507
f 2647 2612 2544
f 3491 3370 3489
f 3485 3291 3491
f 2420 2647 2606
f 2539 2420 2540
f 3473 3385 3480
f 2604 2539 2537
f 3469 3384 3473
f 2602 2604 2533
f 2601 2602 2529
f 2416 2601 2526
f 3441 3364 3438
f 2521 2416 2600
f 3426 3377 3340
f 2515 2521 2516
f 3413 3362 3415
f 2641 2515 2516
f 3374 3361 3337
f 2597 2641 2412
f 3399 3374 3337
f 3398 3373 3361
f 3373 3371 3359
f 2595 2597 2507
f 2498 2595 2503
f 3389 3372 3297
f 2410 2498 2497
f 2493 2410 2497
f 2637 2493 2409
f 3417 3301 3414
f 2407 2637 2408
f 2483 2407 2487
f 3439 3365 3435
f 2584 2483 2586
f 2406 2584 2480
f 3451 3381 3380
f 3461 3462 3459
f 3461 3459 3456
f 3467 3468 3465
f 2405 2406 2582
f 3460 3465 3461
f 3470 3472 3467
f 3474 3476 3344
f 2579 2405 2476
f 2578 2579 2474
f 2576 2578 2474
f 3487 3386 3484
f 3496 3492 3490
f 2575 2576 2469
f 2632 2575 2465
f 3502 3508 3505
f 2402 2632 2462
f 2571 2402 2460
f 3520 3523 3524
f 2447 2571 2456
f 3514 3387 3519
f 3509 3513 3514
f 2570 2447 2449
f 2401 2444 2449
f 2444 2570 2449
f 2568 2401 2449
f 2568 2678 2401
f 2566 2568 2400
f 3494 3293 3498
f 3486 3485 3491
f 2563 2566 2440
f 3482 3322 3485
f 2425 2563 2437
f 3475 3473 3480
f 2618 2425 2433
f 2618 2424 2431
f 2424 2618 2433
f 3458 3453 3457
f 2673 2618 2431
f 3458 3446 3453
f 2561 2673 2397
f 3430 3340 3432
f 3422 3363 3419
f 3422 3419 3425
f 3410 3413 3415
f 3396 3392 3398
f 3393 3389 3391
f 3393 3390 3389
f 3397 3394 3393
f 3409 3375 3404
f 2823 2578 2633
f 3411 3376 3375
f 2704 2578 2938
f 3544 3418 3417
f 3421 3420 3418
f 3427 3378 3424
f 2704 2940 2687
f 3428 3379 3378
f 3429 3433 3379
f 3440 3439 3435
f 3431 3435 3429
f 3447 3365 3439
f 3445 3447 3440
f 3451 3380 3447
f 3455 3456 3451
f 3548 3483 3478
f 3554 3490 3487
f 3497 3505 3500
f 3497 3500 3496
f 3506 3510 3502
f 2769 2644 2768
f 3518 3522 3515
f 3514 3519 3520
f 3550 3509 3514
f 2773 2716 2727
f 3549 3504 3550
f 3503 3501 3504
f 3577 3503 3504
f 3498 3499 3541
f 3493 3494 3498
f 2697 2716 2777
f 2650 2697 2926
f 3553 3482 3486
f 3477 3480 3482
f 2729 2650 2781
f 3479 3477 3482
f 3471 3475 3477
f 3574 3471 3477
f 3572 3464 3469
f 3535 3469 3466
f 3570 3458 3572
f 3599 3443 3450
f 3551 3426 3430
f 3582 3425 3531
f 3563 3422 3425
f 3560 3410 3415
f 3407 3405 3410
f 3406 3398 3407
f 3395 3391 3396
f 2594 2640 2947
f 3543 3411 3409
f 3529 3416 3411
f 2638 2710 2754
f 3564 3421 3544
f 3427 3424 3423
f 3545 3427 3423
f 3431 3429 3428
f 2707 2636 2751
f 3437 3440 3431
f 3449 3451 3445
f 3454 3455 3451
f 3534 3454 3451
f 2703 2719 2746
f 833 2623 3256
f 2683 2703 2744
f 2929 2784 2788
f 2782 2929 2790
f 2932 2782 2791
f 2700 2932 2735
f 2734 2700 2798
f 2737 2734 2800
f 2804 2737 2805
f 2738 2804 2806
f 2936 2738 2811
f 2702 2936 2815
f 808 811 3231
f 2743 2702 2816
f 2823 2743 2821
f 2938 2823 2828
f 2704 2938 2828
f 2833 2704 2831
f 2940 2833 2831
f 2706 2940 2836
f 2750 2706 2841
f 2844 2750 2842
f 2943 2844 2845
f 2709 2943 2847
f 2753 2709 2944
f 2721 2753 2854
f 830 826 828
f 2755 2721 2858
f 795 830 833
f 2759 2755 2860
f 832 795 833
f 835 832 833
f 2949 2759 2946
f 774 835 836
f 2712 2949 2760
f 843 774 839
f 2723 2712 2872
f 2883 2723 2877
f 846 843 2624
f 2766 2883 2881
f 2767 2766 2882
f 2768 2767 2886
f 842 846 844
f 2769 2768 2888
f 840 842 841
f 2954 2769 2890
f 2898 2954 2890
f 837 840 2625
f 2901 2898 2770
f 798 837 834
f 831 798 834
f 2772 2901 2899
f 2956 2726 2899
f 2726 2772 2899
f 2773 2956 2899
f 829 831 989
f 2773 2726 2956
f 2776 2773 2957
f 823 829 827
f 2777 2776 2959
f 2926 2777 2911
f 821 823 819
f 818 821 819
f 2728 2926 2917
f 816 818 819
f 2781 2728 2919
f 812 814 811
f 2778 2781 2925
f 783 812 811
f 2780 2778 2924
f 806 783 811
f 2779 2780 2924
f 2718 2779 2960
f 804 806 986
f 2717 2718 2915
f 780 804 805
f 2927 2717 2774
f 2923 2927 2774
f 807 780 2620
f 2912 2923 2958
f 810 807 2620
f 2955 2912 2906
f 782 810 813
f 2715 2955 2903
f 817 760 813
f 2896 2715 2900
f 2771 2896 2895
f 822 817 820
f 2953 2771 2895
f 824 822 987
f 2724 2953 2893
f 828 824 988
f 2714 2724 2952
f 768 767 830
f 769 768 830
f 2763 2714 2951
f 729 769 830
f 2950 2764 2884
f 2764 2763 2884
f 795 729 830
f 2876 2950 2884
f 2693 2764 2950
f 731 770 832
f 797 731 835
f 2762 2876 2875
f 771 797 835
f 772 771 835
f 774 772 835
f 2761 2762 2873
f 777 776 774
f 2947 2761 2948
f 800 747 843
f 751 778 800
f 2756 2947 2758
f 751 800 846
f 2863 2756 2865
f 2720 2863 2861
f 803 751 846
f 802 803 846
f 2754 2720 2859
f 842 802 846
f 750 801 842
f 2752 2754 2945
f 799 748 840
f 2942 2752 2853
f 775 799 837
f 773 775 837
f 2751 2942 2850
f 798 773 837
f 673 733 831
f 2707 2751 2846
f 796 673 831
f 794 672 796
f 2840 2707 2749
f 794 796 831
f 2705 2840 2749
f 793 794 831
f 2748 2705 2941
f 792 793 829
f 724 792 829
f 791 724 829
f 724 791 823
f 2747 2748 2835
f 790 724 823
f 789 790 823
f 720 789 823
f 787 763 823
f 2746 2747 2939
f 786 787 821
f 2744 2746 2827
f 655 786 814
f 785 655 814
f 2683 2744 2822
f 710 814 812
f 2937 2683 2742
f 648 710 812
f 645 648 812
f 2741 2937 2818
f 2812 2741 2817
f 2812 2682 2741
f 2935 2812 2817
f 757 758 806
f 756 757 806
f 2701 2935 2740
f 754 756 806
f 753 754 804
f 2679 2701 2807
f 779 753 804
f 691 779 780
f 2934 2679 2807
f 752 691 780
f 2795 2934 2807
f 2677 2799 2934
f 755 695 780
f 2732 2795 2803
f 781 807 810
f 2933 2732 2736
f 782 781 810
f 2931 2933 2736
f 2785 2933 2931
f 760 649 782
f 2674 2931 2796
f 2674 2785 2931
f 2783 2674 2793
f 2928 2783 2792
f 784 761 817
f 717 784 817
f 2730 2928 2733
f 762 717 822
f 764 788 824
f 2784 2730 2930
f 765 764 824
f 767 766 826
f 2132 2063 1970
f 2024 2022 1791
f 2066 2065 2024
f 3265 836 3263
f 2028 2066 2027
f 3269 2624 3265
f 2068 2066 2028
f 2030 2028 1980
f 3272 845 2624
f 2069 2068 2028
f 3271 844 845
f 3271 841 844
f 2073 2162 1803
f 3264 2625 3267
f 2077 2075 2038
f 2163 2077 2039
f 3249 827 989
f 3246 825 827
f 2045 2163 2043
f 3246 819 825
f 2081 2045 1809
f 2081 2080 2045
f 3235 816 3242
f 2082 2081 2050
f 2153 2082 2051
f 1816 2054 2010
f 2056 2087 1816
f 1821 2056 2016
f 1821 2088 2056
f 2158 2090 2059
f 2058 2158 2060
f 2089 2091 2058
f 3247 987 3243
f 2156 2089 2057
f 2013 2156 2055
f 3254 3256 3250
f 2085 2086 1815
f 3288 3257 3256
f 3290 3259 3257
f 2003 2085 2005
f 2083 2084 2085
f 3292 3263 3259
f 3326 3265 3263
f 2150 2083 2049
f 3327 3269 3265
f 1912 2150 2046
f 3328 3272 3269
f 3275 3271 3272
f 2290 2079 2044
f 2042 2044 1995
f 2078 2290 2044
f 3295 3270 3271
f 2040 1992 2078
f 3294 3267 3270
f 3266 3264 3267
f 3261 3260 3262
f 3261 3262 3264
f 2148 2074 1989
f 3317 3255 3260
f 2035 2036 1987
f 2033 2036 2035
f 3253 3249 3255
f 3312 3246 3249
f 2070 2033 1983
f 3240 3245 3246
f 2161 2243 2031
f 3240 3242 3245
f 1850 2029 1855
f 3305 3235 3242
f 2067 2026 1793
f 3300 3231 3235
f 3228 3229 3231
f 2133 2023 2021
f 3224 3226 3229
f 2131 2133 2021
f 2061 2021 1969
f 2062 2131 2021
f 3276 3227 3226
f 2018 2020 1822
f 3278 3230 3227
f 1970 2018 1823
f 3281 3232 3230
f 3233 3234 3232
f 1972 1970 1828
f 3303 3236 3234
f 3239 3238 3236
f 1791 1972 1832
f 2024 1791 1975
f 3283 3243 3238
f 3284 3247 3243
f 1838 2024 1839
f 2027 1838 1794
f 3252 3250 3247
f 3382 3367 3366
f 1978 2027 1795
f 3468 3254 3252
f 1980 1978 1851
f 3318 3287 3344
f 3320 3288 3287
f 2030 1980 1856
f 3323 3290 3288
f 3324 3292 3290
f 1861 2030 1797
f 2032 1861 1864
f 3353 3268 3326
f 3351 3353 3326
f 1866 2032 1982
f 2034 1866 1982
f 3508 3296 3327
f 1801 2034 1800
f 3388 3275 3328
f 1803 1801 1985
f 3329 3274 3275
f 3331 3329 3275
f 3387 3273 3274
f 2073 1803 1877
f 3354 3294 3295
f 2037 2073 1882
f 3293 3266 3294
f 2038 2037 1804
f 3370 3291 3261
f 1991 2038 1805
f 3291 3289 3261
f 2039 1991 1893
f 3322 3289 3485
f 3480 3317 3322
f 3473 3253 3317
f 1993 2039 1894
f 2041 1993 1897
f 3316 3251 3253
f 1994 2041 1900
f 3313 3312 3316
f 3311 3310 3312
f 1996 1994 1901
f 1998 1996 1905
f 1809 1998 1909
f 3307 3305 3308
f 3339 3237 3305
f 2047 1809 2000
f 3304 3282 3339
f 3302 3300 3282
f 2019 2047 1916
f 3415 3279 3300
f 3279 3228 3300
f 2050 2019 1811
f 3336 3224 3361
f 2051 2050 1924
f 3297 3223 3359
f 2052 2051 1812
f 3390 3276 3372
f 3277 3225 3276
f 3335 3277 3390
f 2007 2052 1813
f 3298 3280 3404
f 2010 2007 1935
f 3375 3281 3280
f 3301 3233 3281
f 1816 2010 1939
f 3418 3239 3303
f 1952 1816 2009
f 3309 3283 3306
f 2014 1952 1817
f 3433 3241 3283
f 3435 3244 3284
f 2016 2014 1949
f 1821 2016 1953
f 3381 3252 3248
f 2664 2662 2111
f 1968 1821 1955
f 2059 1968 1961
f 2666 2664 2115
f 2060 2059 1965
f 2668 2666 2119
f 2669 2668 2122
f 2017 2060 1966
f 2671 2669 2126
f 2058 2017 1962
f 1967 2058 2015
f 2057 1967 1957
f 2670 2671 2129
f 2057 2058 1967
f 2667 2670 2125
f 1819 2057 1956
f 2013 1819 2012
f 2665 2667 2121
f 2011 2013 1818
f 2663 2665 2116
f 1815 2011 1944
f 2661 2663 2112
f 2053 1815 2008
f 2659 2661 2108
f 2006 2053 1814
f 2657 2659 2104
f 2005 2006 1934
f 2655 2657 2100
f 2003 2005 1930
f 2654 2655 2097
f 2049 2003 1928
f 2653 2654 2093
f 2048 2049 1923
f 2656 2653 2094
f 2046 2048 1919
f 2658 2656 2098
f 1912 2046 1810
f 2660 2658 2103
f 1997 1912 1999
f 2662 2660 2107
f 1995 1997 1908
f 2040 1995 1808
f 3658 3654 2664
f 1992 2040 1902
f 3664 3658 2666
f 1896 1992 1899
f 1807 1896 1895
f 1807 1992 1896
f 3667 3664 2668
f 1806 1807 1895
f 1989 1806 1892
f 3668 3667 2671
f 1988 1989 1890
f 3666 3668 2670
f 1987 1988 1885
f 3659 3666 2667
f 2035 1987 1881
f 1984 2035 1802
f 3656 3659 2665
f 1983 1984 1875
f 3652 3656 2663
f 2070 1983 1871
f 3647 3652 2661
f 2031 2070 1799
f 3644 3647 2659
f 1855 2031 1798
f 3642 3644 2657
f 1850 1855 1860
f 3641 3642 2655
f 1976 1850 1854
f 3639 3641 2654
f 1793 1976 1796
f 3640 3639 2653
f 2025 1793 1977
f 3139 3640 2656
f 1835 2025 1792
f 2023 1835 1840
f 3650 3139 2658
f 1973 2023 1840
f 1971 1973 1836
f 3140 3650 2662
f 3654 3140 2662
f 1969 1971 1831
f 3654 3657 3653
f 3658 3664 3654
f 1790 1969 1827
f 3664 3667 3657
f 2020 1790 1974
f 3667 3668 3657
f 3668 3666 3657
f 3666 3659 3657
f 3659 3656 3657
f 3657 3652 3653
f 3656 3652 3657
f 2067 2064 2229
f 3652 3644 3653
f 3647 3644 3652
f 3644 3639 3653
f 3642 3641 3644
f 3639 3654 3653
f 3640 3139 3654
f 2033 2144 2256
f 3139 3650 3654
f 934 1086 1091
f 1086 931 1092
f 931 1087 994
f 2078 1807 2189
f 1087 933 1095
f 933 1090 998
f 1090 1093 1000
f 1093 1064 1101
f 1064 1099 1104
f 2152 2083 2198
f 1099 981 1067
f 981 1106 1109
f 2200 2325 2085
f 1106 1069 1070
f 1069 1111 1113
f 1111 1114 1010
f 1114 1115 1116
f 1115 946 1119
f 946 1120 1121
f 1120 982 1124
f 982 983 1126
f 1821 2090 2354
f 983 1129 1073
f 2155 2167 2056
f 1129 1074 1025
f 1074 1132 1133
f 1132 1136 1135
f 2153 2087 2201
f 1136 1138 1031
f 1138 954 1141
f 2197 2310 2081
f 954 1143 1035
f 1143 1146 1037
f 1146 959 1039
f 959 1151 1149
f 1151 1079 1153
f 1079 961 1154
f 961 1159 1156
f 1159 964 1160
f 2147 2162 2073
f 964 1165 1162
f 2072 2162 2260
f 1165 1168 1082
f 2032 2071 2143
f 1168 1173 1082
f 1173 1178 1084
f 1178 1185 1174
f 2066 2138 2233
f 1185 1187 1177
f 1187 1188 1085
f 1188 975 1182
f 2022 2136 2360
f 975 1190 1184
f 1190 979 1183
f 979 1189 1181
f 2169 2130 2212
f 1189 976 1179
f 2133 2169 2358
f 976 1186 1175
f 2209 2133 2173
f 2135 2209 2173
f 1186 972 1172
f 2216 2135 2223
f 972 1176 1169
f 2229 2216 2226
f 1176 1171 1083
f 2176 2229 2231
f 2363 2175 2231
f 1171 968 1163
f 2175 2176 2231
f 2160 2363 2231
f 2160 2175 2363
f 968 1164 1161
f 2139 2160 2365
f 1164 966 1158
f 2367 2139 2238
f 966 1157 1155
f 2243 2367 2240
f 1157 1080 1043
f 2140 2243 2180
f 1080 960 1152
f 2142 2140 2370
f 960 1150 1078
f 2371 2142 2251
f 2144 2371 2251
f 2144 2142 2371
f 1150 1148 1076
f 2256 2144 2183
f 2145 2256 2183
f 1148 1145 1144
f 2146 2145 2373
f 1145 957 1142
f 2148 2146 2374
f 957 1140 1139
f 2269 2148 2267
f 2273 2269 2272
f 1140 955 1137
f 2188 2273 2274
f 955 1134 1028
f 2187 2188 2276
f 2189 2187 2276
f 1134 1131 1026
f 2378 2189 2377
f 1131 952 1130
f 2190 2378 2282
f 952 1127 1128
f 2290 2190 2285
f 1127 950 1125
f 2380 2290 2193
f 950 1122 1123
f 2194 2380 2292
f 1122 1014 1016
f 2150 2194 2296
f 1014 1117 1118
f 2196 2150 2381
f 1117 945 1011
f 2198 2196 2305
f 945 1071 1072
f 2152 2198 2308
f 1071 944 1112
f 2382 2152 2199
f 2320 2382 2199
f 2084 2152 2382
f 944 1108 1005
f 1108 1068 1005
f 2200 2320 2315
f 1068 1105 1004
f 2325 2200 2318
f 2166 2325 2318
f 1105 1102 1066
f 2385 2166 2383
f 1102 1098 1066
f 2154 2385 2202
f 1098 1096 1065
f 2389 2154 2386
f 1096 938 1097
f 2351 2389 2205
f 938 1089 997
f 2353 2351 2339
f 1089 1088 1094
f 2391 2353 2340
f 2352 2391 2340
f 2208 2353 2391
f 2393 2352 2342
f 1088 934 1063
f 847 980 850
f 2355 2393 2342
f 2355 2208 2393
f 932 847 850
f 848 932 850
f 2168 2355 2347
f 935 848 851
f 2394 2168 2350
f 937 935 851
f 853 937 851
f 2157 2394 2349
f 2354 2157 2344
f 862 857 853
f 862 853 861
f 2392 2354 2343
f 864 862 861
f 2390 2392 2343
f 2088 2354 2392
f 870 864 867
f 2206 2390 2341
f 2167 2206 2338
f 2167 2155 2206
f 948 870 871
f 2388 2167 2338
f 883 948 875
f 2387 2388 2204
f 2332 2387 2203
f 953 883 882
f 2201 2332 2384
f 888 953 885
f 2322 2201 2324
f 956 888 885
f 901 956 891
f 2317 2322 2319
f 2165 2317 2314
f 902 901 898
f 905 902 898
f 2197 2165 2312
f 963 905 898
f 2310 2197 2309
f 911 963 907
f 2151 2310 2309
f 916 911 912
f 2300 2151 2304
f 921 916 914
f 2164 2300 2299
f 969 921 917
f 2289 2164 2295
f 973 969 923
f 2191 2289 2288
f 928 973 923
f 977 928 923
f 2192 2191 2288
f 2379 2192 2286
f 930 977 926
f 978 930 926
f 2149 2379 2286
f 929 978 925
f 974 929 925
f 927 974 925
f 2376 2149 2283
f 924 927 925
f 2185 2376 2281
f 970 924 918
f 919 970 918
f 967 919 918
f 2375 2185 2277
f 915 967 913
f 2147 2375 2275
f 2147 2075 2375
f 965 915 913
f 909 965 913
f 904 909 913
f 2260 2147 2268
f 903 962 904
f 900 904 906
f 2257 2260 2262
f 893 897 900
f 893 900 899
f 2143 2257 2259
f 892 896 893
f 889 893 895
f 2141 2143 2372
f 886 889 887
f 2245 2141 2252
f 884 886 887
f 951 884 887
f 2241 2245 2369
f 880 951 881
f 2368 2241 2246
f 874 880 881
f 2366 2368 2246
f 2068 2241 2368
f 947 874 878
f 2179 2366 2242
f 2233 2179 2239
f 2233 2138 2179
f 2177 2233 2239
f 868 947 869
f 2137 2177 2364
f 865 868 869
f 2362 2137 2178
f 2361 2362 2178
f 2065 2137 2362
f 860 865 863
f 940 860 859
f 2174 2361 2230
f 852 940 859
f 2360 2174 2227
f 2360 2136 2174
f 936 852 859
f 2134 2360 2227
f 2132 2134 2220
f 849 936 854
f 980 849 850
f 2159 2132 2359
f 980 1086 934
f 1086 980 847
f 2356 2159 2357
f 931 847 932
f 932 1087 931
f 2130 2356 2170
f 1087 932 848
f 935 1090 933
f 1485 1483 1507
f 1751 1485 1544
f 935 1093 1090
f 1093 935 937
f 1446 1485 1751
f 937 1064 1093
f 939 1099 1064
f 1538 1539 1487
f 1099 853 857
f 1099 857 981
f 1448 1487 1553
f 942 1106 981
f 1512 1510 1556
f 1490 1448 1510
f 1491 1490 1512
f 943 1114 1111
f 1114 864 870
f 946 870 948
f 1458 1493 1515
f 948 1120 946
f 1120 948 876
f 949 982 1120
f 1516 1459 1660
f 982 876 879
f 982 879 983
f 1132 883 984
f 984 883 953
f 984 1136 1132
f 1498 1466 1520
f 953 1138 1136
f 1138 953 888
f 954 888 956
f 1471 1498 1523
f 956 1143 954
f 1472 1471 1523
f 1523 1525 1472
f 1501 1472 1525
f 958 959 1146
f 959 901 902
f 1474 1501 1527
f 959 902 1151
f 902 1079 1151
f 1079 902 905
f 1476 1474 1783
f 1530 1476 1529
f 963 1159 961
f 1530 1532 1505
f 1478 1532 1541
f 1165 911 916
f 1535 1478 1534
f 916 1168 1165
f 916 1173 1168
f 1173 916 921
f 1480 1481 1536
f 1173 969 1178
f 969 1187 1185
f 1506 1444 1533
f 1506 1533 1595
f 973 1188 1187
f 1188 973 928
f 975 928 977
f 1504 1506 1731
f 977 1190 975
f 1190 977 930
f 1540 1504 1782
f 1502 1503 1504
f 979 930 978
f 978 1189 979
f 1189 978 929
f 976 929 974
f 1524 1473 1582
f 974 1186 976
f 972 927 924
f 971 1176 972
f 1176 924 970
f 1496 1497 1522
f 970 1171 1176
f 1171 970 919
f 967 1164 968
f 966 915 965
f 965 1157 966
f 1157 965 909
f 1080 904 962
f 1494 1461 1517
f 1080 903 960
f 962 903 1080
f 1150 897 1148
f 897 1145 1148
f 1145 893 896
f 1450 1452 1559
f 955 889 886
f 1488 1489 1511
f 886 1134 955
f 886 1131 1134
f 1447 1488 1509
f 1486 1447 1509
f 952 884 951
f 1509 1508 1486
f 951 1127 952
f 1484 1486 1508
f 950 880 874
f 874 1122 950
f 1264 1484 1482
f 1014 874 947
f 1014 947 1117
f 1542 1537 1750
f 947 945 1117
f 1544 1542 1606
f 944 868 866
f 1751 1544 1610
f 1538 1751 1548
f 866 1108 944
f 1108 866 865
f 1754 1538 1753
f 1105 865 860
f 1553 1754 1552
f 941 1098 1102
f 1098 860 940
f 1554 1553 1756
f 940 1096 1098
f 1096 940 852
f 1556 1554 1627
f 938 852 936
f 1557 1556 1631
f 936 1089 938
f 936 1088 1089
f 1759 1557 1635
f 1088 936 849
f 1639 1759 1637
f 1191 1260 1192
f 1763 1639 1761
f 1260 1261 1193
f 1562 1763 1561
f 1261 1262 1195
f 1564 1562 1765
f 1262 1265 1197
f 1458 1564 1653
f 1265 1269 1198
f 1660 1458 1657
f 1269 1274 1200
f 1516 1660 1567
f 1274 1276 1202
f 1771 1516 1769
f 1276 1280 1203
f 1437 1771 1569
f 1280 1284 1205
f 1438 1437 1670
f 1284 1287 1207
f 1571 1438 1772
f 1287 1288 1209
f 1574 1571 1679
f 1288 1433 1211
f 1520 1574 1682
f 1433 1434 1213
f 1521 1520 1686
f 1434 1295 1215
f 1578 1521 1776
f 1295 1298 1217
f 1579 1578 1693
f 1298 1435 1300
f 1581 1579 1697
f 1435 1305 1303
f 1525 1581 1702
f 1305 1308 1306
f 1527 1525 1706
f 1308 1311 1224
f 1528 1527 1710
f 1311 1315 1226
f 1783 1528 1781
f 1315 1318 1228
f 1529 1783 1585
f 1318 1441 1319
f 1730 1529 1784
f 1441 1323 1321
f 1786 1730 1724
f 1323 1235 1398
f 1541 1786 1590
f 1235 1325 1236
f 1534 1541 1732
f 1325 1469 1327
f 1748 1534 1787
f 1469 1329 1238
f 1598 1748 1740
f 1329 1332 1240
f 1536 1598 1744
f 1332 1334 1242
f 1789 1536 1788
f 1334 1337 1244
f 1596 1789 1745
f 1479 1596 1742
f 1337 1341 1246
f 1597 1479 1741
f 1341 1343 1247
f 1595 1597 1737
f 1343 1344 1249
f 1531 1595 1733
f 1344 1442 1418
f 1589 1531 1728
f 1442 1505 1418
f 1731 1589 1727
f 1505 1347 1251
f 1588 1731 1785
f 1347 1350 1253
f 1782 1588 1721
f 1350 1352 1254
f 1540 1782 1586
f 1352 1349 1256
f 1500 1540 1780
f 1349 1354 1257
f 1582 1500 1779
f 1354 1355 1259
f 1524 1582 1707
f 1355 1353 1258
f 1700 1524 1778
f 1353 1431 1348
f 1470 1700 1698
f 1431 1351 1424
f 1522 1470 1777
f 1351 1444 1424
f 1444 1443 1422
f 1774 1522 1775
f 1443 1346 1252
f 1467 1774 1688
f 1467 1496 1774
f 1346 1477 1250
f 1572 1467 1773
f 1440 1572 1681
f 1477 1419 1342
f 1673 1440 1681
f 1419 1475 1248
f 1668 1673 1674
f 1475 1339 1338
f 1770 1668 1669
f 1339 1502 1338
f 1502 1336 1245
f 1517 1770 1669
f 1336 1333 1243
f 1566 1517 1768
f 1333 1331 1241
f 1767 1566 1662
f 1331 1328 1239
f 1514 1767 1565
f 1328 1468 1401
f 1513 1514 1766
f 1468 1497 1401
f 1497 1326 1237
f 1762 1513 1764
f 1646 1492 1762
f 1326 1324 1234
f 1559 1762 1648
f 1559 1646 1762
f 1324 1322 1233
f 1450 1559 1760
f 1322 1320 1231
f 1758 1450 1558
f 1320 1317 1229
f 1511 1758 1636
f 1317 1314 1316
f 1555 1511 1757
f 1314 1310 1313
f 1551 1555 1628
f 1310 1307 1309
f 1550 1551 1624
f 1307 1304 1221
f 1547 1550 1755
f 1304 1301 1302
f 1508 1547 1617
f 1301 1455 1299
f 1599 1508 1549
f 1455 1454 1297
f 1543 1599 1752
f 1454 1293 1214
f 1749 1543 1607
f 1293 1290 1294
f 1600 1749 1546
f 1290 1432 1291
f 1537 1600 1601
f 1432 1286 1289
f 1286 1283 1206
f 1283 1279 1204
f 1486 1484 1271
f 1279 1278 1282
f 1278 1273 1367
f 1273 1447 1367
f 1447 1196 1199
f 1488 1447 1278
f 1449 1488 1283
f 1196 1271 1272
f 1489 1449 1283
f 1450 1489 1286
f 1271 1267 1270
f 1267 1445 1194
f 1492 1452 1293
f 1445 1264 1357
f 1264 1263 1357
f 1263 1191 1356
f 1457 1492 1455
f 1482 1483 1191
f 1494 1457 1301
f 1460 1494 1307
f 1461 1460 1307
f 1770 1461 1310
f 1485 1446 1262
f 1518 1436 1314
f 1317 1439 1518
f 1440 1439 1317
f 1465 1440 1322
f 1465 1322 1467
f 1276 1274 1487
f 1497 1496 1326
f 1496 1467 1324
f 1473 1499 1331
f 1451 1288 1490
f 1451 1491 1288
f 1453 1434 1491
f 1453 1493 1434
f 1456 1298 1493
f 1456 1458 1298
f 1459 1495 1308
f 1480 1479 1431
f 1462 1437 1315
f 1437 1438 1318
f 1354 1535 1536
f 1463 1464 1318
f 1464 1466 1323
f 1478 1350 1532
f 1505 1532 1347
f 1466 1498 1235
f 1471 1472 1329
f 1472 1501 1334
f 2963 3142 2965
f 2964 3142 2963
f 2967 3150 2964
f 125 142 14
f 2970 3150 2967
f 2972 3155 2970
f 2973 3155 2972
f 2976 3165 2973
f 2978 3165 2976
f 2980 3165 2978
f 47 143 127
f 2981 3166 2980
f 3133 3166 2981
f 2984 3136 3166
f 2986 3136 2984
f 2990 3176 2988
f 3129 3180 2990
f 2996 3184 2994
f 2998 3184 2996
f 3000 3188 2998
f 3004 3193 3002
f 3006 3193 3004
f 3008 3195 3006
f 3010 3195 3008
f 3012 3197 3010
f 3014 3197 3012
f 3016 3137 3014
f 3018 3137 3016
f 3134 3137 3018
f 3024 3204 3021
f 3025 3214 3024
f 3135 3214 3025
f 105 106 107
f 3132 3138 3214
f 3127 3222 3029
f 3033 3222 3127
f 3034 3222 3033
f 3032 3221 3030
f 3031 3220 3032
f 3028 3220 3031
f 3027 3220 3028
f 3026 3209 3027
f 3023 3211 3026
f 3022 3211 3023
f 3020 3205 3022
f 3019 3205 3020
f 3130 3205 3019
f 3013 3201 3015
f 3011 3194 3013
f 3009 3194 3011
f 3007 3191 3009
f 104 220 132
f 3005 3191 3007
f 133 104 132
f 3003 3187 3005
f 3001 3187 3003
f 2999 3183 3001
f 2997 3183 2999
f 2995 3178 2997
f 2993 3178 2995
f 2991 3174 2993
f 2989 3174 2991
f 2987 3172 2989
f 2985 3171 2987
f 2983 3171 2985
f 2982 3161 2983
f 3056 3161 2982
f 2979 3161 3056
f 2977 3157 2979
f 2975 3157 2977
f 2974 3157 2975
f 2971 3149 2974
f 2969 3144 2971
f 2966 3144 2969
f 2968 3141 2966
f 2962 3141 2968
f 2965 3143 2961
f 86 87 85
f 121 86 85
f 140 8 120
f 85 140 120
f 5 76 30
f 75 138 114
f 3209 3211 3205
f 112 170 24
f 111 137 27
f 3172 3171 3161
f 115 139 116
f 116 77 6
f 3157 3149 3144
f 117 81 79
f 82 83 122
f 84 89 88
f 122 84 88
f 142 213 186
f 14 186 143
f 97 160 217
f 94 160 97
f 97 162 61
f 99 201 145
f 61 194 99
f 99 145 130
f 100 145 102
f 130 145 100
f 102 145 106
f 21 109 110
f 72 110 70
f 70 110 135
f 134 147 220
f 103 220 16
f 16 249 131
f 131 144 98
f 3131 3023 3026
f 96 218 95
f 95 218 50
f 50 161 93
f 92 159 214
f 93 161 92
f 92 214 91
f 91 182 90
f 123 141 87
f 85 87 140
f 8 207 206
f 8 206 80
f 76 152 138
f 114 138 113
f 113 138 73
f 112 136 170
f 73 136 112
f 3128 2968 2966
f 24 170 203
f 111 203 137
f 74 203 204
f 2677 2622 2630
f 74 204 115
f 115 204 139
f 2683 2403 2703
f 77 205 81
f 2635 2583 2707
f 2583 2585 2636
f 81 174 79
f 2588 2590 2638
f 79 174 82
f 2638 2591 2710
f 2710 2592 2594
f 82 174 83
f 84 210 211
f 83 178 84
f 2645 2418 2646
f 84 211 89
f 89 181 156
f 2548 2648 2696
f 89 156 125
f 2651 2615 2652
f 2652 2617 2698
f 2617 2423 2650
f 2650 2614 2613
f 2716 2612 2647
f 2420 2695 2727
f 160 190 217
f 217 190 162
f 2483 2688 2689
f 2578 2704 2405
f 2568 2676 2621
f 2628 2425 2675
f 221 253 109
f 2626 2561 2672
f 147 251 220
f 249 200 144
f 198 163 195
f 219 247 193
f 144 195 219
f 193 245 218
f 214 185 182
f 182 243 157
f 212 155 209
f 206 153 152
f 138 172 136
f 172 238 136
f 136 236 170
f 202 149 203
f 203 171 204
f 204 150 205
f 205 240 174
f 211 210 181
f 213 158 186
f 2570 2678 2447
f 2401 2678 2444
f 158 244 215
f 215 288 160
f 2929 2618 2673
f 162 316 194
f 2782 2675 2618
f 2700 2676 2699
f 194 246 201
f 2804 2680 2678
f 2936 2631 2680
f 2702 2684 2936
f 201 300 165
f 2823 2633 2684
f 165 250 167
f 2706 2688 2687
f 167 250 146
f 2688 2943 2689
f 2709 2690 2689
f 146 304 253
f 2759 2691 2722
f 2949 2694 2691
f 2713 2694 2723
f 169 254 168
f 168 254 252
f 2901 2695 2898
f 251 318 303
f 166 317 249
f 200 248 164
f 2955 2696 2648
f 164 248 163
f 2645 2953 2724
f 2714 2645 2724
f 2762 2692 2693
f 193 344 245
f 2705 2686 2707
f 161 314 216
f 159 287 243
f 2935 2681 2682
f 2701 2679 2681
f 2679 2799 2677
f 2732 2629 2677
f 243 328 157
f 2928 2619 2674
f 2730 2672 2619
f 157 279 212
f 155 277 275
f 212 277 155
f 155 275 241
f 241 273 270
f 241 270 154
f 154 267 153
f 153 264 152
f 152 264 151
f 151 239 172
f 172 239 238
f 236 311 148
f 148 311 149
f 149 255 171
f 150 258 240
f 240 263 268
f 174 268 208
f 208 269 178
f 2772 2726 2901
f 181 312 313
f 210 276 181
f 181 313 156
f 156 242 213
f 213 242 158
f 288 290 315
f 293 296 316
f 246 299 300
f 250 331 304
f 304 308 254
f 309 307 306
f 319 309 306
f 305 307 303
f 318 305 303
f 248 298 297
f 295 297 294
f 344 291 314
f 314 291 289
f 1970 2063 2018
f 2245 1861 2032
f 2034 2071 2032
f 1803 2162 2072
f 2037 2075 2147
f 2043 1996 2045
f 2050 2081 2019
f 273 271 270
f 2052 2007 2054
f 270 271 267
f 1952 2056 1816
f 2017 2058 2060
f 239 259 256
f 237 320 311
f 1806 2074 1807
f 1989 2074 1806
f 261 322 262
f 258 261 262
f 1850 1976 2026
f 2025 2064 2067
f 263 266 268
f 2020 2063 2061
f 269 272 274
f 276 325 312
f 312 325 278
f 313 281 242
f 285 283 244
f 286 283 288
f 288 329 290
f 290 329 315
f 315 343 292
f 292 343 345
f 296 345 299
f 299 330 300
f 250 394 331
f 301 394 250
f 308 332 310
f 310 333 309
f 309 333 307
f 317 406 348
f 302 406 317
f 298 347 297
f 297 346 294
f 289 342 287
f 287 388 328
f 284 327 282
f 282 327 279
f 279 327 326
f 275 326 273
f 265 337 382
f 260 382 259
f 265 382 260
f 256 380 335
f 259 321 256
f 237 335 320
f 256 335 237
f 311 334 255
f 2135 2023 2133
f 2216 2064 2023
f 255 336 257
f 257 336 261
f 2140 2070 2243
f 322 338 263
f 2145 2036 2033
f 263 384 266
f 2273 2074 2148
f 269 323 272
f 2380 2079 2290
f 2194 2044 2079
f 272 323 325
f 2200 2085 2084
f 2385 2086 2085
f 2154 2013 2086
f 278 325 280
f 2156 2351 2089
f 285 280 283
f 2208 2091 2089
f 2058 2355 2158
f 2394 2090 2158
f 725 664 723
f 768 725 767
f 2155 2056 2088
f 727 666 726
f 769 727 768
f 2387 2087 2056
f 2153 2322 2082
f 795 730 729
f 2197 2081 2082
f 2300 2080 2081
f 731 570 770
f 797 732 731
f 2149 2077 2163
f 734 674 732
f 2376 2076 2077
f 771 734 797
f 2185 2075 2076
f 772 735 771
f 737 677 735
f 774 737 772
f 2257 2071 2072
f 740 681 738
f 776 742 774
f 2138 2066 2068
f 777 686 776
f 2136 2022 2065
f 800 749 747
f 2134 2132 2022
f 778 749 800
f 778 687 749
f 2130 2062 2061
f 751 621 688
f 803 689 751
f 2176 2175 2229
f 842 612 750
f 748 600 612
f 745 587 746
f 799 745 748
f 741 684 743
f 775 741 799
f 739 680 775
f 773 739 775
f 798 736 773
f 724 553 793
f 724 662 553
f 789 720 662
f 785 502 655
f 712 650 714
f 814 712 714
f 2393 2208 2352
f 783 643 645
f 758 475 623
f 702 637 704
f 757 702 758
f 756 700 757
f 698 634 700
f 754 698 756
f 694 631 696
f 753 694 754
f 691 629 753
f 692 449 690
f 752 692 691
f 780 693 752
f 695 632 693
f 699 635 697
f 755 699 695
f 807 701 755
f 703 638 701
f 781 703 807
f 706 640 705
f 782 706 781
f 708 642 707
f 759 708 782
f 2191 2192 2289
f 649 646 759
f 782 649 759
f 760 709 649
f 713 651 711
f 761 713 760
f 716 653 715
f 784 716 761
f 717 656 784
f 719 657 718
f 762 719 717
f 764 660 762
f 765 527 764
f 766 721 765
f 722 661 721
f 767 722 766
f 626 554 548
f 666 626 665
f 580 578 731
f 674 580 731
f 1507 1544 1485
f 677 583 675
f 1538 1754 1539
f 1553 1487 1539
f 681 585 679
f 1639 1491 1512
f 1562 1493 1491
f 749 601 686
f 1464 1574 1520
f 689 619 621
f 689 620 619
f 1523 1581 1525
f 802 618 620
f 1530 1786 1532
f 1535 1598 1536
f 587 594 600
f 684 587 685
f 1731 1588 1504
f 678 577 582
f 1526 1582 1473
f 672 568 673
f 1519 1673 1518
f 1518 1668 1770
f 1514 1492 1457
f 1646 1452 1492
f 662 538 553
f 720 532 662
f 1509 1547 1508
f 659 526 720
f 1600 1483 1482
f 650 500 502
f 714 650 502
f 623 483 643
f 475 477 623
f 466 468 639
f 637 466 639
f 631 622 633
f 449 448 447
f 632 451 449
f 638 467 635
f 642 481 641
f 709 498 494
f 653 503 652
f 656 624 654
f 657 513 656
f 661 541 765
f 554 552 548
f 628 565 671
f 570 563 628
f 578 573 570
f 617 611 601
f 610 618 750
f 612 610 750
f 600 599 612
f 577 579 582
f 670 568 672
f 1445 1484 1264
f 553 556 667
f 1449 1489 1488
f 538 546 553
f 532 538 662
f 526 523 720
f 1460 1461 1494
f 1770 1314 1436
f 1465 1467 1440
f 1468 1470 1497
f 1470 1328 1499
f 648 497 650
f 1473 1336 1500
f 1475 1503 1502
f 492 489 648
f 1419 1504 1503
f 1477 1506 1504
f 1443 1506 1346
f 1480 1353 1481
f 1354 1536 1481
f 1535 1349 1478
f 468 477 475
f 1442 1530 1505
f 1343 1474 1476
f 462 470 466
f 1337 1501 1474
f 1469 1498 1471
f 448 450 447
f 1463 1438 1464
f 1463 1318 1438
f 1462 1311 1495
f 467 451 635
f 1456 1493 1458
f 472 473 638
f 1453 1491 1493
f 1451 1490 1491
f 1284 1448 1490
f 646 484 481
f 1276 1487 1448
f 1269 1446 1487
f 1261 1483 1485
f 494 490 647
f 503 508 498
f 506 508 503
f 624 506 504
f 527 534 625
f 541 540 765
f 557 565 552
f 611 597 686
f 618 603 619
f 594 590 599
f 576 581 577
f 451 471 450
f 941 860 1098
f 1105 860 1102
f 1108 865 1105
f 481 484 473
f 945 947 1071
f 1122 874 1014
f 960 903 1150
f 1157 909 1080
f 971 924 1176
f 969 973 1187
f 540 543 539
f 1178 969 1185
f 552 551 550
f 552 565 551
f 958 901 959
f 565 563 562
f 1143 901 1146
f 984 953 1136
f 563 573 566
f 1074 883 1132
f 1129 883 1074
f 983 879 1129
f 573 572 569
f 949 876 982
f 1114 870 1115
f 943 864 1114
f 1069 864 1111
f 1106 862 1069
f 942 857 1106
f 583 444 575
f 939 853 1099
f 583 585 432
f 585 593 586
f 611 605 604
f 607 609 606
f 621 615 614
f 889 892 893
f 900 903 904
f 603 602 616
f 595 592 591
f 599 590 595
f 590 584 589
f 911 910 963
f 581 673 428
f 883 879 948
f 567 564 442
f 560 558 561
f 556 549 555
f 546 542 544
f 538 535 536
f 533 529 535
f 523 528 533
f 524 520 525
f 523 519 524
f 514 512 515
f 507 500 509
f 497 495 499
f 487 483 485
f 483 477 480
f 477 474 478
f 462 463 465
f 458 464 460
f 450 424 458
f 450 471 424
f 471 476 482
f 473 484 479
f 491 498 496
f 498 508 501
f 513 522 518
f 572 443 569
f 444 391 575
f 586 419 432
f 446 445 596
f 3639 3640 3654
f 3644 3641 3639
f 3654 3664 3657
f 433 420 393
f 591 405 433
f 549 415 558
f 438 412 425
f 495 438 499
f 3435 3365 3248
f 3433 3435 3284
f 3309 3433 3283
f 3418 3338 3239
f 423 409 469
f 3375 3376 3281
f 3360 3404 3278
f 3335 3360 3277
f 435 423 463
f 459 435 456
f 3336 3359 3224
f 3337 3299 3279
f 3415 3362 3279
f 471 410 424
f 3457 3314 3316
f 3480 3385 3317
f 3293 3325 3261
f 3354 3350 3294
f 3332 3333 3275
f 3388 3330 3275
f 3508 3355 3296
f 3324 3492 3292
f 3320 3321 3288
f 3318 3319 3287
f 41 89 125
f 39 11 88
f 36 122 88
f 11 36 88
f 34 79 36
f 7 117 34
f 7 6 117
f 4 115 116
f 4 29 115
f 27 74 29
f 24 111 27
f 1 112 25
f 2 113 112
f 1 2 112
f 3 75 2
f 75 114 2
f 3 30 75
f 31 78 5
f 8 80 31
f 9 120 8
f 9 10 120
f 37 121 85
f 10 37 85
f 12 90 42
f 44 91 90
f 12 44 90
f 13 92 91
f 13 48 92
f 50 93 48
f 52 95 50
f 55 95 52
f 16 131 98
f 59 63 16
f 18 101 16
f 826 766 765
f 71 132 101
f 822 764 762
f 19 135 71
f 135 134 71
f 19 70 135
f 22 21 72
f 20 68 21
f 823 763 720
f 105 17 100
f 15 61 17
f 61 130 17
f 796 672 673
f 15 58 61
f 94 97 58
f 843 747 777
f 51 127 94
f 47 127 51
f 43 125 45
f 760 782 813
f 441 389 417
f 569 443 441
f 574 403 443
f 391 403 574
f 444 419 391
f 432 419 444
f 586 301 419
f 586 445 301
f 434 332 407
f 613 422 434
f 615 421 422
f 602 333 421
f 774 838 835
f 393 333 602
f 418 404 431
f 430 418 431
f 429 418 430
f 3234 813 809
f 442 416 390
f 415 388 442
f 542 414 415
f 536 530 414
f 512 387 400
f 3264 834 2625
f 425 385 413
f 425 412 385
f 438 339 412
f 438 383 339
f 3263 836 833
f 436 383 438
f 485 383 436
f 480 382 337
f 3449 3567 3451
f 478 411 480
f 3437 3445 3440
f 474 380 411
f 3564 3423 3421
f 409 335 474
f 3543 3529 3411
f 3408 3409 3403
f 423 379 409
f 408 379 423
f 3395 3525 3393
f 408 424 379
f 3400 3396 3398
f 464 424 408
f 3406 3400 3398
f 3560 3412 3410
f 482 381 410
f 482 396 381
f 3444 3441 3443
f 3599 3533 3443
f 3452 3450 3448
f 3570 3448 3458
f 3535 3572 3469
f 3471 3466 3475
f 437 384 338
f 3553 3481 3482
f 493 439 437
f 3494 3669 3489
f 496 439 493
f 3577 3541 3503
f 3511 3550 3514
f 505 397 440
f 3506 3515 3510
f 517 398 505
f 522 398 517
f 3622 3495 3496
f 522 399 398
f 3554 3496 3490
f 3483 3540 3484
f 3552 3478 3474
f 426 401 522
f 543 401 426
f 3445 3451 3447
f 3431 3440 3435
f 228 364 227
f 3403 3409 3404
f 3396 3391 3392
f 3405 3398 3399
f 227 359 225
f 225 354 223
f 3494 3489 3293
f 3516 3515 3521
f 223 349 222
f 3470 3474 3472
f 3460 3467 3465
f 3455 3460 3461
f 3451 3456 3381
f 222 353 224
f 3417 3418 3301
f 3416 3414 3376
f 224 358 226
f 3389 3390 3372
f 3391 3389 3371
f 3398 3392 3373
f 3561 3415 3363
f 226 362 229
f 3441 3432 3364
f 3469 3463 3384
f 229 365 230
f 3501 3498 3352
f 3504 3507 3513
f 3514 3513 3387
f 3519 3387 3523
f 3515 3522 3388
f 3510 3516 3508
f 230 369 192
f 3496 3349 3492
f 3490 3492 3386
f 192 373 232
f 3472 3344 3468
f 3465 3468 3383
f 3459 3462 3381
f 232 373 234
f 3378 3379 3309
f 3424 3378 3306
f 234 378 235
f 3297 3372 3334
f 3373 3359 3336
f 3377 3426 3307
f 235 375 233
f 3457 3453 3343
f 3491 3291 3370
f 233 372 231
f 3352 3498 3350
f 3513 3507 3354
f 3523 3387 3329
f 231 368 187
f 3368 3484 3347
f 3478 3368 3345
f 187 366 184
f 184 366 228
f 3649 3648 3726
f 402 283 427
f 402 329 283
f 389 329 417
f 3687 3630 3628
f 3684 3527 3626
f 3686 3629 3631
f 391 345 403
f 3635 3636 3637
f 419 345 391
f 419 301 345
f 3722 3645 3767
f 3767 3646 3725
f 445 394 301
f 3738 3662 3663
f 407 394 445
f 332 331 407
f 3742 3671 3673
f 422 332 434
f 3704 3679 3789
f 3750 3680 3678
f 3677 3676 3788
f 3701 3674 3672
f 393 406 333
f 431 392 405
f 3721 3768 3720
f 404 392 431
f 390 346 429
f 3706 3682 3684
f 416 344 390
f 388 416 442
f 3717 3761 3722
f 414 388 415
f 414 341 388
f 3729 3775 3732
f 3734 3779 3735
f 400 340 530
f 412 326 385
f 3730 3776 3602
f 411 321 382
f 409 320 335
f 3791 3757 3710
f 424 320 379
f 410 334 424
f 381 336 410
f 396 322 381
f 3838 3725 3795
f 3799 3782 3882
f 440 386 439
f 397 386 440
f 398 325 397
f 522 280 399
f 3534 3571 3454
f 3536 3467 3460
f 3573 3536 3460
f 3820 3868 3867
f 3575 3548 3478
f 3696 3576 3483
f 3833 3832 3834
f 3670 3622 3496
f 3835 3876 3837
f 3702 3502 3497
f 3847 3797 3849
f 3512 3515 3506
f 3853 3881 3891
f 3891 3882 3855
f 3855 3883 3858
f 3557 3520 3518
f 3517 3514 3520
f 3542 3517 3520
f 3578 3511 3514
f 3624 3577 3504
f 3541 3493 3498
f 3488 3669 3494
f 3905 3827 3825
f 3493 3488 3494
f 3539 3553 3486
f 3553 3479 3481
f 3870 3821 3916
f 3538 3574 3477
f 3823 3826 3919
f 3537 3466 3471
f 3850 3880 3936
f 3568 3599 3450
f 3442 3436 3441
f 3636 3563 3425
f 3562 3561 3422
f 3689 3407 3412
f 3406 3401 3400
f 3527 3395 3396
f 3401 3527 3396
f 3402 3628 3403
f 3628 3408 3403
f 3688 3543 3409
f 3530 3544 3416
f 3911 3941 3944
f 3564 3545 3423
f 3427 3566 3428
f 3566 3431 3428
f 3546 3449 3445
f 3693 3571 3534
f 3698 3700 3540
f 3555 3556 3506
f 3556 3680 3512
f 3542 3579 3517
f 3578 3550 3511
f 3673 3493 3541
f 3671 3488 3493
f 3699 3669 3488
f 3671 3699 3488
f 3665 3553 3539
f 3574 3538 3553
f 3663 3574 3553
f 3646 3442 3533
f 3442 3645 3436
f 3692 3645 3442
f 3528 3406 3407
f 3766 3770 3875
f 3689 3686 3407
f 3626 3527 3406
f 3760 3759 3918
f 3683 3627 3526
f 3526 3628 3402
f 3628 3688 3408
f 3543 3633 3529
f 3594 3546 3566
f 3814 3815 3934
f 3648 3567 3449
f 40 46 184
f 35 40 184
f 184 227 180
f 35 180 32
f 32 180 118
f 180 225 118
f 118 225 176
f 28 118 176
f 28 176 23
f 176 223 23
f 23 223 173
f 26 23 173
f 173 222 175
f 119 26 175
f 175 224 177
f 33 119 177
f 3684 3682 3580
f 177 226 179
f 3631 3629 3689
f 38 124 179
f 3637 3636 3582
f 3643 3551 3645
f 3725 3646 3599
f 179 229 183
f 53 126 183
f 3665 3663 3613
f 183 230 189
f 3749 3675 3624
f 53 189 57
f 3789 3679 3681
f 3705 3681 3625
f 3678 3680 3555
f 57 189 60
f 3788 3676 3623
f 3672 3674 3622
f 60 189 192
f 3661 3695 3575
f 3661 3575 3547
f 64 192 129
f 192 232 129
f 129 232 196
f 69 129 196
f 58 62 56
f 17 65 62
f 196 234 199
f 67 69 199
f 16 64 129
f 59 60 192
f 59 57 60
f 55 53 57
f 199 235 197
f 65 67 197
f 37 38 179
f 65 197 62
f 8 33 177
f 197 233 191
f 62 191 56
f 27 28 23
f 128 56 191
f 191 231 187
f 49 128 187
f 36 35 32
f 46 49 187
f 3589 3566 3545
f 3605 3547 3573
f 3630 3688 3628
f 3559 3626 3406
f 3700 3672 3554
f 3677 3555 3676
f 3663 3662 3574
f 3613 3663 3553
f 3579 3679 3578
f 3681 3579 3542
f 3680 3625 3557
f 3625 3681 3557
f 3555 3680 3556
f 3674 3702 3622
f 3578 3703 3550
f 3550 3624 3549
f 3547 3575 3552
f 3537 3572 3535
f 3545 3566 3427
f 3633 3690 3529
f 3686 3559 3528
f 3632 3689 3560
f 3627 3628 3526
f 3645 3551 3434
f 3581 3633 3543
f 3537 3535 3466
f 3690 3564 3544
f 3565 3589 3545
f 3680 3557 3512
f 3676 3555 3623
f 3546 3648 3449
f 3672 3670 3554
f 3700 3554 3540
f 3547 3552 3536
f 3651 3693 3534
f 3573 3547 3536
f 3569 3651 3567
f 43 46 40
f 125 43 40
f 3566 3546 3437
f 125 40 41
f 41 40 39
f 39 40 35
f 39 35 11
f 11 35 36
f 3526 3402 3397
f 3580 3525 3395
f 3406 3527 3401
f 36 32 34
f 7 34 118
f 7 118 6
f 3434 3532 3430
f 3533 3442 3444
f 6 118 116
f 116 118 28
f 4 116 28
f 4 28 29
f 3553 3538 3479
f 29 28 27
f 27 23 24
f 3579 3578 3514
f 24 23 112
f 112 23 26
f 112 26 25
f 3702 3623 3502
f 3622 3702 3497
f 1 25 26
f 1 26 2
f 3576 3540 3483
f 3 2 119
f 3536 3552 3474
f 3 119 30
f 401 280 522
f 399 280 398
f 5 30 119
f 5 119 31
f 31 119 33
f 386 323 439
f 31 33 8
f 384 263 338
f 8 177 124
f 9 8 124
f 9 124 10
f 379 320 409
f 411 380 321
f 10 124 37
f 37 124 38
f 383 337 339
f 37 179 126
f 37 126 42
f 385 326 413
f 413 326 387
f 12 42 126
f 12 126 44
f 400 327 340
f 340 341 530
f 91 44 126
f 530 341 414
f 91 126 53
f 13 91 53
f 13 53 48
f 390 344 346
f 48 53 50
f 392 348 406
f 50 53 52
f 52 53 55
f 421 395 422
f 407 331 394
f 55 57 59
f 59 192 63
f 443 343 389
f 63 192 64
f 16 63 64
f 417 329 402
f 427 283 543
f 18 16 129
f 18 129 101
f 101 129 71
f 71 129 69
f 19 71 69
f 19 69 70
f 70 69 67
f 72 70 67
f 72 67 22
f 21 22 67
f 20 21 67
f 20 67 68
f 107 68 67
f 107 67 66
f 66 67 65
f 105 66 65
f 105 65 17
f 15 17 62
f 15 62 58
f 58 56 54
f 54 56 128
f 94 54 128
f 94 128 51
f 51 128 49
f 47 51 49
f 47 49 46
f 14 47 46
f 14 46 45
f 43 45 46
f 3602 3605 3571
f 3602 3547 3605
f 3695 3696 3575
f 433 405 420
f 420 406 393
f 3681 3679 3579
f 3704 3703 3578
f 3675 3673 3577
f 45 125 14
f 3673 3671 3493
f 3694 3537 3574
f 3694 3655 3572
f 3655 3727 3570
f 3727 3568 3452
f 3725 3599 3568
f 3637 3582 3551
f 3635 3634 3561
f 3634 3632 3560
f 508 517 505
f 501 505 440
f 496 440 439
f 488 493 437
f 486 488 338
f 459 464 435
f 485 480 337
f 487 485 436
f 549 542 415
f 571 390 428
f 596 445 586
f 572 574 443
f 510 518 517
f 508 505 501
f 498 440 496
f 491 496 493
f 484 488 486
f 484 486 479
f 473 479 476
f 454 460 457
f 455 457 456
f 477 478 480
f 483 480 485
f 489 487 495
f 500 499 425
f 500 425 509
f 519 515 520
f 528 525 529
f 556 544 549
f 559 555 558
f 673 390 571
f 579 430 584
f 590 589 592
f 618 599 603
f 611 614 609
f 605 606 604
f 597 446 596
f 593 596 586
f 573 569 566
f 540 539 534
f 534 531 513
f 513 518 510
f 3629 3686 3689
f 490 488 484
f 450 458 453
f 3682 3683 3558
f 452 455 462
f 3580 3682 3558
f 462 465 470
f 470 469 474
f 3685 3628 3627
f 497 499 500
f 507 509 512
f 523 533 538
f 538 536 546
f 546 544 556
f 567 442 673
f 3690 3638 3564
f 3638 3589 3565
f 603 616 619
f 619 616 621
f 3566 3768 3594
f 621 614 611
f 611 604 597
f 597 596 593
f 3726 3648 3546
f 3594 3726 3546
f 583 575 578
f 578 574 572
f 3649 3651 3569
f 552 550 540
f 527 540 534
f 624 513 511
f 624 511 506
f 506 511 508
f 451 450 448
f 622 629 452
f 655 502 507
f 526 659 523
f 627 667 560
f 670 627 568
f 577 673 576
f 587 582 590
f 612 599 610
f 610 599 618
f 617 621 611
f 744 686 597
f 661 664 541
f 657 660 513
f 653 504 503
f 651 498 709
f 649 494 647
f 642 646 481
f 631 629 622
f 637 634 466
f 645 643 492
f 787 655 507
f 728 667 627
f 670 728 627
f 676 577 678
f 684 680 587
f 802 620 689
f 749 687 601
f 681 593 585
f 570 731 578
f 666 557 626
f 723 663 722
f 762 658 719
f 718 656 717
f 784 654 716
f 715 652 713
f 759 644 708
f 707 641 706
f 705 481 703
f 3928 3933 3978
f 697 635 695
f 3978 3934 3908
f 3933 3934 3978
f 690 447 691
f 753 630 694
f 696 633 698
f 700 636 702
f 704 639 758
f 3981 3934 3912
f 710 648 712
f 3934 3892 3912
f 3892 3938 3943
f 3934 3938 3892
f 3943 3938 3983
f 3983 3938 3985
f 794 670 672
f 3938 3986 3985
f 736 678 739
f 775 682 741
f 743 685 745
f 746 600 748
f 3938 3942 3986
f 3942 3913 3986
f 3942 3984 3913
f 742 683 740
f 738 679 737
f 735 675 734
f 3942 3940 3984
f 770 570 795
f 669 668 727
f 3940 3967 3984
f 726 665 725
f 3940 3982 3967
f 325 398 280
f 323 397 325
f 3940 3937 3982
f 266 384 323
f 3982 3935 3909
f 3909 3935 3963
f 321 380 256
f 3935 3980 3963
f 271 339 337
f 324 339 271
f 3935 3931 3980
f 273 326 324
f 3931 3979 3980
f 327 387 326
f 3931 3977 3979
f 328 341 327
f 342 388 287
f 3931 3958 3977
f 3958 3925 3974
f 3925 3906 3974
f 307 333 406
f 3906 3925 3973
f 332 395 333
f 3925 3972 3973
f 3925 3923 3972
f 3923 3902 3972
f 3923 3921 3902
f 3921 3969 3902
f 274 325 276
f 268 266 269
f 3921 3918 3969
f 262 322 263
f 255 257 258
f 3918 3899 3969
f 3918 3917 3899
f 264 265 260
f 267 271 265
f 3917 3970 3899
f 3917 3900 3970
f 3917 3971 3900
f 3917 3807 3971
f 3971 3807 3905
f 3807 3975 3905
f 303 307 302
f 306 307 305
f 3807 3875 3975
f 254 308 310
f 3875 3926 3975
f 300 301 250
f 316 296 246
f 3928 3976 3975
f 244 286 288
f 3928 3978 3976
f 244 283 286
f 276 312 181
f 3811 3778 3928
f 178 274 276
f 3778 3813 3928
f 3813 3933 3928
f 171 255 258
f 3813 3934 3933
f 236 237 311
f 238 256 237
f 239 256 238
f 3815 3938 3934
f 157 282 279
f 328 284 157
f 216 289 287
f 245 344 314
f 247 295 344
f 3818 3785 3938
f 249 317 248
f 3785 3942 3938
f 252 306 251
f 254 319 252
f 3785 3819 3942
f 253 304 254
f 3783 3817 3942
f 3819 3783 3942
f 3817 3940 3942
f 190 292 162
f 160 288 315
f 3817 3781 3940
f 3781 3816 3940
f 3816 3937 3940
f 205 150 240
f 203 149 171
f 3937 3812 3935
f 170 236 148
f 206 154 153
f 207 241 154
f 3812 3774 3935
f 3774 3810 3931
f 185 243 182
f 214 159 185
f 3810 3771 3931
f 3771 3925 3931
f 200 164 198
f 220 166 249
f 220 251 166
f 3769 3808 3925
f 110 252 147
f 110 169 168
f 109 253 169
f 106 167 146
f 3808 3923 3925
f 145 201 165
f 3808 3806 3923
f 3806 3762 3923
f 3923 3762 3921
f 186 158 215
f 125 213 142
f 3762 3760 3921
f 3760 3918 3921
f 174 208 83
f 205 174 81
f 137 203 74
f 3759 3804 3918
f 3918 3804 3917
f 78 152 76
f 140 209 8
f 87 212 140
f 141 212 87
f 90 157 141
f 3805 3763 3917
f 161 216 92
f 3763 3807 3917
f 3765 3766 3807
f 3766 3875 3807
f 146 221 109
f 3770 3926 3875
f 3770 3809 3926
f 3809 3928 3926
f 3809 3772 3928
f 94 188 160
f 143 215 94
f 3772 3811 3928
f 3772 3778 3811
f 3601 3604 3772
f 6 77 117
f 3778 3814 3813
f 3604 3606 3778
f 27 137 74
f 3606 3608 3814
f 3608 3609 3814
f 30 76 75
f 3609 3610 3814
f 80 206 78
f 3814 3818 3815
f 123 87 86
f 3610 3612 3818
f 90 141 123
f 3612 3615 3818
f 3615 3617 3818
f 98 193 96
f 3617 3619 3784
f 101 103 16
f 132 220 101
f 108 134 104
f 3619 3621 3785
f 3785 3783 3819
f 3621 3620 3785
f 102 106 105
f 3620 3618 3817
f 3618 3616 3817
f 3616 3614 3781
f 3614 3611 3781
f 3781 3780 3816
f 3780 3777 3937
f 3611 3607 3777
f 3607 3603 3777
f 3774 3771 3810
f 3603 3600 3774
f 3771 3769 3925
f 3600 3597 3769
f 3769 3764 3808
f 3597 3595 3769
f 3764 3762 3808
f 3136 2988 3176
f 3595 3590 3762
f 3590 3588 3762
f 3588 3586 3760
f 3129 2994 3180
f 3586 3584 3760
f 3584 3583 3759
f 3759 3805 3804
f 3583 3585 3759
f 3585 3587 3805
f 3587 3591 3763
f 3591 3592 3763
f 3592 3593 3765
f 3593 3596 3766
f 3770 3772 3809
f 3596 3598 3770
f 3598 3601 3772
f 3978 3960 3976
f 3978 3961 3960
f 3137 3021 3204
f 3978 3908 3961
f 3981 3910 3908
f 3138 3029 3222
f 3983 3985 3943
f 3986 3914 3985
f 3986 3913 3914
f 3982 3911 3967
f 3963 3936 3909
f 3980 3907 3930
f 3979 3907 3980
f 3972 3906 3973
f 3969 3901 3902
f 3969 3897 3898
f 3969 3895 3896
f 3899 3949 3895
f 3970 3900 3899
f 3971 3903 3900
f 3975 3924 3905
f 3976 3959 3975
f 3908 3932 3961
f 3910 3964 3908
f 3981 3939 3910
f 3147 3143 3153
f 3912 3939 3981
f 3153 3150 3156
f 3985 3945 3943
f 3156 3150 3160
f 3914 3947 3985
f 3160 3165 3163
f 3163 3165 3164
f 3164 3165 3168
f 3913 3968 3914
f 3168 3165 3169
f 3165 3166 3136
f 3967 3946 3913
f 3169 3136 3170
f 3170 3136 3175
f 3911 3944 3967
f 3175 3176 3182
f 3182 3184 3186
f 3963 3962 3936
f 3186 3188 3190
f 3930 3962 3963
f 3190 3193 3196
f 3977 3957 3979
f 3958 3957 3977
f 3196 3197 3199
f 3974 3955 3958
f 3906 3954 3974
f 3199 3137 3200
f 3200 3137 3202
f 3202 3137 3206
f 3904 3952 3906
f 3206 3204 3208
f 3902 3951 3904
f 3901 3951 3902
f 3208 3214 3210
f 3969 3916 3901
f 3210 3214 3213
f 3898 3916 3969
f 3213 3214 3215
f 3215 3214 3217
f 3217 3222 3219
f 3219 3222 3218
f 3218 3221 3216
f 3900 3950 3899
f 3216 3220 3212
f 3212 3220 3207
f 3207 3209 3203
f 3203 3205 3198
f 3959 3927 3956
f 3198 3201 3192
f 3976 3929 3959
f 3961 3888 3960
f 3192 3191 3189
f 3932 3888 3961
f 3889 3888 3932
f 3189 3187 3185
f 3851 3848 3888
f 3964 3851 3889
f 3910 3890 3964
f 3965 3890 3910
f 3185 3187 3181
f 3939 3852 3965
f 3892 3852 3939
f 3181 3178 3179
f 3892 3856 3852
f 3179 3178 3177
f 3943 3856 3892
f 3945 3857 3943
f 3177 3178 3167
f 3947 3894 3945
f 3948 3894 3947
f 3864 3866 3894
f 3167 3161 3162
f 3968 3864 3948
f 3162 3157 3159
f 3946 3861 3968
f 3159 3157 3158
f 3893 3858 3944
f 3941 3893 3944
f 3158 3157 3154
f 3154 3144 3152
f 3966 3855 3941
f 3152 3144 3151
f 3151 3144 3148
f 3909 3891 3966
f 3936 3853 3909
f 3148 3141 3145
f 3962 3850 3936
f 3145 3143 3146
f 3146 3143 3147
f 3037 2963 3035
f 3930 3847 3962
f 3040 2964 3037
f 3979 3840 3930
f 3957 3840 3979
f 3042 2967 3040
f 3955 3878 3957
f 3045 2970 3042
f 3954 3885 3955
f 3953 3885 3954
f 3047 2972 3045
f 3952 3831 3953
f 3049 2973 3047
f 3951 3823 3919
f 3051 2976 3049
f 3901 3823 3951
f 3916 3821 3823
f 3053 2978 3051
f 3897 3870 3916
f 3055 2980 3053
f 3896 3869 3897
f 3058 2981 3055
f 3895 3820 3896
f 3949 3820 3895
f 3915 3820 3949
f 3060 3133 3058
f 3950 3822 3915
f 3900 3822 3950
f 3062 2984 3060
f 3903 3824 3900
f 3064 2986 3062
f 3920 3825 3903
f 3905 3825 3920
f 3065 2986 3064
f 3067 2988 3065
f 3922 3830 3905
f 3924 3830 3922
f 3070 2990 3067
f 3956 3886 3924
f 3927 3887 3956
f 3072 3129 3070
f 3929 3839 3927
f 3074 2994 3072
f 2994 3129 2992
f 3976 3839 3929
f 3960 3841 3976
f 3888 3843 3841
f 3076 2996 3074
f 3888 3848 3846
f 3078 2998 3076
f 3080 3000 3078
f 3082 3002 3080
f 3852 3856 3854
f 3083 3002 3082
f 3085 3004 3083
f 3862 3859 3857
f 3087 3006 3085
f 3863 3802 3862
f 3090 3008 3087
f 3894 3866 3863
f 3092 3010 3090
f 3803 3865 3864
f 3094 3012 3092
f 3858 3860 3861
f 3096 3014 3094
f 3098 3016 3096
f 3100 3018 3098
f 3936 3880 3853
f 3102 3134 3100
f 3850 3849 3880
f 3847 3849 3850
f 3104 3021 3102
f 3845 3797 3847
f 3840 3844 3845
f 3106 3024 3104
f 3878 3842 3840
f 3108 3025 3106
f 3885 3837 3878
f 3110 3135 3108
f 3834 3876 3835
f 3831 3832 3833
f 3113 3132 3110
f 3919 3829 3831
f 3114 3132 3113
f 3826 3828 3919
f 3116 3029 3114
f 3117 3029 3116
f 3119 3029 3117
f 3120 3127 3119
f 3122 3127 3120
f 3870 3709 3821
f 3125 3034 3122
f 3126 3030 3125
f 3820 3867 3869
f 3124 3032 3126
f 3822 3871 3820
f 3123 3032 3124
f 3121 3031 3123
f 3822 3872 3791
f 3118 3028 3121
f 3115 3027 3118
f 3112 3026 3115
f 3111 3026 3112
f 3109 3026 3111
f 3839 3877 3887
f 3107 3022 3109
f 3841 3879 3839
f 3105 3020 3107
f 3888 3730 3843
f 3846 3737 3888
f 3848 3737 3846
f 3103 3019 3105
f 3851 3737 3848
f 3851 3697 3737
f 3101 3017 3103
f 3800 3697 3851
f 3017 3130 3019
f 3890 3800 3851
f 3852 3800 3890
f 3099 3015 3101
f 3854 3741 3852
f 3097 3013 3099
f 3857 3854 3856
f 3859 3743 3857
f 3095 3011 3097
f 3802 3744 3743
f 3752 3748 3802
f 3093 3009 3095
f 3866 3755 3863
f 3091 3007 3093
f 3865 3789 3866
f 3803 3751 3789
f 3089 3005 3091
f 3801 3747 3803
f 3861 3801 3803
f 3088 3005 3089
f 3860 3801 3861
f 3086 3005 3088
f 3884 3786 3860
f 3883 3786 3884
f 3084 3001 3086
f 3882 3782 3786
f 3881 3799 3882
f 3081 2999 3084
f 3853 3799 3881
f 3880 3739 3853
f 3079 2997 3081
f 3849 3798 3880
f 3077 2995 3079
f 3728 3731 3845
f 3844 3728 3845
f 3075 2993 3077
f 3842 3728 3844
f 3795 3725 3728
f 3878 3795 3842
f 3073 2991 3075
f 3838 3795 3878
f 3717 3724 3838
f 3071 2989 3073
f 3832 3717 3876
f 3829 3717 3832
f 3069 2987 3071
f 3068 2987 3069
f 3828 3637 3829
f 3066 2987 3068
f 3826 3637 3828
f 3823 3712 3826
f 3063 2983 3066
f 3821 3634 3823
f 3061 2982 3063
f 3709 3756 3821
f 3059 3056 3061
f 3869 3709 3870
f 3867 3706 3869
f 3868 3706 3867
f 3057 2979 3059
f 3871 3710 3868
f 3054 2977 3057
f 3872 3757 3791
f 3052 2975 3054
f 3873 3757 3872
f 3792 3758 3757
f 3824 3792 3873
f 3050 2974 3052
f 3825 3792 3824
f 3827 3793 3825
f 3048 2971 3050
f 3830 3793 3827
f 3874 3794 3830
f 3046 2969 3048
f 3723 3719 3794
f 3886 3723 3874
f 3836 3723 3886
f 3044 2966 3046
f 3887 3726 3836
f 3043 2966 3044
f 3877 3726 3887
f 3879 3649 3877
f 3041 2966 3043
f 3843 3730 3879
f 3039 2962 3041
f 3733 3776 3730
f 3737 3733 3730
f 3038 2962 3039
f 3036 2961 3038
f 3697 3740 3737
f 3035 2965 3036
f 3800 3741 3697
f 2561 2619 2672
f 3854 3701 3741
f 2627 2674 2619
f 3743 3788 3854
f 2562 2629 2627
f 2629 2933 2627
f 3744 3788 3743
f 2564 2629 2562
f 3745 3678 3744
f 3748 3750 3745
f 2399 2677 2629
f 3753 3750 3752
f 3802 3753 3752
f 3755 3790 3802
f 2622 2677 2399
f 3789 3754 3755
f 2455 2681 2630
f 3747 3749 3751
f 2573 2681 2455
f 3801 3746 3747
f 3801 3749 3746
f 2403 2683 2573
f 2574 2703 2403
f 3782 3742 3786
f 2634 2719 2685
f 2580 2635 2634
f 2635 2686 2634
f 3798 3738 3739
f 2581 2635 2580
f 3736 3660 3798
f 2583 2635 2581
f 3735 3779 3660
f 3797 3735 3736
f 3796 3734 3797
f 3731 3732 3796
f 2583 2636 2707
f 3728 3729 3731
f 2587 2636 2585
f 3725 3727 3728
f 2588 2638 2636
f 3724 3767 3725
f 3717 3767 3724
f 2591 2638 2590
f 2592 2710 2591
f 3712 3713 3637
f 3756 3631 3634
f 2513 2693 2692
f 2642 2764 2513
f 2643 2714 2642
f 3706 3707 3709
f 2417 2645 2643
f 3708 3682 3706
f 3710 3708 3706
f 2418 2645 2417
f 2538 2696 2646
f 2421 2696 2538
f 2548 2696 2421
f 2609 2648 2548
f 3793 3714 3715
f 2649 2717 2648
f 3720 3691 3716
f 2560 2651 2649
f 3719 3720 3718
f 3723 3721 3719
f 2615 2651 2560
f 2616 2652 2615
f 2617 2652 2616
f 3730 3773 3649
f 2617 2650 2698
f 2614 2650 2423
f 3733 3661 3776
f 3740 3661 3733
f 2612 2716 2613
f 3741 3700 3697
f 2420 2727 2647
f 3701 3672 3741
f 3702 3674 3701
f 3788 3702 3701
f 2604 2695 2539
f 2602 2644 2604
f 2644 2769 2695
f 2601 2644 2602
f 3625 3680 3750
f 3790 3705 3750
f 2416 2713 2644
f 3754 3705 3790
f 2521 2713 2416
f 3789 3681 3754
f 2515 2694 2521
f 3751 3704 3789
f 2641 2694 2515
f 3787 3675 3749
f 2597 2639 2641
f 2639 2694 2641
f 3786 3675 3787
f 2595 2639 2597
f 2498 2639 2595
f 3782 3699 3742
f 2410 2690 2639
f 3799 3663 3782
f 3739 3663 3799
f 2493 2690 2410
f 2637 2690 2493
f 3779 3694 3660
f 2407 2689 2637
f 2483 2689 2407
f 3734 3655 3779
f 3725 3568 3727
f 2406 2704 2584
f 2704 2687 2483
f 2405 2704 2406
f 3761 3551 3722
f 2576 2633 2578
f 2575 2633 2576
f 3713 3635 3637
f 2632 2684 2633
f 2402 2631 2632
f 3689 3632 3634
f 2631 2936 2632
f 2402 2680 2631
f 3711 3686 3631
f 2447 2680 2571
f 3756 3686 3711
f 3626 3559 3686
f 3707 3626 3756
f 3684 3626 3707
f 2568 2621 2678
f 2621 2676 2678
f 2566 2628 2568
f 2628 2676 2568
f 3685 3627 3708
f 3710 3685 3708
f 2563 2628 2566
f 3757 3687 3710
f 3688 3630 3687
f 2425 2628 2563
f 3758 3581 3757
f 2425 2618 2675
f 3714 3690 3715
f 2561 2626 2673
f 2626 2672 2673
f 2565 2619 2429
f 2429 2619 2396
f 3793 3589 3714
f 3768 3566 3691
f 2432 2627 2565
f 2398 2627 2434
f 2434 2627 2432
f 3726 3594 3768
f 2436 2562 2398
f 3693 3651 3649
f 2438 2564 2436
f 2569 2399 2441
f 2441 2399 2438
f 2445 2622 2569
f 3345 3346 3320
f 3318 3345 3319
f 3476 3478 3318
f 3347 3348 3323
f 3346 3347 3321
f 2448 2630 2445
f 3369 3324 3290
f 3348 3369 3290
f 2450 2630 2448
f 3484 3369 3348
f 3386 3492 3324
f 2452 2455 2450
f 3349 3351 3326
f 2454 2455 2452
f 2457 2455 2454
f 3349 3353 3351
f 3505 3508 3327
f 3516 3355 3508
f 2459 2403 2457
f 3355 3521 3328
f 2461 2403 2459
f 3516 3521 3355
f 3521 3388 3328
f 2463 2574 2461
f 3522 3358 3330
f 3357 3356 3331
f 2577 2685 2466
f 3358 3357 3333
f 2466 2685 2463
f 3524 3523 3358
f 2404 2685 2468
f 2468 2685 2577
f 3387 3513 3295
f 2470 2634 2404
f 2472 2634 2470
f 3507 3352 3354
f 2473 2580 2472
f 2475 2581 2473
f 3498 3293 3350
f 3293 3370 3325
f 2477 2583 2475
f 2479 2583 2477
f 2481 2585 2479
f 3385 3473 3317
f 2484 2587 2481
f 3384 3463 3316
f 3457 3343 3314
f 2486 2588 2484
f 3453 3342 3311
f 3343 3453 3312
f 2488 2588 2486
f 3446 3438 3285
f 3342 3446 3310
f 2491 2590 2488
f 2494 2591 2491
f 3340 3307 3308
f 2496 2592 2494
f 3340 3377 3307
f 3307 3339 3305
f 3426 3425 3307
f 3419 3363 3304
f 3425 3419 3339
f 2500 2594 2496
f 3363 3415 3302
f 2502 2594 2500
f 2596 2640 2504
f 2504 2640 2502
f 2411 2640 2506
f 2506 2640 2596
f 2598 2692 2508
f 2508 2692 2411
f 2511 2513 2598
f 2599 2642 2514
f 2514 2642 2511
f 2642 2513 2414
f 2415 2642 2517
f 2517 2642 2599
f 2519 2643 2415
f 2522 2643 2519
f 2523 2417 2522
f 3404 3375 3298
f 3376 3414 3301
f 2525 2417 2523
f 3301 3418 3303
f 2527 2418 2525
f 2530 2646 2527
f 3420 3424 3338
f 2419 2646 2532
f 3378 3309 3306
f 2532 2646 2530
f 3379 3433 3309
f 2603 2538 2534
f 2534 2538 2419
f 2536 2538 2603
f 2605 2548 2536
f 3456 3459 3381
f 3382 3383 3367
f 2541 2609 2605
f 3462 3465 3382
f 2543 2609 2541
f 2545 2649 2543
f 2547 2649 2545
f 2607 2560 2550
f 2550 2560 2547
f 3483 3368 3478
f 3484 3386 3369
f 2552 2560 2607
f 2608 2615 2552
f 3500 3505 3353
f 2555 2616 2608
f 2557 2616 2555
f 2611 2617 2558
f 2558 2617 2557
f 2422 2617 2559
f 2559 2617 2611
f 2610 2423 2556
f 2556 2423 2422
f 2554 2614 2610
f 2553 2614 2554
f 2551 2613 2553
f 2549 2613 2551
f 2546 2612 2549
f 2544 2612 2546
f 2606 2647 2542
f 2542 2647 2544
f 3489 3370 3293
f 2540 2420 2606
f 2537 2539 2540
f 2539 2695 2420
f 2535 2604 2537
f 2533 2604 2535
f 2531 2602 2533
f 2529 2602 2531
f 2528 2601 2529
f 3446 3443 3438
f 2526 2601 2528
f 2600 2416 2524
f 2524 2416 2526
f 2520 2521 2600
f 2518 2521 2520
f 2516 2521 2518
f 2512 2641 2516
f 2412 2641 2510
f 3413 3405 3362
f 2510 2641 2512
f 2509 2597 2412
f 3405 3399 3337
f 2507 2597 2509
f 3374 3398 3361
f 2505 2595 2507
f 2503 2595 2505
f 3373 3391 3371
f 2593 2498 2501
f 2501 2498 2503
f 2499 2498 2593
f 2497 2498 2499
f 3394 3403 3360
f 2495 2493 2497
f 2409 2493 2492
f 2492 2493 2495
f 2589 2637 2490
f 2490 2637 2409
f 2408 2637 2489
f 2489 2637 2589
f 2487 2407 2408
f 2586 2483 2485
f 2485 2483 2487
f 2482 2584 2586
f 2480 2584 2482
f 2582 2406 2478
f 2478 2406 2480
f 3455 3461 3456
f 3461 3465 3462
f 2476 2405 2582
f 3467 3472 3468
f 3474 3478 3476
f 3472 3474 3344
f 2474 2579 2476
f 2579 2578 2405
f 3483 3484 3368
f 2471 2576 2474
f 2469 2576 2471
f 3487 3490 3386
f 2467 2575 2469
f 2465 2575 2467
f 3496 3500 3349
f 2464 2632 2465
f 2462 2632 2464
f 3502 3510 3508
f 2460 2402 2462
f 2458 2571 2460
f 3522 3520 3524
f 2456 2571 2458
f 2572 2447 2453
f 2453 2447 2456
f 2451 2447 2572
f 2449 2447 2451
f 3509 3504 3513
f 2444 2678 2570
f 3504 3501 3507
f 2446 2568 2449
f 3499 3498 3501
f 2400 2568 2443
f 2443 2568 2446
f 2442 2566 2400
f 2440 2566 2442
f 2439 2563 2440
f 3486 3482 3485
f 2437 2563 2439
f 2567 2425 2435
f 3482 3480 3322
f 2435 2425 2437
f 3477 3475 3480
f 3475 3469 3473
f 2433 2425 2567
f 3464 3457 3463
f 3469 3464 3463
f 2431 2424 2433
f 2430 2673 2431
f 3464 3458 3457
f 2397 2673 2428
f 2428 2673 2430
f 3458 3448 3446
f 2426 2561 2397
f 2396 2561 2427
f 2427 2561 2426
f 3448 3443 3446
f 3443 3441 3438
f 2929 2673 2784
f 3441 3430 3432
f 2782 2618 2929
f 3430 3426 3340
f 2932 2699 2782
f 2699 2675 2782
f 2700 2699 2932
f 3422 3561 3363
f 2734 2676 2700
f 2737 2678 2734
f 3410 3405 3413
f 2678 2676 2734
f 2804 2678 2737
f 3399 3398 3374
f 2738 2680 2804
f 2936 2680 2738
f 3392 3391 3373
f 3393 3394 3390
f 2743 2684 2702
f 3397 3403 3394
f 2823 2684 2743
f 3403 3404 3360
f 3409 3411 3375
f 2938 2578 2823
f 3411 3416 3376
f 3416 3417 3414
f 3421 3423 3420
f 2940 2704 2833
f 3544 3421 3418
f 3423 3424 3420
f 2706 2687 2940
f 3427 3428 3378
f 2844 2688 2706
f 3428 3429 3379
f 3429 3435 3433
f 3440 3447 3439
f 2709 2689 2943
f 3447 3380 3365
f 2753 2690 2709
f 3571 3460 3455
f 2721 2690 2753
f 3454 3571 3455
f 2755 2691 2721
f 2691 2690 2721
f 3467 3474 3470
f 2759 2722 2755
f 2722 2691 2755
f 2949 2691 2759
f 2712 2694 2949
f 3540 3487 3484
f 2723 2694 2712
f 2883 2713 2723
f 2767 2713 2883
f 3495 3497 3496
f 3497 3502 3505
f 2768 2644 2767
f 2644 2713 2767
f 3623 3506 3502
f 3510 3515 3516
f 2898 2769 2954
f 3518 3520 3522
f 2726 2695 2901
f 3520 3519 3523
f 2773 2727 2726
f 2727 2695 2726
f 3550 3504 3509
f 2776 2716 2773
f 3503 3541 3501
f 2777 2716 2776
f 3541 3499 3501
f 2926 2697 2777
f 3489 3669 3491
f 2728 2650 2926
f 2650 2613 2697
f 3669 3486 3491
f 2781 2650 2728
f 2780 2729 2781
f 3481 3479 3482
f 2729 2698 2650
f 2779 2651 2780
f 3475 3466 3469
f 2651 2729 2780
f 2718 2651 2779
f 3572 3458 3464
f 2717 2651 2718
f 2923 2717 2927
f 3450 3443 3448
f 2912 2648 2923
f 3533 3444 3443
f 3436 3434 3441
f 2955 2648 2912
f 3434 3430 3441
f 2715 2696 2955
f 3551 3531 3426
f 3532 3551 3430
f 2771 2725 2715
f 3531 3425 3426
f 2725 2696 2715
f 2953 2645 2771
f 2645 2725 2771
f 3412 3407 3410
f 3407 3398 3405
f 2764 2642 2714
f 2762 2693 2876
f 3395 3393 3391
f 2761 2711 2762
f 3525 3558 3393
f 2711 2692 2762
f 3558 3397 3393
f 2947 2640 2761
f 2640 2711 2761
f 3402 3403 3397
f 2863 2594 2947
f 2720 2710 2863
f 2710 2594 2863
f 2754 2710 2720
f 3416 3544 3417
f 2752 2638 2754
f 2942 2708 2752
f 2708 2638 2752
f 2751 2636 2942
f 2636 2708 2942
f 2705 2707 2840
f 2748 2686 2705
f 3567 3534 3451
f 2747 2719 2748
f 2719 2686 2748
f 2623 828 3250
f 2746 2719 2747
f 2744 2703 2746
f 2703 2685 2719
f 3257 833 3256
f 3259 833 3257
f 3259 3263 833
f 2935 2682 2812
f 2701 2681 2935
f 3265 839 836
f 2624 839 3265
f 2732 2677 2795
f 2933 2629 2732
f 2674 2933 2785
f 2928 2674 2783
f 3270 841 3271
f 2730 2619 2928
f 2625 841 3270
f 2784 2673 2730
f 2673 2672 2730
f 2790 2929 2788
f 2791 2782 2790
f 3262 834 3264
f 3260 834 3262
f 3260 990 834
f 2735 2932 2794
f 2794 2932 2791
f 3255 989 990
f 2797 2700 2735
f 2798 2700 2797
f 2800 2734 2798
f 2802 2737 2800
f 2805 2737 2802
f 3245 819 3246
f 2806 2804 2805
f 3242 819 3245
f 2739 2738 2809
f 2809 2738 2806
f 3242 816 819
f 2811 2738 2739
f 3235 815 816
f 2813 2936 2811
f 811 815 3235
f 2815 2936 2813
f 2816 2702 2815
f 3231 811 3235
f 2745 2743 2819
f 2819 2743 2816
f 3229 808 3231
f 2821 2743 2745
f 986 808 3229
f 2824 2823 2821
f 3226 985 986
f 2826 2823 2824
f 3226 805 985
f 2828 2823 2826
f 3227 805 3226
f 2831 2704 2828
f 2620 805 3227
f 2834 2940 2831
f 3230 809 2620
f 2836 2940 2834
f 3232 809 3230
f 2838 2706 2836
f 3234 809 3232
f 2841 2706 2838
f 3236 813 3234
f 2842 2750 2841
f 2750 2844 2706
f 3238 813 3236
f 2845 2844 2842
f 3238 820 813
f 2847 2943 2845
f 2943 2688 2844
f 3238 3243 820
f 2849 2709 2847
f 987 820 3243
f 2944 2709 2851
f 2851 2709 2849
f 3247 988 987
f 2852 2753 2944
f 3250 828 988
f 2854 2753 2852
f 2856 2721 2854
f 2858 2721 2856
f 2623 830 828
f 2860 2755 2858
f 833 830 2623
f 2757 2759 2864
f 2864 2759 2860
f 2946 2759 2866
f 2866 2759 2757
f 2760 2949 2867
f 2867 2949 2946
f 836 835 833
f 2870 2712 2760
f 839 774 836
f 2872 2712 2870
f 2874 2723 2872
f 2624 843 839
f 2877 2723 2874
f 2879 2883 2877
f 845 846 2624
f 2881 2883 2879
f 2882 2766 2881
f 844 846 845
f 2766 2767 2883
f 2886 2767 2882
f 841 842 844
f 2888 2768 2886
f 2890 2769 2888
f 2625 840 841
f 2770 2898 2892
f 2892 2898 2890
f 834 837 2625
f 2894 2901 2770
f 2897 2901 2894
f 990 831 834
f 2899 2901 2897
f 989 831 990
f 2902 2773 2899
f 2957 2773 2904
f 2904 2773 2902
f 827 829 989
f 2905 2776 2957
f 2959 2776 2907
f 2907 2776 2905
f 825 823 827
f 2909 2777 2959
f 2911 2777 2909
f 819 823 825
f 2775 2926 2913
f 2913 2926 2911
f 818 814 821
f 2916 2926 2775
f 816 814 818
f 2917 2926 2916
f 2919 2728 2917
f 815 814 816
f 2922 2781 2919
f 811 814 815
f 2925 2781 2922
f 2924 2778 2925
f 2778 2780 2781
f 808 806 811
f 2921 2779 2924
f 2960 2779 2920
f 2920 2779 2921
f 986 806 808
f 2918 2718 2960
f 985 804 986
f 2915 2718 2918
f 2774 2717 2914
f 2914 2717 2915
f 805 804 985
f 2910 2923 2774
f 2620 780 805
f 2958 2923 2908
f 2908 2923 2910
f 2906 2912 2958
f 809 810 2620
f 2903 2955 2906
f 813 810 809
f 2900 2715 2903
f 820 817 813
f 2895 2896 2900
f 2896 2771 2715
f 2893 2953 2895
f 987 822 820
f 988 824 987
f 2891 2724 2893
f 2952 2724 2889
f 828 826 824
f 2889 2724 2891
f 2765 2714 2887
f 2887 2714 2952
f 830 767 826
f 2951 2714 2885
f 2885 2714 2765
f 2884 2763 2951
f 2763 2764 2714
f 2880 2876 2884
f 832 770 795
f 2876 2693 2950
f 2878 2876 2880
f 835 731 832
f 2875 2876 2878
f 2873 2762 2875
f 838 774 835
f 2871 2761 2873
f 2948 2761 2869
f 2869 2761 2871
f 843 777 774
f 2758 2947 2868
f 2868 2947 2948
f 2865 2756 2758
f 846 800 843
f 2756 2863 2947
f 2862 2863 2865
f 2861 2863 2862
f 2859 2720 2861
f 842 801 802
f 2857 2754 2859
f 2945 2754 2855
f 2855 2754 2857
f 2853 2752 2945
f 840 748 842
f 2850 2942 2853
f 837 799 840
f 2848 2751 2850
f 2846 2751 2848
f 831 733 798
f 2749 2707 2843
f 2843 2707 2846
f 2839 2705 2749
f 829 793 831
f 2941 2705 2837
f 2837 2705 2839
f 792 724 793
f 2835 2748 2941
f 823 791 829
f 790 789 724
f 2832 2747 2835
f 2939 2747 2830
f 2830 2747 2832
f 2829 2746 2939
f 821 787 823
f 786 655 787
f 2827 2746 2829
f 814 786 821
f 2825 2744 2827
f 814 714 785
f 2822 2744 2825
f 2742 2683 2820
f 2820 2683 2822
f 2818 2937 2742
f 2937 2682 2683
f 2817 2741 2818
f 783 645 812
f 2741 2682 2937
f 806 623 783
f 2740 2935 2814
f 806 758 623
f 2814 2935 2817
f 2810 2701 2740
f 804 754 806
f 2808 2701 2810
f 779 691 753
f 2807 2701 2808
f 780 779 804
f 2934 2799 2679
f 2803 2795 2807
f 2795 2677 2934
f 807 755 780
f 2736 2732 2801
f 2801 2732 2803
f 2796 2931 2736
f 2793 2674 2796
f 2792 2783 2793
f 817 761 760
f 2733 2928 2792
f 822 717 817
f 2789 2730 2733
f 2930 2730 2787
f 788 764 822
f 2787 2730 2789
f 824 788 822
f 2731 2784 2786
f 2786 2784 2930
f 826 765 824
f 2788 2784 2731
f 2018 2063 2020
f 3250 3256 2623
f 1972 2022 1970
f 2022 2132 1970
f 1791 2022 1972
f 2024 2065 2022
f 1838 2066 2024
f 2027 2066 1838
f 1978 2028 2027
f 1980 2028 1978
f 3269 3272 2624
f 2030 2069 2028
f 1861 2245 2030
f 2245 2069 2030
f 3272 3271 845
f 2034 2032 1866
f 1801 2072 2034
f 2072 2071 2034
f 1803 2072 1801
f 3270 3267 2625
f 2037 2147 2073
f 2038 2075 2037
f 1991 2077 2038
f 2077 2076 2075
f 3260 3255 990
f 2039 2077 1991
f 2041 2163 2039
f 3255 3249 989
f 1994 2043 2041
f 2043 2163 2041
f 3249 3246 827
f 1996 2043 1994
f 1998 2045 1996
f 1809 2045 1998
f 2047 2081 1809
f 2019 2081 2047
f 2051 2082 2050
f 2052 2153 2051
f 2052 2054 2153
f 2010 2054 2007
f 3229 3226 986
f 1816 2087 2054
f 2014 2056 1952
f 2016 2056 2014
f 3227 3230 2620
f 1968 2090 1821
f 2059 2090 1968
f 2060 2158 2059
f 2057 2089 2058
f 1819 2055 2057
f 2055 2156 2057
f 2013 2055 1819
f 3247 3250 988
f 2011 2086 2013
f 3252 3254 3250
f 1815 2086 2011
f 2053 2085 1815
f 3254 3287 3256
f 2006 2085 2053
f 3287 3288 3256
f 3288 3290 3257
f 2005 2085 2006
f 3290 3292 3259
f 2003 2083 2085
f 3292 3326 3263
f 2049 2083 2003
f 3326 3268 3265
f 2048 2150 2049
f 3268 3327 3265
f 2046 2150 2048
f 3327 3296 3269
f 3296 3328 3269
f 1912 2044 2150
f 3328 3275 3272
f 1997 2044 1912
f 1995 2044 1997
f 3275 3274 3271
f 2040 2042 1995
f 3274 3273 3271
f 2042 2078 2044
f 3273 3295 3271
f 2040 2078 2042
f 3295 3294 3270
f 1807 2078 1992
f 3294 3266 3267
f 3266 3261 3264
f 1988 2036 1989
f 2036 2148 1989
f 3261 3289 3260
f 1987 2036 1988
f 3289 3258 3260
f 3258 3317 3260
f 3317 3253 3255
f 1984 2033 2035
f 1983 2033 1984
f 3253 3251 3249
f 3251 3312 3249
f 3312 3310 3246
f 2031 2243 2070
f 3310 3285 3246
f 1855 2029 2031
f 3285 3240 3246
f 2029 2161 2031
f 1850 2161 2029
f 3240 3308 3242
f 1850 2026 2161
f 3308 3305 3242
f 1793 2026 1976
f 3305 3237 3235
f 3237 3282 3235
f 2025 2067 1793
f 3282 3300 3235
f 2023 2064 2025
f 1973 2021 2023
f 3300 3228 3231
f 1971 2021 1973
f 3228 3224 3229
f 1969 2021 1971
f 3224 3223 3226
f 1790 2061 1969
f 2061 2062 2021
f 3223 3276 3226
f 2020 2061 1790
f 3276 3225 3227
f 1823 2018 1822
f 3225 3278 3227
f 3278 3280 3230
f 1826 1970 1823
f 3280 3281 3230
f 1828 1970 1826
f 3281 3233 3232
f 1830 1972 1828
f 3233 3303 3234
f 1832 1972 1830
f 3303 3239 3236
f 1975 1791 1834
f 1834 1791 1832
f 3239 3283 3238
f 1839 2024 1975
f 3283 3241 3243
f 3284 3244 3247
f 3241 3284 3243
f 1841 1838 1839
f 3244 3248 3247
f 1794 1838 1843
f 1843 1838 1841
f 1979 2027 1845
f 1845 2027 1794
f 3248 3252 3247
f 1795 2027 1846
f 1846 2027 1979
f 3366 3367 3252
f 1848 1978 1795
f 3315 3468 3252
f 3367 3315 3252
f 1851 1978 1848
f 3286 3344 3254
f 3468 3286 3254
f 1853 1980 1851
f 3344 3287 3254
f 1856 1980 1853
f 3319 3320 3287
f 1858 2030 1856
f 1797 2030 1859
f 3321 3323 3288
f 1859 2030 1858
f 1862 1861 1797
f 1864 1861 1862
f 1982 2032 1867
f 3492 3326 3292
f 1867 2032 1864
f 3353 3327 3268
f 1870 2034 1982
f 1800 2034 1872
f 1872 2034 1870
f 1985 1801 1874
f 3355 3328 3296
f 1874 1801 1800
f 3330 3332 3275
f 1877 1803 1985
f 3333 3331 3275
f 3329 3387 3274
f 1880 2073 1877
f 3387 3295 3273
f 1882 2073 1880
f 3513 3354 3295
f 1884 2037 1882
f 1804 2037 1886
f 1886 2037 1884
f 3350 3293 3294
f 1990 2038 1888
f 1888 2038 1804
f 3293 3261 3266
f 1805 2038 1889
f 1889 2038 1990
f 3325 3370 3261
f 1891 1991 1805
f 3291 3485 3289
f 3289 3322 3258
f 1893 1991 1891
f 3322 3317 3258
f 1894 2039 1893
f 1897 1993 1894
f 1993 2041 2039
f 3473 3316 3253
f 1900 2041 1897
f 3316 3312 3251
f 3314 3313 3316
f 1901 1994 1900
f 1903 1996 1901
f 1905 1996 1903
f 1907 1998 1905
f 3364 3432 3240
f 3285 3364 3240
f 3438 3364 3285
f 1909 1998 1907
f 3432 3308 3240
f 2000 1809 1911
f 1911 1809 1909
f 1914 2047 2000
f 3339 3282 3237
f 1916 2047 1914
f 3304 3302 3282
f 1918 2019 1916
f 1811 2019 1920
f 1920 2019 1918
f 3362 3337 3279
f 1922 2050 1811
f 3279 3361 3228
f 3299 3361 3279
f 1924 2050 1922
f 3361 3224 3228
f 1926 2051 1924
f 3359 3223 3224
f 1812 2051 1927
f 1927 2051 1926
f 3334 3372 3223
f 3297 3334 3223
f 2004 2052 1929
f 1929 2052 1812
f 3372 3276 3223
f 1813 2052 1931
f 1931 2052 2004
f 3277 3360 3225
f 3390 3277 3276
f 1933 2007 1813
f 3360 3278 3225
f 1935 2007 1933
f 3404 3280 3278
f 1937 2010 1935
f 3298 3375 3280
f 1939 2010 1937
f 2009 1816 1941
f 3376 3301 3281
f 1941 1816 1939
f 3301 3303 3233
f 1943 1952 2009
f 1817 1952 1945
f 3338 3306 3239
f 1945 1952 1943
f 3306 3283 3239
f 1947 2014 1817
f 1949 2014 1947
f 3433 3284 3241
f 1951 2016 1949
f 3435 3248 3244
f 1953 2016 1951
f 3341 3380 3248
f 3365 3341 3248
f 1955 1821 1953
f 3381 3366 3252
f 3380 3381 3248
f 2111 2662 2110
f 1958 1968 1955
f 2113 2664 2111
f 1959 1968 1958
f 2115 2664 2113
f 1961 1968 1959
f 2117 2666 2115
f 1820 2059 1963
f 1963 2059 1961
f 2119 2666 2117
f 1965 2059 1820
f 2120 2668 2119
f 1966 2060 1965
f 2122 2668 2120
f 1964 2017 1966
f 2124 2669 2122
f 1962 2017 1964
f 2126 2669 2124
f 2015 2058 1960
f 1960 2058 1962
f 2128 2671 2126
f 2129 2671 2128
f 1957 1967 2015
f 2127 2670 2129
f 1956 2057 1957
f 2125 2670 2127
f 2012 1819 1954
f 1954 1819 1956
f 2123 2667 2125
f 2121 2667 2123
f 1950 2013 2012
f 1818 2013 1948
f 1948 2013 1950
f 2118 2665 2121
f 1946 2011 1818
f 2116 2665 2118
f 1944 2011 1946
f 2114 2663 2116
f 2008 1815 1942
f 1942 1815 1944
f 2112 2663 2114
f 2109 2661 2112
f 1940 2053 2008
f 2108 2661 2109
f 1814 2053 1938
f 1938 2053 1940
f 2106 2659 2108
f 1936 2006 1814
f 2104 2659 2106
f 1934 2006 1936
f 2102 2657 2104
f 1932 2005 1934
f 2100 2657 2102
f 1930 2005 1932
f 2099 2655 2100
f 1928 2003 1930
f 2097 2655 2099
f 2095 2654 2097
f 1925 2049 1928
f 2093 2654 2095
f 1923 2049 1925
f 2092 2653 2093
f 2002 2048 1921
f 1921 2048 1923
f 2094 2653 2092
f 1919 2048 2002
f 2096 2656 2094
f 2001 2046 1917
f 1917 2046 1919
f 2098 2656 2096
f 1810 2046 1915
f 1915 2046 2001
f 1999 1912 1913
f 2101 2658 2098
f 1913 1912 1810
f 2103 2658 2101
f 1910 1997 1999
f 2105 2660 2103
f 1908 1997 1910
f 2107 2660 2105
f 1906 1995 1908
f 1808 1995 1904
f 2110 2662 2107
f 1904 1995 1906
f 2664 3654 2662
f 1902 2040 1808
f 2666 3658 2664
f 1899 1992 1902
f 1898 1896 1899
f 2668 3664 2666
f 1895 1896 1898
f 2669 3667 2668
f 1892 1806 1895
f 2671 3667 2669
f 1890 1989 1892
f 2670 3668 2671
f 1887 1988 1890
f 1885 1988 1887
f 2667 3666 2670
f 1883 1987 1885
f 1881 1987 1883
f 1986 2035 1879
f 1879 2035 1881
f 2665 3659 2667
f 1802 2035 1878
f 1878 2035 1986
f 1876 1984 1802
f 2663 3656 2665
f 1875 1984 1876
f 1873 1983 1875
f 2661 3652 2663
f 1871 1983 1873
f 1869 2070 1871
f 2659 3647 2661
f 1799 2070 1868
f 1868 2070 1869
f 1981 2031 1865
f 1865 2031 1799
f 2657 3644 2659
f 1798 2031 1863
f 1863 2031 1981
f 1860 1855 1798
f 2655 3642 2657
f 1857 1850 1860
f 2654 3641 2655
f 1854 1850 1857
f 1852 1976 1854
f 2653 3639 2654
f 1796 1976 1849
f 1849 1976 1852
f 1977 1793 1847
f 1847 1793 1796
f 2656 3640 2653
f 1844 2025 1977
f 1792 2025 1842
f 1842 2025 1844
f 2658 3139 2656
f 1840 1835 1792
f 1835 2023 2025
f 2660 3650 2658
f 1837 1973 1840
f 1836 1973 1837
f 2662 3650 2660
f 1833 1971 1836
f 3140 3654 3650
f 1831 1971 1833
f 1829 1969 1831
f 1827 1969 1829
f 1974 1790 1825
f 1825 1790 1827
f 1824 2020 1974
f 1822 2020 1824
f 2169 2131 2130
f 2131 2062 2130
f 2133 2131 2169
f 2135 2133 2209
f 2216 2023 2135
f 2175 2067 2229
f 2160 2026 2175
f 2026 2067 2175
f 2139 2026 2160
f 2367 2161 2139
f 2243 2161 2367
f 2142 2070 2140
f 2144 2070 2142
f 2145 2033 2256
f 2146 2036 2145
f 2148 2036 2146
f 2273 2148 2269
f 993 934 1091
f 1091 1086 991
f 2187 2074 2273
f 991 1086 1092
f 2189 1807 2187
f 1807 2074 2187
f 1092 931 992
f 2378 2078 2189
f 992 931 994
f 2190 2078 2378
f 994 1087 1095
f 2290 2078 2190
f 1095 933 996
f 996 933 998
f 2194 2079 2380
f 998 1090 1000
f 2150 2044 2194
f 1000 1093 1101
f 1101 1064 1002
f 2198 2083 2196
f 2083 2150 2196
f 1002 1064 1104
f 1104 1099 1067
f 1067 981 1107
f 2084 2083 2152
f 1107 981 1003
f 2200 2084 2320
f 1003 981 1109
f 2166 2085 2325
f 1109 1106 1070
f 1070 1069 1110
f 2385 2085 2166
f 1110 1069 1006
f 2154 2086 2385
f 1006 1069 1113
f 2389 2013 2154
f 1113 1111 1008
f 2351 2156 2389
f 1008 1111 1010
f 2156 2013 2389
f 1010 1114 1116
f 2208 2089 2353
f 1116 1115 1012
f 2355 2058 2208
f 1012 1115 1119
f 2058 2091 2208
f 1119 946 1015
f 2168 2158 2355
f 1015 946 1121
f 2394 2158 2168
f 1121 1120 1017
f 2157 2090 2394
f 1017 1120 1124
f 1124 982 1019
f 2354 2090 2157
f 1019 982 1126
f 2088 1821 2354
f 1126 983 1021
f 2155 2088 2390
f 1021 983 1073
f 1073 1129 1023
f 2388 2056 2167
f 1023 1129 1025
f 2387 2056 2388
f 2332 2087 2387
f 1025 1074 1133
f 1133 1132 1027
f 2201 2087 2332
f 1027 1132 1135
f 2322 2153 2201
f 2153 2054 2087
f 1135 1136 1029
f 1029 1136 1031
f 2165 2082 2317
f 1031 1138 1141
f 2197 2082 2165
f 1141 954 1033
f 2151 2081 2310
f 1033 954 1035
f 2300 2081 2151
f 1035 1143 1037
f 2164 2045 2300
f 2045 2080 2300
f 1037 1146 1039
f 2289 2045 2164
f 2192 2163 2289
f 2163 2045 2289
f 1039 959 1149
f 2379 2163 2192
f 1149 1151 1040
f 2149 2163 2379
f 1040 1151 1153
f 1153 1079 1042
f 2376 2077 2149
f 1042 1079 1154
f 2185 2076 2376
f 1154 961 1044
f 1044 961 1156
f 1156 1159 1046
f 1046 1159 1160
f 1160 964 1048
f 2257 2072 2260
f 1048 964 1162
f 1162 1165 1050
f 2143 2071 2257
f 1050 1165 1082
f 2141 2032 2143
f 1082 1173 1167
f 2245 2032 2141
f 1167 1173 1084
f 2241 2069 2245
f 1084 1178 1170
f 2068 2069 2241
f 1170 1178 1053
f 2138 2068 2366
f 1053 1178 1174
f 1174 1185 1055
f 2177 2066 2233
f 1055 1185 1177
f 2137 2066 2177
f 1177 1187 1085
f 1085 1188 1180
f 2065 2066 2137
f 1180 1188 1058
f 2136 2065 2361
f 1058 1188 1182
f 2134 2022 2360
f 1182 975 1060
f 1060 975 1184
f 1184 1190 1062
f 2159 2063 2132
f 1062 1190 1183
f 2356 2061 2159
f 2061 2063 2159
f 1183 979 1061
f 2130 2061 2356
f 1061 979 1181
f 1181 1189 1059
f 2214 2169 2212
f 2358 2169 2215
f 1059 1189 1179
f 2215 2169 2214
f 2173 2133 2218
f 1179 976 1057
f 2218 2133 2358
f 1057 976 1175
f 1175 1186 1056
f 2222 2135 2173
f 1056 1186 1172
f 2223 2135 2222
f 1172 972 1054
f 2225 2216 2223
f 1054 972 1169
f 2226 2216 2225
f 1169 1176 1083
f 2228 2229 2226
f 2229 2064 2216
f 1083 1171 1166
f 1166 1171 1052
f 2231 2229 2228
f 1052 1171 1163
f 1163 968 1051
f 2234 2160 2231
f 2365 2160 2236
f 1051 968 1161
f 2236 2160 2234
f 1161 1164 1049
f 2238 2139 2365
f 1049 1164 1158
f 1158 966 1047
f 2240 2367 2238
f 1047 966 1155
f 1081 1157 1045
f 2180 2243 2244
f 1155 1157 1081
f 2244 2243 2240
f 1045 1157 1043
f 2247 2140 2180
f 2370 2140 2249
f 1043 1080 1152
f 2249 2140 2247
f 1152 960 1041
f 2251 2142 2370
f 1078 1150 1077
f 1041 960 1078
f 1077 1150 1076
f 2183 2144 2254
f 2254 2144 2251
f 1076 1148 1147
f 1147 1148 1038
f 2258 2145 2183
f 2373 2145 2261
f 1038 1148 1144
f 2261 2145 2258
f 2184 2146 2263
f 1144 1145 1036
f 2263 2146 2373
f 2374 2146 2265
f 1036 1145 1142
f 2265 2146 2184
f 1142 957 1034
f 2267 2148 2374
f 1034 957 1139
f 2270 2269 2267
f 1139 1140 1032
f 2272 2269 2270
f 1032 1140 1137
f 2274 2273 2272
f 1137 955 1030
f 2276 2188 2274
f 2188 2187 2273
f 1030 955 1028
f 2279 2189 2276
f 1075 1134 1026
f 2377 2189 2280
f 1028 1134 1075
f 2280 2189 2279
f 2282 2378 2377
f 1026 1131 1130
f 1130 952 1024
f 2285 2190 2282
f 1024 952 1128
f 2193 2290 2287
f 1128 1127 1022
f 2287 2290 2285
f 1022 1127 1125
f 1125 950 1020
f 2291 2380 2193
f 1020 950 1123
f 2292 2380 2291
f 1123 1122 1018
f 2294 2194 2292
f 1018 1122 1016
f 2296 2194 2294
f 2195 2150 2298
f 2298 2150 2296
f 2381 2150 2301
f 1016 1014 1118
f 2301 2150 2195
f 1118 1117 1013
f 2303 2196 2381
f 1013 1117 1011
f 2305 2196 2303
f 2307 2198 2305
f 1072 1071 1009
f 1011 945 1072
f 2308 2198 2307
f 2199 2152 2311
f 2311 2152 2308
f 1009 1071 1112
f 1112 944 1007
f 2313 2320 2199
f 2320 2084 2382
f 1007 944 1005
f 2315 2320 2313
f 2318 2200 2315
f 1068 1108 1105
f 1005 1068 1004
f 2323 2166 2318
f 2383 2166 2326
f 1004 1105 1066
f 2326 2166 2323
f 2202 2385 2328
f 2328 2385 2383
f 1066 1098 1103
f 1103 1098 1065
f 2331 2154 2202
f 1065 1096 1100
f 2386 2154 2333
f 2333 2154 2331
f 2205 2389 2335
f 1100 1096 1001
f 2335 2389 2386
f 1001 1096 1097
f 1097 938 999
f 2337 2351 2205
f 999 938 997
f 2339 2351 2337
f 2340 2353 2339
f 2353 2089 2351
f 997 1089 1094
f 1094 1088 995
f 2342 2352 2340
f 2352 2208 2391
f 1063 934 993
f 995 1088 1063
f 2345 2355 2342
f 2347 2355 2345
f 2207 2168 2348
f 2348 2168 2347
f 851 848 850
f 2350 2168 2207
f 2349 2394 2350
f 855 853 851
f 2346 2157 2349
f 856 853 855
f 858 853 856
f 2344 2157 2346
f 861 853 858
f 2343 2354 2344
f 867 864 861
f 2341 2390 2343
f 2390 2088 2392
f 2338 2206 2341
f 2206 2155 2390
f 871 870 867
f 2204 2388 2336
f 2336 2388 2338
f 875 948 871
f 2203 2387 2334
f 877 883 875
f 2334 2387 2204
f 2330 2332 2203
f 882 883 877
f 2384 2332 2329
f 2329 2332 2330
f 2327 2201 2384
f 885 953 882
f 2324 2201 2327
f 2321 2322 2324
f 2319 2322 2321
f 891 956 885
f 2316 2317 2319
f 2317 2082 2322
f 894 901 891
f 2314 2317 2316
f 2312 2165 2314
f 898 901 894
f 2309 2197 2312
f 907 963 898
f 908 911 907
f 2306 2151 2309
f 2304 2151 2306
f 912 911 908
f 2302 2300 2304
f 914 916 912
f 2299 2300 2302
f 2297 2164 2299
f 917 921 914
f 2295 2164 2297
f 920 969 917
f 922 969 920
f 2293 2289 2295
f 923 969 922
f 2288 2289 2293
f 926 977 923
f 2286 2192 2288
f 925 978 926
f 2284 2149 2286
f 2283 2149 2284
f 2281 2376 2283
f 918 924 925
f 2186 2185 2278
f 2278 2185 2281
f 2277 2185 2186
f 2275 2375 2277
f 2375 2075 2185
f 913 967 918
f 2271 2147 2275
f 2268 2147 2271
f 906 904 913
f 2266 2260 2268
f 2260 2162 2147
f 2264 2260 2266
f 899 900 906
f 2262 2260 2264
f 2259 2257 2262
f 2182 2143 2259
f 895 893 899
f 2372 2143 2255
f 2255 2143 2182
f 890 889 895
f 2253 2141 2372
f 887 889 890
f 2252 2141 2253
f 2181 2245 2250
f 2250 2245 2252
f 2369 2245 2248
f 2248 2245 2181
f 2246 2241 2369
f 881 951 887
f 2242 2366 2246
f 2366 2068 2368
f 878 874 881
f 2239 2179 2242
f 2179 2138 2366
f 873 947 878
f 872 947 873
f 2237 2177 2239
f 869 947 872
f 2364 2177 2235
f 2235 2177 2237
f 2178 2137 2232
f 2232 2137 2364
f 865 866 868
f 863 865 869
f 2230 2361 2178
f 2361 2065 2362
f 859 860 863
f 2227 2174 2230
f 2174 2136 2361
f 2224 2134 2227
f 854 936 859
f 2221 2134 2224
f 2220 2134 2221
f 850 849 854
f 2359 2132 2219
f 2219 2132 2220
f 2172 2159 2217
f 2217 2159 2359
f 2357 2159 2213
f 931 1086 847
f 2213 2159 2172
f 2170 2356 2210
f 2210 2356 2357
f 2171 2130 2211
f 2211 2130 2170
f 933 1087 848
f 2212 2130 2171
f 1542 1507 1537
f 1507 1483 1537
f 1544 1507 1542
f 1538 1446 1751
f 939 1064 853
f 1538 1487 1446
f 1553 1539 1754
f 1554 1510 1553
f 942 981 857
f 1510 1448 1553
f 1556 1510 1554
f 1557 1512 1556
f 1512 1490 1510
f 1759 1512 1557
f 943 1111 864
f 1639 1512 1759
f 1763 1491 1639
f 1562 1491 1763
f 946 1115 870
f 1564 1515 1562
f 1515 1493 1562
f 1458 1515 1564
f 949 1120 876
f 1660 1459 1458
f 1516 1495 1459
f 1771 1462 1516
f 1462 1495 1516
f 1437 1462 1771
f 1571 1464 1438
f 1574 1464 1571
f 1521 1498 1520
f 954 1138 888
f 1578 1523 1521
f 1523 1498 1521
f 1579 1523 1578
f 1581 1523 1579
f 958 1146 901
f 1527 1501 1525
f 1528 1474 1527
f 1783 1474 1528
f 961 1079 905
f 1529 1476 1783
f 1730 1530 1529
f 1786 1530 1730
f 964 1159 910
f 1165 964 911
f 1534 1478 1541
f 1748 1535 1534
f 1598 1535 1748
f 969 1173 921
f 1789 1480 1536
f 1789 1479 1480
f 1597 1533 1479
f 1533 1444 1479
f 1595 1533 1597
f 1531 1506 1595
f 975 1188 928
f 1731 1506 1531
f 1782 1504 1588
f 979 1190 930
f 1540 1502 1504
f 1500 1502 1540
f 976 1189 929
f 1582 1526 1500
f 1526 1473 1500
f 1524 1499 1473
f 972 1186 927
f 1700 1499 1524
f 1700 1470 1499
f 971 972 924
f 1522 1497 1470
f 968 1171 919
f 1673 1519 1440
f 1519 1518 1440
f 966 1164 915
f 1668 1518 1673
f 1517 1461 1770
f 1566 1494 1517
f 1767 1457 1566
f 1457 1494 1566
f 1514 1457 1767
f 897 1150 900
f 1513 1492 1514
f 957 1145 896
f 1559 1452 1646
f 1140 957 892
f 1758 1489 1450
f 955 1140 889
f 1511 1489 1758
f 1555 1509 1511
f 1509 1488 1511
f 1551 1509 1555
f 1550 1509 1551
f 952 1131 884
f 1547 1509 1550
f 950 1127 880
f 1599 1484 1508
f 1543 1482 1599
f 1482 1484 1599
f 1749 1482 1543
f 1600 1482 1749
f 1537 1483 1600
f 1605 1542 1750
f 1606 1542 1605
f 1608 1544 1606
f 1610 1544 1608
f 944 1071 868
f 1548 1751 1613
f 1613 1751 1610
f 1614 1538 1548
f 1753 1538 1616
f 1616 1538 1614
f 1552 1754 1618
f 1618 1754 1753
f 941 1102 860
f 1621 1553 1552
f 1756 1553 1623
f 1623 1553 1621
f 1625 1554 1756
f 1627 1554 1625
f 938 1096 852
f 1629 1556 1627
f 1631 1556 1629
f 1633 1557 1631
f 1635 1557 1633
f 1637 1759 1635
f 934 1088 849
f 934 849 980
f 1640 1639 1637
f 1761 1639 1642
f 1642 1639 1640
f 1356 1191 1192
f 1561 1763 1644
f 1644 1763 1761
f 1266 1260 1358
f 1192 1260 1266
f 1358 1260 1193
f 1647 1562 1561
f 1268 1261 1360
f 1193 1261 1268
f 1765 1562 1649
f 1649 1562 1647
f 1360 1261 1195
f 1651 1564 1765
f 1195 1262 1362
f 1653 1564 1651
f 1362 1262 1197
f 1655 1458 1653
f 1197 1265 1364
f 1657 1458 1655
f 1364 1265 1198
f 1567 1660 1658
f 1658 1660 1657
f 1275 1269 1366
f 1198 1269 1275
f 1366 1269 1200
f 1568 1516 1661
f 1661 1516 1567
f 1277 1274 1368
f 1200 1274 1277
f 1769 1516 1663
f 1663 1516 1568
f 1368 1274 1202
f 1569 1771 1665
f 1665 1771 1769
f 1281 1276 1370
f 1202 1276 1281
f 1370 1276 1203
f 1667 1437 1569
f 1203 1280 1372
f 1670 1437 1667
f 1372 1280 1205
f 1672 1438 1670
f 1285 1284 1374
f 1205 1284 1285
f 1772 1438 1675
f 1675 1438 1672
f 1374 1284 1207
f 1677 1571 1772
f 1207 1287 1376
f 1679 1571 1677
f 1376 1287 1209
f 1680 1574 1679
f 1209 1288 1378
f 1682 1574 1680
f 1378 1288 1211
f 1684 1520 1682
f 1292 1433 1380
f 1211 1433 1292
f 1686 1520 1684
f 1380 1433 1213
f 1575 1521 1687
f 1687 1521 1686
f 1213 1434 1381
f 1776 1521 1689
f 1689 1521 1575
f 1381 1434 1215
f 1691 1578 1776
f 1296 1295 1383
f 1215 1295 1296
f 1693 1578 1691
f 1383 1295 1217
f 1695 1579 1693
f 1217 1298 1385
f 1697 1579 1695
f 1300 1435 1303
f 1385 1298 1300
f 1699 1581 1697
f 1702 1581 1699
f 1303 1305 1220
f 1704 1525 1702
f 1220 1305 1306
f 1706 1525 1704
f 1306 1308 1222
f 1708 1527 1706
f 1222 1308 1388
f 1710 1527 1708
f 1388 1308 1224
f 1584 1528 1712
f 1712 1528 1710
f 1312 1311 1389
f 1224 1311 1312
f 1781 1528 1714
f 1714 1528 1584
f 1389 1311 1226
f 1585 1783 1716
f 1716 1783 1781
f 1226 1315 1390
f 1390 1315 1228
f 1718 1529 1585
f 1228 1318 1392
f 1784 1529 1720
f 1720 1529 1718
f 1319 1441 1230
f 1392 1318 1319
f 1587 1730 1722
f 1722 1730 1784
f 1230 1441 1394
f 1724 1730 1587
f 1321 1323 1232
f 1394 1441 1321
f 1590 1786 1726
f 1726 1786 1724
f 1232 1323 1396
f 1396 1323 1398
f 1729 1541 1590
f 1541 1532 1786
f 1732 1541 1729
f 1398 1235 1236
f 1592 1534 1735
f 1735 1534 1732
f 1236 1325 1400
f 1787 1534 1736
f 1736 1534 1592
f 1400 1325 1327
f 1593 1748 1738
f 1738 1748 1787
f 1327 1469 1402
f 1740 1748 1593
f 1402 1469 1238
f 1743 1598 1740
f 1238 1329 1404
f 1744 1598 1743
f 1404 1329 1240
f 1594 1536 1746
f 1746 1536 1744
f 1330 1332 1406
f 1240 1332 1330
f 1788 1536 1747
f 1747 1536 1594
f 1406 1332 1242
f 1745 1789 1788
f 1242 1334 1408
f 1408 1334 1244
f 1742 1596 1745
f 1335 1337 1410
f 1596 1479 1789
f 1244 1337 1335
f 1741 1479 1742
f 1410 1337 1246
f 1739 1597 1741
f 1246 1341 1412
f 1737 1597 1739
f 1412 1341 1247
f 1734 1595 1737
f 1340 1343 1414
f 1247 1343 1340
f 1733 1595 1734
f 1414 1343 1249
f 1591 1531 1733
f 1249 1344 1416
f 1728 1531 1591
f 1416 1344 1418
f 1727 1589 1728
f 1589 1731 1531
f 1785 1731 1725
f 1725 1731 1727
f 1418 1505 1251
f 1723 1588 1785
f 1251 1347 1421
f 1721 1588 1723
f 1421 1347 1253
f 1586 1782 1719
f 1719 1782 1721
f 1253 1350 1423
f 1423 1350 1254
f 1717 1540 1586
f 1254 1352 1425
f 1780 1540 1715
f 1715 1540 1717
f 1425 1352 1256
f 1583 1500 1713
f 1713 1500 1780
f 1256 1349 1427
f 1779 1500 1711
f 1711 1500 1583
f 1427 1349 1257
f 1709 1582 1779
f 1257 1354 1429
f 1707 1582 1709
f 1429 1354 1259
f 1580 1524 1705
f 1705 1524 1707
f 1259 1355 1430
f 1778 1524 1703
f 1703 1524 1580
f 1430 1355 1258
f 1701 1700 1778
f 1258 1353 1428
f 1698 1700 1701
f 1348 1431 1255
f 1428 1353 1348
f 1577 1470 1696
f 1696 1470 1698
f 1255 1431 1426
f 1777 1470 1694
f 1694 1470 1577
f 1426 1431 1424
f 1576 1522 1692
f 1692 1522 1777
f 1775 1522 1690
f 1690 1522 1576
f 1424 1444 1422
f 1688 1774 1775
f 1774 1496 1522
f 1422 1443 1252
f 1573 1467 1685
f 1685 1467 1688
f 1345 1346 1420
f 1252 1346 1345
f 1773 1467 1683
f 1683 1467 1573
f 1420 1346 1250
f 1681 1572 1773
f 1572 1440 1467
f 1250 1477 1417
f 1417 1477 1342
f 1570 1673 1678
f 1678 1673 1681
f 1342 1419 1415
f 1676 1673 1570
f 1415 1419 1248
f 1674 1673 1676
f 1248 1475 1413
f 1671 1668 1674
f 1413 1475 1338
f 1669 1668 1671
f 1338 1502 1411
f 1411 1502 1245
f 1666 1517 1669
f 1245 1336 1409
f 1768 1517 1664
f 1664 1517 1666
f 1409 1336 1243
f 1662 1566 1768
f 1243 1333 1407
f 1407 1333 1241
f 1565 1767 1659
f 1659 1767 1662
f 1241 1331 1405
f 1405 1331 1239
f 1656 1514 1565
f 1239 1328 1403
f 1766 1514 1654
f 1654 1514 1656
f 1403 1328 1401
f 1563 1513 1652
f 1652 1513 1766
f 1764 1513 1650
f 1650 1513 1563
f 1401 1497 1237
f 1648 1762 1764
f 1762 1492 1513
f 1237 1326 1399
f 1399 1326 1234
f 1560 1559 1645
f 1645 1559 1648
f 1234 1324 1397
f 1760 1559 1643
f 1643 1559 1560
f 1397 1324 1233
f 1558 1450 1641
f 1641 1450 1760
f 1233 1322 1395
f 1395 1322 1231
f 1638 1758 1558
f 1231 1320 1393
f 1636 1758 1638
f 1393 1320 1229
f 1634 1511 1636
f 1229 1317 1391
f 1757 1511 1632
f 1632 1511 1634
f 1316 1314 1227
f 1391 1317 1316
f 1630 1555 1757
f 1227 1314 1313
f 1628 1555 1630
f 1313 1310 1225
f 1626 1551 1628
f 1225 1310 1309
f 1624 1551 1626
f 1309 1307 1223
f 1622 1550 1624
f 1223 1307 1387
f 1755 1550 1620
f 1620 1550 1622
f 1387 1307 1221
f 1619 1547 1755
f 1221 1304 1386
f 1617 1547 1619
f 1302 1301 1219
f 1386 1304 1302
f 1549 1508 1615
f 1615 1508 1617
f 1219 1301 1299
f 1299 1455 1218
f 1612 1599 1549
f 1218 1455 1384
f 1752 1599 1611
f 1611 1599 1612
f 1297 1454 1216
f 1384 1455 1297
f 1609 1543 1752
f 1216 1454 1382
f 1607 1543 1609
f 1382 1454 1214
f 1546 1749 1604
f 1604 1749 1607
f 1214 1293 1294
f 1294 1290 1212
f 1545 1600 1546
f 1212 1290 1379
f 1601 1600 1545
f 1291 1432 1210
f 1379 1290 1291
f 1602 1537 1601
f 1210 1432 1377
f 1750 1537 1603
f 1603 1537 1602
f 1289 1286 1208
f 1377 1432 1289
f 1264 1482 1191
f 1208 1286 1375
f 1375 1286 1206
f 1206 1283 1373
f 1267 1484 1445
f 1373 1283 1204
f 1271 1484 1267
f 1204 1279 1371
f 1282 1278 1201
f 1196 1486 1271
f 1371 1279 1282
f 1201 1278 1369
f 1447 1486 1196
f 1369 1278 1367
f 1278 1447 1273
f 1279 1488 1278
f 1367 1447 1199
f 1199 1196 1365
f 1283 1488 1279
f 1365 1196 1272
f 1286 1489 1283
f 1272 1271 1363
f 1432 1450 1286
f 1363 1271 1270
f 1270 1267 1361
f 1290 1452 1432
f 1452 1450 1432
f 1361 1267 1194
f 1293 1452 1290
f 1194 1445 1359
f 1454 1492 1293
f 1359 1445 1357
f 1455 1492 1454
f 1263 1264 1191
f 1357 1263 1356
f 1301 1457 1455
f 1191 1483 1260
f 1304 1494 1301
f 1260 1483 1261
f 1307 1494 1304
f 1310 1461 1307
f 1261 1485 1262
f 1314 1770 1310
f 1262 1446 1265
f 1317 1518 1314
f 1518 1770 1436
f 1265 1446 1269
f 1320 1440 1317
f 1440 1518 1439
f 1269 1487 1274
f 1322 1440 1320
f 1324 1467 1322
f 1326 1496 1324
f 1276 1448 1280
f 1280 1448 1284
f 1328 1470 1468
f 1284 1490 1287
f 1331 1499 1328
f 1333 1473 1331
f 1287 1490 1288
f 1336 1473 1333
f 1288 1491 1433
f 1502 1500 1336
f 1433 1491 1434
f 1475 1502 1339
f 1434 1493 1295
f 1419 1503 1475
f 1477 1504 1419
f 1295 1493 1298
f 1346 1506 1477
f 1298 1458 1435
f 1458 1459 1305
f 1435 1458 1305
f 1444 1506 1443
f 1305 1459 1308
f 1431 1479 1351
f 1479 1444 1351
f 1353 1480 1431
f 1308 1495 1311
f 1355 1481 1353
f 1311 1462 1315
f 1354 1481 1355
f 1315 1437 1318
f 1349 1535 1354
f 1318 1464 1441
f 1352 1478 1349
f 1464 1520 1466
f 1350 1478 1352
f 1441 1464 1323
f 1347 1532 1350
f 1323 1466 1235
f 1235 1498 1325
f 1344 1476 1442
f 1476 1530 1442
f 1325 1498 1469
f 1343 1476 1344
f 1341 1474 1343
f 1469 1471 1329
f 1337 1474 1341
f 1329 1472 1332
f 1334 1501 1337
f 1332 1472 1334
v -0.45100 -0.43350 -0.08950
v -0.45100 -0.37250 -0.08950
v -0.20000 -0.43350 -0.10800
v -0.20000 -0.43350 -0.07200
v -0.20000 -0.37250 -0.10800
v -0.20000 -0.37250 -0.07200
v -0.18300 -0.43350 -0.10300
v -0.18300 -0.43350 -0.06450
v -0.18300 -0.37250 -0.10300
v -0.18300 -0.37250 -0.06450
v -0.15600 -0.43350 -0.08400
v -0.16400 -0.43350 -0.05100
v -0.14800 -0.43350 -0.04200
v -0.15600 -0.37250 -0.08400
v -0.16400 -0.37250 -0.05100
v -0.14800 -0.37250 -0.04200
v -0.14860 -0.01890 -0.03000
v -0.15175 -0.01763 -0.01087
v -0.15067 -0.02117 0.02183
v -0.14700 -0.01950 0.03500
v -0.14750 -0.00250 -0.04800
v -0.14992 -0.00300 -0.02975
v -0.15260 -0.00405 -0.00810
v -0.15120 -0.00326 0.02160
v -0.14850 -0.00058 0.03983
v -0.13600 -0.43350 -0.07700
v -0.13600 -0.43350 -0.03900
v -0.13600 -0.37250 -0.07700
v -0.13600 -0.37250 -0.03900
v -0.12755 -0.01695 -0.07791
v -0.13533 -0.01800 -0.05858
v -0.12775 -0.01650 -0.03050
v -0.13664 -0.01577 -0.01445
v -0.14100 -0.01750 0.02633
v -0.13778 -0.01872 0.04500
v -0.13418 -0.01986 0.06609
v -0.12300 -0.01950 0.08900
v -0.12689 -0.00436 -0.08107
v -0.14021 -0.00314 -0.06000
v -0.13684 -0.00545 -0.00863
v -0.13856 -0.00024 0.02474
v -0.13693 0.00114 0.04569
v -0.13391 -0.00158 0.06585
v -0.12438 -0.00337 0.08950
v -0.10510 -0.02030 -0.10800
v -0.11077 -0.01588 -0.06023
v -0.11571 -0.01650 -0.03743
v -0.10345 -0.01583 -0.01236
v -0.11900 -0.01750 0.02400
v -0.11050 -0.01750 0.05100
v -0.10732 -0.01661 0.09795
v -0.09900 -0.01850 0.11467
v -0.10368 -0.00090 -0.10934
v -0.10873 -0.00450 -0.08618
v -0.10673 -0.00343 -0.06433
v -0.10510 0.00446 -0.00782
v -0.10994 0.00244 0.02029
v -0.10804 -0.00046 0.04660
v -0.10818 -0.00305 0.06955
v -0.10924 -0.00500 0.09629
v -0.10100 -0.00300 0.11550
v -0.08800 -0.43350 -0.10400
v -0.08800 -0.43350 -0.07500
v -0.07250 -0.42750 0.10700
v -0.07315 -0.42758 0.12623
v -0.07250 -0.38550 0.10700
v -0.07314 -0.38564 0.12664
v -0.08800 -0.37250 -0.10400
v -0.08800 -0.37250 -0.07500
v -0.07430 -0.02010 -0.13050
v -0.08714 -0.01879 -0.11529
v -0.08633 -0.01683 -0.09200
v -0.08988 -0.01574 -0.05035
v -0.08215 -0.01578 -0.03415
v -0.09054 -0.01564 -0.01521
v -0.07682 -0.01582 0.07147
v -0.08000 -0.01650 0.09825
v -0.08229 -0.01821 0.12614
v -0.06900 -0.01950 0.13600
v -0.07687 0.00005 -0.12946
v -0.08461 -0.00038 -0.11285
v -0.08330 -0.00110 -0.08830
v -0.08494 0.00719 -0.05439
v -0.08187 0.00790 -0.03687
v -0.09183 0.00733 -0.01300
v -0.09260 0.01350 0.02240
v -0.08656 0.01038 0.04700
v -0.07800 0.00544 0.06849
v -0.08492 -0.00300 0.12733
v -0.06950 -0.00300 0.13700
v -0.07436 0.02279 -0.05100
v -0.07966 0.02974 -0.03453
v -0.08792 0.02587 -0.01097
v -0.08577 0.02831 0.01858
v -0.07700 0.02680 0.04350
v -0.06933 0.01750 0.06167
v -0.07000 0.04700 -0.04600
v -0.07650 0.04700 -0.03350
v -0.08313 0.04700 -0.00800
v -0.08162 0.04700 0.01812
v -0.07367 0.04700 0.03950
v -0.07000 0.07150 -0.04600
v -0.07650 0.07150 -0.03350
v -0.08312 0.07150 -0.00800
v -0.08163 0.07150 0.01812
v -0.07367 0.07150 0.03950
v -0.06914 0.10493 -0.04600
v -0.07536 0.10781 -0.03274
v -0.08175 0.10818 -0.00782
v -0.08015 0.10809 0.01805
v -0.07268 0.10744 0.03925
v -0.07050 0.11850 -0.02425
v -0.07363 0.11850 -0.00738
v -0.07211 0.11850 0.01744
v -0.05375 -0.42750 0.10725
v -0.05590 -0.42747 0.12303
v -0.05270 -0.38550 0.10730
v -0.05641 -0.38571 0.12252
v -0.05250 -0.01950 -0.14250
v -0.06100 -0.01683 -0.11000
v -0.05503 -0.01579 0.06975
v -0.04905 -0.01623 0.09577
v -0.05439 -0.01578 0.11978
v -0.05767 -0.01739 0.14100
v -0.05332 -0.00368 -0.13977
v -0.05935 -0.00196 -0.11023
v -0.05532 0.00850 -0.08395
v -0.06600 0.01350 -0.06850
v -0.05642 0.00708 0.06758
v -0.04343 0.00007 0.09714
v -0.05209 -0.00489 0.12278
v -0.05441 -0.00409 0.14259
v -0.04927 0.02232 -0.07582
v -0.05952 0.03088 -0.06279
v -0.06550 0.03683 0.05417
v -0.05580 0.02990 0.06657
v -0.05636 0.04700 -0.06100
v -0.06475 0.04700 0.05350
v -0.05157 0.04700 0.06600
v -0.05636 0.07150 -0.06100
v -0.06475 0.07150 0.05350
v -0.05157 0.07150 0.06600
v -0.05591 0.10785 -0.05977
v -0.06700 0.11550 -0.04500
v -0.06386 0.10901 0.05216
v -0.05101 0.10766 0.06475
v -0.04641 0.12759 -0.04934
v -0.05675 0.12988 -0.03506
v -0.06492 0.12622 -0.00680
v -0.06324 0.12854 0.02295
v -0.05134 0.12903 0.04261
v -0.04500 0.11850 0.06000
v -0.03050 -0.42783 0.11817
v -0.02833 -0.42717 0.13900
v -0.03050 -0.38517 0.11850
v -0.02833 -0.38617 0.13933
v -0.02943 -0.01693 -0.14943
v -0.02931 -0.01619 -0.13631
v -0.02113 -0.01585 -0.10557
v -0.01860 -0.01530 -0.09680
v -0.04200 -0.01521 0.08129
v -0.04153 -0.01537 0.08800
v -0.01800 -0.01650 0.12750
v -0.02413 -0.02050 0.14938
v -0.03020 -0.00423 -0.15013
v -0.03274 -0.00529 -0.13616
v -0.02546 0.00219 -0.10566
v -0.02643 0.01074 -0.09343
v -0.04200 0.00217 0.08100
v -0.03602 0.00799 0.09289
v -0.02537 -0.00224 0.12405
v -0.02479 -0.00182 0.14847
v -0.02956 0.02744 -0.08288
v -0.03766 0.02701 0.07993
v -0.03074 0.02013 0.08611
v -0.03037 0.04700 -0.07788
v -0.03037 0.04700 0.07800
v -0.03037 0.07150 -0.07788
v -0.03037 0.07150 0.07800
v -0.02955 0.10771 -0.07671
v -0.04033 0.11550 -0.07000
v -0.03028 0.10809 0.07662
v -0.02000 0.11850 -0.07200
v -0.03047 0.13024 -0.05818
v -0.02150 0.13050 -0.02313
v -0.03013 0.12630 -0.00827
v -0.02553 0.12891 0.01847
v -0.03685 0.13245 0.05382
v -0.02579 0.12858 0.06178
v 0.00120 -0.42750 0.11840
v -0.00050 -0.42750 0.14200
v 0.00120 -0.38550 0.11860
v -0.00220 -0.38550 0.14200
v -0.00650 -0.01850 -0.15200
v -0.01025 -0.01650 -0.13100
v 0.00000 -0.01650 -0.12171
v -0.00713 -0.01580 -0.08885
v -0.01000 -0.01650 0.12750
v -0.00614 -0.01993 0.14957
v -0.00600 -0.00300 -0.15283
v -0.00921 0.00664 -0.08914
v -0.00450 0.00875 0.10055
v -0.00888 -0.00150 0.12696
v -0.00584 0.00066 0.14951
v -0.00641 0.03036 -0.08633
v -0.01300 0.03950 0.08267
v -0.00371 0.02711 0.08846
v -0.00475 0.04700 -0.08350
v -0.01300 0.04700 0.08267
v 0.00020 0.04700 0.08400
v -0.00475 0.07150 -0.08350
v -0.01300 0.07150 0.08267
v 0.00020 0.07150 0.08400
v -0.00476 0.10791 -0.08206
v -0.00510 0.10904 0.08225
v 0.00020 0.09350 0.08400
v -0.00544 0.11850 -0.07378
v -0.00419 0.13114 -0.06505
v -0.00464 0.13050 -0.03023
v 0.00000 0.13050 0.00000
v -0.00693 0.13470 0.02980
v 0.00029 0.12150 0.03243
v -0.00393 0.13004 0.06595
v 0.02300 -0.42750 0.11700
v 0.02300 -0.42750 0.14000
v 0.02300 -0.38517 0.11700
v 0.02300 -0.38550 0.14000
v 0.02536 -0.01723 -0.14991
v 0.02406 -0.01594 -0.13394
v 0.02159 -0.01586 -0.10586
v 0.01438 -0.01571 -0.09188
v 0.01450 -0.01650 0.12750
v 0.01670 -0.02010 0.14950
v 0.02187 -0.00394 -0.15113
v 0.03062 -0.00588 -0.13438
v 0.02432 0.00218 -0.10596
v 0.02026 0.00939 -0.09344
v 0.02165 0.00850 0.09875
v 0.01674 -0.00182 0.12619
v 0.01666 -0.00005 0.14883
v 0.01790 0.02548 -0.08695
v 0.02364 0.03732 0.08118
v 0.02032 0.02339 0.08768
v 0.02125 0.04700 -0.08087
v 0.02125 0.04700 0.08100
v 0.02125 0.07150 -0.08087
v 0.02125 0.07150 0.08100
v 0.02124 0.10818 -0.07944
v 0.02137 0.10818 0.07970
v 0.01500 0.11850 -0.07300
v 0.02229 0.13062 -0.06173
v 0.01775 0.13050 -0.02581
v 0.03040 0.12630 -0.00827
v 0.02188 0.12942 0.02184
v 0.03088 0.13715 0.05547
v 0.02112 0.12962 0.06299
v 0.04900 -0.42750 0.10733
v 0.04774 -0.42759 0.12239
v 0.03600 -0.42700 0.13650
v 0.04900 -0.38550 0.10733
v 0.04835 -0.38563 0.12322
v 0.03600 -0.38650 0.13700
v 0.04700 -0.01950 -0.14400
v 0.05600 -0.01750 -0.10800
v 0.04900 -0.01573 0.07296
v 0.04309 -0.01579 0.09085
v 0.05438 -0.01573 0.12085
v 0.04700 -0.01950 0.14433
v 0.03600 -0.00350 -0.14975
v 0.04911 -0.00368 -0.14029
v 0.05153 -0.00144 -0.10947
v 0.04910 0.00921 -0.08710
v 0.04810 0.00690 0.07290
v 0.04107 0.00690 0.09188
v 0.05018 -0.00432 0.12164
v 0.04825 -0.00346 0.14446
v 0.04409 0.02528 -0.07770
v 0.05436 0.03329 -0.06679
v 0.04690 0.03083 0.07277
v 0.03914 0.01721 0.08471
v 0.03800 0.04700 -0.07467
v 0.05214 0.04700 -0.06557
v 0.04790 0.04700 0.06860
v 0.03800 0.07150 -0.07467
v 0.05214 0.07150 -0.06557
v 0.04790 0.07150 0.06860
v 0.03792 0.10650 -0.07368
v 0.05114 0.10861 -0.06452
v 0.05867 0.11550 0.05567
v 0.04766 0.10777 0.06728
v 0.04242 0.12883 -0.05182
v 0.05373 0.13031 -0.03839
v 0.06000 0.13950 -0.00650
v 0.05960 0.12870 0.02680
v 0.04721 0.13004 0.04631
v 0.03925 0.11950 0.06075
v 0.06783 -0.42750 0.10700
v 0.06925 -0.42746 0.12463
v 0.06800 -0.38550 0.10700
v 0.06896 -0.38575 0.12421
v 0.07470 -0.02010 -0.13050
v 0.06600 -0.01617 -0.11200
v 0.08250 -0.01750 -0.08950
v 0.08600 -0.01500 -0.04800
v 0.08260 -0.01576 -0.03468
v 0.08600 -0.01500 -0.01800
v 0.07083 -0.01571 0.06800
v 0.07375 -0.01650 0.10000
v 0.07520 -0.01770 0.12500
v 0.06400 -0.01662 0.13875
v 0.07515 0.00019 -0.13004
v 0.06959 -0.00202 -0.11137
v 0.07638 0.00108 -0.08523
v 0.08007 0.01036 -0.05636
v 0.08213 0.00717 -0.03687
v 0.08600 0.00950 -0.01800
v 0.08243 0.01207 0.05129
v 0.07467 0.00619 0.06698
v 0.08000 -0.00300 0.13050
v 0.06655 -0.00432 0.13809
v 0.06983 0.02581 -0.05517
v 0.08001 0.02992 -0.03431
v 0.08426 0.03524 -0.01316
v 0.08341 0.03421 0.02035
v 0.07512 0.02906 0.04538
v 0.06543 0.02139 0.06326
v 0.06600 0.04700 -0.05160
v 0.07675 0.04700 -0.03350
v 0.08350 0.04700 -0.00800
v 0.08200 0.04700 0.01812
v 0.07040 0.04700 0.04510
v 0.06600 0.07150 -0.05160
v 0.07675 0.07150 -0.03350
v 0.08350 0.07150 -0.00800
v 0.08200 0.07150 0.01812
v 0.07040 0.07150 0.04510
v 0.06493 0.10735 -0.05102
v 0.07536 0.10809 -0.03331
v 0.08217 0.10781 -0.00785
v 0.08055 0.10800 0.01801
v 0.06926 0.10752 0.04482
v 0.06373 0.12668 -0.02833
v 0.06649 0.12424 -0.00642
v 0.06486 0.12636 0.02122
v 0.06443 0.11879 0.03714
v 0.09786 -0.02000 -0.11264
v 0.09400 -0.01550 -0.09700
v 0.09371 -0.01579 -0.05254
v 0.09644 -0.01577 -0.01377
v 0.11050 -0.01750 0.05100
v 0.08900 -0.01590 0.08140
v 0.10277 -0.01627 0.09615
v 0.09517 -0.01850 0.11900
v 0.09083 0.00050 -0.12500
v 0.09733 0.00035 -0.11153
v 0.09833 -0.00317 -0.08760
v 0.09355 0.00208 -0.05584
v 0.09988 0.00676 -0.00890
v 0.09890 0.00875 0.01920
v 0.10216 0.00244 0.04661
v 0.09575 -0.00156 0.07306
v 0.10500 -0.00522 0.09450
v 0.09600 -0.00300 0.11983
v 0.09019 0.02164 -0.00993
v 0.08950 0.02114 0.01643
v 0.08700 0.01850 0.03200
v 0.11500 -0.01950 -0.09800
v 0.12773 -0.01686 -0.07791
v 0.12277 -0.01665 -0.06269
v 0.11880 -0.01650 -0.03540
v 0.12564 -0.01586 -0.01373
v 0.12400 -0.01683 0.02400
v 0.13225 -0.01700 0.04800
v 0.13129 -0.01864 0.06871
v 0.11622 -0.01728 0.09856
v 0.11600 -0.00350 -0.09986
v 0.12568 -0.00450 -0.08129
v 0.12227 -0.00486 -0.06818
v 0.12562 -0.00326 -0.00824
v 0.12457 -0.00179 0.02304
v 0.12945 -0.00071 0.04759
v 0.12993 -0.00084 0.06751
v 0.11938 -0.00417 0.09519
v 0.14800 -0.43350 -0.07300
v 0.14800 -0.43350 -0.03900
v 0.14800 -0.37250 -0.07300
v 0.14800 -0.37250 -0.03900
v 0.14267 -0.01850 -0.05300
v 0.14750 -0.01850 -0.03017
v 0.14808 -0.01688 -0.01238
v 0.14938 -0.02050 0.02325
v 0.14443 -0.01993 0.04043
v 0.14000 -0.02200 0.06150
v 0.14300 -0.00293 -0.05543
v 0.15027 -0.00305 -0.03027
v 0.14969 -0.00465 -0.00896
v 0.14842 -0.00161 0.02276
v 0.14428 0.00150 0.04238
v 0.14017 -0.00361 0.06272
v 0.28983 -0.49267 -0.08683
v 0.29020 -0.44350 -0.08500
v 0.30350 -0.49250 -0.10717
v 0.31200 -0.49350 -0.08700
v 0.30794 -0.49106 -0.06231
v 0.30600 -0.45350 -0.10167
v 0.29980 -0.45350 -0.08420
v 0.31082 -0.45250 -0.06073
v 0.30367 -0.44367 -0.10683
v 0.31200 -0.44350 -0.08700
v 0.30271 -0.44236 -0.06543
v 0.29700 -0.43350 -0.02900
v 0.30600 -0.37250 -0.10167
v 0.29980 -0.37250 -0.08420
v 0.30500 -0.37250 -0.06633
v 0.29700 -0.37250 -0.02900
v 0.32500 -0.49225 -0.10575
v 0.33070 -0.49150 -0.08470
v 0.33178 -0.49139 -0.06433
v 0.32150 -0.45350 -0.10050
v 0.32638 -0.45312 -0.08263
v 0.33450 -0.45283 -0.06333
v 0.34400 -0.47150 0.03000
v 0.34400 -0.47150 0.03300
v 0.32360 -0.44170 -0.10460
v 0.33200 -0.44221 -0.08514
v 0.32475 -0.44400 -0.06800
v 0.32067 -0.37250 -0.10067
v 0.32560 -0.37250 -0.08180
v 0.31900 -0.37250 -0.07100
v 0.35687 -0.49290 0.02247
v 0.34600 -0.48250 0.03200
v 0.36800 -0.48250 0.07000
v 0.35078 -0.45972 0.02556
v 0.34600 -0.46050 0.03200
v 0.36700 -0.46600 0.07050
v 0.36363 -0.44525 0.01863
v 0.35600 -0.43650 0.32100
v 0.35600 -0.37650 0.32100
v 0.35600 -0.37050 0.32100
v 0.39000 -0.48200 0.00350
v 0.38113 -0.49400 0.00875
v 0.39200 -0.50050 0.05700
v 0.37800 -0.49550 0.06450
v 0.39300 -0.48750 0.10700
v 0.39100 -0.46637 0.00300
v 0.38500 -0.45250 0.00650
v 0.37400 -0.45150 0.06700
v 0.39300 -0.45600 0.10700
v 0.38800 -0.47150 0.11000
v 0.37725 -0.44625 0.01100
v 0.39200 -0.44250 0.05700
v 0.38200 -0.44450 0.06200
v 0.40833 -0.49117 0.04667
v 0.40900 -0.49950 0.09800
v 0.41550 -0.48750 0.14550
v 0.41367 -0.46117 0.04367
v 0.41400 -0.46117 0.14633
v 0.41800 -0.43350 -0.04300
v 0.41800 -0.43350 -0.01600
v 0.40100 -0.44450 0.05100
v 0.40900 -0.44350 0.09800
v 0.41800 -0.37250 -0.04300
v 0.41800 -0.37250 -0.01600
v 0.43700 -0.48250 0.08200
v 0.42750 -0.49550 0.08750
v 0.44100 -0.49950 0.13050
v 0.42600 -0.49850 0.13900
v 0.44144 -0.49228 0.17656
v 0.43800 -0.48183 0.18733
v 0.43800 -0.46600 0.08150
v 0.43200 -0.45150 0.08500
v 0.44050 -0.45440 0.17760
v 0.43717 -0.46650 0.18783
v 0.43600 -0.43650 -0.06700
v 0.42300 -0.44450 0.09000
v 0.44100 -0.44350 0.13050
v 0.42600 -0.44450 0.13900
v 0.44300 -0.44850 0.16800
v 0.43600 -0.37650 -0.06700
v 0.43600 -0.37050 -0.06700
v 0.45650 -0.48750 0.12150
v 0.46225 -0.49600 0.15550
v 0.46168 -0.49568 0.17464
v 0.45312 -0.49444 0.19594
v 0.46571 -0.49164 0.21771
v 0.45800 -0.46117 0.12067
v 0.46267 -0.45050 0.15533
v 0.46431 -0.46227 0.17785
v 0.45594 -0.45978 0.19856
v 0.46550 -0.46400 0.21600
v 0.46200 -0.44850 0.15700
v 0.46208 -0.44417 0.17608
v 0.45605 -0.44307 0.19810
v 0.46714 -0.44507 0.21571
v 0.46600 -0.42350 0.18100
v 0.46083 -0.42350 0.20050
v 0.47200 -0.42350 0.21300
v 0.48150 -0.48250 0.15900
v 0.47980 -0.49143 0.17160
v 0.49336 -0.49359 0.19882
v 0.48300 -0.49075 0.21650
v 0.48250 -0.46600 0.15850
v 0.48065 -0.45997 0.17171
v 0.48900 -0.46025 0.19937
v 0.48500 -0.46650 0.21550
v 0.48073 -0.44450 0.17845
v 0.48876 -0.44179 0.20006
v 0.48367 -0.44817 0.21567
v 0.48150 -0.42350 0.18200
v 0.48560 -0.42350 0.20140
v 0.53100 -0.43350 -0.02800
v 0.53100 -0.43350 -0.00100
v 0.53100 -0.37250 -0.02800
v 0.53100 -0.37250 -0.00100
v 0.57029 -0.43393 -0.06700
v 0.57029 -0.43393 0.32100
v 0.57060 -0.37770 -0.06700
v 0.57060 -0.37770 0.32100
v 0.56950 -0.37100 -0.06700
v 0.56950 -0.37100 0.32100
v 0.57700 -0.42950 -0.06700
v 0.57700 -0.42950 0.32100
v 0.57700 -0.38050 -0.06700
v 0.57700 -0.38050 0.32100
usemtl m001
f 4028 4011 4029
f 4364 4380 4363
f 4025 4007 4008
f 4348 4349 4369
f 4384 4366 4367
f 4226 4225 4189
f 4118 4157 4117
f 4029 4045 4044
f 4024 4041 4040
f 4297 4257 4298
f 4341 4298 4342
f 4225 4224 4188
f 4157 4188 4156
f 4266 4265 4229
f 4082 4122 4081
f 4119 4120 4159
f 4344 4365 4357
f 4365 4382 4376
f 4292 4302 4335
f 4301 4302 4292
f 4344 4309 4350
f 4302 4309 4344
f 4335 4302 4344
f 4300 4291 4290
f 4291 4300 4301
f 4364 4343 4334
f 4354 4363 4364
f 4280 4279 4239
f 4281 4280 4240
f 4242 4241 4240
f 4209 4242 4207
f 4137 4174 4173
f 4204 4170 4205
f 4277 4237 4238
f 4278 4277 4238
f 4279 4278 4239
f 4356 4375 4374
f 4335 4357 4356
f 4357 4376 4375
f 4291 4335 4356
f 4355 4356 4374
f 4354 4355 4374
f 4292 4335 4291
f 4330 4329 4239
f 4209 4242 4208
f 4174 4175 4207
f 4328 4278 4239
f 4329 4328 4239
f 4217 4223 4222
f 4216 4222 4221
f 4215 4221 4220
f 4187 4223 4217
f 4154 4183 4146
f 4183 4154 4187
f 4152 4153 4145
f 4151 4152 4144
f 4217 4216 4215
f 4330 4326 4325
f 4215 4214 4180
f 4182 4215 4180
f 4183 4217 4182
f 4209 4201 4235
f 4181 4182 4180
f 4209 4168 4201
f 4143 4144 4180
f 4137 4131 4132
f 4137 4097 4131
f 4100 4096 4097
f 4255 4220 4221
f 4134 4129 4130
f 4170 4167 4129
f 4170 4166 4167
f 4237 4273 4234
f 4277 4323 4274
f 4329 4325 4324
f 4069 4077 4078
f 4059 4032 4017
f 4061 4060 4033
f 4034 4061 4033
f 4071 4079 4042
f 4074 4082 4122
f 4115 4160 4122
f 4062 4037 4063
f 4107 4062 4063
f 4161 4160 4156
f 4147 4107 4108
f 4320 4319 4324
f 4319 4318 4323
f 4259 4265 4260
f 4313 4268 4271
f 4259 4312 4265
f 4323 4318 4271
f 4253 4296 4295
f 4251 4252 4294
f 4337 4293 4294
f 4262 4306 4261
f 4271 4270 4273
f 4267 4230 4232
f 4273 4270 4232
f 4368 4360 4379
f 4230 4194 4197
f 4368 4385 4384
f 4234 4232 4197
f 4194 4162 4164
f 4200 4197 4164
f 4162 4123 4126
f 4166 4164 4126
f 4126 4088 4093
f 4083 4084 4089
f 4093 4088 4089
f 4084 4085 4090
f 4094 4089 4090
f 4085 4086 4091
f 4095 4090 4091
f 4027 4020 4005
f 4086 4087 4092
f 4096 4091 4092
f 4158 4190 4189
f 4087 4124 4127
f 4097 4092 4127
f 4124 4125 4128
f 4131 4127 4128
f 4004 4009 4010
f 4128 4165 4168
f 4005 4010 4011
f 4021 4028 4029
f 4023 4030 4046
f 4037 4046 4047
f 4065 4076 4118
f 4110 4118 4158
f 4150 4158 4190
f 4185 4190 4226
f 4219 4226 4262
f 4165 4198 4201
f 4296 4306 4305
f 4338 4348 4369
f 4361 4369 4368
f 4195 4196 4199
f 4360 4368 4385
f 4201 4198 4199
f 4355 4364 4363
f 4354 4363 4362
f 4199 4233 4235
f 4332 4341 4297
f 4287 4297 4256
f 4143 4151 4152
f 4057 4067 4039
f 4233 4272 4276
f 4017 4025 4008
f 4003 4008 4009
f 4272 4322 4327
f 4322 4321 4326
f 4321 4320 4325
f 4201 4202 4235
f 4321 4316 4315
f 4322 4317 4316
f 4272 4269 4317
f 4233 4231 4269
f 4199 4196 4231
f 4165 4163 4195
f 4128 4125 4163
f 4126 4123 4083
f 4271 4268 4267
f 4319 4314 4313
f 4320 4315 4314
f 4145 4183 4181
f 4223 4191 4227
f 4334 4291 4355
f 4302 4308 4309
f 4341 4340 4297
f 4256 4255 4220
f 4152 4151 4111
f 4067 4066 4039
f 4129 4093 4094
f 4365 4366 4383
f 4346 4367 4359
f 4367 4368 4385
f 4261 4225 4226
f 4189 4157 4158
f 4030 4045 4029
f 4046 4045 4030
f 4028 4027 4010
f 4027 4026 4010
f 4040 4068 4039
f 4024 4025 4017
f 4039 4024 4016
f 4341 4342 4362
f 4066 4067 4057
f 4342 4364 4363
f 4111 4066 4056
f 4152 4111 4105
f 4344 4345 4366
f 4186 4151 4143
f 4220 4186 4180
f 4256 4220 4214
f 4345 4346 4367
f 4346 4347 4368
f 4362 4341 4332
f 4380 4364 4355
f 4260 4224 4261
f 4381 4380 4374
f 4382 4381 4375
f 4383 4382 4376
f 4384 4383 4377
f 4385 4384 4378
f 4349 4348 4338
f 4305 4349 4339
f 4262 4306 4296
f 4074 4073 4045
f 4028 4044 4043
f 4075 4076 4065
f 4047 4075 4064
f 4043 4042 4026
f 4029 4030 4023
f 4011 4028 4021
f 4041 4068 4040
f 4068 4112 4067
f 4113 4153 4112
f 4360 4368 4346
f 4112 4153 4111
f 4256 4222 4257
f 4190 4226 4219
f 4158 4190 4185
f 4299 4300 4342
f 4347 4303 4304
f 4226 4225 4218
f 4226 4219 4218
f 4184 4189 4190
f 4158 4157 4149
f 4010 4011 4028
f 4073 4072 4043
f 4027 4028 4021
f 4069 4113 4068
f 4044 4028 4029
f 4223 4258 4257
f 4044 4036 4021
f 4044 4029 4022
f 4043 4027 4028
f 4344 4350 4351
f 4043 4028 4021
f 4346 4352 4311
f 4020 4027 4043
f 4351 4352 4346
f 4311 4312 4304
f 4266 4229 4224
f 4224 4229 4193
f 4056 4066 4067
f 4193 4161 4156
f 4082 4081 4074
f 4073 4081 4080
f 4080 4079 4042
f 4068 4058 4057
f 4039 4031 4058
f 4067 4112 4066
f 4077 4120 4069
f 4120 4119 4113
f 4113 4119 4159
f 4112 4067 4057
f 4066 4112 4106
f 4223 4227 4263
f 4258 4263 4264
f 4264 4307 4300
f 4341 4297 4287
f 4309 4310 4351
f 4192 4160 4161
f 4297 4298 4288
f 4297 4287 4288
f 4257 4298 4288
f 4299 4341 4332
f 4341 4342 4333
f 4333 4342 4299
f 4378 4384 4383
f 4368 4367 4359
f 4359 4367 4384
f 4309 4315 4316
f 4366 4358 4359
f 4383 4377 4358
f 4310 4316 4317
f 4311 4317 4269
f 4265 4269 4231
f 4361 4338 4339
f 4338 4294 4339
f 4337 4294 4338
f 4228 4231 4196
f 4293 4251 4294
f 4196 4195 4192
f 4192 4195 4163
f 4252 4253 4295
f 4294 4295 4339
f 4347 4304 4293
f 4160 4163 4125
f 4348 4347 4337
f 4125 4124 4121
f 4304 4259 4251
f 4124 4087 4081
f 4087 4086 4080
f 4259 4260 4252
f 4261 4306 4296
f 4086 4085 4079
f 4260 4261 4253
f 4085 4084 4078
f 4077 4083 4123
f 4084 4083 4077
f 4123 4162 4159
f 4162 4194 4191
f 4194 4230 4227
f 4311 4265 4312
f 4230 4267 4263
f 4263 4267 4268
f 4268 4313 4307
f 4307 4313 4314
f 4308 4314 4315
f 4240 4239 4206
f 4241 4281 4240
f 4207 4240 4206
f 4175 4209 4207
f 4173 4207 4206
f 4136 4137 4173
f 4135 4136 4172
f 4172 4173 4206
f 4134 4135 4172
f 4171 4172 4206
f 4170 4134 4171
f 4205 4171 4206
f 4237 4204 4205
f 4238 4205 4206
f 4239 4238 4206
f 4280 4330 4329
f 4156 4116 4117
f 4170 4133 4134
f 4279 4329 4278
f 4110 4109 4064
f 4109 4108 4064
f 4108 4063 4064
f 4063 4038 4064
f 4118 4117 4109
f 4117 4116 4108
f 4116 4156 4148
f 4155 4156 4160
f 4147 4156 4155
f 4148 4156 4147
f 4155 4115 4107
f 4062 4115 4074
f 4107 4115 4062
f 4074 4046 4037
f 4241 4242 4281
f 4016 4017 4032
f 4003 4018 4017
f 4004 4019 4003
f 4018 4033 4017
f 4033 4032 4017
f 4060 4059 4032
f 4009 4026 4019
f 4026 4042 4034
f 4042 4071 4061
f 4070 4079 4078
f 4060 4071 4070
f 4061 4071 4060
f 4041 4024 4016
f 4069 4041 4032
f 4070 4069 4059
f 4280 4330 4240
f 4208 4240 4206
f 4207 4208 4206
f 4166 4129 4167
f 4133 4134 4171
f 4170 4133 4171
f 4324 4323 4328
f 4328 4277 4278
f 4274 4273 4237
f 4234 4200 4203
f 4204 4236 4203
f 4200 4166 4203
f 4203 4169 4170
f 4130 4094 4134
f 4094 4095 4099
f 4135 4098 4099
f 4095 4096 4100
f 4135 4099 4100
f 4137 4138 4174
f 4138 4175 4174
f 4132 4168 4175
f 4235 4276 4242
f 4276 4275 4281
f 4275 4327 4281
f 4327 4326 4330
f 4266 4260 4265
f 4383 4382 4365
f 4348 4369 4347
f 4190 4226 4189
f 4367 4366 4345
f 4225 4261 4224
f 4189 4225 4188
f 4068 4041 4069
f 4112 4068 4113
f 4113 4069 4114
f 4352 4351 4310
f 4335 4344 4357
f 4357 4365 4376
f 4291 4301 4292
f 4343 4300 4290
f 4290 4334 4343
f 4355 4364 4334
f 4355 4354 4364
f 4240 4280 4239
f 4207 4242 4240
f 4173 4174 4207
f 4172 4136 4173
f 4171 4134 4172
f 4205 4170 4171
f 4238 4237 4205
f 4239 4278 4238
f 4301 4300 4308
f 4307 4308 4300
f 4240 4330 4239
f 4208 4242 4240
f 4207 4209 4208
f 4216 4217 4222
f 4215 4216 4221
f 4214 4215 4220
f 4183 4187 4217
f 4153 4154 4146
f 4146 4145 4153
f 4144 4152 4145
f 4143 4151 4144
f 4329 4330 4325
f 4282 4242 4276
f 4242 4209 4235
f 4144 4145 4181
f 4175 4138 4132
f 4138 4137 4132
f 4136 4100 4097
f 4169 4203 4166
f 4236 4237 4234
f 4277 4328 4323
f 4328 4329 4324
f 4275 4276 4327
f 4187 4154 4191
f 4159 4191 4154
f 4070 4071 4079
f 4033 4060 4032
f 4018 4034 4033
f 4003 4019 4018
f 4078 4069 4070
f 4155 4160 4115
f 4063 4037 4038
f 4108 4107 4063
f 4122 4074 4115
f 4148 4147 4108
f 4325 4320 4324
f 4324 4319 4323
f 4318 4313 4271
f 4304 4312 4259
f 4274 4323 4271
f 4294 4252 4295
f 4274 4271 4273
f 4270 4267 4232
f 4234 4273 4232
f 4385 4368 4379
f 4367 4368 4384
f 4232 4230 4197
f 4200 4234 4197
f 4197 4194 4164
f 4166 4200 4164
f 4164 4162 4126
f 4129 4166 4126
f 4068 4067 4039
f 4129 4126 4093
f 4088 4083 4089
f 4094 4093 4089
f 4089 4084 4090
f 4095 4094 4090
f 4090 4085 4091
f 4096 4095 4091
f 4010 4027 4005
f 4091 4086 4092
f 4097 4096 4092
f 4092 4087 4127
f 4131 4097 4127
f 4127 4124 4128
f 4132 4131 4128
f 4005 4004 4010
f 4132 4128 4168
f 4006 4005 4011
f 4022 4021 4029
f 4037 4023 4046
f 4038 4037 4047
f 4110 4065 4118
f 4150 4110 4158
f 4185 4150 4190
f 4219 4185 4226
f 4254 4219 4262
f 4168 4165 4201
f 4295 4296 4305
f 4361 4338 4369
f 4360 4361 4368
f 4198 4195 4199
f 4379 4360 4385
f 4202 4201 4199
f 4354 4355 4363
f 4353 4354 4362
f 4202 4199 4235
f 4287 4332 4297
f 4249 4287 4256
f 4144 4143 4152
f 4031 4057 4039
f 4235 4233 4276
f 4003 4017 4008
f 4004 4003 4009
f 4276 4272 4327
f 4327 4322 4326
f 4326 4321 4325
f 4320 4321 4315
f 4321 4322 4316
f 4322 4272 4317
f 4272 4233 4269
f 4233 4199 4231
f 4198 4165 4195
f 4165 4128 4163
f 4088 4126 4083
f 4270 4271 4267
f 4318 4319 4313
f 4319 4320 4314
f 4145 4146 4183
f 4180 4144 4181
f 4181 4183 4182
f 4182 4217 4215
f 4187 4191 4223
f 4334 4290 4291
f 4355 4291 4356
f 4356 4357 4375
f 4301 4308 4302
f 4383 4366 4384
f 4385 4384 4367
f 4336 4346 4359
f 4368 4347 4369
f 4262 4261 4226
f 4158 4157 4118
f 4009 4010 4026
f 4066 4112 4111
f 4255 4221 4256
f 4256 4257 4297
f 4340 4297 4298
f 4340 4298 4341
f 4016 4024 4017
f 4031 4039 4016
f 4362 4342 4363
f 4056 4066 4057
f 4105 4111 4056
f 4144 4152 4105
f 4365 4344 4366
f 4180 4186 4143
f 4214 4220 4180
f 4249 4256 4214
f 4368 4367 4346
f 4353 4362 4332
f 4374 4380 4355
f 4375 4381 4374
f 4376 4382 4375
f 4377 4383 4376
f 4378 4384 4377
f 4379 4385 4378
f 4189 4188 4157
f 4339 4349 4338
f 4295 4305 4339
f 4157 4156 4117
f 4254 4262 4296
f 4046 4074 4045
f 4045 4073 4044
f 4064 4075 4065
f 4038 4047 4064
f 4027 4043 4026
f 4022 4029 4023
f 4006 4011 4021
f 4336 4360 4346
f 4152 4111 4153
f 4221 4222 4256
f 4185 4190 4219
f 4150 4158 4185
f 4257 4258 4298
f 4298 4258 4299
f 4298 4299 4342
f 4342 4300 4343
f 4364 4342 4343
f 4346 4303 4347
f 4185 4184 4190
f 4150 4158 4149
f 4044 4073 4043
f 4020 4027 4021
f 4153 4113 4154
f 4222 4223 4257
f 4028 4044 4021
f 4036 4044 4022
f 4345 4344 4351
f 4035 4043 4021
f 4352 4310 4311
f 4035 4020 4043
f 4345 4351 4346
f 4303 4346 4311
f 4303 4311 4304
f 4260 4266 4224
f 4188 4224 4193
f 4057 4056 4067
f 4188 4193 4156
f 4073 4074 4081
f 4072 4073 4080
f 4072 4080 4043
f 4043 4080 4042
f 4067 4068 4057
f 4068 4039 4058
f 4114 4069 4120
f 4113 4114 4120
f 4113 4159 4154
f 4106 4112 4057
f 4056 4066 4106
f 4258 4223 4263
f 4299 4258 4264
f 4299 4264 4300
f 4332 4341 4287
f 4350 4309 4351
f 4265 4228 4229
f 4229 4228 4193
f 4193 4192 4161
f 4250 4257 4288
f 4122 4121 4081
f 4342 4341 4299
f 4289 4299 4332
f 4332 4341 4333
f 4289 4333 4299
f 4377 4378 4383
f 4360 4368 4359
f 4378 4359 4384
f 4310 4309 4316
f 4367 4366 4359
f 4366 4383 4358
f 4311 4310 4317
f 4265 4311 4269
f 4228 4265 4231
f 4193 4228 4196
f 4193 4196 4192
f 4160 4192 4163
f 4337 4347 4293
f 4122 4160 4125
f 4338 4348 4337
f 4122 4125 4121
f 4293 4304 4251
f 4121 4124 4081
f 4081 4087 4080
f 4251 4259 4252
f 4253 4261 4296
f 4080 4086 4079
f 4252 4260 4253
f 4079 4085 4078
f 4120 4077 4123
f 4078 4084 4077
f 4120 4123 4159
f 4159 4162 4191
f 4191 4194 4227
f 4227 4230 4263
f 4264 4263 4268
f 4264 4268 4307
f 4308 4307 4314
f 4309 4308 4315
f 4279 4280 4329
f 4280 4281 4330
f 4278 4329 4328
f 4110 4118 4109
f 4109 4117 4108
f 4108 4116 4148
f 4147 4155 4107
f 4062 4074 4037
f 4019 4034 4018
f 4004 4009 4019
f 4019 4026 4034
f 4034 4042 4061
f 4032 4041 4016
f 4059 4069 4032
f 4060 4070 4059
f 4331 4330 4281
f 4282 4281 4242
f 4130 4129 4094
f 4277 4274 4237
f 4237 4236 4204
f 4236 4234 4203
f 4204 4203 4170
f 4169 4166 4170
f 4170 4129 4133
f 4133 4129 4134
f 4134 4094 4098
f 4134 4098 4135
f 4098 4094 4099
f 4099 4095 4100
f 4136 4135 4100
f 4136 4097 4137
f 4175 4168 4209
f 4282 4276 4281
f 4281 4327 4331
f 4331 4327 4330
f 4052 4103 4104
f 4425 4466 4505
f 4506 4505 4503
f 4502 4501 4460
f 4508 4507 4501
f 4504 4503 4509
f 4510 4509 4507
f 4424 4504 4503
f 4502 4423 4460
f 4504 4502 4501
f 4425 4506 4504
f 4466 4425 4424
f 4505 4466 4465
f 4510 4508 4502
f 4507 4509 4503
f 4500 4498 4497
f 3988 3992 3991
f 3990 3992 3988
f 3987 3988 3991
f 3990 3989 3993
f 3992 3990 3994
f 3991 3992 3996
f 3989 3991 3995
f 3994 3993 3997
f 3996 3994 3998
f 3995 3996 4001
f 3993 3995 4000
f 4001 3998 3999
f 4000 4001 4002
f 3999 3997 4012
f 4002 3999 4013
f 4000 4002 4015
f 3997 4000 4014
f 4013 4012 4370
f 4015 4013 4371
f 4014 4015 4373
f 4012 4014 4372
f 4397 4396 4444
f 4401 4397 4445
f 4400 4401 4449
f 4396 4400 4448
f 4372 4373 4401
f 4370 4372 4400
f 4371 4370 4396
f 4373 4371 4397
f 4445 4444 4497
f 4449 4445 4498
f 4448 4449 4500
f 4444 4448 4499
f 4049 4048 4410
f 4055 4049 4411
f 4054 4055 4414
f 4048 4054 4413
f 4210 4176 4177
f 4244 4210 4211
f 4283 4243 4244
f 4139 4140 4177
f 4101 4102 4139
f 4212 4213 4179
f 4246 4285 4286
f 4141 4178 4179
f 4211 4177 4179
f 4176 4210 4212
f 4245 4211 4213
f 4210 4244 4247
f 4244 4245 4248
f 4244 4243 4246
f 4284 4244 4247
f 4243 4283 4285
f 4283 4284 4286
f 4139 4176 4178
f 4177 4140 4142
f 4101 4139 4141
f 4140 4102 4104
f 4050 4101 4103
f 4051 4050 4052
f 4245 4244 4211
f 4213 4247 4248
f 4104 4141 4142
f 4102 4053 4104
f 4407 4404 4403
f 4393 4407 4406
f 4404 4407 4393
f 4403 4390 4393
f 4470 4479 4458
f 4470 4475 4479
f 4469 4470 4454
f 4485 4469 4468
f 4489 4485 4468
f 4489 4492 4485
f 4492 4489 4473
f 4464 4477 4473
f 4479 4492 4477
f 4485 4492 4479
f 4468 4454 4458
f 4410 4394 4395
f 4402 4388 4394
f 4402 4389 4388
f 4411 4410 4395
f 4403 4402 4410
f 4403 4389 4402
f 4412 4411 4395
f 4404 4403 4411
f 4404 4389 4403
f 4396 4412 4395
f 4390 4404 4412
f 4390 4389 4404
f 4387 4396 4395
f 4386 4390 4396
f 4386 4389 4390
f 4394 4387 4395
f 4388 4386 4387
f 4388 4389 4386
f 4413 4398 4399
f 4405 4391 4398
f 4405 4392 4391
f 4414 4413 4399
f 4406 4405 4413
f 4406 4392 4405
f 4415 4414 4399
f 4407 4406 4414
f 4407 4392 4406
f 4400 4415 4399
f 4393 4407 4415
f 4393 4392 4407
f 4392 4393 4400
f 4391 4392 4399
f 4495 4481 4482
f 4492 4478 4481
f 4489 4474 4478
f 4489 4475 4474
f 4496 4495 4482
f 4493 4492 4495
f 4490 4489 4492
f 4490 4475 4489
f 4483 4496 4482
f 4480 4493 4496
f 4476 4490 4493
f 4476 4475 4490
f 4479 4480 4483
f 4475 4476 4480
f 4478 4479 4482
f 4474 4475 4479
f 4492 4478 4479
f 4485 4469 4474
f 4485 4470 4469
f 4493 4492 4479
f 4486 4485 4489
f 4486 4470 4485
f 4491 4490 4493
f 4487 4486 4490
f 4494 4493 4479
f 4487 4470 4486
f 4480 4494 4479
f 4476 4491 4494
f 4471 4487 4491
f 4471 4470 4487
f 4470 4471 4476
f 4452 4453 4440
f 4428 4429 4416
f 4469 4470 4475
f 4469 4474 4454
f 4427 4416 4419
f 4439 4428 4416
f 4451 4440 4428
f 4467 4452 4451
f 4485 4469 4452
f 4426 4427 4419
f 4450 4451 4439
f 4484 4485 4467
f 4431 4426 4419
f 4442 4439 4426
f 4456 4450 4439
f 4472 4467 4450
f 4488 4484 4467
f 4489 4485 4484
f 4489 4474 4485
f 4432 4431 4419
f 4457 4456 4442
f 4489 4488 4472
f 4436 4432 4419
f 4446 4442 4432
f 4461 4457 4442
f 4462 4472 4457
f 4478 4489 4472
f 4422 4436 4419
f 4437 4446 4436
f 4447 4461 4446
f 4438 4437 4422
f 4463 4462 4447
f 4433 4438 4422
f 4434 4447 4438
f 4443 4463 4447
f 4458 4478 4463
f 4458 4474 4478
f 4421 4433 4419
f 4459 4474 4458
f 4409 4420 4419
f 4435 4434 4421
f 4416 4408 4419
f 4417 4409 4408
f 4418 4421 4409
f 4430 4435 4421
f 4441 4443 4435
f 4454 4458 4443
f 4455 4459 4458
f 4455 4474 4459
f 4429 4418 4417
f 4454 4474 4455
f 4440 4430 4429
f 4453 4441 4430
f 4469 4454 4441
f 4506 4425 4505
f 4504 4506 4503
f 4502 4508 4501
f 4510 4504 4509
f 4508 4510 4507
f 4465 4424 4503
f 4503 4504 4501
f 4424 4425 4504
f 4465 4466 4424
f 4503 4505 4465
f 4504 4510 4502
f 4501 4507 4503
f 3989 3990 3987
f 4499 4500 4497
f 3987 3990 3988
f 3989 3987 3991
f 3994 3990 3993
f 3996 3992 3994
f 3995 3991 3996
f 3993 3989 3995
f 3998 3994 3997
f 4001 3996 3998
f 4000 3995 4001
f 3997 3993 4000
f 3999 3998 3997
f 4002 4001 3999
f 4013 3999 4012
f 4015 4002 4013
f 4014 4000 4015
f 4012 3997 4014
f 4371 4013 4370
f 4373 4015 4371
f 4372 4014 4373
f 4370 4012 4372
f 4445 4397 4444
f 4449 4401 4445
f 4448 4400 4449
f 4444 4396 4448
f 4400 4372 4401
f 4396 4370 4400
f 4397 4371 4396
f 4401 4373 4397
f 4498 4445 4497
f 4500 4449 4498
f 4499 4448 4500
f 4497 4444 4499
f 4411 4049 4410
f 4414 4055 4411
f 4413 4054 4414
f 4410 4048 4413
f 4211 4210 4177
f 4284 4283 4244
f 4176 4139 4177
f 4178 4212 4179
f 4212 4247 4213
f 4247 4246 4286
f 4142 4141 4179
f 4104 4103 4141
f 4213 4211 4179
f 4178 4176 4212
f 4248 4245 4213
f 4212 4210 4247
f 4247 4244 4248
f 4247 4244 4246
f 4286 4284 4247
f 4246 4243 4285
f 4285 4283 4286
f 4141 4139 4178
f 4179 4177 4142
f 4103 4101 4141
f 4142 4140 4104
f 4052 4050 4103
f 4053 4051 4052
f 4140 4139 4102
f 4102 4051 4053
f 4403 4404 4390
f 4406 4407 4403
f 4390 4404 4393
f 4406 4403 4393
f 4454 4470 4458
f 4468 4469 4454
f 4473 4489 4468
f 4477 4492 4473
f 4458 4464 4473
f 4464 4479 4477
f 4458 4479 4464
f 4470 4485 4479
f 4473 4468 4458
f 4410 4402 4394
f 4411 4403 4410
f 4412 4404 4411
f 4396 4390 4412
f 4387 4386 4396
f 4394 4388 4387
f 4413 4405 4398
f 4414 4406 4413
f 4415 4407 4414
f 4400 4393 4415
f 4399 4392 4400
f 4398 4391 4399
f 4495 4492 4481
f 4492 4489 4478
f 4496 4493 4495
f 4493 4490 4492
f 4483 4480 4496
f 4480 4476 4493
f 4482 4479 4483
f 4479 4475 4480
f 4481 4478 4482
f 4478 4474 4479
f 4490 4486 4489
f 4494 4491 4493
f 4491 4487 4490
f 4480 4476 4494
f 4476 4471 4491
f 4475 4470 4476
f 4452 4469 4453
f 4428 4440 4429
f 4474 4469 4475
f 4427 4439 4416
f 4439 4451 4428
f 4451 4452 4440
f 4467 4485 4452
f 4426 4439 4427
f 4450 4467 4451
f 4431 4442 4426
f 4442 4456 4439
f 4456 4472 4450
f 4472 4488 4467
f 4488 4489 4484
f 4432 4442 4431
f 4457 4472 4456
f 4436 4446 4432
f 4446 4461 4442
f 4461 4462 4457
f 4462 4478 4472
f 4422 4437 4436
f 4437 4447 4446
f 4447 4462 4461
f 4438 4447 4437
f 4463 4478 4462
f 4419 4433 4422
f 4433 4434 4438
f 4434 4443 4447
f 4443 4458 4463
f 4420 4421 4419
f 4421 4434 4433
f 4408 4409 4419
f 4409 4421 4420
f 4435 4443 4434
f 4416 4417 4408
f 4417 4418 4409
f 4418 4430 4421
f 4430 4441 4435
f 4441 4454 4443
f 4454 4455 4458
f 4416 4429 4417
f 4429 4430 4418
f 4440 4453 4430
f 4453 4469 4441
f 4102 4101 4050
f 4104 4053 4052
f 4051 4102 4050
v 0.31862 0.18158 0.01707
v -0.17307 0.18012 0.26983
v 0.15714 0.17240 -0.29489
v 0.26210 0.17941 -0.19154
v -0.31049 0.18070 -0.09501
v -0.25918 0.16936 0.20762
v -0.04334 0.17642 0.32087
v 0.00207 0.17567 -0.32623
v -0.18760 0.16001 -0.27825
v -0.32004 0.17170 -0.07609
v 0.16518 0.16355 0.29258
v -0.29264 0.17822 0.13350
v 0.09724 0.18170 -0.30280
v 0.17242 0.17444 -0.28021
v -0.03447 0.17467 -0.34579
v 0.29893 0.17467 -0.15346
v -0.19777 0.17910 -0.25297
v 0.32991 0.17448 0.05402
v 0.24880 0.17816 0.20621
v 0.09835 0.17919 0.30756
v -0.01453 0.17468 0.33786
v -0.20761 0.17437 0.25819
v -0.23367 0.17250 0.03437
v 0.14013 0.17250 -0.20162
v 0.08450 0.17250 0.29566
v -0.09494 0.16243 -0.32017
v 0.33497 0.16748 -0.00402
v 0.30744 0.15294 0.13642
v -0.32771 0.16578 0.06960
v 0.25027 0.14701 -0.21575
v 0.28819 0.16667 -0.16619
v -0.09901 0.15616 0.31970
v -0.28192 0.15868 -0.18284
v 0.00766 0.15167 0.33450
v -0.00658 0.15037 -0.33447
v -0.01099 0.14153 -0.31975
v 0.10863 0.14660 -0.31160
v 0.31759 0.14688 -0.10101
v 0.32108 0.14546 0.00224
v -0.32479 0.14779 -0.07075
v -0.32023 0.14662 0.08857
v -0.31354 0.14327 0.06338
v 0.27751 0.15197 0.18447
v -0.19968 0.15056 0.26763
v 0.14888 0.14740 0.29269
v 0.26844 0.13688 -0.16196
v -0.20445 0.14433 -0.23967
v -0.05987 0.14656 -0.32203
v 0.22130 0.13335 -0.21930
v -0.28901 0.14215 -0.12666
v 0.26648 0.14150 0.16622
v -0.19502 0.11407 0.23844
v 0.13669 0.09216 0.28043
v -0.16087 0.14341 0.28272
v -0.16040 0.08970 -0.26931
v 0.31827 0.08673 -0.00512
v -0.30969 0.09581 0.02472
v -0.25698 0.10236 0.16383
v -0.23947 0.10438 0.18806
v -0.05541 0.08443 -0.31344
v -0.29385 0.10104 -0.09875
v 0.05896 0.08714 -0.30907
v 0.18396 0.09851 -0.24493
v 0.27455 0.10024 -0.12869
v -0.18445 0.08604 0.26214
v -0.12305 0.09854 0.27835
v -0.02815 0.12235 0.30707
v 0.25745 0.10044 0.16850
v 0.02385 0.08316 0.32168
v 0.29219 0.08440 0.12823
v 0.19625 0.08275 -0.25729
v -0.28324 0.08375 -0.14953
v -0.28774 0.08475 0.13584
v -0.08228 0.08356 0.30142
v -0.23086 0.08295 -0.22043
v 0.20503 0.08136 0.24337
v -0.31286 0.08103 -0.05513
v -0.25643 0.07513 0.13461
v 0.16286 0.07450 0.24322
v -0.19104 0.07413 -0.22663
v 0.04177 0.07166 -0.29272
v -0.28081 0.07493 -0.07381
v 0.29447 0.07493 -0.01802
v -0.16343 0.07538 0.24205
v -0.00290 0.07620 0.29210
v 0.27800 0.08438 -0.14390
v 0.01000 0.00850 -0.15800
v 0.00100 0.00850 -0.15800
v -0.00600 0.00850 -0.15800
v -0.01500 0.00850 -0.15750
v 0.01900 0.00850 -0.15700
v 0.01300 0.00850 -0.15700
v 0.00700 0.00850 -0.15700
v 0.00100 0.00850 -0.15700
v -0.00600 0.00850 -0.15700
v -0.01200 0.00850 -0.15700
v 0.02500 0.00850 -0.15600
v 0.01900 0.00850 -0.15600
v 0.01300 0.00850 -0.15600
v -0.01200 0.00850 -0.15600
v -0.01800 0.00850 -0.15600
v -0.02400 0.00850 -0.15600
v 0.02500 0.00850 -0.15500
v -0.02400 0.00850 -0.15500
v -0.03000 0.00850 -0.15500
v 0.03100 0.00850 -0.15400
v -0.03000 0.00850 -0.15400
v -0.03600 0.00850 -0.15400
v 0.03700 0.00850 -0.15300
v -0.03600 0.00850 -0.15300
v 0.03700 0.00850 -0.15200
v -0.04200 0.00850 -0.15200
v 0.04300 0.00850 -0.15100
v -0.04800 0.00850 -0.15100
v 0.05000 0.00850 -0.15000
v 0.04650 0.00850 -0.15100
v -0.05100 0.00850 -0.14950
v 0.04900 0.00850 -0.14900
v 0.05500 0.00850 -0.14800
v -0.05400 0.00850 -0.14800
v 0.05492 0.00835 -0.14688
v -0.06000 0.00850 -0.14600
v 0.06100 0.00850 -0.14500
v 0.06066 0.00850 -0.17219
v -0.06600 0.00850 -0.14400
v -0.06500 0.00850 -0.14300
v 0.06600 0.00850 -0.14200
v -0.07100 0.00850 -0.14100
v 0.12962 0.00850 -0.12456
v 0.06742 0.00816 -0.14068
v -0.07600 0.00850 -0.13800
v -0.07700 0.00850 -0.13800
v 0.08300 0.00850 -0.13500
v -0.08200 0.00850 -0.13500
v 0.08255 0.00793 -0.13205
v -0.06627 0.00773 -0.14104
v -0.08700 0.00850 -0.13200
v 0.08800 0.00850 -0.13100
v 0.09300 0.00850 -0.12700
v 0.09800 0.00850 -0.12300
v -0.09271 0.00831 -0.12523
v 0.10300 0.00850 -0.11900
v 0.10200 0.00850 -0.11900
v 0.10700 0.00850 -0.11500
v -0.11000 0.00850 -0.11100
v 0.11100 0.00850 -0.11000
v 0.13900 0.00850 -0.10225
v -0.11500 0.00850 -0.10700
v 0.11713 0.00751 -0.10223
v -0.11900 0.00850 -0.10300
v 0.12000 0.00850 -0.10200
v 0.12400 0.00850 -0.09700
v -0.12700 0.00850 -0.09300
v 0.12800 0.00850 -0.09200
v 0.12700 0.00850 -0.09200
v -0.13100 0.00850 -0.08800
v 0.13200 0.00850 -0.08700
v 0.13100 0.00850 -0.08700
v -0.12198 0.00767 -0.09676
v -0.13500 0.00850 -0.08300
v -0.19860 0.00839 -0.08963
v 0.13500 0.00850 -0.08200
v 0.13400 0.00850 -0.08100
v -0.13256 0.00808 -0.08141
v 0.13800 0.00850 -0.07700
v 0.14100 0.00850 -0.07100
v 0.14300 0.00850 -0.06500
v -0.14500 0.00850 -0.06100
v 0.14500 0.00850 -0.06000
v -0.14272 0.00825 -0.06340
v -0.14800 0.00850 -0.05500
v -0.14900 0.00850 -0.04900
v -0.15000 0.00850 -0.04900
v -0.15100 0.00850 -0.04300
v -0.15200 0.00850 -0.04300
v 0.15300 0.00850 -0.04200
v -0.15200 0.00850 -0.03700
v -0.15300 0.00850 -0.03700
v 0.15400 0.00850 -0.03600
v 0.19631 0.00850 -0.03888
v -0.15400 0.00850 -0.03100
v -0.15450 0.00850 -0.03400
v 0.15500 0.00850 -0.03000
v -0.15600 0.00850 -0.02500
v 0.15700 0.00850 -0.02400
v 0.15600 0.00850 -0.02700
v -0.15700 0.00850 -0.01900
v 0.15700 0.00850 -0.01800
v -0.15775 0.00850 -0.01150
v 0.15800 0.00850 -0.01200
v 0.15700 0.00850 -0.01200
v -0.15528 0.00789 -0.01250
v -0.15700 0.00850 -0.00700
v 0.15800 0.00850 -0.00600
v 0.15700 0.00850 -0.00600
v -0.15700 0.00850 -0.00000
v -0.15800 0.00850 -0.00000
v 0.15900 0.00850 0.00100
v 0.15800 0.00850 0.00100
v 0.15646 0.00820 0.00959
v -0.15700 0.00850 0.00600
v -0.15800 0.00850 0.00600
v 0.15800 0.00850 0.00700
v -0.15600 0.00850 0.01200
v -0.15700 0.00850 0.01200
v 0.15800 0.00850 0.01300
v 0.15700 0.00850 0.01300
v -0.15600 0.00850 0.01800
v -0.15750 0.00850 0.01500
v 0.15700 0.00850 0.01900
v -0.15500 0.00850 0.02400
v -0.15600 0.00850 0.02400
v 0.15700 0.00850 0.02500
v 0.15600 0.00850 0.02500
v -0.15400 0.00850 0.03000
v 0.15500 0.00850 0.03100
v -0.15500 0.00850 0.03100
v -0.15300 0.00850 0.03600
v 0.15300 0.00850 0.03700
v -0.15200 0.00850 0.04200
v 0.15100 0.00850 0.04300
v -0.15300 0.00850 0.04000
v 0.14838 0.00796 0.04839
v -0.14800 0.00850 0.05400
v 0.14900 0.00850 0.05500
v -0.14815 0.00789 0.04802
v -0.14600 0.00850 0.06000
v 0.14600 0.00850 0.06100
v -0.18775 0.00850 0.06425
v 0.14300 0.00850 0.06600
v -0.14130 0.00761 0.06510
v -0.14400 0.00850 0.06600
v -0.14100 0.00850 0.07100
v 0.14000 0.00850 0.07200
v 0.13700 0.00850 0.07700
v -0.13800 0.00850 0.07700
v 0.13400 0.00850 0.08200
v 0.13950 0.00850 0.08862
v -0.13500 0.00850 0.08300
v -0.12632 0.00823 0.09129
v 0.13100 0.00850 0.08800
v 0.12700 0.00850 0.09300
v 0.12800 0.00850 0.09400
v 0.12400 0.00850 0.09800
v 0.12300 0.00850 0.09800
v -0.17725 0.00850 0.09363
v 0.22149 0.00354 0.07248
v -0.12000 0.00850 0.10200
v 0.12000 0.00850 0.10300
v 0.11600 0.00850 0.10700
v -0.11600 0.00850 0.10700
v 0.10968 0.00748 0.11057
v -0.11000 0.00850 0.11350
v -0.11200 0.00850 0.11200
v 0.10700 0.00850 0.11600
v -0.10700 0.00850 0.11600
v 0.10200 0.00850 0.12000
v -0.10300 0.00850 0.12000
v 0.09700 0.00850 0.12300
v -0.11108 0.00778 0.10956
v 0.09278 0.00842 0.12680
v -0.09800 0.00850 0.12400
v 0.11250 0.00850 0.13975
v 0.09200 0.00850 0.12800
v -0.09300 0.00850 0.12800
v 0.08700 0.00850 0.13100
v -0.13306 0.00850 0.14219
v 0.08200 0.00850 0.13400
v -0.08200 0.00850 0.13400
v 0.08300 0.00850 0.13500
v 0.08500 0.00850 0.13350
v 0.06923 0.00848 0.14087
v -0.07700 0.00850 0.13700
v 0.07700 0.00850 0.13800
v -0.07200 0.00850 0.14000
v 0.07100 0.00850 0.14100
v -0.06600 0.00850 0.14300
v -0.06100 0.00850 0.14600
v -0.05200 0.00850 0.14950
v -0.05500 0.00850 0.14900
v -0.04900 0.00850 0.15000
v 0.05194 0.00813 0.14747
v -0.04300 0.00850 0.15100
v -0.04300 0.00850 0.15200
v 0.04300 0.00850 0.15300
v -0.03700 0.00850 0.15300
v 0.03700 0.00850 0.15400
v 0.02457 0.00762 0.15366
v -0.03700 0.00850 0.15400
v 0.15830 0.00847 0.15007
v 0.03100 0.00850 0.15500
v 0.03000 0.00850 0.15500
v -0.03100 0.00850 0.15500
v 0.02400 0.00850 0.15600
v -0.01672 0.00746 0.15476
v -0.02500 0.00850 0.15600
v 0.02400 0.00850 0.15700
v 0.01800 0.00850 0.15700
v 0.01200 0.00850 0.15700
v 0.00600 0.00850 0.15700
v -0.01900 0.00850 0.15700
v -0.02500 0.00850 0.15700
v 0.01200 0.00850 0.15800
v 0.00600 0.00850 0.15800
v -0.00000 0.00850 0.15800
v -0.01300 0.00850 0.15800
v 0.14035 0.00850 0.16715
v 0.10750 0.00850 0.16850
v -0.00050 0.00800 0.21850
v 0.08238 0.00850 0.16300
v -0.05588 0.00836 0.21150
v -0.06854 0.00818 -0.21038
v 0.03535 0.00665 -0.15176
v -0.01153 0.00666 -0.15517
v 0.10012 0.00718 -0.11958
v -0.10391 0.00705 -0.11537
v -0.19369 0.00817 -0.10192
v 0.12783 0.00688 -0.08877
v 0.14583 0.00771 -0.05580
v 0.14986 0.00837 -0.04395
v 0.13964 0.00753 0.06910
v 0.12925 0.00759 0.08725
v 0.11964 0.00768 0.10014
v -0.06754 0.00772 0.14052
v 0.16100 0.00750 0.15000
v -0.04481 0.00748 0.14943
v 0.15500 0.00750 0.15600
v -0.00211 0.00784 0.15594
v 0.14800 0.00750 0.16100
v 0.12439 0.00812 0.17997
v -0.01540 0.00344 0.23125
v 0.01317 0.00682 -0.15497
v -0.03995 0.00745 -0.15022
v 0.13928 0.00768 -0.06957
v -0.15151 0.00718 -0.03604
v 0.23244 0.00383 -0.00531
v -0.12616 0.00810 0.18107
v -0.13181 0.00833 0.17567
v -0.23336 0.00200 0.03528
v -0.07238 -0.00405 -0.22774
v -0.01475 0.00616 -0.15476
v 0.15483 0.00739 -0.01955
v -0.15483 0.00653 0.01399
v 0.15339 0.00748 0.02624
v -0.09115 0.00765 0.12633
v 0.08862 0.00685 0.12810
v 0.17968 0.00761 0.13260
v 0.13810 0.00539 -0.18705
v 0.07213 0.00274 0.22156
v 0.19202 -0.00339 -0.14016
v -0.23005 0.00053 -0.05298
v -0.24069 -0.00838 -0.01753
v 0.18546 -0.00449 0.15552
v 0.01587 -0.00650 -0.14916
v 0.15116 -0.00650 0.00050
v -0.10659 -0.00650 -0.10766
v 0.09762 -0.00650 0.11837
v -0.14875 -0.00650 0.01575
v -0.04250 -0.00650 0.13969
v -0.18894 0.00786 0.12065
v -0.18809 -0.00173 -0.14379
v 0.22145 0.00399 -0.06905
v -0.22443 -0.00547 0.08072
v 0.24663 -0.03314 0.10381
v 0.10355 -0.01840 -0.22976
v -0.22709 -0.02963 0.13634
v 0.08250 -0.01250 0.22500
v -0.00567 0.00394 -0.23150
v -0.01600 -0.01775 -0.24475
v -0.07550 -0.01100 -0.22575
v 0.13800 -0.01100 -0.19450
v -0.19275 -0.01125 -0.14000
v 0.18800 -0.01500 -0.15200
v 0.22912 -0.01212 0.06887
v -0.18825 -0.01250 0.14825
v -0.18756 -0.00955 0.15318
v -0.09644 -0.02575 -0.23478
v 0.13425 -0.02850 -0.21975
v -0.21163 -0.02175 -0.13313
v 0.02050 -0.02425 0.25175
v -0.09834 -0.01605 0.22965
v -0.15176 -0.04077 -0.23446
v -0.15075 -0.01538 -0.18969
v -0.22750 -0.01225 -0.07300
v 0.22500 -0.01200 -0.08150
v 0.25450 -0.02650 -0.02100
v 0.14438 -0.03620 0.23440
v 0.06938 -0.01719 -0.23450
v -0.07600 -0.01325 0.22788
v -0.06431 -0.03150 0.25269
v -0.00475 -0.01225 0.23950
v 0.02375 -0.03361 -0.27152
v -0.05444 -0.02532 -0.25310
v 0.12987 -0.02327 -0.22159
v 0.23511 -0.03777 -0.14533
v -0.25423 -0.03671 -0.10090
v 0.27908 -0.04066 0.00732
v -0.06747 0.00242 0.22473
v 0.24178 -0.03100 -0.09587
v -0.24538 -0.02928 -0.07781
v -0.26325 -0.03463 0.01712
v 0.24300 -0.02175 0.05750
v -0.25003 -0.03498 0.08386
v 0.16863 -0.03475 0.20337
v 0.09262 -0.03506 0.24788
v -0.05700 -0.01925 -0.24037
v 0.20475 -0.03531 -0.16819
v -0.20463 -0.03506 0.16756
v 0.20744 -0.01900 0.13381
v -0.14350 -0.03588 0.22313
v 0.06082 -0.00017 -0.22731
v -0.14867 0.00427 -0.17898
v -0.01637 -0.03525 -0.26413
v -0.12800 -0.02050 -0.21300
v 0.20625 -0.01600 -0.12950
v 0.25687 -0.03788 0.07487
v -0.20775 -0.01750 0.12975
v 0.14445 -0.00554 0.19039
v -0.08442 -0.04390 0.26900
v 0.06072 -0.03350 0.26462
v -0.05750 -0.02950 -0.25175
v -0.16806 -0.03762 -0.20731
v 0.19156 -0.02238 -0.17130
v -0.19791 -0.02836 0.17210
v -0.22500 -0.03750 -0.14250
v -0.23703 -0.01881 0.06722
v 0.23100 -0.02175 0.09637
v 0.13722 -0.01784 0.20372
v 0.05850 -0.01975 0.24075
v -0.01644 -0.03431 0.26312
v 0.22550 -0.03425 -0.13725
v 0.17634 -0.04161 -0.21700
v 0.17316 -0.03215 0.20366
v -0.02601 -0.02639 -0.25776
v 0.02589 -0.00700 0.24631
v 0.24600 -0.03650 0.10100
v 0.09450 -0.03613 -0.24838
v 0.07845 -0.04096 -0.26876
v 0.26209 -0.03300 0.01553
v 0.27312 -0.04019 0.08062
v 0.10504 -0.03617 0.25353
v -0.22882 -0.04340 -0.16355
v 0.26441 -0.03551 -0.06437
v 0.22624 -0.02572 0.13126
v -0.12741 -0.00988 0.21035
v -0.10280 -0.03185 -0.25459
v -0.07225 -0.03863 -0.25838
v 0.20619 -0.03687 0.16888
v 0.01544 -0.03119 -0.25963
v -0.14287 -0.03637 -0.22388
v 0.17088 -0.03200 -0.19737
v -0.20400 -0.03537 -0.16875
v 0.22400 -0.04100 -0.15250
v 0.25425 -0.03309 -0.06569
v -0.24816 -0.02069 -0.01194
v -0.22600 -0.03800 0.14350
v 0.15525 -0.04175 0.22325
v -0.15875 -0.02563 0.19834
v -0.09550 -0.03250 0.24375
v 0.26008 -0.04070 -0.09929
v -0.28283 -0.04233 -0.00617
v -0.26135 -0.04102 0.09918
v 0.21448 -0.03806 0.17486
v -0.18152 -0.04003 0.21493
v -0.00945 -0.04077 0.27919
usemtl m002
f 4606 4610 4605
f 4605 4605 4604
f 4599 4605 4598
f 4598 4604 4603
f 4603 4603 4609
f 4597 4603 4602
f 4878 4600 4599
f 4878 4599 4598
f 4878 4598 4597
f 4809 4809 4810
f 4814 4810 4838
f 4814 4814 4815
f 4819 4813 4814
f 4841 4838 4816
f 4602 4609 4608
f 4608 4608 4613
f 4601 4608 4607
f 4607 4613 4616
f 4616 4616 4621
f 4634 4616 4619
f 4878 4597 4601
f 4634 4601 4607
f 4811 4811 4806
f 4806 4805 4836
f 4803 4836 4796
f 4803 4803 4796
f 4841 4816 4811
f 4841 4811 4812
f 4821 4812 4803
f 4821 4803 4799
f 4619 4621 4623
f 4623 4623 4628
f 4626 4628 4631
f 4629 4631 4633
f 4629 4629 4633
f 4634 4626 4625
f 4634 4625 4629
f 4796 4796 4793
f 4794 4793 4836
f 4794 4794 4791
f 4789 4836 4834
f 4790 4789 4788
f 4821 4799 4794
f 4821 4794 4789
f 4821 4789 4790
f 4821 4790 4788
f 4633 4633 4637
f 4634 4637 4640
f 4858 4640 4643
f 4908 4787 4785
f 4785 4834 4783
f 4783 4783 4779
f 4825 4864 4865
f 4648 4645 4649
f 4648 4648 4649
f 4649 4649 4650
f 4650 4650 4653
f 4639 4650 4652
f 4858 4643 4648
f 4908 4779 4855
f 4772 4772 4768
f 4847 4855 4775
f 4847 4775 4772
f 4848 4772 4768
f 4652 4653 4654
f 4654 4654 4656
f 4639 4656 4659
f 4761 4761 4758
f 4777 4768 4763
f 4777 4763 4764
f 4777 4764 4761
f 4661 4659 4662
f 4662 4662 4665
f 4657 4662 4664
f 4664 4665 4668
f 4668 4668 4673
f 4667 4668 4672
f 4872 4667 4672
f 4770 4869 4868
f 4758 4770 4750
f 4672 4673 4844
f 4872 4675 4676
f 4676 4844 4677
f 4677 4677 4679
f 4746 4746 4743
f 4742 4741 4737
f 4870 4749 4746
f 4739 4742 4737
f 4872 4679 4829
f 4686 4830 4689
f 4690 4686 4689
f 4730 4736 4728
f 4732 4730 4728
f 4698 4852 4701
f 4698 4698 4701
f 4690 4689 4696
f 4690 4696 4695
f 4690 4695 4698
f 4846 4698 4700
f 4728 4728 4725
f 4725 4725 4721
f 4727 4725 4722
f 4722 4721 4718
f 4718 4718 4714
f 4719 4718 4715
f 4849 4732 4727
f 4849 4727 4722
f 4849 4722 4719
f 4701 4701 4705
f 4704 4705 4710
f 4704 4704 4709
f 4713 4713 4717
f 4846 4700 4704
f 4846 4704 4708
f 4846 4708 4713
f 4846 4713 4716
f 4715 4714 4711
f 4711 4711 4706
f 4712 4711 4707
f 4707 4706 4702
f 4849 4719 4712
f 4849 4712 4707
f 4849 4707 4699
f 4717 4710 4854
f 4720 4720 4724
f 4726 4854 4729
f 4726 4726 4729
f 4846 4716 4720
f 4846 4720 4723
f 4757 4723 4726
f 4697 4845 4694
f 4694 4845 4691
f 4691 4691 4687
f 4692 4691 4688
f 4861 4699 4697
f 4861 4697 4694
f 4861 4694 4692
f 4729 4729 4731
f 4757 4731 4733
f 4735 4831 4738
f 4757 4733 4735
f 4612 4612 4611
f 4757 4735 4738
f 4618 4620 4617
f 4807 4804 4808
f 4797 4797 4802
f 4624 4627 4622
f 4632 4632 4630
f 4688 4687 4684
f 4684 4684 4682
f 4685 4684 4683
f 4683 4682 4680
f 4681 4681 4678
f 4861 4692 4685
f 4861 4685 4683
f 4671 4683 4681
f 4638 4638 4636
f 4644 4644 4641
f 4831 4865 4867
f 4820 4786 4782
f 4780 4781 4784
f 4740 4831 4744
f 4757 4740 4744
f 4744 4744 4745
f 4745 4745 4747
f 4773 4774 4776
f 4845 4868 4866
f 4922 4660 4658
f 4837 4837 4839
f 4827 4674 4670
f 4759 4759 4760
f 4670 4669 4666
f 4753 4752 4754
f 4747 4831 4832
f 4748 4747 4832
f 4751 4832 4752
f 4748 4751 4752
f 4752 4752 4755
f 4754 4755 4833
f 4754 4754 4759
f 4671 4680 4827
f 4857 4753 4754
f 4857 4754 4759
f 4671 4678 4680
f 4757 4744 4745
f 4738 4738 4740
f 4683 4683 4681
f 4692 4688 4684
f 4682 4845 4680
f 4666 4666 4663
f 4922 4670 4666
f 4694 4694 4691
f 4723 4724 4726
f 4716 4717 4720
f 4760 4833 4762
f 4765 4762 4767
f 4800 4765 4767
f 4707 4707 4703
f 4719 4715 4711
f 4706 4853 4702
f 4817 4800 4773
f 4837 4800 4817
f 4837 4863 4835
f 4708 4709 4713
f 4700 4701 4704
f 4722 4722 4718
f 4732 4728 4725
f 4660 4669 4658
f 4658 4658 4655
f 4695 4696 4698
f 4689 4689 4693
f 4737 4737 4734
f 4769 4856 4771
f 4767 4767 4769
f 4773 4771 4774
f 4774 4771 4776
f 4776 4776 4778
f 4840 4773 4781
f 4756 4743 4741
f 4818 4781 4780
f 4749 4750 4746
f 4872 4676 4677
f 4672 4672 4675
f 4673 4828 4844
f 4870 4758 4750
f 4647 4651 4644
f 4922 4651 4647
f 4657 4664 4668
f 4922 4647 4644
f 4639 4661 4662
f 4764 4763 4761
f 4768 4768 4766
f 4639 4652 4654
f 4656 4825 4659
f 4781 4778 4782
f 4784 4784 4786
f 4818 4780 4784
f 4775 4855 4772
f 4859 4820 4782
f 4859 4818 4820
f 4858 4649 4650
f 4643 4645 4648
f 4908 4785 4783
f 4788 4788 4787
f 4642 4641 4638
f 4635 4636 4632
f 4822 4644 4642
f 4822 4642 4638
f 4822 4638 4635
f 4822 4635 4632
f 4633 4631 4640
f 4799 4796 4794
f 4792 4867 4869
f 4625 4626 4629
f 4634 4619 4623
f 4628 4823 4631
f 4795 4792 4797
f 4945 4792 4795
f 4812 4806 4803
f 4945 4795 4797
f 4816 4838 4811
f 4607 4607 4616
f 4597 4602 4608
f 4609 4842 4823
f 4646 4866 4864
f 4819 4815 4838
f 4813 4809 4814
f 4630 4646 4843
f 4622 4843 4620
f 4622 4622 4620
f 4822 4632 4627
f 4822 4627 4624
f 4822 4624 4622
f 4598 4598 4603
f 4822 4622 4618
f 4600 4606 4605
f 4604 4824 4842
f 4797 4792 4798
f 4801 4802 4804
f 4808 4798 4809
f 4808 4808 4809
f 4945 4797 4801
f 4945 4801 4807
f 4945 4807 4808
f 4945 4808 4813
f 4617 4851 4824
f 4620 4620 4617
f 4617 4617 4614
f 4615 4617 4612
f 4612 4614 4611
f 4611 4611 4610
f 4600 4611 4606
f 4822 4618 4615
f 4822 4615 4612
f 4878 4612 4600
f 4757 4874 4937
f 4874 4950 4926
f 4950 4757 4912
f 4906 4861 4910
f 4861 4906 4894
f 4861 4906 4971
f 4906 4861 4952
f 4863 4973 4958
f 4973 4954 4958
f 4954 4863 4919
f 4954 4874 4757
f 4857 4863 4954
f 4871 4952 4962
f 4952 4871 4889
f 4872 4953 4964
f 4953 4970 4964
f 4970 4872 4909
f 4849 4972 4913
f 4972 4873 4913
f 4873 4849 4936
f 4972 4849 4971
f 4907 4846 4896
f 4846 4907 4949
f 4907 4846 4950
f 4862 4971 4965
f 4971 4849 4911
f 4849 4862 4965
f 4858 4942 4961
f 4942 4904 4888
f 4904 4858 4888
f 4974 4955 4920
f 4955 4974 4968
f 4974 4955 4886
f 4905 4933 4917
f 4860 4905 4925
f 4933 4860 4883
f 4933 4905 4942
f 4905 4860 4872
f 4876 4934 4918
f 4934 4886 4885
f 4886 4876 4885
f 4902 4944 4923
f 4878 4902 4959
f 4944 4878 4879
f 4841 4975 4940
f 4975 4945 4940
f 4945 4841 4901
f 4875 4948 4947
f 4948 4921 4898
f 4921 4875 4898
f 4891 4929 4969
f 4929 4908 4900
f 4908 4891 4899
f 4891 4908 4955
f 4929 4891 4955
f 4897 4943 4914
f 4943 4928 4914
f 4928 4897 4938
f 4897 4928 4951
f 4943 4897 4973
f 4892 4922 4932
f 4922 4892 4924
f 4871 4892 4952
f 4930 4951 4915
f 4859 4930 4939
f 4951 4859 4877
f 4930 4859 4945
f 4903 4956 4957
f 4850 4903 4916
f 4956 4850 4880
f 4974 4594 4955
f 4950 4973 4589
f 4948 4591 4902
f 4907 4593 4953
f 4902 4591 4956
f 4951 4589 4897
f 4586 4563 4578
f 4583 4587 4567
f 4580 4586 4578
f 4824 4851 4864
f 4842 4824 4864
f 4604 4605 4824
f 4609 4603 4842
f 4605 4606 4605
f 4598 4605 4604
f 4598 4599 4598
f 4603 4598 4603
f 4602 4603 4609
f 4814 4809 4810
f 4815 4814 4838
f 4819 4814 4815
f 4841 4819 4838
f 4823 4842 4864
f 4613 4608 4823
f 4621 4616 4823
f 4608 4602 4608
f 4607 4608 4613
f 4607 4601 4607
f 4616 4607 4616
f 4619 4616 4621
f 4634 4878 4601
f 4921 4878 4634
f 4805 4838 4869
f 4836 4805 4869
f 4811 4838 4805
f 4806 4811 4805
f 4812 4811 4806
f 4803 4806 4836
f 4796 4803 4796
f 4799 4803 4796
f 4821 4841 4812
f 4640 4823 4864
f 4628 4623 4823
f 4631 4823 4640
f 4623 4619 4623
f 4626 4623 4628
f 4629 4626 4631
f 4633 4629 4633
f 4634 4629 4633
f 4794 4796 4793
f 4791 4794 4836
f 4789 4794 4791
f 4789 4791 4836
f 4788 4789 4834
f 4788 4790 4788
f 4908 4821 4788
f 4908 4841 4821
f 4645 4640 4864
f 4825 4645 4864
f 4634 4633 4637
f 4643 4640 4645
f 4858 4634 4640
f 4904 4875 4858
f 4834 4836 4869
f 4855 4834 4869
f 4779 4783 4855
f 4787 4788 4834
f 4785 4787 4834
f 4783 4785 4783
f 4908 4783 4779
f 4572 4581 4573
f 4649 4645 4825
f 4653 4650 4825
f 4649 4648 4649
f 4858 4648 4649
f 4650 4649 4650
f 4652 4650 4653
f 4970 4953 4593
f 4772 4855 4770
f 4905 4970 4596
f 4768 4772 4770
f 4768 4772 4768
f 4847 4908 4855
f 4948 4942 4591
f 4848 4847 4772
f 4777 4848 4768
f 4930 4975 4595
f 4870 4848 4777
f 4955 4848 4870
f 4955 4908 4847
f 4955 4847 4848
f 4659 4825 4865
f 4828 4659 4865
f 4656 4654 4825
f 4654 4652 4654
f 4639 4654 4656
f 4661 4639 4659
f 4770 4855 4869
f 4766 4768 4770
f 4763 4766 4770
f 4761 4763 4770
f 4758 4761 4770
f 4870 4761 4758
f 4870 4777 4761
f 4589 4595 4579
f 4844 4828 4865
f 4665 4662 4828
f 4673 4668 4828
f 4662 4661 4662
f 4664 4662 4665
f 4668 4664 4668
f 4672 4668 4673
f 4672 4667 4672
f 4858 4639 4657
f 4872 4858 4657
f 4872 4657 4667
f 4872 4860 4858
f 4750 4770 4868
f 4749 4870 4750
f 4951 4930 4595
f 4679 4677 4829
f 4675 4672 4844
f 4676 4675 4844
f 4677 4676 4677
f 4872 4677 4679
f 4972 4971 4587
f 4929 4955 4594
f 4590 4570 4565
f 4741 4750 4868
f 4746 4750 4741
f 4743 4746 4741
f 4756 4746 4743
f 4737 4741 4736
f 4737 4742 4737
f 4756 4870 4746
f 4739 4756 4742
f 4756 4849 4870
f 4829 4844 4865
f 4830 4829 4865
f 4689 4830 4852
f 4689 4686 4689
f 4690 4830 4686
f 4871 4922 4892
f 4736 4741 4868
f 4728 4736 4853
f 4734 4737 4736
f 4739 4734 4736
f 4730 4739 4736
f 4728 4730 4728
f 4849 4739 4732
f 4852 4830 4865
f 4948 4875 4942
f 4693 4689 4852
f 4696 4693 4852
f 4698 4696 4852
f 4701 4698 4701
f 4700 4698 4701
f 4846 4690 4698
f 4975 4841 4929
f 4690 4846 4872
f 4853 4736 4868
f 4721 4725 4853
f 4714 4718 4853
f 4725 4728 4725
f 4722 4725 4721
f 4722 4727 4722
f 4718 4722 4718
f 4974 4934 4876
f 4715 4718 4714
f 4854 4852 4865
f 4710 4852 4854
f 4710 4705 4852
f 4704 4701 4705
f 4709 4704 4710
f 4708 4704 4709
f 4713 4709 4710
f 4717 4713 4710
f 4716 4713 4717
f 4942 4858 4860
f 4702 4853 4868
f 4706 4711 4853
f 4711 4715 4711
f 4707 4711 4706
f 4707 4712 4707
f 4703 4707 4702
f 4699 4703 4702
f 4861 4849 4699
f 4729 4854 4733
f 4720 4717 4854
f 4724 4720 4854
f 4723 4720 4724
f 4726 4724 4854
f 4729 4726 4729
f 4757 4726 4729
f 4757 4846 4723
f 4954 4950 4874
f 4950 4954 4973
f 4845 4702 4868
f 4687 4691 4845
f 4845 4699 4702
f 4694 4697 4694
f 4691 4694 4691
f 4688 4691 4687
f 4757 4950 4846
f 4733 4854 4865
f 4757 4729 4731
f 4738 4735 4738
f 4600 4612 4611
f 4615 4618 4617
f 4611 4614 4824
f 4617 4620 4851
f 4808 4807 4808
f 4801 4797 4802
f 4622 4624 4622
f 4627 4632 4630
f 4682 4684 4845
f 4684 4688 4684
f 4683 4684 4682
f 4683 4685 4683
f 4681 4683 4680
f 4678 4681 4680
f 4671 4681 4678
f 4671 4861 4683
f 4635 4638 4636
f 4642 4644 4641
f 4831 4733 4865
f 4832 4831 4867
f 4784 4780 4784
f 4782 4778 4856
f 4747 4745 4831
f 4740 4738 4831
f 4744 4740 4744
f 4745 4744 4745
f 4748 4745 4747
f 4857 4757 4748
f 4781 4773 4776
f 4776 4771 4856
f 4769 4767 4856
f 4680 4845 4866
f 4674 4680 4866
f 4922 4655 4826
f 4658 4669 4826
f 4863 4837 4839
f 4835 4857 4800
f 4670 4674 4669
f 4827 4680 4674
f 4922 4827 4670
f 4800 4759 4760
f 4871 4827 4922
f 4671 4827 4871
f 4666 4670 4666
f 4871 4952 4861
f 4833 4832 4867
f 4754 4753 4754
f 4755 4752 4833
f 4752 4832 4833
f 4751 4748 4832
f 4752 4751 4752
f 4753 4748 4752
f 4754 4752 4755
f 4759 4754 4833
f 4759 4754 4759
f 4857 4748 4753
f 4800 4857 4759
f 4748 4757 4745
f 4757 4738 4740
f 4745 4744 4831
f 4871 4861 4671
f 4669 4674 4866
f 4681 4683 4681
f 4685 4692 4684
f 4684 4687 4845
f 4663 4666 4669
f 4922 4666 4663
f 4922 4663 4669
f 4660 4922 4669
f 4735 4733 4831
f 4731 4729 4733
f 4692 4694 4691
f 4697 4699 4845
f 4762 4833 4867
f 4726 4723 4726
f 4856 4762 4867
f 4720 4716 4720
f 4767 4762 4856
f 4760 4759 4833
f 4800 4760 4762
f 4765 4800 4762
f 4767 4765 4767
f 4771 4800 4767
f 4699 4707 4703
f 4773 4800 4771
f 4712 4719 4711
f 4711 4714 4853
f 4835 4800 4837
f 4839 4837 4817
f 4863 4839 4817
f 4863 4857 4835
f 4837 4837 4835
f 4713 4708 4713
f 4704 4700 4704
f 4705 4701 4852
f 4826 4669 4866
f 4719 4722 4718
f 4727 4732 4725
f 4718 4721 4853
f 4725 4728 4853
f 4655 4658 4826
f 4658 4660 4658
f 4922 4658 4655
f 4651 4922 4826
f 4698 4695 4698
f 4696 4689 4693
f 4732 4739 4730
f 4739 4737 4734
f 4872 4830 4690
f 4830 4872 4829
f 4778 4776 4856
f 4771 4767 4769
f 4776 4774 4776
f 4781 4776 4778
f 4840 4817 4773
f 4849 4756 4739
f 4818 4840 4781
f 4742 4756 4741
f 4746 4749 4746
f 4859 4840 4818
f 4840 4863 4817
f 4859 4863 4840
f 4872 4672 4675
f 4677 4844 4829
f 4651 4826 4866
f 4646 4651 4866
f 4644 4651 4646
f 4644 4647 4644
f 4667 4657 4668
f 4822 4922 4644
f 4657 4639 4662
f 4668 4665 4828
f 4662 4659 4828
f 4761 4764 4761
f 4763 4768 4766
f 4792 4856 4867
f 4654 4653 4825
f 4782 4856 4792
f 4784 4781 4782
f 4786 4784 4782
f 4820 4784 4786
f 4820 4818 4784
f 4772 4775 4772
f 4639 4858 4650
f 4648 4643 4648
f 4650 4649 4825
f 4863 4859 4928
f 4908 4788 4787
f 4783 4834 4855
f 4641 4644 4646
f 4638 4641 4646
f 4638 4642 4638
f 4636 4638 4646
f 4632 4636 4646
f 4632 4635 4632
f 4637 4633 4640
f 4956 4922 4822
f 4794 4799 4794
f 4793 4796 4836
f 4858 4921 4634
f 4629 4625 4629
f 4798 4792 4869
f 4626 4634 4623
f 4623 4621 4823
f 4797 4795 4797
f 4859 4782 4792
f 4945 4859 4792
f 4803 4812 4803
f 4811 4816 4811
f 4634 4607 4616
f 4601 4597 4608
f 4616 4613 4823
f 4608 4609 4823
f 4841 4945 4819
f 4843 4646 4864
f 4814 4813 4814
f 4810 4809 4838
f 4620 4843 4851
f 4630 4632 4646
f 4627 4630 4843
f 4622 4627 4843
f 4620 4622 4620
f 4618 4622 4620
f 4597 4598 4603
f 4599 4600 4605
f 4603 4604 4842
f 4605 4610 4824
f 4850 4956 4822
f 4838 4798 4869
f 4809 4798 4838
f 4802 4797 4798
f 4804 4802 4798
f 4807 4801 4804
f 4808 4804 4798
f 4809 4808 4809
f 4813 4808 4809
f 4819 4945 4813
f 4851 4843 4864
f 4614 4617 4824
f 4610 4611 4824
f 4617 4620 4617
f 4612 4617 4614
f 4612 4615 4612
f 4611 4612 4611
f 4606 4611 4610
f 4878 4822 4612
f 4878 4850 4822
f 4944 4850 4878
f 4946 4874 4926
f 4937 4874 4946
f 4926 4950 4912
f 4884 4757 4937
f 4912 4757 4884
f 4894 4906 4910
f 4910 4861 4894
f 4919 4863 4958
f 4958 4954 4919
f 4943 4863 4928
f 4863 4943 4973
f 4534 4528 4535
f 4528 4529 4535
f 4757 4857 4954
f 4535 4531 4533
f 4531 4532 4533
f 4532 4522 4533
f 4522 4515 4533
f 4962 4952 4935
f 4515 4527 4533
f 4935 4952 4889
f 4882 4871 4962
f 4525 4524 4534
f 4889 4871 4882
f 4524 4526 4534
f 4526 4528 4534
f 4527 4525 4533
f 4530 4531 4535
f 4529 4530 4535
f 4533 4525 4534
f 4531 4512 4532
f 4964 4970 4909
f 4524 4514 4526
f 4526 4511 4528
f 4895 4872 4964
f 4909 4872 4895
f 4953 4872 4907
f 4872 4970 4905
f 4530 4517 4531
f 4936 4849 4913
f 4518 4523 4525
f 4913 4873 4936
f 4514 4511 4526
f 4873 4972 4870
f 4873 4870 4849
f 4525 4523 4524
f 4523 4514 4524
f 4949 4907 4896
f 4532 4512 4522
f 4896 4846 4949
f 4846 4907 4872
f 4511 4529 4528
f 4517 4512 4531
f 4965 4971 4911
f 4911 4849 4965
f 4862 4849 4861
f 4525 4527 4518
f 4862 4861 4971
f 4961 4942 4888
f 4881 4858 4961
f 4888 4858 4881
f 4522 4520 4515
f 4904 4942 4875
f 4968 4974 4920
f 4920 4955 4968
f 4925 4905 4941
f 4941 4905 4963
f 4963 4905 4917
f 4518 4513 4523
f 4917 4933 4883
f 4883 4860 4925
f 4933 4942 4860
f 4511 4538 4529
f 4927 4876 4966
f 4529 4521 4530
f 4966 4876 4918
f 4542 4512 4517
f 4918 4934 4885
f 4512 4516 4522
f 4885 4876 4927
f 4876 4870 4972
f 4972 4974 4876
f 4527 4519 4518
f 4934 4974 4886
f 4870 4886 4955
f 4876 4886 4870
f 4537 4511 4514
f 4515 4543 4527
f 4543 4519 4527
f 4959 4902 4923
f 4923 4944 4879
f 4879 4878 4959
f 4902 4878 4921
f 4902 4921 4948
f 4944 4902 4956
f 4522 4539 4520
f 4537 4538 4511
f 4940 4945 4890
f 4530 4544 4517
f 4901 4841 4940
f 4890 4945 4901
f 4520 4543 4515
f 4930 4945 4975
f 4536 4518 4519
f 4523 4513 4514
f 4513 4541 4514
f 4514 4541 4537
f 4553 4521 4529
f 4947 4948 4898
f 4898 4875 4947
f 4554 4516 4512
f 4875 4921 4858
f 4539 4550 4520
f 4969 4929 4900
f 4899 4891 4969
f 4900 4908 4899
f 4516 4539 4522
f 4908 4929 4841
f 4938 4897 4967
f 4967 4897 4914
f 4518 4558 4545
f 4914 4928 4938
f 4542 4554 4512
f 4540 4541 4513
f 4924 4892 4960
f 4960 4892 4932
f 4932 4922 4893
f 4538 4553 4529
f 4893 4922 4924
f 4558 4518 4536
f 4939 4930 4915
f 4548 4537 4541
f 4877 4859 4939
f 4915 4951 4877
f 4518 4547 4513
f 4516 4551 4539
f 4928 4859 4951
f 4916 4903 4931
f 4931 4903 4957
f 4957 4956 4887
f 4880 4850 4916
f 4887 4956 4880
f 4903 4850 4944
f 4521 4544 4530
f 4903 4944 4956
f 4956 4892 4922
f 4595 4584 4579
f 4553 4555 4521
f 4594 4583 4575
f 4592 4582 4587
f 4544 4542 4517
f 4590 4585 4582
f 4549 4538 4537
f 4589 4579 4563
f 4550 4543 4520
f 4545 4547 4518
f 4974 4972 4588
f 4547 4540 4513
f 4951 4595 4589
f 4929 4594 4595
f 4974 4588 4594
f 4972 4587 4588
f 4971 4592 4587
f 4973 4897 4589
f 4596 4593 4566
f 4548 4549 4537
f 4593 4586 4580
f 4566 4593 4580
f 4554 4564 4516
f 4584 4594 4575
f 4551 4550 4539
f 4588 4587 4583
f 4592 4590 4582
f 4590 4591 4570
f 4540 4548 4541
f 4591 4596 4581
f 4519 4558 4536
f 4585 4590 4565
f 4564 4542 4544
f 4572 4591 4581
f 4564 4551 4516
f 4588 4583 4594
f 4591 4572 4570
f 4543 4557 4519
f 4589 4563 4586
f 4555 4544 4521
f 4564 4552 4551
f 4549 4561 4538
f 4564 4554 4542
f 4595 4594 4584
f 4557 4558 4519
f 4555 4577 4544
f 4547 4556 4540
f 4975 4929 4595
f 4942 4905 4596
f 4970 4593 4596
f 4907 4950 4593
f 4906 4952 4592
f 4952 4590 4592
f 4551 4560 4550
f 4950 4586 4593
f 4950 4589 4586
f 4549 4578 4561
f 4971 4906 4592
f 4952 4892 4590
f 4892 4956 4590
f 4956 4591 4590
f 4577 4564 4544
f 4942 4596 4591
f 4552 4560 4551
f 4550 4560 4543
f 4560 4557 4543
f 4582 4585 4571
f 4575 4576 4584
f 4540 4549 4548
f 4558 4546 4545
f 4547 4559 4556
f 4561 4553 4538
f 4578 4563 4561
f 4574 4596 4566
f 4564 4568 4552
f 4546 4547 4545
f 4575 4583 4562
f 4556 4549 4540
f 4587 4582 4567
f 4546 4573 4547
f 4564 4576 4562
f 4562 4569 4564
f 4568 4583 4552
f 4583 4567 4552
f 4566 4580 4549
f 4553 4563 4555
f 4560 4585 4565
f 4581 4596 4559
f 4577 4584 4564
f 4573 4581 4559
f 4569 4568 4564
f 4567 4571 4552
f 4552 4571 4560
f 4571 4585 4560
f 4560 4565 4557
f 4565 4546 4557
f 4569 4583 4568
f 4562 4583 4569
f 4547 4573 4559
f 4576 4575 4562
f 4559 4596 4556
f 4584 4576 4564
f 4579 4584 4577
f 4556 4566 4549
f 4553 4561 4563
f 4557 4546 4558
f 4549 4580 4578
f 4565 4570 4546
f 4570 4572 4546
f 4563 4579 4555
f 4579 4577 4555
f 4567 4582 4571
f 4546 4572 4573
f 4596 4574 4556
f 4574 4566 4556
v -0.47700 -0.44750 -0.02000
v -0.48150 -0.44967 -0.01483
v -0.48487 -0.45075 0.29812
v -0.47800 -0.44850 0.30600
v -0.48650 -0.40650 -0.02000
v -0.48987 -0.40650 -0.01413
v -0.49375 -0.40650 0.29812
v -0.48700 -0.40650 0.30600
v -0.47700 -0.36450 -0.02000
v -0.48100 -0.36300 -0.01467
v -0.48487 -0.36137 0.29812
v -0.47800 -0.36450 0.30600
v -0.45450 -0.48400 -0.02000
v -0.45650 -0.48600 -0.01413
v -0.45913 -0.48875 0.29812
v -0.45400 -0.48350 0.30600
v -0.47600 -0.44750 -0.01000
v -0.45233 -0.42133 -0.08050
v -0.45600 -0.41979 -0.02257
v -0.44933 -0.37617 -0.08067
v -0.45233 -0.37517 -0.02267
v -0.45400 -0.32950 -0.02000
v -0.45671 -0.32636 -0.01443
v -0.45913 -0.32350 0.29812
v -0.45400 -0.32850 0.30600
v -0.42100 -0.51250 -0.01600
v -0.42157 -0.51507 0.29914
v -0.40650 -0.47850 -0.08075
v -0.41150 -0.49050 -0.02167
v -0.41920 -0.50870 -0.01280
v -0.41900 -0.50950 0.29100
v -0.41900 -0.50750 0.30600
v -0.43225 -0.46175 -0.08025
v -0.43433 -0.46383 -0.02267
v -0.41950 -0.34175 -0.08050
v -0.42900 -0.34550 -0.02300
v -0.41350 -0.31725 -0.02050
v -0.42000 -0.30150 -0.01413
v -0.42125 -0.29837 0.29812
v -0.41900 -0.30450 0.30600
v -0.37700 -0.51600 -0.02000
v -0.37700 -0.51921 -0.01443
v -0.37700 -0.52325 0.29812
v -0.37700 -0.51650 0.30600
v -0.37700 -0.48475 -0.08050
v -0.37700 -0.48783 -0.02267
v -0.37700 -0.40650 -0.08200
v -0.37700 -0.40650 -0.01000
v -0.37700 -0.40650 0.29100
v -0.37700 -0.40650 0.30600
v -0.37700 -0.32750 -0.08000
v -0.37700 -0.31290 -0.02140
v -0.37700 -0.29850 -0.01000
v -0.37700 -0.29650 0.30600
v -0.37700 -0.29233 -0.01500
v -0.37700 -0.28950 0.29812
v -0.33300 -0.51250 -0.01600
v -0.33233 -0.51383 0.30033
v -0.34667 -0.47883 -0.08033
v -0.34167 -0.49050 -0.02167
v -0.33400 -0.50870 -0.01280
v -0.33400 -0.50950 0.29100
v -0.33500 -0.50750 0.30600
v -0.34650 -0.33350 -0.08025
v -0.34600 -0.33200 -0.02350
v -0.33800 -0.31250 -0.02033
v -0.33338 -0.30137 -0.01425
v -0.33275 -0.30000 0.29800
v -0.33500 -0.30450 0.30600
v -0.33100 -0.51600 0.29825
v -0.29900 -0.48400 -0.02000
v -0.29714 -0.48607 -0.01371
v -0.29800 -0.48550 0.29100
v -0.29900 -0.48350 0.30600
v -0.32133 -0.46150 -0.08033
v -0.31833 -0.46483 -0.02167
v -0.30150 -0.42133 -0.08067
v -0.29920 -0.42530 -0.02280
v -0.30433 -0.37617 -0.08067
v -0.30033 -0.37450 -0.02167
v -0.32067 -0.35017 -0.08000
v -0.31867 -0.34817 -0.02200
v -0.29900 -0.32850 -0.02000
v -0.29733 -0.32683 -0.01383
v -0.32440 -0.30290 0.29680
v -0.29900 -0.32850 0.30600
v -0.29500 -0.48750 -0.01600
v -0.29329 -0.48921 0.29914
v -0.27600 -0.44750 -0.02000
v -0.27240 -0.44950 -0.01400
v -0.26875 -0.45075 0.29812
v -0.27500 -0.44850 0.30600
v -0.28000 -0.40650 -0.02050
v -0.26400 -0.40650 -0.01378
v -0.26175 -0.40650 0.29800
v -0.26700 -0.40650 0.30600
v -0.27600 -0.36450 -0.02000
v -0.27300 -0.36333 -0.01317
v -0.26875 -0.36137 0.29812
v -0.27500 -0.36450 0.30600
v -0.29500 -0.32450 -0.01500
v -0.29329 -0.32293 0.29914
v -0.25800 -0.40650 0.29825
v -0.19632 0.01296 -0.02329
v -0.20834 0.01334 -0.00173
v -0.19781 0.01274 0.02254
v -0.19512 0.04457 -0.02128
v -0.19994 0.04983 -0.00134
v -0.19573 0.04592 0.02002
v -0.16061 0.01266 -0.13326
v -0.17259 0.01346 -0.11076
v -0.16077 0.01266 -0.08731
v -0.17865 0.01286 -0.02314
v -0.16681 0.01325 -0.00178
v -0.17722 0.01278 0.02241
v -0.15786 0.01233 0.08593
v -0.17202 0.01347 0.10559
v -0.16355 0.01263 0.13155
v -0.15722 0.04665 -0.13100
v -0.16425 0.04951 -0.11074
v -0.15731 0.04551 -0.08907
v -0.18018 0.04471 -0.02119
v -0.17521 0.04970 -0.00135
v -0.17948 0.04582 0.02003
v -0.15493 0.04294 0.08711
v -0.16391 0.04957 0.10703
v -0.16068 0.04693 0.12883
v -0.14298 0.01259 -0.13346
v -0.13084 0.01337 -0.11042
v -0.14236 0.01264 -0.08785
v -0.14526 0.01206 0.08607
v -0.13179 0.01333 0.10565
v -0.13998 0.01257 0.13168
v -0.14661 0.04520 -0.13189
v -0.13904 0.04936 -0.11018
v -0.14605 0.04672 -0.08986
v -0.14967 0.04508 0.08783
v -0.13938 0.04926 0.10709
v -0.14434 0.04675 0.12965
v -0.08237 0.01275 -0.17970
v -0.08000 0.01050 -0.16300
v -0.08225 0.01245 0.17956
v -0.08088 0.04373 -0.18142
v -0.08086 0.04375 0.18148
v -0.05875 -0.44863 -0.17856
v -0.05850 -0.45031 -0.14794
v -0.05876 -0.44599 0.10739
v -0.05822 -0.43572 -0.17711
v -0.05800 -0.43260 -0.14930
v -0.05874 -0.43168 0.11344
v -0.05876 -0.42740 0.12919
v -0.05882 -0.37468 -0.17800
v -0.05860 -0.37880 -0.14930
v -0.05874 -0.37851 0.11308
v -0.05876 -0.38393 0.12919
v -0.05836 -0.36200 -0.17807
v -0.05813 -0.36081 -0.14788
v -0.05877 -0.36403 0.10610
v -0.05918 0.01233 -0.20310
v -0.06540 0.01453 -0.18805
v -0.06117 0.01285 -0.15652
v -0.05998 0.01290 0.15572
v -0.06862 0.01485 0.17727
v -0.05963 0.01288 0.20180
v -0.06241 0.04362 -0.20144
v -0.06104 0.05063 -0.18282
v -0.05862 0.04656 -0.15965
v -0.05784 0.04552 0.15803
v -0.06152 0.05091 0.17815
v -0.05848 0.04577 0.19947
v -0.03551 0.01301 -0.18242
v -0.03956 0.01244 -0.16063
v -0.04079 0.01136 0.15850
v -0.03524 0.01293 0.17862
v -0.04096 0.01233 0.19852
v -0.03847 0.04633 -0.17987
v -0.04200 0.04630 -0.16360
v -0.03848 0.04653 0.17915
v -0.04167 0.04083 0.19722
v 0.05542 -0.44950 -0.17833
v 0.05300 -0.45095 -0.14818
v 0.05637 -0.44662 0.10828
v 0.05614 -0.43607 -0.17886
v 0.05267 -0.43167 -0.14867
v 0.05683 -0.43150 0.11237
v 0.05728 -0.42806 0.12950
v 0.05611 -0.37517 -0.17833
v 0.05386 -0.37950 -0.14957
v 0.05652 -0.37896 0.11251
v 0.05728 -0.38328 0.12950
v 0.05530 -0.36180 -0.17870
v 0.05220 -0.36050 -0.14740
v 0.05700 -0.36362 0.10680
v 0.05572 0.01249 -0.20332
v 0.03927 0.01346 -0.18379
v 0.05027 0.01276 -0.15641
v 0.05230 0.01282 0.15538
v 0.03814 0.01343 0.17871
v 0.05179 0.01275 0.20184
v 0.06125 0.04404 -0.20150
v 0.04959 0.04995 -0.18277
v 0.05345 0.04698 -0.15932
v 0.05477 0.04569 0.15766
v 0.04941 0.05045 0.17870
v 0.05465 0.04570 0.19942
v 0.06775 -0.44600 -0.17925
v 0.07160 -0.44890 -0.14740
v 0.06633 -0.44372 0.10422
v 0.06950 -0.43450 -0.17100
v 0.06925 -0.43400 -0.15025
v 0.06633 -0.43250 0.11825
v 0.06633 -0.42350 0.12733
v 0.06900 -0.37250 -0.17650
v 0.07000 -0.37717 -0.14867
v 0.06631 -0.37681 0.11525
v 0.06633 -0.38783 0.12733
v 0.06800 -0.36250 -0.17650
v 0.07083 -0.36133 -0.14867
v 0.06640 -0.36610 0.10260
v 0.06836 0.01200 -0.20229
v 0.07932 0.01325 -0.18308
v 0.07306 0.01278 -0.15865
v 0.07123 0.01273 0.15735
v 0.07987 0.01320 0.17909
v 0.07107 0.01270 0.20079
v 0.06689 0.04150 -0.20156
v 0.07404 0.04837 -0.18173
v 0.07116 0.04538 -0.16090
v 0.07006 0.04453 0.15938
v 0.07427 0.04834 0.17852
v 0.06817 0.04473 0.19926
v 0.13500 0.01226 -0.13059
v 0.12956 0.01297 -0.11025
v 0.13489 0.01250 -0.09028
v 0.12973 0.01305 0.10650
v 0.13345 0.01250 0.12822
v 0.13303 0.04627 -0.10973
v 0.13285 0.04634 0.10950
v 0.13609 0.04632 0.12545
v 0.15367 0.01279 -0.13361
v 0.16261 0.01454 -0.11234
v 0.15381 0.01272 -0.08725
v 0.17182 0.01214 -0.02091
v 0.16557 0.01299 -0.00132
v 0.17056 0.01218 0.01904
v 0.15225 0.01225 0.08600
v 0.15975 0.01454 0.10115
v 0.15575 0.01281 0.13254
v 0.15158 0.04581 -0.13152
v 0.15678 0.05066 -0.11105
v 0.15216 0.04601 -0.08940
v 0.16889 0.04694 -0.00022
v 0.17267 0.04483 0.01750
v 0.15358 0.04345 0.08723
v 0.15599 0.05069 0.10660
v 0.15377 0.04687 0.12939
v 0.17625 0.01276 -0.10919
v 0.18900 0.01286 -0.02335
v 0.20012 0.01455 -0.00307
v 0.19052 0.01281 0.02289
v 0.17640 0.01277 0.10865
v 0.17450 0.01050 0.12550
v 0.17437 0.04433 -0.10613
v 0.18824 0.04458 -0.02126
v 0.19242 0.05089 -0.00169
v 0.18854 0.04579 0.02013
v 0.17432 0.04450 0.10638
v 0.21301 0.01234 -0.00013
v 0.21179 0.04292 0.00018
v 0.30757 -0.49964 -0.09836
v 0.30669 -0.49762 -0.07506
v 0.30500 -0.48370 -0.05380
v 0.31025 -0.45050 -0.09550
v 0.30933 -0.45243 -0.07167
v 0.30378 -0.46483 -0.05344
v 0.32233 -0.49817 -0.09650
v 0.32807 -0.49373 -0.07553
v 0.34900 -0.49450 -0.02600
v 0.33100 -0.48750 -0.01567
v 0.35000 -0.48450 0.02450
v 0.31900 -0.45050 -0.09400
v 0.33088 -0.45746 -0.07316
v 0.34900 -0.44850 -0.02600
v 0.32925 -0.45950 -0.01475
v 0.34867 -0.46283 0.02533
v 0.36200 -0.48450 -0.03350
v 0.37775 -0.48950 0.00850
v 0.35900 -0.49350 0.01900
v 0.37875 -0.48950 0.05925
v 0.36333 -0.46283 -0.03433
v 0.37980 -0.45710 0.00740
v 0.35900 -0.44950 0.01900
v 0.37660 -0.45710 0.06040
v 0.40333 -0.48750 0.04467
v 0.42400 -0.48917 0.08600
v 0.40584 -0.48913 0.09779
v 0.40500 -0.45950 0.04375
v 0.42400 -0.45383 0.08600
v 0.40408 -0.45787 0.09883
v 0.42950 -0.48283 0.08400
v 0.46090 -0.50330 0.19010
v 0.46058 -0.50183 0.20258
v 0.43050 -0.46500 0.08330
v 0.45444 -0.35082 0.18652
v 0.45471 -0.35163 0.20762
v 0.47679 -0.50312 0.18962
v 0.47653 -0.50279 0.20339
v 0.49571 -0.46274 -0.02106
v 0.49253 -0.46324 0.00092
v 0.49089 -0.35439 -0.02556
v 0.48480 -0.35530 0.00345
v 0.49100 -0.36050 0.02400
v 0.47813 -0.35040 0.18752
v 0.47820 -0.34981 0.20764
v 0.51112 -0.48150 -0.00500
v 0.51849 -0.46142 -0.02419
v 0.51932 -0.46264 -0.00167
v 0.51119 -0.46155 0.01848
v 0.51857 -0.35569 -0.03200
v 0.52044 -0.35217 0.00522
v 0.51321 -0.35679 0.02521
v 0.51112 -0.33050 -0.00500
v 0.54000 -0.36050 -0.02600
v 0.54136 -0.35679 -0.00086
usemtl m003
f 5079 5082 5097
f 5240 5239 5233
f 5234 5239 5240
f 5080 5089 5088
f 5090 5080 5081
f 5089 5080 5090
f 5097 5082 5083
f 5083 5082 5079
f 5089 5097 5098
f 5238 5225 5216
f 5114 5102 5093
f 5117 5138 5144
f 5138 5145 5144
f 5138 5139 5145
f 5137 5143 5144
f 5138 5144 5153
f 5117 5119 5144
f 5137 5138 5144
f 5139 5150 5154
f 5150 5149 5153
f 5094 5109 5085
f 5085 5109 5103
f 5150 5138 5139
f 5149 5138 5150
f 5148 5138 5149
f 5230 5242 5222
f 5222 5242 5236
f 5214 5230 5213
f 5203 5202 5176
f 5141 5140 5135
f 5135 5140 5134
f 5201 5176 5202
f 5195 5201 5196
f 5171 5177 5176
f 5169 5170 5176
f 5197 5203 5177
f 5196 5202 5203
f 5195 5169 5175
f 5196 5170 5197
f 5169 5170 5195
f 5154 5153 5144
f 5204 5179 5205
f 5206 5205 5180
f 5227 5241 5240
f 5228 5241 5227
f 5172 5178 5204
f 5200 5199 5205
f 5173 5179 5178
f 5235 5234 5240
f 5234 5243 5244
f 5199 5198 5204
f 5173 5174 5180
f 5174 5200 5206
f 5235 5241 5228
f 5220 5228 5227
f 5199 5173 5200
f 5173 5199 5198
f 5172 5173 5198
f 5235 5234 5220
f 5219 5234 5218
f 5099 5098 5083
f 5118 5135 5115
f 5135 5118 5141
f 5146 5151 5152
f 5147 5152 5142
f 5115 5135 5141
f 5142 5135 5136
f 5135 5142 5141
f 5146 5135 5141
f 5135 5146 5134
f 5090 5089 5099
f 5083 5080 5081
f 5135 5115 5136
f 5147 5135 5136
f 5146 5135 5147
f 5217 5216 5209
f 5216 5225 5226
f 5215 5216 5225
f 5224 5215 5225
f 5216 5225 5212
f 5217 5226 5225
f 5216 5215 5224
f 5210 5213 5230
f 5222 5230 5229
f 5223 5231 5214
f 5211 5214 5213
f 5223 5222 5230
f 5223 5237 5236
f 5107 5092 5108
f 5108 5092 5093
f 5092 5107 5106
f 5222 5221 5210
f 5223 5222 5211
f 5236 5222 5223
f 5092 5093 5102
f 5092 5101 5100
f 5108 5107 5113
f 5108 5113 5114
f 5106 5112 5113
f 5100 5112 5106
f 5094 5095 5110
f 5111 5110 5095
f 5100 5101 5113
f 5114 5113 5101
f 5085 5095 5094
f 5085 5086 5095
f 5111 5096 5105
f 5104 5110 5111
f 5103 5109 5110
f 5104 5086 5105
f 5105 5086 5087
f 5086 5104 5103
f 5081 5090 5099
f 5084 5081 5099
f 5088 5079 5097
f 5234 5240 5233
f 5233 5239 5234
f 5079 5080 5088
f 5098 5097 5083
f 5080 5083 5079
f 5088 5097 5089
f 5232 5238 5216
f 5145 5154 5144
f 5108 5114 5093
f 5149 5138 5153
f 5145 5139 5154
f 5154 5150 5153
f 5105 5096 5087
f 5137 5138 5148
f 5214 5231 5230
f 5177 5203 5176
f 5142 5152 5141
f 5204 5178 5179
f 5201 5202 5196
f 5170 5171 5176
f 5175 5169 5176
f 5171 5197 5177
f 5197 5196 5203
f 5201 5195 5175
f 5201 5175 5176
f 5197 5170 5171
f 5195 5170 5196
f 5180 5205 5179
f 5198 5172 5204
f 5206 5200 5205
f 5172 5173 5178
f 5241 5235 5240
f 5240 5234 5244
f 5219 5240 5234
f 5240 5219 5227
f 5205 5199 5204
f 5179 5173 5180
f 5180 5174 5206
f 5220 5235 5228
f 5219 5220 5227
f 5200 5173 5174
f 5220 5234 5219
f 5218 5234 5233
f 5152 5151 5141
f 5084 5099 5083
f 5147 5146 5152
f 5136 5147 5142
f 5118 5115 5141
f 5151 5146 5141
f 5136 5115 5116
f 5099 5089 5098
f 5084 5083 5081
f 5208 5216 5207
f 5207 5216 5215
f 5209 5216 5208
f 5217 5216 5226
f 5216 5208 5212
f 5216 5217 5225
f 5225 5216 5224
f 5238 5232 5225
f 5232 5216 5225
f 5222 5210 5230
f 5221 5222 5229
f 5211 5223 5214
f 5210 5211 5213
f 5231 5223 5230
f 5091 5092 5106
f 5211 5222 5210
f 5101 5092 5102
f 5091 5092 5100
f 5107 5106 5113
f 5091 5100 5106
f 5109 5094 5110
f 5096 5111 5095
f 5112 5100 5113
f 5102 5114 5101
f 5105 5104 5111
f 5086 5087 5096
f 5095 5086 5096
f 5104 5103 5110
f 5085 5086 5103
f 5188 5162 5192
f 5262 5263 5254
f 5253 5254 5246
f 5252 5246 5257
f 5263 5255 5254
f 5271 5274 5268
f 5264 5268 5260
f 5255 5260 5259
f 5254 5259 5250
f 5246 5250 5257
f 5250 5249 5257
f 5260 5267 5259
f 5267 5266 5258
f 5259 5258 5257
f 5274 5273 5272
f 5268 5272 5266
f 5274 5273 5278
f 5258 5265 5257
f 5273 5278 5272
f 5278 5274 5275
f 5278 5275 5269
f 5272 5269 5262
f 5266 5262 5261
f 5265 5261 5252
f 5275 5274 5270
f 5275 5270 5269
f 5270 5274 5271
f 5275 5271 5270
f 5261 5253 5252
f 5270 5271 5264
f 5269 5264 5262
f 5282 5277 5276
f 5299 5295 5294
f 5296 5295 5299
f 5286 5296 5295
f 5285 5286 5295
f 5294 5295 5286
f 5019 5025 5007
f 5038 5025 5019
f 5007 5025 4991
f 5049 5025 5038
f 4991 5025 4979
f 5067 5025 5049
f 4979 5025 4983
f 5071 5025 5067
f 4983 5025 4987
f 5075 5025 5071
f 4987 5025 5000
f 5061 5025 5075
f 5000 5025 5015
f 5044 5025 5061
f 5015 5025 5029
f 5029 5025 5044
f 5002 5018 5019
f 5018 5033 5038
f 5033 5063 5049
f 5063 5066 5067
f 5066 5070 5071
f 5070 5074 5075
f 5074 5077 5061
f 5077 5043 5044
f 5043 5031 5029
f 5031 5014 5015
f 5014 4999 5000
f 4999 4986 4987
f 4986 4982 4983
f 4982 4978 4979
f 4978 4990 4991
f 4990 5002 5007
f 5018 5037 5033
f 4990 5006 5002
f 5074 5060 5077
f 5037 5048 5063
f 5045 5033 5063
f 5078 5070 5074
f 5060 5043 5031
f 5037 5024 5048
f 5048 5024 5066
f 5066 5024 5070
f 5070 5024 5074
f 5074 5024 5060
f 5060 5024 5043
f 5043 5024 5031
f 5031 5024 5014
f 5014 5024 4999
f 4999 5024 4986
f 4986 5024 4982
f 4982 5024 4978
f 4978 5024 4990
f 4990 5024 5006
f 5006 5024 5018
f 5018 5024 5037
f 5034 5020 5022
f 5050 5034 5022
f 5052 5050 5022
f 5054 5052 5022
f 5056 5054 5022
f 5039 5056 5022
f 5026 5039 5022
f 5010 5026 5022
f 4995 5010 5022
f 4993 4995 5022
f 5008 4993 5022
f 5003 5008 5022
f 5020 5003 5022
f 5021 5004 5003
f 5004 5009 5008
f 5009 4994 4993
f 4994 4996 4995
f 4996 5011 5010
f 5011 5027 5026
f 5027 5040 5039
f 5040 5057 5056
f 5057 5055 5054
f 5055 5053 5052
f 5053 5051 5050
f 5051 5035 5034
f 5035 5021 5020
f 5004 4988 5009
f 5035 5016 5021
f 5064 5046 5051
f 5068 5064 5053
f 5058 5072 5055
f 5041 5058 5057
f 4984 4997 5011
f 4980 4984 4996
f 4976 4980 4994
f 4988 4976 4994
f 4981 5023 4985
f 4985 5023 4998
f 4998 5023 5013
f 5013 5023 5028
f 5028 5023 5042
f 5042 5023 5059
f 5059 5023 5073
f 5073 5023 5069
f 5069 5023 5065
f 5065 5023 5047
f 5047 5023 5036
f 5036 5023 5017
f 5017 5023 5005
f 5005 5023 4989
f 4989 5023 4992
f 4992 5023 4981
f 5005 5001 4989
f 5036 5032 5017
f 4988 5004 5005
f 5004 5016 5017
f 5016 5035 5036
f 5035 5046 5047
f 5046 5064 5065
f 5065 5068 5069
f 5068 5072 5073
f 5072 5058 5059
f 5058 5041 5042
f 5041 5027 5030
f 5027 5012 5013
f 5012 4997 4998
f 4997 4984 4985
f 4985 4980 4981
f 4980 4976 4977
f 4976 4988 4989
f 5073 5059 5076
f 5032 5062 5047
f 4981 4977 4992
f 5042 5030 5028
f 5027 5011 5012
f 5057 5040 5041
f 5130 5126 5125
f 5129 5125 5126
f 5131 5127 5129
f 5127 5131 5133
f 5123 5120 5122
f 5120 5123 5125
f 5132 5128 5127
f 5128 5132 5131
f 5124 5121 5120
f 5121 5124 5123
f 5185 5156 5182
f 5159 5185 5156
f 5182 5156 5155
f 5185 5182 5181
f 5159 5185 5184
f 5156 5159 5158
f 5188 5162 5166
f 5189 5163 5162
f 5193 5167 5163
f 5193 5189 5188
f 5167 5193 5192
f 5163 5167 5166
f 5193 5189 5167
f 5165 5161 5187
f 5191 5187 5186
f 5190 5186 5160
f 5164 5160 5161
f 5186 5187 5161
f 5183 5186 5160
f 5166 5162 5164
f 5162 5188 5190
f 5188 5192 5194
f 5192 5166 5168
f 5191 5190 5165
f 5190 5194 5168
f 5158 5155 5157
f 5181 5158 5160
f 5155 5181 5183
f 5291 5292 5283
f 5284 5292 5293
f 5292 5283 5284
f 5298 5294 5295
f 5299 5298 5295
f 5287 5296 5295
f 5286 5287 5295
f 5294 5285 5295
f 5252 5251 5246
f 5256 5248 5249
f 5251 5245 5248
f 5251 5246 5245
f 5257 5256 5249
f 5252 5251 5256
f 5246 5249 5248
f 5277 5282 5289
f 5280 5289 5288
f 5276 5279 5288
f 5277 5281 5282
f 5282 5281 5288
f 5276 5281 5277
f 5279 5276 5277
f 5279 5280 5288
f 5279 5289 5288
f 5279 5280 5289
f 5276 5282 5281
f 5262 5264 5263
f 5253 5262 5254
f 5252 5253 5246
f 5263 5264 5255
f 5246 5254 5247
f 5264 5271 5268
f 5255 5264 5260
f 5254 5255 5259
f 5247 5254 5250
f 5246 5247 5250
f 5260 5268 5267
f 5250 5259 5249
f 5267 5268 5266
f 5259 5267 5258
f 5249 5259 5257
f 5268 5274 5272
f 5258 5266 5265
f 5272 5278 5269
f 5266 5272 5262
f 5265 5266 5261
f 5257 5265 5252
f 5261 5262 5253
f 5269 5270 5264
f 5285 5294 5286
f 5007 5002 5019
f 5019 5018 5038
f 5038 5033 5049
f 5049 5063 5067
f 5067 5066 5071
f 5071 5070 5075
f 5075 5074 5061
f 5061 5077 5044
f 5044 5043 5029
f 5029 5031 5015
f 5015 5014 5000
f 5000 4999 4987
f 4987 4986 4983
f 4983 4982 4979
f 4979 4978 4991
f 4991 4990 5007
f 5002 5006 5018
f 5077 5060 5043
f 5063 5048 5066
f 5033 5037 5063
f 5045 5018 5033
f 5078 5066 5070
f 5020 5021 5003
f 5003 5004 5008
f 5008 5009 4993
f 4993 4994 4995
f 4995 4996 5010
f 5010 5011 5026
f 5026 5027 5039
f 5039 5040 5056
f 5056 5057 5054
f 5054 5055 5052
f 5052 5053 5050
f 5050 5051 5034
f 5034 5035 5020
f 5021 5016 5004
f 5051 5046 5035
f 5053 5064 5051
f 5055 5072 5068
f 5057 5058 5055
f 5011 4997 5012
f 4996 4984 5011
f 4994 4980 4996
f 5009 4988 4994
f 5032 5047 5036
f 5005 5017 5001
f 5076 5042 5059
f 4989 4988 5005
f 5005 5004 5017
f 5017 5016 5036
f 5036 5035 5047
f 5047 5046 5065
f 5065 5064 5068
f 5069 5068 5073
f 5073 5072 5059
f 5059 5058 5042
f 5042 5041 5030
f 5030 5027 5013
f 5013 5012 4998
f 4998 4997 4985
f 4985 4984 4980
f 4981 4980 4977
f 4977 4976 4989
f 5047 5062 5065
f 4992 4977 4989
f 5028 5030 5013
f 5041 5040 5027
f 5068 5053 5055
f 5129 5130 5125
f 5130 5129 5126
f 5122 5125 5126
f 5133 5131 5129
f 5129 5127 5133
f 5125 5123 5122
f 5122 5120 5125
f 5131 5132 5127
f 5127 5128 5131
f 5123 5124 5120
f 5120 5121 5123
f 5184 5181 5155
f 5181 5182 5155
f 5184 5185 5181
f 5158 5184 5155
f 5158 5159 5184
f 5155 5156 5158
f 5192 5188 5166
f 5188 5189 5162
f 5189 5193 5163
f 5192 5193 5188
f 5166 5167 5192
f 5162 5163 5166
f 5189 5163 5167
f 5191 5165 5187
f 5190 5191 5186
f 5164 5190 5160
f 5165 5164 5161
f 5157 5160 5161
f 5160 5186 5161
f 5157 5183 5160
f 5168 5166 5164
f 5164 5162 5190
f 5190 5188 5194
f 5194 5192 5168
f 5165 5190 5164
f 5164 5190 5168
f 5160 5158 5157
f 5183 5181 5160
f 5157 5155 5183
f 5256 5251 5248
f 5257 5252 5256
f 5245 5246 5248
f 5249 5246 5257
f 5280 5277 5289
f 5281 5276 5288
f 5289 5282 5288
f 5280 5279 5277
f 5192 5162 5166
f 5181 5155 5158
v -0.45858 -0.31774 0.03947
v 0.07000 -0.34550 -0.05800
v -0.06792 -0.34579 -0.05876
v -0.07100 -0.34650 -0.05900
v 0.09600 -0.34550 -0.05100
v 0.07000 -0.34550 -0.05100
v -0.07243 -0.34615 -0.05825
v 0.07000 -0.34550 -0.05000
v -0.07300 -0.34550 -0.05000
v 0.09700 -0.34550 -0.04800
v 0.07000 -0.34550 -0.04800
v -0.06800 -0.34550 -0.04800
v -0.07300 -0.34550 -0.04800
v 0.10399 -0.34604 -0.02807
v -0.03795 -0.34149 -0.04583
v -0.03397 -0.34589 -0.02838
v -0.06800 -0.34550 -0.03100
v -0.07600 -0.34550 -0.03100
v 0.06908 -0.34587 -0.02594
v -0.04960 -0.34597 -0.02785
v -0.06800 -0.34550 -0.02800
v -0.07700 -0.34550 -0.02800
v 0.10300 -0.34550 -0.02600
v -0.06700 -0.34650 -0.04800
v -0.06700 -0.34650 -0.02800
v 0.07000 -0.34650 -0.02500
v 0.07000 -0.34750 -0.06000
v 0.09516 -0.34679 -0.05917
v 0.06800 -0.34750 -0.05800
v -0.06600 -0.34750 -0.05800
v 0.06800 -0.34750 -0.05100
v -0.06600 -0.34750 -0.05100
v -0.06600 -0.34750 -0.05000
v -0.06600 -0.34750 -0.04900
v 0.09900 -0.34750 -0.04800
v 0.06800 -0.34750 -0.04800
v 0.05327 -0.37113 -0.04940
v -0.06600 -0.34750 -0.04800
v -0.07500 -0.34750 -0.04800
v 0.06800 -0.34750 -0.03100
v -0.06600 -0.34750 -0.03000
v -0.07800 -0.34750 -0.03100
v -0.03200 -0.34750 -0.03000
v -0.03281 -0.34770 -0.02996
v 0.06800 -0.34750 -0.02900
v 0.06800 -0.34750 -0.02800
v -0.03300 -0.34750 -0.02800
v -0.06600 -0.34750 -0.02800
v -0.07800 -0.34750 -0.02800
v -0.04900 -0.34750 -0.02700
v -0.06800 -0.34750 -0.02700
v -0.07700 -0.34750 -0.02700
v 0.10300 -0.34750 -0.02500
v 0.07000 -0.34750 -0.02500
v 0.07000 -0.37350 -0.06000
v 0.09554 -0.37391 -0.05964
v -0.06600 -0.37350 -0.05100
v -0.03200 -0.37350 -0.04900
v -0.03500 -0.37350 -0.04900
v -0.04900 -0.37350 -0.04900
v -0.06600 -0.37350 -0.04800
v -0.07500 -0.37350 -0.04800
v 0.05000 -0.37350 -0.03000
v 0.10400 -0.37650 -0.02600
v -0.03300 -0.37350 -0.02800
v -0.05000 -0.37350 -0.02800
v -0.06554 -0.37567 -0.02959
v -0.07800 -0.37350 -0.02800
v -0.03500 -0.37350 -0.02700
v -0.04900 -0.37350 -0.02700
v -0.06800 -0.37350 -0.02700
v -0.07800 -0.37350 -0.02700
v 0.10400 -0.37350 -0.02600
v 0.06783 -0.37625 -0.02806
v 0.10300 -0.37350 -0.02500
v 0.07000 -0.37350 -0.02500
v 0.06802 -0.37569 -0.05657
v -0.03500 -0.37450 -0.04900
v 0.06800 -0.37450 -0.04800
v -0.04900 -0.37450 -0.02700
v -0.06800 -0.37450 -0.02700
v -0.06664 -0.37464 -0.05939
v -0.07280 -0.37447 -0.05914
v -0.07467 -0.43171 -0.05003
v 0.05000 -0.37550 -0.04900
v -0.04900 -0.37750 -0.04900
v -0.05200 -0.37550 -0.04800
v -0.06400 -0.37550 -0.04800
v -0.06538 -0.37635 -0.04918
v -0.05200 -0.37550 -0.03100
v -0.06600 -0.37550 -0.03000
v -0.03500 -0.37550 -0.02700
v 0.07000 -0.37550 -0.02500
v 0.06800 -0.37650 -0.05100
v -0.07500 -0.37503 -0.04900
v -0.05200 -0.37650 -0.03000
v -0.07700 -0.37650 -0.02700
v 0.09400 -0.37750 -0.06000
v 0.07000 -0.37750 -0.06000
v -0.06700 -0.37750 -0.06000
v -0.06800 -0.37750 -0.06000
v -0.07100 -0.37750 -0.06000
v 0.06800 -0.37750 -0.05900
v 0.09600 -0.37750 -0.05800
v 0.06681 -0.37593 -0.04909
v 0.05000 -0.37750 -0.04900
v -0.03200 -0.37750 -0.04900
v -0.03500 -0.37750 -0.04900
v 0.09839 -0.37564 -0.04923
v -0.07650 -0.37625 -0.03950
v 0.06600 -0.37750 -0.03000
v 0.05260 -0.37371 -0.03012
v -0.03200 -0.37750 -0.03000
v 0.06800 -0.37750 -0.02900
v 0.06800 -0.37750 -0.02800
v -0.03300 -0.37750 -0.02800
v -0.05000 -0.37750 -0.02800
v -0.06600 -0.37750 -0.02800
v -0.07810 -0.37903 -0.02846
v -0.03400 -0.37750 -0.02700
v -0.04900 -0.37750 -0.02700
v -0.06800 -0.37750 -0.02700
v -0.07700 -0.37750 -0.02700
v 0.06800 -0.37750 -0.02600
v 0.10300 -0.37750 -0.02500
v 0.07000 -0.37750 -0.02500
v 0.09400 -0.43050 -0.06000
v -0.06800 -0.43050 -0.06000
v -0.07245 -0.43010 -0.05953
v 0.09600 -0.43050 -0.05900
v -0.06600 -0.43050 -0.05900
v -0.06600 -0.43050 -0.05800
v 0.06800 -0.43050 -0.05100
v -0.06600 -0.43050 -0.05100
v 0.06700 -0.43050 -0.04900
v 0.05167 -0.43172 -0.04872
v 0.05000 -0.43050 -0.04900
v -0.03200 -0.43050 -0.04900
v -0.06400 -0.43050 -0.04900
v -0.07760 -0.43553 -0.02892
v 0.06600 -0.43050 -0.03000
v -0.03200 -0.43050 -0.03000
v 0.10166 -0.43328 -0.04202
v 0.06800 -0.43050 -0.02800
v -0.03300 -0.43050 -0.02800
v -0.05000 -0.43050 -0.02800
v -0.06600 -0.43050 -0.02800
v -0.07800 -0.43050 -0.02800
v -0.03500 -0.43050 -0.02700
v -0.05000 -0.43050 -0.02700
v -0.06700 -0.43050 -0.02700
v -0.06800 -0.43050 -0.02700
v -0.07700 -0.43050 -0.02700
v -0.07800 -0.43050 -0.02700
v 0.10400 -0.43050 -0.02600
v 0.06829 -0.43323 -0.02526
v 0.07000 -0.43050 -0.02500
v 0.06900 -0.43150 -0.06000
v -0.06800 -0.43150 -0.06000
v 0.09600 -0.43150 -0.05900
v 0.06800 -0.43150 -0.05900
v -0.06600 -0.43150 -0.05800
v -0.06600 -0.43150 -0.05100
v 0.06600 -0.43150 -0.04800
v -0.05200 -0.43150 -0.04800
v -0.06400 -0.43150 -0.04800
v 0.05397 -0.42987 -0.03025
v -0.05200 -0.43150 -0.03100
v 0.06600 -0.43150 -0.03000
v -0.04200 -0.43100 -0.02700
v -0.04900 -0.43150 -0.02700
v -0.07700 -0.43150 -0.02700
v 0.06900 -0.43250 -0.06000
v -0.06800 -0.43250 -0.06000
v 0.09600 -0.43250 -0.05900
v 0.06800 -0.43250 -0.05900
v 0.06800 -0.43250 -0.05000
v 0.06800 -0.43250 -0.04900
v 0.06800 -0.43250 -0.04800
v -0.06600 -0.43250 -0.04800
v -0.03200 -0.43250 -0.03000
v 0.09400 -0.43350 -0.06000
v -0.06800 -0.43350 -0.06000
v -0.07100 -0.43350 -0.06000
v 0.06800 -0.43350 -0.05900
v 0.06800 -0.43350 -0.05000
v 0.05000 -0.43350 -0.04900
v -0.03200 -0.43350 -0.04900
v -0.03300 -0.43350 -0.04900
v -0.05026 -0.43169 -0.04892
v 0.06800 -0.43350 -0.04800
v -0.06600 -0.43350 -0.04800
v 0.06800 -0.43350 -0.03100
v 0.06800 -0.43350 -0.03000
v 0.05000 -0.43350 -0.03000
v -0.06571 -0.43179 -0.03021
v 0.06800 -0.43350 -0.02900
v 0.06800 -0.43350 -0.02800
v -0.03375 -0.43193 -0.02726
v -0.03400 -0.43350 -0.02800
v -0.05056 -0.43178 -0.02941
v -0.06600 -0.43350 -0.02800
v -0.04900 -0.43350 -0.02700
v -0.06800 -0.43350 -0.02700
v -0.07700 -0.43350 -0.02700
v 0.10385 -0.43149 -0.02514
v -0.47800 -0.44850 0.29100
v 0.10343 -0.46476 -0.03677
v 0.06968 -0.46428 -0.05863
v -0.06800 -0.46250 -0.06000
v -0.07100 -0.46250 -0.06000
v 0.06800 -0.46250 -0.05800
v -0.06600 -0.46250 -0.05800
v 0.06800 -0.46250 -0.05100
v -0.06600 -0.46250 -0.05100
v 0.06900 -0.46350 -0.04850
v 0.05000 -0.46250 -0.04900
v -0.03200 -0.46250 -0.04900
v -0.06600 -0.46250 -0.04900
v -0.07166 -0.46455 -0.05743
v 0.06800 -0.46250 -0.04800
v 0.05176 -0.46373 -0.03348
v -0.06600 -0.46250 -0.04800
v -0.07500 -0.46250 -0.04800
v 0.06800 -0.46250 -0.03100
v -0.06650 -0.46300 -0.03050
v 0.05000 -0.46250 -0.03000
v -0.03290 -0.46259 -0.02942
v 0.06800 -0.46250 -0.02900
v 0.06800 -0.46250 -0.02800
v -0.03300 -0.46250 -0.02800
v -0.05053 -0.46382 -0.04697
v -0.06600 -0.46250 -0.02800
v -0.07808 -0.46267 -0.02827
v -0.03500 -0.46250 -0.02700
v -0.04900 -0.46250 -0.02700
v -0.06800 -0.46250 -0.02700
v -0.07700 -0.46250 -0.02700
v -0.03200 -0.46350 -0.04800
v -0.07400 -0.46350 -0.04800
v -0.03400 -0.46350 -0.02800
v -0.06700 -0.46350 -0.02800
v -0.04590 -0.46403 -0.02613
v -0.06800 -0.46450 -0.05800
v 0.05000 -0.46450 -0.04800
v -0.03200 -0.46450 -0.04800
v -0.03400 -0.46450 -0.04800
v -0.03500 -0.46450 -0.04800
v -0.06800 -0.46450 -0.04800
v -0.07300 -0.46450 -0.04800
v -0.03200 -0.46450 -0.03100
v -0.03500 -0.46450 -0.03100
v -0.07600 -0.46450 -0.03100
v 0.06935 -0.46413 -0.02547
v -0.03500 -0.46450 -0.02800
v -0.04900 -0.46450 -0.02800
v -0.06800 -0.46450 -0.02800
v -0.07700 -0.46450 -0.02800
v -0.45400 -0.48350 0.29100
v -0.41800 -0.50650 0.29100
v -0.42353 -0.51392 0.28574
v -0.26716 -0.48199 0.29456
usemtl m009
f 5519 5383 5428
f 5492 5466 5478
f 5366 5387 5388
f 5386 5389 5389
f 5467 5464 5464
f 5467 5464 5489
f 5491 5479 5495
f 5465 5438 5489
f 5465 5489 5464
f 5386 5385 5388
f 5386 5386 5387
f 5435 5434 5463
f 5393 5432 5434
f 5402 5398 5457
f 5376 5402 5460
f 5330 5376 5378
f 5402 5354 5355
f 5402 5355 5397
f 5326 5328 5354
f 5328 5354 5376
f 5436 5405 5384
f 5435 5436 5384
f 5435 5384 5336
f 5407 5406 5437
f 5486 5487 5488
f 5486 5488 5437
f 5516 5486 5435
f 5488 5487 5517
f 5489 5488 5517
f 5462 5473 5461
f 5462 5461 5431
f 5518 5514 5461
f 5518 5461 5491
f 5522 5518 5491
f 5399 5400 5401
f 5381 5399 5401
f 5427 5400 5399
f 5430 5427 5399
f 5458 5482 5483
f 5473 5458 5483
f 5427 5458 5483
f 5509 5509 5482
f 5509 5482 5473
f 5509 5473 5461
f 5481 5472 5457
f 5442 5454 5505
f 5424 5505 5454
f 5411 5410 5373
f 5468 5440 5466
f 5415 5444 5441
f 5419 5391 5448
f 5419 5448 5444
f 5314 5365 5319
f 5366 5500 5395
f 5366 5395 5389
f 5467 5500 5495
f 5417 5446 5495
f 5421 5451 5450
f 5417 5450 5446
f 5561 5559 5560
f 5364 5364 5415
f 5340 5347 5366
f 5347 5324 5320
f 5359 5358 5377
f 5385 5377 5407
f 5544 5545 5538
f 5516 5544 5538
f 5364 5343 5346
f 5362 5343 5412
f 5559 5558 5558
f 5529 5497 5496
f 5529 5496 5493
f 5528 5493 5493
f 5524 5493 5493
f 5524 5493 5492
f 5561 5300 5558
f 5305 5301 5328
f 5558 5506 5300
f 5485 5476 5513
f 5477 5485 5513
f 5485 5513 5515
f 5485 5515 5520
f 5475 5476 5432
f 5511 5475 5484
f 5558 5300 5506
f 5508 5511 5484
f 5543 5519 5510
f 5519 5543 5512
f 5356 5331 5332
f 5356 5331 5333
f 5399 5381 5388
f 5302 5329 5381
f 5375 5353 5325
f 5375 5325 5318
f 5374 5375 5392
f 5352 5374 5374
f 5352 5374 5372
f 5325 5353 5352
f 5325 5352 5322
f 5520 5515 5553
f 5471 5504 5503
f 5504 5471 5503
f 5471 5503 5451
f 5452 5451 5450
f 5537 5504 5504
f 5533 5504 5439
f 5536 5537 5557
f 5441 5480 5494
f 5526 5527 5550
f 5466 5494 5526
f 5532 5501 5501
f 5536 5501 5503
f 5501 5532 5525
f 5396 5418 5447
f 5357 5336 5384
f 5314 5357 5358
f 5314 5315 5342
f 5379 5369 5349
f 5379 5349 5319
f 5368 5369 5379
f 5368 5369 5420
f 5315 5368 5364
f 5551 5547 5547
f 5551 5547 5546
f 5550 5546 5545
f 5470 5502 5498
f 5535 5502 5502
f 5531 5535 5502
f 5534 5535 5535
f 5540 5535 5542
f 5530 5498 5499
f 5540 5530 5499
f 5540 5499 5498
f 5554 5540 5530
f 5498 5530 5527
f 5416 5445 5449
f 5365 5416 5416
f 5500 5445 5416
f 5337 5311 5316
f 5312 5311 5311
f 5308 5311 5302
f 5367 5371 5351
f 5380 5370 5371
f 5370 5371 5422
f 5370 5422 5396
f 5350 5370 5380
f 5350 5380 5366
f 5321 5351 5350
f 5321 5321 5320
f 5310 5309 5309
f 5307 5309 5304
f 5318 5310 5335
f 5548 5549 5549
f 5525 5548 5522
f 5552 5525 5556
f 5549 5552 5533
f 5338 5341 5317
f 5455 5443 5497
f 5423 5455 5456
f 5414 5423 5373
f 5443 5414 5413
f 5443 5413 5413
f 5468 5413 5410
f 5481 5474 5507
f 5459 5408 5442
f 5403 5459 5429
f 5397 5403 5429
f 5439 5383 5519
f 5409 5394 5383
f 5306 5383 5394
f 5338 5394 5361
f 5510 5519 5483
f 5434 5432 5434
f 5432 5476 5434
f 5476 5485 5477
f 5490 5478 5477
f 5463 5434 5434
f 5477 5478 5434
f 5484 5475 5475
f 5475 5457 5472
f 5475 5475 5460
f 5475 5460 5457
f 5459 5442 5474
f 5429 5459 5474
f 5426 5429 5474
f 5376 5393 5404
f 5376 5354 5402
f 5408 5403 5355
f 5355 5403 5397
f 5386 5386 5386
f 5386 5314 5359
f 5386 5359 5386
f 5359 5385 5386
f 5357 5406 5407
f 5358 5407 5377
f 5437 5488 5489
f 5465 5465 5479
f 5465 5479 5462
f 5479 5491 5461
f 5438 5465 5462
f 5453 5447 5439
f 5453 5504 5471
f 5471 5504 5504
f 5503 5501 5501
f 5501 5446 5450
f 5503 5450 5451
f 5446 5501 5495
f 5473 5458 5427
f 5473 5427 5430
f 5473 5430 5431
f 5492 5493 5468
f 5492 5493 5493
f 5493 5496 5493
f 5493 5497 5443
f 5493 5443 5468
f 5496 5497 5493
f 5449 5445 5500
f 5469 5449 5470
f 5500 5502 5470
f 5470 5502 5502
f 5498 5444 5448
f 5469 5498 5448
f 5444 5498 5480
f 5372 5374 5374
f 5374 5424 5363
f 5412 5343 5364
f 5373 5410 5413
f 5413 5414 5413
f 5392 5375 5373
f 5417 5417 5390
f 5417 5366 5390
f 5389 5389 5395
f 5395 5500 5416
f 5416 5365 5314
f 5416 5314 5389
f 5416 5420 5379
f 5379 5420 5369
f 5368 5391 5419
f 5364 5419 5415
f 5409 5361 5394
f 5367 5409 5418
f 5422 5371 5396
f 5371 5367 5418
f 5380 5370 5417
f 5380 5417 5366
f 5370 5421 5417
f 5531 5555 5535
f 5535 5535 5555
f 5542 5554 5540
f 5557 5557 5537
f 5537 5533 5557
f 5321 5348 5351
f 5321 5321 5351
f 5348 5348 5351
f 5536 5556 5532
f 5324 5320 5350
f 5350 5347 5324
f 5315 5346 5343
f 5343 5342 5315
f 5546 5547 5547
f 5545 5546 5538
f 5547 5531 5517
f 5538 5546 5517
f 5530 5540 5527
f 5540 5554 5527
f 5527 5554 5551
f 5551 5550 5527
f 5322 5352 5313
f 5328 5328 5301
f 5326 5328 5301
f 5512 5543 5509
f 5543 5509 5509
f 5528 5553 5529
f 5318 5339 5344
f 5318 5344 5345
f 5344 5339 5345
f 5335 5310 5307
f 5307 5305 5330
f 5516 5521 5544
f 5556 5525 5532
f 5541 5556 5532
f 5548 5519 5518
f 5522 5518 5518
f 5518 5519 5514
f 5311 5311 5323
f 5311 5333 5332
f 5323 5311 5337
f 5323 5337 5333
f 5332 5333 5331
f 5316 5324 5340
f 5316 5320 5324
f 5340 5324 5347
f 5309 5334 5327
f 5309 5309 5334
f 5552 5557 5557
f 5533 5552 5557
f 5519 5549 5539
f 5539 5549 5549
f 5341 5348 5321
f 5306 5338 5308
f 5308 5338 5338
f 5388 5360 5366
f 5386 5389 5314
f 5464 5464 5465
f 5386 5387 5386
f 5463 5478 5435
f 5378 5404 5335
f 5355 5327 5408
f 5430 5431 5433
f 5399 5388 5431
f 5326 5327 5328
f 5328 5328 5330
f 5490 5520 5478
f 5460 5432 5460
f 5509 5510 5509
f 5509 5512 5514
f 5333 5337 5360
f 5332 5331 5329
f 5392 5425 5424
f 5557 5557 5556
f 5453 5452 5422
f 5384 5405 5406
f 5419 5420 5391
f 5531 5554 5555
f 5449 5469 5420
f 5317 5321 5320
f 5348 5409 5367
f 5396 5422 5421
f 5392 5456 5425
f 5468 5410 5440
f 5428 5401 5483
f 5482 5458 5473
f 5335 5404 5373
f 5524 5492 5478
f 5360 5337 5340
f 5531 5500 5489
f 5525 5522 5491
f 5366 5389 5386
f 5467 5495 5465
f 5438 5388 5385
f 5435 5336 5404
f 5393 5376 5460
f 5398 5397 5426
f 5330 5328 5376
f 5328 5327 5355
f 5436 5437 5406
f 5516 5517 5487
f 5433 5431 5388
f 5303 5302 5381
f 5514 5512 5461
f 5401 5400 5427
f 5482 5509 5510
f 5472 5481 5507
f 5408 5313 5442
f 5454 5442 5363
f 5456 5505 5424
f 5318 5345 5373
f 5466 5440 5410
f 5441 5466 5411
f 5469 5448 5391
f 5452 5451 5421
f 5364 5364 5346
f 5544 5521 5550
f 5362 5411 5342
f 5497 5529 5553
f 5327 5301 5305
f 5475 5511 5513
f 5381 5329 5331
f 5302 5303 5306
f 5374 5352 5353
f 5537 5536 5503
f 5527 5526 5494
f 5357 5314 5336
f 5368 5315 5349
f 5547 5551 5531
f 5535 5534 5498
f 5445 5416 5416
f 5523 5533 5439
f 5312 5317 5316
f 5370 5350 5351
f 5318 5313 5309
f 5525 5552 5549
f 5409 5341 5338
f 5423 5414 5443
f 5553 5507 5505
f 5459 5403 5408
f 5560 5300 5561
f 5404 5336 5373
f 5500 5467 5489
f 5479 5465 5495
f 5465 5465 5464
f 5387 5386 5388
f 5404 5393 5434
f 5460 5402 5457
f 5335 5330 5378
f 5398 5402 5397
f 5489 5407 5437
f 5436 5486 5437
f 5521 5516 5435
f 5531 5489 5517
f 5438 5433 5388
f 5433 5462 5431
f 5518 5518 5491
f 5382 5381 5401
f 5458 5473 5483
f 5512 5509 5461
f 5426 5481 5457
f 5327 5334 5408
f 5507 5442 5505
f 5313 5363 5442
f 5363 5424 5454
f 5339 5373 5345
f 5412 5415 5441
f 5415 5419 5444
f 5366 5417 5495
f 5417 5421 5450
f 5417 5417 5446
f 5385 5359 5377
f 5517 5516 5538
f 5300 5560 5558
f 5411 5362 5412
f 5560 5559 5558
f 5315 5314 5319
f 5528 5529 5493
f 5524 5528 5493
f 5559 5561 5558
f 5326 5301 5327
f 5330 5305 5328
f 5485 5477 5513
f 5490 5485 5520
f 5460 5475 5432
f 5558 5558 5506
f 5472 5508 5484
f 5511 5508 5513
f 5509 5543 5510
f 5514 5519 5512
f 5388 5356 5333
f 5388 5381 5356
f 5329 5302 5332
f 5373 5375 5318
f 5424 5374 5392
f 5313 5352 5372
f 5318 5325 5322
f 5524 5520 5553
f 5508 5507 5515
f 5452 5471 5451
f 5453 5452 5450
f 5533 5537 5504
f 5556 5536 5557
f 5466 5441 5494
f 5521 5526 5550
f 5521 5466 5526
f 5536 5532 5501
f 5495 5501 5525
f 5453 5396 5447
f 5439 5447 5418
f 5406 5357 5384
f 5411 5336 5314
f 5411 5314 5342
f 5365 5379 5319
f 5391 5368 5420
f 5346 5315 5364
f 5319 5349 5315
f 5550 5551 5546
f 5554 5531 5551
f 5469 5470 5498
f 5500 5531 5502
f 5540 5534 5535
f 5554 5542 5555
f 5534 5540 5498
f 5480 5498 5527
f 5420 5416 5449
f 5340 5337 5316
f 5308 5312 5311
f 5306 5308 5302
f 5348 5367 5351
f 5370 5380 5371
f 5421 5370 5396
f 5347 5350 5366
f 5320 5321 5350
f 5307 5310 5309
f 5305 5307 5304
f 5339 5318 5335
f 5334 5309 5313
f 5519 5548 5549
f 5557 5552 5556
f 5539 5549 5533
f 5523 5539 5533
f 5348 5341 5409
f 5312 5338 5317
f 5392 5423 5456
f 5468 5443 5413
f 5456 5455 5505
f 5474 5442 5507
f 5426 5397 5429
f 5523 5439 5519
f 5439 5409 5383
f 5338 5306 5394
f 5338 5338 5361
f 5303 5382 5306
f 5401 5428 5382
f 5483 5519 5428
f 5434 5476 5477
f 5485 5490 5477
f 5478 5463 5434
f 5484 5475 5472
f 5460 5475 5460
f 5481 5426 5474
f 5378 5376 5404
f 5358 5357 5407
f 5486 5436 5435
f 5462 5479 5461
f 5433 5438 5462
f 5504 5453 5439
f 5452 5453 5471
f 5503 5501 5450
f 5461 5473 5431
f 5466 5492 5468
f 5449 5500 5470
f 5441 5444 5480
f 5372 5374 5363
f 5415 5412 5364
f 5414 5373 5413
f 5423 5392 5373
f 5366 5417 5390
f 5395 5416 5389
f 5365 5416 5379
f 5364 5368 5419
f 5396 5371 5418
f 5542 5535 5555
f 5546 5547 5517
f 5513 5508 5515
f 5524 5553 5528
f 5335 5335 5307
f 5335 5307 5330
f 5522 5548 5518
f 5302 5311 5332
f 5311 5323 5333
f 5304 5309 5327
f 5523 5519 5539
f 5317 5341 5321
f 5312 5308 5338
f 5335 5378 5335
f 5430 5399 5431
f 5388 5333 5360
f 5396 5453 5422
f 5316 5317 5320
f 5348 5348 5367
f 5339 5335 5373
f 5466 5521 5435
f 5520 5524 5478
f 5478 5466 5435
f 5373 5336 5411
f 5366 5360 5340
f 5495 5525 5491
f 5387 5366 5386
f 5464 5467 5465
f 5489 5438 5385
f 5434 5435 5404
f 5432 5393 5460
f 5457 5398 5426
f 5354 5328 5355
f 5407 5489 5385
f 5405 5436 5406
f 5486 5516 5487
f 5382 5303 5381
f 5483 5401 5427
f 5483 5482 5510
f 5508 5472 5507
f 5408 5334 5313
f 5425 5456 5424
f 5411 5466 5410
f 5412 5441 5411
f 5420 5469 5391
f 5366 5495 5500
f 5422 5452 5421
f 5409 5439 5418
f 5358 5359 5314
f 5545 5544 5550
f 5343 5362 5342
f 5455 5497 5553
f 5372 5363 5313
f 5322 5313 5318
f 5304 5327 5305
f 5476 5475 5513
f 5356 5381 5331
f 5375 5374 5353
f 5515 5507 5553
f 5504 5537 5503
f 5480 5527 5494
f 5369 5368 5349
f 5502 5535 5498
f 5311 5312 5316
f 5371 5370 5351
f 5310 5318 5309
f 5548 5525 5549
f 5361 5409 5338
f 5455 5423 5443
f 5455 5553 5505
f 5382 5383 5306
f 5382 5428 5383
