# feature-edge wireframe (30 derece), ISO 8855, metre
o wheel_3_wire
v 0.10450 0.95300 0.39150
v 0.10150 0.94900 0.37650
v 0.09650 0.93800 0.36750
v 0.09750 0.93700 0.41550
v 0.08950 0.92300 0.36750
v 0.09150 0.92200 0.41550
v 0.08450 0.91100 0.37650
v -0.25250 0.90100 0.40050
v -0.25250 0.90100 0.40250
v -0.22750 0.90100 0.40850
v -0.22550 0.90100 0.41250
v -0.22750 0.90100 0.41250
v -0.22850 0.90100 0.41850
v -0.22650 0.90100 0.41950
v -0.23150 0.90100 0.42050
v -0.24950 0.90100 0.42150
v -0.23050 0.90100 0.42250
v -0.24850 0.90100 0.42350
v -0.22750 0.87300 0.40950
v 0.30350 0.86200 0.38250
v -0.25250 0.85900 0.40050
v -0.25250 0.85900 0.40250
v -0.22750 0.85900 0.40850
v -0.22550 0.85900 0.41250
v -0.22750 0.85900 0.41250
v -0.22850 0.85900 0.41850
v -0.22650 0.85900 0.41950
v -0.23050 0.85900 0.41950
v -0.23150 0.85900 0.42050
v -0.24950 0.85900 0.42150
v -0.23050 0.85900 0.42250
v -0.24850 0.85900 0.42350
v 0.30150 0.85800 0.36750
v -0.19350 0.84800 0.34250
v -0.23150 0.84800 0.34250
v 0.29550 0.84700 0.35750
v 0.29750 0.84600 0.40650
v -0.19350 0.84500 0.34050
v -0.23150 0.84500 0.34050
v -0.22650 0.84400 0.41150
v -0.22950 0.84400 0.41950
v 0.28850 0.83200 0.35750
v 0.29050 0.83100 0.40650
v -0.22750 0.82300 0.36550
v 0.28350 0.82000 0.36750
v -0.22550 0.81600 0.28250
v -0.22550 0.81600 0.32250
v -0.25250 0.81600 0.40050
v -0.25250 0.81600 0.40250
v -0.22750 0.81600 0.40850
v -0.22550 0.81600 0.41250
v -0.22750 0.81600 0.41250
v -0.22850 0.81600 0.41850
v -0.22650 0.81600 0.41950
v -0.23150 0.81600 0.42050
v -0.24950 0.81600 0.42150
v -0.23050 0.81600 0.42250
v -0.24850 0.81600 0.42350
v -0.20950 0.81200 0.28250
v -0.20950 0.81200 0.32250
v -0.19350 0.81200 0.37850
v -0.22550 0.81200 0.37850
v -0.22550 0.81100 0.37750
v -0.19350 0.80900 0.37650
v -0.22550 0.80900 0.37650
v -0.22850 0.80000 0.28250
v -0.22850 0.80000 0.32250
v -0.22450 0.79800 0.38850
v -0.21250 0.79600 0.28250
v -0.21250 0.79600 0.32250
v -0.19350 0.77600 0.41450
v -0.22050 0.77600 0.41450
v -0.19350 0.77400 0.41250
v -0.22050 0.77400 0.41250
v 0.50350 0.77100 0.37250
v -0.21850 0.76900 0.33550
v -0.20850 0.76900 0.34450
v -0.22750 0.76900 0.34450
v -0.20850 0.76900 0.36150
v -0.22750 0.76900 0.36150
v -0.21850 0.76900 0.36950
v 0.50050 0.76700 0.35750
v 0.49450 0.75600 0.34850
v 0.49650 0.75500 0.39750
v 0.48850 0.74100 0.34850
v 0.49050 0.74000 0.39750
v 0.48350 0.72900 0.35750
v -0.21850 0.72300 0.33550
v -0.20850 0.72300 0.34450
v -0.22750 0.72300 0.34450
v -0.20850 0.72300 0.36150
v -0.22750 0.72300 0.36150
v -0.21850 0.72300 0.36950
v -0.21850 0.67700 0.33550
v -0.20850 0.67700 0.34450
v -0.22750 0.67700 0.34450
v -0.20850 0.67700 0.36150
v -0.22750 0.67700 0.36150
v -0.21850 0.67700 0.36950
v -0.42550 0.65600 0.20550
v -0.49750 0.65600 0.20550
v -0.56850 0.65600 0.20550
v -0.42550 0.65600 0.21250
v -0.49750 0.65600 0.21250
v -0.56850 0.65600 0.21250
v 0.14250 0.65100 -0.12450
v 0.14250 0.64200 -0.13750
v -0.43050 0.64200 0.21250
v -0.49750 0.64200 0.21250
v -0.56350 0.64200 0.21250
v -0.43050 0.64200 0.23550
v -0.49750 0.64200 0.23550
v -0.56350 0.64200 0.23550
v -0.43050 0.63800 0.24450
v -0.49750 0.63800 0.24450
v -0.56350 0.63800 0.24450
v 0.09650 0.63700 -0.12450
v -0.40450 0.63600 0.20550
v -0.49750 0.63600 0.20550
v -0.58950 0.63600 0.20550
v -0.40450 0.63600 0.21250
v -0.43050 0.63600 0.21250
v -0.49750 0.63600 0.21250
v -0.56350 0.63600 0.21250
v -0.58950 0.63600 0.21250
v -0.43050 0.63600 0.23550
v -0.49750 0.63600 0.23550
v -0.56350 0.63600 0.23550
v -0.51950 0.63500 0.23650
v -0.47450 0.63400 0.23850
v -0.43050 0.63400 0.23950
v -0.49750 0.63400 0.23950
v -0.56350 0.63400 0.23950
v 0.08950 0.62600 -0.13650
v 0.43250 0.62600 -0.01450
v 0.43250 0.62600 -0.00350
v 0.05150 0.62400 -0.12450
v -0.54350 0.62300 -0.07250
v -0.54350 0.62200 -0.08250
v -0.30850 0.62200 -0.01750
v -0.30850 0.62200 0.09450
v 0.09650 0.61800 -0.04950
v 0.03650 0.61000 -0.13550
v 0.08950 0.60100 0.08350
v 0.00650 0.60100 0.08350
v -0.07650 0.60100 0.08350
v 0.08050 0.60100 0.10950
v -0.06650 0.60100 0.10950
v 0.07150 0.59800 -0.03250
v 0.35750 0.59400 -0.09850
v 0.06150 0.59400 -0.04050
v 0.09250 0.59200 0.05450
v -0.07950 0.59200 0.05450
v 0.32250 0.59000 -0.13350
v 0.08750 0.59000 0.05450
v -0.07350 0.59000 0.05450
v 0.09750 0.58900 0.05450
v -0.08450 0.58900 0.05450
v 0.28850 0.58600 -0.16850
v 0.28850 0.58600 -0.05750
v 0.08750 0.58600 0.00350
v 0.09550 0.58600 0.00850
v -0.08250 0.58600 0.00850
v 0.26750 0.58500 -0.21450
v 0.43550 0.58400 -0.01450
v 0.43550 0.58400 -0.00350
v 0.09150 0.58300 -0.00650
v 0.07950 0.58300 0.00350
v 0.10350 0.58300 0.00850
v 0.08850 0.58300 0.00850
v -0.07450 0.58300 0.00850
v -0.08950 0.58300 0.00850
v 0.09950 0.58100 -0.17550
v -0.08550 0.58100 -0.17550
v -0.33250 0.58100 -0.12350
v 0.09950 0.58100 -0.10650
v -0.08550 0.58100 -0.10650
v 0.24950 0.58100 -0.07150
v 0.09950 0.58100 -0.03750
v -0.08550 0.58100 -0.03750
v 0.11650 0.57900 -0.04650
v -0.30850 0.57900 -0.01750
v -0.30850 0.57900 0.09450
v -0.33250 0.57800 -0.11950
v 0.10950 0.57700 -0.17550
v 0.08950 0.57700 -0.17550
v -0.07550 0.57700 -0.17550
v -0.09550 0.57700 -0.17550
v 0.10950 0.57700 -0.10650
v 0.08950 0.57700 -0.10650
v -0.07550 0.57700 -0.10650
v -0.09550 0.57700 -0.10650
v -0.54350 0.57700 -0.07250
v 0.10950 0.57700 -0.03750
v 0.08950 0.57700 -0.03750
v -0.07550 0.57700 -0.03750
v -0.09550 0.57700 -0.03750
v -0.54350 0.57600 -0.08250
v -0.16850 0.57500 0.29350
v -0.21850 0.57500 0.29350
v -0.26750 0.57500 0.29350
v -0.15350 0.57500 0.30850
v -0.28250 0.57500 0.30850
v -0.15350 0.57500 0.35250
v -0.28250 0.57500 0.35250
v -0.15350 0.57500 0.39750
v -0.28250 0.57500 0.39750
v -0.16850 0.57500 0.41150
v -0.21850 0.57500 0.41150
v -0.26750 0.57500 0.41150
v -0.27250 0.57200 -0.11150
v 0.33850 0.57000 -0.05650
v -0.16850 0.57000 0.29350
v -0.21850 0.57000 0.29350
v -0.26750 0.57000 0.29350
v -0.15350 0.57000 0.30850
v -0.28250 0.57000 0.30850
v -0.15350 0.57000 0.35250
v -0.28250 0.57000 0.35250
v -0.15350 0.57000 0.39750
v -0.28250 0.57000 0.39750
v -0.16850 0.57000 0.41150
v -0.21850 0.57000 0.41150
v -0.26750 0.57000 0.41150
v -0.27350 0.56900 -0.10650
v -0.25250 0.56800 -0.10350
v 0.04150 0.56700 -0.04450
v -0.42750 0.56500 0.21250
v -0.49750 0.56500 0.21250
v -0.56650 0.56500 0.21250
v -0.43050 0.56500 0.24150
v -0.49750 0.56500 0.24150
v -0.56350 0.56500 0.24150
v -0.43050 0.56500 0.24750
v -0.49750 0.56500 0.24750
v -0.56350 0.56500 0.24750
v -0.42750 0.56500 0.31950
v -0.49750 0.56500 0.31950
v -0.56650 0.56500 0.31950
v -0.21250 0.56400 -0.09850
v -0.34250 0.56300 -0.20950
v 0.10950 0.56300 -0.17550
v 0.08950 0.56300 -0.17550
v -0.07550 0.56300 -0.17550
v -0.09550 0.56300 -0.17550
v 0.10950 0.56300 -0.10650
v 0.08950 0.56300 -0.10650
v -0.07550 0.56300 -0.10650
v -0.09550 0.56300 -0.10650
v 0.10950 0.56300 -0.03750
v 0.08950 0.56300 -0.03750
v -0.07550 0.56300 -0.03750
v -0.09550 0.56300 -0.03750
v -0.34550 0.56200 -0.21850
v 0.19150 0.56100 -0.22850
v -0.21350 0.56100 -0.09350
v -0.08450 0.56100 -0.05550
v 0.33350 0.56100 -0.04450
v -0.41850 0.56100 0.21250
v -0.57550 0.56100 0.21250
v -0.41850 0.56100 0.26650
v -0.57550 0.56100 0.26650
v -0.41850 0.56100 0.31950
v -0.57550 0.56100 0.31950
v -0.32850 0.56000 -0.13950
v 0.29550 0.55900 -0.07150
v -0.06150 0.55900 -0.02650
v -0.07150 0.55900 -0.02650
v -0.42750 0.55900 0.21250
v -0.49750 0.55900 0.21250
v -0.56650 0.55900 0.21250
v -0.42750 0.55900 0.31950
v -0.49750 0.55900 0.31950
v -0.56650 0.55900 0.31950
v 0.09950 0.55800 -0.17550
v -0.08650 0.55800 -0.17550
v 0.09950 0.55800 -0.10650
v -0.08650 0.55800 -0.10650
v 0.36250 0.55800 -0.09650
v -0.16950 0.55800 -0.08350
v 0.09950 0.55800 -0.03750
v -0.08650 0.55800 -0.03750
v 0.47050 0.55800 0.26350
v 0.38650 0.55800 0.26350
v 0.30250 0.55800 0.26350
v -0.56950 0.55800 0.26650
v 0.21950 0.55800 0.28850
v 0.17550 0.55800 0.28850
v 0.13250 0.55800 0.28850
v 0.06650 0.55800 0.29350
v 0.00650 0.55800 0.29350
v -0.05350 0.55800 0.29350
v 0.43250 0.55800 0.32450
v 0.38650 0.55800 0.32450
v 0.33950 0.55800 0.32450
v 0.06650 0.55800 0.38850
v -0.05350 0.55800 0.38850
v 0.21950 0.55800 0.38950
v 0.13250 0.55800 0.38950
v 0.06650 0.55800 0.48350
v 0.00650 0.55800 0.48350
v -0.05350 0.55800 0.48350
v 0.21950 0.55800 0.49150
v 0.17550 0.55800 0.49150
v 0.13250 0.55800 0.49150
v -0.16950 0.55700 -0.08050
v -0.02750 0.55700 -0.04950
v 0.10350 0.55700 0.00850
v 0.08850 0.55700 0.00850
v -0.07450 0.55700 0.00850
v -0.08950 0.55700 0.00850
v -0.42350 0.55700 0.21250
v -0.57150 0.55700 0.21250
v -0.42350 0.55700 0.26650
v -0.57150 0.55700 0.26650
v -0.42450 0.55700 0.28350
v -0.56950 0.55700 0.28350
v -0.42350 0.55700 0.31950
v -0.57150 0.55700 0.31950
v -0.57150 0.55500 0.24850
v 0.47350 0.55500 0.25050
v 0.38650 0.55500 0.25050
v 0.29950 0.55500 0.25050
v -0.57250 0.55500 0.26650
v 0.43250 0.55500 0.32450
v 0.38650 0.55500 0.32450
v 0.33950 0.55500 0.32450
v -0.15950 0.55400 -0.07450
v -0.42150 0.55400 0.28350
v 0.07650 0.55400 0.29350
v -0.06250 0.55400 0.29350
v 0.07650 0.55400 0.38850
v -0.06250 0.55400 0.38850
v 0.07650 0.55400 0.48350
v -0.06250 0.55400 0.48350
v -0.33850 0.55300 -0.19950
v -0.14850 0.55300 -0.07250
v 0.09650 0.55300 0.00850
v -0.08250 0.55300 0.00850
v 0.03750 0.55300 0.29450
v -0.02450 0.55300 0.29450
v -0.12550 0.55200 -0.06750
v -0.41550 0.55200 0.21250
v -0.42150 0.55200 0.21250
v -0.57350 0.55200 0.21250
v -0.57950 0.55200 0.21250
v -0.57950 0.55200 0.26650
v 0.06650 0.55200 0.29350
v 0.06450 0.55200 0.29350
v 0.00650 0.55200 0.29350
v -0.05050 0.55200 0.29350
v -0.05350 0.55200 0.29350
v 0.06450 0.55200 0.30250
v 0.00650 0.55200 0.30250
v -0.05050 0.55200 0.30250
v -0.57950 0.55200 0.31950
v 0.06850 0.55200 0.35750
v -0.05550 0.55200 0.35750
v 0.06650 0.55200 0.48350
v 0.00650 0.55200 0.48350
v -0.05350 0.55200 0.48350
v -0.27350 0.55100 -0.21450
v -0.40450 0.55100 0.20550
v -0.58950 0.55100 0.20550
v -0.40450 0.55100 0.21250
v -0.58950 0.55100 0.21250
v 0.21950 0.55100 0.28850
v 0.17550 0.55100 0.28850
v 0.13250 0.55100 0.28850
v 0.04450 0.55100 0.37350
v -0.03350 0.55100 0.37350
v 0.04450 0.55100 0.41350
v -0.03350 0.55100 0.41350
v 0.04450 0.55100 0.45350
v -0.03350 0.55100 0.45350
v 0.21950 0.55100 0.49150
v 0.17550 0.55100 0.49150
v 0.13250 0.55100 0.49150
v -0.27450 0.55000 -0.22350
v 0.29350 0.55000 -0.05750
v 0.09750 0.55000 0.05450
v 0.08750 0.55000 0.05450
v -0.07350 0.55000 0.05450
v -0.08450 0.55000 0.05450
v 0.07250 0.55000 0.29350
v -0.05950 0.55000 0.29350
v 0.07250 0.55000 0.38850
v -0.05950 0.55000 0.38850
v 0.07250 0.55000 0.48350
v -0.05950 0.55000 0.48350
v -0.26650 0.54900 -0.12850
v 0.09250 0.54800 0.05450
v -0.07950 0.54800 0.05450
v 0.22750 0.54800 0.28850
v 0.12450 0.54800 0.28850
v 0.22650 0.54800 0.38950
v 0.12450 0.54800 0.38950
v -0.05950 0.54800 0.42050
v 0.22650 0.54800 0.49150
v 0.12550 0.54800 0.49150
v -0.46050 0.54700 -0.14950
v 0.25150 0.54700 -0.08750
v -0.10550 0.54700 -0.05450
v 0.47050 0.54700 0.26350
v 0.38650 0.54700 0.26350
v 0.30250 0.54700 0.26350
v 0.44150 0.54700 0.30950
v 0.38650 0.54700 0.30950
v 0.33050 0.54700 0.30950
v 0.07450 0.54600 0.35650
v 0.08050 0.54400 0.29150
v -0.41550 0.54400 0.31950
v -0.42150 0.54400 0.31950
v -0.57350 0.54400 0.31950
v -0.57950 0.54400 0.31950
v 0.08050 0.54400 0.38750
v 0.08050 0.54400 0.48350
v 0.07450 0.54400 0.48350
v 0.07650 0.54300 -0.14050
v 0.32850 0.54300 -0.13250
v 0.43850 0.54300 -0.01450
v 0.43850 0.54300 -0.00350
v -0.06250 0.54300 0.26250
v 0.06750 0.54300 0.26350
v -0.05450 0.54300 0.26350
v 0.06250 0.54300 0.26450
v -0.04850 0.54300 0.26450
v -0.05950 0.54300 0.26550
v 0.05850 0.54300 0.26850
v -0.03150 0.54300 0.29150
v -0.42750 0.54200 -0.17550
v 0.32450 0.54200 -0.12850
v 0.08450 0.54200 0.08850
v 0.00650 0.54200 0.08850
v -0.07150 0.54200 0.08850
v -0.33950 0.54100 -0.19950
v -0.01550 0.54100 0.23650
v -0.40950 0.54000 -0.18450
v -0.32950 0.54000 -0.13950
v -0.26950 0.53900 -0.20450
v 0.25450 0.53900 -0.07150
v 0.47350 0.53900 0.24850
v 0.38650 0.53900 0.24850
v 0.29950 0.53900 0.24850
v 0.47350 0.53900 0.25450
v 0.38650 0.53900 0.25450
v 0.29950 0.53900 0.25450
v -0.20350 0.53800 -0.21950
v 0.07850 0.53800 0.16250
v 0.00650 0.53800 0.16250
v -0.06550 0.53800 0.16250
v 0.11550 0.53700 -0.24250
v -0.20350 0.53700 -0.22950
v -0.20450 0.53700 -0.11750
v -0.30850 0.53700 -0.01750
v -0.30850 0.53700 0.09450
v -0.16750 0.53500 -0.19450
v 0.17650 0.53400 0.39650
v -0.36650 0.53300 -0.20450
v -0.00250 0.53300 -0.14150
v -0.27050 0.53200 -0.20450
v -0.13050 0.53200 -0.16950
v -0.15150 0.53100 -0.21750
v -0.26750 0.53100 -0.12850
v -0.54350 0.53000 -0.08250
v -0.54350 0.53000 -0.07250
v -0.34650 0.52900 -0.21850
v -0.34350 0.52900 -0.20950
v -0.10350 0.52700 -0.19750
v 0.29350 0.52700 -0.16850
v 0.19950 0.52700 0.39750
v 0.06850 0.52600 -0.17650
v 0.28550 0.52600 -0.16050
v -0.20150 0.52500 -0.20850
v -0.09950 0.52500 -0.20650
v -0.33350 0.52400 -0.11950
v -0.20150 0.52300 -0.20850
v -0.07550 0.52300 -0.19350
v -0.06250 0.52300 -0.18750
v -0.08050 0.52300 -0.14250
v -0.20550 0.52300 -0.11750
v 0.08950 0.52300 0.00350
v 0.08050 0.52300 0.42950
v 0.07450 0.52300 0.42950
v -0.06150 0.52300 0.42950
v -0.06650 0.52300 0.42950
v 0.02350 0.52200 -0.17650
v 0.08050 0.52200 0.00350
v 0.23550 0.52200 0.30250
v 0.22950 0.52200 0.30250
v 0.12250 0.52200 0.30250
v 0.11550 0.52200 0.30250
v -0.06050 0.52100 -0.19650
v 0.06350 0.52100 -0.19050
v 0.06650 0.52100 -0.16550
v 0.11950 0.52100 -0.04650
v 0.02150 0.51900 -0.18850
v -0.33350 0.51900 -0.12350
v 0.09850 0.51900 -0.04950
v -0.27450 0.51800 -0.22350
v -0.27350 0.51800 -0.21450
v -0.02050 0.51800 -0.18650
v -0.02250 0.51800 -0.17750
v 0.07350 0.51700 -0.03250
v -0.04750 0.51700 0.26550
v 0.07450 0.51700 0.26950
v 0.04250 0.51600 -0.04450
v 0.06250 0.51500 -0.04050
v 0.02150 0.51400 -0.16650
v -0.27350 0.51100 -0.10650
v -0.20350 0.50700 -0.22950
v -0.20350 0.50700 -0.21950
v 0.27250 0.50700 -0.21450
v -0.02350 0.50700 -0.16650
v 0.13150 0.50700 -0.14750
v -0.27350 0.50700 -0.11150
v 0.03750 0.50700 0.29450
v -0.02450 0.50700 0.29450
v 0.21450 0.50700 0.40150
v 0.13850 0.50700 0.40150
v 0.06650 0.50600 -0.19050
v 0.02550 0.50500 -0.14850
v -0.08450 0.50500 -0.05550
v 0.19550 0.50400 -0.22850
v -0.16750 0.50400 -0.19450
v 0.17650 0.50400 0.23250
v -0.15150 0.50300 -0.21750
v 0.02350 0.50300 -0.18850
v -0.02650 0.50300 -0.04950
v -0.07050 0.50300 -0.02650
v -0.07950 0.50200 -0.14850
v -0.06050 0.50200 -0.02650
v 0.08950 0.50200 0.08350
v -0.07650 0.50200 0.08350
v 0.08050 0.50200 0.10950
v -0.06650 0.50200 0.10950
v -0.41550 0.50200 0.21250
v -0.42150 0.50200 0.21250
v -0.57350 0.50200 0.21250
v -0.57950 0.50200 0.21250
v 0.11950 0.50100 -0.24250
v 0.23550 0.50100 0.37050
v 0.22950 0.50100 0.37050
v 0.12250 0.50100 0.37050
v 0.11550 0.50100 0.37050
v -0.13050 0.50000 -0.16950
v -0.09950 0.49900 -0.20650
v -0.05950 0.49900 -0.19650
v -0.01950 0.49900 -0.18650
v -0.21350 0.49900 -0.09350
v -0.01350 0.49800 0.23550
v -0.41550 0.49800 0.27350
v -0.42150 0.49800 0.27350
v -0.57350 0.49800 0.27350
v -0.57950 0.49800 0.27350
v 0.19950 0.49600 0.23350
v 0.08050 0.49500 0.37850
v 0.07450 0.49500 0.37850
v -0.06150 0.49500 0.37850
v -0.06650 0.49500 0.37850
v -0.21250 0.49400 -0.09850
v 0.16650 0.49100 -0.23150
v 0.22050 0.49100 -0.22650
v 0.27550 0.49100 -0.22050
v 0.03050 0.49100 -0.11750
v 0.15350 0.49100 -0.11150
v 0.20850 0.49100 -0.10550
v 0.26350 0.49100 -0.10050
v -0.06050 0.49100 0.26050
v 0.06950 0.49100 0.26350
v -0.05550 0.49100 0.26350
v 0.06450 0.49100 0.26450
v -0.05050 0.49100 0.26450
v 0.06050 0.49100 0.26750
v -0.05950 0.49100 0.26750
v -0.03250 0.49100 0.29250
v 0.48550 0.48800 -0.20350
v 0.47250 0.48800 -0.07650
v -0.15950 0.48700 -0.07450
v -0.16850 0.48500 -0.08350
v 0.07650 0.48500 0.36150
v -0.06350 0.48500 0.36150
v 0.69550 0.48400 -0.18550
v 0.77150 0.48400 -0.17750
v 0.76550 0.48400 -0.11050
v 0.68250 0.48400 -0.05150
v 0.75850 0.48400 -0.04350
v -0.41950 0.48300 0.25750
v -0.57550 0.48300 0.25750
v 0.21450 0.48300 0.40550
v 0.13850 0.48300 0.40550
v 0.74650 0.48100 -0.18450
v 0.47350 0.48100 0.24850
v 0.38650 0.48100 0.24850
v 0.29950 0.48100 0.24850
v 0.23550 0.48000 0.43750
v 0.22950 0.48000 0.43750
v 0.12250 0.48000 0.43750
v 0.11550 0.48000 0.43750
v 0.18850 0.47900 -0.24250
v 0.23250 0.47900 -0.23750
v 0.27750 0.47900 -0.23350
v 0.48650 0.47900 -0.21250
v 0.69650 0.47900 -0.19150
v 0.17350 0.47900 -0.09750
v 0.21850 0.47900 -0.09250
v 0.26250 0.47900 -0.08850
v 0.47150 0.47900 -0.06750
v 0.68150 0.47900 -0.04650
v 0.21450 0.47700 0.23750
v 0.13850 0.47700 0.23750
v -0.12550 0.47600 -0.06750
v -0.10450 0.47600 -0.05450
v 0.47150 0.47400 0.25150
v 0.69550 0.47300 -0.18550
v 0.77150 0.47300 -0.17750
v 0.76550 0.47300 -0.11050
v 0.68250 0.47300 -0.05150
v 0.75850 0.47300 -0.04350
v 0.17650 0.47300 0.06850
v 0.36050 0.47300 0.25150
v 0.48550 0.47000 -0.20350
v 0.47250 0.47000 -0.07650
v 0.46350 0.47000 0.24850
v 0.41150 0.47000 0.24850
v 0.38650 0.47000 0.24850
v 0.30950 0.47000 0.24850
v 0.46350 0.47000 0.25050
v 0.38650 0.47000 0.25050
v 0.30950 0.47000 0.25050
v 0.17550 0.46800 0.07050
v 0.07850 0.46700 0.16250
v 0.00650 0.46700 0.16250
v -0.06550 0.46700 0.16250
v -0.40450 0.46700 0.20550
v -0.58950 0.46700 0.20550
v -0.40450 0.46700 0.21250
v -0.58950 0.46700 0.21250
v 0.08050 0.46700 0.32750
v 0.07450 0.46700 0.32750
v -0.06150 0.46700 0.32750
v -0.06650 0.46700 0.32750
v 0.16650 0.46600 -0.23150
v 0.22050 0.46600 -0.22650
v 0.27550 0.46600 -0.22050
v 0.15350 0.46600 -0.11150
v 0.20850 0.46600 -0.10550
v 0.26350 0.46600 -0.10050
v 0.19950 0.46600 0.06950
v 0.04450 0.46500 -0.04450
v -0.04850 0.46500 0.26450
v 0.07450 0.46500 0.27150
v 0.19950 0.46400 0.40950
v 0.15350 0.46400 0.40950
v 0.08450 0.46300 0.08850
v 0.00650 0.46300 0.08850
v -0.07150 0.46300 0.08850
v 0.03750 0.46200 0.29450
v -0.02450 0.46200 0.29450
v 0.09150 0.46100 0.00350
v 0.08250 0.46100 0.00350
v 0.06450 0.46100 0.29350
v 0.00650 0.46100 0.29350
v -0.05050 0.46100 0.29350
v 0.06450 0.46100 0.30250
v 0.00650 0.46100 0.30250
v -0.05050 0.46100 0.30250
v 0.09250 0.45800 0.05450
v -0.07950 0.45800 0.05450
v 0.19950 0.45800 0.07250
v 0.15250 0.45800 0.07250
v 0.09750 0.45600 0.05450
v 0.08750 0.45600 0.05450
v -0.07350 0.45600 0.05450
v -0.08450 0.45600 0.05450
v 0.09550 0.45300 0.00850
v -0.08250 0.45300 0.00850
v 0.21450 0.45300 0.24150
v 0.13850 0.45300 0.24150
v 0.17550 0.45200 -0.01350
v -0.41050 0.45200 0.20550
v -0.41550 0.45200 0.21250
v -0.42150 0.45200 0.21250
v -0.57350 0.45200 0.21250
v -0.57950 0.45200 0.21250
v -0.41550 0.45200 0.22750
v -0.42150 0.45200 0.22750
v -0.57350 0.45200 0.22750
v -0.57950 0.45200 0.22750
v -0.02550 0.45000 -0.04950
v 0.10350 0.45000 0.00850
v 0.08850 0.45000 0.00850
v -0.07450 0.45000 0.00850
v -0.08950 0.45000 0.00850
v -0.52450 0.45000 0.20550
v -0.08350 0.44900 -0.05550
v 0.09950 0.44800 -0.17550
v -0.08550 0.44800 -0.17550
v 0.09950 0.44800 -0.10650
v -0.08550 0.44800 -0.10650
v 0.09950 0.44800 -0.03750
v -0.08550 0.44800 -0.03750
v -0.06950 0.44800 -0.02650
v 0.21450 0.44600 0.07350
v 0.13850 0.44600 0.07350
v 0.03450 0.44400 -0.11850
v -0.05950 0.44400 -0.02650
v 0.10950 0.44300 -0.17550
v 0.08950 0.44300 -0.17550
v -0.07550 0.44300 -0.17550
v -0.09550 0.44300 -0.17550
v 0.10950 0.44300 -0.10650
v 0.08950 0.44300 -0.10650
v -0.07550 0.44300 -0.10650
v -0.09550 0.44300 -0.10650
v 0.10950 0.44300 -0.03750
v 0.08950 0.44300 -0.03750
v -0.07550 0.44300 -0.03750
v -0.09550 0.44300 -0.03750
v 0.19950 0.44300 -0.01150
v 0.15250 0.44300 -0.01150
v 0.17550 0.43600 -0.09850
v 0.06450 0.43600 -0.04050
v 0.07450 0.43600 -0.03250
v 0.20950 0.43500 0.07650
v 0.14250 0.43500 0.07650
v 0.19950 0.43300 0.24550
v 0.15350 0.43300 0.24550
v 0.10950 0.43000 -0.17550
v 0.08950 0.43000 -0.17550
v -0.07550 0.43000 -0.17550
v -0.09550 0.43000 -0.17550
v 0.10950 0.43000 -0.10650
v 0.08950 0.43000 -0.10650
v -0.07550 0.43000 -0.10650
v -0.09550 0.43000 -0.10650
v 0.10950 0.43000 -0.03750
v 0.08950 0.43000 -0.03750
v -0.07550 0.43000 -0.03750
v -0.09550 0.43000 -0.03750
v 0.19950 0.42700 -0.09650
v 0.15250 0.42700 -0.09650
v 0.09950 0.42500 -0.17550
v -0.08650 0.42500 -0.17550
v 0.09950 0.42500 -0.10650
v -0.08650 0.42500 -0.10650
v 0.09950 0.42500 -0.03750
v -0.08650 0.42500 -0.03750
v 0.10350 0.42300 0.00850
v 0.08850 0.42300 0.00850
v -0.07450 0.42300 0.00850
v -0.08950 0.42300 0.00850
v -0.43150 0.42300 0.19150
v 0.21450 0.42200 0.07750
v 0.13850 0.42200 0.07750
v -0.51450 0.42200 0.19050
v -0.47550 0.42100 0.18950
v -0.49050 0.42100 0.19050
v -0.55650 0.42100 0.19050
v -0.47350 0.42100 0.19850
v 0.20950 0.42000 -0.00750
v 0.14250 0.42000 -0.00750
v 0.09650 0.42000 0.00850
v -0.08250 0.42000 0.00850
v -0.44450 0.42000 0.18850
v -0.49750 0.42000 0.18850
v -0.55050 0.42000 0.18850
v -0.56250 0.42000 0.19750
v 0.10050 0.41900 -0.04950
v 0.09750 0.41700 0.05450
v 0.08750 0.41700 0.05450
v -0.07350 0.41700 0.05450
v -0.08450 0.41700 0.05450
v -0.47550 0.41700 0.19550
v -0.44450 0.41600 0.19550
v -0.49750 0.41600 0.19550
v -0.55050 0.41600 0.19550
v 0.09250 0.41500 0.05450
v -0.07950 0.41500 0.05450
v 0.19950 0.41200 0.08150
v 0.15250 0.41200 0.08150
v 0.20950 0.40400 -0.09150
v 0.14250 0.40400 -0.09150
v 0.08950 0.40400 0.08350
v 0.00650 0.40400 0.08350
v -0.07650 0.40400 0.08350
v 0.08050 0.40400 0.10950
v -0.06650 0.40400 0.10950
v 0.19950 0.40300 0.08150
v 0.15350 0.40300 0.08150
v 0.17550 0.40300 0.08250
v 0.03850 0.39700 -0.11850
v 0.19950 0.39700 -0.00350
v 0.15250 0.39700 -0.00350
v 0.40250 0.39500 0.37850
v 0.09350 0.39400 -0.13650
v 0.03950 0.39400 -0.13550
v 0.37050 0.39400 0.40750
v 0.14650 0.39300 -0.13750
v -0.48050 0.39300 0.26950
v 0.51450 0.39200 0.20150
v 0.49250 0.39200 0.24850
v 0.47050 0.39200 0.29050
v 0.43250 0.39200 0.34450
v 0.40250 0.39200 0.37850
v 0.34250 0.39200 0.42950
v -0.49750 0.39100 0.23150
v -0.45950 0.39100 0.30450
v 0.44650 0.39100 0.32750
v 0.37350 0.39100 0.42850
v 0.52150 0.39000 0.17550
v -0.55650 0.38900 0.05750
v 0.53550 0.38900 0.12550
v -0.48050 0.38900 0.26950
v 0.17550 0.38700 -0.00150
v 0.54350 0.38700 0.08350
v 0.46550 0.38700 0.38650
v 0.37450 0.38700 0.42650
v -0.38150 0.38700 0.42650
v -0.56650 0.38600 0.01050
v 0.55050 0.38600 0.04250
v 0.54250 0.38600 0.08450
v 0.54050 0.38600 0.09750
v 0.53550 0.38600 0.12550
v 0.43450 0.38600 0.42150
v 0.38750 0.38600 0.44150
v -0.59050 0.38400 -0.05350
v -0.58950 0.38400 -0.05250
v 0.55350 0.38400 0.00250
v 0.54250 0.38400 0.08450
v 0.57450 0.38400 0.16250
v -0.36950 0.38400 0.43750
v 0.14650 0.38300 -0.12450
v -0.57150 0.38300 -0.01250
v 0.41550 0.38300 0.44050
v -0.36750 0.38300 0.44350
v 0.10050 0.38200 -0.12450
v 0.05450 0.38200 -0.12450
v -0.58150 0.38200 -0.05550
v -0.58050 0.38200 -0.05450
v 0.55650 0.38200 -0.03850
v -0.59750 0.38200 -0.00550
v -0.58650 0.38200 0.04150
v 0.55050 0.38200 0.04250
v 0.58450 0.38200 0.12350
v 0.51150 0.38200 0.31850
v 0.46550 0.38200 0.37750
v 0.19950 0.38100 -0.08750
v 0.15250 0.38100 -0.08750
v -0.58850 0.38100 0.04150
v 0.54050 0.38100 0.24750
v 0.41150 0.38100 0.44750
v -0.41850 0.38100 0.44750
v 0.36650 0.38100 0.47950
v -0.37450 0.38100 0.47950
v 0.32250 0.38100 0.51050
v -0.32950 0.38100 0.51050
v 0.24850 0.38100 0.54150
v -0.25550 0.38100 0.54150
v 0.17350 0.38100 0.57350
v -0.18050 0.38100 0.57350
v 0.08450 0.38100 0.58650
v -0.09250 0.38100 0.58650
v -0.00350 0.38100 0.60050
v -0.61050 0.38000 -0.07750
v -0.60250 0.38000 -0.02950
v -0.59850 0.38000 -0.00550
v 0.55350 0.38000 0.00250
v -0.57950 0.38000 0.06450
v -0.57950 0.37900 0.06450
v -0.58550 0.37900 0.06650
v 0.56850 0.37900 0.17650
v -0.42250 0.37900 0.43650
v 0.55750 0.37800 -0.08750
v 0.55650 0.37800 -0.03850
v -0.58950 0.37800 0.01750
v 0.41850 0.37800 0.43750
v 0.55650 0.37700 -0.08650
v -0.58050 0.37700 0.06550
v -0.40850 0.37700 0.45250
v -0.60850 0.37600 -0.07750
v 0.58250 0.37600 0.10050
v 0.55750 0.37500 -0.13550
v 0.55650 0.37500 -0.08650
v -0.59750 0.37400 0.01950
v 0.59750 0.37400 0.02550
v 0.55750 0.37200 -0.13550
v 0.57150 0.37200 -0.08550
v 0.57750 0.37200 -0.06050
v -0.46250 0.37200 0.43050
v 0.55850 0.37100 -0.14550
v 0.55750 0.37100 -0.14050
v 0.17550 0.37100 -0.08550
v 0.57950 0.37100 -0.06450
v -0.60950 0.36900 -0.02650
v -0.59850 0.36900 -0.00550
v -0.60250 0.36700 0.21650
v -0.61650 0.36600 0.16850
v 0.60150 0.36500 -0.06950
v 0.60250 0.36400 -0.10150
v -0.63950 0.36400 0.08750
v -0.59350 0.36400 0.23650
v -0.50150 0.36400 0.42550
v -0.61350 0.36200 0.16850
v -0.61950 0.36100 -0.06950
v -0.61650 0.36000 -0.07650
v -0.63350 0.36000 0.10050
v 0.60650 0.35700 -0.16450
v -0.65250 0.35700 0.03950
v -0.00350 0.35200 0.62950
v 0.47350 0.35100 0.43150
v -0.63550 0.35000 -0.06850
v -0.61350 0.34800 0.18350
v -0.61250 0.34700 0.18250
v -0.65350 0.34600 0.02550
v 0.08650 0.34600 0.62250
v -0.09450 0.34600 0.62250
v -0.62850 0.34500 0.13550
v -0.60350 0.34400 0.20650
v -0.63850 0.34300 0.10250
v -0.61950 0.34200 0.16350
v 0.17750 0.34000 0.61650
v -0.18450 0.34000 0.61650
v -0.62750 0.33900 0.10150
v -0.60950 0.33900 0.16750
v -0.59150 0.33900 0.23350
v -0.64850 0.33800 0.06250
v 0.00050 0.33700 -0.45750
v 0.04750 0.33700 -0.45450
v -0.04750 0.33700 -0.45450
v 0.09550 0.33700 -0.44750
v -0.09550 0.33700 -0.44750
v 0.14150 0.33700 -0.43450
v -0.14150 0.33700 -0.43450
v 0.18650 0.33700 -0.41750
v -0.18550 0.33700 -0.41750
v 0.22850 0.33700 -0.39550
v -0.22850 0.33700 -0.39550
v 0.26850 0.33700 -0.36950
v -0.26850 0.33700 -0.36950
v 0.30650 0.33700 -0.33950
v -0.30650 0.33700 -0.33950
v 0.34050 0.33700 -0.30550
v -0.33950 0.33700 -0.30550
v 0.37050 0.33700 -0.26850
v -0.37050 0.33700 -0.26850
v 0.39650 0.33700 -0.22850
v -0.39650 0.33700 -0.22850
v 0.41750 0.33700 -0.18550
v -0.41750 0.33700 -0.18550
v 0.43550 0.33700 -0.14150
v -0.43450 0.33700 -0.14150
v 0.44750 0.33700 -0.09450
v -0.44750 0.33700 -0.09450
v 0.45550 0.33700 -0.04750
v -0.45450 0.33700 -0.04750
v 0.45750 0.33700 0.00050
v -0.45750 0.33700 0.00050
v 0.45550 0.33700 0.04850
v -0.45450 0.33700 0.04850
v 0.44750 0.33700 0.09550
v -0.44750 0.33700 0.09550
v 0.43550 0.33700 0.14150
v -0.43450 0.33700 0.14150
v 0.41750 0.33700 0.18650
v -0.41750 0.33700 0.18650
v 0.39650 0.33700 0.22850
v -0.39650 0.33700 0.22850
v 0.37050 0.33700 0.26950
v -0.37050 0.33700 0.26950
v 0.34050 0.33700 0.30650
v -0.33950 0.33700 0.30650
v 0.30650 0.33700 0.34050
v -0.30650 0.33700 0.34050
v 0.26850 0.33700 0.37050
v -0.26850 0.33700 0.37050
v 0.22850 0.33700 0.39650
v -0.22850 0.33700 0.39650
v 0.18650 0.33700 0.41850
v -0.18550 0.33700 0.41850
v 0.14150 0.33700 0.43550
v -0.14150 0.33700 0.43550
v 0.09550 0.33700 0.44750
v -0.09550 0.33700 0.44750
v 0.04750 0.33700 0.45550
v -0.04750 0.33700 0.45550
v 0.00050 0.33700 0.45750
v 0.00050 0.33500 -0.45450
v 0.04750 0.33500 -0.45250
v -0.04750 0.33500 -0.45250
v 0.09450 0.33500 -0.44450
v -0.09450 0.33500 -0.44450
v 0.14050 0.33500 -0.43250
v -0.14050 0.33500 -0.43250
v 0.18550 0.33500 -0.41550
v -0.18550 0.33500 -0.41550
v 0.22750 0.33500 -0.39350
v -0.22750 0.33500 -0.39350
v 0.26750 0.33500 -0.36750
v -0.26750 0.33500 -0.36750
v 0.30450 0.33500 -0.33750
v -0.30450 0.33500 -0.33750
v 0.33850 0.33500 -0.30450
v -0.33850 0.33500 -0.30450
v 0.36850 0.33500 -0.26750
v -0.36850 0.33500 -0.26750
v 0.39450 0.33500 -0.22750
v -0.39450 0.33500 -0.22750
v 0.41550 0.33500 -0.18450
v -0.41550 0.33500 -0.18450
v 0.43250 0.33500 -0.14050
v -0.43250 0.33500 -0.14050
v 0.44550 0.33500 -0.09450
v -0.44550 0.33500 -0.09450
v 0.45250 0.33500 -0.04750
v -0.45250 0.33500 -0.04750
v 0.45550 0.33500 0.00050
v -0.45550 0.33500 0.00050
v 0.45250 0.33500 0.04750
v -0.45250 0.33500 0.04750
v 0.44550 0.33500 0.09450
v -0.44550 0.33500 0.09450
v 0.43250 0.33500 0.14050
v -0.43250 0.33500 0.14050
v 0.41550 0.33500 0.18550
v -0.41550 0.33500 0.18550
v 0.39450 0.33500 0.22750
v -0.39450 0.33500 0.22750
v 0.36850 0.33500 0.26750
v -0.36850 0.33500 0.26750
v 0.33850 0.33500 0.30450
v -0.33850 0.33500 0.30450
v 0.30450 0.33500 0.33850
v -0.30450 0.33500 0.33850
v 0.26750 0.33500 0.36850
v -0.26750 0.33500 0.36850
v 0.22750 0.33500 0.39450
v -0.22750 0.33500 0.39450
v 0.18550 0.33500 0.41650
v -0.18550 0.33500 0.41650
v 0.14050 0.33500 0.43350
v -0.14050 0.33500 0.43350
v 0.09450 0.33500 0.44550
v -0.09450 0.33500 0.44550
v 0.04750 0.33500 0.45250
v -0.04750 0.33500 0.45250
v 0.00050 0.33500 0.45550
v -0.65950 0.33400 0.02350
v -0.63650 0.33300 0.03150
v -0.67250 0.33200 -0.04950
v 0.00050 0.33100 -0.47850
v 0.05050 0.33100 -0.47650
v -0.04950 0.33100 -0.47650
v 0.09950 0.33100 -0.46850
v -0.09950 0.33100 -0.46850
v 0.14850 0.33100 -0.45550
v -0.14750 0.33100 -0.45550
v 0.19450 0.33100 -0.43750
v -0.19450 0.33100 -0.43750
v 0.23950 0.33100 -0.41450
v -0.23950 0.33100 -0.41450
v 0.28150 0.33100 -0.38750
v -0.28150 0.33100 -0.38750
v 0.32050 0.33100 -0.35550
v -0.32050 0.33100 -0.35550
v 0.35650 0.33100 -0.32050
v -0.35550 0.33100 -0.32050
v 0.38750 0.33100 -0.28150
v -0.38750 0.33100 -0.28150
v 0.41450 0.33100 -0.23950
v -0.41450 0.33100 -0.23950
v 0.43750 0.33100 -0.19450
v -0.43750 0.33100 -0.19450
v 0.45550 0.33100 -0.14750
v -0.45550 0.33100 -0.14750
v 0.46850 0.33100 -0.09950
v -0.46850 0.33100 -0.09950
v 0.47650 0.33100 -0.04950
v -0.47650 0.33100 -0.04950
v 0.47950 0.33100 0.00050
v -0.47850 0.33100 0.00050
v 0.47650 0.33100 0.05050
v -0.47650 0.33100 0.05050
v 0.46850 0.33100 0.09950
v -0.46850 0.33100 0.09950
v 0.45550 0.33100 0.14850
v -0.45550 0.33100 0.14850
v 0.43750 0.33100 0.19550
v -0.43750 0.33100 0.19550
v 0.41450 0.33100 0.23950
v -0.41450 0.33100 0.23950
v 0.38750 0.33100 0.28150
v -0.38750 0.33100 0.28150
v 0.35650 0.33100 0.32050
v -0.35550 0.33100 0.32050
v 0.32050 0.33100 0.35650
v -0.32050 0.33100 0.35650
v 0.28150 0.33100 0.38750
v -0.28150 0.33100 0.38750
v 0.23950 0.33100 0.41550
v -0.23950 0.33100 0.41550
v 0.19450 0.33100 0.43750
v -0.19450 0.33100 0.43750
v 0.14850 0.33100 0.45550
v -0.14750 0.33100 0.45550
v 0.09950 0.33100 0.46850
v -0.09950 0.33100 0.46850
v 0.05050 0.33100 0.47650
v -0.04950 0.33100 0.47650
v 0.00050 0.33100 0.47950
v 0.00050 0.33000 -0.47650
v 0.04950 0.33000 -0.47350
v -0.04950 0.33000 -0.47350
v 0.09950 0.33000 -0.46550
v -0.09950 0.33000 -0.46550
v 0.14750 0.33000 -0.45350
v -0.14750 0.33000 -0.45350
v 0.19350 0.33000 -0.43550
v -0.19350 0.33000 -0.43550
v 0.23850 0.33000 -0.41250
v -0.23850 0.33000 -0.41250
v 0.28050 0.33000 -0.38550
v -0.28050 0.33000 -0.38550
v 0.31850 0.33000 -0.35350
v -0.31850 0.33000 -0.35350
v 0.35450 0.33000 -0.31850
v -0.35450 0.33000 -0.31850
v 0.38550 0.33000 -0.27950
v -0.38550 0.33000 -0.27950
v 0.41250 0.33000 -0.23850
v -0.41250 0.33000 -0.23850
v 0.43550 0.33000 -0.19350
v -0.43550 0.33000 -0.19350
v 0.45350 0.33000 -0.14750
v -0.45350 0.33000 -0.14750
v 0.46650 0.33000 -0.09850
v -0.46650 0.33000 -0.09850
v 0.47450 0.33000 -0.04950
v -0.47350 0.33000 -0.04950
v 0.47650 0.33000 0.00050
v -0.47650 0.33000 0.00050
v 0.47450 0.33000 0.05050
v -0.47350 0.33000 0.05050
v 0.46650 0.33000 0.09950
v -0.46650 0.33000 0.09950
v 0.45350 0.33000 0.14750
v -0.45350 0.33000 0.14750
v -0.62850 0.33000 0.19350
v 0.43550 0.33000 0.19450
v -0.43550 0.33000 0.19450
v 0.41250 0.33000 0.23850
v -0.41250 0.33000 0.23850
v 0.38550 0.33000 0.28050
v -0.38550 0.33000 0.28050
v 0.35450 0.33000 0.31950
v -0.35450 0.33000 0.31950
v 0.31850 0.33000 0.35450
v -0.31850 0.33000 0.35450
v 0.28050 0.33000 0.38550
v -0.28050 0.33000 0.38550
v 0.23850 0.33000 0.41250
v -0.23850 0.33000 0.41250
v 0.19350 0.33000 0.43550
v -0.19350 0.33000 0.43550
v 0.14750 0.33000 0.45350
v -0.14750 0.33000 0.45350
v 0.09950 0.33000 0.46650
v -0.09950 0.33000 0.46650
v 0.04950 0.33000 0.47450
v -0.04950 0.33000 0.47450
v 0.00050 0.33000 0.47650
v 0.00050 0.32600 -0.32750
v 0.05150 0.32600 -0.32350
v -0.05150 0.32600 -0.32350
v 0.10150 0.32600 -0.31150
v -0.10150 0.32600 -0.31150
v 0.14850 0.32600 -0.29150
v -0.14850 0.32600 -0.29150
v 0.19250 0.32600 -0.26550
v -0.19250 0.32600 -0.26550
v 0.23150 0.32600 -0.23150
v -0.23150 0.32600 -0.23150
v 0.26550 0.32600 -0.19250
v -0.26550 0.32600 -0.19250
v 0.29250 0.32600 -0.14850
v -0.29250 0.32600 -0.14850
v 0.31150 0.32600 -0.10150
v -0.31150 0.32600 -0.10150
v 0.32450 0.32600 -0.05150
v -0.32350 0.32600 -0.05150
v 0.32850 0.32600 0.00050
v -0.32750 0.32600 0.00050
v 0.32450 0.32600 0.05150
v -0.32350 0.32600 0.05150
v 0.31150 0.32600 0.10150
v -0.31150 0.32600 0.10150
v 0.29250 0.32600 0.14950
v -0.29250 0.32600 0.14950
v 0.26550 0.32600 0.19350
v -0.26550 0.32600 0.19350
v 0.23150 0.32600 0.23250
v -0.23150 0.32600 0.23250
v 0.19250 0.32600 0.26550
v -0.19250 0.32600 0.26550
v 0.14850 0.32600 0.29250
v -0.14850 0.32600 0.29250
v 0.10150 0.32600 0.31250
v -0.10150 0.32600 0.31250
v 0.05150 0.32600 0.32450
v -0.05150 0.32600 0.32450
v 0.00050 0.32600 0.32850
v 0.23350 0.32200 0.60650
v -0.24050 0.32200 0.60650
v -0.62950 0.32100 0.28450
v 0.00050 0.32000 -0.50150
v 0.05250 0.32000 -0.49850
v -0.05250 0.32000 -0.49850
v 0.10450 0.32000 -0.49050
v -0.10450 0.32000 -0.49050
v 0.15550 0.32000 -0.47750
v -0.15550 0.32000 -0.47750
v 0.20450 0.32000 -0.45850
v -0.20450 0.32000 -0.45850
v 0.25150 0.32000 -0.43450
v -0.25050 0.32000 -0.43450
v 0.29550 0.32000 -0.40550
v -0.29450 0.32000 -0.40550
v 0.33550 0.32000 -0.37250
v -0.33550 0.32000 -0.37250
v 0.37350 0.32000 -0.33550
v -0.37250 0.32000 -0.33550
v 0.40650 0.32000 -0.29450
v -0.40650 0.32000 -0.29450
v 0.43450 0.32000 -0.25050
v -0.43450 0.32000 -0.25050
v 0.45850 0.32000 -0.20350
v -0.45850 0.32000 -0.20350
v 0.47750 0.32000 -0.15450
v -0.47750 0.32000 -0.15450
v 0.49150 0.32000 -0.10450
v -0.49050 0.32000 -0.10450
v 0.49950 0.32000 -0.05250
v -0.49950 0.32000 -0.05250
v 0.50250 0.32000 0.00050
v -0.50150 0.32000 0.00050
v 0.49950 0.32000 0.05250
v -0.49950 0.32000 0.05250
v 0.49150 0.32000 0.10450
v -0.49050 0.32000 0.10450
v 0.47750 0.32000 0.15550
v -0.47750 0.32000 0.15550
v 0.45850 0.32000 0.20450
v -0.45850 0.32000 0.20450
v 0.43450 0.32000 0.25150
v -0.43450 0.32000 0.25150
v 0.40650 0.32000 0.29550
v -0.40650 0.32000 0.29550
v 0.37350 0.32000 0.33650
v -0.37250 0.32000 0.33650
v 0.33550 0.32000 0.37350
v -0.33550 0.32000 0.37350
v 0.29550 0.32000 0.40650
v -0.29450 0.32000 0.40650
v 0.25150 0.32000 0.43450
v -0.25050 0.32000 0.43450
v 0.20450 0.32000 0.45850
v -0.20450 0.32000 0.45850
v 0.15550 0.32000 0.47750
v -0.15550 0.32000 0.47750
v 0.10450 0.32000 0.49150
v -0.10450 0.32000 0.49150
v 0.05250 0.32000 0.49950
v -0.05250 0.32000 0.49950
v 0.00050 0.32000 0.50250
v 0.00050 0.31900 -0.49850
v 0.05250 0.31900 -0.49550
v -0.05250 0.31900 -0.49550
v 0.10350 0.31900 -0.48750
v -0.10350 0.31900 -0.48750
v 0.15450 0.31900 -0.47450
v -0.15450 0.31900 -0.47450
v 0.20250 0.31900 -0.45550
v -0.20250 0.31900 -0.45550
v 0.24950 0.31900 -0.43150
v -0.24950 0.31900 -0.43150
v 0.29350 0.31900 -0.40350
v -0.29350 0.31900 -0.40350
v 0.33350 0.31900 -0.37050
v -0.33350 0.31900 -0.37050
v 0.37050 0.31900 -0.33350
v -0.37050 0.31900 -0.33350
v 0.40350 0.31900 -0.29250
v -0.40350 0.31900 -0.29250
v 0.43250 0.31900 -0.24950
v -0.43150 0.31900 -0.24950
v 0.45550 0.31900 -0.20250
v -0.45550 0.31900 -0.20250
v 0.47450 0.31900 -0.15350
v -0.47450 0.31900 -0.15350
v 0.48850 0.31900 -0.10350
v -0.48750 0.31900 -0.10350
v 0.49650 0.31900 -0.05150
v -0.49650 0.31900 -0.05150
v 0.49850 0.31900 0.00050
v -0.49850 0.31900 0.00050
v 0.49650 0.31900 0.05250
v -0.49650 0.31900 0.05250
v 0.48850 0.31900 0.10350
v -0.48750 0.31900 0.10350
v 0.47450 0.31900 0.15450
v -0.47450 0.31900 0.15450
v 0.45550 0.31900 0.20350
v -0.45550 0.31900 0.20350
v 0.43250 0.31900 0.24950
v -0.43150 0.31900 0.24950
v 0.40350 0.31900 0.29350
v -0.40350 0.31900 0.29350
v 0.37050 0.31900 0.33450
v -0.37050 0.31900 0.33450
v 0.33350 0.31900 0.37050
v -0.33350 0.31900 0.37050
v 0.29350 0.31900 0.40350
v -0.29350 0.31900 0.40350
v 0.24950 0.31900 0.43250
v -0.24950 0.31900 0.43250
v 0.20250 0.31900 0.45550
v -0.20250 0.31900 0.45550
v 0.15450 0.31900 0.47450
v -0.15450 0.31900 0.47450
v 0.10350 0.31900 0.48850
v -0.10350 0.31900 0.48850
v 0.05250 0.31900 0.49650
v -0.05250 0.31900 0.49650
v 0.00050 0.31900 0.49950
v 0.49550 0.31500 0.42950
v -0.63850 0.31400 0.28250
v -0.64150 0.31400 0.28650
v 0.00050 0.31200 -0.51550
v 0.05350 0.31200 -0.51250
v -0.05350 0.31200 -0.51250
v 0.10750 0.31200 -0.50350
v -0.10750 0.31200 -0.50350
v 0.15950 0.31200 -0.48950
v -0.15950 0.31200 -0.48950
v 0.20950 0.31200 -0.47050
v -0.20950 0.31200 -0.47050
v 0.25750 0.31200 -0.44550
v -0.25750 0.31200 -0.44550
v 0.30250 0.31200 -0.41650
v -0.30250 0.31200 -0.41650
v 0.34450 0.31200 -0.38250
v -0.34450 0.31200 -0.38250
v 0.38250 0.31200 -0.34450
v -0.38250 0.31200 -0.34450
v 0.41650 0.31200 -0.30250
v -0.41650 0.31200 -0.30250
v 0.44650 0.31200 -0.25750
v -0.44650 0.31200 -0.25750
v 0.47050 0.31200 -0.20950
v -0.47050 0.31200 -0.20950
v 0.49050 0.31200 -0.15850
v -0.48950 0.31200 -0.15850
v 0.50450 0.31200 -0.10650
v -0.50350 0.31200 -0.10650
v 0.51250 0.31200 -0.05350
v -0.51250 0.31200 -0.05350
v 0.51550 0.31200 0.00050
v -0.51550 0.31200 0.00050
v 0.51250 0.31200 0.05450
v -0.51250 0.31200 0.05450
v 0.50450 0.31200 0.10750
v -0.50350 0.31200 0.10750
v 0.49050 0.31200 0.15950
v -0.48950 0.31200 0.15950
v 0.47050 0.31200 0.20950
v -0.47050 0.31200 0.20950
v 0.44650 0.31200 0.25750
v -0.44650 0.31200 0.25750
v 0.41650 0.31200 0.30350
v -0.41650 0.31200 0.30350
v 0.38250 0.31200 0.34550
v -0.38250 0.31200 0.34550
v 0.34450 0.31200 0.38350
v -0.34450 0.31200 0.38350
v 0.30250 0.31200 0.41750
v -0.30250 0.31200 0.41750
v 0.25750 0.31200 0.44650
v -0.25750 0.31200 0.44650
v 0.20950 0.31200 0.47050
v -0.20950 0.31200 0.47050
v 0.15950 0.31200 0.49050
v -0.15950 0.31200 0.49050
v 0.10750 0.31200 0.50450
v -0.10750 0.31200 0.50450
v 0.05350 0.31200 0.51250
v -0.05350 0.31200 0.51250
v 0.00050 0.31200 0.51550
v 0.03350 0.31000 -0.54550
v 0.03150 0.31000 -0.54350
v -0.02650 0.31000 -0.54350
v -0.02850 0.31000 -0.54350
v 0.03350 0.31000 -0.54250
v -0.08650 0.31000 -0.53950
v 0.09050 0.31000 -0.53750
v -0.08550 0.31000 -0.53750
v 0.09050 0.31000 -0.53650
v -0.08850 0.31000 -0.53650
v 0.09250 0.31000 -0.53550
v -0.14450 0.31000 -0.52650
v 0.15150 0.31000 -0.52450
v -0.14450 0.31000 -0.52450
v 0.14950 0.31000 -0.52350
v -0.14650 0.31000 -0.52350
v 0.15150 0.31000 -0.52250
v -0.20150 0.31000 -0.50750
v -0.20150 0.31000 -0.50550
v 0.20650 0.31000 -0.50450
v -0.20350 0.31000 -0.50450
v 0.20550 0.31000 -0.50350
v 0.20750 0.31000 -0.50250
v -0.25650 0.31000 -0.48250
v -0.25550 0.31000 -0.48050
v -0.25750 0.31000 -0.48050
v 0.26050 0.31000 -0.47950
v -0.25750 0.31000 -0.47950
v 0.25950 0.31000 -0.47850
v 0.26150 0.31000 -0.47650
v -0.30650 0.31000 -0.44950
v -0.30950 0.31000 -0.44950
v -0.30850 0.31000 -0.44850
v 0.31150 0.31000 -0.44750
v 0.31050 0.31000 -0.44650
v 0.31250 0.31000 -0.44550
v -0.35550 0.31000 -0.41450
v -0.35450 0.31000 -0.41250
v -0.35550 0.31000 -0.41150
v 0.36050 0.31000 -0.41050
v 0.35750 0.31000 -0.40950
v 0.35950 0.31000 -0.40850
v -0.39850 0.31000 -0.37350
v -0.39750 0.31000 -0.37150
v -0.39850 0.31000 -0.36950
v 0.40350 0.31000 -0.36850
v 0.40150 0.31000 -0.36850
v 0.40050 0.31000 -0.36850
v 0.40250 0.31000 -0.36650
v -0.43750 0.31000 -0.32750
v -0.43550 0.31000 -0.32550
v -0.43750 0.31000 -0.32450
v -0.43750 0.31000 -0.32350
v 0.44150 0.31000 -0.32150
v 0.43850 0.31000 -0.32150
v 0.43950 0.31000 -0.32050
v -0.47050 0.31000 -0.27750
v -0.46850 0.31000 -0.27550
v -0.46950 0.31000 -0.27350
v 0.47250 0.31000 -0.27250
v 0.47450 0.31000 -0.27150
v 0.47150 0.31000 -0.27150
v 0.47250 0.31000 -0.26950
v -0.49650 0.31000 -0.22250
v -0.49850 0.31000 -0.22150
v -0.49750 0.31000 -0.22050
v 0.49950 0.31000 -0.21850
v 0.49850 0.31000 -0.21850
v 0.50150 0.31000 -0.21750
v 0.49950 0.31000 -0.21650
v -0.51750 0.31000 -0.16650
v -0.51950 0.31000 -0.16550
v -0.51850 0.31000 -0.16450
v 0.52150 0.31000 -0.15850
v 0.52050 0.31000 -0.15750
v 0.52350 0.31000 -0.15650
v 0.52150 0.31000 -0.15550
v -0.53350 0.31000 -0.10850
v -0.53450 0.31000 -0.10750
v -0.53350 0.31000 -0.10650
v 0.53650 0.31000 -0.09950
v 0.53550 0.31000 -0.09950
v 0.53750 0.31000 -0.09750
v 0.53550 0.31000 -0.09750
v -0.54450 0.31000 -0.05050
v -0.54150 0.31000 -0.04950
v -0.54250 0.31000 -0.04750
v 0.54250 0.31000 -0.04050
v 0.54550 0.31000 -0.03850
v 0.54250 0.31000 -0.03850
v -0.54350 0.31000 0.01250
v -0.54650 0.31000 0.01250
v -0.54350 0.31000 0.01450
v 0.54350 0.31000 0.01950
v 0.54350 0.31000 0.02150
v -0.53950 0.31000 0.07250
v -0.54150 0.31000 0.07250
v -0.53950 0.31000 0.07450
v 0.53850 0.31000 0.07850
v 0.53950 0.31000 0.07950
v 0.54050 0.31000 0.08150
v 0.53850 0.31000 0.08150
v -0.52850 0.31000 0.13050
v -0.53050 0.31000 0.13150
v -0.52750 0.31000 0.13250
v -0.52850 0.31000 0.13350
v 0.52750 0.31000 0.13750
v 0.52650 0.31000 0.13750
v 0.52650 0.31000 0.13950
v 0.52850 0.31000 0.14050
v -0.51050 0.31000 0.18850
v -0.50950 0.31000 0.19050
v 0.50850 0.31000 0.19450
v 0.50950 0.31000 0.19550
v 0.50750 0.31000 0.19650
v 0.50950 0.31000 0.19750
v -0.48650 0.31000 0.24250
v -0.48950 0.31000 0.24350
v -0.48650 0.31000 0.24450
v -0.48750 0.31000 0.24550
v 0.48450 0.31000 0.24950
v 0.48350 0.31000 0.24950
v 0.48250 0.31000 0.25150
v 0.48450 0.31000 0.25250
v -0.45750 0.31000 0.29450
v -0.45650 0.31000 0.29650
v -0.45950 0.31000 0.29650
v 0.45350 0.31000 0.30050
v 0.45250 0.31000 0.30250
v -0.42250 0.31000 0.34350
v -0.42450 0.31000 0.34450
v -0.42050 0.31000 0.34550
v -0.42150 0.31000 0.34550
v 0.41750 0.31000 0.34850
v 0.41650 0.31000 0.35050
v 0.41850 0.31000 0.35150
v -0.38250 0.31000 0.38750
v -0.38050 0.31000 0.38950
v -0.38350 0.31000 0.38950
v -0.38150 0.31000 0.39050
v 0.37750 0.31000 0.39250
v 0.37750 0.31000 0.39350
v 0.37550 0.31000 0.39450
v -0.33750 0.31000 0.42750
v -0.33550 0.31000 0.42850
v -0.33650 0.31000 0.42950
v -0.33850 0.31000 0.42950
v 0.33150 0.31000 0.43150
v 0.33050 0.31000 0.43250
v -0.28850 0.31000 0.46150
v -0.28650 0.31000 0.46250
v -0.28750 0.31000 0.46350
v -0.28950 0.31000 0.46350
v 0.28250 0.31000 0.46550
v 0.28350 0.31000 0.46650
v 0.28050 0.31000 0.46650
v 0.28150 0.31000 0.46850
v -0.23550 0.31000 0.49050
v -0.23350 0.31000 0.49150
v -0.23450 0.31000 0.49250
v -0.23650 0.31000 0.49250
v 0.22950 0.31000 0.49350
v 0.23050 0.31000 0.49450
v 0.22750 0.31000 0.49450
v 0.22850 0.31000 0.49650
v -0.18050 0.31000 0.51350
v -0.17850 0.31000 0.51450
v 0.17450 0.31000 0.51550
v -0.17850 0.31000 0.51550
v -0.18150 0.31000 0.51550
v 0.17250 0.31000 0.51650
v -0.12150 0.31000 0.53050
v -0.12350 0.31000 0.53050
v 0.11650 0.31000 0.53150
v 0.11450 0.31000 0.53250
v 0.11450 0.31000 0.53450
v -0.06250 0.31000 0.54050
v -0.06450 0.31000 0.54050
v 0.05750 0.31000 0.54150
v 0.05550 0.31000 0.54150
v -0.00250 0.31000 0.54450
v -0.00450 0.31000 0.54450
v 0.00650 0.30900 -0.54650
v -0.00250 0.30900 -0.54650
v 0.03350 0.30900 -0.54550
v 0.03150 0.30900 -0.54550
v -0.02650 0.30900 -0.54550
v -0.02850 0.30900 -0.54550
v 0.05750 0.30900 -0.54350
v -0.05350 0.30900 -0.54350
v 0.06650 0.30900 -0.54250
v -0.06250 0.30900 -0.54250
v -0.08650 0.30900 -0.53950
v -0.08850 0.30900 -0.53950
v 0.09350 0.30900 -0.53850
v 0.09150 0.30900 -0.53850
v -0.11250 0.30900 -0.53450
v 0.11750 0.30900 -0.53350
v -0.12150 0.30900 -0.53250
v 0.12650 0.30900 -0.53150
v -0.14450 0.30900 -0.52650
v -0.14750 0.30900 -0.52650
v 0.14950 0.30900 -0.52550
v 0.15150 0.30900 -0.52450
v -0.17050 0.30900 -0.51850
v 0.17550 0.30900 -0.51750
v -0.17950 0.30900 -0.51650
v 0.18350 0.30900 -0.51450
v 0.00650 0.30900 -0.51150
v -0.00150 0.30900 -0.51150
v -0.04950 0.30900 -0.50950
v 0.05450 0.30900 -0.50850
v -0.05850 0.30900 -0.50850
v 0.06250 0.30900 -0.50750
v -0.20150 0.30900 -0.50750
v -0.20350 0.30900 -0.50650
v 0.20650 0.30900 -0.50550
v 0.20850 0.30900 -0.50450
v -0.10550 0.30900 -0.50050
v 0.10950 0.30900 -0.49950
v -0.11350 0.30900 -0.49850
v 0.11850 0.30900 -0.49750
v -0.22650 0.30900 -0.49750
v 0.23050 0.30900 -0.49550
v -0.23450 0.30900 -0.49350
v 0.23950 0.30900 -0.49150
v -0.15950 0.30900 -0.48550
v 0.16350 0.30900 -0.48450
v -0.16750 0.30900 -0.48350
v -0.25650 0.30900 -0.48250
v 0.17150 0.30900 -0.48150
v -0.25850 0.30900 -0.48150
v 0.26050 0.30900 -0.48050
v 0.26250 0.30900 -0.47850
v -0.27950 0.30900 -0.46950
v 0.28350 0.30900 -0.46650
v -0.21250 0.30900 -0.46550
v -0.28750 0.30900 -0.46450
v 0.21650 0.30900 -0.46350
v 0.29150 0.30900 -0.46250
v -0.21950 0.30900 -0.46150
v 0.22350 0.30900 -0.45950
v -0.30750 0.30900 -0.45150
v -0.30950 0.30900 -0.44950
v 0.31150 0.30900 -0.44850
v 0.31350 0.30900 -0.44750
v -0.26150 0.30900 -0.43950
v 0.26550 0.30900 -0.43750
v -0.32950 0.30900 -0.43550
v -0.26950 0.30900 -0.43450
v 0.33350 0.30900 -0.43250
v 0.27350 0.30900 -0.43250
v -0.33650 0.30900 -0.43050
v 0.34050 0.30900 -0.42750
v -0.35550 0.30900 -0.41450
v -0.35750 0.30900 -0.41350
v 0.35950 0.30900 -0.41150
v 0.36050 0.30900 -0.41050
v -0.30850 0.30900 -0.40750
v 0.31250 0.30900 -0.40550
v -0.31550 0.30900 -0.40250
v 0.31850 0.30900 -0.40050
v -0.37550 0.30900 -0.39650
v 0.37850 0.30900 -0.39350
v -0.38150 0.30900 -0.39050
v 0.38550 0.30900 -0.38750
v -0.39850 0.30900 -0.37350
v -0.35150 0.30900 -0.37150
v -0.40050 0.30900 -0.37150
v 0.40250 0.30900 -0.36950
v 0.40350 0.30900 -0.36850
v 0.35450 0.30900 -0.36850
v -0.35750 0.30900 -0.36550
v 0.36050 0.30900 -0.36250
v -0.41650 0.30900 -0.35350
v 0.41950 0.30900 -0.34950
v -0.42250 0.30900 -0.34650
v 0.42550 0.30900 -0.34250
v -0.39050 0.30900 -0.33050
v 0.39350 0.30900 -0.32750
v -0.43750 0.30900 -0.32750
v -0.43850 0.30900 -0.32550
v -0.39550 0.30900 -0.32450
v 0.44050 0.30900 -0.32350
v 0.44150 0.30900 -0.32150
v 0.39850 0.30900 -0.32050
v -0.45250 0.30900 -0.30550
v 0.45550 0.30900 -0.30150
v -0.45750 0.30900 -0.29750
v 0.46050 0.30900 -0.29350
v -0.42450 0.30900 -0.28550
v 0.42650 0.30900 -0.28250
v -0.42850 0.30900 -0.27850
v -0.47050 0.30900 -0.27750
v 0.43150 0.30900 -0.27550
v -0.47150 0.30900 -0.27550
v 0.47350 0.30900 -0.27250
v 0.47450 0.30900 -0.27150
v -0.48350 0.30900 -0.25350
v 0.48650 0.30900 -0.24950
v -0.48750 0.30900 -0.24550
v 0.49050 0.30900 -0.24150
v -0.45350 0.30900 -0.23750
v 0.45550 0.30900 -0.23350
v -0.45650 0.30900 -0.23050
v 0.45950 0.30900 -0.22650
v -0.49850 0.30900 -0.22350
v -0.49950 0.30900 -0.22150
v 0.50050 0.30900 -0.21950
v 0.50150 0.30900 -0.21750
v -0.50850 0.30900 -0.19950
v 0.51050 0.30900 -0.19450
v -0.51150 0.30900 -0.19050
v -0.47650 0.30900 -0.18650
v 0.47850 0.30900 -0.18250
v 0.51550 0.30900 -0.18150
v -0.47950 0.30900 -0.17850
v 0.48250 0.30900 -0.17050
v -0.51950 0.30900 -0.16750
v -0.52050 0.30900 -0.16550
v 0.52250 0.30900 -0.15850
v 0.52350 0.30900 -0.15650
v -0.52750 0.30900 -0.14250
v -0.52950 0.30900 -0.13350
v 0.53050 0.30900 -0.13250
v -0.49450 0.30900 -0.13250
v 0.53250 0.30900 -0.12450
v 0.49650 0.30900 -0.12450
v -0.49650 0.30900 -0.12450
v 0.49850 0.30900 -0.11650
v -0.53550 0.30900 -0.10950
v -0.53550 0.30900 -0.10750
v 0.53750 0.30900 -0.10050
v 0.53750 0.30900 -0.09750
v -0.53950 0.30900 -0.08350
v -0.50550 0.30900 -0.07750
v -0.54150 0.30900 -0.07450
v 0.54150 0.30900 -0.07350
v 0.50750 0.30900 -0.06950
v -0.50650 0.30900 -0.06950
v 0.54250 0.30900 -0.06450
v 0.50850 0.30900 -0.06050
v -0.54450 0.30900 -0.05050
v -0.54450 0.30900 -0.04750
v 0.54550 0.30900 -0.04050
v 0.54550 0.30900 -0.03850
v -0.54550 0.30900 -0.02350
v -0.51150 0.30900 -0.02150
v 0.54650 0.30900 -0.01350
v 0.51150 0.30900 -0.01350
v -0.51150 0.30900 -0.01150
v -0.54650 0.30900 -0.01150
v 0.54650 0.30900 -0.00450
v 0.51150 0.30900 -0.00450
v -0.54650 0.30900 0.01250
v -0.54650 0.30900 0.01450
v 0.54650 0.30900 0.01950
v 0.54650 0.30900 0.02150
v -0.51050 0.30900 0.03650
v -0.54550 0.30900 0.03950
v 0.51050 0.30900 0.04350
v -0.50950 0.30900 0.04550
v 0.54450 0.30900 0.04650
v -0.54450 0.30900 0.04850
v 0.50950 0.30900 0.05150
v 0.54350 0.30900 0.05550
v -0.54150 0.30900 0.07250
v -0.54150 0.30900 0.07450
v 0.54050 0.30900 0.07950
v 0.54050 0.30900 0.08150
v -0.50350 0.30900 0.09250
v 0.50250 0.30900 0.09850
v -0.53750 0.30900 0.09850
v -0.50150 0.30900 0.10050
v 0.53650 0.30900 0.10550
v 0.50050 0.30900 0.10750
v -0.53550 0.30900 0.10750
v 0.53450 0.30900 0.11450
v -0.53050 0.30900 0.13150
v -0.52950 0.30900 0.13350
v 0.52850 0.30900 0.13850
v 0.52850 0.30900 0.14050
v -0.49050 0.30900 0.14750
v 0.48850 0.30900 0.15350
v -0.48750 0.30900 0.15550
v -0.52350 0.30900 0.15750
v 0.48550 0.30900 0.16150
v 0.52150 0.30900 0.16350
v -0.52050 0.30900 0.16550
v 0.51850 0.30900 0.17250
v -0.51250 0.30900 0.18850
v -0.51250 0.30900 0.19050
v 0.51050 0.30900 0.19550
v 0.50950 0.30900 0.19750
v -0.47150 0.30900 0.20050
v 0.46850 0.30900 0.20650
v -0.46750 0.30900 0.20750
v 0.46550 0.30900 0.21350
v -0.50350 0.30900 0.21350
v 0.50050 0.30900 0.22050
v -0.49950 0.30900 0.22150
v 0.49650 0.30900 0.22850
v -0.48950 0.30900 0.24350
v -0.48850 0.30900 0.24550
v 0.48550 0.30900 0.25050
v -0.44650 0.30900 0.25050
v 0.48450 0.30900 0.25250
v 0.44350 0.30900 0.25650
v -0.44250 0.30900 0.25750
v 0.43850 0.30900 0.26350
v -0.47650 0.30900 0.26750
v 0.47350 0.30900 0.27350
v -0.47250 0.30900 0.27550
v 0.46850 0.30900 0.28150
v -0.45950 0.30900 0.29650
v -0.41650 0.30900 0.29850
v -0.45850 0.30900 0.29850
v 0.45550 0.30900 0.30250
v 0.45450 0.30900 0.30350
v 0.41250 0.30900 0.30350
v -0.41150 0.30900 0.30450
v 0.40750 0.30900 0.31050
v -0.44450 0.30900 0.31850
v 0.44050 0.30900 0.32350
v -0.43950 0.30900 0.32550
v 0.43450 0.30900 0.33150
v -0.38050 0.30900 0.34150
v -0.42450 0.30900 0.34450
v 0.37650 0.30900 0.34650
v -0.42250 0.30900 0.34650
v -0.37550 0.30900 0.34850
v 0.41950 0.30900 0.35050
v 0.41850 0.30900 0.35150
v 0.37050 0.30900 0.35250
v -0.40650 0.30900 0.36550
v 0.40250 0.30900 0.37050
v -0.40050 0.30900 0.37150
v 0.39550 0.30900 0.37650
v -0.34150 0.30900 0.38150
v 0.33650 0.30900 0.38650
v -0.33450 0.30900 0.38750
v -0.38350 0.30900 0.38950
v -0.38250 0.30900 0.39050
v 0.32950 0.30900 0.39150
v 0.37850 0.30900 0.39450
v 0.37750 0.30900 0.39550
v -0.36450 0.30900 0.40750
v 0.35950 0.30900 0.41250
v -0.35750 0.30900 0.41350
v -0.29750 0.30900 0.41650
v 0.35250 0.30900 0.41850
v 0.29150 0.30900 0.42050
v -0.29050 0.30900 0.42150
v 0.28450 0.30900 0.42550
v -0.33850 0.30900 0.42950
v -0.33650 0.30900 0.43050
v 0.33350 0.30900 0.43350
v 0.33150 0.30900 0.43450
v -0.31750 0.30900 0.44550
v -0.24950 0.30900 0.44650
v 0.31150 0.30900 0.44950
v 0.24350 0.30900 0.45050
v -0.24250 0.30900 0.45050
v -0.30950 0.30900 0.45050
v 0.30450 0.30900 0.45450
v 0.23650 0.30900 0.45450
v -0.28950 0.30900 0.46350
v -0.28750 0.30900 0.46450
v 0.28350 0.30900 0.46750
v 0.28150 0.30900 0.46850
v -0.19950 0.30900 0.47150
v 0.19350 0.30900 0.47450
v -0.19150 0.30900 0.47450
v 0.18550 0.30900 0.47750
v -0.26650 0.30900 0.47750
v 0.26050 0.30900 0.48050
v -0.25850 0.30900 0.48150
v 0.25250 0.30900 0.48450
v -0.14650 0.30900 0.49050
v 0.13950 0.30900 0.49250
v -0.23650 0.30900 0.49250
v -0.13750 0.30900 0.49350
v -0.23450 0.30900 0.49350
v 0.13150 0.30900 0.49450
v 0.23050 0.30900 0.49550
v 0.22850 0.30900 0.49650
v -0.09150 0.30900 0.50350
v -0.21250 0.30900 0.50350
v 0.08550 0.30900 0.50450
v -0.08350 0.30900 0.50550
v 0.20650 0.30900 0.50650
v 0.07650 0.30900 0.50650
v -0.20450 0.30900 0.50750
v 0.19750 0.30900 0.50950
v -0.03550 0.30900 0.51050
v 0.02950 0.30900 0.51150
v 0.02050 0.30900 0.51150
v -0.02750 0.30900 0.51150
v -0.18150 0.30900 0.51550
v -0.17950 0.30900 0.51650
v 0.17450 0.30900 0.51850
v 0.17250 0.30900 0.51850
v -0.15650 0.30900 0.52350
v 0.14950 0.30900 0.52550
v -0.14750 0.30900 0.52650
v 0.14050 0.30900 0.52850
v -0.12350 0.30900 0.53250
v -0.12150 0.30900 0.53350
v 0.11650 0.30900 0.53450
v 0.11450 0.30900 0.53450
v -0.09750 0.30900 0.53750
v 0.09050 0.30900 0.53950
v -0.08850 0.30900 0.53950
v 0.08150 0.30900 0.54050
v -0.06450 0.30900 0.54250
v 0.05750 0.30900 0.54350
v 0.05550 0.30900 0.54350
v -0.06250 0.30900 0.54350
v 0.03150 0.30900 0.54550
v -0.02850 0.30900 0.54550
v -0.03750 0.30900 0.54550
v 0.02250 0.30900 0.54650
v -0.00250 0.30900 0.54650
v -0.00450 0.30900 0.54650
v 0.00050 0.30700 -0.51550
v 0.05350 0.30700 -0.51250
v -0.05350 0.30700 -0.51250
v 0.10750 0.30700 -0.50350
v -0.10750 0.30700 -0.50350
v 0.15950 0.30700 -0.48950
v -0.15950 0.30700 -0.48950
v 0.20950 0.30700 -0.47050
v -0.20950 0.30700 -0.47050
v 0.25750 0.30700 -0.44550
v -0.25750 0.30700 -0.44550
v 0.30250 0.30700 -0.41650
v -0.30250 0.30700 -0.41650
v 0.34450 0.30700 -0.38250
v -0.34450 0.30700 -0.38250
v 0.38250 0.30700 -0.34450
v -0.38250 0.30700 -0.34450
v 0.41650 0.30700 -0.30250
v -0.41650 0.30700 -0.30250
v 0.44650 0.30700 -0.25750
v -0.44650 0.30700 -0.25750
v 0.47050 0.30700 -0.20950
v -0.47050 0.30700 -0.20950
v 0.49050 0.30700 -0.15850
v -0.48950 0.30700 -0.15850
v 0.50450 0.30700 -0.10650
v -0.50350 0.30700 -0.10650
v 0.51250 0.30700 -0.05350
v -0.51250 0.30700 -0.05350
v -0.63950 0.30700 -0.03750
v 0.51550 0.30700 0.00050
v -0.51550 0.30700 0.00050
v 0.51250 0.30700 0.05450
v -0.51250 0.30700 0.05450
v 0.50450 0.30700 0.10750
v -0.50350 0.30700 0.10750
v 0.49050 0.30700 0.15950
v -0.48950 0.30700 0.15950
v 0.47050 0.30700 0.20950
v -0.47050 0.30700 0.20950
v 0.44650 0.30700 0.25750
v -0.44650 0.30700 0.25750
v 0.41650 0.30700 0.30350
v -0.41650 0.30700 0.30350
v 0.38250 0.30700 0.34550
v -0.38250 0.30700 0.34550
v 0.34450 0.30700 0.38350
v -0.34450 0.30700 0.38350
v 0.30250 0.30700 0.41750
v -0.30250 0.30700 0.41750
v 0.25750 0.30700 0.44650
v -0.25750 0.30700 0.44650
v 0.20950 0.30700 0.47050
v -0.20950 0.30700 0.47050
v 0.15950 0.30700 0.49050
v -0.15950 0.30700 0.49050
v 0.10750 0.30700 0.50450
v -0.10750 0.30700 0.50450
v 0.05350 0.30700 0.51250
v -0.05350 0.30700 0.51250
v 0.00050 0.30700 0.51550
v 0.00050 0.30500 -0.53250
v 0.05550 0.30500 -0.52950
v -0.05550 0.30500 -0.52950
v 0.11050 0.30500 -0.52150
v -0.11050 0.30500 -0.52150
v 0.00050 0.30500 -0.51750
v 0.05450 0.30500 -0.51450
v -0.05450 0.30500 -0.51450
v 0.16450 0.30500 -0.50650
v 0.10750 0.30500 -0.50650
v -0.10750 0.30500 -0.50650
v -0.16450 0.30500 -0.50650
v 0.16050 0.30500 -0.49250
v -0.15950 0.30500 -0.49250
v 0.21650 0.30500 -0.48650
v -0.21650 0.30500 -0.48650
v 0.21050 0.30500 -0.47250
v -0.21050 0.30500 -0.47250
v 0.26650 0.30500 -0.46150
v -0.26650 0.30500 -0.46150
v 0.25850 0.30500 -0.44850
v -0.25850 0.30500 -0.44850
v 0.31350 0.30500 -0.43150
v -0.31350 0.30500 -0.43150
v 0.30450 0.30500 -0.41850
v -0.30450 0.30500 -0.41850
v 0.35650 0.30500 -0.39550
v -0.35650 0.30500 -0.39550
v 0.34650 0.30500 -0.38450
v -0.34650 0.30500 -0.38450
v 0.39650 0.30500 -0.35650
v -0.39650 0.30500 -0.35650
v 0.38450 0.30500 -0.34650
v -0.38450 0.30500 -0.34650
v 0.43150 0.30500 -0.31350
v -0.43150 0.30500 -0.31350
v 0.41950 0.30500 -0.30450
v -0.41850 0.30500 -0.30450
v 0.46150 0.30500 -0.26650
v -0.46150 0.30500 -0.26650
v 0.44850 0.30500 -0.25850
v -0.44850 0.30500 -0.25850
v 0.48750 0.30500 -0.21650
v -0.48650 0.30500 -0.21650
v 0.47350 0.30500 -0.21050
v -0.47250 0.30500 -0.21050
v 0.50750 0.30500 -0.16450
v -0.50650 0.30500 -0.16450
v 0.49250 0.30500 -0.15950
v -0.49250 0.30500 -0.15950
v 0.52150 0.30500 -0.11050
v -0.52150 0.30500 -0.11050
v 0.50650 0.30500 -0.10750
v -0.50650 0.30500 -0.10750
v 0.53050 0.30500 -0.05550
v -0.53050 0.30500 -0.05550
v 0.51550 0.30500 -0.05350
v -0.51450 0.30500 -0.05350
v 0.53350 0.30500 0.00050
v 0.51750 0.30500 0.00050
v -0.51750 0.30500 0.00050
v -0.53250 0.30500 0.00050
v 0.51550 0.30500 0.05450
v -0.51450 0.30500 0.05450
v 0.53050 0.30500 0.05550
v -0.53050 0.30500 0.05550
v 0.50650 0.30500 0.10750
v -0.50650 0.30500 0.10750
v 0.52150 0.30500 0.11150
v -0.52150 0.30500 0.11150
v 0.49250 0.30500 0.16050
v -0.49250 0.30500 0.16050
v 0.50750 0.30500 0.16450
v -0.50650 0.30500 0.16450
v 0.47350 0.30500 0.21050
v -0.47250 0.30500 0.21050
v 0.48750 0.30500 0.21750
v -0.48650 0.30500 0.21750
v 0.44850 0.30500 0.25950
v -0.44850 0.30500 0.25950
v 0.46150 0.30500 0.26650
v -0.46150 0.30500 0.26650
v 0.41950 0.30500 0.30450
v -0.41850 0.30500 0.30450
v 0.43150 0.30500 0.31350
v -0.43150 0.30500 0.31350
v 0.38450 0.30500 0.34650
v -0.38450 0.30500 0.34650
v 0.39650 0.30500 0.35650
v -0.39650 0.30500 0.35650
v 0.34650 0.30500 0.38550
v -0.34650 0.30500 0.38550
v 0.35650 0.30500 0.39650
v -0.35650 0.30500 0.39650
v 0.30450 0.30500 0.41950
v -0.30450 0.30500 0.41950
v 0.31350 0.30500 0.43150
v -0.31350 0.30500 0.43150
v 0.25850 0.30500 0.44850
v -0.25850 0.30500 0.44850
v 0.26650 0.30500 0.46150
v -0.26650 0.30500 0.46150
v 0.21050 0.30500 0.47350
v -0.21050 0.30500 0.47350
v 0.21650 0.30500 0.48750
v -0.21650 0.30500 0.48750
v 0.16050 0.30500 0.49250
v -0.15950 0.30500 0.49250
v 0.10750 0.30500 0.50650
v -0.10750 0.30500 0.50650
v 0.16450 0.30500 0.50750
v -0.16450 0.30500 0.50750
v 0.05450 0.30500 0.51550
v -0.05450 0.30500 0.51550
v 0.00050 0.30500 0.51850
v 0.11050 0.30500 0.52150
v -0.11050 0.30500 0.52150
v 0.05550 0.30500 0.53050
v -0.05550 0.30500 0.53050
v 0.00050 0.30500 0.53350
v -0.59850 0.30400 0.41050
v 0.00050 0.30300 -0.53550
v 0.05650 0.30300 -0.53250
v -0.05550 0.30300 -0.53250
v 0.11150 0.30300 -0.52350
v -0.11150 0.30300 -0.52350
v 0.16550 0.30300 -0.50950
v -0.16550 0.30300 -0.50950
v 0.21750 0.30300 -0.48950
v -0.21750 0.30300 -0.48950
v 0.26750 0.30300 -0.46350
v -0.26750 0.30300 -0.46350
v 0.31450 0.30300 -0.43350
v -0.31450 0.30300 -0.43350
v 0.35850 0.30300 -0.39750
v -0.35850 0.30300 -0.39750
v 0.39850 0.30300 -0.35850
v -0.39850 0.30300 -0.35850
v 0.43350 0.30300 -0.31450
v -0.43350 0.30300 -0.31450
v 0.46450 0.30300 -0.26750
v -0.46350 0.30300 -0.26750
v 0.48950 0.30300 -0.21750
v -0.48950 0.30300 -0.21750
v 0.50950 0.30300 -0.16550
v -0.50950 0.30300 -0.16550
v 0.52450 0.30300 -0.11150
v -0.52350 0.30300 -0.11150
v 0.53250 0.30300 -0.05550
v -0.53250 0.30300 -0.05550
v -0.53550 0.30300 0.00050
v 0.53250 0.30300 0.05650
v 0.52450 0.30300 0.11150
v -0.52350 0.30300 0.11150
v 0.50950 0.30300 0.16550
v -0.50950 0.30300 0.16550
v 0.48950 0.30300 0.21850
v -0.48950 0.30300 0.21850
v 0.46450 0.30300 0.26850
v -0.46350 0.30300 0.26850
v 0.43350 0.30300 0.31550
v -0.43350 0.30300 0.31550
v 0.39850 0.30300 0.35850
v -0.39850 0.30300 0.35850
v -0.63150 0.30300 0.35850
v 0.35850 0.30300 0.39850
v -0.35850 0.30300 0.39850
v 0.31450 0.30300 0.43350
v -0.31450 0.30300 0.43350
v 0.26750 0.30300 0.46450
v -0.26750 0.30300 0.46450
v 0.21750 0.30300 0.48950
v -0.21750 0.30300 0.48950
v 0.16550 0.30300 0.50950
v -0.16550 0.30300 0.50950
v 0.11150 0.30300 0.52450
v -0.11150 0.30300 0.52450
v 0.05650 0.30300 0.53350
v -0.05550 0.30300 0.53350
v 0.00050 0.30300 0.53550
v 0.28850 0.30300 0.59650
v -0.29650 0.30300 0.59650
v 0.63150 0.30200 0.11450
v 0.62050 0.30200 0.14550
v 0.62550 0.30200 0.15450
v 0.62250 0.30100 0.17450
v 0.61750 0.30100 0.19450
v 0.60850 0.30100 0.23350
v -0.66550 0.30100 0.30650
v 0.62850 0.30000 0.13450
v 0.62850 0.29800 0.13450
v 0.62550 0.29800 0.15450
v 0.63550 0.29600 0.00950
v 0.63050 0.29500 0.11450
v 0.62450 0.29100 0.07850
v 0.63650 0.28700 -0.04250
v -0.68450 0.28400 -0.08350
v -0.64050 0.27500 -0.05550
v -0.63450 0.27000 -0.15050
v 0.00650 0.26900 -0.54650
v -0.00250 0.26900 -0.54650
v 0.03350 0.26900 -0.54550
v 0.03150 0.26900 -0.54550
v -0.02650 0.26900 -0.54550
v -0.02850 0.26900 -0.54550
v 0.05750 0.26900 -0.54350
v 0.03150 0.26900 -0.54350
v -0.02650 0.26900 -0.54350
v -0.02850 0.26900 -0.54350
v -0.05350 0.26900 -0.54350
v 0.06650 0.26900 -0.54250
v 0.03350 0.26900 -0.54250
v -0.06250 0.26900 -0.54250
v -0.08650 0.26900 -0.53950
v -0.08850 0.26900 -0.53950
v 0.09350 0.26900 -0.53850
v 0.09150 0.26900 -0.53850
v -0.08550 0.26900 -0.53750
v 0.09050 0.26900 -0.53650
v -0.08850 0.26900 -0.53650
v 0.09250 0.26900 -0.53550
v -0.11250 0.26900 -0.53450
v 0.11750 0.26900 -0.53350
v -0.12150 0.26900 -0.53250
v 0.12650 0.26900 -0.53150
v -0.14450 0.26900 -0.52650
v -0.14750 0.26900 -0.52650
v 0.14950 0.26900 -0.52550
v 0.15150 0.26900 -0.52450
v -0.14450 0.26900 -0.52450
v 0.14950 0.26900 -0.52350
v -0.14650 0.26900 -0.52350
v 0.15150 0.26900 -0.52250
v -0.17050 0.26900 -0.51850
v 0.17550 0.26900 -0.51750
v -0.17950 0.26900 -0.51650
v 0.18350 0.26900 -0.51450
v 0.00650 0.26900 -0.51150
v -0.00150 0.26900 -0.51150
v -0.04950 0.26900 -0.50950
v 0.05450 0.26900 -0.50850
v -0.05850 0.26900 -0.50850
v 0.06250 0.26900 -0.50750
v -0.20150 0.26900 -0.50750
v -0.20350 0.26900 -0.50650
v 0.20650 0.26900 -0.50550
v -0.20150 0.26900 -0.50550
v 0.20850 0.26900 -0.50450
v -0.20350 0.26900 -0.50450
v 0.20550 0.26900 -0.50350
v 0.20750 0.26900 -0.50250
v -0.10550 0.26900 -0.50050
v 0.10950 0.26900 -0.49950
v -0.11350 0.26900 -0.49850
v 0.11850 0.26900 -0.49750
v -0.22650 0.26900 -0.49750
v 0.23050 0.26900 -0.49550
v -0.23450 0.26900 -0.49350
v 0.23950 0.26900 -0.49150
v -0.15950 0.26900 -0.48550
v 0.16350 0.26900 -0.48450
v -0.16750 0.26900 -0.48350
v -0.25650 0.26900 -0.48250
v 0.17150 0.26900 -0.48150
v -0.25850 0.26900 -0.48150
v 0.26050 0.26900 -0.48050
v -0.25550 0.26900 -0.48050
v -0.25750 0.26900 -0.47950
v 0.26250 0.26900 -0.47850
v 0.25950 0.26900 -0.47850
v 0.26150 0.26900 -0.47650
v -0.27950 0.26900 -0.46950
v 0.28350 0.26900 -0.46650
v -0.21250 0.26900 -0.46550
v -0.28750 0.26900 -0.46450
v 0.21650 0.26900 -0.46350
v 0.29150 0.26900 -0.46250
v -0.21950 0.26900 -0.46150
v 0.22350 0.26900 -0.45950
v -0.30750 0.26900 -0.45150
v -0.30650 0.26900 -0.44950
v -0.30950 0.26900 -0.44950
v 0.31150 0.26900 -0.44850
v -0.30850 0.26900 -0.44850
v 0.31350 0.26900 -0.44750
v 0.31050 0.26900 -0.44650
v 0.31250 0.26900 -0.44550
v -0.26150 0.26900 -0.43950
v 0.26550 0.26900 -0.43750
v -0.32950 0.26900 -0.43550
v -0.26950 0.26900 -0.43450
v 0.33350 0.26900 -0.43250
v 0.27350 0.26900 -0.43250
v -0.33650 0.26900 -0.43050
v 0.34050 0.26900 -0.42750
v -0.35550 0.26900 -0.41450
v -0.35750 0.26900 -0.41350
v -0.35450 0.26900 -0.41250
v 0.35950 0.26900 -0.41150
v -0.35550 0.26900 -0.41150
v 0.36050 0.26900 -0.41050
v 0.35750 0.26900 -0.40950
v 0.35950 0.26900 -0.40850
v -0.30850 0.26900 -0.40750
v 0.31250 0.26900 -0.40550
v -0.31550 0.26900 -0.40250
v 0.31850 0.26900 -0.40050
v -0.37550 0.26900 -0.39650
v 0.37850 0.26900 -0.39350
v -0.38150 0.26900 -0.39050
v 0.38550 0.26900 -0.38750
v -0.39850 0.26900 -0.37350
v -0.35150 0.26900 -0.37150
v -0.39750 0.26900 -0.37150
v -0.40050 0.26900 -0.37150
v 0.40250 0.26900 -0.36950
v -0.39850 0.26900 -0.36950
v 0.40350 0.26900 -0.36850
v 0.40050 0.26900 -0.36850
v 0.35450 0.26900 -0.36850
v 0.40250 0.26900 -0.36650
v -0.35750 0.26900 -0.36550
v 0.36050 0.26900 -0.36250
v -0.41650 0.26900 -0.35350
v 0.41950 0.26900 -0.34950
v -0.42250 0.26900 -0.34650
v 0.42550 0.26900 -0.34250
v -0.39050 0.26900 -0.33050
v 0.39350 0.26900 -0.32750
v -0.43750 0.26900 -0.32750
v -0.43550 0.26900 -0.32550
v -0.43850 0.26900 -0.32550
v -0.39550 0.26900 -0.32450
v 0.44050 0.26900 -0.32350
v -0.43750 0.26900 -0.32350
v 0.44150 0.26900 -0.32150
v 0.43850 0.26900 -0.32150
v 0.43950 0.26900 -0.32050
v 0.39850 0.26900 -0.32050
v -0.45250 0.26900 -0.30550
v 0.45550 0.26900 -0.30150
v -0.45750 0.26900 -0.29750
v 0.46050 0.26900 -0.29350
v -0.42450 0.26900 -0.28550
v 0.42650 0.26900 -0.28250
v -0.42850 0.26900 -0.27850
v -0.47050 0.26900 -0.27750
v 0.43150 0.26900 -0.27550
v -0.46850 0.26900 -0.27550
v -0.47150 0.26900 -0.27550
v -0.46950 0.26900 -0.27350
v 0.47350 0.26900 -0.27250
v 0.47450 0.26900 -0.27150
v 0.47150 0.26900 -0.27150
v 0.47250 0.26900 -0.26950
v -0.48350 0.26900 -0.25350
v 0.48650 0.26900 -0.24950
v -0.48750 0.26900 -0.24550
v 0.49050 0.26900 -0.24150
v -0.45350 0.26900 -0.23750
v 0.45550 0.26900 -0.23350
v -0.45650 0.26900 -0.23050
v 0.45950 0.26900 -0.22650
v -0.49850 0.26900 -0.22350
v -0.49650 0.26900 -0.22250
v -0.49950 0.26900 -0.22150
v -0.49750 0.26900 -0.22050
v 0.50050 0.26900 -0.21950
v 0.49850 0.26900 -0.21850
v 0.50150 0.26900 -0.21750
v 0.49950 0.26900 -0.21650
v -0.50850 0.26900 -0.19950
v 0.51050 0.26900 -0.19450
v -0.51150 0.26900 -0.19050
v -0.47650 0.26900 -0.18650
v 0.47850 0.26900 -0.18250
v 0.51550 0.26900 -0.18150
v -0.47950 0.26900 -0.17850
v 0.48250 0.26900 -0.17050
v -0.51950 0.26900 -0.16750
v -0.51750 0.26900 -0.16650
v -0.52050 0.26900 -0.16550
v -0.51850 0.26900 -0.16450
v 0.52250 0.26900 -0.15850
v 0.52050 0.26900 -0.15750
v 0.52350 0.26900 -0.15650
v 0.52150 0.26900 -0.15550
v -0.52750 0.26900 -0.14250
v -0.52950 0.26900 -0.13350
v 0.53050 0.26900 -0.13250
v -0.49450 0.26900 -0.13250
v 0.53250 0.26900 -0.12450
v 0.49650 0.26900 -0.12450
v -0.49650 0.26900 -0.12450
v 0.49850 0.26900 -0.11650
v -0.53550 0.26900 -0.10950
v -0.53350 0.26900 -0.10850
v -0.53550 0.26900 -0.10750
v -0.53350 0.26900 -0.10650
v 0.53750 0.26900 -0.10050
v 0.53550 0.26900 -0.09950
v 0.53750 0.26900 -0.09750
v 0.53550 0.26900 -0.09750
v -0.53950 0.26900 -0.08350
v -0.50550 0.26900 -0.07750
v -0.54150 0.26900 -0.07450
v 0.54150 0.26900 -0.07350
v 0.50750 0.26900 -0.06950
v -0.50650 0.26900 -0.06950
v 0.54250 0.26900 -0.06450
v 0.50850 0.26900 -0.06050
v -0.54450 0.26900 -0.05050
v -0.54150 0.26900 -0.04950
v -0.54250 0.26900 -0.04750
v -0.54450 0.26900 -0.04750
v 0.54550 0.26900 -0.04050
v 0.54250 0.26900 -0.04050
v 0.54550 0.26900 -0.03850
v 0.54250 0.26900 -0.03850
v -0.54550 0.26900 -0.02350
v -0.51150 0.26900 -0.02150
v 0.54650 0.26900 -0.01350
v 0.51150 0.26900 -0.01350
v -0.51150 0.26900 -0.01150
v -0.54650 0.26900 -0.01150
v 0.54650 0.26900 -0.00450
v 0.51150 0.26900 -0.00450
v -0.54350 0.26900 0.01250
v -0.54650 0.26900 0.01250
v -0.54350 0.26900 0.01450
v -0.54650 0.26900 0.01450
v 0.54650 0.26900 0.01950
v 0.54350 0.26900 0.01950
v 0.54650 0.26900 0.02150
v 0.54350 0.26900 0.02150
v -0.51050 0.26900 0.03650
v -0.54550 0.26900 0.03950
v 0.51050 0.26900 0.04350
v -0.50950 0.26900 0.04550
v 0.54450 0.26900 0.04650
v -0.54450 0.26900 0.04850
v 0.50950 0.26900 0.05150
v 0.54350 0.26900 0.05550
v -0.53950 0.26900 0.07250
v -0.54150 0.26900 0.07250
v -0.53950 0.26900 0.07450
v -0.54150 0.26900 0.07450
v 0.53850 0.26900 0.07850
v 0.54050 0.26900 0.07950
v 0.54050 0.26900 0.08150
v 0.53850 0.26900 0.08150
v -0.50350 0.26900 0.09250
v 0.50250 0.26900 0.09850
v -0.53750 0.26900 0.09850
v -0.50150 0.26900 0.10050
v 0.53650 0.26900 0.10550
v 0.50050 0.26900 0.10750
v -0.53550 0.26900 0.10750
v 0.53450 0.26900 0.11450
v -0.52850 0.26900 0.13050
v -0.53050 0.26900 0.13150
v -0.52750 0.26900 0.13250
v -0.52950 0.26900 0.13350
v 0.52650 0.26900 0.13750
v 0.52850 0.26900 0.13850
v 0.52650 0.26900 0.13950
v 0.52850 0.26900 0.14050
v -0.49050 0.26900 0.14750
v 0.48850 0.26900 0.15350
v -0.48750 0.26900 0.15550
v -0.52350 0.26900 0.15750
v 0.48550 0.26900 0.16150
v 0.52150 0.26900 0.16350
v -0.52050 0.26900 0.16550
v 0.51850 0.26900 0.17250
v -0.51050 0.26900 0.18850
v -0.51250 0.26900 0.18850
v -0.50950 0.26900 0.19050
v -0.51250 0.26900 0.19050
v 0.50850 0.26900 0.19450
v 0.51050 0.26900 0.19550
v 0.50750 0.26900 0.19650
v 0.50950 0.26900 0.19750
v -0.47150 0.26900 0.20050
v 0.46850 0.26900 0.20650
v -0.46750 0.26900 0.20750
v 0.46550 0.26900 0.21350
v -0.50350 0.26900 0.21350
v 0.50050 0.26900 0.22050
v -0.49950 0.26900 0.22150
v 0.49650 0.26900 0.22850
v -0.48650 0.26900 0.24250
v -0.48950 0.26900 0.24350
v -0.48650 0.26900 0.24450
v -0.48850 0.26900 0.24550
v 0.48350 0.26900 0.24950
v 0.48550 0.26900 0.25050
v -0.44650 0.26900 0.25050
v 0.48250 0.26900 0.25150
v 0.48450 0.26900 0.25250
v 0.44350 0.26900 0.25650
v -0.44250 0.26900 0.25750
v 0.43850 0.26900 0.26350
v -0.47650 0.26900 0.26750
v 0.47350 0.26900 0.27350
v -0.47250 0.26900 0.27550
v 0.46850 0.26900 0.28150
v -0.45750 0.26900 0.29450
v -0.45650 0.26900 0.29650
v -0.45950 0.26900 0.29650
v -0.41650 0.26900 0.29850
v -0.45850 0.26900 0.29850
v 0.45350 0.26900 0.30050
v 0.45550 0.26900 0.30250
v 0.45250 0.26900 0.30250
v 0.45450 0.26900 0.30350
v 0.41250 0.26900 0.30350
v -0.41150 0.26900 0.30450
v 0.40750 0.26900 0.31050
v -0.44450 0.26900 0.31850
v 0.44050 0.26900 0.32350
v -0.43950 0.26900 0.32550
v 0.43450 0.26900 0.33150
v -0.38050 0.26900 0.34150
v -0.42250 0.26900 0.34350
v -0.42450 0.26900 0.34450
v -0.42050 0.26900 0.34550
v 0.37650 0.26900 0.34650
v -0.42250 0.26900 0.34650
v 0.41750 0.26900 0.34850
v -0.37550 0.26900 0.34850
v 0.41950 0.26900 0.35050
v 0.41650 0.26900 0.35050
v 0.41850 0.26900 0.35150
v 0.37050 0.26900 0.35250
v -0.40650 0.26900 0.36550
v 0.40250 0.26900 0.37050
v -0.40050 0.26900 0.37150
v 0.39550 0.26900 0.37650
v -0.34150 0.26900 0.38150
v 0.33650 0.26900 0.38650
v -0.33450 0.26900 0.38750
v -0.38250 0.26900 0.38750
v -0.38050 0.26900 0.38950
v -0.38350 0.26900 0.38950
v -0.38250 0.26900 0.39050
v 0.32950 0.26900 0.39150
v 0.37750 0.26900 0.39250
v 0.37850 0.26900 0.39450
v 0.37550 0.26900 0.39450
v 0.37750 0.26900 0.39550
v -0.36450 0.26900 0.40750
v 0.35950 0.26900 0.41250
v -0.35750 0.26900 0.41350
v -0.29750 0.26900 0.41650
v 0.35250 0.26900 0.41850
v 0.29150 0.26900 0.42050
v -0.29050 0.26900 0.42150
v 0.28450 0.26900 0.42550
v -0.33750 0.26900 0.42750
v -0.33550 0.26900 0.42850
v -0.33850 0.26900 0.42950
v -0.33650 0.26900 0.43050
v 0.33150 0.26900 0.43150
v 0.33050 0.26900 0.43250
v 0.33350 0.26900 0.43350
v 0.33150 0.26900 0.43450
v -0.31750 0.26900 0.44550
v -0.24950 0.26900 0.44650
v 0.31150 0.26900 0.44950
v 0.24350 0.26900 0.45050
v -0.24250 0.26900 0.45050
v -0.30950 0.26900 0.45050
v 0.30450 0.26900 0.45450
v 0.23650 0.26900 0.45450
v -0.28850 0.26900 0.46150
v -0.28650 0.26900 0.46250
v -0.28950 0.26900 0.46350
v -0.28750 0.26900 0.46450
v 0.28250 0.26900 0.46550
v 0.28050 0.26900 0.46650
v 0.28350 0.26900 0.46750
v 0.28150 0.26900 0.46850
v -0.19950 0.26900 0.47150
v 0.19350 0.26900 0.47450
v -0.19150 0.26900 0.47450
v 0.18550 0.26900 0.47750
v -0.26650 0.26900 0.47750
v 0.26050 0.26900 0.48050
v -0.25850 0.26900 0.48150
v 0.25250 0.26900 0.48450
v -0.14650 0.26900 0.49050
v -0.23550 0.26900 0.49050
v -0.23350 0.26900 0.49150
v 0.13950 0.26900 0.49250
v -0.23650 0.26900 0.49250
v 0.22950 0.26900 0.49350
v -0.13750 0.26900 0.49350
v -0.23450 0.26900 0.49350
v 0.22750 0.26900 0.49450
v 0.13150 0.26900 0.49450
v 0.23050 0.26900 0.49550
v 0.22850 0.26900 0.49650
v -0.09150 0.26900 0.50350
v -0.21250 0.26900 0.50350
v 0.08550 0.26900 0.50450
v -0.08350 0.26900 0.50550
v 0.20650 0.26900 0.50650
v 0.07650 0.26900 0.50650
v -0.20450 0.26900 0.50750
v 0.19750 0.26900 0.50950
v -0.03550 0.26900 0.51050
v 0.02950 0.26900 0.51150
v 0.02050 0.26900 0.51150
v -0.02750 0.26900 0.51150
v -0.18050 0.26900 0.51350
v -0.17850 0.26900 0.51450
v 0.17450 0.26900 0.51550
v -0.18150 0.26900 0.51550
v 0.17250 0.26900 0.51650
v -0.17950 0.26900 0.51650
v 0.17450 0.26900 0.51850
v 0.17250 0.26900 0.51850
v -0.15650 0.26900 0.52350
v 0.14950 0.26900 0.52550
v -0.14750 0.26900 0.52650
v 0.14050 0.26900 0.52850
v -0.12150 0.26900 0.53050
v -0.12350 0.26900 0.53050
v 0.11650 0.26900 0.53150
v 0.11450 0.26900 0.53250
v -0.12350 0.26900 0.53250
v -0.12150 0.26900 0.53350
v 0.11650 0.26900 0.53450
v 0.11450 0.26900 0.53450
v -0.09750 0.26900 0.53750
v 0.09050 0.26900 0.53950
v -0.08850 0.26900 0.53950
v 0.08150 0.26900 0.54050
v -0.06250 0.26900 0.54050
v -0.06450 0.26900 0.54050
v 0.05750 0.26900 0.54150
v 0.05550 0.26900 0.54150
v -0.06450 0.26900 0.54250
v 0.05750 0.26900 0.54350
v 0.05550 0.26900 0.54350
v -0.06250 0.26900 0.54350
v -0.00250 0.26900 0.54450
v -0.00450 0.26900 0.54450
v 0.03150 0.26900 0.54550
v -0.02850 0.26900 0.54550
v -0.03750 0.26900 0.54550
v 0.02250 0.26900 0.54650
v -0.00250 0.26900 0.54650
v -0.00450 0.26900 0.54650
v 0.00050 0.26800 -0.53550
v 0.05650 0.26800 -0.53250
v -0.05550 0.26800 -0.53250
v 0.11150 0.26800 -0.52450
v -0.11150 0.26800 -0.52450
v 0.00050 0.26800 -0.51350
v 0.05350 0.26800 -0.51050
v -0.05350 0.26800 -0.51050
v 0.16550 0.26800 -0.50950
v -0.16550 0.26800 -0.50950
v 0.10650 0.26800 -0.50250
v -0.10650 0.26800 -0.50250
v 0.21850 0.26800 -0.48950
v -0.21750 0.26800 -0.48950
v 0.15850 0.26800 -0.48850
v -0.15850 0.26800 -0.48850
v 0.20950 0.26800 -0.46950
v -0.20850 0.26800 -0.46950
v 0.26850 0.26800 -0.46350
v -0.26750 0.26800 -0.46350
v 0.25750 0.26800 -0.44450
v -0.25650 0.26800 -0.44450
v 0.31550 0.26800 -0.43350
v -0.31450 0.26800 -0.43350
v 0.30250 0.26800 -0.41550
v -0.30150 0.26800 -0.41550
v 0.35850 0.26800 -0.39850
v -0.35850 0.26800 -0.39850
v 0.34350 0.26800 -0.38150
v -0.34350 0.26800 -0.38150
v 0.39850 0.26800 -0.35850
v -0.39850 0.26800 -0.35850
v 0.38150 0.26800 -0.34350
v -0.38150 0.26800 -0.34350
v 0.43350 0.26800 -0.31450
v -0.43350 0.26800 -0.31450
v 0.41550 0.26800 -0.30150
v -0.41550 0.26800 -0.30150
v 0.46450 0.26800 -0.26750
v -0.46450 0.26800 -0.26750
v 0.44550 0.26800 -0.25650
v -0.44450 0.26800 -0.25650
v 0.48950 0.26800 -0.21750
v -0.48950 0.26800 -0.21750
v 0.46950 0.26800 -0.20850
v -0.46950 0.26800 -0.20850
v 0.50950 0.26800 -0.16550
v -0.50950 0.26800 -0.16550
v 0.48850 0.26800 -0.15850
v -0.48850 0.26800 -0.15850
v 0.52450 0.26800 -0.11150
v -0.52450 0.26800 -0.11150
v 0.50250 0.26800 -0.10650
v -0.50250 0.26800 -0.10650
v 0.53350 0.26800 -0.05550
v -0.53350 0.26800 -0.05550
v 0.51150 0.26800 -0.05350
v -0.51150 0.26800 -0.05350
v 0.53650 0.26800 0.00050
v 0.51350 0.26800 0.00050
v -0.51350 0.26800 0.00050
v -0.53550 0.26800 0.00050
v 0.51150 0.26800 0.05350
v -0.51150 0.26800 0.05350
v 0.53350 0.26800 0.05650
v -0.53350 0.26800 0.05650
v 0.50250 0.26800 0.10750
v -0.50250 0.26800 0.10750
v 0.52450 0.26800 0.11150
v -0.52450 0.26800 0.11150
v 0.48850 0.26800 0.15950
v -0.48850 0.26800 0.15950
v 0.50950 0.26800 0.16550
v -0.50950 0.26800 0.16550
v 0.46950 0.26800 0.20950
v -0.46950 0.26800 0.20950
v 0.48950 0.26800 0.21850
v -0.48950 0.26800 0.21850
v 0.44550 0.26800 0.25750
v -0.44450 0.26800 0.25750
v 0.46450 0.26800 0.26850
v -0.46450 0.26800 0.26850
v 0.41550 0.26800 0.30250
v -0.41550 0.26800 0.30250
v 0.43350 0.26800 0.31550
v -0.43350 0.26800 0.31550
v 0.38150 0.26800 0.34450
v -0.38150 0.26800 0.34450
v 0.39850 0.26800 0.35850
v -0.39850 0.26800 0.35850
v 0.34350 0.26800 0.38250
v -0.34350 0.26800 0.38250
v 0.35850 0.26800 0.39850
v -0.35850 0.26800 0.39850
v 0.30250 0.26800 0.41650
v -0.30150 0.26800 0.41650
v 0.31550 0.26800 0.43350
v -0.31450 0.26800 0.43350
v 0.25750 0.26800 0.44550
v -0.25650 0.26800 0.44550
v 0.26850 0.26800 0.46450
v -0.26750 0.26800 0.46450
v 0.20950 0.26800 0.46950
v -0.20850 0.26800 0.46950
v 0.21850 0.26800 0.48950
v 0.15850 0.26800 0.48950
v -0.15850 0.26800 0.48950
v -0.21750 0.26800 0.48950
v 0.10650 0.26800 0.50250
v -0.10650 0.26800 0.50250
v 0.16550 0.26800 0.51050
v -0.16550 0.26800 0.51050
v 0.05350 0.26800 0.51150
v -0.05350 0.26800 0.51150
v 0.00050 0.26800 0.51450
v 0.11150 0.26800 0.52450
v -0.11150 0.26800 0.52450
v 0.05650 0.26800 0.53350
v -0.05550 0.26800 0.53350
v 0.00050 0.26800 0.53650
v 0.62850 0.26400 -0.17050
v -0.68550 0.26200 -0.06850
v 0.01050 0.26000 -0.54650
v -0.01350 0.26000 -0.54650
v 0.01950 0.26000 -0.54550
v -0.01550 0.26000 -0.54550
v 0.04650 0.26000 -0.54450
v 0.04450 0.26000 -0.54450
v -0.04050 0.26000 -0.54450
v -0.01350 0.26000 -0.54350
v -0.01550 0.26000 -0.54350
v -0.04950 0.26000 -0.54350
v 0.04350 0.26000 -0.54250
v 0.07050 0.26000 -0.54150
v 0.04650 0.26000 -0.54150
v -0.07350 0.26000 -0.54150
v 0.07950 0.26000 -0.54050
v -0.07550 0.26000 -0.54050
v -0.07350 0.26000 -0.53850
v -0.07550 0.26000 -0.53850
v -0.09950 0.26000 -0.53750
v 0.10350 0.26000 -0.53650
v 0.10550 0.26000 -0.53550
v -0.10850 0.26000 -0.53550
v 0.10350 0.26000 -0.53450
v 0.10550 0.26000 -0.53350
v 0.12950 0.26000 -0.53050
v -0.13250 0.26000 -0.52950
v -0.13450 0.26000 -0.52950
v 0.13850 0.26000 -0.52850
v -0.13250 0.26000 -0.52750
v -0.13450 0.26000 -0.52750
v -0.15850 0.26000 -0.52250
v 0.16450 0.26000 -0.52150
v 0.16150 0.26000 -0.52150
v -0.16650 0.26000 -0.52050
v 0.16150 0.26000 -0.51950
v 0.16350 0.26000 -0.51850
v 0.18750 0.26000 -0.51350
v -0.18950 0.26000 -0.51250
v -0.19250 0.26000 -0.51150
v 0.19550 0.26000 -0.51050
v 0.01050 0.26000 -0.50950
v -0.18950 0.26000 -0.50950
v -0.19150 0.26000 -0.50950
v 0.01850 0.26000 -0.50850
v -0.03750 0.26000 -0.50750
v -0.04550 0.26000 -0.50750
v 0.06550 0.26000 -0.50450
v 0.07450 0.26000 -0.50350
v -0.21450 0.26000 -0.50250
v 0.21850 0.26000 -0.50050
v -0.09350 0.26000 -0.50050
v 0.22050 0.26000 -0.49950
v 0.21750 0.26000 -0.49850
v -0.10150 0.26000 -0.49850
v -0.22250 0.26000 -0.49850
v 0.21950 0.26000 -0.49750
v 0.12050 0.26000 -0.49450
v 0.12950 0.26000 -0.49250
v 0.24250 0.26000 -0.48950
v -0.24550 0.26000 -0.48850
v -0.14750 0.26000 -0.48750
v -0.24750 0.26000 -0.48750
v -0.24450 0.26000 -0.48650
v 0.25050 0.26000 -0.48550
v -0.24650 0.26000 -0.48550
v -0.15550 0.26000 -0.48450
v 0.17450 0.26000 -0.47850
v 0.18250 0.26000 -0.47550
v -0.26850 0.26000 -0.47550
v 0.27150 0.26000 -0.47350
v 0.27350 0.26000 -0.47250
v 0.27050 0.26000 -0.47150
v -0.27650 0.26000 -0.47150
v 0.27250 0.26000 -0.47050
v -0.20050 0.26000 -0.46850
v -0.20750 0.26000 -0.46450
v 0.29450 0.26000 -0.45950
v -0.29750 0.26000 -0.45850
v -0.29950 0.26000 -0.45750
v 0.22550 0.26000 -0.45650
v -0.29550 0.26000 -0.45650
v 0.30250 0.26000 -0.45550
v -0.29750 0.26000 -0.45550
v 0.23350 0.26000 -0.45250
v -0.25050 0.26000 -0.44350
v -0.31950 0.26000 -0.44350
v 0.32250 0.26000 -0.44150
v 0.32450 0.26000 -0.43950
v 0.32150 0.26000 -0.43950
v -0.25750 0.26000 -0.43950
v 0.32250 0.26000 -0.43750
v -0.32650 0.26000 -0.43750
v 0.27450 0.26000 -0.42850
v 0.34350 0.26000 -0.42450
v 0.28150 0.26000 -0.42450
v -0.34550 0.26000 -0.42250
v -0.34450 0.26000 -0.42150
v -0.34750 0.26000 -0.42150
v 0.35050 0.26000 -0.41950
v -0.34550 0.26000 -0.41950
v -0.29750 0.26000 -0.41350
v -0.30450 0.26000 -0.40850
v -0.36550 0.26000 -0.40550
v 0.36850 0.26000 -0.40350
v 0.37050 0.26000 -0.40150
v 0.36750 0.26000 -0.40150
v 0.36850 0.26000 -0.39950
v -0.37250 0.26000 -0.39950
v 0.32050 0.26000 -0.39550
v 0.32650 0.26000 -0.39050
v 0.38850 0.26000 -0.38450
v -0.39050 0.26000 -0.38250
v -0.38850 0.26000 -0.38050
v -0.39150 0.26000 -0.38050
v -0.39050 0.26000 -0.37950
v 0.39450 0.26000 -0.37850
v -0.34150 0.26000 -0.37750
v -0.34750 0.26000 -0.37250
v -0.40850 0.26000 -0.36250
v 0.41050 0.26000 -0.36050
v 0.41250 0.26000 -0.35850
v 0.40950 0.26000 -0.35850
v 0.36150 0.26000 -0.35850
v 0.41050 0.26000 -0.35650
v -0.41450 0.26000 -0.35650
v 0.36750 0.26000 -0.35250
v 0.42750 0.26000 -0.33950
v -0.38050 0.26000 -0.33850
v -0.42950 0.26000 -0.33750
v -0.42750 0.26000 -0.33550
v -0.43150 0.26000 -0.33550
v -0.42950 0.26000 -0.33450
v 0.43350 0.26000 -0.33250
v -0.38650 0.26000 -0.33150
v 0.39850 0.26000 -0.31650
v -0.44550 0.26000 -0.31550
v 0.44750 0.26000 -0.31250
v 0.44950 0.26000 -0.31150
v 0.44650 0.26000 -0.31150
v 0.44750 0.26000 -0.30950
v 0.40450 0.26000 -0.30950
v -0.45050 0.26000 -0.30850
v -0.41550 0.26000 -0.29450
v 0.46250 0.26000 -0.29050
v -0.42050 0.26000 -0.28750
v -0.46450 0.26000 -0.28750
v -0.46250 0.26000 -0.28650
v -0.46550 0.26000 -0.28650
v -0.46350 0.26000 -0.28450
v 0.46750 0.26000 -0.28250
v 0.43150 0.26000 -0.27050
v -0.47750 0.26000 -0.26550
v 0.43550 0.26000 -0.26350
v 0.47950 0.26000 -0.26150
v 0.47750 0.26000 -0.26050
v 0.48050 0.26000 -0.25950
v 0.47850 0.26000 -0.25850
v -0.48250 0.26000 -0.25750
v -0.44550 0.26000 -0.24750
v -0.44950 0.26000 -0.23950
v 0.49150 0.26000 -0.23850
v -0.49350 0.26000 -0.23550
v -0.49050 0.26000 -0.23450
v -0.49350 0.26000 -0.23350
v -0.49150 0.26000 -0.23250
v 0.49550 0.26000 -0.22950
v 0.45850 0.26000 -0.22150
v 0.46250 0.26000 -0.21450
v -0.50350 0.26000 -0.21050
v 0.50550 0.26000 -0.20750
v 0.50350 0.26000 -0.20650
v 0.50650 0.26000 -0.20550
v 0.50450 0.26000 -0.20450
v -0.50750 0.26000 -0.20250
v -0.46950 0.26000 -0.19650
v -0.47250 0.26000 -0.18850
v 0.51550 0.26000 -0.18250
v -0.51550 0.26000 -0.17950
v -0.51350 0.26000 -0.17850
v -0.51650 0.26000 -0.17750
v -0.51450 0.26000 -0.17650
v 0.51850 0.26000 -0.17150
v 0.48050 0.26000 -0.17050
v 0.48350 0.26000 -0.15950
v -0.52450 0.26000 -0.15450
v 0.52650 0.26000 -0.14850
v 0.52350 0.26000 -0.14750
v 0.52650 0.26000 -0.14550
v 0.52450 0.26000 -0.14550
v -0.52650 0.26000 -0.14550
v -0.48850 0.26000 -0.14350
v -0.49050 0.26000 -0.13550
v 0.53250 0.26000 -0.12250
v -0.53050 0.26000 -0.12150
v -0.53250 0.26000 -0.12150
v -0.53050 0.26000 -0.11950
v -0.53350 0.26000 -0.11950
v 0.53450 0.26000 -0.11350
v 0.49650 0.26000 -0.11350
v 0.49850 0.26000 -0.10550
v -0.53750 0.26000 -0.09550
v 0.53950 0.26000 -0.08950
v 0.53650 0.26000 -0.08950
v -0.50150 0.26000 -0.08950
v 0.53950 0.26000 -0.08750
v 0.53750 0.26000 -0.08650
v -0.53950 0.26000 -0.08650
v -0.50250 0.26000 -0.08150
v 0.54250 0.26000 -0.06350
v -0.54050 0.26000 -0.06250
v -0.54250 0.26000 -0.06250
v -0.54050 0.26000 -0.06050
v -0.54250 0.26000 -0.06050
v 0.50550 0.26000 -0.05850
v 0.54350 0.26000 -0.05450
v 0.50650 0.26000 -0.05050
v -0.54550 0.26000 -0.03650
v -0.50850 0.26000 -0.03350
v 0.54550 0.26000 -0.02950
v 0.54350 0.26000 -0.02950
v 0.54550 0.26000 -0.02750
v 0.54350 0.26000 -0.02750
v -0.54550 0.26000 -0.02250
v -0.50850 0.26000 -0.02150
v 0.54650 0.26000 -0.00350
v 0.50950 0.26000 -0.00250
v -0.54450 0.26000 0.00150
v -0.54650 0.26000 0.00150
v -0.54450 0.26000 0.00350
v -0.54650 0.26000 0.00350
v 0.54650 0.26000 0.00550
v 0.50950 0.26000 0.00550
v -0.50850 0.26000 0.02650
v -0.54550 0.26000 0.02850
v 0.54550 0.26000 0.03050
v 0.54350 0.26000 0.03050
v 0.54550 0.26000 0.03250
v 0.54350 0.26000 0.03250
v -0.50850 0.26000 0.03450
v -0.54550 0.26000 0.03750
v 0.50650 0.26000 0.05350
v 0.54350 0.26000 0.05650
v 0.50550 0.26000 0.06150
v -0.54050 0.26000 0.06150
v -0.54250 0.26000 0.06150
v -0.54050 0.26000 0.06350
v -0.54250 0.26000 0.06350
v 0.54250 0.26000 0.06550
v -0.50250 0.26000 0.08150
v -0.53950 0.26000 0.08750
v 0.53650 0.26000 0.08950
v 0.53950 0.26000 0.09050
v -0.50150 0.26000 0.09050
v 0.53650 0.26000 0.09150
v 0.53850 0.26000 0.09250
v -0.53750 0.26000 0.09650
v 0.49750 0.26000 0.10850
v 0.53450 0.26000 0.11650
v 0.49550 0.26000 0.11650
v -0.53050 0.26000 0.12050
v -0.53250 0.26000 0.12050
v -0.53050 0.26000 0.12250
v -0.53250 0.26000 0.12250
v 0.53250 0.26000 0.12550
v -0.49050 0.26000 0.13650
v -0.48850 0.26000 0.14450
v -0.52650 0.26000 0.14650
v 0.52550 0.26000 0.14850
v 0.52350 0.26000 0.14850
v 0.52550 0.26000 0.15050
v 0.52350 0.26000 0.15050
v -0.52350 0.26000 0.15550
v 0.48250 0.26000 0.16250
v 0.48050 0.26000 0.17050
v 0.51850 0.26000 0.17450
v -0.51450 0.26000 0.17750
v -0.51650 0.26000 0.17850
v -0.51350 0.26000 0.17950
v -0.51550 0.26000 0.18050
v 0.51550 0.26000 0.18250
v -0.47250 0.26000 0.18950
v -0.46950 0.26000 0.19750
v -0.50750 0.26000 0.20350
v 0.50450 0.26000 0.20450
v 0.50650 0.26000 0.20550
v 0.50350 0.26000 0.20650
v 0.50550 0.26000 0.20750
v -0.50350 0.26000 0.21150
v 0.46250 0.26000 0.21450
v 0.45850 0.26000 0.22250
v 0.49550 0.26000 0.23050
v -0.49150 0.26000 0.23350
v -0.49350 0.26000 0.23450
v -0.49050 0.26000 0.23550
v -0.49250 0.26000 0.23650
v 0.49250 0.26000 0.23850
v -0.44950 0.26000 0.24050
v -0.44550 0.26000 0.24750
v -0.48150 0.26000 0.25750
v 0.47850 0.26000 0.25850
v 0.48050 0.26000 0.25950
v 0.47750 0.26000 0.26050
v 0.47950 0.26000 0.26150
v 0.43550 0.26000 0.26350
v -0.47750 0.26000 0.26550
v 0.43150 0.26000 0.27150
v 0.46750 0.26000 0.28350
v -0.46350 0.26000 0.28550
v -0.46550 0.26000 0.28650
v -0.46250 0.26000 0.28750
v -0.41950 0.26000 0.28850
v -0.46350 0.26000 0.28850
v 0.46250 0.26000 0.29050
v -0.41550 0.26000 0.29550
v 0.44750 0.26000 0.30950
v -0.45050 0.26000 0.30950
v 0.40450 0.26000 0.31050
v 0.44950 0.26000 0.31150
v 0.44650 0.26000 0.31150
v 0.44850 0.26000 0.31250
v 0.39950 0.26000 0.31650
v -0.44550 0.26000 0.31650
v 0.43350 0.26000 0.33250
v -0.38550 0.26000 0.33250
v -0.42950 0.26000 0.33450
v -0.42750 0.26000 0.33650
v -0.43050 0.26000 0.33650
v -0.42950 0.26000 0.33850
v 0.42850 0.26000 0.33950
v -0.38050 0.26000 0.33950
v 0.36750 0.26000 0.35250
v -0.41350 0.26000 0.35650
v 0.41050 0.26000 0.35750
v 0.41250 0.26000 0.35850
v 0.40950 0.26000 0.35850
v 0.36150 0.26000 0.35850
v 0.41150 0.26000 0.36050
v -0.40750 0.26000 0.36350
v -0.34750 0.26000 0.37350
v 0.39450 0.26000 0.37850
v -0.34050 0.26000 0.37850
v -0.38950 0.26000 0.37950
v -0.38850 0.26000 0.38150
v -0.39150 0.26000 0.38150
v -0.38950 0.26000 0.38350
v 0.38850 0.26000 0.38450
v 0.32650 0.26000 0.39050
v 0.32050 0.26000 0.39650
v 0.36950 0.26000 0.40050
v -0.37250 0.26000 0.40050
v 0.37050 0.26000 0.40150
v 0.36750 0.26000 0.40150
v 0.36950 0.26000 0.40350
v -0.36550 0.26000 0.40650
v -0.30350 0.26000 0.40850
v -0.29750 0.26000 0.41350
v 0.35050 0.26000 0.41950
v -0.34550 0.26000 0.42050
v -0.34350 0.26000 0.42150
v -0.34750 0.26000 0.42250
v -0.34550 0.26000 0.42350
v 0.28250 0.26000 0.42450
v 0.34350 0.26000 0.42550
v 0.27550 0.26000 0.42850
v 0.32350 0.26000 0.43850
v -0.32650 0.26000 0.43850
v 0.32150 0.26000 0.43950
v -0.25750 0.26000 0.43950
v 0.32450 0.26000 0.44050
v 0.32250 0.26000 0.44150
v -0.24950 0.26000 0.44350
v -0.31850 0.26000 0.44350
v 0.23350 0.26000 0.45250
v 0.30250 0.26000 0.45550
v -0.29750 0.26000 0.45550
v 0.22650 0.26000 0.45650
v -0.29550 0.26000 0.45750
v -0.29850 0.26000 0.45750
v -0.29650 0.26000 0.45950
v 0.29550 0.26000 0.46050
v -0.20750 0.26000 0.46550
v -0.19950 0.26000 0.46850
v 0.27350 0.26000 0.47050
v -0.27650 0.26000 0.47150
v 0.27450 0.26000 0.47250
v 0.27150 0.26000 0.47250
v 0.27250 0.26000 0.47450
v 0.18250 0.26000 0.47550
v -0.26850 0.26000 0.47650
v 0.17450 0.26000 0.47850
v 0.25050 0.26000 0.48550
v -0.15550 0.26000 0.48550
v -0.24550 0.26000 0.48550
v -0.24350 0.26000 0.48650
v -0.14750 0.26000 0.48750
v -0.24650 0.26000 0.48750
v -0.24450 0.26000 0.48850
v 0.24250 0.26000 0.48950
v 0.12950 0.26000 0.49250
v 0.12150 0.26000 0.49450
v 0.21950 0.26000 0.49850
v 0.21750 0.26000 0.49850
v -0.10050 0.26000 0.49950
v -0.22250 0.26000 0.49950
v 0.22050 0.26000 0.50050
v 0.21850 0.26000 0.50150
v -0.09250 0.26000 0.50150
v -0.21450 0.26000 0.50250
v 0.07450 0.26000 0.50450
v 0.06650 0.26000 0.50550
v -0.04550 0.26000 0.50750
v -0.03750 0.26000 0.50850
v 0.01850 0.26000 0.50950
v 0.01050 0.26000 0.50950
v -0.19050 0.26000 0.50950
v 0.19650 0.26000 0.51050
v -0.18850 0.26000 0.51050
v -0.19150 0.26000 0.51150
v -0.18950 0.26000 0.51250
v 0.18750 0.26000 0.51350
v 0.16350 0.26000 0.51950
v 0.16150 0.26000 0.51950
v -0.16650 0.26000 0.52050
v 0.16450 0.26000 0.52150
v 0.16250 0.26000 0.52250
v -0.15750 0.26000 0.52350
v -0.13350 0.26000 0.52750
v 0.13850 0.26000 0.52850
v -0.13150 0.26000 0.52850
v -0.13450 0.26000 0.52950
v -0.13250 0.26000 0.53050
v 0.13050 0.26000 0.53150
v 0.10550 0.26000 0.53450
v 0.10350 0.26000 0.53450
v -0.10850 0.26000 0.53550
v 0.10650 0.26000 0.53650
v 0.10450 0.26000 0.53650
v -0.09950 0.26000 0.53750
v -0.07250 0.26000 0.53950
v -0.07550 0.26000 0.53950
v 0.08050 0.26000 0.54050
v -0.07350 0.26000 0.54150
v -0.07550 0.26000 0.54150
v 0.07150 0.26000 0.54250
v 0.04650 0.26000 0.54250
v 0.04450 0.26000 0.54250
v 0.04650 0.26000 0.54450
v 0.04450 0.26000 0.54450
v -0.01350 0.26000 0.54450
v -0.01550 0.26000 0.54450
v -0.04850 0.26000 0.54450
v -0.03950 0.26000 0.54550
v 0.02050 0.26000 0.54650
v 0.01150 0.26000 0.54650
v -0.01350 0.26000 0.54650
v -0.01550 0.26000 0.54650
v -0.01450 0.25900 -0.16350
v 0.03950 0.25900 -0.11350
v 0.09350 0.25900 -0.06350
v 0.10050 0.25900 0.11750
v 0.05050 0.25900 0.17150
v -0.00050 0.25900 0.22550
v -0.64650 0.25800 -0.05750
v -0.64450 0.25800 -0.05550
v 0.59950 0.25600 0.26550
v -0.09350 0.25500 -0.09350
v -0.10150 0.25500 -0.02950
v -0.10950 0.25500 0.03450
v -0.09650 0.25500 0.09850
v -0.08350 0.25500 0.16150
v 0.58550 0.25500 0.30750
v 0.57050 0.25400 0.34850
v 0.54750 0.25200 0.38750
v -0.67850 0.25000 0.31150
v -0.61550 0.25000 0.40850
v 0.52450 0.25000 0.42650
v 0.61550 0.24800 0.32050
v 0.63150 0.24400 -0.16650
v -0.00350 0.24400 0.64150
v 0.04750 0.24200 0.63950
v -0.05450 0.24200 0.63950
v 0.63150 0.24000 0.37550
v 0.09850 0.24000 0.63650
v -0.10550 0.24000 0.63650
v 0.02150 0.24000 0.64050
v -0.02950 0.24000 0.64050
v 0.14950 0.23900 0.63150
v -0.15650 0.23900 0.63150
v 0.07250 0.23900 0.63850
v -0.08050 0.23900 0.63850
v 0.48350 0.23700 0.45550
v -0.49150 0.23600 0.45450
v 0.47950 0.23500 0.45550
v -0.48650 0.23500 0.45550
v 0.48150 0.23500 0.45950
v 0.47950 0.23500 0.45950
v -0.48650 0.23500 0.45950
v -0.48850 0.23500 0.45950
v -0.52450 0.23400 0.42050
v 0.52050 0.23300 0.43750
v -0.52750 0.23300 0.43750
v 0.48550 0.23300 0.45950
v 0.48150 0.23300 0.47050
v -0.48850 0.23300 0.47050
v 0.45050 0.23300 0.49750
v -0.45750 0.23300 0.49750
v 0.44950 0.23300 0.49950
v -0.45650 0.23300 0.49950
v 0.41850 0.23300 0.52850
v -0.42550 0.23300 0.52850
v 0.50450 0.23200 0.45250
v -0.51150 0.23200 0.45250
v 0.48950 0.23200 0.46950
v -0.49750 0.23200 0.46950
v 0.41950 0.23200 0.52450
v -0.42650 0.23200 0.52450
v 0.48350 0.23100 0.47250
v -0.49050 0.23100 0.47250
v 0.47350 0.23100 0.48550
v -0.48150 0.23100 0.48550
v -0.52450 0.23000 0.42750
v 0.45250 0.23000 0.49950
v -0.45950 0.23000 0.49950
v 0.42150 0.23000 0.52650
v -0.42850 0.23000 0.52650
v -0.52850 0.22900 0.42550
v 0.51950 0.22900 0.42650
v 0.47950 0.22900 0.48050
v -0.45250 0.22900 0.50650
v 0.51050 0.22800 0.44850
v 0.42750 0.22700 0.51750
v -0.43450 0.22700 0.51750
v 0.42950 0.22700 0.52050
v -0.43650 0.22700 0.52050
v 0.63150 0.22400 -0.16950
v 0.58950 0.22300 0.40450
v -0.59350 0.22300 0.41350
v -0.68950 0.22200 -0.07050
v 0.49650 0.22100 0.45550
v -0.50350 0.22100 0.45550
v -0.63750 0.22000 -0.15850
v 0.64250 0.22000 -0.13150
v -0.64050 0.21900 0.28450
v 0.63050 0.21500 -0.09250
v 0.01450 0.21200 -0.54650
v 0.00550 0.21200 -0.54650
v -0.01950 0.21200 -0.54550
v -0.02150 0.21200 -0.54550
v 0.04050 0.21200 -0.54450
v 0.03850 0.21200 -0.54450
v -0.04550 0.21200 -0.54450
v -0.01950 0.21200 -0.54350
v -0.02150 0.21200 -0.54350
v -0.05450 0.21200 -0.54350
v 0.06550 0.21200 -0.54250
v 0.04050 0.21200 -0.54250
v 0.03850 0.21200 -0.54250
v 0.07450 0.21200 -0.54150
v -0.07850 0.21200 -0.54050
v -0.08150 0.21200 -0.54050
v -0.07850 0.21200 -0.53850
v 0.09850 0.21200 -0.53750
v -0.08050 0.21200 -0.53750
v 0.10050 0.21200 -0.53650
v 0.09750 0.21200 -0.53550
v -0.10550 0.21200 -0.53550
v 0.10050 0.21200 -0.53450
v -0.11450 0.21200 -0.53450
v 0.12450 0.21200 -0.53150
v 0.13350 0.21200 -0.52950
v -0.13750 0.21200 -0.52850
v -0.13950 0.21200 -0.52750
v -0.13750 0.21200 -0.52650
v -0.13950 0.21200 -0.52550
v 0.15650 0.21200 -0.52350
v 0.15850 0.21200 -0.52250
v 0.15650 0.21200 -0.52150
v -0.16350 0.21200 -0.52150
v 0.15850 0.21200 -0.52050
v -0.17250 0.21200 -0.51850
v 0.18250 0.21200 -0.51550
v 0.19050 0.21200 -0.51150
v -0.19550 0.21200 -0.51050
v 0.00450 0.21200 -0.50950
v -0.19750 0.21200 -0.50950
v 0.01350 0.21200 -0.50850
v -0.19450 0.21200 -0.50850
v -0.04250 0.21200 -0.50750
v -0.19650 0.21200 -0.50750
v -0.05150 0.21200 -0.50650
v 0.06050 0.21200 -0.50550
v 0.06950 0.21200 -0.50450
v 0.21550 0.21200 -0.50250
v 0.21350 0.21200 -0.50250
v 0.21250 0.21200 -0.50050
v -0.21950 0.21200 -0.50050
v 0.21450 0.21200 -0.49950
v -0.09850 0.21200 -0.49950
v -0.10650 0.21200 -0.49750
v -0.22750 0.21200 -0.49650
v 0.11550 0.21200 -0.49550
v 0.12450 0.21200 -0.49350
v 0.23750 0.21200 -0.49150
v 0.24550 0.21200 -0.48750
v -0.15250 0.21200 -0.48550
v -0.24950 0.21200 -0.48550
v -0.25150 0.21200 -0.48450
v -0.16050 0.21200 -0.48350
v -0.24850 0.21200 -0.48350
v -0.25050 0.21200 -0.48250
v 0.16950 0.21200 -0.48050
v 0.17750 0.21200 -0.47750
v 0.26750 0.21200 -0.47650
v 0.26950 0.21200 -0.47550
v 0.26650 0.21200 -0.47450
v 0.26850 0.21200 -0.47350
v -0.27350 0.21200 -0.47250
v -0.28150 0.21200 -0.46850
v -0.20450 0.21200 -0.46650
v 0.29050 0.21200 -0.46250
v -0.21250 0.21200 -0.46250
v 0.29750 0.21200 -0.45850
v 0.22150 0.21200 -0.45850
v -0.30150 0.21200 -0.45550
v 0.22850 0.21200 -0.45450
v -0.30350 0.21200 -0.45450
v -0.30050 0.21200 -0.45350
v -0.30250 0.21200 -0.45250
v 0.31750 0.21200 -0.44450
v 0.31950 0.21200 -0.44250
v 0.31650 0.21200 -0.44250
v 0.31850 0.21200 -0.44150
v -0.25450 0.21200 -0.44050
v -0.32350 0.21200 -0.44050
v -0.26250 0.21200 -0.43650
v -0.33050 0.21200 -0.43450
v 0.27050 0.21200 -0.43150
v 0.33950 0.21200 -0.42850
v 0.27750 0.21200 -0.42650
v 0.34650 0.21200 -0.42250
v -0.34950 0.21200 -0.41950
v -0.34850 0.21200 -0.41750
v -0.35150 0.21200 -0.41750
v -0.35050 0.21200 -0.41650
v -0.30150 0.21200 -0.41050
v 0.36450 0.21200 -0.40650
v 0.36650 0.21200 -0.40550
v -0.30850 0.21200 -0.40550
v 0.36350 0.21200 -0.40450
v 0.36450 0.21200 -0.40350
v -0.36950 0.21200 -0.40150
v 0.31650 0.21200 -0.39950
v -0.37650 0.21200 -0.39550
v 0.32250 0.21200 -0.39350
v 0.38450 0.21200 -0.38850
v 0.39050 0.21200 -0.38250
v -0.39350 0.21200 -0.37850
v -0.39250 0.21200 -0.37650
v -0.39550 0.21200 -0.37650
v -0.39350 0.21200 -0.37550
v -0.34450 0.21200 -0.37450
v -0.35150 0.21200 -0.36850
v 0.40750 0.21200 -0.36450
v 0.40850 0.21200 -0.36250
v 0.40550 0.21200 -0.36250
v 0.35850 0.21200 -0.36250
v 0.40750 0.21200 -0.36150
v -0.41150 0.21200 -0.35850
v 0.36450 0.21200 -0.35650
v -0.41750 0.21200 -0.35150
v 0.42450 0.21200 -0.34350
v 0.43050 0.21200 -0.33650
v -0.38350 0.21200 -0.33450
v -0.43350 0.21200 -0.33250
v -0.43150 0.21200 -0.33150
v -0.43450 0.21200 -0.33150
v -0.43250 0.21200 -0.32950
v -0.38950 0.21200 -0.32850
v 0.39550 0.21200 -0.32050
v 0.44450 0.21200 -0.31750
v 0.44650 0.21200 -0.31550
v 0.44250 0.21200 -0.31550
v 0.44450 0.21200 -0.31450
v 0.40050 0.21200 -0.31350
v -0.44850 0.21200 -0.31150
v -0.45350 0.21200 -0.30350
v 0.45950 0.21200 -0.29550
v -0.41850 0.21200 -0.29050
v 0.46450 0.21200 -0.28750
v -0.42350 0.21200 -0.28350
v -0.46750 0.21200 -0.28350
v -0.46550 0.21200 -0.28250
v -0.46850 0.21200 -0.28150
v -0.46650 0.21200 -0.28050
v 0.42850 0.21200 -0.27550
v 0.43350 0.21200 -0.26850
v 0.47650 0.21200 -0.26650
v 0.47550 0.21200 -0.26550
v 0.47850 0.21200 -0.26450
v 0.47650 0.21200 -0.26350
v -0.48050 0.21200 -0.26050
v -0.48450 0.21200 -0.25250
v 0.48950 0.21200 -0.24250
v -0.44750 0.21200 -0.24250
v -0.45150 0.21200 -0.23550
v 0.49350 0.21200 -0.23450
v -0.49550 0.21200 -0.23050
v -0.49350 0.21200 -0.22950
v -0.49650 0.21200 -0.22850
v -0.49450 0.21200 -0.22750
v 0.45650 0.21200 -0.22650
v 0.45950 0.21200 -0.21850
v 0.50350 0.21200 -0.21250
v 0.50150 0.21200 -0.21150
v 0.50450 0.21200 -0.21050
v 0.50250 0.21200 -0.20950
v -0.50650 0.21200 -0.20550
v -0.50950 0.21200 -0.19750
v -0.47150 0.21200 -0.19150
v 0.51350 0.21200 -0.18750
v -0.47450 0.21200 -0.18450
v 0.51750 0.21200 -0.17650
v 0.47850 0.21200 -0.17550
v -0.51750 0.21200 -0.17450
v -0.51550 0.21200 -0.17350
v -0.51850 0.21200 -0.17250
v -0.51650 0.21200 -0.17150
v 0.48250 0.21200 -0.16450
v 0.52450 0.21200 -0.15350
v 0.52250 0.21200 -0.15250
v 0.52550 0.21200 -0.15150
v 0.52250 0.21200 -0.15050
v -0.52550 0.21200 -0.14950
v -0.52750 0.21200 -0.14050
v -0.48950 0.21200 -0.13850
v -0.49250 0.21200 -0.13050
v 0.53150 0.21200 -0.12750
v 0.53350 0.21200 -0.11850
v 0.49550 0.21200 -0.11850
v -0.53150 0.21200 -0.11650
v -0.53350 0.21200 -0.11650
v -0.53150 0.21200 -0.11450
v -0.53450 0.21200 -0.11450
v 0.49750 0.21200 -0.11050
v 0.53850 0.21200 -0.09450
v 0.53550 0.21200 -0.09450
v 0.53850 0.21200 -0.09250
v 0.53650 0.21200 -0.09250
v -0.53850 0.21200 -0.09050
v -0.50250 0.21200 -0.08450
v -0.54050 0.21200 -0.08150
v -0.50350 0.21200 -0.07650
v 0.54250 0.21200 -0.06850
v 0.50550 0.21200 -0.06350
v 0.54350 0.21200 -0.05950
v -0.54150 0.21200 -0.05750
v -0.54350 0.21200 -0.05750
v 0.50650 0.21200 -0.05550
v -0.54350 0.21200 -0.05550
v -0.54150 0.21200 -0.05450
v 0.54550 0.21200 -0.03550
v 0.54350 0.21200 -0.03450
v 0.54550 0.21200 -0.03250
v 0.54350 0.21200 -0.03250
v -0.54550 0.21200 -0.03050
v -0.50850 0.21200 -0.02850
v -0.54650 0.21200 -0.01750
v -0.50850 0.21200 -0.01650
v 0.54650 0.21200 -0.00850
v 0.50950 0.21200 -0.00750
v 0.54650 0.21200 0.00050
v 0.50950 0.21200 0.00050
v -0.54450 0.21200 0.00650
v -0.54650 0.21200 0.00650
v -0.54450 0.21200 0.00950
v -0.54650 0.21200 0.00950
v 0.54550 0.21200 0.02450
v 0.54350 0.21200 0.02450
v 0.54550 0.21200 0.02750
v 0.54350 0.21200 0.02750
v -0.50850 0.21200 0.03150
v -0.54550 0.21200 0.03350
v -0.50750 0.21200 0.03950
v -0.54450 0.21200 0.04250
v 0.50750 0.21200 0.04850
v 0.54450 0.21200 0.05150
v 0.50650 0.21200 0.05650
v 0.54350 0.21200 0.06050
v -0.54050 0.21200 0.06650
v -0.54250 0.21200 0.06650
v -0.53950 0.21200 0.06850
v -0.54250 0.21200 0.06950
v 0.53950 0.21200 0.08450
v 0.53750 0.21200 0.08450
v 0.53950 0.21200 0.08650
v 0.53750 0.21200 0.08650
v -0.50150 0.21200 0.08650
v -0.53850 0.21200 0.09350
v -0.50050 0.21200 0.09550
v -0.53650 0.21200 0.10250
v 0.49850 0.21200 0.10350
v 0.53550 0.21200 0.11050
v 0.49750 0.21200 0.11150
v 0.53350 0.21200 0.11950
v -0.52950 0.21200 0.12550
v -0.53150 0.21200 0.12650
v -0.52850 0.21200 0.12750
v -0.53150 0.21200 0.12850
v -0.48950 0.21200 0.14150
v 0.52550 0.21200 0.14250
v 0.52750 0.21200 0.14350
v 0.52450 0.21200 0.14450
v 0.52650 0.21200 0.14550
v -0.48650 0.21200 0.14950
v -0.52450 0.21200 0.15150
v 0.48450 0.21200 0.15750
v -0.52250 0.21200 0.16050
v 0.48150 0.21200 0.16550
v 0.51950 0.21200 0.16950
v 0.51650 0.21200 0.17750
v -0.51250 0.21200 0.18250
v -0.51450 0.21200 0.18350
v -0.51150 0.21200 0.18450
v -0.51350 0.21200 0.18550
v -0.47050 0.21200 0.19450
v 0.50650 0.21200 0.19950
v 0.50850 0.21200 0.20050
v 0.50550 0.21200 0.20150
v 0.50750 0.21200 0.20250
v -0.46750 0.21200 0.20250
v -0.50550 0.21200 0.20850
v 0.46450 0.21200 0.20950
v -0.50150 0.21200 0.21650
v 0.46050 0.21200 0.21750
v 0.49850 0.21200 0.22550
v 0.49450 0.21200 0.23350
v -0.48950 0.21200 0.23850
v -0.49150 0.21200 0.23950
v -0.48850 0.21200 0.24050
v -0.49050 0.21200 0.24150
v -0.44650 0.21200 0.24450
v -0.44250 0.21200 0.25250
v 0.48150 0.21200 0.25450
v 0.48350 0.21200 0.25550
v 0.48050 0.21200 0.25550
v 0.48250 0.21200 0.25750
v 0.43850 0.21200 0.25950
v -0.47950 0.21200 0.26250
v 0.43450 0.21200 0.26650
v -0.47450 0.21200 0.27050
v 0.47050 0.21200 0.27850
v 0.46550 0.21200 0.28650
v -0.46050 0.21200 0.29050
v -0.46250 0.21200 0.29150
v -0.41750 0.21200 0.29250
v -0.45950 0.21200 0.29250
v -0.46150 0.21200 0.29350
v -0.41250 0.21200 0.29950
v 0.45050 0.21200 0.30550
v 0.45250 0.21200 0.30650
v 0.40750 0.21200 0.30650
v 0.44950 0.21200 0.30750
v 0.45150 0.21200 0.30850
v 0.40250 0.21200 0.31250
v -0.44750 0.21200 0.31350
v -0.44250 0.21200 0.32150
v 0.43750 0.21200 0.32850
v 0.43150 0.21200 0.33550
v -0.38250 0.21200 0.33650
v -0.42550 0.21200 0.33950
v -0.42450 0.21200 0.34050
v -0.42750 0.21200 0.34050
v -0.37650 0.21200 0.34250
v -0.42650 0.21200 0.34250
v 0.37150 0.21200 0.34850
v 0.41450 0.21200 0.35250
v 0.41650 0.21200 0.35450
v 0.41350 0.21200 0.35450
v 0.36550 0.21200 0.35550
v 0.41450 0.21200 0.35650
v -0.41050 0.21200 0.36150
v -0.40450 0.21200 0.36750
v 0.39850 0.21200 0.37450
v -0.34350 0.21200 0.37650
v 0.39250 0.21200 0.38050
v -0.33650 0.21200 0.38250
v -0.38550 0.21200 0.38350
v -0.38450 0.21200 0.38550
v -0.38750 0.21200 0.38550
v 0.33050 0.21200 0.38750
v -0.38550 0.21200 0.38750
v 0.32450 0.21200 0.39250
v 0.37350 0.21200 0.39650
v 0.37150 0.21200 0.39750
v 0.37450 0.21200 0.39850
v 0.37350 0.21200 0.39950
v -0.36850 0.21200 0.40350
v -0.36150 0.21200 0.40950
v -0.29950 0.21200 0.41150
v 0.35450 0.21200 0.41550
v -0.29350 0.21200 0.41650
v 0.34850 0.21200 0.42150
v 0.28650 0.21200 0.42150
v -0.34150 0.21200 0.42350
v -0.33950 0.21200 0.42550
v -0.34250 0.21200 0.42550
v 0.27950 0.21200 0.42650
v -0.34150 0.21200 0.42750
v 0.32750 0.21200 0.43450
v 0.32850 0.21200 0.43650
v 0.32550 0.21200 0.43650
v 0.32750 0.21200 0.43850
v -0.32150 0.21200 0.44150
v -0.25250 0.21200 0.44250
v -0.24550 0.21200 0.44650
v -0.31450 0.21200 0.44750
v 0.23850 0.21200 0.45050
v 0.30750 0.21200 0.45250
v 0.23050 0.21200 0.45450
v 0.29950 0.21200 0.45750
v -0.29250 0.21200 0.45850
v -0.29150 0.21200 0.46050
v -0.29450 0.21200 0.46050
v -0.29250 0.21200 0.46150
v -0.20250 0.21200 0.46750
v 0.27750 0.21200 0.46850
v 0.27550 0.21200 0.46950
v 0.27850 0.21200 0.47050
v -0.19550 0.21200 0.47050
v 0.27750 0.21200 0.47150
v 0.18750 0.21200 0.47350
v -0.27150 0.21200 0.47450
v 0.17950 0.21200 0.47650
v -0.26350 0.21200 0.47850
v 0.25550 0.21200 0.48350
v -0.15050 0.21200 0.48650
v 0.24750 0.21200 0.48750
v -0.24050 0.21200 0.48850
v -0.14250 0.21200 0.48950
v -0.23850 0.21200 0.48950
v -0.24150 0.21200 0.49050
v 0.13450 0.21200 0.49150
v -0.23950 0.21200 0.49150
v 0.12650 0.21200 0.49350
v 0.22450 0.21200 0.49550
v 0.22250 0.21200 0.49650
v 0.22550 0.21200 0.49750
v 0.22350 0.21200 0.49850
v -0.09550 0.21200 0.50050
v -0.08750 0.21200 0.50150
v -0.21750 0.21200 0.50150
v 0.07950 0.21200 0.50350
v 0.07150 0.21200 0.50450
v -0.20950 0.21200 0.50550
v -0.04050 0.21200 0.50750
v 0.20150 0.21200 0.50850
v -0.03250 0.21200 0.50850
v 0.02350 0.21200 0.50950
v 0.01550 0.21200 0.50950
v 0.19250 0.21200 0.51150
v -0.18550 0.21200 0.51150
v -0.18350 0.21200 0.51250
v -0.18650 0.21200 0.51350
v -0.18450 0.21200 0.51450
v 0.16850 0.21200 0.51750
v 0.16650 0.21200 0.51850
v 0.16950 0.21200 0.51950
v 0.16750 0.21200 0.52050
v -0.16150 0.21200 0.52250
v -0.15250 0.21200 0.52450
v 0.14450 0.21200 0.52750
v 0.13550 0.21200 0.52950
v -0.12650 0.21200 0.52950
v -0.12850 0.21200 0.52950
v -0.12650 0.21200 0.53150
v -0.12850 0.21200 0.53150
v 0.11150 0.21200 0.53250
v 0.10950 0.21200 0.53350
v 0.11150 0.21200 0.53550
v 0.10950 0.21200 0.53550
v -0.10250 0.21200 0.53650
v -0.09450 0.21200 0.53850
v -0.06950 0.21200 0.53950
v 0.08550 0.21200 0.54050
v -0.06750 0.21200 0.54050
v 0.07650 0.21200 0.54150
v 0.05250 0.21200 0.54150
v 0.04950 0.21200 0.54250
v -0.06750 0.21200 0.54250
v -0.06950 0.21200 0.54250
v 0.05250 0.21200 0.54450
v 0.05050 0.21200 0.54450
v -0.00750 0.21200 0.54450
v -0.00950 0.21200 0.54450
v -0.04350 0.21200 0.54450
v -0.03450 0.21200 0.54550
v 0.02550 0.21200 0.54650
v 0.01650 0.21200 0.54650
v -0.00750 0.21200 0.54650
v -0.01050 0.21200 0.54650
v -0.53350 0.20800 -0.11850
v -0.69750 0.20800 0.31450
v -0.52250 0.20700 -0.15850
v -0.69650 0.20700 0.31050
v -0.63250 0.20600 0.41050
v 0.63250 0.20400 -0.16750
v 0.52050 0.20200 0.42750
v -0.52750 0.20200 0.42850
v 0.43050 0.20000 0.52050
v -0.43750 0.20000 0.52050
v 0.49650 0.19900 0.45450
v -0.69150 0.19800 0.31750
v 0.41850 0.19700 0.53950
v 0.64450 0.19600 -0.13550
v -0.63950 0.19500 -0.16350
v -0.63650 0.19500 -0.16050
v -0.63350 0.19500 0.40650
v 0.63250 0.19200 -0.09550
v -0.53150 0.18800 0.41950
v -0.53350 0.18800 0.42450
v -0.53250 0.18800 0.42550
v -0.52850 0.18800 0.42850
v -0.49750 0.18800 0.45450
v 0.48950 0.18800 0.45550
v 0.48750 0.18800 0.45950
v -0.49450 0.18800 0.45950
v 0.48850 0.18800 0.46150
v 0.52350 0.18700 0.42750
v 0.48550 0.18700 0.45550
v -0.49250 0.18700 0.45550
v 0.48550 0.18700 0.45950
v -0.49250 0.18700 0.45950
v 0.48450 0.18700 0.47250
v -0.49150 0.18700 0.47250
v 0.48650 0.18700 0.47450
v 0.43050 0.18700 0.51950
v -0.43750 0.18700 0.51950
v 0.43150 0.18700 0.52050
v -0.43850 0.18700 0.52050
v 0.43250 0.18700 0.52150
v -0.43950 0.18700 0.52150
v -0.64550 0.18100 -0.05750
v 0.59350 0.18000 0.40450
v -0.59750 0.18000 0.41350
v -0.63750 0.17600 0.40850
v 0.49850 0.17600 0.45650
v -0.50650 0.17600 0.45650
v -0.63050 0.17500 0.28550
v -0.53450 0.17500 0.42550
v -0.53150 0.17300 0.42650
v 0.43150 0.17300 0.52050
v -0.43850 0.17300 0.52050
v -0.63850 0.17200 0.28250
v -0.63950 0.17200 0.28450
v -0.64150 0.17200 0.28650
v 0.64550 0.17100 -0.13450
v 0.63250 0.16900 -0.09450
v -0.63950 0.16800 -0.16350
v 0.30250 0.16400 0.60250
v -0.30950 0.16400 0.60250
v -0.52250 0.16200 -0.15850
v -0.53350 0.16100 -0.11850
v -0.69850 0.16100 -0.09650
v -0.70050 0.16100 0.31450
v -0.70050 0.16100 0.31650
v -0.69950 0.16000 0.31250
v -0.63750 0.16000 0.40850
v -0.69550 0.15900 -0.07550
v 0.29650 0.15800 0.60450
v 0.01450 0.15700 -0.54650
v 0.00550 0.15700 -0.54650
v -0.01950 0.15700 -0.54550
v -0.02150 0.15700 -0.54550
v 0.04050 0.15700 -0.54450
v 0.03850 0.15700 -0.54450
v -0.04550 0.15700 -0.54450
v -0.01950 0.15700 -0.54350
v -0.02150 0.15700 -0.54350
v -0.05450 0.15700 -0.54350
v 0.06550 0.15700 -0.54250
v 0.04050 0.15700 -0.54250
v 0.03850 0.15700 -0.54250
v 0.07450 0.15700 -0.54150
v -0.07850 0.15700 -0.54050
v -0.08150 0.15700 -0.54050
v -0.07850 0.15700 -0.53850
v 0.09850 0.15700 -0.53750
v -0.08050 0.15700 -0.53750
v 0.10050 0.15700 -0.53650
v 0.09750 0.15700 -0.53550
v -0.10550 0.15700 -0.53550
v 0.10050 0.15700 -0.53450
v -0.11450 0.15700 -0.53450
v 0.12450 0.15700 -0.53150
v 0.13350 0.15700 -0.52950
v -0.13750 0.15700 -0.52850
v -0.13950 0.15700 -0.52750
v -0.13750 0.15700 -0.52650
v -0.13950 0.15700 -0.52550
v 0.15650 0.15700 -0.52350
v 0.15850 0.15700 -0.52250
v 0.15650 0.15700 -0.52150
v -0.16350 0.15700 -0.52150
v 0.15850 0.15700 -0.52050
v -0.17250 0.15700 -0.51850
v 0.18250 0.15700 -0.51550
v 0.19050 0.15700 -0.51150
v -0.19550 0.15700 -0.51050
v 0.00450 0.15700 -0.50950
v -0.19750 0.15700 -0.50950
v 0.01350 0.15700 -0.50850
v -0.19450 0.15700 -0.50850
v -0.04250 0.15700 -0.50750
v -0.19650 0.15700 -0.50750
v -0.05150 0.15700 -0.50650
v 0.06050 0.15700 -0.50550
v 0.06950 0.15700 -0.50450
v 0.21550 0.15700 -0.50250
v 0.21350 0.15700 -0.50250
v 0.21250 0.15700 -0.50050
v -0.21950 0.15700 -0.50050
v 0.21450 0.15700 -0.49950
v -0.09850 0.15700 -0.49950
v -0.10650 0.15700 -0.49750
v -0.22750 0.15700 -0.49650
v 0.11550 0.15700 -0.49550
v 0.12450 0.15700 -0.49350
v 0.23750 0.15700 -0.49150
v 0.24550 0.15700 -0.48750
v -0.15250 0.15700 -0.48550
v -0.24950 0.15700 -0.48550
v -0.25150 0.15700 -0.48450
v -0.16050 0.15700 -0.48350
v -0.24850 0.15700 -0.48350
v -0.25050 0.15700 -0.48250
v 0.16950 0.15700 -0.48050
v 0.17750 0.15700 -0.47750
v 0.26750 0.15700 -0.47650
v 0.26950 0.15700 -0.47550
v 0.26650 0.15700 -0.47450
v 0.26850 0.15700 -0.47350
v -0.27350 0.15700 -0.47250
v -0.28150 0.15700 -0.46850
v -0.20450 0.15700 -0.46650
v 0.29050 0.15700 -0.46250
v -0.21250 0.15700 -0.46250
v 0.29750 0.15700 -0.45850
v 0.22150 0.15700 -0.45850
v -0.30150 0.15700 -0.45550
v 0.22850 0.15700 -0.45450
v -0.30350 0.15700 -0.45450
v -0.30050 0.15700 -0.45350
v -0.30250 0.15700 -0.45250
v 0.31750 0.15700 -0.44450
v 0.31950 0.15700 -0.44250
v 0.31650 0.15700 -0.44250
v 0.31850 0.15700 -0.44150
v -0.25450 0.15700 -0.44050
v -0.32350 0.15700 -0.44050
v -0.26250 0.15700 -0.43650
v -0.33050 0.15700 -0.43450
v 0.27050 0.15700 -0.43150
v 0.33950 0.15700 -0.42850
v 0.27750 0.15700 -0.42650
v 0.34650 0.15700 -0.42250
v -0.34950 0.15700 -0.41950
v -0.34850 0.15700 -0.41750
v -0.35150 0.15700 -0.41750
v -0.35050 0.15700 -0.41650
v -0.30150 0.15700 -0.41050
v 0.36450 0.15700 -0.40650
v 0.36650 0.15700 -0.40550
v -0.30850 0.15700 -0.40550
v 0.36350 0.15700 -0.40450
v 0.36450 0.15700 -0.40350
v -0.36950 0.15700 -0.40150
v 0.31650 0.15700 -0.39950
v -0.37650 0.15700 -0.39550
v 0.32250 0.15700 -0.39350
v 0.38450 0.15700 -0.38850
v 0.39050 0.15700 -0.38250
v -0.39350 0.15700 -0.37850
v -0.39250 0.15700 -0.37650
v -0.39550 0.15700 -0.37650
v -0.39350 0.15700 -0.37550
v -0.34450 0.15700 -0.37450
v -0.35150 0.15700 -0.36850
v 0.40750 0.15700 -0.36450
v 0.40850 0.15700 -0.36250
v 0.40550 0.15700 -0.36250
v 0.35850 0.15700 -0.36250
v 0.40750 0.15700 -0.36150
v -0.41150 0.15700 -0.35850
v 0.36450 0.15700 -0.35650
v -0.41750 0.15700 -0.35150
v 0.42450 0.15700 -0.34350
v 0.43050 0.15700 -0.33650
v -0.38350 0.15700 -0.33450
v -0.43350 0.15700 -0.33250
v -0.43150 0.15700 -0.33150
v -0.43450 0.15700 -0.33150
v -0.43250 0.15700 -0.32950
v -0.38950 0.15700 -0.32850
v 0.39550 0.15700 -0.32050
v 0.44450 0.15700 -0.31750
v 0.44650 0.15700 -0.31550
v 0.44250 0.15700 -0.31550
v 0.44450 0.15700 -0.31450
v 0.40050 0.15700 -0.31350
v -0.44850 0.15700 -0.31150
v -0.45350 0.15700 -0.30350
v 0.45950 0.15700 -0.29550
v -0.41850 0.15700 -0.29050
v 0.46450 0.15700 -0.28750
v -0.42350 0.15700 -0.28350
v -0.46750 0.15700 -0.28350
v -0.46550 0.15700 -0.28250
v -0.46850 0.15700 -0.28150
v -0.46650 0.15700 -0.28050
v 0.42850 0.15700 -0.27550
v 0.43350 0.15700 -0.26850
v 0.47650 0.15700 -0.26650
v 0.47550 0.15700 -0.26550
v 0.47850 0.15700 -0.26450
v 0.47650 0.15700 -0.26350
v -0.48050 0.15700 -0.26050
v -0.48450 0.15700 -0.25250
v 0.48950 0.15700 -0.24250
v -0.44750 0.15700 -0.24250
v -0.45150 0.15700 -0.23550
v 0.49350 0.15700 -0.23450
v -0.49550 0.15700 -0.23050
v -0.49350 0.15700 -0.22950
v -0.49650 0.15700 -0.22850
v -0.49450 0.15700 -0.22750
v 0.45650 0.15700 -0.22650
v 0.45950 0.15700 -0.21850
v 0.50350 0.15700 -0.21250
v 0.50150 0.15700 -0.21150
v 0.50450 0.15700 -0.21050
v 0.50250 0.15700 -0.20950
v -0.50650 0.15700 -0.20550
v -0.50950 0.15700 -0.19750
v -0.47150 0.15700 -0.19150
v 0.51350 0.15700 -0.18750
v -0.47450 0.15700 -0.18450
v 0.51750 0.15700 -0.17650
v 0.47850 0.15700 -0.17550
v -0.51750 0.15700 -0.17450
v -0.51550 0.15700 -0.17350
v -0.51850 0.15700 -0.17250
v -0.51650 0.15700 -0.17150
v 0.48250 0.15700 -0.16450
v 0.52450 0.15700 -0.15350
v 0.52250 0.15700 -0.15250
v 0.52550 0.15700 -0.15150
v 0.52250 0.15700 -0.15050
v -0.52550 0.15700 -0.14950
v -0.52750 0.15700 -0.14050
v -0.48950 0.15700 -0.13850
v -0.49250 0.15700 -0.13050
v 0.53150 0.15700 -0.12750
v 0.53350 0.15700 -0.11850
v 0.49550 0.15700 -0.11850
v -0.53150 0.15700 -0.11650
v -0.53350 0.15700 -0.11650
v -0.53150 0.15700 -0.11450
v -0.53450 0.15700 -0.11450
v 0.49750 0.15700 -0.11050
v 0.53850 0.15700 -0.09450
v 0.53550 0.15700 -0.09450
v 0.53850 0.15700 -0.09250
v 0.53650 0.15700 -0.09250
v -0.53850 0.15700 -0.09050
v -0.69250 0.15700 -0.09050
v -0.50250 0.15700 -0.08450
v -0.54050 0.15700 -0.08150
v -0.50350 0.15700 -0.07650
v 0.54250 0.15700 -0.06850
v 0.50550 0.15700 -0.06350
v 0.54350 0.15700 -0.05950
v -0.54150 0.15700 -0.05750
v -0.54350 0.15700 -0.05750
v 0.50650 0.15700 -0.05550
v -0.54350 0.15700 -0.05550
v -0.54150 0.15700 -0.05450
v 0.54550 0.15700 -0.03550
v 0.54350 0.15700 -0.03450
v 0.54550 0.15700 -0.03250
v 0.54350 0.15700 -0.03250
v -0.54550 0.15700 -0.03050
v -0.50850 0.15700 -0.02850
v -0.54650 0.15700 -0.01750
v -0.50850 0.15700 -0.01650
v 0.54650 0.15700 -0.00850
v 0.50950 0.15700 -0.00750
v 0.54650 0.15700 0.00050
v 0.50950 0.15700 0.00050
v -0.54450 0.15700 0.00650
v -0.54650 0.15700 0.00650
v -0.54450 0.15700 0.00950
v -0.54650 0.15700 0.00950
v 0.54550 0.15700 0.02450
v 0.54350 0.15700 0.02450
v 0.54550 0.15700 0.02750
v 0.54350 0.15700 0.02750
v -0.50850 0.15700 0.03150
v -0.54550 0.15700 0.03350
v -0.50750 0.15700 0.03950
v -0.54450 0.15700 0.04250
v 0.50750 0.15700 0.04850
v 0.54450 0.15700 0.05150
v 0.50650 0.15700 0.05650
v 0.54350 0.15700 0.06050
v -0.54050 0.15700 0.06650
v -0.54250 0.15700 0.06650
v -0.53950 0.15700 0.06850
v -0.54250 0.15700 0.06950
v 0.53950 0.15700 0.08450
v 0.53750 0.15700 0.08450
v 0.53950 0.15700 0.08650
v 0.53750 0.15700 0.08650
v -0.50150 0.15700 0.08650
v -0.53850 0.15700 0.09350
v -0.50050 0.15700 0.09550
v -0.53650 0.15700 0.10250
v 0.49850 0.15700 0.10350
v 0.53550 0.15700 0.11050
v 0.49750 0.15700 0.11150
v 0.53350 0.15700 0.11950
v -0.52950 0.15700 0.12550
v -0.53150 0.15700 0.12650
v -0.52850 0.15700 0.12750
v -0.53150 0.15700 0.12850
v -0.48950 0.15700 0.14150
v 0.52550 0.15700 0.14250
v 0.52750 0.15700 0.14350
v 0.52450 0.15700 0.14450
v 0.52650 0.15700 0.14550
v -0.48650 0.15700 0.14950
v -0.52450 0.15700 0.15150
v 0.48450 0.15700 0.15750
v -0.52250 0.15700 0.16050
v 0.48150 0.15700 0.16550
v 0.51950 0.15700 0.16950
v 0.51650 0.15700 0.17750
v -0.51250 0.15700 0.18250
v -0.51450 0.15700 0.18350
v -0.51150 0.15700 0.18450
v -0.51350 0.15700 0.18550
v -0.47050 0.15700 0.19450
v 0.50650 0.15700 0.19950
v 0.50850 0.15700 0.20050
v 0.50550 0.15700 0.20150
v 0.50750 0.15700 0.20250
v -0.46750 0.15700 0.20250
v -0.50550 0.15700 0.20850
v 0.46450 0.15700 0.20950
v -0.50150 0.15700 0.21650
v 0.46050 0.15700 0.21750
v 0.49850 0.15700 0.22550
v 0.49450 0.15700 0.23350
v -0.48950 0.15700 0.23850
v -0.49150 0.15700 0.23950
v -0.48850 0.15700 0.24050
v -0.49050 0.15700 0.24150
v -0.44650 0.15700 0.24450
v -0.44250 0.15700 0.25250
v 0.48150 0.15700 0.25450
v 0.48350 0.15700 0.25550
v 0.48050 0.15700 0.25550
v 0.48250 0.15700 0.25750
v 0.43850 0.15700 0.25950
v -0.47950 0.15700 0.26250
v 0.43450 0.15700 0.26650
v -0.47450 0.15700 0.27050
v 0.47050 0.15700 0.27850
v 0.46550 0.15700 0.28650
v -0.46050 0.15700 0.29050
v -0.46250 0.15700 0.29150
v -0.41750 0.15700 0.29250
v -0.45950 0.15700 0.29250
v -0.46150 0.15700 0.29350
v -0.41250 0.15700 0.29950
v 0.45050 0.15700 0.30550
v 0.45250 0.15700 0.30650
v 0.40750 0.15700 0.30650
v 0.44950 0.15700 0.30750
v 0.45150 0.15700 0.30850
v 0.40250 0.15700 0.31250
v -0.44750 0.15700 0.31350
v -0.44250 0.15700 0.32150
v 0.43750 0.15700 0.32850
v 0.43150 0.15700 0.33550
v -0.38250 0.15700 0.33650
v -0.42550 0.15700 0.33950
v -0.42450 0.15700 0.34050
v -0.42750 0.15700 0.34050
v -0.37650 0.15700 0.34250
v -0.42650 0.15700 0.34250
v 0.37150 0.15700 0.34850
v 0.41450 0.15700 0.35250
v 0.41650 0.15700 0.35450
v 0.41350 0.15700 0.35450
v 0.36550 0.15700 0.35550
v 0.41450 0.15700 0.35650
v -0.41050 0.15700 0.36150
v -0.40450 0.15700 0.36750
v 0.39850 0.15700 0.37450
v -0.34350 0.15700 0.37650
v 0.39250 0.15700 0.38050
v -0.33650 0.15700 0.38250
v -0.38550 0.15700 0.38350
v -0.38450 0.15700 0.38550
v -0.38750 0.15700 0.38550
v 0.33050 0.15700 0.38750
v -0.38550 0.15700 0.38750
v 0.32450 0.15700 0.39250
v 0.37350 0.15700 0.39650
v 0.37150 0.15700 0.39750
v 0.37450 0.15700 0.39850
v 0.37350 0.15700 0.39950
v -0.36850 0.15700 0.40350
v -0.36150 0.15700 0.40950
v -0.29950 0.15700 0.41150
v 0.35450 0.15700 0.41550
v -0.29350 0.15700 0.41650
v 0.34850 0.15700 0.42150
v 0.28650 0.15700 0.42150
v -0.34150 0.15700 0.42350
v -0.33950 0.15700 0.42550
v -0.34250 0.15700 0.42550
v 0.27950 0.15700 0.42650
v -0.34150 0.15700 0.42750
v 0.32750 0.15700 0.43450
v 0.32850 0.15700 0.43650
v 0.32550 0.15700 0.43650
v 0.32750 0.15700 0.43850
v -0.32150 0.15700 0.44150
v -0.25250 0.15700 0.44250
v -0.24550 0.15700 0.44650
v -0.31450 0.15700 0.44750
v 0.23850 0.15700 0.45050
v 0.30750 0.15700 0.45250
v 0.23050 0.15700 0.45450
v 0.29950 0.15700 0.45750
v -0.29250 0.15700 0.45850
v -0.29150 0.15700 0.46050
v -0.29450 0.15700 0.46050
v -0.29250 0.15700 0.46150
v -0.20250 0.15700 0.46750
v 0.27750 0.15700 0.46850
v 0.27550 0.15700 0.46950
v 0.27850 0.15700 0.47050
v -0.19550 0.15700 0.47050
v 0.27750 0.15700 0.47150
v 0.18750 0.15700 0.47350
v -0.27150 0.15700 0.47450
v 0.17950 0.15700 0.47650
v -0.26350 0.15700 0.47850
v 0.25550 0.15700 0.48350
v -0.15050 0.15700 0.48650
v 0.24750 0.15700 0.48750
v -0.24050 0.15700 0.48850
v -0.14250 0.15700 0.48950
v -0.23850 0.15700 0.48950
v -0.24150 0.15700 0.49050
v 0.13450 0.15700 0.49150
v -0.23950 0.15700 0.49150
v 0.12650 0.15700 0.49350
v 0.22450 0.15700 0.49550
v 0.22250 0.15700 0.49650
v 0.22550 0.15700 0.49750
v 0.22350 0.15700 0.49850
v -0.09550 0.15700 0.50050
v -0.08750 0.15700 0.50150
v -0.21750 0.15700 0.50150
v 0.07950 0.15700 0.50350
v 0.07150 0.15700 0.50450
v -0.20950 0.15700 0.50550
v -0.04050 0.15700 0.50750
v 0.20150 0.15700 0.50850
v -0.03250 0.15700 0.50850
v 0.02350 0.15700 0.50950
v 0.01550 0.15700 0.50950
v 0.19250 0.15700 0.51150
v -0.18550 0.15700 0.51150
v -0.18350 0.15700 0.51250
v -0.18650 0.15700 0.51350
v -0.18450 0.15700 0.51450
v 0.16850 0.15700 0.51750
v 0.16650 0.15700 0.51850
v 0.16950 0.15700 0.51950
v 0.16750 0.15700 0.52050
v -0.16150 0.15700 0.52250
v -0.15250 0.15700 0.52450
v 0.14450 0.15700 0.52750
v 0.13550 0.15700 0.52950
v -0.12650 0.15700 0.52950
v -0.12850 0.15700 0.52950
v -0.12650 0.15700 0.53150
v -0.12850 0.15700 0.53150
v 0.11150 0.15700 0.53250
v 0.10950 0.15700 0.53350
v 0.11150 0.15700 0.53550
v 0.10950 0.15700 0.53550
v -0.10250 0.15700 0.53650
v -0.09450 0.15700 0.53850
v -0.06950 0.15700 0.53950
v 0.08550 0.15700 0.54050
v -0.06750 0.15700 0.54050
v 0.07650 0.15700 0.54150
v 0.05250 0.15700 0.54150
v 0.04950 0.15700 0.54250
v -0.06750 0.15700 0.54250
v -0.06950 0.15700 0.54250
v 0.05250 0.15700 0.54450
v 0.05050 0.15700 0.54450
v -0.00750 0.15700 0.54450
v -0.00950 0.15700 0.54450
v -0.04350 0.15700 0.54450
v -0.03450 0.15700 0.54550
v 0.02550 0.15700 0.54650
v 0.01650 0.15700 0.54650
v -0.00750 0.15700 0.54650
v -0.01050 0.15700 0.54650
v -0.00350 0.15700 0.64450
v 0.04750 0.15600 0.64350
v 0.26450 0.15500 0.61250
v -0.64050 0.15400 -0.16550
v -0.63850 0.15400 -0.16450
v -0.63750 0.15400 -0.16250
v 0.59250 0.15400 0.40150
v 0.49950 0.15400 0.45550
v 0.19550 0.15400 0.62750
v -0.20250 0.15400 0.62750
v -0.64150 0.15200 -0.05750
v 0.21750 0.15200 0.62350
v 0.15050 0.15200 0.63550
v -0.15750 0.15200 0.63550
v 0.53750 0.15100 0.43050
v 0.42150 0.15100 0.54050
v 0.50250 0.14900 0.46750
v -0.53950 0.14800 0.42450
v 0.51950 0.14800 0.44750
v -0.53650 0.14700 0.42550
v 0.48350 0.14700 0.48450
v 0.43250 0.14700 0.52050
v -0.44050 0.14700 0.52050
v 0.43450 0.14700 0.52350
v -0.44150 0.14700 0.52350
v 0.63650 0.14600 -0.17050
v 0.63450 0.14600 -0.16750
v 0.64450 0.14600 -0.16550
v 0.64150 0.14600 -0.16450
v 0.64650 0.14600 -0.13850
v 0.55250 0.14600 0.41750
v 0.63450 0.14500 -0.09750
v -0.70050 0.14500 0.31450
v -0.63850 0.14500 0.40950
v 0.45050 0.14500 0.51050
v 0.52750 0.14400 0.42750
v -0.53450 0.14400 0.42850
v 0.53150 0.14400 0.43550
v 0.48950 0.14400 0.47750
v -0.49650 0.14400 0.47750
v 0.48350 0.14400 0.48650
v -0.49050 0.14400 0.48650
v 0.45850 0.14400 0.50350
v -0.46550 0.14400 0.50350
v 0.42750 0.14400 0.53050
v -0.43450 0.14400 0.53050
v -0.64650 0.14300 -0.05950
v -0.64550 0.14300 -0.05850
v -0.64450 0.14300 -0.05650
v 0.51650 0.14300 0.45350
v -0.52350 0.14300 0.45350
v 0.49950 0.14300 0.46950
v 0.46550 0.14300 0.50350
v -0.47250 0.14300 0.50350
v 0.44650 0.14300 0.51850
v -0.45350 0.14300 0.51850
v -0.53750 0.14200 0.41850
v 0.54050 0.14200 0.42950
v 0.49150 0.14200 0.46350
v 0.48650 0.14200 0.47550
v -0.49450 0.14200 0.47550
v 0.48450 0.14200 0.48750
v -0.49250 0.14200 0.48750
v 0.42850 0.14200 0.53550
v -0.43550 0.14200 0.53550
v 0.53050 0.14100 0.43450
v -0.53750 0.14100 0.43450
v 0.45550 0.14100 0.50350
v -0.46250 0.14100 0.50350
v 0.44550 0.14100 0.51150
v -0.45250 0.14100 0.51150
v -0.50350 0.14000 0.45450
v 0.49150 0.14000 0.45550
v -0.49850 0.14000 0.45550
v 0.49350 0.14000 0.45950
v 0.49150 0.14000 0.45950
v -0.49850 0.14000 0.45950
v -0.50050 0.14000 0.45950
v 0.42350 0.14000 0.53250
v -0.43050 0.14000 0.53250
v 0.49550 0.13900 0.45550
v -0.54050 0.13700 0.42450
v 0.53550 0.13700 0.42850
v 0.63650 0.13400 0.37550
v 0.53450 0.13400 0.42550
v 0.30050 0.13000 0.60350
v -0.30850 0.13000 0.60350
v -0.63950 0.12400 0.28350
v 0.50750 0.12400 0.45550
v 0.50850 0.12400 0.45950
v -0.54750 0.11900 0.42850
v 0.30350 0.11700 0.60350
v -0.31050 0.11700 0.60350
v -0.64050 0.11400 -0.16750
v -0.63750 0.11400 -0.16450
v -0.70450 0.11400 0.31750
v -0.64350 0.11400 0.40750
v -0.63950 0.11400 0.40950
v -0.70250 0.11300 0.31350
v -0.69450 0.11300 0.31950
v 0.30050 0.11300 0.60450
v -0.70150 0.11200 -0.09950
v -0.70250 0.11200 -0.09550
v -0.63750 0.11200 0.40550
v -0.69950 0.11100 -0.07950
v -0.69650 0.11100 -0.07650
v 0.01050 0.10900 -0.54650
v -0.01350 0.10900 -0.54650
v 0.01950 0.10900 -0.54550
v -0.01550 0.10900 -0.54550
v 0.04650 0.10900 -0.54450
v 0.04450 0.10900 -0.54450
v -0.04050 0.10900 -0.54450
v -0.01350 0.10900 -0.54350
v -0.01550 0.10900 -0.54350
v -0.04950 0.10900 -0.54350
v 0.04350 0.10900 -0.54250
v 0.07050 0.10900 -0.54150
v 0.04650 0.10900 -0.54150
v -0.07350 0.10900 -0.54150
v 0.07950 0.10900 -0.54050
v -0.07550 0.10900 -0.54050
v -0.07350 0.10900 -0.53850
v -0.07550 0.10900 -0.53850
v -0.09950 0.10900 -0.53750
v 0.10350 0.10900 -0.53650
v 0.10550 0.10900 -0.53550
v -0.10850 0.10900 -0.53550
v 0.10350 0.10900 -0.53450
v 0.10550 0.10900 -0.53350
v 0.12950 0.10900 -0.53050
v -0.13250 0.10900 -0.52950
v -0.13450 0.10900 -0.52950
v 0.13850 0.10900 -0.52850
v -0.13250 0.10900 -0.52750
v -0.13450 0.10900 -0.52750
v -0.15850 0.10900 -0.52250
v 0.16450 0.10900 -0.52150
v 0.16150 0.10900 -0.52150
v -0.16650 0.10900 -0.52050
v 0.16150 0.10900 -0.51950
v 0.16350 0.10900 -0.51850
v 0.18750 0.10900 -0.51350
v -0.18950 0.10900 -0.51250
v -0.19250 0.10900 -0.51150
v 0.19550 0.10900 -0.51050
v 0.01050 0.10900 -0.50950
v -0.18950 0.10900 -0.50950
v -0.19150 0.10900 -0.50950
v 0.01850 0.10900 -0.50850
v -0.03750 0.10900 -0.50750
v -0.04550 0.10900 -0.50750
v 0.06550 0.10900 -0.50450
v 0.07450 0.10900 -0.50350
v -0.21450 0.10900 -0.50250
v 0.21850 0.10900 -0.50050
v -0.09350 0.10900 -0.50050
v 0.22050 0.10900 -0.49950
v 0.21750 0.10900 -0.49850
v -0.10150 0.10900 -0.49850
v -0.22250 0.10900 -0.49850
v 0.21950 0.10900 -0.49750
v 0.12050 0.10900 -0.49450
v 0.12950 0.10900 -0.49250
v 0.24250 0.10900 -0.48950
v -0.24550 0.10900 -0.48850
v -0.14750 0.10900 -0.48750
v -0.24750 0.10900 -0.48750
v -0.24450 0.10900 -0.48650
v 0.25050 0.10900 -0.48550
v -0.24650 0.10900 -0.48550
v -0.15550 0.10900 -0.48450
v 0.17450 0.10900 -0.47850
v 0.18250 0.10900 -0.47550
v -0.26850 0.10900 -0.47550
v 0.27150 0.10900 -0.47350
v 0.27350 0.10900 -0.47250
v 0.27050 0.10900 -0.47150
v -0.27650 0.10900 -0.47150
v 0.27250 0.10900 -0.47050
v -0.20050 0.10900 -0.46850
v -0.20750 0.10900 -0.46450
v 0.29450 0.10900 -0.45950
v -0.29750 0.10900 -0.45850
v -0.29950 0.10900 -0.45750
v 0.22550 0.10900 -0.45650
v -0.29550 0.10900 -0.45650
v 0.30250 0.10900 -0.45550
v -0.29750 0.10900 -0.45550
v 0.23350 0.10900 -0.45250
v -0.25050 0.10900 -0.44350
v -0.31950 0.10900 -0.44350
v 0.32250 0.10900 -0.44150
v 0.32450 0.10900 -0.43950
v 0.32150 0.10900 -0.43950
v -0.25750 0.10900 -0.43950
v 0.32250 0.10900 -0.43750
v -0.32650 0.10900 -0.43750
v 0.27450 0.10900 -0.42850
v 0.34350 0.10900 -0.42450
v 0.28150 0.10900 -0.42450
v -0.34550 0.10900 -0.42250
v -0.34450 0.10900 -0.42150
v -0.34750 0.10900 -0.42150
v 0.35050 0.10900 -0.41950
v -0.34550 0.10900 -0.41950
v -0.29750 0.10900 -0.41350
v -0.30450 0.10900 -0.40850
v -0.36550 0.10900 -0.40550
v 0.36850 0.10900 -0.40350
v 0.37050 0.10900 -0.40150
v 0.36750 0.10900 -0.40150
v 0.36850 0.10900 -0.39950
v -0.37250 0.10900 -0.39950
v 0.32050 0.10900 -0.39550
v 0.32650 0.10900 -0.39050
v 0.38850 0.10900 -0.38450
v -0.39050 0.10900 -0.38250
v -0.38850 0.10900 -0.38050
v -0.39150 0.10900 -0.38050
v -0.39050 0.10900 -0.37950
v 0.39450 0.10900 -0.37850
v -0.34150 0.10900 -0.37750
v -0.34750 0.10900 -0.37250
v -0.40850 0.10900 -0.36250
v 0.41050 0.10900 -0.36050
v 0.41250 0.10900 -0.35850
v 0.40950 0.10900 -0.35850
v 0.36150 0.10900 -0.35850
v 0.41050 0.10900 -0.35650
v -0.41450 0.10900 -0.35650
v 0.36750 0.10900 -0.35250
v 0.42750 0.10900 -0.33950
v -0.38050 0.10900 -0.33850
v -0.42950 0.10900 -0.33750
v -0.42750 0.10900 -0.33550
v -0.43150 0.10900 -0.33550
v -0.42950 0.10900 -0.33450
v 0.43350 0.10900 -0.33250
v -0.38650 0.10900 -0.33150
v 0.39850 0.10900 -0.31650
v -0.44550 0.10900 -0.31550
v 0.44750 0.10900 -0.31250
v 0.44950 0.10900 -0.31150
v 0.44650 0.10900 -0.31150
v 0.44750 0.10900 -0.30950
v 0.40450 0.10900 -0.30950
v -0.45050 0.10900 -0.30850
v -0.41550 0.10900 -0.29450
v 0.46250 0.10900 -0.29050
v -0.42050 0.10900 -0.28750
v -0.46450 0.10900 -0.28750
v -0.46250 0.10900 -0.28650
v -0.46550 0.10900 -0.28650
v -0.46350 0.10900 -0.28450
v 0.46750 0.10900 -0.28250
v 0.43150 0.10900 -0.27050
v -0.47750 0.10900 -0.26550
v 0.43550 0.10900 -0.26350
v 0.47950 0.10900 -0.26150
v 0.47750 0.10900 -0.26050
v 0.48050 0.10900 -0.25950
v 0.47850 0.10900 -0.25850
v -0.48250 0.10900 -0.25750
v -0.44550 0.10900 -0.24750
v -0.44950 0.10900 -0.23950
v 0.49150 0.10900 -0.23850
v -0.49350 0.10900 -0.23550
v -0.49050 0.10900 -0.23450
v -0.49350 0.10900 -0.23350
v -0.49150 0.10900 -0.23250
v 0.49550 0.10900 -0.22950
v 0.45850 0.10900 -0.22150
v 0.46250 0.10900 -0.21450
v -0.50350 0.10900 -0.21050
v 0.50550 0.10900 -0.20750
v 0.50350 0.10900 -0.20650
v 0.50650 0.10900 -0.20550
v 0.50450 0.10900 -0.20450
v -0.50750 0.10900 -0.20250
v -0.46950 0.10900 -0.19650
v -0.47250 0.10900 -0.18850
v 0.51550 0.10900 -0.18250
v -0.51550 0.10900 -0.17950
v -0.51350 0.10900 -0.17850
v -0.51650 0.10900 -0.17750
v -0.51450 0.10900 -0.17650
v 0.51850 0.10900 -0.17150
v 0.48050 0.10900 -0.17050
v 0.48350 0.10900 -0.15950
v -0.52450 0.10900 -0.15450
v 0.52650 0.10900 -0.14850
v 0.52350 0.10900 -0.14750
v 0.52650 0.10900 -0.14550
v 0.52450 0.10900 -0.14550
v -0.52650 0.10900 -0.14550
v -0.48850 0.10900 -0.14350
v -0.49050 0.10900 -0.13550
v 0.53250 0.10900 -0.12250
v -0.53050 0.10900 -0.12150
v -0.53250 0.10900 -0.12150
v -0.53050 0.10900 -0.11950
v -0.53350 0.10900 -0.11950
v 0.53450 0.10900 -0.11350
v 0.49650 0.10900 -0.11350
v 0.49850 0.10900 -0.10550
v -0.53750 0.10900 -0.09550
v 0.53950 0.10900 -0.08950
v 0.53650 0.10900 -0.08950
v -0.50150 0.10900 -0.08950
v 0.53950 0.10900 -0.08750
v 0.53750 0.10900 -0.08650
v -0.53950 0.10900 -0.08650
v -0.50250 0.10900 -0.08150
v 0.54250 0.10900 -0.06350
v -0.54050 0.10900 -0.06250
v -0.54250 0.10900 -0.06250
v -0.54050 0.10900 -0.06050
v -0.54250 0.10900 -0.06050
v 0.50550 0.10900 -0.05850
v 0.54350 0.10900 -0.05450
v 0.50650 0.10900 -0.05050
v -0.54550 0.10900 -0.03650
v -0.50850 0.10900 -0.03350
v 0.54550 0.10900 -0.02950
v 0.54350 0.10900 -0.02950
v 0.54550 0.10900 -0.02750
v 0.54350 0.10900 -0.02750
v -0.54550 0.10900 -0.02250
v -0.50850 0.10900 -0.02150
v 0.54650 0.10900 -0.00350
v 0.50950 0.10900 -0.00250
v -0.54450 0.10900 0.00150
v -0.54650 0.10900 0.00150
v -0.54450 0.10900 0.00350
v -0.54650 0.10900 0.00350
v 0.54650 0.10900 0.00550
v 0.50950 0.10900 0.00550
v -0.50850 0.10900 0.02650
v -0.54550 0.10900 0.02850
v 0.54550 0.10900 0.03050
v 0.54350 0.10900 0.03050
v 0.54550 0.10900 0.03250
v 0.54350 0.10900 0.03250
v -0.50850 0.10900 0.03450
v -0.54550 0.10900 0.03750
v 0.50650 0.10900 0.05350
v 0.54350 0.10900 0.05650
v 0.50550 0.10900 0.06150
v -0.54050 0.10900 0.06150
v -0.54250 0.10900 0.06150
v -0.54050 0.10900 0.06350
v -0.54250 0.10900 0.06350
v 0.54250 0.10900 0.06550
v -0.50250 0.10900 0.08150
v -0.53950 0.10900 0.08750
v 0.53650 0.10900 0.08950
v 0.53950 0.10900 0.09050
v -0.50150 0.10900 0.09050
v 0.53650 0.10900 0.09150
v 0.53850 0.10900 0.09250
v -0.53750 0.10900 0.09650
v 0.49750 0.10900 0.10850
v 0.53450 0.10900 0.11650
v 0.49550 0.10900 0.11650
v -0.53050 0.10900 0.12050
v -0.53250 0.10900 0.12050
v -0.53050 0.10900 0.12250
v -0.53250 0.10900 0.12250
v 0.53250 0.10900 0.12550
v -0.49050 0.10900 0.13650
v -0.48850 0.10900 0.14450
v -0.52650 0.10900 0.14650
v 0.52550 0.10900 0.14850
v 0.52350 0.10900 0.14850
v 0.52550 0.10900 0.15050
v 0.52350 0.10900 0.15050
v -0.52350 0.10900 0.15550
v 0.48250 0.10900 0.16250
v 0.48050 0.10900 0.17050
v 0.51850 0.10900 0.17450
v -0.51450 0.10900 0.17750
v -0.51650 0.10900 0.17850
v -0.51350 0.10900 0.17950
v -0.51550 0.10900 0.18050
v 0.51550 0.10900 0.18250
v -0.47250 0.10900 0.18950
v -0.46950 0.10900 0.19750
v -0.50750 0.10900 0.20350
v 0.50450 0.10900 0.20450
v 0.50650 0.10900 0.20550
v 0.50350 0.10900 0.20650
v 0.50550 0.10900 0.20750
v -0.50350 0.10900 0.21150
v 0.46250 0.10900 0.21450
v 0.45850 0.10900 0.22250
v 0.49550 0.10900 0.23050
v -0.49150 0.10900 0.23350
v -0.49350 0.10900 0.23450
v -0.49050 0.10900 0.23550
v -0.49250 0.10900 0.23650
v 0.49250 0.10900 0.23850
v -0.44950 0.10900 0.24050
v -0.44550 0.10900 0.24750
v -0.48150 0.10900 0.25750
v 0.47850 0.10900 0.25850
v 0.48050 0.10900 0.25950
v 0.47750 0.10900 0.26050
v 0.47950 0.10900 0.26150
v 0.43550 0.10900 0.26350
v -0.47750 0.10900 0.26550
v 0.43150 0.10900 0.27150
v 0.46750 0.10900 0.28350
v -0.46350 0.10900 0.28550
v -0.46550 0.10900 0.28650
v -0.46250 0.10900 0.28750
v -0.41950 0.10900 0.28850
v -0.46350 0.10900 0.28850
v 0.46250 0.10900 0.29050
v -0.41550 0.10900 0.29550
v 0.44750 0.10900 0.30950
v -0.45050 0.10900 0.30950
v 0.40450 0.10900 0.31050
v 0.44950 0.10900 0.31150
v 0.44650 0.10900 0.31150
v 0.44850 0.10900 0.31250
v 0.39950 0.10900 0.31650
v -0.44550 0.10900 0.31650
v 0.43350 0.10900 0.33250
v -0.38550 0.10900 0.33250
v -0.42950 0.10900 0.33450
v -0.42750 0.10900 0.33650
v -0.43050 0.10900 0.33650
v -0.42950 0.10900 0.33850
v 0.42850 0.10900 0.33950
v -0.38050 0.10900 0.33950
v 0.36750 0.10900 0.35250
v -0.41350 0.10900 0.35650
v 0.41050 0.10900 0.35750
v 0.41250 0.10900 0.35850
v 0.40950 0.10900 0.35850
v 0.36150 0.10900 0.35850
v 0.41150 0.10900 0.36050
v -0.40750 0.10900 0.36350
v -0.34750 0.10900 0.37350
v 0.39450 0.10900 0.37850
v -0.34050 0.10900 0.37850
v -0.38950 0.10900 0.37950
v -0.38850 0.10900 0.38150
v -0.39150 0.10900 0.38150
v -0.38950 0.10900 0.38350
v 0.38850 0.10900 0.38450
v 0.32650 0.10900 0.39050
v 0.32050 0.10900 0.39650
v 0.36950 0.10900 0.40050
v -0.37250 0.10900 0.40050
v 0.37050 0.10900 0.40150
v 0.36750 0.10900 0.40150
v 0.36950 0.10900 0.40350
v -0.36550 0.10900 0.40650
v -0.30350 0.10900 0.40850
v -0.29750 0.10900 0.41350
v 0.35050 0.10900 0.41950
v -0.34550 0.10900 0.42050
v -0.34350 0.10900 0.42150
v -0.34750 0.10900 0.42250
v -0.34550 0.10900 0.42350
v 0.28250 0.10900 0.42450
v 0.34350 0.10900 0.42550
v 0.27550 0.10900 0.42850
v 0.32350 0.10900 0.43850
v -0.32650 0.10900 0.43850
v 0.32150 0.10900 0.43950
v -0.25750 0.10900 0.43950
v 0.32450 0.10900 0.44050
v 0.32250 0.10900 0.44150
v -0.24950 0.10900 0.44350
v -0.31850 0.10900 0.44350
v 0.23350 0.10900 0.45250
v 0.30250 0.10900 0.45550
v -0.29750 0.10900 0.45550
v 0.22650 0.10900 0.45650
v -0.29550 0.10900 0.45750
v -0.29850 0.10900 0.45750
v -0.29650 0.10900 0.45950
v 0.29550 0.10900 0.46050
v -0.20750 0.10900 0.46550
v -0.19950 0.10900 0.46850
v 0.27350 0.10900 0.47050
v -0.27650 0.10900 0.47150
v 0.27450 0.10900 0.47250
v 0.27150 0.10900 0.47250
v 0.27250 0.10900 0.47450
v 0.18250 0.10900 0.47550
v -0.26850 0.10900 0.47650
v 0.17450 0.10900 0.47850
v 0.25050 0.10900 0.48550
v -0.15550 0.10900 0.48550
v -0.24550 0.10900 0.48550
v -0.24350 0.10900 0.48650
v -0.14750 0.10900 0.48750
v -0.24650 0.10900 0.48750
v -0.24450 0.10900 0.48850
v 0.24250 0.10900 0.48950
v 0.12950 0.10900 0.49250
v 0.12150 0.10900 0.49450
v 0.21950 0.10900 0.49850
v 0.21750 0.10900 0.49850
v -0.10050 0.10900 0.49950
v -0.22250 0.10900 0.49950
v 0.22050 0.10900 0.50050
v 0.21850 0.10900 0.50150
v -0.09250 0.10900 0.50150
v -0.21450 0.10900 0.50250
v 0.07450 0.10900 0.50450
v 0.06650 0.10900 0.50550
v -0.04550 0.10900 0.50750
v -0.03750 0.10900 0.50850
v 0.01850 0.10900 0.50950
v 0.01050 0.10900 0.50950
v -0.19050 0.10900 0.50950
v 0.19650 0.10900 0.51050
v -0.18850 0.10900 0.51050
v -0.19150 0.10900 0.51150
v -0.18950 0.10900 0.51250
v 0.18750 0.10900 0.51350
v 0.16350 0.10900 0.51950
v 0.16150 0.10900 0.51950
v -0.16650 0.10900 0.52050
v 0.16450 0.10900 0.52150
v 0.16250 0.10900 0.52250
v -0.15750 0.10900 0.52350
v -0.13350 0.10900 0.52750
v 0.13850 0.10900 0.52850
v -0.13150 0.10900 0.52850
v -0.13450 0.10900 0.52950
v -0.13250 0.10900 0.53050
v 0.13050 0.10900 0.53150
v 0.10550 0.10900 0.53450
v 0.10350 0.10900 0.53450
v -0.10850 0.10900 0.53550
v 0.10650 0.10900 0.53650
v 0.10450 0.10900 0.53650
v -0.09950 0.10900 0.53750
v -0.07250 0.10900 0.53950
v -0.07550 0.10900 0.53950
v 0.08050 0.10900 0.54050
v -0.07350 0.10900 0.54150
v -0.07550 0.10900 0.54150
v 0.07150 0.10900 0.54250
v 0.04650 0.10900 0.54250
v 0.04450 0.10900 0.54250
v 0.04650 0.10900 0.54450
v 0.04450 0.10900 0.54450
v -0.01350 0.10900 0.54450
v -0.01550 0.10900 0.54450
v -0.04850 0.10900 0.54450
v -0.03950 0.10900 0.54550
v 0.02050 0.10900 0.54650
v 0.01150 0.10900 0.54650
v -0.01350 0.10900 0.54650
v -0.01550 0.10900 0.54650
v 0.64650 0.10700 -0.13750
v -0.64650 0.10500 -0.05850
v 0.00050 0.10100 -0.53550
v 0.05650 0.10100 -0.53250
v -0.05550 0.10100 -0.53250
v 0.11150 0.10100 -0.52450
v -0.11150 0.10100 -0.52450
v 0.00050 0.10100 -0.51350
v 0.05350 0.10100 -0.51050
v -0.05350 0.10100 -0.51050
v 0.16550 0.10100 -0.50950
v -0.16550 0.10100 -0.50950
v 0.10650 0.10100 -0.50250
v -0.10650 0.10100 -0.50250
v 0.21850 0.10100 -0.48950
v -0.21750 0.10100 -0.48950
v 0.15850 0.10100 -0.48850
v -0.15850 0.10100 -0.48850
v 0.20950 0.10100 -0.46950
v -0.20850 0.10100 -0.46950
v 0.26850 0.10100 -0.46350
v -0.26750 0.10100 -0.46350
v 0.25750 0.10100 -0.44450
v -0.25650 0.10100 -0.44450
v 0.31550 0.10100 -0.43350
v -0.31450 0.10100 -0.43350
v 0.30250 0.10100 -0.41550
v -0.30150 0.10100 -0.41550
v 0.35850 0.10100 -0.39850
v -0.35850 0.10100 -0.39850
v 0.34350 0.10100 -0.38150
v -0.34350 0.10100 -0.38150
v 0.39850 0.10100 -0.35850
v -0.39850 0.10100 -0.35850
v 0.38150 0.10100 -0.34350
v -0.38150 0.10100 -0.34350
v 0.43350 0.10100 -0.31450
v -0.43350 0.10100 -0.31450
v 0.41550 0.10100 -0.30150
v -0.41550 0.10100 -0.30150
v 0.46450 0.10100 -0.26750
v -0.46450 0.10100 -0.26750
v 0.44550 0.10100 -0.25650
v -0.44450 0.10100 -0.25650
v 0.48950 0.10100 -0.21750
v -0.48950 0.10100 -0.21750
v 0.46950 0.10100 -0.20850
v -0.46950 0.10100 -0.20850
v 0.50950 0.10100 -0.16550
v -0.50950 0.10100 -0.16550
v 0.48850 0.10100 -0.15850
v -0.48850 0.10100 -0.15850
v 0.52450 0.10100 -0.11150
v -0.52450 0.10100 -0.11150
v 0.50250 0.10100 -0.10650
v -0.50250 0.10100 -0.10650
v 0.53350 0.10100 -0.05550
v -0.53350 0.10100 -0.05550
v 0.51150 0.10100 -0.05350
v -0.51150 0.10100 -0.05350
v 0.53650 0.10100 0.00050
v 0.51350 0.10100 0.00050
v -0.51350 0.10100 0.00050
v -0.53550 0.10100 0.00050
v 0.51150 0.10100 0.05350
v -0.51150 0.10100 0.05350
v 0.53350 0.10100 0.05650
v -0.53350 0.10100 0.05650
v 0.50250 0.10100 0.10750
v -0.50250 0.10100 0.10750
v 0.52450 0.10100 0.11150
v -0.52450 0.10100 0.11150
v 0.48850 0.10100 0.15950
v -0.48850 0.10100 0.15950
v 0.50950 0.10100 0.16550
v -0.50950 0.10100 0.16550
v 0.46950 0.10100 0.20950
v -0.46950 0.10100 0.20950
v 0.48950 0.10100 0.21850
v -0.48950 0.10100 0.21850
v 0.44550 0.10100 0.25750
v -0.44450 0.10100 0.25750
v 0.46450 0.10100 0.26850
v -0.46450 0.10100 0.26850
v 0.41550 0.10100 0.30250
v -0.41550 0.10100 0.30250
v 0.43350 0.10100 0.31550
v -0.43350 0.10100 0.31550
v 0.38150 0.10100 0.34450
v -0.38150 0.10100 0.34450
v 0.39850 0.10100 0.35850
v -0.39850 0.10100 0.35850
v 0.34350 0.10100 0.38250
v -0.34350 0.10100 0.38250
v 0.35850 0.10100 0.39850
v -0.35850 0.10100 0.39850
v 0.30250 0.10100 0.41650
v -0.30150 0.10100 0.41650
v 0.31550 0.10100 0.43350
v -0.31450 0.10100 0.43350
v 0.25750 0.10100 0.44550
v -0.25650 0.10100 0.44550
v 0.26850 0.10100 0.46450
v -0.26750 0.10100 0.46450
v 0.20950 0.10100 0.46950
v -0.20850 0.10100 0.46950
v 0.21850 0.10100 0.48950
v 0.15850 0.10100 0.48950
v -0.15850 0.10100 0.48950
v -0.21750 0.10100 0.48950
v 0.10650 0.10100 0.50250
v -0.10650 0.10100 0.50250
v 0.16550 0.10100 0.51050
v -0.16550 0.10100 0.51050
v 0.05350 0.10100 0.51150
v -0.05350 0.10100 0.51150
v 0.00050 0.10100 0.51450
v 0.11150 0.10100 0.52450
v -0.11150 0.10100 0.52450
v 0.05650 0.10100 0.53350
v -0.05550 0.10100 0.53350
v 0.00050 0.10100 0.53650
v 0.00650 0.10000 -0.54650
v -0.00250 0.10000 -0.54650
v 0.03350 0.10000 -0.54550
v 0.03150 0.10000 -0.54550
v -0.02650 0.10000 -0.54550
v -0.02850 0.10000 -0.54550
v 0.05750 0.10000 -0.54350
v 0.03150 0.10000 -0.54350
v -0.02650 0.10000 -0.54350
v -0.02850 0.10000 -0.54350
v -0.05350 0.10000 -0.54350
v 0.06650 0.10000 -0.54250
v 0.03350 0.10000 -0.54250
v -0.06250 0.10000 -0.54250
v -0.08650 0.10000 -0.53950
v -0.08850 0.10000 -0.53950
v 0.09350 0.10000 -0.53850
v 0.09150 0.10000 -0.53850
v -0.08550 0.10000 -0.53750
v 0.09050 0.10000 -0.53650
v -0.08850 0.10000 -0.53650
v 0.09250 0.10000 -0.53550
v -0.11250 0.10000 -0.53450
v 0.11750 0.10000 -0.53350
v -0.12150 0.10000 -0.53250
v 0.12650 0.10000 -0.53150
v -0.14450 0.10000 -0.52650
v -0.14750 0.10000 -0.52650
v 0.14950 0.10000 -0.52550
v 0.15150 0.10000 -0.52450
v -0.14450 0.10000 -0.52450
v 0.14950 0.10000 -0.52350
v -0.14650 0.10000 -0.52350
v 0.15150 0.10000 -0.52250
v -0.17050 0.10000 -0.51850
v 0.17550 0.10000 -0.51750
v -0.17950 0.10000 -0.51650
v 0.18350 0.10000 -0.51450
v 0.00650 0.10000 -0.51150
v -0.00150 0.10000 -0.51150
v -0.04950 0.10000 -0.50950
v 0.05450 0.10000 -0.50850
v -0.05850 0.10000 -0.50850
v 0.06250 0.10000 -0.50750
v -0.20150 0.10000 -0.50750
v -0.20350 0.10000 -0.50650
v 0.20650 0.10000 -0.50550
v -0.20150 0.10000 -0.50550
v 0.20850 0.10000 -0.50450
v -0.20350 0.10000 -0.50450
v 0.20550 0.10000 -0.50350
v 0.20750 0.10000 -0.50250
v -0.10550 0.10000 -0.50050
v 0.10950 0.10000 -0.49950
v -0.11350 0.10000 -0.49850
v 0.11850 0.10000 -0.49750
v -0.22650 0.10000 -0.49750
v 0.23050 0.10000 -0.49550
v -0.23450 0.10000 -0.49350
v 0.23950 0.10000 -0.49150
v -0.15950 0.10000 -0.48550
v 0.16350 0.10000 -0.48450
v -0.16750 0.10000 -0.48350
v -0.25650 0.10000 -0.48250
v 0.17150 0.10000 -0.48150
v -0.25850 0.10000 -0.48150
v 0.26050 0.10000 -0.48050
v -0.25550 0.10000 -0.48050
v -0.25750 0.10000 -0.47950
v 0.26250 0.10000 -0.47850
v 0.25950 0.10000 -0.47850
v 0.26150 0.10000 -0.47650
v -0.27950 0.10000 -0.46950
v 0.28350 0.10000 -0.46650
v -0.21250 0.10000 -0.46550
v -0.28750 0.10000 -0.46450
v 0.21650 0.10000 -0.46350
v 0.29150 0.10000 -0.46250
v -0.21950 0.10000 -0.46150
v 0.22350 0.10000 -0.45950
v -0.30750 0.10000 -0.45150
v -0.30650 0.10000 -0.44950
v -0.30950 0.10000 -0.44950
v 0.31150 0.10000 -0.44850
v -0.30850 0.10000 -0.44850
v 0.31350 0.10000 -0.44750
v 0.31050 0.10000 -0.44650
v 0.31250 0.10000 -0.44550
v -0.26150 0.10000 -0.43950
v 0.26550 0.10000 -0.43750
v -0.32950 0.10000 -0.43550
v -0.26950 0.10000 -0.43450
v 0.33350 0.10000 -0.43250
v 0.27350 0.10000 -0.43250
v -0.33650 0.10000 -0.43050
v 0.34050 0.10000 -0.42750
v -0.35550 0.10000 -0.41450
v -0.35750 0.10000 -0.41350
v -0.35450 0.10000 -0.41250
v 0.35950 0.10000 -0.41150
v -0.35550 0.10000 -0.41150
v 0.36050 0.10000 -0.41050
v 0.35750 0.10000 -0.40950
v 0.35950 0.10000 -0.40850
v -0.30850 0.10000 -0.40750
v 0.31250 0.10000 -0.40550
v -0.31550 0.10000 -0.40250
v 0.31850 0.10000 -0.40050
v -0.37550 0.10000 -0.39650
v 0.37850 0.10000 -0.39350
v -0.38150 0.10000 -0.39050
v 0.38550 0.10000 -0.38750
v -0.39850 0.10000 -0.37350
v -0.35150 0.10000 -0.37150
v -0.39750 0.10000 -0.37150
v -0.40050 0.10000 -0.37150
v 0.40250 0.10000 -0.36950
v -0.39850 0.10000 -0.36950
v 0.40350 0.10000 -0.36850
v 0.40050 0.10000 -0.36850
v 0.35450 0.10000 -0.36850
v 0.40250 0.10000 -0.36650
v -0.35750 0.10000 -0.36550
v 0.36050 0.10000 -0.36250
v -0.41650 0.10000 -0.35350
v 0.41950 0.10000 -0.34950
v -0.42250 0.10000 -0.34650
v 0.42550 0.10000 -0.34250
v -0.39050 0.10000 -0.33050
v 0.39350 0.10000 -0.32750
v -0.43750 0.10000 -0.32750
v -0.43550 0.10000 -0.32550
v -0.43850 0.10000 -0.32550
v -0.39550 0.10000 -0.32450
v 0.44050 0.10000 -0.32350
v -0.43750 0.10000 -0.32350
v 0.44150 0.10000 -0.32150
v 0.43850 0.10000 -0.32150
v 0.43950 0.10000 -0.32050
v 0.39850 0.10000 -0.32050
v -0.45250 0.10000 -0.30550
v 0.45550 0.10000 -0.30150
v -0.45750 0.10000 -0.29750
v 0.46050 0.10000 -0.29350
v -0.42450 0.10000 -0.28550
v 0.42650 0.10000 -0.28250
v -0.42850 0.10000 -0.27850
v -0.47050 0.10000 -0.27750
v 0.43150 0.10000 -0.27550
v -0.46850 0.10000 -0.27550
v -0.47150 0.10000 -0.27550
v -0.46950 0.10000 -0.27350
v 0.47350 0.10000 -0.27250
v 0.47450 0.10000 -0.27150
v 0.47150 0.10000 -0.27150
v 0.47250 0.10000 -0.26950
v -0.48350 0.10000 -0.25350
v 0.48650 0.10000 -0.24950
v -0.48750 0.10000 -0.24550
v 0.49050 0.10000 -0.24150
v -0.45350 0.10000 -0.23750
v 0.45550 0.10000 -0.23350
v -0.45650 0.10000 -0.23050
v 0.45950 0.10000 -0.22650
v -0.49850 0.10000 -0.22350
v -0.49650 0.10000 -0.22250
v -0.49950 0.10000 -0.22150
v -0.49750 0.10000 -0.22050
v 0.50050 0.10000 -0.21950
v 0.49850 0.10000 -0.21850
v 0.50150 0.10000 -0.21750
v 0.49950 0.10000 -0.21650
v -0.50850 0.10000 -0.19950
v 0.51050 0.10000 -0.19450
v -0.51150 0.10000 -0.19050
v -0.47650 0.10000 -0.18650
v 0.47850 0.10000 -0.18250
v 0.51550 0.10000 -0.18150
v -0.47950 0.10000 -0.17850
v 0.48250 0.10000 -0.17050
v -0.51950 0.10000 -0.16750
v -0.51750 0.10000 -0.16650
v -0.52050 0.10000 -0.16550
v -0.51850 0.10000 -0.16450
v 0.52250 0.10000 -0.15850
v 0.52050 0.10000 -0.15750
v 0.52350 0.10000 -0.15650
v 0.52150 0.10000 -0.15550
v -0.52750 0.10000 -0.14250
v -0.52950 0.10000 -0.13350
v 0.53050 0.10000 -0.13250
v -0.49450 0.10000 -0.13250
v 0.53250 0.10000 -0.12450
v 0.49650 0.10000 -0.12450
v -0.49650 0.10000 -0.12450
v 0.49850 0.10000 -0.11650
v -0.53550 0.10000 -0.10950
v -0.53350 0.10000 -0.10850
v -0.53550 0.10000 -0.10750
v -0.53350 0.10000 -0.10650
v 0.53750 0.10000 -0.10050
v 0.53550 0.10000 -0.09950
v 0.53750 0.10000 -0.09750
v 0.53550 0.10000 -0.09750
v -0.53950 0.10000 -0.08350
v -0.50550 0.10000 -0.07750
v -0.54150 0.10000 -0.07450
v 0.54150 0.10000 -0.07350
v 0.50750 0.10000 -0.06950
v -0.50650 0.10000 -0.06950
v 0.54250 0.10000 -0.06450
v 0.50850 0.10000 -0.06050
v -0.54450 0.10000 -0.05050
v -0.54150 0.10000 -0.04950
v -0.54250 0.10000 -0.04750
v -0.54450 0.10000 -0.04750
v 0.54550 0.10000 -0.04050
v 0.54250 0.10000 -0.04050
v 0.54550 0.10000 -0.03850
v 0.54250 0.10000 -0.03850
v -0.54550 0.10000 -0.02350
v -0.51150 0.10000 -0.02150
v 0.54650 0.10000 -0.01350
v 0.51150 0.10000 -0.01350
v -0.51150 0.10000 -0.01150
v -0.54650 0.10000 -0.01150
v 0.54650 0.10000 -0.00450
v 0.51150 0.10000 -0.00450
v -0.54350 0.10000 0.01250
v -0.54650 0.10000 0.01250
v -0.54350 0.10000 0.01450
v -0.54650 0.10000 0.01450
v 0.54650 0.10000 0.01950
v 0.54350 0.10000 0.01950
v 0.54650 0.10000 0.02150
v 0.54350 0.10000 0.02150
v -0.51050 0.10000 0.03650
v -0.54550 0.10000 0.03950
v 0.51050 0.10000 0.04350
v -0.50950 0.10000 0.04550
v 0.54450 0.10000 0.04650
v -0.54450 0.10000 0.04850
v 0.50950 0.10000 0.05150
v 0.54350 0.10000 0.05550
v -0.53950 0.10000 0.07250
v -0.54150 0.10000 0.07250
v -0.53950 0.10000 0.07450
v -0.54150 0.10000 0.07450
v 0.53850 0.10000 0.07850
v 0.54050 0.10000 0.07950
v 0.54050 0.10000 0.08150
v 0.53850 0.10000 0.08150
v -0.50350 0.10000 0.09250
v 0.50250 0.10000 0.09850
v -0.53750 0.10000 0.09850
v -0.50150 0.10000 0.10050
v 0.53650 0.10000 0.10550
v 0.50050 0.10000 0.10750
v -0.53550 0.10000 0.10750
v 0.53450 0.10000 0.11450
v -0.52850 0.10000 0.13050
v -0.53050 0.10000 0.13150
v -0.52750 0.10000 0.13250
v -0.52950 0.10000 0.13350
v 0.52650 0.10000 0.13750
v 0.52850 0.10000 0.13850
v 0.52650 0.10000 0.13950
v 0.52850 0.10000 0.14050
v -0.49050 0.10000 0.14750
v 0.48850 0.10000 0.15350
v -0.48750 0.10000 0.15550
v -0.52350 0.10000 0.15750
v 0.48550 0.10000 0.16150
v 0.52150 0.10000 0.16350
v -0.52050 0.10000 0.16550
v 0.51850 0.10000 0.17250
v -0.51050 0.10000 0.18850
v -0.51250 0.10000 0.18850
v -0.50950 0.10000 0.19050
v -0.51250 0.10000 0.19050
v 0.50850 0.10000 0.19450
v 0.51050 0.10000 0.19550
v 0.50750 0.10000 0.19650
v 0.50950 0.10000 0.19750
v -0.47150 0.10000 0.20050
v 0.46850 0.10000 0.20650
v -0.46750 0.10000 0.20750
v 0.46550 0.10000 0.21350
v -0.50350 0.10000 0.21350
v 0.50050 0.10000 0.22050
v -0.49950 0.10000 0.22150
v 0.49650 0.10000 0.22850
v -0.48650 0.10000 0.24250
v -0.48950 0.10000 0.24350
v -0.48650 0.10000 0.24450
v -0.48850 0.10000 0.24550
v 0.48350 0.10000 0.24950
v 0.48550 0.10000 0.25050
v -0.44650 0.10000 0.25050
v 0.48250 0.10000 0.25150
v 0.48450 0.10000 0.25250
v 0.44350 0.10000 0.25650
v -0.44250 0.10000 0.25750
v 0.43850 0.10000 0.26350
v -0.47650 0.10000 0.26750
v 0.47350 0.10000 0.27350
v -0.47250 0.10000 0.27550
v 0.46850 0.10000 0.28150
v -0.45750 0.10000 0.29450
v -0.45650 0.10000 0.29650
v -0.45950 0.10000 0.29650
v -0.41650 0.10000 0.29850
v -0.45850 0.10000 0.29850
v 0.45350 0.10000 0.30050
v 0.45550 0.10000 0.30250
v 0.45250 0.10000 0.30250
v 0.45450 0.10000 0.30350
v 0.41250 0.10000 0.30350
v -0.41150 0.10000 0.30450
v 0.40750 0.10000 0.31050
v -0.44450 0.10000 0.31850
v 0.44050 0.10000 0.32350
v -0.43950 0.10000 0.32550
v 0.43450 0.10000 0.33150
v -0.38050 0.10000 0.34150
v -0.42250 0.10000 0.34350
v -0.42450 0.10000 0.34450
v -0.42050 0.10000 0.34550
v 0.37650 0.10000 0.34650
v -0.42250 0.10000 0.34650
v 0.41750 0.10000 0.34850
v -0.37550 0.10000 0.34850
v 0.41950 0.10000 0.35050
v 0.41650 0.10000 0.35050
v 0.41850 0.10000 0.35150
v 0.37050 0.10000 0.35250
v -0.40650 0.10000 0.36550
v 0.40250 0.10000 0.37050
v -0.40050 0.10000 0.37150
v 0.39550 0.10000 0.37650
v -0.34150 0.10000 0.38150
v 0.33650 0.10000 0.38650
v -0.33450 0.10000 0.38750
v -0.38250 0.10000 0.38750
v -0.38050 0.10000 0.38950
v -0.38350 0.10000 0.38950
v -0.38250 0.10000 0.39050
v 0.32950 0.10000 0.39150
v 0.37750 0.10000 0.39250
v 0.37850 0.10000 0.39450
v 0.37550 0.10000 0.39450
v 0.37750 0.10000 0.39550
v -0.36450 0.10000 0.40750
v 0.35950 0.10000 0.41250
v -0.35750 0.10000 0.41350
v -0.29750 0.10000 0.41650
v 0.35250 0.10000 0.41850
v 0.29150 0.10000 0.42050
v -0.29050 0.10000 0.42150
v 0.28450 0.10000 0.42550
v -0.33750 0.10000 0.42750
v -0.33550 0.10000 0.42850
v -0.33850 0.10000 0.42950
v -0.33650 0.10000 0.43050
v 0.33150 0.10000 0.43150
v 0.33050 0.10000 0.43250
v 0.33350 0.10000 0.43350
v 0.33150 0.10000 0.43450
v -0.31750 0.10000 0.44550
v -0.24950 0.10000 0.44650
v 0.31150 0.10000 0.44950
v 0.24350 0.10000 0.45050
v -0.24250 0.10000 0.45050
v -0.30950 0.10000 0.45050
v 0.30450 0.10000 0.45450
v 0.23650 0.10000 0.45450
v -0.28850 0.10000 0.46150
v -0.28650 0.10000 0.46250
v -0.28950 0.10000 0.46350
v -0.28750 0.10000 0.46450
v 0.28250 0.10000 0.46550
v 0.28050 0.10000 0.46650
v 0.28350 0.10000 0.46750
v 0.28150 0.10000 0.46850
v -0.19950 0.10000 0.47150
v 0.19350 0.10000 0.47450
v -0.19150 0.10000 0.47450
v 0.18550 0.10000 0.47750
v -0.26650 0.10000 0.47750
v 0.26050 0.10000 0.48050
v -0.25850 0.10000 0.48150
v 0.25250 0.10000 0.48450
v -0.14650 0.10000 0.49050
v -0.23550 0.10000 0.49050
v -0.23350 0.10000 0.49150
v 0.13950 0.10000 0.49250
v -0.23650 0.10000 0.49250
v 0.22950 0.10000 0.49350
v -0.13750 0.10000 0.49350
v -0.23450 0.10000 0.49350
v 0.22750 0.10000 0.49450
v 0.13150 0.10000 0.49450
v 0.23050 0.10000 0.49550
v 0.22850 0.10000 0.49650
v -0.09150 0.10000 0.50350
v -0.21250 0.10000 0.50350
v 0.08550 0.10000 0.50450
v -0.08350 0.10000 0.50550
v 0.20650 0.10000 0.50650
v 0.07650 0.10000 0.50650
v -0.20450 0.10000 0.50750
v 0.19750 0.10000 0.50950
v -0.03550 0.10000 0.51050
v 0.02950 0.10000 0.51150
v 0.02050 0.10000 0.51150
v -0.02750 0.10000 0.51150
v -0.18050 0.10000 0.51350
v -0.17850 0.10000 0.51450
v 0.17450 0.10000 0.51550
v -0.18150 0.10000 0.51550
v 0.17250 0.10000 0.51650
v -0.17950 0.10000 0.51650
v 0.17450 0.10000 0.51850
v 0.17250 0.10000 0.51850
v -0.15650 0.10000 0.52350
v 0.14950 0.10000 0.52550
v -0.14750 0.10000 0.52650
v 0.14050 0.10000 0.52850
v -0.12150 0.10000 0.53050
v -0.12350 0.10000 0.53050
v 0.11650 0.10000 0.53150
v 0.11450 0.10000 0.53250
v -0.12350 0.10000 0.53250
v -0.12150 0.10000 0.53350
v 0.11650 0.10000 0.53450
v 0.11450 0.10000 0.53450
v -0.09750 0.10000 0.53750
v 0.09050 0.10000 0.53950
v -0.08850 0.10000 0.53950
v 0.08150 0.10000 0.54050
v -0.06250 0.10000 0.54050
v -0.06450 0.10000 0.54050
v 0.05750 0.10000 0.54150
v 0.05550 0.10000 0.54150
v -0.06450 0.10000 0.54250
v 0.05750 0.10000 0.54350
v 0.05550 0.10000 0.54350
v -0.06250 0.10000 0.54350
v -0.00250 0.10000 0.54450
v -0.00450 0.10000 0.54450
v 0.03150 0.10000 0.54550
v -0.02850 0.10000 0.54550
v -0.03750 0.10000 0.54550
v 0.02250 0.10000 0.54650
v -0.00250 0.10000 0.54650
v -0.00450 0.10000 0.54650
v 0.30550 0.09900 0.60250
v -0.31250 0.09900 0.60250
v 0.63650 0.08700 -0.17050
v 0.63550 0.08700 -0.16950
v 0.63550 0.08700 -0.16750
v 0.64450 0.08700 -0.16550
v 0.64150 0.08700 -0.16450
v 0.64750 0.08700 -0.13850
v 0.63550 0.08700 -0.09650
v 0.63450 0.08700 -0.09450
v -0.63950 0.08500 -0.16750
v -0.70450 0.08500 0.31650
v -0.64250 0.08500 0.40750
v 0.54250 0.08500 0.42850
v 0.53250 0.08500 0.43350
v -0.54050 0.08500 0.43350
v -0.54150 0.08500 0.43450
v -0.70250 0.08400 -0.09850
v -0.69850 0.08400 -0.07850
v -0.54350 0.08300 0.42450
v 0.53850 0.08300 0.42850
v 0.53650 0.08200 0.42550
v -0.55150 0.07700 0.42850
v 0.50850 0.07600 0.45650
v 0.50950 0.07600 0.45750
v 0.51050 0.07600 0.45950
v -0.08050 0.07400 0.64450
v -0.00350 0.07400 0.64750
v -0.13150 0.07300 0.63950
v 0.04750 0.07300 0.64550
v -0.05450 0.07300 0.64550
v -0.64050 0.07100 -0.16850
v -0.63850 0.07100 -0.16550
v -0.70350 0.07100 0.31450
v -0.70450 0.07100 0.31850
v -0.64450 0.07100 0.40750
v -0.64250 0.07100 0.40850
v -0.64050 0.07100 0.40950
v 0.24450 0.07100 0.61750
v -0.25150 0.07100 0.61750
v -0.70250 0.07000 -0.10050
v -0.70250 0.07000 -0.09850
v -0.70350 0.07000 -0.09650
v -0.70050 0.07000 -0.08050
v -0.69950 0.07000 -0.07850
v 0.30350 0.06900 0.60350
v -0.31050 0.06900 0.60350
v 0.29350 0.06900 0.60550
v -0.30050 0.06900 0.60550
v 0.63650 0.06800 -0.16950
v 0.63550 0.06800 -0.09650
v 0.00050 0.06600 -0.53550
v 0.05650 0.06600 -0.53250
v -0.05550 0.06600 -0.53250
v 0.11150 0.06600 -0.52350
v -0.11150 0.06600 -0.52350
v 0.16550 0.06600 -0.50950
v -0.16550 0.06600 -0.50950
v 0.21750 0.06600 -0.48950
v -0.21750 0.06600 -0.48950
v 0.26750 0.06600 -0.46350
v -0.26750 0.06600 -0.46350
v 0.31450 0.06600 -0.43350
v -0.31450 0.06600 -0.43350
v 0.35850 0.06600 -0.39750
v -0.35850 0.06600 -0.39750
v 0.39850 0.06600 -0.35850
v -0.39850 0.06600 -0.35850
v 0.43350 0.06600 -0.31450
v -0.43350 0.06600 -0.31450
v 0.46450 0.06600 -0.26750
v -0.46350 0.06600 -0.26750
v 0.48950 0.06600 -0.21750
v -0.48950 0.06600 -0.21750
v 0.50950 0.06600 -0.16550
v -0.50950 0.06600 -0.16550
v 0.52450 0.06600 -0.11150
v -0.52350 0.06600 -0.11150
v 0.53250 0.06600 -0.05550
v -0.53250 0.06600 -0.05550
v -0.53550 0.06600 0.00050
v 0.53250 0.06600 0.05650
v 0.52450 0.06600 0.11150
v -0.52350 0.06600 0.11150
v 0.50950 0.06600 0.16550
v -0.50950 0.06600 0.16550
v 0.48950 0.06600 0.21850
v -0.48950 0.06600 0.21850
v 0.46450 0.06600 0.26850
v -0.46350 0.06600 0.26850
v 0.43350 0.06600 0.31550
v -0.43350 0.06600 0.31550
v 0.39850 0.06600 0.35850
v -0.39850 0.06600 0.35850
v 0.35850 0.06600 0.39850
v -0.35850 0.06600 0.39850
v 0.31450 0.06600 0.43350
v -0.31450 0.06600 0.43350
v 0.26750 0.06600 0.46450
v -0.26750 0.06600 0.46450
v 0.21750 0.06600 0.48950
v -0.21750 0.06600 0.48950
v 0.16550 0.06600 0.50950
v -0.16550 0.06600 0.50950
v 0.11150 0.06600 0.52450
v -0.11150 0.06600 0.52450
v 0.05650 0.06600 0.53350
v -0.05550 0.06600 0.53350
v 0.00050 0.06600 0.53550
v 0.00050 0.06400 -0.53250
v 0.05550 0.06400 -0.52950
v -0.05550 0.06400 -0.52950
v 0.11050 0.06400 -0.52150
v -0.11050 0.06400 -0.52150
v 0.00050 0.06400 -0.51750
v 0.05450 0.06400 -0.51450
v -0.05450 0.06400 -0.51450
v 0.16450 0.06400 -0.50650
v 0.10750 0.06400 -0.50650
v -0.10750 0.06400 -0.50650
v -0.16450 0.06400 -0.50650
v 0.16050 0.06400 -0.49250
v -0.15950 0.06400 -0.49250
v 0.21650 0.06400 -0.48650
v -0.21650 0.06400 -0.48650
v 0.21050 0.06400 -0.47250
v -0.21050 0.06400 -0.47250
v 0.26650 0.06400 -0.46150
v -0.26650 0.06400 -0.46150
v 0.25850 0.06400 -0.44850
v -0.25850 0.06400 -0.44850
v 0.31350 0.06400 -0.43150
v -0.31350 0.06400 -0.43150
v 0.30450 0.06400 -0.41850
v -0.30450 0.06400 -0.41850
v 0.35650 0.06400 -0.39550
v -0.35650 0.06400 -0.39550
v 0.34650 0.06400 -0.38450
v -0.34650 0.06400 -0.38450
v 0.39650 0.06400 -0.35650
v -0.39650 0.06400 -0.35650
v 0.38450 0.06400 -0.34650
v -0.38450 0.06400 -0.34650
v 0.43150 0.06400 -0.31350
v -0.43150 0.06400 -0.31350
v 0.41950 0.06400 -0.30450
v -0.41850 0.06400 -0.30450
v 0.46150 0.06400 -0.26650
v -0.46150 0.06400 -0.26650
v 0.44850 0.06400 -0.25850
v -0.44850 0.06400 -0.25850
v 0.48750 0.06400 -0.21650
v -0.48650 0.06400 -0.21650
v 0.47350 0.06400 -0.21050
v -0.47250 0.06400 -0.21050
v 0.50750 0.06400 -0.16450
v -0.50650 0.06400 -0.16450
v 0.49250 0.06400 -0.15950
v -0.49250 0.06400 -0.15950
v 0.52150 0.06400 -0.11050
v -0.52150 0.06400 -0.11050
v 0.50650 0.06400 -0.10750
v -0.50650 0.06400 -0.10750
v 0.53050 0.06400 -0.05550
v -0.53050 0.06400 -0.05550
v 0.51550 0.06400 -0.05350
v -0.51450 0.06400 -0.05350
v 0.53350 0.06400 0.00050
v 0.51750 0.06400 0.00050
v -0.51750 0.06400 0.00050
v -0.53250 0.06400 0.00050
v 0.51550 0.06400 0.05450
v -0.51450 0.06400 0.05450
v 0.53050 0.06400 0.05550
v -0.53050 0.06400 0.05550
v 0.50650 0.06400 0.10750
v -0.50650 0.06400 0.10750
v 0.52150 0.06400 0.11150
v -0.52150 0.06400 0.11150
v 0.49250 0.06400 0.16050
v -0.49250 0.06400 0.16050
v 0.50750 0.06400 0.16450
v -0.50650 0.06400 0.16450
v 0.47350 0.06400 0.21050
v -0.47250 0.06400 0.21050
v 0.48750 0.06400 0.21750
v -0.48650 0.06400 0.21750
v 0.44850 0.06400 0.25950
v -0.44850 0.06400 0.25950
v 0.46150 0.06400 0.26650
v -0.46150 0.06400 0.26650
v 0.41950 0.06400 0.30450
v -0.41850 0.06400 0.30450
v 0.43150 0.06400 0.31350
v -0.43150 0.06400 0.31350
v 0.38450 0.06400 0.34650
v -0.38450 0.06400 0.34650
v 0.39650 0.06400 0.35650
v -0.39650 0.06400 0.35650
v 0.34650 0.06400 0.38550
v -0.34650 0.06400 0.38550
v 0.35650 0.06400 0.39650
v -0.35650 0.06400 0.39650
v 0.30450 0.06400 0.41950
v -0.30450 0.06400 0.41950
v 0.31350 0.06400 0.43150
v -0.31350 0.06400 0.43150
v 0.25850 0.06400 0.44850
v -0.25850 0.06400 0.44850
v 0.26650 0.06400 0.46150
v -0.26650 0.06400 0.46150
v 0.21050 0.06400 0.47350
v -0.21050 0.06400 0.47350
v 0.21650 0.06400 0.48750
v -0.21650 0.06400 0.48750
v 0.16050 0.06400 0.49250
v -0.15950 0.06400 0.49250
v 0.10750 0.06400 0.50650
v -0.10750 0.06400 0.50650
v 0.16450 0.06400 0.50750
v -0.16450 0.06400 0.50750
v 0.05450 0.06400 0.51550
v -0.05450 0.06400 0.51550
v 0.00050 0.06400 0.51850
v 0.11050 0.06400 0.52150
v -0.11050 0.06400 0.52150
v 0.05550 0.06400 0.53050
v -0.05550 0.06400 0.53050
v 0.00050 0.06400 0.53350
v 0.00050 0.06200 -0.51550
v 0.05350 0.06200 -0.51250
v -0.05350 0.06200 -0.51250
v 0.10750 0.06200 -0.50350
v -0.10750 0.06200 -0.50350
v 0.15950 0.06200 -0.48950
v -0.15950 0.06200 -0.48950
v 0.20950 0.06200 -0.47050
v -0.20950 0.06200 -0.47050
v 0.25750 0.06200 -0.44550
v -0.25750 0.06200 -0.44550
v 0.30250 0.06200 -0.41650
v -0.30250 0.06200 -0.41650
v 0.34450 0.06200 -0.38250
v -0.34450 0.06200 -0.38250
v 0.38250 0.06200 -0.34450
v -0.38250 0.06200 -0.34450
v 0.41650 0.06200 -0.30250
v -0.41650 0.06200 -0.30250
v 0.44650 0.06200 -0.25750
v -0.44650 0.06200 -0.25750
v 0.47050 0.06200 -0.20950
v -0.47050 0.06200 -0.20950
v 0.49050 0.06200 -0.15850
v -0.48950 0.06200 -0.15850
v 0.50450 0.06200 -0.10650
v -0.50350 0.06200 -0.10650
v 0.51250 0.06200 -0.05350
v -0.51250 0.06200 -0.05350
v 0.51550 0.06200 0.00050
v -0.51550 0.06200 0.00050
v 0.51250 0.06200 0.05450
v -0.51250 0.06200 0.05450
v 0.50450 0.06200 0.10750
v -0.50350 0.06200 0.10750
v 0.49050 0.06200 0.15950
v -0.48950 0.06200 0.15950
v 0.47050 0.06200 0.20950
v -0.47050 0.06200 0.20950
v 0.44650 0.06200 0.25750
v -0.44650 0.06200 0.25750
v 0.41650 0.06200 0.30350
v -0.41650 0.06200 0.30350
v 0.38250 0.06200 0.34550
v -0.38250 0.06200 0.34550
v 0.34450 0.06200 0.38350
v -0.34450 0.06200 0.38350
v 0.30250 0.06200 0.41750
v -0.30250 0.06200 0.41750
v 0.25750 0.06200 0.44650
v -0.25750 0.06200 0.44650
v 0.20950 0.06200 0.47050
v -0.20950 0.06200 0.47050
v 0.15950 0.06200 0.49050
v -0.15950 0.06200 0.49050
v 0.10750 0.06200 0.50450
v -0.10750 0.06200 0.50450
v 0.05350 0.06200 0.51250
v -0.05350 0.06200 0.51250
v 0.00050 0.06200 0.51550
v 0.00650 0.06000 -0.54650
v -0.00250 0.06000 -0.54650
v 0.03350 0.06000 -0.54550
v 0.03150 0.06000 -0.54550
v -0.02650 0.06000 -0.54550
v -0.02850 0.06000 -0.54550
v 0.05750 0.06000 -0.54350
v -0.05350 0.06000 -0.54350
v 0.06650 0.06000 -0.54250
v -0.06250 0.06000 -0.54250
v -0.08650 0.06000 -0.53950
v -0.08850 0.06000 -0.53950
v 0.09350 0.06000 -0.53850
v 0.09150 0.06000 -0.53850
v -0.11250 0.06000 -0.53450
v 0.11750 0.06000 -0.53350
v -0.12150 0.06000 -0.53250
v 0.12650 0.06000 -0.53150
v -0.14450 0.06000 -0.52650
v -0.14750 0.06000 -0.52650
v 0.14950 0.06000 -0.52550
v 0.15150 0.06000 -0.52450
v -0.17050 0.06000 -0.51850
v 0.17550 0.06000 -0.51750
v -0.17950 0.06000 -0.51650
v 0.18350 0.06000 -0.51450
v 0.00650 0.06000 -0.51150
v -0.00150 0.06000 -0.51150
v -0.04950 0.06000 -0.50950
v 0.05450 0.06000 -0.50850
v -0.05850 0.06000 -0.50850
v 0.06250 0.06000 -0.50750
v -0.20150 0.06000 -0.50750
v -0.20350 0.06000 -0.50650
v 0.20650 0.06000 -0.50550
v 0.20850 0.06000 -0.50450
v -0.10550 0.06000 -0.50050
v 0.10950 0.06000 -0.49950
v -0.11350 0.06000 -0.49850
v 0.11850 0.06000 -0.49750
v -0.22650 0.06000 -0.49750
v 0.23050 0.06000 -0.49550
v -0.23450 0.06000 -0.49350
v 0.23950 0.06000 -0.49150
v -0.15950 0.06000 -0.48550
v 0.16350 0.06000 -0.48450
v -0.16750 0.06000 -0.48350
v -0.25650 0.06000 -0.48250
v 0.17150 0.06000 -0.48150
v -0.25850 0.06000 -0.48150
v 0.26050 0.06000 -0.48050
v 0.26250 0.06000 -0.47850
v -0.27950 0.06000 -0.46950
v 0.28350 0.06000 -0.46650
v -0.21250 0.06000 -0.46550
v -0.28750 0.06000 -0.46450
v 0.21650 0.06000 -0.46350
v 0.29150 0.06000 -0.46250
v -0.21950 0.06000 -0.46150
v 0.22350 0.06000 -0.45950
v -0.30750 0.06000 -0.45150
v -0.30950 0.06000 -0.44950
v 0.31150 0.06000 -0.44850
v 0.31350 0.06000 -0.44750
v -0.26150 0.06000 -0.43950
v 0.26550 0.06000 -0.43750
v -0.32950 0.06000 -0.43550
v -0.26950 0.06000 -0.43450
v 0.33350 0.06000 -0.43250
v 0.27350 0.06000 -0.43250
v -0.33650 0.06000 -0.43050
v 0.34050 0.06000 -0.42750
v -0.35550 0.06000 -0.41450
v -0.35750 0.06000 -0.41350
v 0.35950 0.06000 -0.41150
v 0.36050 0.06000 -0.41050
v -0.30850 0.06000 -0.40750
v 0.31250 0.06000 -0.40550
v -0.31550 0.06000 -0.40250
v 0.31850 0.06000 -0.40050
v -0.37550 0.06000 -0.39650
v 0.37850 0.06000 -0.39350
v -0.38150 0.06000 -0.39050
v 0.38550 0.06000 -0.38750
v -0.39850 0.06000 -0.37350
v -0.35150 0.06000 -0.37150
v -0.40050 0.06000 -0.37150
v 0.40250 0.06000 -0.36950
v 0.40350 0.06000 -0.36850
v 0.35450 0.06000 -0.36850
v -0.35750 0.06000 -0.36550
v 0.36050 0.06000 -0.36250
v -0.41650 0.06000 -0.35350
v 0.41950 0.06000 -0.34950
v -0.42250 0.06000 -0.34650
v 0.42550 0.06000 -0.34250
v -0.39050 0.06000 -0.33050
v 0.39350 0.06000 -0.32750
v -0.43750 0.06000 -0.32750
v -0.43850 0.06000 -0.32550
v -0.39550 0.06000 -0.32450
v 0.44050 0.06000 -0.32350
v 0.44150 0.06000 -0.32150
v 0.39850 0.06000 -0.32050
v -0.45250 0.06000 -0.30550
v 0.45550 0.06000 -0.30150
v -0.45750 0.06000 -0.29750
v 0.46050 0.06000 -0.29350
v -0.42450 0.06000 -0.28550
v 0.42650 0.06000 -0.28250
v -0.42850 0.06000 -0.27850
v -0.47050 0.06000 -0.27750
v 0.43150 0.06000 -0.27550
v -0.47150 0.06000 -0.27550
v 0.47350 0.06000 -0.27250
v 0.47450 0.06000 -0.27150
v -0.48350 0.06000 -0.25350
v 0.48650 0.06000 -0.24950
v -0.48750 0.06000 -0.24550
v 0.49050 0.06000 -0.24150
v -0.45350 0.06000 -0.23750
v 0.45550 0.06000 -0.23350
v -0.45650 0.06000 -0.23050
v 0.45950 0.06000 -0.22650
v -0.49850 0.06000 -0.22350
v -0.49950 0.06000 -0.22150
v 0.50050 0.06000 -0.21950
v 0.50150 0.06000 -0.21750
v -0.50850 0.06000 -0.19950
v 0.51050 0.06000 -0.19450
v -0.51150 0.06000 -0.19050
v -0.47650 0.06000 -0.18650
v 0.47850 0.06000 -0.18250
v 0.51550 0.06000 -0.18150
v -0.47950 0.06000 -0.17850
v 0.48250 0.06000 -0.17050
v -0.51950 0.06000 -0.16750
v -0.52050 0.06000 -0.16550
v 0.52250 0.06000 -0.15850
v 0.52350 0.06000 -0.15650
v -0.52750 0.06000 -0.14250
v -0.52950 0.06000 -0.13350
v 0.53050 0.06000 -0.13250
v -0.49450 0.06000 -0.13250
v 0.53250 0.06000 -0.12450
v 0.49650 0.06000 -0.12450
v -0.49650 0.06000 -0.12450
v 0.49850 0.06000 -0.11650
v -0.53550 0.06000 -0.10950
v -0.53550 0.06000 -0.10750
v 0.53750 0.06000 -0.10050
v 0.53750 0.06000 -0.09750
v -0.53950 0.06000 -0.08350
v -0.50550 0.06000 -0.07750
v -0.54150 0.06000 -0.07450
v 0.54150 0.06000 -0.07350
v 0.50750 0.06000 -0.06950
v -0.50650 0.06000 -0.06950
v 0.54250 0.06000 -0.06450
v 0.50850 0.06000 -0.06050
v -0.54450 0.06000 -0.05050
v -0.54450 0.06000 -0.04750
v 0.54550 0.06000 -0.04050
v 0.54550 0.06000 -0.03850
v -0.54550 0.06000 -0.02350
v -0.51150 0.06000 -0.02150
v 0.54650 0.06000 -0.01350
v 0.51150 0.06000 -0.01350
v -0.51150 0.06000 -0.01150
v -0.54650 0.06000 -0.01150
v 0.54650 0.06000 -0.00450
v 0.51150 0.06000 -0.00450
v -0.54650 0.06000 0.01250
v -0.54650 0.06000 0.01450
v 0.54650 0.06000 0.01950
v 0.54650 0.06000 0.02150
v -0.51050 0.06000 0.03650
v -0.54550 0.06000 0.03950
v 0.51050 0.06000 0.04350
v -0.50950 0.06000 0.04550
v 0.54450 0.06000 0.04650
v -0.54450 0.06000 0.04850
v 0.50950 0.06000 0.05150
v 0.54350 0.06000 0.05550
v -0.54150 0.06000 0.07250
v -0.54150 0.06000 0.07450
v 0.54050 0.06000 0.07950
v 0.54050 0.06000 0.08150
v -0.50350 0.06000 0.09250
v 0.50250 0.06000 0.09850
v -0.53750 0.06000 0.09850
v -0.50150 0.06000 0.10050
v 0.53650 0.06000 0.10550
v 0.50050 0.06000 0.10750
v -0.53550 0.06000 0.10750
v 0.53450 0.06000 0.11450
v -0.53050 0.06000 0.13150
v -0.52950 0.06000 0.13350
v 0.52850 0.06000 0.13850
v 0.52850 0.06000 0.14050
v -0.49050 0.06000 0.14750
v 0.48850 0.06000 0.15350
v -0.48750 0.06000 0.15550
v -0.52350 0.06000 0.15750
v 0.48550 0.06000 0.16150
v 0.52150 0.06000 0.16350
v -0.52050 0.06000 0.16550
v 0.51850 0.06000 0.17250
v -0.51250 0.06000 0.18850
v -0.51250 0.06000 0.19050
v 0.51050 0.06000 0.19550
v 0.50950 0.06000 0.19750
v -0.47150 0.06000 0.20050
v 0.46850 0.06000 0.20650
v -0.46750 0.06000 0.20750
v 0.46550 0.06000 0.21350
v -0.50350 0.06000 0.21350
v 0.50050 0.06000 0.22050
v -0.49950 0.06000 0.22150
v 0.49650 0.06000 0.22850
v -0.48950 0.06000 0.24350
v -0.48850 0.06000 0.24550
v 0.48550 0.06000 0.25050
v -0.44650 0.06000 0.25050
v 0.48450 0.06000 0.25250
v 0.44350 0.06000 0.25650
v -0.44250 0.06000 0.25750
v 0.43850 0.06000 0.26350
v -0.47650 0.06000 0.26750
v 0.47350 0.06000 0.27350
v -0.47250 0.06000 0.27550
v 0.46850 0.06000 0.28150
v -0.45950 0.06000 0.29650
v -0.41650 0.06000 0.29850
v -0.45850 0.06000 0.29850
v 0.45550 0.06000 0.30250
v 0.45450 0.06000 0.30350
v 0.41250 0.06000 0.30350
v -0.41150 0.06000 0.30450
v 0.40750 0.06000 0.31050
v -0.44450 0.06000 0.31850
v 0.44050 0.06000 0.32350
v -0.43950 0.06000 0.32550
v 0.43450 0.06000 0.33150
v -0.38050 0.06000 0.34150
v -0.42450 0.06000 0.34450
v 0.37650 0.06000 0.34650
v -0.42250 0.06000 0.34650
v -0.37550 0.06000 0.34850
v 0.41950 0.06000 0.35050
v 0.41850 0.06000 0.35150
v 0.37050 0.06000 0.35250
v -0.40650 0.06000 0.36550
v 0.40250 0.06000 0.37050
v -0.40050 0.06000 0.37150
v 0.39550 0.06000 0.37650
v -0.34150 0.06000 0.38150
v 0.33650 0.06000 0.38650
v -0.33450 0.06000 0.38750
v -0.38350 0.06000 0.38950
v -0.38250 0.06000 0.39050
v 0.32950 0.06000 0.39150
v 0.37850 0.06000 0.39450
v 0.37750 0.06000 0.39550
v -0.36450 0.06000 0.40750
v 0.35950 0.06000 0.41250
v -0.35750 0.06000 0.41350
v -0.29750 0.06000 0.41650
v 0.35250 0.06000 0.41850
v 0.29150 0.06000 0.42050
v -0.29050 0.06000 0.42150
v 0.28450 0.06000 0.42550
v -0.33850 0.06000 0.42950
v -0.33650 0.06000 0.43050
v 0.33350 0.06000 0.43350
v 0.33150 0.06000 0.43450
v -0.31750 0.06000 0.44550
v -0.24950 0.06000 0.44650
v 0.31150 0.06000 0.44950
v 0.24350 0.06000 0.45050
v -0.24250 0.06000 0.45050
v -0.30950 0.06000 0.45050
v 0.30450 0.06000 0.45450
v 0.23650 0.06000 0.45450
v -0.28950 0.06000 0.46350
v -0.28750 0.06000 0.46450
v 0.28350 0.06000 0.46750
v 0.28150 0.06000 0.46850
v -0.19950 0.06000 0.47150
v 0.19350 0.06000 0.47450
v -0.19150 0.06000 0.47450
v 0.18550 0.06000 0.47750
v -0.26650 0.06000 0.47750
v 0.26050 0.06000 0.48050
v -0.25850 0.06000 0.48150
v 0.25250 0.06000 0.48450
v -0.14650 0.06000 0.49050
v 0.13950 0.06000 0.49250
v -0.23650 0.06000 0.49250
v -0.13750 0.06000 0.49350
v -0.23450 0.06000 0.49350
v 0.13150 0.06000 0.49450
v 0.23050 0.06000 0.49550
v 0.22850 0.06000 0.49650
v -0.09150 0.06000 0.50350
v -0.21250 0.06000 0.50350
v 0.08550 0.06000 0.50450
v -0.08350 0.06000 0.50550
v 0.20650 0.06000 0.50650
v 0.07650 0.06000 0.50650
v -0.20450 0.06000 0.50750
v 0.19750 0.06000 0.50950
v -0.03550 0.06000 0.51050
v 0.02950 0.06000 0.51150
v 0.02050 0.06000 0.51150
v -0.02750 0.06000 0.51150
v -0.18150 0.06000 0.51550
v -0.17950 0.06000 0.51650
v 0.17450 0.06000 0.51850
v 0.17250 0.06000 0.51850
v -0.15650 0.06000 0.52350
v 0.14950 0.06000 0.52550
v -0.14750 0.06000 0.52650
v 0.14050 0.06000 0.52850
v -0.12350 0.06000 0.53250
v -0.12150 0.06000 0.53350
v 0.11650 0.06000 0.53450
v 0.11450 0.06000 0.53450
v -0.09750 0.06000 0.53750
v 0.09050 0.06000 0.53950
v -0.08850 0.06000 0.53950
v 0.08150 0.06000 0.54050
v -0.06450 0.06000 0.54250
v 0.05750 0.06000 0.54350
v 0.05550 0.06000 0.54350
v -0.06250 0.06000 0.54350
v 0.03150 0.06000 0.54550
v -0.02850 0.06000 0.54550
v -0.03750 0.06000 0.54550
v 0.02250 0.06000 0.54650
v -0.00250 0.06000 0.54650
v -0.00450 0.06000 0.54650
v 0.03150 0.05900 -0.54550
v 0.03150 0.05900 -0.54350
v -0.02650 0.05900 -0.54350
v -0.02850 0.05900 -0.54350
v 0.03350 0.05900 -0.54250
v -0.08850 0.05900 -0.53950
v -0.08650 0.05900 -0.53850
v -0.08550 0.05900 -0.53750
v 0.09050 0.05900 -0.53650
v -0.08850 0.05900 -0.53650
v 0.09250 0.05900 -0.53550
v -0.14750 0.05900 -0.52650
v 0.14950 0.05900 -0.52550
v -0.14450 0.05900 -0.52450
v 0.14950 0.05900 -0.52350
v -0.14650 0.05900 -0.52350
v 0.15150 0.05900 -0.52250
v -0.20350 0.05900 -0.50650
v 0.20650 0.05900 -0.50550
v -0.20150 0.05900 -0.50550
v -0.20350 0.05900 -0.50450
v 0.20850 0.05900 -0.50350
v 0.20550 0.05900 -0.50350
v 0.20750 0.05900 -0.50250
v -0.25550 0.05900 -0.48150
v -0.25550 0.05900 -0.48050
v -0.25750 0.05900 -0.47950
v 0.25950 0.05900 -0.47850
v 0.26250 0.05900 -0.47750
v 0.26150 0.05900 -0.47650
v -0.30750 0.05900 -0.45050
v -0.30650 0.05900 -0.44950
v -0.30950 0.05900 -0.44950
v -0.30850 0.05900 -0.44850
v 0.31350 0.05900 -0.44650
v 0.31050 0.05900 -0.44650
v 0.31250 0.05900 -0.44550
v -0.35450 0.05900 -0.41350
v -0.35750 0.05900 -0.41350
v -0.35450 0.05900 -0.41250
v 0.35950 0.05900 -0.41150
v -0.35550 0.05900 -0.41150
v 0.36050 0.05900 -0.40950
v 0.35750 0.05900 -0.40950
v 0.35950 0.05900 -0.40850
v -0.39850 0.05900 -0.37250
v -0.39750 0.05900 -0.37150
v -0.40050 0.05900 -0.37150
v 0.40250 0.05900 -0.36950
v -0.39850 0.05900 -0.36950
v 0.40050 0.05900 -0.36850
v 0.40250 0.05900 -0.36750
v 0.40250 0.05900 -0.36650
v -0.43550 0.05900 -0.32550
v 0.44050 0.05900 -0.32350
v -0.43750 0.05900 -0.32350
v 0.43850 0.05900 -0.32150
v 0.44050 0.05900 -0.32050
v 0.43950 0.05900 -0.32050
v -0.46850 0.05900 -0.27550
v -0.47150 0.05900 -0.27550
v -0.46950 0.05900 -0.27350
v 0.47150 0.05900 -0.27150
v 0.47250 0.05900 -0.26950
v -0.49750 0.05900 -0.22350
v -0.49650 0.05900 -0.22250
v -0.49750 0.05900 -0.22050
v 0.50050 0.05900 -0.21950
v 0.49850 0.05900 -0.21850
v 0.50050 0.05900 -0.21650
v 0.49950 0.05900 -0.21650
v -0.51850 0.05900 -0.16750
v -0.51750 0.05900 -0.16650
v -0.52050 0.05900 -0.16550
v -0.51850 0.05900 -0.16450
v 0.52050 0.05900 -0.15750
v 0.52250 0.05900 -0.15650
v 0.52150 0.05900 -0.15550
v -0.53450 0.05900 -0.10950
v -0.53350 0.05900 -0.10850
v -0.53550 0.05900 -0.10750
v -0.53350 0.05900 -0.10650
v 0.53750 0.05900 -0.10050
v 0.53550 0.05900 -0.09950
v 0.53550 0.05900 -0.09750
v -0.54150 0.05900 -0.04950
v -0.54250 0.05900 -0.04750
v 0.54550 0.05900 -0.04050
v 0.54250 0.05900 -0.04050
v 0.54250 0.05900 -0.03850
v -0.54350 0.05900 0.01250
v -0.54350 0.05900 0.01450
v -0.54650 0.05900 0.01450
v 0.54650 0.05900 0.01950
v 0.54350 0.05900 0.01950
v 0.54350 0.05900 0.02150
v -0.53950 0.05900 0.07250
v -0.53950 0.05900 0.07450
v -0.54150 0.05900 0.07450
v 0.53850 0.05900 0.07850
v 0.54050 0.05900 0.07950
v 0.53850 0.05900 0.08150
v -0.52850 0.05900 0.13050
v -0.52950 0.05900 0.13150
v -0.52750 0.05900 0.13250
v 0.52650 0.05900 0.13750
v 0.52850 0.05900 0.13850
v 0.52650 0.05900 0.13950
v 0.52750 0.05900 0.14050
v -0.51050 0.05900 0.18850
v -0.50950 0.05900 0.19050
v -0.51250 0.05900 0.19050
v 0.50850 0.05900 0.19450
v 0.50750 0.05900 0.19650
v 0.50850 0.05900 0.19750
v -0.48650 0.05900 0.24250
v -0.48750 0.05900 0.24350
v -0.48650 0.05900 0.24450
v -0.48850 0.05900 0.24550
v 0.48350 0.05900 0.24950
v 0.48350 0.05900 0.25150
v 0.48250 0.05900 0.25150
v -0.45750 0.05900 0.29450
v -0.45650 0.05900 0.29650
v -0.45850 0.05900 0.29850
v 0.45350 0.05900 0.30050
v 0.45550 0.05900 0.30250
v 0.45250 0.05900 0.30250
v 0.45350 0.05900 0.30350
v -0.42250 0.05900 0.34350
v -0.42350 0.05900 0.34450
v -0.42050 0.05900 0.34550
v -0.42250 0.05900 0.34650
v 0.41750 0.05900 0.34850
v 0.41950 0.05900 0.35050
v 0.41650 0.05900 0.35050
v 0.41750 0.05900 0.35150
v -0.38250 0.05900 0.38750
v -0.38250 0.05900 0.38850
v -0.38050 0.05900 0.38950
v -0.38250 0.05900 0.39050
v 0.37750 0.05900 0.39250
v 0.37850 0.05900 0.39450
v 0.37650 0.05900 0.39450
v 0.37550 0.05900 0.39450
v -0.33750 0.05900 0.42750
v -0.33550 0.05900 0.42850
v -0.33750 0.05900 0.42850
v -0.33650 0.05900 0.43050
v 0.33150 0.05900 0.43150
v 0.33050 0.05900 0.43250
v 0.33050 0.05900 0.43350
v -0.28850 0.05900 0.46150
v -0.28650 0.05900 0.46250
v -0.28850 0.05900 0.46250
v 0.28250 0.05900 0.46550
v 0.28050 0.05900 0.46650
v 0.28150 0.05900 0.46750
v -0.23550 0.05900 0.49050
v -0.23350 0.05900 0.49150
v -0.23650 0.05900 0.49150
v 0.22950 0.05900 0.49350
v 0.22750 0.05900 0.49450
v 0.22850 0.05900 0.49550
v -0.18050 0.05900 0.51350
v -0.17850 0.05900 0.51450
v -0.18050 0.05900 0.51450
v 0.17450 0.05900 0.51550
v 0.17250 0.05900 0.51650
v -0.17950 0.05900 0.51650
v -0.12150 0.05900 0.53050
v -0.12350 0.05900 0.53050
v 0.11650 0.05900 0.53150
v 0.11450 0.05900 0.53250
v -0.12150 0.05900 0.53350
v -0.06250 0.05900 0.54050
v -0.06450 0.05900 0.54050
v 0.05750 0.05900 0.54150
v 0.05550 0.05900 0.54150
v 0.05750 0.05900 0.54350
v -0.00250 0.05900 0.54450
v -0.00450 0.05900 0.54450
v -0.00250 0.05900 0.54650
v 0.00050 0.05700 -0.51550
v 0.05350 0.05700 -0.51250
v -0.05350 0.05700 -0.51250
v 0.10750 0.05700 -0.50350
v -0.10750 0.05700 -0.50350
v 0.15950 0.05700 -0.48950
v -0.15950 0.05700 -0.48950
v 0.20950 0.05700 -0.47050
v -0.20950 0.05700 -0.47050
v 0.25750 0.05700 -0.44550
v -0.25750 0.05700 -0.44550
v 0.30250 0.05700 -0.41650
v -0.30250 0.05700 -0.41650
v 0.34450 0.05700 -0.38250
v -0.34450 0.05700 -0.38250
v 0.38250 0.05700 -0.34450
v -0.38250 0.05700 -0.34450
v 0.41650 0.05700 -0.30250
v -0.41650 0.05700 -0.30250
v 0.44650 0.05700 -0.25750
v -0.44650 0.05700 -0.25750
v 0.47050 0.05700 -0.20950
v -0.47050 0.05700 -0.20950
v 0.49050 0.05700 -0.15850
v -0.48950 0.05700 -0.15850
v 0.50450 0.05700 -0.10650
v -0.50350 0.05700 -0.10650
v 0.51250 0.05700 -0.05350
v -0.51250 0.05700 -0.05350
v 0.51550 0.05700 0.00050
v -0.51550 0.05700 0.00050
v 0.51250 0.05700 0.05450
v -0.51250 0.05700 0.05450
v 0.50450 0.05700 0.10750
v -0.50350 0.05700 0.10750
v 0.49050 0.05700 0.15950
v -0.48950 0.05700 0.15950
v 0.47050 0.05700 0.20950
v -0.47050 0.05700 0.20950
v 0.44650 0.05700 0.25750
v -0.44650 0.05700 0.25750
v 0.41650 0.05700 0.30350
v -0.41650 0.05700 0.30350
v 0.38250 0.05700 0.34550
v -0.38250 0.05700 0.34550
v 0.34450 0.05700 0.38350
v -0.34450 0.05700 0.38350
v -0.64150 0.05700 0.40850
v 0.30250 0.05700 0.41750
v -0.30250 0.05700 0.41750
v 0.25750 0.05700 0.44650
v -0.25750 0.05700 0.44650
v 0.20950 0.05700 0.47050
v -0.20950 0.05700 0.47050
v 0.15950 0.05700 0.49050
v -0.15950 0.05700 0.49050
v 0.10750 0.05700 0.50450
v -0.10750 0.05700 0.50450
v 0.05350 0.05700 0.51250
v -0.05350 0.05700 0.51250
v 0.00050 0.05700 0.51550
v -0.69950 0.05600 -0.07950
v 0.00050 0.05000 -0.49850
v 0.05250 0.05000 -0.49550
v -0.05250 0.05000 -0.49550
v 0.10350 0.05000 -0.48750
v -0.10350 0.05000 -0.48750
v 0.15450 0.05000 -0.47450
v -0.15450 0.05000 -0.47450
v 0.20250 0.05000 -0.45550
v -0.20250 0.05000 -0.45550
v 0.24950 0.05000 -0.43150
v -0.24950 0.05000 -0.43150
v 0.29350 0.05000 -0.40350
v -0.29350 0.05000 -0.40350
v 0.33350 0.05000 -0.37050
v -0.33350 0.05000 -0.37050
v 0.37050 0.05000 -0.33350
v -0.37050 0.05000 -0.33350
v 0.40350 0.05000 -0.29250
v -0.40350 0.05000 -0.29250
v 0.43250 0.05000 -0.24950
v -0.43150 0.05000 -0.24950
v 0.45550 0.05000 -0.20250
v -0.45550 0.05000 -0.20250
v 0.47450 0.05000 -0.15350
v -0.47450 0.05000 -0.15350
v 0.48850 0.05000 -0.10350
v -0.48750 0.05000 -0.10350
v 0.49650 0.05000 -0.05150
v -0.49650 0.05000 -0.05150
v 0.49850 0.05000 0.00050
v -0.49850 0.05000 0.00050
v 0.49650 0.05000 0.05250
v -0.49650 0.05000 0.05250
v 0.48850 0.05000 0.10350
v -0.48750 0.05000 0.10350
v 0.47450 0.05000 0.15450
v -0.47450 0.05000 0.15450
v 0.45550 0.05000 0.20350
v -0.45550 0.05000 0.20350
v 0.43250 0.05000 0.24950
v -0.43150 0.05000 0.24950
v 0.40350 0.05000 0.29350
v -0.40350 0.05000 0.29350
v 0.37050 0.05000 0.33450
v -0.37050 0.05000 0.33450
v 0.33350 0.05000 0.37050
v -0.33350 0.05000 0.37050
v 0.29350 0.05000 0.40350
v -0.29350 0.05000 0.40350
v 0.24950 0.05000 0.43250
v -0.24950 0.05000 0.43250
v 0.20250 0.05000 0.45550
v -0.20250 0.05000 0.45550
v 0.15450 0.05000 0.47450
v -0.15450 0.05000 0.47450
v 0.10350 0.05000 0.48850
v -0.10350 0.05000 0.48850
v 0.05250 0.05000 0.49650
v -0.05250 0.05000 0.49650
v 0.00050 0.05000 0.49950
v 0.00050 0.04900 -0.50150
v 0.05250 0.04900 -0.49850
v -0.05250 0.04900 -0.49850
v 0.10450 0.04900 -0.49050
v -0.10450 0.04900 -0.49050
v 0.15550 0.04900 -0.47750
v -0.15550 0.04900 -0.47750
v 0.20450 0.04900 -0.45850
v -0.20450 0.04900 -0.45850
v 0.25150 0.04900 -0.43450
v -0.25050 0.04900 -0.43450
v 0.29550 0.04900 -0.40550
v -0.29450 0.04900 -0.40550
v 0.33550 0.04900 -0.37250
v -0.33550 0.04900 -0.37250
v 0.37350 0.04900 -0.33550
v -0.37250 0.04900 -0.33550
v 0.40650 0.04900 -0.29450
v -0.40650 0.04900 -0.29450
v 0.43450 0.04900 -0.25050
v -0.43450 0.04900 -0.25050
v 0.45850 0.04900 -0.20350
v -0.45850 0.04900 -0.20350
v 0.47750 0.04900 -0.15450
v -0.47750 0.04900 -0.15450
v 0.49150 0.04900 -0.10450
v -0.49050 0.04900 -0.10450
v 0.49950 0.04900 -0.05250
v -0.49950 0.04900 -0.05250
v 0.50250 0.04900 0.00050
v -0.50150 0.04900 0.00050
v 0.49950 0.04900 0.05250
v -0.49950 0.04900 0.05250
v 0.49150 0.04900 0.10450
v -0.49050 0.04900 0.10450
v 0.47750 0.04900 0.15550
v -0.47750 0.04900 0.15550
v 0.45850 0.04900 0.20450
v -0.45850 0.04900 0.20450
v 0.43450 0.04900 0.25150
v -0.43450 0.04900 0.25150
v 0.40650 0.04900 0.29550
v -0.40650 0.04900 0.29550
v 0.37350 0.04900 0.33650
v -0.37250 0.04900 0.33650
v 0.33550 0.04900 0.37350
v -0.33550 0.04900 0.37350
v 0.29550 0.04900 0.40650
v -0.29450 0.04900 0.40650
v 0.25150 0.04900 0.43450
v -0.25050 0.04900 0.43450
v 0.20450 0.04900 0.45850
v -0.20450 0.04900 0.45850
v 0.15550 0.04900 0.47750
v -0.15550 0.04900 0.47750
v 0.10450 0.04900 0.49150
v -0.10450 0.04900 0.49150
v 0.05250 0.04900 0.49950
v -0.05250 0.04900 0.49950
v 0.00050 0.04900 0.50250
v 0.02450 0.04400 -0.09950
v -0.02350 0.04400 -0.09950
v 0.02950 0.04400 -0.09850
v -0.02950 0.04400 -0.09850
v 0.07050 0.04400 -0.07450
v -0.07050 0.04400 -0.07450
v 0.07450 0.04400 -0.07050
v -0.07450 0.04400 -0.07050
v 0.09850 0.04400 -0.02950
v -0.09850 0.04400 -0.02950
v 0.10050 0.04400 -0.02350
v -0.09950 0.04400 -0.02350
v 0.11450 0.04400 -0.00550
v 0.11450 0.04400 0.00550
v 0.10050 0.04400 0.02350
v -0.09950 0.04400 0.02450
v 0.09850 0.04400 0.02950
v -0.09850 0.04400 0.02950
v -0.10150 0.04400 0.05250
v 0.07450 0.04400 0.07050
v -0.07450 0.04400 0.07050
v 0.07050 0.04400 0.07450
v -0.07050 0.04400 0.07450
v 0.02950 0.04400 0.09850
v -0.02950 0.04400 0.09850
v 0.02450 0.04400 0.10050
v -0.02350 0.04400 0.10050
v 0.00050 0.03900 -0.47650
v 0.04950 0.03900 -0.47350
v -0.04950 0.03900 -0.47350
v 0.09950 0.03900 -0.46550
v -0.09950 0.03900 -0.46550
v 0.14750 0.03900 -0.45350
v -0.14750 0.03900 -0.45350
v 0.19350 0.03900 -0.43550
v -0.19350 0.03900 -0.43550
v 0.23850 0.03900 -0.41250
v -0.23850 0.03900 -0.41250
v 0.28050 0.03900 -0.38550
v -0.28050 0.03900 -0.38550
v 0.31850 0.03900 -0.35350
v -0.31850 0.03900 -0.35350
v 0.35450 0.03900 -0.31850
v -0.35450 0.03900 -0.31850
v 0.38550 0.03900 -0.27950
v -0.38550 0.03900 -0.27950
v 0.41250 0.03900 -0.23850
v -0.41250 0.03900 -0.23850
v 0.43550 0.03900 -0.19350
v -0.43550 0.03900 -0.19350
v 0.45350 0.03900 -0.14750
v -0.45350 0.03900 -0.14750
v 0.46650 0.03900 -0.09850
v -0.46650 0.03900 -0.09850
v 0.47450 0.03900 -0.04950
v -0.47350 0.03900 -0.04950
v 0.47650 0.03900 0.00050
v -0.47650 0.03900 0.00050
v 0.47450 0.03900 0.05050
v -0.47350 0.03900 0.05050
v 0.46650 0.03900 0.09950
v -0.46650 0.03900 0.09950
v 0.45350 0.03900 0.14750
v -0.45350 0.03900 0.14750
v 0.43550 0.03900 0.19450
v -0.43550 0.03900 0.19450
v 0.41250 0.03900 0.23850
v -0.41250 0.03900 0.23850
v 0.38550 0.03900 0.28050
v -0.38550 0.03900 0.28050
v 0.35450 0.03900 0.31950
v -0.35450 0.03900 0.31950
v 0.31850 0.03900 0.35450
v -0.31850 0.03900 0.35450
v 0.28050 0.03900 0.38550
v -0.28050 0.03900 0.38550
v 0.23850 0.03900 0.41250
v -0.23850 0.03900 0.41250
v 0.19350 0.03900 0.43550
v -0.19350 0.03900 0.43550
v 0.14750 0.03900 0.45350
v -0.14750 0.03900 0.45350
v 0.09950 0.03900 0.46650
v -0.09950 0.03900 0.46650
v 0.04950 0.03900 0.47450
v -0.04950 0.03900 0.47450
v 0.00050 0.03900 0.47650
v 0.00050 0.03800 -0.47850
v 0.05050 0.03800 -0.47650
v -0.04950 0.03800 -0.47650
v 0.09950 0.03800 -0.46850
v -0.09950 0.03800 -0.46850
v 0.14850 0.03800 -0.45550
v -0.14750 0.03800 -0.45550
v 0.19450 0.03800 -0.43750
v -0.19450 0.03800 -0.43750
v 0.23950 0.03800 -0.41450
v -0.23950 0.03800 -0.41450
v 0.28150 0.03800 -0.38750
v -0.28150 0.03800 -0.38750
v 0.32050 0.03800 -0.35550
v -0.32050 0.03800 -0.35550
v 0.35650 0.03800 -0.32050
v -0.35550 0.03800 -0.32050
v 0.38750 0.03800 -0.28150
v -0.38750 0.03800 -0.28150
v 0.41450 0.03800 -0.23950
v -0.41450 0.03800 -0.23950
v 0.43750 0.03800 -0.19450
v -0.43750 0.03800 -0.19450
v 0.45550 0.03800 -0.14750
v -0.45550 0.03800 -0.14750
v 0.46850 0.03800 -0.09950
v -0.46850 0.03800 -0.09950
v 0.47650 0.03800 -0.04950
v -0.47650 0.03800 -0.04950
v 0.47950 0.03800 0.00050
v -0.47850 0.03800 0.00050
v 0.47650 0.03800 0.05050
v -0.47650 0.03800 0.05050
v 0.46850 0.03800 0.09950
v -0.46850 0.03800 0.09950
v 0.45550 0.03800 0.14850
v -0.45550 0.03800 0.14850
v 0.43750 0.03800 0.19550
v -0.43750 0.03800 0.19550
v 0.41450 0.03800 0.23950
v -0.41450 0.03800 0.23950
v 0.38750 0.03800 0.28150
v -0.38750 0.03800 0.28150
v 0.35650 0.03800 0.32050
v -0.35550 0.03800 0.32050
v 0.32050 0.03800 0.35650
v -0.32050 0.03800 0.35650
v 0.28150 0.03800 0.38750
v -0.28150 0.03800 0.38750
v 0.23950 0.03800 0.41550
v -0.23950 0.03800 0.41550
v 0.19450 0.03800 0.43750
v -0.19450 0.03800 0.43750
v 0.14850 0.03800 0.45550
v -0.14750 0.03800 0.45550
v 0.09950 0.03800 0.46850
v -0.09950 0.03800 0.46850
v 0.05050 0.03800 0.47650
v -0.04950 0.03800 0.47650
v 0.00050 0.03800 0.47950
v 0.00050 0.03400 -0.45450
v 0.04750 0.03400 -0.45250
v -0.04750 0.03400 -0.45250
v 0.09450 0.03400 -0.44450
v -0.09450 0.03400 -0.44450
v 0.14050 0.03400 -0.43250
v -0.14050 0.03400 -0.43250
v 0.18550 0.03400 -0.41550
v -0.18550 0.03400 -0.41550
v 0.22750 0.03400 -0.39350
v -0.22750 0.03400 -0.39350
v 0.26750 0.03400 -0.36750
v -0.26750 0.03400 -0.36750
v 0.30450 0.03400 -0.33750
v -0.30450 0.03400 -0.33750
v 0.33850 0.03400 -0.30450
v -0.33850 0.03400 -0.30450
v 0.36850 0.03400 -0.26750
v -0.36850 0.03400 -0.26750
v 0.39450 0.03400 -0.22750
v -0.39450 0.03400 -0.22750
v 0.41550 0.03400 -0.18450
v -0.41550 0.03400 -0.18450
v 0.43250 0.03400 -0.14050
v -0.43250 0.03400 -0.14050
v 0.44550 0.03400 -0.09450
v -0.44550 0.03400 -0.09450
v 0.45250 0.03400 -0.04750
v -0.45250 0.03400 -0.04750
v 0.45550 0.03400 0.00050
v -0.45550 0.03400 0.00050
v 0.45250 0.03400 0.04750
v -0.45250 0.03400 0.04750
v 0.44550 0.03400 0.09450
v -0.44550 0.03400 0.09450
v 0.43250 0.03400 0.14050
v -0.43250 0.03400 0.14050
v 0.41550 0.03400 0.18550
v -0.41550 0.03400 0.18550
v 0.39450 0.03400 0.22750
v -0.39450 0.03400 0.22750
v 0.36850 0.03400 0.26750
v -0.36850 0.03400 0.26750
v 0.33850 0.03400 0.30450
v -0.33850 0.03400 0.30450
v 0.30450 0.03400 0.33850
v -0.30450 0.03400 0.33850
v 0.26750 0.03400 0.36850
v -0.26750 0.03400 0.36850
v 0.22750 0.03400 0.39450
v -0.22750 0.03400 0.39450
v 0.18550 0.03400 0.41650
v -0.18550 0.03400 0.41650
v 0.14050 0.03400 0.43350
v -0.14050 0.03400 0.43350
v 0.09450 0.03400 0.44550
v -0.09450 0.03400 0.44550
v 0.04750 0.03400 0.45250
v -0.04750 0.03400 0.45250
v 0.00050 0.03400 0.45550
v 0.00050 0.03200 -0.45750
v 0.04750 0.03200 -0.45450
v -0.04750 0.03200 -0.45450
v 0.09550 0.03200 -0.44750
v -0.09550 0.03200 -0.44750
v 0.14150 0.03200 -0.43450
v -0.14150 0.03200 -0.43450
v 0.18650 0.03200 -0.41750
v -0.18550 0.03200 -0.41750
v 0.22850 0.03200 -0.39550
v -0.22850 0.03200 -0.39550
v 0.26850 0.03200 -0.36950
v -0.26850 0.03200 -0.36950
v 0.30650 0.03200 -0.33950
v -0.30650 0.03200 -0.33950
v 0.34050 0.03200 -0.30550
v -0.33950 0.03200 -0.30550
v 0.37050 0.03200 -0.26850
v -0.37050 0.03200 -0.26850
v 0.39650 0.03200 -0.22850
v -0.39650 0.03200 -0.22850
v 0.41750 0.03200 -0.18550
v -0.41750 0.03200 -0.18550
v 0.43550 0.03200 -0.14150
v -0.43450 0.03200 -0.14150
v 0.44750 0.03200 -0.09450
v -0.44750 0.03200 -0.09450
v 0.45550 0.03200 -0.04750
v -0.45450 0.03200 -0.04750
v 0.45750 0.03200 0.00050
v -0.45750 0.03200 0.00050
v 0.45550 0.03200 0.04850
v -0.45450 0.03200 0.04850
v 0.44750 0.03200 0.09550
v -0.44750 0.03200 0.09550
v 0.43550 0.03200 0.14150
v -0.43450 0.03200 0.14150
v 0.41750 0.03200 0.18650
v -0.41750 0.03200 0.18650
v 0.39650 0.03200 0.22850
v -0.39650 0.03200 0.22850
v 0.37050 0.03200 0.26950
v -0.37050 0.03200 0.26950
v 0.34050 0.03200 0.30650
v -0.33950 0.03200 0.30650
v 0.30650 0.03200 0.34050
v -0.30650 0.03200 0.34050
v 0.26850 0.03200 0.37050
v -0.26850 0.03200 0.37050
v 0.22850 0.03200 0.39650
v -0.22850 0.03200 0.39650
v 0.18650 0.03200 0.41850
v -0.18550 0.03200 0.41850
v 0.14150 0.03200 0.43550
v -0.14150 0.03200 0.43550
v 0.09550 0.03200 0.44750
v -0.09550 0.03200 0.44750
v 0.04750 0.03200 0.45550
v -0.04750 0.03200 0.45550
v 0.00050 0.03200 0.45750
v 0.63750 0.02900 -0.17050
v -0.64050 0.02900 -0.16850
v 0.63550 0.02900 -0.16750
v 0.64550 0.02900 -0.16550
v -0.63850 0.02900 -0.16550
v 0.64250 0.02900 -0.16450
v 0.64850 0.02900 -0.13950
v -0.70350 0.02900 -0.10050
v -0.70050 0.02900 -0.09650
v 0.63650 0.02900 -0.09450
v -0.70150 0.02900 -0.08150
v -0.69850 0.02900 -0.07850
v -0.64150 0.02900 -0.06050
v -0.64750 0.02900 -0.06050
v -0.64550 0.02900 -0.05850
v -0.63850 0.02900 0.28250
v -0.64150 0.02900 0.28650
v -0.63250 0.02900 0.28750
v -0.70450 0.02900 0.31450
v -0.70550 0.02900 0.31850
v -0.69850 0.02900 0.32050
v 0.64050 0.02900 0.37550
v -0.64150 0.02900 0.40450
v -0.64450 0.02900 0.40750
v -0.64150 0.02900 0.40950
v -0.54550 0.02900 0.42450
v 0.53850 0.02900 0.42550
v 0.54050 0.02900 0.42850
v 0.53550 0.02900 0.43350
v -0.54250 0.02900 0.43350
v 0.51050 0.02900 0.45650
v 0.51250 0.02900 0.45950
v -0.69950 0.00100 -0.07950
v -0.64150 0.00000 0.40850
v 0.63550 -0.01000 -0.09650
v 0.63650 -0.01100 -0.16950
v 0.30350 -0.01200 0.60350
v -0.31050 -0.01200 0.60350
v -0.70250 -0.01300 -0.10050
v -0.70250 -0.01300 -0.09850
v -0.70350 -0.01300 -0.09650
v -0.70050 -0.01300 -0.08050
v -0.69950 -0.01300 -0.07850
v -0.64050 -0.01400 -0.16850
v -0.63850 -0.01400 -0.16550
v -0.70350 -0.01400 0.31450
v -0.70450 -0.01400 0.31850
v -0.64450 -0.01400 0.40750
v -0.64250 -0.01400 0.40850
v -0.64050 -0.01400 0.40950
v 0.12450 -0.01500 0.63950
v -0.13150 -0.01500 0.63950
v 0.04750 -0.01500 0.64550
v -0.05450 -0.01500 0.64550
v 0.07250 -0.01700 0.64450
v -0.08050 -0.01700 0.64450
v -0.00350 -0.01700 0.64750
v 0.50850 -0.01900 0.45650
v 0.50950 -0.01900 0.45750
v 0.51050 -0.01900 0.45950
v -0.55150 -0.02000 0.42850
v 0.53650 -0.02400 0.42550
v -0.69850 -0.02600 -0.07850
v -0.54350 -0.02600 0.42450
v 0.53850 -0.02600 0.42850
v -0.70250 -0.02700 -0.09850
v -0.63950 -0.02800 -0.16750
v -0.70450 -0.02800 0.31650
v -0.64250 -0.02800 0.40750
v 0.53250 -0.02800 0.43350
v -0.54050 -0.02800 0.43350
v -0.54150 -0.02800 0.43450
v 0.63650 -0.03000 -0.17050
v 0.63550 -0.03000 -0.16950
v 0.63550 -0.03000 -0.16750
v 0.64450 -0.03000 -0.16550
v 0.64150 -0.03000 -0.16450
v 0.64750 -0.03000 -0.13850
v 0.63550 -0.03000 -0.09650
v 0.63450 -0.03000 -0.09450
v 0.00050 -0.03300 -0.45750
v 0.04750 -0.03300 -0.45450
v -0.04750 -0.03300 -0.45450
v 0.09550 -0.03300 -0.44750
v -0.09550 -0.03300 -0.44750
v 0.14150 -0.03300 -0.43450
v -0.14150 -0.03300 -0.43450
v 0.18650 -0.03300 -0.41750
v -0.18550 -0.03300 -0.41750
v 0.22850 -0.03300 -0.39550
v -0.22850 -0.03300 -0.39550
v 0.26850 -0.03300 -0.36950
v -0.26850 -0.03300 -0.36950
v 0.30650 -0.03300 -0.33950
v -0.30650 -0.03300 -0.33950
v 0.34050 -0.03300 -0.30550
v -0.33950 -0.03300 -0.30550
v 0.37050 -0.03300 -0.26850
v -0.37050 -0.03300 -0.26850
v 0.39650 -0.03300 -0.22850
v -0.39650 -0.03300 -0.22850
v 0.41750 -0.03300 -0.18550
v -0.41750 -0.03300 -0.18550
v 0.43550 -0.03300 -0.14150
v -0.43450 -0.03300 -0.14150
v 0.44750 -0.03300 -0.09450
v -0.44750 -0.03300 -0.09450
v 0.45550 -0.03300 -0.04750
v -0.45450 -0.03300 -0.04750
v 0.45750 -0.03300 0.00050
v -0.45750 -0.03300 0.00050
v 0.45550 -0.03300 0.04850
v -0.45450 -0.03300 0.04850
v 0.44750 -0.03300 0.09550
v -0.44750 -0.03300 0.09550
v 0.43550 -0.03300 0.14150
v -0.43450 -0.03300 0.14150
v 0.41750 -0.03300 0.18650
v -0.41750 -0.03300 0.18650
v 0.39650 -0.03300 0.22850
v -0.39650 -0.03300 0.22850
v 0.37050 -0.03300 0.26950
v -0.37050 -0.03300 0.26950
v 0.34050 -0.03300 0.30650
v -0.33950 -0.03300 0.30650
v 0.30650 -0.03300 0.34050
v -0.30650 -0.03300 0.34050
v 0.26850 -0.03300 0.37050
v -0.26850 -0.03300 0.37050
v 0.22850 -0.03300 0.39650
v -0.22850 -0.03300 0.39650
v 0.18650 -0.03300 0.41850
v -0.18550 -0.03300 0.41850
v 0.14150 -0.03300 0.43550
v -0.14150 -0.03300 0.43550
v 0.09550 -0.03300 0.44750
v -0.09550 -0.03300 0.44750
v 0.04750 -0.03300 0.45550
v -0.04750 -0.03300 0.45550
v 0.00050 -0.03300 0.45750
v 0.00050 -0.03400 -0.45450
v 0.04750 -0.03400 -0.45250
v -0.04750 -0.03400 -0.45250
v 0.09450 -0.03400 -0.44450
v -0.09450 -0.03400 -0.44450
v 0.14050 -0.03400 -0.43250
v -0.14050 -0.03400 -0.43250
v 0.18550 -0.03400 -0.41550
v -0.18550 -0.03400 -0.41550
v 0.22750 -0.03400 -0.39350
v -0.22750 -0.03400 -0.39350
v 0.26750 -0.03400 -0.36750
v -0.26750 -0.03400 -0.36750
v 0.30450 -0.03400 -0.33750
v -0.30450 -0.03400 -0.33750
v 0.33850 -0.03400 -0.30450
v -0.33850 -0.03400 -0.30450
v 0.36850 -0.03400 -0.26750
v -0.36850 -0.03400 -0.26750
v 0.39450 -0.03400 -0.22750
v -0.39450 -0.03400 -0.22750
v 0.41550 -0.03400 -0.18450
v -0.41550 -0.03400 -0.18450
v 0.43250 -0.03400 -0.14050
v -0.43250 -0.03400 -0.14050
v 0.44550 -0.03400 -0.09450
v -0.44550 -0.03400 -0.09450
v 0.45250 -0.03400 -0.04750
v -0.45250 -0.03400 -0.04750
v 0.45550 -0.03400 0.00050
v -0.45550 -0.03400 0.00050
v 0.45250 -0.03400 0.04750
v -0.45250 -0.03400 0.04750
v 0.44550 -0.03400 0.09450
v -0.44550 -0.03400 0.09450
v 0.43250 -0.03400 0.14050
v -0.43250 -0.03400 0.14050
v 0.41550 -0.03400 0.18550
v -0.41550 -0.03400 0.18550
v 0.39450 -0.03400 0.22750
v -0.39450 -0.03400 0.22750
v 0.36850 -0.03400 0.26750
v -0.36850 -0.03400 0.26750
v 0.33850 -0.03400 0.30450
v -0.33850 -0.03400 0.30450
v 0.30450 -0.03400 0.33850
v -0.30450 -0.03400 0.33850
v 0.26750 -0.03400 0.36850
v -0.26750 -0.03400 0.36850
v 0.22750 -0.03400 0.39450
v -0.22750 -0.03400 0.39450
v 0.18550 -0.03400 0.41650
v -0.18550 -0.03400 0.41650
v 0.14050 -0.03400 0.43350
v -0.14050 -0.03400 0.43350
v 0.09450 -0.03400 0.44550
v -0.09450 -0.03400 0.44550
v 0.04750 -0.03400 0.45250
v -0.04750 -0.03400 0.45250
v 0.00050 -0.03400 0.45550
v 0.00050 -0.03800 -0.47850
v 0.05050 -0.03800 -0.47650
v -0.04950 -0.03800 -0.47650
v 0.09950 -0.03800 -0.46850
v -0.09950 -0.03800 -0.46850
v 0.14850 -0.03800 -0.45550
v -0.14750 -0.03800 -0.45550
v 0.19450 -0.03800 -0.43750
v -0.19450 -0.03800 -0.43750
v 0.23950 -0.03800 -0.41450
v -0.23950 -0.03800 -0.41450
v 0.28150 -0.03800 -0.38750
v -0.28150 -0.03800 -0.38750
v 0.32050 -0.03800 -0.35550
v -0.32050 -0.03800 -0.35550
v 0.35650 -0.03800 -0.32050
v -0.35550 -0.03800 -0.32050
v 0.38750 -0.03800 -0.28150
v -0.38750 -0.03800 -0.28150
v 0.41450 -0.03800 -0.23950
v -0.41450 -0.03800 -0.23950
v 0.43750 -0.03800 -0.19450
v -0.43750 -0.03800 -0.19450
v 0.45550 -0.03800 -0.14750
v -0.45550 -0.03800 -0.14750
v 0.46850 -0.03800 -0.09950
v -0.46850 -0.03800 -0.09950
v 0.47650 -0.03800 -0.04950
v -0.47650 -0.03800 -0.04950
v 0.47950 -0.03800 0.00050
v -0.47850 -0.03800 0.00050
v 0.47650 -0.03800 0.05050
v -0.47650 -0.03800 0.05050
v 0.46850 -0.03800 0.09950
v -0.46850 -0.03800 0.09950
v 0.45550 -0.03800 0.14850
v -0.45550 -0.03800 0.14850
v 0.43750 -0.03800 0.19550
v -0.43750 -0.03800 0.19550
v 0.41450 -0.03800 0.23950
v -0.41450 -0.03800 0.23950
v 0.38750 -0.03800 0.28150
v -0.38750 -0.03800 0.28150
v 0.35650 -0.03800 0.32050
v -0.35550 -0.03800 0.32050
v 0.32050 -0.03800 0.35650
v -0.32050 -0.03800 0.35650
v 0.28150 -0.03800 0.38750
v -0.28150 -0.03800 0.38750
v 0.23950 -0.03800 0.41550
v -0.23950 -0.03800 0.41550
v 0.19450 -0.03800 0.43750
v -0.19450 -0.03800 0.43750
v 0.14850 -0.03800 0.45550
v -0.14750 -0.03800 0.45550
v 0.09950 -0.03800 0.46850
v -0.09950 -0.03800 0.46850
v 0.05050 -0.03800 0.47650
v -0.04950 -0.03800 0.47650
v 0.00050 -0.03800 0.47950
v 0.00050 -0.04000 -0.47650
v 0.04950 -0.04000 -0.47350
v -0.04950 -0.04000 -0.47350
v 0.09950 -0.04000 -0.46550
v -0.09950 -0.04000 -0.46550
v 0.14750 -0.04000 -0.45350
v -0.14750 -0.04000 -0.45350
v 0.19350 -0.04000 -0.43550
v -0.19350 -0.04000 -0.43550
v 0.23850 -0.04000 -0.41250
v -0.23850 -0.04000 -0.41250
v 0.28050 -0.04000 -0.38550
v -0.28050 -0.04000 -0.38550
v 0.31850 -0.04000 -0.35350
v -0.31850 -0.04000 -0.35350
v 0.35450 -0.04000 -0.31850
v -0.35450 -0.04000 -0.31850
v 0.38550 -0.04000 -0.27950
v -0.38550 -0.04000 -0.27950
v 0.41250 -0.04000 -0.23850
v -0.41250 -0.04000 -0.23850
v 0.43550 -0.04000 -0.19350
v -0.43550 -0.04000 -0.19350
v 0.45350 -0.04000 -0.14750
v -0.45350 -0.04000 -0.14750
v 0.46650 -0.04000 -0.09850
v -0.46650 -0.04000 -0.09850
v 0.47450 -0.04000 -0.04950
v -0.47350 -0.04000 -0.04950
v 0.47650 -0.04000 0.00050
v -0.47650 -0.04000 0.00050
v 0.47450 -0.04000 0.05050
v -0.47350 -0.04000 0.05050
v 0.46650 -0.04000 0.09950
v -0.46650 -0.04000 0.09950
v 0.45350 -0.04000 0.14750
v -0.45350 -0.04000 0.14750
v 0.43550 -0.04000 0.19450
v -0.43550 -0.04000 0.19450
v 0.41250 -0.04000 0.23850
v -0.41250 -0.04000 0.23850
v 0.38550 -0.04000 0.28050
v -0.38550 -0.04000 0.28050
v 0.35450 -0.04000 0.31950
v -0.35450 -0.04000 0.31950
v 0.31850 -0.04000 0.35450
v -0.31850 -0.04000 0.35450
v 0.28050 -0.04000 0.38550
v -0.28050 -0.04000 0.38550
v 0.23850 -0.04000 0.41250
v -0.23850 -0.04000 0.41250
v 0.19350 -0.04000 0.43550
v -0.19350 -0.04000 0.43550
v 0.14750 -0.04000 0.45350
v -0.14750 -0.04000 0.45350
v 0.09950 -0.04000 0.46650
v -0.09950 -0.04000 0.46650
v 0.04950 -0.04000 0.47450
v -0.04950 -0.04000 0.47450
v 0.00050 -0.04000 0.47650
v 0.30550 -0.04200 0.60250
v -0.31250 -0.04200 0.60250
v -0.64650 -0.04800 -0.05850
v 0.00050 -0.05000 -0.50150
v 0.05250 -0.05000 -0.49850
v -0.05250 -0.05000 -0.49850
v 0.10450 -0.05000 -0.49050
v -0.10450 -0.05000 -0.49050
v 0.15550 -0.05000 -0.47750
v -0.15550 -0.05000 -0.47750
v 0.20450 -0.05000 -0.45850
v -0.20450 -0.05000 -0.45850
v 0.25150 -0.05000 -0.43450
v -0.25050 -0.05000 -0.43450
v 0.29550 -0.05000 -0.40550
v -0.29450 -0.05000 -0.40550
v 0.33550 -0.05000 -0.37250
v -0.33550 -0.05000 -0.37250
v 0.37350 -0.05000 -0.33550
v -0.37250 -0.05000 -0.33550
v 0.40650 -0.05000 -0.29450
v -0.40650 -0.05000 -0.29450
v 0.43450 -0.05000 -0.25050
v -0.43450 -0.05000 -0.25050
v 0.45850 -0.05000 -0.20350
v -0.45850 -0.05000 -0.20350
v 0.47750 -0.05000 -0.15450
v -0.47750 -0.05000 -0.15450
v 0.64650 -0.05000 -0.13750
v 0.49150 -0.05000 -0.10450
v -0.49050 -0.05000 -0.10450
v 0.49950 -0.05000 -0.05250
v -0.49950 -0.05000 -0.05250
v 0.50250 -0.05000 0.00050
v -0.50150 -0.05000 0.00050
v 0.49950 -0.05000 0.05250
v -0.49950 -0.05000 0.05250
v 0.49150 -0.05000 0.10450
v -0.49050 -0.05000 0.10450
v 0.47750 -0.05000 0.15550
v -0.47750 -0.05000 0.15550
v 0.45850 -0.05000 0.20450
v -0.45850 -0.05000 0.20450
v 0.43450 -0.05000 0.25150
v -0.43450 -0.05000 0.25150
v 0.40650 -0.05000 0.29550
v -0.40650 -0.05000 0.29550
v 0.37350 -0.05000 0.33650
v -0.37250 -0.05000 0.33650
v 0.33550 -0.05000 0.37350
v -0.33550 -0.05000 0.37350
v 0.29550 -0.05000 0.40650
v -0.29450 -0.05000 0.40650
v 0.25150 -0.05000 0.43450
v -0.25050 -0.05000 0.43450
v 0.20450 -0.05000 0.45850
v -0.20450 -0.05000 0.45850
v 0.15550 -0.05000 0.47750
v -0.15550 -0.05000 0.47750
v 0.10450 -0.05000 0.49150
v -0.10450 -0.05000 0.49150
v 0.05250 -0.05000 0.49950
v -0.05250 -0.05000 0.49950
v 0.00050 -0.05000 0.50250
v 0.00050 -0.05100 -0.49850
v 0.05250 -0.05100 -0.49550
v -0.05250 -0.05100 -0.49550
v 0.10350 -0.05100 -0.48750
v -0.10350 -0.05100 -0.48750
v 0.15450 -0.05100 -0.47450
v -0.15450 -0.05100 -0.47450
v 0.20250 -0.05100 -0.45550
v -0.20250 -0.05100 -0.45550
v 0.24950 -0.05100 -0.43150
v -0.24950 -0.05100 -0.43150
v 0.29350 -0.05100 -0.40350
v -0.29350 -0.05100 -0.40350
v 0.33350 -0.05100 -0.37050
v -0.33350 -0.05100 -0.37050
v 0.37050 -0.05100 -0.33350
v -0.37050 -0.05100 -0.33350
v 0.40350 -0.05100 -0.29250
v -0.40350 -0.05100 -0.29250
v 0.43250 -0.05100 -0.24950
v -0.43150 -0.05100 -0.24950
v 0.45550 -0.05100 -0.20250
v -0.45550 -0.05100 -0.20250
v 0.47450 -0.05100 -0.15350
v -0.47450 -0.05100 -0.15350
v 0.48850 -0.05100 -0.10350
v -0.48750 -0.05100 -0.10350
v 0.49650 -0.05100 -0.05150
v -0.49650 -0.05100 -0.05150
v 0.49850 -0.05100 0.00050
v -0.49850 -0.05100 0.00050
v 0.49650 -0.05100 0.05250
v -0.49650 -0.05100 0.05250
v 0.48850 -0.05100 0.10350
v -0.48750 -0.05100 0.10350
v 0.47450 -0.05100 0.15450
v -0.47450 -0.05100 0.15450
v 0.45550 -0.05100 0.20350
v -0.45550 -0.05100 0.20350
v 0.43250 -0.05100 0.24950
v -0.43150 -0.05100 0.24950
v 0.40350 -0.05100 0.29350
v -0.40350 -0.05100 0.29350
v 0.37050 -0.05100 0.33450
v -0.37050 -0.05100 0.33450
v 0.33350 -0.05100 0.37050
v -0.33350 -0.05100 0.37050
v 0.29350 -0.05100 0.40350
v -0.29350 -0.05100 0.40350
v 0.24950 -0.05100 0.43250
v -0.24950 -0.05100 0.43250
v 0.20250 -0.05100 0.45550
v -0.20250 -0.05100 0.45550
v 0.15450 -0.05100 0.47450
v -0.15450 -0.05100 0.47450
v 0.10350 -0.05100 0.48850
v -0.10350 -0.05100 0.48850
v 0.05250 -0.05100 0.49650
v -0.05250 -0.05100 0.49650
v 0.00050 -0.05100 0.49950
v -0.69950 -0.05400 -0.07950
v -0.69650 -0.05400 -0.07650
v -0.70150 -0.05500 -0.09950
v -0.70250 -0.05500 -0.09550
v -0.63750 -0.05500 0.40550
v -0.64050 -0.05600 -0.16750
v -0.63750 -0.05600 -0.16450
v -0.70250 -0.05600 0.31350
v -0.69450 -0.05600 0.31950
v -0.63950 -0.05600 0.40950
v 0.30050 -0.05600 0.60450
v 0.00050 -0.05700 -0.51550
v 0.05350 -0.05700 -0.51250
v -0.05350 -0.05700 -0.51250
v 0.10750 -0.05700 -0.50350
v -0.10750 -0.05700 -0.50350
v 0.15950 -0.05700 -0.48950
v -0.15950 -0.05700 -0.48950
v 0.20950 -0.05700 -0.47050
v -0.20950 -0.05700 -0.47050
v 0.25750 -0.05700 -0.44550
v -0.25750 -0.05700 -0.44550
v 0.30250 -0.05700 -0.41650
v -0.30250 -0.05700 -0.41650
v 0.34450 -0.05700 -0.38250
v -0.34450 -0.05700 -0.38250
v 0.38250 -0.05700 -0.34450
v -0.38250 -0.05700 -0.34450
v 0.41650 -0.05700 -0.30250
v -0.41650 -0.05700 -0.30250
v 0.44650 -0.05700 -0.25750
v -0.44650 -0.05700 -0.25750
v 0.47050 -0.05700 -0.20950
v -0.47050 -0.05700 -0.20950
v 0.49050 -0.05700 -0.15850
v -0.48950 -0.05700 -0.15850
v 0.50450 -0.05700 -0.10650
v -0.50350 -0.05700 -0.10650
v 0.51250 -0.05700 -0.05350
v -0.51250 -0.05700 -0.05350
v 0.51550 -0.05700 0.00050
v -0.51550 -0.05700 0.00050
v 0.51250 -0.05700 0.05450
v -0.51250 -0.05700 0.05450
v 0.50450 -0.05700 0.10750
v -0.50350 -0.05700 0.10750
v 0.49050 -0.05700 0.15950
v -0.48950 -0.05700 0.15950
v 0.47050 -0.05700 0.20950
v -0.47050 -0.05700 0.20950
v 0.44650 -0.05700 0.25750
v -0.44650 -0.05700 0.25750
v 0.41650 -0.05700 0.30350
v -0.41650 -0.05700 0.30350
v -0.70450 -0.05700 0.31750
v 0.38250 -0.05700 0.34550
v -0.38250 -0.05700 0.34550
v 0.34450 -0.05700 0.38350
v -0.34450 -0.05700 0.38350
v -0.64350 -0.05700 0.40750
v 0.30250 -0.05700 0.41750
v -0.30250 -0.05700 0.41750
v 0.25750 -0.05700 0.44650
v -0.25750 -0.05700 0.44650
v 0.20950 -0.05700 0.47050
v -0.20950 -0.05700 0.47050
v 0.15950 -0.05700 0.49050
v -0.15950 -0.05700 0.49050
v 0.10750 -0.05700 0.50450
v -0.10750 -0.05700 0.50450
v 0.05350 -0.05700 0.51250
v -0.05350 -0.05700 0.51250
v 0.00050 -0.05700 0.51550
v 0.03150 -0.05900 -0.54350
v -0.02650 -0.05900 -0.54350
v -0.02850 -0.05900 -0.54350
v 0.03350 -0.05900 -0.54250
v 0.09050 -0.05900 -0.53750
v -0.08550 -0.05900 -0.53750
v 0.09050 -0.05900 -0.53650
v -0.08850 -0.05900 -0.53650
v 0.09250 -0.05900 -0.53550
v -0.14450 -0.05900 -0.52450
v 0.14950 -0.05900 -0.52350
v -0.14650 -0.05900 -0.52350
v 0.15150 -0.05900 -0.52250
v -0.20150 -0.05900 -0.50550
v 0.20650 -0.05900 -0.50450
v -0.20350 -0.05900 -0.50450
v 0.20550 -0.05900 -0.50350
v 0.20750 -0.05900 -0.50250
v -0.25550 -0.05900 -0.48050
v -0.25750 -0.05900 -0.48050
v 0.26050 -0.05900 -0.47950
v -0.25750 -0.05900 -0.47950
v 0.25950 -0.05900 -0.47850
v 0.26150 -0.05900 -0.47650
v -0.30650 -0.05900 -0.44950
v -0.30850 -0.05900 -0.44850
v 0.31150 -0.05900 -0.44750
v 0.31050 -0.05900 -0.44650
v 0.31250 -0.05900 -0.44550
v -0.35450 -0.05900 -0.41250
v -0.35550 -0.05900 -0.41150
v 0.35750 -0.05900 -0.40950
v 0.35950 -0.05900 -0.40850
v -0.39750 -0.05900 -0.37150
v -0.39850 -0.05900 -0.36950
v 0.40150 -0.05900 -0.36850
v 0.40050 -0.05900 -0.36850
v 0.40250 -0.05900 -0.36650
v -0.43550 -0.05900 -0.32550
v -0.43750 -0.05900 -0.32450
v -0.43750 -0.05900 -0.32350
v 0.43850 -0.05900 -0.32150
v 0.43950 -0.05900 -0.32050
v -0.46850 -0.05900 -0.27550
v -0.46950 -0.05900 -0.27350
v 0.47250 -0.05900 -0.27250
v 0.47150 -0.05900 -0.27150
v 0.47250 -0.05900 -0.26950
v -0.49650 -0.05900 -0.22250
v -0.49850 -0.05900 -0.22150
v -0.49750 -0.05900 -0.22050
v 0.49950 -0.05900 -0.21850
v 0.49850 -0.05900 -0.21850
v 0.49950 -0.05900 -0.21650
v -0.51750 -0.05900 -0.16650
v -0.51950 -0.05900 -0.16550
v -0.51850 -0.05900 -0.16450
v 0.52150 -0.05900 -0.15850
v 0.52050 -0.05900 -0.15750
v 0.52150 -0.05900 -0.15550
v -0.53350 -0.05900 -0.10850
v -0.53450 -0.05900 -0.10750
v -0.53350 -0.05900 -0.10650
v 0.53650 -0.05900 -0.09950
v 0.53550 -0.05900 -0.09950
v 0.53550 -0.05900 -0.09750
v -0.54150 -0.05900 -0.04950
v -0.54250 -0.05900 -0.04750
v 0.54250 -0.05900 -0.04050
v 0.54250 -0.05900 -0.03850
v -0.54350 -0.05900 0.01250
v -0.54350 -0.05900 0.01450
v 0.54350 -0.05900 0.01950
v 0.54350 -0.05900 0.02150
v -0.53950 -0.05900 0.07250
v -0.53950 -0.05900 0.07450
v 0.53850 -0.05900 0.07850
v 0.53950 -0.05900 0.07950
v 0.53850 -0.05900 0.08150
v -0.52850 -0.05900 0.13050
v -0.52750 -0.05900 0.13250
v -0.52850 -0.05900 0.13350
v 0.52750 -0.05900 0.13750
v 0.52650 -0.05900 0.13750
v 0.52650 -0.05900 0.13950
v -0.51050 -0.05900 0.18850
v -0.50950 -0.05900 0.19050
v 0.50850 -0.05900 0.19450
v 0.50950 -0.05900 0.19550
v 0.50750 -0.05900 0.19650
v -0.48650 -0.05900 0.24250
v -0.48650 -0.05900 0.24450
v -0.48750 -0.05900 0.24550
v 0.48450 -0.05900 0.24950
v 0.48350 -0.05900 0.24950
v 0.48250 -0.05900 0.25150
v -0.45750 -0.05900 0.29450
v -0.45650 -0.05900 0.29650
v 0.45350 -0.05900 0.30050
v 0.45250 -0.05900 0.30250
v -0.42250 -0.05900 0.34350
v -0.42050 -0.05900 0.34550
v -0.42150 -0.05900 0.34550
v 0.41750 -0.05900 0.34850
v 0.41650 -0.05900 0.35050
v -0.38250 -0.05900 0.38750
v -0.38050 -0.05900 0.38950
v -0.38150 -0.05900 0.39050
v 0.37750 -0.05900 0.39250
v 0.37750 -0.05900 0.39350
v 0.37550 -0.05900 0.39450
v -0.33750 -0.05900 0.42750
v -0.33550 -0.05900 0.42850
v -0.33650 -0.05900 0.42950
v 0.33150 -0.05900 0.43150
v 0.33050 -0.05900 0.43250
v -0.28850 -0.05900 0.46150
v -0.28650 -0.05900 0.46250
v -0.28750 -0.05900 0.46350
v 0.28250 -0.05900 0.46550
v 0.28350 -0.05900 0.46650
v 0.28050 -0.05900 0.46650
v -0.23550 -0.05900 0.49050
v -0.23350 -0.05900 0.49150
v -0.23450 -0.05900 0.49250
v 0.22950 -0.05900 0.49350
v 0.23050 -0.05900 0.49450
v 0.22750 -0.05900 0.49450
v -0.18050 -0.05900 0.51350
v -0.17850 -0.05900 0.51450
v 0.17450 -0.05900 0.51550
v -0.17850 -0.05900 0.51550
v 0.17250 -0.05900 0.51650
v -0.12150 -0.05900 0.53050
v -0.12350 -0.05900 0.53050
v 0.11650 -0.05900 0.53150
v 0.11450 -0.05900 0.53250
v -0.06250 -0.05900 0.54050
v -0.06450 -0.05900 0.54050
v 0.05750 -0.05900 0.54150
v 0.05550 -0.05900 0.54150
v -0.00250 -0.05900 0.54450
v -0.00450 -0.05900 0.54450
v 0.30350 -0.05900 0.60350
v 0.03350 -0.06000 -0.54550
v -0.14450 -0.06000 -0.52650
v -0.20150 -0.06000 -0.50750
v -0.25650 -0.06000 -0.48250
v 0.26250 -0.06000 -0.47850
v 0.31350 -0.06000 -0.44750
v -0.35550 -0.06000 -0.41450
v 0.36050 -0.06000 -0.41050
v -0.39850 -0.06000 -0.37350
v 0.40350 -0.06000 -0.36850
v 0.47450 -0.06000 -0.27150
v -0.49850 -0.06000 -0.22350
v 0.50150 -0.06000 -0.21750
v -0.51950 -0.06000 -0.16750
v -0.53550 -0.06000 -0.10950
v 0.53750 -0.06000 -0.09750
v -0.54450 -0.06000 -0.05050
v 0.54550 -0.06000 -0.03850
v -0.54650 -0.06000 0.01250
v 0.54650 -0.06000 0.02150
v 0.52850 -0.06000 0.14050
v -0.51250 -0.06000 0.18850
v 0.50950 -0.06000 0.19750
v 0.48450 -0.06000 0.25250
v -0.45950 -0.06000 0.29650
v 0.45450 -0.06000 0.30350
v -0.42450 -0.06000 0.34450
v -0.33850 -0.06000 0.42950
v 0.33150 -0.06000 0.43450
v -0.28950 -0.06000 0.46350
v -0.23650 -0.06000 0.49250
v 0.22850 -0.06000 0.49650
v 0.17250 -0.06000 0.51850
v -0.06450 -0.06000 0.54250
v 0.05550 -0.06000 0.54350
v -0.00450 -0.06000 0.54650
v 0.00650 -0.06100 -0.54650
v -0.00250 -0.06100 -0.54650
v 0.03350 -0.06100 -0.54550
v 0.03150 -0.06100 -0.54550
v -0.02650 -0.06100 -0.54550
v -0.02850 -0.06100 -0.54550
v 0.05750 -0.06100 -0.54350
v -0.05350 -0.06100 -0.54350
v 0.06650 -0.06100 -0.54250
v -0.06250 -0.06100 -0.54250
v -0.08650 -0.06100 -0.53950
v -0.08850 -0.06100 -0.53950
v 0.09350 -0.06100 -0.53850
v 0.09150 -0.06100 -0.53850
v -0.11250 -0.06100 -0.53450
v 0.11750 -0.06100 -0.53350
v -0.12150 -0.06100 -0.53250
v 0.12650 -0.06100 -0.53150
v -0.14450 -0.06100 -0.52650
v -0.14750 -0.06100 -0.52650
v 0.14950 -0.06100 -0.52550
v 0.15150 -0.06100 -0.52450
v -0.17050 -0.06100 -0.51850
v 0.17550 -0.06100 -0.51750
v -0.17950 -0.06100 -0.51650
v 0.18350 -0.06100 -0.51450
v 0.00650 -0.06100 -0.51150
v -0.00150 -0.06100 -0.51150
v -0.04950 -0.06100 -0.50950
v 0.05450 -0.06100 -0.50850
v -0.05850 -0.06100 -0.50850
v 0.06250 -0.06100 -0.50750
v -0.20150 -0.06100 -0.50750
v -0.20350 -0.06100 -0.50650
v 0.20650 -0.06100 -0.50550
v 0.20850 -0.06100 -0.50450
v -0.10550 -0.06100 -0.50050
v 0.10950 -0.06100 -0.49950
v -0.11350 -0.06100 -0.49850
v 0.11850 -0.06100 -0.49750
v -0.22650 -0.06100 -0.49750
v 0.23050 -0.06100 -0.49550
v -0.23450 -0.06100 -0.49350
v 0.23950 -0.06100 -0.49150
v -0.15950 -0.06100 -0.48550
v 0.16350 -0.06100 -0.48450
v -0.16750 -0.06100 -0.48350
v -0.25650 -0.06100 -0.48250
v 0.17150 -0.06100 -0.48150
v -0.25850 -0.06100 -0.48150
v 0.26050 -0.06100 -0.48050
v 0.26250 -0.06100 -0.47850
v -0.27950 -0.06100 -0.46950
v 0.28350 -0.06100 -0.46650
v -0.21250 -0.06100 -0.46550
v -0.28750 -0.06100 -0.46450
v 0.21650 -0.06100 -0.46350
v 0.29150 -0.06100 -0.46250
v -0.21950 -0.06100 -0.46150
v 0.22350 -0.06100 -0.45950
v -0.30750 -0.06100 -0.45150
v -0.30950 -0.06100 -0.44950
v 0.31150 -0.06100 -0.44850
v 0.31350 -0.06100 -0.44750
v -0.26150 -0.06100 -0.43950
v 0.26550 -0.06100 -0.43750
v -0.32950 -0.06100 -0.43550
v -0.26950 -0.06100 -0.43450
v 0.33350 -0.06100 -0.43250
v 0.27350 -0.06100 -0.43250
v -0.33650 -0.06100 -0.43050
v 0.34050 -0.06100 -0.42750
v -0.35550 -0.06100 -0.41450
v -0.35750 -0.06100 -0.41350
v 0.35950 -0.06100 -0.41150
v 0.36050 -0.06100 -0.41050
v -0.30850 -0.06100 -0.40750
v 0.31250 -0.06100 -0.40550
v -0.31550 -0.06100 -0.40250
v 0.31850 -0.06100 -0.40050
v -0.37550 -0.06100 -0.39650
v 0.37850 -0.06100 -0.39350
v -0.38150 -0.06100 -0.39050
v 0.38550 -0.06100 -0.38750
v -0.39850 -0.06100 -0.37350
v -0.35150 -0.06100 -0.37150
v -0.40050 -0.06100 -0.37150
v 0.40250 -0.06100 -0.36950
v 0.40350 -0.06100 -0.36850
v 0.35450 -0.06100 -0.36850
v -0.35750 -0.06100 -0.36550
v 0.36050 -0.06100 -0.36250
v -0.41650 -0.06100 -0.35350
v 0.41950 -0.06100 -0.34950
v -0.42250 -0.06100 -0.34650
v 0.42550 -0.06100 -0.34250
v -0.39050 -0.06100 -0.33050
v 0.39350 -0.06100 -0.32750
v -0.43750 -0.06100 -0.32750
v -0.43850 -0.06100 -0.32550
v -0.39550 -0.06100 -0.32450
v 0.44050 -0.06100 -0.32350
v 0.44150 -0.06100 -0.32150
v 0.39850 -0.06100 -0.32050
v -0.45250 -0.06100 -0.30550
v 0.45550 -0.06100 -0.30150
v -0.45750 -0.06100 -0.29750
v 0.46050 -0.06100 -0.29350
v -0.42450 -0.06100 -0.28550
v 0.42650 -0.06100 -0.28250
v -0.42850 -0.06100 -0.27850
v -0.47050 -0.06100 -0.27750
v 0.43150 -0.06100 -0.27550
v -0.47150 -0.06100 -0.27550
v 0.47350 -0.06100 -0.27250
v 0.47450 -0.06100 -0.27150
v -0.48350 -0.06100 -0.25350
v 0.48650 -0.06100 -0.24950
v -0.48750 -0.06100 -0.24550
v 0.49050 -0.06100 -0.24150
v -0.45350 -0.06100 -0.23750
v 0.45550 -0.06100 -0.23350
v -0.45650 -0.06100 -0.23050
v 0.45950 -0.06100 -0.22650
v -0.49850 -0.06100 -0.22350
v -0.49950 -0.06100 -0.22150
v 0.50050 -0.06100 -0.21950
v 0.50150 -0.06100 -0.21750
v -0.50850 -0.06100 -0.19950
v 0.51050 -0.06100 -0.19450
v -0.51150 -0.06100 -0.19050
v -0.47650 -0.06100 -0.18650
v 0.47850 -0.06100 -0.18250
v 0.51550 -0.06100 -0.18150
v -0.47950 -0.06100 -0.17850
v 0.48250 -0.06100 -0.17050
v -0.51950 -0.06100 -0.16750
v -0.52050 -0.06100 -0.16550
v 0.52250 -0.06100 -0.15850
v 0.52350 -0.06100 -0.15650
v -0.52750 -0.06100 -0.14250
v -0.52950 -0.06100 -0.13350
v 0.53050 -0.06100 -0.13250
v -0.49450 -0.06100 -0.13250
v 0.53250 -0.06100 -0.12450
v 0.49650 -0.06100 -0.12450
v -0.49650 -0.06100 -0.12450
v 0.49850 -0.06100 -0.11650
v -0.53550 -0.06100 -0.10950
v -0.53550 -0.06100 -0.10750
v 0.53750 -0.06100 -0.10050
v 0.53750 -0.06100 -0.09750
v -0.53950 -0.06100 -0.08350
v -0.50550 -0.06100 -0.07750
v -0.54150 -0.06100 -0.07450
v 0.54150 -0.06100 -0.07350
v 0.50750 -0.06100 -0.06950
v -0.50650 -0.06100 -0.06950
v 0.54250 -0.06100 -0.06450
v 0.50850 -0.06100 -0.06050
v -0.54450 -0.06100 -0.05050
v -0.54450 -0.06100 -0.04750
v 0.54550 -0.06100 -0.04050
v 0.54550 -0.06100 -0.03850
v -0.54550 -0.06100 -0.02350
v -0.51150 -0.06100 -0.02150
v 0.54650 -0.06100 -0.01350
v 0.51150 -0.06100 -0.01350
v -0.51150 -0.06100 -0.01150
v -0.54650 -0.06100 -0.01150
v 0.54650 -0.06100 -0.00450
v 0.51150 -0.06100 -0.00450
v -0.54650 -0.06100 0.01250
v -0.54650 -0.06100 0.01450
v 0.54650 -0.06100 0.01950
v 0.54650 -0.06100 0.02150
v -0.51050 -0.06100 0.03650
v -0.54550 -0.06100 0.03950
v 0.51050 -0.06100 0.04350
v -0.50950 -0.06100 0.04550
v 0.54450 -0.06100 0.04650
v -0.54450 -0.06100 0.04850
v 0.50950 -0.06100 0.05150
v 0.54350 -0.06100 0.05550
v -0.54150 -0.06100 0.07250
v -0.54150 -0.06100 0.07450
v 0.54050 -0.06100 0.07950
v 0.54050 -0.06100 0.08150
v -0.50350 -0.06100 0.09250
v 0.50250 -0.06100 0.09850
v -0.53750 -0.06100 0.09850
v -0.50150 -0.06100 0.10050
v 0.53650 -0.06100 0.10550
v 0.50050 -0.06100 0.10750
v -0.53550 -0.06100 0.10750
v 0.53450 -0.06100 0.11450
v -0.53050 -0.06100 0.13150
v -0.52950 -0.06100 0.13350
v 0.52850 -0.06100 0.13850
v 0.52850 -0.06100 0.14050
v -0.49050 -0.06100 0.14750
v 0.48850 -0.06100 0.15350
v -0.48750 -0.06100 0.15550
v -0.52350 -0.06100 0.15750
v 0.48550 -0.06100 0.16150
v 0.52150 -0.06100 0.16350
v -0.52050 -0.06100 0.16550
v 0.51850 -0.06100 0.17250
v -0.51250 -0.06100 0.18850
v -0.51250 -0.06100 0.19050
v 0.51050 -0.06100 0.19550
v 0.50950 -0.06100 0.19750
v -0.47150 -0.06100 0.20050
v 0.46850 -0.06100 0.20650
v -0.46750 -0.06100 0.20750
v 0.46550 -0.06100 0.21350
v -0.50350 -0.06100 0.21350
v 0.50050 -0.06100 0.22050
v -0.49950 -0.06100 0.22150
v 0.49650 -0.06100 0.22850
v -0.48950 -0.06100 0.24350
v -0.48850 -0.06100 0.24550
v 0.48550 -0.06100 0.25050
v -0.44650 -0.06100 0.25050
v 0.48450 -0.06100 0.25250
v 0.44350 -0.06100 0.25650
v -0.44250 -0.06100 0.25750
v 0.43850 -0.06100 0.26350
v -0.47650 -0.06100 0.26750
v 0.47350 -0.06100 0.27350
v -0.47250 -0.06100 0.27550
v 0.46850 -0.06100 0.28150
v -0.45950 -0.06100 0.29650
v -0.41650 -0.06100 0.29850
v -0.45850 -0.06100 0.29850
v 0.45550 -0.06100 0.30250
v 0.45450 -0.06100 0.30350
v 0.41250 -0.06100 0.30350
v -0.41150 -0.06100 0.30450
v 0.40750 -0.06100 0.31050
v -0.44450 -0.06100 0.31850
v 0.44050 -0.06100 0.32350
v -0.43950 -0.06100 0.32550
v 0.43450 -0.06100 0.33150
v -0.38050 -0.06100 0.34150
v -0.42450 -0.06100 0.34450
v 0.37650 -0.06100 0.34650
v -0.42250 -0.06100 0.34650
v -0.37550 -0.06100 0.34850
v 0.41950 -0.06100 0.35050
v 0.41850 -0.06100 0.35150
v 0.37050 -0.06100 0.35250
v -0.40650 -0.06100 0.36550
v 0.40250 -0.06100 0.37050
v -0.40050 -0.06100 0.37150
v 0.39550 -0.06100 0.37650
v -0.34150 -0.06100 0.38150
v 0.33650 -0.06100 0.38650
v -0.33450 -0.06100 0.38750
v -0.38350 -0.06100 0.38950
v -0.38250 -0.06100 0.39050
v 0.32950 -0.06100 0.39150
v 0.37850 -0.06100 0.39450
v 0.37750 -0.06100 0.39550
v -0.36450 -0.06100 0.40750
v 0.35950 -0.06100 0.41250
v -0.35750 -0.06100 0.41350
v -0.29750 -0.06100 0.41650
v 0.35250 -0.06100 0.41850
v 0.29150 -0.06100 0.42050
v -0.29050 -0.06100 0.42150
v 0.28450 -0.06100 0.42550
v -0.54750 -0.06100 0.42850
v -0.33850 -0.06100 0.42950
v -0.33650 -0.06100 0.43050
v 0.33350 -0.06100 0.43350
v 0.33150 -0.06100 0.43450
v -0.31750 -0.06100 0.44550
v -0.24950 -0.06100 0.44650
v 0.31150 -0.06100 0.44950
v 0.24350 -0.06100 0.45050
v -0.24250 -0.06100 0.45050
v -0.30950 -0.06100 0.45050
v 0.30450 -0.06100 0.45450
v 0.23650 -0.06100 0.45450
v -0.28950 -0.06100 0.46350
v -0.28750 -0.06100 0.46450
v 0.28350 -0.06100 0.46750
v 0.28150 -0.06100 0.46850
v -0.19950 -0.06100 0.47150
v 0.19350 -0.06100 0.47450
v -0.19150 -0.06100 0.47450
v 0.18550 -0.06100 0.47750
v -0.26650 -0.06100 0.47750
v 0.26050 -0.06100 0.48050
v -0.25850 -0.06100 0.48150
v 0.25250 -0.06100 0.48450
v -0.14650 -0.06100 0.49050
v 0.13950 -0.06100 0.49250
v -0.23650 -0.06100 0.49250
v -0.13750 -0.06100 0.49350
v -0.23450 -0.06100 0.49350
v 0.13150 -0.06100 0.49450
v 0.23050 -0.06100 0.49550
v 0.22850 -0.06100 0.49650
v -0.09150 -0.06100 0.50350
v -0.21250 -0.06100 0.50350
v 0.08550 -0.06100 0.50450
v -0.08350 -0.06100 0.50550
v 0.20650 -0.06100 0.50650
v 0.07650 -0.06100 0.50650
v -0.20450 -0.06100 0.50750
v 0.19750 -0.06100 0.50950
v -0.03550 -0.06100 0.51050
v 0.02950 -0.06100 0.51150
v 0.02050 -0.06100 0.51150
v -0.02750 -0.06100 0.51150
v -0.18150 -0.06100 0.51550
v -0.17950 -0.06100 0.51650
v 0.17450 -0.06100 0.51850
v 0.17250 -0.06100 0.51850
v -0.15650 -0.06100 0.52350
v 0.14950 -0.06100 0.52550
v -0.14750 -0.06100 0.52650
v 0.14050 -0.06100 0.52850
v -0.12350 -0.06100 0.53250
v -0.12150 -0.06100 0.53350
v 0.11650 -0.06100 0.53450
v 0.11450 -0.06100 0.53450
v -0.09750 -0.06100 0.53750
v 0.09050 -0.06100 0.53950
v -0.08850 -0.06100 0.53950
v 0.08150 -0.06100 0.54050
v -0.06450 -0.06100 0.54250
v 0.05750 -0.06100 0.54350
v 0.05550 -0.06100 0.54350
v -0.06250 -0.06100 0.54350
v 0.03150 -0.06100 0.54550
v -0.02850 -0.06100 0.54550
v -0.03750 -0.06100 0.54550
v 0.02250 -0.06100 0.54650
v -0.00250 -0.06100 0.54650
v -0.00450 -0.06100 0.54650
v 0.00050 -0.06300 -0.51550
v 0.05350 -0.06300 -0.51250
v -0.05350 -0.06300 -0.51250
v 0.10750 -0.06300 -0.50350
v -0.10750 -0.06300 -0.50350
v 0.15950 -0.06300 -0.48950
v -0.15950 -0.06300 -0.48950
v 0.20950 -0.06300 -0.47050
v -0.20950 -0.06300 -0.47050
v 0.25750 -0.06300 -0.44550
v -0.25750 -0.06300 -0.44550
v 0.30250 -0.06300 -0.41650
v -0.30250 -0.06300 -0.41650
v 0.34450 -0.06300 -0.38250
v -0.34450 -0.06300 -0.38250
v 0.38250 -0.06300 -0.34450
v -0.38250 -0.06300 -0.34450
v 0.41650 -0.06300 -0.30250
v -0.41650 -0.06300 -0.30250
v 0.44650 -0.06300 -0.25750
v -0.44650 -0.06300 -0.25750
v 0.47050 -0.06300 -0.20950
v -0.47050 -0.06300 -0.20950
v 0.49050 -0.06300 -0.15850
v -0.48950 -0.06300 -0.15850
v 0.50450 -0.06300 -0.10650
v -0.50350 -0.06300 -0.10650
v 0.51250 -0.06300 -0.05350
v -0.51250 -0.06300 -0.05350
v 0.51550 -0.06300 0.00050
v -0.51550 -0.06300 0.00050
v 0.51250 -0.06300 0.05450
v -0.51250 -0.06300 0.05450
v 0.50450 -0.06300 0.10750
v -0.50350 -0.06300 0.10750
v 0.49050 -0.06300 0.15950
v -0.48950 -0.06300 0.15950
v 0.47050 -0.06300 0.20950
v -0.47050 -0.06300 0.20950
v 0.44650 -0.06300 0.25750
v -0.44650 -0.06300 0.25750
v 0.41650 -0.06300 0.30350
v -0.41650 -0.06300 0.30350
v 0.38250 -0.06300 0.34550
v -0.38250 -0.06300 0.34550
v 0.34450 -0.06300 0.38350
v -0.34450 -0.06300 0.38350
v 0.30250 -0.06300 0.41750
v -0.30250 -0.06300 0.41750
v 0.25750 -0.06300 0.44650
v -0.25750 -0.06300 0.44650
v 0.20950 -0.06300 0.47050
v -0.20950 -0.06300 0.47050
v 0.15950 -0.06300 0.49050
v -0.15950 -0.06300 0.49050
v 0.10750 -0.06300 0.50450
v -0.10750 -0.06300 0.50450
v 0.05350 -0.06300 0.51250
v -0.05350 -0.06300 0.51250
v 0.00050 -0.06300 0.51550
v 0.00050 -0.06400 -0.32750
v 0.05150 -0.06400 -0.32350
v -0.05150 -0.06400 -0.32350
v 0.10150 -0.06400 -0.31150
v -0.10150 -0.06400 -0.31150
v 0.14850 -0.06400 -0.29150
v -0.14850 -0.06400 -0.29150
v 0.19250 -0.06400 -0.26550
v -0.19250 -0.06400 -0.26550
v 0.23150 -0.06400 -0.23150
v -0.23150 -0.06400 -0.23150
v 0.26550 -0.06400 -0.19250
v -0.26550 -0.06400 -0.19250
v 0.29250 -0.06400 -0.14850
v -0.29250 -0.06400 -0.14850
v 0.31150 -0.06400 -0.10150
v -0.31150 -0.06400 -0.10150
v 0.32450 -0.06400 -0.05150
v -0.32350 -0.06400 -0.05150
v 0.32850 -0.06400 0.00050
v -0.32750 -0.06400 0.00050
v 0.32450 -0.06400 0.05150
v -0.32350 -0.06400 0.05150
v 0.31150 -0.06400 0.10150
v -0.31150 -0.06400 0.10150
v 0.29250 -0.06400 0.14950
v -0.29250 -0.06400 0.14950
v 0.26550 -0.06400 0.19350
v -0.26550 -0.06400 0.19350
v 0.23150 -0.06400 0.23250
v -0.23150 -0.06400 0.23250
v 0.19250 -0.06400 0.26550
v -0.19250 -0.06400 0.26550
v 0.14850 -0.06400 0.29250
v -0.14850 -0.06400 0.29250
v 0.10150 -0.06400 0.31250
v -0.10150 -0.06400 0.31250
v 0.05150 -0.06400 0.32450
v -0.05150 -0.06400 0.32450
v 0.00050 -0.06400 0.32850
v 0.00050 -0.06500 -0.53250
v 0.05550 -0.06500 -0.52950
v -0.05550 -0.06500 -0.52950
v 0.11050 -0.06500 -0.52150
v -0.11050 -0.06500 -0.52150
v 0.00050 -0.06500 -0.51750
v 0.05450 -0.06500 -0.51450
v -0.05450 -0.06500 -0.51450
v 0.16450 -0.06500 -0.50650
v 0.10750 -0.06500 -0.50650
v -0.10750 -0.06500 -0.50650
v -0.16450 -0.06500 -0.50650
v 0.16050 -0.06500 -0.49250
v -0.15950 -0.06500 -0.49250
v 0.21650 -0.06500 -0.48650
v -0.21650 -0.06500 -0.48650
v 0.21050 -0.06500 -0.47250
v -0.21050 -0.06500 -0.47250
v 0.26650 -0.06500 -0.46150
v -0.26650 -0.06500 -0.46150
v 0.25850 -0.06500 -0.44850
v -0.25850 -0.06500 -0.44850
v 0.31350 -0.06500 -0.43150
v -0.31350 -0.06500 -0.43150
v 0.30450 -0.06500 -0.41850
v -0.30450 -0.06500 -0.41850
v 0.35650 -0.06500 -0.39550
v -0.35650 -0.06500 -0.39550
v 0.34650 -0.06500 -0.38450
v -0.34650 -0.06500 -0.38450
v 0.39650 -0.06500 -0.35650
v -0.39650 -0.06500 -0.35650
v 0.38450 -0.06500 -0.34650
v -0.38450 -0.06500 -0.34650
v 0.43150 -0.06500 -0.31350
v -0.43150 -0.06500 -0.31350
v 0.41950 -0.06500 -0.30450
v -0.41850 -0.06500 -0.30450
v 0.46150 -0.06500 -0.26650
v -0.46150 -0.06500 -0.26650
v 0.44850 -0.06500 -0.25850
v -0.44850 -0.06500 -0.25850
v 0.48750 -0.06500 -0.21650
v -0.48650 -0.06500 -0.21650
v 0.47350 -0.06500 -0.21050
v -0.47250 -0.06500 -0.21050
v 0.50750 -0.06500 -0.16450
v -0.50650 -0.06500 -0.16450
v 0.49250 -0.06500 -0.15950
v -0.49250 -0.06500 -0.15950
v 0.52150 -0.06500 -0.11050
v -0.52150 -0.06500 -0.11050
v 0.50650 -0.06500 -0.10750
v -0.50650 -0.06500 -0.10750
v 0.53050 -0.06500 -0.05550
v -0.53050 -0.06500 -0.05550
v 0.51550 -0.06500 -0.05350
v -0.51450 -0.06500 -0.05350
v 0.53350 -0.06500 0.00050
v 0.51750 -0.06500 0.00050
v -0.51750 -0.06500 0.00050
v -0.53250 -0.06500 0.00050
v 0.51550 -0.06500 0.05450
v -0.51450 -0.06500 0.05450
v 0.53050 -0.06500 0.05550
v -0.53050 -0.06500 0.05550
v 0.50650 -0.06500 0.10750
v -0.50650 -0.06500 0.10750
v 0.52150 -0.06500 0.11150
v -0.52150 -0.06500 0.11150
v 0.49250 -0.06500 0.16050
v -0.49250 -0.06500 0.16050
v 0.50750 -0.06500 0.16450
v -0.50650 -0.06500 0.16450
v 0.47350 -0.06500 0.21050
v -0.47250 -0.06500 0.21050
v 0.48750 -0.06500 0.21750
v -0.48650 -0.06500 0.21750
v 0.44850 -0.06500 0.25950
v -0.44850 -0.06500 0.25950
v 0.46150 -0.06500 0.26650
v -0.46150 -0.06500 0.26650
v 0.41950 -0.06500 0.30450
v -0.41850 -0.06500 0.30450
v 0.43150 -0.06500 0.31350
v -0.43150 -0.06500 0.31350
v 0.38450 -0.06500 0.34650
v -0.38450 -0.06500 0.34650
v 0.39650 -0.06500 0.35650
v -0.39650 -0.06500 0.35650
v 0.34650 -0.06500 0.38550
v -0.34650 -0.06500 0.38550
v 0.35650 -0.06500 0.39650
v -0.35650 -0.06500 0.39650
v 0.30450 -0.06500 0.41950
v -0.30450 -0.06500 0.41950
v 0.31350 -0.06500 0.43150
v -0.31350 -0.06500 0.43150
v 0.25850 -0.06500 0.44850
v -0.25850 -0.06500 0.44850
v 0.26650 -0.06500 0.46150
v -0.26650 -0.06500 0.46150
v 0.21050 -0.06500 0.47350
v -0.21050 -0.06500 0.47350
v 0.21650 -0.06500 0.48750
v -0.21650 -0.06500 0.48750
v 0.16050 -0.06500 0.49250
v -0.15950 -0.06500 0.49250
v 0.10750 -0.06500 0.50650
v -0.10750 -0.06500 0.50650
v 0.16450 -0.06500 0.50750
v -0.16450 -0.06500 0.50750
v 0.05450 -0.06500 0.51550
v -0.05450 -0.06500 0.51550
v 0.00050 -0.06500 0.51850
v 0.11050 -0.06500 0.52150
v -0.11050 -0.06500 0.52150
v 0.05550 -0.06500 0.53050
v -0.05550 -0.06500 0.53050
v 0.00050 -0.06500 0.53350
v 0.50750 -0.06600 0.45550
v 0.50850 -0.06600 0.45950
v 0.00050 -0.06700 -0.53550
v 0.05650 -0.06700 -0.53250
v -0.05550 -0.06700 -0.53250
v 0.11150 -0.06700 -0.52350
v -0.11150 -0.06700 -0.52350
v 0.16550 -0.06700 -0.50950
v -0.16550 -0.06700 -0.50950
v 0.21750 -0.06700 -0.48950
v -0.21750 -0.06700 -0.48950
v 0.26750 -0.06700 -0.46350
v -0.26750 -0.06700 -0.46350
v 0.31450 -0.06700 -0.43350
v -0.31450 -0.06700 -0.43350
v 0.35850 -0.06700 -0.39750
v -0.35850 -0.06700 -0.39750
v 0.39850 -0.06700 -0.35850
v -0.39850 -0.06700 -0.35850
v 0.43350 -0.06700 -0.31450
v -0.43350 -0.06700 -0.31450
v 0.46450 -0.06700 -0.26750
v -0.46350 -0.06700 -0.26750
v 0.48950 -0.06700 -0.21750
v -0.48950 -0.06700 -0.21750
v 0.50950 -0.06700 -0.16550
v -0.50950 -0.06700 -0.16550
v 0.52450 -0.06700 -0.11150
v -0.52350 -0.06700 -0.11150
v 0.53250 -0.06700 -0.05550
v -0.53250 -0.06700 -0.05550
v -0.53550 -0.06700 0.00050
v 0.53250 -0.06700 0.05650
v 0.52450 -0.06700 0.11150
v -0.52350 -0.06700 0.11150
v 0.50950 -0.06700 0.16550
v -0.50950 -0.06700 0.16550
v 0.48950 -0.06700 0.21850
v -0.48950 -0.06700 0.21850
v 0.46450 -0.06700 0.26850
v -0.46350 -0.06700 0.26850
v -0.63950 -0.06700 0.28350
v 0.43350 -0.06700 0.31550
v -0.43350 -0.06700 0.31550
v 0.39850 -0.06700 0.35850
v -0.39850 -0.06700 0.35850
v 0.35850 -0.06700 0.39850
v -0.35850 -0.06700 0.39850
v 0.31450 -0.06700 0.43350
v -0.31450 -0.06700 0.43350
v 0.26750 -0.06700 0.46450
v -0.26750 -0.06700 0.46450
v 0.21750 -0.06700 0.48950
v -0.21750 -0.06700 0.48950
v 0.16550 -0.06700 0.50950
v -0.16550 -0.06700 0.50950
v 0.11150 -0.06700 0.52450
v -0.11150 -0.06700 0.52450
v 0.05650 -0.06700 0.53350
v -0.05550 -0.06700 0.53350
v 0.00050 -0.06700 0.53550
v 0.30050 -0.07300 0.60350
v -0.30850 -0.07300 0.60350
v 0.63650 -0.07700 0.37550
v 0.53450 -0.07700 0.42550
v -0.54050 -0.08000 0.42450
v 0.53550 -0.08000 0.42850
v 0.49550 -0.08100 0.45550
v 0.49150 -0.08200 0.45550
v -0.49850 -0.08200 0.45550
v 0.49150 -0.08200 0.45950
v -0.49850 -0.08200 0.45950
v -0.50350 -0.08300 0.45450
v 0.49350 -0.08300 0.45950
v -0.50050 -0.08300 0.45950
v 0.42350 -0.08300 0.53250
v -0.43050 -0.08300 0.53250
v 0.53050 -0.08400 0.43450
v -0.53750 -0.08400 0.43450
v 0.48650 -0.08400 0.47550
v -0.49450 -0.08400 0.47550
v 0.45550 -0.08400 0.50350
v -0.46250 -0.08400 0.50350
v 0.42850 -0.08400 0.53550
v -0.43550 -0.08400 0.53550
v -0.53750 -0.08500 0.41850
v 0.49150 -0.08500 0.46350
v 0.48450 -0.08500 0.48750
v -0.49250 -0.08500 0.48750
v 0.46550 -0.08500 0.50350
v -0.47250 -0.08500 0.50350
v -0.64650 -0.08600 -0.05950
v -0.64550 -0.08600 -0.05850
v -0.64450 -0.08600 -0.05650
v -0.53450 -0.08600 0.42850
v 0.51650 -0.08600 0.45350
v -0.52350 -0.08600 0.45350
v 0.49950 -0.08600 0.46950
v 0.44550 -0.08600 0.51650
v -0.45350 -0.08600 0.51650
v -0.45350 -0.08600 0.51850
v 0.42750 -0.08600 0.53050
v -0.43450 -0.08600 0.53050
v -0.63850 -0.08700 0.40950
v 0.52750 -0.08700 0.42750
v 0.53150 -0.08700 0.43550
v 0.48950 -0.08700 0.47750
v -0.49650 -0.08700 0.47750
v 0.48350 -0.08700 0.48650
v -0.49050 -0.08700 0.48650
v 0.46650 -0.08700 0.49750
v -0.47350 -0.08700 0.49750
v 0.45850 -0.08700 0.50350
v -0.46550 -0.08700 0.50350
v 0.63450 -0.08800 -0.09750
v -0.70050 -0.08800 0.31450
v 0.45050 -0.08800 0.51050
v 0.63650 -0.08900 -0.17050
v 0.63450 -0.08900 -0.16750
v 0.64450 -0.08900 -0.16550
v 0.64150 -0.08900 -0.16450
v 0.64650 -0.08900 -0.13850
v 0.43250 -0.08900 0.52050
v -0.44050 -0.08900 0.52050
v -0.53950 -0.09000 0.42450
v -0.53650 -0.09000 0.42550
v 0.48350 -0.09000 0.48450
v 0.43450 -0.09000 0.52350
v -0.44150 -0.09000 0.52350
v 0.51950 -0.09100 0.44750
v 0.50250 -0.09200 0.46750
v 0.53750 -0.09300 0.43050
v -0.64150 -0.09400 -0.05750
v 0.42150 -0.09400 0.54050
v 0.21750 -0.09500 0.62350
v -0.22550 -0.09500 0.62350
v 0.15050 -0.09500 0.63550
v -0.15750 -0.09500 0.63550
v 0.07350 -0.09500 0.64250
v 0.49950 -0.09600 0.45550
v -0.64050 -0.09700 -0.16550
v -0.63850 -0.09700 -0.16450
v -0.63750 -0.09700 -0.16250
v 0.26450 -0.09700 0.61250
v -0.27150 -0.09700 0.61250
v 0.19550 -0.09700 0.62750
v -0.20250 -0.09700 0.62750
v 0.02250 -0.09700 0.64450
v -0.69250 -0.09900 -0.09050
v 0.29650 -0.10000 0.60450
v 0.00650 -0.10100 -0.54650
v -0.00250 -0.10100 -0.54650
v 0.03350 -0.10100 -0.54550
v 0.03150 -0.10100 -0.54550
v -0.02650 -0.10100 -0.54550
v -0.02850 -0.10100 -0.54550
v 0.05750 -0.10100 -0.54350
v 0.03150 -0.10100 -0.54350
v -0.02650 -0.10100 -0.54350
v -0.02850 -0.10100 -0.54350
v -0.05350 -0.10100 -0.54350
v 0.06650 -0.10100 -0.54250
v 0.03350 -0.10100 -0.54250
v -0.06250 -0.10100 -0.54250
v -0.08650 -0.10100 -0.53950
v -0.08850 -0.10100 -0.53950
v 0.09350 -0.10100 -0.53850
v 0.09150 -0.10100 -0.53850
v -0.08550 -0.10100 -0.53750
v 0.09050 -0.10100 -0.53650
v -0.08850 -0.10100 -0.53650
v 0.09250 -0.10100 -0.53550
v -0.11250 -0.10100 -0.53450
v 0.11750 -0.10100 -0.53350
v -0.12150 -0.10100 -0.53250
v 0.12650 -0.10100 -0.53150
v -0.14450 -0.10100 -0.52650
v -0.14750 -0.10100 -0.52650
v 0.14950 -0.10100 -0.52550
v 0.15150 -0.10100 -0.52450
v -0.14450 -0.10100 -0.52450
v 0.14950 -0.10100 -0.52350
v -0.14650 -0.10100 -0.52350
v 0.15150 -0.10100 -0.52250
v -0.17050 -0.10100 -0.51850
v 0.17550 -0.10100 -0.51750
v -0.17950 -0.10100 -0.51650
v 0.18350 -0.10100 -0.51450
v 0.00650 -0.10100 -0.51150
v -0.00150 -0.10100 -0.51150
v -0.04950 -0.10100 -0.50950
v 0.05450 -0.10100 -0.50850
v -0.05850 -0.10100 -0.50850
v 0.06250 -0.10100 -0.50750
v -0.20150 -0.10100 -0.50750
v -0.20350 -0.10100 -0.50650
v 0.20650 -0.10100 -0.50550
v -0.20150 -0.10100 -0.50550
v 0.20850 -0.10100 -0.50450
v -0.20350 -0.10100 -0.50450
v 0.20550 -0.10100 -0.50350
v 0.20750 -0.10100 -0.50250
v -0.10550 -0.10100 -0.50050
v 0.10950 -0.10100 -0.49950
v -0.11350 -0.10100 -0.49850
v 0.11850 -0.10100 -0.49750
v -0.22650 -0.10100 -0.49750
v 0.23050 -0.10100 -0.49550
v -0.23450 -0.10100 -0.49350
v 0.23950 -0.10100 -0.49150
v -0.15950 -0.10100 -0.48550
v 0.16350 -0.10100 -0.48450
v -0.16750 -0.10100 -0.48350
v -0.25650 -0.10100 -0.48250
v 0.17150 -0.10100 -0.48150
v -0.25850 -0.10100 -0.48150
v 0.26050 -0.10100 -0.48050
v -0.25550 -0.10100 -0.48050
v -0.25750 -0.10100 -0.47950
v 0.26250 -0.10100 -0.47850
v 0.25950 -0.10100 -0.47850
v 0.26150 -0.10100 -0.47650
v -0.27950 -0.10100 -0.46950
v 0.28350 -0.10100 -0.46650
v -0.21250 -0.10100 -0.46550
v -0.28750 -0.10100 -0.46450
v 0.21650 -0.10100 -0.46350
v 0.29150 -0.10100 -0.46250
v -0.21950 -0.10100 -0.46150
v 0.22350 -0.10100 -0.45950
v -0.30750 -0.10100 -0.45150
v -0.30650 -0.10100 -0.44950
v -0.30950 -0.10100 -0.44950
v 0.31150 -0.10100 -0.44850
v -0.30850 -0.10100 -0.44850
v 0.31350 -0.10100 -0.44750
v 0.31050 -0.10100 -0.44650
v 0.31250 -0.10100 -0.44550
v -0.26150 -0.10100 -0.43950
v 0.26550 -0.10100 -0.43750
v -0.32950 -0.10100 -0.43550
v -0.26950 -0.10100 -0.43450
v 0.33350 -0.10100 -0.43250
v 0.27350 -0.10100 -0.43250
v -0.33650 -0.10100 -0.43050
v 0.34050 -0.10100 -0.42750
v -0.35550 -0.10100 -0.41450
v -0.35750 -0.10100 -0.41350
v -0.35450 -0.10100 -0.41250
v 0.35950 -0.10100 -0.41150
v -0.35550 -0.10100 -0.41150
v 0.36050 -0.10100 -0.41050
v 0.35750 -0.10100 -0.40950
v 0.35950 -0.10100 -0.40850
v -0.30850 -0.10100 -0.40750
v 0.31250 -0.10100 -0.40550
v -0.31550 -0.10100 -0.40250
v 0.31850 -0.10100 -0.40050
v -0.37550 -0.10100 -0.39650
v 0.37850 -0.10100 -0.39350
v -0.38150 -0.10100 -0.39050
v 0.38550 -0.10100 -0.38750
v -0.39850 -0.10100 -0.37350
v -0.35150 -0.10100 -0.37150
v -0.39750 -0.10100 -0.37150
v -0.40050 -0.10100 -0.37150
v 0.40250 -0.10100 -0.36950
v -0.39850 -0.10100 -0.36950
v 0.40350 -0.10100 -0.36850
v 0.40050 -0.10100 -0.36850
v 0.35450 -0.10100 -0.36850
v 0.40250 -0.10100 -0.36650
v -0.35750 -0.10100 -0.36550
v 0.36050 -0.10100 -0.36250
v -0.41650 -0.10100 -0.35350
v 0.41950 -0.10100 -0.34950
v -0.42250 -0.10100 -0.34650
v 0.42550 -0.10100 -0.34250
v -0.39050 -0.10100 -0.33050
v 0.39350 -0.10100 -0.32750
v -0.43750 -0.10100 -0.32750
v -0.43550 -0.10100 -0.32550
v -0.43850 -0.10100 -0.32550
v -0.39550 -0.10100 -0.32450
v 0.44050 -0.10100 -0.32350
v -0.43750 -0.10100 -0.32350
v 0.44150 -0.10100 -0.32150
v 0.43850 -0.10100 -0.32150
v 0.43950 -0.10100 -0.32050
v 0.39850 -0.10100 -0.32050
v -0.45250 -0.10100 -0.30550
v 0.45550 -0.10100 -0.30150
v -0.45750 -0.10100 -0.29750
v 0.46050 -0.10100 -0.29350
v -0.42450 -0.10100 -0.28550
v 0.42650 -0.10100 -0.28250
v -0.42850 -0.10100 -0.27850
v -0.47050 -0.10100 -0.27750
v 0.43150 -0.10100 -0.27550
v -0.46850 -0.10100 -0.27550
v -0.47150 -0.10100 -0.27550
v -0.46950 -0.10100 -0.27350
v 0.47350 -0.10100 -0.27250
v 0.47450 -0.10100 -0.27150
v 0.47150 -0.10100 -0.27150
v 0.47250 -0.10100 -0.26950
v -0.48350 -0.10100 -0.25350
v 0.48650 -0.10100 -0.24950
v -0.48750 -0.10100 -0.24550
v 0.49050 -0.10100 -0.24150
v -0.45350 -0.10100 -0.23750
v 0.45550 -0.10100 -0.23350
v -0.45650 -0.10100 -0.23050
v 0.45950 -0.10100 -0.22650
v -0.49850 -0.10100 -0.22350
v -0.49650 -0.10100 -0.22250
v -0.49950 -0.10100 -0.22150
v -0.49750 -0.10100 -0.22050
v 0.50050 -0.10100 -0.21950
v 0.49850 -0.10100 -0.21850
v 0.50150 -0.10100 -0.21750
v 0.49950 -0.10100 -0.21650
v -0.50850 -0.10100 -0.19950
v 0.51050 -0.10100 -0.19450
v -0.51150 -0.10100 -0.19050
v -0.47650 -0.10100 -0.18650
v 0.47850 -0.10100 -0.18250
v 0.51550 -0.10100 -0.18150
v -0.47950 -0.10100 -0.17850
v 0.48250 -0.10100 -0.17050
v -0.51950 -0.10100 -0.16750
v -0.51750 -0.10100 -0.16650
v -0.52050 -0.10100 -0.16550
v -0.51850 -0.10100 -0.16450
v 0.52250 -0.10100 -0.15850
v 0.52050 -0.10100 -0.15750
v 0.52350 -0.10100 -0.15650
v 0.52150 -0.10100 -0.15550
v -0.52750 -0.10100 -0.14250
v -0.52950 -0.10100 -0.13350
v 0.53050 -0.10100 -0.13250
v -0.49450 -0.10100 -0.13250
v 0.53250 -0.10100 -0.12450
v 0.49650 -0.10100 -0.12450
v -0.49650 -0.10100 -0.12450
v 0.49850 -0.10100 -0.11650
v -0.53550 -0.10100 -0.10950
v -0.53350 -0.10100 -0.10850
v -0.53550 -0.10100 -0.10750
v -0.53350 -0.10100 -0.10650
v 0.53750 -0.10100 -0.10050
v 0.53550 -0.10100 -0.09950
v 0.53750 -0.10100 -0.09750
v 0.53550 -0.10100 -0.09750
v -0.53950 -0.10100 -0.08350
v -0.50550 -0.10100 -0.07750
v -0.54150 -0.10100 -0.07450
v 0.54150 -0.10100 -0.07350
v 0.50750 -0.10100 -0.06950
v -0.50650 -0.10100 -0.06950
v 0.54250 -0.10100 -0.06450
v 0.50850 -0.10100 -0.06050
v -0.54450 -0.10100 -0.05050
v -0.54150 -0.10100 -0.04950
v -0.54250 -0.10100 -0.04750
v -0.54450 -0.10100 -0.04750
v 0.54550 -0.10100 -0.04050
v 0.54250 -0.10100 -0.04050
v 0.54550 -0.10100 -0.03850
v 0.54250 -0.10100 -0.03850
v -0.54550 -0.10100 -0.02350
v -0.51150 -0.10100 -0.02150
v 0.54650 -0.10100 -0.01350
v 0.51150 -0.10100 -0.01350
v -0.51150 -0.10100 -0.01150
v -0.54650 -0.10100 -0.01150
v 0.54650 -0.10100 -0.00450
v 0.51150 -0.10100 -0.00450
v -0.54350 -0.10100 0.01250
v -0.54650 -0.10100 0.01250
v -0.54350 -0.10100 0.01450
v -0.54650 -0.10100 0.01450
v 0.54650 -0.10100 0.01950
v 0.54350 -0.10100 0.01950
v 0.54650 -0.10100 0.02150
v 0.54350 -0.10100 0.02150
v -0.51050 -0.10100 0.03650
v -0.54550 -0.10100 0.03950
v 0.51050 -0.10100 0.04350
v -0.50950 -0.10100 0.04550
v 0.54450 -0.10100 0.04650
v -0.54450 -0.10100 0.04850
v 0.50950 -0.10100 0.05150
v 0.54350 -0.10100 0.05550
v -0.53950 -0.10100 0.07250
v -0.54150 -0.10100 0.07250
v -0.53950 -0.10100 0.07450
v -0.54150 -0.10100 0.07450
v 0.53850 -0.10100 0.07850
v 0.54050 -0.10100 0.07950
v 0.54050 -0.10100 0.08150
v 0.53850 -0.10100 0.08150
v -0.50350 -0.10100 0.09250
v 0.50250 -0.10100 0.09850
v -0.53750 -0.10100 0.09850
v -0.50150 -0.10100 0.10050
v 0.53650 -0.10100 0.10550
v 0.50050 -0.10100 0.10750
v -0.53550 -0.10100 0.10750
v 0.53450 -0.10100 0.11450
v -0.52850 -0.10100 0.13050
v -0.53050 -0.10100 0.13150
v -0.52750 -0.10100 0.13250
v -0.52950 -0.10100 0.13350
v 0.52650 -0.10100 0.13750
v 0.52850 -0.10100 0.13850
v 0.52650 -0.10100 0.13950
v 0.52850 -0.10100 0.14050
v -0.49050 -0.10100 0.14750
v 0.48850 -0.10100 0.15350
v -0.48750 -0.10100 0.15550
v -0.52350 -0.10100 0.15750
v 0.48550 -0.10100 0.16150
v 0.52150 -0.10100 0.16350
v -0.52050 -0.10100 0.16550
v 0.51850 -0.10100 0.17250
v -0.51050 -0.10100 0.18850
v -0.51250 -0.10100 0.18850
v -0.50950 -0.10100 0.19050
v -0.51250 -0.10100 0.19050
v 0.50850 -0.10100 0.19450
v 0.51050 -0.10100 0.19550
v 0.50750 -0.10100 0.19650
v 0.50950 -0.10100 0.19750
v -0.47150 -0.10100 0.20050
v 0.46850 -0.10100 0.20650
v -0.46750 -0.10100 0.20750
v 0.46550 -0.10100 0.21350
v -0.50350 -0.10100 0.21350
v 0.50050 -0.10100 0.22050
v -0.49950 -0.10100 0.22150
v 0.49650 -0.10100 0.22850
v -0.48650 -0.10100 0.24250
v -0.48950 -0.10100 0.24350
v -0.48650 -0.10100 0.24450
v -0.48850 -0.10100 0.24550
v 0.48350 -0.10100 0.24950
v 0.48550 -0.10100 0.25050
v -0.44650 -0.10100 0.25050
v 0.48250 -0.10100 0.25150
v 0.48450 -0.10100 0.25250
v 0.44350 -0.10100 0.25650
v -0.44250 -0.10100 0.25750
v 0.43850 -0.10100 0.26350
v -0.47650 -0.10100 0.26750
v 0.47350 -0.10100 0.27350
v -0.47250 -0.10100 0.27550
v 0.46850 -0.10100 0.28150
v -0.45750 -0.10100 0.29450
v -0.45650 -0.10100 0.29650
v -0.45950 -0.10100 0.29650
v -0.41650 -0.10100 0.29850
v -0.45850 -0.10100 0.29850
v 0.45350 -0.10100 0.30050
v 0.45550 -0.10100 0.30250
v 0.45250 -0.10100 0.30250
v 0.45450 -0.10100 0.30350
v 0.41250 -0.10100 0.30350
v -0.41150 -0.10100 0.30450
v 0.40750 -0.10100 0.31050
v -0.44450 -0.10100 0.31850
v 0.44050 -0.10100 0.32350
v -0.43950 -0.10100 0.32550
v 0.43450 -0.10100 0.33150
v -0.38050 -0.10100 0.34150
v -0.42250 -0.10100 0.34350
v -0.42450 -0.10100 0.34450
v -0.42050 -0.10100 0.34550
v 0.37650 -0.10100 0.34650
v -0.42250 -0.10100 0.34650
v 0.41750 -0.10100 0.34850
v -0.37550 -0.10100 0.34850
v 0.41950 -0.10100 0.35050
v 0.41650 -0.10100 0.35050
v 0.41850 -0.10100 0.35150
v 0.37050 -0.10100 0.35250
v -0.40650 -0.10100 0.36550
v 0.40250 -0.10100 0.37050
v -0.40050 -0.10100 0.37150
v 0.39550 -0.10100 0.37650
v -0.34150 -0.10100 0.38150
v 0.33650 -0.10100 0.38650
v -0.33450 -0.10100 0.38750
v -0.38250 -0.10100 0.38750
v -0.38050 -0.10100 0.38950
v -0.38350 -0.10100 0.38950
v -0.38250 -0.10100 0.39050
v 0.32950 -0.10100 0.39150
v 0.37750 -0.10100 0.39250
v 0.37850 -0.10100 0.39450
v 0.37550 -0.10100 0.39450
v 0.37750 -0.10100 0.39550
v -0.36450 -0.10100 0.40750
v 0.35950 -0.10100 0.41250
v -0.35750 -0.10100 0.41350
v -0.29750 -0.10100 0.41650
v 0.35250 -0.10100 0.41850
v 0.29150 -0.10100 0.42050
v -0.29050 -0.10100 0.42150
v 0.28450 -0.10100 0.42550
v -0.33750 -0.10100 0.42750
v -0.33550 -0.10100 0.42850
v -0.33850 -0.10100 0.42950
v -0.33650 -0.10100 0.43050
v 0.33150 -0.10100 0.43150
v 0.33050 -0.10100 0.43250
v 0.33350 -0.10100 0.43350
v 0.33150 -0.10100 0.43450
v -0.31750 -0.10100 0.44550
v -0.24950 -0.10100 0.44650
v 0.31150 -0.10100 0.44950
v 0.24350 -0.10100 0.45050
v -0.24250 -0.10100 0.45050
v -0.30950 -0.10100 0.45050
v 0.30450 -0.10100 0.45450
v 0.23650 -0.10100 0.45450
v -0.28850 -0.10100 0.46150
v -0.28650 -0.10100 0.46250
v -0.28950 -0.10100 0.46350
v -0.28750 -0.10100 0.46450
v 0.28250 -0.10100 0.46550
v 0.28050 -0.10100 0.46650
v 0.28350 -0.10100 0.46750
v 0.28150 -0.10100 0.46850
v -0.19950 -0.10100 0.47150
v 0.19350 -0.10100 0.47450
v -0.19150 -0.10100 0.47450
v 0.18550 -0.10100 0.47750
v -0.26650 -0.10100 0.47750
v 0.26050 -0.10100 0.48050
v -0.25850 -0.10100 0.48150
v 0.25250 -0.10100 0.48450
v -0.14650 -0.10100 0.49050
v -0.23550 -0.10100 0.49050
v -0.23350 -0.10100 0.49150
v 0.13950 -0.10100 0.49250
v -0.23650 -0.10100 0.49250
v 0.22950 -0.10100 0.49350
v -0.13750 -0.10100 0.49350
v -0.23450 -0.10100 0.49350
v 0.22750 -0.10100 0.49450
v 0.13150 -0.10100 0.49450
v 0.23050 -0.10100 0.49550
v 0.22850 -0.10100 0.49650
v -0.09150 -0.10100 0.50350
v -0.21250 -0.10100 0.50350
v 0.08550 -0.10100 0.50450
v -0.08350 -0.10100 0.50550
v 0.20650 -0.10100 0.50650
v 0.07650 -0.10100 0.50650
v -0.20450 -0.10100 0.50750
v 0.19750 -0.10100 0.50950
v -0.03550 -0.10100 0.51050
v 0.02950 -0.10100 0.51150
v 0.02050 -0.10100 0.51150
v -0.02750 -0.10100 0.51150
v -0.18050 -0.10100 0.51350
v -0.17850 -0.10100 0.51450
v 0.17450 -0.10100 0.51550
v -0.18150 -0.10100 0.51550
v 0.17250 -0.10100 0.51650
v -0.17950 -0.10100 0.51650
v 0.17450 -0.10100 0.51850
v 0.17250 -0.10100 0.51850
v -0.15650 -0.10100 0.52350
v 0.14950 -0.10100 0.52550
v -0.14750 -0.10100 0.52650
v 0.14050 -0.10100 0.52850
v -0.12150 -0.10100 0.53050
v -0.12350 -0.10100 0.53050
v 0.11650 -0.10100 0.53150
v 0.11450 -0.10100 0.53250
v -0.12350 -0.10100 0.53250
v -0.12150 -0.10100 0.53350
v 0.11650 -0.10100 0.53450
v 0.11450 -0.10100 0.53450
v -0.09750 -0.10100 0.53750
v 0.09050 -0.10100 0.53950
v -0.08850 -0.10100 0.53950
v 0.08150 -0.10100 0.54050
v -0.06250 -0.10100 0.54050
v -0.06450 -0.10100 0.54050
v 0.05750 -0.10100 0.54150
v 0.05550 -0.10100 0.54150
v -0.06450 -0.10100 0.54250
v 0.05750 -0.10100 0.54350
v 0.05550 -0.10100 0.54350
v -0.06250 -0.10100 0.54350
v -0.00250 -0.10100 0.54450
v -0.00450 -0.10100 0.54450
v 0.03150 -0.10100 0.54550
v -0.02850 -0.10100 0.54550
v -0.03750 -0.10100 0.54550
v 0.02250 -0.10100 0.54650
v -0.00250 -0.10100 0.54650
v -0.00450 -0.10100 0.54650
v 0.00050 -0.10200 -0.53550
v 0.05650 -0.10200 -0.53250
v -0.05550 -0.10200 -0.53250
v 0.11150 -0.10200 -0.52450
v -0.11150 -0.10200 -0.52450
v 0.00050 -0.10200 -0.51350
v 0.05350 -0.10200 -0.51050
v -0.05350 -0.10200 -0.51050
v 0.16550 -0.10200 -0.50950
v -0.16550 -0.10200 -0.50950
v 0.10650 -0.10200 -0.50250
v -0.10650 -0.10200 -0.50250
v 0.21850 -0.10200 -0.48950
v -0.21750 -0.10200 -0.48950
v 0.15850 -0.10200 -0.48850
v -0.15850 -0.10200 -0.48850
v 0.20950 -0.10200 -0.46950
v -0.20850 -0.10200 -0.46950
v 0.26850 -0.10200 -0.46350
v -0.26750 -0.10200 -0.46350
v 0.25750 -0.10200 -0.44450
v -0.25650 -0.10200 -0.44450
v 0.31550 -0.10200 -0.43350
v -0.31450 -0.10200 -0.43350
v 0.30250 -0.10200 -0.41550
v -0.30150 -0.10200 -0.41550
v 0.35850 -0.10200 -0.39850
v -0.35850 -0.10200 -0.39850
v 0.34350 -0.10200 -0.38150
v -0.34350 -0.10200 -0.38150
v 0.39850 -0.10200 -0.35850
v -0.39850 -0.10200 -0.35850
v 0.38150 -0.10200 -0.34350
v -0.38150 -0.10200 -0.34350
v 0.43350 -0.10200 -0.31450
v -0.43350 -0.10200 -0.31450
v 0.41550 -0.10200 -0.30150
v -0.41550 -0.10200 -0.30150
v 0.46450 -0.10200 -0.26750
v -0.46450 -0.10200 -0.26750
v 0.44550 -0.10200 -0.25650
v -0.44450 -0.10200 -0.25650
v 0.48950 -0.10200 -0.21750
v -0.48950 -0.10200 -0.21750
v 0.46950 -0.10200 -0.20850
v -0.46950 -0.10200 -0.20850
v 0.50950 -0.10200 -0.16550
v -0.50950 -0.10200 -0.16550
v 0.48850 -0.10200 -0.15850
v -0.48850 -0.10200 -0.15850
v 0.52450 -0.10200 -0.11150
v -0.52450 -0.10200 -0.11150
v 0.50250 -0.10200 -0.10650
v -0.50250 -0.10200 -0.10650
v 0.02450 -0.10200 -0.09950
v -0.02350 -0.10200 -0.09950
v 0.02950 -0.10200 -0.09850
v -0.02950 -0.10200 -0.09850
v -0.69550 -0.10200 -0.07550
v 0.07050 -0.10200 -0.07450
v -0.07050 -0.10200 -0.07450
v 0.07450 -0.10200 -0.07050
v -0.07450 -0.10200 -0.07050
v 0.53350 -0.10200 -0.05550
v -0.53350 -0.10200 -0.05550
v 0.51150 -0.10200 -0.05350
v -0.51150 -0.10200 -0.05350
v 0.09850 -0.10200 -0.02950
v -0.09850 -0.10200 -0.02950
v 0.10050 -0.10200 -0.02350
v -0.09950 -0.10200 -0.02350
v 0.11450 -0.10200 -0.00550
v 0.53650 -0.10200 0.00050
v 0.51350 -0.10200 0.00050
v -0.51350 -0.10200 0.00050
v -0.53550 -0.10200 0.00050
v 0.11450 -0.10200 0.00550
v 0.10050 -0.10200 0.02350
v -0.09950 -0.10200 0.02450
v 0.09850 -0.10200 0.02950
v -0.09850 -0.10200 0.02950
v -0.10150 -0.10200 0.05250
v 0.51150 -0.10200 0.05350
v -0.51150 -0.10200 0.05350
v 0.53350 -0.10200 0.05650
v -0.53350 -0.10200 0.05650
v 0.07450 -0.10200 0.07050
v -0.07450 -0.10200 0.07050
v 0.07050 -0.10200 0.07450
v -0.07050 -0.10200 0.07450
v 0.02950 -0.10200 0.09850
v -0.02950 -0.10200 0.09850
v 0.02450 -0.10200 0.10050
v -0.02350 -0.10200 0.10050
v 0.50250 -0.10200 0.10750
v -0.50250 -0.10200 0.10750
v 0.52450 -0.10200 0.11150
v -0.52450 -0.10200 0.11150
v 0.48850 -0.10200 0.15950
v -0.48850 -0.10200 0.15950
v 0.50950 -0.10200 0.16550
v -0.50950 -0.10200 0.16550
v 0.46950 -0.10200 0.20950
v -0.46950 -0.10200 0.20950
v 0.48950 -0.10200 0.21850
v -0.48950 -0.10200 0.21850
v 0.44550 -0.10200 0.25750
v -0.44450 -0.10200 0.25750
v 0.46450 -0.10200 0.26850
v -0.46450 -0.10200 0.26850
v 0.41550 -0.10200 0.30250
v -0.41550 -0.10200 0.30250
v 0.43350 -0.10200 0.31550
v -0.43350 -0.10200 0.31550
v 0.38150 -0.10200 0.34450
v -0.38150 -0.10200 0.34450
v 0.39850 -0.10200 0.35850
v -0.39850 -0.10200 0.35850
v 0.34350 -0.10200 0.38250
v -0.34350 -0.10200 0.38250
v 0.35850 -0.10200 0.39850
v -0.35850 -0.10200 0.39850
v 0.30250 -0.10200 0.41650
v -0.30150 -0.10200 0.41650
v 0.31550 -0.10200 0.43350
v -0.31450 -0.10200 0.43350
v 0.25750 -0.10200 0.44550
v -0.25650 -0.10200 0.44550
v 0.26850 -0.10200 0.46450
v -0.26750 -0.10200 0.46450
v 0.20950 -0.10200 0.46950
v -0.20850 -0.10200 0.46950
v 0.21850 -0.10200 0.48950
v 0.15850 -0.10200 0.48950
v -0.15850 -0.10200 0.48950
v -0.21750 -0.10200 0.48950
v 0.10650 -0.10200 0.50250
v -0.10650 -0.10200 0.50250
v 0.16550 -0.10200 0.51050
v -0.16550 -0.10200 0.51050
v 0.05350 -0.10200 0.51150
v -0.05350 -0.10200 0.51150
v 0.00050 -0.10200 0.51450
v 0.11150 -0.10200 0.52450
v -0.11150 -0.10200 0.52450
v 0.05650 -0.10200 0.53350
v -0.05550 -0.10200 0.53350
v 0.00050 -0.10200 0.53650
v -0.69850 -0.10300 -0.09650
v -0.69950 -0.10300 0.31250
v -0.70050 -0.10300 0.31450
v -0.70050 -0.10300 0.31650
v -0.63750 -0.10300 0.40850
v 0.30250 -0.10700 0.60250
v -0.30950 -0.10700 0.60250
v 0.01050 -0.11000 -0.54650
v -0.01350 -0.11000 -0.54650
v 0.01950 -0.11000 -0.54550
v -0.01550 -0.11000 -0.54550
v 0.04650 -0.11000 -0.54450
v 0.04450 -0.11000 -0.54450
v -0.04050 -0.11000 -0.54450
v -0.01350 -0.11000 -0.54350
v -0.01550 -0.11000 -0.54350
v -0.04950 -0.11000 -0.54350
v 0.04350 -0.11000 -0.54250
v 0.07050 -0.11000 -0.54150
v 0.04650 -0.11000 -0.54150
v -0.07350 -0.11000 -0.54150
v 0.07950 -0.11000 -0.54050
v -0.07550 -0.11000 -0.54050
v -0.07350 -0.11000 -0.53850
v -0.07550 -0.11000 -0.53850
v -0.09950 -0.11000 -0.53750
v 0.10350 -0.11000 -0.53650
v 0.10550 -0.11000 -0.53550
v -0.10850 -0.11000 -0.53550
v 0.10350 -0.11000 -0.53450
v 0.10550 -0.11000 -0.53350
v 0.12950 -0.11000 -0.53050
v -0.13250 -0.11000 -0.52950
v -0.13450 -0.11000 -0.52950
v 0.13850 -0.11000 -0.52850
v -0.13250 -0.11000 -0.52750
v -0.13450 -0.11000 -0.52750
v -0.15850 -0.11000 -0.52250
v 0.16450 -0.11000 -0.52150
v 0.16150 -0.11000 -0.52150
v -0.16650 -0.11000 -0.52050
v 0.16150 -0.11000 -0.51950
v 0.16350 -0.11000 -0.51850
v 0.18750 -0.11000 -0.51350
v -0.18950 -0.11000 -0.51250
v -0.19250 -0.11000 -0.51150
v 0.19550 -0.11000 -0.51050
v 0.01050 -0.11000 -0.50950
v -0.18950 -0.11000 -0.50950
v -0.19150 -0.11000 -0.50950
v 0.01850 -0.11000 -0.50850
v -0.03750 -0.11000 -0.50750
v -0.04550 -0.11000 -0.50750
v 0.06550 -0.11000 -0.50450
v 0.07450 -0.11000 -0.50350
v -0.21450 -0.11000 -0.50250
v 0.21850 -0.11000 -0.50050
v -0.09350 -0.11000 -0.50050
v 0.22050 -0.11000 -0.49950
v 0.21750 -0.11000 -0.49850
v -0.10150 -0.11000 -0.49850
v -0.22250 -0.11000 -0.49850
v 0.21950 -0.11000 -0.49750
v 0.12050 -0.11000 -0.49450
v 0.12950 -0.11000 -0.49250
v 0.24250 -0.11000 -0.48950
v -0.24550 -0.11000 -0.48850
v -0.14750 -0.11000 -0.48750
v -0.24750 -0.11000 -0.48750
v -0.24450 -0.11000 -0.48650
v 0.25050 -0.11000 -0.48550
v -0.24650 -0.11000 -0.48550
v -0.15550 -0.11000 -0.48450
v 0.17450 -0.11000 -0.47850
v 0.18250 -0.11000 -0.47550
v -0.26850 -0.11000 -0.47550
v 0.27150 -0.11000 -0.47350
v 0.27350 -0.11000 -0.47250
v 0.27050 -0.11000 -0.47150
v -0.27650 -0.11000 -0.47150
v 0.27250 -0.11000 -0.47050
v -0.20050 -0.11000 -0.46850
v -0.20750 -0.11000 -0.46450
v 0.29450 -0.11000 -0.45950
v -0.29750 -0.11000 -0.45850
v -0.29950 -0.11000 -0.45750
v 0.22550 -0.11000 -0.45650
v -0.29550 -0.11000 -0.45650
v 0.30250 -0.11000 -0.45550
v -0.29750 -0.11000 -0.45550
v 0.23350 -0.11000 -0.45250
v -0.25050 -0.11000 -0.44350
v -0.31950 -0.11000 -0.44350
v 0.32250 -0.11000 -0.44150
v 0.32450 -0.11000 -0.43950
v 0.32150 -0.11000 -0.43950
v -0.25750 -0.11000 -0.43950
v 0.32250 -0.11000 -0.43750
v -0.32650 -0.11000 -0.43750
v 0.27450 -0.11000 -0.42850
v 0.34350 -0.11000 -0.42450
v 0.28150 -0.11000 -0.42450
v -0.34550 -0.11000 -0.42250
v -0.34450 -0.11000 -0.42150
v -0.34750 -0.11000 -0.42150
v 0.35050 -0.11000 -0.41950
v -0.34550 -0.11000 -0.41950
v -0.29750 -0.11000 -0.41350
v -0.30450 -0.11000 -0.40850
v -0.36550 -0.11000 -0.40550
v 0.36850 -0.11000 -0.40350
v 0.37050 -0.11000 -0.40150
v 0.36750 -0.11000 -0.40150
v 0.36850 -0.11000 -0.39950
v -0.37250 -0.11000 -0.39950
v 0.32050 -0.11000 -0.39550
v 0.32650 -0.11000 -0.39050
v 0.38850 -0.11000 -0.38450
v -0.39050 -0.11000 -0.38250
v -0.38850 -0.11000 -0.38050
v -0.39150 -0.11000 -0.38050
v -0.39050 -0.11000 -0.37950
v 0.39450 -0.11000 -0.37850
v -0.34150 -0.11000 -0.37750
v -0.34750 -0.11000 -0.37250
v -0.40850 -0.11000 -0.36250
v 0.41050 -0.11000 -0.36050
v 0.41250 -0.11000 -0.35850
v 0.40950 -0.11000 -0.35850
v 0.36150 -0.11000 -0.35850
v 0.41050 -0.11000 -0.35650
v -0.41450 -0.11000 -0.35650
v 0.36750 -0.11000 -0.35250
v 0.42750 -0.11000 -0.33950
v -0.38050 -0.11000 -0.33850
v -0.42950 -0.11000 -0.33750
v -0.42750 -0.11000 -0.33550
v -0.43150 -0.11000 -0.33550
v -0.42950 -0.11000 -0.33450
v 0.43350 -0.11000 -0.33250
v -0.38650 -0.11000 -0.33150
v 0.39850 -0.11000 -0.31650
v -0.44550 -0.11000 -0.31550
v 0.44750 -0.11000 -0.31250
v 0.44950 -0.11000 -0.31150
v 0.44650 -0.11000 -0.31150
v 0.44750 -0.11000 -0.30950
v 0.40450 -0.11000 -0.30950
v -0.45050 -0.11000 -0.30850
v -0.41550 -0.11000 -0.29450
v 0.46250 -0.11000 -0.29050
v -0.42050 -0.11000 -0.28750
v -0.46450 -0.11000 -0.28750
v -0.46250 -0.11000 -0.28650
v -0.46550 -0.11000 -0.28650
v -0.46350 -0.11000 -0.28450
v 0.46750 -0.11000 -0.28250
v 0.43150 -0.11000 -0.27050
v -0.47750 -0.11000 -0.26550
v 0.43550 -0.11000 -0.26350
v 0.47950 -0.11000 -0.26150
v 0.47750 -0.11000 -0.26050
v 0.48050 -0.11000 -0.25950
v 0.47850 -0.11000 -0.25850
v -0.48250 -0.11000 -0.25750
v -0.44550 -0.11000 -0.24750
v -0.44950 -0.11000 -0.23950
v 0.49150 -0.11000 -0.23850
v -0.49350 -0.11000 -0.23550
v -0.49050 -0.11000 -0.23450
v -0.49350 -0.11000 -0.23350
v -0.49150 -0.11000 -0.23250
v 0.49550 -0.11000 -0.22950
v 0.45850 -0.11000 -0.22150
v 0.46250 -0.11000 -0.21450
v -0.50350 -0.11000 -0.21050
v 0.50550 -0.11000 -0.20750
v 0.50350 -0.11000 -0.20650
v 0.50650 -0.11000 -0.20550
v 0.50450 -0.11000 -0.20450
v -0.50750 -0.11000 -0.20250
v -0.46950 -0.11000 -0.19650
v -0.47250 -0.11000 -0.18850
v 0.51550 -0.11000 -0.18250
v -0.51550 -0.11000 -0.17950
v -0.51350 -0.11000 -0.17850
v -0.51650 -0.11000 -0.17750
v -0.51450 -0.11000 -0.17650
v 0.51850 -0.11000 -0.17150
v 0.48050 -0.11000 -0.17050
v 0.48350 -0.11000 -0.15950
v -0.52450 -0.11000 -0.15450
v 0.52650 -0.11000 -0.14850
v 0.52350 -0.11000 -0.14750
v 0.52650 -0.11000 -0.14550
v 0.52450 -0.11000 -0.14550
v -0.52650 -0.11000 -0.14550
v -0.48850 -0.11000 -0.14350
v -0.49050 -0.11000 -0.13550
v 0.53250 -0.11000 -0.12250
v -0.53050 -0.11000 -0.12150
v -0.53250 -0.11000 -0.12150
v -0.53050 -0.11000 -0.11950
v -0.53350 -0.11000 -0.11950
v 0.53450 -0.11000 -0.11350
v 0.49650 -0.11000 -0.11350
v 0.49850 -0.11000 -0.10550
v -0.53750 -0.11000 -0.09550
v 0.53950 -0.11000 -0.08950
v 0.53650 -0.11000 -0.08950
v -0.50150 -0.11000 -0.08950
v 0.53950 -0.11000 -0.08750
v 0.53750 -0.11000 -0.08650
v -0.53950 -0.11000 -0.08650
v -0.50250 -0.11000 -0.08150
v 0.54250 -0.11000 -0.06350
v -0.54050 -0.11000 -0.06250
v -0.54250 -0.11000 -0.06250
v -0.54050 -0.11000 -0.06050
v -0.54250 -0.11000 -0.06050
v 0.50550 -0.11000 -0.05850
v 0.54350 -0.11000 -0.05450
v 0.50650 -0.11000 -0.05050
v -0.54550 -0.11000 -0.03650
v -0.50850 -0.11000 -0.03350
v 0.54550 -0.11000 -0.02950
v 0.54350 -0.11000 -0.02950
v 0.54550 -0.11000 -0.02750
v 0.54350 -0.11000 -0.02750
v -0.54550 -0.11000 -0.02250
v -0.50850 -0.11000 -0.02150
v 0.54650 -0.11000 -0.00350
v 0.50950 -0.11000 -0.00250
v -0.54450 -0.11000 0.00150
v -0.54650 -0.11000 0.00150
v -0.54450 -0.11000 0.00350
v -0.54650 -0.11000 0.00350
v 0.54650 -0.11000 0.00550
v 0.50950 -0.11000 0.00550
v -0.50850 -0.11000 0.02650
v -0.54550 -0.11000 0.02850
v 0.54550 -0.11000 0.03050
v 0.54350 -0.11000 0.03050
v 0.54550 -0.11000 0.03250
v 0.54350 -0.11000 0.03250
v -0.50850 -0.11000 0.03450
v -0.54550 -0.11000 0.03750
v 0.50650 -0.11000 0.05350
v 0.54350 -0.11000 0.05650
v 0.50550 -0.11000 0.06150
v -0.54050 -0.11000 0.06150
v -0.54250 -0.11000 0.06150
v -0.54050 -0.11000 0.06350
v -0.54250 -0.11000 0.06350
v 0.54250 -0.11000 0.06550
v -0.50250 -0.11000 0.08150
v -0.53950 -0.11000 0.08750
v 0.53650 -0.11000 0.08950
v 0.53950 -0.11000 0.09050
v -0.50150 -0.11000 0.09050
v 0.53650 -0.11000 0.09150
v 0.53850 -0.11000 0.09250
v -0.53750 -0.11000 0.09650
v 0.49750 -0.11000 0.10850
v 0.53450 -0.11000 0.11650
v 0.49550 -0.11000 0.11650
v -0.53050 -0.11000 0.12050
v -0.53250 -0.11000 0.12050
v -0.53050 -0.11000 0.12250
v -0.53250 -0.11000 0.12250
v 0.53250 -0.11000 0.12550
v -0.49050 -0.11000 0.13650
v -0.48850 -0.11000 0.14450
v -0.52650 -0.11000 0.14650
v 0.52550 -0.11000 0.14850
v 0.52350 -0.11000 0.14850
v 0.52550 -0.11000 0.15050
v 0.52350 -0.11000 0.15050
v -0.52350 -0.11000 0.15550
v 0.48250 -0.11000 0.16250
v 0.48050 -0.11000 0.17050
v 0.51850 -0.11000 0.17450
v -0.51450 -0.11000 0.17750
v -0.51650 -0.11000 0.17850
v -0.51350 -0.11000 0.17950
v -0.51550 -0.11000 0.18050
v 0.51550 -0.11000 0.18250
v -0.47250 -0.11000 0.18950
v -0.46950 -0.11000 0.19750
v -0.50750 -0.11000 0.20350
v 0.50450 -0.11000 0.20450
v 0.50650 -0.11000 0.20550
v 0.50350 -0.11000 0.20650
v 0.50550 -0.11000 0.20750
v -0.50350 -0.11000 0.21150
v 0.46250 -0.11000 0.21450
v 0.45850 -0.11000 0.22250
v 0.49550 -0.11000 0.23050
v -0.49150 -0.11000 0.23350
v -0.49350 -0.11000 0.23450
v -0.49050 -0.11000 0.23550
v -0.49250 -0.11000 0.23650
v 0.49250 -0.11000 0.23850
v -0.44950 -0.11000 0.24050
v -0.44550 -0.11000 0.24750
v -0.48150 -0.11000 0.25750
v 0.47850 -0.11000 0.25850
v 0.48050 -0.11000 0.25950
v 0.47750 -0.11000 0.26050
v 0.47950 -0.11000 0.26150
v 0.43550 -0.11000 0.26350
v -0.47750 -0.11000 0.26550
v 0.43150 -0.11000 0.27150
v 0.46750 -0.11000 0.28350
v -0.46350 -0.11000 0.28550
v -0.46550 -0.11000 0.28650
v -0.46250 -0.11000 0.28750
v -0.41950 -0.11000 0.28850
v -0.46350 -0.11000 0.28850
v 0.46250 -0.11000 0.29050
v -0.41550 -0.11000 0.29550
v 0.44750 -0.11000 0.30950
v -0.45050 -0.11000 0.30950
v 0.40450 -0.11000 0.31050
v 0.44950 -0.11000 0.31150
v 0.44650 -0.11000 0.31150
v 0.44850 -0.11000 0.31250
v 0.39950 -0.11000 0.31650
v -0.44550 -0.11000 0.31650
v 0.43350 -0.11000 0.33250
v -0.38550 -0.11000 0.33250
v -0.42950 -0.11000 0.33450
v -0.42750 -0.11000 0.33650
v -0.43050 -0.11000 0.33650
v -0.42950 -0.11000 0.33850
v 0.42850 -0.11000 0.33950
v -0.38050 -0.11000 0.33950
v 0.36750 -0.11000 0.35250
v -0.41350 -0.11000 0.35650
v 0.41050 -0.11000 0.35750
v 0.41250 -0.11000 0.35850
v 0.40950 -0.11000 0.35850
v 0.36150 -0.11000 0.35850
v 0.41150 -0.11000 0.36050
v -0.40750 -0.11000 0.36350
v -0.34750 -0.11000 0.37350
v 0.39450 -0.11000 0.37850
v -0.34050 -0.11000 0.37850
v -0.38950 -0.11000 0.37950
v -0.38850 -0.11000 0.38150
v -0.39150 -0.11000 0.38150
v -0.38950 -0.11000 0.38350
v 0.38850 -0.11000 0.38450
v 0.32650 -0.11000 0.39050
v 0.32050 -0.11000 0.39650
v 0.36950 -0.11000 0.40050
v -0.37250 -0.11000 0.40050
v 0.37050 -0.11000 0.40150
v 0.36750 -0.11000 0.40150
v 0.36950 -0.11000 0.40350
v -0.36550 -0.11000 0.40650
v -0.30350 -0.11000 0.40850
v -0.29750 -0.11000 0.41350
v 0.35050 -0.11000 0.41950
v -0.34550 -0.11000 0.42050
v -0.34350 -0.11000 0.42150
v -0.34750 -0.11000 0.42250
v -0.34550 -0.11000 0.42350
v 0.28250 -0.11000 0.42450
v 0.34350 -0.11000 0.42550
v 0.27550 -0.11000 0.42850
v 0.32350 -0.11000 0.43850
v -0.32650 -0.11000 0.43850
v 0.32150 -0.11000 0.43950
v -0.25750 -0.11000 0.43950
v 0.32450 -0.11000 0.44050
v 0.32250 -0.11000 0.44150
v -0.24950 -0.11000 0.44350
v -0.31850 -0.11000 0.44350
v 0.23350 -0.11000 0.45250
v 0.30250 -0.11000 0.45550
v -0.29750 -0.11000 0.45550
v 0.22650 -0.11000 0.45650
v -0.29550 -0.11000 0.45750
v -0.29850 -0.11000 0.45750
v -0.29650 -0.11000 0.45950
v 0.29550 -0.11000 0.46050
v -0.20750 -0.11000 0.46550
v -0.19950 -0.11000 0.46850
v 0.27350 -0.11000 0.47050
v -0.27650 -0.11000 0.47150
v 0.27450 -0.11000 0.47250
v 0.27150 -0.11000 0.47250
v 0.27250 -0.11000 0.47450
v 0.18250 -0.11000 0.47550
v -0.26850 -0.11000 0.47650
v 0.17450 -0.11000 0.47850
v 0.25050 -0.11000 0.48550
v -0.15550 -0.11000 0.48550
v -0.24550 -0.11000 0.48550
v -0.24350 -0.11000 0.48650
v -0.14750 -0.11000 0.48750
v -0.24650 -0.11000 0.48750
v -0.24450 -0.11000 0.48850
v 0.24250 -0.11000 0.48950
v 0.12950 -0.11000 0.49250
v 0.12150 -0.11000 0.49450
v 0.21950 -0.11000 0.49850
v 0.21750 -0.11000 0.49850
v -0.10050 -0.11000 0.49950
v -0.22250 -0.11000 0.49950
v 0.22050 -0.11000 0.50050
v 0.21850 -0.11000 0.50150
v -0.09250 -0.11000 0.50150
v -0.21450 -0.11000 0.50250
v 0.07450 -0.11000 0.50450
v 0.06650 -0.11000 0.50550
v -0.04550 -0.11000 0.50750
v -0.03750 -0.11000 0.50850
v 0.01850 -0.11000 0.50950
v 0.01050 -0.11000 0.50950
v -0.19050 -0.11000 0.50950
v 0.19650 -0.11000 0.51050
v -0.18850 -0.11000 0.51050
v -0.19150 -0.11000 0.51150
v -0.18950 -0.11000 0.51250
v 0.18750 -0.11000 0.51350
v 0.16350 -0.11000 0.51950
v 0.16150 -0.11000 0.51950
v -0.16650 -0.11000 0.52050
v 0.16450 -0.11000 0.52150
v 0.16250 -0.11000 0.52250
v -0.15750 -0.11000 0.52350
v -0.13350 -0.11000 0.52750
v 0.13850 -0.11000 0.52850
v -0.13150 -0.11000 0.52850
v -0.13450 -0.11000 0.52950
v -0.13250 -0.11000 0.53050
v 0.13050 -0.11000 0.53150
v 0.10550 -0.11000 0.53450
v 0.10350 -0.11000 0.53450
v -0.10850 -0.11000 0.53550
v 0.10650 -0.11000 0.53650
v 0.10450 -0.11000 0.53650
v -0.09950 -0.11000 0.53750
v -0.07250 -0.11000 0.53950
v -0.07550 -0.11000 0.53950
v 0.08050 -0.11000 0.54050
v -0.07350 -0.11000 0.54150
v -0.07550 -0.11000 0.54150
v 0.07150 -0.11000 0.54250
v 0.04650 -0.11000 0.54250
v 0.04450 -0.11000 0.54250
v 0.04650 -0.11000 0.54450
v 0.04450 -0.11000 0.54450
v -0.01350 -0.11000 0.54450
v -0.01550 -0.11000 0.54450
v -0.04850 -0.11000 0.54450
v -0.03950 -0.11000 0.54550
v 0.02050 -0.11000 0.54650
v 0.01150 -0.11000 0.54650
v -0.01350 -0.11000 0.54650
v -0.01550 -0.11000 0.54650
v -0.63950 -0.11100 -0.16350
v 0.63250 -0.11100 -0.09450
v -0.63850 -0.11400 0.28250
v -0.63950 -0.11400 0.28450
v -0.64150 -0.11400 0.28650
v -0.53150 -0.11600 0.42650
v 0.43150 -0.11600 0.52050
v -0.43850 -0.11600 0.52050
v -0.53450 -0.11700 0.42550
v -0.63050 -0.11800 0.28550
v -0.69950 -0.11900 0.31450
v -0.63750 -0.11900 0.40850
v -0.50650 -0.11900 0.45650
v 0.59350 -0.12300 0.40450
v -0.59750 -0.12300 0.41350
v -0.64550 -0.12400 -0.05750
v -0.69750 -0.12800 -0.09650
v 0.52350 -0.12900 0.42750
v 0.43050 -0.12900 0.51950
v -0.43750 -0.12900 0.51950
v 0.48950 -0.13000 0.45550
v 0.48550 -0.13000 0.45550
v -0.49250 -0.13000 0.45550
v 0.48750 -0.13000 0.45950
v 0.48550 -0.13000 0.45950
v -0.49250 -0.13000 0.45950
v -0.49450 -0.13000 0.45950
v 0.48850 -0.13000 0.46150
v 0.48450 -0.13000 0.47250
v -0.49150 -0.13000 0.47250
v 0.48650 -0.13000 0.47450
v 0.43150 -0.13000 0.52050
v -0.43850 -0.13000 0.52050
v 0.43250 -0.13000 0.52150
v -0.43950 -0.13000 0.52150
v 0.00950 -0.13100 -0.05850
v -0.00950 -0.13100 -0.05850
v 0.02750 -0.13100 -0.05250
v 0.04250 -0.13100 -0.04150
v 0.05350 -0.13100 -0.02650
v -0.05650 -0.13100 -0.01850
v 0.05850 -0.13100 -0.00950
v 0.00150 -0.13100 -0.00350
v 0.00050 -0.13100 -0.00350
v -0.00050 -0.13100 -0.00350
v 0.00250 -0.13100 -0.00250
v 0.00350 -0.13100 -0.00150
v 0.00350 -0.13100 -0.00050
v -0.00350 -0.13100 -0.00050
v 0.00350 -0.13100 0.00050
v -0.00350 -0.13100 0.00050
v -0.05950 -0.13100 0.00050
v 0.00350 -0.13100 0.00150
v -0.00350 -0.13100 0.00150
v -0.00250 -0.13100 0.00250
v 0.00150 -0.13100 0.00350
v 0.00050 -0.13100 0.00350
v -0.00050 -0.13100 0.00350
v -0.00150 -0.13100 0.00350
v 0.05850 -0.13100 0.00950
v -0.05650 -0.13100 0.01850
v 0.05350 -0.13100 0.02750
v -0.04750 -0.13100 0.03550
v -0.03450 -0.13100 0.04850
v 0.01850 -0.13100 0.05650
v -0.01850 -0.13100 0.05650
v 0.00050 -0.13100 0.05950
v -0.53150 -0.13100 0.41950
v -0.53350 -0.13100 0.42450
v -0.53250 -0.13100 0.42550
v -0.52850 -0.13100 0.42850
v -0.49750 -0.13100 0.45450
v 0.63250 -0.13500 -0.09550
v -0.63950 -0.13800 -0.16350
v -0.63650 -0.13800 -0.16050
v 0.64450 -0.13800 -0.13550
v -0.63350 -0.13800 0.40650
v 0.41850 -0.14000 0.53950
v -0.69150 -0.14100 0.31750
v 0.49650 -0.14100 0.45450
v 0.43050 -0.14300 0.52050
v -0.43750 -0.14300 0.52050
v 0.52050 -0.14400 0.42750
v -0.52750 -0.14500 0.42850
v -0.63250 -0.14900 0.41050
v -0.69650 -0.15000 0.31050
v -0.69750 -0.15000 0.31450
v 0.01450 -0.15800 -0.54650
v 0.00550 -0.15800 -0.54650
v -0.01950 -0.15800 -0.54550
v -0.02150 -0.15800 -0.54550
v 0.04050 -0.15800 -0.54450
v 0.03850 -0.15800 -0.54450
v -0.04550 -0.15800 -0.54450
v -0.01950 -0.15800 -0.54350
v -0.02150 -0.15800 -0.54350
v -0.05450 -0.15800 -0.54350
v 0.06550 -0.15800 -0.54250
v 0.04050 -0.15800 -0.54250
v 0.03850 -0.15800 -0.54250
v 0.07450 -0.15800 -0.54150
v -0.07850 -0.15800 -0.54050
v -0.08150 -0.15800 -0.54050
v -0.07850 -0.15800 -0.53850
v 0.09850 -0.15800 -0.53750
v -0.08050 -0.15800 -0.53750
v 0.10050 -0.15800 -0.53650
v 0.09750 -0.15800 -0.53550
v -0.10550 -0.15800 -0.53550
v 0.10050 -0.15800 -0.53450
v -0.11450 -0.15800 -0.53450
v 0.12450 -0.15800 -0.53150
v 0.13350 -0.15800 -0.52950
v -0.13750 -0.15800 -0.52850
v -0.13950 -0.15800 -0.52750
v -0.13750 -0.15800 -0.52650
v -0.13950 -0.15800 -0.52550
v 0.15650 -0.15800 -0.52350
v 0.15850 -0.15800 -0.52250
v 0.15650 -0.15800 -0.52150
v -0.16350 -0.15800 -0.52150
v 0.15850 -0.15800 -0.52050
v -0.17250 -0.15800 -0.51850
v 0.18250 -0.15800 -0.51550
v 0.19050 -0.15800 -0.51150
v -0.19550 -0.15800 -0.51050
v 0.00450 -0.15800 -0.50950
v -0.19750 -0.15800 -0.50950
v 0.01350 -0.15800 -0.50850
v -0.19450 -0.15800 -0.50850
v -0.04250 -0.15800 -0.50750
v -0.19650 -0.15800 -0.50750
v -0.05150 -0.15800 -0.50650
v 0.06050 -0.15800 -0.50550
v 0.06950 -0.15800 -0.50450
v 0.21550 -0.15800 -0.50250
v 0.21350 -0.15800 -0.50250
v 0.21250 -0.15800 -0.50050
v -0.21950 -0.15800 -0.50050
v 0.21450 -0.15800 -0.49950
v -0.09850 -0.15800 -0.49950
v -0.10650 -0.15800 -0.49750
v -0.22750 -0.15800 -0.49650
v 0.11550 -0.15800 -0.49550
v 0.12450 -0.15800 -0.49350
v 0.23750 -0.15800 -0.49150
v 0.24550 -0.15800 -0.48750
v -0.15250 -0.15800 -0.48550
v -0.24950 -0.15800 -0.48550
v -0.25150 -0.15800 -0.48450
v -0.16050 -0.15800 -0.48350
v -0.24850 -0.15800 -0.48350
v -0.25050 -0.15800 -0.48250
v 0.16950 -0.15800 -0.48050
v 0.17750 -0.15800 -0.47750
v 0.26750 -0.15800 -0.47650
v 0.26950 -0.15800 -0.47550
v 0.26650 -0.15800 -0.47450
v 0.26850 -0.15800 -0.47350
v -0.27350 -0.15800 -0.47250
v -0.28150 -0.15800 -0.46850
v -0.20450 -0.15800 -0.46650
v 0.29050 -0.15800 -0.46250
v -0.21250 -0.15800 -0.46250
v 0.29750 -0.15800 -0.45850
v 0.22150 -0.15800 -0.45850
v -0.30150 -0.15800 -0.45550
v 0.22850 -0.15800 -0.45450
v -0.30350 -0.15800 -0.45450
v -0.30050 -0.15800 -0.45350
v -0.30250 -0.15800 -0.45250
v 0.31750 -0.15800 -0.44450
v 0.31950 -0.15800 -0.44250
v 0.31650 -0.15800 -0.44250
v 0.31850 -0.15800 -0.44150
v -0.25450 -0.15800 -0.44050
v -0.32350 -0.15800 -0.44050
v -0.26250 -0.15800 -0.43650
v -0.33050 -0.15800 -0.43450
v 0.27050 -0.15800 -0.43150
v 0.33950 -0.15800 -0.42850
v 0.27750 -0.15800 -0.42650
v 0.34650 -0.15800 -0.42250
v -0.34950 -0.15800 -0.41950
v -0.34850 -0.15800 -0.41750
v -0.35150 -0.15800 -0.41750
v -0.35050 -0.15800 -0.41650
v -0.30150 -0.15800 -0.41050
v 0.36450 -0.15800 -0.40650
v 0.36650 -0.15800 -0.40550
v -0.30850 -0.15800 -0.40550
v 0.36350 -0.15800 -0.40450
v 0.36450 -0.15800 -0.40350
v -0.36950 -0.15800 -0.40150
v 0.31650 -0.15800 -0.39950
v -0.37650 -0.15800 -0.39550
v 0.32250 -0.15800 -0.39350
v 0.38450 -0.15800 -0.38850
v 0.39050 -0.15800 -0.38250
v -0.39350 -0.15800 -0.37850
v -0.39250 -0.15800 -0.37650
v -0.39550 -0.15800 -0.37650
v -0.39350 -0.15800 -0.37550
v -0.34450 -0.15800 -0.37450
v -0.35150 -0.15800 -0.36850
v 0.40750 -0.15800 -0.36450
v 0.40850 -0.15800 -0.36250
v 0.40550 -0.15800 -0.36250
v 0.35850 -0.15800 -0.36250
v 0.40750 -0.15800 -0.36150
v -0.41150 -0.15800 -0.35850
v 0.36450 -0.15800 -0.35650
v -0.41750 -0.15800 -0.35150
v 0.42450 -0.15800 -0.34350
v 0.43050 -0.15800 -0.33650
v -0.38350 -0.15800 -0.33450
v -0.43350 -0.15800 -0.33250
v -0.43150 -0.15800 -0.33150
v -0.43450 -0.15800 -0.33150
v -0.43250 -0.15800 -0.32950
v -0.38950 -0.15800 -0.32850
v 0.39550 -0.15800 -0.32050
v 0.44450 -0.15800 -0.31750
v 0.44650 -0.15800 -0.31550
v 0.44250 -0.15800 -0.31550
v 0.44450 -0.15800 -0.31450
v 0.40050 -0.15800 -0.31350
v -0.44850 -0.15800 -0.31150
v -0.45350 -0.15800 -0.30350
v 0.45950 -0.15800 -0.29550
v -0.41850 -0.15800 -0.29050
v 0.46450 -0.15800 -0.28750
v -0.42350 -0.15800 -0.28350
v -0.46750 -0.15800 -0.28350
v -0.46550 -0.15800 -0.28250
v -0.46850 -0.15800 -0.28150
v -0.46650 -0.15800 -0.28050
v 0.42850 -0.15800 -0.27550
v 0.43350 -0.15800 -0.26850
v 0.47650 -0.15800 -0.26650
v 0.47550 -0.15800 -0.26550
v 0.47850 -0.15800 -0.26450
v 0.47650 -0.15800 -0.26350
v -0.48050 -0.15800 -0.26050
v -0.48450 -0.15800 -0.25250
v 0.48950 -0.15800 -0.24250
v -0.44750 -0.15800 -0.24250
v -0.45150 -0.15800 -0.23550
v 0.49350 -0.15800 -0.23450
v -0.49550 -0.15800 -0.23050
v -0.49350 -0.15800 -0.22950
v -0.49650 -0.15800 -0.22850
v -0.49450 -0.15800 -0.22750
v 0.45650 -0.15800 -0.22650
v 0.45950 -0.15800 -0.21850
v 0.50350 -0.15800 -0.21250
v 0.50150 -0.15800 -0.21150
v 0.50450 -0.15800 -0.21050
v 0.50250 -0.15800 -0.20950
v -0.50650 -0.15800 -0.20550
v -0.50950 -0.15800 -0.19750
v -0.47150 -0.15800 -0.19150
v 0.51350 -0.15800 -0.18750
v -0.47450 -0.15800 -0.18450
v 0.51750 -0.15800 -0.17650
v 0.47850 -0.15800 -0.17550
v -0.51750 -0.15800 -0.17450
v -0.51550 -0.15800 -0.17350
v -0.51850 -0.15800 -0.17250
v -0.51650 -0.15800 -0.17150
v 0.48250 -0.15800 -0.16450
v 0.52450 -0.15800 -0.15350
v 0.52250 -0.15800 -0.15250
v 0.52550 -0.15800 -0.15150
v 0.52250 -0.15800 -0.15050
v -0.52550 -0.15800 -0.14950
v -0.52750 -0.15800 -0.14050
v -0.48950 -0.15800 -0.13850
v -0.49250 -0.15800 -0.13050
v 0.53150 -0.15800 -0.12750
v 0.53350 -0.15800 -0.11850
v 0.49550 -0.15800 -0.11850
v -0.53150 -0.15800 -0.11650
v -0.53350 -0.15800 -0.11650
v -0.53150 -0.15800 -0.11450
v -0.53450 -0.15800 -0.11450
v 0.49750 -0.15800 -0.11050
v 0.53850 -0.15800 -0.09450
v 0.53550 -0.15800 -0.09450
v 0.63050 -0.15800 -0.09250
v 0.53850 -0.15800 -0.09250
v 0.53650 -0.15800 -0.09250
v -0.53850 -0.15800 -0.09050
v -0.50250 -0.15800 -0.08450
v -0.54050 -0.15800 -0.08150
v -0.50350 -0.15800 -0.07650
v 0.54250 -0.15800 -0.06850
v 0.50550 -0.15800 -0.06350
v 0.54350 -0.15800 -0.05950
v -0.54150 -0.15800 -0.05750
v -0.54350 -0.15800 -0.05750
v 0.50650 -0.15800 -0.05550
v -0.54350 -0.15800 -0.05550
v -0.54150 -0.15800 -0.05450
v 0.54550 -0.15800 -0.03550
v 0.54350 -0.15800 -0.03450
v 0.54550 -0.15800 -0.03250
v 0.54350 -0.15800 -0.03250
v -0.54550 -0.15800 -0.03050
v -0.50850 -0.15800 -0.02850
v -0.54650 -0.15800 -0.01750
v -0.50850 -0.15800 -0.01650
v 0.54650 -0.15800 -0.00850
v 0.50950 -0.15800 -0.00750
v 0.54650 -0.15800 0.00050
v 0.50950 -0.15800 0.00050
v -0.54450 -0.15800 0.00650
v -0.54650 -0.15800 0.00650
v -0.54450 -0.15800 0.00950
v -0.54650 -0.15800 0.00950
v 0.54550 -0.15800 0.02450
v 0.54350 -0.15800 0.02450
v 0.54550 -0.15800 0.02750
v 0.54350 -0.15800 0.02750
v -0.50850 -0.15800 0.03150
v -0.54550 -0.15800 0.03350
v -0.50750 -0.15800 0.03950
v -0.54450 -0.15800 0.04250
v 0.50750 -0.15800 0.04850
v 0.54450 -0.15800 0.05150
v 0.50650 -0.15800 0.05650
v 0.54350 -0.15800 0.06050
v -0.54050 -0.15800 0.06650
v -0.54250 -0.15800 0.06650
v -0.53950 -0.15800 0.06850
v -0.54250 -0.15800 0.06950
v 0.53950 -0.15800 0.08450
v 0.53750 -0.15800 0.08450
v 0.53950 -0.15800 0.08650
v 0.53750 -0.15800 0.08650
v -0.50150 -0.15800 0.08650
v -0.53850 -0.15800 0.09350
v -0.50050 -0.15800 0.09550
v -0.53650 -0.15800 0.10250
v 0.49850 -0.15800 0.10350
v 0.53550 -0.15800 0.11050
v 0.49750 -0.15800 0.11150
v 0.53350 -0.15800 0.11950
v -0.52950 -0.15800 0.12550
v -0.53150 -0.15800 0.12650
v -0.52850 -0.15800 0.12750
v -0.53150 -0.15800 0.12850
v -0.48950 -0.15800 0.14150
v 0.52550 -0.15800 0.14250
v 0.52750 -0.15800 0.14350
v 0.52450 -0.15800 0.14450
v 0.52650 -0.15800 0.14550
v -0.48650 -0.15800 0.14950
v -0.52450 -0.15800 0.15150
v 0.48450 -0.15800 0.15750
v -0.52250 -0.15800 0.16050
v 0.48150 -0.15800 0.16550
v 0.51950 -0.15800 0.16950
v 0.51650 -0.15800 0.17750
v -0.51250 -0.15800 0.18250
v -0.51450 -0.15800 0.18350
v -0.51150 -0.15800 0.18450
v -0.51350 -0.15800 0.18550
v -0.47050 -0.15800 0.19450
v 0.50650 -0.15800 0.19950
v 0.50850 -0.15800 0.20050
v 0.50550 -0.15800 0.20150
v 0.50750 -0.15800 0.20250
v -0.46750 -0.15800 0.20250
v -0.50550 -0.15800 0.20850
v 0.46450 -0.15800 0.20950
v -0.50150 -0.15800 0.21650
v 0.46050 -0.15800 0.21750
v 0.49850 -0.15800 0.22550
v 0.49450 -0.15800 0.23350
v -0.48950 -0.15800 0.23850
v -0.49150 -0.15800 0.23950
v -0.48850 -0.15800 0.24050
v -0.49050 -0.15800 0.24150
v -0.44650 -0.15800 0.24450
v -0.44250 -0.15800 0.25250
v 0.48150 -0.15800 0.25450
v 0.48350 -0.15800 0.25550
v 0.48050 -0.15800 0.25550
v 0.48250 -0.15800 0.25750
v 0.43850 -0.15800 0.25950
v -0.47950 -0.15800 0.26250
v 0.43450 -0.15800 0.26650
v -0.47450 -0.15800 0.27050
v 0.47050 -0.15800 0.27850
v 0.46550 -0.15800 0.28650
v -0.46050 -0.15800 0.29050
v -0.46250 -0.15800 0.29150
v -0.41750 -0.15800 0.29250
v -0.45950 -0.15800 0.29250
v -0.46150 -0.15800 0.29350
v -0.41250 -0.15800 0.29950
v 0.45050 -0.15800 0.30550
v 0.45250 -0.15800 0.30650
v 0.40750 -0.15800 0.30650
v 0.44950 -0.15800 0.30750
v 0.45150 -0.15800 0.30850
v 0.40250 -0.15800 0.31250
v -0.44750 -0.15800 0.31350
v -0.44250 -0.15800 0.32150
v 0.43750 -0.15800 0.32850
v 0.43150 -0.15800 0.33550
v -0.38250 -0.15800 0.33650
v -0.42550 -0.15800 0.33950
v -0.42450 -0.15800 0.34050
v -0.42750 -0.15800 0.34050
v -0.37650 -0.15800 0.34250
v -0.42650 -0.15800 0.34250
v 0.37150 -0.15800 0.34850
v 0.41450 -0.15800 0.35250
v 0.41650 -0.15800 0.35450
v 0.41350 -0.15800 0.35450
v 0.36550 -0.15800 0.35550
v 0.41450 -0.15800 0.35650
v -0.41050 -0.15800 0.36150
v -0.40450 -0.15800 0.36750
v 0.39850 -0.15800 0.37450
v -0.34350 -0.15800 0.37650
v 0.39250 -0.15800 0.38050
v -0.33650 -0.15800 0.38250
v -0.38550 -0.15800 0.38350
v -0.38450 -0.15800 0.38550
v -0.38750 -0.15800 0.38550
v 0.33050 -0.15800 0.38750
v -0.38550 -0.15800 0.38750
v 0.32450 -0.15800 0.39250
v 0.37350 -0.15800 0.39650
v 0.37150 -0.15800 0.39750
v 0.37450 -0.15800 0.39850
v 0.37350 -0.15800 0.39950
v -0.36850 -0.15800 0.40350
v -0.36150 -0.15800 0.40950
v -0.29950 -0.15800 0.41150
v 0.35450 -0.15800 0.41550
v -0.29350 -0.15800 0.41650
v 0.34850 -0.15800 0.42150
v 0.28650 -0.15800 0.42150
v -0.34150 -0.15800 0.42350
v -0.33950 -0.15800 0.42550
v -0.34250 -0.15800 0.42550
v 0.27950 -0.15800 0.42650
v -0.34150 -0.15800 0.42750
v 0.32750 -0.15800 0.43450
v 0.32850 -0.15800 0.43650
v 0.32550 -0.15800 0.43650
v 0.32750 -0.15800 0.43850
v -0.32150 -0.15800 0.44150
v -0.25250 -0.15800 0.44250
v -0.24550 -0.15800 0.44650
v -0.31450 -0.15800 0.44750
v 0.23850 -0.15800 0.45050
v 0.30750 -0.15800 0.45250
v 0.23050 -0.15800 0.45450
v 0.29950 -0.15800 0.45750
v -0.29250 -0.15800 0.45850
v -0.29150 -0.15800 0.46050
v -0.29450 -0.15800 0.46050
v -0.29250 -0.15800 0.46150
v -0.20250 -0.15800 0.46750
v 0.27750 -0.15800 0.46850
v 0.27550 -0.15800 0.46950
v 0.27850 -0.15800 0.47050
v -0.19550 -0.15800 0.47050
v 0.27750 -0.15800 0.47150
v 0.18750 -0.15800 0.47350
v -0.27150 -0.15800 0.47450
v 0.17950 -0.15800 0.47650
v -0.26350 -0.15800 0.47850
v 0.25550 -0.15800 0.48350
v -0.15050 -0.15800 0.48650
v 0.24750 -0.15800 0.48750
v -0.24050 -0.15800 0.48850
v -0.14250 -0.15800 0.48950
v -0.23850 -0.15800 0.48950
v -0.24150 -0.15800 0.49050
v 0.13450 -0.15800 0.49150
v -0.23950 -0.15800 0.49150
v 0.12650 -0.15800 0.49350
v 0.22450 -0.15800 0.49550
v 0.22250 -0.15800 0.49650
v 0.22550 -0.15800 0.49750
v 0.22350 -0.15800 0.49850
v -0.09550 -0.15800 0.50050
v -0.08750 -0.15800 0.50150
v -0.21750 -0.15800 0.50150
v 0.07950 -0.15800 0.50350
v 0.07150 -0.15800 0.50450
v -0.20950 -0.15800 0.50550
v -0.04050 -0.15800 0.50750
v 0.20150 -0.15800 0.50850
v -0.03250 -0.15800 0.50850
v 0.02350 -0.15800 0.50950
v 0.01550 -0.15800 0.50950
v 0.19250 -0.15800 0.51150
v -0.18550 -0.15800 0.51150
v -0.18350 -0.15800 0.51250
v -0.18650 -0.15800 0.51350
v -0.18450 -0.15800 0.51450
v 0.16850 -0.15800 0.51750
v 0.16650 -0.15800 0.51850
v 0.16950 -0.15800 0.51950
v 0.16750 -0.15800 0.52050
v -0.16150 -0.15800 0.52250
v -0.15250 -0.15800 0.52450
v 0.14450 -0.15800 0.52750
v 0.13550 -0.15800 0.52950
v -0.12650 -0.15800 0.52950
v -0.12850 -0.15800 0.52950
v -0.12650 -0.15800 0.53150
v -0.12850 -0.15800 0.53150
v 0.11150 -0.15800 0.53250
v 0.10950 -0.15800 0.53350
v 0.11150 -0.15800 0.53550
v 0.10950 -0.15800 0.53550
v -0.10250 -0.15800 0.53650
v -0.09450 -0.15800 0.53850
v -0.06950 -0.15800 0.53950
v 0.08550 -0.15800 0.54050
v -0.06750 -0.15800 0.54050
v 0.07650 -0.15800 0.54150
v 0.05250 -0.15800 0.54150
v 0.04950 -0.15800 0.54250
v -0.06750 -0.15800 0.54250
v -0.06950 -0.15800 0.54250
v 0.05250 -0.15800 0.54450
v 0.05050 -0.15800 0.54450
v -0.00750 -0.15800 0.54450
v -0.00950 -0.15800 0.54450
v -0.04350 -0.15800 0.54450
v -0.03450 -0.15800 0.54550
v 0.02550 -0.15800 0.54650
v 0.01650 -0.15800 0.54650
v -0.00750 -0.15800 0.54650
v -0.01050 -0.15800 0.54650
v -0.53350 -0.16100 -0.11850
v -0.64050 -0.16200 0.28450
v -0.52250 -0.16300 -0.15850
v -0.63750 -0.16300 -0.15850
v -0.50350 -0.16400 0.45550
v 0.58950 -0.16500 0.40450
v -0.59350 -0.16600 0.41350
v -0.69350 -0.16800 -0.09150
v 0.42750 -0.16900 0.51750
v -0.43450 -0.16900 0.51750
v 0.42950 -0.17000 0.52050
v -0.43650 -0.17000 0.52050
v 0.51050 -0.17100 0.44850
v 0.46050 -0.17100 0.49850
v 0.42150 -0.17100 0.53050
v -0.52850 -0.17200 0.42550
v 0.51950 -0.17200 0.42650
v -0.52450 -0.17200 0.42750
v 0.47950 -0.17200 0.48050
v 0.44450 -0.17200 0.50650
v -0.45250 -0.17200 0.50650
v 0.48350 -0.17300 0.47250
v -0.49050 -0.17300 0.47250
v 0.45250 -0.17300 0.49950
v -0.45950 -0.17300 0.49950
v 0.42150 -0.17300 0.52650
v -0.42850 -0.17300 0.52650
v 0.48950 -0.17500 0.46950
v -0.49750 -0.17500 0.46950
v -0.45750 -0.17500 0.49750
v -0.42650 -0.17500 0.52450
v 0.52050 -0.17600 0.43750
v -0.52750 -0.17600 0.43750
v 0.48550 -0.17600 0.45950
v 0.48150 -0.17600 0.47050
v -0.48850 -0.17600 0.47050
v 0.44950 -0.17600 0.49950
v -0.45650 -0.17600 0.49950
v 0.43950 -0.17600 0.50750
v -0.44650 -0.17600 0.50750
v 0.41850 -0.17600 0.52850
v -0.42550 -0.17600 0.52850
v -0.52450 -0.17700 0.42050
v 0.47950 -0.17800 0.45550
v -0.48650 -0.17800 0.45550
v 0.48150 -0.17800 0.45950
v 0.47950 -0.17800 0.45950
v -0.48650 -0.17800 0.45950
v -0.48850 -0.17800 0.45950
v -0.49150 -0.17900 0.45450
v 0.48350 -0.18000 0.45550
v 0.07250 -0.18100 0.63850
v -0.08050 -0.18100 0.63850
v 0.63150 -0.18300 0.37550
v 0.02150 -0.18300 0.64050
v -0.02950 -0.18300 0.64050
v -0.13150 -0.18500 0.63450
v 0.04750 -0.18500 0.63950
v -0.05450 -0.18500 0.63950
v -0.08050 -0.18600 0.63950
v -0.00350 -0.18600 0.64150
v 0.61550 -0.19100 0.32050
v -0.67850 -0.19200 0.31150
v -0.61550 -0.19200 0.40850
v 0.52450 -0.19200 0.42650
v 0.54750 -0.19400 0.38750
v 0.57050 -0.19600 0.34850
v 0.58550 -0.19800 0.30750
v 0.59950 -0.19900 0.26550
v -0.64450 -0.20000 -0.05550
v -0.64650 -0.20100 -0.05750
v -0.52250 -0.20800 -0.15850
v -0.53350 -0.20900 -0.11850
v -0.69050 -0.20900 -0.08650
v 0.01450 -0.21200 -0.54650
v 0.00550 -0.21200 -0.54650
v -0.01950 -0.21200 -0.54550
v -0.02150 -0.21200 -0.54550
v 0.04050 -0.21200 -0.54450
v 0.03850 -0.21200 -0.54450
v -0.04550 -0.21200 -0.54450
v -0.01950 -0.21200 -0.54350
v -0.02150 -0.21200 -0.54350
v -0.05450 -0.21200 -0.54350
v 0.06550 -0.21200 -0.54250
v 0.04050 -0.21200 -0.54250
v 0.03850 -0.21200 -0.54250
v 0.07450 -0.21200 -0.54150
v -0.07850 -0.21200 -0.54050
v -0.08150 -0.21200 -0.54050
v -0.07850 -0.21200 -0.53850
v 0.09850 -0.21200 -0.53750
v -0.08050 -0.21200 -0.53750
v 0.10050 -0.21200 -0.53650
v 0.09750 -0.21200 -0.53550
v -0.10550 -0.21200 -0.53550
v 0.10050 -0.21200 -0.53450
v -0.11450 -0.21200 -0.53450
v 0.12450 -0.21200 -0.53150
v 0.13350 -0.21200 -0.52950
v -0.13750 -0.21200 -0.52850
v -0.13950 -0.21200 -0.52750
v -0.13750 -0.21200 -0.52650
v -0.13950 -0.21200 -0.52550
v 0.15650 -0.21200 -0.52350
v 0.15850 -0.21200 -0.52250
v 0.15650 -0.21200 -0.52150
v -0.16350 -0.21200 -0.52150
v 0.15850 -0.21200 -0.52050
v -0.17250 -0.21200 -0.51850
v 0.18250 -0.21200 -0.51550
v 0.19050 -0.21200 -0.51150
v -0.19550 -0.21200 -0.51050
v 0.00450 -0.21200 -0.50950
v -0.19750 -0.21200 -0.50950
v 0.01350 -0.21200 -0.50850
v -0.19450 -0.21200 -0.50850
v -0.04250 -0.21200 -0.50750
v -0.19650 -0.21200 -0.50750
v -0.05150 -0.21200 -0.50650
v 0.06050 -0.21200 -0.50550
v 0.06950 -0.21200 -0.50450
v 0.21550 -0.21200 -0.50250
v 0.21350 -0.21200 -0.50250
v 0.21250 -0.21200 -0.50050
v -0.21950 -0.21200 -0.50050
v 0.21450 -0.21200 -0.49950
v -0.09850 -0.21200 -0.49950
v -0.10650 -0.21200 -0.49750
v -0.22750 -0.21200 -0.49650
v 0.11550 -0.21200 -0.49550
v 0.12450 -0.21200 -0.49350
v 0.23750 -0.21200 -0.49150
v 0.24550 -0.21200 -0.48750
v -0.15250 -0.21200 -0.48550
v -0.24950 -0.21200 -0.48550
v -0.25150 -0.21200 -0.48450
v -0.16050 -0.21200 -0.48350
v -0.24850 -0.21200 -0.48350
v -0.25050 -0.21200 -0.48250
v 0.16950 -0.21200 -0.48050
v 0.17750 -0.21200 -0.47750
v 0.26750 -0.21200 -0.47650
v 0.26950 -0.21200 -0.47550
v 0.26650 -0.21200 -0.47450
v 0.26850 -0.21200 -0.47350
v -0.27350 -0.21200 -0.47250
v -0.28150 -0.21200 -0.46850
v -0.20450 -0.21200 -0.46650
v 0.29050 -0.21200 -0.46250
v -0.21250 -0.21200 -0.46250
v 0.29750 -0.21200 -0.45850
v 0.22150 -0.21200 -0.45850
v -0.30150 -0.21200 -0.45550
v 0.22850 -0.21200 -0.45450
v -0.30350 -0.21200 -0.45450
v -0.30050 -0.21200 -0.45350
v -0.30250 -0.21200 -0.45250
v 0.31750 -0.21200 -0.44450
v 0.31950 -0.21200 -0.44250
v 0.31650 -0.21200 -0.44250
v 0.31850 -0.21200 -0.44150
v -0.25450 -0.21200 -0.44050
v -0.32350 -0.21200 -0.44050
v -0.26250 -0.21200 -0.43650
v -0.33050 -0.21200 -0.43450
v 0.27050 -0.21200 -0.43150
v 0.33950 -0.21200 -0.42850
v 0.27750 -0.21200 -0.42650
v 0.34650 -0.21200 -0.42250
v -0.34950 -0.21200 -0.41950
v -0.34850 -0.21200 -0.41750
v -0.35150 -0.21200 -0.41750
v -0.35050 -0.21200 -0.41650
v -0.30150 -0.21200 -0.41050
v 0.36450 -0.21200 -0.40650
v 0.36650 -0.21200 -0.40550
v -0.30850 -0.21200 -0.40550
v 0.36350 -0.21200 -0.40450
v 0.36450 -0.21200 -0.40350
v -0.36950 -0.21200 -0.40150
v 0.31650 -0.21200 -0.39950
v -0.37650 -0.21200 -0.39550
v 0.32250 -0.21200 -0.39350
v 0.38450 -0.21200 -0.38850
v 0.39050 -0.21200 -0.38250
v -0.39350 -0.21200 -0.37850
v -0.39250 -0.21200 -0.37650
v -0.39550 -0.21200 -0.37650
v -0.39350 -0.21200 -0.37550
v -0.34450 -0.21200 -0.37450
v -0.35150 -0.21200 -0.36850
v 0.40750 -0.21200 -0.36450
v 0.40850 -0.21200 -0.36250
v 0.40550 -0.21200 -0.36250
v 0.35850 -0.21200 -0.36250
v 0.40750 -0.21200 -0.36150
v -0.41150 -0.21200 -0.35850
v 0.36450 -0.21200 -0.35650
v -0.41750 -0.21200 -0.35150
v 0.42450 -0.21200 -0.34350
v 0.43050 -0.21200 -0.33650
v -0.38350 -0.21200 -0.33450
v -0.43350 -0.21200 -0.33250
v -0.43150 -0.21200 -0.33150
v -0.43450 -0.21200 -0.33150
v -0.43250 -0.21200 -0.32950
v -0.38950 -0.21200 -0.32850
v 0.39550 -0.21200 -0.32050
v 0.44450 -0.21200 -0.31750
v 0.44650 -0.21200 -0.31550
v 0.44250 -0.21200 -0.31550
v 0.44450 -0.21200 -0.31450
v 0.40050 -0.21200 -0.31350
v -0.44850 -0.21200 -0.31150
v -0.45350 -0.21200 -0.30350
v 0.45950 -0.21200 -0.29550
v -0.41850 -0.21200 -0.29050
v 0.46450 -0.21200 -0.28750
v -0.42350 -0.21200 -0.28350
v -0.46750 -0.21200 -0.28350
v -0.46550 -0.21200 -0.28250
v -0.46850 -0.21200 -0.28150
v -0.46650 -0.21200 -0.28050
v 0.42850 -0.21200 -0.27550
v 0.43350 -0.21200 -0.26850
v 0.47650 -0.21200 -0.26650
v 0.47550 -0.21200 -0.26550
v 0.47850 -0.21200 -0.26450
v 0.47650 -0.21200 -0.26350
v -0.48050 -0.21200 -0.26050
v -0.48450 -0.21200 -0.25250
v 0.48950 -0.21200 -0.24250
v -0.44750 -0.21200 -0.24250
v -0.45150 -0.21200 -0.23550
v 0.49350 -0.21200 -0.23450
v -0.49550 -0.21200 -0.23050
v -0.49350 -0.21200 -0.22950
v -0.49650 -0.21200 -0.22850
v -0.49450 -0.21200 -0.22750
v 0.45650 -0.21200 -0.22650
v 0.45950 -0.21200 -0.21850
v 0.50350 -0.21200 -0.21250
v 0.50150 -0.21200 -0.21150
v 0.50450 -0.21200 -0.21050
v 0.50250 -0.21200 -0.20950
v -0.50650 -0.21200 -0.20550
v -0.50950 -0.21200 -0.19750
v -0.47150 -0.21200 -0.19150
v 0.51350 -0.21200 -0.18750
v -0.47450 -0.21200 -0.18450
v 0.51750 -0.21200 -0.17650
v 0.47850 -0.21200 -0.17550
v -0.51750 -0.21200 -0.17450
v -0.51550 -0.21200 -0.17350
v -0.51850 -0.21200 -0.17250
v -0.51650 -0.21200 -0.17150
v 0.48250 -0.21200 -0.16450
v 0.52450 -0.21200 -0.15350
v 0.52250 -0.21200 -0.15250
v 0.52550 -0.21200 -0.15150
v 0.52250 -0.21200 -0.15050
v -0.52550 -0.21200 -0.14950
v -0.52750 -0.21200 -0.14050
v -0.48950 -0.21200 -0.13850
v -0.49250 -0.21200 -0.13050
v 0.53150 -0.21200 -0.12750
v 0.53350 -0.21200 -0.11850
v 0.49550 -0.21200 -0.11850
v -0.53150 -0.21200 -0.11650
v -0.53350 -0.21200 -0.11650
v -0.53150 -0.21200 -0.11450
v -0.53450 -0.21200 -0.11450
v 0.49750 -0.21200 -0.11050
v 0.53850 -0.21200 -0.09450
v 0.53550 -0.21200 -0.09450
v 0.53850 -0.21200 -0.09250
v 0.53650 -0.21200 -0.09250
v -0.53850 -0.21200 -0.09050
v -0.50250 -0.21200 -0.08450
v -0.54050 -0.21200 -0.08150
v -0.50350 -0.21200 -0.07650
v 0.54250 -0.21200 -0.06850
v 0.50550 -0.21200 -0.06350
v 0.54350 -0.21200 -0.05950
v -0.54150 -0.21200 -0.05750
v -0.54350 -0.21200 -0.05750
v 0.50650 -0.21200 -0.05550
v -0.54350 -0.21200 -0.05550
v -0.54150 -0.21200 -0.05450
v 0.54550 -0.21200 -0.03550
v 0.54350 -0.21200 -0.03450
v 0.54550 -0.21200 -0.03250
v 0.54350 -0.21200 -0.03250
v -0.54550 -0.21200 -0.03050
v -0.50850 -0.21200 -0.02850
v -0.54650 -0.21200 -0.01750
v -0.50850 -0.21200 -0.01650
v 0.54650 -0.21200 -0.00850
v 0.50950 -0.21200 -0.00750
v 0.54650 -0.21200 0.00050
v 0.50950 -0.21200 0.00050
v -0.54450 -0.21200 0.00650
v -0.54650 -0.21200 0.00650
v -0.54450 -0.21200 0.00950
v -0.54650 -0.21200 0.00950
v 0.54550 -0.21200 0.02450
v 0.54350 -0.21200 0.02450
v 0.54550 -0.21200 0.02750
v 0.54350 -0.21200 0.02750
v -0.50850 -0.21200 0.03150
v -0.54550 -0.21200 0.03350
v -0.50750 -0.21200 0.03950
v -0.54450 -0.21200 0.04250
v 0.50750 -0.21200 0.04850
v 0.54450 -0.21200 0.05150
v 0.50650 -0.21200 0.05650
v 0.54350 -0.21200 0.06050
v -0.54050 -0.21200 0.06650
v -0.54250 -0.21200 0.06650
v -0.53950 -0.21200 0.06850
v -0.54250 -0.21200 0.06950
v 0.53950 -0.21200 0.08450
v 0.53750 -0.21200 0.08450
v 0.53950 -0.21200 0.08650
v 0.53750 -0.21200 0.08650
v -0.50150 -0.21200 0.08650
v -0.53850 -0.21200 0.09350
v -0.50050 -0.21200 0.09550
v -0.53650 -0.21200 0.10250
v 0.49850 -0.21200 0.10350
v 0.53550 -0.21200 0.11050
v 0.49750 -0.21200 0.11150
v 0.53350 -0.21200 0.11950
v -0.52950 -0.21200 0.12550
v -0.53150 -0.21200 0.12650
v -0.52850 -0.21200 0.12750
v -0.53150 -0.21200 0.12850
v -0.48950 -0.21200 0.14150
v 0.52550 -0.21200 0.14250
v 0.52750 -0.21200 0.14350
v 0.52450 -0.21200 0.14450
v 0.52650 -0.21200 0.14550
v -0.48650 -0.21200 0.14950
v -0.52450 -0.21200 0.15150
v 0.48450 -0.21200 0.15750
v -0.52250 -0.21200 0.16050
v 0.48150 -0.21200 0.16550
v 0.51950 -0.21200 0.16950
v 0.51650 -0.21200 0.17750
v -0.51250 -0.21200 0.18250
v -0.51450 -0.21200 0.18350
v -0.51150 -0.21200 0.18450
v -0.51350 -0.21200 0.18550
v -0.47050 -0.21200 0.19450
v 0.50650 -0.21200 0.19950
v 0.50850 -0.21200 0.20050
v 0.50550 -0.21200 0.20150
v 0.50750 -0.21200 0.20250
v -0.46750 -0.21200 0.20250
v -0.50550 -0.21200 0.20850
v 0.46450 -0.21200 0.20950
v -0.50150 -0.21200 0.21650
v 0.46050 -0.21200 0.21750
v 0.49850 -0.21200 0.22550
v 0.49450 -0.21200 0.23350
v -0.48950 -0.21200 0.23850
v -0.49150 -0.21200 0.23950
v -0.48850 -0.21200 0.24050
v -0.49050 -0.21200 0.24150
v -0.44650 -0.21200 0.24450
v -0.44250 -0.21200 0.25250
v 0.48150 -0.21200 0.25450
v 0.48350 -0.21200 0.25550
v 0.48050 -0.21200 0.25550
v 0.48250 -0.21200 0.25750
v 0.43850 -0.21200 0.25950
v -0.47950 -0.21200 0.26250
v 0.43450 -0.21200 0.26650
v -0.47450 -0.21200 0.27050
v 0.47050 -0.21200 0.27850
v 0.46550 -0.21200 0.28650
v -0.46050 -0.21200 0.29050
v -0.46250 -0.21200 0.29150
v -0.41750 -0.21200 0.29250
v -0.45950 -0.21200 0.29250
v -0.46150 -0.21200 0.29350
v -0.41250 -0.21200 0.29950
v 0.45050 -0.21200 0.30550
v 0.45250 -0.21200 0.30650
v 0.40750 -0.21200 0.30650
v 0.44950 -0.21200 0.30750
v 0.45150 -0.21200 0.30850
v 0.40250 -0.21200 0.31250
v -0.44750 -0.21200 0.31350
v -0.44250 -0.21200 0.32150
v 0.43750 -0.21200 0.32850
v 0.43150 -0.21200 0.33550
v -0.38250 -0.21200 0.33650
v -0.42550 -0.21200 0.33950
v -0.42450 -0.21200 0.34050
v -0.42750 -0.21200 0.34050
v -0.37650 -0.21200 0.34250
v -0.42650 -0.21200 0.34250
v 0.37150 -0.21200 0.34850
v 0.41450 -0.21200 0.35250
v 0.41650 -0.21200 0.35450
v 0.41350 -0.21200 0.35450
v 0.36550 -0.21200 0.35550
v 0.41450 -0.21200 0.35650
v -0.41050 -0.21200 0.36150
v -0.40450 -0.21200 0.36750
v 0.39850 -0.21200 0.37450
v -0.34350 -0.21200 0.37650
v 0.39250 -0.21200 0.38050
v -0.33650 -0.21200 0.38250
v -0.38550 -0.21200 0.38350
v -0.38450 -0.21200 0.38550
v -0.38750 -0.21200 0.38550
v 0.33050 -0.21200 0.38750
v -0.38550 -0.21200 0.38750
v 0.32450 -0.21200 0.39250
v 0.37350 -0.21200 0.39650
v 0.37150 -0.21200 0.39750
v 0.37450 -0.21200 0.39850
v 0.37350 -0.21200 0.39950
v -0.36850 -0.21200 0.40350
v -0.36150 -0.21200 0.40950
v -0.29950 -0.21200 0.41150
v 0.35450 -0.21200 0.41550
v -0.29350 -0.21200 0.41650
v 0.34850 -0.21200 0.42150
v 0.28650 -0.21200 0.42150
v -0.34150 -0.21200 0.42350
v -0.33950 -0.21200 0.42550
v -0.34250 -0.21200 0.42550
v 0.27950 -0.21200 0.42650
v -0.34150 -0.21200 0.42750
v 0.32750 -0.21200 0.43450
v 0.32850 -0.21200 0.43650
v 0.32550 -0.21200 0.43650
v 0.32750 -0.21200 0.43850
v -0.32150 -0.21200 0.44150
v -0.25250 -0.21200 0.44250
v -0.24550 -0.21200 0.44650
v -0.31450 -0.21200 0.44750
v 0.23850 -0.21200 0.45050
v 0.30750 -0.21200 0.45250
v 0.23050 -0.21200 0.45450
v 0.29950 -0.21200 0.45750
v -0.29250 -0.21200 0.45850
v -0.29150 -0.21200 0.46050
v -0.29450 -0.21200 0.46050
v -0.29250 -0.21200 0.46150
v -0.20250 -0.21200 0.46750
v 0.27750 -0.21200 0.46850
v 0.27550 -0.21200 0.46950
v 0.27850 -0.21200 0.47050
v -0.19550 -0.21200 0.47050
v 0.27750 -0.21200 0.47150
v 0.18750 -0.21200 0.47350
v -0.27150 -0.21200 0.47450
v 0.17950 -0.21200 0.47650
v -0.26350 -0.21200 0.47850
v 0.25550 -0.21200 0.48350
v -0.15050 -0.21200 0.48650
v 0.24750 -0.21200 0.48750
v -0.24050 -0.21200 0.48850
v -0.14250 -0.21200 0.48950
v -0.23850 -0.21200 0.48950
v -0.24150 -0.21200 0.49050
v 0.13450 -0.21200 0.49150
v -0.23950 -0.21200 0.49150
v 0.12650 -0.21200 0.49350
v 0.22450 -0.21200 0.49550
v 0.22250 -0.21200 0.49650
v 0.22550 -0.21200 0.49750
v 0.22350 -0.21200 0.49850
v -0.09550 -0.21200 0.50050
v -0.08750 -0.21200 0.50150
v -0.21750 -0.21200 0.50150
v 0.07950 -0.21200 0.50350
v 0.07150 -0.21200 0.50450
v -0.20950 -0.21200 0.50550
v -0.04050 -0.21200 0.50750
v 0.20150 -0.21200 0.50850
v -0.03250 -0.21200 0.50850
v 0.02350 -0.21200 0.50950
v 0.01550 -0.21200 0.50950
v 0.19250 -0.21200 0.51150
v -0.18550 -0.21200 0.51150
v -0.18350 -0.21200 0.51250
v -0.18650 -0.21200 0.51350
v -0.18450 -0.21200 0.51450
v 0.16850 -0.21200 0.51750
v 0.16650 -0.21200 0.51850
v 0.16950 -0.21200 0.51950
v 0.16750 -0.21200 0.52050
v -0.16150 -0.21200 0.52250
v -0.15250 -0.21200 0.52450
v 0.14450 -0.21200 0.52750
v 0.13550 -0.21200 0.52950
v -0.12650 -0.21200 0.52950
v -0.12850 -0.21200 0.52950
v -0.12650 -0.21200 0.53150
v -0.12850 -0.21200 0.53150
v 0.11150 -0.21200 0.53250
v 0.10950 -0.21200 0.53350
v 0.11150 -0.21200 0.53550
v 0.10950 -0.21200 0.53550
v -0.10250 -0.21200 0.53650
v -0.09450 -0.21200 0.53850
v -0.06950 -0.21200 0.53950
v 0.08550 -0.21200 0.54050
v -0.06750 -0.21200 0.54050
v 0.07650 -0.21200 0.54150
v 0.05250 -0.21200 0.54150
v 0.04950 -0.21200 0.54250
v -0.06750 -0.21200 0.54250
v -0.06950 -0.21200 0.54250
v 0.05250 -0.21200 0.54450
v 0.05050 -0.21200 0.54450
v -0.00750 -0.21200 0.54450
v -0.00950 -0.21200 0.54450
v -0.04350 -0.21200 0.54450
v -0.03450 -0.21200 0.54550
v 0.02550 -0.21200 0.54650
v 0.01650 -0.21200 0.54650
v -0.00750 -0.21200 0.54650
v -0.01050 -0.21200 0.54650
v -0.63450 -0.21300 -0.15050
v -0.64050 -0.21800 -0.05550
v -0.68450 -0.22700 -0.08350
v 0.63650 -0.22900 -0.04250
v 0.63050 -0.23800 0.11450
v 0.63550 -0.23900 0.00950
v 0.62850 -0.24100 0.13450
v 0.62550 -0.24100 0.15450
v 0.62850 -0.24300 0.13450
v 0.62250 -0.24300 0.17450
v 0.61750 -0.24300 0.19450
v 0.60850 -0.24300 0.23350
v 0.62550 -0.24400 0.15450
v -0.66550 -0.24400 0.30650
v 0.63150 -0.24500 0.11450
v -0.63150 -0.24500 0.35850
v 0.28850 -0.24600 0.59650
v -0.29650 -0.24600 0.59650
v -0.59850 -0.24700 0.41050
v -0.63950 -0.25000 -0.03750
v -0.63850 -0.25700 0.28250
v -0.64150 -0.25700 0.28650
v 0.01050 -0.26000 -0.54650
v -0.01350 -0.26000 -0.54650
v 0.01950 -0.26000 -0.54550
v -0.01550 -0.26000 -0.54550
v 0.04650 -0.26000 -0.54450
v 0.04450 -0.26000 -0.54450
v -0.04050 -0.26000 -0.54450
v -0.01350 -0.26000 -0.54350
v -0.01550 -0.26000 -0.54350
v -0.04950 -0.26000 -0.54350
v 0.04350 -0.26000 -0.54250
v 0.07050 -0.26000 -0.54150
v 0.04650 -0.26000 -0.54150
v -0.07350 -0.26000 -0.54150
v 0.07950 -0.26000 -0.54050
v -0.07550 -0.26000 -0.54050
v -0.07350 -0.26000 -0.53850
v -0.07550 -0.26000 -0.53850
v -0.09950 -0.26000 -0.53750
v 0.10350 -0.26000 -0.53650
v 0.10550 -0.26000 -0.53550
v -0.10850 -0.26000 -0.53550
v 0.10350 -0.26000 -0.53450
v 0.10550 -0.26000 -0.53350
v 0.12950 -0.26000 -0.53050
v -0.13250 -0.26000 -0.52950
v -0.13450 -0.26000 -0.52950
v 0.13850 -0.26000 -0.52850
v -0.13250 -0.26000 -0.52750
v -0.13450 -0.26000 -0.52750
v -0.15850 -0.26000 -0.52250
v 0.16450 -0.26000 -0.52150
v 0.16150 -0.26000 -0.52150
v -0.16650 -0.26000 -0.52050
v 0.16150 -0.26000 -0.51950
v 0.16350 -0.26000 -0.51850
v 0.18750 -0.26000 -0.51350
v -0.18950 -0.26000 -0.51250
v -0.19250 -0.26000 -0.51150
v 0.19550 -0.26000 -0.51050
v 0.01050 -0.26000 -0.50950
v -0.18950 -0.26000 -0.50950
v -0.19150 -0.26000 -0.50950
v 0.01850 -0.26000 -0.50850
v -0.03750 -0.26000 -0.50750
v -0.04550 -0.26000 -0.50750
v 0.06550 -0.26000 -0.50450
v 0.07450 -0.26000 -0.50350
v -0.21450 -0.26000 -0.50250
v 0.21850 -0.26000 -0.50050
v -0.09350 -0.26000 -0.50050
v 0.22050 -0.26000 -0.49950
v 0.21750 -0.26000 -0.49850
v -0.10150 -0.26000 -0.49850
v -0.22250 -0.26000 -0.49850
v 0.21950 -0.26000 -0.49750
v 0.12050 -0.26000 -0.49450
v 0.12950 -0.26000 -0.49250
v 0.24250 -0.26000 -0.48950
v -0.24550 -0.26000 -0.48850
v -0.14750 -0.26000 -0.48750
v -0.24750 -0.26000 -0.48750
v -0.24450 -0.26000 -0.48650
v 0.25050 -0.26000 -0.48550
v -0.24650 -0.26000 -0.48550
v -0.15550 -0.26000 -0.48450
v 0.17450 -0.26000 -0.47850
v 0.18250 -0.26000 -0.47550
v -0.26850 -0.26000 -0.47550
v 0.27150 -0.26000 -0.47350
v 0.27350 -0.26000 -0.47250
v 0.27050 -0.26000 -0.47150
v -0.27650 -0.26000 -0.47150
v 0.27250 -0.26000 -0.47050
v -0.20050 -0.26000 -0.46850
v -0.20750 -0.26000 -0.46450
v 0.29450 -0.26000 -0.45950
v -0.29750 -0.26000 -0.45850
v -0.29950 -0.26000 -0.45750
v 0.22550 -0.26000 -0.45650
v -0.29550 -0.26000 -0.45650
v 0.30250 -0.26000 -0.45550
v -0.29750 -0.26000 -0.45550
v 0.23350 -0.26000 -0.45250
v -0.25050 -0.26000 -0.44350
v -0.31950 -0.26000 -0.44350
v 0.32250 -0.26000 -0.44150
v 0.32450 -0.26000 -0.43950
v 0.32150 -0.26000 -0.43950
v -0.25750 -0.26000 -0.43950
v 0.32250 -0.26000 -0.43750
v -0.32650 -0.26000 -0.43750
v 0.27450 -0.26000 -0.42850
v 0.34350 -0.26000 -0.42450
v 0.28150 -0.26000 -0.42450
v -0.34550 -0.26000 -0.42250
v -0.34450 -0.26000 -0.42150
v -0.34750 -0.26000 -0.42150
v 0.35050 -0.26000 -0.41950
v -0.34550 -0.26000 -0.41950
v -0.29750 -0.26000 -0.41350
v -0.30450 -0.26000 -0.40850
v -0.36550 -0.26000 -0.40550
v 0.36850 -0.26000 -0.40350
v 0.37050 -0.26000 -0.40150
v 0.36750 -0.26000 -0.40150
v 0.36850 -0.26000 -0.39950
v -0.37250 -0.26000 -0.39950
v 0.32050 -0.26000 -0.39550
v 0.32650 -0.26000 -0.39050
v 0.38850 -0.26000 -0.38450
v -0.39050 -0.26000 -0.38250
v -0.38850 -0.26000 -0.38050
v -0.39150 -0.26000 -0.38050
v -0.39050 -0.26000 -0.37950
v 0.39450 -0.26000 -0.37850
v -0.34150 -0.26000 -0.37750
v -0.34750 -0.26000 -0.37250
v -0.40850 -0.26000 -0.36250
v 0.41050 -0.26000 -0.36050
v 0.41250 -0.26000 -0.35850
v 0.40950 -0.26000 -0.35850
v 0.36150 -0.26000 -0.35850
v 0.41050 -0.26000 -0.35650
v -0.41450 -0.26000 -0.35650
v 0.36750 -0.26000 -0.35250
v 0.42750 -0.26000 -0.33950
v -0.38050 -0.26000 -0.33850
v -0.42950 -0.26000 -0.33750
v -0.42750 -0.26000 -0.33550
v -0.43150 -0.26000 -0.33550
v -0.42950 -0.26000 -0.33450
v 0.43350 -0.26000 -0.33250
v -0.38650 -0.26000 -0.33150
v 0.39850 -0.26000 -0.31650
v -0.44550 -0.26000 -0.31550
v 0.44750 -0.26000 -0.31250
v 0.44950 -0.26000 -0.31150
v 0.44650 -0.26000 -0.31150
v 0.44750 -0.26000 -0.30950
v 0.40450 -0.26000 -0.30950
v -0.45050 -0.26000 -0.30850
v -0.41550 -0.26000 -0.29450
v 0.46250 -0.26000 -0.29050
v -0.42050 -0.26000 -0.28750
v -0.46450 -0.26000 -0.28750
v -0.46250 -0.26000 -0.28650
v -0.46550 -0.26000 -0.28650
v -0.46350 -0.26000 -0.28450
v 0.46750 -0.26000 -0.28250
v 0.43150 -0.26000 -0.27050
v -0.47750 -0.26000 -0.26550
v 0.43550 -0.26000 -0.26350
v 0.47950 -0.26000 -0.26150
v 0.47750 -0.26000 -0.26050
v 0.48050 -0.26000 -0.25950
v 0.47850 -0.26000 -0.25850
v -0.48250 -0.26000 -0.25750
v -0.44550 -0.26000 -0.24750
v -0.44950 -0.26000 -0.23950
v 0.49150 -0.26000 -0.23850
v -0.49350 -0.26000 -0.23550
v -0.49050 -0.26000 -0.23450
v -0.49350 -0.26000 -0.23350
v -0.49150 -0.26000 -0.23250
v 0.49550 -0.26000 -0.22950
v 0.45850 -0.26000 -0.22150
v 0.46250 -0.26000 -0.21450
v -0.50350 -0.26000 -0.21050
v 0.50550 -0.26000 -0.20750
v 0.50350 -0.26000 -0.20650
v 0.50650 -0.26000 -0.20550
v 0.50450 -0.26000 -0.20450
v -0.50750 -0.26000 -0.20250
v -0.46950 -0.26000 -0.19650
v -0.47250 -0.26000 -0.18850
v 0.51550 -0.26000 -0.18250
v -0.51550 -0.26000 -0.17950
v -0.51350 -0.26000 -0.17850
v -0.51650 -0.26000 -0.17750
v -0.51450 -0.26000 -0.17650
v 0.51850 -0.26000 -0.17150
v 0.48050 -0.26000 -0.17050
v 0.48350 -0.26000 -0.15950
v -0.52450 -0.26000 -0.15450
v 0.52650 -0.26000 -0.14850
v 0.52350 -0.26000 -0.14750
v 0.52650 -0.26000 -0.14550
v 0.52450 -0.26000 -0.14550
v -0.52650 -0.26000 -0.14550
v -0.48850 -0.26000 -0.14350
v -0.49050 -0.26000 -0.13550
v 0.53250 -0.26000 -0.12250
v -0.53050 -0.26000 -0.12150
v -0.53250 -0.26000 -0.12150
v -0.53050 -0.26000 -0.11950
v -0.53350 -0.26000 -0.11950
v 0.53450 -0.26000 -0.11350
v 0.49650 -0.26000 -0.11350
v 0.49850 -0.26000 -0.10550
v -0.53750 -0.26000 -0.09550
v 0.53950 -0.26000 -0.08950
v 0.53650 -0.26000 -0.08950
v -0.50150 -0.26000 -0.08950
v 0.53950 -0.26000 -0.08750
v 0.53750 -0.26000 -0.08650
v -0.53950 -0.26000 -0.08650
v -0.50250 -0.26000 -0.08150
v 0.54250 -0.26000 -0.06350
v -0.54050 -0.26000 -0.06250
v -0.54250 -0.26000 -0.06250
v -0.54050 -0.26000 -0.06050
v -0.54250 -0.26000 -0.06050
v 0.50550 -0.26000 -0.05850
v 0.54350 -0.26000 -0.05450
v 0.50650 -0.26000 -0.05050
v -0.54550 -0.26000 -0.03650
v -0.50850 -0.26000 -0.03350
v 0.54550 -0.26000 -0.02950
v 0.54350 -0.26000 -0.02950
v 0.54550 -0.26000 -0.02750
v 0.54350 -0.26000 -0.02750
v -0.54550 -0.26000 -0.02250
v -0.50850 -0.26000 -0.02150
v 0.54650 -0.26000 -0.00350
v 0.50950 -0.26000 -0.00250
v -0.54450 -0.26000 0.00150
v -0.54650 -0.26000 0.00150
v -0.54450 -0.26000 0.00350
v -0.54650 -0.26000 0.00350
v 0.54650 -0.26000 0.00550
v 0.50950 -0.26000 0.00550
v -0.50850 -0.26000 0.02650
v -0.54550 -0.26000 0.02850
v 0.54550 -0.26000 0.03050
v 0.54350 -0.26000 0.03050
v 0.54550 -0.26000 0.03250
v 0.54350 -0.26000 0.03250
v -0.50850 -0.26000 0.03450
v -0.54550 -0.26000 0.03750
v 0.50650 -0.26000 0.05350
v 0.54350 -0.26000 0.05650
v 0.50550 -0.26000 0.06150
v -0.54050 -0.26000 0.06150
v -0.54250 -0.26000 0.06150
v -0.54050 -0.26000 0.06350
v -0.54250 -0.26000 0.06350
v 0.54250 -0.26000 0.06550
v -0.50250 -0.26000 0.08150
v -0.53950 -0.26000 0.08750
v 0.53650 -0.26000 0.08950
v 0.53950 -0.26000 0.09050
v -0.50150 -0.26000 0.09050
v 0.53650 -0.26000 0.09150
v 0.53850 -0.26000 0.09250
v -0.53750 -0.26000 0.09650
v 0.49750 -0.26000 0.10850
v 0.53450 -0.26000 0.11650
v 0.49550 -0.26000 0.11650
v -0.53050 -0.26000 0.12050
v -0.53250 -0.26000 0.12050
v -0.53050 -0.26000 0.12250
v -0.53250 -0.26000 0.12250
v 0.53250 -0.26000 0.12550
v -0.49050 -0.26000 0.13650
v -0.48850 -0.26000 0.14450
v -0.52650 -0.26000 0.14650
v 0.52550 -0.26000 0.14850
v 0.52350 -0.26000 0.14850
v 0.52550 -0.26000 0.15050
v 0.52350 -0.26000 0.15050
v -0.52350 -0.26000 0.15550
v 0.48250 -0.26000 0.16250
v 0.48050 -0.26000 0.17050
v 0.51850 -0.26000 0.17450
v -0.51450 -0.26000 0.17750
v -0.51650 -0.26000 0.17850
v -0.51350 -0.26000 0.17950
v -0.51550 -0.26000 0.18050
v 0.51550 -0.26000 0.18250
v -0.47250 -0.26000 0.18950
v -0.46950 -0.26000 0.19750
v -0.50750 -0.26000 0.20350
v 0.50450 -0.26000 0.20450
v 0.50650 -0.26000 0.20550
v 0.50350 -0.26000 0.20650
v 0.50550 -0.26000 0.20750
v -0.50350 -0.26000 0.21150
v 0.46250 -0.26000 0.21450
v 0.45850 -0.26000 0.22250
v 0.49550 -0.26000 0.23050
v -0.49150 -0.26000 0.23350
v -0.49350 -0.26000 0.23450
v -0.49050 -0.26000 0.23550
v -0.49250 -0.26000 0.23650
v 0.49250 -0.26000 0.23850
v -0.44950 -0.26000 0.24050
v -0.44550 -0.26000 0.24750
v -0.48150 -0.26000 0.25750
v 0.47850 -0.26000 0.25850
v 0.48050 -0.26000 0.25950
v 0.47750 -0.26000 0.26050
v 0.47950 -0.26000 0.26150
v 0.43550 -0.26000 0.26350
v -0.47750 -0.26000 0.26550
v 0.43150 -0.26000 0.27150
v 0.46750 -0.26000 0.28350
v -0.46350 -0.26000 0.28550
v -0.46550 -0.26000 0.28650
v -0.46250 -0.26000 0.28750
v -0.41950 -0.26000 0.28850
v -0.46350 -0.26000 0.28850
v 0.46250 -0.26000 0.29050
v -0.41550 -0.26000 0.29550
v 0.44750 -0.26000 0.30950
v -0.45050 -0.26000 0.30950
v 0.40450 -0.26000 0.31050
v 0.44950 -0.26000 0.31150
v 0.44650 -0.26000 0.31150
v 0.44850 -0.26000 0.31250
v 0.39950 -0.26000 0.31650
v -0.44550 -0.26000 0.31650
v 0.43350 -0.26000 0.33250
v -0.38550 -0.26000 0.33250
v -0.42950 -0.26000 0.33450
v -0.42750 -0.26000 0.33650
v -0.43050 -0.26000 0.33650
v -0.42950 -0.26000 0.33850
v 0.42850 -0.26000 0.33950
v -0.38050 -0.26000 0.33950
v 0.36750 -0.26000 0.35250
v -0.41350 -0.26000 0.35650
v 0.41050 -0.26000 0.35750
v 0.41250 -0.26000 0.35850
v 0.40950 -0.26000 0.35850
v 0.36150 -0.26000 0.35850
v 0.41150 -0.26000 0.36050
v -0.40750 -0.26000 0.36350
v -0.34750 -0.26000 0.37350
v 0.39450 -0.26000 0.37850
v -0.34050 -0.26000 0.37850
v -0.38950 -0.26000 0.37950
v -0.38850 -0.26000 0.38150
v -0.39150 -0.26000 0.38150
v -0.38950 -0.26000 0.38350
v 0.38850 -0.26000 0.38450
v 0.32650 -0.26000 0.39050
v 0.32050 -0.26000 0.39650
v 0.36950 -0.26000 0.40050
v -0.37250 -0.26000 0.40050
v 0.37050 -0.26000 0.40150
v 0.36750 -0.26000 0.40150
v 0.36950 -0.26000 0.40350
v -0.36550 -0.26000 0.40650
v -0.30350 -0.26000 0.40850
v -0.29750 -0.26000 0.41350
v 0.35050 -0.26000 0.41950
v -0.34550 -0.26000 0.42050
v -0.34350 -0.26000 0.42150
v -0.34750 -0.26000 0.42250
v -0.34550 -0.26000 0.42350
v 0.28250 -0.26000 0.42450
v 0.34350 -0.26000 0.42550
v 0.27550 -0.26000 0.42850
v 0.32350 -0.26000 0.43850
v -0.32650 -0.26000 0.43850
v 0.32150 -0.26000 0.43950
v -0.25750 -0.26000 0.43950
v 0.32450 -0.26000 0.44050
v 0.32250 -0.26000 0.44150
v -0.24950 -0.26000 0.44350
v -0.31850 -0.26000 0.44350
v 0.23350 -0.26000 0.45250
v 0.30250 -0.26000 0.45550
v -0.29750 -0.26000 0.45550
v 0.22650 -0.26000 0.45650
v -0.29550 -0.26000 0.45750
v -0.29850 -0.26000 0.45750
v -0.29650 -0.26000 0.45950
v 0.29550 -0.26000 0.46050
v -0.20750 -0.26000 0.46550
v -0.19950 -0.26000 0.46850
v 0.27350 -0.26000 0.47050
v -0.27650 -0.26000 0.47150
v 0.27450 -0.26000 0.47250
v 0.27150 -0.26000 0.47250
v 0.27250 -0.26000 0.47450
v 0.18250 -0.26000 0.47550
v -0.26850 -0.26000 0.47650
v 0.17450 -0.26000 0.47850
v 0.25050 -0.26000 0.48550
v -0.15550 -0.26000 0.48550
v -0.24550 -0.26000 0.48550
v -0.24350 -0.26000 0.48650
v -0.14750 -0.26000 0.48750
v -0.24650 -0.26000 0.48750
v -0.24450 -0.26000 0.48850
v 0.24250 -0.26000 0.48950
v 0.12950 -0.26000 0.49250
v 0.12150 -0.26000 0.49450
v 0.21950 -0.26000 0.49850
v 0.21750 -0.26000 0.49850
v -0.10050 -0.26000 0.49950
v -0.22250 -0.26000 0.49950
v 0.22050 -0.26000 0.50050
v 0.21850 -0.26000 0.50150
v -0.09250 -0.26000 0.50150
v -0.21450 -0.26000 0.50250
v 0.07450 -0.26000 0.50450
v 0.06650 -0.26000 0.50550
v -0.04550 -0.26000 0.50750
v -0.03750 -0.26000 0.50850
v 0.01850 -0.26000 0.50950
v 0.01050 -0.26000 0.50950
v -0.19050 -0.26000 0.50950
v 0.19650 -0.26000 0.51050
v -0.18850 -0.26000 0.51050
v -0.19150 -0.26000 0.51150
v -0.18950 -0.26000 0.51250
v 0.18750 -0.26000 0.51350
v 0.16350 -0.26000 0.51950
v 0.16150 -0.26000 0.51950
v -0.16650 -0.26000 0.52050
v 0.16450 -0.26000 0.52150
v 0.16250 -0.26000 0.52250
v -0.15750 -0.26000 0.52350
v -0.13350 -0.26000 0.52750
v 0.13850 -0.26000 0.52850
v -0.13150 -0.26000 0.52850
v -0.13450 -0.26000 0.52950
v -0.13250 -0.26000 0.53050
v 0.13050 -0.26000 0.53150
v 0.10550 -0.26000 0.53450
v 0.10350 -0.26000 0.53450
v -0.10850 -0.26000 0.53550
v 0.10650 -0.26000 0.53650
v 0.10450 -0.26000 0.53650
v -0.09950 -0.26000 0.53750
v -0.07250 -0.26000 0.53950
v -0.07550 -0.26000 0.53950
v 0.08050 -0.26000 0.54050
v -0.07350 -0.26000 0.54150
v -0.07550 -0.26000 0.54150
v 0.07150 -0.26000 0.54250
v 0.04650 -0.26000 0.54250
v 0.04450 -0.26000 0.54250
v 0.04650 -0.26000 0.54450
v 0.04450 -0.26000 0.54450
v -0.01350 -0.26000 0.54450
v -0.01550 -0.26000 0.54450
v -0.04850 -0.26000 0.54450
v -0.03950 -0.26000 0.54550
v 0.02050 -0.26000 0.54650
v 0.01150 -0.26000 0.54650
v -0.01350 -0.26000 0.54650
v -0.01550 -0.26000 0.54650
v -0.62950 -0.26400 0.28450
v 0.23350 -0.26400 0.60650
v -0.24050 -0.26400 0.60650
v 0.00050 -0.26800 -0.53550
v 0.05650 -0.26800 -0.53250
v -0.05550 -0.26800 -0.53250
v 0.11150 -0.26800 -0.52450
v -0.11150 -0.26800 -0.52450
v 0.00050 -0.26800 -0.51350
v 0.05350 -0.26800 -0.51050
v -0.05350 -0.26800 -0.51050
v 0.16550 -0.26800 -0.50950
v -0.16550 -0.26800 -0.50950
v 0.10650 -0.26800 -0.50250
v -0.10650 -0.26800 -0.50250
v 0.21850 -0.26800 -0.48950
v -0.21750 -0.26800 -0.48950
v 0.15850 -0.26800 -0.48850
v -0.15850 -0.26800 -0.48850
v 0.20950 -0.26800 -0.46950
v -0.20850 -0.26800 -0.46950
v 0.26850 -0.26800 -0.46350
v -0.26750 -0.26800 -0.46350
v 0.25750 -0.26800 -0.44450
v -0.25650 -0.26800 -0.44450
v 0.31550 -0.26800 -0.43350
v -0.31450 -0.26800 -0.43350
v 0.30250 -0.26800 -0.41550
v -0.30150 -0.26800 -0.41550
v 0.35850 -0.26800 -0.39850
v -0.35850 -0.26800 -0.39850
v 0.34350 -0.26800 -0.38150
v -0.34350 -0.26800 -0.38150
v 0.39850 -0.26800 -0.35850
v -0.39850 -0.26800 -0.35850
v 0.38150 -0.26800 -0.34350
v -0.38150 -0.26800 -0.34350
v 0.43350 -0.26800 -0.31450
v -0.43350 -0.26800 -0.31450
v 0.41550 -0.26800 -0.30150
v -0.41550 -0.26800 -0.30150
v 0.46450 -0.26800 -0.26750
v -0.46450 -0.26800 -0.26750
v 0.44550 -0.26800 -0.25650
v -0.44450 -0.26800 -0.25650
v 0.48950 -0.26800 -0.21750
v -0.48950 -0.26800 -0.21750
v 0.46950 -0.26800 -0.20850
v -0.46950 -0.26800 -0.20850
v 0.50950 -0.26800 -0.16550
v -0.50950 -0.26800 -0.16550
v 0.48850 -0.26800 -0.15850
v -0.48850 -0.26800 -0.15850
v 0.52450 -0.26800 -0.11150
v -0.52450 -0.26800 -0.11150
v 0.50250 -0.26800 -0.10650
v -0.50250 -0.26800 -0.10650
v 0.53350 -0.26800 -0.05550
v -0.53350 -0.26800 -0.05550
v 0.51150 -0.26800 -0.05350
v -0.51150 -0.26800 -0.05350
v 0.53650 -0.26800 0.00050
v 0.51350 -0.26800 0.00050
v -0.51350 -0.26800 0.00050
v -0.53550 -0.26800 0.00050
v 0.51150 -0.26800 0.05350
v -0.51150 -0.26800 0.05350
v 0.53350 -0.26800 0.05650
v -0.53350 -0.26800 0.05650
v 0.50250 -0.26800 0.10750
v -0.50250 -0.26800 0.10750
v 0.52450 -0.26800 0.11150
v -0.52450 -0.26800 0.11150
v 0.48850 -0.26800 0.15950
v -0.48850 -0.26800 0.15950
v 0.50950 -0.26800 0.16550
v -0.50950 -0.26800 0.16550
v 0.46950 -0.26800 0.20950
v -0.46950 -0.26800 0.20950
v 0.48950 -0.26800 0.21850
v -0.48950 -0.26800 0.21850
v 0.44550 -0.26800 0.25750
v -0.44450 -0.26800 0.25750
v 0.46450 -0.26800 0.26850
v -0.46450 -0.26800 0.26850
v 0.41550 -0.26800 0.30250
v -0.41550 -0.26800 0.30250
v 0.43350 -0.26800 0.31550
v -0.43350 -0.26800 0.31550
v 0.38150 -0.26800 0.34450
v -0.38150 -0.26800 0.34450
v 0.39850 -0.26800 0.35850
v -0.39850 -0.26800 0.35850
v 0.34350 -0.26800 0.38250
v -0.34350 -0.26800 0.38250
v 0.35850 -0.26800 0.39850
v -0.35850 -0.26800 0.39850
v 0.30250 -0.26800 0.41650
v -0.30150 -0.26800 0.41650
v 0.31550 -0.26800 0.43350
v -0.31450 -0.26800 0.43350
v 0.25750 -0.26800 0.44550
v -0.25650 -0.26800 0.44550
v 0.26850 -0.26800 0.46450
v -0.26750 -0.26800 0.46450
v 0.20950 -0.26800 0.46950
v -0.20850 -0.26800 0.46950
v 0.21850 -0.26800 0.48950
v 0.15850 -0.26800 0.48950
v -0.15850 -0.26800 0.48950
v -0.21750 -0.26800 0.48950
v 0.10650 -0.26800 0.50250
v -0.10650 -0.26800 0.50250
v 0.16550 -0.26800 0.51050
v -0.16550 -0.26800 0.51050
v 0.05350 -0.26800 0.51150
v -0.05350 -0.26800 0.51150
v 0.00050 -0.26800 0.51450
v 0.11150 -0.26800 0.52450
v -0.11150 -0.26800 0.52450
v 0.05650 -0.26800 0.53350
v -0.05550 -0.26800 0.53350
v 0.00050 -0.26800 0.53650
v 0.00650 -0.26900 -0.54650
v -0.00250 -0.26900 -0.54650
v 0.03350 -0.26900 -0.54550
v 0.03150 -0.26900 -0.54550
v -0.02650 -0.26900 -0.54550
v -0.02850 -0.26900 -0.54550
v 0.05750 -0.26900 -0.54350
v 0.03150 -0.26900 -0.54350
v -0.02650 -0.26900 -0.54350
v -0.02850 -0.26900 -0.54350
v -0.05350 -0.26900 -0.54350
v 0.06650 -0.26900 -0.54250
v 0.03350 -0.26900 -0.54250
v -0.06250 -0.26900 -0.54250
v -0.08650 -0.26900 -0.53950
v -0.08850 -0.26900 -0.53950
v 0.09350 -0.26900 -0.53850
v 0.09150 -0.26900 -0.53850
v -0.08550 -0.26900 -0.53750
v 0.09050 -0.26900 -0.53650
v -0.08850 -0.26900 -0.53650
v 0.09250 -0.26900 -0.53550
v -0.11250 -0.26900 -0.53450
v 0.11750 -0.26900 -0.53350
v -0.12150 -0.26900 -0.53250
v 0.12650 -0.26900 -0.53150
v -0.14450 -0.26900 -0.52650
v -0.14750 -0.26900 -0.52650
v 0.14950 -0.26900 -0.52550
v 0.15150 -0.26900 -0.52450
v -0.14450 -0.26900 -0.52450
v 0.14950 -0.26900 -0.52350
v -0.14650 -0.26900 -0.52350
v 0.15150 -0.26900 -0.52250
v -0.17050 -0.26900 -0.51850
v 0.17550 -0.26900 -0.51750
v -0.17950 -0.26900 -0.51650
v 0.18350 -0.26900 -0.51450
v 0.00650 -0.26900 -0.51150
v -0.00150 -0.26900 -0.51150
v -0.04950 -0.26900 -0.50950
v 0.05450 -0.26900 -0.50850
v -0.05850 -0.26900 -0.50850
v 0.06250 -0.26900 -0.50750
v -0.20150 -0.26900 -0.50750
v -0.20350 -0.26900 -0.50650
v 0.20650 -0.26900 -0.50550
v -0.20150 -0.26900 -0.50550
v 0.20850 -0.26900 -0.50450
v -0.20350 -0.26900 -0.50450
v 0.20550 -0.26900 -0.50350
v 0.20750 -0.26900 -0.50250
v -0.10550 -0.26900 -0.50050
v 0.10950 -0.26900 -0.49950
v -0.11350 -0.26900 -0.49850
v 0.11850 -0.26900 -0.49750
v -0.22650 -0.26900 -0.49750
v 0.23050 -0.26900 -0.49550
v -0.23450 -0.26900 -0.49350
v 0.23950 -0.26900 -0.49150
v -0.15950 -0.26900 -0.48550
v 0.16350 -0.26900 -0.48450
v -0.16750 -0.26900 -0.48350
v -0.25650 -0.26900 -0.48250
v 0.17150 -0.26900 -0.48150
v -0.25850 -0.26900 -0.48150
v 0.26050 -0.26900 -0.48050
v -0.25550 -0.26900 -0.48050
v -0.25750 -0.26900 -0.47950
v 0.26250 -0.26900 -0.47850
v 0.25950 -0.26900 -0.47850
v 0.26150 -0.26900 -0.47650
v -0.27950 -0.26900 -0.46950
v 0.28350 -0.26900 -0.46650
v -0.21250 -0.26900 -0.46550
v -0.28750 -0.26900 -0.46450
v 0.21650 -0.26900 -0.46350
v 0.29150 -0.26900 -0.46250
v -0.21950 -0.26900 -0.46150
v 0.22350 -0.26900 -0.45950
v -0.30750 -0.26900 -0.45150
v -0.30650 -0.26900 -0.44950
v -0.30950 -0.26900 -0.44950
v 0.31150 -0.26900 -0.44850
v -0.30850 -0.26900 -0.44850
v 0.31350 -0.26900 -0.44750
v 0.31050 -0.26900 -0.44650
v 0.31250 -0.26900 -0.44550
v -0.26150 -0.26900 -0.43950
v 0.26550 -0.26900 -0.43750
v -0.32950 -0.26900 -0.43550
v -0.26950 -0.26900 -0.43450
v 0.33350 -0.26900 -0.43250
v 0.27350 -0.26900 -0.43250
v -0.33650 -0.26900 -0.43050
v 0.34050 -0.26900 -0.42750
v -0.35550 -0.26900 -0.41450
v -0.35750 -0.26900 -0.41350
v -0.35450 -0.26900 -0.41250
v 0.35950 -0.26900 -0.41150
v -0.35550 -0.26900 -0.41150
v 0.36050 -0.26900 -0.41050
v 0.35750 -0.26900 -0.40950
v 0.35950 -0.26900 -0.40850
v -0.30850 -0.26900 -0.40750
v 0.31250 -0.26900 -0.40550
v -0.31550 -0.26900 -0.40250
v 0.31850 -0.26900 -0.40050
v -0.37550 -0.26900 -0.39650
v 0.37850 -0.26900 -0.39350
v -0.38150 -0.26900 -0.39050
v 0.38550 -0.26900 -0.38750
v -0.39850 -0.26900 -0.37350
v -0.35150 -0.26900 -0.37150
v -0.39750 -0.26900 -0.37150
v -0.40050 -0.26900 -0.37150
v 0.40250 -0.26900 -0.36950
v -0.39850 -0.26900 -0.36950
v 0.40350 -0.26900 -0.36850
v 0.40050 -0.26900 -0.36850
v 0.35450 -0.26900 -0.36850
v 0.40250 -0.26900 -0.36650
v -0.35750 -0.26900 -0.36550
v 0.36050 -0.26900 -0.36250
v -0.41650 -0.26900 -0.35350
v 0.41950 -0.26900 -0.34950
v -0.42250 -0.26900 -0.34650
v 0.42550 -0.26900 -0.34250
v -0.39050 -0.26900 -0.33050
v 0.39350 -0.26900 -0.32750
v -0.43750 -0.26900 -0.32750
v -0.43550 -0.26900 -0.32550
v -0.43850 -0.26900 -0.32550
v -0.39550 -0.26900 -0.32450
v 0.44050 -0.26900 -0.32350
v -0.43750 -0.26900 -0.32350
v 0.44150 -0.26900 -0.32150
v 0.43850 -0.26900 -0.32150
v 0.43950 -0.26900 -0.32050
v 0.39850 -0.26900 -0.32050
v -0.45250 -0.26900 -0.30550
v 0.45550 -0.26900 -0.30150
v -0.45750 -0.26900 -0.29750
v 0.46050 -0.26900 -0.29350
v -0.42450 -0.26900 -0.28550
v 0.42650 -0.26900 -0.28250
v -0.42850 -0.26900 -0.27850
v -0.47050 -0.26900 -0.27750
v 0.43150 -0.26900 -0.27550
v -0.46850 -0.26900 -0.27550
v -0.47150 -0.26900 -0.27550
v -0.46950 -0.26900 -0.27350
v 0.47350 -0.26900 -0.27250
v 0.47450 -0.26900 -0.27150
v 0.47150 -0.26900 -0.27150
v 0.47250 -0.26900 -0.26950
v -0.48350 -0.26900 -0.25350
v 0.48650 -0.26900 -0.24950
v -0.48750 -0.26900 -0.24550
v 0.49050 -0.26900 -0.24150
v -0.45350 -0.26900 -0.23750
v 0.45550 -0.26900 -0.23350
v -0.45650 -0.26900 -0.23050
v 0.45950 -0.26900 -0.22650
v -0.49850 -0.26900 -0.22350
v -0.49650 -0.26900 -0.22250
v -0.49950 -0.26900 -0.22150
v -0.49750 -0.26900 -0.22050
v 0.50050 -0.26900 -0.21950
v 0.49850 -0.26900 -0.21850
v 0.50150 -0.26900 -0.21750
v 0.49950 -0.26900 -0.21650
v -0.50850 -0.26900 -0.19950
v 0.51050 -0.26900 -0.19450
v -0.51150 -0.26900 -0.19050
v -0.47650 -0.26900 -0.18650
v 0.47850 -0.26900 -0.18250
v 0.51550 -0.26900 -0.18150
v -0.47950 -0.26900 -0.17850
v 0.48250 -0.26900 -0.17050
v -0.51950 -0.26900 -0.16750
v -0.51750 -0.26900 -0.16650
v -0.52050 -0.26900 -0.16550
v -0.51850 -0.26900 -0.16450
v 0.52250 -0.26900 -0.15850
v 0.52050 -0.26900 -0.15750
v 0.52350 -0.26900 -0.15650
v 0.52150 -0.26900 -0.15550
v -0.52750 -0.26900 -0.14250
v -0.52950 -0.26900 -0.13350
v 0.53050 -0.26900 -0.13250
v -0.49450 -0.26900 -0.13250
v 0.53250 -0.26900 -0.12450
v 0.49650 -0.26900 -0.12450
v -0.49650 -0.26900 -0.12450
v 0.49850 -0.26900 -0.11650
v -0.53550 -0.26900 -0.10950
v -0.53350 -0.26900 -0.10850
v -0.53550 -0.26900 -0.10750
v -0.53350 -0.26900 -0.10650
v 0.53750 -0.26900 -0.10050
v 0.53550 -0.26900 -0.09950
v 0.53750 -0.26900 -0.09750
v 0.53550 -0.26900 -0.09750
v -0.53950 -0.26900 -0.08350
v -0.50550 -0.26900 -0.07750
v -0.54150 -0.26900 -0.07450
v 0.54150 -0.26900 -0.07350
v 0.50750 -0.26900 -0.06950
v -0.50650 -0.26900 -0.06950
v 0.54250 -0.26900 -0.06450
v 0.50850 -0.26900 -0.06050
v -0.54450 -0.26900 -0.05050
v -0.54150 -0.26900 -0.04950
v -0.54250 -0.26900 -0.04750
v -0.54450 -0.26900 -0.04750
v 0.54550 -0.26900 -0.04050
v 0.54250 -0.26900 -0.04050
v 0.54550 -0.26900 -0.03850
v 0.54250 -0.26900 -0.03850
v -0.54550 -0.26900 -0.02350
v -0.51150 -0.26900 -0.02150
v 0.54650 -0.26900 -0.01350
v 0.51150 -0.26900 -0.01350
v -0.51150 -0.26900 -0.01150
v -0.54650 -0.26900 -0.01150
v 0.54650 -0.26900 -0.00450
v 0.51150 -0.26900 -0.00450
v -0.54350 -0.26900 0.01250
v -0.54650 -0.26900 0.01250
v -0.54350 -0.26900 0.01450
v -0.54650 -0.26900 0.01450
v 0.54650 -0.26900 0.01950
v 0.54350 -0.26900 0.01950
v 0.54650 -0.26900 0.02150
v 0.54350 -0.26900 0.02150
v -0.51050 -0.26900 0.03650
v -0.54550 -0.26900 0.03950
v 0.51050 -0.26900 0.04350
v -0.50950 -0.26900 0.04550
v 0.54450 -0.26900 0.04650
v -0.54450 -0.26900 0.04850
v 0.50950 -0.26900 0.05150
v 0.54350 -0.26900 0.05550
v -0.53950 -0.26900 0.07250
v -0.54150 -0.26900 0.07250
v -0.53950 -0.26900 0.07450
v -0.54150 -0.26900 0.07450
v 0.53850 -0.26900 0.07850
v 0.54050 -0.26900 0.07950
v 0.54050 -0.26900 0.08150
v 0.53850 -0.26900 0.08150
v -0.50350 -0.26900 0.09250
v 0.50250 -0.26900 0.09850
v -0.53750 -0.26900 0.09850
v -0.50150 -0.26900 0.10050
v 0.53650 -0.26900 0.10550
v 0.50050 -0.26900 0.10750
v -0.53550 -0.26900 0.10750
v 0.53450 -0.26900 0.11450
v -0.52850 -0.26900 0.13050
v -0.53050 -0.26900 0.13150
v -0.52750 -0.26900 0.13250
v -0.52950 -0.26900 0.13350
v 0.52650 -0.26900 0.13750
v 0.52850 -0.26900 0.13850
v 0.52650 -0.26900 0.13950
v 0.52850 -0.26900 0.14050
v -0.49050 -0.26900 0.14750
v 0.48850 -0.26900 0.15350
v -0.48750 -0.26900 0.15550
v -0.52350 -0.26900 0.15750
v 0.48550 -0.26900 0.16150
v 0.52150 -0.26900 0.16350
v -0.52050 -0.26900 0.16550
v 0.51850 -0.26900 0.17250
v -0.51050 -0.26900 0.18850
v -0.51250 -0.26900 0.18850
v -0.50950 -0.26900 0.19050
v -0.51250 -0.26900 0.19050
v 0.50850 -0.26900 0.19450
v 0.51050 -0.26900 0.19550
v 0.50750 -0.26900 0.19650
v 0.50950 -0.26900 0.19750
v -0.47150 -0.26900 0.20050
v 0.46850 -0.26900 0.20650
v -0.46750 -0.26900 0.20750
v 0.46550 -0.26900 0.21350
v -0.50350 -0.26900 0.21350
v 0.50050 -0.26900 0.22050
v -0.49950 -0.26900 0.22150
v 0.49650 -0.26900 0.22850
v -0.48650 -0.26900 0.24250
v -0.48950 -0.26900 0.24350
v -0.48650 -0.26900 0.24450
v -0.48850 -0.26900 0.24550
v 0.48350 -0.26900 0.24950
v 0.48550 -0.26900 0.25050
v -0.44650 -0.26900 0.25050
v 0.48250 -0.26900 0.25150
v 0.48450 -0.26900 0.25250
v 0.44350 -0.26900 0.25650
v -0.44250 -0.26900 0.25750
v 0.43850 -0.26900 0.26350
v -0.47650 -0.26900 0.26750
v 0.47350 -0.26900 0.27350
v -0.47250 -0.26900 0.27550
v 0.46850 -0.26900 0.28150
v -0.45750 -0.26900 0.29450
v -0.45650 -0.26900 0.29650
v -0.45950 -0.26900 0.29650
v -0.41650 -0.26900 0.29850
v -0.45850 -0.26900 0.29850
v 0.45350 -0.26900 0.30050
v 0.45550 -0.26900 0.30250
v 0.45250 -0.26900 0.30250
v 0.45450 -0.26900 0.30350
v 0.41250 -0.26900 0.30350
v -0.41150 -0.26900 0.30450
v 0.40750 -0.26900 0.31050
v -0.44450 -0.26900 0.31850
v 0.44050 -0.26900 0.32350
v -0.43950 -0.26900 0.32550
v 0.43450 -0.26900 0.33150
v -0.38050 -0.26900 0.34150
v -0.42250 -0.26900 0.34350
v -0.42450 -0.26900 0.34450
v -0.42050 -0.26900 0.34550
v 0.37650 -0.26900 0.34650
v -0.42250 -0.26900 0.34650
v 0.41750 -0.26900 0.34850
v -0.37550 -0.26900 0.34850
v 0.41950 -0.26900 0.35050
v 0.41650 -0.26900 0.35050
v 0.41850 -0.26900 0.35150
v 0.37050 -0.26900 0.35250
v -0.40650 -0.26900 0.36550
v 0.40250 -0.26900 0.37050
v -0.40050 -0.26900 0.37150
v 0.39550 -0.26900 0.37650
v -0.34150 -0.26900 0.38150
v 0.33650 -0.26900 0.38650
v -0.33450 -0.26900 0.38750
v -0.38250 -0.26900 0.38750
v -0.38050 -0.26900 0.38950
v -0.38350 -0.26900 0.38950
v -0.38250 -0.26900 0.39050
v 0.32950 -0.26900 0.39150
v 0.37750 -0.26900 0.39250
v 0.37850 -0.26900 0.39450
v 0.37550 -0.26900 0.39450
v 0.37750 -0.26900 0.39550
v -0.36450 -0.26900 0.40750
v 0.35950 -0.26900 0.41250
v -0.35750 -0.26900 0.41350
v -0.29750 -0.26900 0.41650
v 0.35250 -0.26900 0.41850
v 0.29150 -0.26900 0.42050
v -0.29050 -0.26900 0.42150
v 0.28450 -0.26900 0.42550
v -0.33750 -0.26900 0.42750
v -0.33550 -0.26900 0.42850
v -0.33850 -0.26900 0.42950
v -0.33650 -0.26900 0.43050
v 0.33150 -0.26900 0.43150
v 0.33050 -0.26900 0.43250
v 0.33350 -0.26900 0.43350
v 0.33150 -0.26900 0.43450
v -0.31750 -0.26900 0.44550
v -0.24950 -0.26900 0.44650
v 0.31150 -0.26900 0.44950
v 0.24350 -0.26900 0.45050
v -0.24250 -0.26900 0.45050
v -0.30950 -0.26900 0.45050
v 0.30450 -0.26900 0.45450
v 0.23650 -0.26900 0.45450
v -0.28850 -0.26900 0.46150
v -0.28650 -0.26900 0.46250
v -0.28950 -0.26900 0.46350
v -0.28750 -0.26900 0.46450
v 0.28250 -0.26900 0.46550
v 0.28050 -0.26900 0.46650
v 0.28350 -0.26900 0.46750
v 0.28150 -0.26900 0.46850
v -0.19950 -0.26900 0.47150
v 0.19350 -0.26900 0.47450
v -0.19150 -0.26900 0.47450
v 0.18550 -0.26900 0.47750
v -0.26650 -0.26900 0.47750
v 0.26050 -0.26900 0.48050
v -0.25850 -0.26900 0.48150
v 0.25250 -0.26900 0.48450
v -0.14650 -0.26900 0.49050
v -0.23550 -0.26900 0.49050
v -0.23350 -0.26900 0.49150
v 0.13950 -0.26900 0.49250
v -0.23650 -0.26900 0.49250
v 0.22950 -0.26900 0.49350
v -0.13750 -0.26900 0.49350
v -0.23450 -0.26900 0.49350
v 0.22750 -0.26900 0.49450
v 0.13150 -0.26900 0.49450
v 0.23050 -0.26900 0.49550
v 0.22850 -0.26900 0.49650
v -0.09150 -0.26900 0.50350
v -0.21250 -0.26900 0.50350
v 0.08550 -0.26900 0.50450
v -0.08350 -0.26900 0.50550
v 0.20650 -0.26900 0.50650
v 0.07650 -0.26900 0.50650
v -0.20450 -0.26900 0.50750
v 0.19750 -0.26900 0.50950
v -0.03550 -0.26900 0.51050
v 0.02950 -0.26900 0.51150
v 0.02050 -0.26900 0.51150
v -0.02750 -0.26900 0.51150
v -0.18050 -0.26900 0.51350
v -0.17850 -0.26900 0.51450
v 0.17450 -0.26900 0.51550
v -0.18150 -0.26900 0.51550
v 0.17250 -0.26900 0.51650
v -0.17950 -0.26900 0.51650
v 0.17450 -0.26900 0.51850
v 0.17250 -0.26900 0.51850
v -0.15650 -0.26900 0.52350
v 0.14950 -0.26900 0.52550
v -0.14750 -0.26900 0.52650
v 0.14050 -0.26900 0.52850
v -0.12150 -0.26900 0.53050
v -0.12350 -0.26900 0.53050
v 0.11650 -0.26900 0.53150
v 0.11450 -0.26900 0.53250
v -0.12350 -0.26900 0.53250
v -0.12150 -0.26900 0.53350
v 0.11650 -0.26900 0.53450
v 0.11450 -0.26900 0.53450
v -0.09750 -0.26900 0.53750
v 0.09050 -0.26900 0.53950
v -0.08850 -0.26900 0.53950
v 0.08150 -0.26900 0.54050
v -0.06250 -0.26900 0.54050
v -0.06450 -0.26900 0.54050
v 0.05750 -0.26900 0.54150
v 0.05550 -0.26900 0.54150
v -0.06450 -0.26900 0.54250
v 0.05750 -0.26900 0.54350
v 0.05550 -0.26900 0.54350
v -0.06250 -0.26900 0.54350
v -0.00250 -0.26900 0.54450
v -0.00450 -0.26900 0.54450
v 0.03150 -0.26900 0.54550
v -0.02850 -0.26900 0.54550
v -0.03750 -0.26900 0.54550
v 0.02250 -0.26900 0.54650
v -0.00250 -0.26900 0.54650
v -0.00450 -0.26900 0.54650
v -0.62850 -0.27300 0.19350
v -0.67250 -0.27500 -0.04950
v -0.63650 -0.27600 0.03150
v -0.65950 -0.27700 0.02350
v -0.64850 -0.28100 0.06250
v -0.62750 -0.28200 0.10150
v -0.60950 -0.28200 0.16750
v -0.59150 -0.28200 0.23350
v 0.17750 -0.28300 0.61650
v -0.18450 -0.28300 0.61650
v -0.65050 -0.28400 0.06250
v -0.63850 -0.28500 0.10250
v -0.61950 -0.28500 0.16350
v -0.60350 -0.28700 0.20650
v -0.62850 -0.28800 0.13550
v -0.65350 -0.28900 0.02550
v -0.63950 -0.28900 0.10250
v 0.08650 -0.28900 0.62250
v -0.09450 -0.28900 0.62250
v -0.61250 -0.29000 0.18250
v -0.63550 -0.29100 -0.06950
v -0.62150 -0.29100 0.15850
v 0.47050 -0.29100 0.43250
v -0.63550 -0.29200 -0.06850
v -0.60650 -0.29400 0.20750
v -0.00350 -0.29500 0.62950
v -0.21850 -0.30100 -0.48950
v 0.26850 -0.30100 -0.46450
v -0.26850 -0.30100 -0.46450
v 0.31550 -0.30100 -0.43350
v -0.35850 -0.30100 0.39850
v 0.31550 -0.30100 0.43450
v -0.31550 -0.30100 0.43450
v 0.26850 -0.30100 0.46450
v -0.26850 -0.30100 0.46450
v 0.21850 -0.30100 0.49050
v -0.21850 -0.30100 0.49050
v 0.16550 -0.30100 0.51050
v -0.61650 -0.30200 -0.07650
v -0.63350 -0.30200 0.10050
v 0.05650 -0.30300 -0.53250
v 0.11150 -0.30300 -0.52350
v -0.11150 -0.30300 -0.52350
v 0.16550 -0.30300 -0.50950
v -0.16550 -0.30300 -0.50950
v 0.21750 -0.30300 -0.48950
v -0.21750 -0.30300 -0.48950
v 0.26750 -0.30300 -0.46350
v -0.26750 -0.30300 -0.46350
v 0.31450 -0.30300 -0.43350
v -0.31450 -0.30300 -0.43350
v 0.35850 -0.30300 -0.39750
v -0.35850 -0.30300 -0.39750
v 0.39850 -0.30300 -0.35850
v -0.39850 -0.30300 -0.35850
v 0.43350 -0.30300 -0.31450
v -0.43350 -0.30300 -0.31450
v 0.46450 -0.30300 -0.26750
v -0.46350 -0.30300 -0.26750
v 0.48950 -0.30300 -0.21750
v -0.48950 -0.30300 -0.21750
v 0.50950 -0.30300 -0.16550
v -0.50950 -0.30300 -0.16550
v 0.52450 -0.30300 -0.11150
v -0.52350 -0.30300 -0.11150
v 0.53250 -0.30300 -0.05550
v 0.53250 -0.30300 0.05650
v 0.52450 -0.30300 0.11150
v -0.52350 -0.30300 0.11150
v 0.50950 -0.30300 0.16550
v -0.50950 -0.30300 0.16550
v 0.48950 -0.30300 0.21850
v -0.48950 -0.30300 0.21850
v 0.46450 -0.30300 0.26850
v -0.46350 -0.30300 0.26850
v 0.43350 -0.30300 0.31550
v -0.43350 -0.30300 0.31550
v 0.39850 -0.30300 0.35850
v -0.39850 -0.30300 0.35850
v 0.35850 -0.30300 0.39850
v -0.35850 -0.30300 0.39850
v 0.31450 -0.30300 0.43350
v -0.31450 -0.30300 0.43350
v 0.26750 -0.30300 0.46450
v -0.26750 -0.30300 0.46450
v -0.21750 -0.30300 0.48950
v 0.16550 -0.30300 0.50950
v -0.16550 -0.30300 0.50950
v 0.11150 -0.30300 0.52450
v -0.11150 -0.30300 0.52450
v 0.05650 -0.30300 0.53350
v -0.05550 -0.30300 0.53350
v 0.00050 -0.30300 0.53550
v -0.61350 -0.30400 0.16850
v 0.00050 -0.30500 -0.53250
v 0.05550 -0.30500 -0.52950
v -0.05550 -0.30500 -0.52950
v 0.11050 -0.30500 -0.52150
v -0.11050 -0.30500 -0.52150
v 0.00050 -0.30500 -0.51750
v 0.05450 -0.30500 -0.51450
v -0.05450 -0.30500 -0.51450
v 0.16450 -0.30500 -0.50650
v 0.10750 -0.30500 -0.50650
v -0.10750 -0.30500 -0.50650
v -0.16450 -0.30500 -0.50650
v 0.16050 -0.30500 -0.49250
v -0.15950 -0.30500 -0.49250
v 0.21650 -0.30500 -0.48650
v -0.21650 -0.30500 -0.48650
v 0.21050 -0.30500 -0.47250
v -0.21050 -0.30500 -0.47250
v 0.26650 -0.30500 -0.46150
v -0.26650 -0.30500 -0.46150
v 0.25850 -0.30500 -0.44850
v -0.25850 -0.30500 -0.44850
v 0.31350 -0.30500 -0.43150
v -0.31350 -0.30500 -0.43150
v 0.30450 -0.30500 -0.41850
v -0.30450 -0.30500 -0.41850
v 0.35650 -0.30500 -0.39550
v -0.35650 -0.30500 -0.39550
v 0.34650 -0.30500 -0.38450
v -0.34650 -0.30500 -0.38450
v 0.39650 -0.30500 -0.35650
v -0.39650 -0.30500 -0.35650
v 0.38450 -0.30500 -0.34650
v -0.38450 -0.30500 -0.34650
v 0.43150 -0.30500 -0.31350
v -0.43150 -0.30500 -0.31350
v 0.41950 -0.30500 -0.30450
v -0.41850 -0.30500 -0.30450
v 0.46150 -0.30500 -0.26650
v -0.46150 -0.30500 -0.26650
v 0.44850 -0.30500 -0.25850
v -0.44850 -0.30500 -0.25850
v 0.48750 -0.30500 -0.21650
v -0.48650 -0.30500 -0.21650
v 0.47350 -0.30500 -0.21050
v -0.47250 -0.30500 -0.21050
v 0.50750 -0.30500 -0.16450
v -0.50650 -0.30500 -0.16450
v 0.49250 -0.30500 -0.15950
v -0.49250 -0.30500 -0.15950
v 0.52150 -0.30500 -0.11050
v -0.52150 -0.30500 -0.11050
v 0.50650 -0.30500 -0.10750
v -0.50650 -0.30500 -0.10750
v 0.53050 -0.30500 -0.05550
v -0.53050 -0.30500 -0.05550
v 0.51550 -0.30500 -0.05350
v -0.51450 -0.30500 -0.05350
v 0.53350 -0.30500 0.00050
v 0.51750 -0.30500 0.00050
v -0.51750 -0.30500 0.00050
v -0.53250 -0.30500 0.00050
v 0.51550 -0.30500 0.05450
v -0.51450 -0.30500 0.05450
v 0.53050 -0.30500 0.05550
v -0.53050 -0.30500 0.05550
v 0.50650 -0.30500 0.10750
v -0.50650 -0.30500 0.10750
v 0.52150 -0.30500 0.11150
v -0.52150 -0.30500 0.11150
v 0.49250 -0.30500 0.16050
v -0.49250 -0.30500 0.16050
v 0.50750 -0.30500 0.16450
v -0.50650 -0.30500 0.16450
v 0.47350 -0.30500 0.21050
v -0.47250 -0.30500 0.21050
v 0.48750 -0.30500 0.21750
v -0.48650 -0.30500 0.21750
v 0.44850 -0.30500 0.25950
v -0.44850 -0.30500 0.25950
v 0.46150 -0.30500 0.26650
v -0.46150 -0.30500 0.26650
v 0.41950 -0.30500 0.30450
v -0.41850 -0.30500 0.30450
v 0.43150 -0.30500 0.31350
v -0.43150 -0.30500 0.31350
v 0.38450 -0.30500 0.34650
v -0.38450 -0.30500 0.34650
v 0.39650 -0.30500 0.35650
v -0.39650 -0.30500 0.35650
v 0.34650 -0.30500 0.38550
v -0.34650 -0.30500 0.38550
v 0.35650 -0.30500 0.39650
v -0.35650 -0.30500 0.39650
v 0.30450 -0.30500 0.41950
v -0.30450 -0.30500 0.41950
v 0.31350 -0.30500 0.43150
v -0.31350 -0.30500 0.43150
v 0.25850 -0.30500 0.44850
v -0.25850 -0.30500 0.44850
v 0.26650 -0.30500 0.46150
v -0.26650 -0.30500 0.46150
v 0.21050 -0.30500 0.47350
v -0.21050 -0.30500 0.47350
v 0.21650 -0.30500 0.48750
v -0.21650 -0.30500 0.48750
v 0.16050 -0.30500 0.49250
v -0.15950 -0.30500 0.49250
v 0.10750 -0.30500 0.50650
v -0.10750 -0.30500 0.50650
v 0.16450 -0.30500 0.50750
v -0.16450 -0.30500 0.50750
v 0.05450 -0.30500 0.51550
v -0.05450 -0.30500 0.51550
v 0.00050 -0.30500 0.51850
v 0.11050 -0.30500 0.52150
v -0.11050 -0.30500 0.52150
v 0.05550 -0.30500 0.53050
v -0.05550 -0.30500 0.53050
v 0.00050 -0.30500 0.53350
v -0.59350 -0.30600 0.23650
v -0.50150 -0.30600 0.42550
v 0.00050 -0.30700 -0.51550
v 0.05350 -0.30700 -0.51250
v -0.05350 -0.30700 -0.51250
v 0.10750 -0.30700 -0.50350
v -0.10750 -0.30700 -0.50350
v 0.15950 -0.30700 -0.48950
v -0.15950 -0.30700 -0.48950
v 0.20950 -0.30700 -0.47050
v -0.20950 -0.30700 -0.47050
v 0.25750 -0.30700 -0.44550
v -0.25750 -0.30700 -0.44550
v 0.30250 -0.30700 -0.41650
v -0.30250 -0.30700 -0.41650
v 0.34450 -0.30700 -0.38250
v -0.34450 -0.30700 -0.38250
v 0.38250 -0.30700 -0.34450
v -0.38250 -0.30700 -0.34450
v 0.41650 -0.30700 -0.30250
v -0.41650 -0.30700 -0.30250
v 0.44650 -0.30700 -0.25750
v -0.44650 -0.30700 -0.25750
v 0.47050 -0.30700 -0.20950
v -0.47050 -0.30700 -0.20950
v 0.49050 -0.30700 -0.15850
v -0.48950 -0.30700 -0.15850
v 0.50450 -0.30700 -0.10650
v -0.50350 -0.30700 -0.10650
v 0.51250 -0.30700 -0.05350
v -0.51250 -0.30700 -0.05350
v -0.61550 -0.30700 -0.04750
v 0.51550 -0.30700 0.00050
v -0.51550 -0.30700 0.00050
v 0.51250 -0.30700 0.05450
v -0.51250 -0.30700 0.05450
v 0.50450 -0.30700 0.10750
v -0.50350 -0.30700 0.10750
v 0.49050 -0.30700 0.15950
v -0.48950 -0.30700 0.15950
v 0.47050 -0.30700 0.20950
v -0.47050 -0.30700 0.20950
v 0.44650 -0.30700 0.25750
v -0.44650 -0.30700 0.25750
v 0.41650 -0.30700 0.30350
v -0.41650 -0.30700 0.30350
v 0.38250 -0.30700 0.34550
v -0.38250 -0.30700 0.34550
v 0.34450 -0.30700 0.38350
v -0.34450 -0.30700 0.38350
v 0.30250 -0.30700 0.41750
v -0.30250 -0.30700 0.41750
v 0.25750 -0.30700 0.44650
v -0.25750 -0.30700 0.44650
v 0.20950 -0.30700 0.47050
v -0.20950 -0.30700 0.47050
v 0.15950 -0.30700 0.49050
v -0.15950 -0.30700 0.49050
v 0.10750 -0.30700 0.50450
v -0.10750 -0.30700 0.50450
v 0.05350 -0.30700 0.51250
v -0.05350 -0.30700 0.51250
v 0.00050 -0.30700 0.51550
v 0.00650 -0.30900 -0.54650
v -0.00250 -0.30900 -0.54650
v 0.03350 -0.30900 -0.54550
v 0.03150 -0.30900 -0.54550
v -0.02650 -0.30900 -0.54550
v -0.02850 -0.30900 -0.54550
v 0.05750 -0.30900 -0.54350
v -0.05350 -0.30900 -0.54350
v 0.06650 -0.30900 -0.54250
v -0.06250 -0.30900 -0.54250
v -0.08650 -0.30900 -0.53950
v -0.08850 -0.30900 -0.53950
v 0.09350 -0.30900 -0.53850
v 0.09150 -0.30900 -0.53850
v -0.11250 -0.30900 -0.53450
v 0.11750 -0.30900 -0.53350
v -0.12150 -0.30900 -0.53250
v 0.12650 -0.30900 -0.53150
v -0.14450 -0.30900 -0.52650
v -0.14750 -0.30900 -0.52650
v 0.14950 -0.30900 -0.52550
v 0.15150 -0.30900 -0.52450
v -0.17050 -0.30900 -0.51850
v 0.17550 -0.30900 -0.51750
v -0.17950 -0.30900 -0.51650
v 0.18350 -0.30900 -0.51450
v 0.00650 -0.30900 -0.51150
v -0.00150 -0.30900 -0.51150
v -0.04950 -0.30900 -0.50950
v 0.05450 -0.30900 -0.50850
v -0.05850 -0.30900 -0.50850
v 0.06250 -0.30900 -0.50750
v -0.20150 -0.30900 -0.50750
v -0.20350 -0.30900 -0.50650
v 0.20650 -0.30900 -0.50550
v 0.20850 -0.30900 -0.50450
v -0.10550 -0.30900 -0.50050
v 0.10950 -0.30900 -0.49950
v -0.11350 -0.30900 -0.49850
v 0.11850 -0.30900 -0.49750
v -0.22650 -0.30900 -0.49750
v 0.23050 -0.30900 -0.49550
v -0.23450 -0.30900 -0.49350
v 0.23950 -0.30900 -0.49150
v -0.15950 -0.30900 -0.48550
v 0.16350 -0.30900 -0.48450
v -0.16750 -0.30900 -0.48350
v -0.25650 -0.30900 -0.48250
v 0.17150 -0.30900 -0.48150
v -0.25850 -0.30900 -0.48150
v 0.26050 -0.30900 -0.48050
v 0.26250 -0.30900 -0.47850
v -0.27950 -0.30900 -0.46950
v 0.28350 -0.30900 -0.46650
v -0.21250 -0.30900 -0.46550
v -0.28750 -0.30900 -0.46450
v 0.21650 -0.30900 -0.46350
v 0.29150 -0.30900 -0.46250
v -0.21950 -0.30900 -0.46150
v 0.22350 -0.30900 -0.45950
v -0.30750 -0.30900 -0.45150
v -0.30950 -0.30900 -0.44950
v 0.31150 -0.30900 -0.44850
v 0.31350 -0.30900 -0.44750
v -0.26150 -0.30900 -0.43950
v 0.26550 -0.30900 -0.43750
v -0.32950 -0.30900 -0.43550
v -0.26950 -0.30900 -0.43450
v 0.33350 -0.30900 -0.43250
v 0.27350 -0.30900 -0.43250
v -0.33650 -0.30900 -0.43050
v 0.34050 -0.30900 -0.42750
v -0.35550 -0.30900 -0.41450
v -0.35750 -0.30900 -0.41350
v 0.35950 -0.30900 -0.41150
v 0.36050 -0.30900 -0.41050
v -0.30850 -0.30900 -0.40750
v 0.31250 -0.30900 -0.40550
v -0.31550 -0.30900 -0.40250
v 0.31850 -0.30900 -0.40050
v -0.37550 -0.30900 -0.39650
v 0.37850 -0.30900 -0.39350
v -0.38150 -0.30900 -0.39050
v 0.38550 -0.30900 -0.38750
v -0.39850 -0.30900 -0.37350
v -0.35150 -0.30900 -0.37150
v -0.40050 -0.30900 -0.37150
v 0.40250 -0.30900 -0.36950
v 0.40350 -0.30900 -0.36850
v 0.35450 -0.30900 -0.36850
v -0.35750 -0.30900 -0.36550
v 0.36050 -0.30900 -0.36250
v -0.41650 -0.30900 -0.35350
v 0.41950 -0.30900 -0.34950
v -0.42250 -0.30900 -0.34650
v 0.42550 -0.30900 -0.34250
v -0.39050 -0.30900 -0.33050
v 0.39350 -0.30900 -0.32750
v -0.43750 -0.30900 -0.32750
v -0.43850 -0.30900 -0.32550
v -0.39550 -0.30900 -0.32450
v 0.44050 -0.30900 -0.32350
v 0.44150 -0.30900 -0.32150
v 0.39850 -0.30900 -0.32050
v -0.45250 -0.30900 -0.30550
v 0.45550 -0.30900 -0.30150
v -0.45750 -0.30900 -0.29750
v 0.46050 -0.30900 -0.29350
v -0.42450 -0.30900 -0.28550
v 0.42650 -0.30900 -0.28250
v -0.42850 -0.30900 -0.27850
v -0.47050 -0.30900 -0.27750
v 0.43150 -0.30900 -0.27550
v -0.47150 -0.30900 -0.27550
v 0.47350 -0.30900 -0.27250
v 0.47450 -0.30900 -0.27150
v -0.48350 -0.30900 -0.25350
v 0.48650 -0.30900 -0.24950
v -0.48750 -0.30900 -0.24550
v 0.49050 -0.30900 -0.24150
v -0.45350 -0.30900 -0.23750
v 0.45550 -0.30900 -0.23350
v -0.45650 -0.30900 -0.23050
v 0.45950 -0.30900 -0.22650
v -0.49850 -0.30900 -0.22350
v -0.49950 -0.30900 -0.22150
v 0.50050 -0.30900 -0.21950
v 0.50150 -0.30900 -0.21750
v -0.50850 -0.30900 -0.19950
v 0.51050 -0.30900 -0.19450
v -0.51150 -0.30900 -0.19050
v -0.47650 -0.30900 -0.18650
v 0.47850 -0.30900 -0.18250
v 0.51550 -0.30900 -0.18150
v -0.47950 -0.30900 -0.17850
v 0.48250 -0.30900 -0.17050
v -0.51950 -0.30900 -0.16750
v -0.52050 -0.30900 -0.16550
v 0.52250 -0.30900 -0.15850
v 0.52350 -0.30900 -0.15650
v -0.52750 -0.30900 -0.14250
v -0.52950 -0.30900 -0.13350
v 0.53050 -0.30900 -0.13250
v -0.49450 -0.30900 -0.13250
v 0.53250 -0.30900 -0.12450
v 0.49650 -0.30900 -0.12450
v -0.49650 -0.30900 -0.12450
v 0.49850 -0.30900 -0.11650
v -0.53550 -0.30900 -0.10950
v -0.53550 -0.30900 -0.10750
v 0.53750 -0.30900 -0.10050
v 0.53750 -0.30900 -0.09750
v -0.53950 -0.30900 -0.08350
v -0.50550 -0.30900 -0.07750
v -0.54150 -0.30900 -0.07450
v 0.54150 -0.30900 -0.07350
v 0.50750 -0.30900 -0.06950
v -0.50650 -0.30900 -0.06950
v 0.54250 -0.30900 -0.06450
v 0.50850 -0.30900 -0.06050
v -0.54450 -0.30900 -0.05050
v -0.54450 -0.30900 -0.04750
v 0.54550 -0.30900 -0.04050
v 0.54550 -0.30900 -0.03850
v -0.54550 -0.30900 -0.02350
v -0.51150 -0.30900 -0.02150
v 0.54650 -0.30900 -0.01350
v 0.51150 -0.30900 -0.01350
v -0.51150 -0.30900 -0.01150
v -0.54650 -0.30900 -0.01150
v 0.54650 -0.30900 -0.00450
v 0.51150 -0.30900 -0.00450
v -0.54650 -0.30900 0.01250
v -0.54650 -0.30900 0.01450
v 0.54650 -0.30900 0.01950
v 0.54650 -0.30900 0.02150
v -0.51050 -0.30900 0.03650
v -0.54550 -0.30900 0.03950
v 0.51050 -0.30900 0.04350
v -0.50950 -0.30900 0.04550
v 0.54450 -0.30900 0.04650
v -0.54450 -0.30900 0.04850
v 0.50950 -0.30900 0.05150
v 0.54350 -0.30900 0.05550
v -0.54150 -0.30900 0.07250
v -0.54150 -0.30900 0.07450
v 0.54050 -0.30900 0.07950
v 0.54050 -0.30900 0.08150
v -0.50350 -0.30900 0.09250
v 0.50250 -0.30900 0.09850
v -0.53750 -0.30900 0.09850
v -0.50150 -0.30900 0.10050
v 0.53650 -0.30900 0.10550
v 0.50050 -0.30900 0.10750
v -0.53550 -0.30900 0.10750
v 0.53450 -0.30900 0.11450
v -0.53050 -0.30900 0.13150
v -0.52950 -0.30900 0.13350
v 0.52850 -0.30900 0.13850
v 0.52850 -0.30900 0.14050
v -0.49050 -0.30900 0.14750
v 0.48850 -0.30900 0.15350
v -0.48750 -0.30900 0.15550
v -0.52350 -0.30900 0.15750
v 0.48550 -0.30900 0.16150
v 0.52150 -0.30900 0.16350
v -0.52050 -0.30900 0.16550
v 0.51850 -0.30900 0.17250
v -0.51250 -0.30900 0.18850
v -0.51250 -0.30900 0.19050
v 0.51050 -0.30900 0.19550
v 0.50950 -0.30900 0.19750
v -0.47150 -0.30900 0.20050
v 0.46850 -0.30900 0.20650
v -0.46750 -0.30900 0.20750
v 0.46550 -0.30900 0.21350
v -0.50350 -0.30900 0.21350
v 0.50050 -0.30900 0.22050
v -0.49950 -0.30900 0.22150
v 0.49650 -0.30900 0.22850
v -0.48950 -0.30900 0.24350
v -0.48850 -0.30900 0.24550
v 0.48550 -0.30900 0.25050
v -0.44650 -0.30900 0.25050
v 0.48450 -0.30900 0.25250
v 0.44350 -0.30900 0.25650
v -0.44250 -0.30900 0.25750
v 0.43850 -0.30900 0.26350
v -0.47650 -0.30900 0.26750
v 0.47350 -0.30900 0.27350
v -0.47250 -0.30900 0.27550
v 0.46850 -0.30900 0.28150
v -0.45950 -0.30900 0.29650
v -0.41650 -0.30900 0.29850
v -0.45850 -0.30900 0.29850
v 0.45550 -0.30900 0.30250
v 0.45450 -0.30900 0.30350
v 0.41250 -0.30900 0.30350
v -0.41150 -0.30900 0.30450
v 0.40750 -0.30900 0.31050
v -0.44450 -0.30900 0.31850
v 0.44050 -0.30900 0.32350
v -0.43950 -0.30900 0.32550
v 0.43450 -0.30900 0.33150
v -0.38050 -0.30900 0.34150
v -0.42450 -0.30900 0.34450
v 0.37650 -0.30900 0.34650
v -0.42250 -0.30900 0.34650
v -0.37550 -0.30900 0.34850
v 0.41950 -0.30900 0.35050
v 0.41850 -0.30900 0.35150
v 0.37050 -0.30900 0.35250
v -0.40650 -0.30900 0.36550
v 0.40250 -0.30900 0.37050
v -0.40050 -0.30900 0.37150
v 0.39550 -0.30900 0.37650
v -0.34150 -0.30900 0.38150
v 0.33650 -0.30900 0.38650
v -0.33450 -0.30900 0.38750
v -0.38350 -0.30900 0.38950
v -0.38250 -0.30900 0.39050
v 0.32950 -0.30900 0.39150
v 0.37850 -0.30900 0.39450
v 0.37750 -0.30900 0.39550
v -0.36450 -0.30900 0.40750
v 0.35950 -0.30900 0.41250
v -0.35750 -0.30900 0.41350
v -0.29750 -0.30900 0.41650
v 0.35250 -0.30900 0.41850
v 0.29150 -0.30900 0.42050
v -0.29050 -0.30900 0.42150
v 0.28450 -0.30900 0.42550
v -0.33850 -0.30900 0.42950
v -0.33650 -0.30900 0.43050
v 0.33350 -0.30900 0.43350
v 0.33150 -0.30900 0.43450
v -0.31750 -0.30900 0.44550
v -0.24950 -0.30900 0.44650
v 0.31150 -0.30900 0.44950
v 0.24350 -0.30900 0.45050
v -0.24250 -0.30900 0.45050
v -0.30950 -0.30900 0.45050
v 0.30450 -0.30900 0.45450
v 0.23650 -0.30900 0.45450
v -0.28950 -0.30900 0.46350
v -0.28750 -0.30900 0.46450
v 0.28350 -0.30900 0.46750
v 0.28150 -0.30900 0.46850
v -0.19950 -0.30900 0.47150
v 0.19350 -0.30900 0.47450
v -0.19150 -0.30900 0.47450
v 0.18550 -0.30900 0.47750
v -0.26650 -0.30900 0.47750
v 0.26050 -0.30900 0.48050
v -0.25850 -0.30900 0.48150
v 0.25250 -0.30900 0.48450
v -0.14650 -0.30900 0.49050
v 0.13950 -0.30900 0.49250
v -0.23650 -0.30900 0.49250
v -0.13750 -0.30900 0.49350
v -0.23450 -0.30900 0.49350
v 0.13150 -0.30900 0.49450
v 0.23050 -0.30900 0.49550
v 0.22850 -0.30900 0.49650
v -0.09150 -0.30900 0.50350
v -0.21250 -0.30900 0.50350
v 0.08550 -0.30900 0.50450
v -0.08350 -0.30900 0.50550
v 0.20650 -0.30900 0.50650
v 0.07650 -0.30900 0.50650
v -0.20450 -0.30900 0.50750
v 0.19750 -0.30900 0.50950
v -0.03550 -0.30900 0.51050
v 0.02950 -0.30900 0.51150
v 0.02050 -0.30900 0.51150
v -0.02750 -0.30900 0.51150
v -0.18150 -0.30900 0.51550
v -0.17950 -0.30900 0.51650
v 0.17450 -0.30900 0.51850
v 0.17250 -0.30900 0.51850
v -0.15650 -0.30900 0.52350
v 0.14950 -0.30900 0.52550
v -0.14750 -0.30900 0.52650
v 0.14050 -0.30900 0.52850
v -0.12350 -0.30900 0.53250
v -0.12150 -0.30900 0.53350
v 0.11650 -0.30900 0.53450
v 0.11450 -0.30900 0.53450
v -0.09750 -0.30900 0.53750
v 0.09050 -0.30900 0.53950
v -0.08850 -0.30900 0.53950
v 0.08150 -0.30900 0.54050
v -0.06450 -0.30900 0.54250
v 0.05750 -0.30900 0.54350
v 0.05550 -0.30900 0.54350
v -0.06250 -0.30900 0.54350
v 0.03150 -0.30900 0.54550
v -0.02850 -0.30900 0.54550
v -0.03750 -0.30900 0.54550
v 0.02250 -0.30900 0.54650
v -0.00250 -0.30900 0.54650
v -0.00450 -0.30900 0.54650
v -0.08850 -0.31000 -0.53950
v 0.14950 -0.31000 -0.52550
v -0.20350 -0.31000 -0.50650
v -0.30950 -0.31000 -0.44950
v 0.31150 -0.31000 -0.44850
v -0.35750 -0.31000 -0.41350
v 0.35950 -0.31000 -0.41150
v -0.40050 -0.31000 -0.37150
v 0.40250 -0.31000 -0.36950
v 0.44050 -0.31000 -0.32350
v 0.47350 -0.31000 -0.27250
v -0.49950 -0.31000 -0.22150
v -0.52050 -0.31000 -0.16550
v -0.53550 -0.31000 -0.10750
v 0.53750 -0.31000 -0.10050
v 0.59950 -0.31000 -0.06950
v 0.54550 -0.31000 -0.04050
v 0.54650 -0.31000 0.01950
v -0.54150 -0.31000 0.07450
v -0.62250 -0.31000 0.14350
v -0.51250 -0.31000 0.19050
v -0.48850 -0.31000 0.24550
v 0.48550 -0.31000 0.25050
v -0.45850 -0.31000 0.29850
v 0.45550 -0.31000 0.30250
v -0.42250 -0.31000 0.34650
v 0.41950 -0.31000 0.35050
v -0.38250 -0.31000 0.39050
v 0.37850 -0.31000 0.39450
v 0.33350 -0.31000 0.43350
v -0.28750 -0.31000 0.46450
v 0.28350 -0.31000 0.46750
v -0.23450 -0.31000 0.49350
v 0.23050 -0.31000 0.49550
v 0.17450 -0.31000 0.51850
v -0.12150 -0.31000 0.53350
v 0.05750 -0.31000 0.54350
v 0.03150 -0.31100 -0.54350
v -0.02650 -0.31100 -0.54350
v -0.02850 -0.31100 -0.54350
v 0.03350 -0.31100 -0.54250
v -0.08650 -0.31100 -0.53850
v -0.08550 -0.31100 -0.53750
v 0.09050 -0.31100 -0.53650
v -0.08850 -0.31100 -0.53650
v 0.09250 -0.31100 -0.53550
v -0.14450 -0.31100 -0.52450
v 0.14950 -0.31100 -0.52350
v -0.14650 -0.31100 -0.52350
v 0.15150 -0.31100 -0.52250
v -0.20150 -0.31100 -0.50550
v -0.20350 -0.31100 -0.50450
v 0.20850 -0.31100 -0.50350
v 0.20550 -0.31100 -0.50350
v 0.20750 -0.31100 -0.50250
v -0.25550 -0.31100 -0.48150
v -0.25550 -0.31100 -0.48050
v -0.25750 -0.31100 -0.47950
v 0.25950 -0.31100 -0.47850
v 0.26250 -0.31100 -0.47750
v 0.26150 -0.31100 -0.47650
v -0.30750 -0.31100 -0.45050
v -0.30650 -0.31100 -0.44950
v -0.30850 -0.31100 -0.44850
v 0.31350 -0.31100 -0.44650
v 0.31050 -0.31100 -0.44650
v 0.31250 -0.31100 -0.44550
v -0.35450 -0.31100 -0.41350
v -0.35450 -0.31100 -0.41250
v -0.35550 -0.31100 -0.41150
v 0.36050 -0.31100 -0.40950
v 0.35750 -0.31100 -0.40950
v 0.35950 -0.31100 -0.40850
v -0.39850 -0.31100 -0.37250
v -0.39750 -0.31100 -0.37150
v -0.39850 -0.31100 -0.36950
v 0.40050 -0.31100 -0.36850
v 0.40250 -0.31100 -0.36750
v 0.40250 -0.31100 -0.36650
v -0.43550 -0.31100 -0.32550
v -0.43750 -0.31100 -0.32350
v 0.43850 -0.31100 -0.32150
v 0.44050 -0.31100 -0.32050
v 0.43950 -0.31100 -0.32050
v -0.46850 -0.31100 -0.27550
v -0.46950 -0.31100 -0.27350
v 0.47150 -0.31100 -0.27150
v 0.47250 -0.31100 -0.26950
v -0.49750 -0.31100 -0.22350
v -0.49650 -0.31100 -0.22250
v -0.49750 -0.31100 -0.22050
v 0.49850 -0.31100 -0.21850
v 0.50050 -0.31100 -0.21650
v 0.49950 -0.31100 -0.21650
v -0.51850 -0.31100 -0.16750
v -0.51750 -0.31100 -0.16650
v -0.51850 -0.31100 -0.16450
v 0.52050 -0.31100 -0.15750
v 0.52250 -0.31100 -0.15650
v 0.52150 -0.31100 -0.15550
v -0.53450 -0.31100 -0.10950
v -0.53350 -0.31100 -0.10850
v -0.53350 -0.31100 -0.10650
v 0.53550 -0.31100 -0.09950
v 0.53550 -0.31100 -0.09750
v -0.54150 -0.31100 -0.04950
v -0.54250 -0.31100 -0.04750
v 0.54250 -0.31100 -0.04050
v 0.54250 -0.31100 -0.03850
v -0.59850 -0.31100 -0.00550
v -0.54350 -0.31100 0.01250
v -0.54350 -0.31100 0.01450
v 0.54350 -0.31100 0.01950
v 0.54350 -0.31100 0.02150
v -0.53950 -0.31100 0.07250
v -0.53950 -0.31100 0.07450
v 0.53850 -0.31100 0.07850
v 0.53850 -0.31100 0.08150
v -0.52850 -0.31100 0.13050
v -0.52950 -0.31100 0.13150
v -0.52750 -0.31100 0.13250
v 0.52650 -0.31100 0.13750
v 0.52650 -0.31100 0.13950
v 0.52750 -0.31100 0.14050
v -0.51050 -0.31100 0.18850
v -0.50950 -0.31100 0.19050
v -0.60850 -0.31100 0.19250
v 0.50850 -0.31100 0.19450
v 0.50750 -0.31100 0.19650
v 0.50850 -0.31100 0.19750
v -0.48650 -0.31100 0.24250
v -0.48750 -0.31100 0.24350
v -0.48650 -0.31100 0.24450
v 0.48350 -0.31100 0.24950
v 0.48350 -0.31100 0.25150
v 0.48250 -0.31100 0.25150
v -0.45750 -0.31100 0.29450
v -0.45650 -0.31100 0.29650
v 0.45350 -0.31100 0.30050
v 0.45250 -0.31100 0.30250
v 0.45350 -0.31100 0.30350
v -0.42250 -0.31100 0.34350
v -0.42350 -0.31100 0.34450
v -0.42050 -0.31100 0.34550
v 0.41750 -0.31100 0.34850
v 0.41650 -0.31100 0.35050
v 0.41750 -0.31100 0.35150
v -0.38250 -0.31100 0.38750
v -0.38250 -0.31100 0.38850
v -0.38050 -0.31100 0.38950
v 0.37750 -0.31100 0.39250
v 0.37650 -0.31100 0.39450
v 0.37550 -0.31100 0.39450
v -0.33750 -0.31100 0.42750
v -0.33550 -0.31100 0.42850
v -0.33750 -0.31100 0.42850
v 0.33150 -0.31100 0.43150
v 0.33050 -0.31100 0.43250
v 0.33050 -0.31100 0.43350
v -0.28850 -0.31100 0.46150
v -0.28650 -0.31100 0.46250
v -0.28850 -0.31100 0.46250
v 0.28250 -0.31100 0.46550
v 0.28050 -0.31100 0.46650
v 0.28150 -0.31100 0.46750
v -0.23550 -0.31100 0.49050
v -0.23350 -0.31100 0.49150
v -0.23650 -0.31100 0.49150
v 0.22950 -0.31100 0.49350
v 0.22750 -0.31100 0.49450
v 0.22850 -0.31100 0.49550
v -0.18050 -0.31100 0.51350
v -0.17850 -0.31100 0.51450
v -0.18050 -0.31100 0.51450
v 0.17450 -0.31100 0.51550
v 0.17250 -0.31100 0.51650
v -0.12150 -0.31100 0.53050
v -0.12350 -0.31100 0.53050
v 0.11650 -0.31100 0.53150
v 0.11450 -0.31100 0.53250
v -0.06250 -0.31100 0.54050
v -0.06450 -0.31100 0.54050
v 0.05750 -0.31100 0.54150
v 0.05550 -0.31100 0.54150
v -0.00250 -0.31100 0.54450
v -0.00450 -0.31100 0.54450
v -0.58650 -0.31200 0.26150
v 0.43550 -0.31200 0.43550
v 0.00050 -0.31300 -0.51550
v 0.05350 -0.31300 -0.51250
v -0.05350 -0.31300 -0.51250
v 0.10750 -0.31300 -0.50350
v -0.10750 -0.31300 -0.50350
v 0.15950 -0.31300 -0.48950
v -0.15950 -0.31300 -0.48950
v 0.20950 -0.31300 -0.47050
v -0.20950 -0.31300 -0.47050
v 0.25750 -0.31300 -0.44550
v -0.25750 -0.31300 -0.44550
v 0.30250 -0.31300 -0.41650
v -0.30250 -0.31300 -0.41650
v 0.34450 -0.31300 -0.38250
v -0.34450 -0.31300 -0.38250
v 0.38250 -0.31300 -0.34450
v -0.38250 -0.31300 -0.34450
v 0.41650 -0.31300 -0.30250
v -0.41650 -0.31300 -0.30250
v 0.44650 -0.31300 -0.25750
v -0.44650 -0.31300 -0.25750
v 0.47050 -0.31300 -0.20950
v -0.47050 -0.31300 -0.20950
v 0.49050 -0.31300 -0.15850
v -0.48950 -0.31300 -0.15850
v 0.55850 -0.31300 -0.14550
v 0.50450 -0.31300 -0.10650
v -0.50350 -0.31300 -0.10650
v 0.51250 -0.31300 -0.05350
v -0.51250 -0.31300 -0.05350
v 0.51550 -0.31300 0.00050
v -0.51550 -0.31300 0.00050
v 0.51250 -0.31300 0.05450
v -0.51250 -0.31300 0.05450
v 0.50450 -0.31300 0.10750
v -0.50350 -0.31300 0.10750
v 0.49050 -0.31300 0.15950
v -0.48950 -0.31300 0.15950
v 0.47050 -0.31300 0.20950
v -0.47050 -0.31300 0.20950
v 0.44650 -0.31300 0.25750
v -0.44650 -0.31300 0.25750
v 0.41650 -0.31300 0.30350
v -0.41650 -0.31300 0.30350
v 0.38250 -0.31300 0.34550
v -0.38250 -0.31300 0.34550
v 0.34450 -0.31300 0.38350
v -0.34450 -0.31300 0.38350
v 0.30250 -0.31300 0.41750
v -0.30250 -0.31300 0.41750
v 0.25750 -0.31300 0.44650
v -0.25750 -0.31300 0.44650
v 0.20950 -0.31300 0.47050
v -0.20950 -0.31300 0.47050
v 0.15950 -0.31300 0.49050
v -0.15950 -0.31300 0.49050
v 0.10750 -0.31300 0.50450
v -0.10750 -0.31300 0.50450
v 0.05350 -0.31300 0.51250
v -0.05350 -0.31300 0.51250
v 0.00050 -0.31300 0.51550
v 0.55750 -0.31400 -0.13550
v -0.60450 -0.31400 -0.00450
v -0.46250 -0.31400 0.43050
v 0.57150 -0.31500 -0.08550
v 0.57750 -0.31500 -0.06050
v -0.60350 -0.31500 -0.00450
v 0.59750 -0.31600 0.02550
v -0.56350 -0.31600 0.29850
v -0.59750 -0.31700 0.01950
v 0.55750 -0.31800 -0.13550
v 0.55650 -0.31800 -0.08650
v 0.00050 -0.31900 -0.49850
v 0.05250 -0.31900 -0.49550
v -0.05250 -0.31900 -0.49550
v 0.10350 -0.31900 -0.48750
v -0.10350 -0.31900 -0.48750
v 0.15450 -0.31900 -0.47450
v -0.15450 -0.31900 -0.47450
v 0.20250 -0.31900 -0.45550
v -0.20250 -0.31900 -0.45550
v 0.24950 -0.31900 -0.43150
v -0.24950 -0.31900 -0.43150
v 0.29350 -0.31900 -0.40350
v -0.29350 -0.31900 -0.40350
v 0.33350 -0.31900 -0.37050
v -0.33350 -0.31900 -0.37050
v 0.37050 -0.31900 -0.33350
v -0.37050 -0.31900 -0.33350
v 0.40350 -0.31900 -0.29250
v -0.40350 -0.31900 -0.29250
v 0.43250 -0.31900 -0.24950
v -0.43150 -0.31900 -0.24950
v 0.45550 -0.31900 -0.20250
v -0.45550 -0.31900 -0.20250
v 0.47450 -0.31900 -0.15350
v -0.47450 -0.31900 -0.15350
v 0.48850 -0.31900 -0.10350
v -0.48750 -0.31900 -0.10350
v 0.55650 -0.31900 -0.08650
v -0.60850 -0.31900 -0.07750
v 0.49650 -0.31900 -0.05150
v -0.49650 -0.31900 -0.05150
v 0.49850 -0.31900 0.00050
v -0.49850 -0.31900 0.00050
v 0.49650 -0.31900 0.05250
v -0.49650 -0.31900 0.05250
v 0.58250 -0.31900 0.10050
v 0.48850 -0.31900 0.10350
v -0.48750 -0.31900 0.10350
v 0.47450 -0.31900 0.15450
v -0.47450 -0.31900 0.15450
v 0.45550 -0.31900 0.20350
v -0.45550 -0.31900 0.20350
v 0.43250 -0.31900 0.24950
v -0.43150 -0.31900 0.24950
v 0.40350 -0.31900 0.29350
v -0.40350 -0.31900 0.29350
v 0.37050 -0.31900 0.33450
v -0.37050 -0.31900 0.33450
v 0.33350 -0.31900 0.37050
v -0.33350 -0.31900 0.37050
v 0.29350 -0.31900 0.40350
v -0.29350 -0.31900 0.40350
v 0.24950 -0.31900 0.43250
v -0.24950 -0.31900 0.43250
v 0.20250 -0.31900 0.45550
v -0.20250 -0.31900 0.45550
v 0.15450 -0.31900 0.47450
v -0.15450 -0.31900 0.47450
v 0.10350 -0.31900 0.48850
v -0.10350 -0.31900 0.48850
v 0.05250 -0.31900 0.49650
v -0.05250 -0.31900 0.49650
v 0.00050 -0.31900 0.49950
v 0.00050 -0.32000 -0.50150
v 0.05250 -0.32000 -0.49850
v -0.05250 -0.32000 -0.49850
v 0.10450 -0.32000 -0.49050
v -0.10450 -0.32000 -0.49050
v 0.15550 -0.32000 -0.47750
v -0.15550 -0.32000 -0.47750
v 0.20450 -0.32000 -0.45850
v -0.20450 -0.32000 -0.45850
v 0.25150 -0.32000 -0.43450
v -0.25050 -0.32000 -0.43450
v 0.29550 -0.32000 -0.40550
v -0.29450 -0.32000 -0.40550
v 0.33550 -0.32000 -0.37250
v -0.33550 -0.32000 -0.37250
v 0.37350 -0.32000 -0.33550
v -0.37250 -0.32000 -0.33550
v 0.40650 -0.32000 -0.29450
v -0.40650 -0.32000 -0.29450
v 0.43450 -0.32000 -0.25050
v -0.43450 -0.32000 -0.25050
v 0.45850 -0.32000 -0.20350
v -0.45850 -0.32000 -0.20350
v 0.47750 -0.32000 -0.15450
v -0.47750 -0.32000 -0.15450
v 0.49150 -0.32000 -0.10450
v -0.49050 -0.32000 -0.10450
v 0.55650 -0.32000 -0.07050
v 0.49950 -0.32000 -0.05250
v -0.49950 -0.32000 -0.05250
v 0.50250 -0.32000 0.00050
v -0.50150 -0.32000 0.00050
v -0.58950 -0.32000 0.01750
v -0.59050 -0.32000 0.04250
v 0.49950 -0.32000 0.05250
v -0.49950 -0.32000 0.05250
v -0.58050 -0.32000 0.06550
v 0.49150 -0.32000 0.10450
v -0.49050 -0.32000 0.10450
v 0.47750 -0.32000 0.15550
v -0.47750 -0.32000 0.15550
v 0.45850 -0.32000 0.20450
v -0.45850 -0.32000 0.20450
v 0.43450 -0.32000 0.25150
v -0.43450 -0.32000 0.25150
v 0.40650 -0.32000 0.29550
v -0.40650 -0.32000 0.29550
v 0.37350 -0.32000 0.33650
v -0.37250 -0.32000 0.33650
v 0.33550 -0.32000 0.37350
v -0.33550 -0.32000 0.37350
v 0.29550 -0.32000 0.40650
v -0.29450 -0.32000 0.40650
v 0.25150 -0.32000 0.43450
v -0.25050 -0.32000 0.43450
v -0.40850 -0.32000 0.45250
v 0.20450 -0.32000 0.45850
v -0.20450 -0.32000 0.45850
v 0.15550 -0.32000 0.47750
v -0.15550 -0.32000 0.47750
v 0.10450 -0.32000 0.49150
v -0.10450 -0.32000 0.49150
v 0.05250 -0.32000 0.49950
v -0.05250 -0.32000 0.49950
v 0.00050 -0.32000 0.50250
v 0.55750 -0.32100 -0.08750
v 0.55650 -0.32100 -0.03850
v -0.59350 -0.32100 -0.00650
v -0.57950 -0.32100 0.06450
v 0.41850 -0.32100 0.43750
v -0.61050 -0.32200 -0.07750
v -0.58550 -0.32200 0.06650
v 0.56850 -0.32200 0.17650
v -0.42250 -0.32200 0.43650
v -0.60250 -0.32300 -0.02950
v -0.59850 -0.32300 -0.00550
v 0.55350 -0.32300 0.00250
v -0.57950 -0.32300 0.06450
v 0.54050 -0.32300 0.24750
v 0.32250 -0.32300 0.51050
v -0.32950 -0.32300 0.51050
v 0.24850 -0.32300 0.54150
v -0.25550 -0.32300 0.54150
v 0.17350 -0.32300 0.57350
v -0.18050 -0.32300 0.57350
v 0.55650 -0.32400 -0.03850
v -0.59750 -0.32400 -0.00550
v -0.58850 -0.32400 0.04150
v 0.41150 -0.32400 0.44750
v -0.41850 -0.32400 0.44750
v 0.36650 -0.32400 0.47950
v -0.37450 -0.32400 0.47950
v -0.58150 -0.32500 -0.05550
v -0.58050 -0.32500 -0.05450
v -0.58650 -0.32500 0.04150
v 0.55050 -0.32500 0.04250
v 0.58450 -0.32500 0.12350
v 0.51150 -0.32500 0.31850
v 0.46550 -0.32500 0.37750
v -0.57150 -0.32600 -0.01250
v 0.55350 -0.32600 0.00250
v 0.57450 -0.32600 0.16250
v -0.36750 -0.32600 0.44350
v -0.59050 -0.32700 -0.05350
v -0.58950 -0.32700 -0.05250
v 0.54250 -0.32700 0.08450
v -0.36950 -0.32700 0.43750
v 0.55050 -0.32800 0.04250
v 0.54250 -0.32800 0.08450
v 0.54050 -0.32800 0.09750
v 0.53550 -0.32800 0.12550
v -0.56650 -0.32900 0.01050
v -0.38150 -0.32900 0.42650
v 0.38750 -0.32900 0.44150
v 0.54350 -0.33000 0.08350
v 0.37450 -0.33000 0.42650
v 0.00050 -0.33100 -0.47650
v 0.04950 -0.33100 -0.47350
v -0.04950 -0.33100 -0.47350
v 0.09950 -0.33100 -0.46550
v -0.09950 -0.33100 -0.46550
v 0.14750 -0.33100 -0.45350
v -0.14750 -0.33100 -0.45350
v 0.19350 -0.33100 -0.43550
v -0.19350 -0.33100 -0.43550
v 0.23850 -0.33100 -0.41250
v -0.23850 -0.33100 -0.41250
v 0.28050 -0.33100 -0.38550
v -0.28050 -0.33100 -0.38550
v 0.31850 -0.33100 -0.35350
v -0.31850 -0.33100 -0.35350
v 0.35450 -0.33100 -0.31850
v -0.35450 -0.33100 -0.31850
v 0.38550 -0.33100 -0.27950
v -0.38550 -0.33100 -0.27950
v 0.41250 -0.33100 -0.23850
v -0.41250 -0.33100 -0.23850
v 0.43550 -0.33100 -0.19350
v -0.43550 -0.33100 -0.19350
v 0.45350 -0.33100 -0.14750
v -0.45350 -0.33100 -0.14750
v 0.46650 -0.33100 -0.09850
v -0.46650 -0.33100 -0.09850
v 0.47450 -0.33100 -0.04950
v -0.47350 -0.33100 -0.04950
v 0.47650 -0.33100 0.00050
v -0.47650 -0.33100 0.00050
v 0.47450 -0.33100 0.05050
v -0.47350 -0.33100 0.05050
v -0.55650 -0.33100 0.05750
v 0.46650 -0.33100 0.09950
v -0.46650 -0.33100 0.09950
v 0.45350 -0.33100 0.14750
v -0.45350 -0.33100 0.14750
v 0.43550 -0.33100 0.19450
v -0.43550 -0.33100 0.19450
v -0.50550 -0.33100 0.21250
v 0.41250 -0.33100 0.23850
v -0.41250 -0.33100 0.23850
v 0.38550 -0.33100 0.28050
v -0.38550 -0.33100 0.28050
v 0.35450 -0.33100 0.31950
v -0.35450 -0.33100 0.31950
v 0.31850 -0.33100 0.35450
v -0.31850 -0.33100 0.35450
v 0.28050 -0.33100 0.38550
v -0.28050 -0.33100 0.38550
v 0.23850 -0.33100 0.41250
v -0.23850 -0.33100 0.41250
v 0.39550 -0.33100 0.43350
v 0.19350 -0.33100 0.43550
v -0.19350 -0.33100 0.43550
v 0.14750 -0.33100 0.45350
v -0.14750 -0.33100 0.45350
v 0.09950 -0.33100 0.46650
v -0.09950 -0.33100 0.46650
v 0.04950 -0.33100 0.47450
v -0.04950 -0.33100 0.47450
v 0.00050 -0.33100 0.47650
v 0.00050 -0.33200 -0.47850
v 0.05050 -0.33200 -0.47650
v -0.04950 -0.33200 -0.47650
v 0.09950 -0.33200 -0.46850
v -0.09950 -0.33200 -0.46850
v 0.14850 -0.33200 -0.45550
v -0.14750 -0.33200 -0.45550
v 0.19450 -0.33200 -0.43750
v -0.19450 -0.33200 -0.43750
v 0.23950 -0.33200 -0.41450
v -0.23950 -0.33200 -0.41450
v 0.28150 -0.33200 -0.38750
v -0.28150 -0.33200 -0.38750
v 0.32050 -0.33200 -0.35550
v -0.32050 -0.33200 -0.35550
v 0.35650 -0.33200 -0.32050
v -0.35550 -0.33200 -0.32050
v 0.38750 -0.33200 -0.28150
v -0.38750 -0.33200 -0.28150
v 0.41450 -0.33200 -0.23950
v -0.41450 -0.33200 -0.23950
v 0.43750 -0.33200 -0.19450
v -0.43750 -0.33200 -0.19450
v 0.45550 -0.33200 -0.14750
v -0.45550 -0.33200 -0.14750
v 0.46850 -0.33200 -0.09950
v -0.46850 -0.33200 -0.09950
v 0.47650 -0.33200 -0.04950
v -0.47650 -0.33200 -0.04950
v 0.47950 -0.33200 0.00050
v -0.47850 -0.33200 0.00050
v 0.47650 -0.33200 0.05050
v -0.47650 -0.33200 0.05050
v 0.46850 -0.33200 0.09950
v -0.46850 -0.33200 0.09950
v 0.53550 -0.33200 0.12550
v 0.45550 -0.33200 0.14850
v -0.45550 -0.33200 0.14850
v 0.43750 -0.33200 0.19550
v -0.43750 -0.33200 0.19550
v 0.41450 -0.33200 0.23950
v -0.41450 -0.33200 0.23950
v -0.48050 -0.33200 0.26950
v 0.38750 -0.33200 0.28150
v -0.38750 -0.33200 0.28150
v 0.35650 -0.33200 0.32050
v -0.35550 -0.33200 0.32050
v 0.32050 -0.33200 0.35650
v -0.32050 -0.33200 0.35650
v 0.28150 -0.33200 0.38750
v -0.28150 -0.33200 0.38750
v 0.23950 -0.33200 0.41550
v -0.23950 -0.33200 0.41550
v 0.19450 -0.33200 0.43750
v -0.19450 -0.33200 0.43750
v 0.14850 -0.33200 0.45550
v -0.14750 -0.33200 0.45550
v 0.09950 -0.33200 0.46850
v -0.09950 -0.33200 0.46850
v 0.05050 -0.33200 0.47650
v -0.04950 -0.33200 0.47650
v 0.00050 -0.33200 0.47950
v -0.48850 -0.33300 0.25050
v 0.51450 -0.33400 0.20150
v -0.49750 -0.33400 0.23150
v 0.49250 -0.33400 0.24850
v -0.45950 -0.33400 0.30450
v 0.43250 -0.33500 0.34450
v 0.40250 -0.33500 0.37850
v 0.34250 -0.33500 0.42950
v 0.00050 -0.33600 -0.45450
v 0.04750 -0.33600 -0.45250
v -0.04750 -0.33600 -0.45250
v 0.09450 -0.33600 -0.44450
v -0.09450 -0.33600 -0.44450
v 0.14050 -0.33600 -0.43250
v -0.14050 -0.33600 -0.43250
v 0.18550 -0.33600 -0.41550
v -0.18550 -0.33600 -0.41550
v 0.22750 -0.33600 -0.39350
v -0.22750 -0.33600 -0.39350
v 0.26750 -0.33600 -0.36750
v -0.26750 -0.33600 -0.36750
v 0.30450 -0.33600 -0.33750
v -0.30450 -0.33600 -0.33750
v 0.33850 -0.33600 -0.30450
v -0.33850 -0.33600 -0.30450
v 0.36850 -0.33600 -0.26750
v -0.36850 -0.33600 -0.26750
v 0.39450 -0.33600 -0.22750
v -0.39450 -0.33600 -0.22750
v 0.41550 -0.33600 -0.18450
v -0.41550 -0.33600 -0.18450
v 0.43250 -0.33600 -0.14050
v -0.43250 -0.33600 -0.14050
v 0.44550 -0.33600 -0.09450
v -0.44550 -0.33600 -0.09450
v 0.45250 -0.33600 -0.04750
v -0.45250 -0.33600 -0.04750
v 0.45550 -0.33600 0.00050
v -0.45550 -0.33600 0.00050
v 0.45250 -0.33600 0.04750
v -0.45250 -0.33600 0.04750
v 0.44550 -0.33600 0.09450
v -0.44550 -0.33600 0.09450
v 0.43250 -0.33600 0.14050
v -0.43250 -0.33600 0.14050
v 0.41550 -0.33600 0.18550
v -0.41550 -0.33600 0.18550
v 0.39450 -0.33600 0.22750
v -0.39450 -0.33600 0.22750
v 0.36850 -0.33600 0.26750
v -0.36850 -0.33600 0.26750
v -0.48050 -0.33600 0.26950
v 0.33850 -0.33600 0.30450
v -0.33850 -0.33600 0.30450
v 0.30450 -0.33600 0.33850
v -0.30450 -0.33600 0.33850
v 0.26750 -0.33600 0.36850
v -0.26750 -0.33600 0.36850
v 0.22750 -0.33600 0.39450
v -0.22750 -0.33600 0.39450
v 0.18550 -0.33600 0.41650
v -0.18550 -0.33600 0.41650
v 0.14050 -0.33600 0.43350
v -0.14050 -0.33600 0.43350
v 0.09450 -0.33600 0.44550
v -0.09450 -0.33600 0.44550
v 0.04750 -0.33600 0.45250
v -0.04750 -0.33600 0.45250
v 0.00050 -0.33600 0.45550
v 0.00050 -0.33700 -0.45750
v 0.04750 -0.33700 -0.45450
v -0.04750 -0.33700 -0.45450
v 0.09550 -0.33700 -0.44750
v -0.09550 -0.33700 -0.44750
v 0.14150 -0.33700 -0.43450
v -0.14150 -0.33700 -0.43450
v 0.18650 -0.33700 -0.41750
v -0.18550 -0.33700 -0.41750
v 0.22850 -0.33700 -0.39550
v -0.22850 -0.33700 -0.39550
v 0.26850 -0.33700 -0.36950
v -0.26850 -0.33700 -0.36950
v 0.30650 -0.33700 -0.33950
v -0.30650 -0.33700 -0.33950
v 0.34050 -0.33700 -0.30550
v -0.33950 -0.33700 -0.30550
v 0.37050 -0.33700 -0.26850
v -0.37050 -0.33700 -0.26850
v 0.39650 -0.33700 -0.22850
v -0.39650 -0.33700 -0.22850
v 0.41750 -0.33700 -0.18550
v -0.41750 -0.33700 -0.18550
v 0.43550 -0.33700 -0.14150
v -0.43450 -0.33700 -0.14150
v 0.44750 -0.33700 -0.09450
v -0.44750 -0.33700 -0.09450
v 0.45550 -0.33700 -0.04750
v -0.45450 -0.33700 -0.04750
v 0.45750 -0.33700 0.00050
v -0.45750 -0.33700 0.00050
v 0.45550 -0.33700 0.04850
v -0.45450 -0.33700 0.04850
v 0.44750 -0.33700 0.09550
v -0.44750 -0.33700 0.09550
v 0.43550 -0.33700 0.14150
v -0.43450 -0.33700 0.14150
v 0.41750 -0.33700 0.18650
v -0.41750 -0.33700 0.18650
v 0.39650 -0.33700 0.22850
v -0.39650 -0.33700 0.22850
v 0.37050 -0.33700 0.26950
v -0.37050 -0.33700 0.26950
v 0.34050 -0.33700 0.30650
v -0.33950 -0.33700 0.30650
v 0.44750 -0.33700 0.32750
v 0.30650 -0.33700 0.34050
v -0.30650 -0.33700 0.34050
v 0.41750 -0.33700 0.36150
v 0.26850 -0.33700 0.37050
v -0.26850 -0.33700 0.37050
v 0.22850 -0.33700 0.39650
v -0.22850 -0.33700 0.39650
v 0.18650 -0.33700 0.41850
v -0.18550 -0.33700 0.41850
v 0.14150 -0.33700 0.43550
v -0.14150 -0.33700 0.43550
v 0.09550 -0.33700 0.44750
v -0.09550 -0.33700 0.44750
v 0.04750 -0.33700 0.45550
v -0.04750 -0.33700 0.45550
v 0.00050 -0.33700 0.45750
v 0.35450 -0.33800 0.42150
l 8 21
l 9 22
l 21 48
l 22 49
l 100 101
l 101 102
l 108 109
l 109 110
l 118 119
l 119 120
l 122 123
l 123 124
l 213 214
l 214 215
l 216 218
l 217 219
l 218 220
l 219 221
l 222 223
l 223 224
l 228 229
l 229 230
l 231 232
l 232 233
l 234 235
l 235 236
l 269 270
l 270 271
l 283 284
l 284 285
l 287 288
l 287 298
l 288 289
l 289 299
l 290 291
l 290 296
l 291 292
l 292 297
l 293 294
l 294 295
l 296 300
l 297 302
l 298 303
l 299 305
l 300 301
l 301 302
l 303 304
l 304 305
l 340 517
l 341 518
l 343 537
l 344 538
l 345 539
l 346 540
l 370 372
l 371 373
l 372 374
l 373 375
l 433 434
l 434 435
l 442 443
l 443 444
l 517 658
l 518 659
l 537 682
l 538 683
l 539 684
l 540 685
l 593 594
l 594 595
l 655 656
l 656 657
l 1429 2266
l 1606 2220
l 1607 2221
l 1608 2222
l 1609 2223
l 1610 2224
l 1611 2225
l 1616 2234
l 1617 2235
l 1618 2236
l 1619 2237
l 1624 2242
l 1625 2243
l 1626 2244
l 1628 2246
l 1634 2256
l 1636 2258
l 1638 2260
l 1639 2261
l 1644 2270
l 1645 2271
l 1647 2273
l 1649 2275
l 1656 2286
l 1657 2287
l 1658 2288
l 1659 2289
l 1665 2295
l 1669 2302
l 1670 2304
l 1671 2305
l 1676 2310
l 1677 2311
l 1680 2315
l 1683 2321
l 1688 2326
l 1689 2327
l 1690 2328
l 1692 2330
l 1700 2342
l 1701 2343
l 1702 2344
l 1703 2345
l 1711 2357
l 1712 2358
l 1714 2360
l 1715 2361
l 1723 2373
l 1725 2375
l 1726 2376
l 1727 2377
l 1733 2387
l 1736 2390
l 1737 2391
l 1739 2393
l 1745 2403
l 1747 2405
l 1748 2406
l 1751 2409
l 1756 2418
l 1758 2420
l 1759 2421
l 1762 2424
l 1768 2434
l 1769 2435
l 1771 2437
l 1773 2439
l 1780 2450
l 1781 2451
l 1782 2452
l 1784 2454
l 1792 2466
l 1793 2467
l 1794 2468
l 1795 2469
l 1803 2480
l 1805 2483
l 1806 2484
l 1807 2485
l 1813 2493
l 1817 2499
l 1818 2500
l 1819 2501
l 1824 2506
l 1826 2510
l 1828 2513
l 1831 2517
l 1836 2522
l 1837 2523
l 1838 2524
l 1841 2529
l 1847 2537
l 1849 2539
l 1850 2540
l 1851 2541
l 1857 2551
l 1859 2553
l 1860 2554
l 1863 2557
l 1868 2566
l 1869 2567
l 1870 2568
l 1871 2569
l 1876 2574
l 1877 2577
l 1879 2580
l 1881 2583
l 1884 2586
l 1886 2588
l 1887 2589
l 1889 2591
l 1892 2594
l 1893 2595
l 1894 2596
l 1895 2597
l 2220 2223
l 2221 2222
l 2224 2234
l 2225 2235
l 2236 2242
l 2237 2243
l 2244 2256
l 2246 2258
l 2260 2270
l 2261 2271
l 2273 2286
l 2275 2287
l 2288 2295
l 2289 2302
l 2304 2310
l 2305 2311
l 2315 2326
l 2321 2327
l 2328 2342
l 2330 2343
l 2344 2357
l 2345 2358
l 2360 2373
l 2361 2375
l 2376 2387
l 2377 2390
l 2391 2403
l 2393 2405
l 2406 2418
l 2409 2420
l 2421 2434
l 2424 2435
l 2437 2450
l 2439 2451
l 2452 2466
l 2454 2467
l 2468 2480
l 2469 2483
l 2484 2493
l 2485 2499
l 2500 2506
l 2501 2510
l 2513 2522
l 2517 2523
l 2524 2537
l 2529 2539
l 2540 2551
l 2541 2553
l 2554 2566
l 2557 2567
l 2568 2574
l 2569 2577
l 2580 2586
l 2583 2588
l 2589 2594
l 2591 2595
l 2596 2597
l 2800 2804
l 2800 3343
l 2803 2806
l 2803 3345
l 2804 3347
l 2805 2810
l 2805 3349
l 2806 3350
l 2807 2816
l 2807 3351
l 2810 3357
l 2813 2820
l 2813 3358
l 2816 3360
l 2817 2826
l 2817 3361
l 2820 3364
l 2825 2834
l 2825 3367
l 2826 3370
l 2827 2839
l 2827 3371
l 2834 3378
l 2835 2844
l 2835 3380
l 2839 3382
l 2843 2852
l 2843 3384
l 2844 3392
l 2849 2860
l 2849 3394
l 2852 3396
l 2854 2868
l 2854 3398
l 2860 3404
l 2861 2876
l 2861 3407
l 2868 3411
l 2869 2882
l 2869 3413
l 2876 3420
l 2877 2887
l 2877 3421
l 2882 3425
l 2885 2894
l 2885 3428
l 2887 3432
l 2893 2902
l 2893 3437
l 2894 3438
l 2900 2910
l 2900 3443
l 2902 3447
l 2904 2918
l 2904 3449
l 2910 3454
l 2912 2926
l 2912 3455
l 2918 3463
l 2919 2934
l 2919 3464
l 2926 3470
l 2927 2942
l 2927 3471
l 2934 3478
l 2935 2950
l 2935 3480
l 2942 3482
l 2943 2958
l 2943 3487
l 2950 3494
l 2951 2963
l 2951 3495
l 2958 3498
l 2959 2973
l 2959 3503
l 2963 3509
l 2967 2977
l 2967 3511
l 2973 3513
l 2975 2985
l 2975 3517
l 2977 3525
l 2983 2992
l 2983 3527
l 2985 3529
l 2991 3000
l 2991 3531
l 2992 3540
l 2998 3008
l 2998 3542
l 3000 3544
l 3002 3016
l 3002 3546
l 3008 3556
l 3012 3024
l 3012 3558
l 3016 3560
l 3018 3032
l 3018 3562
l 3024 3568
l 3025 3040
l 3025 3573
l 3032 3575
l 3033 3048
l 3033 3577
l 3040 3584
l 3041 3056
l 3041 3589
l 3048 3591
l 3049 3063
l 3049 3593
l 3056 3600
l 3057 3070
l 3057 3601
l 3063 3606
l 3065 3076
l 3065 3608
l 3070 3614
l 3073 3083
l 3073 3617
l 3076 3620
l 3080 3090
l 3080 3623
l 3083 3628
l 3089 3098
l 3089 3632
l 3090 3634
l 3095 3106
l 3095 3638
l 3098 3643
l 3100 3114
l 3100 3645
l 3106 3649
l 3107 3121
l 3107 3651
l 3114 3658
l 3115 3127
l 3115 3660
l 3121 3662
l 3123 3132
l 3123 3666
l 3127 3673
l 3130 3140
l 3130 3674
l 3132 3676
l 3135 3147
l 3135 3678
l 3140 3684
l 3141 3151
l 3141 3688
l 3147 3690
l 3149 3158
l 3149 3692
l 3151 3695
l 3154 3162
l 3154 3698
l 3158 3701
l 3159 3168
l 3159 3703
l 3162 3708
l 3166 3170
l 3166 3709
l 3168 3711
l 3169 3172
l 3169 3712
l 3170 3714
l 3171 3173
l 3171 3716
l 3172 3717
l 3173 3718
l 3216 3217
l 3217 3218
l 3219 3220
l 3220 3221
l 3225 3226
l 3226 3227
l 3227 3228
l 3228 3229
l 3343 3347
l 3345 3350
l 3349 3357
l 3351 3360
l 3358 3364
l 3361 3370
l 3367 3378
l 3371 3382
l 3380 3392
l 3384 3396
l 3394 3404
l 3398 3411
l 3407 3420
l 3413 3425
l 3421 3432
l 3428 3438
l 3437 3447
l 3443 3454
l 3449 3463
l 3455 3470
l 3464 3478
l 3471 3482
l 3480 3494
l 3487 3498
l 3495 3509
l 3503 3513
l 3511 3525
l 3517 3529
l 3527 3540
l 3531 3544
l 3542 3556
l 3546 3560
l 3558 3568
l 3562 3575
l 3573 3584
l 3577 3591
l 3589 3600
l 3593 3606
l 3601 3614
l 3608 3620
l 3617 3628
l 3623 3634
l 3632 3643
l 3638 3649
l 3645 3658
l 3651 3662
l 3660 3673
l 3666 3676
l 3674 3684
l 3678 3690
l 3688 3695
l 3692 3701
l 3698 3708
l 3703 3711
l 3709 3714
l 3712 3717
l 3716 3718
l 3868 3872
l 3868 4432
l 3870 3875
l 3870 4435
l 3872 4436
l 3874 3882
l 3874 4437
l 3875 4438
l 3876 3885
l 3876 4439
l 3882 4442
l 3883 3889
l 3883 4445
l 3885 4448
l 3886 3895
l 3886 4449
l 3889 4452
l 3892 3903
l 3892 4457
l 3895 4458
l 3896 3907
l 3896 4459
l 3903 4466
l 3905 3917
l 3905 4467
l 3907 4471
l 3909 3921
l 3909 4475
l 3917 4476
l 3919 3929
l 3919 4481
l 3921 4484
l 3923 3936
l 3923 4486
l 3929 4492
l 3932 3945
l 3932 4493
l 3936 4500
l 3938 3950
l 3938 4501
l 3945 4508
l 3946 3957
l 3946 4509
l 3950 4514
l 3953 3963
l 3953 4517
l 3957 4519
l 3962 3972
l 3962 4525
l 3963 4526
l 3968 3979
l 3968 4532
l 3972 4534
l 3974 3988
l 3974 4536
l 3979 4542
l 3980 3995
l 3980 4544
l 3988 4550
l 3989 4003
l 3989 4551
l 3995 4558
l 3996 4007
l 3996 4559
l 4003 4566
l 4005 4019
l 4005 4567
l 4007 4574
l 4012 4023
l 4012 4575
l 4019 4582
l 4020 4035
l 4020 4583
l 4023 4590
l 4028 4039
l 4028 4591
l 4035 4595
l 4037 4051
l 4037 4599
l 4039 4605
l 4043 4055
l 4043 4607
l 4051 4609
l 4053 4066
l 4053 4615
l 4055 4617
l 4057 4070
l 4057 4623
l 4066 4624
l 4068 4082
l 4068 4630
l 4070 4632
l 4072 4086
l 4072 4634
l 4082 4640
l 4084 4094
l 4084 4644
l 4086 4648
l 4088 4101
l 4088 4650
l 4094 4656
l 4099 4110
l 4099 4657
l 4101 4664
l 4103 4117
l 4103 4665
l 4110 4672
l 4115 4126
l 4115 4673
l 4117 4680
l 4119 4132
l 4119 4681
l 4126 4688
l 4127 4140
l 4127 4689
l 4132 4695
l 4134 4146
l 4134 4697
l 4140 4702
l 4143 4154
l 4143 4705
l 4146 4708
l 4149 4160
l 4149 4712
l 4154 4715
l 4158 4169
l 4158 4721
l 4160 4722
l 4164 4175
l 4164 4727
l 4169 4730
l 4171 4184
l 4171 4732
l 4175 4738
l 4177 4188
l 4177 4739
l 4184 4746
l 4186 4199
l 4186 4747
l 4188 4753
l 4192 4202
l 4192 4755
l 4199 4759
l 4200 4210
l 4200 4762
l 4202 4764
l 4204 4216
l 4204 4767
l 4210 4772
l 4214 4221
l 4214 4773
l 4216 4779
l 4218 4227
l 4218 4781
l 4221 4783
l 4224 4234
l 4224 4786
l 4227 4790
l 4229 4237
l 4229 4791
l 4234 4794
l 4235 4240
l 4235 4798
l 4237 4800
l 4238 4243
l 4238 4801
l 4240 4802
l 4242 4244
l 4242 4803
l 4243 4804
l 4244 4805
l 4432 4436
l 4435 4438
l 4437 4442
l 4439 4448
l 4445 4452
l 4449 4458
l 4457 4466
l 4459 4471
l 4467 4476
l 4475 4484
l 4481 4492
l 4486 4500
l 4493 4508
l 4501 4514
l 4509 4519
l 4517 4526
l 4525 4534
l 4532 4542
l 4536 4550
l 4544 4558
l 4551 4566
l 4559 4574
l 4567 4582
l 4575 4590
l 4583 4595
l 4591 4605
l 4599 4609
l 4607 4617
l 4615 4624
l 4623 4632
l 4630 4640
l 4634 4648
l 4644 4656
l 4650 4664
l 4657 4672
l 4665 4680
l 4673 4688
l 4681 4695
l 4689 4702
l 4697 4708
l 4705 4715
l 4712 4722
l 4721 4730
l 4727 4738
l 4732 4746
l 4739 4753
l 4747 4759
l 4755 4764
l 4762 4772
l 4767 4779
l 4773 4783
l 4781 4790
l 4786 4794
l 4791 4800
l 4798 4802
l 4801 4804
l 4803 4805
l 5008 5011
l 5008 5741
l 5009 5010
l 5009 5742
l 5010 5743
l 5011 5744
l 5012 5022
l 5012 5745
l 5013 5023
l 5013 5746
l 5022 5751
l 5023 5752
l 5024 5030
l 5024 5753
l 5025 5031
l 5025 5754
l 5030 5759
l 5031 5760
l 5032 5044
l 5032 5761
l 5034 5046
l 5034 5763
l 5044 5769
l 5046 5771
l 5048 5058
l 5048 5773
l 5049 5059
l 5049 5774
l 5058 5779
l 5059 5780
l 5061 5074
l 5061 5782
l 5063 5075
l 5063 5784
l 5074 5791
l 5075 5792
l 5076 5083
l 5076 5793
l 5077 5090
l 5077 5794
l 5083 5800
l 5090 5804
l 5092 5098
l 5092 5805
l 5093 5099
l 5093 5806
l 5098 5811
l 5099 5812
l 5103 5114
l 5103 5815
l 5109 5115
l 5109 5818
l 5114 5823
l 5115 5824
l 5116 5130
l 5116 5825
l 5118 5131
l 5118 5827
l 5130 5835
l 5131 5836
l 5132 5145
l 5132 5837
l 5133 5146
l 5133 5838
l 5145 5846
l 5146 5847
l 5148 5161
l 5148 5849
l 5149 5163
l 5149 5850
l 5161 5858
l 5163 5860
l 5164 5175
l 5164 5861
l 5165 5178
l 5165 5862
l 5175 5868
l 5178 5871
l 5179 5191
l 5179 5872
l 5181 5193
l 5181 5874
l 5191 5880
l 5193 5882
l 5194 5206
l 5194 5883
l 5197 5208
l 5197 5886
l 5206 5891
l 5208 5893
l 5209 5222
l 5209 5894
l 5212 5223
l 5212 5897
l 5222 5903
l 5223 5904
l 5225 5238
l 5225 5906
l 5227 5239
l 5227 5908
l 5238 5915
l 5239 5916
l 5240 5254
l 5240 5917
l 5242 5255
l 5242 5919
l 5254 5927
l 5255 5928
l 5256 5268
l 5256 5929
l 5257 5271
l 5257 5930
l 5268 5938
l 5271 5940
l 5272 5281
l 5272 5941
l 5273 5287
l 5273 5942
l 5281 5948
l 5287 5952
l 5288 5294
l 5288 5953
l 5289 5298
l 5289 5954
l 5294 5959
l 5298 5961
l 5301 5310
l 5301 5963
l 5305 5311
l 5305 5966
l 5310 5971
l 5311 5972
l 5312 5325
l 5312 5973
l 5317 5327
l 5317 5976
l 5325 5982
l 5327 5984
l 5328 5339
l 5328 5985
l 5329 5341
l 5329 5986
l 5339 5992
l 5341 5994
l 5342 5354
l 5342 5995
l 5345 5355
l 5345 5998
l 5354 6003
l 5355 6004
l 5356 5362
l 5356 6005
l 5357 5365
l 5357 6006
l 5362 6011
l 5365 6012
l 5368 5374
l 5368 6014
l 5371 5376
l 5371 6016
l 5374 6019
l 5376 6021
l 5377 5382
l 5377 6022
l 5379 5383
l 5379 6024
l 5382 6027
l 5383 6028
l 5384 5385
l 5384 6029
l 5385 6030
l 6422 8609
l 6423 8610
l 6424 8611
l 6425 8612
l 6426 8614
l 6427 8615
l 6428 8616
l 6429 8617
l 6430 8622
l 6431 8623
l 6432 8624
l 6433 8625
l 6436 8632
l 6437 8633
l 6438 8634
l 6439 8635
l 6441 8641
l 6442 8642
l 6443 8643
l 6444 8644
l 6445 8645
l 6446 8646
l 6447 8647
l 6448 8648
l 7412 8137
l 7413 8138
l 7414 8139
l 7415 8140
l 7416 8141
l 7417 8142
l 7422 8151
l 7423 8152
l 7424 8153
l 7425 8154
l 7430 8159
l 7431 8160
l 7432 8161
l 7434 8163
l 7440 8173
l 7442 8175
l 7444 8177
l 7445 8178
l 7450 8187
l 7451 8188
l 7453 8190
l 7455 8192
l 7462 8203
l 7463 8204
l 7464 8205
l 7465 8206
l 7471 8212
l 7475 8219
l 7476 8221
l 7477 8222
l 7482 8227
l 7483 8228
l 7486 8232
l 7489 8238
l 7494 8243
l 7495 8244
l 7496 8245
l 7498 8247
l 7506 8259
l 7507 8260
l 7508 8261
l 7509 8262
l 7517 8274
l 7518 8275
l 7520 8277
l 7521 8278
l 7529 8290
l 7531 8292
l 7532 8293
l 7533 8294
l 7539 8304
l 7542 8307
l 7543 8308
l 7545 8310
l 7551 8320
l 7553 8322
l 7554 8323
l 7557 8326
l 7562 8335
l 7564 8337
l 7565 8338
l 7568 8341
l 7574 8351
l 7575 8352
l 7577 8354
l 7579 8356
l 7586 8367
l 7587 8368
l 7588 8369
l 7590 8371
l 7598 8383
l 7599 8384
l 7600 8385
l 7601 8386
l 7609 8397
l 7611 8400
l 7612 8401
l 7613 8402
l 7619 8410
l 7623 8416
l 7624 8417
l 7625 8418
l 7630 8423
l 7632 8427
l 7634 8430
l 7637 8434
l 7642 8439
l 7643 8440
l 7644 8441
l 7647 8446
l 7653 8454
l 7655 8456
l 7656 8457
l 7657 8458
l 7664 8468
l 7666 8470
l 7667 8471
l 7670 8474
l 7675 8483
l 7676 8484
l 7677 8485
l 7678 8486
l 7683 8491
l 7684 8494
l 7686 8497
l 7688 8500
l 7691 8503
l 7693 8505
l 7694 8506
l 7696 8508
l 7699 8511
l 7700 8512
l 7701 8513
l 7702 8514
l 7789 7790
l 7789 7791
l 7790 7792
l 7791 7793
l 7792 7794
l 7793 7795
l 7794 7796
l 7795 7797
l 7796 7798
l 7797 7799
l 7798 7800
l 7799 7801
l 7800 7802
l 7801 7803
l 7802 7804
l 7803 7805
l 7804 7806
l 7805 7807
l 7806 7808
l 7807 7809
l 7808 7810
l 7809 7811
l 7810 7812
l 7811 7813
l 7812 7814
l 7813 7815
l 7814 7816
l 7815 7817
l 7816 7818
l 7817 7819
l 7818 7820
l 7819 7821
l 7820 7822
l 7821 7823
l 7822 7824
l 7823 7825
l 7824 7826
l 7825 7827
l 7826 7828
l 7827 7828
l 8137 8140
l 8138 8139
l 8141 8151
l 8142 8152
l 8153 8159
l 8154 8160
l 8161 8173
l 8163 8175
l 8177 8187
l 8178 8188
l 8190 8203
l 8192 8204
l 8205 8212
l 8206 8219
l 8221 8227
l 8222 8228
l 8232 8243
l 8238 8244
l 8245 8259
l 8247 8260
l 8261 8274
l 8262 8275
l 8277 8290
l 8278 8292
l 8293 8304
l 8294 8307
l 8308 8320
l 8310 8322
l 8323 8335
l 8326 8337
l 8338 8351
l 8341 8352
l 8354 8367
l 8356 8368
l 8369 8383
l 8371 8384
l 8385 8397
l 8386 8400
l 8401 8410
l 8402 8416
l 8417 8423
l 8418 8427
l 8430 8439
l 8434 8440
l 8441 8454
l 8446 8456
l 8457 8468
l 8458 8470
l 8471 8483
l 8474 8484
l 8485 8491
l 8486 8494
l 8497 8503
l 8500 8505
l 8506 8511
l 8508 8512
l 8513 8514
l 8750 8754
l 8750 9292
l 8753 8756
l 8753 9294
l 8754 9296
l 8755 8760
l 8755 9298
l 8756 9299
l 8757 8766
l 8757 9300
l 8760 9306
l 8763 8770
l 8763 9307
l 8766 9309
l 8767 8776
l 8767 9310
l 8770 9313
l 8775 8784
l 8775 9316
l 8776 9319
l 8777 8789
l 8777 9320
l 8784 9327
l 8785 8794
l 8785 9329
l 8789 9331
l 8793 8802
l 8793 9333
l 8794 9341
l 8799 8810
l 8799 9343
l 8802 9345
l 8804 8818
l 8804 9347
l 8810 9353
l 8811 8826
l 8811 9356
l 8818 9360
l 8819 8832
l 8819 9362
l 8826 9369
l 8827 8837
l 8827 9370
l 8832 9374
l 8835 8844
l 8835 9377
l 8837 9381
l 8843 8852
l 8843 9386
l 8844 9387
l 8850 8860
l 8850 9392
l 8852 9396
l 8854 8868
l 8854 9398
l 8860 9403
l 8862 8876
l 8862 9404
l 8868 9412
l 8869 8884
l 8869 9413
l 8876 9419
l 8877 8892
l 8877 9420
l 8884 9427
l 8885 8900
l 8885 9429
l 8892 9431
l 8893 8908
l 8893 9436
l 8900 9443
l 8901 8913
l 8901 9444
l 8908 9447
l 8909 8923
l 8909 9452
l 8913 9459
l 8917 8927
l 8917 9461
l 8923 9463
l 8925 8935
l 8925 9467
l 8927 9475
l 8933 8942
l 8933 9477
l 8935 9479
l 8941 8950
l 8941 9481
l 8942 9490
l 8948 8958
l 8948 9492
l 8950 9494
l 8952 8966
l 8952 9496
l 8958 9506
l 8962 8974
l 8962 9508
l 8966 9510
l 8968 8982
l 8968 9512
l 8974 9518
l 8975 8990
l 8975 9523
l 8982 9525
l 8983 8998
l 8983 9527
l 8990 9534
l 8991 9006
l 8991 9539
l 8998 9541
l 8999 9013
l 8999 9543
l 9006 9550
l 9007 9020
l 9007 9551
l 9013 9556
l 9015 9026
l 9015 9558
l 9020 9564
l 9023 9033
l 9023 9567
l 9026 9570
l 9030 9040
l 9030 9573
l 9033 9578
l 9039 9048
l 9039 9582
l 9040 9584
l 9045 9056
l 9045 9588
l 9048 9593
l 9050 9064
l 9050 9595
l 9056 9599
l 9057 9071
l 9057 9601
l 9064 9608
l 9065 9077
l 9065 9610
l 9071 9612
l 9073 9082
l 9073 9616
l 9077 9623
l 9080 9090
l 9080 9624
l 9082 9626
l 9085 9097
l 9085 9628
l 9090 9634
l 9091 9101
l 9091 9638
l 9097 9640
l 9099 9108
l 9099 9642
l 9101 9645
l 9104 9112
l 9104 9648
l 9108 9651
l 9109 9118
l 9109 9653
l 9112 9658
l 9116 9120
l 9116 9659
l 9118 9661
l 9119 9122
l 9119 9662
l 9120 9664
l 9121 9123
l 9121 9666
l 9122 9667
l 9123 9668
l 9201 9209
l 9202 9210
l 9203 9208
l 9204 9211
l 9205 9212
l 9206 9214
l 9207 9213
l 9215 9225
l 9216 9217
l 9218 9227
l 9219 9226
l 9220 9228
l 9221 9230
l 9222 9232
l 9223 9231
l 9224 9229
l 9292 9296
l 9294 9299
l 9298 9306
l 9300 9309
l 9307 9313
l 9310 9319
l 9316 9327
l 9320 9331
l 9329 9341
l 9333 9345
l 9343 9353
l 9347 9360
l 9356 9369
l 9362 9374
l 9370 9381
l 9377 9387
l 9386 9396
l 9392 9403
l 9398 9412
l 9404 9419
l 9413 9427
l 9420 9431
l 9429 9443
l 9436 9447
l 9444 9459
l 9452 9463
l 9461 9475
l 9467 9479
l 9477 9490
l 9481 9494
l 9492 9506
l 9496 9510
l 9508 9518
l 9512 9525
l 9523 9534
l 9527 9541
l 9539 9550
l 9543 9556
l 9551 9564
l 9558 9570
l 9567 9578
l 9573 9584
l 9582 9593
l 9588 9599
l 9595 9608
l 9601 9612
l 9610 9623
l 9616 9626
l 9624 9634
l 9628 9640
l 9638 9645
l 9642 9651
l 9648 9658
l 9653 9661
l 9659 9664
l 9662 9667
l 9666 9668
l 9823 9827
l 9823 10302
l 9825 9830
l 9825 10305
l 9827 10306
l 9829 9837
l 9829 10307
l 9830 10308
l 9831 9840
l 9831 10309
l 9837 10312
l 9838 9844
l 9838 10315
l 9840 10318
l 9841 9850
l 9841 10319
l 9844 10322
l 9847 9858
l 9847 10327
l 9850 10328
l 9851 9862
l 9851 10329
l 9858 10336
l 9860 9872
l 9860 10337
l 9862 10341
l 9864 9876
l 9864 10345
l 9872 10346
l 9874 9884
l 9874 10351
l 9876 10354
l 9878 9891
l 9878 10356
l 9884 10362
l 9887 9900
l 9887 10363
l 9891 10370
l 9893 9905
l 9893 10371
l 9900 10378
l 9901 9912
l 9901 10379
l 9905 10384
l 9908 9918
l 9908 10387
l 9912 10389
l 9917 9927
l 9917 10395
l 9918 10396
l 9923 9934
l 9923 10402
l 9927 10404
l 9929 9943
l 9929 10406
l 9934 10412
l 9935 9950
l 9935 10414
l 9943 10420
l 9944 9958
l 9944 10421
l 9950 10428
l 9951 9962
l 9951 10429
l 9958 10436
l 9960 9974
l 9960 10437
l 9962 10444
l 9967 9978
l 9967 10445
l 9974 10452
l 9975 9989
l 9975 10453
l 9978 10460
l 9983 9993
l 9983 10461
l 9989 10465
l 9991 10005
l 9991 10469
l 9993 10475
l 9997 10009
l 9997 10477
l 10005 10479
l 10007 10020
l 10007 10485
l 10009 10487
l 10011 10024
l 10011 10493
l 10020 10494
l 10022 10036
l 10022 10500
l 10024 10502
l 10026 10040
l 10026 10504
l 10036 10510
l 10038 10048
l 10038 10514
l 10040 10518
l 10042 10055
l 10042 10520
l 10048 10526
l 10053 10064
l 10053 10527
l 10055 10534
l 10057 10071
l 10057 10535
l 10064 10542
l 10069 10080
l 10069 10543
l 10071 10550
l 10073 10086
l 10073 10551
l 10080 10558
l 10081 10094
l 10081 10559
l 10086 10565
l 10088 10100
l 10088 10567
l 10094 10572
l 10097 10108
l 10097 10575
l 10100 10578
l 10103 10114
l 10103 10582
l 10108 10585
l 10112 10123
l 10112 10591
l 10114 10592
l 10118 10129
l 10118 10597
l 10123 10600
l 10125 10138
l 10125 10602
l 10129 10608
l 10131 10142
l 10131 10609
l 10138 10616
l 10140 10153
l 10140 10617
l 10142 10623
l 10146 10156
l 10146 10625
l 10153 10629
l 10154 10164
l 10154 10632
l 10156 10634
l 10158 10170
l 10158 10637
l 10164 10642
l 10168 10175
l 10168 10643
l 10170 10649
l 10172 10181
l 10172 10651
l 10175 10653
l 10178 10188
l 10178 10656
l 10181 10660
l 10183 10191
l 10183 10661
l 10188 10664
l 10189 10194
l 10189 10668
l 10191 10670
l 10192 10197
l 10192 10671
l 10194 10672
l 10196 10198
l 10196 10673
l 10197 10674
l 10198 10675
l 10302 10306
l 10305 10308
l 10307 10312
l 10309 10318
l 10315 10322
l 10319 10328
l 10327 10336
l 10329 10341
l 10337 10346
l 10345 10354
l 10351 10362
l 10356 10370
l 10363 10378
l 10371 10384
l 10379 10389
l 10387 10396
l 10395 10404
l 10402 10412
l 10406 10420
l 10414 10428
l 10421 10436
l 10429 10444
l 10437 10452
l 10445 10460
l 10453 10465
l 10461 10475
l 10469 10479
l 10477 10487
l 10485 10494
l 10493 10502
l 10500 10510
l 10504 10518
l 10514 10526
l 10520 10534
l 10527 10542
l 10535 10550
l 10543 10558
l 10551 10565
l 10559 10572
l 10567 10578
l 10575 10585
l 10582 10592
l 10591 10600
l 10597 10608
l 10602 10616
l 10609 10623
l 10617 10629
l 10625 10634
l 10632 10642
l 10637 10649
l 10643 10653
l 10651 10660
l 10656 10664
l 10661 10670
l 10668 10672
l 10671 10674
l 10673 10675
l 10879 10882
l 10879 11600
l 10880 10881
l 10880 11601
l 10881 11602
l 10882 11603
l 10883 10893
l 10883 11604
l 10884 10894
l 10884 11605
l 10893 11610
l 10894 11611
l 10895 10901
l 10895 11612
l 10896 10902
l 10896 11613
l 10901 11618
l 10902 11619
l 10903 10915
l 10903 11620
l 10905 10917
l 10905 11622
l 10915 11628
l 10917 11630
l 10919 10929
l 10919 11632
l 10920 10930
l 10920 11633
l 10929 11638
l 10930 11639
l 10932 10945
l 10932 11641
l 10934 10946
l 10934 11643
l 10945 11650
l 10946 11651
l 10947 10954
l 10947 11652
l 10948 10961
l 10948 11653
l 10954 11659
l 10961 11663
l 10963 10969
l 10963 11664
l 10964 10970
l 10964 11665
l 10969 11670
l 10970 11671
l 10974 10985
l 10974 11674
l 10980 10986
l 10980 11677
l 10985 11682
l 10986 11683
l 10987 11001
l 10987 11684
l 10989 11002
l 10989 11686
l 11001 11694
l 11002 11695
l 11003 11016
l 11003 11696
l 11004 11017
l 11004 11697
l 11016 11705
l 11017 11706
l 11019 11032
l 11019 11708
l 11020 11034
l 11020 11709
l 11032 11717
l 11034 11719
l 11035 11046
l 11035 11720
l 11036 11049
l 11036 11721
l 11046 11727
l 11049 11730
l 11050 11062
l 11050 11731
l 11052 11064
l 11052 11733
l 11062 11739
l 11064 11741
l 11065 11077
l 11065 11742
l 11068 11079
l 11068 11745
l 11077 11750
l 11079 11752
l 11080 11093
l 11080 11753
l 11083 11094
l 11083 11756
l 11093 11762
l 11094 11763
l 11096 11109
l 11096 11765
l 11098 11110
l 11098 11767
l 11109 11774
l 11110 11775
l 11111 11125
l 11111 11776
l 11113 11126
l 11113 11778
l 11125 11786
l 11126 11787
l 11127 11139
l 11127 11788
l 11128 11142
l 11128 11789
l 11139 11797
l 11142 11799
l 11143 11152
l 11143 11800
l 11144 11158
l 11144 11801
l 11152 11807
l 11158 11811
l 11159 11165
l 11159 11812
l 11160 11169
l 11160 11813
l 11165 11818
l 11169 11820
l 11172 11181
l 11172 11822
l 11176 11182
l 11176 11825
l 11181 11830
l 11182 11831
l 11183 11196
l 11183 11832
l 11188 11198
l 11188 11835
l 11196 11841
l 11198 11843
l 11199 11210
l 11199 11844
l 11200 11212
l 11200 11845
l 11210 11851
l 11212 11853
l 11213 11225
l 11213 11854
l 11216 11226
l 11216 11857
l 11225 11862
l 11226 11863
l 11227 11233
l 11227 11864
l 11228 11236
l 11228 11865
l 11233 11870
l 11236 11871
l 11239 11245
l 11239 11873
l 11242 11247
l 11242 11875
l 11245 11878
l 11247 11880
l 11248 11253
l 11248 11881
l 11250 11254
l 11250 11883
l 11253 11886
l 11254 11887
l 11255 11256
l 11255 11888
l 11256 11889
l 1 20
l 2 33
l 3 36
l 4 37
l 5 42
l 6 43
l 7 45
l 10 23
l 11 24
l 11 40
l 12 25
l 13 26
l 13 41
l 14 27
l 15 29
l 16 30
l 17 31
l 18 32
l 19 50
l 20 75
l 23 50
l 24 51
l 25 52
l 26 53
l 27 54
l 28 55
l 29 55
l 30 56
l 31 57
l 32 58
l 33 82
l 34 61
l 35 62
l 36 83
l 37 84
l 38 64
l 39 65
l 39 68
l 42 85
l 43 86
l 44 72
l 45 87
l 46 47
l 59 60
l 61 71
l 62 72
l 63 72
l 64 73
l 65 74
l 66 67
l 69 70
l 76 88
l 77 89
l 78 90
l 79 91
l 80 92
l 81 93
l 88 94
l 89 95
l 90 96
l 91 97
l 92 98
l 93 99
l 103 104
l 104 105
l 106 117
l 107 134
l 111 112
l 112 113
l 114 115
l 115 116
l 117 137
l 118 363
l 120 364
l 121 365
l 125 366
l 126 127
l 126 129
l 127 128
l 130 133
l 131 132
l 132 133
l 134 143
l 135 165
l 136 166
l 138 193
l 139 198
l 140 182
l 141 183
l 142 499
l 144 145
l 144 533
l 145 146
l 146 534
l 147 535
l 148 536
l 149 504
l 150 154
l 151 508
l 152 162
l 153 163
l 154 159
l 155 167
l 155 170
l 156 171
l 157 169
l 158 172
l 160 178
l 161 482
l 162 179
l 163 180
l 164 255
l 165 421
l 166 422
l 168 488
l 169 194
l 170 195
l 171 196
l 172 197
l 173 176
l 174 177
l 175 211
l 176 179
l 177 180
l 181 496
l 182 455
l 183 456
l 184 225
l 185 189
l 186 190
l 187 191
l 188 192
l 189 194
l 190 195
l 191 196
l 192 197
l 193 466
l 198 465
l 199 200
l 200 201
l 202 204
l 203 205
l 204 206
l 205 207
l 208 209
l 209 210
l 211 240
l 212 266
l 225 256
l 226 256
l 227 507
l 237 238
l 238 239
l 240 280
l 241 362
l 242 246
l 243 247
l 244 248
l 245 249
l 246 250
l 247 251
l 248 252
l 249 253
l 250 308
l 251 309
l 252 310
l 253 311
l 254 379
l 255 452
l 256 328
l 256 337
l 257 523
l 258 380
l 259 261
l 260 262
l 261 263
l 262 264
l 265 391
l 266 402
l 267 532
l 268 530
l 272 273
l 273 274
l 274 286
l 275 277
l 276 278
l 277 281
l 278 282
l 279 420
l 279 432
l 280 342
l 281 338
l 282 339
l 286 313
l 306 342
l 307 529
l 308 381
l 309 382
l 310 383
l 311 384
l 312 314
l 312 316
l 313 315
l 313 317
l 314 318
l 315 319
l 319 320
l 319 324
l 321 322
l 322 323
l 324 345
l 325 326
l 326 327
l 328 403
l 329 344
l 330 332
l 331 333
l 332 334
l 333 335
l 336 440
l 338 392
l 339 393
l 346 347
l 347 356
l 348 350
l 349 350
l 350 351
l 350 352
l 353 354
l 354 355
l 357 359
l 358 361
l 359 360
l 360 361
l 362 448
l 363 635
l 364 636
l 365 637
l 366 638
l 367 368
l 368 369
l 376 377
l 377 378
l 379 453
l 380 441
l 385 387
l 386 388
l 386 398
l 387 389
l 388 390
l 391 454
l 394 396
l 395 397
l 396 399
l 397 400
l 401 431
l 404 405
l 405 406
l 407 408
l 408 409
l 410 418
l 411 416
l 412 552
l 413 553
l 413 588
l 414 554
l 414 589
l 415 555
l 416 417
l 419 460
l 420 470
l 423 569
l 424 570
l 425 571
l 426 572
l 427 573
l 428 575
l 429 574
l 430 576
l 432 473
l 436 461
l 437 551
l 438 459
l 439 464
l 440 474
l 445 446
l 446 447
l 448 457
l 449 450
l 450 451
l 453 463
l 457 462
l 458 526
l 460 480
l 461 477
l 463 475
l 464 481
l 467 500
l 468 501
l 469 479
l 471 556
l 472 487
l 475 493
l 476 510
l 478 503
l 479 503
l 482 660
l 483 557
l 484 558
l 484 581
l 485 559
l 485 582
l 486 560
l 487 503
l 488 661
l 489 542
l 490 543
l 491 544
l 492 545
l 493 502
l 494 497
l 495 509
l 497 502
l 498 516
l 499 769
l 500 511
l 501 512
l 504 724
l 505 651
l 506 652
l 507 650
l 508 723
l 509 514
l 510 550
l 511 527
l 512 525
l 513 524
l 515 522
l 516 561
l 519 610
l 520 611
l 521 528
l 522 531
l 523 696
l 524 541
l 525 546
l 526 620
l 527 547
l 528 549
l 529 690
l 530 703
l 532 707
l 533 784
l 534 786
l 535 787
l 536 788
l 542 596
l 543 597
l 544 598
l 545 599
l 547 548
l 548 549
l 550 579
l 552 686
l 553 687
l 554 688
l 555 689
l 556 649
l 557 639
l 558 640
l 559 641
l 560 642
l 561 580
l 562 563
l 563 564
l 564 577
l 565 706
l 566 567
l 567 568
l 568 578
l 577 583
l 578 586
l 579 613
l 580 612
l 584 585
l 585 587
l 590 678
l 591 679
l 592 604
l 600 601
l 601 602
l 602 603
l 603 604
l 605 606
l 606 607
l 607 608
l 608 609
l 610 704
l 611 705
l 614 621
l 615 622
l 616 617
l 617 619
l 618 623
l 622 645
l 623 648
l 624 625
l 624 626
l 625 627
l 626 627
l 628 629
l 629 630
l 631 680
l 632 633
l 633 634
l 643 644
l 644 645
l 646 647
l 647 648
l 653 727
l 654 728
l 662 663
l 663 664
l 665 666
l 666 667
l 668 676
l 669 677
l 670 720
l 671 721
l 672 691
l 673 692
l 674 693
l 675 694
l 676 701
l 677 702
l 678 754
l 679 755
l 680 722
l 681 695
l 691 716
l 692 717
l 693 718
l 694 719
l 697 699
l 698 700
l 699 701
l 700 702
l 706 792
l 708 712
l 709 713
l 710 714
l 711 715
l 712 716
l 713 717
l 714 718
l 715 719
l 720 741
l 721 742
l 725 761
l 726 762
l 727 789
l 728 790
l 729 733
l 730 734
l 731 735
l 732 736
l 733 737
l 734 738
l 735 739
l 736 740
l 737 749
l 738 750
l 739 751
l 740 752
l 743 745
l 744 746
l 745 747
l 746 748
l 747 763
l 748 764
l 749 770
l 750 771
l 751 772
l 752 773
l 753 756
l 753 757
l 753 758
l 756 759
l 757 767
l 758 767
l 760 768
l 761 782
l 762 783
l 763 778
l 764 779
l 765 766
l 766 767
l 774 777
l 775 776
l 776 777
l 780 793
l 781 794
l 784 785
l 785 786
l 791 815
l 793 848
l 794 849
l 795 798
l 796 797
l 796 799
l 800 807
l 801 802
l 803 809
l 804 805
l 806 826
l 808 814
l 810 835
l 811 813
l 812 820
l 813 816
l 813 822
l 815 893
l 816 821
l 817 825
l 818 877
l 819 873
l 821 829
l 822 844
l 823 844
l 824 830
l 827 842
l 828 842
l 829 841
l 830 844
l 831 845
l 832 880
l 833 837
l 834 839
l 834 840
l 836 880
l 837 838
l 841 874
l 841 878
l 842 843
l 844 868
l 846 847
l 846 851
l 850 867
l 851 872
l 852 854
l 853 855
l 854 856
l 855 857
l 856 858
l 857 859
l 858 860
l 859 861
l 860 862
l 861 863
l 862 864
l 863 864
l 865 866
l 868 875
l 869 876
l 870 876
l 871 885
l 872 882
l 873 890
l 874 883
l 875 884
l 876 881
l 878 887
l 879 896
l 884 887
l 886 888
l 886 889
l 886 894
l 886 899
l 886 900
l 888 891
l 888 892
l 890 903
l 895 905
l 896 906
l 897 898
l 900 908
l 901 909
l 902 904
l 904 907
l 907 915
l 907 1049
l 910 916
l 910 917
l 911 1335
l 912 1050
l 913 918
l 914 918
l 915 1050
l 916 922
l 917 923
l 919 921
l 920 927
l 922 1212
l 923 1213
l 924 925
l 924 1148
l 925 926
l 927 1048
l 928 929
l 928 930
l 929 931
l 930 932
l 931 933
l 932 934
l 933 935
l 934 936
l 935 937
l 936 938
l 937 939
l 938 940
l 939 941
l 940 942
l 941 943
l 942 944
l 943 945
l 944 946
l 945 947
l 946 948
l 947 949
l 948 950
l 949 951
l 950 952
l 951 953
l 952 954
l 953 955
l 954 956
l 955 957
l 956 958
l 957 959
l 958 960
l 959 961
l 960 962
l 961 963
l 962 964
l 963 965
l 964 966
l 965 967
l 966 968
l 967 969
l 968 970
l 969 971
l 970 972
l 971 973
l 972 974
l 973 975
l 974 976
l 975 977
l 976 978
l 977 979
l 978 980
l 979 981
l 980 982
l 981 983
l 982 984
l 983 985
l 984 986
l 985 987
l 986 987
l 988 989
l 988 990
l 989 991
l 990 992
l 991 993
l 992 994
l 993 995
l 994 996
l 995 997
l 996 998
l 997 999
l 998 1000
l 999 1001
l 1000 1002
l 1001 1003
l 1002 1004
l 1003 1005
l 1004 1006
l 1005 1007
l 1006 1008
l 1007 1009
l 1008 1010
l 1009 1011
l 1010 1012
l 1011 1013
l 1012 1014
l 1013 1015
l 1014 1016
l 1015 1017
l 1016 1018
l 1017 1019
l 1018 1020
l 1019 1021
l 1020 1022
l 1021 1023
l 1022 1024
l 1023 1025
l 1024 1026
l 1025 1027
l 1026 1028
l 1027 1029
l 1028 1030
l 1029 1031
l 1030 1032
l 1031 1033
l 1032 1034
l 1033 1035
l 1034 1036
l 1035 1037
l 1036 1038
l 1037 1039
l 1038 1040
l 1039 1041
l 1040 1042
l 1041 1043
l 1042 1044
l 1043 1045
l 1044 1046
l 1045 1047
l 1046 1047
l 1049 1951
l 1051 1052
l 1051 1053
l 1052 1054
l 1053 1055
l 1054 1056
l 1055 1057
l 1056 1058
l 1057 1059
l 1058 1060
l 1059 1061
l 1060 1062
l 1061 1063
l 1062 1064
l 1063 1065
l 1064 1066
l 1065 1067
l 1066 1068
l 1067 1069
l 1068 1070
l 1069 1071
l 1070 1072
l 1071 1073
l 1072 1074
l 1073 1075
l 1074 1076
l 1075 1077
l 1076 1078
l 1077 1079
l 1078 1080
l 1079 1081
l 1080 1082
l 1081 1083
l 1082 1084
l 1083 1085
l 1084 1086
l 1085 1087
l 1086 1088
l 1087 1089
l 1088 1090
l 1089 1091
l 1090 1092
l 1091 1093
l 1092 1094
l 1093 1095
l 1094 1096
l 1095 1097
l 1096 1098
l 1097 1099
l 1098 1100
l 1099 1101
l 1100 1102
l 1101 1103
l 1102 1104
l 1103 1105
l 1104 1106
l 1105 1107
l 1106 1108
l 1107 1109
l 1108 1110
l 1109 1110
l 1111 1112
l 1111 1113
l 1112 1114
l 1113 1115
l 1114 1116
l 1115 1117
l 1116 1118
l 1117 1119
l 1118 1120
l 1119 1121
l 1120 1122
l 1121 1123
l 1122 1124
l 1123 1125
l 1124 1126
l 1125 1127
l 1126 1128
l 1127 1129
l 1128 1130
l 1129 1131
l 1130 1132
l 1131 1133
l 1132 1134
l 1133 1135
l 1134 1136
l 1135 1137
l 1136 1138
l 1137 1139
l 1138 1140
l 1139 1141
l 1140 1142
l 1141 1143
l 1142 1144
l 1143 1145
l 1144 1146
l 1145 1147
l 1146 1149
l 1147 1150
l 1148 1214
l 1149 1151
l 1150 1152
l 1151 1153
l 1152 1154
l 1153 1155
l 1154 1156
l 1155 1157
l 1156 1158
l 1157 1159
l 1158 1160
l 1159 1161
l 1160 1162
l 1161 1163
l 1162 1164
l 1163 1165
l 1164 1166
l 1165 1167
l 1166 1168
l 1167 1169
l 1168 1170
l 1169 1171
l 1170 1171
l 1172 1173
l 1172 1174
l 1173 1175
l 1174 1176
l 1175 1177
l 1176 1178
l 1177 1179
l 1178 1180
l 1179 1181
l 1180 1182
l 1181 1183
l 1182 1184
l 1183 1185
l 1184 1186
l 1185 1187
l 1186 1188
l 1187 1189
l 1188 1190
l 1189 1191
l 1190 1192
l 1191 1193
l 1192 1194
l 1193 1195
l 1194 1196
l 1195 1197
l 1196 1198
l 1197 1199
l 1198 1200
l 1199 1201
l 1200 1202
l 1201 1203
l 1202 1204
l 1203 1205
l 1204 1206
l 1205 1207
l 1206 1208
l 1207 1209
l 1208 1210
l 1209 1211
l 1210 1211
l 1212 2163
l 1213 2164
l 1214 3807
l 1215 1216
l 1215 1217
l 1216 1218
l 1217 1219
l 1218 1220
l 1219 1221
l 1220 1222
l 1221 1223
l 1222 1224
l 1223 1225
l 1224 1226
l 1225 1227
l 1226 1228
l 1227 1229
l 1228 1230
l 1229 1231
l 1230 1232
l 1231 1233
l 1232 1234
l 1233 1235
l 1234 1236
l 1235 1237
l 1236 1238
l 1237 1239
l 1238 1240
l 1239 1241
l 1240 1242
l 1241 1243
l 1242 1244
l 1243 1245
l 1244 1246
l 1245 1247
l 1246 1248
l 1247 1249
l 1248 1250
l 1249 1251
l 1250 1252
l 1251 1253
l 1252 1254
l 1253 1255
l 1254 1256
l 1255 1257
l 1256 1258
l 1257 1259
l 1258 1260
l 1259 1261
l 1260 1262
l 1261 1263
l 1262 1264
l 1263 1265
l 1264 1266
l 1265 1267
l 1266 1268
l 1267 1269
l 1268 1270
l 1269 1271
l 1270 1272
l 1271 1273
l 1272 1274
l 1273 1274
l 1275 1276
l 1275 1277
l 1276 1278
l 1277 1279
l 1278 1280
l 1279 1281
l 1280 1282
l 1281 1283
l 1282 1284
l 1283 1285
l 1284 1286
l 1285 1287
l 1286 1288
l 1287 1289
l 1288 1290
l 1289 1291
l 1290 1292
l 1291 1293
l 1292 1294
l 1293 1295
l 1294 1296
l 1295 1297
l 1296 1298
l 1297 1299
l 1298 1300
l 1299 1301
l 1300 1302
l 1301 1303
l 1302 1304
l 1303 1305
l 1304 1306
l 1305 1307
l 1306 1308
l 1307 1309
l 1308 1310
l 1309 1311
l 1310 1312
l 1311 1313
l 1312 1314
l 1313 1315
l 1314 1316
l 1315 1317
l 1316 1318
l 1317 1319
l 1318 1320
l 1319 1321
l 1320 1322
l 1321 1323
l 1322 1324
l 1323 1325
l 1324 1326
l 1325 1327
l 1326 1328
l 1327 1329
l 1328 1330
l 1329 1331
l 1330 1332
l 1331 1333
l 1332 1334
l 1333 1334
l 1336 3302
l 1336 3812
l 1336 3813
l 1336 4373
l 1337 3814
l 1338 1339
l 1338 1340
l 1339 1341
l 1340 1342
l 1341 1343
l 1342 1344
l 1343 1345
l 1344 1346
l 1345 1347
l 1346 1348
l 1347 1349
l 1348 1350
l 1349 1351
l 1350 1352
l 1351 1353
l 1352 1354
l 1353 1355
l 1354 1356
l 1355 1357
l 1356 1358
l 1357 1359
l 1358 1360
l 1359 1361
l 1360 1362
l 1361 1363
l 1362 1364
l 1363 1365
l 1364 1366
l 1365 1367
l 1366 1368
l 1367 1369
l 1368 1370
l 1369 1371
l 1370 1372
l 1371 1373
l 1372 1374
l 1373 1375
l 1374 1376
l 1375 1377
l 1376 1378
l 1377 1379
l 1378 1380
l 1379 1381
l 1380 1382
l 1381 1383
l 1382 1384
l 1383 1385
l 1384 1386
l 1385 1387
l 1386 1388
l 1387 1389
l 1388 1390
l 1389 1391
l 1390 1392
l 1391 1393
l 1392 1394
l 1393 1395
l 1394 1396
l 1395 1397
l 1396 1397
l 1398 2184
l 1399 2189
l 1400 2190
l 1401 2191
l 1402 2194
l 1403 2196
l 1404 2201
l 1405 2200
l 1406 2201
l 1407 2202
l 1408 2203
l 1409 2208
l 1410 2211
l 1411 2212
l 1412 2213
l 1413 2214
l 1414 2215
l 1415 2226
l 1416 2229
l 1417 2232
l 1418 2231
l 1419 2232
l 1420 2233
l 1421 2245
l 1422 2249
l 1423 2250
l 1424 2252
l 1425 2250
l 1426 2252
l 1427 2253
l 1428 2263
l 1430 2266
l 1431 2268
l 1432 2268
l 1433 2269
l 1434 2278
l 1435 2280
l 1436 2282
l 1437 2283
l 1438 2284
l 1439 2285
l 1440 2294
l 1441 2296
l 1442 2299
l 1443 2300
l 1444 2301
l 1445 2301
l 1446 2303
l 1447 2312
l 1448 2313
l 1449 2317
l 1450 2317
l 1451 2318
l 1452 2319
l 1453 2320
l 1454 2329
l 1455 2331
l 1456 2333
l 1457 2336
l 1458 2335
l 1459 2336
l 1460 2337
l 1461 2347
l 1462 2349
l 1463 2349
l 1464 2351
l 1465 2351
l 1466 2352
l 1467 2353
l 1468 2363
l 1469 2365
l 1470 2365
l 1471 2367
l 1472 2367
l 1473 2368
l 1474 2369
l 1475 2379
l 1476 2381
l 1477 2381
l 1478 2383
l 1479 2383
l 1480 2384
l 1481 2385
l 1482 2394
l 1483 2395
l 1484 2396
l 1485 2399
l 1486 2400
l 1487 2401
l 1488 2410
l 1489 2411
l 1490 2412
l 1491 2415
l 1492 2417
l 1493 2426
l 1494 2427
l 1495 2428
l 1496 2430
l 1497 2430
l 1498 2432
l 1499 2433
l 1500 2442
l 1501 2443
l 1502 2444
l 1503 2444
l 1504 2446
l 1505 2446
l 1506 2448
l 1507 2449
l 1508 2458
l 1509 2460
l 1510 2462
l 1511 2462
l 1512 2464
l 1513 2465
l 1514 2474
l 1515 2475
l 1516 2476
l 1517 2476
l 1518 2478
l 1519 2478
l 1520 2481
l 1521 2482
l 1522 2490
l 1523 2491
l 1524 2492
l 1525 2495
l 1526 2497
l 1527 2507
l 1528 2508
l 1529 2509
l 1530 2509
l 1531 2512
l 1532 2515
l 1533 2516
l 1534 2525
l 1535 2526
l 1536 2527
l 1537 2526
l 1538 2530
l 1539 2530
l 1540 2532
l 1541 2542
l 1542 2543
l 1543 2543
l 1544 2544
l 1545 2546
l 1546 2547
l 1547 2558
l 1548 2559
l 1549 2559
l 1550 2560
l 1551 2562
l 1552 2562
l 1553 2563
l 1554 2565
l 1555 2575
l 1556 2576
l 1557 2576
l 1558 2578
l 1559 2579
l 1560 2579
l 1561 2582
l 1562 2585
l 1563 2598
l 1564 2599
l 1565 2600
l 1566 2599
l 1567 2601
l 1568 2602
l 1569 2610
l 1570 2611
l 1571 2612
l 1572 2613
l 1573 2617
l 1574 2622
l 1575 2623
l 1576 2624
l 1577 2625
l 1578 2630
l 1579 2631
l 1580 2182
l 1581 2183
l 1582 2184
l 1583 2185
l 1584 2186
l 1585 2187
l 1586 2188
l 1587 2192
l 1588 2193
l 1589 2195
l 1590 2196
l 1591 2197
l 1592 2198
l 1593 2199
l 1594 2204
l 1595 2205
l 1596 2206
l 1597 2207
l 1598 2208
l 1599 2209
l 1600 2210
l 1601 2211
l 1602 2216
l 1603 2217
l 1604 2218
l 1605 2219
l 1612 2226
l 1613 2227
l 1614 2228
l 1615 2230
l 1620 2238
l 1621 2239
l 1622 2240
l 1623 2241
l 1627 2245
l 1629 2247
l 1630 2248
l 1631 2251
l 1632 2254
l 1633 2255
l 1635 2257
l 1637 2259
l 1640 2262
l 1641 2264
l 1642 2265
l 1643 2267
l 1646 2272
l 1648 2274
l 1650 2276
l 1651 2277
l 1652 2278
l 1653 2279
l 1654 2281
l 1655 2283
l 1660 2290
l 1661 2291
l 1662 2292
l 1663 2293
l 1664 2294
l 1666 2297
l 1667 2298
l 1668 2300
l 1672 2306
l 1673 2307
l 1674 2308
l 1675 2309
l 1678 2312
l 1679 2314
l 1681 2316
l 1682 2318
l 1684 2322
l 1685 2323
l 1686 2324
l 1687 2325
l 1691 2329
l 1693 2332
l 1694 2334
l 1695 2335
l 1696 2338
l 1697 2339
l 1698 2340
l 1699 2341
l 1704 2346
l 1705 2348
l 1706 2350
l 1707 2352
l 1708 2354
l 1709 2355
l 1710 2356
l 1713 2359
l 1716 2362
l 1717 2364
l 1718 2366
l 1719 2368
l 1720 2370
l 1721 2371
l 1722 2372
l 1724 2374
l 1728 2378
l 1729 2380
l 1730 2382
l 1731 2384
l 1732 2386
l 1734 2388
l 1735 2389
l 1738 2392
l 1740 2394
l 1741 2397
l 1742 2398
l 1743 2400
l 1744 2402
l 1746 2404
l 1749 2407
l 1750 2408
l 1752 2411
l 1753 2413
l 1754 2414
l 1755 2416
l 1757 2419
l 1760 2422
l 1761 2423
l 1763 2425
l 1764 2427
l 1765 2429
l 1766 2431
l 1767 2432
l 1770 2436
l 1772 2438
l 1774 2440
l 1775 2441
l 1776 2443
l 1777 2445
l 1778 2447
l 1779 2449
l 1783 2453
l 1785 2455
l 1786 2456
l 1787 2457
l 1788 2459
l 1789 2461
l 1790 2463
l 1791 2465
l 1796 2470
l 1797 2471
l 1798 2472
l 1799 2473
l 1800 2475
l 1801 2477
l 1802 2479
l 1804 2482
l 1808 2486
l 1809 2487
l 1810 2488
l 1811 2489
l 1812 2492
l 1814 2494
l 1815 2496
l 1816 2498
l 1820 2502
l 1821 2503
l 1822 2504
l 1823 2505
l 1825 2508
l 1827 2511
l 1829 2514
l 1830 2516
l 1832 2518
l 1833 2519
l 1834 2520
l 1835 2521
l 1839 2527
l 1840 2528
l 1842 2531
l 1843 2533
l 1844 2534
l 1845 2535
l 1846 2536
l 1848 2538
l 1852 2544
l 1853 2545
l 1854 2548
l 1855 2549
l 1856 2550
l 1858 2552
l 1861 2555
l 1862 2556
l 1864 2560
l 1865 2561
l 1866 2564
l 1867 2565
l 1872 2570
l 1873 2571
l 1874 2572
l 1875 2573
l 1878 2578
l 1880 2581
l 1882 2584
l 1883 2585
l 1885 2587
l 1888 2590
l 1890 2592
l 1891 2593
l 1896 2601
l 1897 2603
l 1898 2604
l 1899 2605
l 1900 2606
l 1901 2607
l 1902 2608
l 1903 2609
l 1904 2614
l 1905 2615
l 1906 2616
l 1907 2617
l 1908 2618
l 1909 2619
l 1910 2620
l 1911 2621
l 1912 2626
l 1913 2627
l 1914 2628
l 1915 2629
l 1916 2632
l 1917 2633
l 1918 2634
l 1919 2635
l 1920 2636
l 1921 2637
l 1922 1923
l 1922 1924
l 1923 1925
l 1924 1926
l 1925 1927
l 1926 1928
l 1927 1929
l 1928 1930
l 1929 1931
l 1930 1932
l 1931 1933
l 1932 1934
l 1933 1935
l 1934 1936
l 1935 1937
l 1936 1938
l 1937 1939
l 1938 1940
l 1939 1941
l 1940 1942
l 1941 1943
l 1942 1944
l 1943 1945
l 1944 1946
l 1945 1947
l 1946 1948
l 1947 1949
l 1948 1950
l 1949 1952
l 1950 1953
l 1952 1954
l 1953 1955
l 1954 1956
l 1955 1957
l 1956 1958
l 1957 1959
l 1958 1960
l 1959 1961
l 1960 1962
l 1961 1963
l 1962 1964
l 1963 1965
l 1964 1966
l 1965 1967
l 1966 1968
l 1967 1969
l 1968 1970
l 1969 1971
l 1970 1972
l 1971 1973
l 1972 1974
l 1973 1975
l 1974 1976
l 1975 1977
l 1976 1978
l 1977 1979
l 1978 1980
l 1979 1981
l 1980 1982
l 1981 1982
l 1983 1984
l 1983 1985
l 1984 1986
l 1985 1987
l 1986 1991
l 1987 1994
l 1988 1989
l 1988 1990
l 1989 1992
l 1990 1993
l 1991 1997
l 1992 1995
l 1993 1996
l 1994 1998
l 1995 1999
l 1996 2000
l 1997 2001
l 1998 2002
l 1999 2003
l 2000 2004
l 2001 2005
l 2002 2006
l 2003 2007
l 2004 2008
l 2005 2009
l 2006 2010
l 2007 2011
l 2008 2012
l 2009 2013
l 2010 2014
l 2011 2015
l 2012 2016
l 2013 2017
l 2014 2018
l 2015 2019
l 2016 2020
l 2017 2021
l 2018 2022
l 2020 2024
l 2021 2025
l 2022 2026
l 2023 2027
l 2024 2028
l 2025 2029
l 2026 2030
l 2027 2031
l 2028 2032
l 2029 2033
l 2030 2034
l 2031 2035
l 2032 2036
l 2033 2037
l 2034 2038
l 2035 2039
l 2036 2040
l 2037 2041
l 2038 2044
l 2039 2042
l 2040 2043
l 2041 2047
l 2042 2045
l 2043 2046
l 2044 2048
l 2045 2049
l 2046 2050
l 2047 2051
l 2048 2052
l 2049 2053
l 2050 2054
l 2051 2055
l 2052 2056
l 2053 2057
l 2054 2058
l 2055 2059
l 2056 2060
l 2057 2061
l 2058 2062
l 2060 2064
l 2061 2065
l 2062 2066
l 2063 2067
l 2064 2068
l 2065 2069
l 2066 2070
l 2067 2071
l 2068 2072
l 2069 2073
l 2070 2074
l 2071 2075
l 2072 2076
l 2073 2077
l 2074 2078
l 2075 2079
l 2076 2080
l 2077 2081
l 2078 2082
l 2079 2083
l 2080 2084
l 2081 2085
l 2082 2086
l 2083 2087
l 2084 2088
l 2085 2089
l 2086 2090
l 2087 2093
l 2088 2094
l 2089 2091
l 2090 2092
l 2091 2095
l 2092 2096
l 2093 2098
l 2094 2099
l 2095 2097
l 2096 2097
l 2098 2100
l 2099 2101
l 2100 2102
l 2101 2102
l 2103 2147
l 2103 3234
l 2104 2105
l 2104 2106
l 2105 2107
l 2107 2109
l 2108 2110
l 2109 2111
l 2110 2112
l 2111 2113
l 2112 2114
l 2113 2115
l 2115 2117
l 2116 2118
l 2117 2119
l 2118 2120
l 2119 2121
l 2120 2122
l 2121 2123
l 2122 2124
l 2123 2125
l 2124 2126
l 2125 2127
l 2126 2128
l 2127 2129
l 2128 2130
l 2129 2131
l 2132 2133
l 2134 2135
l 2135 2137
l 2136 2138
l 2137 2139
l 2138 2140
l 2139 2141
l 2140 2142
l 2141 2143
l 2142 2144
l 2143 2145
l 2144 2146
l 2145 2148
l 2146 2149
l 2147 2171
l 2149 2151
l 2150 2152
l 2151 2153
l 2152 2154
l 2153 2155
l 2154 2156
l 2156 2158
l 2157 2159
l 2158 2160
l 2159 2161
l 2160 2162
l 2161 2162
l 2165 2167
l 2166 2177
l 2168 2172
l 2168 2173
l 2169 2170
l 2171 3233
l 2174 2176
l 2175 2178
l 2179 4034
l 2180 4296
l 2181 3300
l 2638 2639
l 2638 2640
l 2639 2641
l 2640 2642
l 2641 2646
l 2642 2647
l 2643 2644
l 2643 2645
l 2644 2648
l 2645 2649
l 2646 2650
l 2647 2651
l 2648 2652
l 2649 2653
l 2650 2656
l 2651 2657
l 2652 2654
l 2653 2655
l 2654 2658
l 2655 2659
l 2656 2660
l 2657 2661
l 2658 2662
l 2659 2663
l 2660 2664
l 2661 2665
l 2662 2666
l 2663 2667
l 2664 2668
l 2665 2669
l 2666 2670
l 2667 2671
l 2668 2672
l 2669 2673
l 2670 2674
l 2671 2675
l 2672 2676
l 2673 2677
l 2674 2678
l 2675 2679
l 2676 2680
l 2677 2681
l 2678 2682
l 2679 2683
l 2680 2684
l 2681 2685
l 2682 2686
l 2683 2687
l 2684 2688
l 2685 2689
l 2686 2690
l 2687 2691
l 2688 2692
l 2689 2693
l 2690 2694
l 2691 2695
l 2692 2696
l 2693 2699
l 2694 2697
l 2695 2698
l 2696 2702
l 2697 2700
l 2698 2701
l 2699 2703
l 2700 2704
l 2701 2705
l 2702 2706
l 2703 2707
l 2704 2708
l 2705 2709
l 2706 2710
l 2707 2711
l 2708 2712
l 2709 2713
l 2710 2714
l 2711 2715
l 2712 2716
l 2713 2717
l 2714 2718
l 2715 2719
l 2716 2720
l 2717 2721
l 2718 2722
l 2719 2723
l 2720 2724
l 2721 2725
l 2722 2726
l 2723 2727
l 2724 2728
l 2725 2729
l 2726 2730
l 2727 2731
l 2728 2732
l 2729 2733
l 2730 2734
l 2731 2735
l 2732 2736
l 2733 2737
l 2734 2738
l 2735 2739
l 2736 2740
l 2737 2741
l 2738 2742
l 2739 2745
l 2740 2743
l 2741 2744
l 2742 2748
l 2743 2746
l 2744 2747
l 2745 2749
l 2746 2750
l 2747 2751
l 2748 2753
l 2749 2754
l 2750 2752
l 2751 2752
l 2753 2755
l 2754 2756
l 2755 2757
l 2756 2757
l 2758 3294
l 2759 3297
l 2760 3305
l 2761 3306
l 2762 3304
l 2763 3307
l 2764 3308
l 2765 3309
l 2766 3310
l 2767 3311
l 2768 3312
l 2769 3313
l 2770 3316
l 2771 3314
l 2772 3315
l 2773 3318
l 2774 3317
l 2775 3319
l 2776 3320
l 2777 3322
l 2778 3325
l 2779 3321
l 2780 3323
l 2781 3327
l 2782 3324
l 2783 3326
l 2784 3328
l 2785 3330
l 2786 3331
l 2787 3329
l 2788 3332
l 2789 3333
l 2790 3337
l 2791 3335
l 2792 3334
l 2793 3339
l 2794 3336
l 2795 3338
l 2796 3340
l 2797 3342
l 2798 3344
l 2799 3341
l 2801 3346
l 2802 3348
l 2808 3355
l 2809 3353
l 2811 3352
l 2812 3354
l 2814 3359
l 2815 3356
l 2818 3362
l 2819 3365
l 2821 3366
l 2822 3368
l 2823 3363
l 2824 3369
l 2828 3376
l 2829 3372
l 2830 3373
l 2831 3374
l 2832 3377
l 2833 3375
l 2836 3379
l 2837 3383
l 2838 3385
l 2840 3386
l 2841 3381
l 2842 3387
l 2845 3393
l 2846 3388
l 2847 3389
l 2848 3390
l 2848 3391
l 2850 3391
l 2851 3395
l 2853 3397
l 2855 3400
l 2856 3401
l 2857 3402
l 2858 3399
l 2859 3401
l 2859 3403
l 2862 3410
l 2863 3405
l 2864 3406
l 2865 3408
l 2866 3409
l 2867 3412
l 2870 3414
l 2871 3416
l 2872 3417
l 2873 3418
l 2874 3419
l 2875 3415
l 2878 3427
l 2879 3422
l 2880 3423
l 2881 3424
l 2881 3426
l 2883 3426
l 2884 3429
l 2886 3430
l 2888 3433
l 2889 3434
l 2890 3435
l 2891 3434
l 2891 3436
l 2892 3431
l 2895 3444
l 2896 3439
l 2897 3440
l 2898 3441
l 2898 3442
l 2899 3442
l 2901 3445
l 2903 3446
l 2905 3450
l 2906 3451
l 2907 3452
l 2908 3453
l 2909 3448
l 2911 3460
l 2913 3456
l 2914 3457
l 2915 3458
l 2916 3459
l 2917 3461
l 2920 3462
l 2921 3466
l 2922 3467
l 2923 3468
l 2924 3469
l 2925 3465
l 2928 3476
l 2929 3472
l 2930 3473
l 2931 3474
l 2932 3475
l 2933 3477
l 2936 3479
l 2937 3483
l 2938 3484
l 2939 3485
l 2940 3486
l 2941 3481
l 2944 3492
l 2945 3488
l 2946 3489
l 2947 3490
l 2948 3491
l 2949 3493
l 2952 3496
l 2953 3499
l 2954 3500
l 2955 3501
l 2956 3502
l 2957 3497
l 2960 3508
l 2961 3504
l 2962 3505
l 2964 3506
l 2965 3507
l 2966 3510
l 2968 3512
l 2969 3515
l 2970 3516
l 2971 3519
l 2972 3518
l 2974 3514
l 2976 3524
l 2978 3520
l 2979 3521
l 2980 3522
l 2981 3523
l 2982 3526
l 2984 3528
l 2986 3532
l 2987 3533
l 2988 3534
l 2989 3535
l 2990 3530
l 2993 3541
l 2994 3536
l 2995 3537
l 2996 3538
l 2997 3539
l 2999 3543
l 3001 3545
l 3003 3548
l 3004 3549
l 3005 3550
l 3006 3551
l 3007 3547
l 3009 3557
l 3010 3553
l 3011 3552
l 3013 3555
l 3014 3554
l 3015 3559
l 3017 3561
l 3019 3564
l 3020 3565
l 3021 3566
l 3022 3567
l 3023 3563
l 3026 3574
l 3027 3570
l 3028 3569
l 3029 3572
l 3030 3571
l 3031 3576
l 3034 3578
l 3035 3580
l 3036 3581
l 3037 3582
l 3038 3583
l 3039 3579
l 3042 3590
l 3043 3585
l 3044 3586
l 3045 3587
l 3046 3588
l 3047 3592
l 3050 3594
l 3051 3596
l 3052 3597
l 3053 3598
l 3054 3599
l 3055 3595
l 3058 3607
l 3059 3602
l 3060 3603
l 3061 3604
l 3062 3605
l 3064 3609
l 3066 3610
l 3067 3612
l 3068 3613
l 3069 3615
l 3071 3616
l 3072 3611
l 3074 3618
l 3075 3624
l 3077 3619
l 3078 3621
l 3079 3622
l 3081 3625
l 3082 3626
l 3084 3629
l 3084 3631
l 3085 3630
l 3086 3631
l 3087 3633
l 3088 3627
l 3091 3640
l 3092 3635
l 3093 3636
l 3094 3637
l 3096 3639
l 3097 3641
l 3099 3642
l 3101 3646
l 3102 3647
l 3103 3648
l 3104 3650
l 3105 3644
l 3108 3652
l 3109 3656
l 3110 3654
l 3111 3653
l 3112 3655
l 3113 3657
l 3116 3659
l 3117 3663
l 3118 3664
l 3119 3665
l 3120 3667
l 3122 3661
l 3124 3668
l 3125 3672
l 3126 3670
l 3128 3669
l 3129 3671
l 3131 3675
l 3133 3677
l 3134 3680
l 3136 3681
l 3137 3682
l 3138 3683
l 3139 3679
l 3142 3685
l 3143 3691
l 3144 3687
l 3145 3686
l 3146 3689
l 3148 3693
l 3150 3694
l 3152 3697
l 3153 3699
l 3155 3700
l 3156 3702
l 3157 3696
l 3160 3704
l 3161 3705
l 3163 3710
l 3164 3706
l 3165 3707
l 3167 3713
l 3174 3720
l 3175 3715
l 3176 3721
l 3177 3722
l 3178 3723
l 3179 3719
l 3180 3724
l 3181 3725
l 3182 3728
l 3183 3726
l 3184 3727
l 3185 3729
l 3186 3733
l 3187 3730
l 3188 3732
l 3189 3735
l 3190 3734
l 3191 3731
l 3192 3736
l 3193 3737
l 3194 3740
l 3195 3738
l 3196 3739
l 3197 3741
l 3198 3744
l 3199 3742
l 3200 3743
l 3201 3748
l 3202 3749
l 3203 3745
l 3204 3746
l 3205 3747
l 3206 3750
l 3207 3751
l 3208 3752
l 3209 3753
l 3210 3754
l 3211 3755
l 3212 3756
l 3213 3757
l 3214 3758
l 3215 3759
l 3222 4332
l 3222 4333
l 3222 4849
l 3223 4334
l 3224 3230
l 3224 3236
l 3230 3231
l 3231 3232
l 3232 3235
l 3233 3771
l 3234 3776
l 3236 3241
l 3237 3765
l 3238 3239
l 3238 3240
l 3241 4369
l 3242 3246
l 3243 3247
l 3244 3248
l 3245 3249
l 3250 3783
l 3251 3782
l 3252 3788
l 3253 3789
l 3254 3784
l 3255 3790
l 3256 3791
l 3257 3785
l 3258 3778
l 3259 3272
l 3260 3273
l 3261 3786
l 3262 3264
l 3262 3266
l 3262 3792
l 3263 3265
l 3263 3267
l 3263 3793
l 3264 3274
l 3265 3275
l 3266 3268
l 3267 3269
l 3270 3278
l 3271 3279
l 3276 3281
l 3276 3794
l 3277 3282
l 3277 3288
l 3280 3809
l 3281 3283
l 3282 3284
l 3285 3779
l 3285 3780
l 3285 3808
l 3286 3787
l 3287 3289
l 3290 3795
l 3290 3797
l 3290 3810
l 3291 3796
l 3291 3798
l 3291 3811
l 3292 3799
l 3293 3800
l 3295 3802
l 3296 3803
l 3298 3805
l 3299 3806
l 3301 3815
l 3302 6705
l 3303 3816
l 3760 3762
l 3761 3824
l 3763 3823
l 3763 3825
l 3763 4318
l 3764 3826
l 3764 4319
l 3766 4321
l 3767 4322
l 3768 4309
l 3769 4310
l 3770 4293
l 3771 4385
l 3772 4301
l 3773 4315
l 3774 4289
l 3775 4290
l 3775 4291
l 3776 4389
l 3777 4317
l 3778 4342
l 3779 4303
l 3780 4305
l 3781 4322
l 3782 4357
l 3783 4366
l 3784 4360
l 3785 4363
l 3786 4344
l 3787 4321
l 3788 4358
l 3789 4359
l 3790 4361
l 3791 4362
l 3792 4345
l 3793 4346
l 3794 4324
l 3795 4307
l 3796 4308
l 3797 4309
l 3798 4310
l 3799 4309
l 3800 4310
l 3801 6703
l 3804 4382
l 3807 6706
l 3812 6704
l 3813 6705
l 3814 6705
l 3817 4379
l 3818 4377
l 3818 5426
l 3819 4378
l 3819 5427
l 3820 3821
l 3822 4387
l 3823 4381
l 3825 4384
l 3826 4382
l 3827 4391
l 3828 4386
l 3829 4394
l 3830 4392
l 3831 4393
l 3832 4395
l 3833 4396
l 3834 4397
l 3835 4398
l 3836 4399
l 3837 4400
l 3838 4401
l 3839 4403
l 3840 4404
l 3841 4402
l 3842 4406
l 3843 4405
l 3844 4407
l 3845 4408
l 3846 4411
l 3847 4409
l 3848 4412
l 3849 4414
l 3850 4410
l 3851 4415
l 3852 4413
l 3853 4416
l 3854 4419
l 3855 4417
l 3856 4418
l 3857 4420
l 3858 4421
l 3859 4424
l 3860 4423
l 3861 4426
l 3862 4422
l 3863 4427
l 3864 4425
l 3865 4428
l 3866 4431
l 3867 4429
l 3869 4430
l 3871 4433
l 3873 4434
l 3877 4443
l 3878 4441
l 3879 4444
l 3880 4440
l 3881 4447
l 3884 4446
l 3887 4450
l 3888 4455
l 3890 4451
l 3891 4453
l 3893 4454
l 3894 4456
l 3897 4461
l 3898 4462
l 3899 4463
l 3900 4465
l 3901 4460
l 3902 4464
l 3904 4468
l 3906 4473
l 3908 4469
l 3910 4470
l 3911 4472
l 3912 4474
l 3913 4478
l 3914 4479
l 3915 4480
l 3916 4480
l 3916 4482
l 3918 4477
l 3920 4483
l 3922 4485
l 3924 4490
l 3925 4487
l 3926 4488
l 3926 4491
l 3927 4489
l 3928 4491
l 3930 4495
l 3931 4496
l 3933 4497
l 3934 4498
l 3935 4494
l 3937 4499
l 3939 4502
l 3940 4507
l 3941 4503
l 3942 4504
l 3943 4505
l 3944 4506
l 3947 4511
l 3948 4512
l 3949 4513
l 3951 4513
l 3951 4515
l 3952 4510
l 3954 4516
l 3955 4518
l 3956 4524
l 3958 4520
l 3959 4521
l 3959 4523
l 3960 4522
l 3961 4523
l 3964 4528
l 3965 4529
l 3966 4530
l 3967 4530
l 3967 4531
l 3969 4527
l 3970 4533
l 3971 4535
l 3973 4541
l 3975 4537
l 3976 4538
l 3977 4539
l 3978 4540
l 3981 4545
l 3982 4546
l 3983 4547
l 3984 4548
l 3985 4543
l 3986 4549
l 3987 4552
l 3990 4557
l 3991 4553
l 3992 4554
l 3993 4555
l 3994 4556
l 3997 4561
l 3998 4562
l 3999 4563
l 4000 4564
l 4001 4560
l 4002 4565
l 4004 4568
l 4006 4573
l 4008 4569
l 4009 4570
l 4010 4571
l 4011 4572
l 4013 4577
l 4014 4578
l 4015 4579
l 4016 4580
l 4017 4576
l 4018 4581
l 4021 4584
l 4022 4589
l 4024 4585
l 4025 4586
l 4026 4587
l 4027 4588
l 4029 4593
l 4030 4594
l 4031 4596
l 4032 4597
l 4033 4592
l 4034 6697
l 4036 4598
l 4038 4600
l 4040 4606
l 4041 4601
l 4042 4602
l 4044 4604
l 4045 4603
l 4046 4610
l 4047 4611
l 4048 4612
l 4049 4613
l 4050 4608
l 4052 4614
l 4054 4616
l 4056 4622
l 4058 4618
l 4059 4619
l 4060 4620
l 4061 4621
l 4062 4626
l 4063 4627
l 4064 4628
l 4065 4629
l 4067 4625
l 4069 4631
l 4071 4633
l 4073 4639
l 4074 4635
l 4075 4636
l 4076 4637
l 4077 4638
l 4078 4643
l 4079 4642
l 4080 4646
l 4081 4645
l 4083 4641
l 4085 4647
l 4087 4649
l 4089 4655
l 4090 4651
l 4091 4652
l 4092 4653
l 4093 4654
l 4095 4660
l 4096 4659
l 4097 4662
l 4098 4661
l 4100 4658
l 4102 4663
l 4104 4666
l 4105 4671
l 4106 4667
l 4107 4668
l 4108 4669
l 4109 4670
l 4111 4675
l 4112 4676
l 4113 4677
l 4114 4678
l 4116 4674
l 4118 4679
l 4120 4682
l 4121 4687
l 4122 4683
l 4123 4684
l 4124 4685
l 4125 4686
l 4128 4691
l 4129 4692
l 4130 4693
l 4131 4694
l 4133 4690
l 4135 4696
l 4136 4698
l 4137 4704
l 4138 4699
l 4139 4700
l 4141 4701
l 4142 4703
l 4144 4706
l 4145 4709
l 4147 4710
l 4148 4711
l 4150 4707
l 4151 4713
l 4152 4714
l 4153 4720
l 4155 4716
l 4156 4717
l 4157 4716
l 4157 4718
l 4159 4719
l 4161 4724
l 4162 4725
l 4163 4726
l 4165 4728
l 4166 4723
l 4167 4729
l 4168 4731
l 4170 4737
l 4172 4733
l 4173 4734
l 4174 4735
l 4176 4736
l 4178 4740
l 4179 4743
l 4180 4742
l 4181 4744
l 4182 4741
l 4183 4745
l 4185 4748
l 4187 4754
l 4189 4749
l 4190 4750
l 4191 4751
l 4193 4752
l 4194 4756
l 4195 4760
l 4196 4758
l 4197 4761
l 4198 4757
l 4201 4763
l 4203 4765
l 4205 4771
l 4206 4766
l 4207 4768
l 4208 4769
l 4209 4770
l 4211 4774
l 4212 4777
l 4213 4776
l 4215 4778
l 4217 4775
l 4219 4780
l 4220 4782
l 4222 4789
l 4223 4784
l 4225 4785
l 4226 4787
l 4228 4788
l 4230 4792
l 4231 4793
l 4232 4796
l 4233 4797
l 4236 4795
l 4239 4799
l 4241 4807
l 4245 4811
l 4246 4806
l 4247 4808
l 4248 4809
l 4249 4810
l 4250 4812
l 4251 4813
l 4252 4815
l 4253 4816
l 4254 4814
l 4255 4817
l 4256 4819
l 4257 4823
l 4258 4820
l 4259 4818
l 4260 4822
l 4261 4821
l 4262 4824
l 4263 4825
l 4264 4827
l 4265 4828
l 4266 4826
l 4267 4829
l 4268 4831
l 4269 4832
l 4270 4830
l 4271 4835
l 4272 4836
l 4273 4837
l 4274 4833
l 4275 4834
l 4276 4838
l 4277 4839
l 4278 4840
l 4279 4841
l 4280 4842
l 4281 4843
l 4282 4844
l 4283 4845
l 4284 4846
l 4285 4847
l 4286 4287
l 4288 4297
l 4289 4379
l 4290 4379
l 4291 4380
l 4292 4316
l 4294 4298
l 4295 4299
l 4296 6701
l 4300 4302
l 4304 4306
l 4311 5428
l 4311 5429
l 4311 5475
l 4312 5430
l 4313 5431
l 4314 5432
l 4315 5433
l 4317 5434
l 4317 5476
l 4320 4324
l 4323 4337
l 4324 4328
l 4325 4329
l 4326 4340
l 4327 4341
l 4328 4330
l 4329 4331
l 4332 6702
l 4333 6703
l 4334 6703
l 4335 4347
l 4336 4348
l 4338 4349
l 4339 4350
l 4343 5439
l 4345 4353
l 4345 4355
l 4346 4354
l 4346 4356
l 4351 5440
l 4352 5441
l 4352 5442
l 4353 4364
l 4354 4365
l 4367 5445
l 4368 5446
l 4369 6710
l 4370 5447
l 4371 5471
l 4372 5472
l 4374 5449
l 4375 5451
l 4376 5448
l 4379 5457
l 4380 5458
l 4381 5460
l 4382 5461
l 4383 5462
l 4383 5463
l 4383 6287
l 4385 6709
l 4386 5471
l 4387 5466
l 4388 5468
l 4389 6711
l 4390 5469
l 4390 5470
l 4390 6301
l 4848 6695
l 4849 6702
l 4849 6703
l 4850 4851
l 4850 4852
l 4851 4853
l 4852 4854
l 4853 4858
l 4854 4859
l 4855 4856
l 4855 4857
l 4856 4860
l 4857 4861
l 4858 4862
l 4859 4863
l 4860 4864
l 4861 4865
l 4862 4868
l 4863 4869
l 4864 4866
l 4865 4867
l 4866 4870
l 4867 4871
l 4868 4872
l 4869 4873
l 4870 4874
l 4871 4875
l 4872 4876
l 4873 4877
l 4874 4878
l 4875 4879
l 4876 4880
l 4877 4881
l 4878 4882
l 4879 4883
l 4880 4884
l 4881 4885
l 4882 4886
l 4883 4887
l 4884 4888
l 4885 4889
l 4886 4890
l 4887 4891
l 4888 4892
l 4889 4893
l 4890 4894
l 4891 4895
l 4892 4896
l 4893 4897
l 4894 4898
l 4895 4899
l 4896 4900
l 4897 4901
l 4898 4902
l 4899 4903
l 4900 4904
l 4901 4905
l 4902 4906
l 4903 4907
l 4904 4908
l 4905 4911
l 4906 4909
l 4907 4910
l 4908 4914
l 4909 4912
l 4910 4913
l 4911 4915
l 4912 4916
l 4913 4917
l 4914 4918
l 4915 4919
l 4916 4920
l 4917 4921
l 4918 4922
l 4919 4923
l 4920 4924
l 4921 4925
l 4922 4926
l 4923 4927
l 4924 4928
l 4925 4929
l 4926 4930
l 4927 4931
l 4928 4932
l 4929 4933
l 4930 4934
l 4931 4935
l 4932 4936
l 4933 4937
l 4934 4938
l 4935 4939
l 4936 4940
l 4937 4941
l 4938 4942
l 4939 4943
l 4940 4944
l 4941 4945
l 4942 4946
l 4943 4947
l 4944 4948
l 4945 4949
l 4946 4950
l 4947 4951
l 4948 4952
l 4949 4953
l 4950 4954
l 4951 4957
l 4952 4955
l 4953 4956
l 4954 4960
l 4955 4958
l 4956 4959
l 4957 4961
l 4958 4962
l 4959 4963
l 4960 4965
l 4961 4966
l 4962 4964
l 4963 4964
l 4965 4967
l 4966 4968
l 4967 4969
l 4968 4969
l 4970 5715
l 4971 5716
l 4972 5717
l 4973 5718
l 4973 6057
l 4974 5719
l 4975 5720
l 4976 5721
l 4977 6058
l 4978 6059
l 4979 6060
l 4980 5722
l 4981 5723
l 4982 6061
l 4983 5724
l 4984 5725
l 4985 5726
l 4985 6062
l 4986 5727
l 4987 5728
l 4988 6063
l 4988 6064
l 4989 6065
l 4990 6066
l 4991 6067
l 4992 5729
l 4993 5730
l 4994 5731
l 4995 5732
l 4996 5733
l 4997 5734
l 4997 6068
l 4998 5735
l 4998 6069
l 4999 5736
l 5000 6070
l 5001 6071
l 5002 6072
l 5003 6073
l 5004 5737
l 5005 5738
l 5006 5739
l 5007 5740
l 5014 5747
l 5015 5748
l 5015 6074
l 5016 5749
l 5016 6075
l 5017 6076
l 5018 5750
l 5019 6077
l 5020 6079
l 5021 6078
l 5021 6080
l 5026 5755
l 5027 5756
l 5028 5757
l 5029 5758
l 5033 5762
l 5035 5764
l 5036 5765
l 5037 6081
l 5037 6082
l 5038 6083
l 5039 5766
l 5040 6084
l 5041 6085
l 5041 6086
l 5042 5767
l 5043 5768
l 5045 5770
l 5047 5772
l 5050 5775
l 5051 6087
l 5051 6088
l 5052 5776
l 5052 6089
l 5053 5777
l 5054 6090
l 5055 5778
l 5056 6092
l 5057 6091
l 5057 6093
l 5060 5781
l 5062 5783
l 5064 5785
l 5065 5786
l 5066 5787
l 5067 5788
l 5067 6095
l 5068 6094
l 5068 6096
l 5069 5789
l 5069 6097
l 5070 6098
l 5071 5790
l 5072 6100
l 5073 6099
l 5073 6101
l 5078 5795
l 5079 5796
l 5080 5797
l 5081 5798
l 5082 5799
l 5084 6102
l 5084 6103
l 5085 5801
l 5085 6104
l 5086 5802
l 5086 6105
l 5087 6106
l 5088 5803
l 5089 6107
l 5091 6108
l 5091 6109
l 5094 5807
l 5095 5808
l 5096 5809
l 5097 5810
l 5100 5813
l 5101 6110
l 5102 5814
l 5104 5816
l 5104 6111
l 5105 6112
l 5106 5817
l 5107 6113
l 5108 6114
l 5108 6115
l 5110 5819
l 5111 5820
l 5112 5821
l 5113 5822
l 5117 5826
l 5119 6116
l 5120 5828
l 5120 6117
l 5121 6118
l 5122 5829
l 5123 5830
l 5124 6119
l 5125 6120
l 5126 5831
l 5127 5832
l 5128 5833
l 5129 5834
l 5134 5839
l 5135 6121
l 5135 6122
l 5136 5840
l 5137 6123
l 5138 5841
l 5138 6124
l 5139 6125
l 5140 5842
l 5141 6126
l 5141 6127
l 5142 5843
l 5143 5844
l 5144 5845
l 5147 5848
l 5150 5851
l 5151 6128
l 5151 6129
l 5152 5852
l 5152 6130
l 5153 6131
l 5154 5853
l 5155 6132
l 5156 5854
l 5157 6133
l 5157 6134
l 5158 5855
l 5159 5856
l 5160 5857
l 5162 5859
l 5166 5863
l 5167 6135
l 5167 6136
l 5168 5864
l 5168 6137
l 5169 6138
l 5170 5865
l 5170 6139
l 5171 6140
l 5172 5866
l 5173 6141
l 5174 5867
l 5176 5869
l 5177 5870
l 5180 5873
l 5182 5875
l 5183 6142
l 5184 6143
l 5185 5876
l 5186 5877
l 5186 6144
l 5187 6145
l 5188 5878
l 5189 6146
l 5190 5879
l 5192 5881
l 5195 5884
l 5196 5885
l 5198 6147
l 5199 5887
l 5200 6148
l 5201 5888
l 5201 6149
l 5202 5889
l 5202 6150
l 5203 6151
l 5204 5890
l 5205 6152
l 5207 5892
l 5210 5895
l 5211 5896
l 5213 5898
l 5214 6153
l 5215 5899
l 5216 6154
l 5217 5900
l 5217 6155
l 5218 6156
l 5219 5901
l 5219 6157
l 5220 5902
l 5221 6158
l 5224 5905
l 5226 5907
l 5228 5909
l 5229 5910
l 5230 6159
l 5230 6160
l 5231 5911
l 5232 6161
l 5233 5912
l 5234 6162
l 5235 5913
l 5235 6163
l 5236 6164
l 5236 6165
l 5237 5914
l 5241 5918
l 5243 5920
l 5244 5921
l 5245 5922
l 5246 6166
l 5247 5923
l 5248 6167
l 5249 5924
l 5249 6168
l 5250 6169
l 5251 5925
l 5252 6170
l 5252 6171
l 5253 5926
l 5258 5931
l 5259 5932
l 5260 5933
l 5261 5934
l 5262 6172
l 5262 6173
l 5263 5935
l 5264 6174
l 5265 5936
l 5265 6175
l 5266 6176
l 5267 5937
l 5269 6177
l 5269 6178
l 5270 5939
l 5274 5943
l 5275 5944
l 5276 5945
l 5277 5946
l 5278 6179
l 5279 6180
l 5280 5947
l 5282 5949
l 5282 6181
l 5283 6182
l 5284 5950
l 5284 6183
l 5285 6184
l 5285 6185
l 5286 5951
l 5290 5955
l 5291 5956
l 5292 5957
l 5293 5958
l 5295 6186
l 5295 6187
l 5296 5960
l 5297 6188
l 5299 5962
l 5299 6189
l 5300 6190
l 5302 5964
l 5302 6191
l 5303 6192
l 5303 6193
l 5304 5965
l 5306 5967
l 5307 5968
l 5308 5969
l 5309 5970
l 5313 6194
l 5313 6195
l 5314 6196
l 5315 5974
l 5316 5975
l 5316 6197
l 5318 6198
l 5319 5977
l 5319 6199
l 5320 6200
l 5320 6201
l 5321 5978
l 5322 5979
l 5323 5980
l 5324 5981
l 5326 5983
l 5330 6202
l 5330 6204
l 5331 6203
l 5332 5987
l 5333 5988
l 5333 6205
l 5334 6206
l 5335 6207
l 5335 6208
l 5336 5989
l 5337 5990
l 5338 5991
l 5340 5993
l 5343 5996
l 5344 5997
l 5346 6209
l 5346 6211
l 5347 6210
l 5348 5999
l 5349 6000
l 5350 6212
l 5351 6213
l 5351 6214
l 5352 6001
l 5353 6002
l 5358 6007
l 5359 6008
l 5360 6009
l 5361 6010
l 5363 6215
l 5363 6217
l 5364 6216
l 5366 6013
l 5367 6218
l 5369 6015
l 5370 6219
l 5370 6220
l 5372 6017
l 5373 6018
l 5375 6020
l 5378 6023
l 5380 6025
l 5381 6026
l 5386 6221
l 5386 6223
l 5387 6222
l 5388 6224
l 5389 6031
l 5390 6225
l 5391 6032
l 5391 6226
l 5392 6033
l 5393 6034
l 5394 6035
l 5395 6036
l 5396 6037
l 5397 6038
l 5398 6227
l 5399 6228
l 5400 6229
l 5401 6230
l 5402 6039
l 5403 6040
l 5403 6231
l 5404 6041
l 5405 6042
l 5406 6043
l 5407 6044
l 5408 6045
l 5409 6046
l 5410 6232
l 5411 6233
l 5412 6234
l 5413 6235
l 5414 6047
l 5415 6048
l 5415 6236
l 5416 6049
l 5417 6050
l 5418 6237
l 5419 6238
l 5420 6051
l 5421 6052
l 5422 6053
l 5423 6054
l 5424 6055
l 5424 6239
l 5425 6056
l 5428 6689
l 5429 6691
l 5430 6691
l 5431 6692
l 5432 6694
l 5433 6695
l 5434 6698
l 5435 6698
l 5436 6690
l 5437 6708
l 5438 6712
l 5440 6717
l 5441 6718
l 5443 6696
l 5444 6700
l 5445 6714
l 5446 6716
l 5447 6715
l 5449 6719
l 5450 6719
l 5451 6720
l 5452 5454
l 5453 5455
l 5453 5456
l 5457 6690
l 5458 6693
l 5459 6707
l 5461 6712
l 5462 6712
l 5463 6713
l 5464 5473
l 5465 5474
l 5466 6696
l 5467 6696
l 5469 6699
l 5470 6700
l 5477 5478
l 5477 5479
l 5478 5480
l 5480 5482
l 5481 5483
l 5482 5484
l 5483 5485
l 5484 5486
l 5485 5487
l 5486 5488
l 5488 5490
l 5489 5491
l 5490 5492
l 5491 5493
l 5492 5494
l 5493 5495
l 5494 5496
l 5495 5497
l 5496 5498
l 5497 5499
l 5498 5500
l 5499 5501
l 5500 5502
l 5501 5503
l 5502 5504
l 5505 5506
l 5507 5508
l 5508 5510
l 5509 5511
l 5510 5512
l 5511 5513
l 5512 5514
l 5513 5515
l 5514 5516
l 5515 5517
l 5516 5518
l 5517 5519
l 5518 5520
l 5519 5521
l 5521 5523
l 5522 5524
l 5523 5525
l 5524 5526
l 5525 5527
l 5526 5528
l 5528 5530
l 5529 5531
l 5530 5532
l 5531 5533
l 5532 5534
l 5533 5534
l 5535 5536
l 5535 5537
l 5536 5538
l 5537 5539
l 5538 5543
l 5539 5546
l 5540 5541
l 5540 5542
l 5541 5544
l 5542 5545
l 5543 5549
l 5544 5547
l 5545 5548
l 5546 5550
l 5547 5551
l 5548 5552
l 5549 5553
l 5550 5554
l 5551 5555
l 5552 5556
l 5553 5557
l 5554 5558
l 5555 5559
l 5556 5560
l 5557 5561
l 5558 5562
l 5559 5563
l 5560 5564
l 5561 5565
l 5562 5566
l 5563 5567
l 5564 5568
l 5565 5569
l 5566 5570
l 5567 5571
l 5568 5572
l 5569 5573
l 5570 5574
l 5572 5576
l 5573 5577
l 5574 5578
l 5575 5579
l 5576 5580
l 5577 5581
l 5578 5582
l 5579 5583
l 5580 5584
l 5581 5585
l 5582 5586
l 5583 5587
l 5584 5588
l 5585 5589
l 5586 5590
l 5587 5591
l 5588 5592
l 5589 5593
l 5590 5596
l 5591 5594
l 5592 5595
l 5593 5599
l 5594 5597
l 5595 5598
l 5596 5600
l 5597 5601
l 5598 5602
l 5599 5603
l 5600 5604
l 5601 5605
l 5602 5606
l 5603 5607
l 5604 5608
l 5605 5609
l 5606 5610
l 5607 5611
l 5608 5612
l 5609 5613
l 5610 5614
l 5612 5616
l 5613 5617
l 5614 5618
l 5615 5619
l 5616 5620
l 5617 5621
l 5618 5622
l 5619 5623
l 5620 5624
l 5621 5625
l 5622 5626
l 5623 5627
l 5624 5628
l 5625 5629
l 5626 5630
l 5627 5631
l 5628 5632
l 5629 5633
l 5630 5634
l 5631 5635
l 5632 5636
l 5633 5637
l 5634 5638
l 5635 5639
l 5636 5640
l 5637 5641
l 5638 5642
l 5639 5645
l 5640 5646
l 5641 5643
l 5642 5644
l 5643 5647
l 5644 5648
l 5645 5650
l 5646 5651
l 5647 5649
l 5648 5649
l 5650 5652
l 5651 5653
l 5652 5654
l 5653 5654
l 5655 5656
l 5655 5657
l 5656 5658
l 5657 5659
l 5658 5660
l 5659 5661
l 5660 5662
l 5661 5663
l 5662 5664
l 5663 5665
l 5664 5666
l 5665 5667
l 5666 5668
l 5667 5669
l 5668 5670
l 5669 5671
l 5670 5672
l 5671 5673
l 5672 5674
l 5673 5675
l 5674 5676
l 5675 5677
l 5676 5678
l 5677 5679
l 5678 5680
l 5679 5681
l 5680 5682
l 5681 5683
l 5682 5684
l 5683 5685
l 5684 5686
l 5685 5687
l 5686 5688
l 5687 5689
l 5688 5690
l 5689 5691
l 5690 5692
l 5691 5693
l 5692 5694
l 5693 5695
l 5694 5696
l 5695 5697
l 5696 5698
l 5697 5699
l 5698 5700
l 5699 5701
l 5700 5702
l 5701 5703
l 5702 5704
l 5703 5705
l 5704 5706
l 5705 5707
l 5706 5708
l 5707 5709
l 5708 5710
l 5709 5711
l 5710 5712
l 5711 5713
l 5712 5714
l 5713 5714
l 6240 6241
l 6240 6242
l 6241 6243
l 6242 6244
l 6243 6245
l 6244 6246
l 6245 6247
l 6246 6248
l 6247 6249
l 6248 6250
l 6249 6251
l 6250 6252
l 6251 6253
l 6252 6254
l 6253 6255
l 6254 6256
l 6255 6257
l 6256 6258
l 6257 6259
l 6258 6260
l 6259 6261
l 6260 6262
l 6261 6263
l 6262 6264
l 6263 6265
l 6264 6266
l 6265 6267
l 6266 6268
l 6267 6269
l 6268 6270
l 6269 6271
l 6270 6272
l 6271 6273
l 6272 6274
l 6273 6275
l 6274 6276
l 6275 6277
l 6276 6278
l 6277 6279
l 6278 6280
l 6279 6281
l 6280 6282
l 6281 6283
l 6282 6284
l 6283 6285
l 6284 6286
l 6285 6288
l 6286 6289
l 6288 6290
l 6289 6291
l 6290 6292
l 6291 6293
l 6292 6294
l 6293 6295
l 6294 6296
l 6295 6297
l 6296 6298
l 6297 6299
l 6298 6300
l 6299 6300
l 6302 6303
l 6302 6304
l 6303 6305
l 6304 6306
l 6305 6307
l 6306 6308
l 6307 6309
l 6308 6310
l 6309 6311
l 6310 6312
l 6311 6313
l 6312 6314
l 6313 6315
l 6314 6316
l 6315 6317
l 6316 6318
l 6317 6319
l 6318 6320
l 6319 6321
l 6320 6322
l 6321 6323
l 6322 6324
l 6323 6325
l 6324 6326
l 6325 6327
l 6326 6328
l 6327 6329
l 6328 6330
l 6329 6331
l 6330 6332
l 6331 6333
l 6332 6334
l 6333 6335
l 6334 6336
l 6335 6337
l 6336 6338
l 6337 6339
l 6338 6340
l 6339 6341
l 6340 6342
l 6341 6343
l 6342 6344
l 6343 6345
l 6344 6346
l 6345 6347
l 6346 6348
l 6347 6349
l 6348 6350
l 6349 6351
l 6350 6352
l 6351 6353
l 6352 6354
l 6353 6355
l 6354 6356
l 6355 6357
l 6356 6358
l 6357 6359
l 6358 6360
l 6359 6361
l 6360 6361
l 6362 6363
l 6362 6364
l 6363 6365
l 6364 6366
l 6365 6367
l 6366 6368
l 6367 6369
l 6368 6370
l 6369 6371
l 6370 6372
l 6371 6373
l 6372 6374
l 6373 6375
l 6374 6376
l 6375 6377
l 6376 6378
l 6377 6379
l 6378 6380
l 6379 6381
l 6380 6382
l 6381 6383
l 6382 6384
l 6383 6385
l 6384 6386
l 6385 6387
l 6386 6388
l 6387 6389
l 6388 6390
l 6389 6391
l 6390 6392
l 6391 6393
l 6392 6394
l 6393 6395
l 6394 6396
l 6395 6397
l 6396 6398
l 6397 6399
l 6398 6400
l 6399 6401
l 6400 6402
l 6401 6403
l 6402 6404
l 6403 6405
l 6404 6406
l 6405 6407
l 6406 6408
l 6407 6409
l 6408 6410
l 6409 6411
l 6410 6412
l 6411 6413
l 6412 6414
l 6413 6415
l 6414 6416
l 6415 6417
l 6416 6418
l 6417 6419
l 6418 6420
l 6419 6421
l 6420 6421
l 6434 8626
l 6435 8631
l 6440 8636
l 6449 6450
l 6449 6451
l 6450 6452
l 6451 6453
l 6452 6454
l 6453 6455
l 6454 6456
l 6455 6457
l 6456 6458
l 6457 6459
l 6458 6460
l 6459 6461
l 6460 6462
l 6461 6463
l 6462 6464
l 6463 6465
l 6464 6466
l 6465 6467
l 6466 6468
l 6467 6469
l 6468 6470
l 6469 6471
l 6470 6472
l 6471 6473
l 6472 6474
l 6473 6475
l 6474 6476
l 6475 6477
l 6476 6478
l 6477 6479
l 6478 6480
l 6479 6481
l 6480 6482
l 6481 6483
l 6482 6484
l 6483 6485
l 6484 6486
l 6485 6487
l 6486 6488
l 6487 6489
l 6488 6490
l 6489 6491
l 6490 6492
l 6491 6493
l 6492 6494
l 6493 6495
l 6494 6496
l 6495 6497
l 6496 6498
l 6497 6499
l 6498 6500
l 6499 6501
l 6500 6502
l 6501 6503
l 6502 6504
l 6503 6505
l 6504 6506
l 6505 6507
l 6506 6508
l 6507 6508
l 6509 6510
l 6509 6511
l 6510 6512
l 6511 6513
l 6512 6514
l 6513 6515
l 6514 6516
l 6515 6517
l 6516 6518
l 6517 6519
l 6518 6520
l 6519 6521
l 6520 6522
l 6521 6523
l 6522 6524
l 6523 6525
l 6524 6526
l 6525 6527
l 6526 6528
l 6527 6529
l 6528 6530
l 6529 6531
l 6530 6532
l 6531 6533
l 6532 6534
l 6533 6535
l 6534 6536
l 6535 6537
l 6536 6538
l 6537 6539
l 6538 6540
l 6539 6541
l 6540 6542
l 6541 6543
l 6542 6544
l 6543 6545
l 6544 6546
l 6545 6547
l 6546 6548
l 6547 6549
l 6548 6550
l 6549 6551
l 6550 6552
l 6551 6553
l 6552 6554
l 6553 6555
l 6554 6556
l 6555 6557
l 6556 6558
l 6557 6559
l 6558 6560
l 6559 6561
l 6560 6562
l 6561 6563
l 6562 6564
l 6563 6565
l 6564 6566
l 6565 6567
l 6566 6568
l 6567 6568
l 6569 6570
l 6569 6571
l 6570 6572
l 6571 6573
l 6572 6574
l 6573 6575
l 6574 6576
l 6575 6577
l 6576 6578
l 6577 6579
l 6578 6580
l 6579 6581
l 6580 6582
l 6581 6583
l 6582 6584
l 6583 6585
l 6584 6586
l 6585 6587
l 6586 6588
l 6587 6589
l 6588 6590
l 6589 6591
l 6590 6592
l 6591 6593
l 6592 6594
l 6593 6595
l 6594 6596
l 6595 6597
l 6596 6598
l 6597 6599
l 6598 6600
l 6599 6601
l 6600 6602
l 6601 6603
l 6602 6604
l 6603 6605
l 6604 6606
l 6605 6607
l 6606 6608
l 6607 6609
l 6608 6610
l 6609 6611
l 6610 6612
l 6611 6613
l 6612 6614
l 6613 6615
l 6614 6616
l 6615 6617
l 6616 6618
l 6617 6619
l 6618 6620
l 6619 6621
l 6620 6622
l 6621 6623
l 6622 6624
l 6623 6625
l 6624 6626
l 6625 6627
l 6626 6628
l 6627 6628
l 6629 6630
l 6629 6631
l 6630 6632
l 6631 6633
l 6632 6634
l 6633 6635
l 6634 6636
l 6635 6637
l 6636 6638
l 6637 6639
l 6638 6640
l 6639 6641
l 6640 6642
l 6641 6643
l 6642 6644
l 6643 6645
l 6644 6646
l 6645 6647
l 6646 6648
l 6647 6649
l 6648 6650
l 6649 6651
l 6650 6652
l 6651 6653
l 6652 6654
l 6653 6655
l 6654 6656
l 6655 6657
l 6656 6658
l 6657 6659
l 6658 6660
l 6659 6661
l 6660 6662
l 6661 6663
l 6662 6664
l 6663 6665
l 6664 6666
l 6665 6667
l 6666 6668
l 6667 6669
l 6668 6670
l 6669 6671
l 6670 6672
l 6671 6673
l 6672 6674
l 6673 6675
l 6674 6676
l 6675 6677
l 6676 6678
l 6677 6679
l 6678 6680
l 6679 6681
l 6680 6682
l 6681 6683
l 6682 6684
l 6683 6685
l 6684 6686
l 6685 6687
l 6686 6688
l 6687 6688
l 6689 6761
l 6690 6732
l 6690 6755
l 6691 6724
l 6691 6762
l 6691 6763
l 6692 6764
l 6693 6733
l 6694 6765
l 6695 6766
l 6695 7037
l 6696 6727
l 6696 6728
l 6696 6754
l 6697 8097
l 6698 6767
l 6698 6768
l 6699 6730
l 6700 6731
l 6700 6751
l 6701 8081
l 6702 7011
l 6702 8040
l 6703 7011
l 6703 8041
l 6703 8042
l 6703 9181
l 6704 9168
l 6705 9169
l 6705 9170
l 6705 9711
l 6706 9175
l 6707 6734
l 6708 6756
l 6709 7141
l 6710 8012
l 6711 7137
l 6712 6736
l 6712 6737
l 6712 6757
l 6713 6738
l 6714 6752
l 6715 6750
l 6716 6753
l 6717 6758
l 6718 6759
l 6719 6746
l 6719 6747
l 6720 6748
l 6721 7133
l 6722 7142
l 6723 8063
l 6724 8066
l 6725 7143
l 6725 8010
l 6726 8011
l 6727 7135
l 6729 7136
l 6730 7133
l 6731 7133
l 6732 7138
l 6733 7139
l 6735 7187
l 6736 7192
l 6737 7142
l 6738 7142
l 6739 6743
l 6740 6744
l 6741 6745
l 6742 6745
l 6746 7949
l 6748 7950
l 6749 7658
l 6750 8013
l 6752 8014
l 6753 8015
l 6758 8026
l 6759 8027
l 6760 8027
l 6761 8066
l 6762 8066
l 6763 8067
l 6764 8068
l 6765 8069
l 6766 8070
l 6767 8063
l 6769 6770
l 6769 6771
l 6770 6772
l 6771 6773
l 6772 6774
l 6773 6775
l 6774 6776
l 6775 6777
l 6776 6778
l 6777 6779
l 6778 6780
l 6779 6781
l 6780 6782
l 6781 6783
l 6782 6784
l 6783 6785
l 6784 6786
l 6785 6787
l 6786 6788
l 6787 6789
l 6788 6790
l 6789 6791
l 6790 6792
l 6791 6793
l 6792 6794
l 6793 6795
l 6794 6796
l 6795 6797
l 6796 6798
l 6797 6799
l 6798 6800
l 6799 6801
l 6800 6802
l 6801 6803
l 6802 6804
l 6803 6805
l 6804 6806
l 6805 6807
l 6806 6808
l 6807 6809
l 6808 6810
l 6809 6811
l 6810 6812
l 6811 6813
l 6812 6814
l 6813 6815
l 6814 6816
l 6815 6817
l 6816 6818
l 6817 6819
l 6818 6820
l 6819 6821
l 6820 6822
l 6821 6823
l 6822 6824
l 6823 6825
l 6824 6826
l 6825 6827
l 6826 6828
l 6827 6828
l 6829 6830
l 6829 6831
l 6831 6833
l 6832 6834
l 6833 6835
l 6834 6836
l 6835 6837
l 6836 6838
l 6837 6839
l 6838 6840
l 6839 6841
l 6840 6842
l 6841 6843
l 6842 6844
l 6843 6845
l 6844 6846
l 6845 6847
l 6846 6848
l 6847 6849
l 6848 6850
l 6849 6851
l 6850 6852
l 6851 6853
l 6852 6854
l 6853 6855
l 6854 6856
l 6855 6857
l 6856 6858
l 6857 6859
l 6858 6860
l 6859 6861
l 6860 6862
l 6861 6863
l 6862 6864
l 6863 6865
l 6864 6866
l 6865 6867
l 6866 6868
l 6867 6869
l 6868 6870
l 6869 6871
l 6870 6872
l 6871 6873
l 6872 6874
l 6873 6875
l 6874 6876
l 6875 6877
l 6876 6878
l 6877 6879
l 6878 6880
l 6879 6881
l 6880 6882
l 6881 6883
l 6882 6884
l 6883 6885
l 6884 6886
l 6885 6887
l 6886 6888
l 6887 6888
l 6889 6890
l 6889 6891
l 6890 6892
l 6891 6893
l 6892 6894
l 6893 6895
l 6894 6896
l 6895 6897
l 6896 6898
l 6897 6899
l 6898 6900
l 6899 6901
l 6900 6902
l 6901 6903
l 6902 6904
l 6903 6905
l 6904 6906
l 6905 6907
l 6906 6908
l 6907 6909
l 6908 6910
l 6909 6911
l 6910 6912
l 6911 6913
l 6912 6914
l 6913 6915
l 6914 6916
l 6915 6917
l 6916 6918
l 6917 6919
l 6918 6920
l 6919 6921
l 6920 6922
l 6921 6923
l 6922 6924
l 6923 6925
l 6924 6926
l 6925 6927
l 6926 6928
l 6927 6929
l 6928 6930
l 6929 6931
l 6930 6932
l 6931 6933
l 6932 6934
l 6933 6935
l 6934 6936
l 6935 6937
l 6936 6938
l 6937 6939
l 6938 6940
l 6939 6941
l 6940 6942
l 6941 6943
l 6942 6944
l 6943 6945
l 6944 6946
l 6945 6947
l 6946 6948
l 6947 6948
l 6949 6950
l 6949 6951
l 6950 6952
l 6951 6953
l 6952 6954
l 6953 6955
l 6954 6956
l 6955 6957
l 6956 6958
l 6957 6959
l 6958 6960
l 6959 6961
l 6960 6962
l 6961 6963
l 6962 6964
l 6963 6965
l 6964 6966
l 6965 6967
l 6966 6968
l 6967 6969
l 6968 6970
l 6969 6971
l 6970 6972
l 6971 6973
l 6972 6974
l 6973 6975
l 6974 6976
l 6975 6977
l 6976 6978
l 6977 6979
l 6978 6980
l 6979 6981
l 6980 6982
l 6981 6983
l 6982 6984
l 6983 6985
l 6984 6986
l 6985 6987
l 6986 6988
l 6987 6989
l 6988 6990
l 6989 6991
l 6990 6992
l 6991 6993
l 6992 6994
l 6993 6995
l 6994 6996
l 6995 6997
l 6996 6998
l 6997 6999
l 6998 7000
l 6999 7001
l 7000 7002
l 7001 7003
l 7002 7004
l 7003 7005
l 7004 7006
l 7005 7007
l 7006 7008
l 7007 7008
l 7009 8708
l 7010 8709
l 7011 9780
l 7012 7013
l 7012 7014
l 7013 7015
l 7014 7016
l 7015 7017
l 7016 7018
l 7017 7019
l 7018 7020
l 7019 7021
l 7020 7022
l 7021 7023
l 7022 7024
l 7023 7025
l 7024 7026
l 7025 7027
l 7026 7028
l 7027 7029
l 7028 7030
l 7029 7031
l 7030 7032
l 7031 7033
l 7032 7034
l 7033 7035
l 7034 7036
l 7035 7038
l 7036 7039
l 7038 7040
l 7039 7041
l 7040 7042
l 7041 7043
l 7042 7044
l 7043 7045
l 7044 7046
l 7045 7047
l 7046 7048
l 7047 7049
l 7048 7050
l 7049 7051
l 7050 7052
l 7051 7053
l 7052 7054
l 7053 7055
l 7054 7056
l 7055 7057
l 7056 7058
l 7057 7059
l 7058 7060
l 7059 7061
l 7060 7062
l 7061 7063
l 7062 7064
l 7063 7065
l 7064 7066
l 7065 7067
l 7066 7068
l 7067 7069
l 7068 7070
l 7069 7071
l 7070 7072
l 7071 7072
l 7073 7074
l 7073 7075
l 7074 7076
l 7075 7077
l 7076 7078
l 7077 7079
l 7078 7080
l 7079 7081
l 7080 7082
l 7081 7083
l 7082 7084
l 7083 7085
l 7084 7086
l 7085 7087
l 7086 7088
l 7087 7089
l 7088 7090
l 7089 7091
l 7090 7092
l 7091 7093
l 7092 7094
l 7093 7095
l 7094 7096
l 7095 7097
l 7096 7098
l 7097 7099
l 7098 7100
l 7099 7101
l 7100 7102
l 7101 7103
l 7102 7104
l 7103 7105
l 7104 7106
l 7105 7107
l 7106 7108
l 7107 7109
l 7108 7110
l 7109 7111
l 7110 7112
l 7111 7113
l 7112 7114
l 7113 7115
l 7114 7116
l 7115 7117
l 7116 7118
l 7117 7119
l 7118 7120
l 7119 7121
l 7120 7122
l 7121 7123
l 7122 7124
l 7123 7125
l 7124 7126
l 7125 7127
l 7126 7128
l 7127 7129
l 7128 7130
l 7129 7131
l 7130 7132
l 7131 7132
l 7134 8613
l 7135 8703
l 7137 9242
l 7138 8089
l 7138 8090
l 7138 9166
l 7139 8091
l 7140 8704
l 7141 9244
l 7143 8098
l 7144 7145
l 7144 7146
l 7145 7147
l 7146 7148
l 7147 7149
l 7148 7150
l 7149 7151
l 7150 7152
l 7151 7153
l 7152 7154
l 7153 7155
l 7154 7156
l 7155 7157
l 7156 7158
l 7157 7159
l 7158 7160
l 7159 7161
l 7160 7162
l 7161 7163
l 7162 7164
l 7163 7165
l 7164 7166
l 7165 7167
l 7166 7168
l 7167 7169
l 7168 7170
l 7169 7171
l 7170 7172
l 7171 7173
l 7172 7174
l 7173 7175
l 7174 7176
l 7175 7177
l 7176 7178
l 7177 7179
l 7178 7180
l 7179 7181
l 7180 7182
l 7181 7183
l 7182 7184
l 7183 7185
l 7184 7186
l 7185 7188
l 7186 7189
l 7187 8705
l 7187 9176
l 7188 7190
l 7189 7191
l 7190 7193
l 7191 7194
l 7192 8707
l 7192 9177
l 7193 7195
l 7194 7196
l 7195 7197
l 7196 7198
l 7197 7199
l 7198 7200
l 7199 7201
l 7200 7202
l 7201 7203
l 7202 7204
l 7203 7205
l 7204 7205
l 7206 8106
l 7207 8107
l 7208 8108
l 7209 8111
l 7210 8118
l 7211 8117
l 7212 8118
l 7213 8119
l 7214 8120
l 7215 8129
l 7216 8130
l 7217 8131
l 7218 8132
l 7219 8146
l 7220 8149
l 7221 8148
l 7222 8149
l 7223 8150
l 7224 8166
l 7225 8167
l 7226 8169
l 7227 8167
l 7228 8169
l 7229 8170
l 7230 8180
l 7231 8183
l 7232 8185
l 7233 8185
l 7234 8186
l 7235 8197
l 7236 8199
l 7237 8201
l 7238 8202
l 7239 8213
l 7240 8216
l 7241 8218
l 7242 8218
l 7243 8220
l 7244 8230
l 7245 8234
l 7246 8234
l 7247 8236
l 7248 8237
l 7249 8248
l 7250 8250
l 7251 8253
l 7252 8253
l 7253 8254
l 7254 8264
l 7255 8266
l 7256 8266
l 7257 8268
l 7258 8268
l 7259 8270
l 7260 8280
l 7261 8282
l 7262 8282
l 7263 8284
l 7264 8284
l 7265 8286
l 7266 8296
l 7267 8298
l 7268 8298
l 7269 8300
l 7270 8300
l 7271 8302
l 7272 8312
l 7273 8313
l 7274 8316
l 7275 8318
l 7276 8327
l 7277 8329
l 7278 8332
l 7279 8334
l 7280 8343
l 7281 8345
l 7282 8347
l 7283 8347
l 7284 8350
l 7285 8359
l 7286 8361
l 7287 8361
l 7288 8363
l 7289 8363
l 7290 8365
l 7291 8375
l 7292 8377
l 7293 8379
l 7294 8379
l 7295 8381
l 7296 8391
l 7297 8393
l 7298 8393
l 7299 8395
l 7300 8395
l 7301 8398
l 7302 8407
l 7303 8408
l 7304 8412
l 7305 8414
l 7306 8424
l 7307 8426
l 7308 8426
l 7309 8429
l 7310 8432
l 7311 8442
l 7312 8443
l 7313 8443
l 7314 8447
l 7315 8447
l 7316 8449
l 7317 8459
l 7318 8460
l 7319 8460
l 7320 8463
l 7321 8464
l 7322 8475
l 7323 8476
l 7324 8476
l 7325 8479
l 7326 8479
l 7327 8480
l 7328 8492
l 7329 8493
l 7330 8493
l 7331 8496
l 7332 8496
l 7333 8499
l 7334 8515
l 7335 8516
l 7336 8517
l 7337 8516
l 7338 8519
l 7339 8527
l 7340 8528
l 7341 8529
l 7342 8530
l 7343 8539
l 7344 8540
l 7345 8541
l 7346 8542
l 7347 8547
l 7348 8548
l 7349 8708
l 7350 8101
l 7351 8125
l 7352 8143
l 7353 8162
l 7354 8168
l 7355 8184
l 7356 8195
l 7357 8200
l 7358 8211
l 7359 8217
l 7360 8252
l 7361 8263
l 7362 8269
l 7363 8279
l 7364 8295
l 7365 8301
l 7366 8311
l 7367 8317
l 7368 8328
l 7369 8333
l 7370 8366
l 7371 8376
l 7372 8382
l 7373 8399
l 7374 8409
l 7375 8415
l 7376 8425
l 7377 8461
l 7378 8466
l 7379 8477
l 7380 8495
l 7381 8502
l 7382 8522
l 7383 8543
l 7384 8545
l 7385 8554
l 7386 8099
l 7387 8100
l 7388 8101
l 7389 8102
l 7390 8103
l 7391 8104
l 7392 8105
l 7393 8109
l 7394 8110
l 7395 8112
l 7396 8113
l 7397 8114
l 7398 8115
l 7399 8116
l 7400 8121
l 7401 8122
l 7402 8123
l 7403 8124
l 7404 8125
l 7405 8126
l 7406 8127
l 7407 8128
l 7408 8133
l 7409 8134
l 7410 8135
l 7411 8136
l 7418 8143
l 7419 8144
l 7420 8145
l 7421 8147
l 7426 8155
l 7427 8156
l 7428 8157
l 7429 8158
l 7433 8162
l 7435 8164
l 7436 8165
l 7437 8168
l 7438 8171
l 7439 8172
l 7441 8174
l 7443 8176
l 7446 8179
l 7447 8181
l 7448 8182
l 7449 8184
l 7452 8189
l 7454 8191
l 7456 8193
l 7457 8194
l 7458 8195
l 7459 8196
l 7460 8198
l 7461 8200
l 7466 8207
l 7467 8208
l 7468 8209
l 7469 8210
l 7470 8211
l 7472 8214
l 7473 8215
l 7474 8217
l 7478 8223
l 7479 8224
l 7480 8225
l 7481 8226
l 7484 8229
l 7485 8231
l 7487 8233
l 7488 8235
l 7490 8239
l 7491 8240
l 7492 8241
l 7493 8242
l 7497 8246
l 7499 8249
l 7500 8251
l 7501 8252
l 7502 8255
l 7503 8256
l 7504 8257
l 7505 8258
l 7510 8263
l 7511 8265
l 7512 8267
l 7513 8269
l 7514 8271
l 7515 8272
l 7516 8273
l 7519 8276
l 7522 8279
l 7523 8281
l 7524 8283
l 7525 8285
l 7526 8287
l 7527 8288
l 7528 8289
l 7530 8291
l 7534 8295
l 7535 8297
l 7536 8299
l 7537 8301
l 7538 8303
l 7540 8305
l 7541 8306
l 7544 8309
l 7546 8311
l 7547 8314
l 7548 8315
l 7549 8317
l 7550 8319
l 7552 8321
l 7555 8324
l 7556 8325
l 7558 8328
l 7559 8330
l 7560 8331
l 7561 8333
l 7563 8336
l 7566 8339
l 7567 8340
l 7569 8342
l 7570 8344
l 7571 8346
l 7572 8348
l 7573 8349
l 7576 8353
l 7578 8355
l 7580 8357
l 7581 8358
l 7582 8360
l 7583 8362
l 7584 8364
l 7585 8366
l 7589 8370
l 7591 8372
l 7592 8373
l 7593 8374
l 7594 8376
l 7595 8378
l 7596 8380
l 7597 8382
l 7602 8387
l 7603 8388
l 7604 8389
l 7605 8390
l 7606 8392
l 7607 8394
l 7608 8396
l 7610 8399
l 7614 8403
l 7615 8404
l 7616 8405
l 7617 8406
l 7618 8409
l 7620 8411
l 7621 8413
l 7622 8415
l 7626 8419
l 7627 8420
l 7628 8421
l 7629 8422
l 7631 8425
l 7633 8428
l 7635 8431
l 7636 8433
l 7638 8435
l 7639 8436
l 7640 8437
l 7641 8438
l 7645 8444
l 7646 8445
l 7648 8448
l 7649 8450
l 7650 8451
l 7651 8452
l 7652 8453
l 7654 8455
l 7659 8461
l 7660 8462
l 7661 8465
l 7662 8466
l 7663 8467
l 7665 8469
l 7668 8472
l 7669 8473
l 7671 8477
l 7672 8478
l 7673 8481
l 7674 8482
l 7679 8487
l 7680 8488
l 7681 8489
l 7682 8490
l 7685 8495
l 7687 8498
l 7689 8501
l 7690 8502
l 7692 8504
l 7695 8507
l 7697 8509
l 7698 8510
l 7703 8518
l 7704 8520
l 7705 8521
l 7706 8522
l 7707 8523
l 7708 8524
l 7709 8525
l 7710 8526
l 7711 8531
l 7712 8532
l 7713 8533
l 7714 8534
l 7715 8535
l 7716 8536
l 7717 8537
l 7718 8538
l 7719 8543
l 7720 8544
l 7721 8545
l 7722 8546
l 7723 8549
l 7724 8550
l 7725 8551
l 7726 8552
l 7727 8553
l 7728 8554
l 7729 7730
l 7729 7731
l 7730 7732
l 7731 7733
l 7732 7734
l 7733 7735
l 7734 7736
l 7735 7737
l 7736 7738
l 7737 7739
l 7738 7740
l 7739 7741
l 7740 7742
l 7741 7743
l 7742 7744
l 7743 7745
l 7744 7746
l 7745 7747
l 7746 7748
l 7747 7749
l 7748 7750
l 7749 7751
l 7750 7752
l 7751 7753
l 7752 7754
l 7753 7755
l 7754 7756
l 7755 7757
l 7756 7758
l 7757 7759
l 7758 7760
l 7759 7761
l 7760 7762
l 7761 7763
l 7762 7764
l 7763 7765
l 7764 7766
l 7765 7767
l 7766 7768
l 7767 7769
l 7768 7770
l 7769 7771
l 7770 7772
l 7771 7773
l 7772 7774
l 7773 7775
l 7774 7776
l 7775 7777
l 7776 7778
l 7777 7779
l 7778 7780
l 7779 7781
l 7780 7782
l 7781 7783
l 7782 7784
l 7783 7785
l 7784 7786
l 7785 7787
l 7786 7788
l 7787 7788
l 7829 7830
l 7829 7831
l 7830 7832
l 7831 7833
l 7832 7837
l 7833 7840
l 7834 7835
l 7834 7836
l 7835 7838
l 7836 7839
l 7837 7843
l 7838 7841
l 7839 7842
l 7840 7844
l 7841 7845
l 7842 7846
l 7843 7847
l 7844 7848
l 7845 7849
l 7846 7850
l 7847 7851
l 7848 7852
l 7849 7853
l 7850 7854
l 7851 7855
l 7852 7856
l 7853 7857
l 7854 7858
l 7855 7859
l 7856 7860
l 7857 7861
l 7858 7862
l 7859 7863
l 7860 7864
l 7861 7865
l 7862 7866
l 7863 7867
l 7864 7868
l 7866 7870
l 7867 7871
l 7868 7872
l 7869 7873
l 7870 7874
l 7871 7875
l 7872 7876
l 7873 7877
l 7874 7878
l 7875 7879
l 7876 7880
l 7877 7881
l 7878 7882
l 7879 7883
l 7880 7884
l 7881 7885
l 7882 7886
l 7883 7887
l 7884 7890
l 7885 7888
l 7886 7889
l 7887 7893
l 7888 7891
l 7889 7892
l 7890 7894
l 7891 7895
l 7892 7896
l 7893 7897
l 7894 7898
l 7895 7899
l 7896 7900
l 7897 7901
l 7898 7902
l 7899 7903
l 7900 7904
l 7901 7905
l 7902 7906
l 7903 7907
l 7904 7908
l 7906 7910
l 7907 7911
l 7908 7912
l 7909 7913
l 7910 7914
l 7911 7915
l 7912 7916
l 7913 7917
l 7914 7918
l 7915 7919
l 7916 7920
l 7917 7921
l 7918 7922
l 7919 7923
l 7920 7924
l 7921 7925
l 7922 7926
l 7923 7927
l 7924 7928
l 7925 7929
l 7926 7930
l 7927 7931
l 7928 7932
l 7929 7933
l 7930 7934
l 7931 7935
l 7932 7936
l 7933 7939
l 7934 7940
l 7935 7937
l 7936 7938
l 7937 7941
l 7938 7942
l 7939 7944
l 7940 7945
l 7941 7943
l 7942 7943
l 7944 7946
l 7945 7947
l 7946 7948
l 7947 7948
l 7951 7952
l 7951 7953
l 7952 7954
l 7954 7956
l 7955 7957
l 7956 7958
l 7957 7959
l 7958 7960
l 7959 7961
l 7960 7962
l 7962 7964
l 7963 7965
l 7964 7966
l 7965 7967
l 7966 7968
l 7967 7969
l 7968 7970
l 7969 7971
l 7970 7972
l 7971 7973
l 7972 7974
l 7973 7975
l 7974 7976
l 7975 7977
l 7976 7978
l 7979 7980
l 7981 7982
l 7982 7984
l 7983 7985
l 7984 7986
l 7985 7987
l 7986 7988
l 7987 7989
l 7988 7991
l 7989 7992
l 7990 10260
l 7991 7993
l 7992 7994
l 7993 7995
l 7994 7996
l 7996 7998
l 7997 7999
l 7998 8000
l 7999 8001
l 8000 8002
l 8001 8003
l 8003 8005
l 8004 8006
l 8005 8007
l 8006 8008
l 8007 8009
l 8008 8009
l 8012 9763
l 8016 9186
l 8017 9187
l 8018 9188
l 8019 9190
l 8020 9191
l 8021 9237
l 8022 9189
l 8023 9192
l 8024 8030
l 8025 8031
l 8028 8030
l 8028 9194
l 8029 8031
l 8029 9195
l 8032 8038
l 8033 8039
l 8034 9233
l 8035 9193
l 8036 8044
l 8037 8045
l 8040 9780
l 8041 9780
l 8042 9779
l 8043 9236
l 8043 9249
l 8046 8054
l 8047 8057
l 8048 8058
l 8049 8058
l 8050 8059
l 8050 8061
l 8051 8060
l 8051 8062
l 8052 9250
l 8053 9183
l 8053 9248
l 8055 8061
l 8055 8065
l 8055 9196
l 8056 8062
l 8063 9238
l 8064 9251
l 8070 9241
l 8071 9184
l 8072 9185
l 8073 9234
l 8074 9235
l 8075 8078
l 8076 9197
l 8076 9199
l 8076 9246
l 8077 9198
l 8077 9200
l 8077 9247
l 8079 8080
l 8081 10241
l 8082 9243
l 8083 8092
l 8084 8093
l 8085 8094
l 8086 8095
l 8087 8096
l 8088 9245
l 8089 9239
l 8090 9240
l 8091 9240
l 8097 10242
l 8555 8556
l 8555 8557
l 8556 8558
l 8557 8559
l 8558 8563
l 8559 8564
l 8560 8561
l 8560 8562
l 8561 8565
l 8562 8566
l 8563 8567
l 8564 8568
l 8565 8569
l 8566 8570
l 8567 8573
l 8568 8574
l 8569 8571
l 8570 8572
l 8571 8575
l 8572 8576
l 8573 8577
l 8574 8578
l 8575 8579
l 8576 8580
l 8577 8581
l 8578 8582
l 8579 8583
l 8580 8584
l 8581 8585
l 8582 8586
l 8583 8587
l 8584 8588
l 8585 8589
l 8586 8590
l 8587 8591
l 8588 8592
l 8589 8593
l 8590 8594
l 8591 8595
l 8592 8596
l 8593 8597
l 8594 8598
l 8595 8599
l 8596 8600
l 8597 8601
l 8598 8602
l 8599 8603
l 8600 8604
l 8601 8605
l 8602 8606
l 8603 8607
l 8604 8608
l 8605 8618
l 8606 8619
l 8607 8620
l 8608 8621
l 8618 8627
l 8619 8630
l 8620 8628
l 8621 8629
l 8627 8639
l 8628 8637
l 8629 8638
l 8630 8640
l 8637 8649
l 8638 8650
l 8639 8651
l 8640 8652
l 8649 8653
l 8650 8654
l 8651 8655
l 8652 8656
l 8653 8657
l 8654 8658
l 8655 8659
l 8656 8660
l 8657 8661
l 8658 8662
l 8659 8663
l 8660 8664
l 8661 8665
l 8662 8666
l 8663 8667
l 8664 8668
l 8665 8669
l 8666 8670
l 8667 8671
l 8668 8672
l 8669 8673
l 8670 8674
l 8671 8675
l 8672 8676
l 8673 8677
l 8674 8678
l 8675 8679
l 8676 8680
l 8677 8681
l 8678 8682
l 8679 8683
l 8680 8684
l 8681 8685
l 8682 8686
l 8683 8687
l 8684 8690
l 8685 8688
l 8686 8689
l 8687 8693
l 8688 8691
l 8689 8692
l 8690 8694
l 8691 8695
l 8692 8696
l 8693 8698
l 8694 8699
l 8695 8697
l 8696 8697
l 8698 8700
l 8699 8701
l 8700 8702
l 8701 8702
l 8704 9251
l 8705 9251
l 8706 9252
l 8707 9250
l 8710 9254
l 8711 9255
l 8712 9253
l 8713 9256
l 8714 9257
l 8715 9258
l 8716 9259
l 8717 9260
l 8718 9261
l 8719 9262
l 8720 9265
l 8721 9263
l 8722 9264
l 8723 9267
l 8724 9266
l 8725 9268
l 8726 9269
l 8727 9271
l 8728 9274
l 8729 9270
l 8730 9272
l 8731 9276
l 8732 9273
l 8733 9275
l 8734 9277
l 8735 9279
l 8736 9280
l 8737 9278
l 8738 9281
l 8739 9282
l 8740 9286
l 8741 9284
l 8742 9283
l 8743 9288
l 8744 9285
l 8745 9287
l 8746 9289
l 8747 9291
l 8748 9293
l 8749 9290
l 8751 9295
l 8752 9297
l 8758 9304
l 8759 9302
l 8761 9301
l 8762 9303
l 8764 9308
l 8765 9305
l 8768 9311
l 8769 9314
l 8771 9315
l 8772 9317
l 8773 9312
l 8774 9318
l 8778 9325
l 8779 9321
l 8780 9322
l 8781 9323
l 8782 9326
l 8783 9324
l 8786 9328
l 8787 9332
l 8788 9334
l 8790 9335
l 8791 9330
l 8792 9336
l 8795 9342
l 8796 9337
l 8797 9338
l 8798 9339
l 8798 9340
l 8800 9340
l 8801 9344
l 8803 9346
l 8805 9349
l 8806 9350
l 8807 9351
l 8808 9348
l 8809 9350
l 8809 9352
l 8812 9359
l 8813 9354
l 8814 9355
l 8815 9357
l 8816 9358
l 8817 9361
l 8820 9363
l 8821 9365
l 8822 9366
l 8823 9367
l 8824 9368
l 8825 9364
l 8828 9376
l 8829 9371
l 8830 9372
l 8831 9373
l 8831 9375
l 8833 9375
l 8834 9378
l 8836 9379
l 8838 9382
l 8839 9383
l 8840 9384
l 8841 9383
l 8841 9385
l 8842 9380
l 8845 9393
l 8846 9388
l 8847 9389
l 8848 9390
l 8848 9391
l 8849 9391
l 8851 9394
l 8853 9395
l 8855 9399
l 8856 9400
l 8857 9401
l 8858 9402
l 8859 9397
l 8861 9409
l 8863 9405
l 8864 9406
l 8865 9407
l 8866 9408
l 8867 9410
l 8870 9411
l 8871 9415
l 8872 9416
l 8873 9417
l 8874 9418
l 8875 9414
l 8878 9425
l 8879 9421
l 8880 9422
l 8881 9423
l 8882 9424
l 8883 9426
l 8886 9428
l 8887 9432
l 8888 9433
l 8889 9434
l 8890 9435
l 8891 9430
l 8894 9441
l 8895 9437
l 8896 9438
l 8897 9439
l 8898 9440
l 8899 9442
l 8902 9445
l 8903 9448
l 8904 9449
l 8905 9450
l 8906 9451
l 8907 9446
l 8910 9458
l 8911 9453
l 8912 9454
l 8914 9456
l 8915 9457
l 8916 9460
l 8918 9462
l 8919 9465
l 8920 9466
l 8921 9469
l 8922 9468
l 8924 9464
l 8926 9474
l 8928 9470
l 8929 9471
l 8930 9472
l 8931 9473
l 8932 9476
l 8934 9478
l 8936 9482
l 8937 9483
l 8938 9484
l 8939 9485
l 8940 9480
l 8943 9491
l 8944 9486
l 8945 9487
l 8946 9488
l 8947 9489
l 8949 9493
l 8951 9495
l 8953 9498
l 8954 9499
l 8955 9500
l 8956 9501
l 8957 9497
l 8959 9507
l 8960 9503
l 8961 9502
l 8963 9505
l 8964 9504
l 8965 9509
l 8967 9511
l 8969 9514
l 8970 9515
l 8971 9516
l 8972 9517
l 8973 9513
l 8976 9524
l 8977 9520
l 8978 9519
l 8979 9522
l 8980 9521
l 8981 9526
l 8984 9528
l 8985 9530
l 8986 9531
l 8987 9532
l 8988 9533
l 8989 9529
l 8992 9540
l 8993 9535
l 8994 9536
l 8995 9537
l 8996 9538
l 8997 9542
l 9000 9544
l 9001 9546
l 9002 9547
l 9003 9548
l 9004 9549
l 9005 9545
l 9008 9557
l 9009 9552
l 9010 9553
l 9011 9554
l 9012 9555
l 9014 9559
l 9016 9560
l 9017 9562
l 9018 9563
l 9019 9565
l 9021 9566
l 9022 9561
l 9024 9568
l 9025 9574
l 9027 9569
l 9028 9571
l 9029 9572
l 9031 9575
l 9032 9576
l 9034 9579
l 9034 9581
l 9035 9580
l 9036 9581
l 9037 9583
l 9038 9577
l 9041 9590
l 9042 9585
l 9043 9586
l 9044 9587
l 9046 9589
l 9047 9591
l 9049 9592
l 9051 9596
l 9052 9597
l 9053 9598
l 9054 9600
l 9055 9594
l 9058 9602
l 9059 9606
l 9060 9604
l 9061 9603
l 9062 9605
l 9063 9607
l 9066 9609
l 9067 9613
l 9068 9614
l 9069 9615
l 9070 9617
l 9072 9611
l 9074 9618
l 9075 9622
l 9076 9620
l 9078 9619
l 9079 9621
l 9081 9625
l 9083 9627
l 9084 9630
l 9086 9631
l 9087 9632
l 9088 9633
l 9089 9629
l 9092 9635
l 9093 9641
l 9094 9637
l 9095 9636
l 9096 9639
l 9098 9643
l 9100 9644
l 9102 9647
l 9103 9649
l 9105 9650
l 9106 9652
l 9107 9646
l 9110 9654
l 9111 9655
l 9113 9660
l 9114 9656
l 9115 9657
l 9117 9663
l 9124 9670
l 9125 9665
l 9126 9671
l 9127 9672
l 9128 9673
l 9129 9669
l 9130 9674
l 9131 9675
l 9132 9678
l 9133 9676
l 9134 9677
l 9135 9679
l 9136 9683
l 9137 9680
l 9138 9682
l 9139 9685
l 9140 9684
l 9141 9681
l 9142 9686
l 9143 9687
l 9144 9690
l 9145 9688
l 9146 9689
l 9147 9691
l 9148 9694
l 9149 9692
l 9150 9693
l 9151 9698
l 9152 9699
l 9153 9695
l 9154 9696
l 9155 9697
l 9156 9700
l 9157 9701
l 9158 9702
l 9159 9703
l 9160 9704
l 9161 9705
l 9162 9706
l 9163 9707
l 9164 9708
l 9165 9709
l 9167 9455
l 9168 10260
l 9169 10260
l 9170 10261
l 9171 9727
l 9172 9718
l 9173 9719
l 9174 9725
l 9175 10718
l 9178 9714
l 9179 9715
l 9180 9716
l 9182 9717
l 9183 9726
l 9184 9718
l 9185 9719
l 9186 9760
l 9187 9753
l 9188 9754
l 9189 9755
l 9190 9756
l 9191 9757
l 9192 9758
l 9193 9743
l 9194 9744
l 9195 9745
l 9196 9731
l 9199 9720
l 9200 9721
l 9233 9752
l 9234 9725
l 9235 9725
l 9237 9759
l 9242 9773
l 9244 9772
l 9710 9712
l 9711 10260
l 9713 10240
l 9717 9783
l 9722 9728
l 9723 9724
l 9729 9731
l 9730 9732
l 9731 9733
l 9732 9734
l 9733 9735
l 9734 9736
l 9737 9741
l 9738 9742
l 9739 9740
l 9739 9745
l 9744 9746
l 9744 9748
l 9745 9747
l 9745 9749
l 9746 9750
l 9747 9751
l 9761 9764
l 9762 9765
l 9763 9771
l 9766 9769
l 9767 9770
l 9768 9770
l 9771 9778
l 9772 10253
l 9773 10258
l 9774 9775
l 9775 9776
l 9776 9777
l 9777 9778
l 9781 9782
l 9784 10264
l 9785 10262
l 9786 10263
l 9787 10265
l 9788 10266
l 9789 10267
l 9790 10268
l 9791 10269
l 9792 10270
l 9793 10271
l 9794 10273
l 9795 10274
l 9796 10272
l 9797 10276
l 9798 10275
l 9799 10277
l 9800 10278
l 9801 10281
l 9802 10279
l 9803 10282
l 9804 10284
l 9805 10280
l 9806 10285
l 9807 10283
l 9808 10286
l 9809 10289
l 9810 10287
l 9811 10288
l 9812 10290
l 9813 10291
l 9814 10294
l 9815 10293
l 9816 10296
l 9817 10292
l 9818 10297
l 9819 10295
l 9820 10298
l 9821 10301
l 9822 10299
l 9824 10300
l 9826 10303
l 9828 10304
l 9832 10313
l 9833 10311
l 9834 10314
l 9835 10310
l 9836 10317
l 9839 10316
l 9842 10320
l 9843 10325
l 9845 10321
l 9846 10323
l 9848 10324
l 9849 10326
l 9852 10331
l 9853 10332
l 9854 10333
l 9855 10335
l 9856 10330
l 9857 10334
l 9859 10338
l 9861 10343
l 9863 10339
l 9865 10340
l 9866 10342
l 9867 10344
l 9868 10348
l 9869 10349
l 9870 10350
l 9871 10350
l 9871 10352
l 9873 10347
l 9875 10353
l 9877 10355
l 9879 10360
l 9880 10357
l 9881 10358
l 9881 10361
l 9882 10359
l 9883 10361
l 9885 10365
l 9886 10366
l 9888 10367
l 9889 10368
l 9890 10364
l 9892 10369
l 9894 10372
l 9895 10377
l 9896 10373
l 9897 10374
l 9898 10375
l 9899 10376
l 9902 10381
l 9903 10382
l 9904 10383
l 9906 10383
l 9906 10385
l 9907 10380
l 9909 10386
l 9910 10388
l 9911 10394
l 9913 10390
l 9914 10391
l 9914 10393
l 9915 10392
l 9916 10393
l 9919 10398
l 9920 10399
l 9921 10400
l 9922 10400
l 9922 10401
l 9924 10397
l 9925 10403
l 9926 10405
l 9928 10411
l 9930 10407
l 9931 10408
l 9932 10409
l 9933 10410
l 9936 10415
l 9937 10416
l 9938 10417
l 9939 10418
l 9940 10413
l 9941 10419
l 9942 10422
l 9945 10427
l 9946 10423
l 9947 10424
l 9948 10425
l 9949 10426
l 9952 10431
l 9953 10432
l 9954 10433
l 9955 10434
l 9956 10430
l 9957 10435
l 9959 10438
l 9961 10443
l 9963 10439
l 9964 10440
l 9965 10441
l 9966 10442
l 9968 10447
l 9969 10448
l 9970 10449
l 9971 10450
l 9972 10446
l 9973 10451
l 9976 10454
l 9977 10459
l 9979 10455
l 9980 10456
l 9981 10457
l 9982 10458
l 9984 10463
l 9985 10464
l 9986 10466
l 9987 10467
l 9988 10462
l 9990 10468
l 9992 10470
l 9994 10476
l 9995 10471
l 9996 10472
l 9998 10474
l 9999 10473
l 10000 10480
l 10001 10481
l 10002 10482
l 10003 10483
l 10004 10478
l 10006 10484
l 10008 10486
l 10010 10492
l 10012 10488
l 10013 10489
l 10014 10490
l 10015 10491
l 10016 10496
l 10017 10497
l 10018 10498
l 10019 10499
l 10021 10495
l 10023 10501
l 10025 10503
l 10027 10509
l 10028 10505
l 10029 10506
l 10030 10507
l 10031 10508
l 10032 10513
l 10033 10512
l 10034 10516
l 10035 10515
l 10037 10511
l 10039 10517
l 10041 10519
l 10043 10525
l 10044 10521
l 10045 10522
l 10046 10523
l 10047 10524
l 10049 10530
l 10050 10529
l 10051 10532
l 10052 10531
l 10054 10528
l 10056 10533
l 10058 10536
l 10059 10541
l 10060 10537
l 10061 10538
l 10062 10539
l 10063 10540
l 10065 10545
l 10066 10546
l 10067 10547
l 10068 10548
l 10070 10544
l 10072 10549
l 10074 10552
l 10075 10557
l 10076 10553
l 10077 10554
l 10078 10555
l 10079 10556
l 10082 10561
l 10083 10562
l 10084 10563
l 10085 10564
l 10087 10560
l 10089 10566
l 10090 10568
l 10091 10574
l 10092 10569
l 10093 10570
l 10095 10571
l 10096 10573
l 10098 10576
l 10099 10579
l 10101 10580
l 10102 10581
l 10104 10577
l 10105 10583
l 10106 10584
l 10107 10590
l 10109 10586
l 10110 10587
l 10111 10586
l 10111 10588
l 10113 10589
l 10115 10594
l 10116 10595
l 10117 10596
l 10119 10598
l 10120 10593
l 10121 10599
l 10122 10601
l 10124 10607
l 10126 10603
l 10127 10604
l 10128 10605
l 10130 10606
l 10132 10610
l 10133 10613
l 10134 10612
l 10135 10614
l 10136 10611
l 10137 10615
l 10139 10618
l 10141 10624
l 10143 10619
l 10144 10620
l 10145 10621
l 10147 10622
l 10148 10626
l 10149 10630
l 10150 10628
l 10151 10631
l 10152 10627
l 10155 10633
l 10157 10635
l 10159 10641
l 10160 10636
l 10161 10638
l 10162 10639
l 10163 10640
l 10165 10644
l 10166 10647
l 10167 10646
l 10169 10648
l 10171 10645
l 10173 10650
l 10174 10652
l 10176 10659
l 10177 10654
l 10179 10655
l 10180 10657
l 10182 10658
l 10184 10662
l 10185 10663
l 10186 10666
l 10187 10667
l 10190 10665
l 10193 10669
l 10195 10677
l 10199 10681
l 10200 10676
l 10201 10678
l 10202 10679
l 10203 10680
l 10204 10682
l 10205 10683
l 10206 10685
l 10207 10686
l 10208 10684
l 10209 10687
l 10210 10689
l 10211 10693
l 10212 10690
l 10213 10688
l 10214 10692
l 10215 10691
l 10216 10694
l 10217 10695
l 10218 10697
l 10219 10698
l 10220 10696
l 10221 10699
l 10222 10701
l 10223 10702
l 10224 10700
l 10225 10705
l 10226 10706
l 10227 10707
l 10228 10703
l 10229 10704
l 10230 10708
l 10231 10709
l 10232 10710
l 10233 10711
l 10234 10712
l 10235 10713
l 10236 10714
l 10237 10715
l 10238 10716
l 10239 10717
l 10243 10245
l 10244 10247
l 10246 10249
l 10248 10249
l 10250 10251
l 10252 10254
l 10253 10255
l 10256 10719
l 10257 10720
l 10259 11299
l 10718 11297
l 10719 11305
l 10720 11306
l 10721 10722
l 10721 10723
l 10722 10724
l 10723 10725
l 10724 10729
l 10725 10730
l 10726 10727
l 10726 10728
l 10727 10731
l 10728 10732
l 10729 10733
l 10730 10734
l 10731 10735
l 10732 10736
l 10733 10739
l 10734 10740
l 10735 10737
l 10736 10738
l 10737 10741
l 10738 10742
l 10739 10743
l 10740 10744
l 10741 10745
l 10742 10746
l 10743 10747
l 10744 10748
l 10745 10749
l 10746 10750
l 10747 10751
l 10748 10752
l 10749 10753
l 10750 10754
l 10751 10755
l 10752 10756
l 10753 10757
l 10754 10758
l 10755 10759
l 10756 10760
l 10757 10761
l 10758 10762
l 10759 10763
l 10760 10764
l 10761 10765
l 10762 10766
l 10763 10767
l 10764 10768
l 10765 10769
l 10766 10770
l 10767 10771
l 10768 10772
l 10769 10773
l 10770 10774
l 10771 10775
l 10772 10776
l 10773 10777
l 10774 10778
l 10775 10779
l 10776 10782
l 10777 10780
l 10778 10781
l 10779 10785
l 10780 10783
l 10781 10784
l 10782 10786
l 10783 10787
l 10784 10788
l 10785 10789
l 10786 10790
l 10787 10791
l 10788 10792
l 10789 10793
l 10790 10794
l 10791 10795
l 10792 10796
l 10793 10797
l 10794 10798
l 10795 10799
l 10796 10800
l 10797 10801
l 10798 10802
l 10799 10803
l 10800 10804
l 10801 10805
l 10802 10806
l 10803 10807
l 10804 10808
l 10805 10809
l 10806 10810
l 10807 10811
l 10808 10812
l 10809 10813
l 10810 10814
l 10811 10815
l 10812 10816
l 10813 10817
l 10814 10818
l 10815 10819
l 10816 10820
l 10817 10821
l 10818 10822
l 10819 10823
l 10820 10824
l 10821 10825
l 10822 10828
l 10823 10826
l 10824 10827
l 10825 10831
l 10826 10829
l 10827 10830
l 10828 10832
l 10829 10833
l 10830 10834
l 10831 10836
l 10832 10837
l 10833 10835
l 10834 10835
l 10836 10838
l 10837 10839
l 10838 10840
l 10839 10840
l 10841 11574
l 10842 11575
l 10843 11576
l 10844 11577
l 10845 11578
l 10846 11579
l 10847 11580
l 10848 11953
l 10849 11954
l 10850 11955
l 10851 11581
l 10852 11582
l 10853 11956
l 10854 11583
l 10855 11584
l 10856 11585
l 10856 11916
l 10857 11586
l 10858 11587
l 10859 11957
l 10859 11958
l 10860 11959
l 10861 11960
l 10862 11961
l 10863 11588
l 10864 11589
l 10865 11590
l 10866 11591
l 10867 11592
l 10868 11593
l 10869 11594
l 10869 11917
l 10870 11595
l 10871 11962
l 10872 11963
l 10873 11964
l 10874 11965
l 10875 11596
l 10876 11597
l 10877 11598
l 10878 11599
l 10885 11606
l 10886 11607
l 10886 11918
l 10887 11608
l 10888 11966
l 10889 11609
l 10890 11967
l 10891 11969
l 10892 11968
l 10892 11970
l 10897 11614
l 10898 11615
l 10899 11616
l 10900 11617
l 10904 11621
l 10906 11623
l 10907 11624
l 10908 11971
l 10908 11972
l 10909 11973
l 10910 11625
l 10911 11974
l 10912 11975
l 10912 11976
l 10913 11626
l 10914 11627
l 10916 11629
l 10918 11631
l 10921 11634
l 10922 11977
l 10922 11978
l 10923 11635
l 10923 11919
l 10924 11636
l 10924 11920
l 10925 11979
l 10926 11637
l 10927 11981
l 10928 11980
l 10928 11982
l 10931 11640
l 10933 11642
l 10935 11644
l 10936 11645
l 10937 11646
l 10938 11647
l 10938 11921
l 10939 11983
l 10939 11984
l 10940 11648
l 10940 11922
l 10941 11985
l 10942 11649
l 10943 11987
l 10944 11986
l 10944 11988
l 10949 11654
l 10950 11655
l 10951 11656
l 10952 11657
l 10953 11658
l 10955 11989
l 10955 11990
l 10956 11660
l 10956 11923
l 10957 11661
l 10957 11924
l 10958 11991
l 10959 11662
l 10960 11992
l 10962 11993
l 10962 11994
l 10965 11666
l 10966 11667
l 10967 11668
l 10968 11669
l 10971 11672
l 10972 11995
l 10973 11673
l 10975 11675
l 10975 11925
l 10976 11996
l 10977 11676
l 10978 11997
l 10979 11998
l 10979 11999
l 10981 11678
l 10982 11679
l 10983 11680
l 10984 11681
l 10988 11685
l 10990 12000
l 10991 11687
l 10992 12001
l 10993 11688
l 10993 11926
l 10994 11689
l 10995 12002
l 10996 12003
l 10997 11690
l 10998 11691
l 10999 11692
l 11000 11693
l 11005 11698
l 11006 12004
l 11006 12005
l 11007 11699
l 11007 11927
l 11008 12006
l 11009 11700
l 11010 12007
l 11011 11701
l 11012 12008
l 11012 12009
l 11013 11702
l 11014 11703
l 11015 11704
l 11018 11707
l 11021 11710
l 11022 12010
l 11022 12011
l 11023 11711
l 11023 11928
l 11024 12012
l 11025 11712
l 11026 12013
l 11027 11713
l 11028 12014
l 11028 12015
l 11029 11714
l 11030 11715
l 11031 11716
l 11033 11718
l 11037 11722
l 11038 12016
l 11038 12017
l 11039 11723
l 11039 11929
l 11040 12018
l 11041 11724
l 11041 11930
l 11042 12019
l 11043 11725
l 11044 12020
l 11045 11726
l 11047 11728
l 11048 11729
l 11051 11732
l 11053 11734
l 11054 12021
l 11055 12022
l 11056 11735
l 11057 11736
l 11057 11932
l 11058 12023
l 11059 11737
l 11060 12024
l 11061 11738
l 11063 11740
l 11066 11743
l 11067 11744
l 11069 12026
l 11070 11746
l 11071 12027
l 11072 11747
l 11073 11748
l 11073 11933
l 11074 12028
l 11075 11749
l 11076 12029
l 11078 11751
l 11081 11754
l 11082 11755
l 11084 11757
l 11085 12030
l 11086 11758
l 11087 12031
l 11088 11759
l 11088 11934
l 11089 12032
l 11090 11760
l 11091 11761
l 11092 12033
l 11095 11764
l 11097 11766
l 11099 11768
l 11100 11769
l 11101 12034
l 11101 12035
l 11102 11770
l 11103 12036
l 11104 11771
l 11105 12037
l 11106 11772
l 11107 12038
l 11107 12039
l 11108 11773
l 11112 11777
l 11114 11779
l 11115 11780
l 11116 11781
l 11117 12040
l 11118 11782
l 11119 12041
l 11120 11783
l 11120 11936
l 11121 12043
l 11122 11784
l 11123 12044
l 11123 12045
l 11124 11785
l 11129 11790
l 11130 11791
l 11131 11792
l 11132 11793
l 11133 12046
l 11133 12047
l 11134 11794
l 11135 12048
l 11136 11795
l 11136 11937
l 11137 12049
l 11138 11796
l 11138 11938
l 11140 12050
l 11140 12051
l 11141 11798
l 11145 11802
l 11146 11803
l 11147 11804
l 11148 11805
l 11149 12052
l 11150 12053
l 11151 11806
l 11153 11808
l 11153 11939
l 11154 12054
l 11155 11809
l 11155 11940
l 11156 12055
l 11156 12056
l 11157 11810
l 11161 11814
l 11162 11815
l 11163 11816
l 11164 11817
l 11166 12057
l 11166 12058
l 11167 11819
l 11168 12059
l 11170 11821
l 11170 11941
l 11171 12060
l 11173 11823
l 11173 11942
l 11174 12061
l 11174 12062
l 11175 11824
l 11177 11826
l 11178 11827
l 11179 11828
l 11180 11829
l 11184 12063
l 11184 12064
l 11185 12065
l 11186 11833
l 11187 11834
l 11187 11943
l 11189 12066
l 11190 11836
l 11190 11944
l 11191 12067
l 11191 12068
l 11192 11837
l 11193 11838
l 11194 11839
l 11195 11840
l 11197 11842
l 11201 12069
l 11201 12071
l 11202 12070
l 11203 11846
l 11204 11847
l 11205 12072
l 11206 12073
l 11206 12074
l 11207 11848
l 11207 11945
l 11208 11849
l 11209 11850
l 11211 11852
l 11214 11855
l 11215 11856
l 11217 12075
l 11217 12077
l 11218 12076
l 11219 11858
l 11220 11859
l 11220 11946
l 11221 12078
l 11222 12079
l 11222 12080
l 11223 11860
l 11223 11947
l 11224 11861
l 11229 11866
l 11230 11867
l 11231 11868
l 11232 11869
l 11234 12081
l 11234 12083
l 11235 12082
l 11237 11872
l 11238 12084
l 11240 11874
l 11240 11948
l 11241 12085
l 11241 12086
l 11243 11876
l 11243 11949
l 11244 11877
l 11246 11879
l 11249 11882
l 11251 11884
l 11252 11885
l 11257 12087
l 11257 12089
l 11258 12088
l 11259 12090
l 11260 11890
l 11261 12091
l 11262 11891
l 11263 11892
l 11263 11950
l 11264 11893
l 11265 11894
l 11266 11895
l 11267 11896
l 11268 11897
l 11269 12092
l 11270 12093
l 11271 12094
l 11272 12095
l 11273 11898
l 11274 11899
l 11274 11951
l 11275 11900
l 11276 11901
l 11277 11902
l 11278 11903
l 11279 11904
l 11280 11905
l 11281 12096
l 11282 12097
l 11283 12098
l 11284 12099
l 11285 11906
l 11286 11907
l 11286 11952
l 11287 11908
l 11288 11909
l 11289 12100
l 11290 12101
l 11291 11910
l 11292 11911
l 11293 11912
l 11294 11913
l 11295 11914
l 11296 11915
l 11297 11302
l 11298 11312
l 11298 11317
l 11298 11320
l 11299 11336
l 11300 11301
l 11301 11308
l 11302 11303
l 11303 11304
l 11305 11314
l 11306 11315
l 11307 11313
l 11309 11310
l 11311 11316
l 11312 11336
l 11314 11322
l 11315 11322
l 11318 11321
l 11319 12103
l 11323 11325
l 11324 11326
l 11327 11329
l 11327 11379
l 11328 11330
l 11328 11376
l 11331 11333
l 11332 11334
l 11335 12025
l 11336 11390
l 11337 11338
l 11338 11340
l 11339 11341
l 11340 11342
l 11341 11343
l 11343 11345
l 11344 11346
l 11347 11349
l 11348 11350
l 11349 11351
l 11350 11352
l 11351 11353
l 11352 11354
l 11353 11355
l 11354 11356
l 11355 11357
l 11357 11359
l 11358 11360
l 11359 11361
l 11360 11362
l 11363 11364
l 11365 11367
l 11366 11368
l 11367 11369
l 11368 11370
l 11369 11371
l 11370 11372
l 11371 11373
l 11372 11374
l 11373 11375
l 11374 11376
l 11375 11377
l 11377 11379
l 11378 11380
l 11381 11382
l 11383 11385
l 11384 11386
l 11385 11387
l 11386 11388
l 11387 11389
l 11388 11389
l 11390 11511
l 11391 11392
l 11391 11393
l 11392 11394
l 11393 11395
l 11394 11399
l 11395 11402
l 11396 11397
l 11396 11398
l 11397 11400
l 11398 11401
l 11399 11405
l 11400 11403
l 11401 11404
l 11402 11406
l 11403 11407
l 11404 11408
l 11405 11409
l 11406 11410
l 11407 11411
l 11408 11412
l 11409 11413
l 11410 11414
l 11411 11415
l 11412 11416
l 11413 11417
l 11414 11418
l 11415 11419
l 11416 11420
l 11417 11421
l 11418 11422
l 11419 11423
l 11420 11424
l 11421 11425
l 11422 11426
l 11423 11427
l 11424 11428
l 11425 11429
l 11426 11430
l 11428 11432
l 11429 11433
l 11430 11434
l 11431 11435
l 11432 11436
l 11433 11437
l 11434 11438
l 11435 11439
l 11436 11440
l 11437 11441
l 11438 11442
l 11439 11443
l 11440 11444
l 11441 11445
l 11442 11446
l 11443 11447
l 11444 11448
l 11445 11449
l 11446 11452
l 11447 11450
l 11448 11451
l 11449 11455
l 11450 11453
l 11451 11454
l 11452 11456
l 11453 11457
l 11454 11458
l 11455 11459
l 11456 11460
l 11457 11461
l 11458 11462
l 11459 11463
l 11460 11464
l 11461 11465
l 11462 11466
l 11463 11467
l 11464 11468
l 11465 11469
l 11466 11470
l 11468 11472
l 11469 11473
l 11470 11474
l 11471 11475
l 11472 11476
l 11473 11477
l 11474 11478
l 11475 11479
l 11476 11480
l 11477 11481
l 11478 11482
l 11479 11483
l 11480 11484
l 11481 11485
l 11482 11486
l 11483 11487
l 11484 11488
l 11485 11489
l 11486 11490
l 11487 11491
l 11488 11492
l 11489 11493
l 11490 11494
l 11491 11495
l 11492 11496
l 11493 11497
l 11494 11498
l 11495 11501
l 11496 11502
l 11497 11499
l 11498 11500
l 11499 11503
l 11500 11504
l 11501 11506
l 11502 11507
l 11503 11505
l 11504 11505
l 11506 11508
l 11507 11509
l 11508 11510
l 11509 11510
l 11512 12167
l 11513 11514
l 11513 11515
l 11514 11516
l 11515 11517
l 11516 11518
l 11517 11519
l 11518 11520
l 11519 11521
l 11520 11522
l 11521 11523
l 11522 11524
l 11523 11525
l 11524 11526
l 11525 11527
l 11526 11528
l 11527 11529
l 11528 11530
l 11529 11531
l 11530 11532
l 11531 11533
l 11532 11534
l 11533 11535
l 11534 11536
l 11535 11537
l 11536 11538
l 11537 11539
l 11538 11540
l 11539 11541
l 11540 11543
l 11541 11544
l 11542 12166
l 11543 11545
l 11544 11546
l 11545 11547
l 11546 11548
l 11547 11549
l 11548 11550
l 11549 11551
l 11550 11552
l 11551 11553
l 11552 11554
l 11553 11555
l 11554 11556
l 11555 11557
l 11556 11558
l 11557 11559
l 11558 11560
l 11559 11561
l 11560 11562
l 11561 11563
l 11562 11564
l 11563 11565
l 11564 11566
l 11565 11567
l 11566 11568
l 11567 11569
l 11568 11570
l 11569 11571
l 11570 11572
l 11571 11573
l 11572 11573
l 11931 12171
l 11935 12042
l 12025 12275
l 12102 12172
l 12104 12105
l 12104 12106
l 12105 12107
l 12106 12108
l 12107 12109
l 12108 12110
l 12109 12111
l 12110 12112
l 12111 12113
l 12112 12114
l 12113 12115
l 12114 12116
l 12115 12117
l 12116 12118
l 12117 12119
l 12118 12120
l 12119 12121
l 12120 12122
l 12121 12123
l 12122 12124
l 12123 12125
l 12124 12126
l 12125 12127
l 12126 12128
l 12127 12130
l 12128 12131
l 12129 12168
l 12129 12169
l 12130 12132
l 12131 12133
l 12132 12134
l 12133 12135
l 12134 12136
l 12135 12137
l 12136 12138
l 12137 12139
l 12138 12140
l 12139 12141
l 12140 12142
l 12141 12143
l 12142 12144
l 12143 12145
l 12144 12146
l 12145 12147
l 12146 12148
l 12147 12149
l 12148 12150
l 12149 12151
l 12150 12152
l 12151 12153
l 12152 12154
l 12153 12155
l 12154 12156
l 12155 12157
l 12156 12158
l 12157 12159
l 12158 12160
l 12159 12161
l 12160 12162
l 12161 12163
l 12162 12164
l 12163 12164
l 12165 12175
l 12165 12203
l 12165 12266
l 12167 12312
l 12168 12171
l 12169 12171
l 12170 12272
l 12171 12211
l 12173 12310
l 12174 12304
l 12175 12305
l 12176 12177
l 12176 12178
l 12177 12179
l 12178 12180
l 12179 12181
l 12180 12182
l 12181 12183
l 12182 12184
l 12183 12185
l 12184 12186
l 12185 12187
l 12186 12188
l 12187 12189
l 12188 12190
l 12189 12191
l 12190 12192
l 12191 12193
l 12192 12194
l 12193 12195
l 12194 12196
l 12195 12197
l 12196 12198
l 12197 12199
l 12198 12200
l 12199 12201
l 12200 12202
l 12201 12205
l 12202 12206
l 12204 12306
l 12205 12207
l 12206 12208
l 12207 12209
l 12208 12210
l 12209 12212
l 12210 12213
l 12211 12311
l 12212 12214
l 12213 12215
l 12214 12216
l 12215 12217
l 12216 12218
l 12217 12219
l 12218 12220
l 12219 12221
l 12220 12222
l 12221 12223
l 12222 12224
l 12223 12225
l 12224 12226
l 12225 12227
l 12226 12228
l 12227 12229
l 12228 12230
l 12229 12231
l 12230 12232
l 12231 12233
l 12232 12234
l 12233 12235
l 12234 12236
l 12235 12237
l 12236 12238
l 12237 12238
l 12239 12240
l 12239 12241
l 12240 12242
l 12241 12243
l 12242 12244
l 12243 12245
l 12244 12246
l 12245 12247
l 12246 12248
l 12247 12249
l 12248 12250
l 12249 12251
l 12250 12252
l 12251 12253
l 12252 12254
l 12253 12255
l 12254 12256
l 12255 12257
l 12256 12258
l 12257 12259
l 12258 12260
l 12259 12261
l 12260 12262
l 12261 12263
l 12262 12264
l 12263 12265
l 12264 12267
l 12265 12268
l 12267 12269
l 12268 12270
l 12269 12273
l 12270 12274
l 12271 12307
l 12273 12276
l 12274 12277
l 12276 12278
l 12277 12279
l 12278 12280
l 12279 12281
l 12280 12282
l 12281 12283
l 12282 12284
l 12283 12285
l 12284 12286
l 12285 12287
l 12286 12288
l 12287 12289
l 12288 12290
l 12289 12291
l 12290 12292
l 12291 12293
l 12292 12295
l 12293 12296
l 12294 12341
l 12294 12345
l 12295 12297
l 12296 12298
l 12297 12299
l 12298 12300
l 12299 12301
l 12300 12302
l 12301 12303
l 12302 12303
l 12304 12324
l 12305 12315
l 12306 12316
l 12308 12354
l 12309 12313
l 12311 12317
l 12312 12351
l 12314 12326
l 12315 12334
l 12317 12336
l 12318 12320
l 12318 12329
l 12319 12321
l 12319 12330
l 12320 12322
l 12321 12323
l 12324 12339
l 12325 12333
l 12325 12342
l 12325 12343
l 12327 12329
l 12328 12330
l 12331 12338
l 12332 12338
l 12334 12344
l 12334 12347
l 12334 12348
l 12335 12340
l 12336 12337
l 12339 12346
l 12344 12349
l 12346 12353
l 12347 12453
l 12350 12388
l 12352 12487
l 12353 12453
l 12355 12356
l 12355 12357
l 12356 12358
l 12357 12359
l 12358 12360
l 12359 12361
l 12360 12362
l 12361 12363
l 12362 12364
l 12363 12365
l 12364 12366
l 12365 12367
l 12366 12368
l 12367 12369
l 12368 12370
l 12369 12371
l 12370 12372
l 12371 12373
l 12372 12374
l 12373 12375
l 12374 12376
l 12375 12377
l 12376 12378
l 12377 12379
l 12378 12380
l 12379 12381
l 12380 12382
l 12381 12383
l 12382 12384
l 12383 12385
l 12384 12386
l 12385 12387
l 12386 12389
l 12387 12390
l 12389 12391
l 12390 12392
l 12391 12393
l 12392 12394
l 12393 12396
l 12394 12397
l 12395 12480
l 12396 12398
l 12397 12399
l 12398 12400
l 12399 12401
l 12400 12402
l 12401 12403
l 12402 12404
l 12403 12405
l 12404 12406
l 12405 12407
l 12406 12409
l 12407 12410
l 12408 12611
l 12409 12411
l 12410 12412
l 12411 12413
l 12412 12414
l 12413 12415
l 12414 12416
l 12415 12417
l 12416 12417
l 12418 12419
l 12418 12420
l 12419 12421
l 12420 12422
l 12421 12423
l 12422 12424
l 12423 12425
l 12424 12426
l 12425 12427
l 12426 12428
l 12427 12429
l 12428 12430
l 12429 12431
l 12430 12432
l 12431 12433
l 12432 12434
l 12433 12435
l 12434 12436
l 12435 12437
l 12436 12438
l 12437 12439
l 12438 12440
l 12439 12441
l 12440 12442
l 12441 12443
l 12442 12444
l 12443 12445
l 12444 12446
l 12445 12447
l 12446 12448
l 12447 12449
l 12448 12450
l 12449 12451
l 12450 12452
l 12451 12454
l 12452 12455
l 12454 12456
l 12455 12457
l 12456 12458
l 12457 12459
l 12458 12461
l 12459 12462
l 12460 12484
l 12461 12463
l 12462 12464
l 12463 12465
l 12464 12466
l 12465 12467
l 12466 12468
l 12467 12469
l 12468 12470
l 12469 12471
l 12470 12472
l 12471 12473
l 12472 12474
l 12473 12475
l 12474 12476
l 12475 12477
l 12476 12478
l 12477 12479
l 12478 12479
l 12481 12483
l 12482 12531
l 12485 12486
l 12488 12489
l 12488 12490
l 12490 12492
l 12491 12493
l 12492 12494
l 12493 12495
l 12494 12496
l 12495 12497
l 12496 12498
l 12497 12499
l 12498 12500
l 12499 12501
l 12500 12502
l 12501 12503
l 12502 12504
l 12503 12505
l 12504 12506
l 12505 12507
l 12506 12508
l 12507 12509
l 12508 12510
l 12509 12511
l 12510 12512
l 12511 12513
l 12512 12514
l 12513 12515
l 12514 12516
l 12515 12517
l 12516 12518
l 12517 12519
l 12518 12520
l 12519 12521
l 12520 12522
l 12521 12523
l 12522 12524
l 12523 12525
l 12524 12526
l 12525 12527
l 12526 12528
l 12527 12529
l 12528 12530
l 12529 12532
l 12530 12533
l 12532 12534
l 12533 12535
l 12534 12536
l 12535 12537
l 12536 12538
l 12537 12539
l 12538 12540
l 12539 12541
l 12540 12542
l 12541 12543
l 12542 12544
l 12543 12545
l 12544 12546
l 12545 12547
l 12546 12548
l 12547 12548
l 12549 12550
l 12549 12551
l 12550 12552
l 12551 12553
l 12552 12554
l 12553 12555
l 12554 12556
l 12555 12557
l 12556 12558
l 12557 12559
l 12558 12560
l 12559 12561
l 12560 12562
l 12561 12563
l 12562 12564
l 12563 12565
l 12564 12566
l 12565 12567
l 12566 12568
l 12567 12569
l 12568 12570
l 12569 12571
l 12570 12572
l 12571 12573
l 12572 12574
l 12573 12575
l 12574 12576
l 12575 12577
l 12576 12578
l 12577 12579
l 12578 12580
l 12579 12581
l 12580 12582
l 12581 12583
l 12582 12584
l 12583 12585
l 12584 12586
l 12585 12587
l 12586 12588
l 12587 12589
l 12588 12590
l 12589 12591
l 12590 12592
l 12591 12593
l 12592 12595
l 12593 12596
l 12594 12597
l 12595 12598
l 12596 12599
l 12598 12600
l 12599 12601
l 12600 12602
l 12601 12603
l 12602 12604
l 12603 12605
l 12604 12606
l 12605 12607
l 12606 12608
l 12607 12609
l 12608 12610
l 12609 12610
