# feature-edge wireframe (30 derece), ISO 8855, metre
o wheel_2_wire
v 0.35450 0.33800 0.42150
v 0.00050 0.33700 -0.45750
v 0.04750 0.33700 -0.45450
v -0.04750 0.33700 -0.45450
v 0.09550 0.33700 -0.44750
v -0.09550 0.33700 -0.44750
v 0.14150 0.33700 -0.43450
v -0.14150 0.33700 -0.43450
v 0.18650 0.33700 -0.41750
v -0.18550 0.33700 -0.41750
v 0.22850 0.33700 -0.39550
v -0.22850 0.33700 -0.39550
v 0.26850 0.33700 -0.36950
v -0.26850 0.33700 -0.36950
v 0.30650 0.33700 -0.33950
v -0.30650 0.33700 -0.33950
v 0.34050 0.33700 -0.30550
v -0.33950 0.33700 -0.30550
v 0.37050 0.33700 -0.26850
v -0.37050 0.33700 -0.26850
v 0.39650 0.33700 -0.22850
v -0.39650 0.33700 -0.22850
v 0.41750 0.33700 -0.18550
v -0.41750 0.33700 -0.18550
v 0.43550 0.33700 -0.14150
v -0.43450 0.33700 -0.14150
v 0.44750 0.33700 -0.09450
v -0.44750 0.33700 -0.09450
v 0.45550 0.33700 -0.04750
v -0.45450 0.33700 -0.04750
v 0.45750 0.33700 0.00050
v -0.45750 0.33700 0.00050
v 0.45550 0.33700 0.04850
v -0.45450 0.33700 0.04850
v 0.44750 0.33700 0.09550
v -0.44750 0.33700 0.09550
v 0.43550 0.33700 0.14150
v -0.43450 0.33700 0.14150
v 0.41750 0.33700 0.18650
v -0.41750 0.33700 0.18650
v 0.39650 0.33700 0.22850
v -0.39650 0.33700 0.22850
v 0.37050 0.33700 0.26950
v -0.37050 0.33700 0.26950
v 0.34050 0.33700 0.30650
v -0.33950 0.33700 0.30650
v 0.44750 0.33700 0.32750
v 0.30650 0.33700 0.34050
v -0.30650 0.33700 0.34050
v 0.41750 0.33700 0.36150
v 0.26850 0.33700 0.37050
v -0.26850 0.33700 0.37050
v 0.22850 0.33700 0.39650
v -0.22850 0.33700 0.39650
v 0.18650 0.33700 0.41850
v -0.18550 0.33700 0.41850
v 0.14150 0.33700 0.43550
v -0.14150 0.33700 0.43550
v 0.09550 0.33700 0.44750
v -0.09550 0.33700 0.44750
v 0.04750 0.33700 0.45550
v -0.04750 0.33700 0.45550
v 0.00050 0.33700 0.45750
v 0.00050 0.33600 -0.45450
v 0.04750 0.33600 -0.45250
v -0.04750 0.33600 -0.45250
v 0.09450 0.33600 -0.44450
v -0.09450 0.33600 -0.44450
v 0.14050 0.33600 -0.43250
v -0.14050 0.33600 -0.43250
v 0.18550 0.33600 -0.41550
v -0.18550 0.33600 -0.41550
v 0.22750 0.33600 -0.39350
v -0.22750 0.33600 -0.39350
v 0.26750 0.33600 -0.36750
v -0.26750 0.33600 -0.36750
v 0.30450 0.33600 -0.33750
v -0.30450 0.33600 -0.33750
v 0.33850 0.33600 -0.30450
v -0.33850 0.33600 -0.30450
v 0.36850 0.33600 -0.26750
v -0.36850 0.33600 -0.26750
v 0.39450 0.33600 -0.22750
v -0.39450 0.33600 -0.22750
v 0.41550 0.33600 -0.18450
v -0.41550 0.33600 -0.18450
v 0.43250 0.33600 -0.14050
v -0.43250 0.33600 -0.14050
v 0.44550 0.33600 -0.09450
v -0.44550 0.33600 -0.09450
v 0.45250 0.33600 -0.04750
v -0.45250 0.33600 -0.04750
v 0.45550 0.33600 0.00050
v -0.45550 0.33600 0.00050
v 0.45250 0.33600 0.04750
v -0.45250 0.33600 0.04750
v 0.44550 0.33600 0.09450
v -0.44550 0.33600 0.09450
v 0.43250 0.33600 0.14050
v -0.43250 0.33600 0.14050
v 0.41550 0.33600 0.18550
v -0.41550 0.33600 0.18550
v 0.39450 0.33600 0.22750
v -0.39450 0.33600 0.22750
v 0.36850 0.33600 0.26750
v -0.36850 0.33600 0.26750
v -0.48050 0.33600 0.26950
v 0.33850 0.33600 0.30450
v -0.33850 0.33600 0.30450
v 0.30450 0.33600 0.33850
v -0.30450 0.33600 0.33850
v 0.26750 0.33600 0.36850
v -0.26750 0.33600 0.36850
v 0.22750 0.33600 0.39450
v -0.22750 0.33600 0.39450
v 0.18550 0.33600 0.41650
v -0.18550 0.33600 0.41650
v 0.14050 0.33600 0.43350
v -0.14050 0.33600 0.43350
v 0.09450 0.33600 0.44550
v -0.09450 0.33600 0.44550
v 0.04750 0.33600 0.45250
v -0.04750 0.33600 0.45250
v 0.00050 0.33600 0.45550
v 0.43250 0.33500 0.34450
v 0.40250 0.33500 0.37850
v 0.34250 0.33500 0.42950
v 0.51450 0.33400 0.20150
v -0.49750 0.33400 0.23150
v 0.49250 0.33400 0.24850
v -0.45950 0.33400 0.30450
v -0.48850 0.33300 0.25050
v 0.00050 0.33200 -0.47850
v 0.05050 0.33200 -0.47650
v -0.04950 0.33200 -0.47650
v 0.09950 0.33200 -0.46850
v -0.09950 0.33200 -0.46850
v 0.14850 0.33200 -0.45550
v -0.14750 0.33200 -0.45550
v 0.19450 0.33200 -0.43750
v -0.19450 0.33200 -0.43750
v 0.23950 0.33200 -0.41450
v -0.23950 0.33200 -0.41450
v 0.28150 0.33200 -0.38750
v -0.28150 0.33200 -0.38750
v 0.32050 0.33200 -0.35550
v -0.32050 0.33200 -0.35550
v 0.35650 0.33200 -0.32050
v -0.35550 0.33200 -0.32050
v 0.38750 0.33200 -0.28150
v -0.38750 0.33200 -0.28150
v 0.41450 0.33200 -0.23950
v -0.41450 0.33200 -0.23950
v 0.43750 0.33200 -0.19450
v -0.43750 0.33200 -0.19450
v 0.45550 0.33200 -0.14750
v -0.45550 0.33200 -0.14750
v 0.46850 0.33200 -0.09950
v -0.46850 0.33200 -0.09950
v 0.47650 0.33200 -0.04950
v -0.47650 0.33200 -0.04950
v 0.47950 0.33200 0.00050
v -0.47850 0.33200 0.00050
v 0.47650 0.33200 0.05050
v -0.47650 0.33200 0.05050
v 0.46850 0.33200 0.09950
v -0.46850 0.33200 0.09950
v 0.53550 0.33200 0.12550
v 0.45550 0.33200 0.14850
v -0.45550 0.33200 0.14850
v 0.43750 0.33200 0.19550
v -0.43750 0.33200 0.19550
v 0.41450 0.33200 0.23950
v -0.41450 0.33200 0.23950
v -0.48050 0.33200 0.26950
v 0.38750 0.33200 0.28150
v -0.38750 0.33200 0.28150
v 0.35650 0.33200 0.32050
v -0.35550 0.33200 0.32050
v 0.32050 0.33200 0.35650
v -0.32050 0.33200 0.35650
v 0.28150 0.33200 0.38750
v -0.28150 0.33200 0.38750
v 0.23950 0.33200 0.41550
v -0.23950 0.33200 0.41550
v 0.19450 0.33200 0.43750
v -0.19450 0.33200 0.43750
v 0.14850 0.33200 0.45550
v -0.14750 0.33200 0.45550
v 0.09950 0.33200 0.46850
v -0.09950 0.33200 0.46850
v 0.05050 0.33200 0.47650
v -0.04950 0.33200 0.47650
v 0.00050 0.33200 0.47950
v 0.00050 0.33100 -0.47650
v 0.04950 0.33100 -0.47350
v -0.04950 0.33100 -0.47350
v 0.09950 0.33100 -0.46550
v -0.09950 0.33100 -0.46550
v 0.14750 0.33100 -0.45350
v -0.14750 0.33100 -0.45350
v 0.19350 0.33100 -0.43550
v -0.19350 0.33100 -0.43550
v 0.23850 0.33100 -0.41250
v -0.23850 0.33100 -0.41250
v 0.28050 0.33100 -0.38550
v -0.28050 0.33100 -0.38550
v 0.31850 0.33100 -0.35350
v -0.31850 0.33100 -0.35350
v 0.35450 0.33100 -0.31850
v -0.35450 0.33100 -0.31850
v 0.38550 0.33100 -0.27950
v -0.38550 0.33100 -0.27950
v 0.41250 0.33100 -0.23850
v -0.41250 0.33100 -0.23850
v 0.43550 0.33100 -0.19350
v -0.43550 0.33100 -0.19350
v 0.45350 0.33100 -0.14750
v -0.45350 0.33100 -0.14750
v 0.46650 0.33100 -0.09850
v -0.46650 0.33100 -0.09850
v 0.47450 0.33100 -0.04950
v -0.47350 0.33100 -0.04950
v 0.47650 0.33100 0.00050
v -0.47650 0.33100 0.00050
v 0.47450 0.33100 0.05050
v -0.47350 0.33100 0.05050
v -0.55650 0.33100 0.05750
v 0.46650 0.33100 0.09950
v -0.46650 0.33100 0.09950
v 0.45350 0.33100 0.14750
v -0.45350 0.33100 0.14750
v 0.43550 0.33100 0.19450
v -0.43550 0.33100 0.19450
v -0.50550 0.33100 0.21250
v 0.41250 0.33100 0.23850
v -0.41250 0.33100 0.23850
v 0.38550 0.33100 0.28050
v -0.38550 0.33100 0.28050
v 0.35450 0.33100 0.31950
v -0.35450 0.33100 0.31950
v 0.31850 0.33100 0.35450
v -0.31850 0.33100 0.35450
v 0.28050 0.33100 0.38550
v -0.28050 0.33100 0.38550
v 0.23850 0.33100 0.41250
v -0.23850 0.33100 0.41250
v 0.39550 0.33100 0.43350
v 0.19350 0.33100 0.43550
v -0.19350 0.33100 0.43550
v 0.14750 0.33100 0.45350
v -0.14750 0.33100 0.45350
v 0.09950 0.33100 0.46650
v -0.09950 0.33100 0.46650
v 0.04950 0.33100 0.47450
v -0.04950 0.33100 0.47450
v 0.00050 0.33100 0.47650
v 0.54350 0.33000 0.08350
v 0.37450 0.33000 0.42650
v -0.56650 0.32900 0.01050
v -0.38150 0.32900 0.42650
v 0.38750 0.32900 0.44150
v 0.55050 0.32800 0.04250
v 0.54250 0.32800 0.08450
v 0.54050 0.32800 0.09750
v 0.53550 0.32800 0.12550
v -0.59050 0.32700 -0.05350
v -0.58950 0.32700 -0.05250
v 0.54250 0.32700 0.08450
v -0.36950 0.32700 0.43750
v -0.57150 0.32600 -0.01250
v 0.55350 0.32600 0.00250
v 0.57450 0.32600 0.16250
v -0.36750 0.32600 0.44350
v -0.58150 0.32500 -0.05550
v -0.58050 0.32500 -0.05450
v -0.58650 0.32500 0.04150
v 0.55050 0.32500 0.04250
v 0.58450 0.32500 0.12350
v 0.51150 0.32500 0.31850
v 0.46550 0.32500 0.37750
v 0.55650 0.32400 -0.03850
v -0.59750 0.32400 -0.00550
v -0.58850 0.32400 0.04150
v 0.41150 0.32400 0.44750
v -0.41850 0.32400 0.44750
v 0.36650 0.32400 0.47950
v -0.37450 0.32400 0.47950
v -0.60250 0.32300 -0.02950
v -0.59850 0.32300 -0.00550
v 0.55350 0.32300 0.00250
v -0.57950 0.32300 0.06450
v 0.54050 0.32300 0.24750
v 0.32250 0.32300 0.51050
v -0.32950 0.32300 0.51050
v 0.24850 0.32300 0.54150
v -0.25550 0.32300 0.54150
v 0.17350 0.32300 0.57350
v -0.18050 0.32300 0.57350
v -0.61050 0.32200 -0.07750
v -0.58550 0.32200 0.06650
v 0.56850 0.32200 0.17650
v -0.42250 0.32200 0.43650
v 0.55750 0.32100 -0.08750
v 0.55650 0.32100 -0.03850
v -0.59350 0.32100 -0.00650
v -0.57950 0.32100 0.06450
v 0.41850 0.32100 0.43750
v 0.00050 0.32000 -0.50150
v 0.05250 0.32000 -0.49850
v -0.05250 0.32000 -0.49850
v 0.10450 0.32000 -0.49050
v -0.10450 0.32000 -0.49050
v 0.15550 0.32000 -0.47750
v -0.15550 0.32000 -0.47750
v 0.20450 0.32000 -0.45850
v -0.20450 0.32000 -0.45850
v 0.25150 0.32000 -0.43450
v -0.25050 0.32000 -0.43450
v 0.29550 0.32000 -0.40550
v -0.29450 0.32000 -0.40550
v 0.33550 0.32000 -0.37250
v -0.33550 0.32000 -0.37250
v 0.37350 0.32000 -0.33550
v -0.37250 0.32000 -0.33550
v 0.40650 0.32000 -0.29450
v -0.40650 0.32000 -0.29450
v 0.43450 0.32000 -0.25050
v -0.43450 0.32000 -0.25050
v 0.45850 0.32000 -0.20350
v -0.45850 0.32000 -0.20350
v 0.47750 0.32000 -0.15450
v -0.47750 0.32000 -0.15450
v 0.49150 0.32000 -0.10450
v -0.49050 0.32000 -0.10450
v 0.55650 0.32000 -0.07050
v 0.49950 0.32000 -0.05250
v -0.49950 0.32000 -0.05250
v 0.50250 0.32000 0.00050
v -0.50150 0.32000 0.00050
v -0.58950 0.32000 0.01750
v -0.59050 0.32000 0.04250
v 0.49950 0.32000 0.05250
v -0.49950 0.32000 0.05250
v -0.58050 0.32000 0.06550
v 0.49150 0.32000 0.10450
v -0.49050 0.32000 0.10450
v 0.47750 0.32000 0.15550
v -0.47750 0.32000 0.15550
v 0.45850 0.32000 0.20450
v -0.45850 0.32000 0.20450
v 0.43450 0.32000 0.25150
v -0.43450 0.32000 0.25150
v 0.40650 0.32000 0.29550
v -0.40650 0.32000 0.29550
v 0.37350 0.32000 0.33650
v -0.37250 0.32000 0.33650
v 0.33550 0.32000 0.37350
v -0.33550 0.32000 0.37350
v 0.29550 0.32000 0.40650
v -0.29450 0.32000 0.40650
v 0.25150 0.32000 0.43450
v -0.25050 0.32000 0.43450
v -0.40850 0.32000 0.45250
v 0.20450 0.32000 0.45850
v -0.20450 0.32000 0.45850
v 0.15550 0.32000 0.47750
v -0.15550 0.32000 0.47750
v 0.10450 0.32000 0.49150
v -0.10450 0.32000 0.49150
v 0.05250 0.32000 0.49950
v -0.05250 0.32000 0.49950
v 0.00050 0.32000 0.50250
v 0.00050 0.31900 -0.49850
v 0.05250 0.31900 -0.49550
v -0.05250 0.31900 -0.49550
v 0.10350 0.31900 -0.48750
v -0.10350 0.31900 -0.48750
v 0.15450 0.31900 -0.47450
v -0.15450 0.31900 -0.47450
v 0.20250 0.31900 -0.45550
v -0.20250 0.31900 -0.45550
v 0.24950 0.31900 -0.43150
v -0.24950 0.31900 -0.43150
v 0.29350 0.31900 -0.40350
v -0.29350 0.31900 -0.40350
v 0.33350 0.31900 -0.37050
v -0.33350 0.31900 -0.37050
v 0.37050 0.31900 -0.33350
v -0.37050 0.31900 -0.33350
v 0.40350 0.31900 -0.29250
v -0.40350 0.31900 -0.29250
v 0.43250 0.31900 -0.24950
v -0.43150 0.31900 -0.24950
v 0.45550 0.31900 -0.20250
v -0.45550 0.31900 -0.20250
v 0.47450 0.31900 -0.15350
v -0.47450 0.31900 -0.15350
v 0.48850 0.31900 -0.10350
v -0.48750 0.31900 -0.10350
v 0.55650 0.31900 -0.08650
v -0.60850 0.31900 -0.07750
v 0.49650 0.31900 -0.05150
v -0.49650 0.31900 -0.05150
v 0.49850 0.31900 0.00050
v -0.49850 0.31900 0.00050
v 0.49650 0.31900 0.05250
v -0.49650 0.31900 0.05250
v 0.58250 0.31900 0.10050
v 0.48850 0.31900 0.10350
v -0.48750 0.31900 0.10350
v 0.47450 0.31900 0.15450
v -0.47450 0.31900 0.15450
v 0.45550 0.31900 0.20350
v -0.45550 0.31900 0.20350
v 0.43250 0.31900 0.24950
v -0.43150 0.31900 0.24950
v 0.40350 0.31900 0.29350
v -0.40350 0.31900 0.29350
v 0.37050 0.31900 0.33450
v -0.37050 0.31900 0.33450
v 0.33350 0.31900 0.37050
v -0.33350 0.31900 0.37050
v 0.29350 0.31900 0.40350
v -0.29350 0.31900 0.40350
v 0.24950 0.31900 0.43250
v -0.24950 0.31900 0.43250
v 0.20250 0.31900 0.45550
v -0.20250 0.31900 0.45550
v 0.15450 0.31900 0.47450
v -0.15450 0.31900 0.47450
v 0.10350 0.31900 0.48850
v -0.10350 0.31900 0.48850
v 0.05250 0.31900 0.49650
v -0.05250 0.31900 0.49650
v 0.00050 0.31900 0.49950
v 0.55750 0.31800 -0.13550
v 0.55650 0.31800 -0.08650
v -0.59750 0.31700 0.01950
v 0.59750 0.31600 0.02550
v -0.56350 0.31600 0.29850
v 0.57150 0.31500 -0.08550
v 0.57750 0.31500 -0.06050
v -0.60350 0.31500 -0.00450
v 0.55750 0.31400 -0.13550
v -0.60450 0.31400 -0.00450
v -0.46250 0.31400 0.43050
v 0.00050 0.31300 -0.51550
v 0.05350 0.31300 -0.51250
v -0.05350 0.31300 -0.51250
v 0.10750 0.31300 -0.50350
v -0.10750 0.31300 -0.50350
v 0.15950 0.31300 -0.48950
v -0.15950 0.31300 -0.48950
v 0.20950 0.31300 -0.47050
v -0.20950 0.31300 -0.47050
v 0.25750 0.31300 -0.44550
v -0.25750 0.31300 -0.44550
v 0.30250 0.31300 -0.41650
v -0.30250 0.31300 -0.41650
v 0.34450 0.31300 -0.38250
v -0.34450 0.31300 -0.38250
v 0.38250 0.31300 -0.34450
v -0.38250 0.31300 -0.34450
v 0.41650 0.31300 -0.30250
v -0.41650 0.31300 -0.30250
v 0.44650 0.31300 -0.25750
v -0.44650 0.31300 -0.25750
v 0.47050 0.31300 -0.20950
v -0.47050 0.31300 -0.20950
v 0.49050 0.31300 -0.15850
v -0.48950 0.31300 -0.15850
v 0.55850 0.31300 -0.14550
v 0.50450 0.31300 -0.10650
v -0.50350 0.31300 -0.10650
v 0.51250 0.31300 -0.05350
v -0.51250 0.31300 -0.05350
v 0.51550 0.31300 0.00050
v -0.51550 0.31300 0.00050
v 0.51250 0.31300 0.05450
v -0.51250 0.31300 0.05450
v 0.50450 0.31300 0.10750
v -0.50350 0.31300 0.10750
v 0.49050 0.31300 0.15950
v -0.48950 0.31300 0.15950
v 0.47050 0.31300 0.20950
v -0.47050 0.31300 0.20950
v 0.44650 0.31300 0.25750
v -0.44650 0.31300 0.25750
v 0.41650 0.31300 0.30350
v -0.41650 0.31300 0.30350
v 0.38250 0.31300 0.34550
v -0.38250 0.31300 0.34550
v 0.34450 0.31300 0.38350
v -0.34450 0.31300 0.38350
v 0.30250 0.31300 0.41750
v -0.30250 0.31300 0.41750
v 0.25750 0.31300 0.44650
v -0.25750 0.31300 0.44650
v 0.20950 0.31300 0.47050
v -0.20950 0.31300 0.47050
v 0.15950 0.31300 0.49050
v -0.15950 0.31300 0.49050
v 0.10750 0.31300 0.50450
v -0.10750 0.31300 0.50450
v 0.05350 0.31300 0.51250
v -0.05350 0.31300 0.51250
v 0.00050 0.31300 0.51550
v -0.58650 0.31200 0.26150
v 0.43550 0.31200 0.43550
v -0.00250 0.31100 -0.54350
v -0.00450 0.31100 -0.54350
v 0.05550 0.31100 -0.54150
v 0.05750 0.31100 -0.54050
v -0.06250 0.31100 -0.54050
v -0.06450 0.31100 -0.54050
v 0.11650 0.31100 -0.53150
v 0.11450 0.31100 -0.53150
v -0.12150 0.31100 -0.53050
v -0.12350 0.31100 -0.52950
v 0.17250 0.31100 -0.51650
v 0.17450 0.31100 -0.51550
v -0.18050 0.31100 -0.51450
v -0.17850 0.31100 -0.51350
v -0.18050 0.31100 -0.51350
v 0.22850 0.31100 -0.49550
v 0.22750 0.31100 -0.49450
v 0.22950 0.31100 -0.49350
v -0.23350 0.31100 -0.49150
v -0.23650 0.31100 -0.49150
v -0.23550 0.31100 -0.49050
v 0.28150 0.31100 -0.46750
v 0.28050 0.31100 -0.46650
v 0.28250 0.31100 -0.46450
v -0.28650 0.31100 -0.46250
v -0.28850 0.31100 -0.46250
v -0.28850 0.31100 -0.46150
v 0.33050 0.31100 -0.43350
v 0.33050 0.31100 -0.43250
v 0.33150 0.31100 -0.43150
v -0.33550 0.31100 -0.42850
v -0.33750 0.31100 -0.42750
v -0.33750 0.31100 -0.42650
v 0.37550 0.31100 -0.39350
v 0.37750 0.31100 -0.39250
v -0.38050 0.31100 -0.38850
v -0.38250 0.31100 -0.38850
v -0.38250 0.31100 -0.38750
v 0.41750 0.31100 -0.35050
v 0.41650 0.31100 -0.35050
v 0.41750 0.31100 -0.34850
v -0.42050 0.31100 -0.34450
v -0.42250 0.31100 -0.34250
v 0.45350 0.31100 -0.30250
v 0.45250 0.31100 -0.30250
v 0.45350 0.31100 -0.30050
v -0.45650 0.31100 -0.29650
v -0.45850 0.31100 -0.29550
v -0.45750 0.31100 -0.29450
v 0.48350 0.31100 -0.25150
v 0.48250 0.31100 -0.25050
v 0.48350 0.31100 -0.24850
v -0.48650 0.31100 -0.24450
v -0.48750 0.31100 -0.24350
v -0.48650 0.31100 -0.24250
v 0.50750 0.31100 -0.19650
v 0.50850 0.31100 -0.19450
v -0.50950 0.31100 -0.18950
v -0.51050 0.31100 -0.18750
v -0.51150 0.31100 -0.18750
v 0.52650 0.31100 -0.13950
v 0.52650 0.31100 -0.13750
v -0.52750 0.31100 -0.13250
v -0.52850 0.31100 -0.13050
v 0.53950 0.31100 -0.08050
v 0.53850 0.31100 -0.08050
v 0.53850 0.31100 -0.07850
v -0.53950 0.31100 -0.07350
v -0.53950 0.31100 -0.07150
v 0.54350 0.31100 -0.02150
v 0.54350 0.31100 -0.01850
v -0.54350 0.31100 -0.01450
v -0.54350 0.31100 -0.01150
v -0.59850 0.31100 -0.00550
v 0.54250 0.31100 0.03850
v 0.54250 0.31100 0.04050
v -0.54250 0.31100 0.04850
v -0.54150 0.31100 0.05050
v 0.53550 0.31100 0.09850
v 0.53550 0.31100 0.10050
v -0.53350 0.31100 0.10750
v -0.53350 0.31100 0.10950
v 0.52150 0.31100 0.15650
v 0.52050 0.31100 0.15850
v -0.51850 0.31100 0.16550
v -0.51750 0.31100 0.16750
v -0.51850 0.31100 0.16750
v -0.60850 0.31100 0.19250
v 0.49950 0.31100 0.21650
v 0.50050 0.31100 0.21750
v 0.49850 0.31100 0.21850
v -0.49750 0.31100 0.22150
v -0.49650 0.31100 0.22350
v -0.49750 0.31100 0.22350
v 0.47350 0.31100 0.27050
v 0.47250 0.31100 0.27050
v 0.47150 0.31100 0.27250
v -0.46950 0.31100 0.27450
v -0.46850 0.31100 0.27650
v -0.46950 0.31100 0.27650
v 0.43950 0.31100 0.32050
v 0.44050 0.31100 0.32150
v 0.43850 0.31100 0.32250
v -0.43750 0.31100 0.32450
v -0.43550 0.31100 0.32650
v -0.43650 0.31100 0.32650
v 0.40250 0.31100 0.36650
v 0.40250 0.31100 0.36750
v 0.40050 0.31100 0.36850
v -0.39850 0.31100 0.37050
v -0.39750 0.31100 0.37250
v -0.39850 0.31100 0.37250
v 0.35950 0.31100 0.40850
v 0.36050 0.31100 0.40950
v 0.35750 0.31100 0.41050
v -0.35550 0.31100 0.41150
v -0.35450 0.31100 0.41450
v 0.31250 0.31100 0.44550
v 0.31350 0.31100 0.44650
v 0.31050 0.31100 0.44750
v -0.30850 0.31100 0.44850
v -0.30650 0.31100 0.44950
v -0.30750 0.31100 0.45050
v 0.26150 0.31100 0.47750
v 0.26250 0.31100 0.47850
v 0.25950 0.31100 0.47850
v -0.25750 0.31100 0.47950
v -0.25550 0.31100 0.48050
v -0.25550 0.31100 0.48150
v 0.20750 0.31100 0.50350
v 0.20850 0.31100 0.50450
v 0.20550 0.31100 0.50450
v -0.20150 0.31100 0.50550
v -0.20350 0.31100 0.50550
v 0.15150 0.31100 0.52350
v 0.14950 0.31100 0.52350
v -0.14450 0.31100 0.52450
v -0.14650 0.31100 0.52450
v 0.09250 0.31100 0.53650
v 0.09050 0.31100 0.53650
v 0.09350 0.31100 0.53750
v -0.08550 0.31100 0.53750
v -0.08850 0.31100 0.53750
v -0.08650 0.31100 0.53850
v 0.03350 0.31100 0.54350
v 0.03150 0.31100 0.54350
v -0.02650 0.31100 0.54350
v -0.02850 0.31100 0.54350
v 0.05750 0.31000 -0.54350
v -0.12150 0.31000 -0.53250
v 0.17450 0.31000 -0.51750
v 0.23050 0.31000 -0.49550
v -0.23450 0.31000 -0.49350
v 0.28350 0.31000 -0.46650
v -0.28750 0.31000 -0.46450
v 0.33350 0.31000 -0.43250
v 0.37850 0.31000 -0.39350
v -0.38250 0.31000 -0.39050
v -0.38350 0.31000 -0.38850
v 0.41950 0.31000 -0.34950
v -0.42250 0.31000 -0.34650
v 0.45550 0.31000 -0.30150
v -0.45850 0.31000 -0.29750
v 0.48550 0.31000 -0.24950
v -0.48850 0.31000 -0.24550
v -0.51250 0.31000 -0.19050
v -0.54150 0.31000 -0.07450
v 0.59950 0.31000 -0.06950
v 0.54650 0.31000 -0.01850
v 0.54550 0.31000 0.04150
v 0.53750 0.31000 0.10050
v -0.53550 0.31000 0.10750
v -0.62250 0.31000 0.14350
v -0.52050 0.31000 0.16550
v -0.49950 0.31000 0.22250
v 0.47350 0.31000 0.27350
v 0.44050 0.31000 0.32350
v 0.40250 0.31000 0.37050
v -0.40050 0.31000 0.37150
v -0.39850 0.31000 0.37350
v 0.35950 0.31000 0.41250
v -0.35750 0.31000 0.41350
v 0.31150 0.31000 0.44950
v -0.30950 0.31000 0.45050
v -0.20350 0.31000 0.50750
v 0.14950 0.31000 0.52550
v -0.08850 0.31000 0.53950
v -0.00250 0.30900 -0.54650
v -0.00450 0.30900 -0.54650
v 0.03150 0.30900 -0.54550
v 0.02250 0.30900 -0.54550
v -0.02850 0.30900 -0.54550
v -0.03750 0.30900 -0.54450
v 0.05750 0.30900 -0.54350
v 0.05550 0.30900 -0.54350
v -0.06250 0.30900 -0.54250
v -0.06450 0.30900 -0.54250
v 0.08150 0.30900 -0.54050
v 0.09050 0.30900 -0.53850
v -0.08850 0.30900 -0.53850
v -0.09750 0.30900 -0.53750
v 0.11450 0.30900 -0.53450
v 0.11650 0.30900 -0.53350
v -0.12150 0.30900 -0.53250
v -0.12350 0.30900 -0.53250
v 0.14050 0.30900 -0.52750
v 0.14950 0.30900 -0.52550
v -0.14750 0.30900 -0.52550
v -0.15650 0.30900 -0.52350
v 0.17250 0.30900 -0.51850
v 0.17450 0.30900 -0.51750
v -0.17950 0.30900 -0.51550
v -0.18150 0.30900 -0.51550
v 0.02050 0.30900 -0.51150
v 0.02950 0.30900 -0.51050
v -0.02750 0.30900 -0.51050
v -0.03550 0.30900 -0.51050
v 0.19750 0.30900 -0.50950
v -0.20450 0.30900 -0.50650
v 0.20650 0.30900 -0.50550
v 0.07650 0.30900 -0.50550
v 0.08550 0.30900 -0.50450
v -0.08350 0.30900 -0.50450
v -0.09150 0.30900 -0.50350
v -0.21250 0.30900 -0.50350
v 0.22850 0.30900 -0.49650
v 0.23050 0.30900 -0.49550
v 0.13150 0.30900 -0.49450
v -0.23450 0.30900 -0.49350
v -0.13750 0.30900 -0.49250
v -0.23650 0.30900 -0.49250
v 0.13950 0.30900 -0.49150
v -0.14650 0.30900 -0.49050
v 0.25250 0.30900 -0.48450
v -0.25850 0.30900 -0.48150
v 0.26050 0.30900 -0.48050
v 0.18550 0.30900 -0.47650
v -0.26650 0.30900 -0.47650
v -0.19150 0.30900 -0.47450
v 0.19350 0.30900 -0.47350
v -0.19950 0.30900 -0.47150
v 0.28150 0.30900 -0.46850
v 0.28350 0.30900 -0.46650
v -0.28750 0.30900 -0.46450
v -0.28950 0.30900 -0.46350
v 0.30450 0.30900 -0.45350
v 0.23650 0.30900 -0.45350
v -0.24250 0.30900 -0.45050
v 0.24350 0.30900 -0.44950
v -0.30950 0.30900 -0.44950
v 0.31150 0.30900 -0.44850
v -0.24950 0.30900 -0.44650
v -0.31750 0.30900 -0.44450
v 0.33150 0.30900 -0.43450
v 0.33350 0.30900 -0.43250
v -0.33650 0.30900 -0.42950
v -0.33850 0.30900 -0.42850
v 0.28450 0.30900 -0.42450
v -0.29050 0.30900 -0.42150
v 0.29150 0.30900 -0.42050
v 0.35250 0.30900 -0.41750
v -0.29750 0.30900 -0.41650
v -0.35750 0.30900 -0.41350
v 0.35950 0.30900 -0.41150
v -0.36450 0.30900 -0.40750
v 0.37750 0.30900 -0.39550
v 0.37850 0.30900 -0.39350
v 0.32950 0.30900 -0.39150
v -0.38250 0.30900 -0.39050
v -0.38350 0.30900 -0.38850
v -0.33450 0.30900 -0.38650
v 0.33650 0.30900 -0.38550
v -0.34150 0.30900 -0.38150
v 0.39550 0.30900 -0.37650
v -0.40050 0.30900 -0.37150
v 0.40250 0.30900 -0.36950
v -0.40650 0.30900 -0.36450
v 0.37050 0.30900 -0.35250
v 0.41850 0.30900 -0.35150
v 0.41950 0.30900 -0.34950
v -0.37550 0.30900 -0.34750
v 0.37650 0.30900 -0.34650
v -0.42250 0.30900 -0.34650
v -0.42450 0.30900 -0.34450
v -0.38050 0.30900 -0.34150
v 0.43450 0.30900 -0.33050
v -0.43950 0.30900 -0.32550
v 0.44050 0.30900 -0.32350
v -0.44450 0.30900 -0.31750
v 0.40750 0.30900 -0.30950
v -0.41150 0.30900 -0.30450
v 0.45450 0.30900 -0.30350
v 0.41250 0.30900 -0.30250
v 0.45550 0.30900 -0.30150
v -0.41650 0.30900 -0.29750
v -0.45850 0.30900 -0.29750
v -0.45950 0.30900 -0.29550
v 0.46850 0.30900 -0.28050
v -0.47250 0.30900 -0.27450
v 0.47350 0.30900 -0.27350
v -0.47650 0.30900 -0.26750
v 0.43850 0.30900 -0.26350
v -0.44250 0.30900 -0.25750
v 0.44350 0.30900 -0.25550
v 0.48450 0.30900 -0.25150
v -0.44650 0.30900 -0.25050
v 0.48550 0.30900 -0.24950
v -0.48850 0.30900 -0.24550
v -0.48950 0.30900 -0.24350
v 0.49650 0.30900 -0.22750
v -0.49950 0.30900 -0.22150
v 0.50050 0.30900 -0.21950
v 0.46550 0.30900 -0.21350
v -0.50350 0.30900 -0.21350
v -0.46750 0.30900 -0.20750
v 0.46850 0.30900 -0.20550
v -0.47150 0.30900 -0.19950
v 0.50950 0.30900 -0.19650
v 0.51050 0.30900 -0.19450
v -0.51250 0.30900 -0.19050
v -0.51250 0.30900 -0.18850
v 0.51850 0.30900 -0.17150
v -0.52050 0.30900 -0.16550
v 0.52150 0.30900 -0.16350
v 0.48550 0.30900 -0.16050
v -0.52350 0.30900 -0.15650
v -0.48750 0.30900 -0.15450
v 0.48850 0.30900 -0.15250
v -0.49050 0.30900 -0.14650
v 0.52850 0.30900 -0.13950
v 0.52850 0.30900 -0.13750
v -0.52950 0.30900 -0.13350
v -0.53050 0.30900 -0.13050
v 0.53450 0.30900 -0.11350
v -0.53550 0.30900 -0.10750
v 0.50050 0.30900 -0.10650
v 0.53650 0.30900 -0.10550
v -0.50150 0.30900 -0.10050
v 0.50250 0.30900 -0.09850
v -0.53750 0.30900 -0.09850
v -0.50350 0.30900 -0.09150
v 0.54050 0.30900 -0.08150
v 0.54050 0.30900 -0.07850
v -0.54150 0.30900 -0.07450
v -0.54150 0.30900 -0.07150
v 0.54350 0.30900 -0.05450
v 0.50950 0.30900 -0.05150
v -0.54450 0.30900 -0.04750
v 0.54450 0.30900 -0.04550
v -0.50950 0.30900 -0.04450
v 0.51050 0.30900 -0.04250
v -0.54550 0.30900 -0.03850
v -0.51050 0.30900 -0.03650
v 0.54650 0.30900 -0.02150
v 0.54650 0.30900 -0.01850
v -0.54650 0.30900 -0.01450
v -0.54650 0.30900 -0.01150
v 0.54650 0.30900 0.00550
v 0.51150 0.30900 0.00550
v -0.51150 0.30900 0.01150
v -0.54650 0.30900 0.01250
v 0.51150 0.30900 0.01350
v 0.54650 0.30900 0.01450
v -0.51150 0.30900 0.02250
v -0.54550 0.30900 0.02350
v 0.54550 0.30900 0.03850
v 0.54550 0.30900 0.04150
v -0.54450 0.30900 0.04850
v -0.54450 0.30900 0.05050
v 0.50850 0.30900 0.06150
v 0.54250 0.30900 0.06550
v 0.50750 0.30900 0.06950
v -0.50650 0.30900 0.07050
v 0.54150 0.30900 0.07450
v -0.54150 0.30900 0.07450
v -0.50550 0.30900 0.07850
v -0.53950 0.30900 0.08350
v 0.53750 0.30900 0.09850
v 0.53750 0.30900 0.10050
v -0.53550 0.30900 0.10750
v -0.53550 0.30900 0.10950
v 0.49850 0.30900 0.11650
v 0.53250 0.30900 0.12450
v 0.49650 0.30900 0.12450
v -0.49650 0.30900 0.12550
v 0.53050 0.30900 0.13350
v -0.49450 0.30900 0.13350
v -0.52950 0.30900 0.13350
v -0.52750 0.30900 0.14250
v 0.52350 0.30900 0.15650
v 0.52250 0.30900 0.15950
v -0.52050 0.30900 0.16550
v -0.51950 0.30900 0.16850
v 0.48250 0.30900 0.17050
v -0.47950 0.30900 0.17850
v 0.51550 0.30900 0.18250
v 0.47850 0.30900 0.18250
v -0.47650 0.30900 0.18650
v -0.51150 0.30900 0.19150
v 0.51050 0.30900 0.19550
v -0.50850 0.30900 0.19950
v 0.50150 0.30900 0.21750
v 0.50050 0.30900 0.21950
v -0.49950 0.30900 0.22250
v -0.49850 0.30900 0.22450
v 0.45950 0.30900 0.22650
v -0.45650 0.30900 0.23050
v 0.45550 0.30900 0.23450
v -0.45350 0.30900 0.23850
v 0.49050 0.30900 0.24150
v -0.48750 0.30900 0.24650
v 0.48650 0.30900 0.25050
v -0.48350 0.30900 0.25450
v 0.47450 0.30900 0.27150
v 0.47350 0.30900 0.27350
v 0.43150 0.30900 0.27550
v -0.47150 0.30900 0.27550
v -0.47050 0.30900 0.27750
v -0.42850 0.30900 0.27950
v 0.42650 0.30900 0.28250
v -0.42450 0.30900 0.28650
v 0.46050 0.30900 0.29450
v -0.45750 0.30900 0.29850
v 0.45550 0.30900 0.30150
v -0.45250 0.30900 0.30550
v 0.44150 0.30900 0.32150
v 0.39850 0.30900 0.32150
v 0.44050 0.30900 0.32350
v -0.39550 0.30900 0.32450
v -0.43850 0.30900 0.32550
v 0.39350 0.30900 0.32750
v -0.43750 0.30900 0.32750
v -0.39050 0.30900 0.33150
v 0.42550 0.30900 0.34350
v -0.42250 0.30900 0.34650
v 0.41950 0.30900 0.35050
v -0.41650 0.30900 0.35350
v 0.36050 0.30900 0.36350
v -0.35750 0.30900 0.36650
v 0.40350 0.30900 0.36850
v 0.35450 0.30900 0.36950
v 0.40250 0.30900 0.37050
v -0.40050 0.30900 0.37150
v -0.35150 0.30900 0.37250
v -0.39850 0.30900 0.37350
v 0.38550 0.30900 0.38750
v -0.38150 0.30900 0.39150
v 0.37850 0.30900 0.39450
v -0.37550 0.30900 0.39750
v 0.31850 0.30900 0.40050
v -0.31550 0.30900 0.40350
v 0.31250 0.30900 0.40550
v -0.30850 0.30900 0.40850
v 0.36050 0.30900 0.41050
v 0.35950 0.30900 0.41250
v -0.35750 0.30900 0.41350
v -0.35550 0.30900 0.41550
v 0.34050 0.30900 0.42750
v -0.33650 0.30900 0.43050
v 0.33350 0.30900 0.43350
v 0.27350 0.30900 0.43350
v -0.26950 0.30900 0.43550
v -0.32950 0.30900 0.43650
v 0.26550 0.30900 0.43750
v -0.26150 0.30900 0.43950
v 0.31350 0.30900 0.44750
v 0.31150 0.30900 0.44950
v -0.30950 0.30900 0.45050
v -0.30750 0.30900 0.45150
v 0.22350 0.30900 0.46050
v 0.29150 0.30900 0.46250
v -0.21950 0.30900 0.46250
v 0.21650 0.30900 0.46450
v -0.28750 0.30900 0.46450
v -0.21250 0.30900 0.46550
v 0.28350 0.30900 0.46750
v -0.27950 0.30900 0.46950
v 0.26250 0.30900 0.47950
v 0.26050 0.30900 0.48050
v -0.25850 0.30900 0.48150
v 0.17150 0.30900 0.48250
v -0.25650 0.30900 0.48250
v -0.16750 0.30900 0.48350
v 0.16350 0.30900 0.48550
v -0.15950 0.30900 0.48650
v 0.23950 0.30900 0.49150
v -0.23450 0.30900 0.49350
v 0.23050 0.30900 0.49550
v -0.22650 0.30900 0.49750
v 0.11850 0.30900 0.49850
v -0.11350 0.30900 0.49950
v 0.10950 0.30900 0.50050
v -0.10550 0.30900 0.50150
v 0.20850 0.30900 0.50550
v 0.20650 0.30900 0.50650
v -0.20150 0.30900 0.50750
v -0.20350 0.30900 0.50750
v 0.06250 0.30900 0.50850
v -0.05850 0.30900 0.50850
v 0.05450 0.30900 0.50950
v -0.04950 0.30900 0.50950
v 0.00650 0.30900 0.51150
v -0.00150 0.30900 0.51150
v 0.18350 0.30900 0.51450
v -0.17950 0.30900 0.51650
v 0.17550 0.30900 0.51750
v -0.17050 0.30900 0.51950
v 0.15150 0.30900 0.52550
v 0.14950 0.30900 0.52550
v -0.14750 0.30900 0.52650
v -0.14450 0.30900 0.52750
v 0.12650 0.30900 0.53150
v -0.12150 0.30900 0.53350
v 0.11750 0.30900 0.53450
v -0.11250 0.30900 0.53450
v 0.09350 0.30900 0.53850
v 0.09150 0.30900 0.53950
v -0.08650 0.30900 0.53950
v -0.08850 0.30900 0.53950
v 0.06650 0.30900 0.54250
v 0.05750 0.30900 0.54350
v -0.06250 0.30900 0.54350
v -0.05350 0.30900 0.54450
v 0.03350 0.30900 0.54550
v 0.03150 0.30900 0.54550
v -0.02850 0.30900 0.54550
v 0.00650 0.30900 0.54650
v -0.00250 0.30900 0.54650
v -0.02650 0.30900 0.54650
v 0.00050 0.30700 -0.51550
v 0.05350 0.30700 -0.51250
v -0.05350 0.30700 -0.51250
v 0.10750 0.30700 -0.50350
v -0.10750 0.30700 -0.50350
v 0.15950 0.30700 -0.48950
v -0.15950 0.30700 -0.48950
v 0.20950 0.30700 -0.47050
v -0.20950 0.30700 -0.47050
v 0.25750 0.30700 -0.44550
v -0.25750 0.30700 -0.44550
v 0.30250 0.30700 -0.41650
v -0.30250 0.30700 -0.41650
v 0.34450 0.30700 -0.38250
v -0.34450 0.30700 -0.38250
v 0.38250 0.30700 -0.34450
v -0.38250 0.30700 -0.34450
v 0.41650 0.30700 -0.30250
v -0.41650 0.30700 -0.30250
v 0.44650 0.30700 -0.25750
v -0.44650 0.30700 -0.25750
v 0.47050 0.30700 -0.20950
v -0.47050 0.30700 -0.20950
v 0.49050 0.30700 -0.15850
v -0.48950 0.30700 -0.15850
v 0.50450 0.30700 -0.10650
v -0.50350 0.30700 -0.10650
v 0.51250 0.30700 -0.05350
v -0.51250 0.30700 -0.05350
v -0.61550 0.30700 -0.04750
v 0.51550 0.30700 0.00050
v -0.51550 0.30700 0.00050
v 0.51250 0.30700 0.05450
v -0.51250 0.30700 0.05450
v 0.50450 0.30700 0.10750
v -0.50350 0.30700 0.10750
v 0.49050 0.30700 0.15950
v -0.48950 0.30700 0.15950
v 0.47050 0.30700 0.20950
v -0.47050 0.30700 0.20950
v 0.44650 0.30700 0.25750
v -0.44650 0.30700 0.25750
v 0.41650 0.30700 0.30350
v -0.41650 0.30700 0.30350
v 0.38250 0.30700 0.34550
v -0.38250 0.30700 0.34550
v 0.34450 0.30700 0.38350
v -0.34450 0.30700 0.38350
v 0.30250 0.30700 0.41750
v -0.30250 0.30700 0.41750
v 0.25750 0.30700 0.44650
v -0.25750 0.30700 0.44650
v 0.20950 0.30700 0.47050
v -0.20950 0.30700 0.47050
v 0.15950 0.30700 0.49050
v -0.15950 0.30700 0.49050
v 0.10750 0.30700 0.50450
v -0.10750 0.30700 0.50450
v 0.05350 0.30700 0.51250
v -0.05350 0.30700 0.51250
v 0.00050 0.30700 0.51550
v -0.59350 0.30600 0.23650
v -0.50150 0.30600 0.42550
v 0.00050 0.30500 -0.53250
v 0.05550 0.30500 -0.52950
v -0.05550 0.30500 -0.52950
v 0.11050 0.30500 -0.52150
v -0.11050 0.30500 -0.52150
v 0.00050 0.30500 -0.51750
v 0.05450 0.30500 -0.51450
v -0.05450 0.30500 -0.51450
v 0.16450 0.30500 -0.50650
v 0.10750 0.30500 -0.50650
v -0.10750 0.30500 -0.50650
v -0.16450 0.30500 -0.50650
v 0.16050 0.30500 -0.49250
v -0.15950 0.30500 -0.49250
v 0.21650 0.30500 -0.48650
v -0.21650 0.30500 -0.48650
v 0.21050 0.30500 -0.47250
v -0.21050 0.30500 -0.47250
v 0.26650 0.30500 -0.46150
v -0.26650 0.30500 -0.46150
v 0.25850 0.30500 -0.44850
v -0.25850 0.30500 -0.44850
v 0.31350 0.30500 -0.43150
v -0.31350 0.30500 -0.43150
v 0.30450 0.30500 -0.41850
v -0.30450 0.30500 -0.41850
v 0.35650 0.30500 -0.39550
v -0.35650 0.30500 -0.39550
v 0.34650 0.30500 -0.38450
v -0.34650 0.30500 -0.38450
v 0.39650 0.30500 -0.35650
v -0.39650 0.30500 -0.35650
v 0.38450 0.30500 -0.34650
v -0.38450 0.30500 -0.34650
v 0.43150 0.30500 -0.31350
v -0.43150 0.30500 -0.31350
v 0.41950 0.30500 -0.30450
v -0.41850 0.30500 -0.30450
v 0.46150 0.30500 -0.26650
v -0.46150 0.30500 -0.26650
v 0.44850 0.30500 -0.25850
v -0.44850 0.30500 -0.25850
v 0.48750 0.30500 -0.21650
v -0.48650 0.30500 -0.21650
v 0.47350 0.30500 -0.21050
v -0.47250 0.30500 -0.21050
v 0.50750 0.30500 -0.16450
v -0.50650 0.30500 -0.16450
v 0.49250 0.30500 -0.15950
v -0.49250 0.30500 -0.15950
v 0.52150 0.30500 -0.11050
v -0.52150 0.30500 -0.11050
v 0.50650 0.30500 -0.10750
v -0.50650 0.30500 -0.10750
v 0.53050 0.30500 -0.05550
v -0.53050 0.30500 -0.05550
v 0.51550 0.30500 -0.05350
v -0.51450 0.30500 -0.05350
v 0.53350 0.30500 0.00050
v 0.51750 0.30500 0.00050
v -0.51750 0.30500 0.00050
v -0.53250 0.30500 0.00050
v 0.51550 0.30500 0.05450
v -0.51450 0.30500 0.05450
v 0.53050 0.30500 0.05550
v -0.53050 0.30500 0.05550
v 0.50650 0.30500 0.10750
v -0.50650 0.30500 0.10750
v 0.52150 0.30500 0.11150
v -0.52150 0.30500 0.11150
v 0.49250 0.30500 0.16050
v -0.49250 0.30500 0.16050
v 0.50750 0.30500 0.16450
v -0.50650 0.30500 0.16450
v 0.47350 0.30500 0.21050
v -0.47250 0.30500 0.21050
v 0.48750 0.30500 0.21750
v -0.48650 0.30500 0.21750
v 0.44850 0.30500 0.25950
v -0.44850 0.30500 0.25950
v 0.46150 0.30500 0.26650
v -0.46150 0.30500 0.26650
v 0.41950 0.30500 0.30450
v -0.41850 0.30500 0.30450
v 0.43150 0.30500 0.31350
v -0.43150 0.30500 0.31350
v 0.38450 0.30500 0.34650
v -0.38450 0.30500 0.34650
v 0.39650 0.30500 0.35650
v -0.39650 0.30500 0.35650
v 0.34650 0.30500 0.38550
v -0.34650 0.30500 0.38550
v 0.35650 0.30500 0.39650
v -0.35650 0.30500 0.39650
v 0.30450 0.30500 0.41950
v -0.30450 0.30500 0.41950
v 0.31350 0.30500 0.43150
v -0.31350 0.30500 0.43150
v 0.25850 0.30500 0.44850
v -0.25850 0.30500 0.44850
v 0.26650 0.30500 0.46150
v -0.26650 0.30500 0.46150
v 0.21050 0.30500 0.47350
v -0.21050 0.30500 0.47350
v 0.21650 0.30500 0.48750
v -0.21650 0.30500 0.48750
v 0.16050 0.30500 0.49250
v -0.15950 0.30500 0.49250
v 0.10750 0.30500 0.50650
v -0.10750 0.30500 0.50650
v 0.16450 0.30500 0.50750
v -0.16450 0.30500 0.50750
v 0.05450 0.30500 0.51550
v -0.05450 0.30500 0.51550
v 0.00050 0.30500 0.51850
v 0.11050 0.30500 0.52150
v -0.11050 0.30500 0.52150
v 0.05550 0.30500 0.53050
v -0.05550 0.30500 0.53050
v 0.00050 0.30500 0.53350
v -0.61350 0.30400 0.16850
v 0.00050 0.30300 -0.53550
v 0.05650 0.30300 -0.53250
v 0.11150 0.30300 -0.52350
v -0.11150 0.30300 -0.52350
v 0.16550 0.30300 -0.50950
v -0.16550 0.30300 -0.50950
v 0.21750 0.30300 -0.48950
v -0.21750 0.30300 -0.48950
v 0.26750 0.30300 -0.46350
v -0.26750 0.30300 -0.46350
v 0.31450 0.30300 -0.43350
v -0.31450 0.30300 -0.43350
v 0.35850 0.30300 -0.39750
v -0.35850 0.30300 -0.39750
v 0.39850 0.30300 -0.35850
v -0.39850 0.30300 -0.35850
v 0.43350 0.30300 -0.31450
v -0.43350 0.30300 -0.31450
v 0.46450 0.30300 -0.26750
v -0.46350 0.30300 -0.26750
v 0.48950 0.30300 -0.21750
v -0.48950 0.30300 -0.21750
v 0.50950 0.30300 -0.16550
v -0.50950 0.30300 -0.16550
v 0.52450 0.30300 -0.11150
v -0.52350 0.30300 -0.11150
v 0.53250 0.30300 -0.05550
v 0.52450 0.30300 0.11150
v -0.52350 0.30300 0.11150
v 0.50950 0.30300 0.16550
v -0.50950 0.30300 0.16550
v 0.48950 0.30300 0.21850
v -0.48950 0.30300 0.21850
v 0.46450 0.30300 0.26850
v -0.46350 0.30300 0.26850
v 0.43350 0.30300 0.31550
v -0.43350 0.30300 0.31550
v 0.39850 0.30300 0.35850
v -0.39850 0.30300 0.35850
v 0.35850 0.30300 0.39850
v -0.35850 0.30300 0.39850
v 0.31450 0.30300 0.43350
v -0.31450 0.30300 0.43350
v 0.26750 0.30300 0.46450
v -0.26750 0.30300 0.46450
v 0.21750 0.30300 0.48950
v 0.16550 0.30300 0.50950
v -0.16550 0.30300 0.50950
v 0.11150 0.30300 0.52450
v -0.11150 0.30300 0.52450
v 0.05650 0.30300 0.53350
v -0.05550 0.30300 0.53350
v 0.00050 0.30300 0.53550
v -0.61650 0.30200 -0.07650
v -0.63350 0.30200 0.10050
v 0.21850 0.30100 -0.48950
v 0.26850 0.30100 -0.46450
v -0.26850 0.30100 -0.46450
v -0.31550 0.30100 -0.43350
v 0.35850 0.30100 0.39850
v 0.31550 0.30100 0.43450
v -0.31550 0.30100 0.43450
v 0.26850 0.30100 0.46450
v -0.26850 0.30100 0.46450
v 0.21850 0.30100 0.49050
v -0.21850 0.30100 0.49050
v -0.16550 0.30100 0.51050
v -0.00350 0.29500 0.62950
v -0.60650 0.29400 0.20750
v -0.63550 0.29200 -0.06850
v -0.63550 0.29100 -0.06950
v -0.62150 0.29100 0.15850
v 0.47050 0.29100 0.43250
v -0.61250 0.29000 0.18250
v -0.65350 0.28900 0.02550
v -0.63950 0.28900 0.10250
v 0.08650 0.28900 0.62250
v -0.09450 0.28900 0.62250
v -0.62850 0.28800 0.13550
v -0.60350 0.28700 0.20650
v -0.63850 0.28500 0.10250
v -0.61950 0.28500 0.16350
v -0.65050 0.28400 0.06250
v 0.17750 0.28300 0.61650
v -0.18450 0.28300 0.61650
v -0.62750 0.28200 0.10150
v -0.60950 0.28200 0.16750
v -0.59150 0.28200 0.23350
v -0.64850 0.28100 0.06250
v -0.65950 0.27700 0.02350
v -0.63650 0.27600 0.03150
v -0.67250 0.27500 -0.04950
v -0.62850 0.27300 0.19350
v -0.00250 0.26900 -0.54650
v -0.00450 0.26900 -0.54650
v 0.03150 0.26900 -0.54550
v 0.02250 0.26900 -0.54550
v -0.02850 0.26900 -0.54550
v -0.03750 0.26900 -0.54450
v 0.05750 0.26900 -0.54350
v 0.05550 0.26900 -0.54350
v -0.00250 0.26900 -0.54350
v -0.00450 0.26900 -0.54350
v -0.06250 0.26900 -0.54250
v -0.06450 0.26900 -0.54250
v 0.05550 0.26900 -0.54150
v 0.08150 0.26900 -0.54050
v 0.05750 0.26900 -0.54050
v -0.06250 0.26900 -0.54050
v -0.06450 0.26900 -0.54050
v 0.09050 0.26900 -0.53850
v -0.08850 0.26900 -0.53850
v -0.09750 0.26900 -0.53750
v 0.11450 0.26900 -0.53450
v 0.11650 0.26900 -0.53350
v -0.12150 0.26900 -0.53250
v -0.12350 0.26900 -0.53250
v 0.11650 0.26900 -0.53150
v 0.11450 0.26900 -0.53150
v -0.12150 0.26900 -0.53050
v -0.12350 0.26900 -0.52950
v 0.14050 0.26900 -0.52750
v 0.14950 0.26900 -0.52550
v -0.14750 0.26900 -0.52550
v -0.15650 0.26900 -0.52350
v 0.17250 0.26900 -0.51850
v 0.17450 0.26900 -0.51750
v 0.17250 0.26900 -0.51650
v 0.17450 0.26900 -0.51550
v -0.17950 0.26900 -0.51550
v -0.18150 0.26900 -0.51550
v -0.17850 0.26900 -0.51350
v -0.18050 0.26900 -0.51350
v 0.02050 0.26900 -0.51150
v 0.02950 0.26900 -0.51050
v -0.02750 0.26900 -0.51050
v -0.03550 0.26900 -0.51050
v 0.19750 0.26900 -0.50950
v -0.20450 0.26900 -0.50650
v 0.20650 0.26900 -0.50550
v 0.07650 0.26900 -0.50550
v 0.08550 0.26900 -0.50450
v -0.08350 0.26900 -0.50450
v -0.09150 0.26900 -0.50350
v -0.21250 0.26900 -0.50350
v 0.22850 0.26900 -0.49650
v 0.23050 0.26900 -0.49550
v 0.22750 0.26900 -0.49450
v 0.13150 0.26900 -0.49450
v 0.22950 0.26900 -0.49350
v -0.23450 0.26900 -0.49350
v -0.13750 0.26900 -0.49250
v -0.23650 0.26900 -0.49250
v 0.13950 0.26900 -0.49150
v -0.23350 0.26900 -0.49150
v -0.14650 0.26900 -0.49050
v -0.23550 0.26900 -0.49050
v 0.25250 0.26900 -0.48450
v -0.25850 0.26900 -0.48150
v 0.26050 0.26900 -0.48050
v 0.18550 0.26900 -0.47650
v -0.26650 0.26900 -0.47650
v -0.19150 0.26900 -0.47450
v 0.19350 0.26900 -0.47350
v -0.19950 0.26900 -0.47150
v 0.28150 0.26900 -0.46850
v 0.28350 0.26900 -0.46650
v 0.28050 0.26900 -0.46650
v 0.28250 0.26900 -0.46450
v -0.28750 0.26900 -0.46450
v -0.28950 0.26900 -0.46350
v -0.28650 0.26900 -0.46250
v -0.28850 0.26900 -0.46150
v 0.30450 0.26900 -0.45350
v 0.23650 0.26900 -0.45350
v -0.24250 0.26900 -0.45050
v 0.24350 0.26900 -0.44950
v -0.30950 0.26900 -0.44950
v 0.31150 0.26900 -0.44850
v -0.24950 0.26900 -0.44650
v -0.31750 0.26900 -0.44450
v 0.33150 0.26900 -0.43450
v 0.33350 0.26900 -0.43250
v 0.33050 0.26900 -0.43250
v 0.33150 0.26900 -0.43150
v -0.33650 0.26900 -0.42950
v -0.33550 0.26900 -0.42850
v -0.33850 0.26900 -0.42850
v -0.33750 0.26900 -0.42650
v 0.28450 0.26900 -0.42450
v -0.29050 0.26900 -0.42150
v 0.29150 0.26900 -0.42050
v 0.35250 0.26900 -0.41750
v -0.29750 0.26900 -0.41650
v -0.35750 0.26900 -0.41350
v 0.35950 0.26900 -0.41150
v -0.36450 0.26900 -0.40750
v 0.37750 0.26900 -0.39550
v 0.37850 0.26900 -0.39350
v 0.37550 0.26900 -0.39350
v 0.37750 0.26900 -0.39250
v 0.32950 0.26900 -0.39150
v -0.38250 0.26900 -0.39050
v -0.38050 0.26900 -0.38850
v -0.38350 0.26900 -0.38850
v -0.38250 0.26900 -0.38750
v -0.33450 0.26900 -0.38650
v 0.33650 0.26900 -0.38550
v -0.34150 0.26900 -0.38150
v 0.39550 0.26900 -0.37650
v -0.40050 0.26900 -0.37150
v 0.40250 0.26900 -0.36950
v -0.40650 0.26900 -0.36450
v 0.37050 0.26900 -0.35250
v 0.41850 0.26900 -0.35150
v 0.41650 0.26900 -0.35050
v 0.41950 0.26900 -0.34950
v 0.41750 0.26900 -0.34850
v -0.37550 0.26900 -0.34750
v 0.37650 0.26900 -0.34650
v -0.42250 0.26900 -0.34650
v -0.42050 0.26900 -0.34450
v -0.42450 0.26900 -0.34450
v -0.42250 0.26900 -0.34250
v -0.38050 0.26900 -0.34150
v 0.43450 0.26900 -0.33050
v -0.43950 0.26900 -0.32550
v 0.44050 0.26900 -0.32350
v -0.44450 0.26900 -0.31750
v 0.40750 0.26900 -0.30950
v -0.41150 0.26900 -0.30450
v 0.45450 0.26900 -0.30350
v 0.45250 0.26900 -0.30250
v 0.41250 0.26900 -0.30250
v 0.45550 0.26900 -0.30150
v 0.45350 0.26900 -0.30050
v -0.41650 0.26900 -0.29750
v -0.45850 0.26900 -0.29750
v -0.45650 0.26900 -0.29650
v -0.45950 0.26900 -0.29550
v -0.45750 0.26900 -0.29450
v 0.46850 0.26900 -0.28050
v -0.47250 0.26900 -0.27450
v 0.47350 0.26900 -0.27350
v -0.47650 0.26900 -0.26750
v 0.43850 0.26900 -0.26350
v -0.44250 0.26900 -0.25750
v 0.44350 0.26900 -0.25550
v 0.48450 0.26900 -0.25150
v 0.48250 0.26900 -0.25050
v -0.44650 0.26900 -0.25050
v 0.48550 0.26900 -0.24950
v 0.48350 0.26900 -0.24850
v -0.48850 0.26900 -0.24550
v -0.48650 0.26900 -0.24450
v -0.48950 0.26900 -0.24350
v -0.48650 0.26900 -0.24250
v 0.49650 0.26900 -0.22750
v -0.49950 0.26900 -0.22150
v 0.50050 0.26900 -0.21950
v 0.46550 0.26900 -0.21350
v -0.50350 0.26900 -0.21350
v -0.46750 0.26900 -0.20750
v 0.46850 0.26900 -0.20550
v -0.47150 0.26900 -0.19950
v 0.50950 0.26900 -0.19650
v 0.50750 0.26900 -0.19650
v 0.51050 0.26900 -0.19450
v 0.50850 0.26900 -0.19450
v -0.51250 0.26900 -0.19050
v -0.50950 0.26900 -0.18950
v -0.51250 0.26900 -0.18850
v -0.51050 0.26900 -0.18750
v 0.51850 0.26900 -0.17150
v -0.52050 0.26900 -0.16550
v 0.52150 0.26900 -0.16350
v 0.48550 0.26900 -0.16050
v -0.52350 0.26900 -0.15650
v -0.48750 0.26900 -0.15450
v 0.48850 0.26900 -0.15250
v -0.49050 0.26900 -0.14650
v 0.52850 0.26900 -0.13950
v 0.52650 0.26900 -0.13950
v 0.52850 0.26900 -0.13750
v 0.52650 0.26900 -0.13750
v -0.52950 0.26900 -0.13350
v -0.52750 0.26900 -0.13250
v -0.52850 0.26900 -0.13050
v -0.53050 0.26900 -0.13050
v 0.53450 0.26900 -0.11350
v -0.53550 0.26900 -0.10750
v 0.50050 0.26900 -0.10650
v 0.53650 0.26900 -0.10550
v -0.50150 0.26900 -0.10050
v 0.50250 0.26900 -0.09850
v -0.53750 0.26900 -0.09850
v -0.50350 0.26900 -0.09150
v 0.54050 0.26900 -0.08150
v 0.53850 0.26900 -0.08050
v 0.54050 0.26900 -0.07850
v 0.53850 0.26900 -0.07850
v -0.54150 0.26900 -0.07450
v -0.53950 0.26900 -0.07350
v -0.53950 0.26900 -0.07150
v -0.54150 0.26900 -0.07150
v 0.54350 0.26900 -0.05450
v 0.50950 0.26900 -0.05150
v -0.54450 0.26900 -0.04750
v 0.54450 0.26900 -0.04550
v -0.50950 0.26900 -0.04450
v 0.51050 0.26900 -0.04250
v -0.54550 0.26900 -0.03850
v -0.51050 0.26900 -0.03650
v 0.54650 0.26900 -0.02150
v 0.54350 0.26900 -0.02150
v 0.54650 0.26900 -0.01850
v 0.54350 0.26900 -0.01850
v -0.54350 0.26900 -0.01450
v -0.54650 0.26900 -0.01450
v -0.54350 0.26900 -0.01150
v -0.54650 0.26900 -0.01150
v 0.54650 0.26900 0.00550
v 0.51150 0.26900 0.00550
v -0.51150 0.26900 0.01150
v -0.54650 0.26900 0.01250
v 0.51150 0.26900 0.01350
v 0.54650 0.26900 0.01450
v -0.51150 0.26900 0.02250
v -0.54550 0.26900 0.02350
v 0.54550 0.26900 0.03850
v 0.54250 0.26900 0.03850
v 0.54250 0.26900 0.04050
v 0.54550 0.26900 0.04150
v -0.54250 0.26900 0.04850
v -0.54450 0.26900 0.04850
v -0.54150 0.26900 0.05050
v -0.54450 0.26900 0.05050
v 0.50850 0.26900 0.06150
v 0.54250 0.26900 0.06550
v 0.50750 0.26900 0.06950
v -0.50650 0.26900 0.07050
v 0.54150 0.26900 0.07450
v -0.54150 0.26900 0.07450
v -0.50550 0.26900 0.07850
v -0.53950 0.26900 0.08350
v 0.53750 0.26900 0.09850
v 0.53550 0.26900 0.09850
v 0.53750 0.26900 0.10050
v 0.53550 0.26900 0.10050
v -0.53350 0.26900 0.10750
v -0.53550 0.26900 0.10750
v -0.53350 0.26900 0.10950
v -0.53550 0.26900 0.10950
v 0.49850 0.26900 0.11650
v 0.53250 0.26900 0.12450
v 0.49650 0.26900 0.12450
v -0.49650 0.26900 0.12550
v 0.53050 0.26900 0.13350
v -0.49450 0.26900 0.13350
v -0.52950 0.26900 0.13350
v -0.52750 0.26900 0.14250
v 0.52350 0.26900 0.15650
v 0.52150 0.26900 0.15650
v 0.52050 0.26900 0.15850
v 0.52250 0.26900 0.15950
v -0.51850 0.26900 0.16550
v -0.52050 0.26900 0.16550
v -0.51750 0.26900 0.16750
v -0.51950 0.26900 0.16850
v 0.48250 0.26900 0.17050
v -0.47950 0.26900 0.17850
v 0.51550 0.26900 0.18250
v 0.47850 0.26900 0.18250
v -0.47650 0.26900 0.18650
v -0.51150 0.26900 0.19150
v 0.51050 0.26900 0.19550
v -0.50850 0.26900 0.19950
v 0.49950 0.26900 0.21650
v 0.50150 0.26900 0.21750
v 0.49850 0.26900 0.21850
v 0.50050 0.26900 0.21950
v -0.49750 0.26900 0.22150
v -0.49950 0.26900 0.22250
v -0.49650 0.26900 0.22350
v -0.49850 0.26900 0.22450
v 0.45950 0.26900 0.22650
v -0.45650 0.26900 0.23050
v 0.45550 0.26900 0.23450
v -0.45350 0.26900 0.23850
v 0.49050 0.26900 0.24150
v -0.48750 0.26900 0.24650
v 0.48650 0.26900 0.25050
v -0.48350 0.26900 0.25450
v 0.47250 0.26900 0.27050
v 0.47450 0.26900 0.27150
v 0.47150 0.26900 0.27250
v 0.47350 0.26900 0.27350
v -0.46950 0.26900 0.27450
v 0.43150 0.26900 0.27550
v -0.47150 0.26900 0.27550
v -0.46850 0.26900 0.27650
v -0.47050 0.26900 0.27750
v -0.42850 0.26900 0.27950
v 0.42650 0.26900 0.28250
v -0.42450 0.26900 0.28650
v 0.46050 0.26900 0.29450
v -0.45750 0.26900 0.29850
v 0.45550 0.26900 0.30150
v -0.45250 0.26900 0.30550
v 0.43950 0.26900 0.32050
v 0.44150 0.26900 0.32150
v 0.39850 0.26900 0.32150
v 0.43850 0.26900 0.32250
v 0.44050 0.26900 0.32350
v -0.39550 0.26900 0.32450
v -0.43750 0.26900 0.32450
v -0.43850 0.26900 0.32550
v -0.43550 0.26900 0.32650
v 0.39350 0.26900 0.32750
v -0.43750 0.26900 0.32750
v -0.39050 0.26900 0.33150
v 0.42550 0.26900 0.34350
v -0.42250 0.26900 0.34650
v 0.41950 0.26900 0.35050
v -0.41650 0.26900 0.35350
v 0.36050 0.26900 0.36350
v 0.40250 0.26900 0.36650
v -0.35750 0.26900 0.36650
v 0.40350 0.26900 0.36850
v 0.40050 0.26900 0.36850
v 0.35450 0.26900 0.36950
v 0.40250 0.26900 0.37050
v -0.39850 0.26900 0.37050
v -0.40050 0.26900 0.37150
v -0.35150 0.26900 0.37250
v -0.39750 0.26900 0.37250
v -0.39850 0.26900 0.37350
v 0.38550 0.26900 0.38750
v -0.38150 0.26900 0.39150
v 0.37850 0.26900 0.39450
v -0.37550 0.26900 0.39750
v 0.31850 0.26900 0.40050
v -0.31550 0.26900 0.40350
v 0.31250 0.26900 0.40550
v 0.35950 0.26900 0.40850
v -0.30850 0.26900 0.40850
v 0.36050 0.26900 0.41050
v 0.35750 0.26900 0.41050
v -0.35550 0.26900 0.41150
v 0.35950 0.26900 0.41250
v -0.35450 0.26900 0.41350
v -0.35750 0.26900 0.41350
v -0.35550 0.26900 0.41550
v 0.34050 0.26900 0.42750
v -0.33650 0.26900 0.43050
v 0.33350 0.26900 0.43350
v 0.27350 0.26900 0.43350
v -0.26950 0.26900 0.43550
v -0.32950 0.26900 0.43650
v 0.26550 0.26900 0.43750
v -0.26150 0.26900 0.43950
v 0.31250 0.26900 0.44550
v 0.31350 0.26900 0.44750
v 0.31050 0.26900 0.44750
v -0.30850 0.26900 0.44850
v 0.31150 0.26900 0.44950
v -0.30650 0.26900 0.44950
v -0.30950 0.26900 0.45050
v -0.30750 0.26900 0.45150
v 0.22350 0.26900 0.46050
v 0.29150 0.26900 0.46250
v -0.21950 0.26900 0.46250
v 0.21650 0.26900 0.46450
v -0.28750 0.26900 0.46450
v -0.21250 0.26900 0.46550
v 0.28350 0.26900 0.46750
v -0.27950 0.26900 0.46950
v 0.26150 0.26900 0.47750
v 0.25950 0.26900 0.47850
v 0.26250 0.26900 0.47950
v -0.25750 0.26900 0.47950
v 0.26050 0.26900 0.48050
v -0.25550 0.26900 0.48050
v -0.25850 0.26900 0.48150
v 0.17150 0.26900 0.48250
v -0.25650 0.26900 0.48250
v -0.16750 0.26900 0.48350
v 0.16350 0.26900 0.48550
v -0.15950 0.26900 0.48650
v 0.23950 0.26900 0.49150
v -0.23450 0.26900 0.49350
v 0.23050 0.26900 0.49550
v -0.22650 0.26900 0.49750
v 0.11850 0.26900 0.49850
v -0.11350 0.26900 0.49950
v 0.10950 0.26900 0.50050
v -0.10550 0.26900 0.50150
v 0.20750 0.26900 0.50350
v 0.20550 0.26900 0.50450
v 0.20850 0.26900 0.50550
v -0.20150 0.26900 0.50550
v -0.20350 0.26900 0.50550
v 0.20650 0.26900 0.50650
v -0.20150 0.26900 0.50750
v -0.20350 0.26900 0.50750
v 0.06250 0.26900 0.50850
v -0.05850 0.26900 0.50850
v 0.05450 0.26900 0.50950
v -0.04950 0.26900 0.50950
v 0.00650 0.26900 0.51150
v -0.00150 0.26900 0.51150
v 0.18350 0.26900 0.51450
v -0.17950 0.26900 0.51650
v 0.17550 0.26900 0.51750
v -0.17050 0.26900 0.51950
v 0.15150 0.26900 0.52350
v 0.14950 0.26900 0.52350
v -0.14450 0.26900 0.52450
v -0.14650 0.26900 0.52450
v 0.15150 0.26900 0.52550
v 0.14950 0.26900 0.52550
v -0.14750 0.26900 0.52650
v -0.14450 0.26900 0.52750
v 0.12650 0.26900 0.53150
v -0.12150 0.26900 0.53350
v 0.11750 0.26900 0.53450
v -0.11250 0.26900 0.53450
v 0.09250 0.26900 0.53650
v 0.09050 0.26900 0.53650
v -0.08550 0.26900 0.53750
v -0.08850 0.26900 0.53750
v 0.09350 0.26900 0.53850
v 0.09150 0.26900 0.53950
v -0.08650 0.26900 0.53950
v -0.08850 0.26900 0.53950
v 0.06650 0.26900 0.54250
v 0.05750 0.26900 0.54350
v 0.03350 0.26900 0.54350
v 0.03150 0.26900 0.54350
v -0.02650 0.26900 0.54350
v -0.02850 0.26900 0.54350
v -0.06250 0.26900 0.54350
v -0.05350 0.26900 0.54450
v 0.03350 0.26900 0.54550
v 0.03150 0.26900 0.54550
v -0.02850 0.26900 0.54550
v 0.00650 0.26900 0.54650
v -0.00250 0.26900 0.54650
v -0.02650 0.26900 0.54650
v 0.00050 0.26800 -0.53550
v 0.05650 0.26800 -0.53250
v -0.05550 0.26800 -0.53250
v 0.11150 0.26800 -0.52450
v -0.11150 0.26800 -0.52450
v 0.00050 0.26800 -0.51350
v 0.05350 0.26800 -0.51050
v -0.05350 0.26800 -0.51050
v 0.16550 0.26800 -0.50950
v -0.16550 0.26800 -0.50950
v 0.10650 0.26800 -0.50250
v -0.10650 0.26800 -0.50250
v 0.21850 0.26800 -0.48950
v -0.21750 0.26800 -0.48950
v 0.15850 0.26800 -0.48850
v -0.15850 0.26800 -0.48850
v 0.20950 0.26800 -0.46950
v -0.20850 0.26800 -0.46950
v 0.26850 0.26800 -0.46350
v -0.26750 0.26800 -0.46350
v 0.25750 0.26800 -0.44450
v -0.25650 0.26800 -0.44450
v 0.31550 0.26800 -0.43350
v -0.31450 0.26800 -0.43350
v 0.30250 0.26800 -0.41550
v -0.30150 0.26800 -0.41550
v 0.35850 0.26800 -0.39850
v -0.35850 0.26800 -0.39850
v 0.34350 0.26800 -0.38150
v -0.34350 0.26800 -0.38150
v 0.39850 0.26800 -0.35850
v -0.39850 0.26800 -0.35850
v 0.38150 0.26800 -0.34350
v -0.38150 0.26800 -0.34350
v 0.43350 0.26800 -0.31450
v -0.43350 0.26800 -0.31450
v 0.41550 0.26800 -0.30150
v -0.41550 0.26800 -0.30150
v 0.46450 0.26800 -0.26750
v -0.46450 0.26800 -0.26750
v 0.44550 0.26800 -0.25650
v -0.44450 0.26800 -0.25650
v 0.48950 0.26800 -0.21750
v -0.48950 0.26800 -0.21750
v 0.46950 0.26800 -0.20850
v -0.46950 0.26800 -0.20850
v 0.50950 0.26800 -0.16550
v -0.50950 0.26800 -0.16550
v 0.48850 0.26800 -0.15850
v -0.48850 0.26800 -0.15850
v 0.52450 0.26800 -0.11150
v -0.52450 0.26800 -0.11150
v 0.50250 0.26800 -0.10650
v -0.50250 0.26800 -0.10650
v 0.53350 0.26800 -0.05550
v -0.53350 0.26800 -0.05550
v 0.51150 0.26800 -0.05350
v -0.51150 0.26800 -0.05350
v 0.53650 0.26800 0.00050
v 0.51350 0.26800 0.00050
v -0.51350 0.26800 0.00050
v -0.53550 0.26800 0.00050
v 0.51150 0.26800 0.05350
v -0.51150 0.26800 0.05350
v 0.53350 0.26800 0.05650
v -0.53350 0.26800 0.05650
v 0.50250 0.26800 0.10750
v -0.50250 0.26800 0.10750
v 0.52450 0.26800 0.11150
v -0.52450 0.26800 0.11150
v 0.48850 0.26800 0.15950
v -0.48850 0.26800 0.15950
v 0.50950 0.26800 0.16550
v -0.50950 0.26800 0.16550
v 0.46950 0.26800 0.20950
v -0.46950 0.26800 0.20950
v 0.48950 0.26800 0.21850
v -0.48950 0.26800 0.21850
v 0.44550 0.26800 0.25750
v -0.44450 0.26800 0.25750
v 0.46450 0.26800 0.26850
v -0.46450 0.26800 0.26850
v 0.41550 0.26800 0.30250
v -0.41550 0.26800 0.30250
v 0.43350 0.26800 0.31550
v -0.43350 0.26800 0.31550
v 0.38150 0.26800 0.34450
v -0.38150 0.26800 0.34450
v 0.39850 0.26800 0.35850
v -0.39850 0.26800 0.35850
v 0.34350 0.26800 0.38250
v -0.34350 0.26800 0.38250
v 0.35850 0.26800 0.39850
v -0.35850 0.26800 0.39850
v 0.30250 0.26800 0.41650
v -0.30150 0.26800 0.41650
v 0.31550 0.26800 0.43350
v -0.31450 0.26800 0.43350
v 0.25750 0.26800 0.44550
v -0.25650 0.26800 0.44550
v 0.26850 0.26800 0.46450
v -0.26750 0.26800 0.46450
v 0.20950 0.26800 0.46950
v -0.20850 0.26800 0.46950
v 0.21850 0.26800 0.48950
v 0.15850 0.26800 0.48950
v -0.15850 0.26800 0.48950
v -0.21750 0.26800 0.48950
v 0.10650 0.26800 0.50250
v -0.10650 0.26800 0.50250
v 0.16550 0.26800 0.51050
v -0.16550 0.26800 0.51050
v 0.05350 0.26800 0.51150
v -0.05350 0.26800 0.51150
v 0.00050 0.26800 0.51450
v 0.11150 0.26800 0.52450
v -0.11150 0.26800 0.52450
v 0.05650 0.26800 0.53350
v -0.05550 0.26800 0.53350
v 0.00050 0.26800 0.53650
v -0.62950 0.26400 0.28450
v 0.23350 0.26400 0.60650
v -0.24050 0.26400 0.60650
v 0.01150 0.26000 -0.54650
v -0.01350 0.26000 -0.54650
v -0.01550 0.26000 -0.54650
v 0.02050 0.26000 -0.54550
v 0.04650 0.26000 -0.54450
v 0.04450 0.26000 -0.54450
v -0.03950 0.26000 -0.54450
v -0.04850 0.26000 -0.54450
v -0.01350 0.26000 -0.54350
v -0.01550 0.26000 -0.54350
v 0.04450 0.26000 -0.54250
v 0.07150 0.26000 -0.54150
v 0.04650 0.26000 -0.54150
v -0.07350 0.26000 -0.54150
v 0.08050 0.26000 -0.54050
v -0.07550 0.26000 -0.54050
v -0.07250 0.26000 -0.53950
v -0.07550 0.26000 -0.53850
v -0.09950 0.26000 -0.53750
v 0.10450 0.26000 -0.53650
v 0.10650 0.26000 -0.53550
v -0.10850 0.26000 -0.53550
v 0.10550 0.26000 -0.53350
v 0.10350 0.26000 -0.53350
v 0.13050 0.26000 -0.53050
v -0.13250 0.26000 -0.52950
v -0.13450 0.26000 -0.52950
v 0.13850 0.26000 -0.52850
v -0.13150 0.26000 -0.52750
v -0.13350 0.26000 -0.52750
v -0.15750 0.26000 -0.52250
v 0.16250 0.26000 -0.52150
v 0.16450 0.26000 -0.52050
v -0.16650 0.26000 -0.52050
v 0.16150 0.26000 -0.51950
v 0.16350 0.26000 -0.51850
v 0.18750 0.26000 -0.51350
v -0.18950 0.26000 -0.51250
v -0.19150 0.26000 -0.51150
v -0.18850 0.26000 -0.51050
v 0.19650 0.26000 -0.50950
v -0.19050 0.26000 -0.50950
v 0.01850 0.26000 -0.50850
v 0.01050 0.26000 -0.50850
v -0.03750 0.26000 -0.50750
v -0.04550 0.26000 -0.50750
v 0.06650 0.26000 -0.50450
v 0.07450 0.26000 -0.50350
v -0.21450 0.26000 -0.50250
v 0.21850 0.26000 -0.50050
v -0.09250 0.26000 -0.50050
v 0.22050 0.26000 -0.49950
v 0.21750 0.26000 -0.49850
v -0.10050 0.26000 -0.49850
v -0.22250 0.26000 -0.49850
v 0.21950 0.26000 -0.49750
v 0.12150 0.26000 -0.49450
v 0.12950 0.26000 -0.49250
v 0.24250 0.26000 -0.48950
v -0.24450 0.26000 -0.48850
v -0.14750 0.26000 -0.48750
v -0.24650 0.26000 -0.48750
v -0.24350 0.26000 -0.48650
v 0.25050 0.26000 -0.48550
v -0.24550 0.26000 -0.48550
v -0.15550 0.26000 -0.48450
v 0.17450 0.26000 -0.47850
v 0.18250 0.26000 -0.47550
v -0.26850 0.26000 -0.47550
v 0.27250 0.26000 -0.47350
v 0.27450 0.26000 -0.47250
v 0.27150 0.26000 -0.47150
v -0.27650 0.26000 -0.47150
v 0.27350 0.26000 -0.47050
v -0.19950 0.26000 -0.46850
v -0.20750 0.26000 -0.46450
v 0.29550 0.26000 -0.45950
v -0.29650 0.26000 -0.45850
v -0.29850 0.26000 -0.45750
v 0.22650 0.26000 -0.45650
v -0.29550 0.26000 -0.45650
v -0.29750 0.26000 -0.45550
v 0.30250 0.26000 -0.45450
v 0.23350 0.26000 -0.45250
v -0.24950 0.26000 -0.44350
v -0.31850 0.26000 -0.44350
v 0.32250 0.26000 -0.44050
v 0.32450 0.26000 -0.43950
v -0.25750 0.26000 -0.43950
v 0.32150 0.26000 -0.43850
v -0.32650 0.26000 -0.43850
v 0.32350 0.26000 -0.43750
v 0.27550 0.26000 -0.42850
v 0.34350 0.26000 -0.42450
v 0.28250 0.26000 -0.42350
v -0.34550 0.26000 -0.42350
v -0.34350 0.26000 -0.42150
v -0.34750 0.26000 -0.42150
v -0.34550 0.26000 -0.42050
v 0.35050 0.26000 -0.41850
v -0.29750 0.26000 -0.41350
v -0.30350 0.26000 -0.40850
v -0.36550 0.26000 -0.40550
v 0.36950 0.26000 -0.40250
v 0.37050 0.26000 -0.40150
v 0.36750 0.26000 -0.40150
v 0.36950 0.26000 -0.39950
v -0.37250 0.26000 -0.39950
v 0.32050 0.26000 -0.39550
v 0.32650 0.26000 -0.39050
v 0.38850 0.26000 -0.38450
v -0.38950 0.26000 -0.38250
v -0.38850 0.26000 -0.38150
v -0.39150 0.26000 -0.38150
v -0.38950 0.26000 -0.37950
v -0.34050 0.26000 -0.37850
v 0.39450 0.26000 -0.37750
v -0.34750 0.26000 -0.37250
v -0.40750 0.26000 -0.36350
v 0.41150 0.26000 -0.35950
v 0.41250 0.26000 -0.35850
v 0.40950 0.26000 -0.35850
v 0.36150 0.26000 -0.35850
v 0.41050 0.26000 -0.35650
v -0.41350 0.26000 -0.35650
v 0.36750 0.26000 -0.35250
v 0.42850 0.26000 -0.33950
v -0.38050 0.26000 -0.33850
v -0.42950 0.26000 -0.33750
v -0.42750 0.26000 -0.33650
v -0.43050 0.26000 -0.33550
v -0.42950 0.26000 -0.33450
v 0.43350 0.26000 -0.33250
v -0.38550 0.26000 -0.33250
v 0.39950 0.26000 -0.31650
v -0.44550 0.26000 -0.31650
v 0.44850 0.26000 -0.31250
v 0.44650 0.26000 -0.31150
v 0.44950 0.26000 -0.31050
v 0.44750 0.26000 -0.30950
v 0.40450 0.26000 -0.30950
v -0.45050 0.26000 -0.30850
v -0.41550 0.26000 -0.29450
v 0.46250 0.26000 -0.29050
v -0.46350 0.26000 -0.28850
v -0.41950 0.26000 -0.28750
v -0.46250 0.26000 -0.28750
v -0.46550 0.26000 -0.28650
v -0.46350 0.26000 -0.28550
v 0.46750 0.26000 -0.28250
v 0.43150 0.26000 -0.27050
v -0.47750 0.26000 -0.26550
v 0.43550 0.26000 -0.26350
v 0.47950 0.26000 -0.26150
v 0.47750 0.26000 -0.26050
v 0.48050 0.26000 -0.25950
v 0.47850 0.26000 -0.25850
v -0.48150 0.26000 -0.25750
v -0.44550 0.26000 -0.24750
v -0.44950 0.26000 -0.23950
v 0.49250 0.26000 -0.23750
v -0.49250 0.26000 -0.23550
v -0.49050 0.26000 -0.23450
v -0.49350 0.26000 -0.23350
v -0.49150 0.26000 -0.23250
v 0.49550 0.26000 -0.22950
v 0.45850 0.26000 -0.22150
v 0.46250 0.26000 -0.21350
v -0.50350 0.26000 -0.21150
v 0.50550 0.26000 -0.20750
v 0.50350 0.26000 -0.20650
v 0.50650 0.26000 -0.20550
v 0.50450 0.26000 -0.20450
v -0.50750 0.26000 -0.20350
v -0.46950 0.26000 -0.19650
v -0.47250 0.26000 -0.18950
v 0.51550 0.26000 -0.18250
v -0.51550 0.26000 -0.18050
v -0.51350 0.26000 -0.17950
v -0.51650 0.26000 -0.17850
v -0.51450 0.26000 -0.17750
v 0.51850 0.26000 -0.17350
v 0.48050 0.26000 -0.16950
v 0.48250 0.26000 -0.16150
v -0.52350 0.26000 -0.15450
v 0.52550 0.26000 -0.15050
v 0.52350 0.26000 -0.14950
v 0.52550 0.26000 -0.14850
v 0.52350 0.26000 -0.14750
v -0.52650 0.26000 -0.14650
v -0.48850 0.26000 -0.14450
v -0.49050 0.26000 -0.13650
v 0.53250 0.26000 -0.12450
v -0.53250 0.26000 -0.12250
v -0.53050 0.26000 -0.12150
v -0.53250 0.26000 -0.12050
v -0.53050 0.26000 -0.11950
v 0.49550 0.26000 -0.11650
v 0.53450 0.26000 -0.11550
v 0.49750 0.26000 -0.10750
v -0.53750 0.26000 -0.09650
v 0.53850 0.26000 -0.09150
v 0.53650 0.26000 -0.09150
v 0.53950 0.26000 -0.08950
v 0.53650 0.26000 -0.08950
v -0.50150 0.26000 -0.08950
v -0.53950 0.26000 -0.08750
v -0.50250 0.26000 -0.08150
v 0.54250 0.26000 -0.06550
v -0.54250 0.26000 -0.06350
v -0.54050 0.26000 -0.06250
v -0.54250 0.26000 -0.06150
v 0.50550 0.26000 -0.06050
v -0.54050 0.26000 -0.06050
v 0.54350 0.26000 -0.05650
v 0.50650 0.26000 -0.05250
v -0.54550 0.26000 -0.03650
v -0.50850 0.26000 -0.03450
v 0.54550 0.26000 -0.03250
v 0.54350 0.26000 -0.03150
v 0.54550 0.26000 -0.02950
v 0.54350 0.26000 -0.02950
v -0.54550 0.26000 -0.02750
v -0.50850 0.26000 -0.02550
v 0.54650 0.26000 -0.00550
v 0.50950 0.26000 -0.00550
v -0.54450 0.26000 -0.00350
v -0.54650 0.26000 -0.00350
v -0.54450 0.26000 -0.00150
v -0.54650 0.26000 -0.00150
v 0.54650 0.26000 0.00350
v 0.50950 0.26000 0.00350
v -0.50850 0.26000 0.02150
v -0.54550 0.26000 0.02350
v 0.54550 0.26000 0.02750
v 0.54350 0.26000 0.02750
v 0.54550 0.26000 0.03050
v 0.54350 0.26000 0.03050
v -0.50850 0.26000 0.03450
v -0.54550 0.26000 0.03650
v 0.50650 0.26000 0.05050
v 0.54350 0.26000 0.05450
v 0.50550 0.26000 0.05950
v -0.54050 0.26000 0.06050
v -0.54250 0.26000 0.06150
v 0.54250 0.26000 0.06350
v -0.54050 0.26000 0.06350
v -0.54250 0.26000 0.06350
v -0.50250 0.26000 0.08150
v 0.53950 0.26000 0.08750
v 0.53750 0.26000 0.08750
v -0.53950 0.26000 0.08750
v 0.53950 0.26000 0.08950
v 0.53650 0.26000 0.08950
v -0.50150 0.26000 0.08950
v -0.53750 0.26000 0.09650
v 0.49850 0.26000 0.10650
v 0.53450 0.26000 0.11350
v 0.49650 0.26000 0.11450
v -0.53050 0.26000 0.11950
v -0.53350 0.26000 0.12050
v -0.53050 0.26000 0.12150
v 0.53250 0.26000 0.12250
v -0.53250 0.26000 0.12250
v -0.49050 0.26000 0.13650
v -0.48850 0.26000 0.14450
v 0.52450 0.26000 0.14550
v 0.52650 0.26000 0.14650
v -0.52650 0.26000 0.14650
v 0.52350 0.26000 0.14750
v 0.52650 0.26000 0.14850
v -0.52450 0.26000 0.15450
v 0.48350 0.26000 0.16050
v 0.48050 0.26000 0.17050
v 0.51850 0.26000 0.17150
v -0.51450 0.26000 0.17750
v -0.51650 0.26000 0.17850
v -0.51350 0.26000 0.17950
v -0.51550 0.26000 0.18050
v 0.51550 0.26000 0.18350
v -0.47250 0.26000 0.18950
v -0.46950 0.26000 0.19750
v -0.50750 0.26000 0.20350
v 0.50650 0.26000 0.20550
v 0.50450 0.26000 0.20550
v 0.50350 0.26000 0.20750
v 0.50550 0.26000 0.20850
v -0.50350 0.26000 0.21150
v 0.46250 0.26000 0.21450
v 0.45850 0.26000 0.22250
v 0.49550 0.26000 0.23050
v -0.49150 0.26000 0.23250
v -0.49350 0.26000 0.23350
v -0.49050 0.26000 0.23450
v -0.49350 0.26000 0.23550
v 0.49150 0.26000 0.23850
v -0.44950 0.26000 0.24050
v -0.44550 0.26000 0.24750
v -0.48250 0.26000 0.25750
v 0.47850 0.26000 0.25950
v 0.48050 0.26000 0.26050
v 0.47750 0.26000 0.26150
v 0.47950 0.26000 0.26250
v 0.43550 0.26000 0.26450
v -0.47750 0.26000 0.26550
v 0.43150 0.26000 0.27150
v 0.46750 0.26000 0.28350
v -0.46350 0.26000 0.28550
v -0.46550 0.26000 0.28650
v -0.42050 0.26000 0.28750
v -0.46250 0.26000 0.28750
v -0.46450 0.26000 0.28850
v 0.46250 0.26000 0.29150
v -0.41550 0.26000 0.29450
v -0.45050 0.26000 0.30850
v 0.44750 0.26000 0.31050
v 0.40450 0.26000 0.31050
v 0.44950 0.26000 0.31150
v 0.44650 0.26000 0.31250
v 0.44750 0.26000 0.31350
v -0.44550 0.26000 0.31650
v 0.39850 0.26000 0.31750
v -0.38650 0.26000 0.33250
v 0.43350 0.26000 0.33350
v -0.42950 0.26000 0.33450
v -0.43150 0.26000 0.33550
v -0.42750 0.26000 0.33650
v -0.42950 0.26000 0.33750
v -0.38050 0.26000 0.33850
v 0.42750 0.26000 0.34050
v 0.36750 0.26000 0.35250
v -0.41450 0.26000 0.35650
v 0.41050 0.26000 0.35750
v 0.41250 0.26000 0.35850
v 0.36150 0.26000 0.35850
v 0.40950 0.26000 0.35950
v 0.41050 0.26000 0.36050
v -0.40850 0.26000 0.36350
v -0.34750 0.26000 0.37250
v 0.39450 0.26000 0.37850
v -0.34150 0.26000 0.37850
v -0.39050 0.26000 0.37950
v -0.38850 0.26000 0.38150
v -0.39150 0.26000 0.38150
v -0.39050 0.26000 0.38250
v 0.38850 0.26000 0.38550
v 0.32650 0.26000 0.39150
v 0.32050 0.26000 0.39650
v -0.37250 0.26000 0.39950
v 0.36850 0.26000 0.40050
v 0.36750 0.26000 0.40150
v 0.37050 0.26000 0.40250
v 0.36850 0.26000 0.40350
v -0.36550 0.26000 0.40650
v -0.30450 0.26000 0.40850
v -0.29750 0.26000 0.41350
v 0.35050 0.26000 0.41950
v -0.34550 0.26000 0.42050
v -0.34450 0.26000 0.42150
v -0.34750 0.26000 0.42150
v -0.34550 0.26000 0.42350
v 0.28150 0.26000 0.42450
v 0.34350 0.26000 0.42550
v 0.27450 0.26000 0.42950
v 0.32250 0.26000 0.43850
v -0.32650 0.26000 0.43850
v 0.32150 0.26000 0.43950
v -0.25750 0.26000 0.43950
v 0.32450 0.26000 0.44050
v 0.32250 0.26000 0.44150
v -0.25050 0.26000 0.44350
v -0.31950 0.26000 0.44350
v 0.23350 0.26000 0.45250
v 0.30250 0.26000 0.45550
v -0.29750 0.26000 0.45550
v 0.22550 0.26000 0.45650
v -0.29550 0.26000 0.45650
v -0.29950 0.26000 0.45750
v -0.29750 0.26000 0.45850
v 0.29450 0.26000 0.46050
v -0.20750 0.26000 0.46550
v -0.20050 0.26000 0.46850
v 0.27250 0.26000 0.47150
v -0.27650 0.26000 0.47150
v 0.27050 0.26000 0.47250
v 0.27350 0.26000 0.47350
v 0.27150 0.26000 0.47450
v 0.18250 0.26000 0.47550
v -0.26850 0.26000 0.47650
v 0.17450 0.26000 0.47850
v 0.25050 0.26000 0.48550
v -0.15550 0.26000 0.48550
v -0.24650 0.26000 0.48550
v -0.24450 0.26000 0.48650
v -0.14750 0.26000 0.48750
v -0.24750 0.26000 0.48750
v -0.24550 0.26000 0.48850
v 0.24250 0.26000 0.49050
v 0.12950 0.26000 0.49250
v 0.12050 0.26000 0.49550
v 0.21950 0.26000 0.49850
v 0.21750 0.26000 0.49950
v -0.10150 0.26000 0.49950
v -0.22250 0.26000 0.49950
v 0.22050 0.26000 0.50050
v -0.09350 0.26000 0.50050
v 0.21850 0.26000 0.50150
v -0.21450 0.26000 0.50250
v 0.07450 0.26000 0.50450
v 0.06550 0.26000 0.50550
v -0.04550 0.26000 0.50750
v -0.03750 0.26000 0.50850
v 0.01850 0.26000 0.50950
v 0.01050 0.26000 0.50950
v -0.19150 0.26000 0.50950
v 0.19550 0.26000 0.51050
v -0.18950 0.26000 0.51050
v -0.19250 0.26000 0.51150
v -0.18950 0.26000 0.51250
v 0.18750 0.26000 0.51350
v 0.16350 0.26000 0.51950
v 0.16150 0.26000 0.52050
v -0.16650 0.26000 0.52050
v 0.16450 0.26000 0.52150
v 0.16150 0.26000 0.52250
v -0.15850 0.26000 0.52350
v -0.13450 0.26000 0.52750
v 0.13850 0.26000 0.52850
v -0.13250 0.26000 0.52850
v -0.13450 0.26000 0.52950
v -0.13250 0.26000 0.53050
v 0.12950 0.26000 0.53150
v 0.10550 0.26000 0.53450
v 0.10350 0.26000 0.53450
v -0.10850 0.26000 0.53550
v 0.10550 0.26000 0.53650
v 0.10350 0.26000 0.53650
v -0.09950 0.26000 0.53750
v -0.07350 0.26000 0.53950
v -0.07550 0.26000 0.53950
v 0.07950 0.26000 0.54050
v -0.07350 0.26000 0.54150
v -0.07550 0.26000 0.54150
v 0.07050 0.26000 0.54250
v 0.04650 0.26000 0.54250
v 0.04350 0.26000 0.54250
v 0.04650 0.26000 0.54450
v 0.04450 0.26000 0.54450
v -0.01350 0.26000 0.54450
v -0.01550 0.26000 0.54450
v -0.04950 0.26000 0.54450
v -0.04050 0.26000 0.54550
v 0.01950 0.26000 0.54650
v 0.01050 0.26000 0.54650
v -0.01350 0.26000 0.54650
v -0.01550 0.26000 0.54650
v -0.63850 0.25700 0.28250
v -0.64150 0.25700 0.28650
v -0.63950 0.25000 -0.03750
v -0.59850 0.24700 0.41050
v 0.28850 0.24600 0.59650
v -0.29650 0.24600 0.59650
v 0.63150 0.24500 0.11450
v -0.63150 0.24500 0.35850
v 0.62550 0.24400 0.15450
v -0.66550 0.24400 0.30650
v 0.62850 0.24300 0.13450
v 0.62250 0.24300 0.17450
v 0.61750 0.24300 0.19450
v 0.60850 0.24300 0.23350
v 0.62850 0.24100 0.13450
v 0.62550 0.24100 0.15450
v 0.63550 0.23900 0.00950
v 0.63050 0.23800 0.11450
v 0.63650 0.22900 -0.04250
v -0.68450 0.22700 -0.08350
v -0.64050 0.21800 -0.05550
v -0.63450 0.21300 -0.15050
v -0.00750 0.21200 -0.54650
v -0.01050 0.21200 -0.54650
v 0.02550 0.21200 -0.54550
v 0.01650 0.21200 -0.54550
v -0.03450 0.21200 -0.54550
v -0.04350 0.21200 -0.54450
v 0.05250 0.21200 -0.54350
v 0.05050 0.21200 -0.54350
v -0.00750 0.21200 -0.54350
v -0.00950 0.21200 -0.54350
v 0.05250 0.21200 -0.54150
v 0.04950 0.21200 -0.54150
v -0.06750 0.21200 -0.54150
v -0.06950 0.21200 -0.54150
v 0.07650 0.21200 -0.54050
v 0.08550 0.21200 -0.53950
v -0.06750 0.21200 -0.53950
v -0.06950 0.21200 -0.53950
v -0.09450 0.21200 -0.53850
v -0.10250 0.21200 -0.53650
v 0.10950 0.21200 -0.53550
v 0.11150 0.21200 -0.53450
v 0.11150 0.21200 -0.53250
v 0.10950 0.21200 -0.53250
v -0.12650 0.21200 -0.53150
v -0.12850 0.21200 -0.53050
v 0.13550 0.21200 -0.52950
v -0.12650 0.21200 -0.52950
v -0.12850 0.21200 -0.52850
v 0.14450 0.21200 -0.52650
v -0.15250 0.21200 -0.52450
v -0.16150 0.21200 -0.52150
v 0.16950 0.21200 -0.51950
v 0.16750 0.21200 -0.51950
v 0.16850 0.21200 -0.51750
v 0.16650 0.21200 -0.51750
v -0.18450 0.21200 -0.51450
v -0.18650 0.21200 -0.51350
v 0.19250 0.21200 -0.51150
v -0.18350 0.21200 -0.51150
v -0.18550 0.21200 -0.51150
v 0.02350 0.21200 -0.50850
v 0.01550 0.21200 -0.50850
v -0.03250 0.21200 -0.50850
v 0.20150 0.21200 -0.50750
v -0.04050 0.21200 -0.50750
v 0.07150 0.21200 -0.50450
v -0.20950 0.21200 -0.50450
v 0.07950 0.21200 -0.50250
v -0.08750 0.21200 -0.50150
v -0.21750 0.21200 -0.50050
v -0.09550 0.21200 -0.49950
v 0.22350 0.21200 -0.49850
v 0.22550 0.21200 -0.49750
v 0.22250 0.21200 -0.49650
v 0.22450 0.21200 -0.49550
v 0.12650 0.21200 -0.49350
v 0.13450 0.21200 -0.49150
v -0.23950 0.21200 -0.49050
v -0.24150 0.21200 -0.48950
v -0.14250 0.21200 -0.48850
v -0.23850 0.21200 -0.48850
v -0.24050 0.21200 -0.48750
v 0.24750 0.21200 -0.48650
v -0.15050 0.21200 -0.48650
v 0.25550 0.21200 -0.48250
v -0.26350 0.21200 -0.47850
v 0.17950 0.21200 -0.47650
v -0.27150 0.21200 -0.47450
v 0.18750 0.21200 -0.47350
v 0.27750 0.21200 -0.47050
v -0.19550 0.21200 -0.47050
v 0.27850 0.21200 -0.46950
v 0.27550 0.21200 -0.46850
v 0.27750 0.21200 -0.46750
v -0.20250 0.21200 -0.46650
v -0.29250 0.21200 -0.46150
v -0.29450 0.21200 -0.46050
v -0.29150 0.21200 -0.45950
v -0.29250 0.21200 -0.45850
v 0.29950 0.21200 -0.45650
v 0.23050 0.21200 -0.45350
v 0.30750 0.21200 -0.45150
v 0.23850 0.21200 -0.44950
v -0.31450 0.21200 -0.44650
v -0.24550 0.21200 -0.44550
v -0.25250 0.21200 -0.44150
v -0.32150 0.21200 -0.44150
v 0.32750 0.21200 -0.43750
v 0.32850 0.21200 -0.43650
v 0.32550 0.21200 -0.43550
v 0.32750 0.21200 -0.43450
v -0.34150 0.21200 -0.42650
v 0.27950 0.21200 -0.42550
v -0.34250 0.21200 -0.42550
v -0.33950 0.21200 -0.42450
v -0.34150 0.21200 -0.42350
v 0.34850 0.21200 -0.42150
v 0.28650 0.21200 -0.42150
v -0.29350 0.21200 -0.41650
v 0.35450 0.21200 -0.41550
v -0.29950 0.21200 -0.41150
v -0.36150 0.21200 -0.40950
v -0.36850 0.21200 -0.40350
v 0.37350 0.21200 -0.39950
v 0.37450 0.21200 -0.39750
v 0.37150 0.21200 -0.39750
v 0.37350 0.21200 -0.39550
v 0.32450 0.21200 -0.39250
v 0.33050 0.21200 -0.38750
v -0.38550 0.21200 -0.38650
v -0.38450 0.21200 -0.38450
v -0.38750 0.21200 -0.38450
v -0.38550 0.21200 -0.38350
v -0.33650 0.21200 -0.38150
v 0.39250 0.21200 -0.38050
v -0.34350 0.21200 -0.37550
v 0.39850 0.21200 -0.37350
v -0.40450 0.21200 -0.36750
v -0.41050 0.21200 -0.36050
v 0.41450 0.21200 -0.35550
v 0.41350 0.21200 -0.35450
v 0.36550 0.21200 -0.35450
v 0.41650 0.21200 -0.35350
v 0.41450 0.21200 -0.35250
v 0.37150 0.21200 -0.34850
v -0.37650 0.21200 -0.34250
v -0.42650 0.21200 -0.34150
v -0.42450 0.21200 -0.34050
v -0.42750 0.21200 -0.34050
v -0.42550 0.21200 -0.33850
v -0.38250 0.21200 -0.33650
v 0.43150 0.21200 -0.33550
v 0.43750 0.21200 -0.32750
v -0.44250 0.21200 -0.32050
v -0.44750 0.21200 -0.31350
v 0.40250 0.21200 -0.31250
v 0.45150 0.21200 -0.30750
v 0.45250 0.21200 -0.30650
v 0.44950 0.21200 -0.30650
v 0.40750 0.21200 -0.30550
v 0.45050 0.21200 -0.30450
v -0.41250 0.21200 -0.29850
v -0.46150 0.21200 -0.29250
v -0.41750 0.21200 -0.29150
v -0.45950 0.21200 -0.29150
v -0.46250 0.21200 -0.29150
v -0.46050 0.21200 -0.28950
v 0.46550 0.21200 -0.28550
v 0.47050 0.21200 -0.27750
v -0.47450 0.21200 -0.27050
v 0.43450 0.21200 -0.26650
v -0.47950 0.21200 -0.26250
v 0.43850 0.21200 -0.25850
v 0.48250 0.21200 -0.25650
v 0.48050 0.21200 -0.25550
v 0.48350 0.21200 -0.25450
v 0.48150 0.21200 -0.25350
v -0.44250 0.21200 -0.25150
v -0.44650 0.21200 -0.24450
v -0.49050 0.21200 -0.24050
v -0.48850 0.21200 -0.23950
v -0.49150 0.21200 -0.23850
v -0.48950 0.21200 -0.23750
v 0.49450 0.21200 -0.23250
v 0.49850 0.21200 -0.22450
v 0.46050 0.21200 -0.21650
v -0.50150 0.21200 -0.21650
v 0.46450 0.21200 -0.20950
v -0.50550 0.21200 -0.20850
v 0.50750 0.21200 -0.20250
v 0.50550 0.21200 -0.20150
v -0.46750 0.21200 -0.20150
v 0.50850 0.21200 -0.20050
v 0.50650 0.21200 -0.19950
v -0.47050 0.21200 -0.19350
v -0.51350 0.21200 -0.18550
v -0.51150 0.21200 -0.18450
v -0.51450 0.21200 -0.18350
v -0.51250 0.21200 -0.18250
v 0.51650 0.21200 -0.17750
v 0.51950 0.21200 -0.16850
v 0.48150 0.21200 -0.16550
v -0.52250 0.21200 -0.16050
v 0.48450 0.21200 -0.15750
v -0.52450 0.21200 -0.15150
v -0.48650 0.21200 -0.14950
v 0.52650 0.21200 -0.14550
v 0.52450 0.21200 -0.14450
v 0.52750 0.21200 -0.14250
v 0.52550 0.21200 -0.14250
v -0.48950 0.21200 -0.14150
v -0.52850 0.21200 -0.12750
v -0.53150 0.21200 -0.12750
v -0.52950 0.21200 -0.12550
v -0.53150 0.21200 -0.12550
v 0.53350 0.21200 -0.11950
v 0.49750 0.21200 -0.11150
v 0.53550 0.21200 -0.11050
v 0.49850 0.21200 -0.10250
v -0.53650 0.21200 -0.10150
v -0.50050 0.21200 -0.09450
v -0.53850 0.21200 -0.09250
v 0.53950 0.21200 -0.08650
v 0.53750 0.21200 -0.08650
v -0.50150 0.21200 -0.08650
v 0.53950 0.21200 -0.08450
v 0.53750 0.21200 -0.08350
v -0.53950 0.21200 -0.06850
v -0.54250 0.21200 -0.06850
v -0.54050 0.21200 -0.06650
v -0.54250 0.21200 -0.06650
v 0.54350 0.21200 -0.06050
v 0.50650 0.21200 -0.05550
v 0.54450 0.21200 -0.05150
v 0.50750 0.21200 -0.04750
v -0.54450 0.21200 -0.04250
v -0.50750 0.21200 -0.03950
v -0.54550 0.21200 -0.03350
v -0.50850 0.21200 -0.03050
v 0.54550 0.21200 -0.02650
v 0.54350 0.21200 -0.02650
v 0.54550 0.21200 -0.02450
v 0.54350 0.21200 -0.02450
v -0.54450 0.21200 -0.00850
v -0.54650 0.21200 -0.00850
v -0.54450 0.21200 -0.00650
v -0.54650 0.21200 -0.00650
v 0.54650 0.21200 -0.00050
v 0.50950 0.21200 -0.00050
v 0.50950 0.21200 0.00850
v 0.54650 0.21200 0.00950
v -0.50850 0.21200 0.01650
v -0.54650 0.21200 0.01750
v -0.50850 0.21200 0.02950
v -0.54550 0.21200 0.03150
v 0.54550 0.21200 0.03350
v 0.54350 0.21200 0.03350
v 0.54550 0.21200 0.03550
v 0.54350 0.21200 0.03550
v 0.50650 0.21200 0.05550
v -0.54150 0.21200 0.05550
v -0.54350 0.21200 0.05550
v -0.54150 0.21200 0.05750
v -0.54350 0.21200 0.05750
v 0.54350 0.21200 0.05950
v 0.50550 0.21200 0.06450
v 0.54250 0.21200 0.06850
v -0.50350 0.21200 0.07650
v -0.54050 0.21200 0.08250
v -0.50250 0.21200 0.08450
v -0.53850 0.21200 0.09150
v 0.53650 0.21200 0.09250
v 0.53850 0.21200 0.09350
v 0.53550 0.21200 0.09450
v 0.53850 0.21200 0.09550
v 0.49750 0.21200 0.11150
v -0.53150 0.21200 0.11450
v -0.53450 0.21200 0.11550
v -0.53150 0.21200 0.11650
v -0.53350 0.21200 0.11750
v 0.53350 0.21200 0.11950
v 0.49550 0.21200 0.11950
v 0.53150 0.21200 0.12850
v -0.49250 0.21200 0.13150
v -0.48950 0.21200 0.13950
v -0.52750 0.21200 0.14050
v -0.52550 0.21200 0.14950
v 0.52550 0.21200 0.15150
v 0.52250 0.21200 0.15150
v 0.52450 0.21200 0.15350
v 0.52250 0.21200 0.15350
v 0.48250 0.21200 0.16550
v -0.51650 0.21200 0.17250
v -0.51850 0.21200 0.17250
v -0.51550 0.21200 0.17450
v 0.47850 0.21200 0.17550
v -0.51750 0.21200 0.17550
v 0.51750 0.21200 0.17750
v -0.47450 0.21200 0.18450
v 0.51350 0.21200 0.18850
v -0.47150 0.21200 0.19250
v -0.50950 0.21200 0.19850
v -0.50650 0.21200 0.20650
v 0.50250 0.21200 0.21050
v 0.50450 0.21200 0.21150
v 0.50150 0.21200 0.21250
v 0.50350 0.21200 0.21350
v 0.45950 0.21200 0.21950
v 0.45650 0.21200 0.22650
v -0.49450 0.21200 0.22750
v -0.49650 0.21200 0.22850
v -0.49350 0.21200 0.22950
v -0.49550 0.21200 0.23050
v 0.49350 0.21200 0.23550
v -0.45150 0.21200 0.23550
v 0.48950 0.21200 0.24350
v -0.44750 0.21200 0.24350
v -0.48450 0.21200 0.25250
v -0.48050 0.21200 0.26050
v 0.47650 0.21200 0.26450
v 0.47850 0.21200 0.26550
v 0.47550 0.21200 0.26550
v 0.47650 0.21200 0.26750
v 0.43350 0.21200 0.26850
v 0.42850 0.21200 0.27550
v -0.46650 0.21200 0.28050
v -0.46850 0.21200 0.28150
v -0.46550 0.21200 0.28250
v -0.42350 0.21200 0.28350
v -0.46750 0.21200 0.28350
v 0.46450 0.21200 0.28850
v -0.41850 0.21200 0.29050
v 0.45950 0.21200 0.29550
v -0.45350 0.21200 0.30450
v -0.44850 0.21200 0.31150
v 0.44450 0.21200 0.31450
v 0.40050 0.21200 0.31450
v 0.44650 0.21200 0.31550
v 0.44250 0.21200 0.31650
v 0.44450 0.21200 0.31750
v 0.39550 0.21200 0.32150
v -0.38950 0.21200 0.32850
v -0.43250 0.21200 0.33050
v -0.43450 0.21200 0.33150
v -0.43150 0.21200 0.33250
v -0.43350 0.21200 0.33350
v -0.38350 0.21200 0.33450
v 0.43050 0.21200 0.33750
v 0.42450 0.21200 0.34450
v -0.41750 0.21200 0.35250
v 0.36450 0.21200 0.35650
v -0.41150 0.21200 0.35950
v 0.40750 0.21200 0.36150
v 0.35850 0.21200 0.36250
v 0.40850 0.21200 0.36350
v 0.40550 0.21200 0.36350
v 0.40750 0.21200 0.36450
v -0.35150 0.21200 0.36950
v -0.34450 0.21200 0.37550
v -0.39350 0.21200 0.37550
v -0.39250 0.21200 0.37750
v -0.39550 0.21200 0.37750
v -0.39350 0.21200 0.37850
v 0.39050 0.21200 0.38250
v 0.38450 0.21200 0.38850
v 0.32250 0.21200 0.39450
v -0.37650 0.21200 0.39650
v 0.31650 0.21200 0.39950
v -0.36950 0.21200 0.40250
v 0.36450 0.21200 0.40450
v 0.36650 0.21200 0.40550
v 0.36350 0.21200 0.40550
v -0.30850 0.21200 0.40550
v 0.36450 0.21200 0.40750
v -0.30150 0.21200 0.41050
v -0.35050 0.21200 0.41650
v -0.34850 0.21200 0.41850
v -0.35150 0.21200 0.41850
v -0.34950 0.21200 0.41950
v 0.34650 0.21200 0.42350
v 0.27750 0.21200 0.42750
v 0.33950 0.21200 0.42850
v 0.27050 0.21200 0.43150
v -0.33050 0.21200 0.43550
v -0.26250 0.21200 0.43650
v -0.32350 0.21200 0.44050
v 0.31850 0.21200 0.44150
v -0.25450 0.21200 0.44150
v 0.31650 0.21200 0.44250
v 0.31950 0.21200 0.44350
v 0.31750 0.21200 0.44450
v -0.30250 0.21200 0.45250
v -0.30050 0.21200 0.45350
v -0.30350 0.21200 0.45450
v 0.22850 0.21200 0.45550
v -0.30150 0.21200 0.45550
v 0.29750 0.21200 0.45850
v 0.22150 0.21200 0.45850
v 0.29050 0.21200 0.46350
v -0.21250 0.21200 0.46350
v -0.20450 0.21200 0.46650
v -0.28150 0.21200 0.46850
v 0.26850 0.21200 0.47350
v -0.27350 0.21200 0.47350
v 0.26650 0.21200 0.47450
v 0.26950 0.21200 0.47550
v 0.26750 0.21200 0.47650
v 0.17750 0.21200 0.47750
v 0.16950 0.21200 0.48050
v -0.16050 0.21200 0.48350
v -0.25050 0.21200 0.48350
v -0.24850 0.21200 0.48450
v -0.25150 0.21200 0.48550
v -0.15250 0.21200 0.48650
v -0.24950 0.21200 0.48650
v 0.24550 0.21200 0.48850
v 0.23750 0.21200 0.49250
v 0.12450 0.21200 0.49450
v 0.11550 0.21200 0.49650
v -0.22750 0.21200 0.49650
v -0.10650 0.21200 0.49850
v 0.21450 0.21200 0.50050
v -0.09850 0.21200 0.50050
v -0.21950 0.21200 0.50050
v 0.21250 0.21200 0.50150
v 0.21550 0.21200 0.50250
v 0.21350 0.21200 0.50350
v 0.06950 0.21200 0.50450
v 0.06050 0.21200 0.50550
v -0.04250 0.21200 0.50750
v -0.05150 0.21200 0.50750
v -0.19650 0.21200 0.50750
v -0.19450 0.21200 0.50850
v 0.01350 0.21200 0.50950
v 0.00450 0.21200 0.50950
v -0.19750 0.21200 0.50950
v -0.19550 0.21200 0.51050
v 0.19050 0.21200 0.51250
v 0.18250 0.21200 0.51550
v -0.17250 0.21200 0.51850
v 0.15850 0.21200 0.52050
v 0.15650 0.21200 0.52150
v -0.16350 0.21200 0.52150
v 0.15850 0.21200 0.52350
v 0.15650 0.21200 0.52350
v -0.13750 0.21200 0.52650
v -0.13950 0.21200 0.52650
v -0.13950 0.21200 0.52850
v -0.13750 0.21200 0.52950
v 0.13350 0.21200 0.53050
v 0.12450 0.21200 0.53250
v -0.11450 0.21200 0.53450
v 0.10050 0.21200 0.53550
v 0.09750 0.21200 0.53550
v -0.10550 0.21200 0.53650
v 0.10050 0.21200 0.53750
v 0.09850 0.21200 0.53750
v -0.07850 0.21200 0.53850
v -0.08050 0.21200 0.53850
v -0.07850 0.21200 0.54050
v -0.08150 0.21200 0.54050
v 0.07450 0.21200 0.54150
v 0.06550 0.21200 0.54250
v 0.04050 0.21200 0.54250
v 0.03850 0.21200 0.54350
v -0.05450 0.21200 0.54350
v -0.01950 0.21200 0.54450
v -0.02150 0.21200 0.54450
v -0.04550 0.21200 0.54450
v 0.04050 0.21200 0.54550
v 0.03850 0.21200 0.54550
v 0.01450 0.21200 0.54650
v 0.00550 0.21200 0.54650
v -0.01950 0.21200 0.54650
v -0.02150 0.21200 0.54650
v -0.69050 0.20900 -0.08650
v -0.53350 0.20900 0.11850
v -0.52250 0.20800 0.15850
v -0.64650 0.20100 -0.05750
v -0.64450 0.20000 -0.05550
v 0.59950 0.19900 0.26550
v 0.58550 0.19800 0.30750
v 0.57050 0.19600 0.34850
v 0.54750 0.19400 0.38750
v -0.67850 0.19200 0.31150
v -0.61550 0.19200 0.40850
v 0.52450 0.19200 0.42650
v 0.61550 0.19100 0.32050
v -0.08050 0.18600 0.63950
v -0.00350 0.18600 0.64150
v -0.13150 0.18500 0.63450
v 0.04750 0.18500 0.63950
v -0.05450 0.18500 0.63950
v 0.63150 0.18300 0.37550
v 0.02150 0.18300 0.64050
v -0.02950 0.18300 0.64050
v 0.07250 0.18100 0.63850
v -0.08050 0.18100 0.63850
v 0.48350 0.18000 0.45550
v -0.49150 0.17900 0.45450
v 0.47950 0.17800 0.45550
v -0.48650 0.17800 0.45550
v 0.48150 0.17800 0.45950
v 0.47950 0.17800 0.45950
v -0.48650 0.17800 0.45950
v -0.48850 0.17800 0.45950
v -0.52450 0.17700 0.42050
v 0.52050 0.17600 0.43750
v -0.52750 0.17600 0.43750
v 0.48550 0.17600 0.45950
v 0.48150 0.17600 0.47050
v -0.48850 0.17600 0.47050
v 0.44950 0.17600 0.49950
v -0.45650 0.17600 0.49950
v 0.43950 0.17600 0.50750
v -0.44650 0.17600 0.50750
v 0.41850 0.17600 0.52850
v -0.42550 0.17600 0.52850
v 0.48950 0.17500 0.46950
v -0.49750 0.17500 0.46950
v -0.45750 0.17500 0.49750
v -0.42650 0.17500 0.52450
v 0.48350 0.17300 0.47250
v -0.49050 0.17300 0.47250
v 0.45250 0.17300 0.49950
v -0.45950 0.17300 0.49950
v 0.42150 0.17300 0.52650
v -0.42850 0.17300 0.52650
v -0.52850 0.17200 0.42550
v 0.51950 0.17200 0.42650
v -0.52450 0.17200 0.42750
v 0.47950 0.17200 0.48050
v 0.44450 0.17200 0.50650
v -0.45250 0.17200 0.50650
v 0.51050 0.17100 0.44850
v 0.46050 0.17100 0.49850
v 0.42150 0.17100 0.53050
v 0.42950 0.17000 0.52050
v -0.43650 0.17000 0.52050
v 0.42750 0.16900 0.51750
v -0.43450 0.16900 0.51750
v -0.69350 0.16800 -0.09150
v -0.59350 0.16600 0.41350
v 0.58950 0.16500 0.40450
v -0.50350 0.16400 0.45550
v -0.63750 0.16300 -0.15850
v -0.52250 0.16300 0.15850
v -0.64050 0.16200 0.28450
v -0.53350 0.16100 0.11850
v -0.00750 0.15800 -0.54650
v -0.01050 0.15800 -0.54650
v 0.02550 0.15800 -0.54550
v 0.01650 0.15800 -0.54550
v -0.03450 0.15800 -0.54550
v -0.04350 0.15800 -0.54450
v 0.05250 0.15800 -0.54350
v 0.05050 0.15800 -0.54350
v -0.00750 0.15800 -0.54350
v -0.00950 0.15800 -0.54350
v 0.05250 0.15800 -0.54150
v 0.04950 0.15800 -0.54150
v -0.06750 0.15800 -0.54150
v -0.06950 0.15800 -0.54150
v 0.07650 0.15800 -0.54050
v 0.08550 0.15800 -0.53950
v -0.06750 0.15800 -0.53950
v -0.06950 0.15800 -0.53950
v -0.09450 0.15800 -0.53850
v -0.10250 0.15800 -0.53650
v 0.10950 0.15800 -0.53550
v 0.11150 0.15800 -0.53450
v 0.11150 0.15800 -0.53250
v 0.10950 0.15800 -0.53250
v -0.12650 0.15800 -0.53150
v -0.12850 0.15800 -0.53050
v 0.13550 0.15800 -0.52950
v -0.12650 0.15800 -0.52950
v -0.12850 0.15800 -0.52850
v 0.14450 0.15800 -0.52650
v -0.15250 0.15800 -0.52450
v -0.16150 0.15800 -0.52150
v 0.16950 0.15800 -0.51950
v 0.16750 0.15800 -0.51950
v 0.16850 0.15800 -0.51750
v 0.16650 0.15800 -0.51750
v -0.18450 0.15800 -0.51450
v -0.18650 0.15800 -0.51350
v 0.19250 0.15800 -0.51150
v -0.18350 0.15800 -0.51150
v -0.18550 0.15800 -0.51150
v 0.02350 0.15800 -0.50850
v 0.01550 0.15800 -0.50850
v -0.03250 0.15800 -0.50850
v 0.20150 0.15800 -0.50750
v -0.04050 0.15800 -0.50750
v 0.07150 0.15800 -0.50450
v -0.20950 0.15800 -0.50450
v 0.07950 0.15800 -0.50250
v -0.08750 0.15800 -0.50150
v -0.21750 0.15800 -0.50050
v -0.09550 0.15800 -0.49950
v 0.22350 0.15800 -0.49850
v 0.22550 0.15800 -0.49750
v 0.22250 0.15800 -0.49650
v 0.22450 0.15800 -0.49550
v 0.12650 0.15800 -0.49350
v 0.13450 0.15800 -0.49150
v -0.23950 0.15800 -0.49050
v -0.24150 0.15800 -0.48950
v -0.14250 0.15800 -0.48850
v -0.23850 0.15800 -0.48850
v -0.24050 0.15800 -0.48750
v 0.24750 0.15800 -0.48650
v -0.15050 0.15800 -0.48650
v 0.25550 0.15800 -0.48250
v -0.26350 0.15800 -0.47850
v 0.17950 0.15800 -0.47650
v -0.27150 0.15800 -0.47450
v 0.18750 0.15800 -0.47350
v 0.27750 0.15800 -0.47050
v -0.19550 0.15800 -0.47050
v 0.27850 0.15800 -0.46950
v 0.27550 0.15800 -0.46850
v 0.27750 0.15800 -0.46750
v -0.20250 0.15800 -0.46650
v -0.29250 0.15800 -0.46150
v -0.29450 0.15800 -0.46050
v -0.29150 0.15800 -0.45950
v -0.29250 0.15800 -0.45850
v 0.29950 0.15800 -0.45650
v 0.23050 0.15800 -0.45350
v 0.30750 0.15800 -0.45150
v 0.23850 0.15800 -0.44950
v -0.31450 0.15800 -0.44650
v -0.24550 0.15800 -0.44550
v -0.25250 0.15800 -0.44150
v -0.32150 0.15800 -0.44150
v 0.32750 0.15800 -0.43750
v 0.32850 0.15800 -0.43650
v 0.32550 0.15800 -0.43550
v 0.32750 0.15800 -0.43450
v -0.34150 0.15800 -0.42650
v 0.27950 0.15800 -0.42550
v -0.34250 0.15800 -0.42550
v -0.33950 0.15800 -0.42450
v -0.34150 0.15800 -0.42350
v 0.34850 0.15800 -0.42150
v 0.28650 0.15800 -0.42150
v -0.29350 0.15800 -0.41650
v 0.35450 0.15800 -0.41550
v -0.29950 0.15800 -0.41150
v -0.36150 0.15800 -0.40950
v -0.36850 0.15800 -0.40350
v 0.37350 0.15800 -0.39950
v 0.37450 0.15800 -0.39750
v 0.37150 0.15800 -0.39750
v 0.37350 0.15800 -0.39550
v 0.32450 0.15800 -0.39250
v 0.33050 0.15800 -0.38750
v -0.38550 0.15800 -0.38650
v -0.38450 0.15800 -0.38450
v -0.38750 0.15800 -0.38450
v -0.38550 0.15800 -0.38350
v -0.33650 0.15800 -0.38150
v 0.39250 0.15800 -0.38050
v -0.34350 0.15800 -0.37550
v 0.39850 0.15800 -0.37350
v -0.40450 0.15800 -0.36750
v -0.41050 0.15800 -0.36050
v 0.41450 0.15800 -0.35550
v 0.41350 0.15800 -0.35450
v 0.36550 0.15800 -0.35450
v 0.41650 0.15800 -0.35350
v 0.41450 0.15800 -0.35250
v 0.37150 0.15800 -0.34850
v -0.37650 0.15800 -0.34250
v -0.42650 0.15800 -0.34150
v -0.42450 0.15800 -0.34050
v -0.42750 0.15800 -0.34050
v -0.42550 0.15800 -0.33850
v -0.38250 0.15800 -0.33650
v 0.43150 0.15800 -0.33550
v 0.43750 0.15800 -0.32750
v -0.44250 0.15800 -0.32050
v -0.44750 0.15800 -0.31350
v 0.40250 0.15800 -0.31250
v 0.45150 0.15800 -0.30750
v 0.45250 0.15800 -0.30650
v 0.44950 0.15800 -0.30650
v 0.40750 0.15800 -0.30550
v 0.45050 0.15800 -0.30450
v -0.41250 0.15800 -0.29850
v -0.46150 0.15800 -0.29250
v -0.41750 0.15800 -0.29150
v -0.45950 0.15800 -0.29150
v -0.46250 0.15800 -0.29150
v -0.46050 0.15800 -0.28950
v 0.46550 0.15800 -0.28550
v 0.47050 0.15800 -0.27750
v -0.47450 0.15800 -0.27050
v 0.43450 0.15800 -0.26650
v -0.47950 0.15800 -0.26250
v 0.43850 0.15800 -0.25850
v 0.48250 0.15800 -0.25650
v 0.48050 0.15800 -0.25550
v 0.48350 0.15800 -0.25450
v 0.48150 0.15800 -0.25350
v -0.44250 0.15800 -0.25150
v -0.44650 0.15800 -0.24450
v -0.49050 0.15800 -0.24050
v -0.48850 0.15800 -0.23950
v -0.49150 0.15800 -0.23850
v -0.48950 0.15800 -0.23750
v 0.49450 0.15800 -0.23250
v 0.49850 0.15800 -0.22450
v 0.46050 0.15800 -0.21650
v -0.50150 0.15800 -0.21650
v 0.46450 0.15800 -0.20950
v -0.50550 0.15800 -0.20850
v 0.50750 0.15800 -0.20250
v 0.50550 0.15800 -0.20150
v -0.46750 0.15800 -0.20150
v 0.50850 0.15800 -0.20050
v 0.50650 0.15800 -0.19950
v -0.47050 0.15800 -0.19350
v -0.51350 0.15800 -0.18550
v -0.51150 0.15800 -0.18450
v -0.51450 0.15800 -0.18350
v -0.51250 0.15800 -0.18250
v 0.51650 0.15800 -0.17750
v 0.51950 0.15800 -0.16850
v 0.48150 0.15800 -0.16550
v -0.52250 0.15800 -0.16050
v 0.48450 0.15800 -0.15750
v -0.52450 0.15800 -0.15150
v -0.48650 0.15800 -0.14950
v 0.52650 0.15800 -0.14550
v 0.52450 0.15800 -0.14450
v 0.52750 0.15800 -0.14250
v 0.52550 0.15800 -0.14250
v -0.48950 0.15800 -0.14150
v -0.52850 0.15800 -0.12750
v -0.53150 0.15800 -0.12750
v -0.52950 0.15800 -0.12550
v -0.53150 0.15800 -0.12550
v 0.53350 0.15800 -0.11950
v 0.49750 0.15800 -0.11150
v 0.53550 0.15800 -0.11050
v 0.49850 0.15800 -0.10250
v -0.53650 0.15800 -0.10150
v -0.50050 0.15800 -0.09450
v 0.63050 0.15800 -0.09250
v -0.53850 0.15800 -0.09250
v 0.53950 0.15800 -0.08650
v 0.53750 0.15800 -0.08650
v -0.50150 0.15800 -0.08650
v 0.53950 0.15800 -0.08450
v 0.53750 0.15800 -0.08350
v -0.53950 0.15800 -0.06850
v -0.54250 0.15800 -0.06850
v -0.54050 0.15800 -0.06650
v -0.54250 0.15800 -0.06650
v 0.54350 0.15800 -0.06050
v 0.50650 0.15800 -0.05550
v 0.54450 0.15800 -0.05150
v 0.50750 0.15800 -0.04750
v -0.54450 0.15800 -0.04250
v -0.50750 0.15800 -0.03950
v -0.54550 0.15800 -0.03350
v -0.50850 0.15800 -0.03050
v 0.54550 0.15800 -0.02650
v 0.54350 0.15800 -0.02650
v 0.54550 0.15800 -0.02450
v 0.54350 0.15800 -0.02450
v -0.54450 0.15800 -0.00850
v -0.54650 0.15800 -0.00850
v -0.54450 0.15800 -0.00650
v -0.54650 0.15800 -0.00650
v 0.54650 0.15800 -0.00050
v 0.50950 0.15800 -0.00050
v 0.50950 0.15800 0.00850
v 0.54650 0.15800 0.00950
v -0.50850 0.15800 0.01650
v -0.54650 0.15800 0.01750
v -0.50850 0.15800 0.02950
v -0.54550 0.15800 0.03150
v 0.54550 0.15800 0.03350
v 0.54350 0.15800 0.03350
v 0.54550 0.15800 0.03550
v 0.54350 0.15800 0.03550
v 0.50650 0.15800 0.05550
v -0.54150 0.15800 0.05550
v -0.54350 0.15800 0.05550
v -0.54150 0.15800 0.05750
v -0.54350 0.15800 0.05750
v 0.54350 0.15800 0.05950
v 0.50550 0.15800 0.06450
v 0.54250 0.15800 0.06850
v -0.50350 0.15800 0.07650
v -0.54050 0.15800 0.08250
v -0.50250 0.15800 0.08450
v -0.53850 0.15800 0.09150
v 0.53650 0.15800 0.09250
v 0.53850 0.15800 0.09350
v 0.53550 0.15800 0.09450
v 0.53850 0.15800 0.09550
v 0.49750 0.15800 0.11150
v -0.53150 0.15800 0.11450
v -0.53450 0.15800 0.11550
v -0.53150 0.15800 0.11650
v -0.53350 0.15800 0.11750
v 0.53350 0.15800 0.11950
v 0.49550 0.15800 0.11950
v 0.53150 0.15800 0.12850
v -0.49250 0.15800 0.13150
v -0.48950 0.15800 0.13950
v -0.52750 0.15800 0.14050
v -0.52550 0.15800 0.14950
v 0.52550 0.15800 0.15150
v 0.52250 0.15800 0.15150
v 0.52450 0.15800 0.15350
v 0.52250 0.15800 0.15350
v 0.48250 0.15800 0.16550
v -0.51650 0.15800 0.17250
v -0.51850 0.15800 0.17250
v -0.51550 0.15800 0.17450
v 0.47850 0.15800 0.17550
v -0.51750 0.15800 0.17550
v 0.51750 0.15800 0.17750
v -0.47450 0.15800 0.18450
v 0.51350 0.15800 0.18850
v -0.47150 0.15800 0.19250
v -0.50950 0.15800 0.19850
v -0.50650 0.15800 0.20650
v 0.50250 0.15800 0.21050
v 0.50450 0.15800 0.21150
v 0.50150 0.15800 0.21250
v 0.50350 0.15800 0.21350
v 0.45950 0.15800 0.21950
v 0.45650 0.15800 0.22650
v -0.49450 0.15800 0.22750
v -0.49650 0.15800 0.22850
v -0.49350 0.15800 0.22950
v -0.49550 0.15800 0.23050
v 0.49350 0.15800 0.23550
v -0.45150 0.15800 0.23550
v 0.48950 0.15800 0.24350
v -0.44750 0.15800 0.24350
v -0.48450 0.15800 0.25250
v -0.48050 0.15800 0.26050
v 0.47650 0.15800 0.26450
v 0.47850 0.15800 0.26550
v 0.47550 0.15800 0.26550
v 0.47650 0.15800 0.26750
v 0.43350 0.15800 0.26850
v 0.42850 0.15800 0.27550
v -0.46650 0.15800 0.28050
v -0.46850 0.15800 0.28150
v -0.46550 0.15800 0.28250
v -0.42350 0.15800 0.28350
v -0.46750 0.15800 0.28350
v 0.46450 0.15800 0.28850
v -0.41850 0.15800 0.29050
v 0.45950 0.15800 0.29550
v -0.45350 0.15800 0.30450
v -0.44850 0.15800 0.31150
v 0.44450 0.15800 0.31450
v 0.40050 0.15800 0.31450
v 0.44650 0.15800 0.31550
v 0.44250 0.15800 0.31650
v 0.44450 0.15800 0.31750
v 0.39550 0.15800 0.32150
v -0.38950 0.15800 0.32850
v -0.43250 0.15800 0.33050
v -0.43450 0.15800 0.33150
v -0.43150 0.15800 0.33250
v -0.43350 0.15800 0.33350
v -0.38350 0.15800 0.33450
v 0.43050 0.15800 0.33750
v 0.42450 0.15800 0.34450
v -0.41750 0.15800 0.35250
v 0.36450 0.15800 0.35650
v -0.41150 0.15800 0.35950
v 0.40750 0.15800 0.36150
v 0.35850 0.15800 0.36250
v 0.40850 0.15800 0.36350
v 0.40550 0.15800 0.36350
v 0.40750 0.15800 0.36450
v -0.35150 0.15800 0.36950
v -0.34450 0.15800 0.37550
v -0.39350 0.15800 0.37550
v -0.39250 0.15800 0.37750
v -0.39550 0.15800 0.37750
v -0.39350 0.15800 0.37850
v 0.39050 0.15800 0.38250
v 0.38450 0.15800 0.38850
v 0.32250 0.15800 0.39450
v -0.37650 0.15800 0.39650
v 0.31650 0.15800 0.39950
v -0.36950 0.15800 0.40250
v 0.36450 0.15800 0.40450
v 0.36650 0.15800 0.40550
v 0.36350 0.15800 0.40550
v -0.30850 0.15800 0.40550
v 0.36450 0.15800 0.40750
v -0.30150 0.15800 0.41050
v -0.35050 0.15800 0.41650
v -0.34850 0.15800 0.41850
v -0.35150 0.15800 0.41850
v -0.34950 0.15800 0.41950
v 0.34650 0.15800 0.42350
v 0.27750 0.15800 0.42750
v 0.33950 0.15800 0.42850
v 0.27050 0.15800 0.43150
v -0.33050 0.15800 0.43550
v -0.26250 0.15800 0.43650
v -0.32350 0.15800 0.44050
v 0.31850 0.15800 0.44150
v -0.25450 0.15800 0.44150
v 0.31650 0.15800 0.44250
v 0.31950 0.15800 0.44350
v 0.31750 0.15800 0.44450
v -0.30250 0.15800 0.45250
v -0.30050 0.15800 0.45350
v -0.30350 0.15800 0.45450
v 0.22850 0.15800 0.45550
v -0.30150 0.15800 0.45550
v 0.29750 0.15800 0.45850
v 0.22150 0.15800 0.45850
v 0.29050 0.15800 0.46350
v -0.21250 0.15800 0.46350
v -0.20450 0.15800 0.46650
v -0.28150 0.15800 0.46850
v 0.26850 0.15800 0.47350
v -0.27350 0.15800 0.47350
v 0.26650 0.15800 0.47450
v 0.26950 0.15800 0.47550
v 0.26750 0.15800 0.47650
v 0.17750 0.15800 0.47750
v 0.16950 0.15800 0.48050
v -0.16050 0.15800 0.48350
v -0.25050 0.15800 0.48350
v -0.24850 0.15800 0.48450
v -0.25150 0.15800 0.48550
v -0.15250 0.15800 0.48650
v -0.24950 0.15800 0.48650
v 0.24550 0.15800 0.48850
v 0.23750 0.15800 0.49250
v 0.12450 0.15800 0.49450
v 0.11550 0.15800 0.49650
v -0.22750 0.15800 0.49650
v -0.10650 0.15800 0.49850
v 0.21450 0.15800 0.50050
v -0.09850 0.15800 0.50050
v -0.21950 0.15800 0.50050
v 0.21250 0.15800 0.50150
v 0.21550 0.15800 0.50250
v 0.21350 0.15800 0.50350
v 0.06950 0.15800 0.50450
v 0.06050 0.15800 0.50550
v -0.04250 0.15800 0.50750
v -0.05150 0.15800 0.50750
v -0.19650 0.15800 0.50750
v -0.19450 0.15800 0.50850
v 0.01350 0.15800 0.50950
v 0.00450 0.15800 0.50950
v -0.19750 0.15800 0.50950
v -0.19550 0.15800 0.51050
v 0.19050 0.15800 0.51250
v 0.18250 0.15800 0.51550
v -0.17250 0.15800 0.51850
v 0.15850 0.15800 0.52050
v 0.15650 0.15800 0.52150
v -0.16350 0.15800 0.52150
v 0.15850 0.15800 0.52350
v 0.15650 0.15800 0.52350
v -0.13750 0.15800 0.52650
v -0.13950 0.15800 0.52650
v -0.13950 0.15800 0.52850
v -0.13750 0.15800 0.52950
v 0.13350 0.15800 0.53050
v 0.12450 0.15800 0.53250
v -0.11450 0.15800 0.53450
v 0.10050 0.15800 0.53550
v 0.09750 0.15800 0.53550
v -0.10550 0.15800 0.53650
v 0.10050 0.15800 0.53750
v 0.09850 0.15800 0.53750
v -0.07850 0.15800 0.53850
v -0.08050 0.15800 0.53850
v -0.07850 0.15800 0.54050
v -0.08150 0.15800 0.54050
v 0.07450 0.15800 0.54150
v 0.06550 0.15800 0.54250
v 0.04050 0.15800 0.54250
v 0.03850 0.15800 0.54350
v -0.05450 0.15800 0.54350
v -0.01950 0.15800 0.54450
v -0.02150 0.15800 0.54450
v -0.04550 0.15800 0.54450
v 0.04050 0.15800 0.54550
v 0.03850 0.15800 0.54550
v 0.01450 0.15800 0.54650
v 0.00550 0.15800 0.54650
v -0.01950 0.15800 0.54650
v -0.02150 0.15800 0.54650
v -0.69650 0.15000 0.31050
v -0.69750 0.15000 0.31450
v -0.63250 0.14900 0.41050
v -0.52750 0.14500 0.42850
v 0.52050 0.14400 0.42750
v 0.43050 0.14300 0.52050
v -0.43750 0.14300 0.52050
v -0.69150 0.14100 0.31750
v 0.49650 0.14100 0.45450
v 0.41850 0.14000 0.53950
v -0.63950 0.13800 -0.16350
v -0.63650 0.13800 -0.16050
v 0.64450 0.13800 -0.13550
v -0.63350 0.13800 0.40650
v 0.63250 0.13500 -0.09550
v 0.00050 0.13100 -0.05950
v -0.01850 0.13100 -0.05650
v 0.03550 0.13100 -0.04750
v -0.03450 0.13100 -0.04750
v 0.04850 0.13100 -0.03450
v 0.05650 0.13100 -0.01850
v -0.05850 0.13100 -0.00950
v 0.00050 0.13100 -0.00350
v -0.00050 0.13100 -0.00350
v 0.00250 0.13100 -0.00250
v -0.00150 0.13100 -0.00250
v 0.00350 0.13100 -0.00150
v 0.00350 0.13100 -0.00050
v -0.00350 0.13100 -0.00050
v 0.05950 0.13100 0.00050
v 0.00350 0.13100 0.00050
v -0.00350 0.13100 0.00050
v 0.00350 0.13100 0.00150
v -0.00350 0.13100 0.00150
v -0.00250 0.13100 0.00250
v 0.00150 0.13100 0.00350
v 0.00050 0.13100 0.00350
v -0.00050 0.13100 0.00350
v -0.00150 0.13100 0.00350
v -0.05850 0.13100 0.00950
v 0.05650 0.13100 0.01850
v -0.05250 0.13100 0.02750
v -0.04150 0.13100 0.04250
v 0.02750 0.13100 0.05350
v -0.02650 0.13100 0.05350
v 0.00950 0.13100 0.05850
v -0.00950 0.13100 0.05850
v -0.53150 0.13100 0.41950
v -0.53350 0.13100 0.42450
v -0.53250 0.13100 0.42550
v -0.52850 0.13100 0.42850
v -0.49750 0.13100 0.45450
v 0.48950 0.13000 0.45550
v 0.48550 0.13000 0.45550
v -0.49250 0.13000 0.45550
v 0.48750 0.13000 0.45950
v 0.48550 0.13000 0.45950
v -0.49250 0.13000 0.45950
v -0.49450 0.13000 0.45950
v 0.48850 0.13000 0.46150
v 0.48450 0.13000 0.47250
v -0.49150 0.13000 0.47250
v 0.48650 0.13000 0.47450
v 0.43150 0.13000 0.52050
v -0.43850 0.13000 0.52050
v 0.43250 0.13000 0.52150
v -0.43950 0.13000 0.52150
v 0.52350 0.12900 0.42750
v 0.43050 0.12900 0.51950
v -0.43750 0.12900 0.51950
v -0.69750 0.12800 -0.09650
v -0.64550 0.12400 -0.05750
v 0.59350 0.12300 0.40450
v -0.59750 0.12300 0.41350
v -0.69950 0.11900 0.31450
v -0.63750 0.11900 0.40850
v -0.50650 0.11900 0.45650
v -0.63050 0.11800 0.28550
v -0.53450 0.11700 0.42550
v -0.53150 0.11600 0.42650
v 0.43150 0.11600 0.52050
v -0.43850 0.11600 0.52050
v -0.63850 0.11400 0.28250
v -0.63950 0.11400 0.28450
v -0.64150 0.11400 0.28650
v -0.63950 0.11100 -0.16350
v 0.63250 0.11100 -0.09450
v 0.01150 0.11000 -0.54650
v -0.01350 0.11000 -0.54650
v -0.01550 0.11000 -0.54650
v 0.02050 0.11000 -0.54550
v 0.04650 0.11000 -0.54450
v 0.04450 0.11000 -0.54450
v -0.03950 0.11000 -0.54450
v -0.04850 0.11000 -0.54450
v -0.01350 0.11000 -0.54350
v -0.01550 0.11000 -0.54350
v 0.04450 0.11000 -0.54250
v 0.07150 0.11000 -0.54150
v 0.04650 0.11000 -0.54150
v -0.07350 0.11000 -0.54150
v 0.08050 0.11000 -0.54050
v -0.07550 0.11000 -0.54050
v -0.07250 0.11000 -0.53950
v -0.07550 0.11000 -0.53850
v -0.09950 0.11000 -0.53750
v 0.10450 0.11000 -0.53650
v 0.10650 0.11000 -0.53550
v -0.10850 0.11000 -0.53550
v 0.10550 0.11000 -0.53350
v 0.10350 0.11000 -0.53350
v 0.13050 0.11000 -0.53050
v -0.13250 0.11000 -0.52950
v -0.13450 0.11000 -0.52950
v 0.13850 0.11000 -0.52850
v -0.13150 0.11000 -0.52750
v -0.13350 0.11000 -0.52750
v -0.15750 0.11000 -0.52250
v 0.16250 0.11000 -0.52150
v 0.16450 0.11000 -0.52050
v -0.16650 0.11000 -0.52050
v 0.16150 0.11000 -0.51950
v 0.16350 0.11000 -0.51850
v 0.18750 0.11000 -0.51350
v -0.18950 0.11000 -0.51250
v -0.19150 0.11000 -0.51150
v -0.18850 0.11000 -0.51050
v 0.19650 0.11000 -0.50950
v -0.19050 0.11000 -0.50950
v 0.01850 0.11000 -0.50850
v 0.01050 0.11000 -0.50850
v -0.03750 0.11000 -0.50750
v -0.04550 0.11000 -0.50750
v 0.06650 0.11000 -0.50450
v 0.07450 0.11000 -0.50350
v -0.21450 0.11000 -0.50250
v 0.21850 0.11000 -0.50050
v -0.09250 0.11000 -0.50050
v 0.22050 0.11000 -0.49950
v 0.21750 0.11000 -0.49850
v -0.10050 0.11000 -0.49850
v -0.22250 0.11000 -0.49850
v 0.21950 0.11000 -0.49750
v 0.12150 0.11000 -0.49450
v 0.12950 0.11000 -0.49250
v 0.24250 0.11000 -0.48950
v -0.24450 0.11000 -0.48850
v -0.14750 0.11000 -0.48750
v -0.24650 0.11000 -0.48750
v -0.24350 0.11000 -0.48650
v 0.25050 0.11000 -0.48550
v -0.24550 0.11000 -0.48550
v -0.15550 0.11000 -0.48450
v 0.17450 0.11000 -0.47850
v 0.18250 0.11000 -0.47550
v -0.26850 0.11000 -0.47550
v 0.27250 0.11000 -0.47350
v 0.27450 0.11000 -0.47250
v 0.27150 0.11000 -0.47150
v -0.27650 0.11000 -0.47150
v 0.27350 0.11000 -0.47050
v -0.19950 0.11000 -0.46850
v -0.20750 0.11000 -0.46450
v 0.29550 0.11000 -0.45950
v -0.29650 0.11000 -0.45850
v -0.29850 0.11000 -0.45750
v 0.22650 0.11000 -0.45650
v -0.29550 0.11000 -0.45650
v -0.29750 0.11000 -0.45550
v 0.30250 0.11000 -0.45450
v 0.23350 0.11000 -0.45250
v -0.24950 0.11000 -0.44350
v -0.31850 0.11000 -0.44350
v 0.32250 0.11000 -0.44050
v 0.32450 0.11000 -0.43950
v -0.25750 0.11000 -0.43950
v 0.32150 0.11000 -0.43850
v -0.32650 0.11000 -0.43850
v 0.32350 0.11000 -0.43750
v 0.27550 0.11000 -0.42850
v 0.34350 0.11000 -0.42450
v 0.28250 0.11000 -0.42350
v -0.34550 0.11000 -0.42350
v -0.34350 0.11000 -0.42150
v -0.34750 0.11000 -0.42150
v -0.34550 0.11000 -0.42050
v 0.35050 0.11000 -0.41850
v -0.29750 0.11000 -0.41350
v -0.30350 0.11000 -0.40850
v -0.36550 0.11000 -0.40550
v 0.36950 0.11000 -0.40250
v 0.37050 0.11000 -0.40150
v 0.36750 0.11000 -0.40150
v 0.36950 0.11000 -0.39950
v -0.37250 0.11000 -0.39950
v 0.32050 0.11000 -0.39550
v 0.32650 0.11000 -0.39050
v 0.38850 0.11000 -0.38450
v -0.38950 0.11000 -0.38250
v -0.38850 0.11000 -0.38150
v -0.39150 0.11000 -0.38150
v -0.38950 0.11000 -0.37950
v -0.34050 0.11000 -0.37850
v 0.39450 0.11000 -0.37750
v -0.34750 0.11000 -0.37250
v -0.40750 0.11000 -0.36350
v 0.41150 0.11000 -0.35950
v 0.41250 0.11000 -0.35850
v 0.40950 0.11000 -0.35850
v 0.36150 0.11000 -0.35850
v 0.41050 0.11000 -0.35650
v -0.41350 0.11000 -0.35650
v 0.36750 0.11000 -0.35250
v 0.42850 0.11000 -0.33950
v -0.38050 0.11000 -0.33850
v -0.42950 0.11000 -0.33750
v -0.42750 0.11000 -0.33650
v -0.43050 0.11000 -0.33550
v -0.42950 0.11000 -0.33450
v 0.43350 0.11000 -0.33250
v -0.38550 0.11000 -0.33250
v 0.39950 0.11000 -0.31650
v -0.44550 0.11000 -0.31650
v 0.44850 0.11000 -0.31250
v 0.44650 0.11000 -0.31150
v 0.44950 0.11000 -0.31050
v 0.44750 0.11000 -0.30950
v 0.40450 0.11000 -0.30950
v -0.45050 0.11000 -0.30850
v -0.41550 0.11000 -0.29450
v 0.46250 0.11000 -0.29050
v -0.46350 0.11000 -0.28850
v -0.41950 0.11000 -0.28750
v -0.46250 0.11000 -0.28750
v -0.46550 0.11000 -0.28650
v -0.46350 0.11000 -0.28550
v 0.46750 0.11000 -0.28250
v 0.43150 0.11000 -0.27050
v -0.47750 0.11000 -0.26550
v 0.43550 0.11000 -0.26350
v 0.47950 0.11000 -0.26150
v 0.47750 0.11000 -0.26050
v 0.48050 0.11000 -0.25950
v 0.47850 0.11000 -0.25850
v -0.48150 0.11000 -0.25750
v -0.44550 0.11000 -0.24750
v -0.44950 0.11000 -0.23950
v 0.49250 0.11000 -0.23750
v -0.49250 0.11000 -0.23550
v -0.49050 0.11000 -0.23450
v -0.49350 0.11000 -0.23350
v -0.49150 0.11000 -0.23250
v 0.49550 0.11000 -0.22950
v 0.45850 0.11000 -0.22150
v 0.46250 0.11000 -0.21350
v -0.50350 0.11000 -0.21150
v 0.50550 0.11000 -0.20750
v 0.50350 0.11000 -0.20650
v 0.50650 0.11000 -0.20550
v 0.50450 0.11000 -0.20450
v -0.50750 0.11000 -0.20350
v -0.46950 0.11000 -0.19650
v -0.47250 0.11000 -0.18950
v 0.51550 0.11000 -0.18250
v -0.51550 0.11000 -0.18050
v -0.51350 0.11000 -0.17950
v -0.51650 0.11000 -0.17850
v -0.51450 0.11000 -0.17750
v 0.51850 0.11000 -0.17350
v 0.48050 0.11000 -0.16950
v 0.48250 0.11000 -0.16150
v -0.52350 0.11000 -0.15450
v 0.52550 0.11000 -0.15050
v 0.52350 0.11000 -0.14950
v 0.52550 0.11000 -0.14850
v 0.52350 0.11000 -0.14750
v -0.52650 0.11000 -0.14650
v -0.48850 0.11000 -0.14450
v -0.49050 0.11000 -0.13650
v 0.53250 0.11000 -0.12450
v -0.53250 0.11000 -0.12250
v -0.53050 0.11000 -0.12150
v -0.53250 0.11000 -0.12050
v -0.53050 0.11000 -0.11950
v 0.49550 0.11000 -0.11650
v 0.53450 0.11000 -0.11550
v 0.49750 0.11000 -0.10750
v -0.53750 0.11000 -0.09650
v 0.53850 0.11000 -0.09150
v 0.53650 0.11000 -0.09150
v 0.53950 0.11000 -0.08950
v 0.53650 0.11000 -0.08950
v -0.50150 0.11000 -0.08950
v -0.53950 0.11000 -0.08750
v -0.50250 0.11000 -0.08150
v 0.54250 0.11000 -0.06550
v -0.54250 0.11000 -0.06350
v -0.54050 0.11000 -0.06250
v -0.54250 0.11000 -0.06150
v 0.50550 0.11000 -0.06050
v -0.54050 0.11000 -0.06050
v 0.54350 0.11000 -0.05650
v 0.50650 0.11000 -0.05250
v -0.54550 0.11000 -0.03650
v -0.50850 0.11000 -0.03450
v 0.54550 0.11000 -0.03250
v 0.54350 0.11000 -0.03150
v 0.54550 0.11000 -0.02950
v 0.54350 0.11000 -0.02950
v -0.54550 0.11000 -0.02750
v -0.50850 0.11000 -0.02550
v 0.54650 0.11000 -0.00550
v 0.50950 0.11000 -0.00550
v -0.54450 0.11000 -0.00350
v -0.54650 0.11000 -0.00350
v -0.54450 0.11000 -0.00150
v -0.54650 0.11000 -0.00150
v 0.54650 0.11000 0.00350
v 0.50950 0.11000 0.00350
v -0.50850 0.11000 0.02150
v -0.54550 0.11000 0.02350
v 0.54550 0.11000 0.02750
v 0.54350 0.11000 0.02750
v 0.54550 0.11000 0.03050
v 0.54350 0.11000 0.03050
v -0.50850 0.11000 0.03450
v -0.54550 0.11000 0.03650
v 0.50650 0.11000 0.05050
v 0.54350 0.11000 0.05450
v 0.50550 0.11000 0.05950
v -0.54050 0.11000 0.06050
v -0.54250 0.11000 0.06150
v 0.54250 0.11000 0.06350
v -0.54050 0.11000 0.06350
v -0.54250 0.11000 0.06350
v -0.50250 0.11000 0.08150
v 0.53950 0.11000 0.08750
v 0.53750 0.11000 0.08750
v -0.53950 0.11000 0.08750
v 0.53950 0.11000 0.08950
v 0.53650 0.11000 0.08950
v -0.50150 0.11000 0.08950
v -0.53750 0.11000 0.09650
v 0.49850 0.11000 0.10650
v 0.53450 0.11000 0.11350
v 0.49650 0.11000 0.11450
v -0.53050 0.11000 0.11950
v -0.53350 0.11000 0.12050
v -0.53050 0.11000 0.12150
v 0.53250 0.11000 0.12250
v -0.53250 0.11000 0.12250
v -0.49050 0.11000 0.13650
v -0.48850 0.11000 0.14450
v 0.52450 0.11000 0.14550
v 0.52650 0.11000 0.14650
v -0.52650 0.11000 0.14650
v 0.52350 0.11000 0.14750
v 0.52650 0.11000 0.14850
v -0.52450 0.11000 0.15450
v 0.48350 0.11000 0.16050
v 0.48050 0.11000 0.17050
v 0.51850 0.11000 0.17150
v -0.51450 0.11000 0.17750
v -0.51650 0.11000 0.17850
v -0.51350 0.11000 0.17950
v -0.51550 0.11000 0.18050
v 0.51550 0.11000 0.18350
v -0.47250 0.11000 0.18950
v -0.46950 0.11000 0.19750
v -0.50750 0.11000 0.20350
v 0.50650 0.11000 0.20550
v 0.50450 0.11000 0.20550
v 0.50350 0.11000 0.20750
v 0.50550 0.11000 0.20850
v -0.50350 0.11000 0.21150
v 0.46250 0.11000 0.21450
v 0.45850 0.11000 0.22250
v 0.49550 0.11000 0.23050
v -0.49150 0.11000 0.23250
v -0.49350 0.11000 0.23350
v -0.49050 0.11000 0.23450
v -0.49350 0.11000 0.23550
v 0.49150 0.11000 0.23850
v -0.44950 0.11000 0.24050
v -0.44550 0.11000 0.24750
v -0.48250 0.11000 0.25750
v 0.47850 0.11000 0.25950
v 0.48050 0.11000 0.26050
v 0.47750 0.11000 0.26150
v 0.47950 0.11000 0.26250
v 0.43550 0.11000 0.26450
v -0.47750 0.11000 0.26550
v 0.43150 0.11000 0.27150
v 0.46750 0.11000 0.28350
v -0.46350 0.11000 0.28550
v -0.46550 0.11000 0.28650
v -0.42050 0.11000 0.28750
v -0.46250 0.11000 0.28750
v -0.46450 0.11000 0.28850
v 0.46250 0.11000 0.29150
v -0.41550 0.11000 0.29450
v -0.45050 0.11000 0.30850
v 0.44750 0.11000 0.31050
v 0.40450 0.11000 0.31050
v 0.44950 0.11000 0.31150
v 0.44650 0.11000 0.31250
v 0.44750 0.11000 0.31350
v -0.44550 0.11000 0.31650
v 0.39850 0.11000 0.31750
v -0.38650 0.11000 0.33250
v 0.43350 0.11000 0.33350
v -0.42950 0.11000 0.33450
v -0.43150 0.11000 0.33550
v -0.42750 0.11000 0.33650
v -0.42950 0.11000 0.33750
v -0.38050 0.11000 0.33850
v 0.42750 0.11000 0.34050
v 0.36750 0.11000 0.35250
v -0.41450 0.11000 0.35650
v 0.41050 0.11000 0.35750
v 0.41250 0.11000 0.35850
v 0.36150 0.11000 0.35850
v 0.40950 0.11000 0.35950
v 0.41050 0.11000 0.36050
v -0.40850 0.11000 0.36350
v -0.34750 0.11000 0.37250
v 0.39450 0.11000 0.37850
v -0.34150 0.11000 0.37850
v -0.39050 0.11000 0.37950
v -0.38850 0.11000 0.38150
v -0.39150 0.11000 0.38150
v -0.39050 0.11000 0.38250
v 0.38850 0.11000 0.38550
v 0.32650 0.11000 0.39150
v 0.32050 0.11000 0.39650
v -0.37250 0.11000 0.39950
v 0.36850 0.11000 0.40050
v 0.36750 0.11000 0.40150
v 0.37050 0.11000 0.40250
v 0.36850 0.11000 0.40350
v -0.36550 0.11000 0.40650
v -0.30450 0.11000 0.40850
v -0.29750 0.11000 0.41350
v 0.35050 0.11000 0.41950
v -0.34550 0.11000 0.42050
v -0.34450 0.11000 0.42150
v -0.34750 0.11000 0.42150
v -0.34550 0.11000 0.42350
v 0.28150 0.11000 0.42450
v 0.34350 0.11000 0.42550
v 0.27450 0.11000 0.42950
v 0.32250 0.11000 0.43850
v -0.32650 0.11000 0.43850
v 0.32150 0.11000 0.43950
v -0.25750 0.11000 0.43950
v 0.32450 0.11000 0.44050
v 0.32250 0.11000 0.44150
v -0.25050 0.11000 0.44350
v -0.31950 0.11000 0.44350
v 0.23350 0.11000 0.45250
v 0.30250 0.11000 0.45550
v -0.29750 0.11000 0.45550
v 0.22550 0.11000 0.45650
v -0.29550 0.11000 0.45650
v -0.29950 0.11000 0.45750
v -0.29750 0.11000 0.45850
v 0.29450 0.11000 0.46050
v -0.20750 0.11000 0.46550
v -0.20050 0.11000 0.46850
v 0.27250 0.11000 0.47150
v -0.27650 0.11000 0.47150
v 0.27050 0.11000 0.47250
v 0.27350 0.11000 0.47350
v 0.27150 0.11000 0.47450
v 0.18250 0.11000 0.47550
v -0.26850 0.11000 0.47650
v 0.17450 0.11000 0.47850
v 0.25050 0.11000 0.48550
v -0.15550 0.11000 0.48550
v -0.24650 0.11000 0.48550
v -0.24450 0.11000 0.48650
v -0.14750 0.11000 0.48750
v -0.24750 0.11000 0.48750
v -0.24550 0.11000 0.48850
v 0.24250 0.11000 0.49050
v 0.12950 0.11000 0.49250
v 0.12050 0.11000 0.49550
v 0.21950 0.11000 0.49850
v 0.21750 0.11000 0.49950
v -0.10150 0.11000 0.49950
v -0.22250 0.11000 0.49950
v 0.22050 0.11000 0.50050
v -0.09350 0.11000 0.50050
v 0.21850 0.11000 0.50150
v -0.21450 0.11000 0.50250
v 0.07450 0.11000 0.50450
v 0.06550 0.11000 0.50550
v -0.04550 0.11000 0.50750
v -0.03750 0.11000 0.50850
v 0.01850 0.11000 0.50950
v 0.01050 0.11000 0.50950
v -0.19150 0.11000 0.50950
v 0.19550 0.11000 0.51050
v -0.18950 0.11000 0.51050
v -0.19250 0.11000 0.51150
v -0.18950 0.11000 0.51250
v 0.18750 0.11000 0.51350
v 0.16350 0.11000 0.51950
v 0.16150 0.11000 0.52050
v -0.16650 0.11000 0.52050
v 0.16450 0.11000 0.52150
v 0.16150 0.11000 0.52250
v -0.15850 0.11000 0.52350
v -0.13450 0.11000 0.52750
v 0.13850 0.11000 0.52850
v -0.13250 0.11000 0.52850
v -0.13450 0.11000 0.52950
v -0.13250 0.11000 0.53050
v 0.12950 0.11000 0.53150
v 0.10550 0.11000 0.53450
v 0.10350 0.11000 0.53450
v -0.10850 0.11000 0.53550
v 0.10550 0.11000 0.53650
v 0.10350 0.11000 0.53650
v -0.09950 0.11000 0.53750
v -0.07350 0.11000 0.53950
v -0.07550 0.11000 0.53950
v 0.07950 0.11000 0.54050
v -0.07350 0.11000 0.54150
v -0.07550 0.11000 0.54150
v 0.07050 0.11000 0.54250
v 0.04650 0.11000 0.54250
v 0.04350 0.11000 0.54250
v 0.04650 0.11000 0.54450
v 0.04450 0.11000 0.54450
v -0.01350 0.11000 0.54450
v -0.01550 0.11000 0.54450
v -0.04950 0.11000 0.54450
v -0.04050 0.11000 0.54550
v 0.01950 0.11000 0.54650
v 0.01050 0.11000 0.54650
v -0.01350 0.11000 0.54650
v -0.01550 0.11000 0.54650
v 0.30250 0.10700 0.60250
v -0.30950 0.10700 0.60250
v -0.69850 0.10300 -0.09650
v -0.69950 0.10300 0.31250
v -0.70050 0.10300 0.31450
v -0.70050 0.10300 0.31650
v -0.63750 0.10300 0.40850
v 0.00050 0.10200 -0.53550
v 0.05650 0.10200 -0.53250
v -0.05550 0.10200 -0.53250
v 0.11150 0.10200 -0.52450
v -0.11150 0.10200 -0.52450
v 0.00050 0.10200 -0.51350
v 0.05350 0.10200 -0.51050
v -0.05350 0.10200 -0.51050
v 0.16550 0.10200 -0.50950
v -0.16550 0.10200 -0.50950
v 0.10650 0.10200 -0.50250
v -0.10650 0.10200 -0.50250
v 0.21850 0.10200 -0.48950
v -0.21750 0.10200 -0.48950
v 0.15850 0.10200 -0.48850
v -0.15850 0.10200 -0.48850
v 0.20950 0.10200 -0.46950
v -0.20850 0.10200 -0.46950
v 0.26850 0.10200 -0.46350
v -0.26750 0.10200 -0.46350
v 0.25750 0.10200 -0.44450
v -0.25650 0.10200 -0.44450
v 0.31550 0.10200 -0.43350
v -0.31450 0.10200 -0.43350
v 0.30250 0.10200 -0.41550
v -0.30150 0.10200 -0.41550
v 0.35850 0.10200 -0.39850
v -0.35850 0.10200 -0.39850
v 0.34350 0.10200 -0.38150
v -0.34350 0.10200 -0.38150
v 0.39850 0.10200 -0.35850
v -0.39850 0.10200 -0.35850
v 0.38150 0.10200 -0.34350
v -0.38150 0.10200 -0.34350
v 0.43350 0.10200 -0.31450
v -0.43350 0.10200 -0.31450
v 0.41550 0.10200 -0.30150
v -0.41550 0.10200 -0.30150
v 0.46450 0.10200 -0.26750
v -0.46450 0.10200 -0.26750
v 0.44550 0.10200 -0.25650
v -0.44450 0.10200 -0.25650
v 0.48950 0.10200 -0.21750
v -0.48950 0.10200 -0.21750
v 0.46950 0.10200 -0.20850
v -0.46950 0.10200 -0.20850
v 0.50950 0.10200 -0.16550
v -0.50950 0.10200 -0.16550
v 0.48850 0.10200 -0.15850
v -0.48850 0.10200 -0.15850
v 0.52450 0.10200 -0.11150
v -0.52450 0.10200 -0.11150
v 0.50250 0.10200 -0.10650
v -0.50250 0.10200 -0.10650
v 0.05250 0.10200 -0.10150
v 0.02450 0.10200 -0.09950
v -0.02350 0.10200 -0.09950
v 0.02950 0.10200 -0.09850
v -0.02950 0.10200 -0.09850
v -0.69550 0.10200 -0.07550
v 0.07050 0.10200 -0.07450
v -0.07050 0.10200 -0.07450
v 0.07450 0.10200 -0.07050
v -0.07450 0.10200 -0.07050
v 0.53350 0.10200 -0.05550
v -0.53350 0.10200 -0.05550
v 0.51150 0.10200 -0.05350
v -0.51150 0.10200 -0.05350
v -0.10150 0.10200 -0.05150
v 0.09850 0.10200 -0.02850
v -0.09850 0.10200 -0.02850
v 0.10050 0.10200 -0.02350
v -0.09950 0.10200 -0.02350
v 0.11450 0.10200 -0.00550
v 0.53650 0.10200 0.00050
v 0.51350 0.10200 0.00050
v -0.51350 0.10200 0.00050
v -0.53550 0.10200 0.00050
v 0.11450 0.10200 0.00650
v 0.10050 0.10200 0.02450
v -0.09950 0.10200 0.02450
v 0.09850 0.10200 0.02950
v -0.09850 0.10200 0.02950
v -0.10150 0.10200 0.05250
v 0.51150 0.10200 0.05350
v -0.51150 0.10200 0.05350
v 0.53350 0.10200 0.05650
v -0.53350 0.10200 0.05650
v 0.07450 0.10200 0.07050
v -0.07450 0.10200 0.07050
v 0.07050 0.10200 0.07450
v -0.07050 0.10200 0.07450
v 0.02950 0.10200 0.09850
v -0.02950 0.10200 0.09850
v 0.02450 0.10200 0.10050
v -0.02350 0.10200 0.10050
v 0.50250 0.10200 0.10750
v -0.50250 0.10200 0.10750
v 0.52450 0.10200 0.11150
v -0.52450 0.10200 0.11150
v 0.48850 0.10200 0.15950
v -0.48850 0.10200 0.15950
v 0.50950 0.10200 0.16550
v -0.50950 0.10200 0.16550
v 0.46950 0.10200 0.20950
v -0.46950 0.10200 0.20950
v 0.48950 0.10200 0.21850
v -0.48950 0.10200 0.21850
v 0.44550 0.10200 0.25750
v -0.44450 0.10200 0.25750
v 0.46450 0.10200 0.26850
v -0.46450 0.10200 0.26850
v 0.41550 0.10200 0.30250
v -0.41550 0.10200 0.30250
v 0.43350 0.10200 0.31550
v -0.43350 0.10200 0.31550
v 0.38150 0.10200 0.34450
v -0.38150 0.10200 0.34450
v 0.39850 0.10200 0.35850
v -0.39850 0.10200 0.35850
v 0.34350 0.10200 0.38250
v -0.34350 0.10200 0.38250
v 0.35850 0.10200 0.39850
v -0.35850 0.10200 0.39850
v 0.30250 0.10200 0.41650
v -0.30150 0.10200 0.41650
v 0.31550 0.10200 0.43350
v -0.31450 0.10200 0.43350
v 0.25750 0.10200 0.44550
v -0.25650 0.10200 0.44550
v 0.26850 0.10200 0.46450
v -0.26750 0.10200 0.46450
v 0.20950 0.10200 0.46950
v -0.20850 0.10200 0.46950
v 0.21850 0.10200 0.48950
v 0.15850 0.10200 0.48950
v -0.15850 0.10200 0.48950
v -0.21750 0.10200 0.48950
v 0.10650 0.10200 0.50250
v -0.10650 0.10200 0.50250
v 0.16550 0.10200 0.51050
v -0.16550 0.10200 0.51050
v 0.05350 0.10200 0.51150
v -0.05350 0.10200 0.51150
v 0.00050 0.10200 0.51450
v 0.11150 0.10200 0.52450
v -0.11150 0.10200 0.52450
v 0.05650 0.10200 0.53350
v -0.05550 0.10200 0.53350
v 0.00050 0.10200 0.53650
v -0.00250 0.10100 -0.54650
v -0.00450 0.10100 -0.54650
v 0.03150 0.10100 -0.54550
v 0.02250 0.10100 -0.54550
v -0.02850 0.10100 -0.54550
v -0.03750 0.10100 -0.54450
v 0.05750 0.10100 -0.54350
v 0.05550 0.10100 -0.54350
v -0.00250 0.10100 -0.54350
v -0.00450 0.10100 -0.54350
v -0.06250 0.10100 -0.54250
v -0.06450 0.10100 -0.54250
v 0.05550 0.10100 -0.54150
v 0.08150 0.10100 -0.54050
v 0.05750 0.10100 -0.54050
v -0.06250 0.10100 -0.54050
v -0.06450 0.10100 -0.54050
v 0.09050 0.10100 -0.53850
v -0.08850 0.10100 -0.53850
v -0.09750 0.10100 -0.53750
v 0.11450 0.10100 -0.53450
v 0.11650 0.10100 -0.53350
v -0.12150 0.10100 -0.53250
v -0.12350 0.10100 -0.53250
v 0.11650 0.10100 -0.53150
v 0.11450 0.10100 -0.53150
v -0.12150 0.10100 -0.53050
v -0.12350 0.10100 -0.52950
v 0.14050 0.10100 -0.52750
v 0.14950 0.10100 -0.52550
v -0.14750 0.10100 -0.52550
v -0.15650 0.10100 -0.52350
v 0.17250 0.10100 -0.51850
v 0.17450 0.10100 -0.51750
v 0.17250 0.10100 -0.51650
v 0.17450 0.10100 -0.51550
v -0.17950 0.10100 -0.51550
v -0.18150 0.10100 -0.51550
v -0.17850 0.10100 -0.51350
v -0.18050 0.10100 -0.51350
v 0.02050 0.10100 -0.51150
v 0.02950 0.10100 -0.51050
v -0.02750 0.10100 -0.51050
v -0.03550 0.10100 -0.51050
v 0.19750 0.10100 -0.50950
v -0.20450 0.10100 -0.50650
v 0.20650 0.10100 -0.50550
v 0.07650 0.10100 -0.50550
v 0.08550 0.10100 -0.50450
v -0.08350 0.10100 -0.50450
v -0.09150 0.10100 -0.50350
v -0.21250 0.10100 -0.50350
v 0.22850 0.10100 -0.49650
v 0.23050 0.10100 -0.49550
v 0.22750 0.10100 -0.49450
v 0.13150 0.10100 -0.49450
v 0.22950 0.10100 -0.49350
v -0.23450 0.10100 -0.49350
v -0.13750 0.10100 -0.49250
v -0.23650 0.10100 -0.49250
v 0.13950 0.10100 -0.49150
v -0.23350 0.10100 -0.49150
v -0.14650 0.10100 -0.49050
v -0.23550 0.10100 -0.49050
v 0.25250 0.10100 -0.48450
v -0.25850 0.10100 -0.48150
v 0.26050 0.10100 -0.48050
v 0.18550 0.10100 -0.47650
v -0.26650 0.10100 -0.47650
v -0.19150 0.10100 -0.47450
v 0.19350 0.10100 -0.47350
v -0.19950 0.10100 -0.47150
v 0.28150 0.10100 -0.46850
v 0.28350 0.10100 -0.46650
v 0.28050 0.10100 -0.46650
v 0.28250 0.10100 -0.46450
v -0.28750 0.10100 -0.46450
v -0.28950 0.10100 -0.46350
v -0.28650 0.10100 -0.46250
v -0.28850 0.10100 -0.46150
v 0.30450 0.10100 -0.45350
v 0.23650 0.10100 -0.45350
v -0.24250 0.10100 -0.45050
v 0.24350 0.10100 -0.44950
v -0.30950 0.10100 -0.44950
v 0.31150 0.10100 -0.44850
v -0.24950 0.10100 -0.44650
v -0.31750 0.10100 -0.44450
v 0.33150 0.10100 -0.43450
v 0.33350 0.10100 -0.43250
v 0.33050 0.10100 -0.43250
v 0.33150 0.10100 -0.43150
v -0.33650 0.10100 -0.42950
v -0.33550 0.10100 -0.42850
v -0.33850 0.10100 -0.42850
v -0.33750 0.10100 -0.42650
v 0.28450 0.10100 -0.42450
v -0.29050 0.10100 -0.42150
v 0.29150 0.10100 -0.42050
v 0.35250 0.10100 -0.41750
v -0.29750 0.10100 -0.41650
v -0.35750 0.10100 -0.41350
v 0.35950 0.10100 -0.41150
v -0.36450 0.10100 -0.40750
v 0.37750 0.10100 -0.39550
v 0.37850 0.10100 -0.39350
v 0.37550 0.10100 -0.39350
v 0.37750 0.10100 -0.39250
v 0.32950 0.10100 -0.39150
v -0.38250 0.10100 -0.39050
v -0.38050 0.10100 -0.38850
v -0.38350 0.10100 -0.38850
v -0.38250 0.10100 -0.38750
v -0.33450 0.10100 -0.38650
v 0.33650 0.10100 -0.38550
v -0.34150 0.10100 -0.38150
v 0.39550 0.10100 -0.37650
v -0.40050 0.10100 -0.37150
v 0.40250 0.10100 -0.36950
v -0.40650 0.10100 -0.36450
v 0.37050 0.10100 -0.35250
v 0.41850 0.10100 -0.35150
v 0.41650 0.10100 -0.35050
v 0.41950 0.10100 -0.34950
v 0.41750 0.10100 -0.34850
v -0.37550 0.10100 -0.34750
v 0.37650 0.10100 -0.34650
v -0.42250 0.10100 -0.34650
v -0.42050 0.10100 -0.34450
v -0.42450 0.10100 -0.34450
v -0.42250 0.10100 -0.34250
v -0.38050 0.10100 -0.34150
v 0.43450 0.10100 -0.33050
v -0.43950 0.10100 -0.32550
v 0.44050 0.10100 -0.32350
v -0.44450 0.10100 -0.31750
v 0.40750 0.10100 -0.30950
v -0.41150 0.10100 -0.30450
v 0.45450 0.10100 -0.30350
v 0.45250 0.10100 -0.30250
v 0.41250 0.10100 -0.30250
v 0.45550 0.10100 -0.30150
v 0.45350 0.10100 -0.30050
v -0.41650 0.10100 -0.29750
v -0.45850 0.10100 -0.29750
v -0.45650 0.10100 -0.29650
v -0.45950 0.10100 -0.29550
v -0.45750 0.10100 -0.29450
v 0.46850 0.10100 -0.28050
v -0.47250 0.10100 -0.27450
v 0.47350 0.10100 -0.27350
v -0.47650 0.10100 -0.26750
v 0.43850 0.10100 -0.26350
v -0.44250 0.10100 -0.25750
v 0.44350 0.10100 -0.25550
v 0.48450 0.10100 -0.25150
v 0.48250 0.10100 -0.25050
v -0.44650 0.10100 -0.25050
v 0.48550 0.10100 -0.24950
v 0.48350 0.10100 -0.24850
v -0.48850 0.10100 -0.24550
v -0.48650 0.10100 -0.24450
v -0.48950 0.10100 -0.24350
v -0.48650 0.10100 -0.24250
v 0.49650 0.10100 -0.22750
v -0.49950 0.10100 -0.22150
v 0.50050 0.10100 -0.21950
v 0.46550 0.10100 -0.21350
v -0.50350 0.10100 -0.21350
v -0.46750 0.10100 -0.20750
v 0.46850 0.10100 -0.20550
v -0.47150 0.10100 -0.19950
v 0.50950 0.10100 -0.19650
v 0.50750 0.10100 -0.19650
v 0.51050 0.10100 -0.19450
v 0.50850 0.10100 -0.19450
v -0.51250 0.10100 -0.19050
v -0.50950 0.10100 -0.18950
v -0.51250 0.10100 -0.18850
v -0.51050 0.10100 -0.18750
v 0.51850 0.10100 -0.17150
v -0.52050 0.10100 -0.16550
v 0.52150 0.10100 -0.16350
v 0.48550 0.10100 -0.16050
v -0.52350 0.10100 -0.15650
v -0.48750 0.10100 -0.15450
v 0.48850 0.10100 -0.15250
v -0.49050 0.10100 -0.14650
v 0.52850 0.10100 -0.13950
v 0.52650 0.10100 -0.13950
v 0.52850 0.10100 -0.13750
v 0.52650 0.10100 -0.13750
v -0.52950 0.10100 -0.13350
v -0.52750 0.10100 -0.13250
v -0.52850 0.10100 -0.13050
v -0.53050 0.10100 -0.13050
v 0.53450 0.10100 -0.11350
v -0.53550 0.10100 -0.10750
v 0.50050 0.10100 -0.10650
v 0.53650 0.10100 -0.10550
v -0.50150 0.10100 -0.10050
v 0.50250 0.10100 -0.09850
v -0.53750 0.10100 -0.09850
v -0.50350 0.10100 -0.09150
v 0.54050 0.10100 -0.08150
v 0.53850 0.10100 -0.08050
v 0.54050 0.10100 -0.07850
v 0.53850 0.10100 -0.07850
v -0.54150 0.10100 -0.07450
v -0.53950 0.10100 -0.07350
v -0.53950 0.10100 -0.07150
v -0.54150 0.10100 -0.07150
v 0.54350 0.10100 -0.05450
v 0.50950 0.10100 -0.05150
v -0.54450 0.10100 -0.04750
v 0.54450 0.10100 -0.04550
v -0.50950 0.10100 -0.04450
v 0.51050 0.10100 -0.04250
v -0.54550 0.10100 -0.03850
v -0.51050 0.10100 -0.03650
v 0.54650 0.10100 -0.02150
v 0.54350 0.10100 -0.02150
v 0.54650 0.10100 -0.01850
v 0.54350 0.10100 -0.01850
v -0.54350 0.10100 -0.01450
v -0.54650 0.10100 -0.01450
v -0.54350 0.10100 -0.01150
v -0.54650 0.10100 -0.01150
v 0.54650 0.10100 0.00550
v 0.51150 0.10100 0.00550
v -0.51150 0.10100 0.01150
v -0.54650 0.10100 0.01250
v 0.51150 0.10100 0.01350
v 0.54650 0.10100 0.01450
v -0.51150 0.10100 0.02250
v -0.54550 0.10100 0.02350
v 0.54550 0.10100 0.03850
v 0.54250 0.10100 0.03850
v 0.54250 0.10100 0.04050
v 0.54550 0.10100 0.04150
v -0.54250 0.10100 0.04850
v -0.54450 0.10100 0.04850
v -0.54150 0.10100 0.05050
v -0.54450 0.10100 0.05050
v 0.50850 0.10100 0.06150
v 0.54250 0.10100 0.06550
v 0.50750 0.10100 0.06950
v -0.50650 0.10100 0.07050
v 0.54150 0.10100 0.07450
v -0.54150 0.10100 0.07450
v -0.50550 0.10100 0.07850
v -0.53950 0.10100 0.08350
v 0.53750 0.10100 0.09850
v 0.53550 0.10100 0.09850
v 0.53750 0.10100 0.10050
v 0.53550 0.10100 0.10050
v -0.53350 0.10100 0.10750
v -0.53550 0.10100 0.10750
v -0.53350 0.10100 0.10950
v -0.53550 0.10100 0.10950
v 0.49850 0.10100 0.11650
v 0.53250 0.10100 0.12450
v 0.49650 0.10100 0.12450
v -0.49650 0.10100 0.12550
v 0.53050 0.10100 0.13350
v -0.49450 0.10100 0.13350
v -0.52950 0.10100 0.13350
v -0.52750 0.10100 0.14250
v 0.52350 0.10100 0.15650
v 0.52150 0.10100 0.15650
v 0.52050 0.10100 0.15850
v 0.52250 0.10100 0.15950
v -0.51850 0.10100 0.16550
v -0.52050 0.10100 0.16550
v -0.51750 0.10100 0.16750
v -0.51950 0.10100 0.16850
v 0.48250 0.10100 0.17050
v -0.47950 0.10100 0.17850
v 0.51550 0.10100 0.18250
v 0.47850 0.10100 0.18250
v -0.47650 0.10100 0.18650
v -0.51150 0.10100 0.19150
v 0.51050 0.10100 0.19550
v -0.50850 0.10100 0.19950
v 0.49950 0.10100 0.21650
v 0.50150 0.10100 0.21750
v 0.49850 0.10100 0.21850
v 0.50050 0.10100 0.21950
v -0.49750 0.10100 0.22150
v -0.49950 0.10100 0.22250
v -0.49650 0.10100 0.22350
v -0.49850 0.10100 0.22450
v 0.45950 0.10100 0.22650
v -0.45650 0.10100 0.23050
v 0.45550 0.10100 0.23450
v -0.45350 0.10100 0.23850
v 0.49050 0.10100 0.24150
v -0.48750 0.10100 0.24650
v 0.48650 0.10100 0.25050
v -0.48350 0.10100 0.25450
v 0.47250 0.10100 0.27050
v 0.47450 0.10100 0.27150
v 0.47150 0.10100 0.27250
v 0.47350 0.10100 0.27350
v -0.46950 0.10100 0.27450
v 0.43150 0.10100 0.27550
v -0.47150 0.10100 0.27550
v -0.46850 0.10100 0.27650
v -0.47050 0.10100 0.27750
v -0.42850 0.10100 0.27950
v 0.42650 0.10100 0.28250
v -0.42450 0.10100 0.28650
v 0.46050 0.10100 0.29450
v -0.45750 0.10100 0.29850
v 0.45550 0.10100 0.30150
v -0.45250 0.10100 0.30550
v 0.43950 0.10100 0.32050
v 0.44150 0.10100 0.32150
v 0.39850 0.10100 0.32150
v 0.43850 0.10100 0.32250
v 0.44050 0.10100 0.32350
v -0.39550 0.10100 0.32450
v -0.43750 0.10100 0.32450
v -0.43850 0.10100 0.32550
v -0.43550 0.10100 0.32650
v 0.39350 0.10100 0.32750
v -0.43750 0.10100 0.32750
v -0.39050 0.10100 0.33150
v 0.42550 0.10100 0.34350
v -0.42250 0.10100 0.34650
v 0.41950 0.10100 0.35050
v -0.41650 0.10100 0.35350
v 0.36050 0.10100 0.36350
v 0.40250 0.10100 0.36650
v -0.35750 0.10100 0.36650
v 0.40350 0.10100 0.36850
v 0.40050 0.10100 0.36850
v 0.35450 0.10100 0.36950
v 0.40250 0.10100 0.37050
v -0.39850 0.10100 0.37050
v -0.40050 0.10100 0.37150
v -0.35150 0.10100 0.37250
v -0.39750 0.10100 0.37250
v -0.39850 0.10100 0.37350
v 0.38550 0.10100 0.38750
v -0.38150 0.10100 0.39150
v 0.37850 0.10100 0.39450
v -0.37550 0.10100 0.39750
v 0.31850 0.10100 0.40050
v -0.31550 0.10100 0.40350
v 0.31250 0.10100 0.40550
v 0.35950 0.10100 0.40850
v -0.30850 0.10100 0.40850
v 0.36050 0.10100 0.41050
v 0.35750 0.10100 0.41050
v -0.35550 0.10100 0.41150
v 0.35950 0.10100 0.41250
v -0.35450 0.10100 0.41350
v -0.35750 0.10100 0.41350
v -0.35550 0.10100 0.41550
v 0.34050 0.10100 0.42750
v -0.33650 0.10100 0.43050
v 0.33350 0.10100 0.43350
v 0.27350 0.10100 0.43350
v -0.26950 0.10100 0.43550
v -0.32950 0.10100 0.43650
v 0.26550 0.10100 0.43750
v -0.26150 0.10100 0.43950
v 0.31250 0.10100 0.44550
v 0.31350 0.10100 0.44750
v 0.31050 0.10100 0.44750
v -0.30850 0.10100 0.44850
v 0.31150 0.10100 0.44950
v -0.30650 0.10100 0.44950
v -0.30950 0.10100 0.45050
v -0.30750 0.10100 0.45150
v 0.22350 0.10100 0.46050
v 0.29150 0.10100 0.46250
v -0.21950 0.10100 0.46250
v 0.21650 0.10100 0.46450
v -0.28750 0.10100 0.46450
v -0.21250 0.10100 0.46550
v 0.28350 0.10100 0.46750
v -0.27950 0.10100 0.46950
v 0.26150 0.10100 0.47750
v 0.25950 0.10100 0.47850
v 0.26250 0.10100 0.47950
v -0.25750 0.10100 0.47950
v 0.26050 0.10100 0.48050
v -0.25550 0.10100 0.48050
v -0.25850 0.10100 0.48150
v 0.17150 0.10100 0.48250
v -0.25650 0.10100 0.48250
v -0.16750 0.10100 0.48350
v 0.16350 0.10100 0.48550
v -0.15950 0.10100 0.48650
v 0.23950 0.10100 0.49150
v -0.23450 0.10100 0.49350
v 0.23050 0.10100 0.49550
v -0.22650 0.10100 0.49750
v 0.11850 0.10100 0.49850
v -0.11350 0.10100 0.49950
v 0.10950 0.10100 0.50050
v -0.10550 0.10100 0.50150
v 0.20750 0.10100 0.50350
v 0.20550 0.10100 0.50450
v 0.20850 0.10100 0.50550
v -0.20150 0.10100 0.50550
v -0.20350 0.10100 0.50550
v 0.20650 0.10100 0.50650
v -0.20150 0.10100 0.50750
v -0.20350 0.10100 0.50750
v 0.06250 0.10100 0.50850
v -0.05850 0.10100 0.50850
v 0.05450 0.10100 0.50950
v -0.04950 0.10100 0.50950
v 0.00650 0.10100 0.51150
v -0.00150 0.10100 0.51150
v 0.18350 0.10100 0.51450
v -0.17950 0.10100 0.51650
v 0.17550 0.10100 0.51750
v -0.17050 0.10100 0.51950
v 0.15150 0.10100 0.52350
v 0.14950 0.10100 0.52350
v -0.14450 0.10100 0.52450
v -0.14650 0.10100 0.52450
v 0.15150 0.10100 0.52550
v 0.14950 0.10100 0.52550
v -0.14750 0.10100 0.52650
v -0.14450 0.10100 0.52750
v 0.12650 0.10100 0.53150
v -0.12150 0.10100 0.53350
v 0.11750 0.10100 0.53450
v -0.11250 0.10100 0.53450
v 0.09250 0.10100 0.53650
v 0.09050 0.10100 0.53650
v -0.08550 0.10100 0.53750
v -0.08850 0.10100 0.53750
v 0.09350 0.10100 0.53850
v 0.09150 0.10100 0.53950
v -0.08650 0.10100 0.53950
v -0.08850 0.10100 0.53950
v 0.06650 0.10100 0.54250
v 0.05750 0.10100 0.54350
v 0.03350 0.10100 0.54350
v 0.03150 0.10100 0.54350
v -0.02650 0.10100 0.54350
v -0.02850 0.10100 0.54350
v -0.06250 0.10100 0.54350
v -0.05350 0.10100 0.54450
v 0.03350 0.10100 0.54550
v 0.03150 0.10100 0.54550
v -0.02850 0.10100 0.54550
v 0.00650 0.10100 0.54650
v -0.00250 0.10100 0.54650
v -0.02650 0.10100 0.54650
v 0.29650 0.10000 0.60450
v -0.69250 0.09900 -0.09050
v -0.64050 0.09700 -0.16550
v -0.63850 0.09700 -0.16450
v -0.63750 0.09700 -0.16250
v 0.26450 0.09700 0.61250
v -0.27150 0.09700 0.61250
v 0.19550 0.09700 0.62750
v -0.20250 0.09700 0.62750
v 0.02250 0.09700 0.64450
v 0.49950 0.09600 0.45550
v 0.21750 0.09500 0.62350
v -0.22550 0.09500 0.62350
v 0.15050 0.09500 0.63550
v -0.15750 0.09500 0.63550
v 0.07350 0.09500 0.64250
v -0.64150 0.09400 -0.05750
v 0.42150 0.09400 0.54050
v 0.53750 0.09300 0.43050
v 0.50250 0.09200 0.46750
v 0.51950 0.09100 0.44750
v -0.53950 0.09000 0.42450
v -0.53650 0.09000 0.42550
v 0.48350 0.09000 0.48450
v 0.43450 0.09000 0.52350
v -0.44150 0.09000 0.52350
v 0.63650 0.08900 -0.17050
v 0.63450 0.08900 -0.16750
v 0.64450 0.08900 -0.16550
v 0.64150 0.08900 -0.16450
v 0.64650 0.08900 -0.13850
v 0.43250 0.08900 0.52050
v -0.44050 0.08900 0.52050
v 0.63450 0.08800 -0.09750
v -0.70050 0.08800 0.31450
v 0.45050 0.08800 0.51050
v -0.63850 0.08700 0.40950
v 0.52750 0.08700 0.42750
v 0.53150 0.08700 0.43550
v 0.48950 0.08700 0.47750
v -0.49650 0.08700 0.47750
v 0.48350 0.08700 0.48650
v -0.49050 0.08700 0.48650
v 0.46650 0.08700 0.49750
v -0.47350 0.08700 0.49750
v 0.45850 0.08700 0.50350
v -0.46550 0.08700 0.50350
v -0.64650 0.08600 -0.05950
v -0.64550 0.08600 -0.05850
v -0.64450 0.08600 -0.05650
v -0.53450 0.08600 0.42850
v 0.51650 0.08600 0.45350
v -0.52350 0.08600 0.45350
v 0.49950 0.08600 0.46950
v 0.44550 0.08600 0.51650
v -0.45350 0.08600 0.51650
v -0.45350 0.08600 0.51850
v 0.42750 0.08600 0.53050
v -0.43450 0.08600 0.53050
v -0.53750 0.08500 0.41850
v 0.49150 0.08500 0.46350
v 0.48450 0.08500 0.48750
v -0.49250 0.08500 0.48750
v 0.46550 0.08500 0.50350
v -0.47250 0.08500 0.50350
v 0.53050 0.08400 0.43450
v -0.53750 0.08400 0.43450
v 0.48650 0.08400 0.47550
v -0.49450 0.08400 0.47550
v 0.45550 0.08400 0.50350
v -0.46250 0.08400 0.50350
v 0.42850 0.08400 0.53550
v -0.43550 0.08400 0.53550
v -0.50350 0.08300 0.45450
v 0.49350 0.08300 0.45950
v -0.50050 0.08300 0.45950
v 0.42350 0.08300 0.53250
v -0.43050 0.08300 0.53250
v 0.49150 0.08200 0.45550
v -0.49850 0.08200 0.45550
v 0.49150 0.08200 0.45950
v -0.49850 0.08200 0.45950
v 0.49550 0.08100 0.45550
v -0.54050 0.08000 0.42450
v 0.53550 0.08000 0.42850
v 0.63650 0.07700 0.37550
v 0.53450 0.07700 0.42550
v 0.30050 0.07300 0.60350
v -0.30850 0.07300 0.60350
v 0.00050 0.06700 -0.53550
v 0.05650 0.06700 -0.53250
v -0.05550 0.06700 -0.53250
v 0.11150 0.06700 -0.52350
v -0.11150 0.06700 -0.52350
v 0.16550 0.06700 -0.50950
v -0.16550 0.06700 -0.50950
v 0.21750 0.06700 -0.48950
v -0.21750 0.06700 -0.48950
v 0.26750 0.06700 -0.46350
v -0.26750 0.06700 -0.46350
v 0.31450 0.06700 -0.43350
v -0.31450 0.06700 -0.43350
v 0.35850 0.06700 -0.39750
v -0.35850 0.06700 -0.39750
v 0.39850 0.06700 -0.35850
v -0.39850 0.06700 -0.35850
v 0.43350 0.06700 -0.31450
v -0.43350 0.06700 -0.31450
v 0.46450 0.06700 -0.26750
v -0.46350 0.06700 -0.26750
v 0.48950 0.06700 -0.21750
v -0.48950 0.06700 -0.21750
v 0.50950 0.06700 -0.16550
v -0.50950 0.06700 -0.16550
v 0.52450 0.06700 -0.11150
v -0.52350 0.06700 -0.11150
v 0.53250 0.06700 -0.05550
v -0.53550 0.06700 0.00050
v 0.53250 0.06700 0.05650
v -0.53250 0.06700 0.05650
v 0.52450 0.06700 0.11150
v -0.52350 0.06700 0.11150
v 0.50950 0.06700 0.16550
v -0.50950 0.06700 0.16550
v 0.48950 0.06700 0.21850
v -0.48950 0.06700 0.21850
v 0.46450 0.06700 0.26850
v -0.46350 0.06700 0.26850
v -0.63950 0.06700 0.28350
v 0.43350 0.06700 0.31550
v -0.43350 0.06700 0.31550
v 0.39850 0.06700 0.35850
v -0.39850 0.06700 0.35850
v 0.35850 0.06700 0.39850
v -0.35850 0.06700 0.39850
v 0.31450 0.06700 0.43350
v -0.31450 0.06700 0.43350
v 0.26750 0.06700 0.46450
v -0.26750 0.06700 0.46450
v 0.21750 0.06700 0.48950
v -0.21750 0.06700 0.48950
v 0.16550 0.06700 0.50950
v -0.16550 0.06700 0.50950
v 0.11150 0.06700 0.52450
v -0.11150 0.06700 0.52450
v 0.05650 0.06700 0.53350
v -0.05550 0.06700 0.53350
v 0.00050 0.06700 0.53550
v 0.50750 0.06600 0.45550
v 0.50850 0.06600 0.45950
v 0.00050 0.06500 -0.53250
v 0.05550 0.06500 -0.52950
v -0.05550 0.06500 -0.52950
v 0.11050 0.06500 -0.52150
v -0.11050 0.06500 -0.52150
v 0.00050 0.06500 -0.51750
v 0.05450 0.06500 -0.51450
v -0.05450 0.06500 -0.51450
v 0.16450 0.06500 -0.50650
v 0.10750 0.06500 -0.50650
v -0.10750 0.06500 -0.50650
v -0.16450 0.06500 -0.50650
v 0.16050 0.06500 -0.49250
v -0.15950 0.06500 -0.49250
v 0.21650 0.06500 -0.48650
v -0.21650 0.06500 -0.48650
v 0.21050 0.06500 -0.47250
v -0.21050 0.06500 -0.47250
v 0.26650 0.06500 -0.46150
v -0.26650 0.06500 -0.46150
v 0.25850 0.06500 -0.44850
v -0.25850 0.06500 -0.44850
v 0.31350 0.06500 -0.43150
v -0.31350 0.06500 -0.43150
v 0.30450 0.06500 -0.41850
v -0.30450 0.06500 -0.41850
v 0.35650 0.06500 -0.39550
v -0.35650 0.06500 -0.39550
v 0.34650 0.06500 -0.38450
v -0.34650 0.06500 -0.38450
v 0.39650 0.06500 -0.35650
v -0.39650 0.06500 -0.35650
v 0.38450 0.06500 -0.34650
v -0.38450 0.06500 -0.34650
v 0.43150 0.06500 -0.31350
v -0.43150 0.06500 -0.31350
v 0.41950 0.06500 -0.30450
v -0.41850 0.06500 -0.30450
v 0.46150 0.06500 -0.26650
v -0.46150 0.06500 -0.26650
v 0.44850 0.06500 -0.25850
v -0.44850 0.06500 -0.25850
v 0.48750 0.06500 -0.21650
v -0.48650 0.06500 -0.21650
v 0.47350 0.06500 -0.21050
v -0.47250 0.06500 -0.21050
v 0.50750 0.06500 -0.16450
v -0.50650 0.06500 -0.16450
v 0.49250 0.06500 -0.15950
v -0.49250 0.06500 -0.15950
v 0.52150 0.06500 -0.11050
v -0.52150 0.06500 -0.11050
v 0.50650 0.06500 -0.10750
v -0.50650 0.06500 -0.10750
v 0.53050 0.06500 -0.05550
v -0.53050 0.06500 -0.05550
v 0.51550 0.06500 -0.05350
v -0.51450 0.06500 -0.05350
v 0.53350 0.06500 0.00050
v 0.51750 0.06500 0.00050
v -0.51750 0.06500 0.00050
v -0.53250 0.06500 0.00050
v 0.51550 0.06500 0.05450
v -0.51450 0.06500 0.05450
v 0.53050 0.06500 0.05550
v -0.53050 0.06500 0.05550
v 0.50650 0.06500 0.10750
v -0.50650 0.06500 0.10750
v 0.52150 0.06500 0.11150
v -0.52150 0.06500 0.11150
v 0.49250 0.06500 0.16050
v -0.49250 0.06500 0.16050
v 0.50750 0.06500 0.16450
v -0.50650 0.06500 0.16450
v 0.47350 0.06500 0.21050
v -0.47250 0.06500 0.21050
v 0.48750 0.06500 0.21750
v -0.48650 0.06500 0.21750
v 0.44850 0.06500 0.25950
v -0.44850 0.06500 0.25950
v 0.46150 0.06500 0.26650
v -0.46150 0.06500 0.26650
v 0.41950 0.06500 0.30450
v -0.41850 0.06500 0.30450
v 0.43150 0.06500 0.31350
v -0.43150 0.06500 0.31350
v 0.38450 0.06500 0.34650
v -0.38450 0.06500 0.34650
v 0.39650 0.06500 0.35650
v -0.39650 0.06500 0.35650
v 0.34650 0.06500 0.38550
v -0.34650 0.06500 0.38550
v 0.35650 0.06500 0.39650
v -0.35650 0.06500 0.39650
v 0.30450 0.06500 0.41950
v -0.30450 0.06500 0.41950
v 0.31350 0.06500 0.43150
v -0.31350 0.06500 0.43150
v 0.25850 0.06500 0.44850
v -0.25850 0.06500 0.44850
v 0.26650 0.06500 0.46150
v -0.26650 0.06500 0.46150
v 0.21050 0.06500 0.47350
v -0.21050 0.06500 0.47350
v 0.21650 0.06500 0.48750
v -0.21650 0.06500 0.48750
v 0.16050 0.06500 0.49250
v -0.15950 0.06500 0.49250
v 0.10750 0.06500 0.50650
v -0.10750 0.06500 0.50650
v 0.16450 0.06500 0.50750
v -0.16450 0.06500 0.50750
v 0.05450 0.06500 0.51550
v -0.05450 0.06500 0.51550
v 0.00050 0.06500 0.51850
v 0.11050 0.06500 0.52150
v -0.11050 0.06500 0.52150
v 0.05550 0.06500 0.53050
v -0.05550 0.06500 0.53050
v 0.00050 0.06500 0.53350
v 0.00050 0.06400 -0.32750
v 0.05150 0.06400 -0.32350
v -0.05150 0.06400 -0.32350
v 0.10150 0.06400 -0.31150
v -0.10150 0.06400 -0.31150
v 0.14850 0.06400 -0.29150
v -0.14850 0.06400 -0.29150
v 0.19250 0.06400 -0.26550
v -0.19250 0.06400 -0.26550
v 0.23150 0.06400 -0.23150
v -0.23150 0.06400 -0.23150
v 0.26550 0.06400 -0.19250
v -0.26550 0.06400 -0.19250
v 0.29250 0.06400 -0.14850
v -0.29250 0.06400 -0.14850
v 0.31150 0.06400 -0.10150
v -0.31150 0.06400 -0.10150
v 0.32450 0.06400 -0.05150
v -0.32350 0.06400 -0.05150
v 0.32850 0.06400 0.00050
v -0.32750 0.06400 0.00050
v 0.32450 0.06400 0.05150
v -0.32350 0.06400 0.05150
v 0.31150 0.06400 0.10150
v -0.31150 0.06400 0.10150
v 0.29250 0.06400 0.14950
v -0.29250 0.06400 0.14950
v 0.26550 0.06400 0.19350
v -0.26550 0.06400 0.19350
v 0.23150 0.06400 0.23250
v -0.23150 0.06400 0.23250
v 0.19250 0.06400 0.26550
v -0.19250 0.06400 0.26550
v 0.14850 0.06400 0.29250
v -0.14850 0.06400 0.29250
v 0.10150 0.06400 0.31250
v -0.10150 0.06400 0.31250
v 0.05150 0.06400 0.32450
v -0.05150 0.06400 0.32450
v 0.00050 0.06400 0.32850
v 0.00050 0.06300 -0.51550
v 0.05350 0.06300 -0.51250
v -0.05350 0.06300 -0.51250
v 0.10750 0.06300 -0.50350
v -0.10750 0.06300 -0.50350
v 0.15950 0.06300 -0.48950
v -0.15950 0.06300 -0.48950
v 0.20950 0.06300 -0.47050
v -0.20950 0.06300 -0.47050
v 0.25750 0.06300 -0.44550
v -0.25750 0.06300 -0.44550
v 0.30250 0.06300 -0.41650
v -0.30250 0.06300 -0.41650
v 0.34450 0.06300 -0.38250
v -0.34450 0.06300 -0.38250
v 0.38250 0.06300 -0.34450
v -0.38250 0.06300 -0.34450
v 0.41650 0.06300 -0.30250
v -0.41650 0.06300 -0.30250
v 0.44650 0.06300 -0.25750
v -0.44650 0.06300 -0.25750
v 0.47050 0.06300 -0.20950
v -0.47050 0.06300 -0.20950
v 0.49050 0.06300 -0.15850
v -0.48950 0.06300 -0.15850
v 0.50450 0.06300 -0.10650
v -0.50350 0.06300 -0.10650
v 0.51250 0.06300 -0.05350
v -0.51250 0.06300 -0.05350
v 0.51550 0.06300 0.00050
v -0.51550 0.06300 0.00050
v 0.51250 0.06300 0.05450
v -0.51250 0.06300 0.05450
v 0.50450 0.06300 0.10750
v -0.50350 0.06300 0.10750
v 0.49050 0.06300 0.15950
v -0.48950 0.06300 0.15950
v 0.47050 0.06300 0.20950
v -0.47050 0.06300 0.20950
v 0.44650 0.06300 0.25750
v -0.44650 0.06300 0.25750
v 0.41650 0.06300 0.30350
v -0.41650 0.06300 0.30350
v 0.38250 0.06300 0.34550
v -0.38250 0.06300 0.34550
v 0.34450 0.06300 0.38350
v -0.34450 0.06300 0.38350
v 0.30250 0.06300 0.41750
v -0.30250 0.06300 0.41750
v 0.25750 0.06300 0.44650
v -0.25750 0.06300 0.44650
v 0.20950 0.06300 0.47050
v -0.20950 0.06300 0.47050
v 0.15950 0.06300 0.49050
v -0.15950 0.06300 0.49050
v 0.10750 0.06300 0.50450
v -0.10750 0.06300 0.50450
v 0.05350 0.06300 0.51250
v -0.05350 0.06300 0.51250
v 0.00050 0.06300 0.51550
v -0.00250 0.06100 -0.54650
v -0.00450 0.06100 -0.54650
v 0.03150 0.06100 -0.54550
v 0.02250 0.06100 -0.54550
v -0.02850 0.06100 -0.54550
v -0.03750 0.06100 -0.54450
v 0.05750 0.06100 -0.54350
v 0.05550 0.06100 -0.54350
v -0.06250 0.06100 -0.54250
v -0.06450 0.06100 -0.54250
v 0.08150 0.06100 -0.54050
v 0.09050 0.06100 -0.53850
v -0.08850 0.06100 -0.53850
v -0.09750 0.06100 -0.53750
v 0.11450 0.06100 -0.53450
v 0.11650 0.06100 -0.53350
v -0.12150 0.06100 -0.53250
v -0.12350 0.06100 -0.53250
v 0.14050 0.06100 -0.52750
v 0.14950 0.06100 -0.52550
v -0.14750 0.06100 -0.52550
v -0.15650 0.06100 -0.52350
v 0.17250 0.06100 -0.51850
v 0.17450 0.06100 -0.51750
v -0.17950 0.06100 -0.51550
v -0.18150 0.06100 -0.51550
v 0.02050 0.06100 -0.51150
v 0.02950 0.06100 -0.51050
v -0.02750 0.06100 -0.51050
v -0.03550 0.06100 -0.51050
v 0.19750 0.06100 -0.50950
v -0.20450 0.06100 -0.50650
v 0.20650 0.06100 -0.50550
v 0.07650 0.06100 -0.50550
v 0.08550 0.06100 -0.50450
v -0.08350 0.06100 -0.50450
v -0.09150 0.06100 -0.50350
v -0.21250 0.06100 -0.50350
v 0.22850 0.06100 -0.49650
v 0.23050 0.06100 -0.49550
v 0.13150 0.06100 -0.49450
v -0.23450 0.06100 -0.49350
v -0.13750 0.06100 -0.49250
v -0.23650 0.06100 -0.49250
v 0.13950 0.06100 -0.49150
v -0.14650 0.06100 -0.49050
v 0.25250 0.06100 -0.48450
v -0.25850 0.06100 -0.48150
v 0.26050 0.06100 -0.48050
v 0.18550 0.06100 -0.47650
v -0.26650 0.06100 -0.47650
v -0.19150 0.06100 -0.47450
v 0.19350 0.06100 -0.47350
v -0.19950 0.06100 -0.47150
v 0.28150 0.06100 -0.46850
v 0.28350 0.06100 -0.46650
v -0.28750 0.06100 -0.46450
v -0.28950 0.06100 -0.46350
v 0.30450 0.06100 -0.45350
v 0.23650 0.06100 -0.45350
v -0.24250 0.06100 -0.45050
v 0.24350 0.06100 -0.44950
v -0.30950 0.06100 -0.44950
v 0.31150 0.06100 -0.44850
v -0.24950 0.06100 -0.44650
v -0.31750 0.06100 -0.44450
v 0.33150 0.06100 -0.43450
v 0.33350 0.06100 -0.43250
v -0.33650 0.06100 -0.42950
v -0.33850 0.06100 -0.42850
v 0.28450 0.06100 -0.42450
v -0.29050 0.06100 -0.42150
v 0.29150 0.06100 -0.42050
v 0.35250 0.06100 -0.41750
v -0.29750 0.06100 -0.41650
v -0.35750 0.06100 -0.41350
v 0.35950 0.06100 -0.41150
v -0.36450 0.06100 -0.40750
v 0.37750 0.06100 -0.39550
v 0.37850 0.06100 -0.39350
v 0.32950 0.06100 -0.39150
v -0.38250 0.06100 -0.39050
v -0.38350 0.06100 -0.38850
v -0.33450 0.06100 -0.38650
v 0.33650 0.06100 -0.38550
v -0.34150 0.06100 -0.38150
v 0.39550 0.06100 -0.37650
v -0.40050 0.06100 -0.37150
v 0.40250 0.06100 -0.36950
v -0.40650 0.06100 -0.36450
v 0.37050 0.06100 -0.35250
v 0.41850 0.06100 -0.35150
v 0.41950 0.06100 -0.34950
v -0.37550 0.06100 -0.34750
v 0.37650 0.06100 -0.34650
v -0.42250 0.06100 -0.34650
v -0.42450 0.06100 -0.34450
v -0.38050 0.06100 -0.34150
v 0.43450 0.06100 -0.33050
v -0.43950 0.06100 -0.32550
v 0.44050 0.06100 -0.32350
v -0.44450 0.06100 -0.31750
v 0.40750 0.06100 -0.30950
v -0.41150 0.06100 -0.30450
v 0.45450 0.06100 -0.30350
v 0.41250 0.06100 -0.30250
v 0.45550 0.06100 -0.30150
v -0.41650 0.06100 -0.29750
v -0.45850 0.06100 -0.29750
v -0.45950 0.06100 -0.29550
v 0.46850 0.06100 -0.28050
v -0.47250 0.06100 -0.27450
v 0.47350 0.06100 -0.27350
v -0.47650 0.06100 -0.26750
v 0.43850 0.06100 -0.26350
v -0.44250 0.06100 -0.25750
v 0.44350 0.06100 -0.25550
v 0.48450 0.06100 -0.25150
v -0.44650 0.06100 -0.25050
v 0.48550 0.06100 -0.24950
v -0.48850 0.06100 -0.24550
v -0.48950 0.06100 -0.24350
v 0.49650 0.06100 -0.22750
v -0.49950 0.06100 -0.22150
v 0.50050 0.06100 -0.21950
v 0.46550 0.06100 -0.21350
v -0.50350 0.06100 -0.21350
v -0.46750 0.06100 -0.20750
v 0.46850 0.06100 -0.20550
v -0.47150 0.06100 -0.19950
v 0.50950 0.06100 -0.19650
v 0.51050 0.06100 -0.19450
v -0.51250 0.06100 -0.19050
v -0.51250 0.06100 -0.18850
v 0.51850 0.06100 -0.17150
v -0.52050 0.06100 -0.16550
v 0.52150 0.06100 -0.16350
v 0.48550 0.06100 -0.16050
v -0.52350 0.06100 -0.15650
v -0.48750 0.06100 -0.15450
v 0.48850 0.06100 -0.15250
v -0.49050 0.06100 -0.14650
v 0.52850 0.06100 -0.13950
v 0.52850 0.06100 -0.13750
v -0.52950 0.06100 -0.13350
v -0.53050 0.06100 -0.13050
v 0.53450 0.06100 -0.11350
v -0.53550 0.06100 -0.10750
v 0.50050 0.06100 -0.10650
v 0.53650 0.06100 -0.10550
v -0.50150 0.06100 -0.10050
v 0.50250 0.06100 -0.09850
v -0.53750 0.06100 -0.09850
v -0.50350 0.06100 -0.09150
v 0.54050 0.06100 -0.08150
v 0.54050 0.06100 -0.07850
v -0.54150 0.06100 -0.07450
v -0.54150 0.06100 -0.07150
v 0.54350 0.06100 -0.05450
v 0.50950 0.06100 -0.05150
v -0.54450 0.06100 -0.04750
v 0.54450 0.06100 -0.04550
v -0.50950 0.06100 -0.04450
v 0.51050 0.06100 -0.04250
v -0.54550 0.06100 -0.03850
v -0.51050 0.06100 -0.03650
v 0.54650 0.06100 -0.02150
v 0.54650 0.06100 -0.01850
v -0.54650 0.06100 -0.01450
v -0.54650 0.06100 -0.01150
v 0.54650 0.06100 0.00550
v 0.51150 0.06100 0.00550
v -0.51150 0.06100 0.01150
v -0.54650 0.06100 0.01250
v 0.51150 0.06100 0.01350
v 0.54650 0.06100 0.01450
v -0.51150 0.06100 0.02250
v -0.54550 0.06100 0.02350
v 0.54550 0.06100 0.03850
v 0.54550 0.06100 0.04150
v -0.54450 0.06100 0.04850
v -0.54450 0.06100 0.05050
v 0.50850 0.06100 0.06150
v 0.54250 0.06100 0.06550
v 0.50750 0.06100 0.06950
v -0.50650 0.06100 0.07050
v 0.54150 0.06100 0.07450
v -0.54150 0.06100 0.07450
v -0.50550 0.06100 0.07850
v -0.53950 0.06100 0.08350
v 0.53750 0.06100 0.09850
v 0.53750 0.06100 0.10050
v -0.53550 0.06100 0.10750
v -0.53550 0.06100 0.10950
v 0.49850 0.06100 0.11650
v 0.53250 0.06100 0.12450
v 0.49650 0.06100 0.12450
v -0.49650 0.06100 0.12550
v 0.53050 0.06100 0.13350
v -0.49450 0.06100 0.13350
v -0.52950 0.06100 0.13350
v -0.52750 0.06100 0.14250
v 0.52350 0.06100 0.15650
v 0.52250 0.06100 0.15950
v -0.52050 0.06100 0.16550
v -0.51950 0.06100 0.16850
v 0.48250 0.06100 0.17050
v -0.47950 0.06100 0.17850
v 0.51550 0.06100 0.18250
v 0.47850 0.06100 0.18250
v -0.47650 0.06100 0.18650
v -0.51150 0.06100 0.19150
v 0.51050 0.06100 0.19550
v -0.50850 0.06100 0.19950
v 0.50150 0.06100 0.21750
v 0.50050 0.06100 0.21950
v -0.49950 0.06100 0.22250
v -0.49850 0.06100 0.22450
v 0.45950 0.06100 0.22650
v -0.45650 0.06100 0.23050
v 0.45550 0.06100 0.23450
v -0.45350 0.06100 0.23850
v 0.49050 0.06100 0.24150
v -0.48750 0.06100 0.24650
v 0.48650 0.06100 0.25050
v -0.48350 0.06100 0.25450
v 0.47450 0.06100 0.27150
v 0.47350 0.06100 0.27350
v 0.43150 0.06100 0.27550
v -0.47150 0.06100 0.27550
v -0.47050 0.06100 0.27750
v -0.42850 0.06100 0.27950
v 0.42650 0.06100 0.28250
v -0.42450 0.06100 0.28650
v 0.46050 0.06100 0.29450
v -0.45750 0.06100 0.29850
v 0.45550 0.06100 0.30150
v -0.45250 0.06100 0.30550
v 0.44150 0.06100 0.32150
v 0.39850 0.06100 0.32150
v 0.44050 0.06100 0.32350
v -0.39550 0.06100 0.32450
v -0.43850 0.06100 0.32550
v 0.39350 0.06100 0.32750
v -0.43750 0.06100 0.32750
v -0.39050 0.06100 0.33150
v 0.42550 0.06100 0.34350
v -0.42250 0.06100 0.34650
v 0.41950 0.06100 0.35050
v -0.41650 0.06100 0.35350
v 0.36050 0.06100 0.36350
v -0.35750 0.06100 0.36650
v 0.40350 0.06100 0.36850
v 0.35450 0.06100 0.36950
v 0.40250 0.06100 0.37050
v -0.40050 0.06100 0.37150
v -0.35150 0.06100 0.37250
v -0.39850 0.06100 0.37350
v 0.38550 0.06100 0.38750
v -0.38150 0.06100 0.39150
v 0.37850 0.06100 0.39450
v -0.37550 0.06100 0.39750
v 0.31850 0.06100 0.40050
v -0.31550 0.06100 0.40350
v 0.31250 0.06100 0.40550
v -0.30850 0.06100 0.40850
v 0.36050 0.06100 0.41050
v 0.35950 0.06100 0.41250
v -0.35750 0.06100 0.41350
v -0.35550 0.06100 0.41550
v 0.34050 0.06100 0.42750
v -0.54750 0.06100 0.42850
v -0.33650 0.06100 0.43050
v 0.33350 0.06100 0.43350
v 0.27350 0.06100 0.43350
v -0.26950 0.06100 0.43550
v -0.32950 0.06100 0.43650
v 0.26550 0.06100 0.43750
v -0.26150 0.06100 0.43950
v 0.31350 0.06100 0.44750
v 0.31150 0.06100 0.44950
v -0.30950 0.06100 0.45050
v -0.30750 0.06100 0.45150
v 0.22350 0.06100 0.46050
v 0.29150 0.06100 0.46250
v -0.21950 0.06100 0.46250
v 0.21650 0.06100 0.46450
v -0.28750 0.06100 0.46450
v -0.21250 0.06100 0.46550
v 0.28350 0.06100 0.46750
v -0.27950 0.06100 0.46950
v 0.26250 0.06100 0.47950
v 0.26050 0.06100 0.48050
v -0.25850 0.06100 0.48150
v 0.17150 0.06100 0.48250
v -0.25650 0.06100 0.48250
v -0.16750 0.06100 0.48350
v 0.16350 0.06100 0.48550
v -0.15950 0.06100 0.48650
v 0.23950 0.06100 0.49150
v -0.23450 0.06100 0.49350
v 0.23050 0.06100 0.49550
v -0.22650 0.06100 0.49750
v 0.11850 0.06100 0.49850
v -0.11350 0.06100 0.49950
v 0.10950 0.06100 0.50050
v -0.10550 0.06100 0.50150
v 0.20850 0.06100 0.50550
v 0.20650 0.06100 0.50650
v -0.20150 0.06100 0.50750
v -0.20350 0.06100 0.50750
v 0.06250 0.06100 0.50850
v -0.05850 0.06100 0.50850
v 0.05450 0.06100 0.50950
v -0.04950 0.06100 0.50950
v 0.00650 0.06100 0.51150
v -0.00150 0.06100 0.51150
v 0.18350 0.06100 0.51450
v -0.17950 0.06100 0.51650
v 0.17550 0.06100 0.51750
v -0.17050 0.06100 0.51950
v 0.15150 0.06100 0.52550
v 0.14950 0.06100 0.52550
v -0.14750 0.06100 0.52650
v -0.14450 0.06100 0.52750
v 0.12650 0.06100 0.53150
v -0.12150 0.06100 0.53350
v 0.11750 0.06100 0.53450
v -0.11250 0.06100 0.53450
v 0.09350 0.06100 0.53850
v 0.09150 0.06100 0.53950
v -0.08650 0.06100 0.53950
v -0.08850 0.06100 0.53950
v 0.06650 0.06100 0.54250
v 0.05750 0.06100 0.54350
v -0.06250 0.06100 0.54350
v -0.05350 0.06100 0.54450
v 0.03350 0.06100 0.54550
v 0.03150 0.06100 0.54550
v -0.02850 0.06100 0.54550
v 0.00650 0.06100 0.54650
v -0.00250 0.06100 0.54650
v -0.02650 0.06100 0.54650
v -0.00450 0.06000 -0.54650
v 0.05550 0.06000 -0.54350
v -0.06450 0.06000 -0.54250
v 0.17250 0.06000 -0.51850
v 0.22850 0.06000 -0.49650
v -0.23650 0.06000 -0.49250
v -0.28950 0.06000 -0.46350
v 0.33150 0.06000 -0.43450
v -0.33850 0.06000 -0.42850
v -0.42450 0.06000 -0.34450
v 0.45450 0.06000 -0.30350
v -0.45950 0.06000 -0.29550
v 0.48450 0.06000 -0.25150
v 0.50950 0.06000 -0.19650
v -0.51250 0.06000 -0.18850
v 0.52850 0.06000 -0.13950
v 0.54650 0.06000 -0.02150
v -0.54650 0.06000 -0.01150
v 0.54550 0.06000 0.03850
v -0.54450 0.06000 0.05050
v 0.53750 0.06000 0.09850
v -0.53550 0.06000 0.10950
v -0.51950 0.06000 0.16850
v 0.50150 0.06000 0.21750
v -0.49850 0.06000 0.22450
v 0.47450 0.06000 0.27150
v -0.43850 0.06000 0.32550
v 0.40350 0.06000 0.36850
v -0.39850 0.06000 0.37350
v 0.36050 0.06000 0.41050
v -0.35550 0.06000 0.41550
v 0.31350 0.06000 0.44750
v 0.26250 0.06000 0.47950
v -0.25650 0.06000 0.48250
v -0.20150 0.06000 0.50750
v -0.14450 0.06000 0.52750
v 0.03350 0.06000 0.54550
v -0.00250 0.05900 -0.54350
v -0.00450 0.05900 -0.54350
v 0.05550 0.05900 -0.54150
v 0.05750 0.05900 -0.54050
v -0.06250 0.05900 -0.54050
v -0.06450 0.05900 -0.54050
v 0.11650 0.05900 -0.53150
v 0.11450 0.05900 -0.53150
v -0.12150 0.05900 -0.53050
v -0.12350 0.05900 -0.52950
v 0.17250 0.05900 -0.51650
v 0.17450 0.05900 -0.51550
v -0.17850 0.05900 -0.51450
v -0.17850 0.05900 -0.51350
v -0.18050 0.05900 -0.51350
v 0.23050 0.05900 -0.49450
v 0.22750 0.05900 -0.49450
v 0.22950 0.05900 -0.49350
v -0.23450 0.05900 -0.49250
v -0.23350 0.05900 -0.49150
v -0.23550 0.05900 -0.49050
v 0.28050 0.05900 -0.46650
v 0.28350 0.05900 -0.46550
v 0.28250 0.05900 -0.46450
v -0.28750 0.05900 -0.46350
v -0.28650 0.05900 -0.46250
v -0.28850 0.05900 -0.46150
v 0.33250 0.05900 -0.43250
v 0.33050 0.05900 -0.43250
v 0.33150 0.05900 -0.43150
v -0.33550 0.05900 -0.42850
v -0.33750 0.05900 -0.42650
v 0.37550 0.05900 -0.39350
v 0.37750 0.05900 -0.39250
v -0.38050 0.05900 -0.38850
v -0.38250 0.05900 -0.38750
v 0.41650 0.05900 -0.35050
v 0.41850 0.05900 -0.34950
v 0.41750 0.05900 -0.34850
v -0.42050 0.05900 -0.34450
v -0.42250 0.05900 -0.34250
v 0.45250 0.05900 -0.30250
v 0.45450 0.05900 -0.30050
v 0.45350 0.05900 -0.30050
v -0.45650 0.05900 -0.29650
v -0.45750 0.05900 -0.29650
v -0.45750 0.05900 -0.29450
v 0.48250 0.05900 -0.25050
v 0.48450 0.05900 -0.24950
v 0.48350 0.05900 -0.24850
v -0.48650 0.05900 -0.24450
v -0.48750 0.05900 -0.24450
v -0.48650 0.05900 -0.24250
v 0.50750 0.05900 -0.19650
v 0.50850 0.05900 -0.19450
v -0.51050 0.05900 -0.19050
v -0.50950 0.05900 -0.18950
v -0.51050 0.05900 -0.18750
v 0.52650 0.05900 -0.13950
v 0.52650 0.05900 -0.13750
v -0.52750 0.05900 -0.13250
v -0.52850 0.05900 -0.13250
v -0.52850 0.05900 -0.13050
v 0.53850 0.05900 -0.08050
v 0.53850 0.05900 -0.07850
v -0.53950 0.05900 -0.07350
v -0.54050 0.05900 -0.07350
v -0.53950 0.05900 -0.07150
v 0.54350 0.05900 -0.02150
v 0.54350 0.05900 -0.01850
v -0.54350 0.05900 -0.01450
v -0.54350 0.05900 -0.01150
v 0.54250 0.05900 0.03850
v 0.54250 0.05900 0.04050
v -0.54250 0.05900 0.04850
v -0.54150 0.05900 0.05050
v 0.53550 0.05900 0.09850
v 0.53550 0.05900 0.10050
v -0.53350 0.05900 0.10750
v -0.53350 0.05900 0.10950
v 0.52150 0.05900 0.15650
v 0.52150 0.05900 0.15850
v 0.52050 0.05900 0.15850
v -0.51850 0.05900 0.16550
v -0.51750 0.05900 0.16750
v 0.49950 0.05900 0.21650
v 0.49850 0.05900 0.21850
v 0.49950 0.05900 0.21950
v -0.49750 0.05900 0.22150
v -0.49850 0.05900 0.22150
v -0.49650 0.05900 0.22350
v 0.47250 0.05900 0.27050
v 0.47250 0.05900 0.27250
v 0.47150 0.05900 0.27250
v -0.46950 0.05900 0.27450
v -0.47050 0.05900 0.27550
v -0.46850 0.05900 0.27650
v 0.43950 0.05900 0.32050
v 0.43850 0.05900 0.32250
v 0.43950 0.05900 0.32350
v -0.43750 0.05900 0.32450
v -0.43750 0.05900 0.32550
v -0.43550 0.05900 0.32650
v 0.40250 0.05900 0.36650
v 0.40050 0.05900 0.36850
v -0.39850 0.05900 0.37050
v -0.39950 0.05900 0.37150
v -0.39750 0.05900 0.37250
v 0.35950 0.05900 0.40850
v 0.35750 0.05900 0.41050
v -0.35550 0.05900 0.41150
v -0.35450 0.05900 0.41350
v 0.31250 0.05900 0.44550
v 0.31050 0.05900 0.44750
v 0.31150 0.05900 0.44850
v -0.30850 0.05900 0.44850
v -0.30650 0.05900 0.44950
v -0.30950 0.05900 0.44950
v 0.26150 0.05900 0.47750
v 0.25950 0.05900 0.47850
v 0.26050 0.05900 0.47950
v -0.25750 0.05900 0.47950
v -0.25550 0.05900 0.48050
v -0.25750 0.05900 0.48050
v 0.20750 0.05900 0.50350
v 0.20550 0.05900 0.50450
v 0.20650 0.05900 0.50550
v -0.20150 0.05900 0.50550
v -0.20350 0.05900 0.50550
v 0.15150 0.05900 0.52350
v 0.14950 0.05900 0.52350
v -0.14450 0.05900 0.52450
v -0.14650 0.05900 0.52450
v -0.14650 0.05900 0.52550
v 0.09250 0.05900 0.53650
v 0.09050 0.05900 0.53650
v -0.08550 0.05900 0.53750
v -0.08850 0.05900 0.53750
v 0.03350 0.05900 0.54350
v 0.03150 0.05900 0.54350
v -0.02650 0.05900 0.54350
v -0.02850 0.05900 0.54350
v 0.30350 0.05900 0.60350
v 0.00050 0.05700 -0.51550
v 0.05350 0.05700 -0.51250
v -0.05350 0.05700 -0.51250
v 0.10750 0.05700 -0.50350
v -0.10750 0.05700 -0.50350
v 0.15950 0.05700 -0.48950
v -0.15950 0.05700 -0.48950
v 0.20950 0.05700 -0.47050
v -0.20950 0.05700 -0.47050
v 0.25750 0.05700 -0.44550
v -0.25750 0.05700 -0.44550
v 0.30250 0.05700 -0.41650
v -0.30250 0.05700 -0.41650
v 0.34450 0.05700 -0.38250
v -0.34450 0.05700 -0.38250
v 0.38250 0.05700 -0.34450
v -0.38250 0.05700 -0.34450
v 0.41650 0.05700 -0.30250
v -0.41650 0.05700 -0.30250
v 0.44650 0.05700 -0.25750
v -0.44650 0.05700 -0.25750
v 0.47050 0.05700 -0.20950
v -0.47050 0.05700 -0.20950
v 0.49050 0.05700 -0.15850
v -0.48950 0.05700 -0.15850
v 0.50450 0.05700 -0.10650
v -0.50350 0.05700 -0.10650
v 0.51250 0.05700 -0.05350
v -0.51250 0.05700 -0.05350
v 0.51550 0.05700 0.00050
v -0.51550 0.05700 0.00050
v 0.51250 0.05700 0.05450
v -0.51250 0.05700 0.05450
v 0.50450 0.05700 0.10750
v -0.50350 0.05700 0.10750
v 0.49050 0.05700 0.15950
v -0.48950 0.05700 0.15950
v 0.47050 0.05700 0.20950
v -0.47050 0.05700 0.20950
v 0.44650 0.05700 0.25750
v -0.44650 0.05700 0.25750
v 0.41650 0.05700 0.30350
v -0.41650 0.05700 0.30350
v -0.70450 0.05700 0.31750
v 0.38250 0.05700 0.34550
v -0.38250 0.05700 0.34550
v 0.34450 0.05700 0.38350
v -0.34450 0.05700 0.38350
v -0.64350 0.05700 0.40750
v 0.30250 0.05700 0.41750
v -0.30250 0.05700 0.41750
v 0.25750 0.05700 0.44650
v -0.25750 0.05700 0.44650
v 0.20950 0.05700 0.47050
v -0.20950 0.05700 0.47050
v 0.15950 0.05700 0.49050
v -0.15950 0.05700 0.49050
v 0.10750 0.05700 0.50450
v -0.10750 0.05700 0.50450
v 0.05350 0.05700 0.51250
v -0.05350 0.05700 0.51250
v 0.00050 0.05700 0.51550
v -0.64050 0.05600 -0.16750
v -0.63750 0.05600 -0.16450
v -0.70250 0.05600 0.31350
v -0.69450 0.05600 0.31950
v -0.63950 0.05600 0.40950
v 0.30050 0.05600 0.60450
v -0.70150 0.05500 -0.09950
v -0.70250 0.05500 -0.09550
v -0.63750 0.05500 0.40550
v -0.69950 0.05400 -0.07950
v -0.69650 0.05400 -0.07650
v 0.00050 0.05100 -0.49850
v 0.05250 0.05100 -0.49550
v -0.05250 0.05100 -0.49550
v 0.10350 0.05100 -0.48750
v -0.10350 0.05100 -0.48750
v 0.15450 0.05100 -0.47450
v -0.15450 0.05100 -0.47450
v 0.20250 0.05100 -0.45550
v -0.20250 0.05100 -0.45550
v 0.24950 0.05100 -0.43150
v -0.24950 0.05100 -0.43150
v 0.29350 0.05100 -0.40350
v -0.29350 0.05100 -0.40350
v 0.33350 0.05100 -0.37050
v -0.33350 0.05100 -0.37050
v 0.37050 0.05100 -0.33350
v -0.37050 0.05100 -0.33350
v 0.40350 0.05100 -0.29250
v -0.40350 0.05100 -0.29250
v 0.43250 0.05100 -0.24950
v -0.43150 0.05100 -0.24950
v 0.45550 0.05100 -0.20250
v -0.45550 0.05100 -0.20250
v 0.47450 0.05100 -0.15350
v -0.47450 0.05100 -0.15350
v 0.48850 0.05100 -0.10350
v -0.48750 0.05100 -0.10350
v 0.49650 0.05100 -0.05150
v -0.49650 0.05100 -0.05150
v 0.49850 0.05100 0.00050
v -0.49850 0.05100 0.00050
v 0.49650 0.05100 0.05250
v -0.49650 0.05100 0.05250
v 0.48850 0.05100 0.10350
v -0.48750 0.05100 0.10350
v 0.47450 0.05100 0.15450
v -0.47450 0.05100 0.15450
v 0.45550 0.05100 0.20350
v -0.45550 0.05100 0.20350
v 0.43250 0.05100 0.24950
v -0.43150 0.05100 0.24950
v 0.40350 0.05100 0.29350
v -0.40350 0.05100 0.29350
v 0.37050 0.05100 0.33450
v -0.37050 0.05100 0.33450
v 0.33350 0.05100 0.37050
v -0.33350 0.05100 0.37050
v 0.29350 0.05100 0.40350
v -0.29350 0.05100 0.40350
v 0.24950 0.05100 0.43250
v -0.24950 0.05100 0.43250
v 0.20250 0.05100 0.45550
v -0.20250 0.05100 0.45550
v 0.15450 0.05100 0.47450
v -0.15450 0.05100 0.47450
v 0.10350 0.05100 0.48850
v -0.10350 0.05100 0.48850
v 0.05250 0.05100 0.49650
v -0.05250 0.05100 0.49650
v 0.00050 0.05100 0.49950
v 0.00050 0.05000 -0.50150
v 0.05250 0.05000 -0.49850
v -0.05250 0.05000 -0.49850
v 0.10450 0.05000 -0.49050
v -0.10450 0.05000 -0.49050
v 0.15550 0.05000 -0.47750
v -0.15550 0.05000 -0.47750
v 0.20450 0.05000 -0.45850
v -0.20450 0.05000 -0.45850
v 0.25150 0.05000 -0.43450
v -0.25050 0.05000 -0.43450
v 0.29550 0.05000 -0.40550
v -0.29450 0.05000 -0.40550
v 0.33550 0.05000 -0.37250
v -0.33550 0.05000 -0.37250
v 0.37350 0.05000 -0.33550
v -0.37250 0.05000 -0.33550
v 0.40650 0.05000 -0.29450
v -0.40650 0.05000 -0.29450
v 0.43450 0.05000 -0.25050
v -0.43450 0.05000 -0.25050
v 0.45850 0.05000 -0.20350
v -0.45850 0.05000 -0.20350
v 0.47750 0.05000 -0.15450
v -0.47750 0.05000 -0.15450
v 0.64650 0.05000 -0.13750
v 0.49150 0.05000 -0.10450
v -0.49050 0.05000 -0.10450
v 0.49950 0.05000 -0.05250
v -0.49950 0.05000 -0.05250
v 0.50250 0.05000 0.00050
v -0.50150 0.05000 0.00050
v 0.49950 0.05000 0.05250
v -0.49950 0.05000 0.05250
v 0.49150 0.05000 0.10450
v -0.49050 0.05000 0.10450
v 0.47750 0.05000 0.15550
v -0.47750 0.05000 0.15550
v 0.45850 0.05000 0.20450
v -0.45850 0.05000 0.20450
v 0.43450 0.05000 0.25150
v -0.43450 0.05000 0.25150
v 0.40650 0.05000 0.29550
v -0.40650 0.05000 0.29550
v 0.37350 0.05000 0.33650
v -0.37250 0.05000 0.33650
v 0.33550 0.05000 0.37350
v -0.33550 0.05000 0.37350
v 0.29550 0.05000 0.40650
v -0.29450 0.05000 0.40650
v 0.25150 0.05000 0.43450
v -0.25050 0.05000 0.43450
v 0.20450 0.05000 0.45850
v -0.20450 0.05000 0.45850
v 0.15550 0.05000 0.47750
v -0.15550 0.05000 0.47750
v 0.10450 0.05000 0.49150
v -0.10450 0.05000 0.49150
v 0.05250 0.05000 0.49950
v -0.05250 0.05000 0.49950
v 0.00050 0.05000 0.50250
v -0.64650 0.04800 -0.05850
v 0.30550 0.04200 0.60250
v -0.31250 0.04200 0.60250
v 0.00050 0.04000 -0.47650
v 0.04950 0.04000 -0.47350
v -0.04950 0.04000 -0.47350
v 0.09950 0.04000 -0.46550
v -0.09950 0.04000 -0.46550
v 0.14750 0.04000 -0.45350
v -0.14750 0.04000 -0.45350
v 0.19350 0.04000 -0.43550
v -0.19350 0.04000 -0.43550
v 0.23850 0.04000 -0.41250
v -0.23850 0.04000 -0.41250
v 0.28050 0.04000 -0.38550
v -0.28050 0.04000 -0.38550
v 0.31850 0.04000 -0.35350
v -0.31850 0.04000 -0.35350
v 0.35450 0.04000 -0.31850
v -0.35450 0.04000 -0.31850
v 0.38550 0.04000 -0.27950
v -0.38550 0.04000 -0.27950
v 0.41250 0.04000 -0.23850
v -0.41250 0.04000 -0.23850
v 0.43550 0.04000 -0.19350
v -0.43550 0.04000 -0.19350
v 0.45350 0.04000 -0.14750
v -0.45350 0.04000 -0.14750
v 0.46650 0.04000 -0.09850
v -0.46650 0.04000 -0.09850
v 0.47450 0.04000 -0.04950
v -0.47350 0.04000 -0.04950
v 0.47650 0.04000 0.00050
v -0.47650 0.04000 0.00050
v 0.47450 0.04000 0.05050
v -0.47350 0.04000 0.05050
v 0.46650 0.04000 0.09950
v -0.46650 0.04000 0.09950
v 0.45350 0.04000 0.14750
v -0.45350 0.04000 0.14750
v 0.43550 0.04000 0.19450
v -0.43550 0.04000 0.19450
v 0.41250 0.04000 0.23850
v -0.41250 0.04000 0.23850
v 0.38550 0.04000 0.28050
v -0.38550 0.04000 0.28050
v 0.35450 0.04000 0.31950
v -0.35450 0.04000 0.31950
v 0.31850 0.04000 0.35450
v -0.31850 0.04000 0.35450
v 0.28050 0.04000 0.38550
v -0.28050 0.04000 0.38550
v 0.23850 0.04000 0.41250
v -0.23850 0.04000 0.41250
v 0.19350 0.04000 0.43550
v -0.19350 0.04000 0.43550
v 0.14750 0.04000 0.45350
v -0.14750 0.04000 0.45350
v 0.09950 0.04000 0.46650
v -0.09950 0.04000 0.46650
v 0.04950 0.04000 0.47450
v -0.04950 0.04000 0.47450
v 0.00050 0.04000 0.47650
v 0.00050 0.03800 -0.47850
v 0.05050 0.03800 -0.47650
v -0.04950 0.03800 -0.47650
v 0.09950 0.03800 -0.46850
v -0.09950 0.03800 -0.46850
v 0.14850 0.03800 -0.45550
v -0.14750 0.03800 -0.45550
v 0.19450 0.03800 -0.43750
v -0.19450 0.03800 -0.43750
v 0.23950 0.03800 -0.41450
v -0.23950 0.03800 -0.41450
v 0.28150 0.03800 -0.38750
v -0.28150 0.03800 -0.38750
v 0.32050 0.03800 -0.35550
v -0.32050 0.03800 -0.35550
v 0.35650 0.03800 -0.32050
v -0.35550 0.03800 -0.32050
v 0.38750 0.03800 -0.28150
v -0.38750 0.03800 -0.28150
v 0.41450 0.03800 -0.23950
v -0.41450 0.03800 -0.23950
v 0.43750 0.03800 -0.19450
v -0.43750 0.03800 -0.19450
v 0.45550 0.03800 -0.14750
v -0.45550 0.03800 -0.14750
v 0.46850 0.03800 -0.09950
v -0.46850 0.03800 -0.09950
v 0.47650 0.03800 -0.04950
v -0.47650 0.03800 -0.04950
v 0.47950 0.03800 0.00050
v -0.47850 0.03800 0.00050
v 0.47650 0.03800 0.05050
v -0.47650 0.03800 0.05050
v 0.46850 0.03800 0.09950
v -0.46850 0.03800 0.09950
v 0.45550 0.03800 0.14850
v -0.45550 0.03800 0.14850
v 0.43750 0.03800 0.19550
v -0.43750 0.03800 0.19550
v 0.41450 0.03800 0.23950
v -0.41450 0.03800 0.23950
v 0.38750 0.03800 0.28150
v -0.38750 0.03800 0.28150
v 0.35650 0.03800 0.32050
v -0.35550 0.03800 0.32050
v 0.32050 0.03800 0.35650
v -0.32050 0.03800 0.35650
v 0.28150 0.03800 0.38750
v -0.28150 0.03800 0.38750
v 0.23950 0.03800 0.41550
v -0.23950 0.03800 0.41550
v 0.19450 0.03800 0.43750
v -0.19450 0.03800 0.43750
v 0.14850 0.03800 0.45550
v -0.14750 0.03800 0.45550
v 0.09950 0.03800 0.46850
v -0.09950 0.03800 0.46850
v 0.05050 0.03800 0.47650
v -0.04950 0.03800 0.47650
v 0.00050 0.03800 0.47950
v 0.00050 0.03400 -0.45450
v 0.04750 0.03400 -0.45250
v -0.04750 0.03400 -0.45250
v 0.09450 0.03400 -0.44450
v -0.09450 0.03400 -0.44450
v 0.14050 0.03400 -0.43250
v -0.14050 0.03400 -0.43250
v 0.18550 0.03400 -0.41550
v -0.18550 0.03400 -0.41550
v 0.22750 0.03400 -0.39350
v -0.22750 0.03400 -0.39350
v 0.26750 0.03400 -0.36750
v -0.26750 0.03400 -0.36750
v 0.30450 0.03400 -0.33750
v -0.30450 0.03400 -0.33750
v 0.33850 0.03400 -0.30450
v -0.33850 0.03400 -0.30450
v 0.36850 0.03400 -0.26750
v -0.36850 0.03400 -0.26750
v 0.39450 0.03400 -0.22750
v -0.39450 0.03400 -0.22750
v 0.41550 0.03400 -0.18450
v -0.41550 0.03400 -0.18450
v 0.43250 0.03400 -0.14050
v -0.43250 0.03400 -0.14050
v 0.44550 0.03400 -0.09450
v -0.44550 0.03400 -0.09450
v 0.45250 0.03400 -0.04750
v -0.45250 0.03400 -0.04750
v 0.45550 0.03400 0.00050
v -0.45550 0.03400 0.00050
v 0.45250 0.03400 0.04750
v -0.45250 0.03400 0.04750
v 0.44550 0.03400 0.09450
v -0.44550 0.03400 0.09450
v 0.43250 0.03400 0.14050
v -0.43250 0.03400 0.14050
v 0.41550 0.03400 0.18550
v -0.41550 0.03400 0.18550
v 0.39450 0.03400 0.22750
v -0.39450 0.03400 0.22750
v 0.36850 0.03400 0.26750
v -0.36850 0.03400 0.26750
v 0.33850 0.03400 0.30450
v -0.33850 0.03400 0.30450
v 0.30450 0.03400 0.33850
v -0.30450 0.03400 0.33850
v 0.26750 0.03400 0.36850
v -0.26750 0.03400 0.36850
v 0.22750 0.03400 0.39450
v -0.22750 0.03400 0.39450
v 0.18550 0.03400 0.41650
v -0.18550 0.03400 0.41650
v 0.14050 0.03400 0.43350
v -0.14050 0.03400 0.43350
v 0.09450 0.03400 0.44550
v -0.09450 0.03400 0.44550
v 0.04750 0.03400 0.45250
v -0.04750 0.03400 0.45250
v 0.00050 0.03400 0.45550
v 0.00050 0.03300 -0.45750
v 0.04750 0.03300 -0.45450
v -0.04750 0.03300 -0.45450
v 0.09550 0.03300 -0.44750
v -0.09550 0.03300 -0.44750
v 0.14150 0.03300 -0.43450
v -0.14150 0.03300 -0.43450
v 0.18650 0.03300 -0.41750
v -0.18550 0.03300 -0.41750
v 0.22850 0.03300 -0.39550
v -0.22850 0.03300 -0.39550
v 0.26850 0.03300 -0.36950
v -0.26850 0.03300 -0.36950
v 0.30650 0.03300 -0.33950
v -0.30650 0.03300 -0.33950
v 0.34050 0.03300 -0.30550
v -0.33950 0.03300 -0.30550
v 0.37050 0.03300 -0.26850
v -0.37050 0.03300 -0.26850
v 0.39650 0.03300 -0.22850
v -0.39650 0.03300 -0.22850
v 0.41750 0.03300 -0.18550
v -0.41750 0.03300 -0.18550
v 0.43550 0.03300 -0.14150
v -0.43450 0.03300 -0.14150
v 0.44750 0.03300 -0.09450
v -0.44750 0.03300 -0.09450
v 0.45550 0.03300 -0.04750
v -0.45450 0.03300 -0.04750
v 0.45750 0.03300 0.00050
v -0.45750 0.03300 0.00050
v 0.45550 0.03300 0.04850
v -0.45450 0.03300 0.04850
v 0.44750 0.03300 0.09550
v -0.44750 0.03300 0.09550
v 0.43550 0.03300 0.14150
v -0.43450 0.03300 0.14150
v 0.41750 0.03300 0.18650
v -0.41750 0.03300 0.18650
v 0.39650 0.03300 0.22850
v -0.39650 0.03300 0.22850
v 0.37050 0.03300 0.26950
v -0.37050 0.03300 0.26950
v 0.34050 0.03300 0.30650
v -0.33950 0.03300 0.30650
v 0.30650 0.03300 0.34050
v -0.30650 0.03300 0.34050
v 0.26850 0.03300 0.37050
v -0.26850 0.03300 0.37050
v 0.22850 0.03300 0.39650
v -0.22850 0.03300 0.39650
v 0.18650 0.03300 0.41850
v -0.18550 0.03300 0.41850
v 0.14150 0.03300 0.43550
v -0.14150 0.03300 0.43550
v 0.09550 0.03300 0.44750
v -0.09550 0.03300 0.44750
v 0.04750 0.03300 0.45550
v -0.04750 0.03300 0.45550
v 0.00050 0.03300 0.45750
v 0.63650 0.03000 -0.17050
v 0.63550 0.03000 -0.16950
v 0.63550 0.03000 -0.16750
v 0.64450 0.03000 -0.16550
v 0.64150 0.03000 -0.16450
v 0.64750 0.03000 -0.13850
v 0.63550 0.03000 -0.09650
v 0.63450 0.03000 -0.09450
v -0.63950 0.02800 -0.16750
v -0.70450 0.02800 0.31650
v -0.64250 0.02800 0.40750
v 0.53250 0.02800 0.43350
v -0.54050 0.02800 0.43350
v -0.54150 0.02800 0.43450
v -0.70250 0.02700 -0.09850
v -0.69850 0.02600 -0.07850
v -0.54350 0.02600 0.42450
v 0.53850 0.02600 0.42850
v 0.53650 0.02400 0.42550
v -0.55150 0.02000 0.42850
v 0.50850 0.01900 0.45650
v 0.50950 0.01900 0.45750
v 0.51050 0.01900 0.45950
v 0.07250 0.01700 0.64450
v -0.08050 0.01700 0.64450
v -0.00350 0.01700 0.64750
v 0.12450 0.01500 0.63950
v -0.13150 0.01500 0.63950
v 0.04750 0.01500 0.64550
v -0.05450 0.01500 0.64550
v -0.64050 0.01400 -0.16850
v -0.63850 0.01400 -0.16550
v -0.70350 0.01400 0.31450
v -0.70450 0.01400 0.31850
v -0.64450 0.01400 0.40750
v -0.64250 0.01400 0.40850
v -0.64050 0.01400 0.40950
v -0.70250 0.01300 -0.10050
v -0.70250 0.01300 -0.09850
v -0.70350 0.01300 -0.09650
v -0.70050 0.01300 -0.08050
v -0.69950 0.01300 -0.07850
v 0.30350 0.01200 0.60350
v -0.31050 0.01200 0.60350
v 0.63650 0.01100 -0.16950
v 0.63550 0.01000 -0.09650
v -0.64150 -0.00000 0.40850
v -0.69950 -0.00100 -0.07950
v 0.63750 -0.02900 -0.17050
v -0.64050 -0.02900 -0.16850
v 0.63550 -0.02900 -0.16750
v 0.64550 -0.02900 -0.16550
v -0.63850 -0.02900 -0.16550
v 0.64250 -0.02900 -0.16450
v 0.64850 -0.02900 -0.13950
v -0.70350 -0.02900 -0.10050
v -0.70050 -0.02900 -0.09650
v 0.63650 -0.02900 -0.09450
v -0.70150 -0.02900 -0.08150
v -0.69850 -0.02900 -0.07850
v -0.64150 -0.02900 -0.06050
v -0.64750 -0.02900 -0.06050
v -0.64550 -0.02900 -0.05850
v -0.63850 -0.02900 0.28250
v -0.64150 -0.02900 0.28650
v -0.63250 -0.02900 0.28750
v -0.70450 -0.02900 0.31450
v -0.70550 -0.02900 0.31850
v -0.69850 -0.02900 0.32050
v 0.64050 -0.02900 0.37550
v -0.64150 -0.02900 0.40450
v -0.64450 -0.02900 0.40750
v -0.64150 -0.02900 0.40950
v -0.54550 -0.02900 0.42450
v 0.53850 -0.02900 0.42550
v 0.54050 -0.02900 0.42850
v 0.53550 -0.02900 0.43350
v -0.54250 -0.02900 0.43350
v 0.51050 -0.02900 0.45650
v 0.51250 -0.02900 0.45950
v 0.00050 -0.03200 -0.45750
v 0.04750 -0.03200 -0.45450
v -0.04750 -0.03200 -0.45450
v 0.09550 -0.03200 -0.44750
v -0.09550 -0.03200 -0.44750
v 0.14150 -0.03200 -0.43450
v -0.14150 -0.03200 -0.43450
v 0.18650 -0.03200 -0.41750
v -0.18550 -0.03200 -0.41750
v 0.22850 -0.03200 -0.39550
v -0.22850 -0.03200 -0.39550
v 0.26850 -0.03200 -0.36950
v -0.26850 -0.03200 -0.36950
v 0.30650 -0.03200 -0.33950
v -0.30650 -0.03200 -0.33950
v 0.34050 -0.03200 -0.30550
v -0.33950 -0.03200 -0.30550
v 0.37050 -0.03200 -0.26850
v -0.37050 -0.03200 -0.26850
v 0.39650 -0.03200 -0.22850
v -0.39650 -0.03200 -0.22850
v 0.41750 -0.03200 -0.18550
v -0.41750 -0.03200 -0.18550
v 0.43550 -0.03200 -0.14150
v -0.43450 -0.03200 -0.14150
v 0.44750 -0.03200 -0.09450
v -0.44750 -0.03200 -0.09450
v 0.45550 -0.03200 -0.04750
v -0.45450 -0.03200 -0.04750
v 0.45750 -0.03200 0.00050
v -0.45750 -0.03200 0.00050
v 0.45550 -0.03200 0.04850
v -0.45450 -0.03200 0.04850
v 0.44750 -0.03200 0.09550
v -0.44750 -0.03200 0.09550
v 0.43550 -0.03200 0.14150
v -0.43450 -0.03200 0.14150
v 0.41750 -0.03200 0.18650
v -0.41750 -0.03200 0.18650
v 0.39650 -0.03200 0.22850
v -0.39650 -0.03200 0.22850
v 0.37050 -0.03200 0.26950
v -0.37050 -0.03200 0.26950
v 0.34050 -0.03200 0.30650
v -0.33950 -0.03200 0.30650
v 0.30650 -0.03200 0.34050
v -0.30650 -0.03200 0.34050
v 0.26850 -0.03200 0.37050
v -0.26850 -0.03200 0.37050
v 0.22850 -0.03200 0.39650
v -0.22850 -0.03200 0.39650
v 0.18650 -0.03200 0.41850
v -0.18550 -0.03200 0.41850
v 0.14150 -0.03200 0.43550
v -0.14150 -0.03200 0.43550
v 0.09550 -0.03200 0.44750
v -0.09550 -0.03200 0.44750
v 0.04750 -0.03200 0.45550
v -0.04750 -0.03200 0.45550
v 0.00050 -0.03200 0.45750
v 0.00050 -0.03400 -0.45450
v 0.04750 -0.03400 -0.45250
v -0.04750 -0.03400 -0.45250
v 0.09450 -0.03400 -0.44450
v -0.09450 -0.03400 -0.44450
v 0.14050 -0.03400 -0.43250
v -0.14050 -0.03400 -0.43250
v 0.18550 -0.03400 -0.41550
v -0.18550 -0.03400 -0.41550
v 0.22750 -0.03400 -0.39350
v -0.22750 -0.03400 -0.39350
v 0.26750 -0.03400 -0.36750
v -0.26750 -0.03400 -0.36750
v 0.30450 -0.03400 -0.33750
v -0.30450 -0.03400 -0.33750
v 0.33850 -0.03400 -0.30450
v -0.33850 -0.03400 -0.30450
v 0.36850 -0.03400 -0.26750
v -0.36850 -0.03400 -0.26750
v 0.39450 -0.03400 -0.22750
v -0.39450 -0.03400 -0.22750
v 0.41550 -0.03400 -0.18450
v -0.41550 -0.03400 -0.18450
v 0.43250 -0.03400 -0.14050
v -0.43250 -0.03400 -0.14050
v 0.44550 -0.03400 -0.09450
v -0.44550 -0.03400 -0.09450
v 0.45250 -0.03400 -0.04750
v -0.45250 -0.03400 -0.04750
v 0.45550 -0.03400 0.00050
v -0.45550 -0.03400 0.00050
v 0.45250 -0.03400 0.04750
v -0.45250 -0.03400 0.04750
v 0.44550 -0.03400 0.09450
v -0.44550 -0.03400 0.09450
v 0.43250 -0.03400 0.14050
v -0.43250 -0.03400 0.14050
v 0.41550 -0.03400 0.18550
v -0.41550 -0.03400 0.18550
v 0.39450 -0.03400 0.22750
v -0.39450 -0.03400 0.22750
v 0.36850 -0.03400 0.26750
v -0.36850 -0.03400 0.26750
v 0.33850 -0.03400 0.30450
v -0.33850 -0.03400 0.30450
v 0.30450 -0.03400 0.33850
v -0.30450 -0.03400 0.33850
v 0.26750 -0.03400 0.36850
v -0.26750 -0.03400 0.36850
v 0.22750 -0.03400 0.39450
v -0.22750 -0.03400 0.39450
v 0.18550 -0.03400 0.41650
v -0.18550 -0.03400 0.41650
v 0.14050 -0.03400 0.43350
v -0.14050 -0.03400 0.43350
v 0.09450 -0.03400 0.44550
v -0.09450 -0.03400 0.44550
v 0.04750 -0.03400 0.45250
v -0.04750 -0.03400 0.45250
v 0.00050 -0.03400 0.45550
v 0.00050 -0.03800 -0.47850
v 0.05050 -0.03800 -0.47650
v -0.04950 -0.03800 -0.47650
v 0.09950 -0.03800 -0.46850
v -0.09950 -0.03800 -0.46850
v 0.14850 -0.03800 -0.45550
v -0.14750 -0.03800 -0.45550
v 0.19450 -0.03800 -0.43750
v -0.19450 -0.03800 -0.43750
v 0.23950 -0.03800 -0.41450
v -0.23950 -0.03800 -0.41450
v 0.28150 -0.03800 -0.38750
v -0.28150 -0.03800 -0.38750
v 0.32050 -0.03800 -0.35550
v -0.32050 -0.03800 -0.35550
v 0.35650 -0.03800 -0.32050
v -0.35550 -0.03800 -0.32050
v 0.38750 -0.03800 -0.28150
v -0.38750 -0.03800 -0.28150
v 0.41450 -0.03800 -0.23950
v -0.41450 -0.03800 -0.23950
v 0.43750 -0.03800 -0.19450
v -0.43750 -0.03800 -0.19450
v 0.45550 -0.03800 -0.14750
v -0.45550 -0.03800 -0.14750
v 0.46850 -0.03800 -0.09950
v -0.46850 -0.03800 -0.09950
v 0.47650 -0.03800 -0.04950
v -0.47650 -0.03800 -0.04950
v 0.47950 -0.03800 0.00050
v -0.47850 -0.03800 0.00050
v 0.47650 -0.03800 0.05050
v -0.47650 -0.03800 0.05050
v 0.46850 -0.03800 0.09950
v -0.46850 -0.03800 0.09950
v 0.45550 -0.03800 0.14850
v -0.45550 -0.03800 0.14850
v 0.43750 -0.03800 0.19550
v -0.43750 -0.03800 0.19550
v 0.41450 -0.03800 0.23950
v -0.41450 -0.03800 0.23950
v 0.38750 -0.03800 0.28150
v -0.38750 -0.03800 0.28150
v 0.35650 -0.03800 0.32050
v -0.35550 -0.03800 0.32050
v 0.32050 -0.03800 0.35650
v -0.32050 -0.03800 0.35650
v 0.28150 -0.03800 0.38750
v -0.28150 -0.03800 0.38750
v 0.23950 -0.03800 0.41550
v -0.23950 -0.03800 0.41550
v 0.19450 -0.03800 0.43750
v -0.19450 -0.03800 0.43750
v 0.14850 -0.03800 0.45550
v -0.14750 -0.03800 0.45550
v 0.09950 -0.03800 0.46850
v -0.09950 -0.03800 0.46850
v 0.05050 -0.03800 0.47650
v -0.04950 -0.03800 0.47650
v 0.00050 -0.03800 0.47950
v 0.00050 -0.03900 -0.47650
v 0.04950 -0.03900 -0.47350
v -0.04950 -0.03900 -0.47350
v 0.09950 -0.03900 -0.46550
v -0.09950 -0.03900 -0.46550
v 0.14750 -0.03900 -0.45350
v -0.14750 -0.03900 -0.45350
v 0.19350 -0.03900 -0.43550
v -0.19350 -0.03900 -0.43550
v 0.23850 -0.03900 -0.41250
v -0.23850 -0.03900 -0.41250
v 0.28050 -0.03900 -0.38550
v -0.28050 -0.03900 -0.38550
v 0.31850 -0.03900 -0.35350
v -0.31850 -0.03900 -0.35350
v 0.35450 -0.03900 -0.31850
v -0.35450 -0.03900 -0.31850
v 0.38550 -0.03900 -0.27950
v -0.38550 -0.03900 -0.27950
v 0.41250 -0.03900 -0.23850
v -0.41250 -0.03900 -0.23850
v 0.43550 -0.03900 -0.19350
v -0.43550 -0.03900 -0.19350
v 0.45350 -0.03900 -0.14750
v -0.45350 -0.03900 -0.14750
v 0.46650 -0.03900 -0.09850
v -0.46650 -0.03900 -0.09850
v 0.47450 -0.03900 -0.04950
v -0.47350 -0.03900 -0.04950
v 0.47650 -0.03900 0.00050
v -0.47650 -0.03900 0.00050
v 0.47450 -0.03900 0.05050
v -0.47350 -0.03900 0.05050
v 0.46650 -0.03900 0.09950
v -0.46650 -0.03900 0.09950
v 0.45350 -0.03900 0.14750
v -0.45350 -0.03900 0.14750
v 0.43550 -0.03900 0.19450
v -0.43550 -0.03900 0.19450
v 0.41250 -0.03900 0.23850
v -0.41250 -0.03900 0.23850
v 0.38550 -0.03900 0.28050
v -0.38550 -0.03900 0.28050
v 0.35450 -0.03900 0.31950
v -0.35450 -0.03900 0.31950
v 0.31850 -0.03900 0.35450
v -0.31850 -0.03900 0.35450
v 0.28050 -0.03900 0.38550
v -0.28050 -0.03900 0.38550
v 0.23850 -0.03900 0.41250
v -0.23850 -0.03900 0.41250
v 0.19350 -0.03900 0.43550
v -0.19350 -0.03900 0.43550
v 0.14750 -0.03900 0.45350
v -0.14750 -0.03900 0.45350
v 0.09950 -0.03900 0.46650
v -0.09950 -0.03900 0.46650
v 0.04950 -0.03900 0.47450
v -0.04950 -0.03900 0.47450
v 0.00050 -0.03900 0.47650
v 0.05250 -0.04400 -0.10150
v 0.02450 -0.04400 -0.09950
v -0.02350 -0.04400 -0.09950
v 0.02950 -0.04400 -0.09850
v -0.02950 -0.04400 -0.09850
v 0.07050 -0.04400 -0.07450
v -0.07050 -0.04400 -0.07450
v 0.07450 -0.04400 -0.07050
v -0.07450 -0.04400 -0.07050
v -0.10150 -0.04400 -0.05150
v 0.09850 -0.04400 -0.02850
v -0.09850 -0.04400 -0.02850
v 0.10050 -0.04400 -0.02350
v -0.09950 -0.04400 -0.02350
v 0.11450 -0.04400 -0.00550
v 0.11450 -0.04400 0.00650
v 0.10050 -0.04400 0.02450
v -0.09950 -0.04400 0.02450
v 0.09850 -0.04400 0.02950
v -0.09850 -0.04400 0.02950
v -0.10150 -0.04400 0.05250
v 0.07450 -0.04400 0.07050
v -0.07450 -0.04400 0.07050
v 0.07050 -0.04400 0.07450
v -0.07050 -0.04400 0.07450
v 0.02950 -0.04400 0.09850
v -0.02950 -0.04400 0.09850
v 0.02450 -0.04400 0.10050
v -0.02350 -0.04400 0.10050
v 0.00050 -0.04900 -0.50150
v 0.05250 -0.04900 -0.49850
v -0.05250 -0.04900 -0.49850
v 0.10450 -0.04900 -0.49050
v -0.10450 -0.04900 -0.49050
v 0.15550 -0.04900 -0.47750
v -0.15550 -0.04900 -0.47750
v 0.20450 -0.04900 -0.45850
v -0.20450 -0.04900 -0.45850
v 0.25150 -0.04900 -0.43450
v -0.25050 -0.04900 -0.43450
v 0.29550 -0.04900 -0.40550
v -0.29450 -0.04900 -0.40550
v 0.33550 -0.04900 -0.37250
v -0.33550 -0.04900 -0.37250
v 0.37350 -0.04900 -0.33550
v -0.37250 -0.04900 -0.33550
v 0.40650 -0.04900 -0.29450
v -0.40650 -0.04900 -0.29450
v 0.43450 -0.04900 -0.25050
v -0.43450 -0.04900 -0.25050
v 0.45850 -0.04900 -0.20350
v -0.45850 -0.04900 -0.20350
v 0.47750 -0.04900 -0.15450
v -0.47750 -0.04900 -0.15450
v 0.49150 -0.04900 -0.10450
v -0.49050 -0.04900 -0.10450
v 0.49950 -0.04900 -0.05250
v -0.49950 -0.04900 -0.05250
v 0.50250 -0.04900 0.00050
v -0.50150 -0.04900 0.00050
v 0.49950 -0.04900 0.05250
v -0.49950 -0.04900 0.05250
v 0.49150 -0.04900 0.10450
v -0.49050 -0.04900 0.10450
v 0.47750 -0.04900 0.15550
v -0.47750 -0.04900 0.15550
v 0.45850 -0.04900 0.20450
v -0.45850 -0.04900 0.20450
v 0.43450 -0.04900 0.25150
v -0.43450 -0.04900 0.25150
v 0.40650 -0.04900 0.29550
v -0.40650 -0.04900 0.29550
v 0.37350 -0.04900 0.33650
v -0.37250 -0.04900 0.33650
v 0.33550 -0.04900 0.37350
v -0.33550 -0.04900 0.37350
v 0.29550 -0.04900 0.40650
v -0.29450 -0.04900 0.40650
v 0.25150 -0.04900 0.43450
v -0.25050 -0.04900 0.43450
v 0.20450 -0.04900 0.45850
v -0.20450 -0.04900 0.45850
v 0.15550 -0.04900 0.47750
v -0.15550 -0.04900 0.47750
v 0.10450 -0.04900 0.49150
v -0.10450 -0.04900 0.49150
v 0.05250 -0.04900 0.49950
v -0.05250 -0.04900 0.49950
v 0.00050 -0.04900 0.50250
v 0.00050 -0.05000 -0.49850
v 0.05250 -0.05000 -0.49550
v -0.05250 -0.05000 -0.49550
v 0.10350 -0.05000 -0.48750
v -0.10350 -0.05000 -0.48750
v 0.15450 -0.05000 -0.47450
v -0.15450 -0.05000 -0.47450
v 0.20250 -0.05000 -0.45550
v -0.20250 -0.05000 -0.45550
v 0.24950 -0.05000 -0.43150
v -0.24950 -0.05000 -0.43150
v 0.29350 -0.05000 -0.40350
v -0.29350 -0.05000 -0.40350
v 0.33350 -0.05000 -0.37050
v -0.33350 -0.05000 -0.37050
v 0.37050 -0.05000 -0.33350
v -0.37050 -0.05000 -0.33350
v 0.40350 -0.05000 -0.29250
v -0.40350 -0.05000 -0.29250
v 0.43250 -0.05000 -0.24950
v -0.43150 -0.05000 -0.24950
v 0.45550 -0.05000 -0.20250
v -0.45550 -0.05000 -0.20250
v 0.47450 -0.05000 -0.15350
v -0.47450 -0.05000 -0.15350
v 0.48850 -0.05000 -0.10350
v -0.48750 -0.05000 -0.10350
v 0.49650 -0.05000 -0.05150
v -0.49650 -0.05000 -0.05150
v 0.49850 -0.05000 0.00050
v -0.49850 -0.05000 0.00050
v 0.49650 -0.05000 0.05250
v -0.49650 -0.05000 0.05250
v 0.48850 -0.05000 0.10350
v -0.48750 -0.05000 0.10350
v 0.47450 -0.05000 0.15450
v -0.47450 -0.05000 0.15450
v 0.45550 -0.05000 0.20350
v -0.45550 -0.05000 0.20350
v 0.43250 -0.05000 0.24950
v -0.43150 -0.05000 0.24950
v 0.40350 -0.05000 0.29350
v -0.40350 -0.05000 0.29350
v 0.37050 -0.05000 0.33450
v -0.37050 -0.05000 0.33450
v 0.33350 -0.05000 0.37050
v -0.33350 -0.05000 0.37050
v 0.29350 -0.05000 0.40350
v -0.29350 -0.05000 0.40350
v 0.24950 -0.05000 0.43250
v -0.24950 -0.05000 0.43250
v 0.20250 -0.05000 0.45550
v -0.20250 -0.05000 0.45550
v 0.15450 -0.05000 0.47450
v -0.15450 -0.05000 0.47450
v 0.10350 -0.05000 0.48850
v -0.10350 -0.05000 0.48850
v 0.05250 -0.05000 0.49650
v -0.05250 -0.05000 0.49650
v 0.00050 -0.05000 0.49950
v -0.69950 -0.05600 -0.07950
v 0.00050 -0.05700 -0.51550
v 0.05350 -0.05700 -0.51250
v -0.05350 -0.05700 -0.51250
v 0.10750 -0.05700 -0.50350
v -0.10750 -0.05700 -0.50350
v 0.15950 -0.05700 -0.48950
v -0.15950 -0.05700 -0.48950
v 0.20950 -0.05700 -0.47050
v -0.20950 -0.05700 -0.47050
v 0.25750 -0.05700 -0.44550
v -0.25750 -0.05700 -0.44550
v 0.30250 -0.05700 -0.41650
v -0.30250 -0.05700 -0.41650
v 0.34450 -0.05700 -0.38250
v -0.34450 -0.05700 -0.38250
v 0.38250 -0.05700 -0.34450
v -0.38250 -0.05700 -0.34450
v 0.41650 -0.05700 -0.30250
v -0.41650 -0.05700 -0.30250
v 0.44650 -0.05700 -0.25750
v -0.44650 -0.05700 -0.25750
v 0.47050 -0.05700 -0.20950
v -0.47050 -0.05700 -0.20950
v 0.49050 -0.05700 -0.15850
v -0.48950 -0.05700 -0.15850
v 0.50450 -0.05700 -0.10650
v -0.50350 -0.05700 -0.10650
v 0.51250 -0.05700 -0.05350
v -0.51250 -0.05700 -0.05350
v 0.51550 -0.05700 0.00050
v -0.51550 -0.05700 0.00050
v 0.51250 -0.05700 0.05450
v -0.51250 -0.05700 0.05450
v 0.50450 -0.05700 0.10750
v -0.50350 -0.05700 0.10750
v 0.49050 -0.05700 0.15950
v -0.48950 -0.05700 0.15950
v 0.47050 -0.05700 0.20950
v -0.47050 -0.05700 0.20950
v 0.44650 -0.05700 0.25750
v -0.44650 -0.05700 0.25750
v 0.41650 -0.05700 0.30350
v -0.41650 -0.05700 0.30350
v 0.38250 -0.05700 0.34550
v -0.38250 -0.05700 0.34550
v 0.34450 -0.05700 0.38350
v -0.34450 -0.05700 0.38350
v -0.64150 -0.05700 0.40850
v 0.30250 -0.05700 0.41750
v -0.30250 -0.05700 0.41750
v 0.25750 -0.05700 0.44650
v -0.25750 -0.05700 0.44650
v 0.20950 -0.05700 0.47050
v -0.20950 -0.05700 0.47050
v 0.15950 -0.05700 0.49050
v -0.15950 -0.05700 0.49050
v 0.10750 -0.05700 0.50450
v -0.10750 -0.05700 0.50450
v 0.05350 -0.05700 0.51250
v -0.05350 -0.05700 0.51250
v 0.00050 -0.05700 0.51550
v -0.00250 -0.05900 -0.54650
v 0.05750 -0.05900 -0.54350
v -0.00250 -0.05900 -0.54350
v -0.00450 -0.05900 -0.54350
v 0.05550 -0.05900 -0.54150
v 0.05750 -0.05900 -0.54050
v -0.06250 -0.05900 -0.54050
v -0.06450 -0.05900 -0.54050
v -0.12150 -0.05900 -0.53250
v 0.11650 -0.05900 -0.53150
v 0.11450 -0.05900 -0.53150
v -0.12150 -0.05900 -0.53050
v -0.12350 -0.05900 -0.52950
v 0.17250 -0.05900 -0.51650
v 0.17450 -0.05900 -0.51550
v -0.17950 -0.05900 -0.51550
v -0.18050 -0.05900 -0.51450
v -0.17850 -0.05900 -0.51350
v -0.18050 -0.05900 -0.51350
v 0.22850 -0.05900 -0.49550
v 0.22750 -0.05900 -0.49450
v 0.22950 -0.05900 -0.49350
v -0.23350 -0.05900 -0.49150
v -0.23650 -0.05900 -0.49150
v -0.23550 -0.05900 -0.49050
v 0.28150 -0.05900 -0.46750
v 0.28050 -0.05900 -0.46650
v 0.28250 -0.05900 -0.46450
v -0.28650 -0.05900 -0.46250
v -0.28850 -0.05900 -0.46250
v -0.28850 -0.05900 -0.46150
v 0.33050 -0.05900 -0.43350
v 0.33050 -0.05900 -0.43250
v 0.33150 -0.05900 -0.43150
v -0.33650 -0.05900 -0.42950
v -0.33550 -0.05900 -0.42850
v -0.33750 -0.05900 -0.42750
v -0.33750 -0.05900 -0.42650
v 0.37850 -0.05900 -0.39350
v 0.37550 -0.05900 -0.39350
v 0.37750 -0.05900 -0.39250
v -0.38250 -0.05900 -0.39050
v -0.38050 -0.05900 -0.38850
v -0.38250 -0.05900 -0.38850
v -0.38350 -0.05900 -0.38850
v -0.38250 -0.05900 -0.38750
v 0.41750 -0.05900 -0.35050
v 0.41650 -0.05900 -0.35050
v 0.41950 -0.05900 -0.34950
v 0.41750 -0.05900 -0.34850
v -0.42250 -0.05900 -0.34650
v -0.42050 -0.05900 -0.34450
v -0.42250 -0.05900 -0.34250
v 0.45350 -0.05900 -0.30250
v 0.45250 -0.05900 -0.30250
v 0.45550 -0.05900 -0.30150
v 0.45350 -0.05900 -0.30050
v -0.45850 -0.05900 -0.29750
v -0.45650 -0.05900 -0.29650
v -0.45850 -0.05900 -0.29550
v -0.45750 -0.05900 -0.29450
v 0.48350 -0.05900 -0.25150
v 0.48250 -0.05900 -0.25050
v 0.48350 -0.05900 -0.24850
v -0.48850 -0.05900 -0.24550
v -0.48650 -0.05900 -0.24450
v -0.48750 -0.05900 -0.24350
v -0.48650 -0.05900 -0.24250
v 0.50750 -0.05900 -0.19650
v 0.50850 -0.05900 -0.19450
v -0.51250 -0.05900 -0.19050
v -0.50950 -0.05900 -0.18950
v -0.51050 -0.05900 -0.18750
v -0.51150 -0.05900 -0.18750
v 0.52650 -0.05900 -0.13950
v 0.52850 -0.05900 -0.13750
v 0.52650 -0.05900 -0.13750
v -0.52750 -0.05900 -0.13250
v -0.52850 -0.05900 -0.13050
v 0.53950 -0.05900 -0.08050
v 0.53850 -0.05900 -0.08050
v 0.54050 -0.05900 -0.07850
v 0.53850 -0.05900 -0.07850
v -0.54150 -0.05900 -0.07450
v -0.53950 -0.05900 -0.07350
v -0.53950 -0.05900 -0.07150
v 0.54350 -0.05900 -0.02150
v 0.54650 -0.05900 -0.01850
v 0.54350 -0.05900 -0.01850
v -0.54350 -0.05900 -0.01450
v -0.54650 -0.05900 -0.01450
v -0.54350 -0.05900 -0.01150
v 0.54250 -0.05900 0.03850
v 0.54250 -0.05900 0.04050
v 0.54550 -0.05900 0.04150
v -0.54250 -0.05900 0.04850
v -0.54150 -0.05900 0.05050
v 0.53550 -0.05900 0.09850
v 0.53750 -0.05900 0.10050
v 0.53550 -0.05900 0.10050
v -0.53350 -0.05900 0.10750
v -0.53550 -0.05900 0.10750
v -0.53350 -0.05900 0.10950
v 0.52150 -0.05900 0.15650
v 0.52050 -0.05900 0.15850
v -0.51850 -0.05900 0.16550
v -0.52050 -0.05900 0.16550
v -0.51750 -0.05900 0.16750
v -0.51850 -0.05900 0.16750
v 0.49950 -0.05900 0.21650
v 0.50050 -0.05900 0.21750
v 0.49850 -0.05900 0.21850
v 0.50050 -0.05900 0.21950
v -0.49750 -0.05900 0.22150
v -0.49650 -0.05900 0.22350
v -0.49750 -0.05900 0.22350
v 0.47350 -0.05900 0.27050
v 0.47250 -0.05900 0.27050
v 0.47150 -0.05900 0.27250
v -0.46950 -0.05900 0.27450
v -0.47150 -0.05900 0.27550
v -0.46850 -0.05900 0.27650
v -0.46950 -0.05900 0.27650
v 0.43950 -0.05900 0.32050
v 0.44050 -0.05900 0.32150
v 0.43850 -0.05900 0.32250
v 0.44050 -0.05900 0.32350
v -0.43750 -0.05900 0.32450
v -0.43550 -0.05900 0.32650
v -0.43650 -0.05900 0.32650
v 0.40250 -0.05900 0.36650
v 0.40250 -0.05900 0.36750
v 0.40050 -0.05900 0.36850
v 0.40250 -0.05900 0.37050
v -0.39850 -0.05900 0.37050
v -0.40050 -0.05900 0.37150
v -0.39750 -0.05900 0.37250
v -0.39850 -0.05900 0.37250
v -0.39850 -0.05900 0.37350
v 0.35950 -0.05900 0.40850
v 0.36050 -0.05900 0.40950
v 0.35750 -0.05900 0.41050
v -0.35550 -0.05900 0.41150
v 0.35950 -0.05900 0.41250
v -0.35750 -0.05900 0.41350
v -0.35450 -0.05900 0.41450
v 0.31250 -0.05900 0.44550
v 0.31350 -0.05900 0.44650
v 0.31050 -0.05900 0.44750
v -0.30850 -0.05900 0.44850
v -0.30650 -0.05900 0.44950
v -0.30750 -0.05900 0.45050
v -0.30950 -0.05900 0.45050
v 0.26150 -0.05900 0.47750
v 0.26250 -0.05900 0.47850
v 0.25950 -0.05900 0.47850
v -0.25750 -0.05900 0.47950
v -0.25550 -0.05900 0.48050
v -0.25550 -0.05900 0.48150
v 0.20750 -0.05900 0.50350
v 0.20850 -0.05900 0.50450
v 0.20550 -0.05900 0.50450
v -0.20150 -0.05900 0.50550
v -0.20350 -0.05900 0.50550
v 0.20650 -0.05900 0.50650
v -0.20350 -0.05900 0.50750
v 0.15150 -0.05900 0.52350
v 0.14950 -0.05900 0.52350
v -0.14450 -0.05900 0.52450
v -0.14650 -0.05900 0.52450
v 0.14950 -0.05900 0.52550
v -0.14750 -0.05900 0.52650
v 0.09250 -0.05900 0.53650
v 0.09050 -0.05900 0.53650
v 0.09350 -0.05900 0.53750
v -0.08550 -0.05900 0.53750
v -0.08850 -0.05900 0.53750
v -0.08650 -0.05900 0.53850
v -0.08850 -0.05900 0.53950
v 0.03350 -0.05900 0.54350
v 0.03150 -0.05900 0.54350
v -0.02650 -0.05900 0.54350
v -0.02850 -0.05900 0.54350
v 0.03150 -0.05900 0.54550
v -0.00250 -0.06000 -0.54650
v -0.00450 -0.06000 -0.54650
v 0.03150 -0.06000 -0.54550
v 0.02250 -0.06000 -0.54550
v -0.02850 -0.06000 -0.54550
v -0.03750 -0.06000 -0.54450
v 0.05750 -0.06000 -0.54350
v 0.05550 -0.06000 -0.54350
v -0.06250 -0.06000 -0.54250
v -0.06450 -0.06000 -0.54250
v 0.08150 -0.06000 -0.54050
v 0.09050 -0.06000 -0.53850
v -0.08850 -0.06000 -0.53850
v -0.09750 -0.06000 -0.53750
v 0.11450 -0.06000 -0.53450
v 0.11650 -0.06000 -0.53350
v -0.12150 -0.06000 -0.53250
v -0.12350 -0.06000 -0.53250
v 0.14050 -0.06000 -0.52750
v 0.14950 -0.06000 -0.52550
v -0.14750 -0.06000 -0.52550
v -0.15650 -0.06000 -0.52350
v 0.17250 -0.06000 -0.51850
v 0.17450 -0.06000 -0.51750
v -0.17950 -0.06000 -0.51550
v -0.18150 -0.06000 -0.51550
v 0.02050 -0.06000 -0.51150
v 0.02950 -0.06000 -0.51050
v -0.02750 -0.06000 -0.51050
v -0.03550 -0.06000 -0.51050
v 0.19750 -0.06000 -0.50950
v -0.20450 -0.06000 -0.50650
v 0.20650 -0.06000 -0.50550
v 0.07650 -0.06000 -0.50550
v 0.08550 -0.06000 -0.50450
v -0.08350 -0.06000 -0.50450
v -0.09150 -0.06000 -0.50350
v -0.21250 -0.06000 -0.50350
v 0.22850 -0.06000 -0.49650
v 0.23050 -0.06000 -0.49550
v 0.13150 -0.06000 -0.49450
v -0.23450 -0.06000 -0.49350
v -0.13750 -0.06000 -0.49250
v -0.23650 -0.06000 -0.49250
v 0.13950 -0.06000 -0.49150
v -0.14650 -0.06000 -0.49050
v 0.25250 -0.06000 -0.48450
v -0.25850 -0.06000 -0.48150
v 0.26050 -0.06000 -0.48050
v 0.18550 -0.06000 -0.47650
v -0.26650 -0.06000 -0.47650
v -0.19150 -0.06000 -0.47450
v 0.19350 -0.06000 -0.47350
v -0.19950 -0.06000 -0.47150
v 0.28150 -0.06000 -0.46850
v 0.28350 -0.06000 -0.46650
v -0.28750 -0.06000 -0.46450
v -0.28950 -0.06000 -0.46350
v 0.30450 -0.06000 -0.45350
v 0.23650 -0.06000 -0.45350
v -0.24250 -0.06000 -0.45050
v 0.24350 -0.06000 -0.44950
v -0.30950 -0.06000 -0.44950
v 0.31150 -0.06000 -0.44850
v -0.24950 -0.06000 -0.44650
v -0.31750 -0.06000 -0.44450
v 0.33150 -0.06000 -0.43450
v 0.33350 -0.06000 -0.43250
v -0.33650 -0.06000 -0.42950
v -0.33850 -0.06000 -0.42850
v 0.28450 -0.06000 -0.42450
v -0.29050 -0.06000 -0.42150
v 0.29150 -0.06000 -0.42050
v 0.35250 -0.06000 -0.41750
v -0.29750 -0.06000 -0.41650
v -0.35750 -0.06000 -0.41350
v 0.35950 -0.06000 -0.41150
v -0.36450 -0.06000 -0.40750
v 0.37750 -0.06000 -0.39550
v 0.37850 -0.06000 -0.39350
v 0.32950 -0.06000 -0.39150
v -0.38250 -0.06000 -0.39050
v -0.38350 -0.06000 -0.38850
v -0.33450 -0.06000 -0.38650
v 0.33650 -0.06000 -0.38550
v -0.34150 -0.06000 -0.38150
v 0.39550 -0.06000 -0.37650
v -0.40050 -0.06000 -0.37150
v 0.40250 -0.06000 -0.36950
v -0.40650 -0.06000 -0.36450
v 0.37050 -0.06000 -0.35250
v 0.41850 -0.06000 -0.35150
v 0.41950 -0.06000 -0.34950
v -0.37550 -0.06000 -0.34750
v 0.37650 -0.06000 -0.34650
v -0.42250 -0.06000 -0.34650
v -0.42450 -0.06000 -0.34450
v -0.38050 -0.06000 -0.34150
v 0.43450 -0.06000 -0.33050
v -0.43950 -0.06000 -0.32550
v 0.44050 -0.06000 -0.32350
v -0.44450 -0.06000 -0.31750
v 0.40750 -0.06000 -0.30950
v -0.41150 -0.06000 -0.30450
v 0.45450 -0.06000 -0.30350
v 0.41250 -0.06000 -0.30250
v 0.45550 -0.06000 -0.30150
v -0.41650 -0.06000 -0.29750
v -0.45850 -0.06000 -0.29750
v -0.45950 -0.06000 -0.29550
v 0.46850 -0.06000 -0.28050
v -0.47250 -0.06000 -0.27450
v 0.47350 -0.06000 -0.27350
v -0.47650 -0.06000 -0.26750
v 0.43850 -0.06000 -0.26350
v -0.44250 -0.06000 -0.25750
v 0.44350 -0.06000 -0.25550
v 0.48450 -0.06000 -0.25150
v -0.44650 -0.06000 -0.25050
v 0.48550 -0.06000 -0.24950
v -0.48850 -0.06000 -0.24550
v -0.48950 -0.06000 -0.24350
v 0.49650 -0.06000 -0.22750
v -0.49950 -0.06000 -0.22150
v 0.50050 -0.06000 -0.21950
v 0.46550 -0.06000 -0.21350
v -0.50350 -0.06000 -0.21350
v -0.46750 -0.06000 -0.20750
v 0.46850 -0.06000 -0.20550
v -0.47150 -0.06000 -0.19950
v 0.50950 -0.06000 -0.19650
v 0.51050 -0.06000 -0.19450
v -0.51250 -0.06000 -0.19050
v -0.51250 -0.06000 -0.18850
v 0.51850 -0.06000 -0.17150
v -0.52050 -0.06000 -0.16550
v 0.52150 -0.06000 -0.16350
v 0.48550 -0.06000 -0.16050
v -0.52350 -0.06000 -0.15650
v -0.48750 -0.06000 -0.15450
v 0.48850 -0.06000 -0.15250
v -0.49050 -0.06000 -0.14650
v 0.52850 -0.06000 -0.13950
v 0.52850 -0.06000 -0.13750
v -0.52950 -0.06000 -0.13350
v -0.53050 -0.06000 -0.13050
v 0.53450 -0.06000 -0.11350
v -0.53550 -0.06000 -0.10750
v 0.50050 -0.06000 -0.10650
v 0.53650 -0.06000 -0.10550
v -0.50150 -0.06000 -0.10050
v 0.50250 -0.06000 -0.09850
v -0.53750 -0.06000 -0.09850
v -0.50350 -0.06000 -0.09150
v 0.54050 -0.06000 -0.08150
v 0.54050 -0.06000 -0.07850
v -0.54150 -0.06000 -0.07450
v -0.54150 -0.06000 -0.07150
v 0.54350 -0.06000 -0.05450
v 0.50950 -0.06000 -0.05150
v -0.54450 -0.06000 -0.04750
v 0.54450 -0.06000 -0.04550
v -0.50950 -0.06000 -0.04450
v 0.51050 -0.06000 -0.04250
v -0.54550 -0.06000 -0.03850
v -0.51050 -0.06000 -0.03650
v 0.54650 -0.06000 -0.02150
v 0.54650 -0.06000 -0.01850
v -0.54650 -0.06000 -0.01450
v -0.54650 -0.06000 -0.01150
v 0.54650 -0.06000 0.00550
v 0.51150 -0.06000 0.00550
v -0.51150 -0.06000 0.01150
v -0.54650 -0.06000 0.01250
v 0.51150 -0.06000 0.01350
v 0.54650 -0.06000 0.01450
v -0.51150 -0.06000 0.02250
v -0.54550 -0.06000 0.02350
v 0.54550 -0.06000 0.03850
v 0.54550 -0.06000 0.04150
v -0.54450 -0.06000 0.04850
v -0.54450 -0.06000 0.05050
v 0.50850 -0.06000 0.06150
v 0.54250 -0.06000 0.06550
v 0.50750 -0.06000 0.06950
v -0.50650 -0.06000 0.07050
v 0.54150 -0.06000 0.07450
v -0.54150 -0.06000 0.07450
v -0.50550 -0.06000 0.07850
v -0.53950 -0.06000 0.08350
v 0.53750 -0.06000 0.09850
v 0.53750 -0.06000 0.10050
v -0.53550 -0.06000 0.10750
v -0.53550 -0.06000 0.10950
v 0.49850 -0.06000 0.11650
v 0.53250 -0.06000 0.12450
v 0.49650 -0.06000 0.12450
v -0.49650 -0.06000 0.12550
v 0.53050 -0.06000 0.13350
v -0.49450 -0.06000 0.13350
v -0.52950 -0.06000 0.13350
v -0.52750 -0.06000 0.14250
v 0.52350 -0.06000 0.15650
v 0.52250 -0.06000 0.15950
v -0.52050 -0.06000 0.16550
v -0.51950 -0.06000 0.16850
v 0.48250 -0.06000 0.17050
v -0.47950 -0.06000 0.17850
v 0.51550 -0.06000 0.18250
v 0.47850 -0.06000 0.18250
v -0.47650 -0.06000 0.18650
v -0.51150 -0.06000 0.19150
v 0.51050 -0.06000 0.19550
v -0.50850 -0.06000 0.19950
v 0.50150 -0.06000 0.21750
v 0.50050 -0.06000 0.21950
v -0.49950 -0.06000 0.22250
v -0.49850 -0.06000 0.22450
v 0.45950 -0.06000 0.22650
v -0.45650 -0.06000 0.23050
v 0.45550 -0.06000 0.23450
v -0.45350 -0.06000 0.23850
v 0.49050 -0.06000 0.24150
v -0.48750 -0.06000 0.24650
v 0.48650 -0.06000 0.25050
v -0.48350 -0.06000 0.25450
v 0.47450 -0.06000 0.27150
v 0.47350 -0.06000 0.27350
v 0.43150 -0.06000 0.27550
v -0.47150 -0.06000 0.27550
v -0.47050 -0.06000 0.27750
v -0.42850 -0.06000 0.27950
v 0.42650 -0.06000 0.28250
v -0.42450 -0.06000 0.28650
v 0.46050 -0.06000 0.29450
v -0.45750 -0.06000 0.29850
v 0.45550 -0.06000 0.30150
v -0.45250 -0.06000 0.30550
v 0.44150 -0.06000 0.32150
v 0.39850 -0.06000 0.32150
v 0.44050 -0.06000 0.32350
v -0.39550 -0.06000 0.32450
v -0.43850 -0.06000 0.32550
v 0.39350 -0.06000 0.32750
v -0.43750 -0.06000 0.32750
v -0.39050 -0.06000 0.33150
v 0.42550 -0.06000 0.34350
v -0.42250 -0.06000 0.34650
v 0.41950 -0.06000 0.35050
v -0.41650 -0.06000 0.35350
v 0.36050 -0.06000 0.36350
v -0.35750 -0.06000 0.36650
v 0.40350 -0.06000 0.36850
v 0.35450 -0.06000 0.36950
v 0.40250 -0.06000 0.37050
v -0.40050 -0.06000 0.37150
v -0.35150 -0.06000 0.37250
v -0.39850 -0.06000 0.37350
v 0.38550 -0.06000 0.38750
v -0.38150 -0.06000 0.39150
v 0.37850 -0.06000 0.39450
v -0.37550 -0.06000 0.39750
v 0.31850 -0.06000 0.40050
v -0.31550 -0.06000 0.40350
v 0.31250 -0.06000 0.40550
v -0.30850 -0.06000 0.40850
v 0.36050 -0.06000 0.41050
v 0.35950 -0.06000 0.41250
v -0.35750 -0.06000 0.41350
v -0.35550 -0.06000 0.41550
v 0.34050 -0.06000 0.42750
v -0.33650 -0.06000 0.43050
v 0.33350 -0.06000 0.43350
v 0.27350 -0.06000 0.43350
v -0.26950 -0.06000 0.43550
v -0.32950 -0.06000 0.43650
v 0.26550 -0.06000 0.43750
v -0.26150 -0.06000 0.43950
v 0.31350 -0.06000 0.44750
v 0.31150 -0.06000 0.44950
v -0.30950 -0.06000 0.45050
v -0.30750 -0.06000 0.45150
v 0.22350 -0.06000 0.46050
v 0.29150 -0.06000 0.46250
v -0.21950 -0.06000 0.46250
v 0.21650 -0.06000 0.46450
v -0.28750 -0.06000 0.46450
v -0.21250 -0.06000 0.46550
v 0.28350 -0.06000 0.46750
v -0.27950 -0.06000 0.46950
v 0.26250 -0.06000 0.47950
v 0.26050 -0.06000 0.48050
v -0.25850 -0.06000 0.48150
v 0.17150 -0.06000 0.48250
v -0.25650 -0.06000 0.48250
v -0.16750 -0.06000 0.48350
v 0.16350 -0.06000 0.48550
v -0.15950 -0.06000 0.48650
v 0.23950 -0.06000 0.49150
v -0.23450 -0.06000 0.49350
v 0.23050 -0.06000 0.49550
v -0.22650 -0.06000 0.49750
v 0.11850 -0.06000 0.49850
v -0.11350 -0.06000 0.49950
v 0.10950 -0.06000 0.50050
v -0.10550 -0.06000 0.50150
v 0.20850 -0.06000 0.50550
v 0.20650 -0.06000 0.50650
v -0.20150 -0.06000 0.50750
v -0.20350 -0.06000 0.50750
v 0.06250 -0.06000 0.50850
v -0.05850 -0.06000 0.50850
v 0.05450 -0.06000 0.50950
v -0.04950 -0.06000 0.50950
v 0.00650 -0.06000 0.51150
v -0.00150 -0.06000 0.51150
v 0.18350 -0.06000 0.51450
v -0.17950 -0.06000 0.51650
v 0.17550 -0.06000 0.51750
v -0.17050 -0.06000 0.51950
v 0.15150 -0.06000 0.52550
v 0.14950 -0.06000 0.52550
v -0.14750 -0.06000 0.52650
v -0.14450 -0.06000 0.52750
v 0.12650 -0.06000 0.53150
v -0.12150 -0.06000 0.53350
v 0.11750 -0.06000 0.53450
v -0.11250 -0.06000 0.53450
v 0.09350 -0.06000 0.53850
v 0.09150 -0.06000 0.53950
v -0.08650 -0.06000 0.53950
v -0.08850 -0.06000 0.53950
v 0.06650 -0.06000 0.54250
v 0.05750 -0.06000 0.54350
v -0.06250 -0.06000 0.54350
v -0.05350 -0.06000 0.54450
v 0.03350 -0.06000 0.54550
v 0.03150 -0.06000 0.54550
v -0.02850 -0.06000 0.54550
v 0.00650 -0.06000 0.54650
v -0.00250 -0.06000 0.54650
v -0.02650 -0.06000 0.54650
v 0.00050 -0.06200 -0.51550
v 0.05350 -0.06200 -0.51250
v -0.05350 -0.06200 -0.51250
v 0.10750 -0.06200 -0.50350
v -0.10750 -0.06200 -0.50350
v 0.15950 -0.06200 -0.48950
v -0.15950 -0.06200 -0.48950
v 0.20950 -0.06200 -0.47050
v -0.20950 -0.06200 -0.47050
v 0.25750 -0.06200 -0.44550
v -0.25750 -0.06200 -0.44550
v 0.30250 -0.06200 -0.41650
v -0.30250 -0.06200 -0.41650
v 0.34450 -0.06200 -0.38250
v -0.34450 -0.06200 -0.38250
v 0.38250 -0.06200 -0.34450
v -0.38250 -0.06200 -0.34450
v 0.41650 -0.06200 -0.30250
v -0.41650 -0.06200 -0.30250
v 0.44650 -0.06200 -0.25750
v -0.44650 -0.06200 -0.25750
v 0.47050 -0.06200 -0.20950
v -0.47050 -0.06200 -0.20950
v 0.49050 -0.06200 -0.15850
v -0.48950 -0.06200 -0.15850
v 0.50450 -0.06200 -0.10650
v -0.50350 -0.06200 -0.10650
v 0.51250 -0.06200 -0.05350
v -0.51250 -0.06200 -0.05350
v 0.51550 -0.06200 0.00050
v -0.51550 -0.06200 0.00050
v 0.51250 -0.06200 0.05450
v -0.51250 -0.06200 0.05450
v 0.50450 -0.06200 0.10750
v -0.50350 -0.06200 0.10750
v 0.49050 -0.06200 0.15950
v -0.48950 -0.06200 0.15950
v 0.47050 -0.06200 0.20950
v -0.47050 -0.06200 0.20950
v 0.44650 -0.06200 0.25750
v -0.44650 -0.06200 0.25750
v 0.41650 -0.06200 0.30350
v -0.41650 -0.06200 0.30350
v 0.38250 -0.06200 0.34550
v -0.38250 -0.06200 0.34550
v 0.34450 -0.06200 0.38350
v -0.34450 -0.06200 0.38350
v 0.30250 -0.06200 0.41750
v -0.30250 -0.06200 0.41750
v 0.25750 -0.06200 0.44650
v -0.25750 -0.06200 0.44650
v 0.20950 -0.06200 0.47050
v -0.20950 -0.06200 0.47050
v 0.15950 -0.06200 0.49050
v -0.15950 -0.06200 0.49050
v 0.10750 -0.06200 0.50450
v -0.10750 -0.06200 0.50450
v 0.05350 -0.06200 0.51250
v -0.05350 -0.06200 0.51250
v 0.00050 -0.06200 0.51550
v 0.00050 -0.06400 -0.53250
v 0.05550 -0.06400 -0.52950
v -0.05550 -0.06400 -0.52950
v 0.11050 -0.06400 -0.52150
v -0.11050 -0.06400 -0.52150
v 0.00050 -0.06400 -0.51750
v 0.05450 -0.06400 -0.51450
v -0.05450 -0.06400 -0.51450
v 0.16450 -0.06400 -0.50650
v 0.10750 -0.06400 -0.50650
v -0.10750 -0.06400 -0.50650
v -0.16450 -0.06400 -0.50650
v 0.16050 -0.06400 -0.49250
v -0.15950 -0.06400 -0.49250
v 0.21650 -0.06400 -0.48650
v -0.21650 -0.06400 -0.48650
v 0.21050 -0.06400 -0.47250
v -0.21050 -0.06400 -0.47250
v 0.26650 -0.06400 -0.46150
v -0.26650 -0.06400 -0.46150
v 0.25850 -0.06400 -0.44850
v -0.25850 -0.06400 -0.44850
v 0.31350 -0.06400 -0.43150
v -0.31350 -0.06400 -0.43150
v 0.30450 -0.06400 -0.41850
v -0.30450 -0.06400 -0.41850
v 0.35650 -0.06400 -0.39550
v -0.35650 -0.06400 -0.39550
v 0.34650 -0.06400 -0.38450
v -0.34650 -0.06400 -0.38450
v 0.39650 -0.06400 -0.35650
v -0.39650 -0.06400 -0.35650
v 0.38450 -0.06400 -0.34650
v -0.38450 -0.06400 -0.34650
v 0.43150 -0.06400 -0.31350
v -0.43150 -0.06400 -0.31350
v 0.41950 -0.06400 -0.30450
v -0.41850 -0.06400 -0.30450
v 0.46150 -0.06400 -0.26650
v -0.46150 -0.06400 -0.26650
v 0.44850 -0.06400 -0.25850
v -0.44850 -0.06400 -0.25850
v 0.48750 -0.06400 -0.21650
v -0.48650 -0.06400 -0.21650
v 0.47350 -0.06400 -0.21050
v -0.47250 -0.06400 -0.21050
v 0.50750 -0.06400 -0.16450
v -0.50650 -0.06400 -0.16450
v 0.49250 -0.06400 -0.15950
v -0.49250 -0.06400 -0.15950
v 0.52150 -0.06400 -0.11050
v -0.52150 -0.06400 -0.11050
v 0.50650 -0.06400 -0.10750
v -0.50650 -0.06400 -0.10750
v 0.53050 -0.06400 -0.05550
v -0.53050 -0.06400 -0.05550
v 0.51550 -0.06400 -0.05350
v -0.51450 -0.06400 -0.05350
v 0.53350 -0.06400 0.00050
v 0.51750 -0.06400 0.00050
v -0.51750 -0.06400 0.00050
v -0.53250 -0.06400 0.00050
v 0.51550 -0.06400 0.05450
v -0.51450 -0.06400 0.05450
v 0.53050 -0.06400 0.05550
v -0.53050 -0.06400 0.05550
v 0.50650 -0.06400 0.10750
v -0.50650 -0.06400 0.10750
v 0.52150 -0.06400 0.11150
v -0.52150 -0.06400 0.11150
v 0.49250 -0.06400 0.16050
v -0.49250 -0.06400 0.16050
v 0.50750 -0.06400 0.16450
v -0.50650 -0.06400 0.16450
v 0.47350 -0.06400 0.21050
v -0.47250 -0.06400 0.21050
v 0.48750 -0.06400 0.21750
v -0.48650 -0.06400 0.21750
v 0.44850 -0.06400 0.25950
v -0.44850 -0.06400 0.25950
v 0.46150 -0.06400 0.26650
v -0.46150 -0.06400 0.26650
v 0.41950 -0.06400 0.30450
v -0.41850 -0.06400 0.30450
v 0.43150 -0.06400 0.31350
v -0.43150 -0.06400 0.31350
v 0.38450 -0.06400 0.34650
v -0.38450 -0.06400 0.34650
v 0.39650 -0.06400 0.35650
v -0.39650 -0.06400 0.35650
v 0.34650 -0.06400 0.38550
v -0.34650 -0.06400 0.38550
v 0.35650 -0.06400 0.39650
v -0.35650 -0.06400 0.39650
v 0.30450 -0.06400 0.41950
v -0.30450 -0.06400 0.41950
v 0.31350 -0.06400 0.43150
v -0.31350 -0.06400 0.43150
v 0.25850 -0.06400 0.44850
v -0.25850 -0.06400 0.44850
v 0.26650 -0.06400 0.46150
v -0.26650 -0.06400 0.46150
v 0.21050 -0.06400 0.47350
v -0.21050 -0.06400 0.47350
v 0.21650 -0.06400 0.48750
v -0.21650 -0.06400 0.48750
v 0.16050 -0.06400 0.49250
v -0.15950 -0.06400 0.49250
v 0.10750 -0.06400 0.50650
v -0.10750 -0.06400 0.50650
v 0.16450 -0.06400 0.50750
v -0.16450 -0.06400 0.50750
v 0.05450 -0.06400 0.51550
v -0.05450 -0.06400 0.51550
v 0.00050 -0.06400 0.51850
v 0.11050 -0.06400 0.52150
v -0.11050 -0.06400 0.52150
v 0.05550 -0.06400 0.53050
v -0.05550 -0.06400 0.53050
v 0.00050 -0.06400 0.53350
v 0.00050 -0.06600 -0.53550
v 0.05650 -0.06600 -0.53250
v -0.05550 -0.06600 -0.53250
v 0.11150 -0.06600 -0.52350
v -0.11150 -0.06600 -0.52350
v 0.16550 -0.06600 -0.50950
v -0.16550 -0.06600 -0.50950
v 0.21750 -0.06600 -0.48950
v -0.21750 -0.06600 -0.48950
v 0.26750 -0.06600 -0.46350
v -0.26750 -0.06600 -0.46350
v 0.31450 -0.06600 -0.43350
v -0.31450 -0.06600 -0.43350
v 0.35850 -0.06600 -0.39750
v -0.35850 -0.06600 -0.39750
v 0.39850 -0.06600 -0.35850
v -0.39850 -0.06600 -0.35850
v 0.43350 -0.06600 -0.31450
v -0.43350 -0.06600 -0.31450
v 0.46450 -0.06600 -0.26750
v -0.46350 -0.06600 -0.26750
v 0.48950 -0.06600 -0.21750
v -0.48950 -0.06600 -0.21750
v 0.50950 -0.06600 -0.16550
v -0.50950 -0.06600 -0.16550
v 0.52450 -0.06600 -0.11150
v -0.52350 -0.06600 -0.11150
v 0.53250 -0.06600 -0.05550
v -0.53550 -0.06600 0.00050
v 0.53250 -0.06600 0.05650
v -0.53250 -0.06600 0.05650
v 0.52450 -0.06600 0.11150
v -0.52350 -0.06600 0.11150
v 0.50950 -0.06600 0.16550
v -0.50950 -0.06600 0.16550
v 0.48950 -0.06600 0.21850
v -0.48950 -0.06600 0.21850
v 0.46450 -0.06600 0.26850
v -0.46350 -0.06600 0.26850
v 0.43350 -0.06600 0.31550
v -0.43350 -0.06600 0.31550
v 0.39850 -0.06600 0.35850
v -0.39850 -0.06600 0.35850
v 0.35850 -0.06600 0.39850
v -0.35850 -0.06600 0.39850
v 0.31450 -0.06600 0.43350
v -0.31450 -0.06600 0.43350
v 0.26750 -0.06600 0.46450
v -0.26750 -0.06600 0.46450
v 0.21750 -0.06600 0.48950
v -0.21750 -0.06600 0.48950
v 0.16550 -0.06600 0.50950
v -0.16550 -0.06600 0.50950
v 0.11150 -0.06600 0.52450
v -0.11150 -0.06600 0.52450
v 0.05650 -0.06600 0.53350
v -0.05550 -0.06600 0.53350
v 0.00050 -0.06600 0.53550
v 0.63650 -0.06800 -0.16950
v 0.63550 -0.06800 -0.09650
v 0.30350 -0.06900 0.60350
v -0.31050 -0.06900 0.60350
v 0.29350 -0.06900 0.60550
v -0.30050 -0.06900 0.60550
v -0.70250 -0.07000 -0.10050
v -0.70250 -0.07000 -0.09850
v -0.70350 -0.07000 -0.09650
v -0.70050 -0.07000 -0.08050
v -0.69950 -0.07000 -0.07850
v -0.64050 -0.07100 -0.16850
v -0.63850 -0.07100 -0.16550
v -0.70350 -0.07100 0.31450
v -0.70450 -0.07100 0.31850
v -0.64450 -0.07100 0.40750
v -0.64250 -0.07100 0.40850
v -0.64050 -0.07100 0.40950
v 0.24450 -0.07100 0.61750
v -0.25150 -0.07100 0.61750
v -0.13150 -0.07300 0.63950
v 0.04750 -0.07300 0.64550
v -0.05450 -0.07300 0.64550
v -0.08050 -0.07400 0.64450
v -0.00350 -0.07400 0.64750
v 0.50850 -0.07600 0.45650
v 0.50950 -0.07600 0.45750
v 0.51050 -0.07600 0.45950
v -0.55150 -0.07700 0.42850
v 0.53650 -0.08200 0.42550
v -0.54350 -0.08300 0.42450
v 0.53850 -0.08300 0.42850
v -0.70250 -0.08400 -0.09850
v -0.69850 -0.08400 -0.07850
v -0.63950 -0.08500 -0.16750
v -0.70450 -0.08500 0.31650
v -0.64250 -0.08500 0.40750
v 0.54250 -0.08500 0.42850
v 0.53250 -0.08500 0.43350
v -0.54050 -0.08500 0.43350
v -0.54150 -0.08500 0.43450
v 0.63650 -0.08700 -0.17050
v 0.63550 -0.08700 -0.16950
v 0.63550 -0.08700 -0.16750
v 0.64450 -0.08700 -0.16550
v 0.64150 -0.08700 -0.16450
v 0.64750 -0.08700 -0.13850
v 0.63550 -0.08700 -0.09650
v 0.63450 -0.08700 -0.09450
v 0.30550 -0.09900 0.60250
v -0.31250 -0.09900 0.60250
v -0.00250 -0.10000 -0.54650
v -0.00450 -0.10000 -0.54650
v 0.03150 -0.10000 -0.54550
v 0.02250 -0.10000 -0.54550
v -0.02850 -0.10000 -0.54550
v -0.03750 -0.10000 -0.54450
v 0.05750 -0.10000 -0.54350
v 0.05550 -0.10000 -0.54350
v -0.00250 -0.10000 -0.54350
v -0.00450 -0.10000 -0.54350
v -0.06250 -0.10000 -0.54250
v -0.06450 -0.10000 -0.54250
v 0.05550 -0.10000 -0.54150
v 0.08150 -0.10000 -0.54050
v 0.05750 -0.10000 -0.54050
v -0.06250 -0.10000 -0.54050
v -0.06450 -0.10000 -0.54050
v 0.09050 -0.10000 -0.53850
v -0.08850 -0.10000 -0.53850
v -0.09750 -0.10000 -0.53750
v 0.11450 -0.10000 -0.53450
v 0.11650 -0.10000 -0.53350
v -0.12150 -0.10000 -0.53250
v -0.12350 -0.10000 -0.53250
v 0.11650 -0.10000 -0.53150
v 0.11450 -0.10000 -0.53150
v -0.12150 -0.10000 -0.53050
v -0.12350 -0.10000 -0.52950
v 0.14050 -0.10000 -0.52750
v 0.14950 -0.10000 -0.52550
v -0.14750 -0.10000 -0.52550
v -0.15650 -0.10000 -0.52350
v 0.17250 -0.10000 -0.51850
v 0.17450 -0.10000 -0.51750
v 0.17250 -0.10000 -0.51650
v 0.17450 -0.10000 -0.51550
v -0.17950 -0.10000 -0.51550
v -0.18150 -0.10000 -0.51550
v -0.17850 -0.10000 -0.51350
v -0.18050 -0.10000 -0.51350
v 0.02050 -0.10000 -0.51150
v 0.02950 -0.10000 -0.51050
v -0.02750 -0.10000 -0.51050
v -0.03550 -0.10000 -0.51050
v 0.19750 -0.10000 -0.50950
v -0.20450 -0.10000 -0.50650
v 0.20650 -0.10000 -0.50550
v 0.07650 -0.10000 -0.50550
v 0.08550 -0.10000 -0.50450
v -0.08350 -0.10000 -0.50450
v -0.09150 -0.10000 -0.50350
v -0.21250 -0.10000 -0.50350
v 0.22850 -0.10000 -0.49650
v 0.23050 -0.10000 -0.49550
v 0.22750 -0.10000 -0.49450
v 0.13150 -0.10000 -0.49450
v 0.22950 -0.10000 -0.49350
v -0.23450 -0.10000 -0.49350
v -0.13750 -0.10000 -0.49250
v -0.23650 -0.10000 -0.49250
v 0.13950 -0.10000 -0.49150
v -0.23350 -0.10000 -0.49150
v -0.14650 -0.10000 -0.49050
v -0.23550 -0.10000 -0.49050
v 0.25250 -0.10000 -0.48450
v -0.25850 -0.10000 -0.48150
v 0.26050 -0.10000 -0.48050
v 0.18550 -0.10000 -0.47650
v -0.26650 -0.10000 -0.47650
v -0.19150 -0.10000 -0.47450
v 0.19350 -0.10000 -0.47350
v -0.19950 -0.10000 -0.47150
v 0.28150 -0.10000 -0.46850
v 0.28350 -0.10000 -0.46650
v 0.28050 -0.10000 -0.46650
v 0.28250 -0.10000 -0.46450
v -0.28750 -0.10000 -0.46450
v -0.28950 -0.10000 -0.46350
v -0.28650 -0.10000 -0.46250
v -0.28850 -0.10000 -0.46150
v 0.30450 -0.10000 -0.45350
v 0.23650 -0.10000 -0.45350
v -0.24250 -0.10000 -0.45050
v 0.24350 -0.10000 -0.44950
v -0.30950 -0.10000 -0.44950
v 0.31150 -0.10000 -0.44850
v -0.24950 -0.10000 -0.44650
v -0.31750 -0.10000 -0.44450
v 0.33150 -0.10000 -0.43450
v 0.33350 -0.10000 -0.43250
v 0.33050 -0.10000 -0.43250
v 0.33150 -0.10000 -0.43150
v -0.33650 -0.10000 -0.42950
v -0.33550 -0.10000 -0.42850
v -0.33850 -0.10000 -0.42850
v -0.33750 -0.10000 -0.42650
v 0.28450 -0.10000 -0.42450
v -0.29050 -0.10000 -0.42150
v 0.29150 -0.10000 -0.42050
v 0.35250 -0.10000 -0.41750
v -0.29750 -0.10000 -0.41650
v -0.35750 -0.10000 -0.41350
v 0.35950 -0.10000 -0.41150
v -0.36450 -0.10000 -0.40750
v 0.37750 -0.10000 -0.39550
v 0.37850 -0.10000 -0.39350
v 0.37550 -0.10000 -0.39350
v 0.37750 -0.10000 -0.39250
v 0.32950 -0.10000 -0.39150
v -0.38250 -0.10000 -0.39050
v -0.38050 -0.10000 -0.38850
v -0.38350 -0.10000 -0.38850
v -0.38250 -0.10000 -0.38750
v -0.33450 -0.10000 -0.38650
v 0.33650 -0.10000 -0.38550
v -0.34150 -0.10000 -0.38150
v 0.39550 -0.10000 -0.37650
v -0.40050 -0.10000 -0.37150
v 0.40250 -0.10000 -0.36950
v -0.40650 -0.10000 -0.36450
v 0.37050 -0.10000 -0.35250
v 0.41850 -0.10000 -0.35150
v 0.41650 -0.10000 -0.35050
v 0.41950 -0.10000 -0.34950
v 0.41750 -0.10000 -0.34850
v -0.37550 -0.10000 -0.34750
v 0.37650 -0.10000 -0.34650
v -0.42250 -0.10000 -0.34650
v -0.42050 -0.10000 -0.34450
v -0.42450 -0.10000 -0.34450
v -0.42250 -0.10000 -0.34250
v -0.38050 -0.10000 -0.34150
v 0.43450 -0.10000 -0.33050
v -0.43950 -0.10000 -0.32550
v 0.44050 -0.10000 -0.32350
v -0.44450 -0.10000 -0.31750
v 0.40750 -0.10000 -0.30950
v -0.41150 -0.10000 -0.30450
v 0.45450 -0.10000 -0.30350
v 0.45250 -0.10000 -0.30250
v 0.41250 -0.10000 -0.30250
v 0.45550 -0.10000 -0.30150
v 0.45350 -0.10000 -0.30050
v -0.41650 -0.10000 -0.29750
v -0.45850 -0.10000 -0.29750
v -0.45650 -0.10000 -0.29650
v -0.45950 -0.10000 -0.29550
v -0.45750 -0.10000 -0.29450
v 0.46850 -0.10000 -0.28050
v -0.47250 -0.10000 -0.27450
v 0.47350 -0.10000 -0.27350
v -0.47650 -0.10000 -0.26750
v 0.43850 -0.10000 -0.26350
v -0.44250 -0.10000 -0.25750
v 0.44350 -0.10000 -0.25550
v 0.48450 -0.10000 -0.25150
v 0.48250 -0.10000 -0.25050
v -0.44650 -0.10000 -0.25050
v 0.48550 -0.10000 -0.24950
v 0.48350 -0.10000 -0.24850
v -0.48850 -0.10000 -0.24550
v -0.48650 -0.10000 -0.24450
v -0.48950 -0.10000 -0.24350
v -0.48650 -0.10000 -0.24250
v 0.49650 -0.10000 -0.22750
v -0.49950 -0.10000 -0.22150
v 0.50050 -0.10000 -0.21950
v 0.46550 -0.10000 -0.21350
v -0.50350 -0.10000 -0.21350
v -0.46750 -0.10000 -0.20750
v 0.46850 -0.10000 -0.20550
v -0.47150 -0.10000 -0.19950
v 0.50950 -0.10000 -0.19650
v 0.50750 -0.10000 -0.19650
v 0.51050 -0.10000 -0.19450
v 0.50850 -0.10000 -0.19450
v -0.51250 -0.10000 -0.19050
v -0.50950 -0.10000 -0.18950
v -0.51250 -0.10000 -0.18850
v -0.51050 -0.10000 -0.18750
v 0.51850 -0.10000 -0.17150
v -0.52050 -0.10000 -0.16550
v 0.52150 -0.10000 -0.16350
v 0.48550 -0.10000 -0.16050
v -0.52350 -0.10000 -0.15650
v -0.48750 -0.10000 -0.15450
v 0.48850 -0.10000 -0.15250
v -0.49050 -0.10000 -0.14650
v 0.52850 -0.10000 -0.13950
v 0.52650 -0.10000 -0.13950
v 0.52850 -0.10000 -0.13750
v 0.52650 -0.10000 -0.13750
v -0.52950 -0.10000 -0.13350
v -0.52750 -0.10000 -0.13250
v -0.52850 -0.10000 -0.13050
v -0.53050 -0.10000 -0.13050
v 0.53450 -0.10000 -0.11350
v -0.53550 -0.10000 -0.10750
v 0.50050 -0.10000 -0.10650
v 0.53650 -0.10000 -0.10550
v -0.50150 -0.10000 -0.10050
v 0.50250 -0.10000 -0.09850
v -0.53750 -0.10000 -0.09850
v -0.50350 -0.10000 -0.09150
v 0.54050 -0.10000 -0.08150
v 0.53850 -0.10000 -0.08050
v 0.54050 -0.10000 -0.07850
v 0.53850 -0.10000 -0.07850
v -0.54150 -0.10000 -0.07450
v -0.53950 -0.10000 -0.07350
v -0.53950 -0.10000 -0.07150
v -0.54150 -0.10000 -0.07150
v 0.54350 -0.10000 -0.05450
v 0.50950 -0.10000 -0.05150
v -0.54450 -0.10000 -0.04750
v 0.54450 -0.10000 -0.04550
v -0.50950 -0.10000 -0.04450
v 0.51050 -0.10000 -0.04250
v -0.54550 -0.10000 -0.03850
v -0.51050 -0.10000 -0.03650
v 0.54650 -0.10000 -0.02150
v 0.54350 -0.10000 -0.02150
v 0.54650 -0.10000 -0.01850
v 0.54350 -0.10000 -0.01850
v -0.54350 -0.10000 -0.01450
v -0.54650 -0.10000 -0.01450
v -0.54350 -0.10000 -0.01150
v -0.54650 -0.10000 -0.01150
v 0.54650 -0.10000 0.00550
v 0.51150 -0.10000 0.00550
v -0.51150 -0.10000 0.01150
v -0.54650 -0.10000 0.01250
v 0.51150 -0.10000 0.01350
v 0.54650 -0.10000 0.01450
v -0.51150 -0.10000 0.02250
v -0.54550 -0.10000 0.02350
v 0.54550 -0.10000 0.03850
v 0.54250 -0.10000 0.03850
v 0.54250 -0.10000 0.04050
v 0.54550 -0.10000 0.04150
v -0.54250 -0.10000 0.04850
v -0.54450 -0.10000 0.04850
v -0.54150 -0.10000 0.05050
v -0.54450 -0.10000 0.05050
v 0.50850 -0.10000 0.06150
v 0.54250 -0.10000 0.06550
v 0.50750 -0.10000 0.06950
v -0.50650 -0.10000 0.07050
v 0.54150 -0.10000 0.07450
v -0.54150 -0.10000 0.07450
v -0.50550 -0.10000 0.07850
v -0.53950 -0.10000 0.08350
v 0.53750 -0.10000 0.09850
v 0.53550 -0.10000 0.09850
v 0.53750 -0.10000 0.10050
v 0.53550 -0.10000 0.10050
v -0.53350 -0.10000 0.10750
v -0.53550 -0.10000 0.10750
v -0.53350 -0.10000 0.10950
v -0.53550 -0.10000 0.10950
v 0.49850 -0.10000 0.11650
v 0.53250 -0.10000 0.12450
v 0.49650 -0.10000 0.12450
v -0.49650 -0.10000 0.12550
v 0.53050 -0.10000 0.13350
v -0.49450 -0.10000 0.13350
v -0.52950 -0.10000 0.13350
v -0.52750 -0.10000 0.14250
v 0.52350 -0.10000 0.15650
v 0.52150 -0.10000 0.15650
v 0.52050 -0.10000 0.15850
v 0.52250 -0.10000 0.15950
v -0.51850 -0.10000 0.16550
v -0.52050 -0.10000 0.16550
v -0.51750 -0.10000 0.16750
v -0.51950 -0.10000 0.16850
v 0.48250 -0.10000 0.17050
v -0.47950 -0.10000 0.17850
v 0.51550 -0.10000 0.18250
v 0.47850 -0.10000 0.18250
v -0.47650 -0.10000 0.18650
v -0.51150 -0.10000 0.19150
v 0.51050 -0.10000 0.19550
v -0.50850 -0.10000 0.19950
v 0.49950 -0.10000 0.21650
v 0.50150 -0.10000 0.21750
v 0.49850 -0.10000 0.21850
v 0.50050 -0.10000 0.21950
v -0.49750 -0.10000 0.22150
v -0.49950 -0.10000 0.22250
v -0.49650 -0.10000 0.22350
v -0.49850 -0.10000 0.22450
v 0.45950 -0.10000 0.22650
v -0.45650 -0.10000 0.23050
v 0.45550 -0.10000 0.23450
v -0.45350 -0.10000 0.23850
v 0.49050 -0.10000 0.24150
v -0.48750 -0.10000 0.24650
v 0.48650 -0.10000 0.25050
v -0.48350 -0.10000 0.25450
v 0.47250 -0.10000 0.27050
v 0.47450 -0.10000 0.27150
v 0.47150 -0.10000 0.27250
v 0.47350 -0.10000 0.27350
v -0.46950 -0.10000 0.27450
v 0.43150 -0.10000 0.27550
v -0.47150 -0.10000 0.27550
v -0.46850 -0.10000 0.27650
v -0.47050 -0.10000 0.27750
v -0.42850 -0.10000 0.27950
v 0.42650 -0.10000 0.28250
v -0.42450 -0.10000 0.28650
v 0.46050 -0.10000 0.29450
v -0.45750 -0.10000 0.29850
v 0.45550 -0.10000 0.30150
v -0.45250 -0.10000 0.30550
v 0.43950 -0.10000 0.32050
v 0.44150 -0.10000 0.32150
v 0.39850 -0.10000 0.32150
v 0.43850 -0.10000 0.32250
v 0.44050 -0.10000 0.32350
v -0.39550 -0.10000 0.32450
v -0.43750 -0.10000 0.32450
v -0.43850 -0.10000 0.32550
v -0.43550 -0.10000 0.32650
v 0.39350 -0.10000 0.32750
v -0.43750 -0.10000 0.32750
v -0.39050 -0.10000 0.33150
v 0.42550 -0.10000 0.34350
v -0.42250 -0.10000 0.34650
v 0.41950 -0.10000 0.35050
v -0.41650 -0.10000 0.35350
v 0.36050 -0.10000 0.36350
v 0.40250 -0.10000 0.36650
v -0.35750 -0.10000 0.36650
v 0.40350 -0.10000 0.36850
v 0.40050 -0.10000 0.36850
v 0.35450 -0.10000 0.36950
v 0.40250 -0.10000 0.37050
v -0.39850 -0.10000 0.37050
v -0.40050 -0.10000 0.37150
v -0.35150 -0.10000 0.37250
v -0.39750 -0.10000 0.37250
v -0.39850 -0.10000 0.37350
v 0.38550 -0.10000 0.38750
v -0.38150 -0.10000 0.39150
v 0.37850 -0.10000 0.39450
v -0.37550 -0.10000 0.39750
v 0.31850 -0.10000 0.40050
v -0.31550 -0.10000 0.40350
v 0.31250 -0.10000 0.40550
v 0.35950 -0.10000 0.40850
v -0.30850 -0.10000 0.40850
v 0.36050 -0.10000 0.41050
v 0.35750 -0.10000 0.41050
v -0.35550 -0.10000 0.41150
v 0.35950 -0.10000 0.41250
v -0.35450 -0.10000 0.41350
v -0.35750 -0.10000 0.41350
v -0.35550 -0.10000 0.41550
v 0.34050 -0.10000 0.42750
v -0.33650 -0.10000 0.43050
v 0.33350 -0.10000 0.43350
v 0.27350 -0.10000 0.43350
v -0.26950 -0.10000 0.43550
v -0.32950 -0.10000 0.43650
v 0.26550 -0.10000 0.43750
v -0.26150 -0.10000 0.43950
v 0.31250 -0.10000 0.44550
v 0.31350 -0.10000 0.44750
v 0.31050 -0.10000 0.44750
v -0.30850 -0.10000 0.44850
v 0.31150 -0.10000 0.44950
v -0.30650 -0.10000 0.44950
v -0.30950 -0.10000 0.45050
v -0.30750 -0.10000 0.45150
v 0.22350 -0.10000 0.46050
v 0.29150 -0.10000 0.46250
v -0.21950 -0.10000 0.46250
v 0.21650 -0.10000 0.46450
v -0.28750 -0.10000 0.46450
v -0.21250 -0.10000 0.46550
v 0.28350 -0.10000 0.46750
v -0.27950 -0.10000 0.46950
v 0.26150 -0.10000 0.47750
v 0.25950 -0.10000 0.47850
v 0.26250 -0.10000 0.47950
v -0.25750 -0.10000 0.47950
v 0.26050 -0.10000 0.48050
v -0.25550 -0.10000 0.48050
v -0.25850 -0.10000 0.48150
v 0.17150 -0.10000 0.48250
v -0.25650 -0.10000 0.48250
v -0.16750 -0.10000 0.48350
v 0.16350 -0.10000 0.48550
v -0.15950 -0.10000 0.48650
v 0.23950 -0.10000 0.49150
v -0.23450 -0.10000 0.49350
v 0.23050 -0.10000 0.49550
v -0.22650 -0.10000 0.49750
v 0.11850 -0.10000 0.49850
v -0.11350 -0.10000 0.49950
v 0.10950 -0.10000 0.50050
v -0.10550 -0.10000 0.50150
v 0.20750 -0.10000 0.50350
v 0.20550 -0.10000 0.50450
v 0.20850 -0.10000 0.50550
v -0.20150 -0.10000 0.50550
v -0.20350 -0.10000 0.50550
v 0.20650 -0.10000 0.50650
v -0.20150 -0.10000 0.50750
v -0.20350 -0.10000 0.50750
v 0.06250 -0.10000 0.50850
v -0.05850 -0.10000 0.50850
v 0.05450 -0.10000 0.50950
v -0.04950 -0.10000 0.50950
v 0.00650 -0.10000 0.51150
v -0.00150 -0.10000 0.51150
v 0.18350 -0.10000 0.51450
v -0.17950 -0.10000 0.51650
v 0.17550 -0.10000 0.51750
v -0.17050 -0.10000 0.51950
v 0.15150 -0.10000 0.52350
v 0.14950 -0.10000 0.52350
v -0.14450 -0.10000 0.52450
v -0.14650 -0.10000 0.52450
v 0.15150 -0.10000 0.52550
v 0.14950 -0.10000 0.52550
v -0.14750 -0.10000 0.52650
v -0.14450 -0.10000 0.52750
v 0.12650 -0.10000 0.53150
v -0.12150 -0.10000 0.53350
v 0.11750 -0.10000 0.53450
v -0.11250 -0.10000 0.53450
v 0.09250 -0.10000 0.53650
v 0.09050 -0.10000 0.53650
v -0.08550 -0.10000 0.53750
v -0.08850 -0.10000 0.53750
v 0.09350 -0.10000 0.53850
v 0.09150 -0.10000 0.53950
v -0.08650 -0.10000 0.53950
v -0.08850 -0.10000 0.53950
v 0.06650 -0.10000 0.54250
v 0.05750 -0.10000 0.54350
v 0.03350 -0.10000 0.54350
v 0.03150 -0.10000 0.54350
v -0.02650 -0.10000 0.54350
v -0.02850 -0.10000 0.54350
v -0.06250 -0.10000 0.54350
v -0.05350 -0.10000 0.54450
v 0.03350 -0.10000 0.54550
v 0.03150 -0.10000 0.54550
v -0.02850 -0.10000 0.54550
v 0.00650 -0.10000 0.54650
v -0.00250 -0.10000 0.54650
v -0.02650 -0.10000 0.54650
v 0.00050 -0.10100 -0.53550
v 0.05650 -0.10100 -0.53250
v -0.05550 -0.10100 -0.53250
v 0.11150 -0.10100 -0.52450
v -0.11150 -0.10100 -0.52450
v 0.00050 -0.10100 -0.51350
v 0.05350 -0.10100 -0.51050
v -0.05350 -0.10100 -0.51050
v 0.16550 -0.10100 -0.50950
v -0.16550 -0.10100 -0.50950
v 0.10650 -0.10100 -0.50250
v -0.10650 -0.10100 -0.50250
v 0.21850 -0.10100 -0.48950
v -0.21750 -0.10100 -0.48950
v 0.15850 -0.10100 -0.48850
v -0.15850 -0.10100 -0.48850
v 0.20950 -0.10100 -0.46950
v -0.20850 -0.10100 -0.46950
v 0.26850 -0.10100 -0.46350
v -0.26750 -0.10100 -0.46350
v 0.25750 -0.10100 -0.44450
v -0.25650 -0.10100 -0.44450
v 0.31550 -0.10100 -0.43350
v -0.31450 -0.10100 -0.43350
v 0.30250 -0.10100 -0.41550
v -0.30150 -0.10100 -0.41550
v 0.35850 -0.10100 -0.39850
v -0.35850 -0.10100 -0.39850
v 0.34350 -0.10100 -0.38150
v -0.34350 -0.10100 -0.38150
v 0.39850 -0.10100 -0.35850
v -0.39850 -0.10100 -0.35850
v 0.38150 -0.10100 -0.34350
v -0.38150 -0.10100 -0.34350
v 0.43350 -0.10100 -0.31450
v -0.43350 -0.10100 -0.31450
v 0.41550 -0.10100 -0.30150
v -0.41550 -0.10100 -0.30150
v 0.46450 -0.10100 -0.26750
v -0.46450 -0.10100 -0.26750
v 0.44550 -0.10100 -0.25650
v -0.44450 -0.10100 -0.25650
v 0.48950 -0.10100 -0.21750
v -0.48950 -0.10100 -0.21750
v 0.46950 -0.10100 -0.20850
v -0.46950 -0.10100 -0.20850
v 0.50950 -0.10100 -0.16550
v -0.50950 -0.10100 -0.16550
v 0.48850 -0.10100 -0.15850
v -0.48850 -0.10100 -0.15850
v 0.52450 -0.10100 -0.11150
v -0.52450 -0.10100 -0.11150
v 0.50250 -0.10100 -0.10650
v -0.50250 -0.10100 -0.10650
v 0.53350 -0.10100 -0.05550
v -0.53350 -0.10100 -0.05550
v 0.51150 -0.10100 -0.05350
v -0.51150 -0.10100 -0.05350
v 0.53650 -0.10100 0.00050
v 0.51350 -0.10100 0.00050
v -0.51350 -0.10100 0.00050
v -0.53550 -0.10100 0.00050
v 0.51150 -0.10100 0.05350
v -0.51150 -0.10100 0.05350
v 0.53350 -0.10100 0.05650
v -0.53350 -0.10100 0.05650
v 0.50250 -0.10100 0.10750
v -0.50250 -0.10100 0.10750
v 0.52450 -0.10100 0.11150
v -0.52450 -0.10100 0.11150
v 0.48850 -0.10100 0.15950
v -0.48850 -0.10100 0.15950
v 0.50950 -0.10100 0.16550
v -0.50950 -0.10100 0.16550
v 0.46950 -0.10100 0.20950
v -0.46950 -0.10100 0.20950
v 0.48950 -0.10100 0.21850
v -0.48950 -0.10100 0.21850
v 0.44550 -0.10100 0.25750
v -0.44450 -0.10100 0.25750
v 0.46450 -0.10100 0.26850
v -0.46450 -0.10100 0.26850
v 0.41550 -0.10100 0.30250
v -0.41550 -0.10100 0.30250
v 0.43350 -0.10100 0.31550
v -0.43350 -0.10100 0.31550
v 0.38150 -0.10100 0.34450
v -0.38150 -0.10100 0.34450
v 0.39850 -0.10100 0.35850
v -0.39850 -0.10100 0.35850
v 0.34350 -0.10100 0.38250
v -0.34350 -0.10100 0.38250
v 0.35850 -0.10100 0.39850
v -0.35850 -0.10100 0.39850
v 0.30250 -0.10100 0.41650
v -0.30150 -0.10100 0.41650
v 0.31550 -0.10100 0.43350
v -0.31450 -0.10100 0.43350
v 0.25750 -0.10100 0.44550
v -0.25650 -0.10100 0.44550
v 0.26850 -0.10100 0.46450
v -0.26750 -0.10100 0.46450
v 0.20950 -0.10100 0.46950
v -0.20850 -0.10100 0.46950
v 0.21850 -0.10100 0.48950
v 0.15850 -0.10100 0.48950
v -0.15850 -0.10100 0.48950
v -0.21750 -0.10100 0.48950
v 0.10650 -0.10100 0.50250
v -0.10650 -0.10100 0.50250
v 0.16550 -0.10100 0.51050
v -0.16550 -0.10100 0.51050
v 0.05350 -0.10100 0.51150
v -0.05350 -0.10100 0.51150
v 0.00050 -0.10100 0.51450
v 0.11150 -0.10100 0.52450
v -0.11150 -0.10100 0.52450
v 0.05650 -0.10100 0.53350
v -0.05550 -0.10100 0.53350
v 0.00050 -0.10100 0.53650
v -0.64650 -0.10500 -0.05850
v 0.64650 -0.10700 -0.13750
v 0.01150 -0.10900 -0.54650
v -0.01350 -0.10900 -0.54650
v -0.01550 -0.10900 -0.54650
v 0.02050 -0.10900 -0.54550
v 0.04650 -0.10900 -0.54450
v 0.04450 -0.10900 -0.54450
v -0.03950 -0.10900 -0.54450
v -0.04850 -0.10900 -0.54450
v -0.01350 -0.10900 -0.54350
v -0.01550 -0.10900 -0.54350
v 0.04450 -0.10900 -0.54250
v 0.07150 -0.10900 -0.54150
v 0.04650 -0.10900 -0.54150
v -0.07350 -0.10900 -0.54150
v 0.08050 -0.10900 -0.54050
v -0.07550 -0.10900 -0.54050
v -0.07250 -0.10900 -0.53950
v -0.07550 -0.10900 -0.53850
v -0.09950 -0.10900 -0.53750
v 0.10450 -0.10900 -0.53650
v 0.10650 -0.10900 -0.53550
v -0.10850 -0.10900 -0.53550
v 0.10550 -0.10900 -0.53350
v 0.10350 -0.10900 -0.53350
v 0.13050 -0.10900 -0.53050
v -0.13250 -0.10900 -0.52950
v -0.13450 -0.10900 -0.52950
v 0.13850 -0.10900 -0.52850
v -0.13150 -0.10900 -0.52750
v -0.13350 -0.10900 -0.52750
v -0.15750 -0.10900 -0.52250
v 0.16250 -0.10900 -0.52150
v 0.16450 -0.10900 -0.52050
v -0.16650 -0.10900 -0.52050
v 0.16150 -0.10900 -0.51950
v 0.16350 -0.10900 -0.51850
v 0.18750 -0.10900 -0.51350
v -0.18950 -0.10900 -0.51250
v -0.19150 -0.10900 -0.51150
v -0.18850 -0.10900 -0.51050
v 0.19650 -0.10900 -0.50950
v -0.19050 -0.10900 -0.50950
v 0.01850 -0.10900 -0.50850
v 0.01050 -0.10900 -0.50850
v -0.03750 -0.10900 -0.50750
v -0.04550 -0.10900 -0.50750
v 0.06650 -0.10900 -0.50450
v 0.07450 -0.10900 -0.50350
v -0.21450 -0.10900 -0.50250
v 0.21850 -0.10900 -0.50050
v -0.09250 -0.10900 -0.50050
v 0.22050 -0.10900 -0.49950
v 0.21750 -0.10900 -0.49850
v -0.10050 -0.10900 -0.49850
v -0.22250 -0.10900 -0.49850
v 0.21950 -0.10900 -0.49750
v 0.12150 -0.10900 -0.49450
v 0.12950 -0.10900 -0.49250
v 0.24250 -0.10900 -0.48950
v -0.24450 -0.10900 -0.48850
v -0.14750 -0.10900 -0.48750
v -0.24650 -0.10900 -0.48750
v -0.24350 -0.10900 -0.48650
v 0.25050 -0.10900 -0.48550
v -0.24550 -0.10900 -0.48550
v -0.15550 -0.10900 -0.48450
v 0.17450 -0.10900 -0.47850
v 0.18250 -0.10900 -0.47550
v -0.26850 -0.10900 -0.47550
v 0.27250 -0.10900 -0.47350
v 0.27450 -0.10900 -0.47250
v 0.27150 -0.10900 -0.47150
v -0.27650 -0.10900 -0.47150
v 0.27350 -0.10900 -0.47050
v -0.19950 -0.10900 -0.46850
v -0.20750 -0.10900 -0.46450
v 0.29550 -0.10900 -0.45950
v -0.29650 -0.10900 -0.45850
v -0.29850 -0.10900 -0.45750
v 0.22650 -0.10900 -0.45650
v -0.29550 -0.10900 -0.45650
v -0.29750 -0.10900 -0.45550
v 0.30250 -0.10900 -0.45450
v 0.23350 -0.10900 -0.45250
v -0.24950 -0.10900 -0.44350
v -0.31850 -0.10900 -0.44350
v 0.32250 -0.10900 -0.44050
v 0.32450 -0.10900 -0.43950
v -0.25750 -0.10900 -0.43950
v 0.32150 -0.10900 -0.43850
v -0.32650 -0.10900 -0.43850
v 0.32350 -0.10900 -0.43750
v 0.27550 -0.10900 -0.42850
v 0.34350 -0.10900 -0.42450
v 0.28250 -0.10900 -0.42350
v -0.34550 -0.10900 -0.42350
v -0.34350 -0.10900 -0.42150
v -0.34750 -0.10900 -0.42150
v -0.34550 -0.10900 -0.42050
v 0.35050 -0.10900 -0.41850
v -0.29750 -0.10900 -0.41350
v -0.30350 -0.10900 -0.40850
v -0.36550 -0.10900 -0.40550
v 0.36950 -0.10900 -0.40250
v 0.37050 -0.10900 -0.40150
v 0.36750 -0.10900 -0.40150
v 0.36950 -0.10900 -0.39950
v -0.37250 -0.10900 -0.39950
v 0.32050 -0.10900 -0.39550
v 0.32650 -0.10900 -0.39050
v 0.38850 -0.10900 -0.38450
v -0.38950 -0.10900 -0.38250
v -0.38850 -0.10900 -0.38150
v -0.39150 -0.10900 -0.38150
v -0.38950 -0.10900 -0.37950
v -0.34050 -0.10900 -0.37850
v 0.39450 -0.10900 -0.37750
v -0.34750 -0.10900 -0.37250
v -0.40750 -0.10900 -0.36350
v 0.41150 -0.10900 -0.35950
v 0.41250 -0.10900 -0.35850
v 0.40950 -0.10900 -0.35850
v 0.36150 -0.10900 -0.35850
v 0.41050 -0.10900 -0.35650
v -0.41350 -0.10900 -0.35650
v 0.36750 -0.10900 -0.35250
v 0.42850 -0.10900 -0.33950
v -0.38050 -0.10900 -0.33850
v -0.42950 -0.10900 -0.33750
v -0.42750 -0.10900 -0.33650
v -0.43050 -0.10900 -0.33550
v -0.42950 -0.10900 -0.33450
v 0.43350 -0.10900 -0.33250
v -0.38550 -0.10900 -0.33250
v 0.39950 -0.10900 -0.31650
v -0.44550 -0.10900 -0.31650
v 0.44850 -0.10900 -0.31250
v 0.44650 -0.10900 -0.31150
v 0.44950 -0.10900 -0.31050
v 0.44750 -0.10900 -0.30950
v 0.40450 -0.10900 -0.30950
v -0.45050 -0.10900 -0.30850
v -0.41550 -0.10900 -0.29450
v 0.46250 -0.10900 -0.29050
v -0.46350 -0.10900 -0.28850
v -0.41950 -0.10900 -0.28750
v -0.46250 -0.10900 -0.28750
v -0.46550 -0.10900 -0.28650
v -0.46350 -0.10900 -0.28550
v 0.46750 -0.10900 -0.28250
v 0.43150 -0.10900 -0.27050
v -0.47750 -0.10900 -0.26550
v 0.43550 -0.10900 -0.26350
v 0.47950 -0.10900 -0.26150
v 0.47750 -0.10900 -0.26050
v 0.48050 -0.10900 -0.25950
v 0.47850 -0.10900 -0.25850
v -0.48150 -0.10900 -0.25750
v -0.44550 -0.10900 -0.24750
v -0.44950 -0.10900 -0.23950
v 0.49250 -0.10900 -0.23750
v -0.49250 -0.10900 -0.23550
v -0.49050 -0.10900 -0.23450
v -0.49350 -0.10900 -0.23350
v -0.49150 -0.10900 -0.23250
v 0.49550 -0.10900 -0.22950
v 0.45850 -0.10900 -0.22150
v 0.46250 -0.10900 -0.21350
v -0.50350 -0.10900 -0.21150
v 0.50550 -0.10900 -0.20750
v 0.50350 -0.10900 -0.20650
v 0.50650 -0.10900 -0.20550
v 0.50450 -0.10900 -0.20450
v -0.50750 -0.10900 -0.20350
v -0.46950 -0.10900 -0.19650
v -0.47250 -0.10900 -0.18950
v 0.51550 -0.10900 -0.18250
v -0.51550 -0.10900 -0.18050
v -0.51350 -0.10900 -0.17950
v -0.51650 -0.10900 -0.17850
v -0.51450 -0.10900 -0.17750
v 0.51850 -0.10900 -0.17350
v 0.48050 -0.10900 -0.16950
v 0.48250 -0.10900 -0.16150
v -0.52350 -0.10900 -0.15450
v 0.52550 -0.10900 -0.15050
v 0.52350 -0.10900 -0.14950
v 0.52550 -0.10900 -0.14850
v 0.52350 -0.10900 -0.14750
v -0.52650 -0.10900 -0.14650
v -0.48850 -0.10900 -0.14450
v -0.49050 -0.10900 -0.13650
v 0.53250 -0.10900 -0.12450
v -0.53250 -0.10900 -0.12250
v -0.53050 -0.10900 -0.12150
v -0.53250 -0.10900 -0.12050
v -0.53050 -0.10900 -0.11950
v 0.49550 -0.10900 -0.11650
v 0.53450 -0.10900 -0.11550
v 0.49750 -0.10900 -0.10750
v -0.53750 -0.10900 -0.09650
v 0.53850 -0.10900 -0.09150
v 0.53650 -0.10900 -0.09150
v 0.53950 -0.10900 -0.08950
v 0.53650 -0.10900 -0.08950
v -0.50150 -0.10900 -0.08950
v -0.53950 -0.10900 -0.08750
v -0.50250 -0.10900 -0.08150
v 0.54250 -0.10900 -0.06550
v -0.54250 -0.10900 -0.06350
v -0.54050 -0.10900 -0.06250
v -0.54250 -0.10900 -0.06150
v 0.50550 -0.10900 -0.06050
v -0.54050 -0.10900 -0.06050
v 0.54350 -0.10900 -0.05650
v 0.50650 -0.10900 -0.05250
v -0.54550 -0.10900 -0.03650
v -0.50850 -0.10900 -0.03450
v 0.54550 -0.10900 -0.03250
v 0.54350 -0.10900 -0.03150
v 0.54550 -0.10900 -0.02950
v 0.54350 -0.10900 -0.02950
v -0.54550 -0.10900 -0.02750
v -0.50850 -0.10900 -0.02550
v 0.54650 -0.10900 -0.00550
v 0.50950 -0.10900 -0.00550
v -0.54450 -0.10900 -0.00350
v -0.54650 -0.10900 -0.00350
v -0.54450 -0.10900 -0.00150
v -0.54650 -0.10900 -0.00150
v 0.54650 -0.10900 0.00350
v 0.50950 -0.10900 0.00350
v -0.50850 -0.10900 0.02150
v -0.54550 -0.10900 0.02350
v 0.54550 -0.10900 0.02750
v 0.54350 -0.10900 0.02750
v 0.54550 -0.10900 0.03050
v 0.54350 -0.10900 0.03050
v -0.50850 -0.10900 0.03450
v -0.54550 -0.10900 0.03650
v 0.50650 -0.10900 0.05050
v 0.54350 -0.10900 0.05450
v 0.50550 -0.10900 0.05950
v -0.54050 -0.10900 0.06050
v -0.54250 -0.10900 0.06150
v 0.54250 -0.10900 0.06350
v -0.54050 -0.10900 0.06350
v -0.54250 -0.10900 0.06350
v -0.50250 -0.10900 0.08150
v 0.53950 -0.10900 0.08750
v 0.53750 -0.10900 0.08750
v -0.53950 -0.10900 0.08750
v 0.53950 -0.10900 0.08950
v 0.53650 -0.10900 0.08950
v -0.50150 -0.10900 0.08950
v -0.53750 -0.10900 0.09650
v 0.49850 -0.10900 0.10650
v 0.53450 -0.10900 0.11350
v 0.49650 -0.10900 0.11450
v -0.53050 -0.10900 0.11950
v -0.53350 -0.10900 0.12050
v -0.53050 -0.10900 0.12150
v 0.53250 -0.10900 0.12250
v -0.53250 -0.10900 0.12250
v -0.49050 -0.10900 0.13650
v -0.48850 -0.10900 0.14450
v 0.52450 -0.10900 0.14550
v 0.52650 -0.10900 0.14650
v -0.52650 -0.10900 0.14650
v 0.52350 -0.10900 0.14750
v 0.52650 -0.10900 0.14850
v -0.52450 -0.10900 0.15450
v 0.48350 -0.10900 0.16050
v 0.48050 -0.10900 0.17050
v 0.51850 -0.10900 0.17150
v -0.51450 -0.10900 0.17750
v -0.51650 -0.10900 0.17850
v -0.51350 -0.10900 0.17950
v -0.51550 -0.10900 0.18050
v 0.51550 -0.10900 0.18350
v -0.47250 -0.10900 0.18950
v -0.46950 -0.10900 0.19750
v -0.50750 -0.10900 0.20350
v 0.50650 -0.10900 0.20550
v 0.50450 -0.10900 0.20550
v 0.50350 -0.10900 0.20750
v 0.50550 -0.10900 0.20850
v -0.50350 -0.10900 0.21150
v 0.46250 -0.10900 0.21450
v 0.45850 -0.10900 0.22250
v 0.49550 -0.10900 0.23050
v -0.49150 -0.10900 0.23250
v -0.49350 -0.10900 0.23350
v -0.49050 -0.10900 0.23450
v -0.49350 -0.10900 0.23550
v 0.49150 -0.10900 0.23850
v -0.44950 -0.10900 0.24050
v -0.44550 -0.10900 0.24750
v -0.48250 -0.10900 0.25750
v 0.47850 -0.10900 0.25950
v 0.48050 -0.10900 0.26050
v 0.47750 -0.10900 0.26150
v 0.47950 -0.10900 0.26250
v 0.43550 -0.10900 0.26450
v -0.47750 -0.10900 0.26550
v 0.43150 -0.10900 0.27150
v 0.46750 -0.10900 0.28350
v -0.46350 -0.10900 0.28550
v -0.46550 -0.10900 0.28650
v -0.42050 -0.10900 0.28750
v -0.46250 -0.10900 0.28750
v -0.46450 -0.10900 0.28850
v 0.46250 -0.10900 0.29150
v -0.41550 -0.10900 0.29450
v -0.45050 -0.10900 0.30850
v 0.44750 -0.10900 0.31050
v 0.40450 -0.10900 0.31050
v 0.44950 -0.10900 0.31150
v 0.44650 -0.10900 0.31250
v 0.44750 -0.10900 0.31350
v -0.44550 -0.10900 0.31650
v 0.39850 -0.10900 0.31750
v -0.38650 -0.10900 0.33250
v 0.43350 -0.10900 0.33350
v -0.42950 -0.10900 0.33450
v -0.43150 -0.10900 0.33550
v -0.42750 -0.10900 0.33650
v -0.42950 -0.10900 0.33750
v -0.38050 -0.10900 0.33850
v 0.42750 -0.10900 0.34050
v 0.36750 -0.10900 0.35250
v -0.41450 -0.10900 0.35650
v 0.41050 -0.10900 0.35750
v 0.41250 -0.10900 0.35850
v 0.36150 -0.10900 0.35850
v 0.40950 -0.10900 0.35950
v 0.41050 -0.10900 0.36050
v -0.40850 -0.10900 0.36350
v -0.34750 -0.10900 0.37250
v 0.39450 -0.10900 0.37850
v -0.34150 -0.10900 0.37850
v -0.39050 -0.10900 0.37950
v -0.38850 -0.10900 0.38150
v -0.39150 -0.10900 0.38150
v -0.39050 -0.10900 0.38250
v 0.38850 -0.10900 0.38550
v 0.32650 -0.10900 0.39150
v 0.32050 -0.10900 0.39650
v -0.37250 -0.10900 0.39950
v 0.36850 -0.10900 0.40050
v 0.36750 -0.10900 0.40150
v 0.37050 -0.10900 0.40250
v 0.36850 -0.10900 0.40350
v -0.36550 -0.10900 0.40650
v -0.30450 -0.10900 0.40850
v -0.29750 -0.10900 0.41350
v 0.35050 -0.10900 0.41950
v -0.34550 -0.10900 0.42050
v -0.34450 -0.10900 0.42150
v -0.34750 -0.10900 0.42150
v -0.34550 -0.10900 0.42350
v 0.28150 -0.10900 0.42450
v 0.34350 -0.10900 0.42550
v 0.27450 -0.10900 0.42950
v 0.32250 -0.10900 0.43850
v -0.32650 -0.10900 0.43850
v 0.32150 -0.10900 0.43950
v -0.25750 -0.10900 0.43950
v 0.32450 -0.10900 0.44050
v 0.32250 -0.10900 0.44150
v -0.25050 -0.10900 0.44350
v -0.31950 -0.10900 0.44350
v 0.23350 -0.10900 0.45250
v 0.30250 -0.10900 0.45550
v -0.29750 -0.10900 0.45550
v 0.22550 -0.10900 0.45650
v -0.29550 -0.10900 0.45650
v -0.29950 -0.10900 0.45750
v -0.29750 -0.10900 0.45850
v 0.29450 -0.10900 0.46050
v -0.20750 -0.10900 0.46550
v -0.20050 -0.10900 0.46850
v 0.27250 -0.10900 0.47150
v -0.27650 -0.10900 0.47150
v 0.27050 -0.10900 0.47250
v 0.27350 -0.10900 0.47350
v 0.27150 -0.10900 0.47450
v 0.18250 -0.10900 0.47550
v -0.26850 -0.10900 0.47650
v 0.17450 -0.10900 0.47850
v 0.25050 -0.10900 0.48550
v -0.15550 -0.10900 0.48550
v -0.24650 -0.10900 0.48550
v -0.24450 -0.10900 0.48650
v -0.14750 -0.10900 0.48750
v -0.24750 -0.10900 0.48750
v -0.24550 -0.10900 0.48850
v 0.24250 -0.10900 0.49050
v 0.12950 -0.10900 0.49250
v 0.12050 -0.10900 0.49550
v 0.21950 -0.10900 0.49850
v 0.21750 -0.10900 0.49950
v -0.10150 -0.10900 0.49950
v -0.22250 -0.10900 0.49950
v 0.22050 -0.10900 0.50050
v -0.09350 -0.10900 0.50050
v 0.21850 -0.10900 0.50150
v -0.21450 -0.10900 0.50250
v 0.07450 -0.10900 0.50450
v 0.06550 -0.10900 0.50550
v -0.04550 -0.10900 0.50750
v -0.03750 -0.10900 0.50850
v 0.01850 -0.10900 0.50950
v 0.01050 -0.10900 0.50950
v -0.19150 -0.10900 0.50950
v 0.19550 -0.10900 0.51050
v -0.18950 -0.10900 0.51050
v -0.19250 -0.10900 0.51150
v -0.18950 -0.10900 0.51250
v 0.18750 -0.10900 0.51350
v 0.16350 -0.10900 0.51950
v 0.16150 -0.10900 0.52050
v -0.16650 -0.10900 0.52050
v 0.16450 -0.10900 0.52150
v 0.16150 -0.10900 0.52250
v -0.15850 -0.10900 0.52350
v -0.13450 -0.10900 0.52750
v 0.13850 -0.10900 0.52850
v -0.13250 -0.10900 0.52850
v -0.13450 -0.10900 0.52950
v -0.13250 -0.10900 0.53050
v 0.12950 -0.10900 0.53150
v 0.10550 -0.10900 0.53450
v 0.10350 -0.10900 0.53450
v -0.10850 -0.10900 0.53550
v 0.10550 -0.10900 0.53650
v 0.10350 -0.10900 0.53650
v -0.09950 -0.10900 0.53750
v -0.07350 -0.10900 0.53950
v -0.07550 -0.10900 0.53950
v 0.07950 -0.10900 0.54050
v -0.07350 -0.10900 0.54150
v -0.07550 -0.10900 0.54150
v 0.07050 -0.10900 0.54250
v 0.04650 -0.10900 0.54250
v 0.04350 -0.10900 0.54250
v 0.04650 -0.10900 0.54450
v 0.04450 -0.10900 0.54450
v -0.01350 -0.10900 0.54450
v -0.01550 -0.10900 0.54450
v -0.04950 -0.10900 0.54450
v -0.04050 -0.10900 0.54550
v 0.01950 -0.10900 0.54650
v 0.01050 -0.10900 0.54650
v -0.01350 -0.10900 0.54650
v -0.01550 -0.10900 0.54650
v -0.69950 -0.11100 -0.07950
v -0.69650 -0.11100 -0.07650
v -0.70150 -0.11200 -0.09950
v -0.70250 -0.11200 -0.09550
v -0.63750 -0.11200 0.40550
v -0.70250 -0.11300 0.31350
v -0.69450 -0.11300 0.31950
v 0.30050 -0.11300 0.60450
v -0.64050 -0.11400 -0.16750
v -0.63750 -0.11400 -0.16450
v -0.70450 -0.11400 0.31750
v -0.64350 -0.11400 0.40750
v -0.63950 -0.11400 0.40950
v 0.30350 -0.11700 0.60350
v -0.31050 -0.11700 0.60350
v -0.54750 -0.11900 0.42850
v -0.63950 -0.12400 0.28350
v 0.50750 -0.12400 0.45550
v 0.50850 -0.12400 0.45950
v 0.30050 -0.13000 0.60350
v -0.30850 -0.13000 0.60350
v 0.63650 -0.13400 0.37550
v 0.53450 -0.13400 0.42550
v -0.54050 -0.13700 0.42450
v 0.53550 -0.13700 0.42850
v 0.49550 -0.13900 0.45550
v -0.50350 -0.14000 0.45450
v 0.49150 -0.14000 0.45550
v -0.49850 -0.14000 0.45550
v 0.49350 -0.14000 0.45950
v 0.49150 -0.14000 0.45950
v -0.49850 -0.14000 0.45950
v -0.50050 -0.14000 0.45950
v 0.42350 -0.14000 0.53250
v -0.43050 -0.14000 0.53250
v 0.53050 -0.14100 0.43450
v -0.53750 -0.14100 0.43450
v 0.45550 -0.14100 0.50350
v -0.46250 -0.14100 0.50350
v 0.44550 -0.14100 0.51150
v -0.45250 -0.14100 0.51150
v -0.53750 -0.14200 0.41850
v 0.54050 -0.14200 0.42950
v 0.49150 -0.14200 0.46350
v 0.48650 -0.14200 0.47550
v -0.49450 -0.14200 0.47550
v 0.48450 -0.14200 0.48750
v -0.49250 -0.14200 0.48750
v 0.42850 -0.14200 0.53550
v -0.43550 -0.14200 0.53550
v -0.64650 -0.14300 -0.05950
v -0.64550 -0.14300 -0.05850
v -0.64450 -0.14300 -0.05650
v 0.51650 -0.14300 0.45350
v -0.52350 -0.14300 0.45350
v 0.49950 -0.14300 0.46950
v 0.46550 -0.14300 0.50350
v -0.47250 -0.14300 0.50350
v 0.44650 -0.14300 0.51850
v -0.45350 -0.14300 0.51850
v 0.52750 -0.14400 0.42750
v -0.53450 -0.14400 0.42850
v 0.53150 -0.14400 0.43550
v 0.48950 -0.14400 0.47750
v -0.49650 -0.14400 0.47750
v 0.48350 -0.14400 0.48650
v -0.49050 -0.14400 0.48650
v 0.45850 -0.14400 0.50350
v -0.46550 -0.14400 0.50350
v 0.42750 -0.14400 0.53050
v -0.43450 -0.14400 0.53050
v 0.63450 -0.14500 -0.09750
v -0.70050 -0.14500 0.31450
v -0.63850 -0.14500 0.40950
v 0.45050 -0.14500 0.51050
v 0.63650 -0.14600 -0.17050
v 0.63450 -0.14600 -0.16750
v 0.64450 -0.14600 -0.16550
v 0.64150 -0.14600 -0.16450
v 0.64650 -0.14600 -0.13850
v 0.55250 -0.14600 0.41750
v -0.53650 -0.14700 0.42550
v 0.48350 -0.14700 0.48450
v 0.43250 -0.14700 0.52050
v -0.44050 -0.14700 0.52050
v 0.43450 -0.14700 0.52350
v -0.44150 -0.14700 0.52350
v -0.53950 -0.14800 0.42450
v 0.51950 -0.14800 0.44750
v 0.50250 -0.14900 0.46750
v 0.53750 -0.15100 0.43050
v 0.42150 -0.15100 0.54050
v -0.64150 -0.15200 -0.05750
v 0.21750 -0.15200 0.62350
v 0.15050 -0.15200 0.63550
v -0.15750 -0.15200 0.63550
v -0.64050 -0.15400 -0.16550
v -0.63850 -0.15400 -0.16450
v -0.63750 -0.15400 -0.16250
v 0.59250 -0.15400 0.40150
v 0.49950 -0.15400 0.45550
v 0.19550 -0.15400 0.62750
v -0.20250 -0.15400 0.62750
v 0.26450 -0.15500 0.61250
v 0.04750 -0.15600 0.64350
v -0.00750 -0.15700 -0.54650
v -0.01050 -0.15700 -0.54650
v 0.02550 -0.15700 -0.54550
v 0.01650 -0.15700 -0.54550
v -0.03450 -0.15700 -0.54550
v -0.04350 -0.15700 -0.54450
v 0.05250 -0.15700 -0.54350
v 0.05050 -0.15700 -0.54350
v -0.00750 -0.15700 -0.54350
v -0.00950 -0.15700 -0.54350
v 0.05250 -0.15700 -0.54150
v 0.04950 -0.15700 -0.54150
v -0.06750 -0.15700 -0.54150
v -0.06950 -0.15700 -0.54150
v 0.07650 -0.15700 -0.54050
v 0.08550 -0.15700 -0.53950
v -0.06750 -0.15700 -0.53950
v -0.06950 -0.15700 -0.53950
v -0.09450 -0.15700 -0.53850
v -0.10250 -0.15700 -0.53650
v 0.10950 -0.15700 -0.53550
v 0.11150 -0.15700 -0.53450
v 0.11150 -0.15700 -0.53250
v 0.10950 -0.15700 -0.53250
v -0.12650 -0.15700 -0.53150
v -0.12850 -0.15700 -0.53050
v 0.13550 -0.15700 -0.52950
v -0.12650 -0.15700 -0.52950
v -0.12850 -0.15700 -0.52850
v 0.14450 -0.15700 -0.52650
v -0.15250 -0.15700 -0.52450
v -0.16150 -0.15700 -0.52150
v 0.16950 -0.15700 -0.51950
v 0.16750 -0.15700 -0.51950
v 0.16850 -0.15700 -0.51750
v 0.16650 -0.15700 -0.51750
v -0.18450 -0.15700 -0.51450
v -0.18650 -0.15700 -0.51350
v 0.19250 -0.15700 -0.51150
v -0.18350 -0.15700 -0.51150
v -0.18550 -0.15700 -0.51150
v 0.02350 -0.15700 -0.50850
v 0.01550 -0.15700 -0.50850
v -0.03250 -0.15700 -0.50850
v 0.20150 -0.15700 -0.50750
v -0.04050 -0.15700 -0.50750
v 0.07150 -0.15700 -0.50450
v -0.20950 -0.15700 -0.50450
v 0.07950 -0.15700 -0.50250
v -0.08750 -0.15700 -0.50150
v -0.21750 -0.15700 -0.50050
v -0.09550 -0.15700 -0.49950
v 0.22350 -0.15700 -0.49850
v 0.22550 -0.15700 -0.49750
v 0.22250 -0.15700 -0.49650
v 0.22450 -0.15700 -0.49550
v 0.12650 -0.15700 -0.49350
v 0.13450 -0.15700 -0.49150
v -0.23950 -0.15700 -0.49050
v -0.24150 -0.15700 -0.48950
v -0.14250 -0.15700 -0.48850
v -0.23850 -0.15700 -0.48850
v -0.24050 -0.15700 -0.48750
v 0.24750 -0.15700 -0.48650
v -0.15050 -0.15700 -0.48650
v 0.25550 -0.15700 -0.48250
v -0.26350 -0.15700 -0.47850
v 0.17950 -0.15700 -0.47650
v -0.27150 -0.15700 -0.47450
v 0.18750 -0.15700 -0.47350
v 0.27750 -0.15700 -0.47050
v -0.19550 -0.15700 -0.47050
v 0.27850 -0.15700 -0.46950
v 0.27550 -0.15700 -0.46850
v 0.27750 -0.15700 -0.46750
v -0.20250 -0.15700 -0.46650
v -0.29250 -0.15700 -0.46150
v -0.29450 -0.15700 -0.46050
v -0.29150 -0.15700 -0.45950
v -0.29250 -0.15700 -0.45850
v 0.29950 -0.15700 -0.45650
v 0.23050 -0.15700 -0.45350
v 0.30750 -0.15700 -0.45150
v 0.23850 -0.15700 -0.44950
v -0.31450 -0.15700 -0.44650
v -0.24550 -0.15700 -0.44550
v -0.25250 -0.15700 -0.44150
v -0.32150 -0.15700 -0.44150
v 0.32750 -0.15700 -0.43750
v 0.32850 -0.15700 -0.43650
v 0.32550 -0.15700 -0.43550
v 0.32750 -0.15700 -0.43450
v -0.34150 -0.15700 -0.42650
v 0.27950 -0.15700 -0.42550
v -0.34250 -0.15700 -0.42550
v -0.33950 -0.15700 -0.42450
v -0.34150 -0.15700 -0.42350
v 0.34850 -0.15700 -0.42150
v 0.28650 -0.15700 -0.42150
v -0.29350 -0.15700 -0.41650
v 0.35450 -0.15700 -0.41550
v -0.29950 -0.15700 -0.41150
v -0.36150 -0.15700 -0.40950
v -0.36850 -0.15700 -0.40350
v 0.37350 -0.15700 -0.39950
v 0.37450 -0.15700 -0.39750
v 0.37150 -0.15700 -0.39750
v 0.37350 -0.15700 -0.39550
v 0.32450 -0.15700 -0.39250
v 0.33050 -0.15700 -0.38750
v -0.38550 -0.15700 -0.38650
v -0.38450 -0.15700 -0.38450
v -0.38750 -0.15700 -0.38450
v -0.38550 -0.15700 -0.38350
v -0.33650 -0.15700 -0.38150
v 0.39250 -0.15700 -0.38050
v -0.34350 -0.15700 -0.37550
v 0.39850 -0.15700 -0.37350
v -0.40450 -0.15700 -0.36750
v -0.41050 -0.15700 -0.36050
v 0.41450 -0.15700 -0.35550
v 0.41350 -0.15700 -0.35450
v 0.36550 -0.15700 -0.35450
v 0.41650 -0.15700 -0.35350
v 0.41450 -0.15700 -0.35250
v 0.37150 -0.15700 -0.34850
v -0.37650 -0.15700 -0.34250
v -0.42650 -0.15700 -0.34150
v -0.42450 -0.15700 -0.34050
v -0.42750 -0.15700 -0.34050
v -0.42550 -0.15700 -0.33850
v -0.38250 -0.15700 -0.33650
v 0.43150 -0.15700 -0.33550
v 0.43750 -0.15700 -0.32750
v -0.44250 -0.15700 -0.32050
v -0.44750 -0.15700 -0.31350
v 0.40250 -0.15700 -0.31250
v 0.45150 -0.15700 -0.30750
v 0.45250 -0.15700 -0.30650
v 0.44950 -0.15700 -0.30650
v 0.40750 -0.15700 -0.30550
v 0.45050 -0.15700 -0.30450
v -0.41250 -0.15700 -0.29850
v -0.46150 -0.15700 -0.29250
v -0.41750 -0.15700 -0.29150
v -0.45950 -0.15700 -0.29150
v -0.46250 -0.15700 -0.29150
v -0.46050 -0.15700 -0.28950
v 0.46550 -0.15700 -0.28550
v 0.47050 -0.15700 -0.27750
v -0.47450 -0.15700 -0.27050
v 0.43450 -0.15700 -0.26650
v -0.47950 -0.15700 -0.26250
v 0.43850 -0.15700 -0.25850
v 0.48250 -0.15700 -0.25650
v 0.48050 -0.15700 -0.25550
v 0.48350 -0.15700 -0.25450
v 0.48150 -0.15700 -0.25350
v -0.44250 -0.15700 -0.25150
v -0.44650 -0.15700 -0.24450
v -0.49050 -0.15700 -0.24050
v -0.48850 -0.15700 -0.23950
v -0.49150 -0.15700 -0.23850
v -0.48950 -0.15700 -0.23750
v 0.49450 -0.15700 -0.23250
v 0.49850 -0.15700 -0.22450
v 0.46050 -0.15700 -0.21650
v -0.50150 -0.15700 -0.21650
v 0.46450 -0.15700 -0.20950
v -0.50550 -0.15700 -0.20850
v 0.50750 -0.15700 -0.20250
v 0.50550 -0.15700 -0.20150
v -0.46750 -0.15700 -0.20150
v 0.50850 -0.15700 -0.20050
v 0.50650 -0.15700 -0.19950
v -0.47050 -0.15700 -0.19350
v -0.51350 -0.15700 -0.18550
v -0.51150 -0.15700 -0.18450
v -0.51450 -0.15700 -0.18350
v -0.51250 -0.15700 -0.18250
v 0.51650 -0.15700 -0.17750
v 0.51950 -0.15700 -0.16850
v 0.48150 -0.15700 -0.16550
v -0.52250 -0.15700 -0.16050
v 0.48450 -0.15700 -0.15750
v -0.52450 -0.15700 -0.15150
v -0.48650 -0.15700 -0.14950
v 0.52650 -0.15700 -0.14550
v 0.52450 -0.15700 -0.14450
v 0.52750 -0.15700 -0.14250
v 0.52550 -0.15700 -0.14250
v -0.48950 -0.15700 -0.14150
v -0.52850 -0.15700 -0.12750
v -0.53150 -0.15700 -0.12750
v -0.52950 -0.15700 -0.12550
v -0.53150 -0.15700 -0.12550
v 0.53350 -0.15700 -0.11950
v 0.49750 -0.15700 -0.11150
v 0.53550 -0.15700 -0.11050
v 0.49850 -0.15700 -0.10250
v -0.53650 -0.15700 -0.10150
v -0.50050 -0.15700 -0.09450
v -0.53850 -0.15700 -0.09250
v -0.69250 -0.15700 -0.09050
v 0.53950 -0.15700 -0.08650
v 0.53750 -0.15700 -0.08650
v -0.50150 -0.15700 -0.08650
v 0.53950 -0.15700 -0.08450
v 0.53750 -0.15700 -0.08350
v -0.53950 -0.15700 -0.06850
v -0.54250 -0.15700 -0.06850
v -0.54050 -0.15700 -0.06650
v -0.54250 -0.15700 -0.06650
v 0.54350 -0.15700 -0.06050
v 0.50650 -0.15700 -0.05550
v 0.54450 -0.15700 -0.05150
v 0.50750 -0.15700 -0.04750
v -0.54450 -0.15700 -0.04250
v -0.50750 -0.15700 -0.03950
v -0.54550 -0.15700 -0.03350
v -0.50850 -0.15700 -0.03050
v 0.54550 -0.15700 -0.02650
v 0.54350 -0.15700 -0.02650
v 0.54550 -0.15700 -0.02450
v 0.54350 -0.15700 -0.02450
v -0.54450 -0.15700 -0.00850
v -0.54650 -0.15700 -0.00850
v -0.54450 -0.15700 -0.00650
v -0.54650 -0.15700 -0.00650
v 0.54650 -0.15700 -0.00050
v 0.50950 -0.15700 -0.00050
v 0.50950 -0.15700 0.00850
v 0.54650 -0.15700 0.00950
v -0.50850 -0.15700 0.01650
v -0.54650 -0.15700 0.01750
v -0.50850 -0.15700 0.02950
v -0.54550 -0.15700 0.03150
v 0.54550 -0.15700 0.03350
v 0.54350 -0.15700 0.03350
v 0.54550 -0.15700 0.03550
v 0.54350 -0.15700 0.03550
v 0.50650 -0.15700 0.05550
v -0.54150 -0.15700 0.05550
v -0.54350 -0.15700 0.05550
v -0.54150 -0.15700 0.05750
v -0.54350 -0.15700 0.05750
v 0.54350 -0.15700 0.05950
v 0.50550 -0.15700 0.06450
v 0.54250 -0.15700 0.06850
v -0.50350 -0.15700 0.07650
v -0.54050 -0.15700 0.08250
v -0.50250 -0.15700 0.08450
v -0.53850 -0.15700 0.09150
v 0.53650 -0.15700 0.09250
v 0.53850 -0.15700 0.09350
v 0.53550 -0.15700 0.09450
v 0.53850 -0.15700 0.09550
v 0.49750 -0.15700 0.11150
v -0.53150 -0.15700 0.11450
v -0.53450 -0.15700 0.11550
v -0.53150 -0.15700 0.11650
v -0.53350 -0.15700 0.11750
v 0.53350 -0.15700 0.11950
v 0.49550 -0.15700 0.11950
v 0.53150 -0.15700 0.12850
v -0.49250 -0.15700 0.13150
v -0.48950 -0.15700 0.13950
v -0.52750 -0.15700 0.14050
v -0.52550 -0.15700 0.14950
v 0.52550 -0.15700 0.15150
v 0.52250 -0.15700 0.15150
v 0.52450 -0.15700 0.15350
v 0.52250 -0.15700 0.15350
v 0.48250 -0.15700 0.16550
v -0.51650 -0.15700 0.17250
v -0.51850 -0.15700 0.17250
v -0.51550 -0.15700 0.17450
v 0.47850 -0.15700 0.17550
v -0.51750 -0.15700 0.17550
v 0.51750 -0.15700 0.17750
v -0.47450 -0.15700 0.18450
v 0.51350 -0.15700 0.18850
v -0.47150 -0.15700 0.19250
v -0.50950 -0.15700 0.19850
v -0.50650 -0.15700 0.20650
v 0.50250 -0.15700 0.21050
v 0.50450 -0.15700 0.21150
v 0.50150 -0.15700 0.21250
v 0.50350 -0.15700 0.21350
v 0.45950 -0.15700 0.21950
v 0.45650 -0.15700 0.22650
v -0.49450 -0.15700 0.22750
v -0.49650 -0.15700 0.22850
v -0.49350 -0.15700 0.22950
v -0.49550 -0.15700 0.23050
v 0.49350 -0.15700 0.23550
v -0.45150 -0.15700 0.23550
v 0.48950 -0.15700 0.24350
v -0.44750 -0.15700 0.24350
v -0.48450 -0.15700 0.25250
v -0.48050 -0.15700 0.26050
v 0.47650 -0.15700 0.26450
v 0.47850 -0.15700 0.26550
v 0.47550 -0.15700 0.26550
v 0.47650 -0.15700 0.26750
v 0.43350 -0.15700 0.26850
v 0.42850 -0.15700 0.27550
v -0.46650 -0.15700 0.28050
v -0.46850 -0.15700 0.28150
v -0.46550 -0.15700 0.28250
v -0.42350 -0.15700 0.28350
v -0.46750 -0.15700 0.28350
v 0.46450 -0.15700 0.28850
v -0.41850 -0.15700 0.29050
v 0.45950 -0.15700 0.29550
v -0.45350 -0.15700 0.30450
v -0.44850 -0.15700 0.31150
v 0.44450 -0.15700 0.31450
v 0.40050 -0.15700 0.31450
v 0.44650 -0.15700 0.31550
v 0.44250 -0.15700 0.31650
v 0.44450 -0.15700 0.31750
v 0.39550 -0.15700 0.32150
v -0.38950 -0.15700 0.32850
v -0.43250 -0.15700 0.33050
v -0.43450 -0.15700 0.33150
v -0.43150 -0.15700 0.33250
v -0.43350 -0.15700 0.33350
v -0.38350 -0.15700 0.33450
v 0.43050 -0.15700 0.33750
v 0.42450 -0.15700 0.34450
v -0.41750 -0.15700 0.35250
v 0.36450 -0.15700 0.35650
v -0.41150 -0.15700 0.35950
v 0.40750 -0.15700 0.36150
v 0.35850 -0.15700 0.36250
v 0.40850 -0.15700 0.36350
v 0.40550 -0.15700 0.36350
v 0.40750 -0.15700 0.36450
v -0.35150 -0.15700 0.36950
v -0.34450 -0.15700 0.37550
v -0.39350 -0.15700 0.37550
v -0.39250 -0.15700 0.37750
v -0.39550 -0.15700 0.37750
v -0.39350 -0.15700 0.37850
v 0.39050 -0.15700 0.38250
v 0.38450 -0.15700 0.38850
v 0.32250 -0.15700 0.39450
v -0.37650 -0.15700 0.39650
v 0.31650 -0.15700 0.39950
v -0.36950 -0.15700 0.40250
v 0.36450 -0.15700 0.40450
v 0.36650 -0.15700 0.40550
v 0.36350 -0.15700 0.40550
v -0.30850 -0.15700 0.40550
v 0.36450 -0.15700 0.40750
v -0.30150 -0.15700 0.41050
v -0.35050 -0.15700 0.41650
v -0.34850 -0.15700 0.41850
v -0.35150 -0.15700 0.41850
v -0.34950 -0.15700 0.41950
v 0.34650 -0.15700 0.42350
v 0.27750 -0.15700 0.42750
v 0.33950 -0.15700 0.42850
v 0.27050 -0.15700 0.43150
v -0.33050 -0.15700 0.43550
v -0.26250 -0.15700 0.43650
v -0.32350 -0.15700 0.44050
v 0.31850 -0.15700 0.44150
v -0.25450 -0.15700 0.44150
v 0.31650 -0.15700 0.44250
v 0.31950 -0.15700 0.44350
v 0.31750 -0.15700 0.44450
v -0.30250 -0.15700 0.45250
v -0.30050 -0.15700 0.45350
v -0.30350 -0.15700 0.45450
v 0.22850 -0.15700 0.45550
v -0.30150 -0.15700 0.45550
v 0.29750 -0.15700 0.45850
v 0.22150 -0.15700 0.45850
v 0.29050 -0.15700 0.46350
v -0.21250 -0.15700 0.46350
v -0.20450 -0.15700 0.46650
v -0.28150 -0.15700 0.46850
v 0.26850 -0.15700 0.47350
v -0.27350 -0.15700 0.47350
v 0.26650 -0.15700 0.47450
v 0.26950 -0.15700 0.47550
v 0.26750 -0.15700 0.47650
v 0.17750 -0.15700 0.47750
v 0.16950 -0.15700 0.48050
v -0.16050 -0.15700 0.48350
v -0.25050 -0.15700 0.48350
v -0.24850 -0.15700 0.48450
v -0.25150 -0.15700 0.48550
v -0.15250 -0.15700 0.48650
v -0.24950 -0.15700 0.48650
v 0.24550 -0.15700 0.48850
v 0.23750 -0.15700 0.49250
v 0.12450 -0.15700 0.49450
v 0.11550 -0.15700 0.49650
v -0.22750 -0.15700 0.49650
v -0.10650 -0.15700 0.49850
v 0.21450 -0.15700 0.50050
v -0.09850 -0.15700 0.50050
v -0.21950 -0.15700 0.50050
v 0.21250 -0.15700 0.50150
v 0.21550 -0.15700 0.50250
v 0.21350 -0.15700 0.50350
v 0.06950 -0.15700 0.50450
v 0.06050 -0.15700 0.50550
v -0.04250 -0.15700 0.50750
v -0.05150 -0.15700 0.50750
v -0.19650 -0.15700 0.50750
v -0.19450 -0.15700 0.50850
v 0.01350 -0.15700 0.50950
v 0.00450 -0.15700 0.50950
v -0.19750 -0.15700 0.50950
v -0.19550 -0.15700 0.51050
v 0.19050 -0.15700 0.51250
v 0.18250 -0.15700 0.51550
v -0.17250 -0.15700 0.51850
v 0.15850 -0.15700 0.52050
v 0.15650 -0.15700 0.52150
v -0.16350 -0.15700 0.52150
v 0.15850 -0.15700 0.52350
v 0.15650 -0.15700 0.52350
v -0.13750 -0.15700 0.52650
v -0.13950 -0.15700 0.52650
v -0.13950 -0.15700 0.52850
v -0.13750 -0.15700 0.52950
v 0.13350 -0.15700 0.53050
v 0.12450 -0.15700 0.53250
v -0.11450 -0.15700 0.53450
v 0.10050 -0.15700 0.53550
v 0.09750 -0.15700 0.53550
v -0.10550 -0.15700 0.53650
v 0.10050 -0.15700 0.53750
v 0.09850 -0.15700 0.53750
v -0.07850 -0.15700 0.53850
v -0.08050 -0.15700 0.53850
v -0.07850 -0.15700 0.54050
v -0.08150 -0.15700 0.54050
v 0.07450 -0.15700 0.54150
v 0.06550 -0.15700 0.54250
v 0.04050 -0.15700 0.54250
v 0.03850 -0.15700 0.54350
v -0.05450 -0.15700 0.54350
v -0.01950 -0.15700 0.54450
v -0.02150 -0.15700 0.54450
v -0.04550 -0.15700 0.54450
v 0.04050 -0.15700 0.54550
v 0.03850 -0.15700 0.54550
v 0.01450 -0.15700 0.54650
v 0.00550 -0.15700 0.54650
v -0.01950 -0.15700 0.54650
v -0.02150 -0.15700 0.54650
v -0.00350 -0.15700 0.64450
v 0.29650 -0.15800 0.60450
v -0.69550 -0.15900 -0.07550
v -0.69950 -0.16000 0.31250
v -0.63750 -0.16000 0.40850
v -0.69850 -0.16100 -0.09650
v -0.53350 -0.16100 0.11850
v -0.70050 -0.16100 0.31450
v -0.70050 -0.16100 0.31650
v -0.52250 -0.16200 0.15850
v 0.30250 -0.16400 0.60250
v -0.30950 -0.16400 0.60250
v -0.63950 -0.16800 -0.16350
v 0.63250 -0.16900 -0.09450
v 0.64550 -0.17100 -0.13450
v -0.63850 -0.17200 0.28250
v -0.63950 -0.17200 0.28450
v -0.64150 -0.17200 0.28650
v -0.53150 -0.17300 0.42650
v 0.43150 -0.17300 0.52050
v -0.43850 -0.17300 0.52050
v -0.63050 -0.17500 0.28550
v -0.53450 -0.17500 0.42550
v -0.63750 -0.17600 0.40850
v 0.49850 -0.17600 0.45650
v -0.50650 -0.17600 0.45650
v 0.59350 -0.18000 0.40450
v -0.59750 -0.18000 0.41350
v -0.64550 -0.18100 -0.05750
v 0.52350 -0.18700 0.42750
v 0.48550 -0.18700 0.45550
v -0.49250 -0.18700 0.45550
v 0.48550 -0.18700 0.45950
v -0.49250 -0.18700 0.45950
v 0.48450 -0.18700 0.47250
v -0.49150 -0.18700 0.47250
v 0.48650 -0.18700 0.47450
v 0.43050 -0.18700 0.51950
v -0.43750 -0.18700 0.51950
v 0.43150 -0.18700 0.52050
v -0.43850 -0.18700 0.52050
v 0.43250 -0.18700 0.52150
v -0.43950 -0.18700 0.52150
v -0.53150 -0.18800 0.41950
v -0.53350 -0.18800 0.42450
v -0.53250 -0.18800 0.42550
v -0.52850 -0.18800 0.42850
v -0.49750 -0.18800 0.45450
v 0.48950 -0.18800 0.45550
v 0.48750 -0.18800 0.45950
v -0.49450 -0.18800 0.45950
v 0.48850 -0.18800 0.46150
v 0.63250 -0.19200 -0.09550
v -0.63950 -0.19500 -0.16350
v -0.63650 -0.19500 -0.16050
v -0.63350 -0.19500 0.40650
v 0.64450 -0.19600 -0.13550
v 0.41850 -0.19700 0.53950
v -0.69150 -0.19800 0.31750
v 0.49650 -0.19900 0.45450
v 0.43050 -0.20000 0.52050
v -0.43750 -0.20000 0.52050
v 0.52050 -0.20200 0.42750
v -0.52750 -0.20200 0.42850
v 0.63250 -0.20400 -0.16750
v -0.63250 -0.20600 0.41050
v -0.52250 -0.20700 0.15850
v -0.69650 -0.20700 0.31050
v -0.53350 -0.20800 0.11850
v -0.69750 -0.20800 0.31450
v -0.00750 -0.21200 -0.54650
v -0.01050 -0.21200 -0.54650
v 0.02550 -0.21200 -0.54550
v 0.01650 -0.21200 -0.54550
v -0.03450 -0.21200 -0.54550
v -0.04350 -0.21200 -0.54450
v 0.05250 -0.21200 -0.54350
v 0.05050 -0.21200 -0.54350
v -0.00750 -0.21200 -0.54350
v -0.00950 -0.21200 -0.54350
v 0.05250 -0.21200 -0.54150
v 0.04950 -0.21200 -0.54150
v -0.06750 -0.21200 -0.54150
v -0.06950 -0.21200 -0.54150
v 0.07650 -0.21200 -0.54050
v 0.08550 -0.21200 -0.53950
v -0.06750 -0.21200 -0.53950
v -0.06950 -0.21200 -0.53950
v -0.09450 -0.21200 -0.53850
v -0.10250 -0.21200 -0.53650
v 0.10950 -0.21200 -0.53550
v 0.11150 -0.21200 -0.53450
v 0.11150 -0.21200 -0.53250
v 0.10950 -0.21200 -0.53250
v -0.12650 -0.21200 -0.53150
v -0.12850 -0.21200 -0.53050
v 0.13550 -0.21200 -0.52950
v -0.12650 -0.21200 -0.52950
v -0.12850 -0.21200 -0.52850
v 0.14450 -0.21200 -0.52650
v -0.15250 -0.21200 -0.52450
v -0.16150 -0.21200 -0.52150
v 0.16950 -0.21200 -0.51950
v 0.16750 -0.21200 -0.51950
v 0.16850 -0.21200 -0.51750
v 0.16650 -0.21200 -0.51750
v -0.18450 -0.21200 -0.51450
v -0.18650 -0.21200 -0.51350
v 0.19250 -0.21200 -0.51150
v -0.18350 -0.21200 -0.51150
v -0.18550 -0.21200 -0.51150
v 0.02350 -0.21200 -0.50850
v 0.01550 -0.21200 -0.50850
v -0.03250 -0.21200 -0.50850
v 0.20150 -0.21200 -0.50750
v -0.04050 -0.21200 -0.50750
v 0.07150 -0.21200 -0.50450
v -0.20950 -0.21200 -0.50450
v 0.07950 -0.21200 -0.50250
v -0.08750 -0.21200 -0.50150
v -0.21750 -0.21200 -0.50050
v -0.09550 -0.21200 -0.49950
v 0.22350 -0.21200 -0.49850
v 0.22550 -0.21200 -0.49750
v 0.22250 -0.21200 -0.49650
v 0.22450 -0.21200 -0.49550
v 0.12650 -0.21200 -0.49350
v 0.13450 -0.21200 -0.49150
v -0.23950 -0.21200 -0.49050
v -0.24150 -0.21200 -0.48950
v -0.14250 -0.21200 -0.48850
v -0.23850 -0.21200 -0.48850
v -0.24050 -0.21200 -0.48750
v 0.24750 -0.21200 -0.48650
v -0.15050 -0.21200 -0.48650
v 0.25550 -0.21200 -0.48250
v -0.26350 -0.21200 -0.47850
v 0.17950 -0.21200 -0.47650
v -0.27150 -0.21200 -0.47450
v 0.18750 -0.21200 -0.47350
v 0.27750 -0.21200 -0.47050
v -0.19550 -0.21200 -0.47050
v 0.27850 -0.21200 -0.46950
v 0.27550 -0.21200 -0.46850
v 0.27750 -0.21200 -0.46750
v -0.20250 -0.21200 -0.46650
v -0.29250 -0.21200 -0.46150
v -0.29450 -0.21200 -0.46050
v -0.29150 -0.21200 -0.45950
v -0.29250 -0.21200 -0.45850
v 0.29950 -0.21200 -0.45650
v 0.23050 -0.21200 -0.45350
v 0.30750 -0.21200 -0.45150
v 0.23850 -0.21200 -0.44950
v -0.31450 -0.21200 -0.44650
v -0.24550 -0.21200 -0.44550
v -0.25250 -0.21200 -0.44150
v -0.32150 -0.21200 -0.44150
v 0.32750 -0.21200 -0.43750
v 0.32850 -0.21200 -0.43650
v 0.32550 -0.21200 -0.43550
v 0.32750 -0.21200 -0.43450
v -0.34150 -0.21200 -0.42650
v 0.27950 -0.21200 -0.42550
v -0.34250 -0.21200 -0.42550
v -0.33950 -0.21200 -0.42450
v -0.34150 -0.21200 -0.42350
v 0.34850 -0.21200 -0.42150
v 0.28650 -0.21200 -0.42150
v -0.29350 -0.21200 -0.41650
v 0.35450 -0.21200 -0.41550
v -0.29950 -0.21200 -0.41150
v -0.36150 -0.21200 -0.40950
v -0.36850 -0.21200 -0.40350
v 0.37350 -0.21200 -0.39950
v 0.37450 -0.21200 -0.39750
v 0.37150 -0.21200 -0.39750
v 0.37350 -0.21200 -0.39550
v 0.32450 -0.21200 -0.39250
v 0.33050 -0.21200 -0.38750
v -0.38550 -0.21200 -0.38650
v -0.38450 -0.21200 -0.38450
v -0.38750 -0.21200 -0.38450
v -0.38550 -0.21200 -0.38350
v -0.33650 -0.21200 -0.38150
v 0.39250 -0.21200 -0.38050
v -0.34350 -0.21200 -0.37550
v 0.39850 -0.21200 -0.37350
v -0.40450 -0.21200 -0.36750
v -0.41050 -0.21200 -0.36050
v 0.41450 -0.21200 -0.35550
v 0.41350 -0.21200 -0.35450
v 0.36550 -0.21200 -0.35450
v 0.41650 -0.21200 -0.35350
v 0.41450 -0.21200 -0.35250
v 0.37150 -0.21200 -0.34850
v -0.37650 -0.21200 -0.34250
v -0.42650 -0.21200 -0.34150
v -0.42450 -0.21200 -0.34050
v -0.42750 -0.21200 -0.34050
v -0.42550 -0.21200 -0.33850
v -0.38250 -0.21200 -0.33650
v 0.43150 -0.21200 -0.33550
v 0.43750 -0.21200 -0.32750
v -0.44250 -0.21200 -0.32050
v -0.44750 -0.21200 -0.31350
v 0.40250 -0.21200 -0.31250
v 0.45150 -0.21200 -0.30750
v 0.45250 -0.21200 -0.30650
v 0.44950 -0.21200 -0.30650
v 0.40750 -0.21200 -0.30550
v 0.45050 -0.21200 -0.30450
v -0.41250 -0.21200 -0.29850
v -0.46150 -0.21200 -0.29250
v -0.41750 -0.21200 -0.29150
v -0.45950 -0.21200 -0.29150
v -0.46250 -0.21200 -0.29150
v -0.46050 -0.21200 -0.28950
v 0.46550 -0.21200 -0.28550
v 0.47050 -0.21200 -0.27750
v -0.47450 -0.21200 -0.27050
v 0.43450 -0.21200 -0.26650
v -0.47950 -0.21200 -0.26250
v 0.43850 -0.21200 -0.25850
v 0.48250 -0.21200 -0.25650
v 0.48050 -0.21200 -0.25550
v 0.48350 -0.21200 -0.25450
v 0.48150 -0.21200 -0.25350
v -0.44250 -0.21200 -0.25150
v -0.44650 -0.21200 -0.24450
v -0.49050 -0.21200 -0.24050
v -0.48850 -0.21200 -0.23950
v -0.49150 -0.21200 -0.23850
v -0.48950 -0.21200 -0.23750
v 0.49450 -0.21200 -0.23250
v 0.49850 -0.21200 -0.22450
v 0.46050 -0.21200 -0.21650
v -0.50150 -0.21200 -0.21650
v 0.46450 -0.21200 -0.20950
v -0.50550 -0.21200 -0.20850
v 0.50750 -0.21200 -0.20250
v 0.50550 -0.21200 -0.20150
v -0.46750 -0.21200 -0.20150
v 0.50850 -0.21200 -0.20050
v 0.50650 -0.21200 -0.19950
v -0.47050 -0.21200 -0.19350
v -0.51350 -0.21200 -0.18550
v -0.51150 -0.21200 -0.18450
v -0.51450 -0.21200 -0.18350
v -0.51250 -0.21200 -0.18250
v 0.51650 -0.21200 -0.17750
v 0.51950 -0.21200 -0.16850
v 0.48150 -0.21200 -0.16550
v -0.52250 -0.21200 -0.16050
v 0.48450 -0.21200 -0.15750
v -0.52450 -0.21200 -0.15150
v -0.48650 -0.21200 -0.14950
v 0.52650 -0.21200 -0.14550
v 0.52450 -0.21200 -0.14450
v 0.52750 -0.21200 -0.14250
v 0.52550 -0.21200 -0.14250
v -0.48950 -0.21200 -0.14150
v -0.52850 -0.21200 -0.12750
v -0.53150 -0.21200 -0.12750
v -0.52950 -0.21200 -0.12550
v -0.53150 -0.21200 -0.12550
v 0.53350 -0.21200 -0.11950
v 0.49750 -0.21200 -0.11150
v 0.53550 -0.21200 -0.11050
v 0.49850 -0.21200 -0.10250
v -0.53650 -0.21200 -0.10150
v -0.50050 -0.21200 -0.09450
v -0.53850 -0.21200 -0.09250
v 0.53950 -0.21200 -0.08650
v 0.53750 -0.21200 -0.08650
v -0.50150 -0.21200 -0.08650
v 0.53950 -0.21200 -0.08450
v 0.53750 -0.21200 -0.08350
v -0.53950 -0.21200 -0.06850
v -0.54250 -0.21200 -0.06850
v -0.54050 -0.21200 -0.06650
v -0.54250 -0.21200 -0.06650
v 0.54350 -0.21200 -0.06050
v 0.50650 -0.21200 -0.05550
v 0.54450 -0.21200 -0.05150
v 0.50750 -0.21200 -0.04750
v -0.54450 -0.21200 -0.04250
v -0.50750 -0.21200 -0.03950
v -0.54550 -0.21200 -0.03350
v -0.50850 -0.21200 -0.03050
v 0.54550 -0.21200 -0.02650
v 0.54350 -0.21200 -0.02650
v 0.54550 -0.21200 -0.02450
v 0.54350 -0.21200 -0.02450
v -0.54450 -0.21200 -0.00850
v -0.54650 -0.21200 -0.00850
v -0.54450 -0.21200 -0.00650
v -0.54650 -0.21200 -0.00650
v 0.54650 -0.21200 -0.00050
v 0.50950 -0.21200 -0.00050
v 0.50950 -0.21200 0.00850
v 0.54650 -0.21200 0.00950
v -0.50850 -0.21200 0.01650
v -0.54650 -0.21200 0.01750
v -0.50850 -0.21200 0.02950
v -0.54550 -0.21200 0.03150
v 0.54550 -0.21200 0.03350
v 0.54350 -0.21200 0.03350
v 0.54550 -0.21200 0.03550
v 0.54350 -0.21200 0.03550
v 0.50650 -0.21200 0.05550
v -0.54150 -0.21200 0.05550
v -0.54350 -0.21200 0.05550
v -0.54150 -0.21200 0.05750
v -0.54350 -0.21200 0.05750
v 0.54350 -0.21200 0.05950
v 0.50550 -0.21200 0.06450
v 0.54250 -0.21200 0.06850
v -0.50350 -0.21200 0.07650
v -0.54050 -0.21200 0.08250
v -0.50250 -0.21200 0.08450
v -0.53850 -0.21200 0.09150
v 0.53650 -0.21200 0.09250
v 0.53850 -0.21200 0.09350
v 0.53550 -0.21200 0.09450
v 0.53850 -0.21200 0.09550
v 0.49750 -0.21200 0.11150
v -0.53150 -0.21200 0.11450
v -0.53450 -0.21200 0.11550
v -0.53150 -0.21200 0.11650
v -0.53350 -0.21200 0.11750
v 0.53350 -0.21200 0.11950
v 0.49550 -0.21200 0.11950
v 0.53150 -0.21200 0.12850
v -0.49250 -0.21200 0.13150
v -0.48950 -0.21200 0.13950
v -0.52750 -0.21200 0.14050
v -0.52550 -0.21200 0.14950
v 0.52550 -0.21200 0.15150
v 0.52250 -0.21200 0.15150
v 0.52450 -0.21200 0.15350
v 0.52250 -0.21200 0.15350
v 0.48250 -0.21200 0.16550
v -0.51650 -0.21200 0.17250
v -0.51850 -0.21200 0.17250
v -0.51550 -0.21200 0.17450
v 0.47850 -0.21200 0.17550
v -0.51750 -0.21200 0.17550
v 0.51750 -0.21200 0.17750
v -0.47450 -0.21200 0.18450
v 0.51350 -0.21200 0.18850
v -0.47150 -0.21200 0.19250
v -0.50950 -0.21200 0.19850
v -0.50650 -0.21200 0.20650
v 0.50250 -0.21200 0.21050
v 0.50450 -0.21200 0.21150
v 0.50150 -0.21200 0.21250
v 0.50350 -0.21200 0.21350
v 0.45950 -0.21200 0.21950
v 0.45650 -0.21200 0.22650
v -0.49450 -0.21200 0.22750
v -0.49650 -0.21200 0.22850
v -0.49350 -0.21200 0.22950
v -0.49550 -0.21200 0.23050
v 0.49350 -0.21200 0.23550
v -0.45150 -0.21200 0.23550
v 0.48950 -0.21200 0.24350
v -0.44750 -0.21200 0.24350
v -0.48450 -0.21200 0.25250
v -0.48050 -0.21200 0.26050
v 0.47650 -0.21200 0.26450
v 0.47850 -0.21200 0.26550
v 0.47550 -0.21200 0.26550
v 0.47650 -0.21200 0.26750
v 0.43350 -0.21200 0.26850
v 0.42850 -0.21200 0.27550
v -0.46650 -0.21200 0.28050
v -0.46850 -0.21200 0.28150
v -0.46550 -0.21200 0.28250
v -0.42350 -0.21200 0.28350
v -0.46750 -0.21200 0.28350
v 0.46450 -0.21200 0.28850
v -0.41850 -0.21200 0.29050
v 0.45950 -0.21200 0.29550
v -0.45350 -0.21200 0.30450
v -0.44850 -0.21200 0.31150
v 0.44450 -0.21200 0.31450
v 0.40050 -0.21200 0.31450
v 0.44650 -0.21200 0.31550
v 0.44250 -0.21200 0.31650
v 0.44450 -0.21200 0.31750
v 0.39550 -0.21200 0.32150
v -0.38950 -0.21200 0.32850
v -0.43250 -0.21200 0.33050
v -0.43450 -0.21200 0.33150
v -0.43150 -0.21200 0.33250
v -0.43350 -0.21200 0.33350
v -0.38350 -0.21200 0.33450
v 0.43050 -0.21200 0.33750
v 0.42450 -0.21200 0.34450
v -0.41750 -0.21200 0.35250
v 0.36450 -0.21200 0.35650
v -0.41150 -0.21200 0.35950
v 0.40750 -0.21200 0.36150
v 0.35850 -0.21200 0.36250
v 0.40850 -0.21200 0.36350
v 0.40550 -0.21200 0.36350
v 0.40750 -0.21200 0.36450
v -0.35150 -0.21200 0.36950
v -0.34450 -0.21200 0.37550
v -0.39350 -0.21200 0.37550
v -0.39250 -0.21200 0.37750
v -0.39550 -0.21200 0.37750
v -0.39350 -0.21200 0.37850
v 0.39050 -0.21200 0.38250
v 0.38450 -0.21200 0.38850
v 0.32250 -0.21200 0.39450
v -0.37650 -0.21200 0.39650
v 0.31650 -0.21200 0.39950
v -0.36950 -0.21200 0.40250
v 0.36450 -0.21200 0.40450
v 0.36650 -0.21200 0.40550
v 0.36350 -0.21200 0.40550
v -0.30850 -0.21200 0.40550
v 0.36450 -0.21200 0.40750
v -0.30150 -0.21200 0.41050
v -0.35050 -0.21200 0.41650
v -0.34850 -0.21200 0.41850
v -0.35150 -0.21200 0.41850
v -0.34950 -0.21200 0.41950
v 0.34650 -0.21200 0.42350
v 0.27750 -0.21200 0.42750
v 0.33950 -0.21200 0.42850
v 0.27050 -0.21200 0.43150
v -0.33050 -0.21200 0.43550
v -0.26250 -0.21200 0.43650
v -0.32350 -0.21200 0.44050
v 0.31850 -0.21200 0.44150
v -0.25450 -0.21200 0.44150
v 0.31650 -0.21200 0.44250
v 0.31950 -0.21200 0.44350
v 0.31750 -0.21200 0.44450
v -0.30250 -0.21200 0.45250
v -0.30050 -0.21200 0.45350
v -0.30350 -0.21200 0.45450
v 0.22850 -0.21200 0.45550
v -0.30150 -0.21200 0.45550
v 0.29750 -0.21200 0.45850
v 0.22150 -0.21200 0.45850
v 0.29050 -0.21200 0.46350
v -0.21250 -0.21200 0.46350
v -0.20450 -0.21200 0.46650
v -0.28150 -0.21200 0.46850
v 0.26850 -0.21200 0.47350
v -0.27350 -0.21200 0.47350
v 0.26650 -0.21200 0.47450
v 0.26950 -0.21200 0.47550
v 0.26750 -0.21200 0.47650
v 0.17750 -0.21200 0.47750
v 0.16950 -0.21200 0.48050
v -0.16050 -0.21200 0.48350
v -0.25050 -0.21200 0.48350
v -0.24850 -0.21200 0.48450
v -0.25150 -0.21200 0.48550
v -0.15250 -0.21200 0.48650
v -0.24950 -0.21200 0.48650
v 0.24550 -0.21200 0.48850
v 0.23750 -0.21200 0.49250
v 0.12450 -0.21200 0.49450
v 0.11550 -0.21200 0.49650
v -0.22750 -0.21200 0.49650
v -0.10650 -0.21200 0.49850
v 0.21450 -0.21200 0.50050
v -0.09850 -0.21200 0.50050
v -0.21950 -0.21200 0.50050
v 0.21250 -0.21200 0.50150
v 0.21550 -0.21200 0.50250
v 0.21350 -0.21200 0.50350
v 0.06950 -0.21200 0.50450
v 0.06050 -0.21200 0.50550
v -0.04250 -0.21200 0.50750
v -0.05150 -0.21200 0.50750
v -0.19650 -0.21200 0.50750
v -0.19450 -0.21200 0.50850
v 0.01350 -0.21200 0.50950
v 0.00450 -0.21200 0.50950
v -0.19750 -0.21200 0.50950
v -0.19550 -0.21200 0.51050
v 0.19050 -0.21200 0.51250
v 0.18250 -0.21200 0.51550
v -0.17250 -0.21200 0.51850
v 0.15850 -0.21200 0.52050
v 0.15650 -0.21200 0.52150
v -0.16350 -0.21200 0.52150
v 0.15850 -0.21200 0.52350
v 0.15650 -0.21200 0.52350
v -0.13750 -0.21200 0.52650
v -0.13950 -0.21200 0.52650
v -0.13950 -0.21200 0.52850
v -0.13750 -0.21200 0.52950
v 0.13350 -0.21200 0.53050
v 0.12450 -0.21200 0.53250
v -0.11450 -0.21200 0.53450
v 0.10050 -0.21200 0.53550
v 0.09750 -0.21200 0.53550
v -0.10550 -0.21200 0.53650
v 0.10050 -0.21200 0.53750
v 0.09850 -0.21200 0.53750
v -0.07850 -0.21200 0.53850
v -0.08050 -0.21200 0.53850
v -0.07850 -0.21200 0.54050
v -0.08150 -0.21200 0.54050
v 0.07450 -0.21200 0.54150
v 0.06550 -0.21200 0.54250
v 0.04050 -0.21200 0.54250
v 0.03850 -0.21200 0.54350
v -0.05450 -0.21200 0.54350
v -0.01950 -0.21200 0.54450
v -0.02150 -0.21200 0.54450
v -0.04550 -0.21200 0.54450
v 0.04050 -0.21200 0.54550
v 0.03850 -0.21200 0.54550
v 0.01450 -0.21200 0.54650
v 0.00550 -0.21200 0.54650
v -0.01950 -0.21200 0.54650
v -0.02150 -0.21200 0.54650
v 0.63050 -0.21500 -0.09250
v -0.64050 -0.21900 0.28450
v -0.63750 -0.22000 -0.15850
v 0.64250 -0.22000 -0.13150
v 0.49650 -0.22100 0.45550
v -0.50350 -0.22100 0.45550
v -0.68950 -0.22200 -0.07050
v 0.58950 -0.22300 0.40450
v -0.59350 -0.22300 0.41350
v 0.63150 -0.22400 -0.16950
v 0.42750 -0.22700 0.51750
v -0.43450 -0.22700 0.51750
v 0.42950 -0.22700 0.52050
v -0.43650 -0.22700 0.52050
v 0.51050 -0.22800 0.44850
v -0.52850 -0.22900 0.42550
v 0.51950 -0.22900 0.42650
v 0.47950 -0.22900 0.48050
v -0.45250 -0.22900 0.50650
v -0.52450 -0.23000 0.42750
v 0.45250 -0.23000 0.49950
v -0.45950 -0.23000 0.49950
v 0.42150 -0.23000 0.52650
v -0.42850 -0.23000 0.52650
v 0.48350 -0.23100 0.47250
v -0.49050 -0.23100 0.47250
v 0.47350 -0.23100 0.48550
v -0.48150 -0.23100 0.48550
v 0.50450 -0.23200 0.45250
v -0.51150 -0.23200 0.45250
v 0.48950 -0.23200 0.46950
v -0.49750 -0.23200 0.46950
v 0.41950 -0.23200 0.52450
v -0.42650 -0.23200 0.52450
v 0.52050 -0.23300 0.43750
v -0.52750 -0.23300 0.43750
v 0.48550 -0.23300 0.45950
v 0.48150 -0.23300 0.47050
v -0.48850 -0.23300 0.47050
v 0.45050 -0.23300 0.49750
v -0.45750 -0.23300 0.49750
v 0.44950 -0.23300 0.49950
v -0.45650 -0.23300 0.49950
v 0.41850 -0.23300 0.52850
v -0.42550 -0.23300 0.52850
v -0.52450 -0.23400 0.42050
v 0.47950 -0.23500 0.45550
v -0.48650 -0.23500 0.45550
v 0.48150 -0.23500 0.45950
v 0.47950 -0.23500 0.45950
v -0.48650 -0.23500 0.45950
v -0.48850 -0.23500 0.45950
v -0.49150 -0.23600 0.45450
v 0.48350 -0.23700 0.45550
v 0.14950 -0.23900 0.63150
v -0.15650 -0.23900 0.63150
v 0.07250 -0.23900 0.63850
v -0.08050 -0.23900 0.63850
v 0.63150 -0.24000 0.37550
v 0.09850 -0.24000 0.63650
v -0.10550 -0.24000 0.63650
v 0.02150 -0.24000 0.64050
v -0.02950 -0.24000 0.64050
v 0.04750 -0.24200 0.63950
v -0.05450 -0.24200 0.63950
v 0.63150 -0.24400 -0.16650
v -0.00350 -0.24400 0.64150
v 0.61550 -0.24800 0.32050
v -0.67850 -0.25000 0.31150
v -0.61550 -0.25000 0.40850
v 0.52450 -0.25000 0.42650
v 0.54750 -0.25200 0.38750
v 0.57050 -0.25400 0.34850
v -0.09350 -0.25500 -0.09350
v -0.10150 -0.25500 -0.02950
v -0.10950 -0.25500 0.03450
v -0.09650 -0.25500 0.09850
v -0.08350 -0.25500 0.16150
v 0.58550 -0.25500 0.30750
v 0.59950 -0.25600 0.26550
v -0.64650 -0.25800 -0.05750
v -0.64450 -0.25800 -0.05550
v -0.01450 -0.25900 -0.16350
v 0.03950 -0.25900 -0.11350
v 0.09350 -0.25900 -0.06350
v 0.10050 -0.25900 0.11750
v 0.05050 -0.25900 0.17150
v -0.00050 -0.25900 0.22550
v 0.01150 -0.26000 -0.54650
v -0.01350 -0.26000 -0.54650
v -0.01550 -0.26000 -0.54650
v 0.02050 -0.26000 -0.54550
v 0.04650 -0.26000 -0.54450
v 0.04450 -0.26000 -0.54450
v -0.03950 -0.26000 -0.54450
v -0.04850 -0.26000 -0.54450
v -0.01350 -0.26000 -0.54350
v -0.01550 -0.26000 -0.54350
v 0.04450 -0.26000 -0.54250
v 0.07150 -0.26000 -0.54150
v 0.04650 -0.26000 -0.54150
v -0.07350 -0.26000 -0.54150
v 0.08050 -0.26000 -0.54050
v -0.07550 -0.26000 -0.54050
v -0.07250 -0.26000 -0.53950
v -0.07550 -0.26000 -0.53850
v -0.09950 -0.26000 -0.53750
v 0.10450 -0.26000 -0.53650
v 0.10650 -0.26000 -0.53550
v -0.10850 -0.26000 -0.53550
v 0.10550 -0.26000 -0.53350
v 0.10350 -0.26000 -0.53350
v 0.13050 -0.26000 -0.53050
v -0.13250 -0.26000 -0.52950
v -0.13450 -0.26000 -0.52950
v 0.13850 -0.26000 -0.52850
v -0.13150 -0.26000 -0.52750
v -0.13350 -0.26000 -0.52750
v -0.15750 -0.26000 -0.52250
v 0.16250 -0.26000 -0.52150
v 0.16450 -0.26000 -0.52050
v -0.16650 -0.26000 -0.52050
v 0.16150 -0.26000 -0.51950
v 0.16350 -0.26000 -0.51850
v 0.18750 -0.26000 -0.51350
v -0.18950 -0.26000 -0.51250
v -0.19150 -0.26000 -0.51150
v -0.18850 -0.26000 -0.51050
v 0.19650 -0.26000 -0.50950
v -0.19050 -0.26000 -0.50950
v 0.01850 -0.26000 -0.50850
v 0.01050 -0.26000 -0.50850
v -0.03750 -0.26000 -0.50750
v -0.04550 -0.26000 -0.50750
v 0.06650 -0.26000 -0.50450
v 0.07450 -0.26000 -0.50350
v -0.21450 -0.26000 -0.50250
v 0.21850 -0.26000 -0.50050
v -0.09250 -0.26000 -0.50050
v 0.22050 -0.26000 -0.49950
v 0.21750 -0.26000 -0.49850
v -0.10050 -0.26000 -0.49850
v -0.22250 -0.26000 -0.49850
v 0.21950 -0.26000 -0.49750
v 0.12150 -0.26000 -0.49450
v 0.12950 -0.26000 -0.49250
v 0.24250 -0.26000 -0.48950
v -0.24450 -0.26000 -0.48850
v -0.14750 -0.26000 -0.48750
v -0.24650 -0.26000 -0.48750
v -0.24350 -0.26000 -0.48650
v 0.25050 -0.26000 -0.48550
v -0.24550 -0.26000 -0.48550
v -0.15550 -0.26000 -0.48450
v 0.17450 -0.26000 -0.47850
v 0.18250 -0.26000 -0.47550
v -0.26850 -0.26000 -0.47550
v 0.27250 -0.26000 -0.47350
v 0.27450 -0.26000 -0.47250
v 0.27150 -0.26000 -0.47150
v -0.27650 -0.26000 -0.47150
v 0.27350 -0.26000 -0.47050
v -0.19950 -0.26000 -0.46850
v -0.20750 -0.26000 -0.46450
v 0.29550 -0.26000 -0.45950
v -0.29650 -0.26000 -0.45850
v -0.29850 -0.26000 -0.45750
v 0.22650 -0.26000 -0.45650
v -0.29550 -0.26000 -0.45650
v -0.29750 -0.26000 -0.45550
v 0.30250 -0.26000 -0.45450
v 0.23350 -0.26000 -0.45250
v -0.24950 -0.26000 -0.44350
v -0.31850 -0.26000 -0.44350
v 0.32250 -0.26000 -0.44050
v 0.32450 -0.26000 -0.43950
v -0.25750 -0.26000 -0.43950
v 0.32150 -0.26000 -0.43850
v -0.32650 -0.26000 -0.43850
v 0.32350 -0.26000 -0.43750
v 0.27550 -0.26000 -0.42850
v 0.34350 -0.26000 -0.42450
v 0.28250 -0.26000 -0.42350
v -0.34550 -0.26000 -0.42350
v -0.34350 -0.26000 -0.42150
v -0.34750 -0.26000 -0.42150
v -0.34550 -0.26000 -0.42050
v 0.35050 -0.26000 -0.41850
v -0.29750 -0.26000 -0.41350
v -0.30350 -0.26000 -0.40850
v -0.36550 -0.26000 -0.40550
v 0.36950 -0.26000 -0.40250
v 0.37050 -0.26000 -0.40150
v 0.36750 -0.26000 -0.40150
v 0.36950 -0.26000 -0.39950
v -0.37250 -0.26000 -0.39950
v 0.32050 -0.26000 -0.39550
v 0.32650 -0.26000 -0.39050
v 0.38850 -0.26000 -0.38450
v -0.38950 -0.26000 -0.38250
v -0.38850 -0.26000 -0.38150
v -0.39150 -0.26000 -0.38150
v -0.38950 -0.26000 -0.37950
v -0.34050 -0.26000 -0.37850
v 0.39450 -0.26000 -0.37750
v -0.34750 -0.26000 -0.37250
v -0.40750 -0.26000 -0.36350
v 0.41150 -0.26000 -0.35950
v 0.41250 -0.26000 -0.35850
v 0.40950 -0.26000 -0.35850
v 0.36150 -0.26000 -0.35850
v 0.41050 -0.26000 -0.35650
v -0.41350 -0.26000 -0.35650
v 0.36750 -0.26000 -0.35250
v 0.42850 -0.26000 -0.33950
v -0.38050 -0.26000 -0.33850
v -0.42950 -0.26000 -0.33750
v -0.42750 -0.26000 -0.33650
v -0.43050 -0.26000 -0.33550
v -0.42950 -0.26000 -0.33450
v 0.43350 -0.26000 -0.33250
v -0.38550 -0.26000 -0.33250
v 0.39950 -0.26000 -0.31650
v -0.44550 -0.26000 -0.31650
v 0.44850 -0.26000 -0.31250
v 0.44650 -0.26000 -0.31150
v 0.44950 -0.26000 -0.31050
v 0.44750 -0.26000 -0.30950
v 0.40450 -0.26000 -0.30950
v -0.45050 -0.26000 -0.30850
v -0.41550 -0.26000 -0.29450
v 0.46250 -0.26000 -0.29050
v -0.46350 -0.26000 -0.28850
v -0.41950 -0.26000 -0.28750
v -0.46250 -0.26000 -0.28750
v -0.46550 -0.26000 -0.28650
v -0.46350 -0.26000 -0.28550
v 0.46750 -0.26000 -0.28250
v 0.43150 -0.26000 -0.27050
v -0.47750 -0.26000 -0.26550
v 0.43550 -0.26000 -0.26350
v 0.47950 -0.26000 -0.26150
v 0.47750 -0.26000 -0.26050
v 0.48050 -0.26000 -0.25950
v 0.47850 -0.26000 -0.25850
v -0.48150 -0.26000 -0.25750
v -0.44550 -0.26000 -0.24750
v -0.44950 -0.26000 -0.23950
v 0.49250 -0.26000 -0.23750
v -0.49250 -0.26000 -0.23550
v -0.49050 -0.26000 -0.23450
v -0.49350 -0.26000 -0.23350
v -0.49150 -0.26000 -0.23250
v 0.49550 -0.26000 -0.22950
v 0.45850 -0.26000 -0.22150
v 0.46250 -0.26000 -0.21350
v -0.50350 -0.26000 -0.21150
v 0.50550 -0.26000 -0.20750
v 0.50350 -0.26000 -0.20650
v 0.50650 -0.26000 -0.20550
v 0.50450 -0.26000 -0.20450
v -0.50750 -0.26000 -0.20350
v -0.46950 -0.26000 -0.19650
v -0.47250 -0.26000 -0.18950
v 0.51550 -0.26000 -0.18250
v -0.51550 -0.26000 -0.18050
v -0.51350 -0.26000 -0.17950
v -0.51650 -0.26000 -0.17850
v -0.51450 -0.26000 -0.17750
v 0.51850 -0.26000 -0.17350
v 0.48050 -0.26000 -0.16950
v 0.48250 -0.26000 -0.16150
v -0.52350 -0.26000 -0.15450
v 0.52550 -0.26000 -0.15050
v 0.52350 -0.26000 -0.14950
v 0.52550 -0.26000 -0.14850
v 0.52350 -0.26000 -0.14750
v -0.52650 -0.26000 -0.14650
v -0.48850 -0.26000 -0.14450
v -0.49050 -0.26000 -0.13650
v 0.53250 -0.26000 -0.12450
v -0.53250 -0.26000 -0.12250
v -0.53050 -0.26000 -0.12150
v -0.53250 -0.26000 -0.12050
v -0.53050 -0.26000 -0.11950
v 0.49550 -0.26000 -0.11650
v 0.53450 -0.26000 -0.11550
v 0.49750 -0.26000 -0.10750
v -0.53750 -0.26000 -0.09650
v 0.53850 -0.26000 -0.09150
v 0.53650 -0.26000 -0.09150
v 0.53950 -0.26000 -0.08950
v 0.53650 -0.26000 -0.08950
v -0.50150 -0.26000 -0.08950
v -0.53950 -0.26000 -0.08750
v -0.50250 -0.26000 -0.08150
v 0.54250 -0.26000 -0.06550
v -0.54250 -0.26000 -0.06350
v -0.54050 -0.26000 -0.06250
v -0.54250 -0.26000 -0.06150
v 0.50550 -0.26000 -0.06050
v -0.54050 -0.26000 -0.06050
v 0.54350 -0.26000 -0.05650
v 0.50650 -0.26000 -0.05250
v -0.54550 -0.26000 -0.03650
v -0.50850 -0.26000 -0.03450
v 0.54550 -0.26000 -0.03250
v 0.54350 -0.26000 -0.03150
v 0.54550 -0.26000 -0.02950
v 0.54350 -0.26000 -0.02950
v -0.54550 -0.26000 -0.02750
v -0.50850 -0.26000 -0.02550
v 0.54650 -0.26000 -0.00550
v 0.50950 -0.26000 -0.00550
v -0.54450 -0.26000 -0.00350
v -0.54650 -0.26000 -0.00350
v -0.54450 -0.26000 -0.00150
v -0.54650 -0.26000 -0.00150
v 0.54650 -0.26000 0.00350
v 0.50950 -0.26000 0.00350
v -0.50850 -0.26000 0.02150
v -0.54550 -0.26000 0.02350
v 0.54550 -0.26000 0.02750
v 0.54350 -0.26000 0.02750
v 0.54550 -0.26000 0.03050
v 0.54350 -0.26000 0.03050
v -0.50850 -0.26000 0.03450
v -0.54550 -0.26000 0.03650
v 0.50650 -0.26000 0.05050
v 0.54350 -0.26000 0.05450
v 0.50550 -0.26000 0.05950
v -0.54050 -0.26000 0.06050
v -0.54250 -0.26000 0.06150
v 0.54250 -0.26000 0.06350
v -0.54050 -0.26000 0.06350
v -0.54250 -0.26000 0.06350
v -0.50250 -0.26000 0.08150
v 0.53950 -0.26000 0.08750
v 0.53750 -0.26000 0.08750
v -0.53950 -0.26000 0.08750
v 0.53950 -0.26000 0.08950
v 0.53650 -0.26000 0.08950
v -0.50150 -0.26000 0.08950
v -0.53750 -0.26000 0.09650
v 0.49850 -0.26000 0.10650
v 0.53450 -0.26000 0.11350
v 0.49650 -0.26000 0.11450
v -0.53050 -0.26000 0.11950
v -0.53350 -0.26000 0.12050
v -0.53050 -0.26000 0.12150
v 0.53250 -0.26000 0.12250
v -0.53250 -0.26000 0.12250
v -0.49050 -0.26000 0.13650
v -0.48850 -0.26000 0.14450
v 0.52450 -0.26000 0.14550
v 0.52650 -0.26000 0.14650
v -0.52650 -0.26000 0.14650
v 0.52350 -0.26000 0.14750
v 0.52650 -0.26000 0.14850
v -0.52450 -0.26000 0.15450
v 0.48350 -0.26000 0.16050
v 0.48050 -0.26000 0.17050
v 0.51850 -0.26000 0.17150
v -0.51450 -0.26000 0.17750
v -0.51650 -0.26000 0.17850
v -0.51350 -0.26000 0.17950
v -0.51550 -0.26000 0.18050
v 0.51550 -0.26000 0.18350
v -0.47250 -0.26000 0.18950
v -0.46950 -0.26000 0.19750
v -0.50750 -0.26000 0.20350
v 0.50650 -0.26000 0.20550
v 0.50450 -0.26000 0.20550
v 0.50350 -0.26000 0.20750
v 0.50550 -0.26000 0.20850
v -0.50350 -0.26000 0.21150
v 0.46250 -0.26000 0.21450
v 0.45850 -0.26000 0.22250
v 0.49550 -0.26000 0.23050
v -0.49150 -0.26000 0.23250
v -0.49350 -0.26000 0.23350
v -0.49050 -0.26000 0.23450
v -0.49350 -0.26000 0.23550
v 0.49150 -0.26000 0.23850
v -0.44950 -0.26000 0.24050
v -0.44550 -0.26000 0.24750
v -0.48250 -0.26000 0.25750
v 0.47850 -0.26000 0.25950
v 0.48050 -0.26000 0.26050
v 0.47750 -0.26000 0.26150
v 0.47950 -0.26000 0.26250
v 0.43550 -0.26000 0.26450
v -0.47750 -0.26000 0.26550
v 0.43150 -0.26000 0.27150
v 0.46750 -0.26000 0.28350
v -0.46350 -0.26000 0.28550
v -0.46550 -0.26000 0.28650
v -0.42050 -0.26000 0.28750
v -0.46250 -0.26000 0.28750
v -0.46450 -0.26000 0.28850
v 0.46250 -0.26000 0.29150
v -0.41550 -0.26000 0.29450
v -0.45050 -0.26000 0.30850
v 0.44750 -0.26000 0.31050
v 0.40450 -0.26000 0.31050
v 0.44950 -0.26000 0.31150
v 0.44650 -0.26000 0.31250
v 0.44750 -0.26000 0.31350
v -0.44550 -0.26000 0.31650
v 0.39850 -0.26000 0.31750
v -0.38650 -0.26000 0.33250
v 0.43350 -0.26000 0.33350
v -0.42950 -0.26000 0.33450
v -0.43150 -0.26000 0.33550
v -0.42750 -0.26000 0.33650
v -0.42950 -0.26000 0.33750
v -0.38050 -0.26000 0.33850
v 0.42750 -0.26000 0.34050
v 0.36750 -0.26000 0.35250
v -0.41450 -0.26000 0.35650
v 0.41050 -0.26000 0.35750
v 0.41250 -0.26000 0.35850
v 0.36150 -0.26000 0.35850
v 0.40950 -0.26000 0.35950
v 0.41050 -0.26000 0.36050
v -0.40850 -0.26000 0.36350
v -0.34750 -0.26000 0.37250
v 0.39450 -0.26000 0.37850
v -0.34150 -0.26000 0.37850
v -0.39050 -0.26000 0.37950
v -0.38850 -0.26000 0.38150
v -0.39150 -0.26000 0.38150
v -0.39050 -0.26000 0.38250
v 0.38850 -0.26000 0.38550
v 0.32650 -0.26000 0.39150
v 0.32050 -0.26000 0.39650
v -0.37250 -0.26000 0.39950
v 0.36850 -0.26000 0.40050
v 0.36750 -0.26000 0.40150
v 0.37050 -0.26000 0.40250
v 0.36850 -0.26000 0.40350
v -0.36550 -0.26000 0.40650
v -0.30450 -0.26000 0.40850
v -0.29750 -0.26000 0.41350
v 0.35050 -0.26000 0.41950
v -0.34550 -0.26000 0.42050
v -0.34450 -0.26000 0.42150
v -0.34750 -0.26000 0.42150
v -0.34550 -0.26000 0.42350
v 0.28150 -0.26000 0.42450
v 0.34350 -0.26000 0.42550
v 0.27450 -0.26000 0.42950
v 0.32250 -0.26000 0.43850
v -0.32650 -0.26000 0.43850
v 0.32150 -0.26000 0.43950
v -0.25750 -0.26000 0.43950
v 0.32450 -0.26000 0.44050
v 0.32250 -0.26000 0.44150
v -0.25050 -0.26000 0.44350
v -0.31950 -0.26000 0.44350
v 0.23350 -0.26000 0.45250
v 0.30250 -0.26000 0.45550
v -0.29750 -0.26000 0.45550
v 0.22550 -0.26000 0.45650
v -0.29550 -0.26000 0.45650
v -0.29950 -0.26000 0.45750
v -0.29750 -0.26000 0.45850
v 0.29450 -0.26000 0.46050
v -0.20750 -0.26000 0.46550
v -0.20050 -0.26000 0.46850
v 0.27250 -0.26000 0.47150
v -0.27650 -0.26000 0.47150
v 0.27050 -0.26000 0.47250
v 0.27350 -0.26000 0.47350
v 0.27150 -0.26000 0.47450
v 0.18250 -0.26000 0.47550
v -0.26850 -0.26000 0.47650
v 0.17450 -0.26000 0.47850
v 0.25050 -0.26000 0.48550
v -0.15550 -0.26000 0.48550
v -0.24650 -0.26000 0.48550
v -0.24450 -0.26000 0.48650
v -0.14750 -0.26000 0.48750
v -0.24750 -0.26000 0.48750
v -0.24550 -0.26000 0.48850
v 0.24250 -0.26000 0.49050
v 0.12950 -0.26000 0.49250
v 0.12050 -0.26000 0.49550
v 0.21950 -0.26000 0.49850
v 0.21750 -0.26000 0.49950
v -0.10150 -0.26000 0.49950
v -0.22250 -0.26000 0.49950
v 0.22050 -0.26000 0.50050
v -0.09350 -0.26000 0.50050
v 0.21850 -0.26000 0.50150
v -0.21450 -0.26000 0.50250
v 0.07450 -0.26000 0.50450
v 0.06550 -0.26000 0.50550
v -0.04550 -0.26000 0.50750
v -0.03750 -0.26000 0.50850
v 0.01850 -0.26000 0.50950
v 0.01050 -0.26000 0.50950
v -0.19150 -0.26000 0.50950
v 0.19550 -0.26000 0.51050
v -0.18950 -0.26000 0.51050
v -0.19250 -0.26000 0.51150
v -0.18950 -0.26000 0.51250
v 0.18750 -0.26000 0.51350
v 0.16350 -0.26000 0.51950
v 0.16150 -0.26000 0.52050
v -0.16650 -0.26000 0.52050
v 0.16450 -0.26000 0.52150
v 0.16150 -0.26000 0.52250
v -0.15850 -0.26000 0.52350
v -0.13450 -0.26000 0.52750
v 0.13850 -0.26000 0.52850
v -0.13250 -0.26000 0.52850
v -0.13450 -0.26000 0.52950
v -0.13250 -0.26000 0.53050
v 0.12950 -0.26000 0.53150
v 0.10550 -0.26000 0.53450
v 0.10350 -0.26000 0.53450
v -0.10850 -0.26000 0.53550
v 0.10550 -0.26000 0.53650
v 0.10350 -0.26000 0.53650
v -0.09950 -0.26000 0.53750
v -0.07350 -0.26000 0.53950
v -0.07550 -0.26000 0.53950
v 0.07950 -0.26000 0.54050
v -0.07350 -0.26000 0.54150
v -0.07550 -0.26000 0.54150
v 0.07050 -0.26000 0.54250
v 0.04650 -0.26000 0.54250
v 0.04350 -0.26000 0.54250
v 0.04650 -0.26000 0.54450
v 0.04450 -0.26000 0.54450
v -0.01350 -0.26000 0.54450
v -0.01550 -0.26000 0.54450
v -0.04950 -0.26000 0.54450
v -0.04050 -0.26000 0.54550
v 0.01950 -0.26000 0.54650
v 0.01050 -0.26000 0.54650
v -0.01350 -0.26000 0.54650
v -0.01550 -0.26000 0.54650
v -0.68550 -0.26200 -0.06850
v 0.62850 -0.26400 -0.17050
v 0.00050 -0.26800 -0.53550
v 0.05650 -0.26800 -0.53250
v -0.05550 -0.26800 -0.53250
v 0.11150 -0.26800 -0.52450
v -0.11150 -0.26800 -0.52450
v 0.00050 -0.26800 -0.51350
v 0.05350 -0.26800 -0.51050
v -0.05350 -0.26800 -0.51050
v 0.16550 -0.26800 -0.50950
v -0.16550 -0.26800 -0.50950
v 0.10650 -0.26800 -0.50250
v -0.10650 -0.26800 -0.50250
v 0.21850 -0.26800 -0.48950
v -0.21750 -0.26800 -0.48950
v 0.15850 -0.26800 -0.48850
v -0.15850 -0.26800 -0.48850
v 0.20950 -0.26800 -0.46950
v -0.20850 -0.26800 -0.46950
v 0.26850 -0.26800 -0.46350
v -0.26750 -0.26800 -0.46350
v 0.25750 -0.26800 -0.44450
v -0.25650 -0.26800 -0.44450
v 0.31550 -0.26800 -0.43350
v -0.31450 -0.26800 -0.43350
v 0.30250 -0.26800 -0.41550
v -0.30150 -0.26800 -0.41550
v 0.35850 -0.26800 -0.39850
v -0.35850 -0.26800 -0.39850
v 0.34350 -0.26800 -0.38150
v -0.34350 -0.26800 -0.38150
v 0.39850 -0.26800 -0.35850
v -0.39850 -0.26800 -0.35850
v 0.38150 -0.26800 -0.34350
v -0.38150 -0.26800 -0.34350
v 0.43350 -0.26800 -0.31450
v -0.43350 -0.26800 -0.31450
v 0.41550 -0.26800 -0.30150
v -0.41550 -0.26800 -0.30150
v 0.46450 -0.26800 -0.26750
v -0.46450 -0.26800 -0.26750
v 0.44550 -0.26800 -0.25650
v -0.44450 -0.26800 -0.25650
v 0.48950 -0.26800 -0.21750
v -0.48950 -0.26800 -0.21750
v 0.46950 -0.26800 -0.20850
v -0.46950 -0.26800 -0.20850
v 0.50950 -0.26800 -0.16550
v -0.50950 -0.26800 -0.16550
v 0.48850 -0.26800 -0.15850
v -0.48850 -0.26800 -0.15850
v 0.52450 -0.26800 -0.11150
v -0.52450 -0.26800 -0.11150
v 0.50250 -0.26800 -0.10650
v -0.50250 -0.26800 -0.10650
v 0.53350 -0.26800 -0.05550
v -0.53350 -0.26800 -0.05550
v 0.51150 -0.26800 -0.05350
v -0.51150 -0.26800 -0.05350
v 0.53650 -0.26800 0.00050
v 0.51350 -0.26800 0.00050
v -0.51350 -0.26800 0.00050
v -0.53550 -0.26800 0.00050
v 0.51150 -0.26800 0.05350
v -0.51150 -0.26800 0.05350
v 0.53350 -0.26800 0.05650
v -0.53350 -0.26800 0.05650
v 0.50250 -0.26800 0.10750
v -0.50250 -0.26800 0.10750
v 0.52450 -0.26800 0.11150
v -0.52450 -0.26800 0.11150
v 0.48850 -0.26800 0.15950
v -0.48850 -0.26800 0.15950
v 0.50950 -0.26800 0.16550
v -0.50950 -0.26800 0.16550
v 0.46950 -0.26800 0.20950
v -0.46950 -0.26800 0.20950
v 0.48950 -0.26800 0.21850
v -0.48950 -0.26800 0.21850
v 0.44550 -0.26800 0.25750
v -0.44450 -0.26800 0.25750
v 0.46450 -0.26800 0.26850
v -0.46450 -0.26800 0.26850
v 0.41550 -0.26800 0.30250
v -0.41550 -0.26800 0.30250
v 0.43350 -0.26800 0.31550
v -0.43350 -0.26800 0.31550
v 0.38150 -0.26800 0.34450
v -0.38150 -0.26800 0.34450
v 0.39850 -0.26800 0.35850
v -0.39850 -0.26800 0.35850
v 0.34350 -0.26800 0.38250
v -0.34350 -0.26800 0.38250
v 0.35850 -0.26800 0.39850
v -0.35850 -0.26800 0.39850
v 0.30250 -0.26800 0.41650
v -0.30150 -0.26800 0.41650
v 0.31550 -0.26800 0.43350
v -0.31450 -0.26800 0.43350
v 0.25750 -0.26800 0.44550
v -0.25650 -0.26800 0.44550
v 0.26850 -0.26800 0.46450
v -0.26750 -0.26800 0.46450
v 0.20950 -0.26800 0.46950
v -0.20850 -0.26800 0.46950
v 0.21850 -0.26800 0.48950
v 0.15850 -0.26800 0.48950
v -0.15850 -0.26800 0.48950
v -0.21750 -0.26800 0.48950
v 0.10650 -0.26800 0.50250
v -0.10650 -0.26800 0.50250
v 0.16550 -0.26800 0.51050
v -0.16550 -0.26800 0.51050
v 0.05350 -0.26800 0.51150
v -0.05350 -0.26800 0.51150
v 0.00050 -0.26800 0.51450
v 0.11150 -0.26800 0.52450
v -0.11150 -0.26800 0.52450
v 0.05650 -0.26800 0.53350
v -0.05550 -0.26800 0.53350
v 0.00050 -0.26800 0.53650
v -0.00250 -0.26900 -0.54650
v -0.00450 -0.26900 -0.54650
v 0.03150 -0.26900 -0.54550
v 0.02250 -0.26900 -0.54550
v -0.02850 -0.26900 -0.54550
v -0.03750 -0.26900 -0.54450
v 0.05750 -0.26900 -0.54350
v 0.05550 -0.26900 -0.54350
v -0.00250 -0.26900 -0.54350
v -0.00450 -0.26900 -0.54350
v -0.06250 -0.26900 -0.54250
v -0.06450 -0.26900 -0.54250
v 0.05550 -0.26900 -0.54150
v 0.08150 -0.26900 -0.54050
v 0.05750 -0.26900 -0.54050
v -0.06250 -0.26900 -0.54050
v -0.06450 -0.26900 -0.54050
v 0.09050 -0.26900 -0.53850
v -0.08850 -0.26900 -0.53850
v -0.09750 -0.26900 -0.53750
v 0.11450 -0.26900 -0.53450
v 0.11650 -0.26900 -0.53350
v -0.12150 -0.26900 -0.53250
v -0.12350 -0.26900 -0.53250
v 0.11650 -0.26900 -0.53150
v 0.11450 -0.26900 -0.53150
v -0.12150 -0.26900 -0.53050
v -0.12350 -0.26900 -0.52950
v 0.14050 -0.26900 -0.52750
v 0.14950 -0.26900 -0.52550
v -0.14750 -0.26900 -0.52550
v -0.15650 -0.26900 -0.52350
v 0.17250 -0.26900 -0.51850
v 0.17450 -0.26900 -0.51750
v 0.17250 -0.26900 -0.51650
v 0.17450 -0.26900 -0.51550
v -0.17950 -0.26900 -0.51550
v -0.18150 -0.26900 -0.51550
v -0.17850 -0.26900 -0.51350
v -0.18050 -0.26900 -0.51350
v 0.02050 -0.26900 -0.51150
v 0.02950 -0.26900 -0.51050
v -0.02750 -0.26900 -0.51050
v -0.03550 -0.26900 -0.51050
v 0.19750 -0.26900 -0.50950
v -0.20450 -0.26900 -0.50650
v 0.20650 -0.26900 -0.50550
v 0.07650 -0.26900 -0.50550
v 0.08550 -0.26900 -0.50450
v -0.08350 -0.26900 -0.50450
v -0.09150 -0.26900 -0.50350
v -0.21250 -0.26900 -0.50350
v 0.22850 -0.26900 -0.49650
v 0.23050 -0.26900 -0.49550
v 0.22750 -0.26900 -0.49450
v 0.13150 -0.26900 -0.49450
v 0.22950 -0.26900 -0.49350
v -0.23450 -0.26900 -0.49350
v -0.13750 -0.26900 -0.49250
v -0.23650 -0.26900 -0.49250
v 0.13950 -0.26900 -0.49150
v -0.23350 -0.26900 -0.49150
v -0.14650 -0.26900 -0.49050
v -0.23550 -0.26900 -0.49050
v 0.25250 -0.26900 -0.48450
v -0.25850 -0.26900 -0.48150
v 0.26050 -0.26900 -0.48050
v 0.18550 -0.26900 -0.47650
v -0.26650 -0.26900 -0.47650
v -0.19150 -0.26900 -0.47450
v 0.19350 -0.26900 -0.47350
v -0.19950 -0.26900 -0.47150
v 0.28150 -0.26900 -0.46850
v 0.28350 -0.26900 -0.46650
v 0.28050 -0.26900 -0.46650
v 0.28250 -0.26900 -0.46450
v -0.28750 -0.26900 -0.46450
v -0.28950 -0.26900 -0.46350
v -0.28650 -0.26900 -0.46250
v -0.28850 -0.26900 -0.46150
v 0.30450 -0.26900 -0.45350
v 0.23650 -0.26900 -0.45350
v -0.24250 -0.26900 -0.45050
v 0.24350 -0.26900 -0.44950
v -0.30950 -0.26900 -0.44950
v 0.31150 -0.26900 -0.44850
v -0.24950 -0.26900 -0.44650
v -0.31750 -0.26900 -0.44450
v 0.33150 -0.26900 -0.43450
v 0.33350 -0.26900 -0.43250
v 0.33050 -0.26900 -0.43250
v 0.33150 -0.26900 -0.43150
v -0.33650 -0.26900 -0.42950
v -0.33550 -0.26900 -0.42850
v -0.33850 -0.26900 -0.42850
v -0.33750 -0.26900 -0.42650
v 0.28450 -0.26900 -0.42450
v -0.29050 -0.26900 -0.42150
v 0.29150 -0.26900 -0.42050
v 0.35250 -0.26900 -0.41750
v -0.29750 -0.26900 -0.41650
v -0.35750 -0.26900 -0.41350
v 0.35950 -0.26900 -0.41150
v -0.36450 -0.26900 -0.40750
v 0.37750 -0.26900 -0.39550
v 0.37850 -0.26900 -0.39350
v 0.37550 -0.26900 -0.39350
v 0.37750 -0.26900 -0.39250
v 0.32950 -0.26900 -0.39150
v -0.38250 -0.26900 -0.39050
v -0.38050 -0.26900 -0.38850
v -0.38350 -0.26900 -0.38850
v -0.38250 -0.26900 -0.38750
v -0.33450 -0.26900 -0.38650
v 0.33650 -0.26900 -0.38550
v -0.34150 -0.26900 -0.38150
v 0.39550 -0.26900 -0.37650
v -0.40050 -0.26900 -0.37150
v 0.40250 -0.26900 -0.36950
v -0.40650 -0.26900 -0.36450
v 0.37050 -0.26900 -0.35250
v 0.41850 -0.26900 -0.35150
v 0.41650 -0.26900 -0.35050
v 0.41950 -0.26900 -0.34950
v 0.41750 -0.26900 -0.34850
v -0.37550 -0.26900 -0.34750
v 0.37650 -0.26900 -0.34650
v -0.42250 -0.26900 -0.34650
v -0.42050 -0.26900 -0.34450
v -0.42450 -0.26900 -0.34450
v -0.42250 -0.26900 -0.34250
v -0.38050 -0.26900 -0.34150
v 0.43450 -0.26900 -0.33050
v -0.43950 -0.26900 -0.32550
v 0.44050 -0.26900 -0.32350
v -0.44450 -0.26900 -0.31750
v 0.40750 -0.26900 -0.30950
v -0.41150 -0.26900 -0.30450
v 0.45450 -0.26900 -0.30350
v 0.45250 -0.26900 -0.30250
v 0.41250 -0.26900 -0.30250
v 0.45550 -0.26900 -0.30150
v 0.45350 -0.26900 -0.30050
v -0.41650 -0.26900 -0.29750
v -0.45850 -0.26900 -0.29750
v -0.45650 -0.26900 -0.29650
v -0.45950 -0.26900 -0.29550
v -0.45750 -0.26900 -0.29450
v 0.46850 -0.26900 -0.28050
v -0.47250 -0.26900 -0.27450
v 0.47350 -0.26900 -0.27350
v -0.47650 -0.26900 -0.26750
v 0.43850 -0.26900 -0.26350
v -0.44250 -0.26900 -0.25750
v 0.44350 -0.26900 -0.25550
v 0.48450 -0.26900 -0.25150
v 0.48250 -0.26900 -0.25050
v -0.44650 -0.26900 -0.25050
v 0.48550 -0.26900 -0.24950
v 0.48350 -0.26900 -0.24850
v -0.48850 -0.26900 -0.24550
v -0.48650 -0.26900 -0.24450
v -0.48950 -0.26900 -0.24350
v -0.48650 -0.26900 -0.24250
v 0.49650 -0.26900 -0.22750
v -0.49950 -0.26900 -0.22150
v 0.50050 -0.26900 -0.21950
v 0.46550 -0.26900 -0.21350
v -0.50350 -0.26900 -0.21350
v -0.46750 -0.26900 -0.20750
v 0.46850 -0.26900 -0.20550
v -0.47150 -0.26900 -0.19950
v 0.50950 -0.26900 -0.19650
v 0.50750 -0.26900 -0.19650
v 0.51050 -0.26900 -0.19450
v 0.50850 -0.26900 -0.19450
v -0.51250 -0.26900 -0.19050
v -0.50950 -0.26900 -0.18950
v -0.51250 -0.26900 -0.18850
v -0.51050 -0.26900 -0.18750
v 0.51850 -0.26900 -0.17150
v -0.52050 -0.26900 -0.16550
v 0.52150 -0.26900 -0.16350
v 0.48550 -0.26900 -0.16050
v -0.52350 -0.26900 -0.15650
v -0.48750 -0.26900 -0.15450
v 0.48850 -0.26900 -0.15250
v -0.49050 -0.26900 -0.14650
v 0.52850 -0.26900 -0.13950
v 0.52650 -0.26900 -0.13950
v 0.52850 -0.26900 -0.13750
v 0.52650 -0.26900 -0.13750
v -0.52950 -0.26900 -0.13350
v -0.52750 -0.26900 -0.13250
v -0.52850 -0.26900 -0.13050
v -0.53050 -0.26900 -0.13050
v 0.53450 -0.26900 -0.11350
v -0.53550 -0.26900 -0.10750
v 0.50050 -0.26900 -0.10650
v 0.53650 -0.26900 -0.10550
v -0.50150 -0.26900 -0.10050
v 0.50250 -0.26900 -0.09850
v -0.53750 -0.26900 -0.09850
v -0.50350 -0.26900 -0.09150
v 0.54050 -0.26900 -0.08150
v 0.53850 -0.26900 -0.08050
v 0.54050 -0.26900 -0.07850
v 0.53850 -0.26900 -0.07850
v -0.54150 -0.26900 -0.07450
v -0.53950 -0.26900 -0.07350
v -0.53950 -0.26900 -0.07150
v -0.54150 -0.26900 -0.07150
v 0.54350 -0.26900 -0.05450
v 0.50950 -0.26900 -0.05150
v -0.54450 -0.26900 -0.04750
v 0.54450 -0.26900 -0.04550
v -0.50950 -0.26900 -0.04450
v 0.51050 -0.26900 -0.04250
v -0.54550 -0.26900 -0.03850
v -0.51050 -0.26900 -0.03650
v 0.54650 -0.26900 -0.02150
v 0.54350 -0.26900 -0.02150
v 0.54650 -0.26900 -0.01850
v 0.54350 -0.26900 -0.01850
v -0.54350 -0.26900 -0.01450
v -0.54650 -0.26900 -0.01450
v -0.54350 -0.26900 -0.01150
v -0.54650 -0.26900 -0.01150
v 0.54650 -0.26900 0.00550
v 0.51150 -0.26900 0.00550
v -0.51150 -0.26900 0.01150
v -0.54650 -0.26900 0.01250
v 0.51150 -0.26900 0.01350
v 0.54650 -0.26900 0.01450
v -0.51150 -0.26900 0.02250
v -0.54550 -0.26900 0.02350
v 0.54550 -0.26900 0.03850
v 0.54250 -0.26900 0.03850
v 0.54250 -0.26900 0.04050
v 0.54550 -0.26900 0.04150
v -0.54250 -0.26900 0.04850
v -0.54450 -0.26900 0.04850
v -0.54150 -0.26900 0.05050
v -0.54450 -0.26900 0.05050
v 0.50850 -0.26900 0.06150
v 0.54250 -0.26900 0.06550
v 0.50750 -0.26900 0.06950
v -0.50650 -0.26900 0.07050
v 0.54150 -0.26900 0.07450
v -0.54150 -0.26900 0.07450
v -0.50550 -0.26900 0.07850
v -0.53950 -0.26900 0.08350
v 0.53750 -0.26900 0.09850
v 0.53550 -0.26900 0.09850
v 0.53750 -0.26900 0.10050
v 0.53550 -0.26900 0.10050
v -0.53350 -0.26900 0.10750
v -0.53550 -0.26900 0.10750
v -0.53350 -0.26900 0.10950
v -0.53550 -0.26900 0.10950
v 0.49850 -0.26900 0.11650
v 0.53250 -0.26900 0.12450
v 0.49650 -0.26900 0.12450
v -0.49650 -0.26900 0.12550
v 0.53050 -0.26900 0.13350
v -0.49450 -0.26900 0.13350
v -0.52950 -0.26900 0.13350
v -0.52750 -0.26900 0.14250
v 0.52350 -0.26900 0.15650
v 0.52150 -0.26900 0.15650
v 0.52050 -0.26900 0.15850
v 0.52250 -0.26900 0.15950
v -0.51850 -0.26900 0.16550
v -0.52050 -0.26900 0.16550
v -0.51750 -0.26900 0.16750
v -0.51950 -0.26900 0.16850
v 0.48250 -0.26900 0.17050
v -0.47950 -0.26900 0.17850
v 0.51550 -0.26900 0.18250
v 0.47850 -0.26900 0.18250
v -0.47650 -0.26900 0.18650
v -0.51150 -0.26900 0.19150
v 0.51050 -0.26900 0.19550
v -0.50850 -0.26900 0.19950
v 0.49950 -0.26900 0.21650
v 0.50150 -0.26900 0.21750
v 0.49850 -0.26900 0.21850
v 0.50050 -0.26900 0.21950
v -0.49750 -0.26900 0.22150
v -0.49950 -0.26900 0.22250
v -0.49650 -0.26900 0.22350
v -0.49850 -0.26900 0.22450
v 0.45950 -0.26900 0.22650
v -0.45650 -0.26900 0.23050
v 0.45550 -0.26900 0.23450
v -0.45350 -0.26900 0.23850
v 0.49050 -0.26900 0.24150
v -0.48750 -0.26900 0.24650
v 0.48650 -0.26900 0.25050
v -0.48350 -0.26900 0.25450
v 0.47250 -0.26900 0.27050
v 0.47450 -0.26900 0.27150
v 0.47150 -0.26900 0.27250
v 0.47350 -0.26900 0.27350
v -0.46950 -0.26900 0.27450
v 0.43150 -0.26900 0.27550
v -0.47150 -0.26900 0.27550
v -0.46850 -0.26900 0.27650
v -0.47050 -0.26900 0.27750
v -0.42850 -0.26900 0.27950
v 0.42650 -0.26900 0.28250
v -0.42450 -0.26900 0.28650
v 0.46050 -0.26900 0.29450
v -0.45750 -0.26900 0.29850
v 0.45550 -0.26900 0.30150
v -0.45250 -0.26900 0.30550
v 0.43950 -0.26900 0.32050
v 0.44150 -0.26900 0.32150
v 0.39850 -0.26900 0.32150
v 0.43850 -0.26900 0.32250
v 0.44050 -0.26900 0.32350
v -0.39550 -0.26900 0.32450
v -0.43750 -0.26900 0.32450
v -0.43850 -0.26900 0.32550
v -0.43550 -0.26900 0.32650
v 0.39350 -0.26900 0.32750
v -0.43750 -0.26900 0.32750
v -0.39050 -0.26900 0.33150
v 0.42550 -0.26900 0.34350
v -0.42250 -0.26900 0.34650
v 0.41950 -0.26900 0.35050
v -0.41650 -0.26900 0.35350
v 0.36050 -0.26900 0.36350
v 0.40250 -0.26900 0.36650
v -0.35750 -0.26900 0.36650
v 0.40350 -0.26900 0.36850
v 0.40050 -0.26900 0.36850
v 0.35450 -0.26900 0.36950
v 0.40250 -0.26900 0.37050
v -0.39850 -0.26900 0.37050
v -0.40050 -0.26900 0.37150
v -0.35150 -0.26900 0.37250
v -0.39750 -0.26900 0.37250
v -0.39850 -0.26900 0.37350
v 0.38550 -0.26900 0.38750
v -0.38150 -0.26900 0.39150
v 0.37850 -0.26900 0.39450
v -0.37550 -0.26900 0.39750
v 0.31850 -0.26900 0.40050
v -0.31550 -0.26900 0.40350
v 0.31250 -0.26900 0.40550
v 0.35950 -0.26900 0.40850
v -0.30850 -0.26900 0.40850
v 0.36050 -0.26900 0.41050
v 0.35750 -0.26900 0.41050
v -0.35550 -0.26900 0.41150
v 0.35950 -0.26900 0.41250
v -0.35450 -0.26900 0.41350
v -0.35750 -0.26900 0.41350
v -0.35550 -0.26900 0.41550
v 0.34050 -0.26900 0.42750
v -0.33650 -0.26900 0.43050
v 0.33350 -0.26900 0.43350
v 0.27350 -0.26900 0.43350
v -0.26950 -0.26900 0.43550
v -0.32950 -0.26900 0.43650
v 0.26550 -0.26900 0.43750
v -0.26150 -0.26900 0.43950
v 0.31250 -0.26900 0.44550
v 0.31350 -0.26900 0.44750
v 0.31050 -0.26900 0.44750
v -0.30850 -0.26900 0.44850
v 0.31150 -0.26900 0.44950
v -0.30650 -0.26900 0.44950
v -0.30950 -0.26900 0.45050
v -0.30750 -0.26900 0.45150
v 0.22350 -0.26900 0.46050
v 0.29150 -0.26900 0.46250
v -0.21950 -0.26900 0.46250
v 0.21650 -0.26900 0.46450
v -0.28750 -0.26900 0.46450
v -0.21250 -0.26900 0.46550
v 0.28350 -0.26900 0.46750
v -0.27950 -0.26900 0.46950
v 0.26150 -0.26900 0.47750
v 0.25950 -0.26900 0.47850
v 0.26250 -0.26900 0.47950
v -0.25750 -0.26900 0.47950
v 0.26050 -0.26900 0.48050
v -0.25550 -0.26900 0.48050
v -0.25850 -0.26900 0.48150
v 0.17150 -0.26900 0.48250
v -0.25650 -0.26900 0.48250
v -0.16750 -0.26900 0.48350
v 0.16350 -0.26900 0.48550
v -0.15950 -0.26900 0.48650
v 0.23950 -0.26900 0.49150
v -0.23450 -0.26900 0.49350
v 0.23050 -0.26900 0.49550
v -0.22650 -0.26900 0.49750
v 0.11850 -0.26900 0.49850
v -0.11350 -0.26900 0.49950
v 0.10950 -0.26900 0.50050
v -0.10550 -0.26900 0.50150
v 0.20750 -0.26900 0.50350
v 0.20550 -0.26900 0.50450
v 0.20850 -0.26900 0.50550
v -0.20150 -0.26900 0.50550
v -0.20350 -0.26900 0.50550
v 0.20650 -0.26900 0.50650
v -0.20150 -0.26900 0.50750
v -0.20350 -0.26900 0.50750
v 0.06250 -0.26900 0.50850
v -0.05850 -0.26900 0.50850
v 0.05450 -0.26900 0.50950
v -0.04950 -0.26900 0.50950
v 0.00650 -0.26900 0.51150
v -0.00150 -0.26900 0.51150
v 0.18350 -0.26900 0.51450
v -0.17950 -0.26900 0.51650
v 0.17550 -0.26900 0.51750
v -0.17050 -0.26900 0.51950
v 0.15150 -0.26900 0.52350
v 0.14950 -0.26900 0.52350
v -0.14450 -0.26900 0.52450
v -0.14650 -0.26900 0.52450
v 0.15150 -0.26900 0.52550
v 0.14950 -0.26900 0.52550
v -0.14750 -0.26900 0.52650
v -0.14450 -0.26900 0.52750
v 0.12650 -0.26900 0.53150
v -0.12150 -0.26900 0.53350
v 0.11750 -0.26900 0.53450
v -0.11250 -0.26900 0.53450
v 0.09250 -0.26900 0.53650
v 0.09050 -0.26900 0.53650
v -0.08550 -0.26900 0.53750
v -0.08850 -0.26900 0.53750
v 0.09350 -0.26900 0.53850
v 0.09150 -0.26900 0.53950
v -0.08650 -0.26900 0.53950
v -0.08850 -0.26900 0.53950
v 0.06650 -0.26900 0.54250
v 0.05750 -0.26900 0.54350
v 0.03350 -0.26900 0.54350
v 0.03150 -0.26900 0.54350
v -0.02650 -0.26900 0.54350
v -0.02850 -0.26900 0.54350
v -0.06250 -0.26900 0.54350
v -0.05350 -0.26900 0.54450
v 0.03350 -0.26900 0.54550
v 0.03150 -0.26900 0.54550
v -0.02850 -0.26900 0.54550
v 0.00650 -0.26900 0.54650
v -0.00250 -0.26900 0.54650
v -0.02650 -0.26900 0.54650
v -0.63450 -0.27000 -0.15050
v -0.64050 -0.27500 -0.05550
v -0.68450 -0.28400 -0.08350
v 0.63650 -0.28700 -0.04250
v 0.62450 -0.29100 0.07850
v 0.63050 -0.29500 0.11450
v 0.63550 -0.29600 0.00950
v 0.62850 -0.29800 0.13450
v 0.62550 -0.29800 0.15450
v 0.62850 -0.30000 0.13450
v 0.62250 -0.30100 0.17450
v 0.61750 -0.30100 0.19450
v 0.60850 -0.30100 0.23350
v -0.66550 -0.30100 0.30650
v 0.63150 -0.30200 0.11450
v 0.62050 -0.30200 0.14550
v 0.62550 -0.30200 0.15450
v 0.00050 -0.30300 -0.53550
v 0.05650 -0.30300 -0.53250
v -0.05550 -0.30300 -0.53250
v 0.11150 -0.30300 -0.52350
v -0.11150 -0.30300 -0.52350
v 0.16550 -0.30300 -0.50950
v -0.16550 -0.30300 -0.50950
v 0.21750 -0.30300 -0.48950
v -0.21750 -0.30300 -0.48950
v 0.26750 -0.30300 -0.46350
v -0.26750 -0.30300 -0.46350
v 0.31450 -0.30300 -0.43350
v -0.31450 -0.30300 -0.43350
v 0.35850 -0.30300 -0.39750
v -0.35850 -0.30300 -0.39750
v 0.39850 -0.30300 -0.35850
v -0.39850 -0.30300 -0.35850
v 0.43350 -0.30300 -0.31450
v -0.43350 -0.30300 -0.31450
v 0.46450 -0.30300 -0.26750
v -0.46350 -0.30300 -0.26750
v 0.48950 -0.30300 -0.21750
v -0.48950 -0.30300 -0.21750
v 0.50950 -0.30300 -0.16550
v -0.50950 -0.30300 -0.16550
v 0.52450 -0.30300 -0.11150
v -0.52350 -0.30300 -0.11150
v 0.53250 -0.30300 -0.05550
v -0.53550 -0.30300 0.00050
v 0.53250 -0.30300 0.05650
v -0.53250 -0.30300 0.05650
v 0.52450 -0.30300 0.11150
v -0.52350 -0.30300 0.11150
v 0.50950 -0.30300 0.16550
v -0.50950 -0.30300 0.16550
v 0.48950 -0.30300 0.21850
v -0.48950 -0.30300 0.21850
v 0.46450 -0.30300 0.26850
v -0.46350 -0.30300 0.26850
v 0.43350 -0.30300 0.31550
v -0.43350 -0.30300 0.31550
v 0.39850 -0.30300 0.35850
v -0.39850 -0.30300 0.35850
v -0.63150 -0.30300 0.35850
v 0.35850 -0.30300 0.39850
v -0.35850 -0.30300 0.39850
v 0.31450 -0.30300 0.43350
v -0.31450 -0.30300 0.43350
v 0.26750 -0.30300 0.46450
v -0.26750 -0.30300 0.46450
v 0.21750 -0.30300 0.48950
v -0.21750 -0.30300 0.48950
v 0.16550 -0.30300 0.50950
v -0.16550 -0.30300 0.50950
v 0.11150 -0.30300 0.52450
v -0.11150 -0.30300 0.52450
v 0.05650 -0.30300 0.53350
v -0.05550 -0.30300 0.53350
v 0.00050 -0.30300 0.53550
v 0.28850 -0.30300 0.59650
v -0.29650 -0.30300 0.59650
v -0.59850 -0.30400 0.41050
v 0.00050 -0.30500 -0.53250
v 0.05550 -0.30500 -0.52950
v -0.05550 -0.30500 -0.52950
v 0.11050 -0.30500 -0.52150
v -0.11050 -0.30500 -0.52150
v 0.00050 -0.30500 -0.51750
v 0.05450 -0.30500 -0.51450
v -0.05450 -0.30500 -0.51450
v 0.16450 -0.30500 -0.50650
v 0.10750 -0.30500 -0.50650
v -0.10750 -0.30500 -0.50650
v -0.16450 -0.30500 -0.50650
v 0.16050 -0.30500 -0.49250
v -0.15950 -0.30500 -0.49250
v 0.21650 -0.30500 -0.48650
v -0.21650 -0.30500 -0.48650
v 0.21050 -0.30500 -0.47250
v -0.21050 -0.30500 -0.47250
v 0.26650 -0.30500 -0.46150
v -0.26650 -0.30500 -0.46150
v 0.25850 -0.30500 -0.44850
v -0.25850 -0.30500 -0.44850
v 0.31350 -0.30500 -0.43150
v -0.31350 -0.30500 -0.43150
v 0.30450 -0.30500 -0.41850
v -0.30450 -0.30500 -0.41850
v 0.35650 -0.30500 -0.39550
v -0.35650 -0.30500 -0.39550
v 0.34650 -0.30500 -0.38450
v -0.34650 -0.30500 -0.38450
v 0.39650 -0.30500 -0.35650
v -0.39650 -0.30500 -0.35650
v 0.38450 -0.30500 -0.34650
v -0.38450 -0.30500 -0.34650
v 0.43150 -0.30500 -0.31350
v -0.43150 -0.30500 -0.31350
v 0.41950 -0.30500 -0.30450
v -0.41850 -0.30500 -0.30450
v 0.46150 -0.30500 -0.26650
v -0.46150 -0.30500 -0.26650
v 0.44850 -0.30500 -0.25850
v -0.44850 -0.30500 -0.25850
v 0.48750 -0.30500 -0.21650
v -0.48650 -0.30500 -0.21650
v 0.47350 -0.30500 -0.21050
v -0.47250 -0.30500 -0.21050
v 0.50750 -0.30500 -0.16450
v -0.50650 -0.30500 -0.16450
v 0.49250 -0.30500 -0.15950
v -0.49250 -0.30500 -0.15950
v 0.52150 -0.30500 -0.11050
v -0.52150 -0.30500 -0.11050
v 0.50650 -0.30500 -0.10750
v -0.50650 -0.30500 -0.10750
v 0.53050 -0.30500 -0.05550
v -0.53050 -0.30500 -0.05550
v 0.51550 -0.30500 -0.05350
v -0.51450 -0.30500 -0.05350
v 0.53350 -0.30500 0.00050
v 0.51750 -0.30500 0.00050
v -0.51750 -0.30500 0.00050
v -0.53250 -0.30500 0.00050
v 0.51550 -0.30500 0.05450
v -0.51450 -0.30500 0.05450
v 0.53050 -0.30500 0.05550
v -0.53050 -0.30500 0.05550
v 0.50650 -0.30500 0.10750
v -0.50650 -0.30500 0.10750
v 0.52150 -0.30500 0.11150
v -0.52150 -0.30500 0.11150
v 0.49250 -0.30500 0.16050
v -0.49250 -0.30500 0.16050
v 0.50750 -0.30500 0.16450
v -0.50650 -0.30500 0.16450
v 0.47350 -0.30500 0.21050
v -0.47250 -0.30500 0.21050
v 0.48750 -0.30500 0.21750
v -0.48650 -0.30500 0.21750
v 0.44850 -0.30500 0.25950
v -0.44850 -0.30500 0.25950
v 0.46150 -0.30500 0.26650
v -0.46150 -0.30500 0.26650
v 0.41950 -0.30500 0.30450
v -0.41850 -0.30500 0.30450
v 0.43150 -0.30500 0.31350
v -0.43150 -0.30500 0.31350
v 0.38450 -0.30500 0.34650
v -0.38450 -0.30500 0.34650
v 0.39650 -0.30500 0.35650
v -0.39650 -0.30500 0.35650
v 0.34650 -0.30500 0.38550
v -0.34650 -0.30500 0.38550
v 0.35650 -0.30500 0.39650
v -0.35650 -0.30500 0.39650
v 0.30450 -0.30500 0.41950
v -0.30450 -0.30500 0.41950
v 0.31350 -0.30500 0.43150
v -0.31350 -0.30500 0.43150
v 0.25850 -0.30500 0.44850
v -0.25850 -0.30500 0.44850
v 0.26650 -0.30500 0.46150
v -0.26650 -0.30500 0.46150
v 0.21050 -0.30500 0.47350
v -0.21050 -0.30500 0.47350
v 0.21650 -0.30500 0.48750
v -0.21650 -0.30500 0.48750
v 0.16050 -0.30500 0.49250
v -0.15950 -0.30500 0.49250
v 0.10750 -0.30500 0.50650
v -0.10750 -0.30500 0.50650
v 0.16450 -0.30500 0.50750
v -0.16450 -0.30500 0.50750
v 0.05450 -0.30500 0.51550
v -0.05450 -0.30500 0.51550
v 0.00050 -0.30500 0.51850
v 0.11050 -0.30500 0.52150
v -0.11050 -0.30500 0.52150
v 0.05550 -0.30500 0.53050
v -0.05550 -0.30500 0.53050
v 0.00050 -0.30500 0.53350
v 0.00050 -0.30700 -0.51550
v 0.05350 -0.30700 -0.51250
v -0.05350 -0.30700 -0.51250
v 0.10750 -0.30700 -0.50350
v -0.10750 -0.30700 -0.50350
v 0.15950 -0.30700 -0.48950
v -0.15950 -0.30700 -0.48950
v 0.20950 -0.30700 -0.47050
v -0.20950 -0.30700 -0.47050
v 0.25750 -0.30700 -0.44550
v -0.25750 -0.30700 -0.44550
v 0.30250 -0.30700 -0.41650
v -0.30250 -0.30700 -0.41650
v 0.34450 -0.30700 -0.38250
v -0.34450 -0.30700 -0.38250
v 0.38250 -0.30700 -0.34450
v -0.38250 -0.30700 -0.34450
v 0.41650 -0.30700 -0.30250
v -0.41650 -0.30700 -0.30250
v 0.44650 -0.30700 -0.25750
v -0.44650 -0.30700 -0.25750
v 0.47050 -0.30700 -0.20950
v -0.47050 -0.30700 -0.20950
v 0.49050 -0.30700 -0.15850
v -0.48950 -0.30700 -0.15850
v 0.50450 -0.30700 -0.10650
v -0.50350 -0.30700 -0.10650
v 0.51250 -0.30700 -0.05350
v -0.51250 -0.30700 -0.05350
v -0.63950 -0.30700 -0.03750
v 0.51550 -0.30700 0.00050
v -0.51550 -0.30700 0.00050
v 0.51250 -0.30700 0.05450
v -0.51250 -0.30700 0.05450
v 0.50450 -0.30700 0.10750
v -0.50350 -0.30700 0.10750
v 0.49050 -0.30700 0.15950
v -0.48950 -0.30700 0.15950
v 0.47050 -0.30700 0.20950
v -0.47050 -0.30700 0.20950
v 0.44650 -0.30700 0.25750
v -0.44650 -0.30700 0.25750
v 0.41650 -0.30700 0.30350
v -0.41650 -0.30700 0.30350
v 0.38250 -0.30700 0.34550
v -0.38250 -0.30700 0.34550
v 0.34450 -0.30700 0.38350
v -0.34450 -0.30700 0.38350
v 0.30250 -0.30700 0.41750
v -0.30250 -0.30700 0.41750
v 0.25750 -0.30700 0.44650
v -0.25750 -0.30700 0.44650
v 0.20950 -0.30700 0.47050
v -0.20950 -0.30700 0.47050
v 0.15950 -0.30700 0.49050
v -0.15950 -0.30700 0.49050
v 0.10750 -0.30700 0.50450
v -0.10750 -0.30700 0.50450
v 0.05350 -0.30700 0.51250
v -0.05350 -0.30700 0.51250
v 0.00050 -0.30700 0.51550
v -0.00250 -0.30900 -0.54650
v -0.00450 -0.30900 -0.54650
v 0.03150 -0.30900 -0.54550
v 0.02250 -0.30900 -0.54550
v -0.02850 -0.30900 -0.54550
v -0.03750 -0.30900 -0.54450
v 0.05750 -0.30900 -0.54350
v 0.05550 -0.30900 -0.54350
v -0.06250 -0.30900 -0.54250
v -0.06450 -0.30900 -0.54250
v 0.08150 -0.30900 -0.54050
v 0.09050 -0.30900 -0.53850
v -0.08850 -0.30900 -0.53850
v -0.09750 -0.30900 -0.53750
v 0.11450 -0.30900 -0.53450
v 0.11650 -0.30900 -0.53350
v -0.12150 -0.30900 -0.53250
v -0.12350 -0.30900 -0.53250
v 0.14050 -0.30900 -0.52750
v 0.14950 -0.30900 -0.52550
v -0.14750 -0.30900 -0.52550
v -0.15650 -0.30900 -0.52350
v 0.17250 -0.30900 -0.51850
v 0.17450 -0.30900 -0.51750
v -0.17950 -0.30900 -0.51550
v -0.18150 -0.30900 -0.51550
v 0.02050 -0.30900 -0.51150
v 0.02950 -0.30900 -0.51050
v -0.02750 -0.30900 -0.51050
v -0.03550 -0.30900 -0.51050
v 0.19750 -0.30900 -0.50950
v -0.20450 -0.30900 -0.50650
v 0.20650 -0.30900 -0.50550
v 0.07650 -0.30900 -0.50550
v 0.08550 -0.30900 -0.50450
v -0.08350 -0.30900 -0.50450
v -0.09150 -0.30900 -0.50350
v -0.21250 -0.30900 -0.50350
v 0.22850 -0.30900 -0.49650
v 0.23050 -0.30900 -0.49550
v 0.13150 -0.30900 -0.49450
v -0.23450 -0.30900 -0.49350
v -0.13750 -0.30900 -0.49250
v -0.23650 -0.30900 -0.49250
v 0.13950 -0.30900 -0.49150
v -0.14650 -0.30900 -0.49050
v 0.25250 -0.30900 -0.48450
v -0.25850 -0.30900 -0.48150
v 0.26050 -0.30900 -0.48050
v 0.18550 -0.30900 -0.47650
v -0.26650 -0.30900 -0.47650
v -0.19150 -0.30900 -0.47450
v 0.19350 -0.30900 -0.47350
v -0.19950 -0.30900 -0.47150
v 0.28150 -0.30900 -0.46850
v 0.28350 -0.30900 -0.46650
v -0.28750 -0.30900 -0.46450
v -0.28950 -0.30900 -0.46350
v 0.30450 -0.30900 -0.45350
v 0.23650 -0.30900 -0.45350
v -0.24250 -0.30900 -0.45050
v 0.24350 -0.30900 -0.44950
v -0.30950 -0.30900 -0.44950
v 0.31150 -0.30900 -0.44850
v -0.24950 -0.30900 -0.44650
v -0.31750 -0.30900 -0.44450
v 0.33150 -0.30900 -0.43450
v 0.33350 -0.30900 -0.43250
v -0.33650 -0.30900 -0.42950
v -0.33850 -0.30900 -0.42850
v 0.28450 -0.30900 -0.42450
v -0.29050 -0.30900 -0.42150
v 0.29150 -0.30900 -0.42050
v 0.35250 -0.30900 -0.41750
v -0.29750 -0.30900 -0.41650
v -0.35750 -0.30900 -0.41350
v 0.35950 -0.30900 -0.41150
v -0.36450 -0.30900 -0.40750
v 0.37750 -0.30900 -0.39550
v 0.37850 -0.30900 -0.39350
v 0.32950 -0.30900 -0.39150
v -0.38250 -0.30900 -0.39050
v -0.38350 -0.30900 -0.38850
v -0.33450 -0.30900 -0.38650
v 0.33650 -0.30900 -0.38550
v -0.34150 -0.30900 -0.38150
v 0.39550 -0.30900 -0.37650
v -0.40050 -0.30900 -0.37150
v 0.40250 -0.30900 -0.36950
v -0.40650 -0.30900 -0.36450
v 0.37050 -0.30900 -0.35250
v 0.41850 -0.30900 -0.35150
v 0.41950 -0.30900 -0.34950
v -0.37550 -0.30900 -0.34750
v 0.37650 -0.30900 -0.34650
v -0.42250 -0.30900 -0.34650
v -0.42450 -0.30900 -0.34450
v -0.38050 -0.30900 -0.34150
v 0.43450 -0.30900 -0.33050
v -0.43950 -0.30900 -0.32550
v 0.44050 -0.30900 -0.32350
v -0.44450 -0.30900 -0.31750
v 0.40750 -0.30900 -0.30950
v -0.41150 -0.30900 -0.30450
v 0.45450 -0.30900 -0.30350
v 0.41250 -0.30900 -0.30250
v 0.45550 -0.30900 -0.30150
v -0.41650 -0.30900 -0.29750
v -0.45850 -0.30900 -0.29750
v -0.45950 -0.30900 -0.29550
v 0.46850 -0.30900 -0.28050
v -0.47250 -0.30900 -0.27450
v 0.47350 -0.30900 -0.27350
v -0.47650 -0.30900 -0.26750
v 0.43850 -0.30900 -0.26350
v -0.44250 -0.30900 -0.25750
v 0.44350 -0.30900 -0.25550
v 0.48450 -0.30900 -0.25150
v -0.44650 -0.30900 -0.25050
v 0.48550 -0.30900 -0.24950
v -0.48850 -0.30900 -0.24550
v -0.48950 -0.30900 -0.24350
v 0.49650 -0.30900 -0.22750
v -0.49950 -0.30900 -0.22150
v 0.50050 -0.30900 -0.21950
v 0.46550 -0.30900 -0.21350
v -0.50350 -0.30900 -0.21350
v -0.46750 -0.30900 -0.20750
v 0.46850 -0.30900 -0.20550
v -0.47150 -0.30900 -0.19950
v 0.50950 -0.30900 -0.19650
v 0.51050 -0.30900 -0.19450
v -0.51250 -0.30900 -0.19050
v -0.51250 -0.30900 -0.18850
v 0.51850 -0.30900 -0.17150
v -0.52050 -0.30900 -0.16550
v 0.52150 -0.30900 -0.16350
v 0.48550 -0.30900 -0.16050
v -0.52350 -0.30900 -0.15650
v -0.48750 -0.30900 -0.15450
v 0.48850 -0.30900 -0.15250
v -0.49050 -0.30900 -0.14650
v 0.52850 -0.30900 -0.13950
v 0.52850 -0.30900 -0.13750
v -0.52950 -0.30900 -0.13350
v -0.53050 -0.30900 -0.13050
v 0.53450 -0.30900 -0.11350
v -0.53550 -0.30900 -0.10750
v 0.50050 -0.30900 -0.10650
v 0.53650 -0.30900 -0.10550
v -0.50150 -0.30900 -0.10050
v 0.50250 -0.30900 -0.09850
v -0.53750 -0.30900 -0.09850
v -0.50350 -0.30900 -0.09150
v 0.54050 -0.30900 -0.08150
v 0.54050 -0.30900 -0.07850
v -0.54150 -0.30900 -0.07450
v -0.54150 -0.30900 -0.07150
v 0.54350 -0.30900 -0.05450
v 0.50950 -0.30900 -0.05150
v -0.54450 -0.30900 -0.04750
v 0.54450 -0.30900 -0.04550
v -0.50950 -0.30900 -0.04450
v 0.51050 -0.30900 -0.04250
v -0.54550 -0.30900 -0.03850
v -0.51050 -0.30900 -0.03650
v 0.54650 -0.30900 -0.02150
v 0.54650 -0.30900 -0.01850
v -0.54650 -0.30900 -0.01450
v -0.54650 -0.30900 -0.01150
v 0.54650 -0.30900 0.00550
v 0.51150 -0.30900 0.00550
v -0.51150 -0.30900 0.01150
v -0.54650 -0.30900 0.01250
v 0.51150 -0.30900 0.01350
v 0.54650 -0.30900 0.01450
v -0.51150 -0.30900 0.02250
v -0.54550 -0.30900 0.02350
v 0.54550 -0.30900 0.03850
v 0.54550 -0.30900 0.04150
v -0.54450 -0.30900 0.04850
v -0.54450 -0.30900 0.05050
v 0.50850 -0.30900 0.06150
v 0.54250 -0.30900 0.06550
v 0.50750 -0.30900 0.06950
v -0.50650 -0.30900 0.07050
v 0.54150 -0.30900 0.07450
v -0.54150 -0.30900 0.07450
v -0.50550 -0.30900 0.07850
v -0.53950 -0.30900 0.08350
v 0.53750 -0.30900 0.09850
v 0.53750 -0.30900 0.10050
v -0.53550 -0.30900 0.10750
v -0.53550 -0.30900 0.10950
v 0.49850 -0.30900 0.11650
v 0.53250 -0.30900 0.12450
v 0.49650 -0.30900 0.12450
v -0.49650 -0.30900 0.12550
v 0.53050 -0.30900 0.13350
v -0.49450 -0.30900 0.13350
v -0.52950 -0.30900 0.13350
v -0.52750 -0.30900 0.14250
v 0.52350 -0.30900 0.15650
v 0.52250 -0.30900 0.15950
v -0.52050 -0.30900 0.16550
v -0.51950 -0.30900 0.16850
v 0.48250 -0.30900 0.17050
v -0.47950 -0.30900 0.17850
v 0.51550 -0.30900 0.18250
v 0.47850 -0.30900 0.18250
v -0.47650 -0.30900 0.18650
v -0.51150 -0.30900 0.19150
v 0.51050 -0.30900 0.19550
v -0.50850 -0.30900 0.19950
v 0.50150 -0.30900 0.21750
v 0.50050 -0.30900 0.21950
v -0.49950 -0.30900 0.22250
v -0.49850 -0.30900 0.22450
v 0.45950 -0.30900 0.22650
v -0.45650 -0.30900 0.23050
v 0.45550 -0.30900 0.23450
v -0.45350 -0.30900 0.23850
v 0.49050 -0.30900 0.24150
v -0.48750 -0.30900 0.24650
v 0.48650 -0.30900 0.25050
v -0.48350 -0.30900 0.25450
v 0.47450 -0.30900 0.27150
v 0.47350 -0.30900 0.27350
v 0.43150 -0.30900 0.27550
v -0.47150 -0.30900 0.27550
v -0.47050 -0.30900 0.27750
v -0.42850 -0.30900 0.27950
v 0.42650 -0.30900 0.28250
v -0.42450 -0.30900 0.28650
v 0.46050 -0.30900 0.29450
v -0.45750 -0.30900 0.29850
v 0.45550 -0.30900 0.30150
v -0.45250 -0.30900 0.30550
v 0.44150 -0.30900 0.32150
v 0.39850 -0.30900 0.32150
v 0.44050 -0.30900 0.32350
v -0.39550 -0.30900 0.32450
v -0.43850 -0.30900 0.32550
v 0.39350 -0.30900 0.32750
v -0.43750 -0.30900 0.32750
v -0.39050 -0.30900 0.33150
v 0.42550 -0.30900 0.34350
v -0.42250 -0.30900 0.34650
v 0.41950 -0.30900 0.35050
v -0.41650 -0.30900 0.35350
v 0.36050 -0.30900 0.36350
v -0.35750 -0.30900 0.36650
v 0.40350 -0.30900 0.36850
v 0.35450 -0.30900 0.36950
v 0.40250 -0.30900 0.37050
v -0.40050 -0.30900 0.37150
v -0.35150 -0.30900 0.37250
v -0.39850 -0.30900 0.37350
v 0.38550 -0.30900 0.38750
v -0.38150 -0.30900 0.39150
v 0.37850 -0.30900 0.39450
v -0.37550 -0.30900 0.39750
v 0.31850 -0.30900 0.40050
v -0.31550 -0.30900 0.40350
v 0.31250 -0.30900 0.40550
v -0.30850 -0.30900 0.40850
v 0.36050 -0.30900 0.41050
v 0.35950 -0.30900 0.41250
v -0.35750 -0.30900 0.41350
v -0.35550 -0.30900 0.41550
v 0.34050 -0.30900 0.42750
v -0.33650 -0.30900 0.43050
v 0.33350 -0.30900 0.43350
v 0.27350 -0.30900 0.43350
v -0.26950 -0.30900 0.43550
v -0.32950 -0.30900 0.43650
v 0.26550 -0.30900 0.43750
v -0.26150 -0.30900 0.43950
v 0.31350 -0.30900 0.44750
v 0.31150 -0.30900 0.44950
v -0.30950 -0.30900 0.45050
v -0.30750 -0.30900 0.45150
v 0.22350 -0.30900 0.46050
v 0.29150 -0.30900 0.46250
v -0.21950 -0.30900 0.46250
v 0.21650 -0.30900 0.46450
v -0.28750 -0.30900 0.46450
v -0.21250 -0.30900 0.46550
v 0.28350 -0.30900 0.46750
v -0.27950 -0.30900 0.46950
v 0.26250 -0.30900 0.47950
v 0.26050 -0.30900 0.48050
v -0.25850 -0.30900 0.48150
v 0.17150 -0.30900 0.48250
v -0.25650 -0.30900 0.48250
v -0.16750 -0.30900 0.48350
v 0.16350 -0.30900 0.48550
v -0.15950 -0.30900 0.48650
v 0.23950 -0.30900 0.49150
v -0.23450 -0.30900 0.49350
v 0.23050 -0.30900 0.49550
v -0.22650 -0.30900 0.49750
v 0.11850 -0.30900 0.49850
v -0.11350 -0.30900 0.49950
v 0.10950 -0.30900 0.50050
v -0.10550 -0.30900 0.50150
v 0.20850 -0.30900 0.50550
v 0.20650 -0.30900 0.50650
v -0.20150 -0.30900 0.50750
v -0.20350 -0.30900 0.50750
v 0.06250 -0.30900 0.50850
v -0.05850 -0.30900 0.50850
v 0.05450 -0.30900 0.50950
v -0.04950 -0.30900 0.50950
v 0.00650 -0.30900 0.51150
v -0.00150 -0.30900 0.51150
v 0.18350 -0.30900 0.51450
v -0.17950 -0.30900 0.51650
v 0.17550 -0.30900 0.51750
v -0.17050 -0.30900 0.51950
v 0.15150 -0.30900 0.52550
v 0.14950 -0.30900 0.52550
v -0.14750 -0.30900 0.52650
v -0.14450 -0.30900 0.52750
v 0.12650 -0.30900 0.53150
v -0.12150 -0.30900 0.53350
v 0.11750 -0.30900 0.53450
v -0.11250 -0.30900 0.53450
v 0.09350 -0.30900 0.53850
v 0.09150 -0.30900 0.53950
v -0.08650 -0.30900 0.53950
v -0.08850 -0.30900 0.53950
v 0.06650 -0.30900 0.54250
v 0.05750 -0.30900 0.54350
v -0.06250 -0.30900 0.54350
v -0.05350 -0.30900 0.54450
v 0.03350 -0.30900 0.54550
v 0.03150 -0.30900 0.54550
v -0.02850 -0.30900 0.54550
v 0.00650 -0.30900 0.54650
v -0.00250 -0.30900 0.54650
v -0.02650 -0.30900 0.54650
v -0.00250 -0.31000 -0.54350
v -0.00450 -0.31000 -0.54350
v 0.05550 -0.31000 -0.54150
v 0.05750 -0.31000 -0.54050
v -0.06250 -0.31000 -0.54050
v -0.06450 -0.31000 -0.54050
v 0.11450 -0.31000 -0.53450
v 0.11650 -0.31000 -0.53150
v 0.11450 -0.31000 -0.53150
v -0.12150 -0.31000 -0.53050
v -0.12350 -0.31000 -0.52950
v 0.17250 -0.31000 -0.51650
v 0.17450 -0.31000 -0.51550
v -0.18150 -0.31000 -0.51550
v -0.17850 -0.31000 -0.51450
v -0.17850 -0.31000 -0.51350
v -0.18050 -0.31000 -0.51350
v 0.22850 -0.31000 -0.49650
v 0.23050 -0.31000 -0.49450
v 0.22750 -0.31000 -0.49450
v 0.22950 -0.31000 -0.49350
v -0.23450 -0.31000 -0.49250
v -0.23650 -0.31000 -0.49250
v -0.23350 -0.31000 -0.49150
v -0.23550 -0.31000 -0.49050
v 0.28150 -0.31000 -0.46850
v 0.28050 -0.31000 -0.46650
v 0.28350 -0.31000 -0.46550
v 0.28250 -0.31000 -0.46450
v -0.28750 -0.31000 -0.46350
v -0.28950 -0.31000 -0.46350
v -0.28650 -0.31000 -0.46250
v -0.28850 -0.31000 -0.46150
v 0.33250 -0.31000 -0.43250
v 0.33050 -0.31000 -0.43250
v 0.33150 -0.31000 -0.43150
v -0.33650 -0.31000 -0.42950
v -0.33550 -0.31000 -0.42850
v -0.33850 -0.31000 -0.42850
v -0.33750 -0.31000 -0.42650
v 0.37550 -0.31000 -0.39350
v 0.37750 -0.31000 -0.39250
v -0.38050 -0.31000 -0.38850
v -0.38350 -0.31000 -0.38850
v -0.38250 -0.31000 -0.38750
v 0.41850 -0.31000 -0.35150
v 0.41650 -0.31000 -0.35050
v 0.41850 -0.31000 -0.34950
v 0.41750 -0.31000 -0.34850
v -0.42050 -0.31000 -0.34450
v -0.42450 -0.31000 -0.34450
v -0.42250 -0.31000 -0.34250
v 0.45250 -0.31000 -0.30250
v 0.45450 -0.31000 -0.30050
v 0.45350 -0.31000 -0.30050
v -0.45650 -0.31000 -0.29650
v -0.45750 -0.31000 -0.29650
v -0.45950 -0.31000 -0.29550
v -0.45750 -0.31000 -0.29450
v 0.48450 -0.31000 -0.25150
v 0.48250 -0.31000 -0.25050
v 0.48450 -0.31000 -0.24950
v 0.48350 -0.31000 -0.24850
v -0.48650 -0.31000 -0.24450
v -0.48750 -0.31000 -0.24450
v -0.48950 -0.31000 -0.24350
v -0.48650 -0.31000 -0.24250
v 0.50950 -0.31000 -0.19650
v 0.50750 -0.31000 -0.19650
v 0.50850 -0.31000 -0.19450
v -0.51050 -0.31000 -0.19050
v -0.50950 -0.31000 -0.18950
v -0.51050 -0.31000 -0.18750
v 0.52850 -0.31000 -0.13950
v 0.52650 -0.31000 -0.13950
v 0.52650 -0.31000 -0.13750
v -0.52750 -0.31000 -0.13250
v -0.52850 -0.31000 -0.13250
v -0.52850 -0.31000 -0.13050
v -0.53050 -0.31000 -0.13050
v 0.54050 -0.31000 -0.08150
v 0.53850 -0.31000 -0.08050
v 0.53850 -0.31000 -0.07850
v -0.53950 -0.31000 -0.07350
v -0.54050 -0.31000 -0.07350
v -0.53950 -0.31000 -0.07150
v -0.54150 -0.31000 -0.07150
v 0.54350 -0.31000 -0.02150
v 0.54350 -0.31000 -0.01850
v -0.54350 -0.31000 -0.01450
v -0.54350 -0.31000 -0.01150
v -0.54650 -0.31000 -0.01150
v 0.54550 -0.31000 0.03850
v 0.54250 -0.31000 0.03850
v 0.54250 -0.31000 0.04050
v -0.54250 -0.31000 0.04850
v -0.54150 -0.31000 0.05050
v -0.54450 -0.31000 0.05050
v 0.53750 -0.31000 0.09850
v 0.53550 -0.31000 0.09850
v 0.53550 -0.31000 0.10050
v -0.53350 -0.31000 0.10750
v -0.53350 -0.31000 0.10950
v 0.52350 -0.31000 0.15650
v 0.52150 -0.31000 0.15650
v 0.52150 -0.31000 0.15850
v 0.52050 -0.31000 0.15850
v -0.51850 -0.31000 0.16550
v -0.51750 -0.31000 0.16750
v 0.49950 -0.31000 0.21650
v 0.50150 -0.31000 0.21750
v 0.49850 -0.31000 0.21850
v 0.49950 -0.31000 0.21950
v -0.49750 -0.31000 0.22150
v -0.49850 -0.31000 0.22150
v -0.49650 -0.31000 0.22350
v 0.47250 -0.31000 0.27050
v 0.47450 -0.31000 0.27150
v 0.47250 -0.31000 0.27250
v 0.47150 -0.31000 0.27250
v -0.46950 -0.31000 0.27450
v -0.47050 -0.31000 0.27550
v -0.46850 -0.31000 0.27650
v -0.47050 -0.31000 0.27750
v 0.43950 -0.31000 0.32050
v 0.44150 -0.31000 0.32150
v 0.43850 -0.31000 0.32250
v 0.43950 -0.31000 0.32350
v -0.43750 -0.31000 0.32450
v -0.43750 -0.31000 0.32550
v -0.43850 -0.31000 0.32550
v -0.43550 -0.31000 0.32650
v -0.43750 -0.31000 0.32750
v 0.40250 -0.31000 0.36650
v 0.40350 -0.31000 0.36850
v 0.40050 -0.31000 0.36850
v -0.39850 -0.31000 0.37050
v -0.39950 -0.31000 0.37150
v -0.39750 -0.31000 0.37250
v -0.39850 -0.31000 0.37350
v 0.35950 -0.31000 0.40850
v 0.36050 -0.31000 0.41050
v 0.35750 -0.31000 0.41050
v -0.35550 -0.31000 0.41150
v -0.35450 -0.31000 0.41350
v -0.35550 -0.31000 0.41550
v 0.31250 -0.31000 0.44550
v 0.31050 -0.31000 0.44750
v 0.31150 -0.31000 0.44850
v -0.30850 -0.31000 0.44850
v -0.30650 -0.31000 0.44950
v -0.30950 -0.31000 0.44950
v 0.26150 -0.31000 0.47750
v 0.25950 -0.31000 0.47850
v 0.26050 -0.31000 0.47950
v -0.25750 -0.31000 0.47950
v -0.25550 -0.31000 0.48050
v -0.25750 -0.31000 0.48050
v -0.25650 -0.31000 0.48250
v 0.20750 -0.31000 0.50350
v 0.20550 -0.31000 0.50450
v 0.20650 -0.31000 0.50550
v -0.20150 -0.31000 0.50550
v -0.20350 -0.31000 0.50550
v -0.20150 -0.31000 0.50750
v 0.15150 -0.31000 0.52350
v 0.14950 -0.31000 0.52350
v -0.14450 -0.31000 0.52450
v -0.14650 -0.31000 0.52450
v 0.15150 -0.31000 0.52550
v -0.14650 -0.31000 0.52550
v -0.14450 -0.31000 0.52750
v 0.09250 -0.31000 0.53650
v 0.09050 -0.31000 0.53650
v -0.08550 -0.31000 0.53750
v -0.08850 -0.31000 0.53750
v -0.08650 -0.31000 0.53950
v 0.03350 -0.31000 0.54350
v 0.03150 -0.31000 0.54350
v -0.02650 -0.31000 0.54350
v -0.02850 -0.31000 0.54350
v 0.03350 -0.31000 0.54550
v 0.00050 -0.31200 -0.51550
v 0.05350 -0.31200 -0.51250
v -0.05350 -0.31200 -0.51250
v 0.10750 -0.31200 -0.50350
v -0.10750 -0.31200 -0.50350
v 0.15950 -0.31200 -0.48950
v -0.15950 -0.31200 -0.48950
v 0.20950 -0.31200 -0.47050
v -0.20950 -0.31200 -0.47050
v 0.25750 -0.31200 -0.44550
v -0.25750 -0.31200 -0.44550
v 0.30250 -0.31200 -0.41650
v -0.30250 -0.31200 -0.41650
v 0.34450 -0.31200 -0.38250
v -0.34450 -0.31200 -0.38250
v 0.38250 -0.31200 -0.34450
v -0.38250 -0.31200 -0.34450
v 0.41650 -0.31200 -0.30250
v -0.41650 -0.31200 -0.30250
v 0.44650 -0.31200 -0.25750
v -0.44650 -0.31200 -0.25750
v 0.47050 -0.31200 -0.20950
v -0.47050 -0.31200 -0.20950
v 0.49050 -0.31200 -0.15850
v -0.48950 -0.31200 -0.15850
v 0.50450 -0.31200 -0.10650
v -0.50350 -0.31200 -0.10650
v 0.51250 -0.31200 -0.05350
v -0.51250 -0.31200 -0.05350
v 0.51550 -0.31200 0.00050
v -0.51550 -0.31200 0.00050
v 0.51250 -0.31200 0.05450
v -0.51250 -0.31200 0.05450
v 0.50450 -0.31200 0.10750
v -0.50350 -0.31200 0.10750
v 0.49050 -0.31200 0.15950
v -0.48950 -0.31200 0.15950
v 0.47050 -0.31200 0.20950
v -0.47050 -0.31200 0.20950
v 0.44650 -0.31200 0.25750
v -0.44650 -0.31200 0.25750
v 0.41650 -0.31200 0.30350
v -0.41650 -0.31200 0.30350
v 0.38250 -0.31200 0.34550
v -0.38250 -0.31200 0.34550
v 0.34450 -0.31200 0.38350
v -0.34450 -0.31200 0.38350
v 0.30250 -0.31200 0.41750
v -0.30250 -0.31200 0.41750
v 0.25750 -0.31200 0.44650
v -0.25750 -0.31200 0.44650
v 0.20950 -0.31200 0.47050
v -0.20950 -0.31200 0.47050
v 0.15950 -0.31200 0.49050
v -0.15950 -0.31200 0.49050
v 0.10750 -0.31200 0.50450
v -0.10750 -0.31200 0.50450
v 0.05350 -0.31200 0.51250
v -0.05350 -0.31200 0.51250
v 0.00050 -0.31200 0.51550
v -0.63850 -0.31400 0.28250
v -0.64150 -0.31400 0.28650
v 0.49550 -0.31500 0.42950
v 0.00050 -0.31900 -0.49850
v 0.05250 -0.31900 -0.49550
v -0.05250 -0.31900 -0.49550
v 0.10350 -0.31900 -0.48750
v -0.10350 -0.31900 -0.48750
v 0.15450 -0.31900 -0.47450
v -0.15450 -0.31900 -0.47450
v 0.20250 -0.31900 -0.45550
v -0.20250 -0.31900 -0.45550
v 0.24950 -0.31900 -0.43150
v -0.24950 -0.31900 -0.43150
v 0.29350 -0.31900 -0.40350
v -0.29350 -0.31900 -0.40350
v 0.33350 -0.31900 -0.37050
v -0.33350 -0.31900 -0.37050
v 0.37050 -0.31900 -0.33350
v -0.37050 -0.31900 -0.33350
v 0.40350 -0.31900 -0.29250
v -0.40350 -0.31900 -0.29250
v 0.43250 -0.31900 -0.24950
v -0.43150 -0.31900 -0.24950
v 0.45550 -0.31900 -0.20250
v -0.45550 -0.31900 -0.20250
v 0.47450 -0.31900 -0.15350
v -0.47450 -0.31900 -0.15350
v 0.48850 -0.31900 -0.10350
v -0.48750 -0.31900 -0.10350
v 0.49650 -0.31900 -0.05150
v -0.49650 -0.31900 -0.05150
v 0.49850 -0.31900 0.00050
v -0.49850 -0.31900 0.00050
v 0.49650 -0.31900 0.05250
v -0.49650 -0.31900 0.05250
v 0.48850 -0.31900 0.10350
v -0.48750 -0.31900 0.10350
v 0.47450 -0.31900 0.15450
v -0.47450 -0.31900 0.15450
v 0.45550 -0.31900 0.20350
v -0.45550 -0.31900 0.20350
v 0.43250 -0.31900 0.24950
v -0.43150 -0.31900 0.24950
v 0.40350 -0.31900 0.29350
v -0.40350 -0.31900 0.29350
v 0.37050 -0.31900 0.33450
v -0.37050 -0.31900 0.33450
v 0.33350 -0.31900 0.37050
v -0.33350 -0.31900 0.37050
v 0.29350 -0.31900 0.40350
v -0.29350 -0.31900 0.40350
v 0.24950 -0.31900 0.43250
v -0.24950 -0.31900 0.43250
v 0.20250 -0.31900 0.45550
v -0.20250 -0.31900 0.45550
v 0.15450 -0.31900 0.47450
v -0.15450 -0.31900 0.47450
v 0.10350 -0.31900 0.48850
v -0.10350 -0.31900 0.48850
v 0.05250 -0.31900 0.49650
v -0.05250 -0.31900 0.49650
v 0.00050 -0.31900 0.49950
v 0.00050 -0.32000 -0.50150
v 0.05250 -0.32000 -0.49850
v -0.05250 -0.32000 -0.49850
v 0.10450 -0.32000 -0.49050
v -0.10450 -0.32000 -0.49050
v 0.15550 -0.32000 -0.47750
v -0.15550 -0.32000 -0.47750
v 0.20450 -0.32000 -0.45850
v -0.20450 -0.32000 -0.45850
v 0.25150 -0.32000 -0.43450
v -0.25050 -0.32000 -0.43450
v 0.29550 -0.32000 -0.40550
v -0.29450 -0.32000 -0.40550
v 0.33550 -0.32000 -0.37250
v -0.33550 -0.32000 -0.37250
v 0.37350 -0.32000 -0.33550
v -0.37250 -0.32000 -0.33550
v 0.40650 -0.32000 -0.29450
v -0.40650 -0.32000 -0.29450
v 0.43450 -0.32000 -0.25050
v -0.43450 -0.32000 -0.25050
v 0.45850 -0.32000 -0.20350
v -0.45850 -0.32000 -0.20350
v 0.47750 -0.32000 -0.15450
v -0.47750 -0.32000 -0.15450
v 0.49150 -0.32000 -0.10450
v -0.49050 -0.32000 -0.10450
v 0.49950 -0.32000 -0.05250
v -0.49950 -0.32000 -0.05250
v 0.50250 -0.32000 0.00050
v -0.50150 -0.32000 0.00050
v 0.49950 -0.32000 0.05250
v -0.49950 -0.32000 0.05250
v 0.49150 -0.32000 0.10450
v -0.49050 -0.32000 0.10450
v 0.47750 -0.32000 0.15550
v -0.47750 -0.32000 0.15550
v 0.45850 -0.32000 0.20450
v -0.45850 -0.32000 0.20450
v 0.43450 -0.32000 0.25150
v -0.43450 -0.32000 0.25150
v 0.40650 -0.32000 0.29550
v -0.40650 -0.32000 0.29550
v 0.37350 -0.32000 0.33650
v -0.37250 -0.32000 0.33650
v 0.33550 -0.32000 0.37350
v -0.33550 -0.32000 0.37350
v 0.29550 -0.32000 0.40650
v -0.29450 -0.32000 0.40650
v 0.25150 -0.32000 0.43450
v -0.25050 -0.32000 0.43450
v 0.20450 -0.32000 0.45850
v -0.20450 -0.32000 0.45850
v 0.15550 -0.32000 0.47750
v -0.15550 -0.32000 0.47750
v 0.10450 -0.32000 0.49150
v -0.10450 -0.32000 0.49150
v 0.05250 -0.32000 0.49950
v -0.05250 -0.32000 0.49950
v 0.00050 -0.32000 0.50250
v -0.62950 -0.32100 0.28450
v 0.23350 -0.32200 0.60650
v -0.24050 -0.32200 0.60650
v 0.00050 -0.32600 -0.32750
v 0.05150 -0.32600 -0.32350
v -0.05150 -0.32600 -0.32350
v 0.10150 -0.32600 -0.31150
v -0.10150 -0.32600 -0.31150
v 0.14850 -0.32600 -0.29150
v -0.14850 -0.32600 -0.29150
v 0.19250 -0.32600 -0.26550
v -0.19250 -0.32600 -0.26550
v 0.23150 -0.32600 -0.23150
v -0.23150 -0.32600 -0.23150
v 0.26550 -0.32600 -0.19250
v -0.26550 -0.32600 -0.19250
v 0.29250 -0.32600 -0.14850
v -0.29250 -0.32600 -0.14850
v 0.31150 -0.32600 -0.10150
v -0.31150 -0.32600 -0.10150
v 0.32450 -0.32600 -0.05150
v -0.32350 -0.32600 -0.05150
v 0.32850 -0.32600 0.00050
v -0.32750 -0.32600 0.00050
v 0.32450 -0.32600 0.05150
v -0.32350 -0.32600 0.05150
v 0.31150 -0.32600 0.10150
v -0.31150 -0.32600 0.10150
v 0.29250 -0.32600 0.14950
v -0.29250 -0.32600 0.14950
v 0.26550 -0.32600 0.19350
v -0.26550 -0.32600 0.19350
v 0.23150 -0.32600 0.23250
v -0.23150 -0.32600 0.23250
v 0.19250 -0.32600 0.26550
v -0.19250 -0.32600 0.26550
v 0.14850 -0.32600 0.29250
v -0.14850 -0.32600 0.29250
v 0.10150 -0.32600 0.31250
v -0.10150 -0.32600 0.31250
v 0.05150 -0.32600 0.32450
v -0.05150 -0.32600 0.32450
v 0.00050 -0.32600 0.32850
v 0.00050 -0.33000 -0.47650
v 0.04950 -0.33000 -0.47350
v -0.04950 -0.33000 -0.47350
v 0.09950 -0.33000 -0.46550
v -0.09950 -0.33000 -0.46550
v 0.14750 -0.33000 -0.45350
v -0.14750 -0.33000 -0.45350
v 0.19350 -0.33000 -0.43550
v -0.19350 -0.33000 -0.43550
v 0.23850 -0.33000 -0.41250
v -0.23850 -0.33000 -0.41250
v 0.28050 -0.33000 -0.38550
v -0.28050 -0.33000 -0.38550
v 0.31850 -0.33000 -0.35350
v -0.31850 -0.33000 -0.35350
v 0.35450 -0.33000 -0.31850
v -0.35450 -0.33000 -0.31850
v 0.38550 -0.33000 -0.27950
v -0.38550 -0.33000 -0.27950
v 0.41250 -0.33000 -0.23850
v -0.41250 -0.33000 -0.23850
v 0.43550 -0.33000 -0.19350
v -0.43550 -0.33000 -0.19350
v 0.45350 -0.33000 -0.14750
v -0.45350 -0.33000 -0.14750
v 0.46650 -0.33000 -0.09850
v -0.46650 -0.33000 -0.09850
v 0.47450 -0.33000 -0.04950
v -0.47350 -0.33000 -0.04950
v 0.47650 -0.33000 0.00050
v -0.47650 -0.33000 0.00050
v 0.47450 -0.33000 0.05050
v -0.47350 -0.33000 0.05050
v 0.46650 -0.33000 0.09950
v -0.46650 -0.33000 0.09950
v 0.45350 -0.33000 0.14750
v -0.45350 -0.33000 0.14750
v -0.62850 -0.33000 0.19350
v 0.43550 -0.33000 0.19450
v -0.43550 -0.33000 0.19450
v 0.41250 -0.33000 0.23850
v -0.41250 -0.33000 0.23850
v 0.38550 -0.33000 0.28050
v -0.38550 -0.33000 0.28050
v 0.35450 -0.33000 0.31950
v -0.35450 -0.33000 0.31950
v 0.31850 -0.33000 0.35450
v -0.31850 -0.33000 0.35450
v 0.28050 -0.33000 0.38550
v -0.28050 -0.33000 0.38550
v 0.23850 -0.33000 0.41250
v -0.23850 -0.33000 0.41250
v 0.19350 -0.33000 0.43550
v -0.19350 -0.33000 0.43550
v 0.14750 -0.33000 0.45350
v -0.14750 -0.33000 0.45350
v 0.09950 -0.33000 0.46650
v -0.09950 -0.33000 0.46650
v 0.04950 -0.33000 0.47450
v -0.04950 -0.33000 0.47450
v 0.00050 -0.33000 0.47650
v 0.00050 -0.33100 -0.47850
v 0.05050 -0.33100 -0.47650
v -0.04950 -0.33100 -0.47650
v 0.09950 -0.33100 -0.46850
v -0.09950 -0.33100 -0.46850
v 0.14850 -0.33100 -0.45550
v -0.14750 -0.33100 -0.45550
v 0.19450 -0.33100 -0.43750
v -0.19450 -0.33100 -0.43750
v 0.23950 -0.33100 -0.41450
v -0.23950 -0.33100 -0.41450
v 0.28150 -0.33100 -0.38750
v -0.28150 -0.33100 -0.38750
v 0.32050 -0.33100 -0.35550
v -0.32050 -0.33100 -0.35550
v 0.35650 -0.33100 -0.32050
v -0.35550 -0.33100 -0.32050
v 0.38750 -0.33100 -0.28150
v -0.38750 -0.33100 -0.28150
v 0.41450 -0.33100 -0.23950
v -0.41450 -0.33100 -0.23950
v 0.43750 -0.33100 -0.19450
v -0.43750 -0.33100 -0.19450
v 0.45550 -0.33100 -0.14750
v -0.45550 -0.33100 -0.14750
v 0.46850 -0.33100 -0.09950
v -0.46850 -0.33100 -0.09950
v 0.47650 -0.33100 -0.04950
v -0.47650 -0.33100 -0.04950
v 0.47950 -0.33100 0.00050
v -0.47850 -0.33100 0.00050
v 0.47650 -0.33100 0.05050
v -0.47650 -0.33100 0.05050
v 0.46850 -0.33100 0.09950
v -0.46850 -0.33100 0.09950
v 0.45550 -0.33100 0.14850
v -0.45550 -0.33100 0.14850
v 0.43750 -0.33100 0.19550
v -0.43750 -0.33100 0.19550
v 0.41450 -0.33100 0.23950
v -0.41450 -0.33100 0.23950
v 0.38750 -0.33100 0.28150
v -0.38750 -0.33100 0.28150
v 0.35650 -0.33100 0.32050
v -0.35550 -0.33100 0.32050
v 0.32050 -0.33100 0.35650
v -0.32050 -0.33100 0.35650
v 0.28150 -0.33100 0.38750
v -0.28150 -0.33100 0.38750
v 0.23950 -0.33100 0.41550
v -0.23950 -0.33100 0.41550
v 0.19450 -0.33100 0.43750
v -0.19450 -0.33100 0.43750
v 0.14850 -0.33100 0.45550
v -0.14750 -0.33100 0.45550
v 0.09950 -0.33100 0.46850
v -0.09950 -0.33100 0.46850
v 0.05050 -0.33100 0.47650
v -0.04950 -0.33100 0.47650
v 0.00050 -0.33100 0.47950
v -0.67250 -0.33200 -0.04950
v -0.63650 -0.33300 0.03150
v -0.65950 -0.33400 0.02350
v 0.00050 -0.33500 -0.45450
v 0.04750 -0.33500 -0.45250
v -0.04750 -0.33500 -0.45250
v 0.09450 -0.33500 -0.44450
v -0.09450 -0.33500 -0.44450
v 0.14050 -0.33500 -0.43250
v -0.14050 -0.33500 -0.43250
v 0.18550 -0.33500 -0.41550
v -0.18550 -0.33500 -0.41550
v 0.22750 -0.33500 -0.39350
v -0.22750 -0.33500 -0.39350
v 0.26750 -0.33500 -0.36750
v -0.26750 -0.33500 -0.36750
v 0.30450 -0.33500 -0.33750
v -0.30450 -0.33500 -0.33750
v 0.33850 -0.33500 -0.30450
v -0.33850 -0.33500 -0.30450
v 0.36850 -0.33500 -0.26750
v -0.36850 -0.33500 -0.26750
v 0.39450 -0.33500 -0.22750
v -0.39450 -0.33500 -0.22750
v 0.41550 -0.33500 -0.18450
v -0.41550 -0.33500 -0.18450
v 0.43250 -0.33500 -0.14050
v -0.43250 -0.33500 -0.14050
v 0.44550 -0.33500 -0.09450
v -0.44550 -0.33500 -0.09450
v 0.45250 -0.33500 -0.04750
v -0.45250 -0.33500 -0.04750
v 0.45550 -0.33500 0.00050
v -0.45550 -0.33500 0.00050
v 0.45250 -0.33500 0.04750
v -0.45250 -0.33500 0.04750
v 0.44550 -0.33500 0.09450
v -0.44550 -0.33500 0.09450
v 0.43250 -0.33500 0.14050
v -0.43250 -0.33500 0.14050
v 0.41550 -0.33500 0.18550
v -0.41550 -0.33500 0.18550
v 0.39450 -0.33500 0.22750
v -0.39450 -0.33500 0.22750
v 0.36850 -0.33500 0.26750
v -0.36850 -0.33500 0.26750
v 0.33850 -0.33500 0.30450
v -0.33850 -0.33500 0.30450
v 0.30450 -0.33500 0.33850
v -0.30450 -0.33500 0.33850
v 0.26750 -0.33500 0.36850
v -0.26750 -0.33500 0.36850
v 0.22750 -0.33500 0.39450
v -0.22750 -0.33500 0.39450
v 0.18550 -0.33500 0.41650
v -0.18550 -0.33500 0.41650
v 0.14050 -0.33500 0.43350
v -0.14050 -0.33500 0.43350
v 0.09450 -0.33500 0.44550
v -0.09450 -0.33500 0.44550
v 0.04750 -0.33500 0.45250
v -0.04750 -0.33500 0.45250
v 0.00050 -0.33500 0.45550
v 0.00050 -0.33700 -0.45750
v 0.04750 -0.33700 -0.45450
v -0.04750 -0.33700 -0.45450
v 0.09550 -0.33700 -0.44750
v -0.09550 -0.33700 -0.44750
v 0.14150 -0.33700 -0.43450
v -0.14150 -0.33700 -0.43450
v 0.18650 -0.33700 -0.41750
v -0.18550 -0.33700 -0.41750
v 0.22850 -0.33700 -0.39550
v -0.22850 -0.33700 -0.39550
v 0.26850 -0.33700 -0.36950
v -0.26850 -0.33700 -0.36950
v 0.30650 -0.33700 -0.33950
v -0.30650 -0.33700 -0.33950
v 0.34050 -0.33700 -0.30550
v -0.33950 -0.33700 -0.30550
v 0.37050 -0.33700 -0.26850
v -0.37050 -0.33700 -0.26850
v 0.39650 -0.33700 -0.22850
v -0.39650 -0.33700 -0.22850
v 0.41750 -0.33700 -0.18550
v -0.41750 -0.33700 -0.18550
v 0.43550 -0.33700 -0.14150
v -0.43450 -0.33700 -0.14150
v 0.44750 -0.33700 -0.09450
v -0.44750 -0.33700 -0.09450
v 0.45550 -0.33700 -0.04750
v -0.45450 -0.33700 -0.04750
v 0.45750 -0.33700 0.00050
v -0.45750 -0.33700 0.00050
v 0.45550 -0.33700 0.04850
v -0.45450 -0.33700 0.04850
v 0.44750 -0.33700 0.09550
v -0.44750 -0.33700 0.09550
v 0.43550 -0.33700 0.14150
v -0.43450 -0.33700 0.14150
v 0.41750 -0.33700 0.18650
v -0.41750 -0.33700 0.18650
v 0.39650 -0.33700 0.22850
v -0.39650 -0.33700 0.22850
v 0.37050 -0.33700 0.26950
v -0.37050 -0.33700 0.26950
v 0.34050 -0.33700 0.30650
v -0.33950 -0.33700 0.30650
v 0.30650 -0.33700 0.34050
v -0.30650 -0.33700 0.34050
v 0.26850 -0.33700 0.37050
v -0.26850 -0.33700 0.37050
v 0.22850 -0.33700 0.39650
v -0.22850 -0.33700 0.39650
v 0.18650 -0.33700 0.41850
v -0.18550 -0.33700 0.41850
v 0.14150 -0.33700 0.43550
v -0.14150 -0.33700 0.43550
v 0.09550 -0.33700 0.44750
v -0.09550 -0.33700 0.44750
v 0.04750 -0.33700 0.45550
v -0.04750 -0.33700 0.45550
v 0.00050 -0.33700 0.45750
v -0.64850 -0.33800 0.06250
v -0.62750 -0.33900 0.10150
v -0.60950 -0.33900 0.16750
v -0.59150 -0.33900 0.23350
v 0.17750 -0.34000 0.61650
v -0.18450 -0.34000 0.61650
v -0.61950 -0.34200 0.16350
v -0.63850 -0.34300 0.10250
v -0.60350 -0.34400 0.20650
v -0.62850 -0.34500 0.13550
v -0.65350 -0.34600 0.02550
v 0.08650 -0.34600 0.62250
v -0.09450 -0.34600 0.62250
v -0.61250 -0.34700 0.18250
v -0.61350 -0.34800 0.18350
v -0.63550 -0.35000 -0.06850
v 0.47350 -0.35100 0.43150
v -0.00350 -0.35200 0.62950
v 0.60650 -0.35700 -0.16450
v -0.65250 -0.35700 0.03950
v -0.61650 -0.36000 -0.07650
v -0.63350 -0.36000 0.10050
v -0.61950 -0.36100 -0.06950
v -0.61350 -0.36200 0.16850
v 0.60250 -0.36400 -0.10150
v -0.63950 -0.36400 0.08750
v -0.59350 -0.36400 0.23650
v -0.50150 -0.36400 0.42550
v 0.60150 -0.36500 -0.06950
v -0.61650 -0.36600 0.16850
v -0.60250 -0.36700 0.21650
v -0.60950 -0.36900 -0.02650
v -0.59850 -0.36900 -0.00550
v 0.55850 -0.37100 -0.14550
v 0.55750 -0.37100 -0.14050
v 0.17550 -0.37100 -0.08550
v 0.57950 -0.37100 -0.06450
v 0.55750 -0.37200 -0.13550
v 0.57150 -0.37200 -0.08550
v 0.57750 -0.37200 -0.06050
v -0.46250 -0.37200 0.43050
v -0.59750 -0.37400 0.01950
v 0.59750 -0.37400 0.02550
v 0.55750 -0.37500 -0.13550
v 0.55650 -0.37500 -0.08650
v -0.60850 -0.37600 -0.07750
v 0.58250 -0.37600 0.10050
v 0.55650 -0.37700 -0.08650
v -0.58050 -0.37700 0.06550
v -0.40850 -0.37700 0.45250
v 0.55750 -0.37800 -0.08750
v 0.55650 -0.37800 -0.03850
v -0.58950 -0.37800 0.01750
v 0.41850 -0.37800 0.43750
v -0.57950 -0.37900 0.06450
v -0.58550 -0.37900 0.06650
v 0.56850 -0.37900 0.17650
v -0.42250 -0.37900 0.43650
v -0.61050 -0.38000 -0.07750
v -0.60250 -0.38000 -0.02950
v -0.59850 -0.38000 -0.00550
v 0.55350 -0.38000 0.00250
v -0.57950 -0.38000 0.06450
v 0.19950 -0.38100 -0.08750
v 0.15250 -0.38100 -0.08750
v -0.58850 -0.38100 0.04150
v 0.54050 -0.38100 0.24750
v 0.41150 -0.38100 0.44750
v -0.41850 -0.38100 0.44750
v 0.36650 -0.38100 0.47950
v -0.37450 -0.38100 0.47950
v 0.32250 -0.38100 0.51050
v -0.32950 -0.38100 0.51050
v 0.24850 -0.38100 0.54150
v -0.25550 -0.38100 0.54150
v 0.17350 -0.38100 0.57350
v -0.18050 -0.38100 0.57350
v 0.08450 -0.38100 0.58650
v -0.09250 -0.38100 0.58650
v -0.00350 -0.38100 0.60050
v 0.10050 -0.38200 -0.12450
v 0.05450 -0.38200 -0.12450
v -0.58150 -0.38200 -0.05550
v -0.58050 -0.38200 -0.05450
v 0.55650 -0.38200 -0.03850
v -0.59750 -0.38200 -0.00550
v -0.58650 -0.38200 0.04150
v 0.55050 -0.38200 0.04250
v 0.58450 -0.38200 0.12350
v 0.51150 -0.38200 0.31850
v 0.46550 -0.38200 0.37750
v 0.14650 -0.38300 -0.12450
v -0.57150 -0.38300 -0.01250
v 0.41550 -0.38300 0.44050
v -0.36750 -0.38300 0.44350
v -0.59050 -0.38400 -0.05350
v -0.58950 -0.38400 -0.05250
v 0.55350 -0.38400 0.00250
v 0.54250 -0.38400 0.08450
v 0.57450 -0.38400 0.16250
v -0.36950 -0.38400 0.43750
v -0.56650 -0.38600 0.01050
v 0.55050 -0.38600 0.04250
v 0.54250 -0.38600 0.08450
v 0.54050 -0.38600 0.09750
v 0.53550 -0.38600 0.12550
v 0.43450 -0.38600 0.42150
v 0.38750 -0.38600 0.44150
v 0.17550 -0.38700 -0.00150
v 0.54350 -0.38700 0.08350
v 0.46550 -0.38700 0.38650
v 0.37450 -0.38700 0.42650
v -0.38150 -0.38700 0.42650
v -0.55650 -0.38900 0.05750
v 0.53550 -0.38900 0.12550
v -0.48050 -0.38900 0.26950
v 0.52150 -0.39000 0.17550
v -0.49750 -0.39100 0.23150
v -0.45950 -0.39100 0.30450
v 0.44650 -0.39100 0.32750
v 0.37350 -0.39100 0.42850
v 0.51450 -0.39200 0.20150
v 0.49250 -0.39200 0.24850
v 0.47050 -0.39200 0.29050
v 0.43250 -0.39200 0.34450
v 0.40250 -0.39200 0.37850
v 0.34250 -0.39200 0.42950
v 0.14650 -0.39300 -0.13750
v -0.48050 -0.39300 0.26950
v 0.09350 -0.39400 -0.13650
v 0.03950 -0.39400 -0.13550
v 0.37050 -0.39400 0.40750
v 0.40250 -0.39500 0.37850
v 0.03850 -0.39700 -0.11850
v 0.19950 -0.39700 -0.00350
v 0.15250 -0.39700 -0.00350
v 0.19950 -0.40300 0.08150
v 0.15350 -0.40300 0.08150
v 0.17550 -0.40300 0.08250
v 0.20950 -0.40400 -0.09150
v 0.14250 -0.40400 -0.09150
v 0.08950 -0.40400 0.08350
v 0.00650 -0.40400 0.08350
v -0.07650 -0.40400 0.08350
v 0.08050 -0.40400 0.10950
v -0.06650 -0.40400 0.10950
v 0.19950 -0.41200 0.08150
v 0.15250 -0.41200 0.08150
v 0.09250 -0.41500 0.05450
v -0.07950 -0.41500 0.05450
v -0.44450 -0.41600 0.19550
v -0.49750 -0.41600 0.19550
v -0.55050 -0.41600 0.19550
v 0.09750 -0.41700 0.05450
v 0.08750 -0.41700 0.05450
v -0.07350 -0.41700 0.05450
v -0.08450 -0.41700 0.05450
v -0.47550 -0.41700 0.19550
v 0.10050 -0.41900 -0.04950
v 0.20950 -0.42000 -0.00750
v 0.14250 -0.42000 -0.00750
v 0.09650 -0.42000 0.00850
v -0.08250 -0.42000 0.00850
v -0.44450 -0.42000 0.18850
v -0.49750 -0.42000 0.18850
v -0.55050 -0.42000 0.18850
v -0.56250 -0.42000 0.19750
v -0.47550 -0.42100 0.18950
v -0.49050 -0.42100 0.19050
v -0.55650 -0.42100 0.19050
v -0.47350 -0.42100 0.19850
v 0.21450 -0.42200 0.07750
v 0.13850 -0.42200 0.07750
v -0.51450 -0.42200 0.19050
v 0.10350 -0.42300 0.00850
v 0.08850 -0.42300 0.00850
v -0.07450 -0.42300 0.00850
v -0.08950 -0.42300 0.00850
v -0.43150 -0.42300 0.19150
v 0.09950 -0.42500 -0.17550
v -0.08650 -0.42500 -0.17550
v 0.09950 -0.42500 -0.10650
v -0.08650 -0.42500 -0.10650
v 0.09950 -0.42500 -0.03750
v -0.08650 -0.42500 -0.03750
v 0.19950 -0.42700 -0.09650
v 0.15250 -0.42700 -0.09650
v 0.10950 -0.43000 -0.17550
v 0.08950 -0.43000 -0.17550
v -0.07550 -0.43000 -0.17550
v -0.09550 -0.43000 -0.17550
v 0.10950 -0.43000 -0.10650
v 0.08950 -0.43000 -0.10650
v -0.07550 -0.43000 -0.10650
v -0.09550 -0.43000 -0.10650
v 0.10950 -0.43000 -0.03750
v 0.08950 -0.43000 -0.03750
v -0.07550 -0.43000 -0.03750
v -0.09550 -0.43000 -0.03750
v 0.19950 -0.43300 0.24550
v 0.15350 -0.43300 0.24550
v 0.20950 -0.43500 0.07650
v 0.14250 -0.43500 0.07650
v 0.17550 -0.43600 -0.09850
v 0.06450 -0.43600 -0.04050
v 0.07450 -0.43600 -0.03250
v 0.10950 -0.44300 -0.17550
v 0.08950 -0.44300 -0.17550
v -0.07550 -0.44300 -0.17550
v -0.09550 -0.44300 -0.17550
v 0.10950 -0.44300 -0.10650
v 0.08950 -0.44300 -0.10650
v -0.07550 -0.44300 -0.10650
v -0.09550 -0.44300 -0.10650
v 0.10950 -0.44300 -0.03750
v 0.08950 -0.44300 -0.03750
v -0.07550 -0.44300 -0.03750
v -0.09550 -0.44300 -0.03750
v 0.19950 -0.44300 -0.01150
v 0.15250 -0.44300 -0.01150
v 0.03450 -0.44400 -0.11850
v -0.05950 -0.44400 -0.02650
v 0.21450 -0.44600 0.07350
v 0.13850 -0.44600 0.07350
v 0.09950 -0.44800 -0.17550
v -0.08550 -0.44800 -0.17550
v 0.09950 -0.44800 -0.10650
v -0.08550 -0.44800 -0.10650
v 0.09950 -0.44800 -0.03750
v -0.08550 -0.44800 -0.03750
v -0.06950 -0.44800 -0.02650
v -0.08350 -0.44900 -0.05550
v -0.02550 -0.45000 -0.04950
v 0.10350 -0.45000 0.00850
v 0.08850 -0.45000 0.00850
v -0.07450 -0.45000 0.00850
v -0.08950 -0.45000 0.00850
v -0.52450 -0.45000 0.20550
v 0.17550 -0.45200 -0.01350
v -0.41050 -0.45200 0.20550
v -0.41550 -0.45200 0.21250
v -0.42150 -0.45200 0.21250
v -0.57350 -0.45200 0.21250
v -0.57950 -0.45200 0.21250
v -0.41550 -0.45200 0.22750
v -0.42150 -0.45200 0.22750
v -0.57350 -0.45200 0.22750
v -0.57950 -0.45200 0.22750
v 0.09550 -0.45300 0.00850
v -0.08250 -0.45300 0.00850
v 0.21450 -0.45300 0.24150
v 0.13850 -0.45300 0.24150
v 0.09750 -0.45600 0.05450
v 0.08750 -0.45600 0.05450
v -0.07350 -0.45600 0.05450
v -0.08450 -0.45600 0.05450
v 0.09250 -0.45800 0.05450
v -0.07950 -0.45800 0.05450
v 0.19950 -0.45800 0.07250
v 0.15250 -0.45800 0.07250
v 0.09150 -0.46100 0.00350
v 0.08250 -0.46100 0.00350
v 0.06450 -0.46100 0.29350
v 0.00650 -0.46100 0.29350
v -0.05050 -0.46100 0.29350
v 0.06450 -0.46100 0.30250
v 0.00650 -0.46100 0.30250
v -0.05050 -0.46100 0.30250
v 0.03750 -0.46200 0.29450
v -0.02450 -0.46200 0.29450
v 0.08450 -0.46300 0.08850
v 0.00650 -0.46300 0.08850
v -0.07150 -0.46300 0.08850
v 0.19950 -0.46400 0.40950
v 0.15350 -0.46400 0.40950
v 0.04450 -0.46500 -0.04450
v -0.04850 -0.46500 0.26450
v 0.07450 -0.46500 0.27150
v 0.16650 -0.46600 -0.23150
v 0.22050 -0.46600 -0.22650
v 0.27550 -0.46600 -0.22050
v 0.15350 -0.46600 -0.11150
v 0.20850 -0.46600 -0.10550
v 0.26350 -0.46600 -0.10050
v 0.19950 -0.46600 0.06950
v 0.07850 -0.46700 0.16250
v 0.00650 -0.46700 0.16250
v -0.06550 -0.46700 0.16250
v -0.40450 -0.46700 0.20550
v -0.58950 -0.46700 0.20550
v -0.40450 -0.46700 0.21250
v -0.58950 -0.46700 0.21250
v 0.08050 -0.46700 0.32750
v 0.07450 -0.46700 0.32750
v -0.06150 -0.46700 0.32750
v -0.06650 -0.46700 0.32750
v 0.17550 -0.46800 0.07050
v 0.48550 -0.47000 -0.20350
v 0.47250 -0.47000 -0.07650
v 0.46350 -0.47000 0.24850
v 0.41150 -0.47000 0.24850
v 0.38650 -0.47000 0.24850
v 0.30950 -0.47000 0.24850
v 0.46350 -0.47000 0.25050
v 0.38650 -0.47000 0.25050
v 0.30950 -0.47000 0.25050
v 0.69550 -0.47300 -0.18550
v 0.77150 -0.47300 -0.17750
v 0.76550 -0.47300 -0.11050
v 0.68250 -0.47300 -0.05150
v 0.75850 -0.47300 -0.04350
v 0.17650 -0.47300 0.06850
v 0.36050 -0.47300 0.25150
v 0.47150 -0.47400 0.25150
v -0.12550 -0.47600 -0.06750
v -0.10450 -0.47600 -0.05450
v 0.21450 -0.47700 0.23750
v 0.13850 -0.47700 0.23750
v 0.18850 -0.47900 -0.24250
v 0.23250 -0.47900 -0.23750
v 0.27750 -0.47900 -0.23350
v 0.48650 -0.47900 -0.21250
v 0.69650 -0.47900 -0.19150
v 0.17350 -0.47900 -0.09750
v 0.21850 -0.47900 -0.09250
v 0.26250 -0.47900 -0.08850
v 0.47150 -0.47900 -0.06750
v 0.68150 -0.47900 -0.04650
v 0.23550 -0.48000 0.43750
v 0.22950 -0.48000 0.43750
v 0.12250 -0.48000 0.43750
v 0.11550 -0.48000 0.43750
v 0.74650 -0.48100 -0.18450
v 0.47350 -0.48100 0.24850
v 0.38650 -0.48100 0.24850
v 0.29950 -0.48100 0.24850
v -0.41950 -0.48300 0.25750
v -0.57550 -0.48300 0.25750
v 0.21450 -0.48300 0.40550
v 0.13850 -0.48300 0.40550
v 0.69550 -0.48400 -0.18550
v 0.77150 -0.48400 -0.17750
v 0.76550 -0.48400 -0.11050
v 0.68250 -0.48400 -0.05150
v 0.75850 -0.48400 -0.04350
v -0.16850 -0.48500 -0.08350
v 0.07650 -0.48500 0.36150
v -0.06350 -0.48500 0.36150
v -0.15950 -0.48700 -0.07450
v 0.48550 -0.48800 -0.20350
v 0.47250 -0.48800 -0.07650
v 0.16650 -0.49100 -0.23150
v 0.22050 -0.49100 -0.22650
v 0.27550 -0.49100 -0.22050
v 0.03050 -0.49100 -0.11750
v 0.15350 -0.49100 -0.11150
v 0.20850 -0.49100 -0.10550
v 0.26350 -0.49100 -0.10050
v -0.06050 -0.49100 0.26050
v 0.06950 -0.49100 0.26350
v -0.05550 -0.49100 0.26350
v 0.06450 -0.49100 0.26450
v -0.05050 -0.49100 0.26450
v 0.06050 -0.49100 0.26750
v -0.05950 -0.49100 0.26750
v -0.03250 -0.49100 0.29250
v -0.21250 -0.49400 -0.09850
v 0.08050 -0.49500 0.37850
v 0.07450 -0.49500 0.37850
v -0.06150 -0.49500 0.37850
v -0.06650 -0.49500 0.37850
v 0.19950 -0.49600 0.23350
v -0.01350 -0.49800 0.23550
v -0.41550 -0.49800 0.27350
v -0.42150 -0.49800 0.27350
v -0.57350 -0.49800 0.27350
v -0.57950 -0.49800 0.27350
v -0.09950 -0.49900 -0.20650
v -0.05950 -0.49900 -0.19650
v -0.01950 -0.49900 -0.18650
v -0.21350 -0.49900 -0.09350
v -0.13050 -0.50000 -0.16950
v 0.11950 -0.50100 -0.24250
v 0.23550 -0.50100 0.37050
v 0.22950 -0.50100 0.37050
v 0.12250 -0.50100 0.37050
v 0.11550 -0.50100 0.37050
v -0.07950 -0.50200 -0.14850
v -0.06050 -0.50200 -0.02650
v 0.08950 -0.50200 0.08350
v -0.07650 -0.50200 0.08350
v 0.08050 -0.50200 0.10950
v -0.06650 -0.50200 0.10950
v -0.41550 -0.50200 0.21250
v -0.42150 -0.50200 0.21250
v -0.57350 -0.50200 0.21250
v -0.57950 -0.50200 0.21250
v -0.15150 -0.50300 -0.21750
v 0.02350 -0.50300 -0.18850
v -0.02650 -0.50300 -0.04950
v -0.07050 -0.50300 -0.02650
v 0.19550 -0.50400 -0.22850
v -0.16750 -0.50400 -0.19450
v 0.17650 -0.50400 0.23250
v 0.02550 -0.50500 -0.14850
v -0.08450 -0.50500 -0.05550
v 0.06650 -0.50600 -0.19050
v -0.20350 -0.50700 -0.22950
v -0.20350 -0.50700 -0.21950
v 0.27250 -0.50700 -0.21450
v -0.02350 -0.50700 -0.16650
v 0.13150 -0.50700 -0.14750
v -0.27350 -0.50700 -0.11150
v 0.03750 -0.50700 0.29450
v -0.02450 -0.50700 0.29450
v 0.21450 -0.50700 0.40150
v 0.13850 -0.50700 0.40150
v -0.27350 -0.51100 -0.10650
v 0.02150 -0.51400 -0.16650
v 0.06250 -0.51500 -0.04050
v 0.04250 -0.51600 -0.04450
v 0.07350 -0.51700 -0.03250
v -0.04750 -0.51700 0.26550
v 0.07450 -0.51700 0.26950
v -0.27450 -0.51800 -0.22350
v -0.27350 -0.51800 -0.21450
v -0.02050 -0.51800 -0.18650
v -0.02250 -0.51800 -0.17750
v 0.02150 -0.51900 -0.18850
v -0.33350 -0.51900 -0.12350
v 0.09850 -0.51900 -0.04950
v -0.06050 -0.52100 -0.19650
v 0.06350 -0.52100 -0.19050
v 0.06650 -0.52100 -0.16550
v 0.11950 -0.52100 -0.04650
v 0.02350 -0.52200 -0.17650
v 0.08050 -0.52200 0.00350
v 0.23550 -0.52200 0.30250
v 0.22950 -0.52200 0.30250
v 0.12250 -0.52200 0.30250
v 0.11550 -0.52200 0.30250
v -0.20150 -0.52300 -0.20850
v -0.07550 -0.52300 -0.19350
v -0.06250 -0.52300 -0.18750
v -0.08050 -0.52300 -0.14250
v -0.20550 -0.52300 -0.11750
v 0.08950 -0.52300 0.00350
v 0.08050 -0.52300 0.42950
v 0.07450 -0.52300 0.42950
v -0.06150 -0.52300 0.42950
v -0.06650 -0.52300 0.42950
v -0.33350 -0.52400 -0.11950
v -0.20150 -0.52500 -0.20850
v -0.09950 -0.52500 -0.20650
v 0.06850 -0.52600 -0.17650
v 0.28550 -0.52600 -0.16050
v -0.10350 -0.52700 -0.19750
v 0.29350 -0.52700 -0.16850
v 0.19950 -0.52700 0.39750
v -0.34650 -0.52900 -0.21850
v -0.34350 -0.52900 -0.20950
v -0.54350 -0.53000 -0.08250
v -0.54350 -0.53000 -0.07250
v -0.15150 -0.53100 -0.21750
v -0.26750 -0.53100 -0.12850
v -0.27050 -0.53200 -0.20450
v -0.13050 -0.53200 -0.16950
v -0.36650 -0.53300 -0.20450
v -0.00250 -0.53300 -0.14150
v 0.17650 -0.53400 0.39650
v -0.16750 -0.53500 -0.19450
v 0.11550 -0.53700 -0.24250
v -0.20350 -0.53700 -0.22950
v -0.20450 -0.53700 -0.11750
v -0.30850 -0.53700 -0.01750
v -0.30850 -0.53700 0.09450
v -0.20350 -0.53800 -0.21950
v 0.07850 -0.53800 0.16250
v 0.00650 -0.53800 0.16250
v -0.06550 -0.53800 0.16250
v -0.26950 -0.53900 -0.20450
v 0.25450 -0.53900 -0.07150
v 0.47350 -0.53900 0.24850
v 0.38650 -0.53900 0.24850
v 0.29950 -0.53900 0.24850
v 0.47350 -0.53900 0.25450
v 0.38650 -0.53900 0.25450
v 0.29950 -0.53900 0.25450
v -0.40950 -0.54000 -0.18450
v -0.32950 -0.54000 -0.13950
v -0.33950 -0.54100 -0.19950
v -0.01550 -0.54100 0.23650
v -0.42750 -0.54200 -0.17550
v 0.32450 -0.54200 -0.12850
v 0.08450 -0.54200 0.08850
v 0.00650 -0.54200 0.08850
v -0.07150 -0.54200 0.08850
v 0.07650 -0.54300 -0.14050
v 0.32850 -0.54300 -0.13250
v 0.43850 -0.54300 -0.01450
v 0.43850 -0.54300 -0.00350
v -0.06250 -0.54300 0.26250
v 0.06750 -0.54300 0.26350
v -0.05450 -0.54300 0.26350
v 0.06250 -0.54300 0.26450
v -0.04850 -0.54300 0.26450
v -0.05950 -0.54300 0.26550
v 0.05850 -0.54300 0.26850
v -0.03150 -0.54300 0.29150
v 0.08050 -0.54400 0.29150
v -0.41550 -0.54400 0.31950
v -0.42150 -0.54400 0.31950
v -0.57350 -0.54400 0.31950
v -0.57950 -0.54400 0.31950
v 0.08050 -0.54400 0.38750
v 0.08050 -0.54400 0.48350
v 0.07450 -0.54400 0.48350
v 0.07450 -0.54600 0.35650
v -0.46050 -0.54700 -0.14950
v 0.25150 -0.54700 -0.08750
v -0.10550 -0.54700 -0.05450
v 0.47050 -0.54700 0.26350
v 0.38650 -0.54700 0.26350
v 0.30250 -0.54700 0.26350
v 0.44150 -0.54700 0.30950
v 0.38650 -0.54700 0.30950
v 0.33050 -0.54700 0.30950
v 0.09250 -0.54800 0.05450
v -0.07950 -0.54800 0.05450
v 0.22750 -0.54800 0.28850
v 0.12450 -0.54800 0.28850
v 0.22650 -0.54800 0.38950
v 0.12450 -0.54800 0.38950
v -0.05950 -0.54800 0.42050
v 0.22650 -0.54800 0.49150
v 0.12550 -0.54800 0.49150
v -0.26650 -0.54900 -0.12850
v -0.27450 -0.55000 -0.22350
v 0.29350 -0.55000 -0.05750
v 0.09750 -0.55000 0.05450
v 0.08750 -0.55000 0.05450
v -0.07350 -0.55000 0.05450
v -0.08450 -0.55000 0.05450
v 0.07250 -0.55000 0.29350
v -0.05950 -0.55000 0.29350
v 0.07250 -0.55000 0.38850
v -0.05950 -0.55000 0.38850
v 0.07250 -0.55000 0.48350
v -0.05950 -0.55000 0.48350
v -0.27350 -0.55100 -0.21450
v -0.40450 -0.55100 0.20550
v -0.58950 -0.55100 0.20550
v -0.40450 -0.55100 0.21250
v -0.58950 -0.55100 0.21250
v 0.21950 -0.55100 0.28850
v 0.17550 -0.55100 0.28850
v 0.13250 -0.55100 0.28850
v 0.21950 -0.55100 0.49150
v 0.17550 -0.55100 0.49150
v 0.13250 -0.55100 0.49150
v -0.12550 -0.55200 -0.06750
v -0.41550 -0.55200 0.21250
v -0.42150 -0.55200 0.21250
v -0.57350 -0.55200 0.21250
v -0.57950 -0.55200 0.21250
v -0.57950 -0.55200 0.26650
v 0.06650 -0.55200 0.29350
v 0.06450 -0.55200 0.29350
v 0.00650 -0.55200 0.29350
v -0.05050 -0.55200 0.29350
v -0.05350 -0.55200 0.29350
v 0.06450 -0.55200 0.30250
v 0.00650 -0.55200 0.30250
v -0.05050 -0.55200 0.30250
v -0.57950 -0.55200 0.31950
v 0.06850 -0.55200 0.35750
v -0.05550 -0.55200 0.35750
v 0.04450 -0.55200 0.37350
v -0.03350 -0.55200 0.37350
v 0.04450 -0.55200 0.41350
v -0.03350 -0.55200 0.41350
v 0.04450 -0.55200 0.45350
v -0.03350 -0.55200 0.45350
v 0.06650 -0.55200 0.48350
v 0.00650 -0.55200 0.48350
v -0.05350 -0.55200 0.48350
v -0.33850 -0.55300 -0.19950
v -0.14850 -0.55300 -0.07250
v 0.09650 -0.55300 0.00850
v -0.08250 -0.55300 0.00850
v 0.03750 -0.55300 0.29450
v -0.02450 -0.55300 0.29450
v -0.15950 -0.55400 -0.07450
v -0.42150 -0.55400 0.28350
v 0.07650 -0.55400 0.29350
v -0.06250 -0.55400 0.29350
v 0.07650 -0.55400 0.38850
v -0.06250 -0.55400 0.38850
v 0.07650 -0.55400 0.48350
v -0.06250 -0.55400 0.48350
v -0.57150 -0.55500 0.24850
v 0.47350 -0.55500 0.25050
v 0.38650 -0.55500 0.25050
v 0.29950 -0.55500 0.25050
v -0.57250 -0.55500 0.26650
v 0.43250 -0.55500 0.32450
v 0.38650 -0.55500 0.32450
v 0.33950 -0.55500 0.32450
v -0.16950 -0.55700 -0.08050
v -0.02750 -0.55700 -0.04950
v 0.10350 -0.55700 0.00850
v 0.08850 -0.55700 0.00850
v -0.07450 -0.55700 0.00850
v -0.08950 -0.55700 0.00850
v -0.42350 -0.55700 0.21250
v -0.57150 -0.55700 0.21250
v -0.42350 -0.55700 0.26650
v -0.57150 -0.55700 0.26650
v -0.42450 -0.55700 0.28350
v -0.56950 -0.55700 0.28350
v -0.42350 -0.55700 0.31950
v -0.57150 -0.55700 0.31950
v 0.09950 -0.55800 -0.17550
v -0.08650 -0.55800 -0.17550
v 0.09950 -0.55800 -0.10650
v -0.08650 -0.55800 -0.10650
v 0.36250 -0.55800 -0.09650
v -0.16950 -0.55800 -0.08350
v 0.09950 -0.55800 -0.03750
v -0.08650 -0.55800 -0.03750
v 0.47050 -0.55800 0.26350
v 0.38650 -0.55800 0.26350
v 0.30250 -0.55800 0.26350
v -0.56950 -0.55800 0.26650
v 0.21950 -0.55800 0.28850
v 0.17550 -0.55800 0.28850
v 0.13250 -0.55800 0.28850
v 0.06650 -0.55800 0.29350
v 0.00650 -0.55800 0.29350
v -0.05350 -0.55800 0.29350
v 0.43250 -0.55800 0.32450
v 0.38650 -0.55800 0.32450
v 0.33950 -0.55800 0.32450
v 0.06650 -0.55800 0.38850
v -0.05350 -0.55800 0.38850
v 0.21950 -0.55800 0.38950
v 0.13250 -0.55800 0.38950
v 0.06650 -0.55800 0.48350
v 0.00650 -0.55800 0.48350
v -0.05350 -0.55800 0.48350
v 0.21950 -0.55800 0.49150
v 0.17550 -0.55800 0.49150
v 0.13250 -0.55800 0.49150
v 0.29550 -0.55900 -0.07150
v -0.06150 -0.55900 -0.02650
v -0.07150 -0.55900 -0.02650
v -0.42750 -0.55900 0.21250
v -0.49750 -0.55900 0.21250
v -0.56650 -0.55900 0.21250
v -0.42750 -0.55900 0.31950
v -0.49750 -0.55900 0.31950
v -0.56650 -0.55900 0.31950
v -0.32850 -0.56000 -0.13950
v 0.19150 -0.56100 -0.22850
v -0.21350 -0.56100 -0.09350
v -0.08450 -0.56100 -0.05550
v 0.33350 -0.56100 -0.04450
v -0.41850 -0.56100 0.21250
v -0.57550 -0.56100 0.21250
v -0.41850 -0.56100 0.26650
v -0.57550 -0.56100 0.26650
v -0.41850 -0.56100 0.31950
v -0.57550 -0.56100 0.31950
v -0.34550 -0.56200 -0.21850
v -0.34250 -0.56300 -0.20950
v 0.10950 -0.56300 -0.17550
v 0.08950 -0.56300 -0.17550
v -0.07550 -0.56300 -0.17550
v -0.09550 -0.56300 -0.17550
v 0.10950 -0.56300 -0.10650
v 0.08950 -0.56300 -0.10650
v -0.07550 -0.56300 -0.10650
v -0.09550 -0.56300 -0.10650
v 0.10950 -0.56300 -0.03750
v 0.08950 -0.56300 -0.03750
v -0.07550 -0.56300 -0.03750
v -0.09550 -0.56300 -0.03750
v -0.21250 -0.56400 -0.09850
v -0.42750 -0.56500 0.21250
v -0.49750 -0.56500 0.21250
v -0.56650 -0.56500 0.21250
v -0.43050 -0.56500 0.24150
v -0.49750 -0.56500 0.24150
v -0.56350 -0.56500 0.24150
v -0.43050 -0.56500 0.24750
v -0.49750 -0.56500 0.24750
v -0.56350 -0.56500 0.24750
v -0.42750 -0.56500 0.31950
v -0.49750 -0.56500 0.31950
v -0.56650 -0.56500 0.31950
v 0.04150 -0.56700 -0.04450
v -0.25250 -0.56800 -0.10350
v -0.27350 -0.56900 -0.10650
v 0.33850 -0.57000 -0.05650
v -0.16850 -0.57100 0.29350
v -0.21850 -0.57100 0.29350
v -0.26750 -0.57100 0.29350
v -0.15350 -0.57100 0.30850
v -0.28250 -0.57100 0.30850
v -0.15350 -0.57100 0.35250
v -0.28250 -0.57100 0.35250
v -0.15350 -0.57100 0.39750
v -0.28250 -0.57100 0.39750
v -0.16850 -0.57100 0.41150
v -0.21850 -0.57100 0.41150
v -0.26750 -0.57100 0.41150
v -0.27250 -0.57200 -0.11150
v -0.54350 -0.57600 -0.08250
v -0.16850 -0.57600 0.29350
v -0.21850 -0.57600 0.29350
v -0.26750 -0.57600 0.29350
v -0.15350 -0.57600 0.30850
v -0.28250 -0.57600 0.30850
v -0.15350 -0.57600 0.35250
v -0.28250 -0.57600 0.35250
v -0.15350 -0.57600 0.39750
v -0.28250 -0.57600 0.39750
v -0.16850 -0.57600 0.41150
v -0.21850 -0.57600 0.41150
v -0.26750 -0.57600 0.41150
v 0.10950 -0.57700 -0.17550
v 0.08950 -0.57700 -0.17550
v -0.07550 -0.57700 -0.17550
v -0.09550 -0.57700 -0.17550
v 0.10950 -0.57700 -0.10650
v 0.08950 -0.57700 -0.10650
v -0.07550 -0.57700 -0.10650
v -0.09550 -0.57700 -0.10650
v -0.54350 -0.57700 -0.07250
v 0.10950 -0.57700 -0.03750
v 0.08950 -0.57700 -0.03750
v -0.07550 -0.57700 -0.03750
v -0.09550 -0.57700 -0.03750
v -0.33250 -0.57800 -0.11950
v 0.11650 -0.57900 -0.04650
v -0.30850 -0.57900 -0.01750
v -0.30850 -0.57900 0.09450
v 0.09950 -0.58100 -0.17550
v -0.08550 -0.58100 -0.17550
v -0.33250 -0.58100 -0.12350
v 0.09950 -0.58100 -0.10650
v -0.08550 -0.58100 -0.10650
v 0.24950 -0.58100 -0.07150
v 0.09950 -0.58100 -0.03750
v -0.08550 -0.58100 -0.03750
v 0.09150 -0.58300 -0.00650
v 0.07950 -0.58300 0.00350
v 0.10350 -0.58300 0.00850
v 0.08850 -0.58300 0.00850
v -0.07450 -0.58300 0.00850
v -0.08950 -0.58300 0.00850
v 0.43550 -0.58400 -0.01450
v 0.43550 -0.58400 -0.00350
v 0.26750 -0.58500 -0.21450
v 0.28850 -0.58600 -0.16850
v 0.28850 -0.58600 -0.05750
v 0.08750 -0.58600 0.00350
v 0.09550 -0.58600 0.00850
v -0.08250 -0.58600 0.00850
v 0.09750 -0.58900 0.05450
v -0.08450 -0.58900 0.05450
v 0.32250 -0.59000 -0.13350
v 0.08750 -0.59000 0.05450
v -0.07350 -0.59000 0.05450
v 0.09250 -0.59200 0.05450
v -0.07950 -0.59200 0.05450
v 0.35750 -0.59400 -0.09850
v 0.06150 -0.59400 -0.04050
v 0.07150 -0.59800 -0.03250
v 0.08950 -0.60100 0.08350
v 0.00650 -0.60100 0.08350
v -0.07650 -0.60100 0.08350
v 0.08050 -0.60100 0.10950
v -0.06650 -0.60100 0.10950
v 0.03650 -0.61000 -0.13550
v 0.09650 -0.61800 -0.04950
v -0.54350 -0.62200 -0.08250
v -0.30850 -0.62200 -0.01750
v -0.30850 -0.62200 0.09450
v -0.54350 -0.62300 -0.07250
v 0.05150 -0.62400 -0.12450
v 0.08950 -0.62600 -0.13650
v 0.43250 -0.62600 -0.01450
v 0.43250 -0.62600 -0.00350
v -0.47450 -0.63400 0.23850
v -0.43050 -0.63400 0.23950
v -0.49750 -0.63400 0.23950
v -0.56350 -0.63400 0.23950
v -0.51950 -0.63500 0.23650
v -0.40450 -0.63600 0.20550
v -0.49750 -0.63600 0.20550
v -0.58950 -0.63600 0.20550
v -0.40450 -0.63600 0.21250
v -0.43050 -0.63600 0.21250
v -0.49750 -0.63600 0.21250
v -0.56350 -0.63600 0.21250
v -0.58950 -0.63600 0.21250
v -0.43050 -0.63600 0.23550
v -0.49750 -0.63600 0.23550
v -0.56350 -0.63600 0.23550
v 0.09650 -0.63700 -0.12450
v -0.43050 -0.63800 0.24450
v -0.49750 -0.63800 0.24450
v -0.56350 -0.63800 0.24450
v 0.14250 -0.64200 -0.13750
v -0.43050 -0.64200 0.21250
v -0.49750 -0.64200 0.21250
v -0.56350 -0.64200 0.21250
v -0.43050 -0.64200 0.23550
v -0.49750 -0.64200 0.23550
v -0.56350 -0.64200 0.23550
v 0.14250 -0.65100 -0.12450
v -0.42550 -0.65600 0.20550
v -0.49750 -0.65600 0.20550
v -0.56850 -0.65600 0.20550
v -0.42550 -0.65600 0.21250
v -0.49750 -0.65600 0.21250
v -0.56850 -0.65600 0.21250
v -0.21850 -0.67800 0.33550
v -0.20850 -0.67800 0.34450
v -0.22750 -0.67800 0.34450
v -0.20850 -0.67800 0.36150
v -0.22750 -0.67800 0.36150
v -0.21850 -0.67800 0.36950
v -0.21850 -0.72400 0.33550
v -0.20850 -0.72400 0.34450
v -0.22750 -0.72400 0.34450
v -0.20850 -0.72400 0.36150
v -0.22750 -0.72400 0.36150
v -0.21850 -0.72400 0.36950
v 0.48350 -0.72900 0.35750
v 0.49050 -0.74000 0.39750
v 0.48850 -0.74100 0.34850
v 0.49650 -0.75500 0.39750
v 0.49450 -0.75600 0.34850
v 0.50050 -0.76700 0.35750
v -0.21850 -0.77000 0.33550
v -0.20850 -0.77000 0.34450
v -0.22750 -0.77000 0.34450
v -0.20850 -0.77000 0.36150
v -0.22750 -0.77000 0.36150
v -0.21850 -0.77000 0.36950
v 0.50350 -0.77100 0.37250
v -0.19350 -0.79400 0.41250
v -0.22050 -0.79400 0.41250
v -0.21250 -0.79600 0.28250
v -0.21250 -0.79600 0.32250
v -0.19350 -0.79600 0.41450
v -0.22050 -0.79600 0.41450
v -0.22850 -0.80000 0.28250
v -0.22850 -0.80000 0.32250
v -0.20950 -0.81300 0.28250
v -0.20950 -0.81300 0.32250
v -0.22450 -0.81500 0.38850
v -0.22550 -0.81600 0.28250
v -0.22550 -0.81600 0.32250
v -0.25250 -0.81600 0.40050
v -0.25250 -0.81600 0.40250
v -0.22750 -0.81600 0.40850
v -0.22550 -0.81600 0.41250
v -0.22750 -0.81600 0.41250
v -0.22850 -0.81600 0.41850
v -0.22650 -0.81600 0.41950
v -0.23150 -0.81600 0.42050
v -0.24950 -0.81600 0.42150
v -0.23050 -0.81600 0.42250
v -0.24850 -0.81600 0.42350
v 0.28350 -0.82000 0.36750
v -0.19350 -0.82400 0.37650
v -0.22550 -0.82400 0.37650
v -0.22550 -0.82500 0.37750
v -0.19350 -0.82700 0.37850
v -0.22550 -0.82700 0.37850
v 0.29050 -0.83100 0.40650
v 0.28850 -0.83200 0.35750
v -0.22750 -0.84500 0.40950
v 0.29750 -0.84600 0.40650
v 0.29550 -0.84700 0.35750
v -0.19350 -0.85400 0.34050
v -0.23150 -0.85400 0.34050
v -0.19350 -0.85700 0.34250
v -0.23150 -0.85700 0.34250
v 0.30150 -0.85800 0.36750
v -0.25250 -0.85900 0.40050
v -0.25250 -0.85900 0.40250
v -0.22750 -0.85900 0.40850
v -0.22550 -0.85900 0.41250
v -0.22750 -0.85900 0.41250
v -0.22850 -0.85900 0.41850
v -0.22650 -0.85900 0.41950
v -0.23050 -0.85900 0.41950
v -0.23150 -0.85900 0.42050
v -0.24950 -0.85900 0.42150
v -0.23050 -0.85900 0.42250
v -0.24850 -0.85900 0.42350
v 0.30350 -0.86200 0.38250
v -0.22650 -0.87300 0.41150
v -0.22950 -0.87300 0.41950
v -0.25250 -0.90100 0.40050
v -0.25250 -0.90100 0.40250
v -0.22750 -0.90100 0.40850
v -0.22550 -0.90100 0.41250
v -0.22750 -0.90100 0.41250
v -0.22850 -0.90100 0.41850
v -0.22650 -0.90100 0.41950
v -0.23150 -0.90100 0.42050
v -0.24950 -0.90100 0.42150
v -0.23050 -0.90100 0.42250
v -0.24850 -0.90100 0.42350
v 0.08450 -0.91100 0.37650
v 0.09150 -0.92200 0.41550
v 0.08950 -0.92300 0.36750
v 0.09750 -0.93700 0.41550
v 0.09650 -0.93800 0.36750
v 0.10150 -0.94900 0.37650
v 0.10450 -0.95300 0.39150
l 724 1357
l 725 1358
l 726 1359
l 727 1360
l 731 1364
l 732 1365
l 733 1366
l 734 1367
l 738 1372
l 740 1375
l 742 1377
l 743 1379
l 747 1384
l 749 1386
l 750 1387
l 751 1388
l 757 1398
l 758 1399
l 759 1400
l 762 1403
l 768 1413
l 769 1414
l 770 1415
l 772 1417
l 778 1425
l 781 1430
l 782 1431
l 783 1432
l 788 1437
l 791 1442
l 792 1443
l 795 1448
l 800 1453
l 801 1454
l 803 1457
l 805 1460
l 812 1469
l 813 1470
l 814 1471
l 816 1474
l 823 1484
l 825 1486
l 826 1487
l 827 1488
l 835 1500
l 837 1502
l 838 1503
l 839 1504
l 846 1515
l 848 1517
l 849 1518
l 851 1520
l 857 1530
l 860 1533
l 861 1534
l 863 1536
l 869 1546
l 870 1547
l 872 1549
l 874 1551
l 880 1561
l 882 1563
l 883 1564
l 886 1567
l 892 1577
l 894 1579
l 895 1580
l 897 1582
l 904 1593
l 905 1594
l 907 1596
l 908 1597
l 916 1609
l 917 1610
l 918 1611
l 919 1612
l 926 1622
l 929 1626
l 930 1627
l 931 1628
l 937 1635
l 939 1638
l 941 1642
l 943 1644
l 948 1649
l 949 1651
l 951 1654
l 954 1658
l 960 1665
l 961 1666
l 962 1667
l 963 1669
l 971 1680
l 972 1681
l 974 1683
l 975 1684
l 980 1693
l 982 1695
l 983 1696
l 985 1698
l 991 1708
l 993 1710
l 994 1711
l 995 1712
l 1000 1717
l 1001 1718
l 1002 1719
l 1003 1720
l 1008 1729
l 1009 1730
l 1010 1731
l 1011 1732
l 1012 1733
l 1013 1734
l 1357 1359
l 1358 1364
l 1360 1366
l 1365 1372
l 1367 1375
l 1377 1384
l 1379 1386
l 1387 1398
l 1388 1399
l 1400 1413
l 1403 1414
l 1415 1425
l 1417 1430
l 1431 1437
l 1432 1442
l 1443 1453
l 1448 1454
l 1457 1469
l 1460 1470
l 1471 1484
l 1474 1486
l 1487 1500
l 1488 1502
l 1503 1515
l 1504 1517
l 1518 1530
l 1520 1533
l 1534 1546
l 1536 1547
l 1549 1561
l 1551 1564
l 1563 1577
l 1567 1580
l 1579 1593
l 1582 1594
l 1596 1609
l 1597 1610
l 1611 1622
l 1612 1626
l 1627 1635
l 1628 1638
l 1642 1649
l 1644 1651
l 1654 1665
l 1658 1666
l 1667 1680
l 1669 1681
l 1683 1693
l 1684 1695
l 1696 1708
l 1698 1710
l 1711 1717
l 1712 1718
l 1719 1729
l 1720 1730
l 1731 1733
l 1732 1734
l 1938 1942
l 1938 2415
l 1939 1940
l 1939 2416
l 1940 2417
l 1941 1946
l 1941 2419
l 1942 2420
l 1943 1952
l 1943 2422
l 1946 2423
l 1949 1956
l 1949 2425
l 1952 2430
l 1953 1962
l 1953 2431
l 1956 2434
l 1961 1970
l 1961 2438
l 1962 2441
l 1963 1975
l 1963 2443
l 1970 2445
l 1971 1980
l 1971 2449
l 1975 2455
l 1979 1988
l 1979 2457
l 1980 2459
l 1984 1996
l 1984 2460
l 1988 2467
l 1990 2004
l 1990 2472
l 1996 2473
l 1997 2011
l 1997 2475
l 2004 2482
l 2005 2018
l 2005 2483
l 2011 2488
l 2013 2023
l 2013 2490
l 2018 2496
l 2021 2030
l 2021 2499
l 2023 2500
l 2029 2038
l 2029 2505
l 2030 2510
l 2036 2046
l 2036 2514
l 2038 2516
l 2041 2054
l 2041 2518
l 2046 2525
l 2048 2062
l 2048 2527
l 2054 2532
l 2055 2070
l 2055 2533
l 2062 2540
l 2063 2078
l 2063 2542
l 2070 2546
l 2071 2086
l 2071 2549
l 2078 2556
l 2079 2093
l 2079 2558
l 2086 2560
l 2087 2101
l 2087 2565
l 2093 2571
l 2095 2108
l 2095 2573
l 2101 2575
l 2103 2113
l 2103 2579
l 2108 2587
l 2111 2121
l 2111 2589
l 2113 2591
l 2119 2128
l 2119 2593
l 2121 2603
l 2127 2136
l 2127 2604
l 2128 2606
l 2134 2144
l 2134 2608
l 2136 2614
l 2138 2152
l 2138 2620
l 2144 2622
l 2150 2160
l 2150 2624
l 2152 2630
l 2154 2168
l 2154 2636
l 2160 2638
l 2161 2176
l 2161 2639
l 2168 2646
l 2169 2184
l 2169 2650
l 2176 2653
l 2177 2192
l 2177 2655
l 2184 2662
l 2185 2199
l 2185 2663
l 2192 2669
l 2193 2205
l 2193 2671
l 2199 2678
l 2201 2212
l 2201 2679
l 2205 2683
l 2209 2218
l 2209 2686
l 2212 2691
l 2217 2226
l 2217 2695
l 2218 2696
l 2224 2234
l 2224 2701
l 2226 2705
l 2230 2242
l 2230 2708
l 2234 2712
l 2236 2250
l 2236 2713
l 2242 2720
l 2243 2257
l 2243 2722
l 2250 2727
l 2251 2263
l 2251 2729
l 2257 2735
l 2259 2268
l 2259 2737
l 2263 2739
l 2266 2276
l 2266 2742
l 2268 2749
l 2271 2283
l 2271 2752
l 2276 2754
l 2277 2287
l 2277 2755
l 2283 2762
l 2285 2294
l 2285 2763
l 2287 2764
l 2290 2298
l 2290 2768
l 2294 2772
l 2295 2304
l 2295 2773
l 2298 2775
l 2301 2306
l 2301 2777
l 2304 2782
l 2305 2308
l 2305 2783
l 2306 2785
l 2307 2309
l 2307 2784
l 2308 2788
l 2309 2789
l 2415 2420
l 2416 2417
l 2419 2423
l 2422 2430
l 2425 2434
l 2431 2441
l 2438 2445
l 2443 2455
l 2449 2459
l 2457 2467
l 2460 2473
l 2472 2482
l 2475 2488
l 2483 2496
l 2490 2500
l 2499 2510
l 2505 2516
l 2514 2525
l 2518 2532
l 2527 2540
l 2533 2546
l 2542 2556
l 2549 2560
l 2558 2571
l 2565 2575
l 2573 2587
l 2579 2591
l 2589 2603
l 2593 2606
l 2604 2614
l 2608 2622
l 2620 2630
l 2624 2638
l 2636 2646
l 2639 2653
l 2650 2662
l 2655 2669
l 2663 2678
l 2671 2683
l 2679 2691
l 2686 2696
l 2695 2705
l 2701 2712
l 2708 2720
l 2713 2727
l 2722 2735
l 2729 2739
l 2737 2749
l 2742 2754
l 2752 2762
l 2755 2764
l 2763 2772
l 2768 2775
l 2773 2782
l 2777 2785
l 2783 2788
l 2784 2789
l 2945 2950
l 2945 3490
l 2946 2947
l 2946 3491
l 2947 3492
l 2949 2953
l 2949 3493
l 2950 3494
l 2952 2960
l 2952 3495
l 2953 3498
l 2955 2964
l 2955 3501
l 2960 3504
l 2961 2971
l 2961 3505
l 2964 3508
l 2968 2975
l 2968 3513
l 2971 3514
l 2973 2985
l 2973 3515
l 2975 3522
l 2979 2989
l 2979 3523
l 2985 3527
l 2987 2997
l 2987 3531
l 2989 3532
l 2990 3003
l 2990 3536
l 2997 3540
l 3002 3012
l 3002 3542
l 3003 3548
l 3005 3018
l 3005 3549
l 3012 3556
l 3013 3026
l 3013 3557
l 3018 3563
l 3020 3030
l 3020 3565
l 3026 3570
l 3029 3040
l 3029 3573
l 3030 3575
l 3035 3046
l 3035 3581
l 3040 3582
l 3044 3055
l 3044 3588
l 3046 3590
l 3048 3062
l 3048 3593
l 3055 3598
l 3057 3070
l 3057 3600
l 3062 3606
l 3063 3076
l 3063 3607
l 3070 3614
l 3072 3086
l 3072 3615
l 3076 3622
l 3079 3090
l 3079 3623
l 3086 3630
l 3088 3101
l 3088 3631
l 3090 3638
l 3095 3105
l 3095 3639
l 3101 3645
l 3103 3118
l 3103 3647
l 3105 3653
l 3110 3122
l 3110 3655
l 3118 3660
l 3120 3134
l 3120 3663
l 3122 3665
l 3124 3137
l 3124 3671
l 3134 3673
l 3135 3145
l 3135 3679
l 3137 3680
l 3139 3153
l 3139 3686
l 3145 3688
l 3151 3161
l 3151 3690
l 3153 3696
l 3155 3169
l 3155 3702
l 3161 3704
l 3167 3177
l 3167 3706
l 3169 3712
l 3170 3184
l 3170 3713
l 3177 3720
l 3181 3193
l 3181 3721
l 3184 3728
l 3186 3200
l 3186 3729
l 3193 3736
l 3194 3209
l 3194 3737
l 3200 3744
l 3202 3214
l 3202 3745
l 3209 3751
l 3210 3222
l 3210 3753
l 3214 3757
l 3217 3227
l 3217 3761
l 3222 3764
l 3226 3236
l 3226 3769
l 3227 3770
l 3232 3243
l 3232 3776
l 3236 3778
l 3239 3251
l 3239 3782
l 3243 3786
l 3244 3258
l 3244 3788
l 3251 3794
l 3253 3266
l 3253 3795
l 3258 3802
l 3260 3270
l 3260 3803
l 3266 3809
l 3268 3280
l 3268 3811
l 3270 3815
l 3273 3285
l 3273 3818
l 3280 3820
l 3283 3293
l 3283 3823
l 3285 3828
l 3286 3295
l 3286 3829
l 3293 3835
l 3294 3303
l 3294 3837
l 3295 3839
l 3299 3306
l 3299 3842
l 3303 3846
l 3304 3313
l 3304 3847
l 3306 3850
l 3308 3316
l 3308 3853
l 3313 3856
l 3314 3319
l 3314 3857
l 3315 3320
l 3315 3859
l 3316 3858
l 3319 3860
l 3320 3861
l 3376 3383
l 3377 3384
l 3378 3385
l 3379 3386
l 3380 3387
l 3381 3388
l 3382 3389
l 3390 3391
l 3392 3400
l 3393 3401
l 3394 3402
l 3395 3403
l 3396 3404
l 3397 3406
l 3398 3407
l 3399 3405
l 3490 3494
l 3491 3492
l 3493 3498
l 3495 3504
l 3501 3508
l 3505 3514
l 3513 3522
l 3515 3527
l 3523 3532
l 3531 3540
l 3536 3548
l 3542 3556
l 3549 3563
l 3557 3570
l 3565 3575
l 3573 3582
l 3581 3590
l 3588 3598
l 3593 3606
l 3600 3614
l 3607 3622
l 3615 3630
l 3623 3638
l 3631 3645
l 3639 3653
l 3647 3660
l 3655 3665
l 3663 3673
l 3671 3680
l 3679 3688
l 3686 3696
l 3690 3704
l 3702 3712
l 3706 3720
l 3713 3728
l 3721 3736
l 3729 3744
l 3737 3751
l 3745 3757
l 3753 3764
l 3761 3770
l 3769 3778
l 3776 3786
l 3782 3794
l 3788 3802
l 3795 3809
l 3803 3815
l 3811 3820
l 3818 3828
l 3823 3835
l 3829 3839
l 3837 3846
l 3842 3850
l 3847 3856
l 3853 3858
l 3857 3860
l 3859 3861
l 3966 6168
l 3967 6169
l 3968 6170
l 3969 6171
l 3971 6172
l 3972 6173
l 3973 6174
l 3974 6175
l 3980 6177
l 3981 6178
l 3982 6179
l 3983 6180
l 3990 6183
l 3991 6184
l 3992 6185
l 3993 6186
l 3999 6188
l 4000 6189
l 4001 6190
l 4002 6191
l 4003 6192
l 4004 6193
l 4005 6194
l 4006 6195
l 4101 4103
l 4101 4913
l 4102 4108
l 4102 4914
l 4103 4915
l 4104 4110
l 4104 4916
l 4108 4920
l 4109 4116
l 4109 4921
l 4110 4922
l 4111 4119
l 4111 4923
l 4116 4927
l 4119 4929
l 4121 4128
l 4121 4931
l 4123 4130
l 4123 4932
l 4128 4936
l 4130 4938
l 4131 4142
l 4131 4939
l 4132 4143
l 4132 4940
l 4142 4946
l 4143 4947
l 4144 4157
l 4144 4948
l 4147 4158
l 4147 4951
l 4157 4957
l 4158 4958
l 4159 4169
l 4159 4959
l 4161 4174
l 4161 4961
l 4168 5300
l 4169 4967
l 4174 4970
l 4175 4181
l 4175 4971
l 4176 4186
l 4176 4972
l 4181 4977
l 4186 4980
l 4187 4197
l 4187 4981
l 4192 4198
l 4192 4984
l 4197 4989
l 4198 4990
l 4201 4213
l 4201 4992
l 4204 4214
l 4204 4994
l 4213 5001
l 4214 5002
l 4215 4228
l 4215 5003
l 4218 4230
l 4218 5005
l 4228 5012
l 4230 5014
l 4231 4244
l 4231 5015
l 4232 4246
l 4232 5016
l 4244 5024
l 4246 5026
l 4247 4259
l 4247 5027
l 4248 4261
l 4248 5028
l 4259 5035
l 4261 5037
l 4262 4274
l 4262 5038
l 4264 4277
l 4264 5040
l 4274 5046
l 4277 5049
l 4278 4290
l 4278 5050
l 4280 4291
l 4280 5052
l 4290 5058
l 4291 5059
l 4293 4305
l 4293 5061
l 4295 4308
l 4295 5063
l 4305 5069
l 4307 4321
l 4307 5071
l 4308 5072
l 4311 4324
l 4311 5075
l 4321 5081
l 4323 4337
l 4323 5083
l 4324 5084
l 4326 4338
l 4326 5086
l 4337 5093
l 4338 5094
l 4340 4353
l 4340 5096
l 4341 4354
l 4341 5097
l 4353 5105
l 4354 5106
l 4355 4366
l 4355 5107
l 4356 4370
l 4356 5108
l 4366 5115
l 4370 5118
l 4371 4379
l 4371 5119
l 4372 4382
l 4372 5120
l 4379 5126
l 4382 5128
l 4386 4393
l 4386 5130
l 4388 4395
l 4388 5132
l 4393 5137
l 4395 5138
l 4398 4409
l 4398 5140
l 4402 4410
l 4402 5143
l 4409 5149
l 4410 5150
l 4411 4424
l 4411 5151
l 4413 4425
l 4413 5152
l 4424 5161
l 4425 5162
l 4427 4437
l 4427 5164
l 4428 4439
l 4428 5165
l 4437 5170
l 4439 5172
l 4440 4452
l 4440 5173
l 4442 4454
l 4442 5175
l 4452 5181
l 4454 5183
l 4455 4461
l 4455 5184
l 4456 4462
l 4456 5185
l 4461 5190
l 4462 5191
l 4463 4473
l 4463 5192
l 4464 4474
l 4464 5193
l 4473 5198
l 4474 5199
l 4475 4477
l 4475 5200
l 4476 4478
l 4476 5201
l 4477 5202
l 4478 5203
l 4787 4788
l 4787 4789
l 4788 4790
l 4789 4791
l 4790 4792
l 4791 4793
l 4792 4794
l 4793 4795
l 4794 4796
l 4795 4797
l 4796 4798
l 4797 4799
l 4798 4800
l 4799 4801
l 4800 4802
l 4801 4803
l 4802 4804
l 4803 4805
l 4804 4806
l 4805 4807
l 4806 4808
l 4807 4809
l 4808 4810
l 4809 4811
l 4810 4812
l 4811 4813
l 4812 4814
l 4813 4815
l 4814 4816
l 4815 4817
l 4816 4818
l 4817 4819
l 4818 4820
l 4819 4821
l 4820 4822
l 4821 4823
l 4822 4824
l 4823 4825
l 4824 4826
l 4825 4826
l 6588 7233
l 6589 7234
l 6590 7235
l 6591 7236
l 6595 7240
l 6596 7241
l 6597 7242
l 6598 7243
l 6602 7248
l 6604 7251
l 6606 7253
l 6607 7255
l 6611 7260
l 6613 7262
l 6614 7263
l 6615 7264
l 6621 7274
l 6622 7275
l 6623 7276
l 6626 7279
l 6632 7289
l 6633 7290
l 6634 7291
l 6636 7293
l 6642 7301
l 6645 7306
l 6646 7307
l 6647 7308
l 6652 7313
l 6655 7318
l 6656 7319
l 6659 7324
l 6664 7329
l 6665 7330
l 6667 7333
l 6669 7336
l 6676 7345
l 6677 7346
l 6678 7347
l 6680 7350
l 6687 7360
l 6689 7362
l 6690 7363
l 6691 7364
l 6699 7376
l 6701 7378
l 6702 7379
l 6703 7380
l 6710 7391
l 6712 7393
l 6713 7394
l 6715 7396
l 6721 7406
l 6724 7409
l 6725 7410
l 6727 7412
l 6733 7422
l 6734 7423
l 6736 7425
l 6738 7427
l 6744 7437
l 6746 7439
l 6747 7440
l 6750 7443
l 6756 7453
l 6758 7455
l 6759 7456
l 6761 7458
l 6768 7469
l 6769 7470
l 6771 7472
l 6772 7473
l 6780 7485
l 6781 7486
l 6782 7487
l 6783 7488
l 6790 7498
l 6793 7502
l 6794 7503
l 6795 7504
l 6801 7511
l 6803 7514
l 6805 7518
l 6807 7520
l 6812 7525
l 6813 7527
l 6815 7530
l 6818 7534
l 6824 7541
l 6825 7542
l 6826 7543
l 6827 7545
l 6835 7556
l 6836 7557
l 6838 7559
l 6839 7560
l 6844 7569
l 6846 7571
l 6847 7572
l 6849 7574
l 6855 7584
l 6857 7586
l 6858 7587
l 6859 7588
l 6864 7593
l 6865 7594
l 6866 7595
l 6867 7596
l 6872 7605
l 6873 7606
l 6874 7607
l 6875 7608
l 6876 7609
l 6877 7610
l 7233 7235
l 7234 7240
l 7236 7242
l 7241 7248
l 7243 7251
l 7253 7260
l 7255 7262
l 7263 7274
l 7264 7275
l 7276 7289
l 7279 7290
l 7291 7301
l 7293 7306
l 7307 7313
l 7308 7318
l 7319 7329
l 7324 7330
l 7333 7345
l 7336 7346
l 7347 7360
l 7350 7362
l 7363 7376
l 7364 7378
l 7379 7391
l 7380 7393
l 7394 7406
l 7396 7409
l 7410 7422
l 7412 7423
l 7425 7437
l 7427 7440
l 7439 7453
l 7443 7456
l 7455 7469
l 7458 7470
l 7472 7485
l 7473 7486
l 7487 7498
l 7488 7502
l 7503 7511
l 7504 7514
l 7518 7525
l 7520 7527
l 7530 7541
l 7534 7542
l 7543 7556
l 7545 7557
l 7559 7569
l 7560 7571
l 7572 7584
l 7574 7586
l 7587 7593
l 7588 7594
l 7595 7605
l 7596 7606
l 7607 7609
l 7608 7610
l 7813 7817
l 7813 8373
l 7814 7815
l 7814 8374
l 7815 8375
l 7816 7821
l 7816 8377
l 7817 8378
l 7818 7827
l 7818 8380
l 7821 8381
l 7824 7831
l 7824 8383
l 7827 8388
l 7828 7837
l 7828 8389
l 7831 8392
l 7836 7845
l 7836 8396
l 7837 8399
l 7838 7850
l 7838 8401
l 7845 8403
l 7846 7855
l 7846 8407
l 7850 8413
l 7854 7863
l 7854 8415
l 7855 8417
l 7859 7871
l 7859 8418
l 7863 8425
l 7865 7879
l 7865 8430
l 7871 8431
l 7872 7886
l 7872 8433
l 7879 8440
l 7880 7893
l 7880 8441
l 7886 8446
l 7888 7898
l 7888 8448
l 7893 8454
l 7896 7905
l 7896 8457
l 7898 8458
l 7904 7913
l 7904 8463
l 7905 8468
l 7911 7921
l 7911 8472
l 7913 8474
l 7916 7929
l 7916 8476
l 7921 8483
l 7923 7937
l 7923 8485
l 7929 8490
l 7930 7945
l 7930 8491
l 7937 8498
l 7938 7953
l 7938 8500
l 7945 8504
l 7946 7961
l 7946 8507
l 7953 8514
l 7954 7968
l 7954 8516
l 7961 8518
l 7962 7976
l 7962 8523
l 7968 8529
l 7970 7983
l 7970 8531
l 7976 8533
l 7978 7988
l 7978 8538
l 7983 8546
l 7986 7996
l 7986 8548
l 7988 8550
l 7994 8003
l 7994 8552
l 7996 8562
l 8002 8011
l 8002 8563
l 8003 8565
l 8009 8019
l 8009 8567
l 8011 8573
l 8013 8027
l 8013 8579
l 8019 8581
l 8025 8035
l 8025 8583
l 8027 8589
l 8029 8043
l 8029 8595
l 8035 8597
l 8036 8051
l 8036 8598
l 8043 8605
l 8044 8059
l 8044 8609
l 8051 8612
l 8052 8067
l 8052 8614
l 8059 8621
l 8060 8074
l 8060 8622
l 8067 8628
l 8068 8080
l 8068 8630
l 8074 8637
l 8076 8087
l 8076 8638
l 8080 8642
l 8084 8093
l 8084 8645
l 8087 8650
l 8092 8101
l 8092 8654
l 8093 8655
l 8099 8109
l 8099 8660
l 8101 8664
l 8105 8117
l 8105 8667
l 8109 8671
l 8111 8125
l 8111 8672
l 8117 8679
l 8118 8132
l 8118 8681
l 8125 8686
l 8126 8138
l 8126 8688
l 8132 8694
l 8134 8143
l 8134 8696
l 8138 8698
l 8141 8151
l 8141 8701
l 8143 8708
l 8146 8158
l 8146 8711
l 8151 8713
l 8152 8162
l 8152 8714
l 8158 8721
l 8160 8169
l 8160 8722
l 8162 8723
l 8165 8173
l 8165 8727
l 8169 8731
l 8170 8179
l 8170 8732
l 8173 8734
l 8176 8181
l 8176 8736
l 8179 8741
l 8180 8183
l 8180 8742
l 8181 8744
l 8182 8184
l 8182 8743
l 8183 8747
l 8184 8748
l 8373 8378
l 8374 8375
l 8377 8381
l 8380 8388
l 8383 8392
l 8389 8399
l 8396 8403
l 8401 8413
l 8407 8417
l 8415 8425
l 8418 8431
l 8430 8440
l 8433 8446
l 8441 8454
l 8448 8458
l 8457 8468
l 8463 8474
l 8472 8483
l 8476 8490
l 8485 8498
l 8491 8504
l 8500 8514
l 8507 8518
l 8516 8529
l 8523 8533
l 8531 8546
l 8538 8550
l 8548 8562
l 8552 8565
l 8563 8573
l 8567 8581
l 8579 8589
l 8583 8597
l 8595 8605
l 8598 8612
l 8609 8621
l 8614 8628
l 8622 8637
l 8630 8642
l 8638 8650
l 8645 8655
l 8654 8664
l 8660 8671
l 8667 8679
l 8672 8686
l 8681 8694
l 8688 8698
l 8696 8708
l 8701 8713
l 8711 8721
l 8714 8723
l 8722 8731
l 8727 8734
l 8732 8741
l 8736 8744
l 8742 8747
l 8743 8748
l 8900 8905
l 8900 9445
l 8901 8902
l 8901 9446
l 8902 9447
l 8904 8908
l 8904 9448
l 8905 9449
l 8907 8915
l 8907 9450
l 8908 9453
l 8910 8919
l 8910 9456
l 8915 9459
l 8916 8926
l 8916 9460
l 8919 9463
l 8923 8930
l 8923 9468
l 8926 9469
l 8928 8940
l 8928 9470
l 8930 9477
l 8934 8944
l 8934 9478
l 8940 9482
l 8942 8952
l 8942 9486
l 8944 9487
l 8945 8958
l 8945 9491
l 8952 9495
l 8957 8967
l 8957 9497
l 8958 9503
l 8960 8973
l 8960 9504
l 8967 9511
l 8968 8981
l 8968 9512
l 8973 9518
l 8975 8985
l 8975 9520
l 8981 9525
l 8984 8995
l 8984 9528
l 8985 9530
l 8990 9001
l 8990 9536
l 8995 9537
l 8999 9010
l 8999 9543
l 9001 9545
l 9003 9017
l 9003 9548
l 9010 9553
l 9012 9025
l 9012 9555
l 9017 9561
l 9018 9031
l 9018 9562
l 9025 9569
l 9027 9041
l 9027 9570
l 9031 9577
l 9034 9045
l 9034 9578
l 9041 9585
l 9043 9056
l 9043 9586
l 9045 9593
l 9050 9060
l 9050 9594
l 9056 9600
l 9058 9072
l 9058 9602
l 9060 9608
l 9064 9076
l 9064 9610
l 9072 9615
l 9074 9088
l 9074 9618
l 9076 9620
l 9078 9091
l 9078 9626
l 9088 9628
l 9089 9099
l 9089 9634
l 9091 9635
l 9093 9107
l 9093 9641
l 9099 9643
l 9105 9115
l 9105 9645
l 9107 9651
l 9109 9123
l 9109 9657
l 9115 9659
l 9121 9131
l 9121 9661
l 9123 9667
l 9124 9138
l 9124 9668
l 9131 9675
l 9135 9147
l 9135 9676
l 9138 9683
l 9140 9154
l 9140 9684
l 9147 9691
l 9148 9163
l 9148 9692
l 9154 9699
l 9156 9168
l 9156 9700
l 9163 9706
l 9164 9176
l 9164 9708
l 9168 9712
l 9171 9181
l 9171 9716
l 9176 9719
l 9180 9190
l 9180 9724
l 9181 9725
l 9186 9197
l 9186 9731
l 9190 9733
l 9193 9205
l 9193 9737
l 9197 9741
l 9198 9212
l 9198 9743
l 9205 9749
l 9207 9220
l 9207 9750
l 9212 9757
l 9214 9224
l 9214 9758
l 9220 9764
l 9222 9234
l 9222 9766
l 9224 9770
l 9227 9239
l 9227 9773
l 9234 9775
l 9237 9247
l 9237 9778
l 9239 9783
l 9240 9249
l 9240 9784
l 9247 9790
l 9248 9257
l 9248 9792
l 9249 9794
l 9253 9260
l 9253 9797
l 9257 9801
l 9258 9267
l 9258 9802
l 9260 9805
l 9262 9270
l 9262 9808
l 9267 9811
l 9268 9273
l 9268 9812
l 9269 9274
l 9269 9814
l 9270 9813
l 9273 9815
l 9274 9816
l 9388 9389
l 9389 9390
l 9390 9391
l 9391 9392
l 9397 9398
l 9398 9399
l 9400 9401
l 9401 9402
l 9445 9449
l 9446 9447
l 9448 9453
l 9450 9459
l 9456 9463
l 9460 9469
l 9468 9477
l 9470 9482
l 9478 9487
l 9486 9495
l 9491 9503
l 9497 9511
l 9504 9518
l 9512 9525
l 9520 9530
l 9528 9537
l 9536 9545
l 9543 9553
l 9548 9561
l 9555 9569
l 9562 9577
l 9570 9585
l 9578 9593
l 9586 9600
l 9594 9608
l 9602 9615
l 9610 9620
l 9618 9628
l 9626 9635
l 9634 9643
l 9641 9651
l 9645 9659
l 9657 9667
l 9661 9675
l 9668 9683
l 9676 9691
l 9684 9699
l 9692 9706
l 9700 9712
l 9708 9719
l 9716 9725
l 9724 9733
l 9731 9741
l 9737 9749
l 9743 9757
l 9750 9764
l 9758 9770
l 9766 9775
l 9773 9783
l 9778 9790
l 9784 9794
l 9792 9801
l 9797 9805
l 9802 9811
l 9808 9813
l 9812 9815
l 9814 9816
l 10021 10023
l 10021 10723
l 10022 10028
l 10022 10724
l 10023 10725
l 10024 10030
l 10024 10726
l 10028 10730
l 10029 10036
l 10029 10731
l 10030 10732
l 10031 10039
l 10031 10733
l 10036 10737
l 10039 10739
l 10041 10048
l 10041 10741
l 10043 10050
l 10043 10742
l 10048 10746
l 10050 10748
l 10051 10062
l 10051 10749
l 10052 10063
l 10052 10750
l 10062 10756
l 10063 10757
l 10064 10077
l 10064 10758
l 10067 10078
l 10067 10761
l 10074 11075
l 10077 10767
l 10078 10768
l 10079 10089
l 10079 10769
l 10081 10094
l 10081 10771
l 10088 11080
l 10089 10777
l 10094 10780
l 10095 10101
l 10095 10781
l 10096 10106
l 10096 10782
l 10101 10787
l 10106 10790
l 10107 10117
l 10107 10791
l 10112 10118
l 10112 10794
l 10117 10799
l 10118 10800
l 10121 10133
l 10121 10802
l 10124 10134
l 10124 10804
l 10133 10811
l 10134 10812
l 10135 10148
l 10135 10813
l 10138 10150
l 10138 10815
l 10148 10822
l 10150 10824
l 10151 10164
l 10151 10825
l 10152 10166
l 10152 10826
l 10164 10834
l 10166 10836
l 10167 10179
l 10167 10837
l 10168 10181
l 10168 10838
l 10179 10845
l 10181 10847
l 10182 10194
l 10182 10848
l 10184 10197
l 10184 10850
l 10194 10856
l 10197 10859
l 10198 10210
l 10198 10860
l 10200 10211
l 10200 10862
l 10210 10868
l 10211 10869
l 10213 10225
l 10213 10871
l 10215 10228
l 10215 10873
l 10225 10879
l 10227 10241
l 10227 10881
l 10228 10882
l 10231 10244
l 10231 10885
l 10241 10891
l 10243 10257
l 10243 10893
l 10244 10894
l 10246 10258
l 10246 10896
l 10257 10903
l 10258 10904
l 10260 10273
l 10260 10906
l 10261 10274
l 10261 10907
l 10273 10915
l 10274 10916
l 10275 10286
l 10275 10917
l 10276 10290
l 10276 10918
l 10286 10925
l 10290 10928
l 10291 10299
l 10291 10929
l 10292 10302
l 10292 10930
l 10299 10936
l 10302 10938
l 10306 10313
l 10306 10940
l 10308 10315
l 10308 10942
l 10313 10947
l 10315 10948
l 10318 10329
l 10318 10950
l 10322 10330
l 10322 10953
l 10329 10959
l 10330 10960
l 10331 10344
l 10331 10961
l 10333 10345
l 10333 10962
l 10344 10970
l 10345 10971
l 10347 10357
l 10347 10973
l 10348 10359
l 10348 10974
l 10357 10979
l 10359 10981
l 10360 10372
l 10360 10982
l 10362 10374
l 10362 10984
l 10372 10990
l 10374 10992
l 10375 10381
l 10375 10993
l 10376 10382
l 10376 10994
l 10381 10999
l 10382 11000
l 10383 10393
l 10383 11001
l 10384 10394
l 10384 11002
l 10393 11007
l 10394 11008
l 10395 10397
l 10395 11009
l 10396 10398
l 10396 11010
l 10397 11011
l 10398 11012
l 11931 12084
l 11932 12085
l 11933 12086
l 11934 12087
l 11959 12104
l 11960 12105
l 11961 11962
l 11962 11963
l 12024 12025
l 12025 12026
l 12084 12252
l 12085 12253
l 12086 12254
l 12087 12255
l 12104 12281
l 12105 12282
l 12173 12174
l 12174 12175
l 12185 12186
l 12186 12187
l 12268 12270
l 12269 12271
l 12270 12272
l 12271 12273
l 12321 12322
l 12322 12323
l 12325 12326
l 12325 12336
l 12326 12327
l 12327 12337
l 12328 12329
l 12328 12334
l 12329 12330
l 12330 12335
l 12331 12332
l 12332 12333
l 12334 12338
l 12335 12340
l 12336 12341
l 12337 12343
l 12338 12339
l 12339 12340
l 12341 12342
l 12342 12343
l 12347 12348
l 12348 12349
l 12379 12380
l 12380 12381
l 12382 12383
l 12383 12384
l 12385 12386
l 12386 12387
l 12395 12396
l 12396 12397
l 12398 12400
l 12399 12401
l 12400 12402
l 12401 12403
l 12404 12405
l 12405 12406
l 12490 12491
l 12491 12492
l 12494 12495
l 12495 12496
l 12506 12507
l 12507 12508
l 12513 12514
l 12514 12515
l 12557 12584
l 12558 12585
l 12584 12599
l 12585 12600
l 1 248
l 2 3
l 2 4
l 3 5
l 4 6
l 5 7
l 6 8
l 7 9
l 8 10
l 9 11
l 10 12
l 11 13
l 12 14
l 13 15
l 14 16
l 15 17
l 16 18
l 17 19
l 18 20
l 19 21
l 20 22
l 21 23
l 22 24
l 23 25
l 24 26
l 25 27
l 26 28
l 27 29
l 28 30
l 29 31
l 30 32
l 31 33
l 32 34
l 33 35
l 34 36
l 35 37
l 36 38
l 37 39
l 38 40
l 39 41
l 40 42
l 41 43
l 42 44
l 43 45
l 44 46
l 45 48
l 46 49
l 47 50
l 48 51
l 49 52
l 51 53
l 52 54
l 53 55
l 54 56
l 55 57
l 56 58
l 57 59
l 58 60
l 59 61
l 60 62
l 61 63
l 62 63
l 64 65
l 64 66
l 65 67
l 67 69
l 68 70
l 69 71
l 70 72
l 71 73
l 72 74
l 73 75
l 74 76
l 75 77
l 76 78
l 77 79
l 78 80
l 79 81
l 80 82
l 81 83
l 82 84
l 83 85
l 84 86
l 85 87
l 86 88
l 87 89
l 88 90
l 89 91
l 90 92
l 91 93
l 92 94
l 93 95
l 94 96
l 95 97
l 96 98
l 97 99
l 98 100
l 99 101
l 100 102
l 101 103
l 102 104
l 103 105
l 104 106
l 105 108
l 106 109
l 107 129
l 108 110
l 109 111
l 110 112
l 111 113
l 112 114
l 113 115
l 114 116
l 115 117
l 116 118
l 117 119
l 118 120
l 119 121
l 120 122
l 121 123
l 122 124
l 123 124
l 125 126
l 127 262
l 128 130
l 131 175
l 132 235
l 133 134
l 133 135
l 134 136
l 135 137
l 136 138
l 137 139
l 138 140
l 139 141
l 140 142
l 141 143
l 142 144
l 143 145
l 144 146
l 145 147
l 146 148
l 147 149
l 148 150
l 149 151
l 150 152
l 151 153
l 152 154
l 153 155
l 154 156
l 155 157
l 156 158
l 157 159
l 158 160
l 159 161
l 160 162
l 161 163
l 162 164
l 163 165
l 164 166
l 165 167
l 166 169
l 167 170
l 168 258
l 168 264
l 169 171
l 170 172
l 171 173
l 172 174
l 173 176
l 174 177
l 176 178
l 177 179
l 178 180
l 179 181
l 180 182
l 181 183
l 182 184
l 183 185
l 184 186
l 185 187
l 186 188
l 187 189
l 188 190
l 189 191
l 190 192
l 191 193
l 192 194
l 193 194
l 195 196
l 195 197
l 196 198
l 197 199
l 198 200
l 199 201
l 200 202
l 201 203
l 202 204
l 203 205
l 204 206
l 205 207
l 206 208
l 207 209
l 208 210
l 209 211
l 210 212
l 211 213
l 212 214
l 213 215
l 214 216
l 215 217
l 216 218
l 217 219
l 218 220
l 219 221
l 220 222
l 221 223
l 222 224
l 223 225
l 224 226
l 225 227
l 226 229
l 227 230
l 228 260
l 229 231
l 230 232
l 231 233
l 232 234
l 233 236
l 234 237
l 236 238
l 237 239
l 238 240
l 239 241
l 240 242
l 241 243
l 242 244
l 243 245
l 244 246
l 245 247
l 246 249
l 247 250
l 249 251
l 250 252
l 251 253
l 252 254
l 253 255
l 254 256
l 255 257
l 256 257
l 258 263
l 259 308
l 261 303
l 263 272
l 264 278
l 265 278
l 266 269
l 267 283
l 268 283
l 269 278
l 270 364
l 271 275
l 271 276
l 272 282
l 273 279
l 274 364
l 277 283
l 278 291
l 280 281
l 280 293
l 282 304
l 284 290
l 285 287
l 286 288
l 287 294
l 288 295
l 289 300
l 291 305
l 292 306
l 293 302
l 294 296
l 295 297
l 296 298
l 297 299
l 301 439
l 302 409
l 303 447
l 304 437
l 305 438
l 306 402
l 307 341
l 309 310
l 309 311
l 310 312
l 311 313
l 312 314
l 313 315
l 314 316
l 315 317
l 316 318
l 317 319
l 318 320
l 319 321
l 320 322
l 321 323
l 322 324
l 323 325
l 324 326
l 325 327
l 326 328
l 327 329
l 328 330
l 329 331
l 330 332
l 331 333
l 332 334
l 333 335
l 334 337
l 335 338
l 336 445
l 337 339
l 338 340
l 339 343
l 340 344
l 342 444
l 343 346
l 344 347
l 345 584
l 346 348
l 347 349
l 348 350
l 349 351
l 350 352
l 351 353
l 352 354
l 353 355
l 354 356
l 355 357
l 356 358
l 357 359
l 358 360
l 359 361
l 360 362
l 361 363
l 362 365
l 363 366
l 365 367
l 366 368
l 367 369
l 368 370
l 369 371
l 370 372
l 371 373
l 372 373
l 374 375
l 374 376
l 375 377
l 376 378
l 377 379
l 378 380
l 379 381
l 380 382
l 381 383
l 382 384
l 383 385
l 384 386
l 385 387
l 386 388
l 387 389
l 388 390
l 389 391
l 390 392
l 391 393
l 392 394
l 393 395
l 394 396
l 395 397
l 396 398
l 397 399
l 398 400
l 399 403
l 400 404
l 401 445
l 403 405
l 404 406
l 405 407
l 406 408
l 407 410
l 408 411
l 409 440
l 410 412
l 411 413
l 412 414
l 413 415
l 414 416
l 415 417
l 416 418
l 417 419
l 418 420
l 419 421
l 420 422
l 421 423
l 422 424
l 423 425
l 424 426
l 425 427
l 426 428
l 427 429
l 428 430
l 429 431
l 430 432
l 431 433
l 432 434
l 433 435
l 434 436
l 435 436
l 438 445
l 440 442
l 440 443
l 440 678
l 441 509
l 442 473
l 443 473
l 446 1069
l 447 1102
l 448 449
l 448 450
l 449 451
l 450 452
l 451 453
l 452 454
l 453 455
l 454 456
l 455 457
l 456 458
l 457 459
l 458 460
l 459 461
l 460 462
l 461 463
l 462 464
l 463 465
l 464 466
l 465 467
l 466 468
l 467 469
l 468 470
l 469 471
l 470 472
l 471 474
l 472 475
l 474 476
l 475 477
l 476 478
l 477 479
l 478 480
l 479 481
l 480 482
l 481 483
l 482 484
l 483 485
l 484 486
l 485 487
l 486 488
l 487 489
l 488 490
l 489 491
l 490 492
l 491 493
l 492 494
l 493 495
l 494 496
l 495 497
l 496 498
l 497 499
l 498 500
l 499 501
l 500 502
l 501 503
l 502 504
l 503 505
l 504 506
l 505 507
l 506 508
l 507 508
l 510 1296
l 511 1325
l 512 1326
l 513 1329
l 514 1331
l 515 1332
l 516 1333
l 517 1341
l 518 1342
l 519 1343
l 520 1344
l 521 1351
l 522 1352
l 523 1356
l 524 1355
l 525 1356
l 526 1371
l 527 1371
l 528 1373
l 529 1378
l 530 1380
l 531 1380
l 532 1391
l 533 1391
l 534 1392
l 535 1395
l 536 1396
l 537 1396
l 538 1407
l 539 1407
l 540 1408
l 541 1410
l 542 1412
l 543 1412
l 544 1423
l 545 1424
l 546 1427
l 547 1429
l 548 1429
l 549 1439
l 550 1439
l 551 1441
l 552 1445
l 553 1447
l 554 1456
l 555 1456
l 556 1459
l 557 1462
l 558 1464
l 559 1464
l 560 1473
l 561 1473
l 562 1476
l 563 1478
l 564 1480
l 565 1480
l 566 1490
l 567 1492
l 568 1494
l 569 1496
l 570 1496
l 571 1506
l 572 1508
l 573 1510
l 574 1511
l 575 1522
l 576 1522
l 577 1524
l 578 1526
l 579 1527
l 580 1538
l 581 1540
l 582 1541
l 583 1543
l 584 1277
l 585 1554
l 586 1555
l 587 1557
l 588 1559
l 589 1570
l 590 1572
l 591 1573
l 592 1575
l 593 1586
l 594 1587
l 595 1589
l 596 1591
l 597 1591
l 598 683
l 599 1601
l 600 1601
l 601 1603
l 602 1605
l 603 1607
l 604 1607
l 605 1617
l 606 1617
l 607 1619
l 608 1621
l 609 1624
l 610 1624
l 611 1633
l 612 1633
l 613 1636
l 614 1639
l 615 1641
l 616 1641
l 617 1650
l 618 1650
l 619 1653
l 620 1656
l 621 1659
l 622 1659
l 623 1668
l 624 1668
l 625 1671
l 626 1672
l 627 1674
l 628 1685
l 629 1685
l 630 1687
l 631 1688
l 632 1690
l 633 1690
l 634 1701
l 635 1701
l 636 1702
l 637 1704
l 638 1706
l 639 1706
l 640 1721
l 641 1721
l 642 1722
l 643 1724
l 644 1725
l 645 1739
l 646 1740
l 647 1741
l 648 1742
l 649 1751
l 650 1752
l 651 1751
l 652 1753
l 653 1754
l 654 1753
l 655 1761
l 656 1762
l 657 1763
l 658 1764
l 659 1323
l 660 1339
l 661 1350
l 662 1370
l 663 1374
l 664 1390
l 665 1393
l 666 1406
l 667 1422
l 668 1426
l 669 1429
l 670 1440
l 671 1444
l 672 1458
l 673 1461
l 674 1475
l 675 1477
l 676 1493
l 677 1525
l 679 1539
l 680 1556
l 681 1571
l 682 1574
l 684 1590
l 685 1606
l 686 1620
l 687 1637
l 688 1655
l 689 1657
l 690 1659
l 691 1673
l 692 1675
l 693 1689
l 694 1691
l 695 1728
l 696 1744
l 697 1758
l 698 1317
l 699 1318
l 700 1319
l 701 1320
l 702 1321
l 703 1322
l 704 1323
l 705 1324
l 706 1327
l 707 1328
l 708 1330
l 709 1334
l 710 1335
l 711 1336
l 712 1337
l 713 1338
l 714 1339
l 715 1340
l 716 1345
l 717 1346
l 718 1347
l 719 1348
l 720 1349
l 721 1350
l 722 1353
l 723 1354
l 728 1361
l 729 1362
l 730 1363
l 735 1368
l 736 1369
l 737 1370
l 739 1374
l 741 1376
l 744 1381
l 745 1382
l 746 1383
l 748 1385
l 752 1389
l 753 1390
l 754 1393
l 755 1394
l 756 1397
l 760 1401
l 761 1402
l 763 1404
l 764 1405
l 765 1406
l 766 1409
l 767 1411
l 771 1416
l 773 1418
l 774 1419
l 775 1420
l 776 1421
l 777 1422
l 779 1426
l 780 1428
l 784 1433
l 785 1434
l 786 1435
l 787 1436
l 789 1438
l 790 1440
l 793 1444
l 794 1446
l 796 1449
l 797 1450
l 798 1451
l 799 1452
l 802 1455
l 804 1458
l 806 1461
l 807 1463
l 808 1465
l 809 1466
l 810 1467
l 811 1468
l 815 1472
l 817 1475
l 818 1477
l 819 1479
l 820 1481
l 821 1482
l 822 1483
l 824 1485
l 828 1489
l 829 1491
l 830 1493
l 831 1495
l 832 1497
l 833 1498
l 834 1499
l 836 1501
l 840 1505
l 841 1507
l 842 1509
l 843 1512
l 844 1513
l 845 1514
l 847 1516
l 850 1519
l 852 1521
l 853 1523
l 854 1525
l 855 1528
l 856 1529
l 858 1531
l 859 1532
l 862 1535
l 864 1537
l 865 1539
l 866 1542
l 867 1544
l 868 1545
l 871 1548
l 873 1550
l 875 1552
l 876 1553
l 877 1556
l 878 1558
l 879 1560
l 881 1562
l 884 1565
l 885 1566
l 887 1568
l 888 1569
l 889 1571
l 890 1574
l 891 1576
l 893 1578
l 896 1581
l 898 1583
l 899 1584
l 900 1585
l 901 1588
l 902 1590
l 903 1592
l 906 1595
l 909 1598
l 910 1599
l 911 1600
l 912 1602
l 913 1604
l 914 1606
l 915 1608
l 920 1613
l 921 1614
l 922 1615
l 923 1616
l 924 1618
l 925 1620
l 927 1623
l 928 1625
l 932 1629
l 933 1630
l 934 1631
l 935 1632
l 936 1634
l 938 1637
l 940 1640
l 942 1643
l 944 1645
l 945 1646
l 946 1647
l 947 1648
l 950 1652
l 952 1655
l 953 1657
l 955 1660
l 956 1661
l 957 1662
l 958 1663
l 959 1664
l 964 1670
l 965 1673
l 966 1675
l 967 1676
l 968 1677
l 969 1678
l 970 1679
l 973 1682
l 976 1686
l 977 1689
l 978 1691
l 979 1692
l 981 1694
l 984 1697
l 986 1699
l 987 1700
l 988 1703
l 989 1705
l 990 1707
l 992 1709
l 996 1713
l 997 1714
l 998 1715
l 999 1716
l 1004 1723
l 1005 1726
l 1006 1727
l 1007 1728
l 1014 1735
l 1015 1736
l 1016 1737
l 1017 1738
l 1018 1743
l 1019 1744
l 1020 1745
l 1021 1746
l 1022 1747
l 1023 1748
l 1024 1749
l 1025 1750
l 1026 1755
l 1027 1756
l 1028 1757
l 1029 1758
l 1030 1759
l 1031 1760
l 1032 1765
l 1033 1766
l 1034 1767
l 1035 1768
l 1036 1769
l 1037 1770
l 1038 1771
l 1039 1772
l 1040 1041
l 1040 1042
l 1041 1043
l 1042 1044
l 1043 1045
l 1044 1046
l 1045 1047
l 1046 1048
l 1047 1049
l 1048 1050
l 1049 1051
l 1050 1052
l 1051 1053
l 1052 1054
l 1053 1055
l 1054 1056
l 1055 1057
l 1056 1058
l 1057 1059
l 1058 1060
l 1059 1061
l 1060 1062
l 1061 1063
l 1062 1064
l 1063 1065
l 1064 1066
l 1065 1067
l 1066 1068
l 1067 1070
l 1068 1071
l 1070 1072
l 1071 1073
l 1072 1074
l 1073 1075
l 1074 1076
l 1075 1077
l 1076 1078
l 1077 1079
l 1078 1080
l 1079 1081
l 1080 1082
l 1081 1083
l 1082 1084
l 1083 1085
l 1084 1086
l 1085 1087
l 1086 1088
l 1087 1089
l 1088 1090
l 1089 1091
l 1090 1092
l 1091 1093
l 1092 1094
l 1093 1095
l 1094 1096
l 1095 1097
l 1096 1098
l 1097 1099
l 1098 1100
l 1099 1100
l 1101 1223
l 1103 1104
l 1103 1105
l 1104 1106
l 1105 1107
l 1106 1111
l 1107 1114
l 1108 1109
l 1108 1110
l 1109 1112
l 1110 1113
l 1111 1117
l 1112 1115
l 1113 1116
l 1114 1118
l 1115 1119
l 1116 1120
l 1117 1121
l 1118 1122
l 1119 1123
l 1120 1124
l 1121 1125
l 1122 1126
l 1123 1127
l 1124 1128
l 1125 1129
l 1126 1130
l 1127 1131
l 1128 1132
l 1129 1133
l 1130 1134
l 1131 1135
l 1132 1136
l 1133 1137
l 1134 1138
l 1136 1140
l 1137 1141
l 1138 1142
l 1139 1143
l 1140 1144
l 1141 1145
l 1142 1146
l 1143 1147
l 1144 1148
l 1145 1149
l 1146 1150
l 1147 1151
l 1148 1152
l 1149 1153
l 1150 1154
l 1151 1155
l 1152 1156
l 1153 1157
l 1154 1158
l 1155 1159
l 1156 1160
l 1157 1161
l 1158 1164
l 1159 1162
l 1160 1163
l 1161 1167
l 1162 1165
l 1163 1166
l 1164 1168
l 1165 1169
l 1166 1170
l 1167 1171
l 1168 1172
l 1169 1173
l 1170 1174
l 1171 1175
l 1172 1176
l 1173 1177
l 1174 1178
l 1175 1179
l 1176 1180
l 1177 1181
l 1178 1182
l 1179 1183
l 1180 1184
l 1181 1185
l 1182 1186
l 1184 1188
l 1185 1189
l 1186 1190
l 1187 1191
l 1188 1192
l 1189 1193
l 1190 1194
l 1191 1195
l 1192 1196
l 1193 1197
l 1194 1198
l 1195 1199
l 1196 1200
l 1197 1201
l 1198 1202
l 1199 1203
l 1200 1204
l 1201 1205
l 1202 1206
l 1203 1207
l 1204 1208
l 1205 1209
l 1206 1210
l 1207 1213
l 1208 1214
l 1209 1211
l 1210 1212
l 1211 1215
l 1212 1216
l 1213 1218
l 1214 1219
l 1215 1217
l 1216 1217
l 1218 1220
l 1219 1221
l 1220 1222
l 1221 1222
l 1223 1278
l 1224 1225
l 1226 1228
l 1227 1229
l 1228 1230
l 1229 1231
l 1230 1232
l 1233 1235
l 1234 1236
l 1236 1238
l 1237 1239
l 1238 1240
l 1239 1241
l 1240 1242
l 1242 1244
l 1243 1245
l 1244 1246
l 1245 1247
l 1246 1248
l 1247 1249
l 1248 1250
l 1251 1253
l 1252 1254
l 1254 1256
l 1255 1257
l 1256 1258
l 1257 1259
l 1258 1260
l 1259 1261
l 1260 1262
l 1261 1263
l 1262 1264
l 1263 1265
l 1264 1285
l 1265 1283
l 1266 1268
l 1267 1269
l 1270 1272
l 1271 1273
l 1272 1274
l 1273 1275
l 1274 1276
l 1278 1298
l 1278 1314
l 1279 1280
l 1281 1282
l 1283 1284
l 1285 1287
l 1286 1288
l 1289 1290
l 1291 1300
l 1291 1301
l 1292 1295
l 1293 1315
l 1294 1315
l 1297 1302
l 1298 1315
l 1299 1306
l 1300 1307
l 1301 1308
l 1303 1305
l 1304 1312
l 1307 1894
l 1308 1895
l 1309 1310
l 1309 1316
l 1310 1311
l 1312 1313
l 1314 2354
l 1316 1893
l 1773 1774
l 1773 1775
l 1774 1776
l 1775 1777
l 1776 1781
l 1777 1782
l 1778 1779
l 1778 1780
l 1779 1783
l 1780 1784
l 1781 1785
l 1782 1786
l 1783 1787
l 1784 1788
l 1785 1791
l 1786 1792
l 1787 1789
l 1788 1790
l 1789 1793
l 1790 1794
l 1791 1795
l 1792 1796
l 1793 1797
l 1794 1798
l 1795 1799
l 1796 1800
l 1797 1801
l 1798 1802
l 1799 1803
l 1800 1804
l 1801 1805
l 1802 1806
l 1803 1807
l 1804 1808
l 1805 1809
l 1806 1810
l 1807 1811
l 1808 1812
l 1809 1813
l 1810 1814
l 1811 1815
l 1812 1816
l 1813 1817
l 1814 1818
l 1815 1819
l 1816 1820
l 1817 1821
l 1818 1822
l 1819 1823
l 1820 1824
l 1821 1825
l 1822 1826
l 1823 1827
l 1824 1828
l 1825 1829
l 1826 1830
l 1827 1831
l 1828 1834
l 1829 1832
l 1830 1833
l 1831 1837
l 1832 1835
l 1833 1836
l 1834 1838
l 1835 1839
l 1836 1840
l 1837 1841
l 1838 1842
l 1839 1843
l 1840 1844
l 1841 1845
l 1842 1846
l 1843 1847
l 1844 1848
l 1845 1849
l 1846 1850
l 1847 1851
l 1848 1852
l 1849 1853
l 1850 1854
l 1851 1855
l 1852 1856
l 1853 1857
l 1854 1858
l 1855 1859
l 1856 1860
l 1857 1861
l 1858 1862
l 1859 1863
l 1860 1864
l 1861 1865
l 1862 1866
l 1863 1867
l 1864 1868
l 1865 1869
l 1866 1870
l 1867 1871
l 1868 1872
l 1869 1873
l 1870 1874
l 1871 1875
l 1872 1876
l 1873 1877
l 1874 1880
l 1875 1878
l 1876 1879
l 1877 1883
l 1878 1881
l 1879 1882
l 1880 1884
l 1881 1885
l 1882 1886
l 1883 1888
l 1884 1889
l 1885 1887
l 1886 1887
l 1888 1890
l 1889 1891
l 1890 1892
l 1891 1892
l 1893 3438
l 1894 2356
l 1895 2357
l 1896 2377
l 1897 2374
l 1898 2375
l 1899 2376
l 1900 2380
l 1901 2381
l 1902 2378
l 1903 2379
l 1904 2382
l 1905 2383
l 1906 2385
l 1907 2388
l 1908 2384
l 1909 2386
l 1910 2389
l 1911 2387
l 1912 2390
l 1913 2391
l 1914 2392
l 1915 2394
l 1916 2395
l 1917 2393
l 1918 2396
l 1919 2397
l 1920 2400
l 1921 2398
l 1922 2399
l 1923 2403
l 1924 2401
l 1925 2402
l 1926 2404
l 1927 2407
l 1928 2406
l 1929 2405
l 1930 2409
l 1931 2408
l 1932 2412
l 1933 2410
l 1934 2411
l 1935 2413
l 1936 2418
l 1937 2414
l 1944 2421
l 1945 2426
l 1947 2427
l 1948 2428
l 1950 2424
l 1951 2429
l 1954 2437
l 1955 2432
l 1957 2433
l 1958 2435
l 1959 2439
l 1960 2436
l 1964 2440
l 1965 2444
l 1966 2446
l 1967 2447
l 1968 2442
l 1969 2448
l 1972 2454
l 1973 2450
l 1974 2451
l 1976 2452
l 1977 2453
l 1978 2456
l 1981 2458
l 1982 2462
l 1983 2463
l 1985 2464
l 1986 2461
l 1987 2465
l 1989 2471
l 1991 2466
l 1992 2469
l 1993 2468
l 1994 2468
l 1994 2470
l 1995 2474
l 1998 2476
l 1999 2478
l 2000 2479
l 2001 2480
l 2002 2481
l 2003 2477
l 2006 2489
l 2007 2484
l 2008 2485
l 2009 2486
l 2010 2487
l 2012 2491
l 2014 2492
l 2015 2494
l 2016 2497
l 2017 2495
l 2019 2498
l 2020 2493
l 2022 2506
l 2024 2501
l 2025 2502
l 2026 2503
l 2027 2504
l 2028 2507
l 2031 2508
l 2032 2511
l 2033 2513
l 2034 2512
l 2035 2515
l 2037 2509
l 2039 2522
l 2040 2517
l 2042 2519
l 2043 2520
l 2044 2521
l 2045 2523
l 2047 2524
l 2049 2528
l 2050 2529
l 2051 2530
l 2052 2531
l 2053 2526
l 2056 2538
l 2057 2534
l 2058 2535
l 2059 2536
l 2060 2537
l 2061 2539
l 2064 2541
l 2065 2544
l 2066 2545
l 2067 2547
l 2068 2548
l 2069 2543
l 2072 2554
l 2073 2550
l 2074 2551
l 2075 2552
l 2076 2553
l 2077 2555
l 2080 2557
l 2081 2561
l 2082 2562
l 2083 2563
l 2084 2564
l 2085 2559
l 2088 2570
l 2089 2567
l 2090 2566
l 2091 2569
l 2092 2568
l 2094 2572
l 2096 2574
l 2097 2577
l 2098 2578
l 2099 2580
l 2100 2581
l 2102 2576
l 2104 2586
l 2105 2583
l 2106 2582
l 2107 2585
l 2109 2584
l 2110 2588
l 2112 2590
l 2114 2594
l 2115 2595
l 2116 2596
l 2117 2597
l 2118 2592
l 2120 2602
l 2122 2598
l 2123 2599
l 2124 2600
l 2125 2601
l 2126 2605
l 2129 2607
l 2130 2610
l 2131 2611
l 2132 2612
l 2133 2613
l 2135 2609
l 2137 2619
l 2139 2615
l 2140 2616
l 2141 2621
l 2142 2617
l 2143 2618
l 2145 2627
l 2146 2626
l 2147 2623
l 2148 2629
l 2149 2628
l 2151 2625
l 2153 2635
l 2155 2631
l 2156 2632
l 2157 2633
l 2158 2637
l 2159 2634
l 2162 2643
l 2163 2642
l 2164 2640
l 2165 2645
l 2166 2644
l 2167 2641
l 2170 2652
l 2171 2647
l 2172 2648
l 2173 2649
l 2174 2651
l 2175 2654
l 2178 2656
l 2179 2659
l 2180 2658
l 2181 2660
l 2182 2661
l 2183 2657
l 2186 2668
l 2187 2664
l 2188 2665
l 2189 2666
l 2190 2667
l 2191 2670
l 2194 2672
l 2195 2674
l 2196 2675
l 2197 2676
l 2197 2677
l 2198 2677
l 2200 2673
l 2202 2685
l 2203 2680
l 2204 2681
l 2206 2682
l 2207 2684
l 2208 2687
l 2210 2688
l 2211 2690
l 2213 2692
l 2214 2693
l 2215 2694
l 2216 2689
l 2219 2702
l 2220 2697
l 2221 2698
l 2222 2699
l 2223 2700
l 2225 2703
l 2227 2704
l 2228 2707
l 2228 2709
l 2229 2709
l 2231 2710
l 2232 2711
l 2233 2706
l 2235 2718
l 2237 2714
l 2238 2715
l 2239 2716
l 2240 2717
l 2241 2719
l 2244 2721
l 2245 2724
l 2246 2726
l 2247 2725
l 2248 2728
l 2249 2723
l 2252 2734
l 2253 2730
l 2253 2732
l 2254 2731
l 2255 2732
l 2256 2733
l 2258 2736
l 2260 2741
l 2261 2738
l 2262 2743
l 2264 2744
l 2265 2745
l 2267 2740
l 2269 2751
l 2270 2746
l 2272 2747
l 2273 2748
l 2274 2750
l 2275 2753
l 2278 2757
l 2279 2756
l 2280 2759
l 2281 2760
l 2282 2761
l 2284 2758
l 2286 2770
l 2288 2765
l 2289 2766
l 2291 2767
l 2292 2769
l 2293 2771
l 2296 2776
l 2297 2779
l 2299 2774
l 2300 2780
l 2302 2781
l 2303 2778
l 2310 2786
l 2311 2792
l 2312 2787
l 2313 2790
l 2314 2791
l 2315 2793
l 2316 2795
l 2317 2796
l 2318 2794
l 2319 2798
l 2320 2799
l 2321 2797
l 2322 2801
l 2323 2804
l 2324 2800
l 2325 2802
l 2326 2803
l 2327 2805
l 2328 2807
l 2329 2808
l 2330 2806
l 2331 2810
l 2332 2811
l 2333 2809
l 2334 2812
l 2335 2813
l 2336 2816
l 2337 2814
l 2338 2815
l 2339 2817
l 2340 2818
l 2341 2819
l 2342 2824
l 2343 2825
l 2344 2821
l 2345 2822
l 2346 2820
l 2347 2823
l 2348 2826
l 2349 2827
l 2350 2828
l 2351 2829
l 2352 2902
l 2352 3443
l 2352 3444
l 2352 4645
l 2353 3445
l 2355 2840
l 2358 2360
l 2359 2361
l 2361 2839
l 2362 2363
l 2363 2366
l 2364 2365
l 2367 2369
l 2368 2370
l 2371 4518
l 2372 4533
l 2373 2900
l 2830 2896
l 2831 2832
l 2833 4564
l 2833 4565
l 2833 5604
l 2834 4566
l 2835 2836
l 2835 2842
l 2836 2837
l 2837 2838
l 2838 2841
l 2839 3368
l 2840 3374
l 2842 2848
l 2843 2845
l 2844 2846
l 2844 2847
l 2848 4602
l 2849 2851
l 2850 2852
l 2853 3413
l 2854 3412
l 2855 3414
l 2856 3415
l 2857 3416
l 2858 3417
l 2859 3418
l 2860 3419
l 2861 3408
l 2862 2873
l 2863 2874
l 2864 3420
l 2865 2867
l 2865 2869
l 2865 3421
l 2866 2868
l 2866 2870
l 2866 2875
l 2866 3422
l 2867 2871
l 2868 2872
l 2875 2876
l 2877 2879
l 2877 2887
l 2877 3423
l 2878 2880
l 2878 2888
l 2879 2881
l 2880 2882
l 2883 3409
l 2883 3410
l 2883 3439
l 2884 3428
l 2885 3440
l 2886 2889
l 2890 2891
l 2892 3426
l 2893 3427
l 2894 3429
l 2894 3441
l 2895 3430
l 2895 3442
l 2896 3431
l 2897 3434
l 2898 3433
l 2899 3437
l 2901 2903
l 2902 5911
l 2904 3449
l 2905 3450
l 2906 3451
l 2907 3448
l 2908 3454
l 2909 3455
l 2910 3452
l 2911 3453
l 2912 3456
l 2913 3457
l 2914 3460
l 2915 3458
l 2916 3461
l 2917 3463
l 2918 3459
l 2919 3462
l 2920 3464
l 2921 3465
l 2922 3466
l 2923 3469
l 2924 3467
l 2925 3468
l 2926 3470
l 2927 3471
l 2928 3473
l 2929 3474
l 2930 3472
l 2931 3476
l 2932 3477
l 2933 3475
l 2934 3478
l 2935 3481
l 2936 3480
l 2937 3479
l 2938 3483
l 2939 3482
l 2940 3485
l 2941 3486
l 2942 3484
l 2943 3487
l 2944 3489
l 2948 3488
l 2951 3496
l 2954 3502
l 2956 3497
l 2957 3499
l 2958 3500
l 2959 3503
l 2962 3507
l 2963 3509
l 2965 3510
l 2966 3512
l 2967 3506
l 2969 3511
l 2970 3516
l 2972 3520
l 2974 3517
l 2976 3518
l 2977 3519
l 2978 3521
l 2980 3525
l 2981 3526
l 2982 3528
l 2983 3529
l 2984 3524
l 2986 3530
l 2988 3533
l 2991 3538
l 2992 3534
l 2993 3535
l 2994 3537
l 2995 3539
l 2996 3543
l 2998 3545
l 2998 3546
l 2999 3544
l 3000 3546
l 3001 3541
l 3004 3547
l 3006 3550
l 3007 3555
l 3008 3551
l 3009 3552
l 3010 3553
l 3011 3554
l 3014 3559
l 3015 3560
l 3016 3561
l 3017 3562
l 3019 3558
l 3021 3564
l 3022 3566
l 3023 3572
l 3024 3567
l 3025 3569
l 3027 3568
l 3028 3571
l 3031 3576
l 3032 3577
l 3033 3578
l 3034 3579
l 3036 3574
l 3037 3580
l 3038 3583
l 3039 3589
l 3041 3584
l 3042 3586
l 3043 3585
l 3045 3587
l 3047 3592
l 3049 3594
l 3050 3595
l 3051 3596
l 3052 3591
l 3053 3597
l 3054 3599
l 3056 3605
l 3058 3601
l 3059 3602
l 3060 3603
l 3061 3604
l 3064 3609
l 3065 3610
l 3066 3611
l 3067 3612
l 3068 3608
l 3069 3613
l 3071 3616
l 3073 3621
l 3074 3617
l 3075 3618
l 3077 3619
l 3078 3620
l 3080 3625
l 3081 3626
l 3082 3627
l 3083 3628
l 3084 3624
l 3085 3629
l 3087 3632
l 3089 3637
l 3091 3633
l 3092 3634
l 3093 3635
l 3094 3636
l 3096 3642
l 3097 3641
l 3098 3644
l 3099 3643
l 3100 3640
l 3102 3646
l 3104 3648
l 3106 3447
l 3107 3654
l 3108 3649
l 3109 3650
l 3111 3651
l 3112 3652
l 3113 3658
l 3114 3657
l 3115 3661
l 3116 3659
l 3117 3656
l 3119 3662
l 3121 3664
l 3123 3670
l 3125 3666
l 3126 3667
l 3127 3668
l 3128 3669
l 3129 3674
l 3130 3675
l 3131 3676
l 3132 3677
l 3133 3672
l 3136 3678
l 3138 3681
l 3140 3687
l 3141 3682
l 3142 3683
l 3143 3684
l 3144 3685
l 3146 3691
l 3147 3692
l 3148 3694
l 3149 3695
l 3150 3689
l 3152 3693
l 3154 3699
l 3156 3703
l 3157 3698
l 3158 3697
l 3159 3701
l 3160 3700
l 3162 3707
l 3163 3708
l 3164 3709
l 3165 3711
l 3166 3705
l 3168 3710
l 3171 3716
l 3172 3719
l 3173 3715
l 3174 3714
l 3175 3718
l 3176 3717
l 3178 3723
l 3179 3724
l 3180 3725
l 3182 3726
l 3183 3722
l 3185 3727
l 3187 3730
l 3188 3735
l 3189 3732
l 3190 3731
l 3191 3733
l 3192 3734
l 3195 3739
l 3196 3740
l 3197 3741
l 3198 3742
l 3199 3738
l 3201 3743
l 3203 3746
l 3204 3752
l 3205 3747
l 3206 3748
l 3207 3749
l 3208 3749
l 3208 3750
l 3211 3755
l 3212 3756
l 3213 3758
l 3215 3759
l 3216 3754
l 3218 3760
l 3219 3762
l 3220 3768
l 3221 3763
l 3223 3765
l 3224 3766
l 3225 3767
l 3228 3772
l 3229 3773
l 3230 3774
l 3231 3775
l 3233 3771
l 3234 3777
l 3235 3779
l 3237 3785
l 3238 3780
l 3240 3780
l 3240 3781
l 3241 3783
l 3242 3784
l 3245 3789
l 3246 3790
l 3247 3791
l 3248 3792
l 3249 3787
l 3250 3793
l 3252 3796
l 3254 3801
l 3255 3797
l 3256 3799
l 3257 3798
l 3259 3800
l 3261 3805
l 3262 3806
l 3263 3805
l 3263 3807
l 3264 3808
l 3265 3804
l 3267 3810
l 3269 3813
l 3271 3819
l 3272 3812
l 3274 3814
l 3275 3816
l 3276 3817
l 3277 3822
l 3278 3824
l 3279 3825
l 3281 3826
l 3282 3821
l 3284 3827
l 3287 3831
l 3288 3830
l 3289 3836
l 3290 3832
l 3291 3833
l 3292 3834
l 3296 3840
l 3297 3841
l 3298 3843
l 3300 3844
l 3301 3838
l 3302 3845
l 3305 3851
l 3307 3848
l 3309 3855
l 3310 3849
l 3311 3852
l 3312 3854
l 3317 3862
l 3318 3864
l 3321 3865
l 3322 3866
l 3323 3863
l 3324 3867
l 3325 3870
l 3326 3868
l 3327 3869
l 3328 3873
l 3329 3871
l 3330 3872
l 3331 3876
l 3332 3874
l 3333 3877
l 3334 3878
l 3335 3875
l 3336 3879
l 3337 3882
l 3338 3880
l 3339 3881
l 3340 3885
l 3341 3883
l 3342 3884
l 3343 3886
l 3344 3887
l 3345 3889
l 3346 3890
l 3347 3888
l 3348 3891
l 3349 3892
l 3350 3893
l 3351 3898
l 3352 3896
l 3353 3897
l 3354 3899
l 3355 3894
l 3356 3895
l 3357 3900
l 3358 3901
l 3359 3902
l 3360 3903
l 3361 3907
l 3361 3908
l 3361 4551
l 3362 3909
l 3363 3910
l 3363 4553
l 3364 4567
l 3365 4554
l 3366 4541
l 3367 4542
l 3368 5475
l 3369 4527
l 3370 4534
l 3371 4519
l 3372 4520
l 3372 4521
l 3373 4547
l 3374 5480
l 3375 4550
l 3408 4576
l 3409 4538
l 3410 4539
l 3411 4567
l 3412 4590
l 3413 4599
l 3414 4595
l 3415 4596
l 3416 4591
l 3417 4597
l 3418 4598
l 3419 4592
l 3420 4577
l 3421 4584
l 3422 4585
l 3423 4556
l 3424 4541
l 3425 4542
l 3426 4541
l 3427 4542
l 3428 4554
l 3429 4548
l 3430 4549
l 3432 5909
l 3435 5453
l 3436 5458
l 3438 5912
l 3443 5910
l 3444 5911
l 3445 5911
l 3446 5472
l 3904 5409
l 3904 5605
l 3905 5606
l 3906 5478
l 3907 5474
l 3908 5453
l 3910 5458
l 3911 3912
l 3911 3913
l 3912 3914
l 3913 3915
l 3914 3919
l 3915 3920
l 3916 3917
l 3916 3918
l 3917 3921
l 3918 3922
l 3919 3923
l 3920 3924
l 3921 3925
l 3922 3926
l 3923 3929
l 3924 3930
l 3925 3927
l 3926 3928
l 3927 3931
l 3928 3932
l 3929 3933
l 3930 3934
l 3931 3935
l 3932 3936
l 3933 3937
l 3934 3938
l 3935 3939
l 3936 3940
l 3937 3941
l 3938 3942
l 3939 3943
l 3940 3944
l 3941 3945
l 3942 3946
l 3943 3947
l 3944 3948
l 3945 3949
l 3946 3950
l 3947 3951
l 3948 3952
l 3949 3953
l 3950 3954
l 3951 3955
l 3952 3956
l 3953 3957
l 3954 3958
l 3955 3959
l 3956 3960
l 3957 3961
l 3958 3962
l 3959 3963
l 3960 3964
l 3961 3975
l 3962 3976
l 3963 3977
l 3964 3978
l 3965 6167
l 3970 5482
l 3975 3985
l 3976 3988
l 3977 3986
l 3978 3987
l 3979 6176
l 3984 6181
l 3985 3997
l 3986 3995
l 3987 3996
l 3988 3998
l 3989 6182
l 3994 6187
l 3995 4007
l 3996 4008
l 3997 4009
l 3998 4010
l 4007 4011
l 4008 4012
l 4009 4013
l 4010 4014
l 4011 4015
l 4012 4016
l 4013 4017
l 4014 4018
l 4015 4019
l 4016 4020
l 4017 4021
l 4018 4022
l 4019 4023
l 4020 4024
l 4021 4025
l 4022 4026
l 4023 4027
l 4024 4028
l 4025 4029
l 4026 4030
l 4027 4031
l 4028 4032
l 4029 4033
l 4030 4034
l 4031 4035
l 4032 4036
l 4033 4037
l 4034 4038
l 4035 4039
l 4036 4040
l 4037 4041
l 4038 4042
l 4039 4043
l 4040 4044
l 4041 4045
l 4042 4048
l 4043 4046
l 4044 4047
l 4045 4051
l 4046 4049
l 4047 4050
l 4048 4052
l 4049 4053
l 4050 4054
l 4051 4056
l 4052 4057
l 4053 4055
l 4054 4055
l 4056 4058
l 4057 4059
l 4058 4060
l 4059 4060
l 4061 4887
l 4062 4888
l 4062 5230
l 4063 4889
l 4064 4890
l 4065 4891
l 4066 4892
l 4067 4893
l 4068 4894
l 4068 5231
l 4069 5267
l 4070 5268
l 4071 4895
l 4072 4896
l 4072 5232
l 4073 5269
l 4074 4897
l 4075 5270
l 4076 5271
l 4077 5272
l 4078 4898
l 4079 4899
l 4080 4900
l 4081 4901
l 4082 4902
l 4083 4903
l 4084 4904
l 4085 5273
l 4086 5274
l 4087 5275
l 4088 5276
l 4089 4905
l 4090 4906
l 4091 4907
l 4092 4908
l 4093 4909
l 4093 5233
l 4094 4910
l 4095 5277
l 4096 5278
l 4097 4911
l 4098 4912
l 4099 5279
l 4099 5280
l 4100 5281
l 4105 4917
l 4106 4918
l 4107 4919
l 4112 4924
l 4113 4925
l 4113 5234
l 4114 4926
l 4115 5283
l 4117 5282
l 4117 5284
l 4118 4928
l 4120 4930
l 4120 5235
l 4122 5285
l 4122 5286
l 4124 5287
l 4125 4933
l 4126 4934
l 4127 4935
l 4129 4937
l 4133 4941
l 4134 4942
l 4135 5288
l 4136 5289
l 4136 5290
l 4137 4943
l 4138 4944
l 4138 5236
l 4139 5291
l 4139 5292
l 4140 5293
l 4141 4945
l 4145 4949
l 4146 4950
l 4148 4952
l 4149 4953
l 4149 5237
l 4150 4954
l 4151 5295
l 4152 5294
l 4152 5296
l 4153 4955
l 4154 5297
l 4155 4956
l 4155 5238
l 4156 5298
l 4160 4960
l 4162 4962
l 4163 4963
l 4164 4964
l 4165 4965
l 4166 4966
l 4167 5299
l 4170 4968
l 4171 5301
l 4172 4969
l 4173 5302
l 4177 4973
l 4178 4974
l 4179 4975
l 4180 4976
l 4182 4978
l 4183 5303
l 4184 4979
l 4185 5304
l 4185 5305
l 4188 4982
l 4189 5306
l 4190 4983
l 4190 5239
l 4191 5307
l 4193 4985
l 4194 4986
l 4195 4987
l 4196 4988
l 4199 4991
l 4199 5240
l 4200 5308
l 4202 4993
l 4203 5309
l 4203 5310
l 4205 4995
l 4206 5311
l 4206 5312
l 4207 4996
l 4207 5241
l 4208 5313
l 4209 4997
l 4210 4998
l 4211 4999
l 4212 5000
l 4216 5004
l 4216 5242
l 4217 5314
l 4219 5006
l 4220 5315
l 4220 5316
l 4221 5007
l 4222 5317
l 4222 5318
l 4223 5008
l 4224 5319
l 4225 5009
l 4226 5010
l 4227 5011
l 4229 5013
l 4233 5017
l 4233 5243
l 4234 5320
l 4235 5018
l 4236 5321
l 4237 5019
l 4238 5322
l 4238 5323
l 4239 5020
l 4239 5244
l 4240 5324
l 4241 5021
l 4242 5022
l 4243 5023
l 4245 5025
l 4249 5029
l 4249 5245
l 4250 5325
l 4251 5030
l 4252 5326
l 4253 5031
l 4254 5327
l 4254 5328
l 4255 5329
l 4256 5032
l 4257 5033
l 4258 5034
l 4260 5036
l 4263 5039
l 4265 5041
l 4266 5330
l 4267 5042
l 4268 5331
l 4269 5043
l 4270 5332
l 4270 5333
l 4271 5334
l 4272 5044
l 4273 5045
l 4275 5047
l 4276 5048
l 4279 5051
l 4281 5053
l 4281 5246
l 4282 5335
l 4283 5054
l 4284 5336
l 4285 5337
l 4286 5055
l 4287 5338
l 4288 5056
l 4288 5247
l 4289 5057
l 4292 5060
l 4294 5062
l 4296 5064
l 4297 5065
l 4297 5248
l 4298 5339
l 4299 5340
l 4300 5066
l 4301 5341
l 4302 5067
l 4303 5342
l 4304 5068
l 4304 5249
l 4306 5070
l 4309 5073
l 4310 5074
l 4312 5076
l 4313 5077
l 4313 5250
l 4314 5343
l 4315 5078
l 4316 5344
l 4317 5345
l 4318 5079
l 4319 5346
l 4320 5080
l 4320 5251
l 4322 5082
l 4325 5085
l 4327 5087
l 4328 5088
l 4329 5089
l 4330 5347
l 4331 5348
l 4331 5349
l 4332 5090
l 4333 5350
l 4334 5091
l 4335 5351
l 4336 5092
l 4336 5252
l 4339 5095
l 4342 5098
l 4343 5099
l 4344 5100
l 4345 5352
l 4346 5101
l 4346 5253
l 4347 5353
l 4347 5354
l 4348 5102
l 4349 5355
l 4349 5356
l 4350 5103
l 4351 5357
l 4352 5104
l 4352 5254
l 4357 5109
l 4358 5110
l 4359 5111
l 4360 5112
l 4361 5358
l 4362 5113
l 4362 5255
l 4363 5359
l 4363 5360
l 4364 5114
l 4365 5361
l 4365 5362
l 4367 5116
l 4368 5363
l 4369 5117
l 4373 5121
l 4374 5122
l 4375 5123
l 4376 5124
l 4377 5364
l 4378 5125
l 4380 5365
l 4380 5366
l 4381 5127
l 4383 5256
l 4383 5367
l 4383 5368
l 4384 5129
l 4385 5369
l 4387 5131
l 4389 5133
l 4390 5134
l 4391 5135
l 4392 5136
l 4394 5370
l 4396 5139
l 4396 5257
l 4397 5371
l 4399 5141
l 4400 5372
l 4400 5373
l 4401 5142
l 4403 5374
l 4404 5144
l 4404 5258
l 4405 5145
l 4406 5146
l 4407 5147
l 4408 5148
l 4412 5375
l 4414 5153
l 4414 5259
l 4415 5376
l 4416 5377
l 4417 5154
l 4418 5378
l 4419 5155
l 4420 5156
l 4420 5260
l 4421 5157
l 4422 5159
l 4423 5160
l 4426 5163
l 4429 5379
l 4430 5166
l 4430 5261
l 4431 5380
l 4431 5381
l 4432 5382
l 4432 5384
l 4433 5167
l 4434 5383
l 4435 5168
l 4436 5169
l 4438 5171
l 4441 5174
l 4443 5176
l 4444 5177
l 4445 5385
l 4446 5386
l 4446 5387
l 4447 5178
l 4447 5262
l 4448 5388
l 4448 5390
l 4449 5179
l 4450 5389
l 4451 5180
l 4453 5182
l 4453 5263
l 4457 5186
l 4458 5187
l 4459 5188
l 4460 5189
l 4465 5391
l 4466 5392
l 4466 5393
l 4467 5194
l 4468 5394
l 4469 5395
l 4470 5195
l 4471 5196
l 4471 5264
l 4472 5197
l 4479 5204
l 4480 5205
l 4481 5206
l 4482 5207
l 4483 5396
l 4484 5397
l 4485 5398
l 4486 5399
l 4486 5400
l 4487 5208
l 4488 5209
l 4489 5210
l 4490 5211
l 4490 5265
l 4491 5212
l 4492 5213
l 4493 5214
l 4494 5215
l 4495 5401
l 4496 5402
l 4497 5403
l 4498 5404
l 4499 5216
l 4500 5217
l 4501 5218
l 4502 5219
l 4503 5220
l 4504 5221
l 4505 5405
l 4506 5406
l 4507 5407
l 4508 5408
l 4509 5222
l 4510 5223
l 4511 5224
l 4511 5266
l 4512 5225
l 4513 5226
l 4514 5227
l 4515 5228
l 4516 5229
l 4517 5477
l 4518 5903
l 4519 5472
l 4520 5472
l 4521 5473
l 4522 4528
l 4523 4529
l 4524 4530
l 4525 4531
l 4526 4532
l 4533 5907
l 4535 4536
l 4537 4540
l 4543 5847
l 4543 5848
l 4543 5891
l 4544 5849
l 4545 5850
l 4546 5851
l 4547 5852
l 4550 5853
l 4550 5892
l 4552 4556
l 4555 4570
l 4556 4562
l 4557 4563
l 4558 4571
l 4559 4572
l 4559 4573
l 4560 4574
l 4561 4575
l 4562 4574
l 4563 4575
l 4564 5908
l 4565 5909
l 4566 5909
l 4568 4578
l 4569 4579
l 4580 4588
l 4581 4589
l 4582 5858
l 4583 5859
l 4583 5860
l 4584 4586
l 4585 4587
l 4586 4593
l 4587 4594
l 4600 5863
l 4601 5864
l 4602 5916
l 4603 5865
l 4604 5889
l 4605 5890
l 4606 4607
l 4606 4608
l 4608 4610
l 4609 4611
l 4610 4612
l 4611 4613
l 4612 4614
l 4613 4615
l 4614 4616
l 4616 4618
l 4617 4619
l 4618 4620
l 4619 4621
l 4620 4622
l 4621 4623
l 4622 4624
l 4623 4625
l 4624 4626
l 4625 4627
l 4626 4628
l 4627 4629
l 4628 4630
l 4629 4631
l 4630 4632
l 4631 4633
l 4634 4636
l 4635 4637
l 4637 4639
l 4638 4640
l 4639 4641
l 4640 4642
l 4641 4643
l 4642 4644
l 4643 4646
l 4644 4647
l 4646 4648
l 4647 4649
l 4648 4650
l 4649 4651
l 4650 4652
l 4652 4654
l 4653 4655
l 4654 4656
l 4655 4657
l 4657 4659
l 4658 4660
l 4659 4661
l 4660 4662
l 4661 4663
l 4662 4664
l 4663 4664
l 4665 5867
l 4666 5869
l 4667 4668
l 4667 4669
l 4668 4670
l 4669 4671
l 4670 4675
l 4671 4678
l 4672 4673
l 4672 4674
l 4673 4676
l 4674 4677
l 4675 4681
l 4676 4679
l 4677 4680
l 4678 4682
l 4679 4683
l 4680 4684
l 4681 4685
l 4682 4686
l 4683 4687
l 4684 4688
l 4685 4689
l 4686 4690
l 4687 4691
l 4688 4692
l 4689 4693
l 4690 4694
l 4691 4695
l 4692 4696
l 4693 4697
l 4694 4698
l 4695 4699
l 4696 4700
l 4697 4701
l 4698 4702
l 4700 4704
l 4701 4705
l 4702 4706
l 4703 4707
l 4704 4708
l 4705 4709
l 4706 4710
l 4707 4711
l 4708 4712
l 4709 4713
l 4710 4714
l 4711 4715
l 4712 4716
l 4713 4717
l 4714 4718
l 4715 4719
l 4716 4720
l 4717 4721
l 4718 4722
l 4719 4723
l 4720 4724
l 4721 4725
l 4722 4728
l 4723 4726
l 4724 4727
l 4725 4731
l 4726 4729
l 4727 4730
l 4728 4732
l 4729 4733
l 4730 4734
l 4731 4735
l 4732 4736
l 4733 4737
l 4734 4738
l 4735 4739
l 4736 4740
l 4737 4741
l 4738 4742
l 4739 4743
l 4740 4744
l 4741 4745
l 4742 4746
l 4743 4747
l 4744 4748
l 4745 4749
l 4746 4750
l 4748 4752
l 4749 4753
l 4750 4754
l 4751 4755
l 4752 4756
l 4753 4757
l 4754 4758
l 4755 4759
l 4756 4760
l 4757 4761
l 4758 4762
l 4759 4763
l 4760 4764
l 4761 4765
l 4762 4766
l 4763 4767
l 4764 4768
l 4765 4769
l 4766 4770
l 4767 4771
l 4768 4772
l 4769 4773
l 4770 4774
l 4771 4777
l 4772 4778
l 4773 4775
l 4774 4776
l 4775 4779
l 4776 4780
l 4777 4782
l 4778 4783
l 4779 4781
l 4780 4781
l 4782 4784
l 4783 4785
l 4784 4786
l 4785 4786
l 4827 4828
l 4827 4829
l 4828 4830
l 4829 4831
l 4830 4832
l 4831 4833
l 4832 4834
l 4833 4835
l 4834 4836
l 4835 4837
l 4836 4838
l 4837 4839
l 4838 4840
l 4839 4841
l 4840 4842
l 4841 4843
l 4842 4844
l 4843 4845
l 4844 4846
l 4845 4847
l 4846 4848
l 4847 4849
l 4848 4850
l 4849 4851
l 4850 4852
l 4851 4853
l 4852 4854
l 4853 4855
l 4854 4856
l 4855 4857
l 4856 4858
l 4857 4859
l 4858 4860
l 4859 4861
l 4860 4862
l 4861 4863
l 4862 4864
l 4863 4865
l 4864 4866
l 4865 4867
l 4866 4868
l 4867 4869
l 4868 4870
l 4869 4871
l 4870 4872
l 4871 4873
l 4872 4874
l 4873 4875
l 4874 4876
l 4875 4877
l 4876 4878
l 4877 4879
l 4878 4880
l 4879 4881
l 4880 4882
l 4881 4883
l 4882 4884
l 4883 4885
l 4884 4886
l 4885 4886
l 5158 5866
l 5410 5411
l 5410 5412
l 5411 5413
l 5412 5414
l 5413 5415
l 5414 5416
l 5415 5417
l 5416 5418
l 5417 5419
l 5418 5420
l 5419 5421
l 5420 5422
l 5421 5423
l 5422 5424
l 5423 5425
l 5424 5426
l 5425 5427
l 5426 5428
l 5427 5429
l 5428 5430
l 5429 5431
l 5430 5432
l 5431 5433
l 5432 5434
l 5433 5435
l 5434 5436
l 5435 5437
l 5436 5438
l 5437 5439
l 5438 5440
l 5439 5441
l 5440 5442
l 5441 5443
l 5442 5444
l 5443 5445
l 5444 5446
l 5445 5447
l 5446 5448
l 5447 5449
l 5448 5450
l 5449 5451
l 5450 5452
l 5451 5454
l 5452 5455
l 5453 5880
l 5454 5456
l 5455 5457
l 5456 5459
l 5457 5460
l 5458 5881
l 5459 5461
l 5460 5462
l 5461 5463
l 5462 5464
l 5463 5465
l 5464 5466
l 5465 5467
l 5466 5468
l 5467 5469
l 5468 5470
l 5469 5471
l 5470 5471
l 5472 5877
l 5473 5878
l 5475 5915
l 5476 5882
l 5476 5883
l 5476 5893
l 5477 5889
l 5478 5884
l 5479 5886
l 5480 5917
l 5481 5887
l 5481 5888
l 5481 5894
l 5483 5484
l 5483 5485
l 5484 5486
l 5485 5487
l 5486 5488
l 5487 5489
l 5488 5490
l 5489 5491
l 5490 5492
l 5491 5493
l 5492 5494
l 5493 5495
l 5494 5496
l 5495 5497
l 5496 5498
l 5497 5499
l 5498 5500
l 5499 5501
l 5500 5502
l 5501 5503
l 5502 5504
l 5503 5505
l 5504 5506
l 5505 5507
l 5506 5508
l 5507 5509
l 5508 5510
l 5509 5511
l 5510 5512
l 5511 5513
l 5512 5514
l 5513 5515
l 5514 5516
l 5515 5517
l 5516 5518
l 5517 5519
l 5518 5520
l 5519 5521
l 5520 5522
l 5521 5523
l 5522 5524
l 5523 5525
l 5524 5526
l 5525 5527
l 5526 5528
l 5527 5529
l 5528 5530
l 5529 5531
l 5530 5532
l 5531 5533
l 5532 5534
l 5533 5535
l 5534 5536
l 5535 5537
l 5536 5538
l 5537 5539
l 5538 5540
l 5539 5541
l 5540 5542
l 5541 5542
l 5543 5544
l 5543 5545
l 5544 5546
l 5545 5547
l 5546 5548
l 5547 5549
l 5548 5550
l 5549 5551
l 5550 5552
l 5551 5553
l 5552 5554
l 5553 5555
l 5554 5556
l 5555 5557
l 5556 5558
l 5557 5559
l 5558 5560
l 5559 5561
l 5560 5562
l 5561 5563
l 5562 5564
l 5563 5565
l 5564 5566
l 5565 5567
l 5566 5569
l 5567 5570
l 5568 5901
l 5569 5571
l 5570 5572
l 5571 5573
l 5572 5574
l 5573 5575
l 5574 5576
l 5575 5577
l 5576 5578
l 5577 5579
l 5578 5580
l 5579 5581
l 5580 5582
l 5581 5583
l 5582 5584
l 5583 5585
l 5584 5586
l 5585 5587
l 5586 5588
l 5587 5589
l 5588 5590
l 5589 5591
l 5590 5592
l 5591 5593
l 5592 5594
l 5593 5595
l 5594 5596
l 5595 5597
l 5596 5598
l 5597 5599
l 5598 5600
l 5599 5601
l 5600 5602
l 5601 5603
l 5602 5603
l 5604 5908
l 5604 5909
l 5607 5608
l 5607 5609
l 5608 5610
l 5609 5611
l 5610 5612
l 5611 5613
l 5612 5614
l 5613 5615
l 5614 5616
l 5615 5617
l 5616 5618
l 5617 5619
l 5618 5620
l 5619 5621
l 5620 5622
l 5621 5623
l 5622 5624
l 5623 5625
l 5624 5626
l 5625 5627
l 5626 5628
l 5627 5629
l 5628 5630
l 5629 5631
l 5630 5632
l 5631 5633
l 5632 5634
l 5633 5635
l 5634 5636
l 5635 5637
l 5636 5638
l 5637 5639
l 5638 5640
l 5639 5641
l 5640 5642
l 5641 5643
l 5642 5644
l 5643 5645
l 5644 5646
l 5645 5647
l 5646 5648
l 5647 5649
l 5648 5650
l 5649 5651
l 5650 5652
l 5651 5653
l 5652 5654
l 5653 5655
l 5654 5656
l 5655 5657
l 5656 5658
l 5657 5659
l 5658 5660
l 5659 5661
l 5660 5662
l 5661 5663
l 5662 5664
l 5663 5665
l 5664 5666
l 5665 5666
l 5667 5668
l 5667 5669
l 5668 5670
l 5669 5671
l 5670 5672
l 5671 5673
l 5672 5674
l 5673 5675
l 5674 5676
l 5675 5677
l 5676 5678
l 5677 5679
l 5678 5680
l 5679 5681
l 5680 5682
l 5681 5683
l 5682 5684
l 5683 5685
l 5684 5686
l 5685 5687
l 5686 5688
l 5687 5689
l 5688 5690
l 5689 5691
l 5690 5692
l 5691 5693
l 5692 5694
l 5693 5695
l 5694 5696
l 5695 5697
l 5696 5698
l 5697 5699
l 5698 5700
l 5699 5701
l 5700 5702
l 5701 5703
l 5702 5704
l 5703 5705
l 5704 5706
l 5705 5707
l 5706 5708
l 5707 5709
l 5708 5710
l 5709 5711
l 5710 5712
l 5711 5713
l 5712 5714
l 5713 5715
l 5714 5716
l 5715 5717
l 5716 5718
l 5717 5719
l 5718 5720
l 5719 5721
l 5720 5722
l 5721 5723
l 5722 5724
l 5723 5725
l 5724 5726
l 5725 5726
l 5727 5728
l 5727 5729
l 5728 5730
l 5730 5732
l 5731 5733
l 5732 5734
l 5733 5735
l 5734 5736
l 5735 5737
l 5736 5738
l 5737 5739
l 5738 5740
l 5739 5741
l 5740 5742
l 5741 5743
l 5742 5744
l 5743 5745
l 5744 5746
l 5745 5747
l 5746 5748
l 5747 5749
l 5748 5750
l 5749 5751
l 5750 5752
l 5751 5753
l 5752 5754
l 5753 5755
l 5754 5756
l 5755 5757
l 5756 5758
l 5757 5759
l 5758 5760
l 5759 5761
l 5760 5762
l 5761 5763
l 5762 5764
l 5763 5765
l 5764 5766
l 5765 5767
l 5766 5768
l 5767 5769
l 5768 5770
l 5769 5771
l 5770 5772
l 5771 5773
l 5772 5774
l 5773 5775
l 5774 5776
l 5775 5777
l 5776 5778
l 5777 5779
l 5778 5780
l 5779 5781
l 5780 5782
l 5781 5783
l 5782 5784
l 5783 5785
l 5784 5786
l 5785 5786
l 5787 5788
l 5787 5789
l 5788 5790
l 5789 5791
l 5790 5792
l 5791 5793
l 5792 5794
l 5793 5795
l 5794 5796
l 5795 5797
l 5796 5798
l 5797 5799
l 5798 5800
l 5799 5801
l 5800 5802
l 5801 5803
l 5802 5804
l 5803 5805
l 5804 5806
l 5805 5807
l 5806 5808
l 5807 5809
l 5808 5810
l 5809 5811
l 5810 5812
l 5811 5813
l 5812 5814
l 5813 5815
l 5814 5816
l 5815 5817
l 5816 5818
l 5817 5819
l 5818 5820
l 5819 5821
l 5820 5822
l 5821 5823
l 5822 5824
l 5823 5825
l 5824 5826
l 5825 5827
l 5826 5828
l 5827 5829
l 5828 5830
l 5829 5831
l 5830 5832
l 5831 5833
l 5832 5834
l 5833 5835
l 5834 5836
l 5835 5837
l 5836 5838
l 5837 5839
l 5838 5840
l 5839 5841
l 5840 5842
l 5841 5843
l 5842 5844
l 5843 5845
l 5844 5846
l 5845 5846
l 5847 5895
l 5848 5897
l 5849 5897
l 5850 5898
l 5851 5900
l 5852 5901
l 5853 5904
l 5854 5904
l 5855 5896
l 5856 5914
l 5857 5918
l 5858 5923
l 5859 5924
l 5861 5902
l 5862 5906
l 5863 5920
l 5864 5922
l 5865 5921
l 5867 5925
l 5868 5925
l 5869 5926
l 5870 5873
l 5871 5874
l 5872 5875
l 5872 5876
l 5877 5896
l 5878 5899
l 5879 5913
l 5881 5918
l 5882 5918
l 5883 5919
l 5884 5902
l 5885 5902
l 5887 5905
l 5888 5906
l 5891 5897
l 5895 7183
l 5896 7153
l 5896 7176
l 5897 7184
l 5897 7185
l 5898 7186
l 5899 7154
l 5900 7187
l 5901 7188
l 5901 7770
l 5902 7148
l 5902 7149
l 5902 7174
l 5903 8535
l 5904 7189
l 5904 7190
l 5905 7151
l 5906 7152
l 5906 7175
l 5907 8319
l 5908 7769
l 5908 8277
l 5909 7769
l 5909 8278
l 5909 8279
l 5909 8817
l 5910 8804
l 5911 8805
l 5911 8806
l 5911 9316
l 5912 8810
l 5913 7155
l 5914 7177
l 5915 8233
l 5916 8248
l 5917 8231
l 5918 7157
l 5918 7158
l 5918 7178
l 5919 7159
l 5920 7172
l 5921 7171
l 5922 7173
l 5923 7180
l 5924 7181
l 5925 7167
l 5925 7168
l 5926 7169
l 5927 5928
l 5927 5929
l 5928 5930
l 5929 5931
l 5930 5932
l 5931 5933
l 5932 5934
l 5933 5935
l 5934 5936
l 5935 5937
l 5936 5938
l 5937 5939
l 5938 5940
l 5939 5941
l 5940 5942
l 5941 5943
l 5942 5944
l 5943 5945
l 5944 5946
l 5945 5947
l 5946 5948
l 5947 5949
l 5948 5950
l 5949 5951
l 5950 5952
l 5951 5953
l 5952 5954
l 5953 5955
l 5954 5956
l 5955 5957
l 5956 5958
l 5957 5959
l 5958 5960
l 5959 5961
l 5960 5962
l 5961 5963
l 5962 5964
l 5963 5965
l 5964 5966
l 5965 5967
l 5966 5968
l 5967 5969
l 5968 5970
l 5969 5971
l 5970 5972
l 5971 5973
l 5972 5974
l 5973 5975
l 5974 5976
l 5975 5977
l 5976 5978
l 5977 5979
l 5978 5980
l 5979 5981
l 5980 5982
l 5981 5983
l 5982 5984
l 5983 5985
l 5984 5986
l 5985 5986
l 5987 5988
l 5987 5989
l 5988 5990
l 5989 5991
l 5990 5992
l 5991 5993
l 5992 5994
l 5993 5995
l 5994 5996
l 5995 5997
l 5996 5998
l 5997 5999
l 5998 6000
l 5999 6001
l 6000 6002
l 6001 6003
l 6002 6004
l 6003 6005
l 6004 6006
l 6005 6007
l 6006 6008
l 6007 6009
l 6008 6010
l 6009 6011
l 6010 6012
l 6011 6013
l 6012 6014
l 6013 6015
l 6014 6016
l 6015 6017
l 6016 6018
l 6017 6019
l 6018 6020
l 6019 6021
l 6020 6022
l 6021 6023
l 6022 6024
l 6023 6025
l 6024 6026
l 6025 6027
l 6026 6028
l 6027 6029
l 6028 6030
l 6029 6031
l 6030 6032
l 6031 6033
l 6032 6034
l 6033 6035
l 6034 6036
l 6035 6037
l 6036 6038
l 6037 6039
l 6038 6040
l 6039 6041
l 6040 6042
l 6041 6043
l 6042 6044
l 6043 6045
l 6044 6046
l 6045 6046
l 6047 6048
l 6047 6049
l 6048 6050
l 6049 6051
l 6050 6052
l 6051 6053
l 6052 6054
l 6053 6055
l 6054 6056
l 6055 6057
l 6056 6058
l 6057 6059
l 6058 6060
l 6059 6061
l 6060 6062
l 6061 6063
l 6062 6064
l 6063 6065
l 6064 6066
l 6065 6067
l 6066 6068
l 6067 6069
l 6068 6070
l 6069 6071
l 6070 6072
l 6071 6073
l 6072 6074
l 6073 6075
l 6074 6076
l 6075 6077
l 6076 6078
l 6077 6079
l 6078 6080
l 6079 6081
l 6080 6082
l 6081 6083
l 6082 6084
l 6083 6085
l 6084 6086
l 6085 6087
l 6086 6088
l 6087 6089
l 6088 6090
l 6089 6091
l 6090 6092
l 6091 6093
l 6092 6094
l 6093 6095
l 6094 6096
l 6095 6097
l 6096 6098
l 6097 6099
l 6098 6100
l 6099 6101
l 6100 6102
l 6101 6103
l 6102 6104
l 6103 6105
l 6104 6106
l 6105 6106
l 6107 6108
l 6107 6109
l 6108 6110
l 6109 6111
l 6110 6112
l 6111 6113
l 6112 6114
l 6113 6115
l 6114 6116
l 6115 6117
l 6116 6118
l 6117 6119
l 6118 6120
l 6119 6121
l 6120 6122
l 6121 6123
l 6122 6124
l 6123 6125
l 6124 6126
l 6125 6127
l 6126 6128
l 6127 6129
l 6128 6130
l 6129 6131
l 6130 6132
l 6131 6133
l 6132 6134
l 6133 6135
l 6134 6136
l 6135 6137
l 6136 6138
l 6137 6139
l 6138 6140
l 6139 6141
l 6140 6142
l 6141 6143
l 6142 6144
l 6143 6145
l 6144 6146
l 6145 6147
l 6146 6148
l 6147 6149
l 6148 6150
l 6149 6151
l 6150 6152
l 6151 6153
l 6152 6154
l 6153 6155
l 6154 6156
l 6155 6157
l 6156 6158
l 6157 6159
l 6158 6160
l 6159 6161
l 6160 6162
l 6161 6163
l 6162 6164
l 6163 6165
l 6164 6166
l 6165 6166
l 6196 6197
l 6196 6198
l 6197 6199
l 6198 6200
l 6199 6201
l 6200 6202
l 6201 6203
l 6202 6204
l 6203 6205
l 6204 6206
l 6205 6207
l 6206 6208
l 6207 6209
l 6208 6210
l 6209 6211
l 6210 6212
l 6211 6213
l 6212 6214
l 6213 6215
l 6214 6216
l 6215 6217
l 6216 6218
l 6217 6219
l 6218 6220
l 6219 6221
l 6220 6222
l 6221 6223
l 6222 6224
l 6223 6225
l 6224 6226
l 6225 6227
l 6226 6228
l 6227 6229
l 6228 6230
l 6229 6231
l 6230 6232
l 6231 6233
l 6232 6234
l 6233 6235
l 6234 6236
l 6235 6237
l 6236 6238
l 6237 6239
l 6238 6240
l 6239 6241
l 6240 6242
l 6241 6243
l 6242 6244
l 6243 6245
l 6244 6246
l 6245 6247
l 6246 6248
l 6247 6249
l 6248 6250
l 6249 6251
l 6250 6252
l 6251 6253
l 6252 6254
l 6253 6255
l 6254 6255
l 6256 6257
l 6256 6258
l 6257 6259
l 6258 6260
l 6259 6261
l 6260 6262
l 6261 6263
l 6262 6264
l 6263 6265
l 6264 6266
l 6265 6267
l 6266 6268
l 6267 6269
l 6268 6270
l 6269 6271
l 6270 6272
l 6271 6273
l 6272 6274
l 6273 6275
l 6274 6276
l 6275 6277
l 6276 6278
l 6277 6279
l 6278 6280
l 6279 6281
l 6280 6282
l 6281 6283
l 6282 6284
l 6283 6285
l 6284 6286
l 6285 6287
l 6286 6288
l 6287 6289
l 6288 6290
l 6289 6291
l 6290 6292
l 6291 6293
l 6292 6294
l 6293 6295
l 6294 6296
l 6295 6297
l 6296 6298
l 6297 6299
l 6298 6300
l 6299 6301
l 6300 6302
l 6301 6303
l 6302 6304
l 6303 6305
l 6304 6306
l 6305 6307
l 6306 6308
l 6307 6309
l 6308 6310
l 6309 6311
l 6310 6312
l 6311 6313
l 6312 6314
l 6313 6315
l 6314 6315
l 6316 8227
l 6317 6318
l 6317 6319
l 6318 6320
l 6319 6321
l 6320 6322
l 6321 6323
l 6322 6324
l 6323 6325
l 6324 6326
l 6325 6327
l 6326 6328
l 6327 6329
l 6328 6330
l 6329 6331
l 6330 6332
l 6331 6333
l 6332 6334
l 6333 6335
l 6334 6336
l 6335 6337
l 6336 6338
l 6337 6339
l 6338 6340
l 6339 6341
l 6340 6342
l 6341 6343
l 6342 6344
l 6343 6345
l 6344 6346
l 6345 6347
l 6346 6348
l 6347 6349
l 6348 6350
l 6349 6351
l 6350 6352
l 6351 6353
l 6352 6354
l 6353 6355
l 6354 6356
l 6355 6357
l 6356 6358
l 6357 6359
l 6358 6360
l 6359 6361
l 6360 6362
l 6361 6363
l 6362 6365
l 6363 6366
l 6364 8239
l 6365 6367
l 6366 6368
l 6367 6369
l 6368 6370
l 6369 6371
l 6370 6372
l 6371 6373
l 6372 6374
l 6373 6375
l 6374 6376
l 6375 6377
l 6376 6377
l 6378 7193
l 6379 7199
l 6380 7201
l 6381 7202
l 6382 7205
l 6383 7207
l 6384 7208
l 6385 7209
l 6386 7215
l 6387 7217
l 6388 7218
l 6389 7219
l 6390 7220
l 6391 7227
l 6392 7228
l 6393 7229
l 6394 7232
l 6395 7231
l 6396 7232
l 6397 7247
l 6398 7247
l 6399 7249
l 6400 7254
l 6401 7256
l 6402 7256
l 6403 7267
l 6404 7267
l 6405 7268
l 6406 7271
l 6407 7272
l 6408 7272
l 6409 7283
l 6410 7283
l 6411 7284
l 6412 7285
l 6413 7286
l 6414 7288
l 6415 7288
l 6416 7298
l 6417 7299
l 6418 7300
l 6419 7302
l 6420 7303
l 6421 7305
l 6422 7305
l 6423 7305
l 6424 7315
l 6425 7315
l 6426 7316
l 6427 7317
l 6428 7320
l 6429 7321
l 6430 7323
l 6431 7332
l 6432 7332
l 6433 7334
l 6434 7335
l 6435 7337
l 6436 7338
l 6437 7340
l 6438 7340
l 6439 7349
l 6440 7349
l 6441 7352
l 6442 7353
l 6443 7354
l 6444 7356
l 6445 7356
l 6446 7366
l 6447 7368
l 6448 7369
l 6449 7370
l 6450 7372
l 6451 7372
l 6452 7382
l 6453 7383
l 6454 7384
l 6455 7386
l 6456 7387
l 6457 7398
l 6458 7398
l 6459 7399
l 6460 7400
l 6461 7401
l 6462 7402
l 6463 7403
l 6464 7414
l 6465 7415
l 6466 7416
l 6467 7417
l 6468 7418
l 6469 7419
l 6470 7430
l 6471 7431
l 6472 7432
l 6473 7433
l 6474 7435
l 6475 7446
l 6476 7447
l 6477 7448
l 6478 7449
l 6479 7450
l 6480 7451
l 6481 7462
l 6482 7463
l 6483 7465
l 6484 7466
l 6485 7467
l 6486 7467
l 6487 7477
l 6488 7477
l 6489 7479
l 6490 7480
l 6491 7481
l 6492 7483
l 6493 7483
l 6494 7493
l 6495 7493
l 6496 7495
l 6497 7497
l 6498 7499
l 6499 7500
l 6500 7500
l 6501 7509
l 6502 7509
l 6503 7512
l 6504 7513
l 6505 7515
l 6506 7517
l 6507 7517
l 6508 7526
l 6509 7526
l 6510 7529
l 6511 7531
l 6512 7532
l 6513 7533
l 6514 7535
l 6515 7535
l 6516 7535
l 6517 7544
l 6518 7544
l 6519 7547
l 6520 7548
l 6521 7549
l 6522 7551
l 6523 7550
l 6524 7561
l 6525 7561
l 6526 7563
l 6527 7564
l 6528 7566
l 6529 7566
l 6530 7567
l 6531 7577
l 6532 7577
l 6533 7578
l 6534 7580
l 6535 7582
l 6536 7582
l 6537 7597
l 6538 7597
l 6539 7598
l 6540 7600
l 6541 7601
l 6542 7602
l 6543 7604
l 6544 7615
l 6545 7616
l 6546 7617
l 6547 7618
l 6548 7620
l 6549 7621
l 6550 7627
l 6551 7628
l 6552 7627
l 6553 7629
l 6554 7630
l 6555 7629
l 6556 7634
l 6557 7637
l 6558 7638
l 6559 7639
l 6560 7640
l 6561 7644
l 6562 7193
l 6563 7194
l 6564 7195
l 6565 7196
l 6566 7197
l 6567 7198
l 6568 7199
l 6569 7200
l 6570 7203
l 6571 7204
l 6572 7206
l 6573 7210
l 6574 7211
l 6575 7212
l 6576 7213
l 6577 7214
l 6578 7215
l 6579 7216
l 6580 7221
l 6581 7222
l 6582 7223
l 6583 7224
l 6584 7225
l 6585 7226
l 6586 7229
l 6587 7230
l 6592 7237
l 6593 7238
l 6594 7239
l 6599 7244
l 6600 7245
l 6601 7246
l 6603 7250
l 6605 7252
l 6608 7257
l 6609 7258
l 6610 7259
l 6612 7261
l 6616 7265
l 6617 7266
l 6618 7269
l 6619 7270
l 6620 7273
l 6624 7277
l 6625 7278
l 6627 7280
l 6628 7281
l 6629 7282
l 6630 7285
l 6631 7287
l 6635 7292
l 6637 7294
l 6638 7295
l 6639 7296
l 6640 7297
l 6641 7298
l 6643 7302
l 6644 7304
l 6648 7309
l 6649 7310
l 6650 7311
l 6651 7312
l 6653 7314
l 6654 7316
l 6657 7320
l 6658 7322
l 6660 7325
l 6661 7326
l 6662 7327
l 6663 7328
l 6666 7331
l 6668 7334
l 6670 7337
l 6671 7339
l 6672 7341
l 6673 7342
l 6674 7343
l 6675 7344
l 6679 7348
l 6681 7351
l 6682 7353
l 6683 7355
l 6684 7357
l 6685 7358
l 6686 7359
l 6688 7361
l 6692 7365
l 6693 7367
l 6694 7369
l 6695 7371
l 6696 7373
l 6697 7374
l 6698 7375
l 6700 7377
l 6704 7381
l 6705 7383
l 6706 7385
l 6707 7388
l 6708 7389
l 6709 7390
l 6711 7392
l 6714 7395
l 6716 7397
l 6717 7399
l 6718 7401
l 6719 7404
l 6720 7405
l 6722 7407
l 6723 7408
l 6726 7411
l 6728 7413
l 6729 7415
l 6730 7418
l 6731 7420
l 6732 7421
l 6735 7424
l 6737 7426
l 6739 7428
l 6740 7429
l 6741 7432
l 6742 7434
l 6743 7436
l 6745 7438
l 6748 7441
l 6749 7442
l 6751 7444
l 6752 7445
l 6753 7447
l 6754 7450
l 6755 7452
l 6757 7454
l 6760 7457
l 6762 7459
l 6763 7460
l 6764 7461
l 6765 7464
l 6766 7466
l 6767 7468
l 6770 7471
l 6773 7474
l 6774 7475
l 6775 7476
l 6776 7478
l 6777 7480
l 6778 7482
l 6779 7484
l 6784 7489
l 6785 7490
l 6786 7491
l 6787 7492
l 6788 7494
l 6789 7496
l 6791 7499
l 6792 7501
l 6796 7505
l 6797 7506
l 6798 7507
l 6799 7508
l 6800 7510
l 6802 7513
l 6804 7516
l 6806 7519
l 6808 7521
l 6809 7522
l 6810 7523
l 6811 7524
l 6814 7528
l 6816 7531
l 6817 7533
l 6819 7536
l 6820 7537
l 6821 7538
l 6822 7539
l 6823 7540
l 6828 7546
l 6829 7549
l 6830 7551
l 6831 7552
l 6832 7553
l 6833 7554
l 6834 7555
l 6837 7558
l 6840 7562
l 6841 7565
l 6842 7567
l 6843 7568
l 6845 7570
l 6848 7573
l 6850 7575
l 6851 7576
l 6852 7579
l 6853 7581
l 6854 7583
l 6856 7585
l 6860 7589
l 6861 7590
l 6862 7591
l 6863 7592
l 6868 7599
l 6869 7602
l 6870 7603
l 6871 7604
l 6878 7611
l 6879 7612
l 6880 7613
l 6881 7614
l 6882 7619
l 6883 7620
l 6884 7621
l 6885 7622
l 6886 7623
l 6887 7624
l 6888 7625
l 6889 7626
l 6890 7631
l 6891 7632
l 6892 7633
l 6893 7634
l 6894 7635
l 6895 7636
l 6896 7641
l 6897 7642
l 6898 7643
l 6899 7644
l 6900 7645
l 6901 7646
l 6902 7647
l 6903 7648
l 6904 6905
l 6904 6906
l 6905 6907
l 6906 6908
l 6907 6909
l 6908 6910
l 6909 6911
l 6910 6912
l 6911 6913
l 6912 6914
l 6913 6915
l 6914 6916
l 6915 6917
l 6916 6918
l 6917 6919
l 6918 6920
l 6919 6921
l 6920 6922
l 6921 6923
l 6922 6924
l 6923 6925
l 6924 6926
l 6925 6927
l 6926 6928
l 6927 6929
l 6928 6930
l 6929 6931
l 6930 6932
l 6931 6933
l 6932 6934
l 6933 6935
l 6934 6936
l 6935 6937
l 6936 6938
l 6937 6939
l 6938 6940
l 6939 6941
l 6940 6942
l 6941 6943
l 6942 6944
l 6943 6945
l 6944 6946
l 6945 6947
l 6946 6948
l 6947 6949
l 6948 6950
l 6949 6951
l 6950 6952
l 6951 6953
l 6952 6954
l 6953 6955
l 6954 6956
l 6955 6957
l 6956 6958
l 6957 6959
l 6958 6960
l 6959 6961
l 6960 6962
l 6961 6963
l 6962 6963
l 6964 6965
l 6964 6966
l 6965 6967
l 6966 6968
l 6967 6972
l 6968 6975
l 6969 6970
l 6969 6971
l 6970 6973
l 6971 6974
l 6972 6978
l 6973 6976
l 6974 6977
l 6975 6979
l 6976 6980
l 6977 6981
l 6978 6982
l 6979 6983
l 6980 6984
l 6981 6985
l 6982 6986
l 6983 6987
l 6984 6988
l 6985 6989
l 6986 6990
l 6987 6991
l 6988 6992
l 6989 6993
l 6990 6994
l 6991 6995
l 6992 6996
l 6993 6997
l 6994 6998
l 6995 6999
l 6997 7001
l 6998 7002
l 6999 7003
l 7000 7004
l 7001 7005
l 7002 7006
l 7003 7007
l 7004 7008
l 7005 7009
l 7006 7010
l 7007 7011
l 7008 7012
l 7009 7013
l 7010 7014
l 7011 7015
l 7012 7016
l 7013 7017
l 7014 7018
l 7015 7019
l 7016 7020
l 7017 7021
l 7018 7022
l 7019 7025
l 7020 7023
l 7021 7024
l 7022 7028
l 7023 7026
l 7024 7027
l 7025 7029
l 7026 7030
l 7027 7031
l 7028 7032
l 7029 7033
l 7030 7034
l 7031 7035
l 7032 7036
l 7033 7037
l 7034 7038
l 7035 7039
l 7036 7040
l 7037 7041
l 7038 7042
l 7039 7043
l 7040 7044
l 7041 7045
l 7042 7046
l 7043 7047
l 7045 7049
l 7046 7050
l 7047 7051
l 7048 7052
l 7049 7053
l 7050 7054
l 7051 7055
l 7052 7056
l 7053 7057
l 7054 7058
l 7055 7059
l 7056 7060
l 7057 7061
l 7058 7062
l 7059 7063
l 7060 7064
l 7061 7065
l 7062 7066
l 7063 7067
l 7064 7068
l 7065 7069
l 7066 7070
l 7067 7071
l 7068 7074
l 7069 7075
l 7070 7072
l 7071 7073
l 7072 7076
l 7073 7077
l 7074 7079
l 7075 7080
l 7076 7078
l 7077 7078
l 7079 7081
l 7080 7082
l 7081 7083
l 7082 7083
l 7084 7085
l 7084 7086
l 7086 7088
l 7087 7089
l 7088 7090
l 7089 7091
l 7090 7092
l 7091 7093
l 7092 7094
l 7094 7096
l 7095 7097
l 7096 7098
l 7097 7099
l 7098 7100
l 7099 7101
l 7100 7102
l 7101 7103
l 7102 7104
l 7103 7105
l 7104 7106
l 7105 7107
l 7106 7108
l 7107 7109
l 7108 7110
l 7109 7111
l 7112 7114
l 7113 7115
l 7115 7117
l 7116 7118
l 7117 7119
l 7118 7120
l 7119 7121
l 7120 7122
l 7121 7123
l 7122 7124
l 7123 7125
l 7124 7126
l 7125 7127
l 7126 7128
l 7127 7129
l 7129 7131
l 7130 7132
l 7131 7133
l 7132 7134
l 7134 7136
l 7135 7137
l 7136 7138
l 7137 7139
l 7138 7140
l 7139 7141
l 7140 7141
l 7142 8302
l 7143 8298
l 7144 8234
l 7144 8246
l 7145 8247
l 7146 7160
l 7147 7161
l 7148 8229
l 7150 8230
l 7151 8227
l 7152 8227
l 7153 8235
l 7154 8236
l 7156 8237
l 7157 8238
l 7158 8239
l 7159 8239
l 7162 7165
l 7163 7166
l 7164 7166
l 7167 8244
l 7169 8245
l 7170 8242
l 7171 8249
l 7172 8250
l 7173 8251
l 7179 8269
l 7180 8262
l 7181 8263
l 7182 8263
l 7183 8302
l 7184 8302
l 7185 8303
l 7186 8304
l 7187 8305
l 7188 8306
l 7189 8298
l 7191 8799
l 7192 8800
l 7649 7650
l 7649 7651
l 7650 7652
l 7651 7653
l 7652 7657
l 7653 7658
l 7654 7655
l 7654 7656
l 7655 7659
l 7656 7660
l 7657 7661
l 7658 7662
l 7659 7663
l 7660 7664
l 7661 7667
l 7662 7668
l 7663 7665
l 7664 7666
l 7665 7669
l 7666 7670
l 7667 7671
l 7668 7672
l 7669 7673
l 7670 7674
l 7671 7675
l 7672 7676
l 7673 7677
l 7674 7678
l 7675 7679
l 7676 7680
l 7677 7681
l 7678 7682
l 7679 7683
l 7680 7684
l 7681 7685
l 7682 7686
l 7683 7687
l 7684 7688
l 7685 7689
l 7686 7690
l 7687 7691
l 7688 7692
l 7689 7693
l 7690 7694
l 7691 7695
l 7692 7696
l 7693 7697
l 7694 7698
l 7695 7699
l 7696 7700
l 7697 7701
l 7698 7702
l 7699 7703
l 7700 7704
l 7701 7705
l 7702 7706
l 7703 7707
l 7704 7710
l 7705 7708
l 7706 7709
l 7707 7713
l 7708 7711
l 7709 7712
l 7710 7714
l 7711 7715
l 7712 7716
l 7713 7717
l 7714 7718
l 7715 7719
l 7716 7720
l 7717 7721
l 7718 7722
l 7719 7723
l 7720 7724
l 7721 7725
l 7722 7726
l 7723 7727
l 7724 7728
l 7725 7729
l 7726 7730
l 7727 7731
l 7728 7732
l 7729 7733
l 7730 7734
l 7731 7735
l 7732 7736
l 7733 7737
l 7734 7738
l 7735 7739
l 7736 7740
l 7737 7741
l 7738 7742
l 7739 7743
l 7740 7744
l 7741 7745
l 7742 7746
l 7743 7747
l 7744 7748
l 7745 7749
l 7746 7750
l 7747 7751
l 7748 7752
l 7749 7753
l 7750 7756
l 7751 7754
l 7752 7755
l 7753 7759
l 7754 7757
l 7755 7758
l 7756 7760
l 7757 7761
l 7758 7762
l 7759 7764
l 7760 7765
l 7761 7763
l 7762 7763
l 7764 7766
l 7765 7767
l 7766 7768
l 7767 7768
l 7769 9395
l 7771 8335
l 7772 8332
l 7773 8333
l 7774 8334
l 7775 8338
l 7776 8339
l 7777 8336
l 7778 8337
l 7779 8340
l 7780 8341
l 7781 8343
l 7782 8346
l 7783 8342
l 7784 8344
l 7785 8347
l 7786 8345
l 7787 8348
l 7788 8349
l 7789 8350
l 7790 8352
l 7791 8353
l 7792 8351
l 7793 8354
l 7794 8355
l 7795 8358
l 7796 8356
l 7797 8357
l 7798 8361
l 7799 8359
l 7800 8360
l 7801 8362
l 7802 8365
l 7803 8364
l 7804 8363
l 7805 8367
l 7806 8366
l 7807 8370
l 7808 8368
l 7809 8369
l 7810 8371
l 7811 8376
l 7812 8372
l 7819 8379
l 7820 8384
l 7822 8385
l 7823 8386
l 7825 8382
l 7826 8387
l 7829 8395
l 7830 8390
l 7832 8391
l 7833 8393
l 7834 8397
l 7835 8394
l 7839 8398
l 7840 8402
l 7841 8404
l 7842 8405
l 7843 8400
l 7844 8406
l 7847 8412
l 7848 8408
l 7849 8409
l 7851 8410
l 7852 8411
l 7853 8414
l 7856 8416
l 7857 8420
l 7858 8421
l 7860 8422
l 7861 8419
l 7862 8423
l 7864 8429
l 7866 8424
l 7867 8427
l 7868 8426
l 7869 8426
l 7869 8428
l 7870 8432
l 7873 8434
l 7874 8436
l 7875 8437
l 7876 8438
l 7877 8439
l 7878 8435
l 7881 8447
l 7882 8442
l 7883 8443
l 7884 8444
l 7885 8445
l 7887 8449
l 7889 8450
l 7890 8452
l 7891 8455
l 7892 8453
l 7894 8456
l 7895 8451
l 7897 8464
l 7899 8459
l 7900 8460
l 7901 8461
l 7902 8462
l 7903 8465
l 7906 8466
l 7907 8469
l 7908 8471
l 7909 8470
l 7910 8473
l 7912 8467
l 7914 8480
l 7915 8475
l 7917 8477
l 7918 8478
l 7919 8479
l 7920 8481
l 7922 8482
l 7924 8486
l 7925 8487
l 7926 8488
l 7927 8489
l 7928 8484
l 7931 8496
l 7932 8492
l 7933 8493
l 7934 8494
l 7935 8495
l 7936 8497
l 7939 8499
l 7940 8502
l 7941 8503
l 7942 8505
l 7943 8506
l 7944 8501
l 7947 8512
l 7948 8508
l 7949 8509
l 7950 8510
l 7951 8511
l 7952 8513
l 7955 8515
l 7956 8519
l 7957 8520
l 7958 8521
l 7959 8522
l 7960 8517
l 7963 8528
l 7964 8525
l 7965 8524
l 7966 8527
l 7967 8526
l 7969 8530
l 7971 8532
l 7972 8536
l 7973 8537
l 7974 8539
l 7975 8540
l 7977 8534
l 7979 8545
l 7980 8542
l 7981 8541
l 7982 8544
l 7984 8543
l 7985 8547
l 7987 8549
l 7989 8553
l 7990 8554
l 7991 8555
l 7992 8556
l 7993 8551
l 7995 8561
l 7997 8557
l 7998 8558
l 7999 8559
l 8000 8560
l 8001 8564
l 8004 8566
l 8005 8569
l 8006 8570
l 8007 8571
l 8008 8572
l 8010 8568
l 8012 8578
l 8014 8574
l 8015 8575
l 8016 8580
l 8017 8576
l 8018 8577
l 8020 8586
l 8021 8585
l 8022 8582
l 8023 8588
l 8024 8587
l 8026 8584
l 8028 8594
l 8030 8590
l 8031 8591
l 8032 8592
l 8033 8596
l 8034 8593
l 8037 8602
l 8038 8601
l 8039 8599
l 8040 8604
l 8041 8603
l 8042 8600
l 8045 8611
l 8046 8606
l 8047 8607
l 8048 8608
l 8049 8610
l 8050 8613
l 8053 8615
l 8054 8618
l 8055 8617
l 8056 8619
l 8057 8620
l 8058 8616
l 8061 8627
l 8062 8623
l 8063 8624
l 8064 8625
l 8065 8626
l 8066 8629
l 8069 8631
l 8070 8633
l 8071 8634
l 8072 8635
l 8072 8636
l 8073 8636
l 8075 8632
l 8077 8644
l 8078 8639
l 8079 8640
l 8081 8641
l 8082 8643
l 8083 8646
l 8085 8647
l 8086 8649
l 8088 8651
l 8089 8652
l 8090 8653
l 8091 8648
l 8094 8661
l 8095 8656
l 8096 8657
l 8097 8658
l 8098 8659
l 8100 8662
l 8102 8663
l 8103 8666
l 8103 8668
l 8104 8668
l 8106 8669
l 8107 8670
l 8108 8665
l 8110 8677
l 8112 8673
l 8113 8674
l 8114 8675
l 8115 8676
l 8116 8678
l 8119 8680
l 8120 8683
l 8121 8685
l 8122 8684
l 8123 8687
l 8124 8682
l 8127 8693
l 8128 8689
l 8128 8691
l 8129 8690
l 8130 8691
l 8131 8692
l 8133 8695
l 8135 8700
l 8136 8697
l 8137 8702
l 8139 8703
l 8140 8704
l 8142 8699
l 8144 8710
l 8145 8705
l 8147 8706
l 8148 8707
l 8149 8709
l 8150 8712
l 8153 8716
l 8154 8715
l 8155 8718
l 8156 8719
l 8157 8720
l 8159 8717
l 8161 8729
l 8163 8724
l 8164 8725
l 8166 8726
l 8167 8728
l 8168 8730
l 8171 8735
l 8172 8738
l 8174 8733
l 8175 8739
l 8177 8740
l 8178 8737
l 8185 8745
l 8186 8751
l 8187 8746
l 8188 8749
l 8189 8750
l 8190 8752
l 8191 8754
l 8192 8755
l 8193 8753
l 8194 8757
l 8195 8758
l 8196 8756
l 8197 8760
l 8198 8763
l 8199 8759
l 8200 8761
l 8201 8762
l 8202 8764
l 8203 8766
l 8204 8767
l 8205 8765
l 8206 8769
l 8207 8770
l 8208 8768
l 8209 8771
l 8210 8772
l 8211 8775
l 8212 8773
l 8213 8774
l 8214 8776
l 8215 8777
l 8216 8778
l 8217 8783
l 8218 8784
l 8219 8780
l 8220 8781
l 8221 8779
l 8222 8782
l 8223 8785
l 8224 8786
l 8225 8787
l 8226 8788
l 8228 8791
l 8229 8794
l 8231 8844
l 8232 8792
l 8233 8847
l 8234 8790
l 8235 8323
l 8235 8324
l 8235 8801
l 8236 8325
l 8237 8796
l 8238 8793
l 8238 8812
l 8240 8799
l 8241 8800
l 8243 11281
l 8248 9373
l 8252 8837
l 8253 8836
l 8254 8819
l 8255 8820
l 8256 8838
l 8257 8821
l 8258 8822
l 8259 8839
l 8260 8264
l 8261 8265
l 8264 8271
l 8265 8272
l 8266 8271
l 8267 8272
l 8268 8832
l 8270 8840
l 8271 8823
l 8272 8824
l 8273 8280
l 8274 8281
l 8275 8283
l 8276 8284
l 8277 9395
l 8278 9395
l 8279 9396
l 8282 8289
l 8285 8292
l 8286 8293
l 8287 8818
l 8287 8851
l 8288 8835
l 8288 8852
l 8290 8294
l 8290 8301
l 8290 8825
l 8291 8295
l 8294 8296
l 8295 8297
l 8298 8841
l 8299 8856
l 8300 8854
l 8306 8845
l 8307 8326
l 8308 8834
l 8309 8315
l 8310 8826
l 8311 8827
l 8312 8828
l 8312 8830
l 8312 8849
l 8313 8829
l 8313 8831
l 8313 8850
l 8314 8833
l 8316 8317
l 8318 8846
l 8319 10438
l 8320 8330
l 8321 8328
l 8322 8329
l 8323 8842
l 8324 8843
l 8325 8843
l 8327 8848
l 8331 8789
l 8535 10439
l 8792 8856
l 8793 8854
l 8795 8798
l 8796 8856
l 8797 8858
l 8802 9315
l 8803 9318
l 8804 11281
l 8805 11281
l 8806 11282
l 8807 9334
l 8808 9325
l 8809 9326
l 8810 11404
l 8811 9330
l 8813 9319
l 8814 9320
l 8815 9322
l 8816 9323
l 8818 9331
l 8819 9361
l 8820 9362
l 8821 9364
l 8822 9365
l 8823 9352
l 8824 9353
l 8825 9339
l 8826 9325
l 8827 9326
l 8828 9325
l 8829 9326
l 8830 9327
l 8831 9328
l 8832 9360
l 8833 9330
l 8834 9330
l 8836 9367
l 8837 9368
l 8838 9363
l 8839 9366
l 8840 9351
l 8844 9384
l 8847 9383
l 8853 9380
l 8855 8857
l 8859 9404
l 8860 9405
l 8861 9406
l 8862 9403
l 8863 9409
l 8864 9410
l 8865 9407
l 8866 9408
l 8867 9411
l 8868 9412
l 8869 9415
l 8870 9413
l 8871 9416
l 8872 9418
l 8873 9414
l 8874 9417
l 8875 9419
l 8876 9420
l 8877 9421
l 8878 9424
l 8879 9422
l 8880 9423
l 8881 9425
l 8882 9426
l 8883 9428
l 8884 9429
l 8885 9427
l 8886 9431
l 8887 9432
l 8888 9430
l 8889 9433
l 8890 9436
l 8891 9435
l 8892 9434
l 8893 9438
l 8894 9437
l 8895 9440
l 8896 9441
l 8897 9439
l 8898 9442
l 8899 9444
l 8903 9443
l 8906 9451
l 8909 9457
l 8911 9452
l 8912 9454
l 8913 9455
l 8914 9458
l 8917 9462
l 8918 9464
l 8920 9465
l 8921 9467
l 8922 9461
l 8924 9466
l 8925 9471
l 8927 9475
l 8929 9472
l 8931 9473
l 8932 9474
l 8933 9476
l 8935 9480
l 8936 9481
l 8937 9483
l 8938 9484
l 8939 9479
l 8941 9485
l 8943 9488
l 8946 9493
l 8947 9489
l 8948 9490
l 8949 9492
l 8950 9494
l 8951 9498
l 8953 9500
l 8953 9501
l 8954 9499
l 8955 9501
l 8956 9496
l 8959 9502
l 8961 9505
l 8962 9510
l 8963 9506
l 8964 9507
l 8965 9508
l 8966 9509
l 8969 9514
l 8970 9515
l 8971 9516
l 8972 9517
l 8974 9513
l 8976 9519
l 8977 9521
l 8978 9527
l 8979 9522
l 8980 9524
l 8982 9523
l 8983 9526
l 8986 9531
l 8987 9532
l 8988 9533
l 8989 9534
l 8991 9529
l 8992 9535
l 8993 9538
l 8994 9544
l 8996 9539
l 8997 9541
l 8998 9540
l 9000 9542
l 9002 9547
l 9004 9549
l 9005 9550
l 9006 9551
l 9007 9546
l 9008 9552
l 9009 9554
l 9011 9560
l 9013 9556
l 9014 9557
l 9015 9558
l 9016 9559
l 9019 9564
l 9020 9565
l 9021 9566
l 9022 9567
l 9023 9563
l 9024 9568
l 9026 9571
l 9028 9576
l 9029 9572
l 9030 9573
l 9032 9574
l 9033 9575
l 9035 9580
l 9036 9581
l 9037 9582
l 9038 9583
l 9039 9579
l 9040 9584
l 9042 9587
l 9044 9592
l 9046 9588
l 9047 9589
l 9048 9590
l 9049 9591
l 9051 9597
l 9052 9596
l 9053 9599
l 9054 9598
l 9055 9595
l 9057 9601
l 9059 9603
l 9061 9609
l 9062 9604
l 9063 9605
l 9065 9606
l 9066 9607
l 9067 9613
l 9068 9612
l 9069 9616
l 9070 9614
l 9071 9611
l 9073 9617
l 9075 9619
l 9077 9625
l 9079 9621
l 9080 9622
l 9081 9623
l 9082 9624
l 9083 9629
l 9084 9630
l 9085 9631
l 9086 9632
l 9087 9627
l 9090 9633
l 9092 9636
l 9094 9642
l 9095 9637
l 9096 9638
l 9097 9639
l 9098 9640
l 9100 9646
l 9101 9647
l 9102 9649
l 9103 9650
l 9104 9644
l 9106 9648
l 9108 9654
l 9110 9658
l 9111 9653
l 9112 9652
l 9113 9656
l 9114 9655
l 9116 9662
l 9117 9663
l 9118 9664
l 9119 9666
l 9120 9660
l 9122 9665
l 9125 9671
l 9126 9674
l 9127 9670
l 9128 9669
l 9129 9673
l 9130 9672
l 9132 9678
l 9133 9679
l 9134 9680
l 9136 9681
l 9137 9677
l 9139 9682
l 9141 9685
l 9142 9690
l 9143 9687
l 9144 9686
l 9145 9688
l 9146 9689
l 9149 9694
l 9150 9695
l 9151 9696
l 9152 9697
l 9153 9693
l 9155 9698
l 9157 9701
l 9158 9707
l 9159 9702
l 9160 9703
l 9161 9704
l 9162 9704
l 9162 9705
l 9165 9710
l 9166 9711
l 9167 9713
l 9169 9714
l 9170 9709
l 9172 9715
l 9173 9717
l 9174 9723
l 9175 9718
l 9177 9720
l 9178 9721
l 9179 9722
l 9182 9727
l 9183 9728
l 9184 9729
l 9185 9730
l 9187 9726
l 9188 9732
l 9189 9734
l 9191 9740
l 9192 9735
l 9194 9735
l 9194 9736
l 9195 9738
l 9196 9739
l 9199 9744
l 9200 9745
l 9201 9746
l 9202 9747
l 9203 9742
l 9204 9748
l 9206 9751
l 9208 9756
l 9209 9752
l 9210 9754
l 9211 9753
l 9213 9755
l 9215 9760
l 9216 9761
l 9217 9760
l 9217 9762
l 9218 9763
l 9219 9759
l 9221 9765
l 9223 9768
l 9225 9774
l 9226 9767
l 9228 9769
l 9229 9771
l 9230 9772
l 9231 9777
l 9232 9779
l 9233 9780
l 9235 9781
l 9236 9776
l 9238 9782
l 9241 9786
l 9242 9785
l 9243 9791
l 9244 9787
l 9245 9788
l 9246 9789
l 9250 9795
l 9251 9796
l 9252 9798
l 9254 9799
l 9255 9793
l 9256 9800
l 9259 9806
l 9261 9803
l 9263 9810
l 9264 9804
l 9265 9807
l 9266 9809
l 9271 9817
l 9272 9819
l 9275 9820
l 9276 9821
l 9277 9818
l 9278 9822
l 9279 9825
l 9280 9823
l 9281 9824
l 9282 9828
l 9283 9826
l 9284 9827
l 9285 9831
l 9286 9829
l 9287 9832
l 9288 9833
l 9289 9830
l 9290 9834
l 9291 9837
l 9292 9835
l 9293 9836
l 9294 9840
l 9295 9838
l 9296 9839
l 9297 9841
l 9298 9842
l 9299 9844
l 9300 9845
l 9301 9843
l 9302 9846
l 9303 9847
l 9304 9848
l 9305 9853
l 9306 9851
l 9307 9852
l 9308 9854
l 9309 9849
l 9310 9850
l 9311 9855
l 9312 9856
l 9313 9857
l 9314 9858
l 9316 11281
l 9317 10437
l 9321 9859
l 9324 9860
l 9329 9332
l 9333 9340
l 9335 9337
l 9335 9339
l 9336 9338
l 9336 9340
l 9341 9343
l 9342 9344
l 9345 9349
l 9346 9350
l 9347 9354
l 9348 9355
l 9352 9354
l 9352 9356
l 9353 9355
l 9353 9357
l 9356 9358
l 9357 9359
l 9369 9374
l 9370 9375
l 9371 9376
l 9372 9377
l 9373 9382
l 9378 9381
l 9379 9381
l 9382 9394
l 9383 10450
l 9384 10515
l 9385 9386
l 9386 9387
l 9387 9393
l 9393 9394
l 9861 9862
l 9861 9863
l 9862 9864
l 9863 9865
l 9864 9869
l 9865 9870
l 9866 9867
l 9866 9868
l 9867 9871
l 9868 9872
l 9869 9873
l 9870 9874
l 9871 9875
l 9872 9876
l 9873 9879
l 9874 9880
l 9875 9877
l 9876 9878
l 9877 9881
l 9878 9882
l 9879 9883
l 9880 9884
l 9881 9885
l 9882 9886
l 9883 9887
l 9884 9888
l 9885 9889
l 9886 9890
l 9887 9891
l 9888 9892
l 9889 9893
l 9890 9894
l 9891 9895
l 9892 9896
l 9893 9897
l 9894 9898
l 9895 9899
l 9896 9900
l 9897 9901
l 9898 9902
l 9899 9903
l 9900 9904
l 9901 9905
l 9902 9906
l 9903 9907
l 9904 9908
l 9905 9909
l 9906 9910
l 9907 9911
l 9908 9912
l 9909 9913
l 9910 9914
l 9911 9915
l 9912 9916
l 9913 9917
l 9914 9918
l 9915 9919
l 9916 9922
l 9917 9920
l 9918 9921
l 9919 9925
l 9920 9923
l 9921 9924
l 9922 9926
l 9923 9927
l 9924 9928
l 9925 9929
l 9926 9930
l 9927 9931
l 9928 9932
l 9929 9933
l 9930 9934
l 9931 9935
l 9932 9936
l 9933 9937
l 9934 9938
l 9935 9939
l 9936 9940
l 9937 9941
l 9938 9942
l 9939 9943
l 9940 9944
l 9941 9945
l 9942 9946
l 9943 9947
l 9944 9948
l 9945 9949
l 9946 9950
l 9947 9951
l 9948 9952
l 9949 9953
l 9950 9954
l 9951 9955
l 9952 9956
l 9953 9957
l 9954 9958
l 9955 9959
l 9956 9960
l 9957 9961
l 9958 9962
l 9959 9963
l 9960 9964
l 9961 9965
l 9962 9968
l 9963 9966
l 9964 9967
l 9965 9971
l 9966 9969
l 9967 9970
l 9968 9972
l 9969 9973
l 9970 9974
l 9971 9976
l 9972 9977
l 9973 9975
l 9974 9975
l 9976 9978
l 9977 9979
l 9978 9980
l 9979 9980
l 9981 10697
l 9982 10698
l 9983 10699
l 9984 10700
l 9985 10701
l 9986 10702
l 9987 10703
l 9988 10704
l 9989 11039
l 9990 11040
l 9991 10705
l 9992 10706
l 9993 11041
l 9994 10707
l 9995 11042
l 9996 11043
l 9997 11044
l 9998 10708
l 9999 10709
l 10000 10710
l 10001 10711
l 10001 11045
l 10002 10712
l 10003 10713
l 10004 10714
l 10005 11046
l 10006 11047
l 10007 11048
l 10008 11049
l 10009 10715
l 10010 10716
l 10011 10717
l 10012 10718
l 10013 10719
l 10014 10720
l 10015 11050
l 10016 11051
l 10017 10721
l 10018 10722
l 10018 11052
l 10019 11053
l 10019 11054
l 10020 11055
l 10025 10727
l 10026 10728
l 10027 10729
l 10032 10734
l 10033 10735
l 10033 11056
l 10034 10736
l 10035 11058
l 10037 11057
l 10037 11059
l 10038 10738
l 10040 10740
l 10040 11061
l 10042 11060
l 10042 11062
l 10044 11063
l 10045 10743
l 10046 10744
l 10047 10745
l 10049 10747
l 10053 10751
l 10053 11064
l 10054 10752
l 10055 11065
l 10056 11066
l 10056 11067
l 10057 10753
l 10058 10754
l 10058 11069
l 10059 11068
l 10059 11070
l 10060 11071
l 10061 10755
l 10065 10759
l 10066 10760
l 10068 10762
l 10069 10763
l 10070 10764
l 10071 11073
l 10072 11072
l 10072 11074
l 10073 10765
l 10074 11076
l 10075 10766
l 10075 11077
l 10076 11078
l 10080 10770
l 10082 10772
l 10083 10773
l 10084 10774
l 10085 10775
l 10086 10776
l 10087 11079
l 10090 10778
l 10091 11081
l 10092 10779
l 10092 11082
l 10093 11083
l 10097 10783
l 10098 10784
l 10099 10785
l 10100 10786
l 10102 10788
l 10102 11084
l 10103 11085
l 10104 10789
l 10105 11086
l 10105 11087
l 10108 10792
l 10109 11088
l 10110 10793
l 10110 11089
l 10111 11090
l 10113 10795
l 10114 10796
l 10115 10797
l 10116 10798
l 10119 10801
l 10120 11091
l 10122 10803
l 10123 11092
l 10123 11093
l 10125 10805
l 10126 11094
l 10126 11095
l 10127 10806
l 10127 11096
l 10128 11097
l 10129 10807
l 10130 10808
l 10131 10809
l 10132 10810
l 10136 10814
l 10136 11098
l 10137 11099
l 10139 10816
l 10140 11100
l 10140 11101
l 10141 10817
l 10142 11102
l 10142 11103
l 10143 10818
l 10143 11104
l 10144 11105
l 10145 10819
l 10146 10820
l 10147 10821
l 10149 10823
l 10153 10827
l 10153 11106
l 10154 11107
l 10155 10828
l 10156 11108
l 10157 10829
l 10158 11109
l 10158 11110
l 10159 10830
l 10160 11111
l 10161 10831
l 10162 10832
l 10163 10833
l 10165 10835
l 10169 10839
l 10169 11112
l 10170 11113
l 10171 10840
l 10172 11114
l 10173 10841
l 10174 11115
l 10174 11116
l 10175 11117
l 10176 10842
l 10176 11118
l 10177 10843
l 10178 10844
l 10180 10846
l 10183 10849
l 10185 10851
l 10185 11119
l 10186 11120
l 10187 10852
l 10188 11121
l 10189 10853
l 10190 11122
l 10190 11123
l 10191 11124
l 10192 10854
l 10192 11125
l 10193 10855
l 10195 10857
l 10196 10858
l 10199 10861
l 10201 10863
l 10202 11126
l 10203 10864
l 10204 11127
l 10205 11128
l 10206 10865
l 10207 11129
l 10208 10866
l 10208 11130
l 10209 10867
l 10212 10870
l 10214 10872
l 10216 10874
l 10217 10875
l 10217 11131
l 10218 11132
l 10219 11133
l 10220 10876
l 10221 11134
l 10222 10877
l 10223 11135
l 10224 10878
l 10224 11136
l 10226 10880
l 10229 10883
l 10230 10884
l 10232 10886
l 10233 10887
l 10233 11137
l 10234 11138
l 10235 10888
l 10236 11139
l 10237 11140
l 10238 10889
l 10239 11141
l 10240 10890
l 10242 10892
l 10245 10895
l 10247 10897
l 10248 10898
l 10249 10899
l 10249 11142
l 10250 11143
l 10251 11144
l 10251 11145
l 10252 10900
l 10253 11146
l 10254 10901
l 10255 11147
l 10256 10902
l 10259 10905
l 10262 10908
l 10263 10909
l 10264 10910
l 10265 11148
l 10266 10911
l 10266 11149
l 10267 11150
l 10267 11151
l 10268 10912
l 10269 11152
l 10269 11153
l 10270 10913
l 10271 11154
l 10272 10914
l 10277 10919
l 10278 10920
l 10279 10921
l 10280 10922
l 10281 11155
l 10282 10923
l 10282 11156
l 10283 11157
l 10283 11158
l 10284 10924
l 10285 11159
l 10285 11160
l 10287 10926
l 10288 11161
l 10289 10927
l 10289 11162
l 10293 10931
l 10294 10932
l 10295 10933
l 10296 10934
l 10297 11163
l 10298 10935
l 10298 11164
l 10300 11165
l 10300 11166
l 10301 10937
l 10303 11167
l 10303 11168
l 10303 11169
l 10304 10939
l 10305 11170
l 10307 10941
l 10307 11171
l 10309 10943
l 10310 10944
l 10311 10945
l 10312 10946
l 10314 11172
l 10316 10949
l 10316 11173
l 10317 11174
l 10319 10951
l 10320 11175
l 10320 11176
l 10321 10952
l 10323 11177
l 10324 10954
l 10324 11178
l 10325 10955
l 10326 10956
l 10327 10957
l 10328 10958
l 10332 11179
l 10334 10963
l 10334 11180
l 10335 11181
l 10336 11182
l 10337 10964
l 10338 11183
l 10339 10965
l 10340 10966
l 10340 11184
l 10341 10967
l 10342 10968
l 10343 10969
l 10346 10972
l 10349 11185
l 10350 10975
l 10351 11186
l 10351 11187
l 10352 11188
l 10352 11190
l 10353 10976
l 10354 11189
l 10355 10977
l 10356 10978
l 10358 10980
l 10361 10983
l 10363 10985
l 10364 10986
l 10365 11191
l 10366 11192
l 10366 11193
l 10367 10987
l 10368 11194
l 10368 11196
l 10369 10988
l 10370 11195
l 10371 10989
l 10373 10991
l 10373 11197
l 10377 10995
l 10378 10996
l 10379 10997
l 10380 10998
l 10385 11198
l 10386 11199
l 10386 11200
l 10387 11003
l 10388 11201
l 10389 11202
l 10390 11004
l 10391 11005
l 10391 11203
l 10392 11006
l 10399 11013
l 10400 11014
l 10401 11015
l 10402 11016
l 10403 11204
l 10404 11205
l 10405 11206
l 10406 11207
l 10406 11209
l 10407 11017
l 10407 11208
l 10408 11018
l 10409 11019
l 10410 11020
l 10410 11210
l 10411 11021
l 10412 11022
l 10413 11023
l 10414 11024
l 10415 11211
l 10416 11212
l 10417 11213
l 10418 11214
l 10419 11025
l 10420 11026
l 10421 11027
l 10421 11215
l 10422 11028
l 10423 11029
l 10424 11030
l 10425 11216
l 10426 11217
l 10427 11218
l 10428 11219
l 10429 11031
l 10430 11032
l 10431 11033
l 10431 11220
l 10432 11034
l 10433 11035
l 10434 11036
l 10435 11037
l 10436 11038
l 10440 10443
l 10441 10452
l 10442 10445
l 10444 10447
l 10446 10447
l 10448 10449
l 10450 10497
l 10451 10453
l 10454 10455
l 10454 10456
l 10456 10458
l 10457 10459
l 10458 10460
l 10459 10461
l 10460 10462
l 10461 10463
l 10462 10464
l 10464 10466
l 10465 10467
l 10466 10468
l 10467 10469
l 10468 10470
l 10469 10471
l 10470 10472
l 10471 10473
l 10472 10474
l 10473 10475
l 10474 10476
l 10475 10477
l 10476 10478
l 10477 10479
l 10478 10480
l 10479 10481
l 10482 10484
l 10483 10485
l 10485 10487
l 10486 10488
l 10487 10489
l 10488 10490
l 10489 10491
l 10490 10492
l 10491 10493
l 10492 10494
l 10493 10495
l 10494 10496
l 10495 10498
l 10496 10499
l 10497 10515
l 10498 10500
l 10500 10502
l 10501 10503
l 10502 10504
l 10503 10505
l 10505 10507
l 10506 10508
l 10507 10509
l 10508 10510
l 10509 10511
l 10510 10512
l 10511 10512
l 10513 11405
l 10514 11406
l 10516 10517
l 10516 10518
l 10517 10519
l 10518 10520
l 10519 10524
l 10520 10527
l 10521 10522
l 10521 10523
l 10522 10525
l 10523 10526
l 10524 10530
l 10525 10528
l 10526 10529
l 10527 10531
l 10528 10532
l 10529 10533
l 10530 10534
l 10531 10535
l 10532 10536
l 10533 10537
l 10534 10538
l 10535 10539
l 10536 10540
l 10537 10541
l 10538 10542
l 10539 10543
l 10540 10544
l 10541 10545
l 10542 10546
l 10543 10547
l 10544 10548
l 10545 10549
l 10546 10550
l 10547 10551
l 10549 10553
l 10550 10554
l 10551 10555
l 10552 10556
l 10553 10557
l 10554 10558
l 10555 10559
l 10556 10560
l 10557 10561
l 10558 10562
l 10559 10563
l 10560 10564
l 10561 10565
l 10562 10566
l 10563 10567
l 10564 10568
l 10565 10569
l 10566 10570
l 10567 10571
l 10568 10572
l 10569 10573
l 10570 10574
l 10571 10577
l 10572 10575
l 10573 10576
l 10574 10580
l 10575 10578
l 10576 10579
l 10577 10581
l 10578 10582
l 10579 10583
l 10580 10584
l 10581 10585
l 10582 10586
l 10583 10587
l 10584 10588
l 10585 10589
l 10586 10590
l 10587 10591
l 10588 10592
l 10589 10593
l 10590 10594
l 10591 10595
l 10592 10596
l 10593 10597
l 10594 10598
l 10595 10599
l 10597 10601
l 10598 10602
l 10599 10603
l 10600 10604
l 10601 10605
l 10602 10606
l 10603 10607
l 10604 10608
l 10605 10609
l 10606 10610
l 10607 10611
l 10608 10612
l 10609 10613
l 10610 10614
l 10611 10615
l 10612 10616
l 10613 10617
l 10614 10618
l 10615 10619
l 10616 10620
l 10617 10621
l 10618 10622
l 10619 10623
l 10620 10626
l 10621 10627
l 10622 10624
l 10623 10625
l 10624 10628
l 10625 10629
l 10626 10631
l 10627 10632
l 10628 10630
l 10629 10630
l 10631 10633
l 10632 10634
l 10633 10635
l 10634 10635
l 10636 10637
l 10636 10638
l 10637 10639
l 10638 10640
l 10639 10641
l 10640 10642
l 10641 10643
l 10642 10644
l 10643 10645
l 10644 10646
l 10645 10647
l 10646 10648
l 10647 10649
l 10648 10650
l 10649 10651
l 10650 10652
l 10651 10653
l 10652 10654
l 10653 10655
l 10654 10656
l 10655 10657
l 10656 10658
l 10657 10659
l 10658 10660
l 10659 10661
l 10660 10662
l 10661 10663
l 10662 10664
l 10663 10666
l 10664 10667
l 10665 11569
l 10666 10668
l 10667 10669
l 10668 10670
l 10669 10671
l 10670 10672
l 10671 10673
l 10672 10674
l 10673 10675
l 10674 10676
l 10675 10677
l 10676 10678
l 10677 10679
l 10678 10680
l 10679 10681
l 10680 10682
l 10681 10683
l 10682 10684
l 10683 10685
l 10684 10686
l 10685 10687
l 10686 10688
l 10687 10689
l 10688 10690
l 10689 10691
l 10690 10692
l 10691 10693
l 10692 10694
l 10693 10695
l 10694 10696
l 10695 10696
l 11221 11222
l 11221 11223
l 11222 11224
l 11223 11225
l 11224 11226
l 11225 11227
l 11226 11228
l 11227 11229
l 11228 11230
l 11229 11231
l 11230 11232
l 11231 11233
l 11232 11234
l 11233 11235
l 11234 11236
l 11235 11237
l 11236 11238
l 11237 11239
l 11238 11240
l 11239 11241
l 11240 11242
l 11241 11243
l 11242 11244
l 11243 11245
l 11244 11246
l 11245 11247
l 11246 11248
l 11247 11249
l 11248 11250
l 11249 11251
l 11250 11252
l 11251 11253
l 11252 11254
l 11253 11255
l 11254 11256
l 11255 11257
l 11256 11258
l 11257 11259
l 11258 11260
l 11259 11261
l 11260 11262
l 11261 11263
l 11262 11264
l 11263 11265
l 11264 11266
l 11265 11267
l 11266 11268
l 11267 11269
l 11268 11270
l 11269 11271
l 11270 11272
l 11271 11273
l 11272 11274
l 11273 11275
l 11274 11276
l 11275 11277
l 11276 11278
l 11277 11279
l 11278 11280
l 11279 11280
l 11283 11707
l 11284 11285
l 11284 11286
l 11285 11287
l 11286 11288
l 11287 11289
l 11288 11290
l 11289 11291
l 11290 11292
l 11291 11293
l 11292 11294
l 11293 11295
l 11294 11296
l 11295 11297
l 11296 11298
l 11297 11299
l 11298 11300
l 11299 11301
l 11300 11302
l 11301 11303
l 11302 11304
l 11303 11305
l 11304 11306
l 11305 11307
l 11306 11308
l 11307 11309
l 11308 11310
l 11309 11311
l 11310 11312
l 11311 11313
l 11312 11314
l 11313 11315
l 11314 11316
l 11315 11317
l 11316 11318
l 11317 11319
l 11318 11320
l 11319 11321
l 11320 11322
l 11321 11323
l 11322 11324
l 11323 11325
l 11324 11326
l 11325 11327
l 11326 11328
l 11327 11329
l 11328 11330
l 11329 11331
l 11330 11332
l 11331 11333
l 11332 11334
l 11333 11335
l 11334 11336
l 11335 11337
l 11336 11338
l 11337 11339
l 11338 11340
l 11339 11341
l 11340 11342
l 11341 11343
l 11342 11343
l 11344 11345
l 11344 11346
l 11345 11347
l 11346 11348
l 11347 11349
l 11348 11350
l 11349 11351
l 11350 11352
l 11351 11353
l 11352 11354
l 11353 11355
l 11354 11356
l 11355 11357
l 11356 11358
l 11357 11359
l 11358 11360
l 11359 11361
l 11360 11362
l 11361 11363
l 11362 11364
l 11363 11365
l 11364 11366
l 11365 11367
l 11366 11368
l 11367 11369
l 11368 11370
l 11369 11371
l 11370 11372
l 11371 11373
l 11372 11374
l 11373 11375
l 11374 11376
l 11375 11377
l 11376 11378
l 11377 11379
l 11378 11380
l 11379 11381
l 11380 11382
l 11381 11383
l 11382 11384
l 11383 11385
l 11384 11386
l 11385 11387
l 11386 11388
l 11387 11389
l 11388 11390
l 11389 11391
l 11390 11392
l 11391 11393
l 11392 11394
l 11393 11395
l 11394 11396
l 11395 11397
l 11396 11398
l 11397 11399
l 11398 11400
l 11399 11401
l 11400 11402
l 11401 11403
l 11402 11403
l 11404 11484
l 11405 11695
l 11406 11696
l 11407 11408
l 11407 11409
l 11408 11410
l 11409 11411
l 11410 11412
l 11411 11413
l 11412 11414
l 11413 11415
l 11414 11416
l 11415 11417
l 11416 11418
l 11417 11419
l 11418 11420
l 11419 11421
l 11420 11422
l 11421 11423
l 11422 11424
l 11423 11425
l 11424 11426
l 11425 11427
l 11426 11428
l 11427 11429
l 11428 11430
l 11429 11431
l 11430 11432
l 11431 11433
l 11432 11434
l 11433 11435
l 11434 11436
l 11435 11437
l 11436 11438
l 11437 11439
l 11438 11440
l 11439 11441
l 11440 11442
l 11441 11443
l 11442 11444
l 11443 11445
l 11444 11446
l 11445 11446
l 11447 11448
l 11447 11449
l 11448 11450
l 11449 11451
l 11450 11452
l 11451 11453
l 11452 11454
l 11453 11455
l 11454 11456
l 11455 11457
l 11456 11458
l 11457 11459
l 11458 11460
l 11459 11461
l 11460 11462
l 11461 11463
l 11462 11464
l 11463 11465
l 11464 11466
l 11465 11467
l 11466 11468
l 11467 11469
l 11468 11470
l 11469 11471
l 11470 11472
l 11471 11473
l 11472 11474
l 11473 11475
l 11474 11476
l 11475 11477
l 11476 11478
l 11477 11479
l 11478 11480
l 11479 11481
l 11480 11482
l 11481 11483
l 11482 11485
l 11483 11486
l 11484 11692
l 11485 11487
l 11486 11488
l 11487 11489
l 11488 11490
l 11489 11491
l 11490 11492
l 11491 11493
l 11492 11494
l 11493 11495
l 11494 11496
l 11495 11497
l 11496 11498
l 11497 11499
l 11498 11500
l 11499 11501
l 11500 11502
l 11501 11503
l 11502 11504
l 11503 11505
l 11504 11506
l 11505 11507
l 11506 11507
l 11508 11509
l 11508 11510
l 11509 11511
l 11510 11512
l 11511 11513
l 11512 11514
l 11513 11515
l 11514 11516
l 11515 11517
l 11516 11518
l 11517 11519
l 11518 11520
l 11519 11521
l 11520 11522
l 11521 11523
l 11522 11524
l 11523 11525
l 11524 11526
l 11525 11527
l 11526 11528
l 11527 11529
l 11528 11530
l 11529 11531
l 11530 11532
l 11531 11533
l 11532 11534
l 11533 11535
l 11534 11536
l 11535 11537
l 11536 11538
l 11537 11539
l 11538 11540
l 11539 11541
l 11540 11542
l 11541 11543
l 11542 11544
l 11543 11545
l 11544 11546
l 11545 11547
l 11546 11548
l 11547 11549
l 11548 11550
l 11549 11551
l 11550 11552
l 11551 11553
l 11552 11554
l 11553 11555
l 11554 11556
l 11555 11557
l 11556 11558
l 11557 11559
l 11558 11560
l 11559 11561
l 11560 11562
l 11561 11563
l 11562 11564
l 11563 11565
l 11564 11566
l 11565 11567
l 11566 11567
l 11568 11701
l 11568 11706
l 11569 11712
l 11570 11691
l 11571 11572
l 11571 11573
l 11572 11574
l 11573 11575
l 11574 11576
l 11575 11577
l 11576 11578
l 11577 11579
l 11578 11580
l 11579 11581
l 11580 11582
l 11581 11583
l 11582 11584
l 11583 11585
l 11584 11586
l 11585 11587
l 11586 11588
l 11587 11589
l 11588 11590
l 11589 11591
l 11590 11592
l 11591 11593
l 11592 11594
l 11593 11595
l 11594 11596
l 11595 11597
l 11596 11598
l 11597 11599
l 11598 11600
l 11599 11601
l 11600 11602
l 11601 11603
l 11602 11604
l 11603 11605
l 11604 11606
l 11605 11607
l 11606 11608
l 11607 11609
l 11608 11610
l 11609 11611
l 11610 11612
l 11611 11613
l 11612 11614
l 11613 11615
l 11614 11616
l 11615 11617
l 11616 11618
l 11617 11619
l 11618 11620
l 11619 11621
l 11620 11622
l 11621 11623
l 11622 11624
l 11623 11625
l 11624 11626
l 11625 11627
l 11626 11628
l 11627 11629
l 11628 11630
l 11629 11630
l 11631 11632
l 11631 11633
l 11632 11634
l 11633 11635
l 11634 11636
l 11635 11637
l 11636 11638
l 11637 11639
l 11638 11640
l 11639 11641
l 11640 11642
l 11641 11643
l 11642 11644
l 11643 11645
l 11644 11646
l 11645 11647
l 11646 11648
l 11647 11649
l 11648 11650
l 11649 11651
l 11650 11652
l 11651 11653
l 11652 11654
l 11653 11655
l 11654 11656
l 11655 11657
l 11656 11658
l 11657 11659
l 11658 11660
l 11659 11661
l 11660 11662
l 11661 11663
l 11662 11664
l 11663 11665
l 11664 11666
l 11665 11667
l 11666 11668
l 11667 11669
l 11668 11670
l 11669 11671
l 11670 11672
l 11671 11673
l 11672 11674
l 11673 11675
l 11674 11676
l 11675 11677
l 11676 11678
l 11677 11679
l 11678 11680
l 11679 11681
l 11680 11682
l 11681 11683
l 11682 11684
l 11683 11685
l 11684 11686
l 11685 11687
l 11686 11688
l 11687 11689
l 11688 11690
l 11689 11690
l 11691 11698
l 11692 11693
l 11693 11694
l 11695 11702
l 11696 11703
l 11697 11699
l 11700 11704
l 11700 11705
l 11701 11712
l 11702 11708
l 11703 11708
l 11709 11715
l 11710 11716
l 11711 11723
l 11712 11714
l 11713 11722
l 11714 11717
l 11715 11733
l 11718 11731
l 11719 11733
l 11720 11721
l 11723 11739
l 11724 11729
l 11725 11729
l 11726 11799
l 11727 11733
l 11728 11735
l 11728 11738
l 11729 11733
l 11730 11733
l 11731 11748
l 11732 11746
l 11734 11741
l 11735 11742
l 11736 11743
l 11737 11747
l 11738 11775
l 11740 11785
l 11740 11791
l 11741 11775
l 11742 11752
l 11743 11745
l 11743 11753
l 11744 11802
l 11747 11757
l 11748 11803
l 11749 11750
l 11751 11756
l 11752 11778
l 11754 11825
l 11755 11826
l 11757 11780
l 11758 11760
l 11759 11761
l 11760 11762
l 11761 11763
l 11762 11764
l 11763 11765
l 11764 11766
l 11765 11767
l 11766 11768
l 11767 11769
l 11768 11770
l 11769 11770
l 11771 11772
l 11771 11782
l 11773 11783
l 11774 11783
l 11775 11788
l 11776 11777
l 11776 11786
l 11776 11787
l 11778 11789
l 11778 11794
l 11778 11795
l 11779 11790
l 11780 11781
l 11784 11811
l 11788 11793
l 11789 11796
l 11792 11804
l 11793 11800
l 11794 11805
l 11797 11801
l 11798 11817
l 11799 11829
l 11800 11805
l 11805 11807
l 11806 11809
l 11808 11819
l 11810 11814
l 11812 11813
l 11815 11816
l 11818 11820
l 11820 11821
l 11822 11823
l 11824 11911
l 11825 11837
l 11826 11838
l 11827 11890
l 11828 11891
l 11830 11850
l 11831 11851
l 11832 11833
l 11832 12080
l 11833 11834
l 11834 12081
l 11835 12082
l 11836 12083
l 11839 11852
l 11840 11853
l 11841 11842
l 11842 11843
l 11843 11848
l 11844 11865
l 11845 11866
l 11846 11867
l 11847 11868
l 11849 12121
l 11850 11892
l 11851 11893
l 11852 11874
l 11853 11875
l 11854 11855
l 11855 11856
l 11856 11858
l 11856 11859
l 11857 11861
l 11858 11869
l 11859 11869
l 11860 11864
l 11862 11941
l 11863 11942
l 11864 11869
l 11865 11886
l 11866 11887
l 11867 11888
l 11868 11889
l 11870 11872
l 11871 11873
l 11872 11874
l 11873 11875
l 11876 11909
l 11877 11910
l 11878 11882
l 11879 11883
l 11880 11884
l 11881 11885
l 11882 11886
l 11883 11887
l 11884 11888
l 11885 11889
l 11890 11964
l 11891 11965
l 11894 11929
l 11895 12110
l 11896 12112
l 11897 11901
l 11898 11902
l 11899 11903
l 11900 11904
l 11901 11905
l 11902 11906
l 11903 11907
l 11904 11908
l 11905 11924
l 11906 11925
l 11907 11926
l 11908 11927
l 11909 11949
l 11910 11950
l 11911 12045
l 11912 12079
l 11913 12007
l 11914 12008
l 11915 11917
l 11916 11918
l 11917 11919
l 11918 11920
l 11919 11939
l 11920 11940
l 11921 12091
l 11922 12096
l 11923 12090
l 11924 11943
l 11925 11944
l 11926 11945
l 11927 11946
l 11928 11930
l 11929 11987
l 11935 12064
l 11936 12065
l 11937 12066
l 11938 12067
l 11939 11947
l 11940 11948
l 11941 12029
l 11942 12030
l 11951 12137
l 11952 12127
l 11953 11954
l 11954 11955
l 11956 11957
l 11957 11958
l 11966 12111
l 11967 12113
l 11968 12114
l 11969 11970
l 11970 11971
l 11971 11988
l 11972 11973
l 11973 11974
l 11974 11989
l 11975 12062
l 11976 11977
l 11977 11978
l 11979 12241
l 11980 12242
l 11981 12243
l 11982 12244
l 11983 12058
l 11984 12059
l 11985 12060
l 11986 12061
l 11988 11997
l 11989 12000
l 11990 11991
l 11990 11992
l 11991 11993
l 11992 11993
l 11994 11995
l 11995 11996
l 11998 11999
l 11999 12001
l 12002 12094
l 12003 12004
l 12005 12036
l 12006 12039
l 12007 12106
l 12008 12107
l 12009 12010
l 12010 12011
l 12011 12012
l 12012 12013
l 12013 12023
l 12014 12015
l 12015 12016
l 12016 12017
l 12017 12018
l 12019 12074
l 12020 12075
l 12021 12076
l 12022 12077
l 12027 12202
l 12028 12203
l 12031 12040
l 12032 12033
l 12033 12035
l 12034 12041
l 12036 12057
l 12037 12139
l 12038 12140
l 12039 12071
l 12040 12044
l 12041 12048
l 12042 12043
l 12043 12044
l 12046 12047
l 12047 12048
l 12049 12192
l 12050 12193
l 12051 12194
l 12052 12195
l 12053 12196
l 12054 12198
l 12055 12197
l 12056 12199
l 12057 12103
l 12058 12138
l 12059 12139
l 12060 12140
l 12061 12141
l 12062 12149
l 12063 12182
l 12064 12201
l 12065 12202
l 12066 12203
l 12067 12204
l 12068 12069
l 12068 12088
l 12069 12070
l 12070 12089
l 12071 12108
l 12072 12093
l 12073 12092
l 12074 12128
l 12075 12129
l 12076 12130
l 12077 12131
l 12078 12095
l 12079 12345
l 12080 12470
l 12081 12472
l 12082 12473
l 12083 12474
l 12088 12098
l 12089 12097
l 12090 12300
l 12091 12346
l 12092 12100
l 12093 12099
l 12094 12160
l 12095 12102
l 12096 12356
l 12098 12115
l 12099 12116
l 12101 12109
l 12103 12120
l 12108 12142
l 12109 12124
l 12110 12468
l 12111 12391
l 12112 12469
l 12115 12150
l 12116 12151
l 12117 12119
l 12117 12122
l 12118 12126
l 12118 12133
l 12118 12134
l 12119 12123
l 12121 12476
l 12122 12144
l 12125 12435
l 12126 12145
l 12127 12447
l 12132 12156
l 12134 12147
l 12135 12159
l 12136 12155
l 12137 12457
l 12143 12171
l 12144 12154
l 12146 12184
l 12148 12189
l 12152 12408
l 12153 12429
l 12154 12163
l 12155 12180
l 12156 12181
l 12157 12161
l 12158 12179
l 12159 12188
l 12161 12167
l 12162 12354
l 12163 12228
l 12164 12227
l 12165 12436
l 12166 12437
l 12167 12240
l 12168 12169
l 12169 12170
l 12171 12277
l 12172 12229
l 12176 12177
l 12177 12178
l 12183 12209
l 12184 12317
l 12189 12317
l 12190 12452
l 12191 12453
l 12200 12205
l 12205 12206
l 12207 12208
l 12210 12344
l 12211 12283
l 12212 12213
l 12213 12214
l 12215 12216
l 12216 12217
l 12218 12279
l 12219 12280
l 12220 12222
l 12221 12223
l 12222 12225
l 12223 12226
l 12224 12235
l 12227 12353
l 12228 12364
l 12229 12357
l 12230 12301
l 12231 12302
l 12232 12303
l 12233 12304
l 12234 12236
l 12235 12237
l 12236 12238
l 12237 12239
l 12240 12365
l 12241 12490
l 12242 12492
l 12243 12493
l 12244 12497
l 12245 12246
l 12246 12247
l 12248 12249
l 12249 12250
l 12251 12299
l 12251 12318
l 12253 12284
l 12254 12295
l 12255 12256
l 12256 12265
l 12257 12259
l 12258 12259
l 12259 12260
l 12259 12261
l 12262 12263
l 12263 12264
l 12266 12274
l 12267 12276
l 12274 12275
l 12275 12276
l 12278 12355
l 12279 12319
l 12280 12320
l 12283 12355
l 12285 12287
l 12286 12288
l 12287 12289
l 12288 12290
l 12291 12312
l 12292 12293
l 12293 12294
l 12295 12312
l 12296 12297
l 12297 12298
l 12301 12374
l 12302 12375
l 12303 12376
l 12304 12377
l 12305 12307
l 12305 12309
l 12306 12308
l 12306 12310
l 12306 12324
l 12307 12311
l 12308 12312
l 12313 12315
l 12314 12316
l 12315 12319
l 12316 12320
l 12318 12378
l 12324 12352
l 12344 12394
l 12350 12351
l 12351 12352
l 12354 12454
l 12355 12392
l 12355 12393
l 12358 12360
l 12359 12361
l 12360 12362
l 12361 12363
l 12366 12370
l 12367 12371
l 12368 12372
l 12369 12373
l 12370 12374
l 12371 12375
l 12372 12376
l 12373 12377
l 12378 12407
l 12388 12389
l 12389 12390
l 12393 12434
l 12407 12440
l 12408 12477
l 12409 12410
l 12410 12411
l 12412 12414
l 12413 12415
l 12414 12416
l 12415 12417
l 12418 12419
l 12419 12420
l 12421 12425
l 12422 12426
l 12423 12427
l 12424 12428
l 12425 12430
l 12426 12431
l 12427 12432
l 12428 12433
l 12429 12480
l 12430 12448
l 12431 12449
l 12432 12450
l 12433 12451
l 12436 12478
l 12437 12479
l 12438 12441
l 12439 12442
l 12441 12444
l 12442 12445
l 12443 12456
l 12444 12458
l 12445 12459
l 12446 12463
l 12448 12460
l 12449 12463
l 12450 12464
l 12451 12461
l 12452 12483
l 12453 12484
l 12455 12462
l 12458 12465
l 12459 12466
l 12462 12467
l 12470 12471
l 12471 12472
l 12475 12482
l 12481 12501
l 12482 12505
l 12485 12488
l 12486 12487
l 12487 12488
l 12489 12498
l 12498 12499
l 12499 12500
l 12501 12512
l 12502 12503
l 12503 12504
l 12509 12510
l 12510 12511
l 12516 12517
l 12517 12518
l 12519 12525
l 12520 12526
l 12521 12527
l 12522 12528
l 12523 12529
l 12524 12530
l 12525 12537
l 12526 12538
l 12527 12539
l 12528 12540
l 12529 12541
l 12530 12542
l 12531 12568
l 12532 12574
l 12533 12575
l 12534 12577
l 12535 12578
l 12536 12583
l 12543 12596
l 12544 12569
l 12545 12570
l 12546 12547
l 12548 12572
l 12549 12571
l 12549 12573
l 12550 12551
l 12552 12553
l 12554 12580
l 12555 12556
l 12559 12586
l 12560 12587
l 12560 12597
l 12561 12588
l 12562 12589
l 12562 12598
l 12563 12590
l 12564 12592
l 12565 12593
l 12566 12594
l 12567 12595
l 12568 12610
l 12569 12579
l 12570 12580
l 12571 12580
l 12572 12581
l 12573 12582
l 12574 12611
l 12575 12612
l 12576 12601
l 12577 12613
l 12578 12614
l 12583 12615
l 12586 12601
l 12587 12602
l 12588 12603
l 12589 12604
l 12590 12605
l 12591 12606
l 12592 12606
l 12593 12607
l 12594 12608
l 12595 12609
l 12596 12616
