# feature-edge wireframe (20 derece), ISO 8855, metre
o wheel_6_wire
v 0.20600 0.20250 -0.40500
v 0.22800 0.20250 -0.39400
v 0.24700 0.20250 -0.38100
v -0.24700 0.20250 -0.38100
v -0.26700 0.20250 -0.36800
v -0.28600 0.20250 -0.35300
v -0.35300 0.20250 -0.28600
v -0.36800 0.20250 -0.26700
v -0.38100 0.20250 -0.24700
v 0.41600 0.20250 -0.18500
v 0.42400 0.20250 -0.16300
v 0.43300 0.20250 -0.14000
v 0.43900 0.20250 -0.11700
v 0.43900 0.20250 0.11800
v 0.43300 0.20250 0.14100
v 0.42400 0.20250 0.16300
v 0.41600 0.20250 0.18500
v 0.40500 0.20250 0.20600
v 0.24700 0.20250 0.38100
v 0.22800 0.20250 0.39400
v 0.20600 0.20250 0.40500
v 0.18500 0.20250 0.41600
v -0.18500 0.20250 0.41600
v 0.16300 0.20250 0.42400
v -0.16300 0.20250 0.42400
v 0.14100 0.20250 0.43300
v -0.14000 0.20250 0.43300
v 0.11800 0.20250 0.43900
v -0.11700 0.20250 0.43900
v 0.00000 0.19950 -0.47000
v 0.02500 0.19950 -0.46900
v -0.02400 0.19950 -0.46900
v 0.04900 0.19950 -0.46700
v -0.04900 0.19950 -0.46700
v 0.07400 0.19950 -0.46300
v -0.07300 0.19950 -0.46300
v 0.09800 0.19950 -0.46000
v -0.09800 0.19950 -0.46000
v 0.12200 0.19950 -0.45300
v -0.12100 0.19950 -0.45300
v 0.14500 0.19950 -0.44700
v -0.14500 0.19950 -0.44700
v 0.16800 0.19950 -0.43800
v -0.16800 0.19950 -0.43800
v 0.19100 0.19950 -0.42900
v -0.19100 0.19950 -0.42900
v 0.21300 0.19950 -0.41800
v -0.21300 0.19950 -0.41800
v 0.23500 0.19950 -0.40700
v -0.23500 0.19950 -0.40700
v 0.25600 0.19950 -0.39300
v -0.25500 0.19950 -0.39300
v 0.27600 0.19950 -0.38000
v -0.27600 0.19950 -0.38000
v 0.29600 0.19950 -0.36500
v -0.29500 0.19950 -0.36500
v 0.31500 0.19950 -0.34900
v -0.31400 0.19950 -0.34900
v 0.33200 0.19950 -0.33200
v -0.33200 0.19950 -0.33200
v 0.34900 0.19950 -0.31400
v -0.34900 0.19950 -0.31400
v 0.36500 0.19950 -0.29500
v -0.36500 0.19950 -0.29500
v 0.38000 0.19950 -0.27600
v -0.38000 0.19950 -0.27600
v -0.39300 0.19950 -0.25600
v 0.39400 0.19950 -0.25500
v 0.40700 0.19950 -0.23500
v -0.40700 0.19950 -0.23500
v 0.41800 0.19950 -0.21300
v -0.41800 0.19950 -0.21300
v 0.42900 0.19950 -0.19100
v -0.42900 0.19950 -0.19100
v 0.43800 0.19950 -0.16800
v -0.43800 0.19950 -0.16800
v 0.44700 0.19950 -0.14500
v -0.44700 0.19950 -0.14500
v 0.45300 0.19950 -0.12100
v -0.45300 0.19950 -0.12100
v 0.46000 0.19950 -0.09800
v -0.46000 0.19950 -0.09800
v 0.46400 0.19950 -0.07300
v -0.46300 0.19950 -0.07300
v 0.46700 0.19950 -0.04900
v -0.46700 0.19950 -0.04900
v -0.46800 0.19950 -0.02500
v 0.46900 0.19950 -0.02400
v 0.47000 0.19950 0.00000
v -0.47000 0.19950 0.00000
v 0.46900 0.19950 0.02500
v -0.46800 0.19950 0.02500
v 0.46700 0.19950 0.04900
v -0.46700 0.19950 0.04900
v -0.46300 0.19950 0.07300
v 0.46400 0.19950 0.07400
v 0.46000 0.19950 0.09800
v -0.46000 0.19950 0.09800
v 0.45300 0.19950 0.12200
v -0.45300 0.19950 0.12200
v 0.44700 0.19950 0.14500
v -0.44700 0.19950 0.14500
v 0.43800 0.19950 0.16800
v -0.43800 0.19950 0.16800
v 0.42900 0.19950 0.19100
v -0.42900 0.19950 0.19100
v 0.41800 0.19950 0.21300
v -0.41800 0.19950 0.21300
v 0.40700 0.19950 0.23500
v -0.40700 0.19950 0.23500
v 0.39400 0.19950 0.25600
v -0.39300 0.19950 0.25600
v 0.38000 0.19950 0.27600
v -0.38000 0.19950 0.27600
v 0.36500 0.19950 0.29500
v -0.36500 0.19950 0.29500
v 0.34900 0.19950 0.31500
v -0.34900 0.19950 0.31500
v 0.33200 0.19950 0.33200
v -0.33200 0.19950 0.33200
v 0.31500 0.19950 0.34900
v -0.31400 0.19950 0.34900
v 0.29500 0.19950 0.36500
v -0.29500 0.19950 0.36500
v 0.27600 0.19950 0.38000
v -0.27600 0.19950 0.38000
v 0.25600 0.19950 0.39400
v -0.25500 0.19950 0.39400
v 0.23500 0.19950 0.40700
v -0.23500 0.19950 0.40700
v 0.21300 0.19950 0.41800
v -0.21300 0.19950 0.41800
v 0.19100 0.19950 0.42900
v -0.19100 0.19950 0.42900
v 0.16800 0.19950 0.43800
v -0.16800 0.19950 0.43800
v 0.14500 0.19950 0.44700
v -0.14500 0.19950 0.44700
v 0.12200 0.19950 0.45300
v -0.12100 0.19950 0.45300
v 0.09800 0.19950 0.46000
v -0.09800 0.19950 0.46000
v 0.07300 0.19950 0.46400
v -0.07300 0.19950 0.46400
v 0.04900 0.19950 0.46700
v -0.04900 0.19950 0.46700
v 0.02500 0.19950 0.46900
v -0.02400 0.19950 0.46900
v 0.00000 0.19950 0.47000
v 0.00000 0.19850 -0.46900
v 0.02500 0.19850 -0.46700
v -0.02400 0.19850 -0.46700
v 0.04900 0.19850 -0.46600
v -0.04900 0.19850 -0.46600
v 0.07300 0.19850 -0.46200
v -0.07300 0.19850 -0.46200
v 0.09800 0.19850 -0.45800
v -0.09700 0.19850 -0.45800
v 0.12100 0.19850 -0.45200
v -0.12100 0.19850 -0.45200
v 0.14500 0.19850 -0.44600
v -0.14500 0.19850 -0.44600
v 0.16800 0.19850 -0.43700
v -0.16800 0.19850 -0.43700
v 0.19100 0.19850 -0.42800
v -0.19100 0.19850 -0.42800
v 0.21300 0.19850 -0.41700
v -0.21200 0.19850 -0.41700
v 0.23500 0.19850 -0.40600
v -0.23400 0.19850 -0.40600
v 0.25500 0.19850 -0.39200
v -0.25500 0.19850 -0.39200
v 0.27600 0.19850 -0.37900
v -0.27500 0.19850 -0.37900
v 0.29500 0.19850 -0.36400
v -0.29400 0.19850 -0.36400
v 0.31400 0.19850 -0.34800
v -0.31400 0.19850 -0.34800
v 0.33100 0.19850 -0.33100
v -0.33100 0.19850 -0.33100
v 0.34800 0.19850 -0.31400
v -0.34800 0.19850 -0.31400
v 0.36400 0.19850 -0.29400
v -0.36400 0.19850 -0.29400
v 0.37900 0.19850 -0.27500
v -0.37900 0.19850 -0.27500
v 0.39300 0.19850 -0.25500
v -0.39200 0.19850 -0.25500
v 0.40600 0.19850 -0.23400
v -0.40600 0.19850 -0.23400
v 0.41700 0.19850 -0.21200
v -0.41700 0.19850 -0.21200
v 0.42800 0.19850 -0.19100
v -0.42800 0.19850 -0.19100
v 0.43700 0.19850 -0.16800
v -0.43700 0.19850 -0.16800
v 0.44600 0.19850 -0.14500
v -0.44600 0.19850 -0.14500
v 0.45200 0.19850 -0.12100
v -0.45200 0.19850 -0.12100
v 0.45900 0.19850 -0.09700
v -0.45800 0.19850 -0.09700
v 0.46200 0.19850 -0.07300
v -0.46200 0.19850 -0.07300
v 0.46600 0.19850 -0.04900
v -0.46600 0.19850 -0.04900
v 0.46800 0.19850 -0.02400
v -0.46700 0.19850 -0.02400
v 0.46900 0.19850 0.00000
v -0.46900 0.19850 0.00000
v 0.46800 0.19850 0.02500
v -0.46700 0.19850 0.02500
v 0.46600 0.19850 0.04900
v -0.46600 0.19850 0.04900
v 0.46200 0.19850 0.07300
v -0.46200 0.19850 0.07300
v 0.45900 0.19850 0.09800
v -0.45800 0.19850 0.09800
v 0.45200 0.19850 0.12100
v -0.45200 0.19850 0.12100
v 0.44600 0.19850 0.14500
v -0.44600 0.19850 0.14500
v 0.43700 0.19850 0.16800
v -0.43700 0.19850 0.16800
v 0.42800 0.19850 0.19100
v -0.42800 0.19850 0.19100
v 0.41700 0.19850 0.21300
v -0.41700 0.19850 0.21300
v 0.40600 0.19850 0.23400
v -0.40600 0.19850 0.23400
v 0.39300 0.19850 0.25500
v -0.39200 0.19850 0.25500
v 0.37900 0.19850 0.27600
v -0.37900 0.19850 0.27600
v 0.36400 0.19850 0.29500
v -0.36400 0.19850 0.29500
v 0.34800 0.19850 0.31400
v -0.34800 0.19850 0.31400
v 0.33100 0.19850 0.33100
v -0.33100 0.19850 0.33100
v 0.31400 0.19850 0.34800
v -0.31400 0.19850 0.34800
v 0.29500 0.19850 0.36400
v -0.29400 0.19850 0.36400
v 0.27600 0.19850 0.37900
v -0.27500 0.19850 0.37900
v 0.25500 0.19850 0.39300
v -0.25500 0.19850 0.39300
v 0.23500 0.19850 0.40600
v -0.23400 0.19850 0.40600
v 0.21300 0.19850 0.41700
v -0.21200 0.19850 0.41700
v 0.19100 0.19850 0.42800
v -0.19100 0.19850 0.42800
v 0.16800 0.19850 0.43700
v -0.16800 0.19850 0.43700
v 0.14500 0.19850 0.44600
v -0.14500 0.19850 0.44600
v 0.12100 0.19850 0.45200
v -0.12100 0.19850 0.45200
v 0.09800 0.19850 0.45900
v -0.09700 0.19850 0.45900
v 0.07300 0.19850 0.46200
v -0.07300 0.19850 0.46200
v 0.04900 0.19850 0.46600
v -0.04900 0.19850 0.46600
v 0.02500 0.19850 0.46800
v -0.02400 0.19850 0.46800
v 0.00000 0.19850 0.46900
v 0.00000 0.19450 -0.49300
v 0.02600 0.19450 -0.49200
v -0.02600 0.19450 -0.49200
v 0.05200 0.19450 -0.49100
v -0.05100 0.19450 -0.49100
v 0.07700 0.19450 -0.48600
v -0.07700 0.19450 -0.48600
v 0.10300 0.19450 -0.48200
v -0.10200 0.19450 -0.48200
v 0.12800 0.19450 -0.47600
v -0.12700 0.19450 -0.47600
v 0.15300 0.19450 -0.46900
v -0.15200 0.19450 -0.46900
v 0.17700 0.19450 -0.46000
v -0.17600 0.19450 -0.46000
v 0.20100 0.19450 -0.45100
v -0.20100 0.19450 -0.45100
v 0.22400 0.19450 -0.43900
v -0.22400 0.19450 -0.43900
v 0.24700 0.19450 -0.42700
v -0.24700 0.19450 -0.42700
v 0.26800 0.19450 -0.41300
v -0.26800 0.19450 -0.41300
v 0.29000 0.19450 -0.39900
v -0.29000 0.19450 -0.39900
v 0.31000 0.19450 -0.38300
v -0.31000 0.19450 -0.38300
v 0.33000 0.19450 -0.36700
v -0.33000 0.19450 -0.36700
v 0.34800 0.19450 -0.34800
v -0.34800 0.19450 -0.34800
v 0.36700 0.19450 -0.33000
v -0.36600 0.19450 -0.33000
v 0.38300 0.19450 -0.31000
v -0.38300 0.19450 -0.31000
v 0.39900 0.19450 -0.29000
v -0.39900 0.19450 -0.29000
v 0.41300 0.19450 -0.26800
v -0.41300 0.19450 -0.26800
v 0.42700 0.19450 -0.24700
v -0.42700 0.19450 -0.24700
v 0.43900 0.19450 -0.22400
v -0.43900 0.19450 -0.22400
v 0.45100 0.19450 -0.20100
v -0.45100 0.19450 -0.20100
v 0.46000 0.19450 -0.17600
v -0.46000 0.19450 -0.17600
v 0.46900 0.19450 -0.15200
v -0.46900 0.19450 -0.15200
v 0.47600 0.19450 -0.12700
v -0.47600 0.19450 -0.12700
v 0.48300 0.19450 -0.10200
v -0.48200 0.19450 -0.10200
v 0.48700 0.19450 -0.07700
v -0.48600 0.19450 -0.07700
v 0.49100 0.19450 -0.05100
v -0.49000 0.19450 -0.05100
v 0.49200 0.19450 -0.02600
v -0.49200 0.19450 -0.02600
v 0.49300 0.19450 0.00000
v -0.49300 0.19450 0.00000
v 0.49200 0.19450 0.02600
v -0.49200 0.19450 0.02600
v 0.49100 0.19450 0.05200
v -0.49000 0.19450 0.05200
v 0.48700 0.19450 0.07700
v -0.48600 0.19450 0.07700
v 0.48300 0.19450 0.10300
v -0.48200 0.19450 0.10300
v 0.47600 0.19450 0.12800
v -0.47600 0.19450 0.12800
v 0.46900 0.19450 0.15300
v -0.46900 0.19450 0.15300
v 0.46000 0.19450 0.17700
v -0.46000 0.19450 0.17700
v 0.45100 0.19450 0.20100
v -0.45100 0.19450 0.20100
v 0.43900 0.19450 0.22400
v -0.43900 0.19450 0.22400
v 0.42700 0.19450 0.24700
v -0.42700 0.19450 0.24700
v 0.41300 0.19450 0.26800
v -0.41300 0.19450 0.26800
v 0.39900 0.19450 0.29000
v -0.39900 0.19450 0.29000
v 0.38300 0.19450 0.31000
v -0.38300 0.19450 0.31000
v 0.36700 0.19450 0.33000
v -0.36600 0.19450 0.33000
v 0.34800 0.19450 0.34800
v -0.34800 0.19450 0.34800
v 0.33000 0.19450 0.36700
v -0.33000 0.19450 0.36700
v 0.31000 0.19450 0.38300
v -0.31000 0.19450 0.38300
v 0.29000 0.19450 0.39900
v -0.29000 0.19450 0.39900
v 0.26800 0.19450 0.41300
v -0.26800 0.19450 0.41300
v 0.24700 0.19450 0.42700
v -0.24700 0.19450 0.42700
v 0.22400 0.19450 0.43900
v -0.22400 0.19450 0.43900
v 0.20100 0.19450 0.45100
v -0.20100 0.19450 0.45100
v 0.17700 0.19450 0.46000
v -0.17600 0.19450 0.46000
v 0.15300 0.19450 0.46900
v -0.15200 0.19450 0.46900
v 0.12800 0.19450 0.47600
v -0.12700 0.19450 0.47600
v 0.10300 0.19450 0.48300
v -0.10200 0.19450 0.48300
v 0.07700 0.19450 0.48700
v -0.07700 0.19450 0.48700
v 0.05200 0.19450 0.49100
v -0.05100 0.19450 0.49100
v 0.02600 0.19450 0.49200
v -0.02600 0.19450 0.49200
v 0.00000 0.19450 0.49300
v -0.20000 0.19350 -0.44900
v -0.36600 0.19350 -0.32900
v -0.38200 0.19350 -0.30900
v -0.45900 0.19350 -0.17600
v 0.48500 0.19350 0.07700
v 0.48100 0.19350 0.10200
v -0.44900 0.19350 0.20000
v -0.43800 0.19350 0.22300
v 0.36600 0.19350 0.32900
v -0.36600 0.19350 0.32900
v 0.34800 0.19350 0.34800
v 0.12700 0.19350 0.47500
v 0.10200 0.19350 0.48100
v 0.00000 0.19250 -0.49100
v 0.02600 0.19250 -0.48900
v -0.02600 0.19250 -0.48900
v 0.05100 0.19250 -0.48800
v -0.05100 0.19250 -0.48800
v 0.07700 0.19250 -0.48400
v -0.07700 0.19250 -0.48400
v 0.10200 0.19250 -0.48000
v -0.10200 0.19250 -0.48000
v 0.12700 0.19250 -0.47300
v -0.12700 0.19250 -0.47300
v 0.15200 0.19250 -0.46700
v -0.15200 0.19250 -0.46700
v 0.17600 0.19250 -0.45700
v -0.17600 0.19250 -0.45700
v 0.20000 0.19250 -0.44800
v -0.19900 0.19250 -0.44800
v 0.22300 0.19250 -0.43700
v -0.22200 0.19250 -0.43700
v 0.24600 0.19250 -0.42500
v -0.24500 0.19250 -0.42500
v 0.26700 0.19250 -0.41100
v -0.26700 0.19250 -0.41100
v 0.28900 0.19250 -0.39700
v -0.28800 0.19250 -0.39700
v 0.30900 0.19250 -0.38100
v -0.30800 0.19250 -0.38100
v 0.32900 0.19250 -0.36500
v -0.32800 0.19250 -0.36500
v 0.34700 0.19250 -0.34600
v -0.34600 0.19250 -0.34600
v 0.36500 0.19250 -0.32800
v -0.36500 0.19250 -0.32800
v 0.38100 0.19250 -0.30800
v -0.38100 0.19250 -0.30800
v 0.39700 0.19250 -0.28800
v -0.39700 0.19250 -0.28800
v 0.41100 0.19250 -0.26700
v -0.41100 0.19250 -0.26700
v 0.42500 0.19250 -0.24500
v -0.42500 0.19250 -0.24500
v 0.43700 0.19250 -0.22200
v -0.43700 0.19250 -0.22200
v 0.44900 0.19250 -0.20000
v -0.44800 0.19250 -0.20000
v 0.45800 0.19250 -0.17600
v -0.45700 0.19250 -0.17600
v 0.46700 0.19250 -0.15200
v -0.46700 0.19250 -0.15200
v 0.47400 0.19250 -0.12700
v -0.47300 0.19250 -0.12700
v 0.48000 0.19250 -0.10200
v -0.48000 0.19250 -0.10200
v 0.48400 0.19250 -0.07700
v -0.48400 0.19250 -0.07700
v 0.48800 0.19250 -0.05100
v -0.48800 0.19250 -0.05100
v 0.49000 0.19250 -0.02600
v -0.48900 0.19250 -0.02600
v 0.49100 0.19250 0.00000
v -0.49100 0.19250 0.00000
v 0.49000 0.19250 0.02600
v -0.48900 0.19250 0.02600
v 0.48800 0.19250 0.05100
v -0.48800 0.19250 0.05100
v 0.48400 0.19250 0.07700
v -0.48400 0.19250 0.07700
v 0.48000 0.19250 0.10200
v -0.48000 0.19250 0.10200
v 0.47400 0.19250 0.12700
v -0.47300 0.19250 0.12700
v 0.46700 0.19250 0.15200
v -0.46700 0.19250 0.15200
v 0.45800 0.19250 0.17600
v -0.45700 0.19250 0.17600
v 0.44900 0.19250 0.20000
v -0.44800 0.19250 0.20000
v 0.43700 0.19250 0.22300
v -0.43700 0.19250 0.22300
v 0.42500 0.19250 0.24600
v -0.42500 0.19250 0.24600
v 0.41100 0.19250 0.26700
v -0.41100 0.19250 0.26700
v 0.39700 0.19250 0.28900
v -0.39700 0.19250 0.28900
v 0.38100 0.19250 0.30900
v -0.38100 0.19250 0.30900
v 0.36500 0.19250 0.32900
v -0.36500 0.19250 0.32900
v 0.34700 0.19250 0.34700
v -0.34600 0.19250 0.34700
v 0.32900 0.19250 0.36500
v -0.32800 0.19250 0.36500
v 0.30900 0.19250 0.38100
v -0.30800 0.19250 0.38100
v 0.28900 0.19250 0.39700
v -0.28800 0.19250 0.39700
v 0.26700 0.19250 0.41100
v -0.26700 0.19250 0.41100
v 0.24600 0.19250 0.42500
v -0.24500 0.19250 0.42500
v 0.22300 0.19250 0.43700
v -0.22200 0.19250 0.43700
v 0.20000 0.19250 0.44900
v -0.19900 0.19250 0.44900
v 0.17600 0.19250 0.45800
v -0.17600 0.19250 0.45800
v 0.15200 0.19250 0.46700
v -0.15200 0.19250 0.46700
v 0.12700 0.19250 0.47400
v -0.12700 0.19250 0.47400
v 0.10200 0.19250 0.48000
v -0.10200 0.19250 0.48000
v 0.07700 0.19250 0.48400
v -0.07700 0.19250 0.48400
v 0.05100 0.19250 0.48800
v -0.05100 0.19250 0.48800
v 0.02600 0.19250 0.49000
v -0.02600 0.19250 0.49000
v 0.00000 0.19250 0.49100
v 0.00000 0.18150 -0.51700
v 0.02700 0.18150 -0.51500
v 0.00000 0.18150 -0.51500
v -0.02700 0.18150 -0.51500
v 0.05400 0.18150 -0.51400
v 0.02700 0.18150 -0.51400
v -0.02700 0.18150 -0.51400
v -0.05400 0.18150 -0.51400
v 0.05400 0.18150 -0.51200
v -0.05400 0.18150 -0.51200
v 0.08100 0.18150 -0.51000
v -0.08100 0.18150 -0.51000
v 0.08100 0.18150 -0.50800
v -0.08000 0.18150 -0.50800
v 0.10800 0.18150 -0.50600
v -0.10700 0.18150 -0.50600
v 0.10700 0.18150 -0.50400
v -0.10700 0.18150 -0.50400
v 0.13400 0.18150 -0.49900
v -0.13300 0.18150 -0.49900
v 0.13300 0.18150 -0.49700
v -0.13300 0.18150 -0.49700
v 0.16000 0.18150 -0.49200
v -0.16000 0.18150 -0.49200
v 0.15900 0.18150 -0.49000
v -0.15900 0.18150 -0.49000
v 0.18500 0.18150 -0.48200
v -0.18500 0.18150 -0.48200
v 0.18500 0.18150 -0.48000
v -0.18400 0.18150 -0.48000
v 0.21000 0.18150 -0.47200
v -0.21000 0.18150 -0.47200
v 0.21000 0.18150 -0.47100
v -0.20900 0.18150 -0.47100
v 0.23500 0.18150 -0.46000
v -0.23400 0.18150 -0.46000
v 0.23400 0.18150 -0.45800
v -0.23300 0.18150 -0.45800
v 0.25900 0.18150 -0.44800
v -0.25800 0.18150 -0.44800
v 0.25800 0.18150 -0.44600
v -0.25800 0.18150 -0.44600
v 0.28100 0.18150 -0.43300
v -0.28100 0.18150 -0.43300
v -0.28000 0.18150 -0.43200
v 0.28100 0.18150 -0.43100
v 0.30400 0.18150 -0.41800
v -0.30400 0.18150 -0.41800
v 0.30300 0.18150 -0.41700
v -0.30300 0.18150 -0.41700
v 0.32500 0.18150 -0.40100
v -0.32500 0.18150 -0.40100
v 0.32400 0.18150 -0.40000
v -0.32400 0.18150 -0.40000
v 0.34600 0.18150 -0.38400
v -0.34600 0.18150 -0.38400
v 0.34500 0.18150 -0.38300
v -0.34500 0.18150 -0.38300
v 0.36500 0.18150 -0.36500
v -0.36500 0.18150 -0.36500
v 0.36400 0.18150 -0.36400
v -0.36400 0.18150 -0.36400
v 0.38400 0.18150 -0.34600
v -0.38400 0.18150 -0.34600
v 0.38300 0.18150 -0.34500
v -0.38300 0.18150 -0.34500
v 0.40100 0.18150 -0.32500
v -0.40100 0.18150 -0.32500
v 0.40000 0.18150 -0.32400
v -0.40000 0.18150 -0.32400
v 0.41800 0.18150 -0.30400
v -0.41800 0.18150 -0.30400
v 0.41700 0.18150 -0.30300
v -0.41700 0.18150 -0.30300
v 0.43300 0.18150 -0.28100
v -0.43300 0.18150 -0.28100
v 0.43200 0.18150 -0.28000
v -0.43100 0.18150 -0.28000
v 0.44800 0.18150 -0.25800
v 0.44600 0.18150 -0.25800
v -0.44600 0.18150 -0.25800
v -0.44800 0.18150 -0.25800
v 0.46000 0.18150 -0.23400
v -0.45800 0.18150 -0.23400
v -0.46000 0.18150 -0.23400
v 0.45900 0.18150 -0.23300
v 0.47200 0.18150 -0.21000
v 0.47100 0.18150 -0.21000
v -0.47100 0.18150 -0.21000
v -0.47200 0.18150 -0.21000
v 0.48200 0.18150 -0.18500
v -0.48200 0.18150 -0.18500
v 0.48100 0.18150 -0.18400
v -0.48000 0.18150 -0.18400
v 0.49200 0.18150 -0.16000
v -0.49100 0.18150 -0.16000
v 0.49000 0.18150 -0.15900
v -0.49000 0.18150 -0.15900
v 0.49900 0.18150 -0.13400
v -0.49900 0.18150 -0.13400
v 0.49700 0.18150 -0.13300
v -0.49700 0.18150 -0.13300
v 0.50600 0.18150 -0.10700
v 0.50400 0.18150 -0.10700
v -0.50400 0.18150 -0.10700
v -0.50600 0.18150 -0.10700
v 0.51000 0.18150 -0.08100
v -0.51000 0.18150 -0.08100
v 0.50800 0.18150 -0.08000
v -0.50800 0.18150 -0.08000
v 0.51400 0.18150 -0.05400
v 0.51300 0.18150 -0.05400
v -0.51200 0.18150 -0.05400
v -0.51400 0.18150 -0.05400
v 0.51600 0.18150 -0.02700
v 0.51400 0.18150 -0.02700
v -0.51400 0.18150 -0.02700
v -0.51500 0.18150 -0.02700
v 0.51700 0.18150 0.00000
v 0.51500 0.18150 0.00000
v -0.51500 0.18150 0.00000
v -0.51700 0.18150 0.00000
v 0.51600 0.18150 0.02700
v 0.51400 0.18150 0.02700
v -0.51400 0.18150 0.02700
v -0.51500 0.18150 0.02700
v 0.51400 0.18150 0.05400
v 0.51300 0.18150 0.05400
v -0.51200 0.18150 0.05400
v -0.51400 0.18150 0.05400
v 0.51000 0.18150 0.08100
v 0.50800 0.18150 0.08100
v -0.50800 0.18150 0.08100
v -0.51000 0.18150 0.08100
v 0.50400 0.18150 0.10700
v -0.50400 0.18150 0.10700
v 0.50600 0.18150 0.10800
v -0.50600 0.18150 0.10800
v 0.49700 0.18150 0.13300
v -0.49700 0.18150 0.13300
v 0.49900 0.18150 0.13400
v -0.49900 0.18150 0.13400
v 0.49000 0.18150 0.15900
v -0.49000 0.18150 0.15900
v 0.49200 0.18150 0.16000
v -0.49100 0.18150 0.16000
v -0.48000 0.18150 0.18400
v 0.48200 0.18150 0.18500
v 0.48100 0.18150 0.18500
v -0.48200 0.18150 0.18500
v 0.47200 0.18150 0.21000
v 0.47100 0.18150 0.21000
v -0.47100 0.18150 0.21000
v -0.47200 0.18150 0.21000
v 0.46000 0.18150 0.23400
v 0.45900 0.18150 0.23400
v -0.45800 0.18150 0.23400
v -0.46000 0.18150 0.23400
v 0.44600 0.18150 0.25800
v -0.44600 0.18150 0.25800
v 0.44800 0.18150 0.25900
v -0.44800 0.18150 0.25900
v 0.43200 0.18150 0.28000
v -0.43200 0.18150 0.28000
v 0.43300 0.18150 0.28100
v -0.43300 0.18150 0.28100
v 0.41700 0.18150 0.30300
v -0.41700 0.18150 0.30300
v 0.41800 0.18150 0.30400
v -0.41800 0.18150 0.30400
v 0.40000 0.18150 0.32400
v -0.40000 0.18150 0.32400
v 0.40100 0.18150 0.32500
v -0.40100 0.18150 0.32500
v 0.38300 0.18150 0.34500
v -0.38300 0.18150 0.34500
v 0.38400 0.18150 0.34600
v -0.38400 0.18150 0.34600
v 0.36400 0.18150 0.36400
v -0.36400 0.18150 0.36400
v 0.36500 0.18150 0.36500
v -0.36500 0.18150 0.36500
v 0.34500 0.18150 0.38300
v -0.34500 0.18150 0.38300
v 0.34600 0.18150 0.38400
v -0.34600 0.18150 0.38400
v 0.32400 0.18150 0.40000
v -0.32400 0.18150 0.40000
v 0.32500 0.18150 0.40100
v -0.32500 0.18150 0.40100
v 0.30300 0.18150 0.41700
v -0.30300 0.18150 0.41700
v 0.30400 0.18150 0.41800
v -0.30400 0.18150 0.41800
v 0.28000 0.18150 0.43200
v -0.28000 0.18150 0.43200
v 0.28100 0.18150 0.43300
v -0.28100 0.18150 0.43300
v 0.25800 0.18150 0.44600
v -0.25800 0.18150 0.44600
v 0.25900 0.18150 0.44800
v -0.25800 0.18150 0.44800
v 0.23400 0.18150 0.45900
v -0.23400 0.18150 0.45900
v 0.23500 0.18150 0.46000
v -0.23400 0.18150 0.46000
v 0.21000 0.18150 0.47100
v -0.20900 0.18150 0.47100
v 0.21000 0.18150 0.47200
v -0.21000 0.18150 0.47200
v 0.18400 0.18150 0.48100
v -0.18400 0.18150 0.48100
v 0.18500 0.18150 0.48200
v -0.18500 0.18150 0.48200
v 0.15900 0.18150 0.49000
v -0.15900 0.18150 0.49000
v 0.16000 0.18150 0.49200
v -0.16000 0.18150 0.49200
v 0.13300 0.18150 0.49700
v -0.13300 0.18150 0.49700
v 0.13400 0.18150 0.49900
v -0.13300 0.18150 0.49900
v 0.10700 0.18150 0.50400
v -0.10700 0.18150 0.50400
v 0.10800 0.18150 0.50600
v -0.10700 0.18150 0.50600
v 0.08100 0.18150 0.50800
v -0.08000 0.18150 0.50800
v 0.08100 0.18150 0.51000
v -0.08100 0.18150 0.51000
v 0.05400 0.18150 0.51300
v -0.05400 0.18150 0.51300
v 0.05400 0.18150 0.51400
v 0.02700 0.18150 0.51400
v -0.02700 0.18150 0.51400
v -0.05400 0.18150 0.51400
v 0.00000 0.18150 0.51500
v 0.02700 0.18150 0.51600
v -0.02700 0.18150 0.51600
v 0.00000 0.18150 0.51700
v 0.00000 0.18050 -0.51400
v 0.02700 0.18050 -0.51200
v -0.02700 0.18050 -0.51200
v 0.05400 0.18050 -0.51100
v -0.05400 0.18050 -0.51100
v 0.08000 0.18050 -0.50700
v -0.08000 0.18050 -0.50700
v 0.10700 0.18050 -0.50200
v -0.10700 0.18050 -0.50200
v 0.13300 0.18050 -0.49500
v -0.13300 0.18050 -0.49500
v 0.15900 0.18050 -0.48900
v -0.15900 0.18050 -0.48900
v 0.18400 0.18050 -0.47900
v -0.18400 0.18050 -0.47900
v 0.20900 0.18050 -0.46900
v -0.20900 0.18050 -0.46900
v 0.23300 0.18050 -0.45700
v -0.23300 0.18050 -0.45700
v 0.25700 0.18050 -0.44500
v -0.25700 0.18050 -0.44500
v 0.28000 0.18050 -0.43000
v -0.27900 0.18050 -0.43000
v 0.30200 0.18050 -0.41600
v -0.30200 0.18050 -0.41600
v 0.32300 0.18050 -0.39900
v -0.32300 0.18050 -0.39900
v 0.34400 0.18050 -0.38200
v -0.34400 0.18050 -0.38200
v 0.36300 0.18050 -0.36300
v -0.36300 0.18050 -0.36300
v 0.38200 0.18050 -0.34400
v -0.38200 0.18050 -0.34400
v 0.39900 0.18050 -0.32300
v -0.39900 0.18050 -0.32300
v 0.41600 0.18050 -0.30200
v -0.41600 0.18050 -0.30200
v 0.43000 0.18050 -0.27900
v -0.43000 0.18050 -0.27900
v 0.44500 0.18050 -0.25700
v -0.44500 0.18050 -0.25700
v 0.45700 0.18050 -0.23300
v -0.45700 0.18050 -0.23300
v 0.46900 0.18050 -0.20900
v -0.46900 0.18050 -0.20900
v 0.47900 0.18050 -0.18400
v -0.47900 0.18050 -0.18400
v 0.48900 0.18050 -0.15900
v -0.48800 0.18050 -0.15900
v 0.49600 0.18050 -0.13300
v -0.49500 0.18050 -0.13300
v 0.50300 0.18050 -0.10700
v -0.50200 0.18050 -0.10700
v 0.50700 0.18050 -0.08000
v -0.50700 0.18050 -0.08000
v 0.51100 0.18050 -0.05400
v -0.51100 0.18050 -0.05400
v 0.51200 0.18050 -0.02700
v -0.51200 0.18050 -0.02700
v 0.51400 0.18050 0.00000
v -0.51400 0.18050 0.00000
v 0.51200 0.18050 0.02700
v -0.51200 0.18050 0.02700
v 0.51100 0.18050 0.05400
v -0.51100 0.18050 0.05400
v 0.50700 0.18050 0.08000
v -0.50700 0.18050 0.08000
v 0.50300 0.18050 0.10700
v -0.50200 0.18050 0.10700
v 0.49600 0.18050 0.13300
v -0.49500 0.18050 0.13300
v 0.48900 0.18050 0.15900
v -0.48800 0.18050 0.15900
v 0.47900 0.18050 0.18400
v -0.47900 0.18050 0.18400
v 0.46900 0.18050 0.20900
v -0.46900 0.18050 0.20900
v 0.45700 0.18050 0.23300
v -0.45700 0.18050 0.23300
v 0.44500 0.18050 0.25700
v -0.44500 0.18050 0.25700
v 0.43000 0.18050 0.28000
v -0.43000 0.18050 0.28000
v 0.41600 0.18050 0.30200
v -0.41600 0.18050 0.30200
v 0.39900 0.18050 0.32300
v -0.39900 0.18050 0.32300
v 0.38200 0.18050 0.34400
v -0.38200 0.18050 0.34400
v 0.36300 0.18050 0.36300
v -0.36300 0.18050 0.36300
v 0.34400 0.18050 0.38200
v -0.34400 0.18050 0.38200
v 0.32300 0.18050 0.39900
v -0.32300 0.18050 0.39900
v 0.30200 0.18050 0.41600
v -0.30200 0.18050 0.41600
v 0.28000 0.18050 0.43000
v -0.27900 0.18050 0.43000
v 0.25700 0.18050 0.44500
v -0.25700 0.18050 0.44500
v 0.23300 0.18050 0.45700
v -0.23300 0.18050 0.45700
v 0.20900 0.18050 0.46900
v -0.20900 0.18050 0.46900
v 0.18400 0.18050 0.47900
v -0.18400 0.18050 0.47900
v 0.15900 0.18050 0.48900
v -0.15900 0.18050 0.48900
v 0.13300 0.18050 0.49600
v -0.13300 0.18050 0.49600
v 0.10700 0.18050 0.50300
v -0.10700 0.18050 0.50300
v 0.08000 0.18050 0.50700
v -0.08000 0.18050 0.50700
v 0.05400 0.18050 0.51100
v -0.05400 0.18050 0.51100
v 0.02700 0.18050 0.51200
v -0.02700 0.18050 0.51200
v 0.00000 0.18050 0.51400
v 0.00000 0.17550 -0.52800
v 0.02800 0.17550 -0.52600
v -0.02700 0.17550 -0.52600
v 0.05500 0.17550 -0.52500
v -0.05500 0.17550 -0.52500
v 0.08300 0.17550 -0.52100
v -0.08200 0.17550 -0.52100
v 0.11000 0.17550 -0.51600
v -0.11000 0.17550 -0.51600
v 0.13700 0.17550 -0.50900
v 0.16300 0.17550 -0.50200
v -0.16300 0.17550 -0.50200
v 0.18900 0.17550 -0.49200
v -0.18900 0.17550 -0.49200
v 0.21500 0.17550 -0.48200
v -0.21500 0.17550 -0.48200
v 0.24000 0.17550 -0.47000
v -0.23900 0.17550 -0.47000
v 0.26400 0.17550 -0.45700
v -0.26400 0.17550 -0.45700
v 0.28700 0.17550 -0.44200
v -0.28700 0.17550 -0.44200
v 0.31000 0.17550 -0.42700
v -0.31000 0.17550 -0.42700
v 0.33200 0.17550 -0.41000
v -0.33200 0.17550 -0.41000
v 0.35300 0.17550 -0.39200
v -0.35300 0.17550 -0.39200
v 0.37300 0.17550 -0.37300
v -0.37300 0.17550 -0.37300
v 0.39300 0.17550 -0.35300
v -0.39200 0.17550 -0.35300
v 0.41000 0.17550 -0.33200
v -0.41000 0.17550 -0.33200
v 0.42700 0.17550 -0.31000
v -0.42700 0.17550 -0.31000
v -0.44200 0.17550 -0.28700
v 0.45700 0.17550 -0.26400
v -0.45700 0.17550 -0.26400
v 0.47000 0.17550 -0.23900
v -0.47000 0.17550 -0.23900
v 0.48300 0.17550 -0.21500
v -0.48200 0.17550 -0.21500
v 0.49200 0.17550 -0.18900
v -0.49200 0.17550 -0.18900
v -0.50200 0.17550 -0.16300
v 0.50900 0.17550 -0.13600
v -0.50900 0.17550 -0.13600
v 0.51700 0.17550 -0.11000
v -0.51600 0.17550 -0.11000
v 0.52100 0.17550 -0.08200
v -0.52100 0.17550 -0.08200
v 0.52500 0.17550 -0.05500
v -0.52500 0.17550 -0.05500
v 0.52700 0.17550 -0.02700
v -0.52600 0.17550 -0.02700
v 0.52800 0.17550 0.00000
v -0.52800 0.17550 0.00000
v 0.52700 0.17550 0.02800
v -0.52600 0.17550 0.02800
v 0.52500 0.17550 0.05500
v -0.52500 0.17550 0.05500
v 0.52100 0.17550 0.08300
v -0.52100 0.17550 0.08300
v 0.51700 0.17550 0.11000
v -0.51600 0.17550 0.11000
v -0.50900 0.17550 0.13700
v -0.50200 0.17550 0.16300
v 0.49200 0.17550 0.18900
v -0.49200 0.17550 0.18900
v 0.48300 0.17550 0.21500
v -0.48200 0.17550 0.21500
v 0.47000 0.17550 0.23900
v -0.47000 0.17550 0.23900
v 0.45700 0.17550 0.26400
v -0.45700 0.17550 0.26400
v 0.44200 0.17550 0.28700
v -0.44200 0.17550 0.28700
v 0.42700 0.17550 0.31000
v -0.42700 0.17550 0.31000
v 0.41000 0.17550 0.33200
v -0.41000 0.17550 0.33200
v 0.39300 0.17550 0.35300
v -0.39200 0.17550 0.35300
v 0.37300 0.17550 0.37300
v -0.37300 0.17550 0.37300
v 0.35300 0.17550 0.39200
v -0.35300 0.17550 0.39200
v 0.33200 0.17550 0.41000
v -0.33200 0.17550 0.41000
v 0.31000 0.17550 0.42700
v -0.31000 0.17550 0.42700
v 0.28700 0.17550 0.44200
v -0.28700 0.17550 0.44200
v 0.26400 0.17550 0.45700
v -0.26400 0.17550 0.45700
v 0.24000 0.17550 0.47000
v -0.23900 0.17550 0.47000
v 0.21500 0.17550 0.48200
v -0.21500 0.17550 0.48200
v 0.13700 0.17550 0.50900
v 0.11000 0.17550 0.51700
v -0.11000 0.17550 0.51700
v 0.08300 0.17550 0.52100
v -0.08200 0.17550 0.52100
v 0.05500 0.17550 0.52500
v -0.05500 0.17550 0.52500
v 0.02800 0.17550 0.52700
v -0.02700 0.17550 0.52700
v 0.00000 0.17550 0.52800
v -0.02700 0.17350 -0.52800
v 0.05500 0.17350 -0.52600
v -0.05500 0.17350 -0.52600
v -0.08200 0.17350 -0.52200
v -0.13700 0.17350 -0.51100
v 0.13700 0.17350 -0.51000
v 0.16400 0.17350 -0.50300
v -0.16300 0.17350 -0.50300
v 0.19000 0.17350 -0.49300
v -0.18900 0.17350 -0.49300
v 0.21500 0.17350 -0.48300
v -0.21500 0.17350 -0.48300
v 0.24000 0.17350 -0.47100
v -0.24000 0.17350 -0.47100
v -0.31100 0.17350 -0.42800
v -0.33200 0.17350 -0.41100
v 0.48400 0.17350 -0.21500
v -0.48300 0.17350 -0.21500
v 0.49400 0.17350 -0.18900
v -0.49300 0.17350 -0.18900
v -0.50300 0.17350 -0.16300
v -0.51000 0.17350 -0.13700
v 0.51800 0.17350 -0.11000
v 0.52200 0.17350 -0.08300
v 0.52800 0.17350 -0.02700
v 0.52900 0.17350 0.00000
v -0.52600 0.17350 0.05500
v -0.52200 0.17350 0.08300
v -0.51000 0.17350 0.13700
v -0.50300 0.17350 0.16400
v -0.49300 0.17350 0.18900
v 0.48400 0.17350 0.21500
v -0.48300 0.17350 0.21500
v 0.47100 0.17350 0.24000
v -0.47100 0.17350 0.24000
v 0.45900 0.17350 0.26500
v 0.41100 0.17350 0.33300
v 0.39400 0.17350 0.35400
v 0.31100 0.17350 0.42800
v 0.28800 0.17350 0.44300
v 0.24000 0.17350 0.47100
v 0.21500 0.17350 0.48400
v -0.13700 0.17350 0.51100
v 0.11000 0.17350 0.51800
v 0.08300 0.17350 0.52200
v 0.05500 0.17350 0.52700
v 0.02800 0.17350 0.52800
v 0.00000 0.17350 0.52900
v 0.00000 0.17250 -0.53100
v 0.02800 0.17250 -0.52900
v -0.02800 0.17250 -0.52900
v 0.05600 0.17250 -0.52800
v -0.05500 0.17250 -0.52800
v 0.08300 0.17250 -0.52300
v -0.08300 0.17250 -0.52300
v 0.11000 0.17250 -0.51900
v -0.11000 0.17250 -0.51900
v 0.13700 0.17250 -0.51200
v -0.13700 0.17250 -0.51200
v 0.16400 0.17250 -0.50500
v -0.16400 0.17250 -0.50500
v 0.19000 0.17250 -0.49500
v -0.19000 0.17250 -0.49500
v 0.21600 0.17250 -0.48500
v -0.21600 0.17250 -0.48500
v 0.24100 0.17250 -0.47200
v -0.24000 0.17250 -0.47200
v 0.26500 0.17250 -0.45900
v -0.26500 0.17250 -0.45900
v 0.28900 0.17250 -0.44400
v -0.28800 0.17250 -0.44400
v 0.31200 0.17250 -0.42900
v -0.31200 0.17250 -0.42900
v 0.33400 0.17250 -0.41200
v -0.33300 0.17250 -0.41200
v 0.35500 0.17250 -0.39400
v -0.35500 0.17250 -0.39400
v 0.37500 0.17250 -0.37500
v -0.37500 0.17250 -0.37500
v 0.39400 0.17250 -0.35500
v -0.39400 0.17250 -0.35500
v 0.41200 0.17250 -0.33300
v -0.41200 0.17250 -0.33300
v 0.42900 0.17250 -0.31200
v -0.42900 0.17250 -0.31200
v 0.44500 0.17250 -0.28900
v -0.44400 0.17250 -0.28900
v 0.46000 0.17250 -0.26500
v -0.45900 0.17250 -0.26500
v 0.47200 0.17250 -0.24000
v -0.47200 0.17250 -0.24000
v 0.48500 0.17250 -0.21600
v -0.48500 0.17250 -0.21600
v 0.49500 0.17250 -0.19000
v -0.49500 0.17250 -0.19000
v 0.50500 0.17250 -0.16400
v -0.50500 0.17250 -0.16400
v 0.51200 0.17250 -0.13700
v -0.51200 0.17250 -0.13700
v 0.51900 0.17250 -0.11000
v -0.51900 0.17250 -0.11000
v 0.52400 0.17250 -0.08300
v -0.52300 0.17250 -0.08300
v 0.52800 0.17250 -0.05500
v -0.52800 0.17250 -0.05500
v 0.52900 0.17250 -0.02800
v -0.52900 0.17250 -0.02800
v 0.53100 0.17250 0.00000
v -0.53100 0.17250 0.00000
v 0.52900 0.17250 0.02800
v -0.52900 0.17250 0.02800
v 0.52800 0.17250 0.05600
v -0.52800 0.17250 0.05600
v 0.52400 0.17250 0.08300
v -0.52300 0.17250 0.08300
v 0.51900 0.17250 0.11000
v -0.51900 0.17250 0.11000
v 0.51200 0.17250 0.13700
v -0.51200 0.17250 0.13700
v 0.50500 0.17250 0.16400
v -0.50500 0.17250 0.16400
v 0.49500 0.17250 0.19000
v -0.49500 0.17250 0.19000
v 0.48500 0.17250 0.21600
v -0.48500 0.17250 0.21600
v 0.47200 0.17250 0.24100
v -0.47200 0.17250 0.24100
v 0.46000 0.17250 0.26500
v -0.45900 0.17250 0.26500
v 0.44500 0.17250 0.28900
v -0.44400 0.17250 0.28900
v 0.42900 0.17250 0.31200
v -0.42900 0.17250 0.31200
v 0.41200 0.17250 0.33400
v -0.41200 0.17250 0.33400
v 0.39400 0.17250 0.35500
v -0.39400 0.17250 0.35500
v 0.37500 0.17250 0.37500
v -0.37500 0.17250 0.37500
v 0.35500 0.17250 0.39400
v -0.35500 0.17250 0.39400
v 0.33400 0.17250 0.41200
v -0.33300 0.17250 0.41200
v 0.31200 0.17250 0.42900
v -0.31200 0.17250 0.42900
v 0.28900 0.17250 0.44500
v -0.28800 0.17250 0.44500
v 0.26500 0.17250 0.46000
v -0.26500 0.17250 0.46000
v 0.24100 0.17250 0.47200
v -0.24000 0.17250 0.47200
v 0.21600 0.17250 0.48500
v -0.21600 0.17250 0.48500
v 0.19000 0.17250 0.49500
v -0.19000 0.17250 0.49500
v 0.16400 0.17250 0.50500
v -0.16400 0.17250 0.50500
v 0.13700 0.17250 0.51200
v -0.13700 0.17250 0.51200
v 0.11000 0.17250 0.51900
v -0.11000 0.17250 0.51900
v 0.08300 0.17250 0.52400
v -0.08300 0.17250 0.52400
v 0.05600 0.17250 0.52800
v -0.05500 0.17250 0.52800
v 0.02800 0.17250 0.52900
v -0.02800 0.17250 0.52900
v 0.00000 0.17250 0.53100
v 0.00000 0.16850 -0.53100
v 0.02800 0.16850 -0.52900
v -0.02800 0.16850 -0.52900
v 0.05600 0.16850 -0.52800
v -0.05500 0.16850 -0.52800
v 0.08300 0.16850 -0.52300
v -0.08300 0.16850 -0.52300
v 0.11000 0.16850 -0.51900
v -0.11000 0.16850 -0.51900
v 0.13700 0.16850 -0.51200
v -0.13700 0.16850 -0.51200
v 0.16400 0.16850 -0.50500
v -0.16400 0.16850 -0.50500
v 0.19000 0.16850 -0.49500
v -0.19000 0.16850 -0.49500
v 0.21600 0.16850 -0.48500
v -0.21600 0.16850 -0.48500
v 0.24100 0.16850 -0.47200
v -0.24000 0.16850 -0.47200
v 0.26500 0.16850 -0.45900
v -0.26500 0.16850 -0.45900
v 0.28900 0.16850 -0.44400
v -0.28800 0.16850 -0.44400
v 0.31200 0.16850 -0.42900
v -0.31200 0.16850 -0.42900
v 0.33400 0.16850 -0.41200
v -0.33300 0.16850 -0.41200
v 0.35500 0.16850 -0.39400
v -0.35500 0.16850 -0.39400
v 0.37500 0.16850 -0.37500
v -0.37500 0.16850 -0.37500
v 0.39400 0.16850 -0.35500
v -0.39400 0.16850 -0.35500
v 0.41200 0.16850 -0.33300
v -0.41200 0.16850 -0.33300
v 0.42900 0.16850 -0.31200
v -0.42900 0.16850 -0.31200
v 0.44500 0.16850 -0.28900
v -0.44400 0.16850 -0.28900
v 0.46000 0.16850 -0.26500
v -0.45900 0.16850 -0.26500
v 0.47200 0.16850 -0.24000
v -0.47200 0.16850 -0.24000
v 0.48500 0.16850 -0.21600
v -0.48500 0.16850 -0.21600
v 0.49500 0.16850 -0.19000
v -0.49500 0.16850 -0.19000
v 0.50500 0.16850 -0.16400
v -0.50500 0.16850 -0.16400
v 0.51200 0.16850 -0.13700
v -0.51200 0.16850 -0.13700
v 0.51900 0.16850 -0.11000
v -0.51900 0.16850 -0.11000
v 0.52400 0.16850 -0.08300
v -0.52300 0.16850 -0.08300
v 0.52800 0.16850 -0.05500
v -0.52800 0.16850 -0.05500
v 0.52900 0.16850 -0.02800
v -0.52900 0.16850 -0.02800
v 0.53100 0.16850 0.00000
v -0.53100 0.16850 0.00000
v 0.52900 0.16850 0.02800
v -0.52900 0.16850 0.02800
v 0.52800 0.16850 0.05600
v -0.52800 0.16850 0.05600
v 0.52400 0.16850 0.08300
v -0.52300 0.16850 0.08300
v 0.51900 0.16850 0.11000
v -0.51900 0.16850 0.11000
v 0.51200 0.16850 0.13700
v -0.51200 0.16850 0.13700
v 0.50500 0.16850 0.16400
v -0.50500 0.16850 0.16400
v 0.49500 0.16850 0.19000
v -0.49500 0.16850 0.19000
v 0.48500 0.16850 0.21600
v -0.48500 0.16850 0.21600
v 0.47200 0.16850 0.24100
v -0.47200 0.16850 0.24100
v 0.46000 0.16850 0.26500
v -0.45900 0.16850 0.26500
v 0.44500 0.16850 0.28900
v -0.44400 0.16850 0.28900
v 0.42900 0.16850 0.31200
v -0.42900 0.16850 0.31200
v 0.41200 0.16850 0.33400
v -0.41200 0.16850 0.33400
v 0.39400 0.16850 0.35500
v -0.39400 0.16850 0.35500
v 0.37500 0.16850 0.37500
v -0.37500 0.16850 0.37500
v 0.35500 0.16850 0.39400
v -0.35500 0.16850 0.39400
v 0.33400 0.16850 0.41200
v -0.33300 0.16850 0.41200
v 0.31200 0.16850 0.42900
v -0.31200 0.16850 0.42900
v 0.28900 0.16850 0.44500
v -0.28800 0.16850 0.44500
v 0.26500 0.16850 0.46000
v -0.26500 0.16850 0.46000
v 0.24100 0.16850 0.47200
v -0.24000 0.16850 0.47200
v 0.21600 0.16850 0.48500
v -0.21600 0.16850 0.48500
v 0.19000 0.16850 0.49500
v -0.19000 0.16850 0.49500
v 0.16400 0.16850 0.50500
v -0.16400 0.16850 0.50500
v 0.13700 0.16850 0.51200
v -0.13700 0.16850 0.51200
v 0.11000 0.16850 0.51900
v -0.11000 0.16850 0.51900
v 0.08300 0.16850 0.52400
v -0.08300 0.16850 0.52400
v 0.05600 0.16850 0.52800
v -0.05500 0.16850 0.52800
v 0.02800 0.16850 0.52900
v -0.02800 0.16850 0.52900
v 0.00000 0.16850 0.53100
v 0.00000 0.16650 -0.53200
v 0.02800 0.16650 -0.53000
v -0.02800 0.16650 -0.53000
v -0.05500 0.16650 -0.52900
v -0.11000 0.16650 -0.52000
v -0.13700 0.16650 -0.51300
v -0.16400 0.16650 -0.50600
v -0.19000 0.16650 -0.49600
v -0.21600 0.16650 -0.48600
v 0.24100 0.16650 -0.47300
v 0.26600 0.16650 -0.46100
v -0.28900 0.16650 -0.44500
v -0.31300 0.16650 -0.43000
v -0.35600 0.16650 -0.39500
v -0.37500 0.16650 -0.37600
v 0.37600 0.16650 -0.37500
v 0.39500 0.16650 -0.35600
v 0.44600 0.16650 -0.28900
v -0.44500 0.16650 -0.28900
v 0.46100 0.16650 -0.26600
v -0.47300 0.16650 -0.24100
v 0.48600 0.16650 -0.21600
v -0.48600 0.16650 -0.21600
v 0.49600 0.16650 -0.19000
v -0.49600 0.16650 -0.19000
v 0.50600 0.16650 -0.16400
v -0.50600 0.16650 -0.16400
v 0.51300 0.16650 -0.13700
v -0.51300 0.16650 -0.13700
v 0.52000 0.16650 -0.11100
v 0.52500 0.16650 -0.08300
v 0.52900 0.16650 -0.05600
v -0.53000 0.16650 -0.02800
v -0.53200 0.16650 0.00000
v -0.53000 0.16650 0.02800
v -0.52900 0.16650 0.05600
v 0.52500 0.16650 0.08300
v 0.52000 0.16650 0.11100
v -0.52000 0.16650 0.11100
v 0.51300 0.16650 0.13800
v -0.51300 0.16650 0.13800
v -0.50600 0.16650 0.16400
v -0.49600 0.16650 0.19000
v 0.48600 0.16650 0.21600
v -0.48600 0.16650 0.21600
v 0.47300 0.16650 0.24100
v -0.47300 0.16650 0.24100
v 0.46100 0.16650 0.26600
v -0.46100 0.16650 0.26600
v -0.44500 0.16650 0.28900
v -0.43000 0.16650 0.31300
v 0.41300 0.16650 0.33400
v -0.41300 0.16650 0.33400
v 0.39500 0.16650 0.35600
v 0.33400 0.16650 0.41300
v 0.31300 0.16650 0.43000
v -0.31300 0.16650 0.43000
v 0.28900 0.16650 0.44600
v -0.28900 0.16650 0.44600
v 0.26600 0.16650 0.46100
v 0.24100 0.16650 0.47300
v -0.24100 0.16650 0.47300
v -0.21600 0.16650 0.48600
v -0.19000 0.16650 0.49600
v 0.16500 0.16650 0.50600
v -0.16400 0.16650 0.50600
v 0.13800 0.16650 0.51300
v -0.13700 0.16650 0.51300
v 0.11100 0.16650 0.52000
v -0.11000 0.16650 0.52000
v -0.08300 0.16650 0.52500
v 0.00000 0.16550 -0.54900
v 0.02900 0.16550 -0.54700
v -0.02900 0.16550 -0.54700
v 0.05800 0.16550 -0.54600
v -0.05700 0.16550 -0.54600
v 0.08600 0.16550 -0.54100
v -0.08600 0.16550 -0.54100
v 0.11400 0.16550 -0.53700
v -0.11400 0.16550 -0.53700
v 0.00000 0.16550 -0.53300
v 0.02800 0.16550 -0.53200
v -0.02800 0.16550 -0.53200
v 0.05600 0.16550 -0.53000
v -0.05600 0.16550 -0.53000
v 0.14200 0.16550 -0.52900
v -0.14200 0.16550 -0.52900
v 0.08300 0.16550 -0.52600
v -0.08300 0.16550 -0.52600
v 0.17000 0.16550 -0.52200
v 0.11100 0.16550 -0.52200
v -0.11100 0.16550 -0.52200
v -0.16900 0.16550 -0.52200
v 0.13800 0.16550 -0.51400
v -0.13800 0.16550 -0.51400
v 0.19700 0.16550 -0.51200
v -0.19600 0.16550 -0.51200
v 0.16500 0.16550 -0.50700
v -0.16500 0.16550 -0.50700
v 0.22300 0.16550 -0.50100
v -0.22300 0.16550 -0.50100
v 0.19100 0.16550 -0.49700
v -0.19100 0.16550 -0.49700
v 0.24900 0.16550 -0.48800
v -0.24900 0.16550 -0.48800
v 0.21700 0.16550 -0.48700
v -0.21700 0.16550 -0.48700
v 0.27500 0.16550 -0.47500
v -0.27400 0.16550 -0.47500
v 0.24200 0.16550 -0.47400
v -0.24200 0.16550 -0.47400
v 0.26700 0.16550 -0.46200
v -0.26700 0.16550 -0.46200
v 0.29900 0.16550 -0.46000
v -0.29800 0.16550 -0.46000
v 0.29000 0.16550 -0.44700
v -0.29000 0.16550 -0.44700
v 0.32300 0.16550 -0.44400
v -0.32300 0.16550 -0.44400
v 0.31400 0.16550 -0.43100
v -0.31300 0.16550 -0.43100
v 0.34500 0.16550 -0.42600
v -0.34500 0.16550 -0.42600
v 0.33500 0.16550 -0.41400
v -0.33500 0.16550 -0.41400
v 0.36700 0.16550 -0.40800
v -0.36700 0.16550 -0.40800
v 0.35700 0.16550 -0.39600
v -0.35700 0.16550 -0.39600
v 0.38800 0.16550 -0.38800
v -0.38700 0.16550 -0.38800
v 0.37700 0.16550 -0.37600
v -0.37600 0.16550 -0.37600
v 0.40800 0.16550 -0.36700
v -0.40800 0.16550 -0.36700
v 0.39600 0.16550 -0.35700
v -0.39600 0.16550 -0.35700
v 0.42600 0.16550 -0.34500
v -0.42600 0.16550 -0.34500
v 0.41400 0.16550 -0.33500
v -0.41400 0.16550 -0.33500
v 0.44400 0.16550 -0.32300
v -0.44400 0.16550 -0.32300
v 0.43200 0.16550 -0.31300
v -0.43100 0.16550 -0.31300
v 0.46000 0.16550 -0.29800
v -0.46000 0.16550 -0.29800
v 0.44700 0.16550 -0.29000
v -0.44700 0.16550 -0.29000
v 0.47600 0.16550 -0.27400
v -0.47500 0.16550 -0.27400
v 0.46200 0.16550 -0.26700
v -0.46200 0.16550 -0.26700
v 0.48900 0.16550 -0.24900
v -0.48800 0.16550 -0.24900
v 0.47500 0.16550 -0.24200
v -0.47400 0.16550 -0.24200
v 0.50200 0.16550 -0.22300
v -0.50100 0.16550 -0.22300
v 0.48700 0.16550 -0.21700
v -0.48700 0.16550 -0.21700
v 0.51200 0.16550 -0.19600
v -0.51200 0.16550 -0.19600
v 0.49700 0.16550 -0.19100
v -0.49700 0.16550 -0.19100
v 0.52200 0.16550 -0.17000
v -0.52200 0.16550 -0.17000
v 0.50700 0.16550 -0.16500
v -0.50700 0.16550 -0.16500
v 0.53000 0.16550 -0.14200
v -0.52900 0.16550 -0.14200
v 0.51500 0.16550 -0.13800
v -0.51400 0.16550 -0.13800
v 0.53700 0.16550 -0.11400
v -0.53700 0.16550 -0.11400
v 0.52200 0.16550 -0.11100
v -0.52200 0.16550 -0.11100
v 0.54200 0.16550 -0.08600
v -0.54100 0.16550 -0.08600
v 0.52600 0.16550 -0.08300
v -0.52600 0.16550 -0.08300
v 0.54600 0.16550 -0.05700
v -0.54600 0.16550 -0.05700
v 0.53100 0.16550 -0.05600
v -0.53000 0.16550 -0.05600
v 0.54800 0.16550 -0.02900
v -0.54700 0.16550 -0.02900
v 0.53200 0.16550 -0.02800
v -0.53200 0.16550 -0.02800
v 0.54900 0.16550 0.00000
v 0.53300 0.16550 0.00000
v -0.53300 0.16550 0.00000
v -0.54900 0.16550 0.00000
v 0.53200 0.16550 0.02800
v -0.53200 0.16550 0.02800
v 0.54800 0.16550 0.02900
v -0.54700 0.16550 0.02900
v 0.53100 0.16550 0.05600
v -0.53000 0.16550 0.05600
v 0.54600 0.16550 0.05700
v -0.54600 0.16550 0.05700
v 0.52600 0.16550 0.08300
v -0.52600 0.16550 0.08300
v 0.54200 0.16550 0.08600
v -0.54100 0.16550 0.08600
v 0.52200 0.16550 0.11100
v -0.52200 0.16550 0.11100
v 0.53700 0.16550 0.11400
v -0.53700 0.16550 0.11400
v 0.51500 0.16550 0.13800
v -0.51400 0.16550 0.13800
v 0.53000 0.16550 0.14200
v -0.52900 0.16550 0.14200
v 0.50700 0.16550 0.16500
v -0.50700 0.16550 0.16500
v 0.52200 0.16550 0.17000
v -0.52200 0.16550 0.17000
v 0.49700 0.16550 0.19100
v -0.49700 0.16550 0.19100
v 0.51200 0.16550 0.19700
v -0.51200 0.16550 0.19700
v 0.48700 0.16550 0.21700
v -0.48700 0.16550 0.21700
v 0.50200 0.16550 0.22300
v -0.50100 0.16550 0.22300
v 0.47500 0.16550 0.24200
v -0.47400 0.16550 0.24200
v 0.48900 0.16550 0.24900
v -0.48800 0.16550 0.24900
v 0.46200 0.16550 0.26700
v -0.46200 0.16550 0.26700
v 0.47600 0.16550 0.27500
v -0.47500 0.16550 0.27500
v 0.44700 0.16550 0.29000
v -0.44700 0.16550 0.29000
v 0.46000 0.16550 0.29900
v -0.46000 0.16550 0.29900
v 0.43200 0.16550 0.31400
v -0.43100 0.16550 0.31400
v 0.44400 0.16550 0.32300
v -0.44400 0.16550 0.32300
v 0.41400 0.16550 0.33500
v -0.41400 0.16550 0.33500
v 0.42600 0.16550 0.34500
v -0.42600 0.16550 0.34500
v 0.39600 0.16550 0.35700
v -0.39600 0.16550 0.35700
v 0.40800 0.16550 0.36700
v -0.40800 0.16550 0.36700
v 0.37700 0.16550 0.37700
v -0.37600 0.16550 0.37700
v 0.38800 0.16550 0.38800
v -0.38700 0.16550 0.38800
v 0.35700 0.16550 0.39600
v -0.35700 0.16550 0.39600
v 0.36700 0.16550 0.40800
v -0.36700 0.16550 0.40800
v 0.33500 0.16550 0.41400
v -0.33500 0.16550 0.41400
v 0.34500 0.16550 0.42600
v -0.34500 0.16550 0.42600
v 0.31400 0.16550 0.43200
v -0.31300 0.16550 0.43200
v 0.32300 0.16550 0.44400
v -0.32300 0.16550 0.44400
v 0.29000 0.16550 0.44700
v -0.29000 0.16550 0.44700
v 0.29900 0.16550 0.46000
v -0.29800 0.16550 0.46000
v 0.26700 0.16550 0.46200
v -0.26700 0.16550 0.46200
v 0.27500 0.16550 0.47500
v 0.24200 0.16550 0.47500
v -0.24200 0.16550 0.47500
v -0.27400 0.16550 0.47500
v 0.21700 0.16550 0.48700
v -0.21700 0.16550 0.48700
v 0.24900 0.16550 0.48900
v -0.24900 0.16550 0.48900
v 0.19100 0.16550 0.49700
v -0.19100 0.16550 0.49700
v 0.22300 0.16550 0.50200
v -0.22300 0.16550 0.50200
v 0.16500 0.16550 0.50700
v -0.16500 0.16550 0.50700
v 0.19700 0.16550 0.51200
v -0.19600 0.16550 0.51200
v 0.13800 0.16550 0.51500
v -0.13800 0.16550 0.51500
v 0.17000 0.16550 0.52200
v 0.11100 0.16550 0.52200
v -0.11100 0.16550 0.52200
v -0.16900 0.16550 0.52200
v 0.08300 0.16550 0.52600
v -0.08300 0.16550 0.52600
v 0.14200 0.16550 0.53000
v 0.05600 0.16550 0.53000
v -0.05600 0.16550 0.53000
v -0.14200 0.16550 0.53000
v 0.02800 0.16550 0.53200
v -0.02800 0.16550 0.53200
v 0.00000 0.16550 0.53300
v 0.11400 0.16550 0.53700
v -0.11400 0.16550 0.53700
v 0.08600 0.16550 0.54200
v -0.08600 0.16550 0.54200
v 0.05800 0.16550 0.54600
v -0.05700 0.16550 0.54600
v 0.02900 0.16550 0.54800
v -0.02900 0.16550 0.54800
v 0.00000 0.16550 0.54900
v -0.08600 0.16450 -0.54300
v -0.11400 0.16450 -0.53800
v -0.14200 0.16450 -0.53100
v -0.19700 0.16450 -0.51300
v 0.22400 0.16450 -0.50300
v -0.22400 0.16450 -0.50300
v 0.25000 0.16450 -0.49000
v 0.27500 0.16450 -0.47600
v 0.38900 0.16450 -0.38800
v -0.47600 0.16450 -0.27500
v -0.48900 0.16450 -0.24900
v -0.50300 0.16450 -0.22400
v 0.53100 0.16450 -0.14200
v 0.53800 0.16450 -0.11400
v 0.54300 0.16450 -0.08600
v -0.54700 0.16450 -0.05700
v -0.52300 0.16450 0.17000
v -0.51300 0.16450 0.19700
v -0.50300 0.16450 0.22400
v -0.49000 0.16450 0.25000
v -0.47600 0.16450 0.27500
v -0.46100 0.16450 0.29900
v -0.27500 0.16450 0.47700
v 0.19700 0.16450 0.51300
v 0.17000 0.16450 0.52300
v -0.11400 0.16450 0.53800
v -0.08600 0.16450 0.54300
v -0.05700 0.16450 0.54700
v 0.00000 0.16350 -0.55200
v 0.02900 0.16350 -0.55000
v -0.02900 0.16350 -0.55000
v 0.05800 0.16350 -0.54900
v -0.05800 0.16350 -0.54900
v 0.08600 0.16350 -0.54400
v -0.08600 0.16350 -0.54400
v 0.11500 0.16350 -0.54000
v -0.11500 0.16350 -0.54000
v 0.14300 0.16350 -0.53200
v -0.14200 0.16350 -0.53200
v 0.17100 0.16350 -0.52500
v -0.17000 0.16350 -0.52500
v 0.19800 0.16350 -0.51400
v -0.19700 0.16350 -0.51400
v 0.22500 0.16350 -0.50400
v -0.22400 0.16350 -0.50400
v 0.25000 0.16350 -0.49100
v -0.25000 0.16350 -0.49100
v 0.27600 0.16350 -0.47800
v -0.27600 0.16350 -0.47800
v 0.30000 0.16350 -0.46200
v -0.30000 0.16350 -0.46200
v 0.32400 0.16350 -0.44600
v -0.32400 0.16350 -0.44600
v 0.34700 0.16350 -0.42800
v -0.34700 0.16350 -0.42800
v 0.36900 0.16350 -0.41000
v -0.36900 0.16350 -0.41000
v 0.39000 0.16350 -0.38900
v -0.38900 0.16350 -0.38900
v 0.41000 0.16350 -0.36900
v -0.41000 0.16350 -0.36900
v -0.42800 0.16350 -0.34700
v 0.44600 0.16350 -0.32400
v -0.44600 0.16350 -0.32400
v 0.46200 0.16350 -0.30000
v -0.46200 0.16350 -0.30000
v 0.47800 0.16350 -0.27600
v -0.47800 0.16350 -0.27600
v 0.49100 0.16350 -0.25000
v -0.49100 0.16350 -0.25000
v 0.50400 0.16350 -0.22400
v -0.50400 0.16350 -0.22400
v 0.51400 0.16350 -0.19700
v -0.51400 0.16350 -0.19700
v 0.52500 0.16350 -0.17000
v -0.52500 0.16350 -0.17000
v 0.53200 0.16350 -0.14200
v -0.53200 0.16350 -0.14200
v 0.54000 0.16350 -0.11500
v -0.53900 0.16350 -0.11500
v 0.54400 0.16350 -0.08600
v -0.54400 0.16350 -0.08600
v 0.54900 0.16350 -0.05800
v -0.54900 0.16350 -0.05800
v 0.55000 0.16350 -0.02900
v -0.55000 0.16350 -0.02900
v 0.55200 0.16350 0.00000
v -0.55200 0.16350 0.00000
v 0.55000 0.16350 0.02900
v -0.55000 0.16350 0.02900
v 0.54900 0.16350 0.05800
v -0.54900 0.16350 0.05800
v 0.54400 0.16350 0.08600
v -0.54400 0.16350 0.08600
v 0.54000 0.16350 0.11500
v -0.53900 0.16350 0.11500
v 0.53200 0.16350 0.14300
v -0.53200 0.16350 0.14300
v 0.52500 0.16350 0.17100
v -0.52500 0.16350 0.17100
v 0.51400 0.16350 0.19800
v -0.51400 0.16350 0.19800
v 0.50400 0.16350 0.22400
v -0.50400 0.16350 0.22400
v 0.49100 0.16350 0.25000
v -0.49100 0.16350 0.25000
v 0.47800 0.16350 0.27600
v -0.47800 0.16350 0.27600
v 0.46200 0.16350 0.30000
v -0.46200 0.16350 0.30000
v 0.44600 0.16350 0.32400
v -0.44600 0.16350 0.32400
v 0.42800 0.16350 0.34700
v -0.42800 0.16350 0.34700
v 0.41000 0.16350 0.36900
v -0.41000 0.16350 0.36900
v 0.39000 0.16350 0.39000
v -0.38900 0.16350 0.39000
v 0.36900 0.16350 0.41000
v -0.36900 0.16350 0.41000
v 0.34700 0.16350 0.42800
v -0.34700 0.16350 0.42800
v 0.32400 0.16350 0.44600
v -0.32400 0.16350 0.44600
v 0.30000 0.16350 0.46200
v -0.30000 0.16350 0.46200
v 0.27600 0.16350 0.47800
v -0.27600 0.16350 0.47800
v 0.25000 0.16350 0.49100
v -0.25000 0.16350 0.49100
v 0.22500 0.16350 0.50400
v -0.22400 0.16350 0.50400
v 0.19800 0.16350 0.51400
v -0.19700 0.16350 0.51400
v 0.17100 0.16350 0.52500
v -0.17000 0.16350 0.52500
v 0.14300 0.16350 0.53200
v -0.14200 0.16350 0.53200
v 0.11500 0.16350 0.54000
v -0.11500 0.16350 0.54000
v 0.08600 0.16350 0.54400
v -0.08600 0.16350 0.54400
v 0.05800 0.16350 0.54900
v -0.05800 0.16350 0.54900
v 0.02900 0.16350 0.55000
v -0.02900 0.16350 0.55000
v 0.00000 0.16350 0.55200
v 0.00000 0.16250 -0.55200
v 0.02900 0.16250 -0.55000
v -0.02900 0.16250 -0.55000
v 0.05800 0.16250 -0.54900
v -0.05800 0.16250 -0.54900
v 0.08600 0.16250 -0.54400
v -0.08600 0.16250 -0.54400
v 0.11500 0.16250 -0.54000
v -0.11500 0.16250 -0.54000
v 0.14300 0.16250 -0.53200
v -0.14300 0.16250 -0.53200
v 0.17100 0.16250 -0.52500
v -0.17000 0.16250 -0.52500
v 0.19800 0.16250 -0.51400
v -0.19700 0.16250 -0.51400
v -0.22400 0.16250 -0.50400
v 0.30000 0.16250 -0.46200
v 0.32500 0.16250 -0.44600
v -0.32400 0.16250 -0.44600
v 0.34700 0.16250 -0.42800
v -0.34700 0.16250 -0.42800
v -0.36900 0.16250 -0.41000
v 0.39000 0.16250 -0.39000
v -0.39000 0.16250 -0.39000
v 0.41000 0.16250 -0.36900
v 0.42900 0.16250 -0.34700
v 0.44700 0.16250 -0.32400
v -0.44600 0.16250 -0.32400
v 0.46200 0.16250 -0.30000
v -0.46200 0.16250 -0.30000
v 0.47800 0.16250 -0.27600
v 0.49100 0.16250 -0.25000
v 0.50400 0.16250 -0.22400
v 0.51500 0.16250 -0.19700
v -0.51400 0.16250 -0.19700
v 0.52500 0.16250 -0.17000
v -0.52500 0.16250 -0.17000
v 0.53300 0.16250 -0.14300
v -0.53200 0.16250 -0.14300
v 0.54000 0.16250 -0.11500
v -0.54000 0.16250 -0.11500
v 0.54500 0.16250 -0.08600
v -0.54400 0.16250 -0.08600
v 0.54900 0.16250 -0.05800
v -0.54900 0.16250 -0.05800
v 0.55100 0.16250 -0.02900
v -0.55000 0.16250 -0.02900
v 0.55200 0.16250 0.00000
v -0.55200 0.16250 0.00000
v 0.55100 0.16250 0.02900
v -0.55000 0.16250 0.02900
v 0.54900 0.16250 0.05800
v -0.54900 0.16250 0.05800
v 0.54500 0.16250 0.08600
v -0.54400 0.16250 0.08600
v 0.54000 0.16250 0.11500
v -0.54000 0.16250 0.11500
v 0.53300 0.16250 0.14300
v -0.53200 0.16250 0.14300
v 0.52500 0.16250 0.17100
v -0.52500 0.16250 0.17100
v 0.51500 0.16250 0.19800
v -0.51400 0.16250 0.19800
v 0.50400 0.16250 0.22500
v -0.50400 0.16250 0.22500
v 0.49100 0.16250 0.25000
v 0.47800 0.16250 0.27600
v 0.46200 0.16250 0.30000
v -0.46200 0.16250 0.30000
v 0.44700 0.16250 0.32500
v -0.44600 0.16250 0.32500
v 0.42800 0.16250 0.34700
v -0.42800 0.16250 0.34700
v 0.41000 0.16250 0.36900
v -0.41000 0.16250 0.36900
v -0.39000 0.16250 0.39000
v 0.36900 0.16250 0.41000
v 0.34700 0.16250 0.42800
v -0.34700 0.16250 0.42800
v 0.32500 0.16250 0.44700
v -0.32400 0.16250 0.44700
v 0.30000 0.16250 0.46200
v -0.30000 0.16250 0.46200
v -0.27600 0.16250 0.47800
v 0.25000 0.16250 0.49100
v 0.22500 0.16250 0.50400
v -0.22400 0.16250 0.50400
v 0.19800 0.16250 0.51500
v -0.19700 0.16250 0.51500
v 0.17100 0.16250 0.52500
v -0.17000 0.16250 0.52500
v 0.14300 0.16250 0.53300
v -0.14300 0.16250 0.53300
v 0.11500 0.16250 0.54000
v -0.11500 0.16250 0.54000
v 0.08600 0.16250 0.54500
v -0.08600 0.16250 0.54500
v 0.05800 0.16250 0.54900
v -0.05800 0.16250 0.54900
v 0.02900 0.16250 0.55100
v -0.02900 0.16250 0.55100
v 0.00000 0.16250 0.55200
v 0.00000 0.16050 -0.55200
v 0.02900 0.16050 -0.55100
v -0.02900 0.16050 -0.55100
v 0.05800 0.16050 -0.54900
v -0.05800 0.16050 -0.54900
v 0.08600 0.16050 -0.54500
v -0.08600 0.16050 -0.54500
v 0.11500 0.16050 -0.54000
v -0.11500 0.16050 -0.54000
v 0.14300 0.16050 -0.53300
v -0.14300 0.16050 -0.53300
v 0.17100 0.16050 -0.52500
v -0.17100 0.16050 -0.52500
v 0.19800 0.16050 -0.51500
v -0.19700 0.16050 -0.51500
v 0.22500 0.16050 -0.50400
v -0.30000 0.16050 -0.46200
v 0.32500 0.16050 -0.44700
v -0.32400 0.16050 -0.44700
v 0.34700 0.16050 -0.42800
v 0.42900 0.16050 -0.34700
v -0.42800 0.16050 -0.34700
v -0.44700 0.16050 -0.32400
v 0.46300 0.16050 -0.30000
v 0.47800 0.16050 -0.27600
v 0.49200 0.16050 -0.25000
v 0.50500 0.16050 -0.22500
v -0.50400 0.16050 -0.22500
v 0.51500 0.16050 -0.19800
v -0.51500 0.16050 -0.19800
v -0.52500 0.16050 -0.17100
v -0.53300 0.16050 -0.14300
v -0.54000 0.16050 -0.11500
v -0.54500 0.16050 -0.08600
v -0.54900 0.16050 -0.05800
v -0.55100 0.16050 -0.02900
v -0.55200 0.16050 0.00000
v -0.55100 0.16050 0.02900
v -0.54900 0.16050 0.05800
v -0.54500 0.16050 0.08600
v -0.54000 0.16050 0.11500
v -0.53300 0.16050 0.14300
v -0.52500 0.16050 0.17100
v -0.51500 0.16050 0.19800
v 0.50500 0.16050 0.22500
v 0.47800 0.16050 0.27600
v 0.46300 0.16050 0.30000
v -0.46200 0.16050 0.30000
v 0.44700 0.16050 0.32500
v -0.44700 0.16050 0.32500
v 0.42900 0.16050 0.34700
v 0.41100 0.16050 0.37000
v 0.39000 0.16050 0.39000
v -0.36900 0.16050 0.41000
v -0.34700 0.16050 0.42900
v 0.32500 0.16050 0.44700
v -0.32400 0.16050 0.44700
v 0.30000 0.16050 0.46300
v -0.30000 0.16050 0.46300
v 0.27600 0.16050 0.47800
v -0.25000 0.16050 0.49100
v 0.22500 0.16050 0.50500
v -0.22400 0.16050 0.50500
v 0.19800 0.16050 0.51500
v 0.06000 0.13950 -0.02800
v -0.06000 0.13950 -0.02800
v 0.06000 0.13950 -0.02700
v -0.06000 0.13950 -0.02700
v 0.03000 0.13950 -0.01400
v -0.03000 0.13950 -0.01400
v 0.03000 0.13950 -0.01300
v -0.03000 0.13950 -0.01300
v 0.00000 0.13950 0.00000
v 0.03000 0.13950 0.01400
v -0.03000 0.13950 0.01400
v 0.06000 0.13950 0.02800
v -0.06000 0.13950 0.02800
v 0.06000 0.13950 0.02900
v -0.06000 0.13950 0.02900
v 0.00000 0.13150 -0.55500
v 0.02900 0.13150 -0.55300
v -0.02900 0.13150 -0.55300
v 0.05800 0.13150 -0.55200
v -0.05800 0.13150 -0.55200
v 0.08700 0.13150 -0.54700
v -0.08700 0.13150 -0.54700
v 0.11500 0.13150 -0.54200
v -0.11500 0.13150 -0.54200
v 0.00000 0.13150 -0.53700
v 0.02800 0.13150 -0.53600
v -0.02800 0.13150 -0.53600
v 0.14300 0.13150 -0.53500
v -0.14300 0.13150 -0.53500
v 0.05600 0.13150 -0.53400
v -0.05600 0.13150 -0.53400
v 0.08400 0.13150 -0.53000
v -0.08400 0.13150 -0.53000
v 0.17200 0.13150 -0.52700
v -0.17100 0.13150 -0.52700
v 0.11200 0.13150 -0.52600
v -0.11200 0.13150 -0.52600
v 0.13900 0.13150 -0.51800
v -0.13900 0.13150 -0.51800
v 0.19900 0.13150 -0.51700
v -0.19800 0.13150 -0.51700
v 0.16600 0.13150 -0.51100
v -0.16600 0.13150 -0.51100
v 0.22600 0.13150 -0.50700
v -0.22500 0.13150 -0.50700
v 0.19200 0.13150 -0.50100
v -0.19200 0.13150 -0.50100
v 0.25200 0.13150 -0.49300
v -0.25100 0.13150 -0.49300
v 0.21900 0.13150 -0.49100
v -0.21800 0.13150 -0.49100
v 0.27700 0.13150 -0.48000
v -0.27700 0.13150 -0.48000
v 0.24400 0.13150 -0.47800
v -0.24400 0.13150 -0.47800
v 0.26900 0.13150 -0.46500
v -0.26900 0.13150 -0.46500
v 0.30200 0.13150 -0.46400
v -0.30200 0.13150 -0.46400
v 0.29200 0.13150 -0.45000
v -0.29200 0.13150 -0.45000
v 0.32600 0.13150 -0.44900
v -0.32600 0.13150 -0.44900
v 0.31600 0.13150 -0.43500
v -0.31600 0.13150 -0.43500
v 0.34900 0.13150 -0.43000
v -0.34800 0.13150 -0.43000
v 0.33800 0.13150 -0.41700
v -0.33800 0.13150 -0.41700
v 0.37100 0.13150 -0.41200
v -0.37100 0.13150 -0.41200
v 0.36000 0.13150 -0.39900
v -0.35900 0.13150 -0.39900
v 0.39200 0.13150 -0.39200
v -0.39200 0.13150 -0.39200
v 0.38000 0.13150 -0.37900
v -0.37900 0.13150 -0.37900
v 0.41200 0.13150 -0.37100
v -0.41200 0.13150 -0.37100
v 0.40000 0.13150 -0.36000
v -0.39900 0.13150 -0.36000
v 0.43100 0.13150 -0.34800
v -0.43000 0.13150 -0.34800
v 0.41700 0.13150 -0.33800
v -0.41700 0.13150 -0.33800
v 0.44900 0.13150 -0.32600
v -0.44900 0.13150 -0.32600
v 0.43500 0.13150 -0.31600
v -0.43500 0.13150 -0.31600
v 0.46500 0.13150 -0.30200
v -0.46400 0.13150 -0.30200
v 0.45000 0.13150 -0.29200
v -0.45000 0.13150 -0.29200
v 0.48000 0.13150 -0.27700
v -0.48000 0.13150 -0.27700
v 0.46600 0.13150 -0.26900
v -0.46500 0.13150 -0.26900
v 0.49400 0.13150 -0.25100
v -0.49300 0.13150 -0.25100
v 0.47800 0.13150 -0.24400
v -0.47800 0.13150 -0.24400
v 0.50700 0.13150 -0.22500
v -0.50700 0.13150 -0.22500
v 0.49100 0.13150 -0.21800
v -0.49100 0.13150 -0.21800
v 0.51700 0.13150 -0.19800
v -0.51700 0.13150 -0.19800
v 0.50100 0.13150 -0.19200
v -0.50100 0.13150 -0.19200
v 0.52800 0.13150 -0.17100
v -0.52700 0.13150 -0.17100
v 0.51100 0.13150 -0.16600
v -0.51100 0.13150 -0.16600
v 0.53500 0.13150 -0.14300
v -0.53500 0.13150 -0.14300
v 0.51900 0.13150 -0.13900
v -0.51800 0.13150 -0.13900
v 0.54300 0.13150 -0.11500
v -0.54200 0.13150 -0.11500
v 0.52600 0.13150 -0.11200
v -0.52600 0.13150 -0.11200
v 0.54700 0.13150 -0.08700
v -0.54700 0.13150 -0.08700
v 0.53000 0.13150 -0.08400
v -0.53000 0.13150 -0.08400
v 0.55200 0.13150 -0.05800
v -0.55100 0.13150 -0.05800
v 0.53500 0.13150 -0.05600
v -0.53400 0.13150 -0.05600
v 0.55300 0.13150 -0.02900
v -0.55300 0.13150 -0.02900
v 0.53600 0.13150 -0.02800
v -0.53600 0.13150 -0.02800
v 0.55500 0.13150 0.00000
v 0.53800 0.13150 0.00000
v -0.53700 0.13150 0.00000
v -0.55500 0.13150 0.00000
v 0.53600 0.13150 0.02800
v -0.53600 0.13150 0.02800
v 0.55300 0.13150 0.02900
v -0.55300 0.13150 0.02900
v 0.53500 0.13150 0.05600
v -0.53400 0.13150 0.05600
v 0.55200 0.13150 0.05800
v -0.55100 0.13150 0.05800
v 0.53000 0.13150 0.08400
v -0.53000 0.13150 0.08400
v 0.54700 0.13150 0.08700
v -0.54700 0.13150 0.08700
v 0.52600 0.13150 0.11200
v -0.52600 0.13150 0.11200
v 0.54300 0.13150 0.11500
v -0.54200 0.13150 0.11500
v 0.51900 0.13150 0.13900
v -0.51800 0.13150 0.13900
v 0.53500 0.13150 0.14300
v -0.53500 0.13150 0.14300
v 0.51100 0.13150 0.16600
v -0.51100 0.13150 0.16600
v 0.52800 0.13150 0.17200
v -0.52700 0.13150 0.17200
v 0.50100 0.13150 0.19200
v -0.50100 0.13150 0.19200
v 0.51700 0.13150 0.19900
v -0.51700 0.13150 0.19900
v 0.49100 0.13150 0.21900
v -0.49100 0.13150 0.21900
v 0.50700 0.13150 0.22600
v -0.50700 0.13150 0.22600
v 0.47800 0.13150 0.24400
v -0.47800 0.13150 0.24400
v 0.49400 0.13150 0.25200
v -0.49300 0.13150 0.25200
v 0.46600 0.13150 0.26900
v -0.46500 0.13150 0.26900
v 0.48000 0.13150 0.27700
v -0.48000 0.13150 0.27700
v 0.45000 0.13150 0.29200
v -0.45000 0.13150 0.29200
v 0.46500 0.13150 0.30200
v -0.46400 0.13150 0.30200
v 0.43500 0.13150 0.31600
v -0.43500 0.13150 0.31600
v 0.44900 0.13150 0.32600
v -0.44900 0.13150 0.32600
v 0.41700 0.13150 0.33800
v -0.41700 0.13150 0.33800
v 0.43100 0.13150 0.34900
v -0.43000 0.13150 0.34900
v 0.40000 0.13150 0.36000
v -0.39900 0.13150 0.36000
v 0.41200 0.13150 0.37100
v -0.41200 0.13150 0.37100
v 0.38000 0.13150 0.38000
v -0.37900 0.13150 0.38000
v 0.39200 0.13150 0.39200
v -0.39200 0.13150 0.39200
v 0.36000 0.13150 0.39900
v -0.35900 0.13150 0.39900
v 0.37100 0.13150 0.41200
v -0.37100 0.13150 0.41200
v 0.33800 0.13150 0.41700
v -0.33800 0.13150 0.41700
v 0.34900 0.13150 0.43100
v -0.34800 0.13150 0.43100
v 0.31600 0.13150 0.43500
v -0.31600 0.13150 0.43500
v 0.32600 0.13150 0.44900
v -0.32600 0.13150 0.44900
v 0.29200 0.13150 0.45000
v -0.29200 0.13150 0.45000
v 0.30200 0.13150 0.46500
v -0.30200 0.13150 0.46500
v 0.26900 0.13150 0.46600
v -0.26900 0.13150 0.46600
v 0.24400 0.13150 0.47800
v -0.24400 0.13150 0.47800
v 0.27700 0.13150 0.48000
v -0.27700 0.13150 0.48000
v 0.21900 0.13150 0.49100
v -0.21800 0.13150 0.49100
v 0.25200 0.13150 0.49400
v -0.25100 0.13150 0.49400
v 0.19200 0.13150 0.50100
v -0.19200 0.13150 0.50100
v 0.22600 0.13150 0.50700
v -0.22500 0.13150 0.50700
v 0.16600 0.13150 0.51100
v -0.16600 0.13150 0.51100
v 0.19900 0.13150 0.51700
v -0.19800 0.13150 0.51700
v 0.13900 0.13150 0.51900
v -0.13900 0.13150 0.51900
v 0.11200 0.13150 0.52600
v -0.11200 0.13150 0.52600
v 0.17200 0.13150 0.52800
v -0.17100 0.13150 0.52800
v 0.08400 0.13150 0.53000
v -0.08400 0.13150 0.53000
v 0.14300 0.13150 0.53500
v 0.05600 0.13150 0.53500
v -0.05600 0.13150 0.53500
v -0.14300 0.13150 0.53500
v 0.02800 0.13150 0.53600
v -0.02800 0.13150 0.53600
v 0.00000 0.13150 0.53800
v 0.11500 0.13150 0.54300
v -0.11500 0.13150 0.54300
v 0.08700 0.13150 0.54700
v -0.08700 0.13150 0.54700
v 0.05800 0.13150 0.55200
v -0.05800 0.13150 0.55200
v 0.02900 0.13150 0.55300
v -0.02900 0.13150 0.55300
v 0.00000 0.13150 0.55500
v 0.03100 0.12250 -0.55400
v 0.00900 0.12250 -0.55400
v -0.01300 0.12250 -0.55400
v -0.03400 0.12250 -0.55300
v -0.05600 0.12250 -0.55200
v 0.05300 0.12250 -0.55100
v 0.07400 0.12250 -0.54900
v -0.07800 0.12250 -0.54800
v 0.09600 0.12250 -0.54600
v -0.09900 0.12250 -0.54500
v 0.11700 0.12250 -0.54200
v -0.12000 0.12250 -0.54100
v 0.13800 0.12250 -0.53600
v -0.14200 0.12250 -0.53600
v 0.15900 0.12250 -0.53100
v -0.16200 0.12250 -0.53000
v 0.18000 0.12250 -0.52400
v -0.18300 0.12250 -0.52300
v -0.01200 0.12250 -0.52200
v 0.02900 0.12250 -0.52100
v 0.00900 0.12250 -0.52100
v -0.03200 0.12250 -0.52100
v 0.05000 0.12250 -0.51900
v -0.05300 0.12250 -0.51900
v 0.20100 0.12250 -0.51700
v 0.07000 0.12250 -0.51700
v -0.07300 0.12250 -0.51600
v -0.20400 0.12250 -0.51500
v 0.09000 0.12250 -0.51400
v -0.09300 0.12250 -0.51300
v 0.11000 0.12250 -0.51000
v -0.11300 0.12250 -0.50900
v 0.22000 0.12250 -0.50800
v -0.22400 0.12250 -0.50700
v 0.13000 0.12250 -0.50500
v -0.13300 0.12250 -0.50500
v 0.24000 0.12250 -0.50000
v 0.15000 0.12250 -0.50000
v -0.15300 0.12250 -0.49900
v -0.24300 0.12250 -0.49800
v 0.16900 0.12250 -0.49300
v -0.17300 0.12250 -0.49300
v 0.26000 0.12250 -0.48900
v -0.26300 0.12250 -0.48800
v 0.18900 0.12250 -0.48700
v -0.19200 0.12250 -0.48500
v 0.27900 0.12250 -0.47900
v 0.20800 0.12250 -0.47900
v -0.21100 0.12250 -0.47800
v -0.28200 0.12250 -0.47700
v 0.22600 0.12250 -0.47000
v 0.29700 0.12250 -0.46800
v -0.22900 0.12250 -0.46800
v -0.30000 0.12250 -0.46600
v 0.24500 0.12250 -0.46100
v -0.24800 0.12250 -0.45900
v 0.31600 0.12250 -0.45600
v -0.31800 0.12250 -0.45300
v 0.26300 0.12250 -0.45100
v -0.26500 0.12250 -0.44900
v 0.33300 0.12250 -0.44300
v -0.33600 0.12250 -0.44100
v 0.28000 0.12250 -0.44000
v -0.28300 0.12250 -0.43900
v 0.35100 0.12250 -0.43000
v 0.29700 0.12250 -0.42900
v -0.30000 0.12250 -0.42700
v -0.35300 0.12250 -0.42700
v 0.31400 0.12250 -0.41700
v 0.36700 0.12250 -0.41500
v -0.31600 0.12250 -0.41500
v -0.36900 0.12250 -0.41300
v 0.33000 0.12250 -0.40400
v -0.33200 0.12250 -0.40200
v 0.38300 0.12250 -0.40100
v -0.38500 0.12250 -0.39800
v 0.34500 0.12250 -0.39100
v -0.34800 0.12250 -0.38900
v 0.39800 0.12250 -0.38500
v -0.40100 0.12250 -0.38300
v 0.36100 0.12250 -0.37700
v -0.36300 0.12250 -0.37500
v 0.41300 0.12250 -0.37000
v -0.41500 0.12250 -0.36700
v 0.37500 0.12250 -0.36300
v -0.37700 0.12250 -0.36000
v 0.42700 0.12250 -0.35300
v -0.43000 0.12250 -0.35000
v 0.38900 0.12250 -0.34800
v -0.39100 0.12250 -0.34500
v 0.44100 0.12250 -0.33600
v -0.44300 0.12250 -0.33300
v 0.40200 0.12250 -0.33200
v -0.40400 0.12250 -0.33000
v 0.45400 0.12250 -0.31800
v 0.41500 0.12250 -0.31600
v -0.45600 0.12250 -0.31500
v -0.41700 0.12250 -0.31300
v 0.46600 0.12250 -0.30000
v 0.42700 0.12250 -0.30000
v -0.42900 0.12250 -0.29700
v -0.46800 0.12250 -0.29700
v 0.43900 0.12250 -0.28300
v 0.47700 0.12250 -0.28200
v -0.44000 0.12250 -0.28000
v -0.47900 0.12250 -0.27900
v 0.44900 0.12250 -0.26500
v 0.48800 0.12250 -0.26300
v -0.45100 0.12250 -0.26200
v -0.48900 0.12250 -0.25900
v 0.46000 0.12250 -0.24800
v -0.46100 0.12250 -0.24400
v 0.49800 0.12250 -0.24300
v -0.50000 0.12250 -0.24000
v 0.46900 0.12250 -0.22900
v -0.47000 0.12250 -0.22600
v 0.50700 0.12250 -0.22400
v -0.50800 0.12250 -0.22000
v 0.47800 0.12250 -0.21100
v -0.47800 0.12250 -0.20700
v 0.51500 0.12250 -0.20400
v -0.51700 0.12250 -0.20000
v 0.48500 0.12250 -0.19200
v -0.48700 0.12250 -0.18900
v 0.52300 0.12250 -0.18300
v -0.52400 0.12250 -0.18000
v 0.49300 0.12250 -0.17300
v -0.49300 0.12250 -0.16900
v 0.53000 0.12250 -0.16200
v -0.53100 0.12250 -0.15900
v 0.49900 0.12250 -0.15300
v -0.50000 0.12250 -0.15000
v 0.53600 0.12250 -0.14200
v -0.53600 0.12250 -0.13800
v 0.50500 0.12250 -0.13300
v -0.50500 0.12250 -0.13000
v 0.54100 0.12250 -0.12000
v -0.54200 0.12250 -0.11700
v 0.50900 0.12250 -0.11300
v -0.51000 0.12250 -0.11000
v 0.54600 0.12250 -0.09900
v -0.54600 0.12250 -0.09500
v 0.51400 0.12250 -0.09300
v -0.51400 0.12250 -0.09000
v 0.54900 0.12250 -0.07800
v -0.54900 0.12250 -0.07400
v 0.51700 0.12250 -0.07300
v -0.51700 0.12250 -0.07000
v 0.55200 0.12250 -0.05600
v 0.52000 0.12250 -0.05300
v -0.55100 0.12250 -0.05200
v -0.51900 0.12250 -0.04900
v 0.55300 0.12250 -0.03400
v 0.52100 0.12250 -0.03200
v -0.55300 0.12250 -0.03100
v -0.52100 0.12250 -0.02900
v 0.55400 0.12250 -0.01300
v 0.52200 0.12250 -0.01200
v -0.55400 0.12250 -0.00900
v -0.52100 0.12250 -0.00800
v 0.55400 0.12250 0.00900
v 0.52200 0.12250 0.00900
v -0.52200 0.12250 0.01200
v -0.55400 0.12250 0.01300
v 0.52100 0.12250 0.02900
v 0.55400 0.12250 0.03100
v -0.52100 0.12250 0.03300
v -0.55300 0.12250 0.03500
v 0.51900 0.12250 0.05000
v 0.55200 0.12250 0.05300
v -0.51900 0.12250 0.05300
v -0.55200 0.12250 0.05600
v 0.51800 0.12250 0.07000
v -0.51600 0.12250 0.07300
v 0.55000 0.12250 0.07400
v -0.54800 0.12250 0.07800
v 0.51400 0.12250 0.09000
v -0.51300 0.12250 0.09400
v 0.54600 0.12250 0.09600
v -0.54500 0.12250 0.09900
v 0.51000 0.12250 0.11000
v -0.50900 0.12250 0.11400
v 0.54200 0.12250 0.11700
v -0.54100 0.12250 0.12100
v 0.50500 0.12250 0.13000
v -0.50500 0.12250 0.13300
v 0.53700 0.12250 0.13800
v -0.53600 0.12250 0.14200
v 0.50000 0.12250 0.15000
v -0.49900 0.12250 0.15300
v 0.53100 0.12250 0.15900
v -0.53000 0.12250 0.16300
v 0.49400 0.12250 0.16900
v -0.49200 0.12250 0.17300
v 0.52400 0.12250 0.18000
v -0.52300 0.12250 0.18400
v 0.48700 0.12250 0.18900
v -0.48500 0.12250 0.19200
v 0.51700 0.12250 0.20100
v -0.51500 0.12250 0.20400
v 0.47900 0.12250 0.20800
v -0.47700 0.12250 0.21100
v 0.50900 0.12250 0.22000
v -0.50700 0.12250 0.22400
v 0.47100 0.12250 0.22600
v -0.46800 0.12250 0.22900
v 0.50000 0.12250 0.24000
v 0.46100 0.12250 0.24400
v -0.49800 0.12250 0.24400
v -0.45900 0.12250 0.24800
v 0.49000 0.12250 0.26000
v 0.45100 0.12250 0.26300
v -0.48800 0.12250 0.26300
v -0.44900 0.12250 0.26500
v 0.47900 0.12250 0.27900
v 0.44000 0.12250 0.28000
v -0.47700 0.12250 0.28200
v -0.43900 0.12250 0.28300
v 0.46800 0.12250 0.29700
v 0.42900 0.12250 0.29700
v -0.42700 0.12250 0.30000
v -0.46600 0.12250 0.30100
v 0.41700 0.12250 0.31400
v 0.45600 0.12250 0.31600
v -0.41500 0.12250 0.31700
v -0.45300 0.12250 0.31800
v 0.40500 0.12250 0.33000
v -0.40200 0.12250 0.33200
v 0.44300 0.12250 0.33300
v -0.44100 0.12250 0.33600
v 0.39100 0.12250 0.34500
v -0.38900 0.12250 0.34800
v 0.43000 0.12250 0.35100
v -0.42700 0.12250 0.35300
v 0.37800 0.12250 0.36100
v -0.37500 0.12250 0.36300
v 0.41600 0.12250 0.36700
v -0.41300 0.12250 0.37000
v 0.36300 0.12250 0.37500
v -0.36000 0.12250 0.37800
v 0.40100 0.12250 0.38300
v -0.39800 0.12250 0.38500
v 0.34800 0.12250 0.38900
v -0.34500 0.12250 0.39100
v 0.38600 0.12250 0.39800
v -0.38300 0.12250 0.40100
v 0.33200 0.12250 0.40200
v -0.33000 0.12250 0.40500
v 0.37000 0.12250 0.41300
v 0.31700 0.12250 0.41500
v -0.36700 0.12250 0.41500
v -0.31300 0.12250 0.41700
v 0.35300 0.12250 0.42700
v 0.30000 0.12250 0.42700
v -0.29700 0.12250 0.42900
v -0.35000 0.12250 0.43000
v 0.28300 0.12250 0.43900
v -0.28000 0.12250 0.44000
v 0.33600 0.12250 0.44100
v -0.33300 0.12250 0.44300
v 0.26500 0.12250 0.44900
v -0.26200 0.12250 0.45100
v 0.31800 0.12250 0.45400
v -0.31500 0.12250 0.45600
v 0.24800 0.12250 0.46000
v -0.24400 0.12250 0.46100
v 0.30100 0.12250 0.46600
v -0.29700 0.12250 0.46800
v 0.22900 0.12250 0.46900
v -0.22600 0.12250 0.47100
v 0.28200 0.12250 0.47700
v 0.21100 0.12250 0.47800
v -0.20700 0.12250 0.47900
v -0.27900 0.12250 0.47900
v 0.19200 0.12250 0.48500
v -0.18900 0.12250 0.48700
v 0.26300 0.12250 0.48800
v -0.25900 0.12250 0.49000
v 0.17300 0.12250 0.49300
v -0.16900 0.12250 0.49400
v 0.24400 0.12250 0.49800
v 0.15300 0.12250 0.49900
v -0.15000 0.12250 0.50000
v -0.24000 0.12250 0.50000
v 0.13400 0.12250 0.50500
v -0.13000 0.12250 0.50500
v 0.22400 0.12250 0.50700
v -0.22000 0.12250 0.50800
v 0.11400 0.12250 0.50900
v -0.11000 0.12250 0.51000
v 0.09400 0.12250 0.51400
v -0.09000 0.12250 0.51400
v 0.20400 0.12250 0.51500
v 0.07300 0.12250 0.51700
v -0.07000 0.12250 0.51700
v -0.20000 0.12250 0.51700
v 0.05300 0.12250 0.51900
v -0.04900 0.12250 0.51900
v 0.03300 0.12250 0.52100
v -0.02900 0.12250 0.52100
v 0.01200 0.12250 0.52200
v -0.00800 0.12250 0.52200
v 0.18400 0.12250 0.52300
v -0.18000 0.12250 0.52400
v 0.16300 0.12250 0.53000
v -0.15900 0.12250 0.53100
v 0.14200 0.12250 0.53600
v -0.13800 0.12250 0.53700
v 0.12100 0.12250 0.54100
v -0.11700 0.12250 0.54200
v 0.10000 0.12250 0.54600
v -0.09500 0.12250 0.54600
v 0.07800 0.12250 0.54900
v -0.07400 0.12250 0.55000
v 0.05600 0.12250 0.55200
v -0.05200 0.12250 0.55200
v 0.03500 0.12250 0.55300
v 0.01300 0.12250 0.55400
v -0.00900 0.12250 0.55400
v -0.03100 0.12250 0.55400
v -0.26000 0.10350 -0.48900
v 0.44300 0.10350 -0.33400
v 0.46800 0.10350 -0.29800
v -0.54600 0.10350 0.09700
v -0.46700 0.10350 0.29800
v 0.24000 0.10150 -0.50000
v 0.05500 0.09350 -0.06400
v 0.05700 0.09350 -0.06100
v 0.07200 0.09350 -0.04400
v -0.06400 0.09350 0.05500
v -0.06100 0.09350 0.05700
v 0.06000 0.09350 0.06000
v -0.04400 0.09350 0.07200
v -0.26000 0.08350 -0.48900
v 0.44300 0.08350 -0.33400
v 0.46800 0.08350 -0.29800
v -0.54600 0.08350 0.09700
v -0.46700 0.08350 0.29800
v 0.24100 0.08150 -0.50000
v -0.52700 0.07450 0.17100
v -0.53300 0.07250 0.15200
v 0.05500 0.07150 -0.06400
v 0.05700 0.07150 -0.06100
v 0.07200 0.07150 -0.04400
v -0.06400 0.07150 0.05500
v -0.06100 0.07150 0.05700
v 0.06000 0.07150 0.06000
v -0.04400 0.07150 0.07200
v 0.05500 0.04950 -0.06400
v 0.05700 0.04950 -0.06100
v 0.07200 0.04950 -0.04400
v -0.06400 0.04950 0.05500
v -0.06100 0.04950 0.05700
v 0.06000 0.04950 0.06000
v -0.04400 0.04950 0.07200
v 0.05700 0.04550 -0.20100
v -0.05700 0.04550 -0.20100
v 0.05600 0.04550 -0.20000
v 0.05300 0.04550 -0.20000
v -0.05200 0.04550 -0.20000
v -0.05600 0.04550 -0.20000
v 0.05200 0.04550 -0.19900
v 0.05000 0.04550 -0.19900
v -0.05100 0.04550 -0.19900
v 0.07200 0.04550 -0.19600
v 0.07100 0.04550 -0.19600
v -0.07100 0.04550 -0.19600
v -0.07200 0.04550 -0.19600
v -0.07300 0.04550 -0.19500
v 0.07400 0.04550 -0.19400
v -0.07300 0.04550 -0.19400
v 0.07400 0.04550 -0.19300
v 0.07600 0.04550 -0.19200
v 0.07500 0.04550 -0.19200
v -0.07500 0.04550 -0.19200
v -0.07600 0.04550 -0.19200
v 0.07700 0.04550 -0.19100
v -0.07600 0.04550 -0.19100
v 0.07700 0.04550 -0.19000
v 0.03900 0.04550 -0.19000
v -0.03900 0.04550 -0.19000
v 0.03800 0.04550 -0.18800
v -0.03800 0.04550 -0.18800
v 0.03800 0.04550 -0.18600
v -0.03800 0.04550 -0.18600
v 0.03700 0.04550 -0.18500
v -0.03700 0.04550 -0.18500
v 0.03700 0.04550 -0.18400
v 0.03700 0.04550 -0.18300
v -0.03700 0.04550 -0.18300
v 0.03600 0.04550 -0.18200
v -0.03600 0.04550 -0.18200
v 0.08000 0.04550 -0.17600
v -0.08000 0.04550 -0.17500
v 0.08000 0.04550 -0.17400
v -0.07900 0.04550 -0.17400
v 0.07900 0.04550 -0.17300
v -0.07900 0.04550 -0.17200
v 0.07900 0.04550 -0.17100
v -0.07800 0.04550 -0.17100
v 0.07800 0.04550 -0.17000
v -0.07800 0.04550 -0.16900
v 0.07800 0.04550 -0.16800
v -0.07700 0.04550 -0.16800
v 0.04100 0.04550 -0.16600
v 0.04000 0.04550 -0.16600
v -0.04000 0.04550 -0.16600
v 0.04100 0.04550 -0.16500
v -0.04200 0.04550 -0.16400
v 0.04300 0.04550 -0.16300
v -0.04200 0.04550 -0.16300
v 0.04400 0.04550 -0.16200
v 0.04300 0.04550 -0.16200
v -0.04300 0.04550 -0.16200
v -0.04400 0.04550 -0.16200
v -0.04500 0.04550 -0.16100
v 0.06400 0.04550 -0.15800
v -0.06400 0.04550 -0.15800
v 0.06300 0.04550 -0.15700
v 0.06000 0.04550 -0.15700
v -0.05900 0.04550 -0.15700
v -0.06200 0.04550 -0.15700
v 0.05800 0.04550 -0.15600
v -0.05800 0.04550 -0.15600
v 0.15800 0.04550 -0.13200
v -0.15800 0.04550 -0.13200
v 0.16000 0.04550 -0.13100
v 0.15900 0.04550 -0.13100
v 0.14300 0.04550 -0.13100
v -0.14300 0.04550 -0.13100
v -0.15900 0.04550 -0.13100
v -0.16000 0.04550 -0.13100
v 0.16200 0.04550 -0.13000
v 0.16100 0.04550 -0.13000
v -0.16100 0.04550 -0.13000
v -0.16200 0.04550 -0.13000
v 0.16400 0.04550 -0.12900
v 0.16300 0.04550 -0.12900
v 0.14100 0.04550 -0.12900
v 0.14000 0.04550 -0.12900
v -0.14000 0.04550 -0.12900
v -0.14100 0.04550 -0.12900
v -0.16300 0.04550 -0.12900
v -0.16400 0.04550 -0.12900
v 0.16500 0.04550 -0.12800
v -0.16500 0.04550 -0.12800
v 0.13800 0.04550 -0.12700
v -0.13700 0.04550 -0.12700
v -0.13800 0.04550 -0.12700
v 0.13700 0.04550 -0.12600
v -0.13600 0.04550 -0.12600
v 0.13600 0.04550 -0.12500
v -0.13600 0.04550 -0.12500
v 0.17300 0.04550 -0.11600
v 0.17400 0.04550 -0.11500
v -0.17300 0.04550 -0.11400
v -0.17400 0.04550 -0.11300
v -0.17400 0.04550 -0.11200
v 0.13000 0.04550 -0.10900
v 0.13100 0.04550 -0.10800
v -0.13000 0.04550 -0.10600
v -0.13100 0.04550 -0.10500
v 0.16900 0.04550 -0.09500
v 0.16800 0.04550 -0.09500
v -0.16700 0.04550 -0.09500
v -0.16800 0.04550 -0.09500
v -0.16600 0.04550 -0.09400
v 0.16600 0.04550 -0.09300
v 0.16500 0.04550 -0.09300
v -0.16500 0.04550 -0.09300
v -0.16600 0.04550 -0.09300
v 0.14000 0.04550 -0.09200
v 0.13900 0.04550 -0.09200
v -0.13900 0.04550 -0.09200
v -0.14000 0.04550 -0.09200
v -0.16400 0.04550 -0.09200
v 0.16300 0.04550 -0.09100
v 0.16200 0.04550 -0.09100
v 0.14200 0.04550 -0.09100
v 0.14100 0.04550 -0.09100
v -0.14100 0.04550 -0.09100
v -0.14200 0.04550 -0.09100
v -0.16200 0.04550 -0.09100
v -0.16300 0.04550 -0.09100
v 0.16100 0.04550 -0.09000
v 0.14500 0.04550 -0.09000
v 0.14300 0.04550 -0.09000
v -0.14300 0.04550 -0.09000
v -0.14500 0.04550 -0.09000
v -0.16100 0.04550 -0.09000
v 0.14700 0.04550 -0.08900
v 0.14600 0.04550 -0.08900
v -0.14600 0.04550 -0.08900
v -0.14700 0.04550 -0.08900
v 0.20500 0.04550 -0.01500
v 0.17100 0.04550 -0.01500
v -0.17100 0.04550 -0.01500
v -0.20400 0.04550 -0.01500
v 0.20500 0.04550 -0.01400
v 0.17100 0.04550 -0.01400
v -0.17100 0.04550 -0.01400
v 0.20600 0.04550 -0.01300
v 0.17000 0.04550 -0.01300
v -0.20600 0.04550 -0.01300
v 0.20600 0.04550 -0.01200
v 0.17000 0.04550 -0.01200
v -0.16900 0.04550 -0.01200
v -0.20600 0.04550 -0.01200
v 0.20700 0.04550 -0.01100
v 0.16900 0.04550 -0.01100
v -0.16900 0.04550 -0.01100
v -0.20700 0.04550 -0.01100
v 0.20700 0.04550 -0.01000
v 0.16900 0.04550 -0.01000
v -0.16800 0.04550 -0.01000
v -0.20700 0.04550 -0.01000
v 0.16800 0.04550 -0.00900
v -0.16800 0.04550 -0.00900
v -0.20800 0.04550 -0.00900
v 0.20900 0.04550 -0.00800
v 0.16800 0.04550 -0.00800
v -0.16700 0.04550 -0.00800
v -0.20800 0.04550 -0.00800
v 0.20900 0.04550 -0.00700
v -0.16700 0.04550 -0.00700
v -0.20900 0.04550 -0.00700
v 0.20900 0.04550 0.00700
v -0.16700 0.04550 0.00700
v -0.20900 0.04550 0.00700
v 0.20900 0.04550 0.00800
v 0.16800 0.04550 0.00800
v -0.16700 0.04550 0.00800
v -0.20800 0.04550 0.00800
v 0.16800 0.04550 0.00900
v -0.16800 0.04550 0.00900
v -0.20800 0.04550 0.00900
v 0.20700 0.04550 0.01000
v 0.16900 0.04550 0.01000
v -0.16800 0.04550 0.01000
v -0.20700 0.04550 0.01000
v 0.20700 0.04550 0.01100
v 0.16900 0.04550 0.01100
v -0.16900 0.04550 0.01100
v -0.20700 0.04550 0.01100
v 0.20600 0.04550 0.01200
v 0.17000 0.04550 0.01200
v -0.16900 0.04550 0.01200
v -0.20600 0.04550 0.01200
v 0.20600 0.04550 0.01300
v 0.17000 0.04550 0.01300
v -0.20600 0.04550 0.01300
v 0.20500 0.04550 0.01400
v 0.17100 0.04550 0.01400
v -0.17100 0.04550 0.01400
v 0.20500 0.04550 0.01500
v 0.17100 0.04550 0.01500
v -0.17100 0.04550 0.01500
v -0.20400 0.04550 0.01500
v 0.14700 0.04550 0.08900
v 0.14600 0.04550 0.08900
v -0.14600 0.04550 0.08900
v -0.14700 0.04550 0.08900
v 0.14500 0.04550 0.09000
v 0.14400 0.04550 0.09000
v -0.14400 0.04550 0.09000
v -0.14500 0.04550 0.09000
v -0.16100 0.04550 0.09000
v 0.16200 0.04550 0.09100
v 0.14300 0.04550 0.09100
v 0.14200 0.04550 0.09100
v -0.14200 0.04550 0.09100
v -0.14300 0.04550 0.09100
v 0.16400 0.04550 0.09200
v 0.16300 0.04550 0.09200
v 0.14100 0.04550 0.09200
v 0.13900 0.04550 0.09200
v -0.13900 0.04550 0.09200
v -0.14100 0.04550 0.09200
v -0.16300 0.04550 0.09200
v -0.16400 0.04550 0.09200
v 0.16700 0.04550 0.09400
v 0.16600 0.04550 0.09400
v -0.16600 0.04550 0.09400
v 0.16900 0.04550 0.09600
v -0.16800 0.04550 0.09600
v -0.13100 0.04550 0.10500
v -0.13000 0.04550 0.10600
v 0.13100 0.04550 0.10800
v 0.13000 0.04550 0.10900
v -0.17400 0.04550 0.11300
v -0.17300 0.04550 0.11400
v 0.17400 0.04550 0.11500
v 0.17300 0.04550 0.11600
v 0.13700 0.04550 0.12600
v 0.13600 0.04550 0.12600
v -0.13600 0.04550 0.12600
v 0.13800 0.04550 0.12700
v 0.13900 0.04550 0.12800
v 0.13800 0.04550 0.12800
v -0.13800 0.04550 0.12800
v -0.13900 0.04550 0.12800
v 0.16500 0.04550 0.12900
v 0.16400 0.04550 0.12900
v 0.14100 0.04550 0.12900
v 0.14000 0.04550 0.12900
v -0.14000 0.04550 0.12900
v -0.14100 0.04550 0.12900
v -0.16400 0.04550 0.12900
v -0.16500 0.04550 0.12900
v 0.16300 0.04550 0.13000
v 0.16200 0.04550 0.13000
v 0.16100 0.04550 0.13000
v -0.16100 0.04550 0.13000
v -0.16300 0.04550 0.13000
v 0.16000 0.04550 0.13100
v 0.15900 0.04550 0.13100
v 0.14300 0.04550 0.13100
v -0.14300 0.04550 0.13100
v -0.15900 0.04550 0.13100
v -0.16000 0.04550 0.13100
v 0.15800 0.04550 0.13200
v 0.15700 0.04550 0.13200
v -0.15700 0.04550 0.13200
v -0.15800 0.04550 0.13200
v 0.06200 0.04550 0.15700
v 0.05800 0.04550 0.15700
v -0.05800 0.04550 0.15700
v -0.06100 0.04550 0.15700
v 0.06700 0.04550 0.15800
v 0.06300 0.04550 0.15800
v -0.06200 0.04550 0.15800
v -0.06700 0.04550 0.15800
v -0.04500 0.04550 0.16100
v 0.04300 0.04550 0.16300
v -0.04200 0.04550 0.16300
v -0.04300 0.04550 0.16300
v -0.04200 0.04550 0.16400
v 0.04100 0.04550 0.16500
v 0.04100 0.04550 0.16600
v -0.04000 0.04550 0.16600
v 0.04000 0.04550 0.16700
v 0.03900 0.04550 0.16700
v -0.03900 0.04550 0.16700
v -0.04000 0.04550 0.16700
v 0.07800 0.04550 0.16800
v -0.07700 0.04550 0.16800
v 0.07800 0.04550 0.16900
v -0.07800 0.04550 0.16900
v 0.07800 0.04550 0.17000
v 0.07900 0.04550 0.17100
v -0.07800 0.04550 0.17100
v -0.07900 0.04550 0.17200
v 0.07900 0.04550 0.17300
v 0.08000 0.04550 0.17400
v -0.07900 0.04550 0.17400
v -0.08000 0.04550 0.17500
v 0.08000 0.04550 0.17600
v 0.03600 0.04550 0.18200
v -0.03600 0.04550 0.18200
v 0.03700 0.04550 0.18300
v -0.03700 0.04550 0.18300
v -0.03700 0.04550 0.18500
v 0.03700 0.04550 0.18600
v -0.03700 0.04550 0.18600
v 0.03800 0.04550 0.18700
v -0.03800 0.04550 0.18700
v 0.03800 0.04550 0.18900
v -0.03800 0.04550 0.18900
v 0.07700 0.04550 0.19000
v 0.03900 0.04550 0.19000
v -0.03900 0.04550 0.19000
v 0.07700 0.04550 0.19100
v -0.07600 0.04550 0.19100
v -0.07600 0.04550 0.19200
v 0.07500 0.04550 0.19300
v 0.07400 0.04550 0.19300
v -0.07400 0.04550 0.19300
v -0.07500 0.04550 0.19300
v 0.07400 0.04550 0.19400
v -0.07300 0.04550 0.19400
v -0.07300 0.04550 0.19500
v -0.07200 0.04550 0.19600
v 0.07100 0.04550 0.19700
v -0.07100 0.04550 0.19700
v 0.05000 0.04550 0.19900
v -0.05000 0.04550 0.19900
v 0.05500 0.04550 0.20000
v 0.05200 0.04550 0.20000
v -0.05100 0.04550 0.20000
v -0.05400 0.04550 0.20000
v 0.05700 0.04550 0.20100
v 0.05600 0.04550 0.20100
v -0.05600 0.04550 0.20100
v 0.06000 0.04450 -0.20100
v -0.06000 0.04450 -0.20100
v 0.04700 0.04450 -0.19900
v -0.04700 0.04450 -0.19900
v -0.07000 0.04450 -0.19800
v 0.07100 0.04450 -0.19700
v -0.07000 0.04450 -0.19700
v 0.04000 0.04450 -0.19200
v -0.03900 0.04450 -0.19200
v 0.03900 0.04450 -0.19100
v 0.07900 0.04450 -0.18800
v 0.03600 0.04450 -0.18000
v -0.03600 0.04450 -0.18000
v 0.03500 0.04450 -0.17900
v -0.03500 0.04450 -0.17900
v -0.08100 0.04450 -0.17800
v 0.08100 0.04450 -0.17700
v -0.08000 0.04450 -0.17700
v 0.03800 0.04450 -0.16900
v -0.03700 0.04450 -0.16900
v 0.03800 0.04450 -0.16800
v 0.07700 0.04450 -0.16700
v -0.07700 0.04450 -0.16700
v -0.07700 0.04450 -0.16600
v 0.04600 0.04450 -0.16000
v -0.04500 0.04450 -0.16000
v 0.06900 0.04450 -0.15900
v 0.04600 0.04450 -0.15900
v -0.06900 0.04450 -0.15900
v 0.06800 0.04450 -0.15800
v -0.06800 0.04450 -0.15800
v 0.15500 0.04450 -0.13300
v -0.15500 0.04450 -0.13300
v 0.15600 0.04450 -0.13200
v 0.14500 0.04450 -0.13200
v -0.14400 0.04450 -0.13200
v -0.15600 0.04450 -0.13200
v 0.14400 0.04450 -0.13100
v -0.14300 0.04450 -0.13100
v 0.16700 0.04450 -0.12800
v -0.16600 0.04450 -0.12800
v -0.16700 0.04450 -0.12800
v 0.13500 0.04450 -0.12500
v -0.13500 0.04450 -0.12500
v -0.13000 0.04450 -0.11500
v 0.17400 0.04450 -0.10700
v 0.17500 0.04450 -0.10600
v 0.17000 0.04450 -0.09700
v -0.17000 0.04450 -0.09700
v 0.16900 0.04450 -0.09600
v 0.13800 0.04450 -0.09300
v 0.13700 0.04450 -0.09300
v -0.13700 0.04450 -0.09300
v -0.13800 0.04450 -0.09300
v 0.16100 0.04450 -0.09000
v -0.16000 0.04450 -0.09000
v -0.15900 0.04450 -0.08900
v 0.14900 0.04450 -0.08800
v 0.14800 0.04450 -0.08800
v -0.14800 0.04450 -0.08800
v -0.14900 0.04450 -0.08800
v 0.20400 0.04450 -0.01600
v 0.17200 0.04450 -0.01600
v -0.17200 0.04450 -0.01600
v -0.20300 0.04450 -0.01600
v -0.20400 0.04450 -0.01600
v 0.21000 0.04450 -0.00600
v 0.16600 0.04450 -0.00600
v -0.16600 0.04450 -0.00600
v -0.20900 0.04450 -0.00600
v 0.21000 0.04450 -0.00500
v 0.16600 0.04450 -0.00500
v -0.16600 0.04450 -0.00500
v -0.21000 0.04450 -0.00500
v 0.21000 0.04450 0.00500
v 0.16600 0.04450 0.00500
v -0.16600 0.04450 0.00500
v -0.21000 0.04450 0.00500
v 0.21000 0.04450 0.00600
v 0.16600 0.04450 0.00600
v -0.16600 0.04450 0.00600
v -0.20900 0.04450 0.00600
v 0.20400 0.04450 0.01600
v 0.17200 0.04450 0.01600
v -0.17200 0.04450 0.01600
v -0.20400 0.04450 0.01600
v 0.20400 0.04450 0.01700
v 0.17200 0.04450 0.01700
v -0.17200 0.04450 0.01700
v -0.20300 0.04450 0.01700
v 0.14800 0.04450 0.08800
v -0.14800 0.04450 0.08800
v -0.15900 0.04450 0.08900
v 0.16100 0.04450 0.09000
v -0.16000 0.04450 0.09000
v 0.13800 0.04450 0.09300
v 0.13700 0.04450 0.09300
v -0.13700 0.04450 0.09300
v -0.13800 0.04450 0.09300
v 0.16900 0.04450 0.09600
v -0.16900 0.04450 0.09600
v 0.17000 0.04450 0.09700
v -0.17000 0.04450 0.09700
v 0.17500 0.04450 0.10600
v 0.17400 0.04450 0.10700
v -0.13000 0.04450 0.11500
v 0.13400 0.04450 0.12400
v -0.13400 0.04450 0.12400
v -0.13500 0.04450 0.12500
v 0.16700 0.04450 0.12800
v 0.16600 0.04450 0.12800
v -0.16600 0.04450 0.12800
v -0.16700 0.04450 0.12800
v 0.14400 0.04450 0.13100
v -0.14300 0.04450 0.13100
v 0.15600 0.04450 0.13300
v 0.15500 0.04450 0.13300
v -0.15500 0.04450 0.13300
v -0.15600 0.04450 0.13300
v 0.05700 0.04450 0.15600
v -0.05700 0.04450 0.15600
v 0.06800 0.04450 0.15900
v 0.04600 0.04450 0.15900
v -0.04600 0.04450 0.15900
v -0.06800 0.04450 0.15900
v 0.04600 0.04450 0.16000
v -0.04500 0.04450 0.16000
v -0.07700 0.04450 0.16600
v 0.07700 0.04450 0.16700
v 0.03800 0.04450 0.16800
v 0.03800 0.04450 0.16900
v -0.03700 0.04450 0.16900
v 0.08100 0.04450 0.17700
v -0.08000 0.04450 0.17700
v -0.08100 0.04450 0.17800
v 0.03500 0.04450 0.17900
v -0.03500 0.04450 0.17900
v 0.03600 0.04450 0.18000
v -0.03600 0.04450 0.18000
v 0.07900 0.04450 0.18900
v 0.07800 0.04450 0.18900
v -0.07800 0.04450 0.18900
v -0.07900 0.04450 0.18900
v 0.03900 0.04450 0.19100
v 0.04000 0.04450 0.19200
v -0.03900 0.04450 0.19200
v 0.07100 0.04450 0.19700
v -0.07000 0.04450 0.19700
v -0.07000 0.04450 0.19800
v 0.05900 0.04450 0.20100
v -0.05900 0.04450 0.20100
v 0.06000 0.04450 0.20200
v -0.06000 0.04450 0.20200
v 0.06100 0.04350 -0.20200
v -0.06100 0.04350 -0.20200
v 0.06900 0.04350 -0.20000
v -0.06800 0.04350 -0.20000
v 0.06900 0.04350 -0.19900
v 0.04600 0.04350 -0.19800
v -0.04600 0.04350 -0.19800
v 0.04000 0.04350 -0.19400
v -0.04000 0.04350 -0.19300
v 0.08000 0.04350 -0.18800
v -0.07900 0.04350 -0.18800
v 0.08000 0.04350 -0.18700
v 0.08200 0.04350 -0.18000
v -0.08100 0.04350 -0.18000
v 0.08100 0.04350 -0.17900
v 0.03500 0.04350 -0.17800
v 0.03500 0.04350 -0.17700
v -0.03500 0.04350 -0.17700
v 0.03600 0.04350 -0.17100
v -0.03600 0.04350 -0.17100
v -0.03700 0.04350 -0.17000
v 0.07700 0.04350 -0.16500
v -0.07600 0.04350 -0.16500
v 0.07600 0.04350 -0.16400
v 0.04800 0.04350 -0.15800
v 0.04700 0.04350 -0.15800
v -0.04700 0.04350 -0.15800
v -0.04800 0.04350 -0.15800
v 0.05500 0.04350 -0.15600
v -0.05500 0.04350 -0.15600
v 0.05400 0.04350 -0.15500
v -0.05400 0.04350 -0.15500
v 0.15300 0.04350 -0.13400
v -0.15300 0.04350 -0.13400
v 0.15400 0.04350 -0.13300
v 0.14600 0.04350 -0.13300
v -0.15400 0.04350 -0.13300
v 0.14600 0.04350 -0.13200
v -0.14500 0.04350 -0.13200
v 0.16900 0.04350 -0.12700
v 0.16800 0.04350 -0.12700
v -0.16800 0.04350 -0.12700
v -0.16900 0.04350 -0.12700
v 0.13300 0.04350 -0.12300
v 0.13200 0.04350 -0.12300
v -0.13200 0.04350 -0.12300
v -0.13300 0.04350 -0.12300
v 0.13000 0.04350 -0.11700
v -0.12900 0.04350 -0.11600
v -0.17400 0.04350 -0.10400
v 0.13100 0.04350 -0.09900
v 0.17100 0.04350 -0.09700
v -0.17100 0.04350 -0.09700
v 0.13600 0.04350 -0.09400
v -0.13600 0.04350 -0.09400
v 0.15900 0.04350 -0.08800
v 0.15800 0.04350 -0.08800
v -0.15800 0.04350 -0.08800
v -0.15900 0.04350 -0.08800
v 0.15100 0.04350 -0.08700
v 0.15000 0.04350 -0.08700
v -0.15000 0.04350 -0.08700
v -0.15100 0.04350 -0.08700
v 0.20300 0.04350 -0.01800
v 0.17400 0.04350 -0.01800
v -0.17300 0.04350 -0.01800
v -0.20200 0.04350 -0.01800
v 0.20300 0.04350 -0.01700
v -0.17300 0.04350 -0.01700
v -0.20300 0.04350 -0.01700
v 0.21100 0.04350 -0.00400
v 0.16500 0.04350 -0.00400
v -0.16500 0.04350 -0.00400
v -0.21000 0.04350 -0.00400
v 0.21100 0.04350 -0.00300
v 0.16500 0.04350 -0.00300
v -0.16500 0.04350 -0.00300
v 0.21100 0.04350 0.00300
v 0.16500 0.04350 0.00300
v -0.16500 0.04350 0.00300
v 0.21100 0.04350 0.00400
v 0.16500 0.04350 0.00400
v -0.16500 0.04350 0.00400
v -0.21000 0.04350 0.00400
v 0.20300 0.04350 0.01800
v -0.17300 0.04350 0.01800
v -0.20300 0.04350 0.01800
v 0.20300 0.04350 0.01900
v 0.17400 0.04350 0.01900
v -0.17300 0.04350 0.01900
v -0.20200 0.04350 0.01900
v 0.15100 0.04350 0.08700
v -0.15100 0.04350 0.08700
v 0.15900 0.04350 0.08800
v 0.15800 0.04350 0.08800
v 0.15000 0.04350 0.08800
v -0.15000 0.04350 0.08800
v -0.15800 0.04350 0.08800
v -0.15900 0.04350 0.08800
v 0.13600 0.04350 0.09400
v 0.13500 0.04350 0.09400
v -0.13500 0.04350 0.09400
v -0.13600 0.04350 0.09400
v 0.17100 0.04350 0.09700
v -0.17100 0.04350 0.09700
v 0.13100 0.04350 0.10000
v -0.17400 0.04350 0.10400
v 0.17500 0.04350 0.10500
v -0.12900 0.04350 0.11600
v 0.13000 0.04350 0.11700
v 0.13300 0.04350 0.12400
v -0.13300 0.04350 0.12400
v 0.16900 0.04350 0.12700
v 0.16800 0.04350 0.12700
v -0.16800 0.04350 0.12700
v -0.16900 0.04350 0.12700
v 0.14600 0.04350 0.13300
v -0.14500 0.04350 0.13300
v -0.14600 0.04350 0.13300
v 0.15400 0.04350 0.13400
v -0.15400 0.04350 0.13400
v 0.05400 0.04350 0.15600
v -0.05400 0.04350 0.15600
v -0.04800 0.04350 0.15800
v 0.07100 0.04350 0.15900
v 0.04700 0.04350 0.15900
v -0.04700 0.04350 0.15900
v -0.07100 0.04350 0.15900
v 0.07600 0.04350 0.16400
v 0.07700 0.04350 0.16500
v -0.07600 0.04350 0.16500
v -0.03700 0.04350 0.17000
v 0.03500 0.04350 0.17700
v -0.03500 0.04350 0.17700
v -0.03500 0.04350 0.17800
v 0.08100 0.04350 0.17900
v 0.08200 0.04350 0.18000
v -0.08100 0.04350 0.18000
v 0.08000 0.04350 0.18700
v 0.08000 0.04350 0.18800
v -0.07900 0.04350 0.18800
v -0.04000 0.04350 0.19300
v 0.04000 0.04350 0.19400
v 0.04500 0.04350 0.19800
v -0.04500 0.04350 0.19800
v 0.06900 0.04350 0.19900
v 0.04600 0.04350 0.19900
v -0.04600 0.04350 0.19900
v -0.06900 0.04350 0.19900
v 0.06900 0.04350 0.20000
v -0.06800 0.04350 0.20000
v 0.06100 0.04350 0.20200
v 0.06800 0.04250 -0.20100
v -0.06800 0.04250 -0.20000
v 0.04100 0.04250 -0.19500
v -0.04000 0.04250 -0.19500
v -0.08100 0.04250 -0.18600
v -0.08200 0.04250 -0.18100
v 0.03400 0.04250 -0.17600
v -0.03400 0.04250 -0.17600
v 0.03500 0.04250 -0.17100
v -0.03500 0.04250 -0.17100
v -0.07600 0.04250 -0.16300
v 0.07200 0.04250 -0.15900
v -0.07200 0.04250 -0.15900
v 0.04900 0.04250 -0.15700
v -0.04800 0.04250 -0.15700
v 0.15200 0.04250 -0.13400
v 0.14700 0.04250 -0.13400
v -0.14700 0.04250 -0.13400
v -0.15200 0.04250 -0.13400
v 0.17000 0.04250 -0.12600
v -0.17000 0.04250 -0.12600
v 0.13100 0.04250 -0.12200
v -0.13100 0.04250 -0.12200
v -0.17300 0.04250 -0.12200
v 0.12900 0.04250 -0.11800
v -0.17500 0.04250 -0.10300
v 0.17300 0.04250 -0.09900
v -0.17300 0.04250 -0.09900
v 0.13200 0.04250 -0.09800
v 0.13400 0.04250 -0.09400
v -0.13400 0.04250 -0.09400
v 0.15200 0.04250 -0.08600
v -0.15200 0.04250 -0.08600
v 0.17400 0.04250 -0.01900
v -0.17400 0.04250 -0.01900
v -0.20200 0.04250 -0.01900
v 0.21200 0.04250 -0.00200
v 0.16400 0.04250 -0.00200
v -0.21200 0.04250 -0.00200
v 0.21200 0.04250 0.00200
v 0.16400 0.04250 0.00200
v -0.16400 0.04250 0.00200
v -0.21200 0.04250 0.00200
v 0.20200 0.04250 0.02000
v 0.17400 0.04250 0.02000
v -0.17400 0.04250 0.02000
v -0.20200 0.04250 0.02000
v 0.15700 0.04250 0.08700
v 0.15200 0.04250 0.08700
v -0.15200 0.04250 0.08700
v -0.15700 0.04250 0.08700
v 0.13400 0.04250 0.09500
v -0.13400 0.04250 0.09500
v 0.17300 0.04250 0.09900
v 0.13200 0.04250 0.09900
v -0.17300 0.04250 0.09900
v -0.17500 0.04250 0.10300
v 0.12900 0.04250 0.11800
v 0.13100 0.04250 0.12200
v -0.13100 0.04250 0.12200
v -0.17300 0.04250 0.12300
v 0.17000 0.04250 0.12600
v -0.17000 0.04250 0.12600
v 0.15200 0.04250 0.13400
v -0.15200 0.04250 0.13400
v 0.05300 0.04250 0.15500
v -0.05300 0.04250 0.15500
v 0.04900 0.04250 0.15700
v -0.04800 0.04250 0.15700
v 0.07200 0.04250 0.16000
v -0.07200 0.04250 0.16000
v -0.07600 0.04250 0.16300
v 0.03500 0.04250 0.17200
v -0.03500 0.04250 0.17200
v 0.03400 0.04250 0.17600
v -0.03400 0.04250 0.17600
v -0.08200 0.04250 0.18100
v -0.08100 0.04250 0.18600
v 0.04100 0.04250 0.19500
v -0.04000 0.04250 0.19500
v -0.06800 0.04250 0.20100
v 0.00700 0.03250 -0.08500
v 0.00400 0.03250 -0.08500
v -0.00600 0.03250 -0.08500
v 0.07900 0.03250 -0.03300
v -0.07900 0.03250 -0.03300
v -0.08000 0.03250 -0.02900
v -0.08300 0.03250 -0.02000
v 0.05600 0.03250 0.06500
v -0.05500 0.03250 0.06500
v -0.05300 0.03250 0.06700
v 0.04800 0.03250 0.07100
v 0.04500 0.03250 0.07300
v 0.16800 0.03150 0.52800
v 0.14900 0.02950 0.53400
v -0.08600 0.02650 -0.01800
v 0.05700 0.02450 -0.20100
v -0.05700 0.02450 -0.20100
v 0.05600 0.02450 -0.20000
v 0.05300 0.02450 -0.20000
v -0.05200 0.02450 -0.20000
v -0.05400 0.02450 -0.20000
v -0.05600 0.02450 -0.20000
v 0.05200 0.02450 -0.19900
v 0.05000 0.02450 -0.19900
v -0.05100 0.02450 -0.19900
v -0.07000 0.02450 -0.19700
v 0.07200 0.02450 -0.19600
v 0.07100 0.02450 -0.19600
v -0.07100 0.02450 -0.19600
v -0.07200 0.02450 -0.19600
v -0.07300 0.02450 -0.19500
v 0.07400 0.02450 -0.19400
v -0.07300 0.02450 -0.19400
v 0.07400 0.02450 -0.19300
v 0.07600 0.02450 -0.19200
v 0.07500 0.02450 -0.19200
v -0.07500 0.02450 -0.19200
v -0.07600 0.02450 -0.19200
v 0.07700 0.02450 -0.19100
v 0.03900 0.02450 -0.19100
v -0.07600 0.02450 -0.19100
v 0.07700 0.02450 -0.19000
v 0.03900 0.02450 -0.19000
v -0.03900 0.02450 -0.19000
v 0.03800 0.02450 -0.18800
v -0.03800 0.02450 -0.18800
v 0.03800 0.02450 -0.18600
v -0.03800 0.02450 -0.18600
v 0.03700 0.02450 -0.18500
v -0.03700 0.02450 -0.18500
v 0.03700 0.02450 -0.18400
v 0.03700 0.02450 -0.18300
v -0.03700 0.02450 -0.18300
v 0.03600 0.02450 -0.18200
v -0.03600 0.02450 -0.18200
v 0.08100 0.02450 -0.17700
v -0.08000 0.02450 -0.17700
v 0.08000 0.02450 -0.17600
v -0.08000 0.02450 -0.17500
v 0.08000 0.02450 -0.17400
v -0.07900 0.02450 -0.17400
v 0.07900 0.02450 -0.17300
v -0.07900 0.02450 -0.17300
v -0.07900 0.02450 -0.17200
v 0.07900 0.02450 -0.17100
v -0.07800 0.02450 -0.17100
v 0.07800 0.02450 -0.17000
v -0.07800 0.02450 -0.16900
v 0.07800 0.02450 -0.16800
v -0.07700 0.02450 -0.16800
v 0.04100 0.02450 -0.16600
v 0.04000 0.02450 -0.16600
v -0.04000 0.02450 -0.16600
v 0.04100 0.02450 -0.16500
v -0.04200 0.02450 -0.16400
v 0.04300 0.02450 -0.16300
v -0.04200 0.02450 -0.16300
v 0.04400 0.02450 -0.16200
v 0.04300 0.02450 -0.16200
v -0.04300 0.02450 -0.16200
v -0.04400 0.02450 -0.16200
v -0.04500 0.02450 -0.16100
v 0.04600 0.02450 -0.16000
v 0.06800 0.02450 -0.15800
v 0.06400 0.02450 -0.15800
v -0.06400 0.02450 -0.15800
v 0.06300 0.02450 -0.15700
v 0.06000 0.02450 -0.15700
v -0.05900 0.02450 -0.15700
v -0.06200 0.02450 -0.15700
v 0.05800 0.02450 -0.15600
v -0.05800 0.02450 -0.15600
v 0.15800 0.02450 -0.13200
v -0.15600 0.02450 -0.13200
v -0.15800 0.02450 -0.13200
v 0.16000 0.02450 -0.13100
v 0.15900 0.02450 -0.13100
v 0.14400 0.02450 -0.13100
v 0.14300 0.02450 -0.13100
v -0.14300 0.02450 -0.13100
v -0.15900 0.02450 -0.13100
v -0.16000 0.02450 -0.13100
v 0.16200 0.02450 -0.13000
v 0.16100 0.02450 -0.13000
v -0.16100 0.02450 -0.13000
v -0.16200 0.02450 -0.13000
v 0.16400 0.02450 -0.12900
v 0.16300 0.02450 -0.12900
v 0.14100 0.02450 -0.12900
v 0.14000 0.02450 -0.12900
v -0.14000 0.02450 -0.12900
v -0.14100 0.02450 -0.12900
v -0.16300 0.02450 -0.12900
v -0.16400 0.02450 -0.12900
v 0.16500 0.02450 -0.12800
v -0.16500 0.02450 -0.12800
v 0.13800 0.02450 -0.12700
v -0.13700 0.02450 -0.12700
v -0.13800 0.02450 -0.12700
v 0.13700 0.02450 -0.12600
v -0.13600 0.02450 -0.12600
v 0.13600 0.02450 -0.12500
v -0.13600 0.02450 -0.12500
v 0.17300 0.02450 -0.11600
v 0.17400 0.02450 -0.11500
v 0.17400 0.02450 -0.11400
v -0.17300 0.02450 -0.11400
v -0.17400 0.02450 -0.11300
v -0.17400 0.02450 -0.11200
v 0.13000 0.02450 -0.10900
v 0.13100 0.02450 -0.10800
v 0.17400 0.02450 -0.10700
v -0.13000 0.02450 -0.10600
v -0.13100 0.02450 -0.10500
v 0.16900 0.02450 -0.09600
v 0.16900 0.02450 -0.09500
v 0.16800 0.02450 -0.09500
v -0.16700 0.02450 -0.09500
v -0.16800 0.02450 -0.09500
v -0.16600 0.02450 -0.09400
v 0.16600 0.02450 -0.09300
v 0.16500 0.02450 -0.09300
v -0.13800 0.02450 -0.09300
v -0.16500 0.02450 -0.09300
v -0.16600 0.02450 -0.09300
v 0.14000 0.02450 -0.09200
v 0.13900 0.02450 -0.09200
v -0.13900 0.02450 -0.09200
v -0.14000 0.02450 -0.09200
v -0.16400 0.02450 -0.09200
v 0.16300 0.02450 -0.09100
v 0.16200 0.02450 -0.09100
v 0.14200 0.02450 -0.09100
v 0.14100 0.02450 -0.09100
v -0.14100 0.02450 -0.09100
v -0.14200 0.02450 -0.09100
v -0.16200 0.02450 -0.09100
v -0.16300 0.02450 -0.09100
v 0.16100 0.02450 -0.09000
v 0.14500 0.02450 -0.09000
v 0.14300 0.02450 -0.09000
v -0.14300 0.02450 -0.09000
v -0.14500 0.02450 -0.09000
v -0.16100 0.02450 -0.09000
v 0.14700 0.02450 -0.08900
v 0.14600 0.02450 -0.08900
v -0.14600 0.02450 -0.08900
v -0.14700 0.02450 -0.08900
v 0.14800 0.02450 -0.08800
v -0.17200 0.02450 -0.01600
v -0.20400 0.02450 -0.01600
v 0.20500 0.02450 -0.01500
v 0.17100 0.02450 -0.01500
v -0.17100 0.02450 -0.01500
v -0.20400 0.02450 -0.01500
v 0.20500 0.02450 -0.01400
v 0.17100 0.02450 -0.01400
v -0.17100 0.02450 -0.01400
v 0.20600 0.02450 -0.01300
v 0.17000 0.02450 -0.01300
v -0.20600 0.02450 -0.01300
v 0.20600 0.02450 -0.01200
v 0.17000 0.02450 -0.01200
v -0.16900 0.02450 -0.01200
v -0.20600 0.02450 -0.01200
v 0.20700 0.02450 -0.01100
v 0.16900 0.02450 -0.01100
v -0.16900 0.02450 -0.01100
v -0.20700 0.02450 -0.01100
v 0.20700 0.02450 -0.01000
v 0.16900 0.02450 -0.01000
v -0.16800 0.02450 -0.01000
v -0.20700 0.02450 -0.01000
v 0.16800 0.02450 -0.00900
v -0.16800 0.02450 -0.00900
v -0.20800 0.02450 -0.00900
v 0.20900 0.02450 -0.00800
v 0.16800 0.02450 -0.00800
v -0.16700 0.02450 -0.00800
v -0.20800 0.02450 -0.00800
v 0.20900 0.02450 -0.00700
v -0.16700 0.02450 -0.00700
v -0.20900 0.02450 -0.00700
v 0.21000 0.02450 -0.00600
v 0.16600 0.02450 -0.00600
v -0.16600 0.02450 0.00600
v -0.20900 0.02450 0.00600
v 0.20900 0.02450 0.00700
v -0.16700 0.02450 0.00700
v -0.20900 0.02450 0.00700
v 0.20900 0.02450 0.00800
v 0.16800 0.02450 0.00800
v -0.16700 0.02450 0.00800
v -0.20800 0.02450 0.00800
v 0.16800 0.02450 0.00900
v -0.16800 0.02450 0.00900
v -0.20800 0.02450 0.00900
v 0.20700 0.02450 0.01000
v 0.16900 0.02450 0.01000
v -0.16800 0.02450 0.01000
v -0.20700 0.02450 0.01000
v 0.20700 0.02450 0.01100
v 0.16900 0.02450 0.01100
v -0.16900 0.02450 0.01100
v -0.20700 0.02450 0.01100
v 0.20600 0.02450 0.01200
v 0.17000 0.02450 0.01200
v -0.16900 0.02450 0.01200
v -0.20600 0.02450 0.01200
v 0.20600 0.02450 0.01300
v 0.17000 0.02450 0.01300
v -0.20600 0.02450 0.01300
v 0.20500 0.02450 0.01400
v 0.17100 0.02450 0.01400
v -0.17100 0.02450 0.01400
v 0.20500 0.02450 0.01500
v 0.17100 0.02450 0.01500
v -0.17100 0.02450 0.01500
v -0.20400 0.02450 0.01500
v 0.20400 0.02450 0.01600
v 0.17200 0.02450 0.01600
v -0.14800 0.02450 0.08800
v 0.14700 0.02450 0.08900
v 0.14600 0.02450 0.08900
v -0.14600 0.02450 0.08900
v -0.14700 0.02450 0.08900
v 0.16100 0.02450 0.09000
v 0.14500 0.02450 0.09000
v 0.14400 0.02450 0.09000
v -0.14400 0.02450 0.09000
v -0.14500 0.02450 0.09000
v -0.16100 0.02450 0.09000
v 0.16200 0.02450 0.09100
v 0.14300 0.02450 0.09100
v 0.14200 0.02450 0.09100
v -0.14200 0.02450 0.09100
v -0.14300 0.02450 0.09100
v 0.16400 0.02450 0.09200
v 0.16300 0.02450 0.09200
v 0.14100 0.02450 0.09200
v 0.13900 0.02450 0.09200
v -0.13900 0.02450 0.09200
v -0.14100 0.02450 0.09200
v -0.16300 0.02450 0.09200
v -0.16400 0.02450 0.09200
v 0.13800 0.02450 0.09300
v 0.16700 0.02450 0.09400
v 0.16600 0.02450 0.09400
v -0.16600 0.02450 0.09400
v 0.16900 0.02450 0.09600
v -0.16800 0.02450 0.09600
v -0.16900 0.02450 0.09600
v -0.13100 0.02450 0.10500
v -0.13000 0.02450 0.10600
v 0.13100 0.02450 0.10800
v 0.13000 0.02450 0.10900
v -0.17400 0.02450 0.11200
v -0.17400 0.02450 0.11300
v -0.17300 0.02450 0.11400
v 0.17400 0.02450 0.11500
v 0.17300 0.02450 0.11600
v 0.13700 0.02450 0.12600
v 0.13600 0.02450 0.12600
v -0.13600 0.02450 0.12600
v 0.13800 0.02450 0.12700
v 0.13900 0.02450 0.12800
v 0.13800 0.02450 0.12800
v -0.13800 0.02450 0.12800
v -0.13900 0.02450 0.12800
v -0.16600 0.02450 0.12800
v 0.16500 0.02450 0.12900
v 0.16400 0.02450 0.12900
v 0.14100 0.02450 0.12900
v 0.14000 0.02450 0.12900
v -0.14000 0.02450 0.12900
v -0.14100 0.02450 0.12900
v -0.16400 0.02450 0.12900
v -0.16500 0.02450 0.12900
v 0.16300 0.02450 0.13000
v 0.16200 0.02450 0.13000
v 0.16100 0.02450 0.13000
v -0.16100 0.02450 0.13000
v -0.16200 0.02450 0.13000
v -0.16300 0.02450 0.13000
v 0.16000 0.02450 0.13100
v 0.15900 0.02450 0.13100
v 0.14400 0.02450 0.13100
v 0.14300 0.02450 0.13100
v -0.14300 0.02450 0.13100
v -0.15900 0.02450 0.13100
v -0.16000 0.02450 0.13100
v 0.15800 0.02450 0.13200
v 0.15700 0.02450 0.13200
v -0.15700 0.02450 0.13200
v -0.15800 0.02450 0.13200
v 0.15600 0.02450 0.13300
v 0.05700 0.02450 0.15600
v 0.06200 0.02450 0.15700
v 0.05800 0.02450 0.15700
v -0.05800 0.02450 0.15700
v -0.06100 0.02450 0.15700
v 0.06700 0.02450 0.15800
v 0.06300 0.02450 0.15800
v -0.06200 0.02450 0.15800
v -0.06700 0.02450 0.15800
v -0.06800 0.02450 0.15900
v -0.04500 0.02450 0.16000
v -0.04500 0.02450 0.16100
v 0.04300 0.02450 0.16300
v -0.04200 0.02450 0.16300
v -0.04300 0.02450 0.16300
v -0.04200 0.02450 0.16400
v 0.04100 0.02450 0.16500
v 0.04100 0.02450 0.16600
v -0.04000 0.02450 0.16600
v 0.04000 0.02450 0.16700
v 0.03900 0.02450 0.16700
v -0.03900 0.02450 0.16700
v -0.04000 0.02450 0.16700
v 0.07800 0.02450 0.16800
v 0.03800 0.02450 0.16800
v -0.07700 0.02450 0.16800
v 0.07800 0.02450 0.16900
v -0.07800 0.02450 0.16900
v 0.07800 0.02450 0.17000
v 0.07900 0.02450 0.17100
v -0.07800 0.02450 0.17100
v -0.07900 0.02450 0.17200
v 0.07900 0.02450 0.17300
v 0.08000 0.02450 0.17400
v -0.07900 0.02450 0.17400
v -0.08000 0.02450 0.17500
v 0.08000 0.02450 0.17600
v 0.08100 0.02450 0.17700
v -0.08000 0.02450 0.17700
v 0.03600 0.02450 0.18200
v -0.03600 0.02450 0.18200
v 0.03700 0.02450 0.18300
v -0.03700 0.02450 0.18300
v -0.03700 0.02450 0.18500
v 0.03700 0.02450 0.18600
v -0.03700 0.02450 0.18600
v 0.03800 0.02450 0.18700
v -0.03800 0.02450 0.18700
v 0.03800 0.02450 0.18900
v -0.03800 0.02450 0.18900
v -0.07800 0.02450 0.18900
v 0.07700 0.02450 0.19000
v 0.03900 0.02450 0.19000
v -0.03900 0.02450 0.19000
v 0.07700 0.02450 0.19100
v 0.03900 0.02450 0.19100
v -0.07600 0.02450 0.19100
v -0.07600 0.02450 0.19200
v 0.07500 0.02450 0.19300
v 0.07400 0.02450 0.19300
v -0.07400 0.02450 0.19300
v -0.07500 0.02450 0.19300
v 0.07400 0.02450 0.19400
v -0.07300 0.02450 0.19400
v -0.07300 0.02450 0.19500
v -0.07200 0.02450 0.19600
v 0.07100 0.02450 0.19700
v -0.07100 0.02450 0.19700
v 0.05000 0.02450 0.19900
v -0.05000 0.02450 0.19900
v 0.05500 0.02450 0.20000
v 0.05200 0.02450 0.20000
v -0.05100 0.02450 0.20000
v -0.05200 0.02450 0.20000
v -0.05400 0.02450 0.20000
v 0.05700 0.02450 0.20100
v 0.05600 0.02450 0.20100
v -0.05600 0.02450 0.20100
v -0.05900 0.02450 0.20100
v 0.06100 0.02350 -0.20200
v -0.06100 0.02350 -0.20200
v 0.06000 0.02350 -0.20100
v -0.05900 0.02350 -0.20100
v -0.06000 0.02350 -0.20100
v 0.06900 0.02350 -0.20000
v -0.06800 0.02350 -0.20000
v 0.06900 0.02350 -0.19900
v 0.04800 0.02350 -0.19900
v 0.04700 0.02350 -0.19900
v -0.04700 0.02350 -0.19900
v 0.04600 0.02350 -0.19800
v -0.04600 0.02350 -0.19800
v -0.07000 0.02350 -0.19800
v 0.07100 0.02350 -0.19700
v 0.04000 0.02350 -0.19400
v -0.04000 0.02350 -0.19300
v 0.04000 0.02350 -0.19200
v -0.03900 0.02350 -0.19200
v 0.08000 0.02350 -0.18800
v 0.07900 0.02350 -0.18800
v -0.07900 0.02350 -0.18800
v 0.08000 0.02350 -0.18700
v 0.08200 0.02350 -0.18000
v 0.03600 0.02350 -0.18000
v -0.03600 0.02350 -0.18000
v -0.08100 0.02350 -0.18000
v 0.08100 0.02350 -0.17900
v 0.03500 0.02350 -0.17900
v -0.03500 0.02350 -0.17900
v 0.03500 0.02350 -0.17800
v -0.08100 0.02350 -0.17800
v 0.03500 0.02350 -0.17700
v -0.03500 0.02350 -0.17700
v 0.03600 0.02350 -0.17100
v -0.03600 0.02350 -0.17100
v -0.03700 0.02350 -0.17000
v 0.03800 0.02350 -0.16900
v -0.03700 0.02350 -0.16900
v 0.03800 0.02350 -0.16800
v 0.07700 0.02350 -0.16700
v -0.07700 0.02350 -0.16700
v -0.07700 0.02350 -0.16600
v 0.07700 0.02350 -0.16500
v -0.07600 0.02350 -0.16500
v 0.07600 0.02350 -0.16400
v -0.04500 0.02350 -0.16000
v 0.06900 0.02350 -0.15900
v 0.04600 0.02350 -0.15900
v -0.06900 0.02350 -0.15900
v 0.04800 0.02350 -0.15800
v 0.04700 0.02350 -0.15800
v -0.04700 0.02350 -0.15800
v -0.04800 0.02350 -0.15800
v -0.06800 0.02350 -0.15800
v 0.05500 0.02350 -0.15600
v -0.05500 0.02350 -0.15600
v 0.05400 0.02350 -0.15500
v -0.05400 0.02350 -0.15500
v 0.15300 0.02350 -0.13400
v -0.15300 0.02350 -0.13400
v 0.15500 0.02350 -0.13300
v 0.15400 0.02350 -0.13300
v 0.14600 0.02350 -0.13300
v -0.15400 0.02350 -0.13300
v -0.15500 0.02350 -0.13300
v 0.15600 0.02350 -0.13200
v 0.14600 0.02350 -0.13200
v 0.14500 0.02350 -0.13200
v -0.14400 0.02350 -0.13200
v -0.14500 0.02350 -0.13200
v 0.16700 0.02350 -0.12800
v -0.16600 0.02350 -0.12800
v -0.16700 0.02350 -0.12800
v 0.16900 0.02350 -0.12700
v 0.16800 0.02350 -0.12700
v -0.16800 0.02350 -0.12700
v -0.16900 0.02350 -0.12700
v 0.13500 0.02350 -0.12500
v -0.13500 0.02350 -0.12500
v 0.13300 0.02350 -0.12300
v 0.13200 0.02350 -0.12300
v -0.13200 0.02350 -0.12300
v -0.13300 0.02350 -0.12300
v 0.13000 0.02350 -0.11700
v -0.12900 0.02350 -0.11600
v -0.13000 0.02350 -0.11500
v 0.17500 0.02350 -0.10600
v -0.17400 0.02350 -0.10400
v 0.13100 0.02350 -0.09900
v 0.17100 0.02350 -0.09700
v 0.17000 0.02350 -0.09700
v -0.17000 0.02350 -0.09700
v -0.17100 0.02350 -0.09700
v 0.13600 0.02350 -0.09400
v -0.13600 0.02350 -0.09400
v 0.13800 0.02350 -0.09300
v 0.13700 0.02350 -0.09300
v -0.13700 0.02350 -0.09300
v 0.16100 0.02350 -0.09000
v -0.16000 0.02350 -0.09000
v -0.15900 0.02350 -0.08900
v 0.15900 0.02350 -0.08800
v 0.15800 0.02350 -0.08800
v 0.14900 0.02350 -0.08800
v -0.14800 0.02350 -0.08800
v -0.14900 0.02350 -0.08800
v -0.15800 0.02350 -0.08800
v -0.15900 0.02350 -0.08800
v 0.15100 0.02350 -0.08700
v 0.15000 0.02350 -0.08700
v -0.15000 0.02350 -0.08700
v -0.15100 0.02350 -0.08700
v 0.20300 0.02350 -0.01800
v 0.17400 0.02350 -0.01800
v -0.17300 0.02350 -0.01800
v -0.20200 0.02350 -0.01800
v 0.20300 0.02350 -0.01700
v -0.17300 0.02350 -0.01700
v -0.20300 0.02350 -0.01700
v 0.20400 0.02350 -0.01600
v 0.17200 0.02350 -0.01600
v -0.17200 0.02350 -0.01600
v -0.20300 0.02350 -0.01600
v -0.16600 0.02350 -0.00600
v -0.20900 0.02350 -0.00600
v 0.21000 0.02350 -0.00500
v 0.16600 0.02350 -0.00500
v -0.16600 0.02350 -0.00500
v -0.21000 0.02350 -0.00500
v 0.21100 0.02350 -0.00400
v 0.16500 0.02350 -0.00400
v -0.16500 0.02350 -0.00400
v -0.21000 0.02350 -0.00400
v 0.21100 0.02350 -0.00300
v 0.16500 0.02350 -0.00300
v -0.16500 0.02350 -0.00300
v 0.21100 0.02350 0.00300
v 0.16500 0.02350 0.00300
v -0.16500 0.02350 0.00300
v 0.21100 0.02350 0.00400
v 0.16500 0.02350 0.00400
v -0.16500 0.02350 0.00400
v -0.21000 0.02350 0.00400
v 0.21000 0.02350 0.00500
v 0.16600 0.02350 0.00500
v -0.16600 0.02350 0.00500
v -0.21000 0.02350 0.00500
v 0.21000 0.02350 0.00600
v 0.16600 0.02350 0.00600
v -0.17200 0.02350 0.01600
v -0.20400 0.02350 0.01600
v 0.20400 0.02350 0.01700
v 0.17200 0.02350 0.01700
v -0.17200 0.02350 0.01700
v -0.20300 0.02350 0.01700
v 0.20300 0.02350 0.01800
v -0.17300 0.02350 0.01800
v -0.20300 0.02350 0.01800
v 0.20300 0.02350 0.01900
v 0.17400 0.02350 0.01900
v -0.17300 0.02350 0.01900
v -0.20200 0.02350 0.01900
v 0.15100 0.02350 0.08700
v -0.15100 0.02350 0.08700
v 0.15900 0.02350 0.08800
v 0.15800 0.02350 0.08800
v 0.15000 0.02350 0.08800
v 0.14800 0.02350 0.08800
v -0.15000 0.02350 0.08800
v -0.15800 0.02350 0.08800
v -0.15900 0.02350 0.08800
v -0.15900 0.02350 0.08900
v 0.16100 0.02350 0.09000
v -0.16000 0.02350 0.09000
v 0.13700 0.02350 0.09300
v -0.13700 0.02350 0.09300
v -0.13800 0.02350 0.09300
v 0.13600 0.02350 0.09400
v 0.13500 0.02350 0.09400
v -0.13500 0.02350 0.09400
v -0.13600 0.02350 0.09400
v 0.17100 0.02350 0.09700
v 0.17000 0.02350 0.09700
v -0.17000 0.02350 0.09700
v -0.17100 0.02350 0.09700
v 0.13100 0.02350 0.10000
v -0.17400 0.02350 0.10400
v 0.17500 0.02350 0.10500
v 0.17500 0.02350 0.10600
v 0.17400 0.02350 0.10700
v -0.13000 0.02350 0.11500
v -0.12900 0.02350 0.11600
v 0.13000 0.02350 0.11700
v 0.13400 0.02350 0.12400
v 0.13300 0.02350 0.12400
v -0.13300 0.02350 0.12400
v -0.13400 0.02350 0.12400
v -0.13500 0.02350 0.12500
v 0.16900 0.02350 0.12700
v 0.16800 0.02350 0.12700
v -0.16800 0.02350 0.12700
v -0.16900 0.02350 0.12700
v 0.16700 0.02350 0.12800
v 0.16600 0.02350 0.12800
v -0.16700 0.02350 0.12800
v 0.15500 0.02350 0.13300
v 0.14600 0.02350 0.13300
v -0.14500 0.02350 0.13300
v -0.14600 0.02350 0.13300
v -0.15500 0.02350 0.13300
v -0.15600 0.02350 0.13300
v 0.15400 0.02350 0.13400
v -0.15400 0.02350 0.13400
v 0.05400 0.02350 0.15600
v -0.05400 0.02350 0.15600
v -0.05700 0.02350 0.15600
v -0.04800 0.02350 0.15800
v 0.07100 0.02350 0.15900
v 0.06800 0.02350 0.15900
v 0.04700 0.02350 0.15900
v 0.04600 0.02350 0.15900
v -0.04600 0.02350 0.15900
v -0.04700 0.02350 0.15900
v -0.07100 0.02350 0.15900
v 0.04600 0.02350 0.16000
v 0.07600 0.02350 0.16400
v 0.07700 0.02350 0.16500
v -0.07600 0.02350 0.16500
v -0.07700 0.02350 0.16600
v 0.07700 0.02350 0.16700
v 0.03800 0.02350 0.16900
v -0.03700 0.02350 0.16900
v -0.03700 0.02350 0.17000
v 0.03500 0.02350 0.17700
v -0.03500 0.02350 0.17700
v -0.03500 0.02350 0.17800
v -0.08100 0.02350 0.17800
v 0.08100 0.02350 0.17900
v 0.03500 0.02350 0.17900
v -0.03500 0.02350 0.17900
v 0.08200 0.02350 0.18000
v 0.03600 0.02350 0.18000
v -0.03600 0.02350 0.18000
v -0.08100 0.02350 0.18000
v 0.08000 0.02350 0.18700
v 0.08000 0.02350 0.18800
v -0.07900 0.02350 0.18800
v 0.07900 0.02350 0.18900
v 0.07800 0.02350 0.18900
v -0.07900 0.02350 0.18900
v 0.04000 0.02350 0.19200
v -0.03900 0.02350 0.19200
v -0.04000 0.02350 0.19300
v 0.04000 0.02350 0.19400
v -0.07000 0.02350 0.19700
v 0.04500 0.02350 0.19800
v -0.04500 0.02350 0.19800
v -0.07000 0.02350 0.19800
v 0.06900 0.02350 0.19900
v 0.04600 0.02350 0.19900
v -0.04600 0.02350 0.19900
v -0.06900 0.02350 0.19900
v 0.06900 0.02350 0.20000
v -0.06800 0.02350 0.20000
v 0.05900 0.02350 0.20100
v 0.06100 0.02350 0.20200
v 0.06000 0.02350 0.20200
v -0.06000 0.02350 0.20200
v 0.06800 0.02250 -0.20100
v -0.06800 0.02250 -0.20000
v 0.04100 0.02250 -0.19500
v -0.04000 0.02250 -0.19500
v -0.08100 0.02250 -0.18600
v -0.08200 0.02250 -0.18100
v 0.03400 0.02250 -0.17600
v -0.03400 0.02250 -0.17600
v 0.03500 0.02250 -0.17100
v -0.03500 0.02250 -0.17100
v -0.07600 0.02250 -0.16300
v 0.07200 0.02250 -0.15900
v -0.07200 0.02250 -0.15900
v 0.04900 0.02250 -0.15700
v -0.04800 0.02250 -0.15700
v 0.15200 0.02250 -0.13400
v 0.14700 0.02250 -0.13400
v -0.14700 0.02250 -0.13400
v -0.15200 0.02250 -0.13400
v 0.17000 0.02250 -0.12600
v -0.17000 0.02250 -0.12600
v 0.13100 0.02250 -0.12200
v -0.13100 0.02250 -0.12200
v -0.17300 0.02250 -0.12200
v 0.12900 0.02250 -0.11800
v -0.17500 0.02250 -0.10300
v 0.17300 0.02250 -0.09900
v -0.17300 0.02250 -0.09900
v 0.13200 0.02250 -0.09800
v 0.13400 0.02250 -0.09400
v -0.13400 0.02250 -0.09400
v 0.15200 0.02250 -0.08600
v -0.15200 0.02250 -0.08600
v 0.17400 0.02250 -0.01900
v -0.17400 0.02250 -0.01900
v -0.20200 0.02250 -0.01900
v 0.21200 0.02250 -0.00200
v 0.16400 0.02250 -0.00200
v -0.21200 0.02250 -0.00200
v 0.21200 0.02250 0.00200
v 0.16400 0.02250 0.00200
v -0.16400 0.02250 0.00200
v -0.21200 0.02250 0.00200
v 0.20200 0.02250 0.02000
v 0.17400 0.02250 0.02000
v -0.17400 0.02250 0.02000
v -0.20200 0.02250 0.02000
v 0.15700 0.02250 0.08700
v 0.15200 0.02250 0.08700
v -0.15200 0.02250 0.08700
v -0.15700 0.02250 0.08700
v 0.13400 0.02250 0.09500
v -0.13400 0.02250 0.09500
v 0.17300 0.02250 0.09900
v 0.13200 0.02250 0.09900
v -0.17300 0.02250 0.09900
v -0.17500 0.02250 0.10300
v 0.12900 0.02250 0.11800
v 0.13100 0.02250 0.12200
v -0.13100 0.02250 0.12200
v -0.17300 0.02250 0.12300
v 0.17000 0.02250 0.12600
v -0.17000 0.02250 0.12600
v 0.15200 0.02250 0.13400
v -0.15200 0.02250 0.13400
v 0.05300 0.02250 0.15500
v -0.05300 0.02250 0.15500
v 0.04900 0.02250 0.15700
v -0.04800 0.02250 0.15700
v 0.07200 0.02250 0.16000
v -0.07200 0.02250 0.16000
v -0.07600 0.02250 0.16300
v 0.03500 0.02250 0.17200
v -0.03500 0.02250 0.17200
v 0.03400 0.02250 0.17600
v -0.03400 0.02250 0.17600
v -0.08200 0.02250 0.18100
v -0.08100 0.02250 0.18600
v 0.04100 0.02250 0.19500
v -0.04000 0.02250 0.19500
v -0.06800 0.02250 0.20100
v 0.01000 0.00950 -0.08700
v 0.00700 0.00950 -0.08500
v -0.00300 0.00950 -0.08500
v -0.00600 0.00950 -0.08500
v -0.08000 0.00950 -0.03600
v 0.07900 0.00950 -0.03300
v -0.07900 0.00950 -0.03300
v 0.08000 0.00950 -0.02900
v -0.08000 0.00950 -0.02600
v -0.08300 0.00950 -0.02000
v 0.05600 0.00950 0.06500
v -0.05500 0.00950 0.06500
v -0.05900 0.00950 0.06500
v -0.04700 0.00950 0.07100
v 0.04500 0.00950 0.07300
v 0.04400 0.00950 0.07600
v 0.06100 0.00350 -0.20200
v -0.06100 0.00350 -0.20200
v 0.06000 0.00350 -0.20100
v 0.05700 0.00350 -0.20100
v -0.05700 0.00350 -0.20100
v -0.05900 0.00350 -0.20100
v -0.06000 0.00350 -0.20100
v 0.06900 0.00350 -0.20000
v 0.05600 0.00350 -0.20000
v 0.05300 0.00350 -0.20000
v -0.05200 0.00350 -0.20000
v -0.05400 0.00350 -0.20000
v -0.05600 0.00350 -0.20000
v -0.06800 0.00350 -0.20000
v 0.06900 0.00350 -0.19900
v 0.05200 0.00350 -0.19900
v 0.04800 0.00350 -0.19900
v 0.04700 0.00350 -0.19900
v -0.04700 0.00350 -0.19900
v -0.05100 0.00350 -0.19900
v 0.04600 0.00350 -0.19800
v -0.04600 0.00350 -0.19800
v -0.07000 0.00350 -0.19800
v 0.07100 0.00350 -0.19700
v -0.07000 0.00350 -0.19700
v 0.07200 0.00350 -0.19600
v 0.07100 0.00350 -0.19600
v -0.07100 0.00350 -0.19600
v -0.07200 0.00350 -0.19600
v -0.07300 0.00350 -0.19500
v 0.07400 0.00350 -0.19400
v 0.04000 0.00350 -0.19400
v -0.07300 0.00350 -0.19400
v 0.07400 0.00350 -0.19300
v -0.04000 0.00350 -0.19300
v 0.07600 0.00350 -0.19200
v 0.07500 0.00350 -0.19200
v 0.04000 0.00350 -0.19200
v -0.03900 0.00350 -0.19200
v -0.07500 0.00350 -0.19200
v -0.07600 0.00350 -0.19200
v 0.07700 0.00350 -0.19100
v 0.03900 0.00350 -0.19100
v -0.07600 0.00350 -0.19100
v 0.07700 0.00350 -0.19000
v 0.03900 0.00350 -0.19000
v -0.03900 0.00350 -0.19000
v -0.07800 0.00350 -0.18900
v 0.08000 0.00350 -0.18800
v 0.07900 0.00350 -0.18800
v 0.03800 0.00350 -0.18800
v -0.03800 0.00350 -0.18800
v -0.07900 0.00350 -0.18800
v 0.08000 0.00350 -0.18700
v 0.03800 0.00350 -0.18600
v -0.03800 0.00350 -0.18600
v 0.03700 0.00350 -0.18500
v -0.03700 0.00350 -0.18500
v 0.03700 0.00350 -0.18400
v 0.03700 0.00350 -0.18300
v -0.03700 0.00350 -0.18300
v 0.03600 0.00350 -0.18200
v -0.03600 0.00350 -0.18200
v 0.08200 0.00350 -0.18000
v 0.03600 0.00350 -0.18000
v -0.03600 0.00350 -0.18000
v -0.08100 0.00350 -0.18000
v 0.08100 0.00350 -0.17900
v 0.03500 0.00350 -0.17900
v -0.03500 0.00350 -0.17900
v -0.08100 0.00350 -0.17800
v 0.08100 0.00350 -0.17700
v 0.03500 0.00350 -0.17700
v -0.03500 0.00350 -0.17700
v -0.08000 0.00350 -0.17700
v 0.08000 0.00350 -0.17600
v -0.08000 0.00350 -0.17500
v 0.08000 0.00350 -0.17400
v -0.07900 0.00350 -0.17400
v 0.07900 0.00350 -0.17300
v -0.07900 0.00350 -0.17300
v -0.07900 0.00350 -0.17200
v 0.07900 0.00350 -0.17100
v 0.03600 0.00350 -0.17100
v -0.03600 0.00350 -0.17100
v -0.07800 0.00350 -0.17100
v 0.07800 0.00350 -0.17000
v -0.03700 0.00350 -0.17000
v 0.03800 0.00350 -0.16900
v -0.03700 0.00350 -0.16900
v -0.07800 0.00350 -0.16900
v 0.07800 0.00350 -0.16800
v 0.03800 0.00350 -0.16800
v -0.07700 0.00350 -0.16800
v 0.07700 0.00350 -0.16700
v -0.07700 0.00350 -0.16700
v 0.04100 0.00350 -0.16600
v 0.04000 0.00350 -0.16600
v -0.04000 0.00350 -0.16600
v -0.07700 0.00350 -0.16600
v 0.07700 0.00350 -0.16500
v 0.04100 0.00350 -0.16500
v -0.07600 0.00350 -0.16500
v 0.07600 0.00350 -0.16400
v -0.04200 0.00350 -0.16400
v 0.04300 0.00350 -0.16300
v -0.04200 0.00350 -0.16300
v 0.04400 0.00350 -0.16200
v 0.04300 0.00350 -0.16200
v -0.04300 0.00350 -0.16200
v -0.04400 0.00350 -0.16200
v -0.04500 0.00350 -0.16100
v 0.04600 0.00350 -0.16000
v -0.04500 0.00350 -0.16000
v 0.06900 0.00350 -0.15900
v 0.04600 0.00350 -0.15900
v -0.06900 0.00350 -0.15900
v 0.06800 0.00350 -0.15800
v 0.06400 0.00350 -0.15800
v 0.04800 0.00350 -0.15800
v 0.04700 0.00350 -0.15800
v -0.04700 0.00350 -0.15800
v -0.04800 0.00350 -0.15800
v -0.06400 0.00350 -0.15800
v -0.06800 0.00350 -0.15800
v 0.06300 0.00350 -0.15700
v 0.06000 0.00350 -0.15700
v -0.05900 0.00350 -0.15700
v -0.06200 0.00350 -0.15700
v 0.05800 0.00350 -0.15600
v 0.05500 0.00350 -0.15600
v -0.05500 0.00350 -0.15600
v -0.05800 0.00350 -0.15600
v 0.05400 0.00350 -0.15500
v -0.05400 0.00350 -0.15500
v 0.15300 0.00350 -0.13400
v -0.15300 0.00350 -0.13400
v 0.15500 0.00350 -0.13300
v 0.15400 0.00350 -0.13300
v 0.14600 0.00350 -0.13300
v -0.15400 0.00350 -0.13300
v -0.15500 0.00350 -0.13300
v 0.15800 0.00350 -0.13200
v 0.15600 0.00350 -0.13200
v 0.14600 0.00350 -0.13200
v 0.14500 0.00350 -0.13200
v -0.14400 0.00350 -0.13200
v -0.14500 0.00350 -0.13200
v -0.15600 0.00350 -0.13200
v -0.15800 0.00350 -0.13200
v 0.16000 0.00350 -0.13100
v 0.15900 0.00350 -0.13100
v 0.14400 0.00350 -0.13100
v 0.14300 0.00350 -0.13100
v -0.14300 0.00350 -0.13100
v -0.15900 0.00350 -0.13100
v -0.16000 0.00350 -0.13100
v 0.16200 0.00350 -0.13000
v 0.16100 0.00350 -0.13000
v -0.16100 0.00350 -0.13000
v -0.16200 0.00350 -0.13000
v 0.16400 0.00350 -0.12900
v 0.16300 0.00350 -0.12900
v 0.14100 0.00350 -0.12900
v 0.14000 0.00350 -0.12900
v -0.14000 0.00350 -0.12900
v -0.14100 0.00350 -0.12900
v -0.16300 0.00350 -0.12900
v -0.16400 0.00350 -0.12900
v 0.16700 0.00350 -0.12800
v 0.16500 0.00350 -0.12800
v -0.16500 0.00350 -0.12800
v -0.16600 0.00350 -0.12800
v -0.16700 0.00350 -0.12800
v 0.16900 0.00350 -0.12700
v 0.16800 0.00350 -0.12700
v 0.13800 0.00350 -0.12700
v -0.13700 0.00350 -0.12700
v -0.13800 0.00350 -0.12700
v -0.16800 0.00350 -0.12700
v -0.16900 0.00350 -0.12700
v 0.13700 0.00350 -0.12600
v -0.13600 0.00350 -0.12600
v 0.13600 0.00350 -0.12500
v 0.13500 0.00350 -0.12500
v -0.13500 0.00350 -0.12500
v -0.13600 0.00350 -0.12500
v 0.13300 0.00350 -0.12300
v 0.13200 0.00350 -0.12300
v -0.13200 0.00350 -0.12300
v -0.13300 0.00350 -0.12300
v 0.13000 0.00350 -0.11700
v 0.17300 0.00350 -0.11600
v -0.12900 0.00350 -0.11600
v 0.17400 0.00350 -0.11500
v -0.13000 0.00350 -0.11500
v 0.17400 0.00350 -0.11400
v -0.17300 0.00350 -0.11400
v -0.17400 0.00350 -0.11300
v 0.13000 0.00350 -0.10900
v 0.13100 0.00350 -0.10800
v 0.17400 0.00350 -0.10700
v 0.17500 0.00350 -0.10600
v -0.13000 0.00350 -0.10600
v -0.13100 0.00350 -0.10500
v -0.17400 0.00350 -0.10400
v 0.13100 0.00350 -0.09900
v 0.17100 0.00350 -0.09700
v 0.17000 0.00350 -0.09700
v -0.17000 0.00350 -0.09700
v -0.17100 0.00350 -0.09700
v 0.16900 0.00350 -0.09600
v 0.16900 0.00350 -0.09500
v 0.16800 0.00350 -0.09500
v -0.16700 0.00350 -0.09500
v -0.16800 0.00350 -0.09500
v 0.13600 0.00350 -0.09400
v -0.13600 0.00350 -0.09400
v -0.16600 0.00350 -0.09400
v 0.16600 0.00350 -0.09300
v 0.16500 0.00350 -0.09300
v 0.13800 0.00350 -0.09300
v 0.13700 0.00350 -0.09300
v -0.13700 0.00350 -0.09300
v -0.13800 0.00350 -0.09300
v -0.16500 0.00350 -0.09300
v -0.16600 0.00350 -0.09300
v 0.14000 0.00350 -0.09200
v 0.13900 0.00350 -0.09200
v -0.13900 0.00350 -0.09200
v -0.14000 0.00350 -0.09200
v -0.16400 0.00350 -0.09200
v 0.16300 0.00350 -0.09100
v 0.16200 0.00350 -0.09100
v 0.14200 0.00350 -0.09100
v 0.14100 0.00350 -0.09100
v -0.14100 0.00350 -0.09100
v -0.14200 0.00350 -0.09100
v -0.16200 0.00350 -0.09100
v -0.16300 0.00350 -0.09100
v 0.16100 0.00350 -0.09000
v 0.14500 0.00350 -0.09000
v 0.14300 0.00350 -0.09000
v -0.14300 0.00350 -0.09000
v -0.14500 0.00350 -0.09000
v -0.16000 0.00350 -0.09000
v -0.16100 0.00350 -0.09000
v 0.14700 0.00350 -0.08900
v 0.14600 0.00350 -0.08900
v -0.14600 0.00350 -0.08900
v -0.14700 0.00350 -0.08900
v -0.15900 0.00350 -0.08900
v 0.15900 0.00350 -0.08800
v 0.15800 0.00350 -0.08800
v 0.14900 0.00350 -0.08800
v 0.14800 0.00350 -0.08800
v -0.14800 0.00350 -0.08800
v -0.14900 0.00350 -0.08800
v -0.15800 0.00350 -0.08800
v -0.15900 0.00350 -0.08800
v 0.15100 0.00350 -0.08700
v 0.15000 0.00350 -0.08700
v -0.15000 0.00350 -0.08700
v -0.15100 0.00350 -0.08700
v 0.20300 0.00350 -0.01800
v 0.17400 0.00350 -0.01800
v -0.08600 0.00350 -0.01800
v -0.17300 0.00350 -0.01800
v -0.20200 0.00350 -0.01800
v 0.20300 0.00350 -0.01700
v -0.17300 0.00350 -0.01700
v -0.20300 0.00350 -0.01700
v 0.20400 0.00350 -0.01600
v 0.17200 0.00350 -0.01600
v -0.17200 0.00350 -0.01600
v -0.20300 0.00350 -0.01600
v -0.20400 0.00350 -0.01600
v 0.20500 0.00350 -0.01500
v 0.17100 0.00350 -0.01500
v -0.17100 0.00350 -0.01500
v -0.20400 0.00350 -0.01500
v 0.20500 0.00350 -0.01400
v 0.17100 0.00350 -0.01400
v -0.17100 0.00350 -0.01400
v 0.20600 0.00350 -0.01300
v 0.17000 0.00350 -0.01300
v -0.20600 0.00350 -0.01300
v 0.20600 0.00350 -0.01200
v 0.17000 0.00350 -0.01200
v -0.16900 0.00350 -0.01200
v -0.20600 0.00350 -0.01200
v 0.20700 0.00350 -0.01100
v 0.16900 0.00350 -0.01100
v -0.16900 0.00350 -0.01100
v -0.20700 0.00350 -0.01100
v 0.20700 0.00350 -0.01000
v 0.16900 0.00350 -0.01000
v -0.16800 0.00350 -0.01000
v -0.20700 0.00350 -0.01000
v 0.16800 0.00350 -0.00900
v -0.16800 0.00350 -0.00900
v -0.20800 0.00350 -0.00900
v 0.20900 0.00350 -0.00800
v 0.16800 0.00350 -0.00800
v -0.16700 0.00350 -0.00800
v -0.20800 0.00350 -0.00800
v 0.20900 0.00350 -0.00700
v -0.16700 0.00350 -0.00700
v -0.20900 0.00350 -0.00700
v 0.21000 0.00350 -0.00600
v 0.16600 0.00350 -0.00600
v -0.16600 0.00350 -0.00600
v -0.20900 0.00350 -0.00600
v 0.21000 0.00350 -0.00500
v 0.16600 0.00350 -0.00500
v -0.16600 0.00350 -0.00500
v -0.21000 0.00350 -0.00500
v 0.21100 0.00350 -0.00400
v 0.16500 0.00350 -0.00400
v -0.16500 0.00350 -0.00400
v -0.21000 0.00350 -0.00400
v 0.21100 0.00350 -0.00300
v 0.16500 0.00350 -0.00300
v -0.16500 0.00350 -0.00300
v 0.21100 0.00350 0.00300
v 0.16500 0.00350 0.00300
v -0.16500 0.00350 0.00300
v 0.21100 0.00350 0.00400
v 0.16500 0.00350 0.00400
v -0.16500 0.00350 0.00400
v -0.21000 0.00350 0.00400
v 0.21000 0.00350 0.00500
v 0.16600 0.00350 0.00500
v -0.16600 0.00350 0.00500
v -0.21000 0.00350 0.00500
v 0.21000 0.00350 0.00600
v 0.16600 0.00350 0.00600
v -0.16600 0.00350 0.00600
v -0.20900 0.00350 0.00600
v 0.20900 0.00350 0.00700
v -0.16700 0.00350 0.00700
v -0.20900 0.00350 0.00700
v 0.20900 0.00350 0.00800
v 0.16800 0.00350 0.00800
v -0.16700 0.00350 0.00800
v -0.20800 0.00350 0.00800
v 0.16800 0.00350 0.00900
v -0.16800 0.00350 0.00900
v -0.20800 0.00350 0.00900
v 0.20700 0.00350 0.01000
v 0.16900 0.00350 0.01000
v -0.16800 0.00350 0.01000
v -0.20700 0.00350 0.01000
v 0.20700 0.00350 0.01100
v 0.16900 0.00350 0.01100
v -0.16900 0.00350 0.01100
v -0.20700 0.00350 0.01100
v 0.20600 0.00350 0.01200
v 0.17000 0.00350 0.01200
v -0.16900 0.00350 0.01200
v -0.20600 0.00350 0.01200
v 0.20600 0.00350 0.01300
v 0.17000 0.00350 0.01300
v -0.20600 0.00350 0.01300
v 0.20500 0.00350 0.01400
v 0.17100 0.00350 0.01400
v -0.17100 0.00350 0.01400
v 0.20500 0.00350 0.01500
v 0.17100 0.00350 0.01500
v -0.17100 0.00350 0.01500
v -0.20400 0.00350 0.01500
v 0.20400 0.00350 0.01600
v 0.17200 0.00350 0.01600
v -0.17200 0.00350 0.01600
v -0.20400 0.00350 0.01600
v 0.20400 0.00350 0.01700
v 0.17200 0.00350 0.01700
v -0.17200 0.00350 0.01700
v -0.20300 0.00350 0.01700
v 0.20300 0.00350 0.01800
v -0.17300 0.00350 0.01800
v -0.20300 0.00350 0.01800
v 0.20300 0.00350 0.01900
v 0.17400 0.00350 0.01900
v -0.17300 0.00350 0.01900
v -0.20200 0.00350 0.01900
v 0.15100 0.00350 0.08700
v -0.15100 0.00350 0.08700
v 0.15900 0.00350 0.08800
v 0.15800 0.00350 0.08800
v 0.15000 0.00350 0.08800
v 0.14800 0.00350 0.08800
v -0.14800 0.00350 0.08800
v -0.15000 0.00350 0.08800
v -0.15800 0.00350 0.08800
v -0.15900 0.00350 0.08800
v 0.14700 0.00350 0.08900
v 0.14600 0.00350 0.08900
v -0.14600 0.00350 0.08900
v -0.14700 0.00350 0.08900
v -0.15900 0.00350 0.08900
v 0.16100 0.00350 0.09000
v 0.14500 0.00350 0.09000
v 0.14400 0.00350 0.09000
v -0.14400 0.00350 0.09000
v -0.14500 0.00350 0.09000
v -0.16000 0.00350 0.09000
v -0.16100 0.00350 0.09000
v 0.14300 0.00350 0.09100
v 0.14200 0.00350 0.09100
v -0.14200 0.00350 0.09100
v -0.14300 0.00350 0.09100
v 0.16400 0.00350 0.09200
v 0.16300 0.00350 0.09200
v 0.14100 0.00350 0.09200
v 0.13900 0.00350 0.09200
v -0.13900 0.00350 0.09200
v -0.14100 0.00350 0.09200
v -0.16300 0.00350 0.09200
v -0.16400 0.00350 0.09200
v 0.13800 0.00350 0.09300
v 0.13700 0.00350 0.09300
v -0.13700 0.00350 0.09300
v -0.13800 0.00350 0.09300
v 0.16700 0.00350 0.09400
v 0.16600 0.00350 0.09400
v 0.13600 0.00350 0.09400
v 0.13500 0.00350 0.09400
v -0.13500 0.00350 0.09400
v -0.13600 0.00350 0.09400
v -0.16600 0.00350 0.09400
v 0.16900 0.00350 0.09600
v -0.16800 0.00350 0.09600
v -0.16900 0.00350 0.09600
v 0.17100 0.00350 0.09700
v 0.17000 0.00350 0.09700
v -0.17000 0.00350 0.09700
v -0.17100 0.00350 0.09700
v 0.13100 0.00350 0.10000
v -0.17400 0.00350 0.10400
v -0.13100 0.00350 0.10500
v 0.17500 0.00350 0.10600
v -0.13000 0.00350 0.10600
v 0.17400 0.00350 0.10700
v 0.13100 0.00350 0.10800
v 0.13000 0.00350 0.10900
v -0.17400 0.00350 0.11200
v -0.17400 0.00350 0.11300
v -0.17300 0.00350 0.11400
v 0.17400 0.00350 0.11500
v -0.13000 0.00350 0.11500
v 0.17300 0.00350 0.11600
v -0.12900 0.00350 0.11600
v 0.13000 0.00350 0.11700
v 0.13400 0.00350 0.12400
v 0.13300 0.00350 0.12400
v -0.13300 0.00350 0.12400
v -0.13400 0.00350 0.12400
v -0.13500 0.00350 0.12500
v 0.13700 0.00350 0.12600
v 0.13600 0.00350 0.12600
v -0.13600 0.00350 0.12600
v 0.16900 0.00350 0.12700
v 0.16800 0.00350 0.12700
v 0.13800 0.00350 0.12700
v -0.16800 0.00350 0.12700
v -0.16900 0.00350 0.12700
v 0.16700 0.00350 0.12800
v 0.16600 0.00350 0.12800
v 0.13900 0.00350 0.12800
v 0.13800 0.00350 0.12800
v -0.13800 0.00350 0.12800
v -0.13900 0.00350 0.12800
v -0.16600 0.00350 0.12800
v -0.16700 0.00350 0.12800
v 0.16500 0.00350 0.12900
v 0.16400 0.00350 0.12900
v 0.14100 0.00350 0.12900
v 0.14000 0.00350 0.12900
v -0.14000 0.00350 0.12900
v -0.14100 0.00350 0.12900
v -0.16400 0.00350 0.12900
v -0.16500 0.00350 0.12900
v 0.16300 0.00350 0.13000
v 0.16200 0.00350 0.13000
v 0.16100 0.00350 0.13000
v -0.16100 0.00350 0.13000
v -0.16200 0.00350 0.13000
v -0.16300 0.00350 0.13000
v 0.16000 0.00350 0.13100
v 0.15900 0.00350 0.13100
v 0.14400 0.00350 0.13100
v 0.14300 0.00350 0.13100
v -0.14300 0.00350 0.13100
v -0.15900 0.00350 0.13100
v -0.16000 0.00350 0.13100
v 0.15800 0.00350 0.13200
v 0.15700 0.00350 0.13200
v -0.15700 0.00350 0.13200
v -0.15800 0.00350 0.13200
v 0.15600 0.00350 0.13300
v 0.15500 0.00350 0.13300
v 0.14600 0.00350 0.13300
v -0.14500 0.00350 0.13300
v -0.14600 0.00350 0.13300
v -0.15500 0.00350 0.13300
v -0.15600 0.00350 0.13300
v 0.15400 0.00350 0.13400
v -0.15400 0.00350 0.13400
v 0.05700 0.00350 0.15600
v 0.05400 0.00350 0.15600
v -0.05400 0.00350 0.15600
v -0.05700 0.00350 0.15600
v 0.06200 0.00350 0.15700
v 0.05800 0.00350 0.15700
v -0.05800 0.00350 0.15700
v -0.06100 0.00350 0.15700
v 0.06700 0.00350 0.15800
v 0.06300 0.00350 0.15800
v -0.04800 0.00350 0.15800
v -0.06200 0.00350 0.15800
v -0.06700 0.00350 0.15800
v 0.07100 0.00350 0.15900
v 0.06800 0.00350 0.15900
v 0.04700 0.00350 0.15900
v 0.04600 0.00350 0.15900
v -0.04600 0.00350 0.15900
v -0.04700 0.00350 0.15900
v -0.06800 0.00350 0.15900
v -0.07100 0.00350 0.15900
v 0.04600 0.00350 0.16000
v -0.04500 0.00350 0.16000
v -0.04500 0.00350 0.16100
v 0.04300 0.00350 0.16300
v -0.04200 0.00350 0.16300
v -0.04300 0.00350 0.16300
v 0.07600 0.00350 0.16400
v -0.04200 0.00350 0.16400
v 0.07700 0.00350 0.16500
v 0.04100 0.00350 0.16500
v -0.07600 0.00350 0.16500
v 0.04100 0.00350 0.16600
v -0.04000 0.00350 0.16600
v -0.07700 0.00350 0.16600
v 0.07700 0.00350 0.16700
v 0.04000 0.00350 0.16700
v 0.03900 0.00350 0.16700
v -0.03900 0.00350 0.16700
v -0.04000 0.00350 0.16700
v 0.07800 0.00350 0.16800
v 0.03800 0.00350 0.16800
v -0.07700 0.00350 0.16800
v 0.07800 0.00350 0.16900
v 0.03800 0.00350 0.16900
v -0.03700 0.00350 0.16900
v -0.07800 0.00350 0.16900
v 0.07800 0.00350 0.17000
v -0.03700 0.00350 0.17000
v 0.07900 0.00350 0.17100
v -0.07800 0.00350 0.17100
v -0.07900 0.00350 0.17200
v 0.07900 0.00350 0.17300
v 0.08000 0.00350 0.17400
v -0.07900 0.00350 0.17400
v -0.08000 0.00350 0.17500
v 0.08000 0.00350 0.17600
v 0.08100 0.00350 0.17700
v 0.03500 0.00350 0.17700
v -0.03500 0.00350 0.17700
v -0.08000 0.00350 0.17700
v -0.08100 0.00350 0.17800
v 0.08100 0.00350 0.17900
v 0.03500 0.00350 0.17900
v -0.03500 0.00350 0.17900
v 0.08200 0.00350 0.18000
v 0.03600 0.00350 0.18000
v -0.03600 0.00350 0.18000
v -0.08100 0.00350 0.18000
v 0.03600 0.00350 0.18200
v -0.03600 0.00350 0.18200
v 0.03700 0.00350 0.18300
v -0.03700 0.00350 0.18300
v -0.03700 0.00350 0.18500
v 0.03700 0.00350 0.18600
v -0.03700 0.00350 0.18600
v 0.08000 0.00350 0.18700
v 0.03800 0.00350 0.18700
v -0.03800 0.00350 0.18700
v 0.08000 0.00350 0.18800
v -0.07900 0.00350 0.18800
v 0.07900 0.00350 0.18900
v 0.07800 0.00350 0.18900
v 0.03800 0.00350 0.18900
v -0.03800 0.00350 0.18900
v -0.07800 0.00350 0.18900
v -0.07900 0.00350 0.18900
v 0.07700 0.00350 0.19000
v 0.03900 0.00350 0.19000
v -0.03900 0.00350 0.19000
v 0.07700 0.00350 0.19100
v 0.03900 0.00350 0.19100
v -0.07600 0.00350 0.19100
v 0.04000 0.00350 0.19200
v -0.03900 0.00350 0.19200
v -0.07600 0.00350 0.19200
v 0.07500 0.00350 0.19300
v 0.07400 0.00350 0.19300
v -0.04000 0.00350 0.19300
v -0.07400 0.00350 0.19300
v -0.07500 0.00350 0.19300
v 0.07400 0.00350 0.19400
v 0.04000 0.00350 0.19400
v -0.07300 0.00350 0.19400
v -0.07300 0.00350 0.19500
v -0.07200 0.00350 0.19600
v 0.07100 0.00350 0.19700
v -0.07000 0.00350 0.19700
v -0.07100 0.00350 0.19700
v 0.04500 0.00350 0.19800
v -0.04500 0.00350 0.19800
v -0.07000 0.00350 0.19800
v 0.06900 0.00350 0.19900
v 0.05000 0.00350 0.19900
v 0.04600 0.00350 0.19900
v -0.04600 0.00350 0.19900
v -0.05000 0.00350 0.19900
v 0.06900 0.00350 0.20000
v 0.05500 0.00350 0.20000
v 0.05200 0.00350 0.20000
v -0.05100 0.00350 0.20000
v -0.05200 0.00350 0.20000
v -0.05400 0.00350 0.20000
v -0.06800 0.00350 0.20000
v 0.05900 0.00350 0.20100
v 0.05600 0.00350 0.20100
v -0.05600 0.00350 0.20100
v -0.05900 0.00350 0.20100
v 0.06000 0.00350 0.20200
v -0.06000 0.00350 0.20200
v 0.00700 -0.01450 -0.08500
v -0.00600 -0.01450 -0.08500
v 0.07900 -0.01450 -0.03300
v -0.07900 -0.01450 -0.03300
v -0.08000 -0.01450 -0.02600
v -0.08300 -0.01450 -0.02000
v 0.05600 -0.01450 0.06500
v -0.05500 -0.01450 0.06500
v -0.04900 -0.01450 0.06800
v 0.04500 -0.01450 0.07300
v -0.05900 -0.02650 0.25400
v 0.03500 -0.03650 -0.27000
v 0.05200 -0.03650 -0.26700
v 0.11700 -0.03650 -0.24600
v -0.13000 -0.03650 -0.23900
v 0.18700 -0.03650 -0.19800
v -0.19800 -0.03650 -0.18700
v 0.19900 -0.03650 -0.18500
v -0.23800 -0.03650 -0.13200
v -0.24600 -0.03650 -0.11600
v 0.24700 -0.03650 -0.11500
v -0.26700 -0.03650 -0.05200
v -0.27000 -0.03650 -0.03500
v -0.27000 -0.03650 0.03300
v 0.27000 -0.03650 0.03500
v -0.23900 -0.03650 0.13100
v -0.19900 -0.03650 0.18600
v 0.19800 -0.03650 0.18700
v -0.18700 -0.03650 0.19800
v 0.18600 -0.03650 0.19900
v 0.11500 -0.03650 0.24700
v -0.03500 -0.03650 0.27000
v -0.05300 -0.03950 0.26900
v 0.00000 -0.04650 -0.27500
v 0.02200 -0.04650 -0.27300
v -0.02100 -0.04650 -0.27300
v 0.04300 -0.04650 -0.27100
v -0.04300 -0.04650 -0.27100
v 0.06400 -0.04650 -0.26600
v -0.06400 -0.04650 -0.26600
v 0.08500 -0.04650 -0.26100
v -0.08500 -0.04650 -0.26100
v 0.10500 -0.04650 -0.25300
v -0.10500 -0.04650 -0.25300
v 0.12500 -0.04650 -0.24500
v -0.12500 -0.04650 -0.24500
v 0.14300 -0.04650 -0.23300
v -0.14300 -0.04650 -0.23300
v 0.16200 -0.04650 -0.22200
v -0.16100 -0.04650 -0.22200
v 0.17800 -0.04650 -0.20800
v -0.17800 -0.04650 -0.20800
v 0.19400 -0.04650 -0.19400
v -0.19400 -0.04650 -0.19400
v 0.20800 -0.04650 -0.17800
v -0.20800 -0.04650 -0.17800
v 0.22200 -0.04650 -0.16100
v -0.22200 -0.04650 -0.16100
v 0.23400 -0.04650 -0.14300
v -0.23300 -0.04650 -0.14300
v 0.24500 -0.04650 -0.12500
v -0.24500 -0.04650 -0.12500
v 0.25300 -0.04650 -0.10500
v -0.25300 -0.04650 -0.10500
v 0.26100 -0.04650 -0.08500
v -0.26100 -0.04650 -0.08500
v 0.26600 -0.04650 -0.06400
v -0.26600 -0.04650 -0.06400
v 0.27100 -0.04650 -0.04300
v -0.27100 -0.04650 -0.04300
v 0.27300 -0.04650 -0.02100
v -0.27300 -0.04650 -0.02100
v 0.27500 -0.04650 0.00000
v -0.27500 -0.04650 0.00000
v 0.27300 -0.04650 0.02200
v -0.27300 -0.04650 0.02200
v 0.27100 -0.04650 0.04300
v -0.27100 -0.04650 0.04300
v 0.26600 -0.04650 0.06400
v -0.26600 -0.04650 0.06400
v 0.26100 -0.04650 0.08500
v -0.26100 -0.04650 0.08500
v 0.25300 -0.04650 0.10500
v -0.25300 -0.04650 0.10500
v 0.24500 -0.04650 0.12500
v -0.24500 -0.04650 0.12500
v 0.23400 -0.04650 0.14300
v -0.23300 -0.04650 0.14300
v 0.22200 -0.04650 0.16200
v -0.22200 -0.04650 0.16200
v 0.20800 -0.04650 0.17800
v -0.20800 -0.04650 0.17800
v 0.19400 -0.04650 0.19400
v -0.19400 -0.04650 0.19400
v 0.17800 -0.04650 0.20800
v -0.17800 -0.04650 0.20800
v 0.16200 -0.04650 0.22200
v -0.16100 -0.04650 0.22200
v 0.14300 -0.04650 0.23400
v -0.14300 -0.04650 0.23400
v 0.12500 -0.04650 0.24500
v -0.12500 -0.04650 0.24500
v 0.10500 -0.04650 0.25300
v -0.10500 -0.04650 0.25300
v 0.08500 -0.04650 0.26100
v -0.08500 -0.04650 0.26100
v 0.06400 -0.04650 0.26600
v -0.06400 -0.04650 0.26600
v 0.04300 -0.04650 0.27100
v -0.04300 -0.04650 0.27100
v 0.02200 -0.04650 0.27300
v -0.02100 -0.04650 0.27300
v 0.00000 -0.04650 0.27500
v 0.04600 -0.04950 -0.28200
v -0.12900 -0.04950 -0.25500
v 0.13100 -0.04950 -0.25400
v -0.20100 -0.04950 -0.20200
v 0.20300 -0.04950 -0.20100
v -0.25400 -0.04950 -0.13000
v 0.25500 -0.04950 -0.12900
v -0.28200 -0.04950 -0.04500
v -0.28200 -0.04950 0.04400
v 0.28200 -0.04950 0.04600
v -0.25500 -0.04950 0.12900
v -0.20200 -0.04950 0.20100
v 0.20100 -0.04950 0.20300
v 0.12900 -0.04950 0.25500
v -0.04500 -0.04950 0.28200
v -0.26000 -0.08150 -0.49000
v -0.39900 -0.08150 -0.38500
v -0.42800 -0.08150 -0.35300
v 0.50900 -0.08150 -0.22100
v 0.55500 -0.08150 -0.00900
v 0.01000 -0.08150 0.55500
v -0.26200 -0.08350 -0.48800
v -0.42900 -0.08350 -0.35000
v 0.50700 -0.08350 -0.22300
v 0.50000 -0.08350 0.24100
v 0.45600 -0.08350 0.31600
v 0.43000 -0.08350 0.35100
v -0.31600 -0.08350 0.45600
v 0.30000 -0.08350 0.46600
v -0.07400 -0.08350 0.54900
v 0.01200 -0.08350 0.55400
v -0.26000 -0.10250 -0.49000
v 0.38600 -0.10250 -0.39900
v -0.39900 -0.10250 -0.38500
v -0.42800 -0.10250 -0.35300
v 0.49000 -0.10250 -0.26000
v 0.50900 -0.10250 -0.22100
v 0.55500 -0.10250 -0.00900
v 0.01000 -0.10250 0.55500
v -0.26200 -0.10450 -0.48800
v -0.42900 -0.10450 -0.35000
v 0.50700 -0.10450 -0.22300
v 0.50000 -0.10450 0.24100
v 0.45600 -0.10450 0.31600
v 0.43000 -0.10450 0.35100
v -0.31600 -0.10450 0.45600
v 0.30000 -0.10450 0.46600
v -0.07400 -0.10450 0.54900
v 0.01200 -0.10450 0.55400
v 0.01200 -0.12350 -0.55400
v -0.00900 -0.12350 -0.55400
v 0.03400 -0.12350 -0.55300
v -0.03100 -0.12350 -0.55300
v -0.05300 -0.12350 -0.55200
v 0.05600 -0.12350 -0.55100
v 0.07800 -0.12350 -0.54900
v -0.07400 -0.12350 -0.54900
v -0.09600 -0.12350 -0.54600
v 0.09900 -0.12350 -0.54500
v 0.12000 -0.12350 -0.54100
v -0.11700 -0.12350 -0.54100
v -0.13800 -0.12350 -0.53700
v 0.14100 -0.12350 -0.53600
v -0.15900 -0.12350 -0.53100
v 0.16300 -0.12350 -0.53000
v -0.18000 -0.12350 -0.52400
v 0.18300 -0.12350 -0.52300
v -0.00900 -0.12350 -0.52200
v 0.03200 -0.12350 -0.52100
v 0.01200 -0.12350 -0.52100
v -0.02900 -0.12350 -0.52100
v -0.05000 -0.12350 -0.52000
v 0.05300 -0.12350 -0.51900
v 0.07300 -0.12350 -0.51700
v -0.07000 -0.12350 -0.51700
v 0.20400 -0.12350 -0.51600
v -0.20000 -0.12350 -0.51600
v -0.09000 -0.12350 -0.51400
v 0.09300 -0.12350 -0.51300
v 0.11300 -0.12350 -0.51000
v -0.11000 -0.12350 -0.51000
v -0.22100 -0.12350 -0.50800
v 0.22400 -0.12350 -0.50700
v -0.13000 -0.12350 -0.50500
v 0.13300 -0.12350 -0.50400
v 0.15300 -0.12350 -0.49900
v -0.15000 -0.12350 -0.49900
v -0.24000 -0.12350 -0.49900
v 0.24400 -0.12350 -0.49800
v -0.17000 -0.12350 -0.49400
v 0.17200 -0.12350 -0.49200
v -0.26000 -0.12350 -0.49000
v 0.26300 -0.12350 -0.48800
v 0.19200 -0.12350 -0.48600
v -0.18900 -0.12350 -0.48600
v -0.20800 -0.12350 -0.47900
v -0.27900 -0.12350 -0.47900
v 0.28200 -0.12350 -0.47800
v 0.21000 -0.12350 -0.47700
v -0.22600 -0.12350 -0.47000
v 0.22900 -0.12350 -0.46900
v -0.29800 -0.12350 -0.46800
v 0.30000 -0.12350 -0.46600
v -0.24500 -0.12350 -0.46100
v 0.24700 -0.12350 -0.45900
v -0.31600 -0.12350 -0.45500
v 0.31800 -0.12350 -0.45400
v -0.26200 -0.12350 -0.45100
v 0.26500 -0.12350 -0.45000
v -0.33300 -0.12350 -0.44300
v 0.33600 -0.12350 -0.44100
v -0.28000 -0.12350 -0.44000
v 0.28300 -0.12350 -0.43800
v -0.29700 -0.12350 -0.42900
v -0.35000 -0.12350 -0.42900
v 0.35300 -0.12350 -0.42800
v 0.30000 -0.12350 -0.42700
v -0.31400 -0.12350 -0.41700
v -0.36700 -0.12350 -0.41500
v 0.36900 -0.12350 -0.41300
v -0.33000 -0.12350 -0.40400
v 0.33200 -0.12350 -0.40300
v -0.38300 -0.12350 -0.40000
v 0.38600 -0.12350 -0.39900
v -0.34600 -0.12350 -0.39100
v 0.34800 -0.12350 -0.38900
v -0.39900 -0.12350 -0.38500
v 0.40100 -0.12350 -0.38300
v -0.36000 -0.12350 -0.37700
v 0.36300 -0.12350 -0.37500
v -0.41300 -0.12350 -0.36900
v 0.41500 -0.12350 -0.36700
v -0.37500 -0.12350 -0.36300
v 0.37700 -0.12350 -0.36000
v -0.42800 -0.12350 -0.35300
v 0.42900 -0.12350 -0.35000
v -0.38900 -0.12350 -0.34700
v 0.39100 -0.12350 -0.34600
v -0.44100 -0.12350 -0.33500
v 0.44300 -0.12350 -0.33300
v -0.40300 -0.12350 -0.33200
v 0.40400 -0.12350 -0.33000
v -0.45400 -0.12350 -0.31800
v 0.45600 -0.12350 -0.31500
v 0.41700 -0.12350 -0.31400
v -0.42700 -0.12350 -0.30000
v -0.46600 -0.12350 -0.30000
v 0.46800 -0.12350 -0.29800
v 0.42900 -0.12350 -0.29700
v -0.43800 -0.12350 -0.28200
v -0.47800 -0.12350 -0.28100
v 0.44100 -0.12350 -0.28000
v 0.47900 -0.12350 -0.27900
v -0.45000 -0.12350 -0.26500
v 0.45100 -0.12350 -0.26200
v -0.48800 -0.12350 -0.26200
v 0.49000 -0.12350 -0.26000
v -0.45900 -0.12350 -0.24700
v 0.46100 -0.12350 -0.24500
v -0.49800 -0.12350 -0.24300
v 0.49900 -0.12350 -0.24000
v -0.46900 -0.12350 -0.22900
v 0.47000 -0.12350 -0.22600
v -0.50700 -0.12350 -0.22300
v 0.50900 -0.12350 -0.22100
v -0.47700 -0.12350 -0.21000
v 0.47900 -0.12350 -0.20800
v -0.51600 -0.12350 -0.20300
v 0.51700 -0.12350 -0.20000
v -0.48600 -0.12350 -0.19100
v 0.48600 -0.12350 -0.18900
v -0.52300 -0.12350 -0.18300
v 0.52500 -0.12350 -0.18000
v -0.49200 -0.12350 -0.17200
v 0.49400 -0.12350 -0.17000
v -0.53000 -0.12350 -0.16200
v 0.53100 -0.12350 -0.15900
v -0.49900 -0.12350 -0.15300
v 0.50000 -0.12350 -0.15000
v -0.53600 -0.12350 -0.14100
v 0.53700 -0.12350 -0.13900
v -0.50400 -0.12350 -0.13300
v 0.50600 -0.12350 -0.13000
v -0.54100 -0.12350 -0.12000
v 0.54200 -0.12350 -0.11700
v -0.50900 -0.12350 -0.11300
v 0.51000 -0.12350 -0.11000
v -0.54500 -0.12350 -0.09900
v 0.54600 -0.12350 -0.09600
v -0.51300 -0.12350 -0.09300
v 0.51400 -0.12350 -0.09000
v -0.54900 -0.12350 -0.07700
v 0.54900 -0.12350 -0.07400
v -0.51700 -0.12350 -0.07300
v 0.51700 -0.12350 -0.07000
v -0.55100 -0.12350 -0.05600
v 0.55200 -0.12350 -0.05300
v -0.51900 -0.12350 -0.05200
v 0.52000 -0.12350 -0.05000
v -0.55300 -0.12350 -0.03400
v -0.52100 -0.12350 -0.03200
v 0.55300 -0.12350 -0.03100
v 0.52100 -0.12350 -0.02900
v -0.52100 -0.12350 -0.01200
v -0.55400 -0.12350 -0.01200
v 0.55500 -0.12350 -0.00900
v 0.52200 -0.12350 -0.00900
v -0.52200 -0.12350 0.00900
v -0.55400 -0.12350 0.00900
v 0.55400 -0.12350 0.01200
v 0.52200 -0.12350 0.01200
v -0.52100 -0.12350 0.02900
v -0.55300 -0.12350 0.03100
v 0.52100 -0.12350 0.03200
v 0.55400 -0.12350 0.03400
v -0.52000 -0.12350 0.05000
v 0.51900 -0.12350 0.05300
v -0.55200 -0.12350 0.05300
v 0.55100 -0.12350 0.05600
v -0.51700 -0.12350 0.07000
v 0.51700 -0.12350 0.07300
v -0.54900 -0.12350 0.07500
v 0.54900 -0.12350 0.07800
v -0.51400 -0.12350 0.09000
v 0.51300 -0.12350 0.09300
v -0.54600 -0.12350 0.09600
v 0.54500 -0.12350 0.09900
v -0.51000 -0.12350 0.11100
v 0.51000 -0.12350 0.11300
v -0.54100 -0.12350 0.11700
v 0.54100 -0.12350 0.12000
v -0.50500 -0.12350 0.13100
v 0.50500 -0.12350 0.13300
v -0.53700 -0.12350 0.13900
v 0.53600 -0.12350 0.14100
v -0.49900 -0.12350 0.15000
v 0.49900 -0.12350 0.15300
v -0.53000 -0.12350 0.16000
v 0.53000 -0.12350 0.16300
v -0.49400 -0.12350 0.17000
v 0.49300 -0.12350 0.17200
v -0.52400 -0.12350 0.18000
v 0.52300 -0.12350 0.18300
v -0.48600 -0.12350 0.18900
v 0.48600 -0.12350 0.19100
v -0.51600 -0.12350 0.20100
v 0.51600 -0.12350 0.20300
v -0.47900 -0.12350 0.20800
v 0.47800 -0.12350 0.21000
v -0.50800 -0.12350 0.22100
v 0.50700 -0.12350 0.22300
v -0.47000 -0.12350 0.22700
v 0.46900 -0.12350 0.22900
v -0.49900 -0.12350 0.24100
v 0.49800 -0.12350 0.24300
v -0.46100 -0.12350 0.24500
v 0.46000 -0.12350 0.24700
v -0.49000 -0.12350 0.26000
v 0.48800 -0.12350 0.26300
v -0.45100 -0.12350 0.26300
v 0.45000 -0.12350 0.26500
v -0.47900 -0.12350 0.27900
v -0.44000 -0.12350 0.28000
v 0.47800 -0.12350 0.28200
v 0.43900 -0.12350 0.28200
v -0.42900 -0.12350 0.29700
v -0.46800 -0.12350 0.29800
v 0.46600 -0.12350 0.30000
v 0.42800 -0.12350 0.30000
v -0.41700 -0.12350 0.31400
v 0.41500 -0.12350 0.31600
v -0.45500 -0.12350 0.31600
v 0.45400 -0.12350 0.31800
v -0.40400 -0.12350 0.33000
v 0.40300 -0.12350 0.33200
v -0.44300 -0.12350 0.33400
v 0.44100 -0.12350 0.33600
v -0.39100 -0.12350 0.34600
v 0.38900 -0.12350 0.34800
v -0.42900 -0.12350 0.35000
v 0.42800 -0.12350 0.35300
v -0.37700 -0.12350 0.36100
v 0.37500 -0.12350 0.36300
v -0.41500 -0.12350 0.36700
v 0.41300 -0.12350 0.36900
v -0.36300 -0.12350 0.37500
v 0.36100 -0.12350 0.37700
v -0.40000 -0.12350 0.38300
v 0.39900 -0.12350 0.38600
v -0.34700 -0.12350 0.38900
v 0.34600 -0.12350 0.39100
v -0.38500 -0.12350 0.39900
v 0.38300 -0.12350 0.40000
v -0.33200 -0.12350 0.40300
v 0.33000 -0.12350 0.40400
v -0.36900 -0.12350 0.41300
v 0.36700 -0.12350 0.41500
v -0.31600 -0.12350 0.41500
v 0.31400 -0.12350 0.41700
v -0.30000 -0.12350 0.42800
v -0.35300 -0.12350 0.42800
v 0.35100 -0.12350 0.42900
v 0.29700 -0.12350 0.42900
v -0.28200 -0.12350 0.43900
v 0.28100 -0.12350 0.44000
v -0.33500 -0.12350 0.44100
v 0.33400 -0.12350 0.44300
v -0.26500 -0.12350 0.45000
v 0.26300 -0.12350 0.45100
v -0.31800 -0.12350 0.45400
v 0.31600 -0.12350 0.45500
v -0.24700 -0.12350 0.46000
v 0.24500 -0.12350 0.46100
v -0.30000 -0.12350 0.46600
v 0.29800 -0.12350 0.46800
v -0.22900 -0.12350 0.46900
v 0.22700 -0.12350 0.47000
v -0.21000 -0.12350 0.47700
v -0.28100 -0.12350 0.47800
v 0.27900 -0.12350 0.47900
v 0.20800 -0.12350 0.47900
v 0.18900 -0.12350 0.48600
v -0.19100 -0.12350 0.48600
v -0.26200 -0.12350 0.48800
v 0.26000 -0.12350 0.49000
v -0.17200 -0.12350 0.49300
v 0.17000 -0.12350 0.49400
v -0.24300 -0.12350 0.49800
v 0.24100 -0.12350 0.49900
v -0.15300 -0.12350 0.49900
v 0.15000 -0.12350 0.50000
v -0.13300 -0.12350 0.50400
v 0.13100 -0.12350 0.50600
v -0.22300 -0.12350 0.50700
v 0.22100 -0.12350 0.50900
v 0.11100 -0.12350 0.51000
v -0.11300 -0.12350 0.51000
v -0.09300 -0.12350 0.51300
v 0.09000 -0.12350 0.51400
v -0.20300 -0.12350 0.51600
v 0.20100 -0.12350 0.51700
v 0.07000 -0.12350 0.51700
v -0.07300 -0.12350 0.51700
v -0.05200 -0.12350 0.51900
v 0.05000 -0.12350 0.52000
v 0.02900 -0.12350 0.52100
v -0.03200 -0.12350 0.52100
v 0.00900 -0.12350 0.52200
v -0.01100 -0.12350 0.52200
v -0.18300 -0.12350 0.52300
v 0.18000 -0.12350 0.52400
v -0.16200 -0.12350 0.53000
v 0.16000 -0.12350 0.53100
v -0.14100 -0.12350 0.53600
v 0.13900 -0.12350 0.53700
v -0.12000 -0.12350 0.54100
v 0.11700 -0.12350 0.54200
v -0.09900 -0.12350 0.54500
v 0.09600 -0.12350 0.54600
v 0.07500 -0.12350 0.54900
v -0.07700 -0.12350 0.54900
v -0.05600 -0.12350 0.55100
v 0.05300 -0.12350 0.55200
v 0.03100 -0.12350 0.55300
v -0.01200 -0.12350 0.55400
v -0.03400 -0.12350 0.55400
v 0.00900 -0.12350 0.55500
v 0.00000 -0.13150 -0.55500
v 0.02900 -0.13150 -0.55300
v -0.02900 -0.13150 -0.55300
v 0.05800 -0.13150 -0.55200
v -0.05800 -0.13150 -0.55200
v 0.08700 -0.13150 -0.54700
v -0.08700 -0.13150 -0.54700
v 0.11500 -0.13150 -0.54200
v -0.11500 -0.13150 -0.54200
v 0.00000 -0.13150 -0.53700
v 0.02800 -0.13150 -0.53600
v -0.02800 -0.13150 -0.53600
v 0.14300 -0.13150 -0.53500
v -0.14300 -0.13150 -0.53500
v 0.05600 -0.13150 -0.53400
v -0.05600 -0.13150 -0.53400
v 0.08400 -0.13150 -0.53000
v -0.08400 -0.13150 -0.53000
v 0.17200 -0.13150 -0.52700
v -0.17100 -0.13150 -0.52700
v 0.11200 -0.13150 -0.52600
v -0.11200 -0.13150 -0.52600
v 0.13900 -0.13150 -0.51800
v -0.13900 -0.13150 -0.51800
v 0.19900 -0.13150 -0.51700
v -0.19800 -0.13150 -0.51700
v 0.16600 -0.13150 -0.51100
v -0.16600 -0.13150 -0.51100
v 0.22600 -0.13150 -0.50700
v -0.22500 -0.13150 -0.50700
v 0.19200 -0.13150 -0.50100
v -0.19200 -0.13150 -0.50100
v 0.25200 -0.13150 -0.49300
v -0.25100 -0.13150 -0.49300
v 0.21900 -0.13150 -0.49100
v -0.21800 -0.13150 -0.49100
v 0.27700 -0.13150 -0.48000
v -0.27700 -0.13150 -0.48000
v 0.24400 -0.13150 -0.47800
v -0.24400 -0.13150 -0.47800
v 0.26900 -0.13150 -0.46500
v -0.26900 -0.13150 -0.46500
v 0.30200 -0.13150 -0.46400
v -0.30200 -0.13150 -0.46400
v 0.29200 -0.13150 -0.45000
v -0.29200 -0.13150 -0.45000
v 0.32600 -0.13150 -0.44900
v -0.32600 -0.13150 -0.44900
v 0.31600 -0.13150 -0.43500
v -0.31600 -0.13150 -0.43500
v 0.34900 -0.13150 -0.43000
v -0.34800 -0.13150 -0.43000
v 0.33800 -0.13150 -0.41700
v -0.33800 -0.13150 -0.41700
v 0.37100 -0.13150 -0.41200
v -0.37100 -0.13150 -0.41200
v 0.36000 -0.13150 -0.39900
v -0.35900 -0.13150 -0.39900
v 0.39200 -0.13150 -0.39200
v -0.39200 -0.13150 -0.39200
v 0.38000 -0.13150 -0.37900
v -0.37900 -0.13150 -0.37900
v 0.41200 -0.13150 -0.37100
v -0.41200 -0.13150 -0.37100
v 0.40000 -0.13150 -0.36000
v -0.39900 -0.13150 -0.36000
v 0.43100 -0.13150 -0.34800
v -0.43000 -0.13150 -0.34800
v 0.41700 -0.13150 -0.33800
v -0.41700 -0.13150 -0.33800
v 0.44900 -0.13150 -0.32600
v -0.44900 -0.13150 -0.32600
v 0.43500 -0.13150 -0.31600
v -0.43500 -0.13150 -0.31600
v 0.46500 -0.13150 -0.30200
v -0.46400 -0.13150 -0.30200
v 0.45000 -0.13150 -0.29200
v -0.45000 -0.13150 -0.29200
v 0.48000 -0.13150 -0.27700
v -0.48000 -0.13150 -0.27700
v 0.46600 -0.13150 -0.26900
v -0.46500 -0.13150 -0.26900
v 0.49400 -0.13150 -0.25100
v -0.49300 -0.13150 -0.25100
v 0.47800 -0.13150 -0.24400
v -0.47800 -0.13150 -0.24400
v 0.50700 -0.13150 -0.22500
v -0.50700 -0.13150 -0.22500
v 0.49100 -0.13150 -0.21800
v -0.49100 -0.13150 -0.21800
v 0.51700 -0.13150 -0.19800
v -0.51700 -0.13150 -0.19800
v 0.50100 -0.13150 -0.19200
v -0.50100 -0.13150 -0.19200
v 0.52800 -0.13150 -0.17100
v -0.52700 -0.13150 -0.17100
v 0.51100 -0.13150 -0.16600
v -0.51100 -0.13150 -0.16600
v 0.53500 -0.13150 -0.14300
v -0.53500 -0.13150 -0.14300
v 0.51900 -0.13150 -0.13900
v -0.51800 -0.13150 -0.13900
v 0.54300 -0.13150 -0.11500
v -0.54200 -0.13150 -0.11500
v 0.52600 -0.13150 -0.11200
v -0.52600 -0.13150 -0.11200
v 0.54700 -0.13150 -0.08700
v -0.54700 -0.13150 -0.08700
v 0.53000 -0.13150 -0.08400
v -0.53000 -0.13150 -0.08400
v 0.55200 -0.13150 -0.05800
v -0.55100 -0.13150 -0.05800
v 0.53500 -0.13150 -0.05600
v -0.53400 -0.13150 -0.05600
v 0.55300 -0.13150 -0.02900
v -0.55300 -0.13150 -0.02900
v 0.53600 -0.13150 -0.02800
v -0.53600 -0.13150 -0.02800
v 0.55500 -0.13150 0.00000
v 0.53800 -0.13150 0.00000
v -0.53700 -0.13150 0.00000
v -0.55500 -0.13150 0.00000
v 0.53600 -0.13150 0.02800
v -0.53600 -0.13150 0.02800
v 0.55300 -0.13150 0.02900
v -0.55300 -0.13150 0.02900
v 0.53500 -0.13150 0.05600
v -0.53400 -0.13150 0.05600
v 0.55200 -0.13150 0.05800
v -0.55100 -0.13150 0.05800
v 0.53000 -0.13150 0.08400
v -0.53000 -0.13150 0.08400
v 0.54700 -0.13150 0.08700
v -0.54700 -0.13150 0.08700
v 0.52600 -0.13150 0.11200
v -0.52600 -0.13150 0.11200
v 0.54300 -0.13150 0.11500
v -0.54200 -0.13150 0.11500
v 0.51900 -0.13150 0.13900
v -0.51800 -0.13150 0.13900
v 0.53500 -0.13150 0.14300
v -0.53500 -0.13150 0.14300
v 0.51100 -0.13150 0.16600
v -0.51100 -0.13150 0.16600
v 0.52800 -0.13150 0.17200
v -0.52700 -0.13150 0.17200
v 0.50100 -0.13150 0.19200
v -0.50100 -0.13150 0.19200
v 0.51700 -0.13150 0.19900
v -0.51700 -0.13150 0.19900
v 0.49100 -0.13150 0.21900
v -0.49100 -0.13150 0.21900
v 0.50700 -0.13150 0.22600
v -0.50700 -0.13150 0.22600
v 0.47800 -0.13150 0.24400
v -0.47800 -0.13150 0.24400
v 0.49400 -0.13150 0.25200
v -0.49300 -0.13150 0.25200
v 0.46600 -0.13150 0.26900
v -0.46500 -0.13150 0.26900
v 0.48000 -0.13150 0.27700
v -0.48000 -0.13150 0.27700
v 0.45000 -0.13150 0.29200
v -0.45000 -0.13150 0.29200
v 0.46500 -0.13150 0.30200
v -0.46400 -0.13150 0.30200
v 0.43500 -0.13150 0.31600
v -0.43500 -0.13150 0.31600
v 0.44900 -0.13150 0.32600
v -0.44900 -0.13150 0.32600
v 0.41700 -0.13150 0.33800
v -0.41700 -0.13150 0.33800
v 0.43100 -0.13150 0.34900
v -0.43000 -0.13150 0.34900
v 0.40000 -0.13150 0.36000
v -0.39900 -0.13150 0.36000
v 0.41200 -0.13150 0.37100
v -0.41200 -0.13150 0.37100
v 0.38000 -0.13150 0.38000
v -0.37900 -0.13150 0.38000
v 0.39200 -0.13150 0.39200
v -0.39200 -0.13150 0.39200
v 0.36000 -0.13150 0.39900
v -0.35900 -0.13150 0.39900
v 0.37100 -0.13150 0.41200
v -0.37100 -0.13150 0.41200
v 0.33800 -0.13150 0.41700
v -0.33800 -0.13150 0.41700
v 0.34900 -0.13150 0.43100
v -0.34800 -0.13150 0.43100
v 0.31600 -0.13150 0.43500
v -0.31600 -0.13150 0.43500
v 0.32600 -0.13150 0.44900
v -0.32600 -0.13150 0.44900
v 0.29200 -0.13150 0.45000
v -0.29200 -0.13150 0.45000
v 0.30200 -0.13150 0.46500
v -0.30200 -0.13150 0.46500
v 0.26900 -0.13150 0.46600
v -0.26900 -0.13150 0.46600
v 0.24400 -0.13150 0.47800
v -0.24400 -0.13150 0.47800
v 0.27700 -0.13150 0.48000
v -0.27700 -0.13150 0.48000
v 0.21900 -0.13150 0.49100
v -0.21800 -0.13150 0.49100
v 0.25200 -0.13150 0.49400
v -0.25100 -0.13150 0.49400
v 0.19200 -0.13150 0.50100
v -0.19200 -0.13150 0.50100
v 0.22600 -0.13150 0.50700
v -0.22500 -0.13150 0.50700
v 0.16600 -0.13150 0.51100
v -0.16600 -0.13150 0.51100
v 0.19900 -0.13150 0.51700
v -0.19800 -0.13150 0.51700
v 0.13900 -0.13150 0.51900
v -0.13900 -0.13150 0.51900
v 0.11200 -0.13150 0.52600
v -0.11200 -0.13150 0.52600
v 0.17200 -0.13150 0.52800
v -0.17100 -0.13150 0.52800
v 0.08400 -0.13150 0.53000
v -0.08400 -0.13150 0.53000
v 0.14300 -0.13150 0.53500
v 0.05600 -0.13150 0.53500
v -0.05600 -0.13150 0.53500
v -0.14300 -0.13150 0.53500
v 0.02800 -0.13150 0.53600
v -0.02800 -0.13150 0.53600
v 0.00000 -0.13150 0.53800
v 0.11500 -0.13150 0.54300
v -0.11500 -0.13150 0.54300
v 0.08700 -0.13150 0.54700
v -0.08700 -0.13150 0.54700
v 0.05800 -0.13150 0.55200
v -0.05800 -0.13150 0.55200
v 0.02900 -0.13150 0.55300
v -0.02900 -0.13150 0.55300
v 0.00000 -0.13150 0.55500
v 0.00000 -0.16150 -0.55200
v 0.02900 -0.16150 -0.55100
v -0.02900 -0.16150 -0.55100
v 0.05800 -0.16150 -0.54900
v -0.05800 -0.16150 -0.54900
v 0.08600 -0.16150 -0.54500
v -0.08600 -0.16150 -0.54500
v 0.11500 -0.16150 -0.54000
v -0.11500 -0.16150 -0.54000
v 0.14300 -0.16150 -0.53300
v -0.14300 -0.16150 -0.53300
v 0.17100 -0.16150 -0.52500
v -0.17100 -0.16150 -0.52500
v 0.19800 -0.16150 -0.51500
v -0.19700 -0.16150 -0.51500
v 0.22500 -0.16150 -0.50400
v 0.25100 -0.16150 -0.49100
v 0.27600 -0.16150 -0.47800
v -0.30000 -0.16150 -0.46200
v 0.32500 -0.16150 -0.44700
v -0.32400 -0.16150 -0.44700
v 0.34700 -0.16150 -0.42800
v 0.37000 -0.16150 -0.41000
v 0.39000 -0.16150 -0.39000
v 0.41100 -0.16150 -0.36900
v 0.42900 -0.16150 -0.34700
v -0.42800 -0.16150 -0.34700
v -0.44700 -0.16150 -0.32400
v 0.46300 -0.16150 -0.30000
v 0.47800 -0.16150 -0.27600
v 0.49200 -0.16150 -0.25000
v -0.49100 -0.16150 -0.25000
v 0.50500 -0.16150 -0.22500
v -0.50400 -0.16150 -0.22500
v 0.51500 -0.16150 -0.19800
v -0.51500 -0.16150 -0.19800
v -0.52500 -0.16150 -0.17100
v -0.53300 -0.16150 -0.14300
v -0.54000 -0.16150 -0.11500
v -0.54500 -0.16150 -0.08600
v -0.54900 -0.16150 -0.05800
v -0.55100 -0.16150 -0.02900
v -0.55200 -0.16150 0.00000
v -0.55100 -0.16150 0.02900
v -0.54900 -0.16150 0.05800
v -0.54500 -0.16150 0.08600
v -0.54000 -0.16150 0.11500
v -0.53300 -0.16150 0.14300
v -0.52500 -0.16150 0.17100
v -0.51500 -0.16150 0.19800
v 0.50500 -0.16150 0.22500
v 0.49200 -0.16150 0.25000
v 0.47800 -0.16150 0.27600
v 0.46300 -0.16150 0.30000
v -0.46200 -0.16150 0.30000
v 0.44700 -0.16150 0.32500
v -0.44700 -0.16150 0.32500
v 0.42900 -0.16150 0.34700
v -0.42800 -0.16150 0.34700
v 0.41100 -0.16150 0.37000
v -0.41000 -0.16150 0.37000
v 0.39000 -0.16150 0.39000
v 0.37000 -0.16150 0.41000
v -0.36900 -0.16150 0.41000
v 0.34700 -0.16150 0.42900
v -0.34700 -0.16150 0.42900
v 0.32500 -0.16150 0.44700
v -0.32400 -0.16150 0.44700
v 0.30000 -0.16150 0.46300
v -0.30000 -0.16150 0.46300
v 0.27600 -0.16150 0.47800
v 0.25100 -0.16150 0.49100
v -0.25000 -0.16150 0.49100
v 0.22500 -0.16150 0.50500
v -0.22400 -0.16150 0.50500
v 0.19800 -0.16150 0.51500
v 0.00000 -0.16250 -0.55200
v 0.02900 -0.16250 -0.55000
v -0.02900 -0.16250 -0.55000
v 0.05800 -0.16250 -0.54900
v -0.05800 -0.16250 -0.54900
v 0.08600 -0.16250 -0.54400
v -0.08600 -0.16250 -0.54400
v 0.11500 -0.16250 -0.54000
v -0.11500 -0.16250 -0.54000
v 0.14300 -0.16250 -0.53200
v -0.14300 -0.16250 -0.53200
v 0.17100 -0.16250 -0.52500
v -0.17000 -0.16250 -0.52500
v 0.19800 -0.16250 -0.51400
v -0.19700 -0.16250 -0.51400
v 0.22500 -0.16250 -0.50400
v -0.22400 -0.16250 -0.50400
v 0.25000 -0.16250 -0.49100
v 0.30000 -0.16250 -0.46200
v 0.32500 -0.16250 -0.44600
v -0.32400 -0.16250 -0.44600
v 0.34700 -0.16250 -0.42800
v -0.34700 -0.16250 -0.42800
v 0.36900 -0.16250 -0.41000
v -0.36900 -0.16250 -0.41000
v 0.39000 -0.16250 -0.39000
v -0.39000 -0.16250 -0.39000
v 0.41000 -0.16250 -0.36900
v 0.42900 -0.16250 -0.34700
v 0.44700 -0.16250 -0.32400
v -0.44600 -0.16250 -0.32400
v 0.46200 -0.16250 -0.30000
v -0.46200 -0.16250 -0.30000
v 0.47800 -0.16250 -0.27600
v 0.49100 -0.16250 -0.25000
v 0.50400 -0.16250 -0.22400
v -0.50400 -0.16250 -0.22400
v 0.51500 -0.16250 -0.19700
v -0.51400 -0.16250 -0.19700
v 0.52500 -0.16250 -0.17000
v -0.52500 -0.16250 -0.17000
v 0.53300 -0.16250 -0.14300
v -0.53200 -0.16250 -0.14300
v 0.54000 -0.16250 -0.11500
v -0.54000 -0.16250 -0.11500
v 0.54500 -0.16250 -0.08600
v -0.54400 -0.16250 -0.08600
v 0.54900 -0.16250 -0.05800
v -0.54900 -0.16250 -0.05800
v 0.55100 -0.16250 -0.02900
v -0.55000 -0.16250 -0.02900
v 0.55200 -0.16250 0.00000
v -0.55200 -0.16250 0.00000
v 0.55100 -0.16250 0.02900
v -0.55000 -0.16250 0.02900
v 0.54900 -0.16250 0.05800
v -0.54900 -0.16250 0.05800
v 0.54500 -0.16250 0.08600
v -0.54400 -0.16250 0.08600
v 0.54000 -0.16250 0.11500
v -0.54000 -0.16250 0.11500
v 0.53300 -0.16250 0.14300
v -0.53200 -0.16250 0.14300
v 0.52500 -0.16250 0.17100
v -0.52500 -0.16250 0.17100
v 0.51500 -0.16250 0.19800
v -0.51400 -0.16250 0.19800
v 0.50400 -0.16250 0.22500
v -0.50400 -0.16250 0.22500
v 0.49100 -0.16250 0.25000
v 0.47800 -0.16250 0.27600
v 0.46200 -0.16250 0.30000
v 0.44700 -0.16250 0.32500
v -0.44600 -0.16250 0.32500
v 0.42800 -0.16250 0.34700
v -0.42800 -0.16250 0.34700
v 0.41000 -0.16250 0.36900
v -0.41000 -0.16250 0.36900
v 0.39000 -0.16250 0.39000
v -0.39000 -0.16250 0.39000
v 0.36900 -0.16250 0.41000
v 0.34700 -0.16250 0.42800
v -0.34700 -0.16250 0.42800
v 0.32500 -0.16250 0.44700
v -0.32400 -0.16250 0.44700
v 0.30000 -0.16250 0.46200
v -0.30000 -0.16250 0.46200
v 0.27600 -0.16250 0.47800
v -0.27600 -0.16250 0.47800
v 0.25000 -0.16250 0.49100
v 0.22500 -0.16250 0.50400
v -0.22400 -0.16250 0.50400
v 0.19800 -0.16250 0.51500
v -0.19700 -0.16250 0.51500
v 0.17100 -0.16250 0.52500
v -0.17000 -0.16250 0.52500
v 0.14300 -0.16250 0.53300
v -0.14300 -0.16250 0.53300
v 0.11500 -0.16250 0.54000
v -0.11500 -0.16250 0.54000
v 0.08600 -0.16250 0.54500
v -0.08600 -0.16250 0.54500
v 0.05800 -0.16250 0.54900
v -0.05800 -0.16250 0.54900
v 0.02900 -0.16250 0.55100
v -0.02900 -0.16250 0.55100
v 0.00000 -0.16250 0.55200
v 0.00000 -0.16450 -0.55200
v 0.02900 -0.16450 -0.55000
v -0.02900 -0.16450 -0.55000
v 0.05800 -0.16450 -0.54900
v -0.05800 -0.16450 -0.54900
v 0.08600 -0.16450 -0.54400
v -0.08600 -0.16450 -0.54400
v 0.11500 -0.16450 -0.54000
v -0.11500 -0.16450 -0.54000
v 0.14300 -0.16450 -0.53200
v -0.14200 -0.16450 -0.53200
v 0.17100 -0.16450 -0.52500
v -0.17000 -0.16450 -0.52500
v 0.19800 -0.16450 -0.51400
v -0.19700 -0.16450 -0.51400
v 0.22500 -0.16450 -0.50400
v -0.22400 -0.16450 -0.50400
v 0.25000 -0.16450 -0.49100
v -0.25000 -0.16450 -0.49100
v 0.27600 -0.16450 -0.47800
v -0.27600 -0.16450 -0.47800
v 0.30000 -0.16450 -0.46200
v -0.30000 -0.16450 -0.46200
v 0.32400 -0.16450 -0.44600
v -0.32400 -0.16450 -0.44600
v 0.34700 -0.16450 -0.42800
v -0.34700 -0.16450 -0.42800
v 0.36900 -0.16450 -0.41000
v -0.36900 -0.16450 -0.41000
v 0.39000 -0.16450 -0.38900
v -0.38900 -0.16450 -0.38900
v 0.41000 -0.16450 -0.36900
v -0.41000 -0.16450 -0.36900
v 0.42800 -0.16450 -0.34700
v -0.42800 -0.16450 -0.34700
v 0.44600 -0.16450 -0.32400
v -0.44600 -0.16450 -0.32400
v 0.46200 -0.16450 -0.30000
v -0.46200 -0.16450 -0.30000
v 0.47800 -0.16450 -0.27600
v -0.47800 -0.16450 -0.27600
v 0.49100 -0.16450 -0.25000
v -0.49100 -0.16450 -0.25000
v 0.50400 -0.16450 -0.22400
v -0.50400 -0.16450 -0.22400
v 0.51400 -0.16450 -0.19700
v -0.51400 -0.16450 -0.19700
v 0.52500 -0.16450 -0.17000
v -0.52500 -0.16450 -0.17000
v 0.53200 -0.16450 -0.14200
v -0.53200 -0.16450 -0.14200
v 0.54000 -0.16450 -0.11500
v -0.53900 -0.16450 -0.11500
v 0.54400 -0.16450 -0.08600
v -0.54400 -0.16450 -0.08600
v 0.54900 -0.16450 -0.05800
v -0.54900 -0.16450 -0.05800
v 0.55000 -0.16450 -0.02900
v -0.55000 -0.16450 -0.02900
v 0.55200 -0.16450 0.00000
v -0.55200 -0.16450 0.00000
v 0.55000 -0.16450 0.02900
v -0.55000 -0.16450 0.02900
v 0.54900 -0.16450 0.05800
v -0.54900 -0.16450 0.05800
v 0.54400 -0.16450 0.08600
v -0.54400 -0.16450 0.08600
v 0.54000 -0.16450 0.11500
v -0.53900 -0.16450 0.11500
v 0.53200 -0.16450 0.14300
v -0.53200 -0.16450 0.14300
v 0.52500 -0.16450 0.17100
v -0.52500 -0.16450 0.17100
v 0.51400 -0.16450 0.19800
v -0.51400 -0.16450 0.19800
v 0.50400 -0.16450 0.22400
v -0.50400 -0.16450 0.22400
v 0.49100 -0.16450 0.25000
v -0.49100 -0.16450 0.25000
v 0.47800 -0.16450 0.27600
v -0.47800 -0.16450 0.27600
v 0.46200 -0.16450 0.30000
v -0.46200 -0.16450 0.30000
v 0.44600 -0.16450 0.32400
v -0.44600 -0.16450 0.32400
v 0.42800 -0.16450 0.34700
v -0.42800 -0.16450 0.34700
v 0.41000 -0.16450 0.36900
v -0.41000 -0.16450 0.36900
v 0.39000 -0.16450 0.39000
v -0.38900 -0.16450 0.39000
v 0.36900 -0.16450 0.41000
v -0.36900 -0.16450 0.41000
v 0.34700 -0.16450 0.42800
v -0.34700 -0.16450 0.42800
v 0.32400 -0.16450 0.44600
v -0.32400 -0.16450 0.44600
v 0.30000 -0.16450 0.46200
v -0.30000 -0.16450 0.46200
v 0.27600 -0.16450 0.47800
v -0.27600 -0.16450 0.47800
v 0.25000 -0.16450 0.49100
v -0.25000 -0.16450 0.49100
v 0.22500 -0.16450 0.50400
v -0.22400 -0.16450 0.50400
v 0.19800 -0.16450 0.51400
v -0.19700 -0.16450 0.51400
v 0.17100 -0.16450 0.52500
v -0.17000 -0.16450 0.52500
v 0.14300 -0.16450 0.53200
v -0.14200 -0.16450 0.53200
v 0.11500 -0.16450 0.54000
v -0.11500 -0.16450 0.54000
v 0.08600 -0.16450 0.54400
v -0.08600 -0.16450 0.54400
v 0.05800 -0.16450 0.54900
v -0.05800 -0.16450 0.54900
v 0.02900 -0.16450 0.55000
v -0.02900 -0.16450 0.55000
v 0.00000 -0.16450 0.55200
v -0.08600 -0.16550 -0.54300
v -0.11400 -0.16550 -0.53800
v -0.14200 -0.16550 -0.53100
v -0.19700 -0.16550 -0.51300
v 0.22400 -0.16550 -0.50300
v -0.22400 -0.16550 -0.50300
v 0.25000 -0.16550 -0.49000
v 0.27500 -0.16550 -0.47600
v 0.38900 -0.16550 -0.38800
v -0.47600 -0.16550 -0.27500
v -0.48900 -0.16550 -0.24900
v -0.50300 -0.16550 -0.22400
v 0.53100 -0.16550 -0.14200
v 0.53800 -0.16550 -0.11400
v 0.54300 -0.16550 -0.08600
v -0.54700 -0.16550 -0.05700
v -0.52300 -0.16550 0.17000
v -0.51300 -0.16550 0.19700
v -0.50300 -0.16550 0.22400
v -0.49000 -0.16550 0.25000
v -0.47600 -0.16550 0.27500
v -0.46100 -0.16550 0.29900
v -0.27500 -0.16550 0.47700
v 0.19700 -0.16550 0.51300
v 0.17000 -0.16550 0.52300
v -0.11400 -0.16550 0.53800
v -0.08600 -0.16550 0.54300
v -0.05700 -0.16550 0.54700
v 0.00000 -0.16650 -0.54900
v 0.02900 -0.16650 -0.54700
v -0.02900 -0.16650 -0.54700
v 0.05800 -0.16650 -0.54600
v -0.05700 -0.16650 -0.54600
v 0.08600 -0.16650 -0.54100
v -0.08600 -0.16650 -0.54100
v 0.11400 -0.16650 -0.53700
v -0.11400 -0.16650 -0.53700
v 0.00000 -0.16650 -0.53300
v 0.02800 -0.16650 -0.53200
v -0.02800 -0.16650 -0.53200
v 0.05600 -0.16650 -0.53000
v -0.05600 -0.16650 -0.53000
v 0.14200 -0.16650 -0.52900
v -0.14200 -0.16650 -0.52900
v 0.08300 -0.16650 -0.52600
v -0.08300 -0.16650 -0.52600
v 0.17000 -0.16650 -0.52200
v 0.11100 -0.16650 -0.52200
v -0.11100 -0.16650 -0.52200
v -0.16900 -0.16650 -0.52200
v 0.13800 -0.16650 -0.51400
v -0.13800 -0.16650 -0.51400
v 0.19700 -0.16650 -0.51200
v -0.19600 -0.16650 -0.51200
v 0.16500 -0.16650 -0.50700
v -0.16500 -0.16650 -0.50700
v 0.22300 -0.16650 -0.50100
v -0.22300 -0.16650 -0.50100
v 0.19100 -0.16650 -0.49700
v -0.19100 -0.16650 -0.49700
v 0.24900 -0.16650 -0.48800
v -0.24900 -0.16650 -0.48800
v 0.21700 -0.16650 -0.48700
v -0.21700 -0.16650 -0.48700
v 0.27500 -0.16650 -0.47500
v -0.27400 -0.16650 -0.47500
v 0.24200 -0.16650 -0.47400
v -0.24200 -0.16650 -0.47400
v 0.26700 -0.16650 -0.46200
v -0.26700 -0.16650 -0.46200
v 0.29900 -0.16650 -0.46000
v -0.29800 -0.16650 -0.46000
v 0.29000 -0.16650 -0.44700
v -0.29000 -0.16650 -0.44700
v 0.32300 -0.16650 -0.44400
v -0.32300 -0.16650 -0.44400
v 0.31400 -0.16650 -0.43100
v -0.31300 -0.16650 -0.43100
v 0.34500 -0.16650 -0.42600
v -0.34500 -0.16650 -0.42600
v 0.33500 -0.16650 -0.41400
v -0.33500 -0.16650 -0.41400
v 0.36700 -0.16650 -0.40800
v -0.36700 -0.16650 -0.40800
v 0.35700 -0.16650 -0.39600
v -0.35700 -0.16650 -0.39600
v 0.38800 -0.16650 -0.38800
v -0.38700 -0.16650 -0.38800
v 0.37700 -0.16650 -0.37600
v -0.37600 -0.16650 -0.37600
v 0.40800 -0.16650 -0.36700
v -0.40800 -0.16650 -0.36700
v 0.39600 -0.16650 -0.35700
v -0.39600 -0.16650 -0.35700
v 0.42600 -0.16650 -0.34500
v -0.42600 -0.16650 -0.34500
v 0.41400 -0.16650 -0.33500
v -0.41400 -0.16650 -0.33500
v 0.44400 -0.16650 -0.32300
v -0.44400 -0.16650 -0.32300
v 0.43200 -0.16650 -0.31300
v -0.43100 -0.16650 -0.31300
v 0.46000 -0.16650 -0.29800
v -0.46000 -0.16650 -0.29800
v 0.44700 -0.16650 -0.29000
v -0.44700 -0.16650 -0.29000
v 0.47600 -0.16650 -0.27400
v -0.47500 -0.16650 -0.27400
v 0.46200 -0.16650 -0.26700
v -0.46200 -0.16650 -0.26700
v 0.48900 -0.16650 -0.24900
v -0.48800 -0.16650 -0.24900
v 0.47500 -0.16650 -0.24200
v -0.47400 -0.16650 -0.24200
v 0.50200 -0.16650 -0.22300
v -0.50100 -0.16650 -0.22300
v 0.48700 -0.16650 -0.21700
v -0.48700 -0.16650 -0.21700
v 0.51200 -0.16650 -0.19600
v -0.51200 -0.16650 -0.19600
v 0.49700 -0.16650 -0.19100
v -0.49700 -0.16650 -0.19100
v 0.52200 -0.16650 -0.17000
v -0.52200 -0.16650 -0.17000
v 0.50700 -0.16650 -0.16500
v -0.50700 -0.16650 -0.16500
v 0.53000 -0.16650 -0.14200
v -0.52900 -0.16650 -0.14200
v 0.51500 -0.16650 -0.13800
v -0.51400 -0.16650 -0.13800
v 0.53700 -0.16650 -0.11400
v -0.53700 -0.16650 -0.11400
v 0.52200 -0.16650 -0.11100
v -0.52200 -0.16650 -0.11100
v 0.54200 -0.16650 -0.08600
v -0.54100 -0.16650 -0.08600
v 0.52600 -0.16650 -0.08300
v -0.52600 -0.16650 -0.08300
v 0.54600 -0.16650 -0.05700
v -0.54600 -0.16650 -0.05700
v 0.53100 -0.16650 -0.05600
v -0.53000 -0.16650 -0.05600
v 0.54800 -0.16650 -0.02900
v -0.54700 -0.16650 -0.02900
v 0.53200 -0.16650 -0.02800
v -0.53200 -0.16650 -0.02800
v 0.54900 -0.16650 0.00000
v 0.53300 -0.16650 0.00000
v -0.53300 -0.16650 0.00000
v -0.54900 -0.16650 0.00000
v 0.53200 -0.16650 0.02800
v -0.53200 -0.16650 0.02800
v 0.54800 -0.16650 0.02900
v -0.54700 -0.16650 0.02900
v 0.53100 -0.16650 0.05600
v -0.53000 -0.16650 0.05600
v 0.54600 -0.16650 0.05700
v -0.54600 -0.16650 0.05700
v 0.52600 -0.16650 0.08300
v -0.52600 -0.16650 0.08300
v 0.54200 -0.16650 0.08600
v -0.54100 -0.16650 0.08600
v 0.52200 -0.16650 0.11100
v -0.52200 -0.16650 0.11100
v 0.53700 -0.16650 0.11400
v -0.53700 -0.16650 0.11400
v 0.51500 -0.16650 0.13800
v -0.51400 -0.16650 0.13800
v 0.53000 -0.16650 0.14200
v -0.52900 -0.16650 0.14200
v 0.50700 -0.16650 0.16500
v -0.50700 -0.16650 0.16500
v 0.52200 -0.16650 0.17000
v -0.52200 -0.16650 0.17000
v 0.49700 -0.16650 0.19100
v -0.49700 -0.16650 0.19100
v 0.51200 -0.16650 0.19700
v -0.51200 -0.16650 0.19700
v 0.48700 -0.16650 0.21700
v -0.48700 -0.16650 0.21700
v 0.50200 -0.16650 0.22300
v -0.50100 -0.16650 0.22300
v 0.47500 -0.16650 0.24200
v -0.47400 -0.16650 0.24200
v 0.48900 -0.16650 0.24900
v -0.48800 -0.16650 0.24900
v 0.46200 -0.16650 0.26700
v -0.46200 -0.16650 0.26700
v 0.47600 -0.16650 0.27500
v -0.47500 -0.16650 0.27500
v 0.44700 -0.16650 0.29000
v -0.44700 -0.16650 0.29000
v 0.46000 -0.16650 0.29900
v -0.46000 -0.16650 0.29900
v 0.43200 -0.16650 0.31400
v -0.43100 -0.16650 0.31400
v 0.44400 -0.16650 0.32300
v -0.44400 -0.16650 0.32300
v 0.41400 -0.16650 0.33500
v -0.41400 -0.16650 0.33500
v 0.42600 -0.16650 0.34500
v -0.42600 -0.16650 0.34500
v 0.39600 -0.16650 0.35700
v -0.39600 -0.16650 0.35700
v 0.40800 -0.16650 0.36700
v -0.40800 -0.16650 0.36700
v 0.37700 -0.16650 0.37700
v -0.37600 -0.16650 0.37700
v 0.38800 -0.16650 0.38800
v -0.38700 -0.16650 0.38800
v 0.35700 -0.16650 0.39600
v -0.35700 -0.16650 0.39600
v 0.36700 -0.16650 0.40800
v -0.36700 -0.16650 0.40800
v 0.33500 -0.16650 0.41400
v -0.33500 -0.16650 0.41400
v 0.34500 -0.16650 0.42600
v -0.34500 -0.16650 0.42600
v 0.31400 -0.16650 0.43200
v -0.31300 -0.16650 0.43200
v 0.32300 -0.16650 0.44400
v -0.32300 -0.16650 0.44400
v 0.29000 -0.16650 0.44700
v -0.29000 -0.16650 0.44700
v 0.29900 -0.16650 0.46000
v -0.29800 -0.16650 0.46000
v 0.26700 -0.16650 0.46200
v -0.26700 -0.16650 0.46200
v 0.27500 -0.16650 0.47500
v 0.24200 -0.16650 0.47500
v -0.24200 -0.16650 0.47500
v -0.27400 -0.16650 0.47500
v 0.21700 -0.16650 0.48700
v -0.21700 -0.16650 0.48700
v 0.24900 -0.16650 0.48900
v -0.24900 -0.16650 0.48900
v 0.19100 -0.16650 0.49700
v -0.19100 -0.16650 0.49700
v 0.22300 -0.16650 0.50200
v -0.22300 -0.16650 0.50200
v 0.16500 -0.16650 0.50700
v -0.16500 -0.16650 0.50700
v 0.19700 -0.16650 0.51200
v -0.19600 -0.16650 0.51200
v 0.13800 -0.16650 0.51500
v -0.13800 -0.16650 0.51500
v 0.17000 -0.16650 0.52200
v 0.11100 -0.16650 0.52200
v -0.11100 -0.16650 0.52200
v -0.16900 -0.16650 0.52200
v 0.08300 -0.16650 0.52600
v -0.08300 -0.16650 0.52600
v 0.14200 -0.16650 0.53000
v 0.05600 -0.16650 0.53000
v -0.05600 -0.16650 0.53000
v -0.14200 -0.16650 0.53000
v 0.02800 -0.16650 0.53200
v -0.02800 -0.16650 0.53200
v 0.00000 -0.16650 0.53300
v 0.11400 -0.16650 0.53700
v -0.11400 -0.16650 0.53700
v 0.08600 -0.16650 0.54200
v -0.08600 -0.16650 0.54200
v 0.05800 -0.16650 0.54600
v -0.05700 -0.16650 0.54600
v 0.02900 -0.16650 0.54800
v -0.02900 -0.16650 0.54800
v 0.00000 -0.16650 0.54900
v -0.11000 -0.16850 -0.52000
v -0.13700 -0.16850 -0.51300
v 0.26600 -0.16850 -0.46100
v -0.31300 -0.16850 -0.43000
v 0.44600 -0.16850 -0.28900
v -0.44500 -0.16850 -0.28900
v 0.48600 -0.16850 -0.21600
v 0.50600 -0.16850 -0.16400
v 0.51300 -0.16850 -0.13700
v 0.48600 -0.16850 0.21600
v 0.47300 -0.16850 0.24100
v -0.47300 -0.16850 0.24100
v -0.46100 -0.16850 0.26600
v 0.41300 -0.16850 0.33400
v 0.33400 -0.16850 0.41300
v 0.31300 -0.16850 0.43000
v 0.24100 -0.16850 0.47300
v -0.24100 -0.16850 0.47300
v -0.21600 -0.16850 0.48600
v -0.13700 -0.16850 0.51300
v -0.11000 -0.16850 0.52000
v -0.08300 -0.16850 0.52500
v 0.00000 -0.17050 -0.53100
v 0.02800 -0.17050 -0.52900
v -0.02800 -0.17050 -0.52900
v 0.05600 -0.17050 -0.52800
v -0.05500 -0.17050 -0.52800
v 0.08300 -0.17050 -0.52300
v -0.08300 -0.17050 -0.52300
v 0.11000 -0.17050 -0.51900
v -0.11000 -0.17050 -0.51900
v 0.13700 -0.17050 -0.51200
v -0.13700 -0.17050 -0.51200
v 0.16400 -0.17050 -0.50500
v -0.16400 -0.17050 -0.50500
v 0.19000 -0.17050 -0.49500
v -0.19000 -0.17050 -0.49500
v 0.21600 -0.17050 -0.48500
v -0.21600 -0.17050 -0.48500
v 0.24100 -0.17050 -0.47200
v -0.24000 -0.17050 -0.47200
v 0.26500 -0.17050 -0.45900
v -0.26500 -0.17050 -0.45900
v 0.28900 -0.17050 -0.44400
v -0.28800 -0.17050 -0.44400
v 0.31200 -0.17050 -0.42900
v -0.31200 -0.17050 -0.42900
v 0.33400 -0.17050 -0.41200
v -0.33300 -0.17050 -0.41200
v 0.35500 -0.17050 -0.39400
v -0.35500 -0.17050 -0.39400
v 0.37500 -0.17050 -0.37500
v -0.37500 -0.17050 -0.37500
v 0.39400 -0.17050 -0.35500
v -0.39400 -0.17050 -0.35500
v 0.41200 -0.17050 -0.33300
v -0.41200 -0.17050 -0.33300
v 0.42900 -0.17050 -0.31200
v -0.42900 -0.17050 -0.31200
v 0.44500 -0.17050 -0.28900
v -0.44400 -0.17050 -0.28900
v 0.46000 -0.17050 -0.26500
v -0.45900 -0.17050 -0.26500
v 0.47200 -0.17050 -0.24000
v -0.47200 -0.17050 -0.24000
v 0.48500 -0.17050 -0.21600
v -0.48500 -0.17050 -0.21600
v 0.49500 -0.17050 -0.19000
v -0.49500 -0.17050 -0.19000
v 0.50500 -0.17050 -0.16400
v -0.50500 -0.17050 -0.16400
v 0.51200 -0.17050 -0.13700
v -0.51200 -0.17050 -0.13700
v 0.51900 -0.17050 -0.11000
v -0.51900 -0.17050 -0.11000
v 0.52400 -0.17050 -0.08300
v -0.52300 -0.17050 -0.08300
v 0.52800 -0.17050 -0.05500
v -0.52800 -0.17050 -0.05500
v 0.52900 -0.17050 -0.02800
v -0.52900 -0.17050 -0.02800
v 0.53100 -0.17050 0.00000
v -0.53100 -0.17050 0.00000
v 0.52900 -0.17050 0.02800
v -0.52900 -0.17050 0.02800
v 0.52800 -0.17050 0.05600
v -0.52800 -0.17050 0.05600
v 0.52400 -0.17050 0.08300
v -0.52300 -0.17050 0.08300
v 0.51900 -0.17050 0.11000
v -0.51900 -0.17050 0.11000
v 0.51200 -0.17050 0.13700
v -0.51200 -0.17050 0.13700
v 0.50500 -0.17050 0.16400
v -0.50500 -0.17050 0.16400
v 0.49500 -0.17050 0.19000
v -0.49500 -0.17050 0.19000
v 0.48500 -0.17050 0.21600
v -0.48500 -0.17050 0.21600
v 0.47200 -0.17050 0.24100
v -0.47200 -0.17050 0.24100
v 0.46000 -0.17050 0.26500
v -0.45900 -0.17050 0.26500
v 0.44500 -0.17050 0.28900
v -0.44400 -0.17050 0.28900
v 0.42900 -0.17050 0.31200
v -0.42900 -0.17050 0.31200
v 0.41200 -0.17050 0.33400
v -0.41200 -0.17050 0.33400
v 0.39400 -0.17050 0.35500
v -0.39400 -0.17050 0.35500
v 0.37500 -0.17050 0.37500
v -0.37500 -0.17050 0.37500
v 0.35500 -0.17050 0.39400
v -0.35500 -0.17050 0.39400
v 0.33400 -0.17050 0.41200
v -0.33300 -0.17050 0.41200
v 0.31200 -0.17050 0.42900
v -0.31200 -0.17050 0.42900
v 0.28900 -0.17050 0.44500
v -0.28800 -0.17050 0.44500
v 0.26500 -0.17050 0.46000
v -0.26500 -0.17050 0.46000
v 0.24100 -0.17050 0.47200
v -0.24000 -0.17050 0.47200
v 0.21600 -0.17050 0.48500
v -0.21600 -0.17050 0.48500
v 0.19000 -0.17050 0.49500
v -0.19000 -0.17050 0.49500
v 0.16400 -0.17050 0.50500
v -0.16400 -0.17050 0.50500
v 0.13700 -0.17050 0.51200
v -0.13700 -0.17050 0.51200
v 0.11000 -0.17050 0.51900
v -0.11000 -0.17050 0.51900
v 0.08300 -0.17050 0.52400
v -0.08300 -0.17050 0.52400
v 0.05600 -0.17050 0.52800
v -0.05500 -0.17050 0.52800
v 0.02800 -0.17050 0.52900
v -0.02800 -0.17050 0.52900
v 0.00000 -0.17050 0.53100
v 0.00000 -0.17450 -0.53100
v 0.02800 -0.17450 -0.52900
v -0.02800 -0.17450 -0.52900
v 0.05600 -0.17450 -0.52800
v -0.05500 -0.17450 -0.52800
v 0.08300 -0.17450 -0.52300
v -0.08300 -0.17450 -0.52300
v 0.11000 -0.17450 -0.51900
v -0.11000 -0.17450 -0.51900
v 0.13700 -0.17450 -0.51200
v -0.13700 -0.17450 -0.51200
v 0.16400 -0.17450 -0.50500
v -0.16400 -0.17450 -0.50500
v 0.19000 -0.17450 -0.49500
v -0.19000 -0.17450 -0.49500
v 0.21600 -0.17450 -0.48500
v -0.21600 -0.17450 -0.48500
v 0.24100 -0.17450 -0.47200
v -0.24000 -0.17450 -0.47200
v 0.26500 -0.17450 -0.45900
v -0.26500 -0.17450 -0.45900
v 0.28900 -0.17450 -0.44400
v -0.28800 -0.17450 -0.44400
v 0.31200 -0.17450 -0.42900
v -0.31200 -0.17450 -0.42900
v 0.33400 -0.17450 -0.41200
v -0.33300 -0.17450 -0.41200
v 0.35500 -0.17450 -0.39400
v -0.35500 -0.17450 -0.39400
v 0.37500 -0.17450 -0.37500
v -0.37500 -0.17450 -0.37500
v 0.39400 -0.17450 -0.35500
v -0.39400 -0.17450 -0.35500
v 0.41200 -0.17450 -0.33300
v -0.41200 -0.17450 -0.33300
v 0.42900 -0.17450 -0.31200
v -0.42900 -0.17450 -0.31200
v 0.44500 -0.17450 -0.28900
v -0.44400 -0.17450 -0.28900
v 0.46000 -0.17450 -0.26500
v -0.45900 -0.17450 -0.26500
v 0.47200 -0.17450 -0.24000
v -0.47200 -0.17450 -0.24000
v 0.48500 -0.17450 -0.21600
v -0.48500 -0.17450 -0.21600
v 0.49500 -0.17450 -0.19000
v -0.49500 -0.17450 -0.19000
v 0.50500 -0.17450 -0.16400
v -0.50500 -0.17450 -0.16400
v 0.51200 -0.17450 -0.13700
v -0.51200 -0.17450 -0.13700
v 0.51900 -0.17450 -0.11000
v -0.51900 -0.17450 -0.11000
v 0.52400 -0.17450 -0.08300
v -0.52300 -0.17450 -0.08300
v 0.52800 -0.17450 -0.05500
v -0.52800 -0.17450 -0.05500
v 0.52900 -0.17450 -0.02800
v -0.52900 -0.17450 -0.02800
v 0.53100 -0.17450 0.00000
v -0.53100 -0.17450 0.00000
v 0.52900 -0.17450 0.02800
v -0.52900 -0.17450 0.02800
v 0.52800 -0.17450 0.05600
v -0.52800 -0.17450 0.05600
v 0.52400 -0.17450 0.08300
v -0.52300 -0.17450 0.08300
v 0.51900 -0.17450 0.11000
v -0.51900 -0.17450 0.11000
v 0.51200 -0.17450 0.13700
v -0.51200 -0.17450 0.13700
v 0.50500 -0.17450 0.16400
v -0.50500 -0.17450 0.16400
v 0.49500 -0.17450 0.19000
v -0.49500 -0.17450 0.19000
v 0.48500 -0.17450 0.21600
v -0.48500 -0.17450 0.21600
v 0.47200 -0.17450 0.24100
v -0.47200 -0.17450 0.24100
v 0.46000 -0.17450 0.26500
v -0.45900 -0.17450 0.26500
v 0.44500 -0.17450 0.28900
v -0.44400 -0.17450 0.28900
v 0.42900 -0.17450 0.31200
v -0.42900 -0.17450 0.31200
v 0.41200 -0.17450 0.33400
v -0.41200 -0.17450 0.33400
v 0.39400 -0.17450 0.35500
v -0.39400 -0.17450 0.35500
v 0.37500 -0.17450 0.37500
v -0.37500 -0.17450 0.37500
v 0.35500 -0.17450 0.39400
v -0.35500 -0.17450 0.39400
v 0.33400 -0.17450 0.41200
v -0.33300 -0.17450 0.41200
v 0.31200 -0.17450 0.42900
v -0.31200 -0.17450 0.42900
v 0.28900 -0.17450 0.44500
v -0.28800 -0.17450 0.44500
v 0.26500 -0.17450 0.46000
v -0.26500 -0.17450 0.46000
v 0.24100 -0.17450 0.47200
v -0.24000 -0.17450 0.47200
v 0.21600 -0.17450 0.48500
v -0.21600 -0.17450 0.48500
v 0.19000 -0.17450 0.49500
v -0.19000 -0.17450 0.49500
v 0.16400 -0.17450 0.50500
v -0.16400 -0.17450 0.50500
v 0.13700 -0.17450 0.51200
v -0.13700 -0.17450 0.51200
v 0.11000 -0.17450 0.51900
v -0.11000 -0.17450 0.51900
v 0.08300 -0.17450 0.52400
v -0.08300 -0.17450 0.52400
v 0.05600 -0.17450 0.52800
v -0.05500 -0.17450 0.52800
v 0.02800 -0.17450 0.52900
v -0.02800 -0.17450 0.52900
v 0.00000 -0.17450 0.53100
v 0.05500 -0.17550 -0.52600
v -0.11000 -0.17550 -0.51800
v -0.13700 -0.17550 -0.51100
v -0.16300 -0.17550 -0.50300
v -0.18900 -0.17550 -0.49300
v -0.21500 -0.17550 -0.48300
v -0.24000 -0.17550 -0.47100
v 0.44400 -0.17550 -0.28800
v 0.45900 -0.17550 -0.26500
v 0.47100 -0.17550 -0.24000
v -0.48300 -0.17550 -0.21500
v -0.49300 -0.17550 -0.18900
v -0.50300 -0.17550 -0.16300
v 0.51100 -0.17550 -0.13700
v 0.51800 -0.17550 -0.11000
v -0.52600 -0.17550 0.05500
v -0.52200 -0.17550 0.08300
v 0.50400 -0.17550 0.16400
v -0.49300 -0.17550 0.18900
v 0.49400 -0.17550 0.19000
v 0.48400 -0.17550 0.21500
v -0.48300 -0.17550 0.21500
v 0.45900 -0.17550 0.26500
v 0.41100 -0.17550 0.33300
v 0.39400 -0.17550 0.35400
v 0.28800 -0.17550 0.44300
v 0.24000 -0.17550 0.47100
v 0.19000 -0.17550 0.49400
v 0.16400 -0.17550 0.50400
v 0.13700 -0.17550 0.51100
v -0.13700 -0.17550 0.51100
v -0.16300 -0.17650 -0.50200
v 0.21500 -0.17650 -0.48200
v -0.21500 -0.17650 -0.48200
v 0.24000 -0.17650 -0.47000
v -0.23900 -0.17650 -0.47000
v -0.33200 -0.17650 -0.41000
v -0.35300 -0.17650 -0.39200
v 0.00000 -0.17650 -0.33300
v 0.02600 -0.17650 -0.33100
v -0.02600 -0.17650 -0.33100
v 0.05200 -0.17650 -0.32900
v -0.05200 -0.17650 -0.32900
v 0.07800 -0.17650 -0.32300
v -0.07700 -0.17650 -0.32300
v 0.10300 -0.17650 -0.31700
v -0.10300 -0.17650 -0.31700
v 0.12700 -0.17650 -0.30700
v -0.12700 -0.17650 -0.30700
v 0.15200 -0.17650 -0.29700
v -0.15100 -0.17650 -0.29700
v 0.17400 -0.17650 -0.28300
v -0.17400 -0.17650 -0.28300
v 0.19600 -0.17650 -0.27000
v -0.19600 -0.17650 -0.27000
v 0.21600 -0.17650 -0.25300
v -0.21600 -0.17650 -0.25300
v 0.47000 -0.17650 -0.23900
v 0.23600 -0.17650 -0.23600
v -0.23600 -0.17650 -0.23600
v 0.25300 -0.17650 -0.21600
v -0.25300 -0.17650 -0.21600
v 0.48300 -0.17650 -0.21500
v 0.27000 -0.17650 -0.19600
v -0.27000 -0.17650 -0.19600
v 0.28400 -0.17650 -0.17400
v -0.28300 -0.17650 -0.17400
v 0.29700 -0.17650 -0.15100
v -0.29700 -0.17650 -0.15100
v 0.50900 -0.17650 -0.13600
v 0.30700 -0.17650 -0.12700
v -0.30700 -0.17650 -0.12700
v 0.31700 -0.17650 -0.10300
v -0.31700 -0.17650 -0.10300
v 0.32300 -0.17650 -0.07800
v -0.32300 -0.17650 -0.07800
v 0.33000 -0.17650 -0.05200
v -0.32900 -0.17650 -0.05200
v 0.33200 -0.17650 -0.02600
v -0.33100 -0.17650 -0.02600
v 0.33400 -0.17650 0.00000
v -0.33300 -0.17650 0.00000
v 0.33200 -0.17650 0.02600
v -0.33100 -0.17650 0.02600
v 0.33000 -0.17650 0.05200
v -0.32900 -0.17650 0.05200
v 0.32300 -0.17650 0.07800
v -0.32300 -0.17650 0.07800
v 0.31700 -0.17650 0.10300
v -0.31700 -0.17650 0.10300
v 0.30700 -0.17650 0.12700
v -0.30700 -0.17650 0.12700
v 0.29700 -0.17650 0.15100
v -0.29700 -0.17650 0.15100
v 0.28400 -0.17650 0.17400
v -0.28300 -0.17650 0.17400
v 0.49200 -0.17650 0.18900
v 0.27000 -0.17650 0.19600
v -0.27000 -0.17650 0.19600
v 0.48300 -0.17650 0.21500
v 0.25300 -0.17650 0.21600
v -0.25300 -0.17650 0.21600
v 0.23600 -0.17650 0.23600
v -0.23600 -0.17650 0.23600
v 0.21600 -0.17650 0.25300
v -0.21600 -0.17650 0.25300
v 0.19600 -0.17650 0.27000
v -0.19600 -0.17650 0.27000
v 0.17400 -0.17650 0.28400
v -0.17400 -0.17650 0.28400
v 0.15200 -0.17650 0.29700
v -0.15100 -0.17650 0.29700
v 0.12700 -0.17650 0.30700
v -0.12700 -0.17650 0.30700
v 0.10300 -0.17650 0.31700
v -0.10300 -0.17650 0.31700
v 0.07800 -0.17650 0.32300
v -0.07700 -0.17650 0.32300
v 0.05200 -0.17650 0.32900
v -0.05200 -0.17650 0.32900
v 0.02600 -0.17650 0.33200
v -0.02600 -0.17650 0.33200
v 0.00000 -0.17650 0.33400
v 0.26400 -0.17650 0.45700
v 0.24000 -0.17650 0.47000
v -0.11000 -0.17650 0.51700
v 0.00000 -0.18150 -0.51500
v 0.02700 -0.18150 -0.51400
v 0.00000 -0.18150 -0.51400
v -0.02700 -0.18150 -0.51400
v 0.05400 -0.18150 -0.51200
v 0.02700 -0.18150 -0.51200
v -0.02700 -0.18150 -0.51200
v -0.05400 -0.18150 -0.51200
v 0.05400 -0.18150 -0.51100
v -0.05400 -0.18150 -0.51100
v 0.08100 -0.18150 -0.50800
v -0.08000 -0.18150 -0.50800
v 0.08000 -0.18150 -0.50700
v -0.08000 -0.18150 -0.50700
v 0.10700 -0.18150 -0.50400
v -0.10700 -0.18150 -0.50400
v 0.10700 -0.18150 -0.50200
v -0.10700 -0.18150 -0.50200
v 0.13300 -0.18150 -0.49700
v -0.13300 -0.18150 -0.49700
v 0.13300 -0.18150 -0.49500
v -0.13300 -0.18150 -0.49500
v 0.15900 -0.18150 -0.49000
v -0.15900 -0.18150 -0.49000
v 0.15900 -0.18150 -0.48900
v -0.15900 -0.18150 -0.48900
v 0.18400 -0.18150 -0.48000
v -0.18400 -0.18150 -0.48000
v 0.18400 -0.18150 -0.47900
v -0.18400 -0.18150 -0.47900
v 0.21000 -0.18150 -0.47100
v -0.20900 -0.18150 -0.47100
v 0.20900 -0.18150 -0.46900
v -0.20900 -0.18150 -0.46900
v 0.23400 -0.18150 -0.45800
v -0.23400 -0.18150 -0.45800
v 0.23300 -0.18150 -0.45700
v -0.23300 -0.18150 -0.45700
v 0.25800 -0.18150 -0.44600
v -0.25800 -0.18150 -0.44600
v 0.25700 -0.18150 -0.44500
v -0.25700 -0.18150 -0.44500
v 0.28000 -0.18150 -0.43200
v -0.28000 -0.18150 -0.43100
v 0.28000 -0.18150 -0.43000
v -0.27900 -0.18150 -0.43000
v 0.30300 -0.18150 -0.41700
v -0.30300 -0.18150 -0.41700
v 0.30200 -0.18150 -0.41600
v -0.30200 -0.18150 -0.41600
v 0.32400 -0.18150 -0.40000
v -0.32400 -0.18150 -0.40000
v 0.32300 -0.18150 -0.39900
v -0.32300 -0.18150 -0.39900
v 0.34500 -0.18150 -0.38300
v -0.34500 -0.18150 -0.38300
v 0.34400 -0.18150 -0.38200
v -0.34400 -0.18150 -0.38200
v 0.36400 -0.18150 -0.36400
v -0.36400 -0.18150 -0.36400
v 0.36300 -0.18150 -0.36300
v -0.36300 -0.18150 -0.36300
v 0.38300 -0.18150 -0.34500
v -0.38300 -0.18150 -0.34500
v 0.38200 -0.18150 -0.34400
v -0.38200 -0.18150 -0.34400
v 0.40000 -0.18150 -0.32400
v -0.40000 -0.18150 -0.32400
v 0.39900 -0.18150 -0.32300
v -0.39900 -0.18150 -0.32300
v 0.41700 -0.18150 -0.30300
v -0.41700 -0.18150 -0.30300
v 0.41600 -0.18150 -0.30200
v -0.41600 -0.18150 -0.30200
v 0.43200 -0.18150 -0.28000
v -0.43200 -0.18150 -0.28000
v 0.43000 -0.18150 -0.27900
v -0.43000 -0.18150 -0.27900
v 0.44600 -0.18150 -0.25800
v -0.44600 -0.18150 -0.25800
v 0.44500 -0.18150 -0.25700
v -0.44500 -0.18150 -0.25700
v 0.45900 -0.18150 -0.23400
v 0.45700 -0.18150 -0.23300
v -0.45700 -0.18150 -0.23300
v -0.45800 -0.18150 -0.23300
v 0.47100 -0.18150 -0.21000
v -0.47100 -0.18150 -0.21000
v 0.46900 -0.18150 -0.20900
v -0.46900 -0.18150 -0.20900
v 0.48100 -0.18150 -0.18400
v 0.47900 -0.18150 -0.18400
v -0.47900 -0.18150 -0.18400
v -0.48000 -0.18150 -0.18400
v 0.49000 -0.18150 -0.15900
v 0.48900 -0.18150 -0.15900
v -0.48800 -0.18150 -0.15900
v -0.49000 -0.18150 -0.15900
v 0.49700 -0.18150 -0.13300
v 0.49600 -0.18150 -0.13300
v -0.49500 -0.18150 -0.13300
v -0.49700 -0.18150 -0.13300
v 0.50400 -0.18150 -0.10700
v 0.50300 -0.18150 -0.10700
v -0.50200 -0.18150 -0.10700
v -0.50400 -0.18150 -0.10700
v 0.50800 -0.18150 -0.08000
v 0.50700 -0.18150 -0.08000
v -0.50700 -0.18150 -0.08000
v -0.50800 -0.18150 -0.08000
v 0.51300 -0.18150 -0.05400
v 0.51100 -0.18150 -0.05400
v -0.51100 -0.18150 -0.05400
v -0.51200 -0.18150 -0.05400
v 0.51400 -0.18150 -0.02700
v 0.51200 -0.18150 -0.02700
v -0.51200 -0.18150 -0.02700
v -0.51400 -0.18150 -0.02700
v 0.51500 -0.18150 0.00000
v 0.51400 -0.18150 0.00000
v -0.51400 -0.18150 0.00000
v -0.51500 -0.18150 0.00000
v 0.51400 -0.18150 0.02700
v 0.51200 -0.18150 0.02700
v -0.51200 -0.18150 0.02700
v -0.51400 -0.18150 0.02700
v 0.51300 -0.18150 0.05400
v 0.51100 -0.18150 0.05400
v -0.51100 -0.18150 0.05400
v -0.51200 -0.18150 0.05400
v 0.50700 -0.18150 0.08000
v -0.50700 -0.18150 0.08000
v 0.50800 -0.18150 0.08100
v -0.50800 -0.18150 0.08100
v 0.50400 -0.18150 0.10700
v 0.50300 -0.18150 0.10700
v -0.50200 -0.18150 0.10700
v -0.50400 -0.18150 0.10700
v 0.49700 -0.18150 0.13300
v 0.49600 -0.18150 0.13300
v -0.49500 -0.18150 0.13300
v -0.49700 -0.18150 0.13300
v 0.49000 -0.18150 0.15900
v 0.48900 -0.18150 0.15900
v -0.48800 -0.18150 0.15900
v -0.49000 -0.18150 0.15900
v 0.48100 -0.18150 0.18400
v 0.47900 -0.18150 0.18400
v -0.47900 -0.18150 0.18400
v -0.48000 -0.18150 0.18500
v 0.46900 -0.18150 0.20900
v -0.46900 -0.18150 0.20900
v 0.47100 -0.18150 0.21000
v -0.47100 -0.18150 0.21000
v 0.45700 -0.18150 0.23300
v -0.45700 -0.18150 0.23300
v 0.45900 -0.18150 0.23400
v -0.45800 -0.18150 0.23400
v 0.44500 -0.18150 0.25700
v -0.44500 -0.18150 0.25700
v 0.44600 -0.18150 0.25800
v -0.44600 -0.18150 0.25800
v 0.43200 -0.18150 0.28000
v 0.43000 -0.18150 0.28000
v -0.43000 -0.18150 0.28000
v -0.43100 -0.18150 0.28000
v 0.41600 -0.18150 0.30200
v -0.41600 -0.18150 0.30200
v 0.41700 -0.18150 0.30300
v -0.41700 -0.18150 0.30300
v 0.39900 -0.18150 0.32300
v -0.39900 -0.18150 0.32300
v 0.40000 -0.18150 0.32400
v -0.40000 -0.18150 0.32400
v 0.38200 -0.18150 0.34400
v -0.38200 -0.18150 0.34400
v 0.38300 -0.18150 0.34500
v -0.38300 -0.18150 0.34500
v 0.36300 -0.18150 0.36300
v -0.36300 -0.18150 0.36300
v 0.36400 -0.18150 0.36400
v -0.36400 -0.18150 0.36400
v 0.34400 -0.18150 0.38200
v -0.34400 -0.18150 0.38200
v 0.34500 -0.18150 0.38300
v -0.34500 -0.18150 0.38300
v 0.32300 -0.18150 0.39900
v -0.32300 -0.18150 0.39900
v 0.32400 -0.18150 0.40000
v -0.32400 -0.18150 0.40000
v 0.30200 -0.18150 0.41600
v -0.30200 -0.18150 0.41600
v 0.30300 -0.18150 0.41700
v -0.30300 -0.18150 0.41700
v 0.28000 -0.18150 0.43000
v -0.27900 -0.18150 0.43000
v 0.28100 -0.18150 0.43200
v -0.28000 -0.18150 0.43200
v 0.25700 -0.18150 0.44500
v -0.25700 -0.18150 0.44500
v 0.25800 -0.18150 0.44600
v -0.25800 -0.18150 0.44600
v 0.23300 -0.18150 0.45700
v -0.23300 -0.18150 0.45700
v 0.23400 -0.18150 0.45900
v -0.23300 -0.18150 0.45900
v 0.20900 -0.18150 0.46900
v -0.20900 -0.18150 0.46900
v 0.21000 -0.18150 0.47100
v -0.20900 -0.18150 0.47100
v 0.18400 -0.18150 0.47900
v -0.18400 -0.18150 0.47900
v 0.18500 -0.18150 0.48100
v -0.18400 -0.18150 0.48100
v 0.15900 -0.18150 0.48900
v -0.15900 -0.18150 0.48900
v 0.15900 -0.18150 0.49000
v -0.15900 -0.18150 0.49000
v 0.13300 -0.18150 0.49600
v -0.13300 -0.18150 0.49600
v 0.13300 -0.18150 0.49700
v -0.13300 -0.18150 0.49700
v 0.10700 -0.18150 0.50300
v -0.10700 -0.18150 0.50300
v 0.10700 -0.18150 0.50400
v -0.10700 -0.18150 0.50400
v 0.08000 -0.18150 0.50700
v -0.08000 -0.18150 0.50700
v 0.08100 -0.18150 0.50800
v -0.08000 -0.18150 0.50800
v 0.05400 -0.18150 0.51100
v -0.05400 -0.18150 0.51100
v 0.02700 -0.18150 0.51200
v -0.02700 -0.18150 0.51200
v 0.05400 -0.18150 0.51300
v -0.05400 -0.18150 0.51300
v 0.02700 -0.18150 0.51400
v 0.00000 -0.18150 0.51400
v -0.02700 -0.18150 0.51400
v 0.00000 -0.18150 0.51500
v 0.00000 -0.18250 -0.51700
v 0.02700 -0.18250 -0.51500
v -0.02700 -0.18250 -0.51500
v 0.05400 -0.18250 -0.51400
v -0.05400 -0.18250 -0.51400
v 0.08100 -0.18250 -0.51000
v -0.08100 -0.18250 -0.51000
v 0.10800 -0.18250 -0.50600
v -0.10700 -0.18250 -0.50600
v 0.13400 -0.18250 -0.49900
v -0.13300 -0.18250 -0.49900
v 0.16000 -0.18250 -0.49200
v -0.16000 -0.18250 -0.49200
v 0.18500 -0.18250 -0.48200
v -0.18500 -0.18250 -0.48200
v 0.21000 -0.18250 -0.47200
v -0.21000 -0.18250 -0.47200
v 0.23500 -0.18250 -0.46000
v -0.23400 -0.18250 -0.46000
v 0.25900 -0.18250 -0.44800
v -0.25800 -0.18250 -0.44800
v 0.28100 -0.18250 -0.43300
v -0.28100 -0.18250 -0.43300
v 0.30400 -0.18250 -0.41800
v -0.30400 -0.18250 -0.41800
v 0.32500 -0.18250 -0.40100
v -0.32500 -0.18250 -0.40100
v 0.34600 -0.18250 -0.38400
v -0.34600 -0.18250 -0.38400
v 0.36500 -0.18250 -0.36500
v -0.36500 -0.18250 -0.36500
v 0.38400 -0.18250 -0.34600
v -0.38400 -0.18250 -0.34600
v 0.40100 -0.18250 -0.32500
v -0.40100 -0.18250 -0.32500
v 0.41800 -0.18250 -0.30400
v -0.41800 -0.18250 -0.30400
v 0.43300 -0.18250 -0.28100
v -0.43300 -0.18250 -0.28100
v 0.44800 -0.18250 -0.25800
v -0.44800 -0.18250 -0.25800
v 0.46000 -0.18250 -0.23400
v -0.46000 -0.18250 -0.23400
v 0.47200 -0.18250 -0.21000
v -0.47200 -0.18250 -0.21000
v 0.48200 -0.18250 -0.18500
v -0.48200 -0.18250 -0.18500
v 0.49200 -0.18250 -0.16000
v -0.49100 -0.18250 -0.16000
v 0.49900 -0.18250 -0.13400
v -0.49900 -0.18250 -0.13400
v 0.50600 -0.18250 -0.10700
v -0.50600 -0.18250 -0.10700
v 0.51000 -0.18250 -0.08100
v -0.51000 -0.18250 -0.08100
v 0.51400 -0.18250 -0.05400
v -0.51400 -0.18250 -0.05400
v 0.51600 -0.18250 -0.02700
v -0.51500 -0.18250 -0.02700
v 0.51700 -0.18250 0.00000
v -0.51700 -0.18250 0.00000
v 0.51600 -0.18250 0.02700
v -0.51500 -0.18250 0.02700
v 0.51400 -0.18250 0.05400
v -0.51400 -0.18250 0.05400
v 0.51000 -0.18250 0.08100
v -0.51000 -0.18250 0.08100
v 0.50600 -0.18250 0.10800
v -0.50600 -0.18250 0.10800
v 0.49900 -0.18250 0.13400
v -0.49900 -0.18250 0.13400
v 0.49200 -0.18250 0.16000
v -0.49100 -0.18250 0.16000
v 0.48200 -0.18250 0.18500
v -0.48200 -0.18250 0.18500
v 0.47200 -0.18250 0.21000
v -0.47200 -0.18250 0.21000
v 0.46000 -0.18250 0.23400
v -0.46000 -0.18250 0.23400
v 0.44800 -0.18250 0.25900
v -0.44800 -0.18250 0.25900
v 0.43300 -0.18250 0.28100
v -0.43300 -0.18250 0.28100
v 0.41800 -0.18250 0.30400
v -0.41800 -0.18250 0.30400
v 0.40100 -0.18250 0.32500
v -0.40100 -0.18250 0.32500
v 0.38400 -0.18250 0.34600
v -0.38400 -0.18250 0.34600
v 0.36500 -0.18250 0.36500
v -0.36500 -0.18250 0.36500
v 0.34600 -0.18250 0.38400
v -0.34600 -0.18250 0.38400
v 0.32500 -0.18250 0.40100
v -0.32500 -0.18250 0.40100
v 0.30400 -0.18250 0.41800
v -0.30400 -0.18250 0.41800
v 0.28100 -0.18250 0.43300
v -0.28100 -0.18250 0.43300
v 0.25900 -0.18250 0.44800
v -0.25800 -0.18250 0.44800
v 0.23500 -0.18250 0.46000
v -0.23400 -0.18250 0.46000
v 0.21000 -0.18250 0.47200
v -0.21000 -0.18250 0.47200
v 0.18500 -0.18250 0.48200
v -0.18500 -0.18250 0.48200
v 0.16000 -0.18250 0.49200
v -0.16000 -0.18250 0.49200
v 0.13400 -0.18250 0.49900
v -0.13300 -0.18250 0.49900
v 0.10800 -0.18250 0.50600
v -0.10700 -0.18250 0.50600
v 0.08100 -0.18250 0.51000
v -0.08100 -0.18250 0.51000
v 0.05400 -0.18250 0.51400
v -0.05400 -0.18250 0.51400
v 0.02700 -0.18250 0.51600
v -0.02700 -0.18250 0.51600
v 0.00000 -0.18250 0.51700
v 0.00000 -0.19350 -0.49200
v 0.02600 -0.19350 -0.49100
v -0.02600 -0.19350 -0.49100
v 0.05200 -0.19350 -0.48900
v -0.05100 -0.19350 -0.48900
v 0.07700 -0.19350 -0.48500
v -0.07700 -0.19350 -0.48500
v 0.10200 -0.19350 -0.48100
v -0.10200 -0.19350 -0.48100
v 0.12700 -0.19350 -0.47500
v -0.12700 -0.19350 -0.47500
v 0.15200 -0.19350 -0.46800
v -0.15200 -0.19350 -0.46800
v 0.17600 -0.19350 -0.45900
v -0.17600 -0.19350 -0.45900
v 0.20000 -0.19350 -0.44900
v -0.20000 -0.19350 -0.44900
v 0.22300 -0.19350 -0.43800
v -0.22300 -0.19350 -0.43800
v 0.24600 -0.19350 -0.42600
v -0.24600 -0.19350 -0.42600
v 0.26800 -0.19350 -0.41200
v -0.26800 -0.19350 -0.41200
v 0.28900 -0.19350 -0.39800
v -0.28900 -0.19350 -0.39800
v 0.30900 -0.19350 -0.38200
v -0.30900 -0.19350 -0.38200
v 0.32900 -0.19350 -0.36600
v -0.32900 -0.19350 -0.36600
v 0.34800 -0.19350 -0.34700
v -0.34700 -0.19350 -0.34700
v 0.36600 -0.19350 -0.32900
v -0.36600 -0.19350 -0.32900
v 0.38200 -0.19350 -0.30900
v -0.38200 -0.19350 -0.30900
v 0.39800 -0.19350 -0.28900
v -0.39800 -0.19350 -0.28900
v 0.41200 -0.19350 -0.26800
v -0.41200 -0.19350 -0.26700
v 0.42600 -0.19350 -0.24600
v -0.42600 -0.19350 -0.24600
v 0.43800 -0.19350 -0.22300
v -0.43800 -0.19350 -0.22300
v 0.45000 -0.19350 -0.20000
v -0.44900 -0.19350 -0.20000
v 0.45900 -0.19350 -0.17600
v -0.45900 -0.19350 -0.17600
v 0.46800 -0.19350 -0.15200
v -0.46800 -0.19350 -0.15200
v 0.47500 -0.19350 -0.12700
v -0.47500 -0.19350 -0.12700
v 0.48100 -0.19350 -0.10200
v -0.48100 -0.19350 -0.10200
v 0.48500 -0.19350 -0.07700
v -0.48500 -0.19350 -0.07700
v 0.49000 -0.19350 -0.05100
v -0.48900 -0.19350 -0.05100
v 0.49100 -0.19350 -0.02600
v -0.49100 -0.19350 -0.02600
v 0.49200 -0.19350 0.00000
v -0.49200 -0.19350 0.00000
v 0.49100 -0.19350 0.02600
v -0.49100 -0.19350 0.02600
v 0.49000 -0.19350 0.05200
v -0.48900 -0.19350 0.05200
v 0.48500 -0.19350 0.07700
v -0.48500 -0.19350 0.07700
v 0.48100 -0.19350 0.10200
v -0.48100 -0.19350 0.10200
v 0.47500 -0.19350 0.12700
v -0.47400 -0.19350 0.12700
v 0.46800 -0.19350 0.15200
v -0.46800 -0.19350 0.15200
v 0.45900 -0.19350 0.17600
v -0.45900 -0.19350 0.17600
v 0.45000 -0.19350 0.20000
v -0.44900 -0.19350 0.20000
v 0.43800 -0.19350 0.22300
v -0.43800 -0.19350 0.22300
v 0.42600 -0.19350 0.24600
v -0.42600 -0.19350 0.24600
v 0.41200 -0.19350 0.26800
v -0.41200 -0.19350 0.26800
v 0.39800 -0.19350 0.28900
v -0.39800 -0.19350 0.28900
v 0.38200 -0.19350 0.30900
v -0.38200 -0.19350 0.30900
v 0.36600 -0.19350 0.32900
v -0.36600 -0.19350 0.32900
v 0.34800 -0.19350 0.34800
v -0.34700 -0.19350 0.34800
v 0.32900 -0.19350 0.36600
v -0.32900 -0.19350 0.36600
v 0.30900 -0.19350 0.38200
v -0.30900 -0.19350 0.38200
v 0.28900 -0.19350 0.39800
v -0.28900 -0.19350 0.39800
v 0.26800 -0.19350 0.41200
v -0.26700 -0.19350 0.41200
v 0.24600 -0.19350 0.42600
v -0.24600 -0.19350 0.42600
v 0.22300 -0.19350 0.43800
v -0.22300 -0.19350 0.43800
v 0.20000 -0.19350 0.45000
v -0.20000 -0.19350 0.45000
v 0.17600 -0.19350 0.45900
v -0.17600 -0.19350 0.45900
v 0.15200 -0.19350 0.46800
v -0.15200 -0.19350 0.46800
v 0.12700 -0.19350 0.47500
v -0.12700 -0.19350 0.47500
v 0.10200 -0.19350 0.48100
v -0.10200 -0.19350 0.48100
v 0.07700 -0.19350 0.48500
v -0.07700 -0.19350 0.48500
v 0.05200 -0.19350 0.48900
v -0.05100 -0.19350 0.48900
v 0.02600 -0.19350 0.49100
v -0.02600 -0.19350 0.49100
v 0.00000 -0.19350 0.49200
v 0.00000 -0.19450 -0.49300
v 0.02600 -0.19450 -0.49200
v -0.02600 -0.19450 -0.49200
v 0.05200 -0.19450 -0.49100
v -0.05100 -0.19450 -0.49100
v 0.07700 -0.19450 -0.48600
v -0.07700 -0.19450 -0.48600
v 0.10300 -0.19450 -0.48200
v -0.10200 -0.19450 -0.48200
v 0.12800 -0.19450 -0.47600
v -0.12700 -0.19450 -0.47600
v 0.15300 -0.19450 -0.46900
v -0.15200 -0.19450 -0.46900
v 0.17700 -0.19450 -0.46000
v -0.17600 -0.19450 -0.46000
v 0.20100 -0.19450 -0.45100
v -0.20100 -0.19450 -0.45100
v 0.22400 -0.19450 -0.43900
v -0.22400 -0.19450 -0.43900
v 0.24700 -0.19450 -0.42700
v -0.24700 -0.19450 -0.42700
v 0.26800 -0.19450 -0.41300
v -0.26800 -0.19450 -0.41300
v 0.29000 -0.19450 -0.39900
v -0.29000 -0.19450 -0.39900
v 0.31000 -0.19450 -0.38300
v -0.31000 -0.19450 -0.38300
v 0.33000 -0.19450 -0.36700
v -0.33000 -0.19450 -0.36700
v 0.34800 -0.19450 -0.34800
v -0.34800 -0.19450 -0.34800
v 0.36700 -0.19450 -0.33000
v -0.36600 -0.19450 -0.33000
v 0.38300 -0.19450 -0.31000
v -0.38300 -0.19450 -0.31000
v 0.39900 -0.19450 -0.29000
v -0.39900 -0.19450 -0.29000
v 0.41300 -0.19450 -0.26800
v -0.41300 -0.19450 -0.26800
v 0.42700 -0.19450 -0.24700
v -0.42700 -0.19450 -0.24700
v 0.43900 -0.19450 -0.22400
v -0.43900 -0.19450 -0.22400
v 0.45100 -0.19450 -0.20100
v -0.45100 -0.19450 -0.20100
v 0.46000 -0.19450 -0.17600
v -0.46000 -0.19450 -0.17600
v 0.46900 -0.19450 -0.15200
v -0.46900 -0.19450 -0.15200
v 0.47600 -0.19450 -0.12700
v -0.47600 -0.19450 -0.12700
v 0.48300 -0.19450 -0.10200
v -0.48200 -0.19450 -0.10200
v 0.48700 -0.19450 -0.07700
v -0.48600 -0.19450 -0.07700
v 0.49100 -0.19450 -0.05100
v -0.49000 -0.19450 -0.05100
v 0.49200 -0.19450 -0.02600
v -0.49200 -0.19450 -0.02600
v 0.49300 -0.19450 0.00000
v -0.49300 -0.19450 0.00000
v 0.49200 -0.19450 0.02600
v -0.49200 -0.19450 0.02600
v 0.49100 -0.19450 0.05200
v -0.49000 -0.19450 0.05200
v 0.48700 -0.19450 0.07700
v -0.48600 -0.19450 0.07700
v 0.48300 -0.19450 0.10300
v -0.48200 -0.19450 0.10300
v 0.47600 -0.19450 0.12800
v -0.47600 -0.19450 0.12800
v 0.46900 -0.19450 0.15300
v -0.46900 -0.19450 0.15300
v 0.46000 -0.19450 0.17700
v -0.46000 -0.19450 0.17700
v 0.45100 -0.19450 0.20100
v -0.45100 -0.19450 0.20100
v 0.43900 -0.19450 0.22400
v -0.43900 -0.19450 0.22400
v 0.42700 -0.19450 0.24700
v -0.42700 -0.19450 0.24700
v 0.41300 -0.19450 0.26800
v -0.41300 -0.19450 0.26800
v 0.39900 -0.19450 0.29000
v -0.39900 -0.19450 0.29000
v 0.38300 -0.19450 0.31000
v -0.38300 -0.19450 0.31000
v 0.36700 -0.19450 0.33000
v -0.36600 -0.19450 0.33000
v 0.34800 -0.19450 0.34800
v -0.34800 -0.19450 0.34800
v 0.33000 -0.19450 0.36700
v -0.33000 -0.19450 0.36700
v 0.31000 -0.19450 0.38300
v -0.31000 -0.19450 0.38300
v 0.29000 -0.19450 0.39900
v -0.29000 -0.19450 0.39900
v 0.26800 -0.19450 0.41300
v -0.26800 -0.19450 0.41300
v 0.24700 -0.19450 0.42700
v -0.24700 -0.19450 0.42700
v 0.22400 -0.19450 0.43900
v -0.22400 -0.19450 0.43900
v 0.20100 -0.19450 0.45100
v -0.20100 -0.19450 0.45100
v 0.17700 -0.19450 0.46000
v -0.17600 -0.19450 0.46000
v 0.15300 -0.19450 0.46900
v -0.15200 -0.19450 0.46900
v 0.12800 -0.19450 0.47600
v -0.12700 -0.19450 0.47600
v 0.10300 -0.19450 0.48300
v -0.10200 -0.19450 0.48300
v 0.07700 -0.19450 0.48700
v -0.07700 -0.19450 0.48700
v 0.05200 -0.19450 0.49100
v -0.05100 -0.19450 0.49100
v 0.02600 -0.19450 0.49200
v -0.02600 -0.19450 0.49200
v 0.00000 -0.19450 0.49300
v 0.00000 -0.19850 -0.46900
v 0.02500 -0.19850 -0.46700
v -0.02400 -0.19850 -0.46700
v 0.04900 -0.19850 -0.46600
v -0.04900 -0.19850 -0.46600
v 0.07300 -0.19850 -0.46200
v -0.07300 -0.19850 -0.46200
v 0.09800 -0.19850 -0.45800
v -0.09700 -0.19850 -0.45800
v 0.12100 -0.19850 -0.45200
v -0.12100 -0.19850 -0.45200
v 0.14500 -0.19850 -0.44600
v -0.14500 -0.19850 -0.44600
v 0.16800 -0.19850 -0.43700
v -0.16800 -0.19850 -0.43700
v 0.19100 -0.19850 -0.42800
v -0.19100 -0.19850 -0.42800
v 0.21300 -0.19850 -0.41700
v -0.21200 -0.19850 -0.41700
v 0.23500 -0.19850 -0.40600
v -0.23400 -0.19850 -0.40600
v 0.25500 -0.19850 -0.39200
v -0.25500 -0.19850 -0.39200
v 0.27600 -0.19850 -0.37900
v -0.27500 -0.19850 -0.37900
v 0.29500 -0.19850 -0.36400
v -0.29400 -0.19850 -0.36400
v 0.31400 -0.19850 -0.34800
v -0.31400 -0.19850 -0.34800
v 0.33100 -0.19850 -0.33100
v -0.33100 -0.19850 -0.33100
v 0.34800 -0.19850 -0.31400
v -0.34800 -0.19850 -0.31400
v 0.36400 -0.19850 -0.29400
v -0.36400 -0.19850 -0.29400
v 0.37900 -0.19850 -0.27500
v -0.37900 -0.19850 -0.27500
v 0.39300 -0.19850 -0.25500
v -0.39200 -0.19850 -0.25500
v 0.40600 -0.19850 -0.23400
v -0.40600 -0.19850 -0.23400
v 0.41700 -0.19850 -0.21200
v -0.41700 -0.19850 -0.21200
v 0.42800 -0.19850 -0.19100
v -0.42800 -0.19850 -0.19100
v 0.43700 -0.19850 -0.16800
v -0.43700 -0.19850 -0.16800
v 0.44600 -0.19850 -0.14500
v -0.44600 -0.19850 -0.14500
v 0.45200 -0.19850 -0.12100
v -0.45200 -0.19850 -0.12100
v 0.45900 -0.19850 -0.09700
v -0.45800 -0.19850 -0.09700
v 0.46200 -0.19850 -0.07300
v -0.46200 -0.19850 -0.07300
v 0.46600 -0.19850 -0.04900
v -0.46600 -0.19850 -0.04900
v 0.46800 -0.19850 -0.02400
v -0.46700 -0.19850 -0.02400
v 0.46900 -0.19850 0.00000
v -0.46900 -0.19850 0.00000
v 0.46800 -0.19850 0.02500
v -0.46700 -0.19850 0.02500
v 0.46600 -0.19850 0.04900
v -0.46600 -0.19850 0.04900
v 0.46200 -0.19850 0.07300
v -0.46200 -0.19850 0.07300
v 0.45900 -0.19850 0.09800
v -0.45800 -0.19850 0.09800
v 0.45200 -0.19850 0.12100
v -0.45200 -0.19850 0.12100
v 0.44600 -0.19850 0.14500
v -0.44600 -0.19850 0.14500
v 0.43700 -0.19850 0.16800
v -0.43700 -0.19850 0.16800
v 0.42800 -0.19850 0.19100
v -0.42800 -0.19850 0.19100
v 0.41700 -0.19850 0.21300
v -0.41700 -0.19850 0.21300
v 0.40600 -0.19850 0.23400
v -0.40600 -0.19850 0.23400
v 0.39300 -0.19850 0.25500
v -0.39200 -0.19850 0.25500
v 0.37900 -0.19850 0.27600
v -0.37900 -0.19850 0.27600
v 0.36400 -0.19850 0.29500
v -0.36400 -0.19850 0.29500
v 0.34800 -0.19850 0.31400
v -0.34800 -0.19850 0.31400
v 0.33100 -0.19850 0.33100
v -0.33100 -0.19850 0.33100
v 0.31400 -0.19850 0.34800
v -0.31400 -0.19850 0.34800
v 0.29500 -0.19850 0.36400
v -0.29400 -0.19850 0.36400
v 0.27600 -0.19850 0.37900
v -0.27500 -0.19850 0.37900
v 0.25500 -0.19850 0.39300
v -0.25500 -0.19850 0.39300
v 0.23500 -0.19850 0.40600
v -0.23400 -0.19850 0.40600
v 0.21300 -0.19850 0.41700
v -0.21200 -0.19850 0.41700
v 0.19100 -0.19850 0.42800
v -0.19100 -0.19850 0.42800
v 0.16800 -0.19850 0.43700
v -0.16800 -0.19850 0.43700
v 0.14500 -0.19850 0.44600
v -0.14500 -0.19850 0.44600
v 0.12100 -0.19850 0.45200
v -0.12100 -0.19850 0.45200
v 0.09800 -0.19850 0.45900
v -0.09700 -0.19850 0.45900
v 0.07300 -0.19850 0.46200
v -0.07300 -0.19850 0.46200
v 0.04900 -0.19850 0.46600
v -0.04900 -0.19850 0.46600
v 0.02500 -0.19850 0.46800
v -0.02400 -0.19850 0.46800
v 0.00000 -0.19850 0.46900
v 0.07300 -0.19950 -0.46300
v 0.09800 -0.19950 -0.46000
v -0.09800 -0.19950 -0.46000
v -0.12100 -0.19950 -0.45300
v -0.34900 -0.19950 -0.31400
v -0.36500 -0.19950 -0.29500
v 0.42900 -0.19950 -0.19100
v 0.43800 -0.19950 -0.16800
v 0.45300 -0.19950 -0.12100
v 0.46000 -0.19950 -0.09800
v -0.46000 -0.19950 -0.09800
v -0.46300 -0.19950 -0.07300
v 0.42900 -0.19950 0.19100
v 0.41800 -0.19950 0.21300
v -0.38000 -0.19950 0.27600
v -0.14500 -0.19950 0.44700
v -0.12100 -0.19950 0.45300
v 0.09800 -0.19950 0.46000
v 0.07400 -0.19950 0.46400
v 0.00000 -0.20050 -0.47100
v 0.02500 -0.20050 -0.47000
v -0.02400 -0.20050 -0.47000
v 0.04900 -0.20050 -0.46800
v -0.04900 -0.20050 -0.46800
v 0.07400 -0.20050 -0.46500
v -0.07300 -0.20050 -0.46500
v 0.09800 -0.20050 -0.46100
v -0.09800 -0.20050 -0.46100
v 0.12200 -0.20050 -0.45400
v -0.12200 -0.20050 -0.45400
v 0.14600 -0.20050 -0.44800
v -0.14500 -0.20050 -0.44800
v 0.16900 -0.20050 -0.43900
v -0.16800 -0.20050 -0.43900
v 0.19200 -0.20050 -0.43000
v -0.19100 -0.20050 -0.43000
v 0.21400 -0.20050 -0.41900
v -0.21300 -0.20050 -0.41900
v 0.23600 -0.20050 -0.40800
v -0.23500 -0.20050 -0.40800
v 0.25600 -0.20050 -0.39400
v -0.25600 -0.20050 -0.39400
v 0.27700 -0.20050 -0.38100
v -0.27700 -0.20050 -0.38100
v 0.29600 -0.20050 -0.36600
v -0.29600 -0.20050 -0.36600
v 0.31500 -0.20050 -0.35000
v -0.31500 -0.20050 -0.35000
v 0.33300 -0.20050 -0.33300
v -0.33300 -0.20050 -0.33300
v 0.35000 -0.20050 -0.31500
v -0.35000 -0.20050 -0.31500
v 0.36600 -0.20050 -0.29600
v -0.36500 -0.20050 -0.29600
v 0.38100 -0.20050 -0.27700
v -0.38100 -0.20050 -0.27700
v 0.39500 -0.20050 -0.25600
v -0.39400 -0.20050 -0.25600
v 0.40800 -0.20050 -0.23500
v -0.40800 -0.20050 -0.23500
v 0.41900 -0.20050 -0.21300
v -0.41900 -0.20050 -0.21300
v 0.43100 -0.20050 -0.19200
v -0.43000 -0.20050 -0.19200
v 0.43900 -0.20050 -0.16800
v -0.43900 -0.20050 -0.16800
v 0.44800 -0.20050 -0.14500
v -0.44800 -0.20050 -0.14500
v 0.45500 -0.20050 -0.12200
v -0.45400 -0.20050 -0.12200
v 0.46100 -0.20050 -0.09800
v -0.46100 -0.20050 -0.09800
v 0.46500 -0.20050 -0.07300
v -0.46500 -0.20050 -0.07300
v 0.46900 -0.20050 -0.04900
v -0.46800 -0.20050 -0.04900
v 0.47000 -0.20050 -0.02500
v -0.47000 -0.20050 -0.02500
v 0.47100 -0.20050 0.00000
v -0.47100 -0.20050 0.00000
v 0.47000 -0.20050 0.02500
v -0.47000 -0.20050 0.02500
v 0.46900 -0.20050 0.04900
v -0.46800 -0.20050 0.04900
v 0.46500 -0.20050 0.07400
v -0.46500 -0.20050 0.07400
v 0.46100 -0.20050 0.09800
v -0.46100 -0.20050 0.09800
v 0.45500 -0.20050 0.12200
v -0.45400 -0.20050 0.12200
v 0.44800 -0.20050 0.14600
v -0.44800 -0.20050 0.14600
v 0.43900 -0.20050 0.16900
v -0.43900 -0.20050 0.16900
v 0.43100 -0.20050 0.19200
v -0.43000 -0.20050 0.19200
v 0.41900 -0.20050 0.21400
v -0.41900 -0.20050 0.21400
v 0.40800 -0.20050 0.23600
v -0.40800 -0.20050 0.23600
v 0.39500 -0.20050 0.25600
v -0.39400 -0.20050 0.25600
v 0.38100 -0.20050 0.27700
v -0.38100 -0.20050 0.27700
v 0.36600 -0.20050 0.29600
v -0.36500 -0.20050 0.29600
v 0.35000 -0.20050 0.31500
v -0.35000 -0.20050 0.31500
v 0.33300 -0.20050 0.33300
v -0.33300 -0.20050 0.33300
v 0.31500 -0.20050 0.35000
v -0.31500 -0.20050 0.35000
v 0.29600 -0.20050 0.36600
v -0.29600 -0.20050 0.36600
v 0.27700 -0.20050 0.38100
v -0.27700 -0.20050 0.38100
v 0.25600 -0.20050 0.39500
v -0.25600 -0.20050 0.39500
v 0.23600 -0.20050 0.40800
v -0.23500 -0.20050 0.40800
v 0.21400 -0.20050 0.41900
v -0.21300 -0.20050 0.41900
v 0.19200 -0.20050 0.43000
v -0.19100 -0.20050 0.43000
v 0.16900 -0.20050 0.43900
v -0.16800 -0.20050 0.43900
v 0.14600 -0.20050 0.44800
v -0.14500 -0.20050 0.44800
v 0.12200 -0.20050 0.45500
v -0.12200 -0.20050 0.45500
v 0.09800 -0.20050 0.46100
v -0.09800 -0.20050 0.46100
v 0.07400 -0.20050 0.46500
v -0.07300 -0.20050 0.46500
v 0.04900 -0.20050 0.46900
v -0.04900 -0.20050 0.46900
v 0.02500 -0.20050 0.47000
v -0.02400 -0.20050 0.47000
v 0.00000 -0.20050 0.47100
v -0.09400 -0.20250 -0.44500
v 0.11800 -0.20250 -0.43900
v -0.11700 -0.20250 -0.43900
v 0.14100 -0.20250 -0.43200
v -0.14000 -0.20250 -0.43200
v -0.16300 -0.20250 -0.42400
v 0.20600 -0.20250 -0.40500
v 0.22800 -0.20250 -0.39400
v -0.22700 -0.20250 -0.39400
v 0.24700 -0.20250 -0.38100
v -0.24700 -0.20250 -0.38100
v -0.26700 -0.20250 -0.36800
v 0.28600 -0.20250 -0.35300
v -0.28600 -0.20250 -0.35300
v 0.30400 -0.20250 -0.33800
v -0.33800 -0.20250 -0.30400
v 0.35300 -0.20250 -0.28600
v -0.35300 -0.20250 -0.28600
v 0.36800 -0.20250 -0.26700
v -0.36800 -0.20250 -0.26700
v -0.39400 -0.20250 -0.22700
v -0.40500 -0.20250 -0.20600
v 0.41600 -0.20250 -0.18500
v -0.41500 -0.20250 -0.18500
v 0.42400 -0.20250 -0.16300
v -0.42400 -0.20250 -0.16300
v 0.43300 -0.20250 -0.14000
v -0.43200 -0.20250 -0.14000
v 0.43900 -0.20250 -0.11700
v -0.43900 -0.20250 -0.11700
v 0.44500 -0.20250 -0.09400
v -0.44500 -0.20250 0.09500
v -0.43900 -0.20250 0.11800
v 0.43300 -0.20250 0.14100
v -0.43200 -0.20250 0.14100
v 0.42400 -0.20250 0.16300
v -0.42400 -0.20250 0.16300
v 0.41600 -0.20250 0.18500
v 0.40500 -0.20250 0.20600
v 0.39400 -0.20250 0.22700
v 0.22800 -0.20250 0.39400
v -0.22700 -0.20250 0.39400
v 0.20600 -0.20250 0.40500
v -0.20600 -0.20250 0.40500
v 0.18500 -0.20250 0.41600
v 0.16300 -0.20250 0.42400
v -0.16300 -0.20250 0.42400
v 0.14100 -0.20250 0.43300
v -0.14000 -0.20250 0.43300
v 0.11800 -0.20250 0.43900
v 0.09500 -0.20250 0.44500
v 0.07100 -0.20250 0.44900
v 0.04800 -0.20250 0.45200
v -0.37700 -0.28350 0.01400
v -0.37700 -0.28350 0.23900
v -0.37700 -0.28650 0.27400
v -0.37700 -0.28750 0.29700
v -0.37700 -0.28750 0.30200
v -0.37700 -0.28850 -0.00600
v -0.37700 -0.28850 0.29500
v -0.37700 -0.29050 -0.01600
v -0.37700 -0.29150 -0.01800
v -0.37700 -0.29150 -0.01300
v -0.37700 -0.29250 -0.01300
v -0.33000 -0.29250 0.01400
v -0.42400 -0.29250 0.01400
v -0.33000 -0.29250 0.23900
v -0.42400 -0.29250 0.23900
v -0.37700 -0.29450 -0.01100
v -0.37700 -0.29450 0.28900
v -0.37700 -0.29450 0.29100
v -0.37700 -0.29550 -0.02000
v -0.33100 -0.29550 0.27400
v -0.42300 -0.29550 0.27400
v -0.37700 -0.29650 -0.01300
v -0.33100 -0.29650 0.29700
v -0.42200 -0.29650 0.29700
v -0.33100 -0.29650 0.29900
v -0.42200 -0.29650 0.29900
v -0.33100 -0.29650 0.30200
v -0.42200 -0.29650 0.30200
v -0.37700 -0.29650 0.30600
v -0.33200 -0.29750 -0.00600
v -0.42200 -0.29750 -0.00600
v -0.33100 -0.29750 0.29500
v -0.42200 -0.29750 0.29500
v -0.37700 -0.29850 0.29200
v -0.33300 -0.29950 -0.01600
v -0.42100 -0.29950 -0.01600
v -0.33300 -0.29950 -0.01400
v -0.42100 -0.29950 -0.01400
v -0.42100 -0.29950 0.30400
v -0.33300 -0.30050 -0.01800
v -0.42100 -0.30050 -0.01800
v -0.33300 -0.30050 -0.01300
v -0.42000 -0.30050 -0.01300
v -0.33300 -0.30150 -0.01900
v -0.33300 -0.30150 -0.01200
v -0.42000 -0.30150 -0.01200
v -0.33400 -0.30350 -0.02000
v -0.41900 -0.30350 -0.02000
v -0.33400 -0.30350 -0.01100
v -0.41900 -0.30350 -0.01100
v -0.42000 -0.30350 0.28900
v -0.33400 -0.30350 0.29100
v -0.41900 -0.30350 0.29100
v -0.33500 -0.30450 -0.01300
v -0.41900 -0.30450 -0.01300
v -0.33500 -0.30450 0.30600
v -0.41900 -0.30450 0.30600
v -0.41800 -0.30550 -0.01000
v -0.33600 -0.30650 0.29200
v -0.41800 -0.30650 0.29200
v -0.29000 -0.31950 0.01400
v -0.46400 -0.31950 0.01400
v -0.29000 -0.31950 0.23900
v -0.46400 -0.31950 0.23900
v -0.37700 -0.32150 -0.02100
v -0.29200 -0.32150 0.27400
v -0.46100 -0.32150 0.27400
v -0.29200 -0.32150 0.29900
v -0.46100 -0.32150 0.29900
v -0.29300 -0.32250 0.29500
v -0.46000 -0.32250 0.29500
v -0.29200 -0.32250 0.29700
v -0.46100 -0.32250 0.29700
v -0.29300 -0.32250 0.30200
v -0.46000 -0.32250 0.30200
v -0.37700 -0.32350 -0.02100
v -0.29400 -0.32350 -0.00600
v -0.46000 -0.32350 -0.00600
v -0.45800 -0.32450 -0.01700
v -0.29500 -0.32450 -0.01600
v -0.29500 -0.32450 -0.01400
v -0.45800 -0.32450 0.30400
v -0.29600 -0.32550 -0.01800
v -0.45800 -0.32550 -0.01800
v -0.29600 -0.32550 -0.01300
v -0.45700 -0.32550 -0.01300
v -0.45800 -0.32550 -0.01300
v -0.37700 -0.32650 -0.08000
v -0.37700 -0.32650 -0.07800
v -0.37700 -0.32650 -0.02500
v -0.29700 -0.32650 -0.01200
v -0.29700 -0.32650 -0.01100
v -0.29800 -0.32650 -0.01100
v -0.45600 -0.32650 -0.01100
v -0.29800 -0.32750 -0.02000
v -0.29800 -0.32750 -0.01900
v -0.29800 -0.32750 0.28900
v -0.45600 -0.32750 0.28900
v -0.29800 -0.32750 0.29100
v -0.45500 -0.32750 0.29100
v -0.29900 -0.32850 -0.01300
v -0.45400 -0.32850 -0.01300
v -0.29900 -0.32850 0.30600
v -0.45400 -0.32850 0.30600
v -0.37700 -0.32950 -0.08200
v -0.34500 -0.32950 -0.02100
v -0.45400 -0.32950 -0.01000
v -0.30000 -0.32950 0.29100
v -0.30100 -0.32950 0.29200
v -0.40800 -0.33050 -0.02100
v 0.51100 -0.33050 -0.01500
v 0.51800 -0.33050 -0.01200
v 0.50400 -0.33050 -0.01200
v 0.52100 -0.33050 -0.00500
v 0.50100 -0.33050 -0.00500
v 0.51800 -0.33050 0.00200
v 0.50400 -0.33050 0.00200
v 0.51100 -0.33050 0.00500
v -0.45200 -0.33050 0.29200
v -0.34600 -0.33150 -0.02200
v -0.34600 -0.33250 -0.08000
v -0.40700 -0.33250 -0.08000
v -0.34600 -0.33250 -0.07800
v -0.40700 -0.33250 -0.07800
v -0.34600 -0.33250 -0.02500
v -0.40700 -0.33250 -0.02500
v 0.47200 -0.33250 0.18600
v 0.47900 -0.33250 0.18900
v 0.46500 -0.33250 0.18900
v 0.46300 -0.33250 0.19200
v 0.48200 -0.33250 0.19600
v 0.46300 -0.33250 0.19900
v 0.47900 -0.33250 0.20300
v 0.46500 -0.33250 0.20300
v 0.47600 -0.33250 0.20500
v 0.46900 -0.33250 0.20500
v -0.34600 -0.33350 -0.08100
v -0.40600 -0.33450 -0.08200
v -0.34800 -0.33550 -0.08200
v 0.49000 -0.34150 0.21200
v 0.09400 -0.34550 -0.05800
v 0.07000 -0.34550 -0.05800
v 0.09700 -0.34550 -0.04800
v 0.07000 -0.34550 -0.04800
v 0.05000 -0.34550 -0.04800
v -0.03200 -0.34550 -0.04800
v 0.05000 -0.34550 -0.03100
v -0.03200 -0.34550 -0.03100
v 0.10300 -0.34550 -0.02600
v 0.07000 -0.34550 -0.02600
v -0.06800 -0.34650 -0.05900
v 0.07000 -0.34650 -0.02500
v 0.09400 -0.34750 -0.06000
v 0.07000 -0.34750 -0.06000
v -0.06800 -0.34750 -0.06000
v -0.07100 -0.34750 -0.06000
v -0.07300 -0.34750 -0.05900
v 0.09600 -0.34750 -0.05800
v 0.06800 -0.34750 -0.05800
v -0.06600 -0.34750 -0.05800
v -0.06600 -0.34750 -0.05100
v -0.06600 -0.34750 -0.05000
v 0.05000 -0.34750 -0.04900
v -0.03200 -0.34750 -0.04900
v -0.04900 -0.34750 -0.04900
v 0.09900 -0.34750 -0.04800
v 0.06800 -0.34750 -0.04800
v 0.05100 -0.34750 -0.04800
v -0.05000 -0.34750 -0.04800
v -0.07500 -0.34750 -0.04800
v 0.05100 -0.34750 -0.03100
v 0.05000 -0.34750 -0.03000
v -0.03200 -0.34750 -0.03000
v -0.03300 -0.34750 -0.03000
v -0.03300 -0.34750 -0.02800
v -0.05000 -0.34750 -0.02800
v -0.06600 -0.34750 -0.02800
v -0.07800 -0.34750 -0.02800
v -0.03500 -0.34750 -0.02700
v -0.04900 -0.34750 -0.02700
v -0.06800 -0.34750 -0.02700
v -0.07700 -0.34750 -0.02700
v 0.10400 -0.34750 -0.02600
v 0.06800 -0.34750 -0.02600
v 0.10300 -0.34750 -0.02500
v 0.07000 -0.34750 -0.02500
v -0.31900 -0.34850 -0.02200
v -0.43500 -0.34850 -0.02100
v -0.32000 -0.34950 -0.08000
v -0.43300 -0.34950 -0.08000
v -0.43300 -0.34950 -0.07900
v -0.32000 -0.34950 -0.07800
v -0.43300 -0.34950 -0.02500
v -0.32000 -0.34950 -0.02300
v -0.43200 -0.35050 -0.08200
v -0.32200 -0.35150 -0.08200
v 0.06900 -0.35350 -0.13700
v 0.05000 -0.35350 -0.13700
v -0.04800 -0.35350 -0.13700
v -0.06700 -0.35350 -0.13700
v 0.06900 -0.35350 -0.10200
v 0.05000 -0.35350 -0.10200
v -0.04800 -0.35350 -0.10200
v -0.06700 -0.35350 -0.10200
v 0.05900 -0.35950 -0.18200
v -0.05900 -0.35950 -0.18200
v 0.07500 -0.35950 -0.13700
v -0.04200 -0.35950 -0.13700
v -0.07300 -0.35950 -0.13700
v 0.07500 -0.35950 -0.10200
v -0.04200 -0.35950 -0.10200
v -0.07300 -0.35950 -0.10200
v -0.26300 -0.35950 0.01400
v -0.49000 -0.35950 0.01400
v 0.05900 -0.35950 0.09800
v -0.05900 -0.35950 0.09800
v -0.26300 -0.35950 0.23900
v -0.49000 -0.35950 0.23900
v -0.26600 -0.36050 0.27400
v -0.48700 -0.36050 0.27400
v -0.26700 -0.36050 0.29500
v -0.48600 -0.36050 0.29500
v -0.48700 -0.36050 0.29700
v -0.26700 -0.36050 0.29900
v -0.48700 -0.36050 0.29900
v -0.26700 -0.36050 0.30200
v -0.48600 -0.36050 0.30200
v 0.06400 -0.36150 -0.18200
v 0.05300 -0.36150 -0.18200
v -0.05300 -0.36150 -0.18200
v -0.06400 -0.36150 -0.18200
v -0.26800 -0.36150 -0.00600
v -0.48500 -0.36150 -0.00600
v 0.49100 -0.36150 0.02400
v 0.06400 -0.36150 0.09800
v 0.05300 -0.36150 0.09800
v -0.05300 -0.36150 0.09800
v -0.06400 -0.36150 0.09800
v 0.49000 -0.36150 0.21200
v -0.27100 -0.36250 -0.01800
v -0.48300 -0.36250 -0.01800
v -0.48300 -0.36250 -0.01700
v -0.27000 -0.36250 -0.01600
v -0.27100 -0.36250 -0.01300
v -0.48200 -0.36250 -0.01300
v 0.53800 -0.36350 -0.04900
v 0.48500 -0.36350 -0.04900
v -0.27400 -0.36350 -0.01200
v -0.27500 -0.36350 -0.01200
v -0.47900 -0.36350 -0.01200
v -0.48000 -0.36350 -0.01200
v -0.27400 -0.36350 -0.01100
v -0.48000 -0.36350 -0.01100
v 0.51100 -0.36350 -0.00500
v 0.54500 -0.36350 0.00600
v 0.50000 -0.36350 0.02900
v 0.53800 -0.36350 0.04100
v 0.48500 -0.36350 0.04100
v -0.27400 -0.36350 0.28900
v -0.47900 -0.36350 0.29000
v -0.27400 -0.36350 0.29100
v -0.48000 -0.36350 0.29100
v -0.05100 -0.36450 -0.18200
v 0.51100 -0.36450 -0.02900
v 0.49700 -0.36450 -0.02400
v -0.27600 -0.36450 -0.02000
v 0.49200 -0.36450 -0.01900
v -0.27700 -0.36450 -0.01300
v 0.53400 -0.36450 -0.01200
v -0.27500 -0.36450 -0.01100
v -0.27700 -0.36450 -0.01000
v 0.53400 -0.36450 0.00200
v 0.49200 -0.36450 0.00900
v 0.51900 -0.36450 0.01800
v 0.50400 -0.36450 0.01800
v -0.05100 -0.36450 0.09800
v -0.27600 -0.36450 0.29100
v -0.47700 -0.36450 0.29100
v -0.27500 -0.36450 0.30600
v -0.47800 -0.36450 0.30600
v -0.27800 -0.36550 0.29200
v -0.47600 -0.36550 0.29200
v 0.47200 -0.36650 0.17300
v 0.48100 -0.36650 0.17500
v 0.45600 -0.36650 0.18000
v 0.49300 -0.36650 0.18700
v 0.49500 -0.36650 0.19600
v 0.45000 -0.36650 0.19600
v 0.48800 -0.36650 0.21200
v 0.45600 -0.36650 0.21200
v 0.47200 -0.36650 0.21800
v 0.06700 -0.36750 -0.18200
v 0.05000 -0.36750 -0.18200
v -0.06700 -0.36750 -0.18200
v 0.07700 -0.36750 -0.13700
v 0.04200 -0.36750 -0.13700
v -0.04000 -0.36750 -0.13700
v -0.07500 -0.36750 -0.13700
v 0.07700 -0.36750 -0.10200
v 0.04200 -0.36750 -0.10200
v -0.04000 -0.36750 -0.10200
v -0.07500 -0.36750 -0.10200
v 0.06700 -0.36750 0.09800
v 0.05000 -0.36750 0.09800
v -0.06700 -0.36750 0.09800
v -0.05100 -0.37050 -0.18200
v 0.56700 -0.37050 -0.06700
v 0.43600 -0.37050 -0.06700
v -0.05100 -0.37050 0.09800
v 0.56700 -0.37050 0.32100
v 0.35600 -0.37050 0.32100
v 0.57200 -0.37150 -0.06700
v 0.57200 -0.37150 0.32100
v -0.20000 -0.37250 -0.10800
v -0.18900 -0.37250 -0.10700
v 0.31200 -0.37250 -0.10400
v -0.08800 -0.37250 -0.10400
v 0.31900 -0.37250 -0.10100
v 0.32400 -0.37250 -0.09900
v 0.30000 -0.37250 -0.09900
v -0.45100 -0.37250 -0.09600
v 0.32800 -0.37250 -0.09300
v 0.29600 -0.37250 -0.09300
v -0.45100 -0.37250 -0.08300
v 0.32800 -0.37250 -0.08000
v 0.29600 -0.37250 -0.08000
v -0.14800 -0.37250 -0.07900
v -0.13600 -0.37250 -0.07700
v 0.31900 -0.37250 -0.07500
v -0.08800 -0.37250 -0.07500
v 0.32400 -0.37250 -0.07400
v 0.30000 -0.37250 -0.07400
v 0.14800 -0.37250 -0.07300
v -0.20000 -0.37250 -0.07200
v 0.31200 -0.37250 -0.06900
v -0.18900 -0.37250 -0.06900
v 0.29700 -0.37250 -0.05900
v 0.53800 -0.37250 -0.04900
v 0.48500 -0.37250 -0.04900
v 0.41800 -0.37250 -0.04300
v 0.14800 -0.37250 -0.03900
v -0.13600 -0.37250 -0.03900
v 0.29700 -0.37250 -0.02900
v 0.53100 -0.37250 -0.02800
v 0.41800 -0.37250 -0.01600
v 0.53100 -0.37250 -0.00100
v 0.53800 -0.37250 0.04100
v 0.48500 -0.37250 0.04100
v 0.06400 -0.37350 -0.18200
v 0.05300 -0.37350 -0.18200
v -0.05300 -0.37350 -0.18200
v -0.06400 -0.37350 -0.18200
v 0.09400 -0.37350 -0.06000
v 0.07000 -0.37350 -0.06000
v -0.06800 -0.37350 -0.06000
v -0.07100 -0.37350 -0.06000
v 0.09600 -0.37350 -0.05900
v 0.06800 -0.37350 -0.05800
v -0.06600 -0.37350 -0.05800
v -0.06600 -0.37350 -0.05100
v 0.09900 -0.37350 -0.04900
v 0.05000 -0.37350 -0.04900
v -0.04900 -0.37350 -0.04900
v 0.05100 -0.37350 -0.04800
v -0.05000 -0.37350 -0.04800
v -0.07500 -0.37350 -0.04800
v 0.05100 -0.37350 -0.03100
v 0.05000 -0.37350 -0.03000
v -0.03200 -0.37350 -0.03000
v -0.03300 -0.37350 -0.02800
v -0.05000 -0.37350 -0.02800
v -0.06600 -0.37350 -0.02800
v -0.07800 -0.37350 -0.02800
v -0.03500 -0.37350 -0.02700
v -0.04900 -0.37350 -0.02700
v -0.06800 -0.37350 -0.02700
v -0.07800 -0.37350 -0.02700
v 0.10400 -0.37350 -0.02600
v 0.10300 -0.37350 -0.02500
v 0.07000 -0.37350 -0.02500
v 0.06800 -0.37350 -0.02500
v 0.06400 -0.37350 0.09800
v 0.05300 -0.37350 0.09800
v -0.05300 -0.37350 0.09800
v -0.06400 -0.37350 0.09800
v -0.07300 -0.37450 -0.05900
v 0.06800 -0.37450 -0.04800
v 0.05200 -0.37450 -0.04800
v -0.04900 -0.37450 -0.02700
v -0.06800 -0.37450 -0.02700
v -0.30000 -0.37450 -0.02100
v -0.45400 -0.37450 -0.02100
v 0.05900 -0.37550 -0.18200
v -0.05900 -0.37550 -0.18200
v -0.30400 -0.37550 -0.08100
v -0.45000 -0.37550 -0.08100
v -0.30300 -0.37550 -0.07900
v -0.45100 -0.37550 -0.07900
v 0.57600 -0.37550 -0.06700
v -0.07400 -0.37550 -0.05100
v 0.05000 -0.37550 -0.04900
v 0.06700 -0.37550 -0.04800
v -0.05200 -0.37550 -0.04800
v 0.07000 -0.37550 -0.02500
v -0.45100 -0.37550 -0.02500
v -0.30200 -0.37550 -0.02300
v -0.45200 -0.37550 -0.02200
v 0.05900 -0.37550 0.09800
v -0.05900 -0.37550 0.09800
v 0.57600 -0.37550 0.32100
v 0.56900 -0.37650 -0.06700
v 0.56600 -0.37650 -0.06700
v 0.43600 -0.37650 -0.06700
v 0.06800 -0.37650 -0.05100
v -0.07500 -0.37650 -0.04900
v -0.07700 -0.37650 -0.02700
v 0.56900 -0.37650 0.32100
v 0.56600 -0.37650 0.32100
v 0.35600 -0.37650 0.32100
v -0.30600 -0.37750 -0.08200
v -0.44700 -0.37750 -0.08200
v 0.09400 -0.37750 -0.06000
v 0.07000 -0.37750 -0.06000
v -0.06700 -0.37750 -0.06000
v -0.07100 -0.37750 -0.06000
v 0.06800 -0.37750 -0.05900
v 0.09600 -0.37750 -0.05800
v -0.06600 -0.37750 -0.05800
v -0.06600 -0.37750 -0.05100
v 0.06800 -0.37750 -0.05000
v 0.09800 -0.37750 -0.04900
v 0.06600 -0.37750 -0.04900
v 0.05000 -0.37750 -0.04900
v -0.06400 -0.37750 -0.04900
v 0.09900 -0.37750 -0.04800
v 0.06600 -0.37750 -0.03000
v -0.03200 -0.37750 -0.03000
v -0.05200 -0.37750 -0.03000
v -0.06400 -0.37750 -0.03000
v 0.06800 -0.37750 -0.02900
v -0.05000 -0.37750 -0.02800
v -0.06600 -0.37750 -0.02800
v -0.07800 -0.37750 -0.02800
v -0.03400 -0.37750 -0.02700
v -0.04900 -0.37750 -0.02700
v -0.06800 -0.37750 -0.02700
v 0.10400 -0.37750 -0.02600
v 0.06800 -0.37750 -0.02600
v 0.10300 -0.37750 -0.02500
v 0.07000 -0.37750 -0.02500
v 0.57100 -0.37850 -0.06700
v 0.57100 -0.37850 0.32100
v 0.57700 -0.38050 -0.06700
v 0.57700 -0.38050 0.32100
v 0.57100 -0.38150 -0.06700
v 0.57100 -0.38150 0.32100
v 0.51100 -0.38550 -0.02900
v 0.49700 -0.38550 -0.02400
v 0.49200 -0.38550 -0.01900
v 0.53400 -0.38550 -0.01200
v 0.53400 -0.38550 0.00200
v 0.49200 -0.38550 0.00900
v 0.51900 -0.38550 0.01800
v 0.50400 -0.38550 0.01800
v -0.07700 -0.38550 0.11300
v 0.05200 -0.38550 0.11900
v 0.07200 -0.38650 0.10600
v -0.07300 -0.38650 0.10600
v 0.07700 -0.38650 0.11200
v 0.06300 -0.38650 0.11800
v 0.05500 -0.38650 0.11800
v 0.05300 -0.38650 0.11800
v -0.05400 -0.38650 0.11800
v -0.06500 -0.38650 0.11800
v 0.06500 -0.38650 0.12000
v -0.05300 -0.38650 0.12000
v 0.07700 -0.38650 0.12500
v -0.07800 -0.38650 0.12500
v 0.07400 -0.38650 0.12900
v 0.06700 -0.38650 0.12900
v 0.05000 -0.38650 0.12900
v -0.05000 -0.38650 0.12900
v -0.06700 -0.38650 0.12900
v -0.07400 -0.38650 0.12900
v 0.06700 -0.38650 0.13000
v -0.07400 -0.38650 0.13000
v 0.07200 -0.38650 0.13100
v 0.06900 -0.38650 0.13100
v -0.06900 -0.38650 0.13100
v -0.07100 -0.38650 0.13100
v 0.04600 -0.38650 0.13300
v -0.04700 -0.38650 0.13300
v 0.06200 -0.38850 0.13300
v 0.05500 -0.38850 0.13300
v -0.06200 -0.38850 0.13300
v 0.05900 -0.38850 0.13400
v -0.05900 -0.38850 0.13400
v 0.06600 -0.38950 0.12900
v 0.05100 -0.38950 0.12900
v -0.05100 -0.38950 0.12900
v -0.06600 -0.38950 0.12900
v -0.05100 -0.39050 0.12300
v 0.06700 -0.39050 0.12600
v 0.05000 -0.39050 0.12600
v -0.06700 -0.39050 0.12600
v 0.06200 -0.39150 0.11800
v 0.05500 -0.39150 0.11800
v -0.05600 -0.39150 0.11800
v -0.06200 -0.39150 0.11800
v -0.05300 -0.39150 0.12000
v 0.51100 -0.40550 -0.02900
v 0.49700 -0.40550 -0.02400
v 0.49200 -0.40550 -0.01900
v 0.53400 -0.40550 -0.01200
v 0.53400 -0.40550 0.00200
v 0.49200 -0.40550 0.00900
v 0.51900 -0.40550 0.01800
v 0.50400 -0.40550 0.01800
v -0.30100 -0.40650 -0.08200
v -0.45300 -0.40650 -0.08200
v -0.29800 -0.40650 -0.08100
v -0.45600 -0.40650 -0.08000
v -0.29700 -0.40650 -0.07900
v -0.45700 -0.40650 -0.07900
v -0.29700 -0.40650 -0.02500
v -0.45700 -0.40650 -0.02500
v -0.29600 -0.40650 -0.02300
v -0.45700 -0.40650 -0.02300
v -0.29400 -0.40650 -0.02100
v -0.45900 -0.40650 -0.02100
v -0.46100 -0.40650 -0.02100
v -0.26600 -0.40650 -0.02000
v -0.26200 -0.40650 -0.01800
v -0.49100 -0.40650 -0.01800
v -0.26100 -0.40650 -0.01600
v -0.49200 -0.40650 -0.01600
v -0.26100 -0.40650 -0.01400
v -0.49200 -0.40650 -0.01400
v -0.26200 -0.40650 -0.01300
v -0.27000 -0.40650 -0.01300
v -0.48700 -0.40650 -0.01300
v -0.49100 -0.40650 -0.01300
v -0.26500 -0.40650 -0.01200
v -0.48700 -0.40650 -0.01200
v -0.49000 -0.40650 -0.01200
v -0.26600 -0.40650 -0.01100
v -0.26700 -0.40650 -0.01100
v -0.48800 -0.40650 -0.01100
v -0.48900 -0.40650 -0.01100
v -0.26900 -0.40650 -0.01000
v -0.25900 -0.40650 -0.00600
v -0.49400 -0.40650 -0.00600
v -0.25400 -0.40650 0.01400
v -0.50000 -0.40650 0.01400
v -0.25400 -0.40650 0.23900
v -0.50000 -0.40650 0.23900
v -0.25700 -0.40650 0.27400
v -0.49600 -0.40650 0.27400
v -0.26500 -0.40650 0.29100
v -0.26700 -0.40650 0.29100
v -0.48700 -0.40650 0.29100
v -0.48800 -0.40650 0.29100
v -0.48400 -0.40650 0.29200
v -0.25800 -0.40650 0.29500
v -0.49500 -0.40650 0.29500
v -0.49600 -0.40650 0.29700
v -0.25800 -0.40650 0.30200
v -0.49500 -0.40650 0.30200
v -0.26200 -0.40650 0.30400
v -0.26700 -0.40650 0.30600
v -0.48700 -0.40650 0.30600
v 0.06200 -0.41950 0.11800
v 0.05500 -0.41950 0.11800
v -0.05600 -0.41950 0.11800
v -0.06200 -0.41950 0.11800
v -0.05300 -0.42050 0.12000
v -0.05100 -0.42050 0.12300
v 0.06700 -0.42150 0.12600
v 0.05000 -0.42150 0.12600
v -0.06700 -0.42150 0.12600
v 0.06600 -0.42150 0.12900
v 0.05100 -0.42150 0.12900
v -0.05100 -0.42150 0.12900
v -0.06600 -0.42150 0.12900
v 0.06200 -0.42250 0.13300
v 0.05500 -0.42250 0.13300
v -0.06200 -0.42250 0.13300
v 0.05900 -0.42250 0.13400
v -0.05900 -0.42250 0.13400
v 0.51100 -0.42550 -0.02900
v 0.49700 -0.42550 -0.02400
v 0.49200 -0.42550 -0.01900
v 0.53400 -0.42550 -0.01200
v 0.53400 -0.42550 0.00200
v 0.49200 -0.42550 0.00900
v 0.51900 -0.42550 0.01800
v 0.50400 -0.42550 0.01800
v 0.07200 -0.42650 0.10600
v -0.07300 -0.42650 0.10600
v 0.07700 -0.42650 0.11200
v -0.07800 -0.42650 0.11200
v 0.06200 -0.42650 0.11800
v 0.05500 -0.42650 0.11800
v -0.05500 -0.42650 0.11800
v -0.06300 -0.42650 0.11800
v 0.06500 -0.42650 0.12000
v 0.05200 -0.42650 0.12000
v -0.06500 -0.42650 0.12000
v 0.07700 -0.42650 0.12500
v -0.07800 -0.42650 0.12500
v 0.07400 -0.42650 0.12900
v 0.06700 -0.42650 0.12900
v 0.05000 -0.42650 0.12900
v -0.05000 -0.42650 0.12900
v -0.06700 -0.42650 0.12900
v -0.07400 -0.42650 0.12900
v 0.07200 -0.42650 0.13100
v 0.06800 -0.42650 0.13100
v -0.06800 -0.42650 0.13100
v -0.07100 -0.42650 0.13100
v 0.04600 -0.42650 0.13300
v -0.04700 -0.42650 0.13300
v -0.05300 -0.42750 0.11900
v 0.57100 -0.42850 -0.06700
v 0.57100 -0.42850 0.32100
v 0.57700 -0.42950 -0.06700
v 0.57700 -0.42950 0.32100
v 0.09400 -0.43050 -0.06000
v -0.06800 -0.43050 -0.06000
v -0.07200 -0.43050 -0.06000
v 0.09600 -0.43050 -0.05900
v -0.06600 -0.43050 -0.05900
v -0.06600 -0.43050 -0.05800
v 0.06800 -0.43050 -0.05100
v -0.06600 -0.43050 -0.05100
v -0.07500 -0.43050 -0.05000
v 0.06700 -0.43050 -0.04900
v 0.05000 -0.43050 -0.04900
v -0.06400 -0.43050 -0.04900
v 0.09900 -0.43050 -0.04800
v 0.06600 -0.43050 -0.03000
v -0.03200 -0.43050 -0.03000
v -0.05200 -0.43050 -0.03000
v -0.06400 -0.43050 -0.03000
v 0.06800 -0.43050 -0.02800
v -0.05000 -0.43050 -0.02800
v -0.06600 -0.43050 -0.02800
v -0.07800 -0.43050 -0.02800
v -0.03500 -0.43050 -0.02700
v -0.05000 -0.43050 -0.02700
v -0.06700 -0.43050 -0.02700
v -0.07800 -0.43050 -0.02700
v 0.10400 -0.43050 -0.02600
v 0.06800 -0.43050 -0.02600
v 0.10300 -0.43050 -0.02500
v 0.07000 -0.43050 -0.02500
v 0.47200 -0.43050 0.17300
v 0.48100 -0.43050 0.17500
v 0.45600 -0.43050 0.18000
v 0.49300 -0.43050 0.18700
v 0.49500 -0.43050 0.19600
v 0.45000 -0.43050 0.19600
v 0.48800 -0.43050 0.21200
v 0.45600 -0.43050 0.21200
v 0.47200 -0.43050 0.21800
v 0.57100 -0.43150 -0.06700
v 0.06900 -0.43150 -0.06000
v 0.06800 -0.43150 -0.05900
v -0.07300 -0.43150 -0.05800
v -0.07400 -0.43150 -0.05100
v 0.06600 -0.43150 -0.03000
v 0.57100 -0.43150 0.32100
v 0.06900 -0.43250 -0.06000
v -0.06800 -0.43250 -0.06000
v 0.09600 -0.43250 -0.05900
v 0.06800 -0.43250 -0.04800
v -0.20000 -0.43350 -0.10800
v -0.18900 -0.43350 -0.10700
v -0.08800 -0.43350 -0.10400
v 0.31900 -0.43350 -0.10100
v -0.45100 -0.43350 -0.09600
v -0.45100 -0.43350 -0.08300
v -0.14800 -0.43350 -0.07900
v -0.13600 -0.43350 -0.07700
v 0.31900 -0.43350 -0.07500
v -0.08800 -0.43350 -0.07500
v 0.14800 -0.43350 -0.07300
v -0.20000 -0.43350 -0.07200
v -0.18900 -0.43350 -0.06900
v 0.56600 -0.43350 -0.06700
v 0.43600 -0.43350 -0.06700
v 0.09400 -0.43350 -0.06000
v -0.06800 -0.43350 -0.06000
v -0.07100 -0.43350 -0.06000
v 0.29700 -0.43350 -0.05900
v 0.06800 -0.43350 -0.05900
v 0.09600 -0.43350 -0.05800
v -0.06600 -0.43350 -0.05800
v 0.06800 -0.43350 -0.05000
v 0.09900 -0.43350 -0.04900
v 0.05100 -0.43350 -0.04900
v 0.05000 -0.43350 -0.04900
v -0.03200 -0.43350 -0.04900
v -0.03300 -0.43350 -0.04900
v -0.04900 -0.43350 -0.04900
v -0.07500 -0.43350 -0.04900
v 0.06800 -0.43350 -0.04800
v 0.05100 -0.43350 -0.04800
v -0.05000 -0.43350 -0.04800
v -0.06600 -0.43350 -0.04800
v 0.41800 -0.43350 -0.04300
v 0.14800 -0.43350 -0.03900
v -0.13600 -0.43350 -0.03900
v 0.05100 -0.43350 -0.03100
v 0.06800 -0.43350 -0.03000
v 0.05000 -0.43350 -0.03000
v -0.03200 -0.43350 -0.03000
v 0.29700 -0.43350 -0.02900
v 0.53100 -0.43350 -0.02800
v -0.03300 -0.43350 -0.02800
v -0.03400 -0.43350 -0.02800
v -0.05000 -0.43350 -0.02800
v -0.06600 -0.43350 -0.02800
v -0.07800 -0.43350 -0.02800
v -0.03500 -0.43350 -0.02700
v -0.04900 -0.43350 -0.02700
v -0.06800 -0.43350 -0.02700
v -0.07700 -0.43350 -0.02700
v 0.10400 -0.43350 -0.02600
v 0.06800 -0.43350 -0.02600
v 0.10300 -0.43350 -0.02500
v 0.06900 -0.43350 -0.02500
v 0.41800 -0.43350 -0.01600
v 0.53100 -0.43350 -0.00100
v 0.56600 -0.43350 0.32100
v 0.35600 -0.43350 0.32100
v 0.57600 -0.43450 -0.06700
v 0.57600 -0.43450 0.32100
v -0.30600 -0.43550 -0.08200
v 0.06200 -0.43650 -0.18200
v 0.05500 -0.43650 -0.18200
v -0.05600 -0.43650 -0.18200
v -0.06200 -0.43650 -0.18200
v -0.30400 -0.43650 -0.08100
v -0.45000 -0.43650 -0.08100
v -0.30300 -0.43650 -0.07900
v -0.45100 -0.43650 -0.07900
v -0.45100 -0.43650 -0.02500
v 0.06200 -0.43650 0.09800
v 0.05500 -0.43650 0.09800
v -0.05600 -0.43650 0.09800
v -0.06200 -0.43650 0.09800
v -0.30200 -0.43750 -0.02300
v -0.30200 -0.43750 -0.02200
v -0.45200 -0.43750 -0.02200
v -0.05300 -0.43850 -0.18200
v 0.53700 -0.43850 -0.04900
v 0.48500 -0.43850 -0.04900
v 0.53700 -0.43850 0.04100
v 0.48500 -0.43850 0.04100
v -0.05300 -0.43850 0.09800
v 0.56700 -0.43950 -0.06700
v 0.43600 -0.43950 -0.06700
v 0.56700 -0.43950 0.32100
v 0.35600 -0.43950 0.32100
v -0.05100 -0.44150 -0.18200
v -0.05100 -0.44150 0.09800
v 0.07700 -0.44250 -0.13700
v 0.04200 -0.44250 -0.13700
v -0.04000 -0.44250 -0.13700
v -0.07500 -0.44250 -0.13700
v 0.07700 -0.44250 -0.10200
v 0.04200 -0.44250 -0.10200
v -0.04000 -0.44250 -0.10200
v -0.07500 -0.44250 -0.10200
v 0.36900 -0.44250 0.01800
v 0.39200 -0.44250 0.05700
v 0.41400 -0.44250 0.09500
v 0.43600 -0.44250 0.13300
v 0.45800 -0.44250 0.17200
v 0.29500 -0.44350 -0.10300
v 0.33400 -0.44350 -0.09600
v 0.29100 -0.44350 -0.09500
v 0.33400 -0.44350 -0.07800
v 0.31200 -0.44350 -0.06300
v 0.06700 -0.44450 -0.18200
v 0.05000 -0.44450 -0.18200
v -0.06700 -0.44450 -0.18200
v 0.32100 -0.44450 -0.10900
v 0.30300 -0.44450 -0.10900
v 0.33600 -0.44450 -0.08700
v 0.32900 -0.44450 -0.07000
v 0.29500 -0.44450 -0.07000
v 0.37900 -0.44450 0.01300
v 0.36000 -0.44450 0.02400
v 0.40100 -0.44450 0.05100
v 0.38200 -0.44450 0.06200
v 0.42300 -0.44450 0.09000
v 0.06700 -0.44450 0.09800
v 0.05000 -0.44450 0.09800
v -0.06700 -0.44450 0.09800
v 0.40400 -0.44450 0.10100
v 0.44600 -0.44450 0.12800
v 0.42600 -0.44450 0.13900
v 0.46800 -0.44450 0.16600
v 0.44800 -0.44450 0.17700
v 0.51100 -0.44650 -0.02900
v 0.49700 -0.44650 -0.02400
v 0.49200 -0.44650 -0.01900
v 0.53400 -0.44650 -0.01200
v 0.53400 -0.44650 0.00200
v 0.49200 -0.44650 0.00900
v 0.51900 -0.44650 0.01800
v 0.50400 -0.44650 0.01800
v 0.06600 -0.44750 -0.18200
v 0.05100 -0.44750 -0.18200
v -0.05100 -0.44750 -0.18200
v -0.06600 -0.44750 -0.18200
v 0.32300 -0.44750 -0.06200
v 0.53700 -0.44750 -0.04900
v 0.48500 -0.44750 -0.04900
v 0.34500 -0.44750 -0.02400
v -0.47700 -0.44750 -0.02000
v -0.47600 -0.44750 -0.01300
v -0.27700 -0.44750 -0.01000
v 0.36700 -0.44750 0.01500
v 0.53700 -0.44750 0.04100
v 0.48500 -0.44750 0.04100
v 0.38900 -0.44750 0.05300
v 0.41200 -0.44750 0.09100
v 0.06600 -0.44750 0.09800
v 0.05100 -0.44750 0.09800
v -0.05100 -0.44750 0.09800
v -0.06600 -0.44750 0.09800
v -0.47700 -0.44750 0.29100
v -0.27800 -0.44750 0.29200
v -0.47600 -0.44750 0.29200
v -0.27600 -0.44850 -0.01300
v -0.47900 -0.44850 -0.01200
v -0.27400 -0.44850 -0.01100
v -0.27500 -0.44850 -0.01100
v 0.46200 -0.44850 0.15700
v 0.44300 -0.44850 0.16800
v 0.47400 -0.44850 0.17500
v 0.45400 -0.44850 0.18700
v 0.45400 -0.44850 0.18800
v -0.48000 -0.44850 0.28900
v -0.27400 -0.44850 0.29100
v -0.47800 -0.44850 0.29100
v -0.48000 -0.44850 0.29100
v -0.27500 -0.44850 0.30600
v -0.47800 -0.44850 0.30600
v -0.27300 -0.44950 -0.01900
v -0.48100 -0.44950 -0.01900
v -0.27100 -0.44950 -0.01300
v -0.48200 -0.44950 -0.01300
v -0.27200 -0.44950 -0.01200
v -0.48100 -0.44950 -0.01200
v 0.35900 -0.44950 0.01900
v 0.38100 -0.44950 0.05800
v 0.47500 -0.44950 0.17500
v 0.47400 -0.44950 0.17700
v 0.45300 -0.44950 0.18800
v 0.07500 -0.45050 -0.13700
v -0.04200 -0.45050 -0.13700
v -0.07300 -0.45050 -0.13700
v 0.07500 -0.45050 -0.10200
v -0.04200 -0.45050 -0.10200
v -0.07300 -0.45050 -0.10200
v 0.31600 -0.45050 -0.09600
v 0.30800 -0.45050 -0.09600
v 0.31900 -0.45050 -0.09400
v 0.30500 -0.45050 -0.09400
v 0.32200 -0.45050 -0.08700
v 0.30200 -0.45050 -0.08700
v 0.31900 -0.45050 -0.08000
v 0.30500 -0.45050 -0.08000
v 0.31200 -0.45050 -0.07700
v -0.48300 -0.45050 -0.01800
v -0.27000 -0.45050 -0.01700
v -0.48300 -0.45050 -0.01600
v -0.27000 -0.45050 -0.01500
v -0.27100 -0.45050 -0.01400
v 0.46300 -0.45050 0.15500
v 0.46100 -0.45050 0.15500
v 0.46400 -0.45050 0.15600
v 0.44200 -0.45050 0.16600
v 0.44200 -0.45050 0.16700
v 0.44100 -0.45050 0.16800
v 0.44200 -0.45050 0.16900
v 0.47500 -0.45050 0.17500
v 0.45300 -0.45050 0.18800
v -0.27000 -0.45050 0.30400
v 0.06200 -0.45150 -0.18200
v 0.05500 -0.45150 -0.18200
v -0.06200 -0.45150 -0.18200
v 0.32600 -0.45150 -0.08100
v 0.30600 -0.45150 -0.07100
v 0.30500 -0.45150 -0.06900
v 0.33700 -0.45150 -0.06100
v 0.31700 -0.45150 -0.05100
v 0.31600 -0.45150 -0.05000
v -0.26800 -0.45150 -0.00600
v -0.48500 -0.45150 -0.00600
v 0.52900 -0.45150 0.01100
v 0.43200 -0.45150 0.08500
v 0.06200 -0.45150 0.09800
v 0.05500 -0.45150 0.09800
v -0.06200 -0.45150 0.09800
v 0.45400 -0.45150 0.12300
v 0.41800 -0.45150 0.14400
v 0.44000 -0.45150 0.18200
v -0.26600 -0.45150 0.27400
v -0.48700 -0.45150 0.27400
v -0.26700 -0.45150 0.29500
v -0.48600 -0.45150 0.29500
v -0.26700 -0.45150 0.29700
v -0.48700 -0.45150 0.29700
v -0.48700 -0.45150 0.29900
v -0.26700 -0.45150 0.30200
v -0.48600 -0.45150 0.30200
v 0.05900 -0.45250 -0.18200
v -0.05900 -0.45250 -0.18200
v 0.32500 -0.45250 -0.08200
v 0.33800 -0.45250 -0.06300
v 0.31600 -0.45250 -0.04900
v 0.52600 -0.45250 0.01400
v 0.05900 -0.45250 0.09800
v -0.05900 -0.45250 0.09800
v 0.31200 -0.45350 -0.10400
v 0.32400 -0.45350 -0.09900
v 0.30000 -0.45350 -0.09900
v 0.32800 -0.45350 -0.09300
v 0.29600 -0.45350 -0.09300
v 0.32700 -0.45350 -0.08200
v 0.32400 -0.45350 -0.08200
v 0.32800 -0.45350 -0.08000
v 0.29600 -0.45350 -0.08000
v 0.32400 -0.45350 -0.07400
v 0.30000 -0.45350 -0.07400
v 0.31200 -0.45350 -0.06900
v 0.30400 -0.45350 -0.06900
v 0.33800 -0.45350 -0.06300
v 0.33700 -0.45350 -0.06000
v 0.31500 -0.45350 -0.05000
v 0.31800 -0.45350 -0.04900
v -0.26300 -0.45350 0.01400
v -0.49000 -0.45350 0.01400
v -0.26300 -0.45350 0.23900
v -0.49000 -0.45350 0.23900
v 0.33800 -0.45450 -0.07100
v 0.30800 -0.45450 -0.05400
v 0.36000 -0.45450 -0.03200
v 0.33000 -0.45450 -0.01500
v 0.38200 -0.45450 0.00600
v 0.35200 -0.45450 0.02300
v 0.40400 -0.45450 0.04400
v 0.37500 -0.45450 0.06200
v 0.42600 -0.45450 0.08300
v 0.06900 -0.45650 -0.13700
v 0.05000 -0.45650 -0.13700
v -0.04800 -0.45650 -0.13700
v -0.06700 -0.45650 -0.13700
v 0.06900 -0.45650 -0.10200
v 0.05000 -0.45650 -0.10200
v -0.04800 -0.45650 -0.10200
v -0.06700 -0.45650 -0.10200
v -0.32300 -0.45950 -0.08200
v -0.43000 -0.45950 -0.08200
v 0.39300 -0.46050 0.00500
v 0.34600 -0.46050 0.03200
v 0.41500 -0.46050 0.04300
v 0.36800 -0.46050 0.07000
v 0.43700 -0.46050 0.08200
v 0.39000 -0.46050 0.10900
v 0.45900 -0.46050 0.12000
v 0.41300 -0.46050 0.14700
v 0.48100 -0.46050 0.15800
v 0.43500 -0.46050 0.18500
v -0.32100 -0.46250 -0.08100
v -0.43300 -0.46250 -0.08100
v -0.32000 -0.46250 -0.07800
v -0.43300 -0.46250 -0.07800
v 0.09400 -0.46250 -0.06000
v 0.07000 -0.46250 -0.06000
v -0.06800 -0.46250 -0.06000
v -0.07100 -0.46250 -0.06000
v 0.09600 -0.46250 -0.05800
v 0.06800 -0.46250 -0.05800
v -0.06600 -0.46250 -0.05800
v -0.07300 -0.46250 -0.05800
v 0.06800 -0.46250 -0.05100
v 0.09900 -0.46250 -0.04900
v 0.05000 -0.46250 -0.04900
v -0.03200 -0.46250 -0.04900
v -0.04900 -0.46250 -0.04900
v -0.06600 -0.46250 -0.04900
v -0.07500 -0.46250 -0.04900
v 0.06800 -0.46250 -0.04800
v 0.05100 -0.46250 -0.04800
v -0.05000 -0.46250 -0.04800
v 0.36400 -0.46250 -0.03500
v 0.06800 -0.46250 -0.03100
v 0.05100 -0.46250 -0.03100
v 0.05000 -0.46250 -0.03000
v -0.03200 -0.46250 -0.03000
v 0.06800 -0.46250 -0.02900
v -0.03300 -0.46250 -0.02900
v -0.03300 -0.46250 -0.02800
v -0.05000 -0.46250 -0.02800
v -0.06600 -0.46250 -0.02800
v -0.07800 -0.46250 -0.02800
v -0.03500 -0.46250 -0.02700
v -0.04900 -0.46250 -0.02700
v -0.06800 -0.46250 -0.02700
v -0.07700 -0.46250 -0.02700
v 0.10400 -0.46250 -0.02600
v 0.06800 -0.46250 -0.02600
v 0.10300 -0.46250 -0.02500
v 0.07000 -0.46250 -0.02500
v -0.43300 -0.46250 -0.02500
v 0.38700 -0.46250 0.00300
v 0.40900 -0.46250 0.04200
v 0.37000 -0.46250 0.06400
v 0.43100 -0.46250 0.08000
v 0.39200 -0.46250 0.10300
v -0.03200 -0.46350 -0.04800
v -0.03400 -0.46350 -0.02800
v 0.10300 -0.46350 -0.02500
v -0.32000 -0.46350 -0.02300
v -0.43400 -0.46350 -0.02200
v 0.09400 -0.46450 -0.05800
v 0.07000 -0.46450 -0.05800
v 0.05000 -0.46450 -0.04800
v -0.03200 -0.46450 -0.04800
v 0.05000 -0.46450 -0.03100
v -0.03200 -0.46450 -0.03100
v 0.10300 -0.46450 -0.02600
v 0.07000 -0.46450 -0.02600
v -0.31800 -0.46550 -0.02100
v 0.34400 -0.47150 -0.07400
v 0.30200 -0.47150 -0.05000
v 0.36600 -0.47150 -0.03600
v 0.32400 -0.47150 -0.01200
v 0.39500 -0.47150 0.00400
v 0.52900 -0.47150 0.01100
v 0.34600 -0.47150 0.02700
v 0.34400 -0.47150 0.03300
v 0.41700 -0.47150 0.04200
v 0.36800 -0.47150 0.06500
v 0.36600 -0.47150 0.07100
v 0.43900 -0.47150 0.08100
v 0.38800 -0.47150 0.11000
v 0.46100 -0.47150 0.11900
v 0.41100 -0.47150 0.14800
v 0.48300 -0.47150 0.15700
v 0.43300 -0.47150 0.18600
v 0.52600 -0.47350 0.01300
v -0.34800 -0.47650 -0.08200
v -0.40600 -0.47750 -0.08200
v -0.40700 -0.47950 -0.08100
v -0.34600 -0.47950 -0.08000
v -0.34600 -0.48050 -0.07900
v -0.40700 -0.48050 -0.07800
v 0.36400 -0.48050 -0.03500
v -0.34600 -0.48050 -0.02500
v -0.40700 -0.48050 -0.02500
v -0.34600 -0.48050 -0.02300
v -0.40800 -0.48050 -0.02300
v 0.38700 -0.48050 0.00300
v 0.40900 -0.48050 0.04200
v 0.37000 -0.48050 0.06400
v 0.43100 -0.48050 0.08000
v 0.39200 -0.48050 0.10300
v 0.51100 -0.48150 -0.01500
v 0.51800 -0.48150 -0.01200
v 0.50400 -0.48150 -0.01200
v 0.52100 -0.48150 -0.00500
v 0.50100 -0.48150 -0.00500
v 0.51800 -0.48150 0.00200
v 0.50400 -0.48150 0.00200
v 0.51100 -0.48150 0.00500
v -0.30100 -0.48150 0.29200
v -0.45200 -0.48150 0.29200
v -0.37700 -0.48250 -0.08200
v -0.34500 -0.48250 -0.02100
v -0.40800 -0.48250 -0.02100
v -0.30100 -0.48250 -0.01000
v -0.45300 -0.48250 -0.01000
v 0.39300 -0.48250 0.00500
v 0.34600 -0.48250 0.03200
v 0.41500 -0.48250 0.04300
v 0.36800 -0.48250 0.07000
v 0.43700 -0.48250 0.08200
v 0.39000 -0.48250 0.10900
v -0.30000 -0.48350 -0.01300
v -0.45400 -0.48350 -0.01300
v -0.29900 -0.48350 0.29100
v -0.30000 -0.48350 0.29100
v -0.45400 -0.48350 0.29100
v -0.29900 -0.48350 0.30600
v -0.45400 -0.48350 0.30600
v -0.37700 -0.48450 -0.08200
v -0.34400 -0.48450 -0.02100
v -0.40900 -0.48450 -0.02100
v -0.29800 -0.48450 -0.02000
v -0.45500 -0.48450 -0.02000
v -0.45500 -0.48450 -0.01200
v -0.37700 -0.48550 -0.08000
v -0.45600 -0.48550 -0.01900
v -0.29700 -0.48550 -0.01100
v -0.29800 -0.48550 0.28900
v -0.45600 -0.48550 0.28900
v -0.29800 -0.48550 0.29100
v -0.45500 -0.48550 0.29100
v -0.37700 -0.48650 -0.07800
v -0.37700 -0.48650 -0.02500
v -0.29600 -0.48650 -0.01300
v -0.45700 -0.48650 -0.01300
v -0.29700 -0.48650 -0.01200
v -0.45700 -0.48650 -0.01200
v -0.37700 -0.48750 -0.02200
v -0.29600 -0.48750 -0.01800
v -0.45800 -0.48750 -0.01800
v -0.29500 -0.48750 -0.01600
v -0.45800 -0.48750 -0.01400
v -0.29600 -0.48750 -0.01300
v 0.33800 -0.48850 -0.07100
v 0.30800 -0.48850 -0.05400
v 0.36000 -0.48850 -0.03200
v 0.33000 -0.48850 -0.01500
v 0.38200 -0.48850 0.00600
v 0.35200 -0.48850 0.02300
v 0.40400 -0.48850 0.04400
v 0.37500 -0.48850 0.06200
v 0.42600 -0.48850 0.08300
v 0.39700 -0.48850 0.10000
v 0.32600 -0.48950 -0.08200
v 0.32400 -0.48950 -0.08200
v 0.30500 -0.48950 -0.07100
v 0.30400 -0.48950 -0.07000
v 0.31500 -0.48950 -0.05000
v 0.31700 -0.48950 -0.04900
v -0.37700 -0.48950 -0.02100
v -0.29400 -0.48950 -0.00600
v -0.46000 -0.48950 -0.00600
v -0.29300 -0.48950 0.29500
v -0.46000 -0.48950 0.29500
v -0.29300 -0.48950 0.30200
v -0.46000 -0.48950 0.30200
v 0.32500 -0.49050 -0.08200
v 0.32600 -0.49050 -0.08100
v 0.30500 -0.49050 -0.07000
v 0.30500 -0.49050 -0.06900
v 0.33800 -0.49050 -0.06300
v 0.33700 -0.49050 -0.06100
v 0.33700 -0.49050 -0.06000
v 0.31600 -0.49050 -0.05000
v -0.29200 -0.49050 0.27400
v -0.46100 -0.49050 0.27400
v -0.29200 -0.49050 0.29700
v -0.46100 -0.49050 0.29700
v -0.29200 -0.49050 0.29900
v -0.46100 -0.49050 0.29900
v 0.32100 -0.49150 -0.10900
v 0.30300 -0.49150 -0.10900
v 0.29500 -0.49150 -0.10300
v 0.29000 -0.49150 -0.09600
v 0.33600 -0.49150 -0.08700
v 0.33400 -0.49150 -0.07700
v 0.32900 -0.49150 -0.07000
v 0.30600 -0.49150 -0.07000
v 0.31200 -0.49150 -0.06300
v 0.33600 -0.49150 -0.06200
v 0.31700 -0.49150 -0.05100
v 0.33400 -0.49250 -0.09600
v 0.29500 -0.49250 -0.07000
v 0.38700 -0.49250 0.00800
v 0.35200 -0.49250 0.02900
v 0.40900 -0.49250 0.04600
v 0.37400 -0.49250 0.06700
v 0.43200 -0.49250 0.08500
v 0.39600 -0.49250 0.10500
v 0.45400 -0.49250 0.12300
v 0.41800 -0.49250 0.14400
v 0.47600 -0.49250 0.16200
v 0.44000 -0.49250 0.18200
v -0.29000 -0.49350 0.01400
v -0.46400 -0.49350 0.01400
v 0.39700 -0.49350 0.04800
v 0.38100 -0.49350 0.05800
v 0.42000 -0.49350 0.08700
v 0.40400 -0.49350 0.09600
v -0.29000 -0.49350 0.23900
v -0.46400 -0.49350 0.23900
v 0.32300 -0.49550 -0.06200
v 0.34500 -0.49550 -0.02400
v 0.36700 -0.49550 0.01500
v 0.38900 -0.49550 0.05300
v 0.41200 -0.49550 0.09100
v 0.46100 -0.49550 0.15500
v 0.46400 -0.49550 0.15600
v 0.44200 -0.49550 0.16600
v 0.44200 -0.49550 0.16900
v 0.47500 -0.49550 0.17500
v 0.47400 -0.49550 0.17700
v 0.45500 -0.49550 0.18800
v 0.45300 -0.49550 0.18800
v 0.46100 -0.49650 0.15500
v 0.46300 -0.49650 0.15600
v 0.44200 -0.49650 0.16600
v 0.44200 -0.49650 0.16800
v 0.47400 -0.49650 0.17700
v 0.45500 -0.49650 0.18800
v 0.45300 -0.49650 0.18800
v 0.47300 -0.49750 0.17600
v 0.37900 -0.49850 0.01300
v 0.36000 -0.49850 0.02400
v 0.40100 -0.49850 0.05100
v 0.38200 -0.49850 0.06200
v 0.42300 -0.49850 0.09000
v 0.40400 -0.49850 0.10100
v 0.44600 -0.49850 0.12800
v 0.42600 -0.49850 0.13900
v 0.46800 -0.49850 0.16600
v 0.44800 -0.49850 0.17700
v 0.36900 -0.50050 0.01800
v 0.39200 -0.50050 0.05700
v 0.41400 -0.50050 0.09500
v -0.33600 -0.50450 0.29200
v -0.41800 -0.50450 0.29200
v -0.33500 -0.50550 -0.01000
v -0.41800 -0.50550 -0.01000
v -0.33500 -0.50650 -0.01300
v -0.33500 -0.50650 0.29100
v -0.41800 -0.50650 0.29100
v -0.41900 -0.50750 -0.01100
v -0.33500 -0.50750 0.29100
v -0.41900 -0.50750 0.29100
v -0.33500 -0.50750 0.30600
v -0.41900 -0.50750 0.30600
v 0.31600 -0.50850 -0.09600
v 0.30800 -0.50850 -0.09600
v 0.31900 -0.50850 -0.09400
v 0.30500 -0.50850 -0.09400
v 0.32200 -0.50850 -0.08700
v 0.30200 -0.50850 -0.08700
v 0.31900 -0.50850 -0.08000
v 0.30500 -0.50850 -0.08000
v 0.31200 -0.50850 -0.07700
v -0.33400 -0.50850 -0.02000
v -0.41900 -0.50850 -0.02000
v -0.33400 -0.50850 -0.01100
v -0.41900 -0.50850 -0.01100
v -0.41900 -0.50950 -0.01200
v -0.42000 -0.50950 -0.01100
v 0.47200 -0.50950 0.18600
v 0.47900 -0.50950 0.18900
v 0.46500 -0.50950 0.18900
v 0.46300 -0.50950 0.19200
v 0.48200 -0.50950 0.19600
v 0.46300 -0.50950 0.19900
v 0.47900 -0.50950 0.20300
v 0.46500 -0.50950 0.20300
v 0.47600 -0.50950 0.20500
v 0.46900 -0.50950 0.20500
v -0.33400 -0.50950 0.28900
v -0.42000 -0.50950 0.28900
v -0.33400 -0.50950 0.29100
v -0.41900 -0.50950 0.29100
v -0.33300 -0.51150 -0.01300
v -0.33300 -0.51250 -0.01800
v -0.42100 -0.51250 -0.01800
v -0.33300 -0.51250 -0.01600
v -0.33300 -0.51250 -0.01400
v -0.42100 -0.51250 -0.01400
v -0.37700 -0.51350 -0.01000
v -0.37700 -0.51350 0.29200
v -0.33200 -0.51450 -0.00600
v -0.42200 -0.51450 -0.00600
v -0.33200 -0.51450 0.30300
v -0.37700 -0.51550 -0.01300
v -0.37700 -0.51550 0.29100
v -0.33100 -0.51550 0.29500
v -0.42200 -0.51550 0.29500
v -0.33100 -0.51550 0.30200
v -0.42200 -0.51550 0.30200
v -0.33100 -0.51650 0.27400
v -0.42300 -0.51650 0.27400
v -0.33100 -0.51650 0.29700
v -0.42200 -0.51650 0.29700
v -0.33100 -0.51650 0.29900
v -0.37700 -0.51650 0.30600
v -0.37700 -0.51750 -0.02000
v -0.37700 -0.51750 -0.01200
v -0.37700 -0.51750 -0.01100
v -0.37700 -0.51750 0.29000
v -0.37700 -0.51750 0.29100
v -0.37700 -0.51950 -0.01900
v -0.33000 -0.51950 0.01400
v -0.42400 -0.51950 0.01400
v -0.33000 -0.51950 0.23900
v -0.42400 -0.51950 0.23900
v -0.37700 -0.52050 -0.01800
v -0.37700 -0.52150 -0.01600
v -0.37700 -0.52150 -0.01400
v -0.37700 -0.52350 -0.00600
v -0.37700 -0.52350 0.30300
v -0.37700 -0.52450 0.29500
v -0.37700 -0.52450 0.30200
v -0.37700 -0.52550 0.27400
v -0.37700 -0.52550 0.29700
v -0.37700 -0.52950 0.01400
v -0.37700 -0.52950 0.23900
l 1905 1909
l 1906 1910
l 1907 1911
l 1908 1912
l 1909 1913
l 1910 1913
l 1913 1914
l 1913 1915
l 1914 1916
l 1914 1918
l 1915 1917
l 1915 1919
l 2178 2180
l 2178 2181
l 2179 2182
l 2181 2183
l 2182 2185
l 2183 2186
l 2185 2188
l 2186 2189
l 2188 2190
l 2189 2191
l 2190 2194
l 2191 2195
l 2194 2197
l 2195 2198
l 2197 2200
l 2198 2201
l 2200 2204
l 2201 2205
l 2204 2207
l 2205 2208
l 2207 2210
l 2208 2212
l 2210 2214
l 2212 2215
l 2214 2218
l 2218 2222
l 2219 2223
l 2222 2225
l 2223 2226
l 2225 2228
l 2226 2230
l 2228 2232
l 2230 2233
l 2233 2237
l 2236 2240
l 2237 2241
l 2241 2245
l 2244 2248
l 2245 2249
l 2248 2252
l 2252 2255
l 2253 2257
l 2257 2260
l 2259 2262
l 2260 2264
l 2262 2266
l 2264 2268
l 2266 2270
l 2268 2271
l 2270 2274
l 2271 2275
l 2274 2278
l 2275 2279
l 2278 2282
l 2279 2283
l 2282 2286
l 2283 2287
l 2286 2290
l 2287 2291
l 2290 2294
l 2291 2295
l 2294 2298
l 2295 2299
l 2298 2302
l 2299 2303
l 2302 2306
l 2303 2307
l 2306 2309
l 2307 2311
l 2309 2313
l 2311 2315
l 2313 2317
l 2315 2319
l 2317 2321
l 2319 2322
l 2321 2324
l 2322 2326
l 2324 2328
l 2326 2330
l 2328 2332
l 2330 2333
l 2332 2336
l 2333 2337
l 2336 2340
l 2337 2341
l 2340 2344
l 2344 2348
l 2345 2349
l 2349 2353
l 2352 2356
l 2353 2357
l 2356 2360
l 2357 2361
l 2361 2365
l 2364 2367
l 2365 2369
l 2367 2371
l 2371 2375
l 2373 2377
l 2375 2379
l 2377 2380
l 2379 2382
l 2380 2384
l 2386 2390
l 2387 2391
l 2390 2394
l 2391 2395
l 2394 2398
l 2395 2399
l 2398 2402
l 2402 2406
l 2403 2407
l 2407 2411
l 2409 2413
l 2411 2414
l 2413 2416
l 2414 2417
l 2416 2420
l 2417 2421
l 2420 2424
l 2421 2425
l 2424 2428
l 2425 2429
l 2428 2431
l 2429 2432
l 2431 2434
l 2434 2438
l 2435 2439
l 2438 2441
l 2442 2445
l 2444 2448
l 2445 2449
l 2448 2450
l 2449 2451
l 2450 2453
l 2451 2454
l 2453 2456
l 2454 2457
l 2456 2458
l 2457 2459
l 2458 2460
l 2459 2461
l 2566 3311
l 2589 3338
l 2606 3355
l 2609 3355
l 2742 3507
l 2743 3508
l 2755 3522
l 2777 3547
l 2793 3567
l 2842 3621
l 2914 3754
l 2915 3755
l 2916 3756
l 2961 3522
l 3016 3655
l 3122 3841
l 3198 3943
l 3200 3945
l 3203 3948
l 3311 4098
l 3338 4154
l 3355 4176
l 3358 4176
l 3507 4430
l 3508 4431
l 3522 4461
l 3547 4493
l 3567 4533
l 3621 4615
l 3655 4047
l 3655 4052
l 3733 4240
l 3754 4272
l 3755 4273
l 3756 4274
l 3807 4401
l 3832 4461
l 3841 4502
l 4819 4821
l 4819 4822
l 4820 4824
l 4822 4823
l 4823 4826
l 4824 4825
l 4825 4830
l 4826 4829
l 4829 4832
l 4830 4831
l 4831 4836
l 4832 4835
l 4835 4838
l 4836 4837
l 4837 4842
l 4838 4841
l 4841 4846
l 4842 4845
l 4845 4850
l 4846 4847
l 4847 4851
l 4850 4852
l 4851 4855
l 4852 4856
l 4856 4860
l 4859 4863
l 4860 4864
l 4863 4865
l 4864 4868
l 4865 4869
l 4869 4872
l 4872 4876
l 4873 4877
l 4877 4881
l 4880 4884
l 4881 4885
l 4884 4888
l 4888 4892
l 4889 4893
l 4893 4896
l 4896 4900
l 4897 4901
l 4900 4903
l 4901 4905
l 4903 4906
l 4905 4909
l 4909 4913
l 4910 4914
l 4913 4917
l 4914 4918
l 4917 4921
l 4918 4922
l 4922 4926
l 4925 4929
l 4926 4930
l 4929 4933
l 4930 4934
l 4933 4937
l 4934 4938
l 4937 4941
l 4938 4942
l 4941 4945
l 4942 4946
l 4945 4949
l 4946 4950
l 4949 4952
l 4950 4954
l 4952 4955
l 4954 4958
l 4955 4959
l 4958 4962
l 4959 4963
l 4962 4965
l 4963 4967
l 4965 4968
l 4967 4971
l 4968 4972
l 4971 4975
l 4972 4976
l 4975 4979
l 4976 4980
l 4979 4983
l 4980 4984
l 4984 4988
l 4987 4991
l 4991 4995
l 4992 4996
l 4995 4999
l 4996 5000
l 4999 5003
l 5000 5004
l 5003 5007
l 5004 5008
l 5007 5011
l 5008 5012
l 5011 5014
l 5012 5016
l 5014 5017
l 5016 5020
l 5017 5021
l 5020 5022
l 5021 5025
l 5025 5029
l 5026 5030
l 5029 5033
l 5030 5034
l 5037 5041
l 5038 5042
l 5041 5045
l 5042 5046
l 5046 5050
l 5049 5051
l 5050 5054
l 5051 5055
l 5055 5059
l 5056 5060
l 5059 5063
l 5060 5064
l 5063 5067
l 5064 5068
l 5067 5069
l 5068 5072
l 5069 5074
l 5072 5073
l 5073 5078
l 5074 5077
l 5078 5082
l 5081 5083
l 5083 5088
l 5084 5087
l 5087 5090
l 5088 5089
l 5089 5094
l 5090 5093
l 5093 5096
l 5094 5095
l 5095 5098
l 5096 5097
l 5097 5099
l 5098 5100
l 5099 5100
l 7314 7473
l 7316 7474
l 7323 7482
l 7325 7469
l 7372 7373
l 7383 7583
l 7388 7583
l 7390 7589
l 7391 7589
l 7396 7616
l 7399 7595
l 7404 7599
l 7407 7602
l 7414 7608
l 7469 7762
l 7473 7768
l 7474 7771
l 7546 7559
l 7546 7908
l 7547 7558
l 7547 7909
l 7558 7914
l 7559 7915
l 7669 7874
l 7670 7875
l 7671 7876
l 7702 7833
l 7708 7840
l 7771 8085
l 7908 7915
l 7909 7914
l 7922 8215
l 7928 8221
l 7939 8226
l 7944 8232
l 7944 8236
l 7952 8240
l 7955 8243
l 7957 8245
l 8078 8329
l 8085 8348
l 8134 8275
l 8329 8465
l 1 2
l 2 3
l 4 5
l 5 6
l 7 8
l 8 9
l 10 11
l 11 12
l 12 13
l 14 15
l 15 16
l 16 17
l 17 18
l 19 20
l 20 21
l 21 22
l 22 24
l 23 25
l 24 26
l 25 27
l 26 28
l 27 29
l 30 31
l 30 32
l 31 33
l 32 34
l 33 35
l 34 36
l 35 37
l 36 38
l 36 158
l 37 39
l 38 40
l 38 160
l 39 41
l 40 42
l 41 43
l 42 44
l 43 45
l 44 46
l 45 47
l 46 48
l 47 49
l 48 50
l 49 51
l 50 52
l 51 53
l 52 54
l 53 55
l 54 56
l 55 57
l 56 58
l 57 59
l 58 60
l 59 61
l 60 62
l 61 63
l 62 64
l 63 65
l 64 66
l 65 68
l 66 67
l 67 70
l 68 69
l 69 71
l 70 72
l 71 73
l 72 74
l 73 75
l 74 76
l 75 77
l 76 78
l 77 79
l 78 80
l 79 81
l 80 82
l 80 202
l 81 83
l 82 84
l 82 204
l 83 85
l 84 86
l 85 88
l 86 87
l 87 90
l 88 89
l 89 91
l 90 92
l 91 93
l 92 94
l 93 96
l 94 95
l 95 98
l 96 97
l 96 213
l 97 99
l 97 215
l 98 100
l 99 101
l 100 102
l 101 103
l 102 104
l 103 105
l 104 106
l 105 107
l 106 108
l 107 109
l 108 110
l 109 111
l 110 112
l 111 113
l 112 114
l 113 115
l 114 116
l 115 117
l 116 118
l 117 119
l 118 120
l 119 121
l 120 122
l 121 123
l 122 124
l 123 125
l 124 126
l 125 127
l 126 128
l 127 129
l 128 130
l 129 131
l 130 132
l 131 133
l 132 134
l 133 135
l 134 136
l 135 137
l 136 138
l 137 139
l 138 140
l 139 141
l 140 142
l 141 143
l 142 144
l 143 145
l 144 146
l 145 147
l 146 148
l 147 149
l 148 149
l 150 151
l 150 152
l 151 153
l 152 154
l 153 155
l 154 156
l 155 157
l 156 158
l 157 159
l 158 160
l 159 161
l 160 162
l 161 163
l 162 164
l 163 165
l 164 166
l 165 167
l 166 168
l 167 169
l 168 170
l 169 171
l 170 172
l 171 173
l 172 174
l 173 175
l 174 176
l 175 177
l 176 178
l 177 179
l 178 180
l 179 181
l 180 182
l 181 183
l 182 184
l 183 185
l 184 186
l 185 187
l 186 188
l 187 189
l 188 190
l 189 191
l 190 192
l 191 193
l 192 194
l 193 195
l 194 196
l 195 197
l 196 198
l 197 199
l 198 200
l 199 201
l 200 202
l 201 203
l 202 204
l 203 205
l 204 206
l 205 207
l 206 208
l 207 209
l 208 210
l 209 211
l 210 212
l 211 213
l 212 214
l 213 215
l 214 216
l 215 217
l 216 218
l 217 219
l 218 220
l 219 221
l 220 222
l 221 223
l 222 224
l 223 225
l 224 226
l 225 227
l 226 228
l 227 229
l 228 230
l 229 231
l 230 232
l 231 233
l 232 234
l 233 235
l 234 236
l 235 237
l 236 238
l 237 239
l 238 240
l 239 241
l 240 242
l 241 243
l 242 244
l 243 245
l 244 246
l 245 247
l 246 248
l 247 249
l 248 250
l 249 251
l 250 252
l 251 253
l 252 254
l 253 255
l 254 256
l 255 257
l 256 258
l 257 259
l 258 260
l 259 261
l 260 262
l 261 263
l 262 264
l 263 265
l 264 266
l 265 267
l 266 268
l 267 269
l 268 269
l 270 271
l 270 272
l 271 273
l 272 274
l 273 275
l 274 276
l 275 277
l 276 278
l 277 279
l 278 280
l 279 281
l 280 282
l 281 283
l 282 284
l 283 285
l 284 286
l 284 390
l 285 287
l 286 288
l 287 289
l 288 290
l 289 291
l 290 292
l 291 293
l 292 294
l 293 295
l 294 296
l 295 297
l 296 298
l 297 299
l 298 300
l 299 301
l 300 302
l 301 303
l 302 304
l 302 392
l 303 305
l 304 306
l 305 307
l 306 308
l 307 309
l 308 310
l 309 311
l 310 312
l 311 313
l 312 314
l 313 315
l 314 316
l 314 393
l 315 317
l 316 318
l 317 319
l 318 320
l 319 321
l 320 322
l 321 323
l 322 324
l 323 325
l 324 326
l 325 327
l 326 328
l 327 329
l 328 330
l 329 331
l 330 332
l 331 333
l 332 334
l 333 335
l 334 336
l 335 337
l 336 338
l 337 339
l 338 340
l 339 341
l 340 342
l 341 343
l 342 344
l 343 345
l 344 346
l 345 347
l 346 348
l 347 349
l 348 350
l 349 351
l 350 352
l 351 353
l 352 354
l 353 355
l 354 356
l 355 357
l 356 358
l 356 399
l 357 359
l 358 360
l 359 361
l 359 398
l 360 362
l 361 363
l 361 400
l 362 364
l 363 365
l 364 366
l 365 367
l 366 368
l 367 369
l 368 370
l 369 371
l 370 372
l 371 373
l 372 374
l 373 375
l 374 376
l 375 377
l 376 378
l 377 379
l 378 380
l 379 381
l 380 382
l 381 383
l 382 384
l 383 385
l 384 386
l 385 387
l 386 388
l 387 389
l 388 389
l 391 392
l 394 395
l 394 466
l 396 397
l 398 400
l 399 493
l 401 402
l 403 404
l 403 405
l 404 406
l 405 407
l 406 408
l 407 409
l 408 410
l 409 411
l 410 412
l 411 413
l 412 414
l 413 415
l 414 416
l 415 417
l 416 418
l 417 419
l 418 420
l 419 421
l 420 422
l 421 423
l 422 424
l 423 425
l 424 426
l 425 427
l 426 428
l 427 429
l 428 430
l 429 431
l 430 432
l 431 433
l 432 434
l 433 435
l 434 436
l 435 437
l 436 438
l 437 439
l 438 440
l 439 441
l 440 442
l 441 443
l 442 444
l 443 445
l 444 446
l 445 447
l 446 448
l 447 449
l 448 450
l 449 451
l 450 452
l 451 453
l 452 454
l 453 455
l 454 456
l 455 457
l 456 458
l 457 459
l 458 460
l 459 461
l 460 462
l 461 463
l 462 464
l 463 465
l 464 466
l 465 467
l 466 468
l 467 469
l 468 470
l 469 471
l 470 472
l 471 473
l 472 474
l 473 475
l 474 476
l 475 477
l 476 478
l 477 479
l 478 480
l 479 481
l 480 482
l 481 483
l 482 484
l 483 485
l 484 486
l 485 487
l 486 488
l 487 489
l 488 490
l 489 491
l 490 492
l 491 493
l 492 494
l 493 495
l 494 496
l 495 497
l 496 498
l 497 499
l 498 500
l 499 501
l 500 502
l 501 503
l 502 504
l 503 505
l 504 506
l 505 507
l 506 508
l 507 509
l 508 510
l 509 511
l 510 512
l 511 513
l 512 514
l 513 515
l 514 516
l 515 517
l 516 518
l 517 519
l 518 520
l 519 521
l 520 522
l 521 522
l 523 524
l 523 526
l 524 527
l 525 528
l 525 529
l 526 530
l 527 533
l 528 531
l 529 532
l 530 534
l 531 535
l 532 536
l 533 537
l 534 538
l 535 539
l 536 540
l 537 541
l 538 542
l 539 543
l 540 544
l 541 545
l 542 546
l 543 547
l 544 548
l 545 549
l 546 550
l 547 551
l 548 552
l 549 553
l 550 554
l 551 555
l 552 556
l 553 557
l 554 558
l 555 559
l 556 560
l 557 561
l 558 562
l 559 563
l 560 564
l 561 565
l 562 566
l 563 568
l 564 567
l 565 569
l 566 570
l 567 572
l 568 571
l 569 573
l 570 574
l 571 575
l 572 576
l 573 577
l 574 578
l 575 579
l 576 580
l 577 581
l 578 582
l 579 583
l 580 584
l 581 585
l 582 586
l 583 587
l 584 588
l 585 589
l 586 590
l 587 591
l 588 592
l 589 593
l 590 594
l 591 595
l 592 596
l 593 597
l 594 598
l 595 599
l 596 600
l 597 601
l 598 604
l 599 602
l 600 603
l 601 605
l 602 608
l 603 606
l 604 607
l 605 609
l 606 611
l 607 612
l 608 610
l 609 613
l 610 615
l 611 616
l 611 809
l 612 614
l 613 617
l 614 618
l 615 619
l 616 620
l 617 621
l 618 622
l 619 623
l 620 624
l 621 625
l 622 628
l 623 626
l 624 627
l 625 629
l 626 631
l 627 632
l 628 630
l 629 633
l 630 636
l 631 634
l 632 635
l 633 637
l 634 638
l 635 639
l 636 640
l 637 641
l 638 642
l 639 643
l 640 644
l 641 645
l 642 646
l 643 647
l 644 648
l 645 649
l 646 650
l 647 651
l 648 652
l 649 653
l 650 654
l 651 655
l 652 656
l 653 659
l 654 657
l 655 658
l 656 660
l 657 661
l 658 662
l 659 663
l 660 664
l 661 665
l 662 666
l 663 667
l 664 668
l 665 671
l 666 669
l 667 670
l 668 672
l 669 675
l 669 839
l 670 673
l 671 674
l 671 834
l 672 676
l 673 677
l 674 678
l 675 679
l 676 680
l 677 683
l 678 681
l 679 682
l 680 684
l 681 685
l 682 686
l 683 687
l 684 688
l 685 689
l 686 690
l 687 691
l 688 692
l 689 693
l 690 694
l 691 695
l 692 696
l 693 697
l 694 698
l 695 699
l 696 700
l 697 701
l 698 702
l 699 703
l 700 704
l 701 705
l 702 706
l 703 707
l 704 708
l 705 709
l 706 710
l 707 711
l 708 712
l 709 713
l 710 714
l 711 715
l 712 716
l 713 717
l 714 718
l 715 719
l 716 720
l 717 721
l 718 722
l 719 723
l 720 724
l 721 725
l 722 726
l 723 727
l 724 728
l 725 729
l 726 730
l 727 731
l 728 732
l 729 733
l 730 734
l 731 735
l 732 736
l 733 737
l 734 738
l 735 739
l 736 740
l 737 741
l 738 742
l 739 743
l 740 744
l 741 745
l 742 746
l 743 747
l 744 748
l 745 749
l 746 750
l 747 751
l 748 752
l 749 753
l 750 754
l 751 755
l 752 758
l 753 756
l 754 757
l 755 760
l 756 759
l 757 759
l 758 761
l 760 762
l 761 762
l 763 764
l 763 765
l 764 766
l 765 767
l 766 768
l 767 769
l 768 770
l 769 771
l 770 772
l 771 773
l 772 774
l 773 775
l 774 776
l 775 777
l 776 778
l 777 779
l 778 780
l 779 781
l 780 782
l 781 783
l 782 784
l 783 785
l 784 786
l 785 787
l 786 788
l 787 789
l 788 790
l 789 791
l 790 792
l 791 793
l 792 794
l 793 795
l 794 796
l 795 797
l 796 798
l 797 799
l 798 800
l 799 801
l 800 802
l 801 803
l 802 804
l 803 805
l 804 806
l 805 807
l 806 808
l 807 809
l 808 810
l 809 811
l 810 812
l 811 813
l 812 814
l 813 815
l 814 816
l 815 817
l 816 818
l 817 819
l 818 820
l 819 821
l 820 822
l 821 823
l 822 824
l 823 825
l 824 826
l 825 827
l 826 828
l 827 829
l 828 830
l 829 831
l 830 832
l 831 833
l 832 834
l 833 835
l 834 836
l 835 837
l 836 838
l 837 839
l 838 840
l 839 841
l 840 842
l 841 843
l 842 844
l 843 845
l 844 846
l 845 847
l 846 848
l 847 849
l 848 850
l 849 851
l 850 852
l 851 853
l 852 854
l 853 855
l 854 856
l 855 857
l 856 858
l 857 859
l 858 860
l 859 861
l 860 862
l 861 863
l 862 864
l 863 865
l 864 866
l 865 867
l 866 868
l 867 869
l 868 870
l 869 871
l 870 872
l 871 873
l 872 874
l 873 875
l 874 876
l 875 877
l 876 878
l 877 879
l 878 880
l 879 881
l 880 882
l 881 882
l 883 885
l 884 886
l 886 888
l 887 889
l 889 891
l 890 892
l 892 893
l 893 895
l 894 896
l 894 997
l 895 897
l 896 898
l 897 899
l 898 900
l 899 901
l 900 902
l 901 903
l 902 904
l 903 905
l 904 906
l 905 907
l 906 908
l 907 909
l 908 910
l 909 911
l 910 912
l 911 913
l 912 914
l 913 915
l 914 916
l 915 917
l 916 918
l 918 919
l 919 921
l 920 922
l 921 923
l 922 924
l 923 925
l 924 926
l 925 927
l 927 928
l 928 930
l 929 931
l 929 1015
l 930 932
l 931 933
l 934 936
l 935 937
l 936 938
l 937 939
l 939 941
l 940 942
l 943 945
l 944 946
l 945 947
l 946 948
l 949 950
l 950 952
l 951 953
l 951 1024
l 952 954
l 953 955
l 954 956
l 956 958
l 957 959
l 958 960
l 959 961
l 960 962
l 961 963
l 962 964
l 963 965
l 964 966
l 965 967
l 966 968
l 967 969
l 968 970
l 969 971
l 970 972
l 971 973
l 972 974
l 973 975
l 974 976
l 976 978
l 977 979
l 977 1033
l 979 981
l 980 982
l 983 984
l 984 986
l 985 987
l 985 1035
l 987 989
l 988 990
l 990 992
l 991 992
l 993 995
l 994 1046
l 995 996
l 998 999
l 999 1001
l 1000 1002
l 1000 1051
l 1001 1003
l 1002 1004
l 1003 1005
l 1004 1006
l 1006 1057
l 1007 1008
l 1009 1011
l 1010 1012
l 1010 1083
l 1012 1013
l 1013 1014
l 1015 1016
l 1017 1018
l 1019 1020
l 1020 1105
l 1021 1022
l 1022 1023
l 1023 1025
l 1024 1026
l 1025 1027
l 1028 1122
l 1029 1128
l 1030 1130
l 1031 1032
l 1032 1140
l 1033 1034
l 1036 1037
l 1037 1038
l 1039 1040
l 1041 1042
l 1041 1043
l 1042 1044
l 1043 1045
l 1044 1046
l 1045 1047
l 1046 1048
l 1047 1049
l 1048 1050
l 1049 1051
l 1050 1052
l 1051 1053
l 1052 1054
l 1053 1055
l 1054 1056
l 1055 1057
l 1056 1058
l 1057 1059
l 1058 1060
l 1059 1061
l 1060 1062
l 1061 1063
l 1062 1064
l 1063 1065
l 1064 1066
l 1065 1067
l 1066 1068
l 1067 1069
l 1068 1070
l 1069 1071
l 1070 1072
l 1071 1073
l 1072 1074
l 1073 1075
l 1074 1076
l 1075 1077
l 1076 1078
l 1077 1079
l 1078 1080
l 1079 1081
l 1080 1082
l 1081 1083
l 1082 1084
l 1083 1085
l 1084 1086
l 1085 1087
l 1086 1088
l 1087 1089
l 1088 1090
l 1089 1091
l 1090 1092
l 1091 1093
l 1092 1094
l 1093 1095
l 1094 1096
l 1095 1097
l 1096 1098
l 1097 1099
l 1098 1100
l 1099 1101
l 1100 1102
l 1101 1103
l 1102 1104
l 1103 1105
l 1104 1106
l 1105 1107
l 1106 1108
l 1107 1109
l 1108 1110
l 1109 1111
l 1110 1112
l 1111 1113
l 1112 1114
l 1113 1115
l 1114 1116
l 1115 1117
l 1116 1118
l 1117 1119
l 1118 1120
l 1119 1121
l 1120 1122
l 1121 1123
l 1122 1124
l 1123 1125
l 1124 1126
l 1125 1127
l 1126 1128
l 1127 1129
l 1128 1130
l 1129 1131
l 1130 1132
l 1131 1133
l 1132 1134
l 1133 1135
l 1134 1136
l 1135 1137
l 1136 1138
l 1137 1139
l 1138 1140
l 1139 1141
l 1140 1142
l 1141 1143
l 1142 1144
l 1143 1145
l 1144 1146
l 1145 1147
l 1146 1148
l 1147 1149
l 1148 1150
l 1149 1151
l 1150 1152
l 1151 1153
l 1152 1154
l 1153 1155
l 1154 1156
l 1155 1157
l 1156 1158
l 1157 1159
l 1158 1160
l 1159 1160
l 1161 1162
l 1161 1163
l 1162 1164
l 1163 1165
l 1164 1166
l 1165 1167
l 1166 1168
l 1167 1169
l 1168 1170
l 1169 1171
l 1170 1172
l 1171 1173
l 1172 1174
l 1173 1175
l 1174 1176
l 1175 1177
l 1176 1178
l 1177 1179
l 1178 1180
l 1178 1291
l 1179 1181
l 1180 1182
l 1181 1183
l 1182 1184
l 1183 1185
l 1184 1186
l 1185 1187
l 1186 1188
l 1187 1189
l 1189 1191
l 1190 1192
l 1192 1194
l 1193 1195
l 1194 1196
l 1195 1197
l 1196 1198
l 1196 1298
l 1197 1199
l 1198 1200
l 1199 1201
l 1200 1202
l 1201 1203
l 1201 1299
l 1202 1204
l 1202 1302
l 1203 1205
l 1204 1206
l 1205 1207
l 1206 1208
l 1207 1209
l 1208 1210
l 1209 1211
l 1210 1212
l 1211 1213
l 1212 1214
l 1213 1215
l 1214 1216
l 1215 1217
l 1216 1218
l 1217 1219
l 1218 1220
l 1219 1221
l 1220 1222
l 1221 1223
l 1222 1224
l 1223 1225
l 1224 1226
l 1225 1227
l 1226 1228
l 1227 1229
l 1228 1230
l 1229 1231
l 1230 1232
l 1231 1233
l 1232 1234
l 1233 1235
l 1234 1236
l 1235 1237
l 1236 1238
l 1237 1239
l 1238 1240
l 1239 1241
l 1240 1242
l 1241 1243
l 1241 1327
l 1242 1244
l 1243 1245
l 1243 1329
l 1244 1246
l 1244 1332
l 1245 1247
l 1246 1248
l 1247 1249
l 1248 1250
l 1249 1251
l 1250 1252
l 1251 1253
l 1252 1254
l 1253 1255
l 1254 1256
l 1255 1257
l 1256 1258
l 1257 1259
l 1258 1260
l 1259 1261
l 1260 1262
l 1261 1263
l 1262 1264
l 1263 1265
l 1264 1266
l 1265 1267
l 1266 1268
l 1267 1269
l 1268 1270
l 1269 1271
l 1270 1272
l 1271 1273
l 1272 1274
l 1273 1275
l 1274 1276
l 1275 1277
l 1276 1278
l 1277 1279
l 1278 1280
l 1279 1280
l 1281 1282
l 1283 1284
l 1285 1286
l 1285 1369
l 1286 1287
l 1287 1288
l 1288 1289
l 1290 1291
l 1292 1293
l 1293 1397
l 1294 1295
l 1296 1297
l 1298 1300
l 1299 1425
l 1301 1303
l 1302 1304
l 1303 1305
l 1304 1306
l 1305 1307
l 1306 1308
l 1307 1309
l 1308 1310
l 1311 1312
l 1313 1314
l 1315 1316
l 1317 1318
l 1318 1320
l 1319 1321
l 1322 1323
l 1323 1325
l 1324 1326
l 1325 1327
l 1326 1328
l 1329 1330
l 1330 1331
l 1331 1333
l 1332 1334
l 1335 1336
l 1337 1339
l 1338 1340
l 1340 1341
l 1341 1556
l 1342 1343
l 1343 1344
l 1344 1346
l 1345 1347
l 1346 1348
l 1347 1349
l 1348 1350
l 1350 1351
l 1351 1572
l 1352 1353
l 1352 1354
l 1353 1355
l 1354 1356
l 1355 1357
l 1356 1358
l 1357 1359
l 1358 1360
l 1359 1366
l 1360 1367
l 1361 1362
l 1361 1363
l 1362 1364
l 1363 1365
l 1364 1368
l 1365 1369
l 1366 1370
l 1367 1373
l 1368 1371
l 1369 1372
l 1370 1376
l 1371 1374
l 1372 1375
l 1373 1377
l 1374 1378
l 1375 1379
l 1376 1380
l 1376 1596
l 1377 1381
l 1378 1382
l 1379 1383
l 1380 1384
l 1381 1385
l 1382 1386
l 1383 1387
l 1384 1388
l 1384 1599
l 1385 1389
l 1386 1390
l 1387 1391
l 1388 1394
l 1389 1395
l 1390 1392
l 1391 1393
l 1392 1396
l 1393 1397
l 1394 1398
l 1395 1399
l 1396 1400
l 1397 1401
l 1398 1402
l 1399 1403
l 1400 1404
l 1401 1405
l 1402 1406
l 1403 1407
l 1404 1408
l 1405 1409
l 1406 1410
l 1406 1600
l 1407 1411
l 1408 1412
l 1409 1413
l 1410 1414
l 1411 1415
l 1412 1416
l 1413 1417
l 1414 1418
l 1415 1419
l 1416 1420
l 1417 1421
l 1418 1422
l 1419 1423
l 1420 1424
l 1421 1425
l 1422 1426
l 1423 1427
l 1424 1428
l 1425 1429
l 1426 1430
l 1427 1431
l 1428 1432
l 1429 1433
l 1430 1434
l 1431 1435
l 1432 1436
l 1433 1437
l 1434 1438
l 1435 1439
l 1436 1440
l 1437 1441
l 1438 1442
l 1439 1443
l 1439 1602
l 1440 1444
l 1441 1445
l 1442 1446
l 1443 1447
l 1444 1448
l 1445 1449
l 1446 1450
l 1447 1451
l 1448 1452
l 1449 1453
l 1450 1454
l 1451 1455
l 1452 1456
l 1453 1457
l 1454 1458
l 1455 1459
l 1456 1460
l 1457 1461
l 1458 1462
l 1459 1463
l 1460 1464
l 1461 1465
l 1462 1466
l 1463 1467
l 1464 1468
l 1465 1469
l 1466 1470
l 1467 1473
l 1468 1471
l 1469 1472
l 1470 1476
l 1471 1474
l 1472 1475
l 1473 1477
l 1474 1478
l 1475 1479
l 1476 1480
l 1477 1481
l 1478 1482
l 1479 1483
l 1480 1484
l 1481 1485
l 1482 1486
l 1483 1487
l 1484 1488
l 1485 1489
l 1486 1490
l 1487 1491
l 1488 1492
l 1489 1493
l 1490 1494
l 1491 1495
l 1492 1496
l 1493 1497
l 1494 1498
l 1495 1499
l 1496 1500
l 1497 1501
l 1498 1502
l 1499 1503
l 1500 1504
l 1501 1505
l 1502 1506
l 1503 1507
l 1504 1508
l 1505 1509
l 1505 1609
l 1506 1510
l 1507 1511
l 1508 1512
l 1509 1513
l 1510 1514
l 1511 1515
l 1512 1516
l 1513 1517
l 1513 1611
l 1514 1518
l 1515 1519
l 1516 1520
l 1517 1521
l 1518 1522
l 1519 1523
l 1520 1524
l 1521 1525
l 1522 1526
l 1523 1527
l 1524 1528
l 1525 1529
l 1526 1530
l 1527 1531
l 1528 1532
l 1529 1533
l 1530 1534
l 1531 1535
l 1532 1536
l 1533 1537
l 1534 1538
l 1535 1539
l 1536 1540
l 1537 1541
l 1538 1542
l 1539 1543
l 1540 1544
l 1541 1545
l 1542 1546
l 1543 1547
l 1544 1548
l 1545 1549
l 1546 1550
l 1547 1551
l 1548 1552
l 1549 1555
l 1550 1553
l 1551 1554
l 1552 1558
l 1553 1556
l 1554 1557
l 1555 1559
l 1556 1560
l 1557 1561
l 1558 1562
l 1559 1563
l 1559 1614
l 1560 1564
l 1561 1565
l 1562 1566
l 1563 1567
l 1564 1568
l 1565 1569
l 1566 1570
l 1567 1573
l 1568 1571
l 1569 1572
l 1570 1576
l 1571 1574
l 1572 1575
l 1573 1579
l 1574 1577
l 1575 1578
l 1576 1583
l 1577 1580
l 1578 1581
l 1579 1584
l 1580 1582
l 1581 1582
l 1583 1585
l 1584 1586
l 1585 1587
l 1586 1588
l 1587 1589
l 1588 1590
l 1589 1591
l 1590 1591
l 1592 1624
l 1593 1626
l 1594 1628
l 1595 1597
l 1596 1598
l 1598 1639
l 1599 1641
l 1601 1602
l 1603 1661
l 1604 1605
l 1604 1670
l 1605 1672
l 1606 1674
l 1607 1673
l 1608 1609
l 1610 1611
l 1612 1613
l 1612 1697
l 1615 1616
l 1617 1618
l 1617 1729
l 1618 1731
l 1619 1733
l 1620 1621
l 1620 1622
l 1621 1623
l 1622 1624
l 1623 1625
l 1624 1626
l 1625 1627
l 1626 1628
l 1627 1629
l 1628 1630
l 1629 1631
l 1630 1632
l 1631 1633
l 1632 1634
l 1633 1635
l 1634 1636
l 1635 1637
l 1636 1638
l 1637 1639
l 1638 1640
l 1639 1641
l 1640 1642
l 1641 1756
l 1642 1644
l 1643 1645
l 1643 1758
l 1644 1646
l 1645 1647
l 1646 1648
l 1647 1761
l 1648 1650
l 1649 1651
l 1649 1763
l 1650 1760
l 1651 1764
l 1652 1653
l 1652 1762
l 1653 1655
l 1654 1656
l 1654 1767
l 1655 1657
l 1656 1658
l 1657 1659
l 1658 1660
l 1659 1661
l 1660 1662
l 1661 1663
l 1662 1772
l 1663 1665
l 1664 1666
l 1664 1774
l 1665 1667
l 1666 1776
l 1667 1669
l 1668 1670
l 1668 1778
l 1669 1671
l 1670 1780
l 1671 1777
l 1672 1674
l 1672 1782
l 1673 1675
l 1673 1779
l 1674 1784
l 1675 1677
l 1676 1678
l 1676 1786
l 1677 1679
l 1678 1788
l 1679 1681
l 1680 1682
l 1680 1790
l 1681 1683
l 1682 1792
l 1683 1685
l 1684 1686
l 1684 1794
l 1685 1687
l 1686 1796
l 1687 1793
l 1688 1690
l 1688 1798
l 1689 1691
l 1689 1795
l 1690 1800
l 1691 1693
l 1692 1694
l 1692 1802
l 1693 1695
l 1694 1696
l 1694 1804
l 1696 1698
l 1697 1699
l 1697 1803
l 1698 1700
l 1699 1701
l 1700 1808
l 1701 1703
l 1702 1704
l 1702 1810
l 1703 1705
l 1703 1807
l 1704 1706
l 1705 1707
l 1705 1809
l 1706 1708
l 1707 1709
l 1708 1710
l 1709 1813
l 1710 1712
l 1711 1713
l 1711 1814
l 1712 1818
l 1713 1715
l 1714 1716
l 1714 1820
l 1715 1817
l 1716 1718
l 1717 1719
l 1717 1819
l 1718 1720
l 1719 1721
l 1720 1722
l 1721 1723
l 1722 1826
l 1723 1725
l 1724 1726
l 1724 1828
l 1725 1825
l 1726 1728
l 1726 1830
l 1727 1729
l 1727 1827
l 1728 1730
l 1728 1832
l 1729 1829
l 1730 1834
l 1731 1733
l 1731 1831
l 1732 1734
l 1732 1836
l 1733 1735
l 1733 1833
l 1734 1838
l 1735 1737
l 1735 1835
l 1736 1738
l 1736 1840
l 1737 1837
l 1738 1839
l 1739 1740
l 1739 1842
l 1740 1844
l 1741 1743
l 1741 1841
l 1742 1744
l 1742 1846
l 1743 1843
l 1744 1848
l 1745 1747
l 1745 1845
l 1746 1748
l 1746 1850
l 1747 1847
l 1748 1852
l 1749 1751
l 1749 1849
l 1750 1752
l 1750 1854
l 1752 1856
l 1753 1754
l 1754 1855
l 1755 1756
l 1755 1858
l 1756 1758
l 1756 1860
l 1757 1759
l 1757 1857
l 1759 1859
l 1760 1762
l 1763 1861
l 1764 1765
l 1765 1864
l 1766 1768
l 1766 1862
l 1767 1865
l 1768 1863
l 1769 1770
l 1769 1866
l 1770 1771
l 1771 1869
l 1772 1774
l 1773 1775
l 1773 1868
l 1775 1870
l 1776 1778
l 1779 1872
l 1780 1782
l 1781 1783
l 1781 1873
l 1783 1874
l 1784 1786
l 1785 1787
l 1785 1875
l 1787 1876
l 1788 1790
l 1789 1791
l 1789 1877
l 1791 1878
l 1792 1794
l 1793 1879
l 1795 1880
l 1796 1798
l 1797 1799
l 1797 1881
l 1799 1882
l 1800 1885
l 1801 1883
l 1803 1884
l 1804 1886
l 1805 1806
l 1805 1887
l 1806 1889
l 1807 1809
l 1808 1810
l 1808 1891
l 1809 1811
l 1809 1888
l 1810 1812
l 1811 1890
l 1812 1893
l 1815 1816
l 1816 1896
l 1817 1894
l 1818 1820
l 1818 1898
l 1819 1895
l 1820 1900
l 1821 1822
l 1821 1897
l 1822 1899
l 1823 1824
l 1824 1904
l 1825 1901
l 1826 1828
l 1827 1903
l 1829 1831
l 1830 1832
l 1833 1835
l 1834 1836
l 1837 1839
l 1838 1840
l 1841 1843
l 1842 1844
l 1845 1847
l 1846 1848
l 1849 1851
l 1850 1852
l 1853 1855
l 1854 1856
l 1866 1867
l 1867 1869
l 1868 1870
l 1871 1872
l 1873 1874
l 1875 1876
l 1877 1878
l 1879 1880
l 1881 1882
l 1883 1884
l 1891 1892
l 1892 1893
l 1902 1904
l 1920 1921
l 1920 1922
l 1921 1923
l 1922 1924
l 1923 1925
l 1924 1926
l 1925 1927
l 1926 1928
l 1927 1932
l 1928 1933
l 1929 1930
l 1929 1931
l 1930 1934
l 1931 1935
l 1932 1938
l 1933 1939
l 1934 1936
l 1935 1937
l 1936 1940
l 1937 1941
l 1938 1944
l 1939 1945
l 1940 1942
l 1941 1943
l 1942 1946
l 1943 1947
l 1944 1948
l 1945 1949
l 1946 1950
l 1947 1951
l 1948 1952
l 1949 1953
l 1950 1954
l 1951 1955
l 1952 1956
l 1953 1957
l 1954 1958
l 1955 1959
l 1956 1962
l 1957 1963
l 1958 1960
l 1959 1961
l 1960 1964
l 1961 1965
l 1962 1966
l 1963 1967
l 1964 1968
l 1965 1969
l 1966 1970
l 1967 1971
l 1968 1972
l 1969 1973
l 1970 1974
l 1971 1975
l 1972 1976
l 1973 1977
l 1974 1978
l 1975 1979
l 1976 1980
l 1977 1981
l 1978 1982
l 1979 1983
l 1980 1984
l 1981 1985
l 1982 1986
l 1983 1987
l 1984 1988
l 1985 1989
l 1986 1990
l 1987 1991
l 1988 1992
l 1989 1993
l 1990 1994
l 1991 1995
l 1992 1996
l 1993 1997
l 1994 1998
l 1995 1999
l 1996 2000
l 1997 2001
l 1998 2002
l 1999 2003
l 2000 2004
l 2001 2005
l 2002 2006
l 2003 2007
l 2004 2008
l 2005 2009
l 2006 2010
l 2007 2011
l 2008 2012
l 2009 2013
l 2010 2014
l 2011 2015
l 2012 2016
l 2013 2017
l 2014 2018
l 2015 2019
l 2016 2020
l 2017 2021
l 2018 2022
l 2019 2023
l 2020 2024
l 2021 2025
l 2022 2026
l 2023 2027
l 2024 2028
l 2025 2029
l 2026 2030
l 2027 2031
l 2028 2032
l 2029 2033
l 2030 2034
l 2031 2035
l 2032 2036
l 2033 2037
l 2034 2038
l 2035 2041
l 2036 2039
l 2037 2040
l 2038 2044
l 2039 2042
l 2040 2043
l 2041 2045
l 2042 2046
l 2043 2047
l 2044 2048
l 2045 2049
l 2046 2050
l 2047 2051
l 2048 2052
l 2049 2053
l 2050 2054
l 2051 2055
l 2052 2056
l 2053 2057
l 2054 2058
l 2055 2059
l 2056 2060
l 2057 2061
l 2058 2062
l 2059 2063
l 2060 2064
l 2061 2065
l 2062 2066
l 2063 2067
l 2064 2068
l 2065 2069
l 2066 2070
l 2067 2071
l 2068 2072
l 2069 2073
l 2070 2074
l 2071 2075
l 2072 2076
l 2073 2077
l 2074 2078
l 2075 2079
l 2076 2080
l 2077 2081
l 2078 2082
l 2079 2083
l 2080 2084
l 2081 2085
l 2082 2086
l 2083 2087
l 2084 2088
l 2085 2089
l 2086 2090
l 2087 2091
l 2088 2092
l 2089 2093
l 2090 2094
l 2091 2095
l 2092 2096
l 2093 2097
l 2094 2098
l 2095 2099
l 2096 2100
l 2097 2101
l 2098 2102
l 2099 2103
l 2100 2104
l 2101 2105
l 2102 2106
l 2103 2107
l 2104 2108
l 2105 2109
l 2106 2110
l 2107 2111
l 2108 2112
l 2109 2113
l 2110 2114
l 2111 2115
l 2112 2116
l 2113 2117
l 2114 2118
l 2115 2119
l 2116 2122
l 2117 2123
l 2118 2120
l 2119 2121
l 2120 2124
l 2121 2125
l 2122 2126
l 2123 2127
l 2124 2128
l 2125 2129
l 2126 2130
l 2127 2131
l 2128 2132
l 2129 2133
l 2130 2134
l 2131 2135
l 2132 2136
l 2133 2137
l 2134 2140
l 2135 2141
l 2136 2138
l 2137 2139
l 2138 2142
l 2139 2143
l 2140 2144
l 2141 2147
l 2142 2145
l 2143 2146
l 2144 2151
l 2145 2148
l 2146 2149
l 2147 2152
l 2148 2150
l 2149 2150
l 2151 2153
l 2152 2154
l 2153 2155
l 2154 2156
l 2155 2157
l 2156 2158
l 2157 2159
l 2158 2159
l 2160 2161
l 2160 2165
l 2161 2162
l 2162 2163
l 2163 2164
l 2164 2167
l 2165 2166
l 2166 2168
l 2167 2169
l 2168 2170
l 2169 2171
l 2170 2172
l 2171 2173
l 2172 2174
l 2173 2175
l 2174 2176
l 2175 2177
l 2176 2184
l 2177 2187
l 2184 2192
l 2187 2193
l 2192 2196
l 2193 2199
l 2196 2202
l 2199 2203
l 2202 2206
l 2203 2209
l 2206 2211
l 2209 2213
l 2211 2216
l 2213 2217
l 2216 2220
l 2217 2221
l 2220 2224
l 2221 2227
l 2224 2229
l 2227 2231
l 2229 2234
l 2231 2235
l 2234 2238
l 2235 2239
l 2238 2242
l 2239 2243
l 2242 2246
l 2243 2247
l 2246 2250
l 2247 2251
l 2250 2254
l 2251 2256
l 2254 2258
l 2256 2261
l 2258 2263
l 2261 2265
l 2263 2267
l 2265 2269
l 2267 2272
l 2269 2273
l 2272 2276
l 2273 2277
l 2276 2280
l 2277 2281
l 2280 2284
l 2281 2285
l 2284 2288
l 2285 2289
l 2288 2292
l 2289 2293
l 2292 2296
l 2293 2297
l 2296 2300
l 2297 2301
l 2300 2304
l 2301 2305
l 2304 2308
l 2305 2310
l 2308 2312
l 2310 2314
l 2312 2316
l 2314 2318
l 2316 2320
l 2318 2323
l 2320 2325
l 2323 2327
l 2325 2329
l 2327 2331
l 2329 2334
l 2331 2335
l 2334 2338
l 2335 2339
l 2338 2342
l 2339 2343
l 2342 2346
l 2343 2347
l 2346 2350
l 2347 2351
l 2350 2354
l 2351 2355
l 2354 2358
l 2355 2359
l 2358 2362
l 2359 2363
l 2362 2366
l 2363 2368
l 2366 2370
l 2368 2372
l 2370 2374
l 2372 2376
l 2374 2378
l 2376 2381
l 2378 2383
l 2381 2385
l 2383 2388
l 2385 2389
l 2388 2392
l 2389 2393
l 2392 2396
l 2393 2397
l 2396 2400
l 2397 2401
l 2400 2404
l 2401 2405
l 2404 2408
l 2405 2410
l 2408 2412
l 2410 2415
l 2412 2418
l 2415 2419
l 2418 2422
l 2419 2423
l 2422 2426
l 2423 2427
l 2426 2430
l 2427 2433
l 2430 2436
l 2433 2437
l 2436 2440
l 2437 2443
l 2440 2446
l 2443 2447
l 2446 2452
l 2447 2455
l 2452 2462
l 2455 2463
l 2462 2464
l 2463 2465
l 2464 2466
l 2465 2467
l 2466 2468
l 2467 2469
l 2468 2470
l 2469 2471
l 2470 2472
l 2471 2473
l 2472 2474
l 2473 2475
l 2474 2476
l 2475 2479
l 2476 2477
l 2477 2478
l 2478 2479
l 2480 2493
l 2481 2494
l 2482 2495
l 2483 2496
l 2484 2497
l 2485 2498
l 2486 2501
l 2487 2502
l 2488 2503
l 2489 2504
l 2490 2505
l 2491 2506
l 2492 2507
l 2499 2500
l 2501 2508
l 2502 2509
l 2503 2510
l 2504 2511
l 2505 2512
l 2506 2513
l 2507 2514
l 2515 3254
l 2516 3255
l 2516 3259
l 2516 3260
l 2517 3256
l 2518 3257
l 2519 3258
l 2520 3259
l 2521 3257
l 2522 3257
l 2522 3261
l 2523 3263
l 2524 3265
l 2525 3265
l 2526 3267
l 2527 3268
l 2528 3269
l 2529 3270
l 2529 3272
l 2529 3274
l 2530 3271
l 2531 3274
l 2532 3273
l 2533 3274
l 2534 3275
l 2535 3275
l 2536 3277
l 2537 3275
l 2537 3276
l 2537 3279
l 2538 3280
l 2539 3281
l 2540 3282
l 2541 3283
l 2542 3284
l 2543 3285
l 2544 3286
l 2545 3285
l 2546 3288
l 2547 3285
l 2547 3287
l 2548 3289
l 2549 3291
l 2550 3289
l 2550 3290
l 2550 3292
l 2551 3293
l 2552 3296
l 2553 3297
l 2554 3298
l 2555 3299
l 2556 3300
l 2557 3301
l 2558 3303
l 2559 3301
l 2559 3302
l 2559 3304
l 2560 3305
l 2561 3306
l 2562 3307
l 2563 3306
l 2564 3309
l 2565 3310
l 2567 3312
l 2568 3313
l 2569 3314
l 2570 3315
l 2571 3316
l 2572 3317
l 2573 3318
l 2574 3319
l 2575 3320
l 2576 3323
l 2577 3324
l 2578 3325
l 2579 3326
l 2580 3327
l 2581 3328
l 2582 3329
l 2583 3330
l 2584 3331
l 2584 3334
l 2584 3335
l 2585 3333
l 2586 3334
l 2586 3341
l 2586 3342
l 2587 3334
l 2588 3337
l 2590 3339
l 2591 3340
l 2592 3341
l 2593 3341
l 2594 3340
l 2595 3340
l 2595 3343
l 2595 3344
l 2596 3345
l 2597 3346
l 2598 3347
l 2599 3348
l 2600 3349
l 2601 3350
l 2602 3344
l 2603 3344
l 2603 3351
l 2603 3352
l 2604 3353
l 2605 3352
l 2607 3356
l 2608 3357
l 2610 3359
l 2611 3358
l 2612 3361
l 2613 3362
l 2613 3363
l 2613 3364
l 2614 3364
l 2615 3365
l 2616 3365
l 2617 3365
l 2617 3366
l 2618 3368
l 2619 3369
l 2620 3371
l 2621 3372
l 2622 3374
l 2623 3375
l 2624 3376
l 2625 3377
l 2626 3378
l 2627 3379
l 2628 3380
l 2629 3383
l 2630 3383
l 2631 3384
l 2632 3385
l 2633 3386
l 2634 3387
l 2635 3382
l 2635 3383
l 2636 3389
l 2637 3390
l 2638 3391
l 2639 3392
l 2640 3393
l 2641 3394
l 2642 3388
l 2642 3395
l 2642 3396
l 2643 3388
l 2644 3397
l 2645 3398
l 2646 3399
l 2647 3400
l 2648 3401
l 2649 3395
l 2650 3403
l 2651 3404
l 2652 3405
l 2653 3406
l 2654 3410
l 2655 3411
l 2656 3412
l 2657 3413
l 2658 3414
l 2659 3415
l 2660 3416
l 2661 3417
l 2662 3418
l 2663 3419
l 2664 3420
l 2665 3421
l 2666 3422
l 2667 3423
l 2668 3424
l 2669 3425
l 2670 3426
l 2671 3427
l 2672 3428
l 2673 3429
l 2674 3430
l 2675 3431
l 2676 3432
l 2677 3433
l 2678 3434
l 2679 3435
l 2680 3436
l 2681 3437
l 2682 3438
l 2683 3439
l 2684 3440
l 2685 3441
l 2686 3446
l 2687 3447
l 2688 3448
l 2689 3449
l 2690 3450
l 2691 3451
l 2692 3452
l 2693 3453
l 2694 3454
l 2695 3455
l 2696 3456
l 2697 3457
l 2698 3458
l 2699 3459
l 2700 3460
l 2701 3461
l 2702 3462
l 2703 3463
l 2704 3464
l 2705 3465
l 2706 3466
l 2707 3467
l 2708 3468
l 2709 3469
l 2710 3470
l 2711 3471
l 2712 3472
l 2713 3473
l 2714 3474
l 2715 3475
l 2716 3476
l 2717 3477
l 2718 3481
l 2719 3482
l 2720 3483
l 2721 3484
l 2722 3486
l 2723 3487
l 2724 3488
l 2725 3489
l 2726 3490
l 2727 3496
l 2727 3497
l 2728 3492
l 2729 3493
l 2730 3494
l 2731 3495
l 2732 3496
l 2733 3496
l 2734 3498
l 2735 3499
l 2736 3500
l 2737 3501
l 2738 3502
l 2739 3503
l 2740 3505
l 2741 3506
l 2744 3509
l 2745 3511
l 2746 3512
l 2747 3513
l 2748 3514
l 2749 3515
l 2750 3515
l 2750 3516
l 2750 3517
l 2751 3518
l 2752 3519
l 2753 3520
l 2754 3521
l 2756 3523
l 2757 3524
l 2758 3525
l 2759 3526
l 2759 3527
l 2759 3533
l 2760 3533
l 2761 3530
l 2762 3530
l 2762 3537
l 2762 3538
l 2763 3531
l 2764 3532
l 2765 3533
l 2766 3534
l 2767 3535
l 2768 3536
l 2769 3538
l 2770 3539
l 2770 3543
l 2771 3543
l 2772 3541
l 2773 3542
l 2774 3543
l 2775 3544
l 2776 3546
l 2778 3549
l 2779 3540
l 2779 3541
l 2779 3549
l 2780 3550
l 2781 3551
l 2782 3553
l 2783 3548
l 2783 3549
l 2783 3553
l 2784 3556
l 2785 3557
l 2786 3558
l 2787 3559
l 2788 3560
l 2789 3561
l 2790 3562
l 2791 3563
l 2792 3566
l 2794 3568
l 2795 3569
l 2796 3570
l 2797 3571
l 2798 3572
l 2799 3573
l 2800 3574
l 2801 3575
l 2802 3576
l 2803 3577
l 2804 3581
l 2805 3580
l 2806 3583
l 2806 3584
l 2807 3582
l 2808 3584
l 2809 3584
l 2810 3585
l 2811 3586
l 2812 3587
l 2813 3588
l 2814 3589
l 2815 3590
l 2816 3591
l 2817 3594
l 2818 3595
l 2818 3597
l 2818 3598
l 2819 3596
l 2820 3598
l 2821 3600
l 2821 3602
l 2822 3599
l 2823 3602
l 2824 3601
l 2825 3602
l 2826 3603
l 2827 3604
l 2828 3609
l 2829 3607
l 2830 3608
l 2831 3609
l 2832 3611
l 2833 3612
l 2834 3613
l 2834 3614
l 2834 3617
l 2835 3617
l 2836 3616
l 2837 3616
l 2838 3617
l 2839 3615
l 2839 3616
l 2839 3618
l 2840 3618
l 2841 3618
l 2841 3619
l 2843 3620
l 2844 3623
l 2845 3624
l 2845 3627
l 2845 3628
l 2846 3625
l 2847 3626
l 2848 3628
l 2849 3629
l 2850 3625
l 2850 3631
l 2851 3625
l 2852 3632
l 2853 3636
l 2854 3637
l 2855 3642
l 2856 3644
l 2857 3647
l 2858 3265
l 2858 3266
l 2858 3648
l 2859 3264
l 2860 3651
l 2861 3652
l 2862 3278
l 2863 3654
l 2864 3658
l 2865 3659
l 2866 3658
l 2867 3663
l 2868 3665
l 2869 3294
l 2870 3295
l 2871 3671
l 2872 3672
l 2873 3673
l 2874 3674
l 2875 3306
l 2875 3308
l 2876 3675
l 2877 3321
l 2878 3680
l 2879 3681
l 2880 3682
l 2881 3683
l 2882 3322
l 2883 3688
l 2884 3700
l 2885 3699
l 2886 3700
l 2887 3702
l 2888 3703
l 2889 3332
l 2890 3336
l 2891 3338
l 2892 3705
l 2893 3352
l 2893 3354
l 2894 3706
l 2895 3358
l 2895 3360
l 2895 3712
l 2896 3713
l 2897 3720
l 2898 3370
l 2899 3721
l 2900 3725
l 2901 3726
l 2902 3373
l 2903 3730
l 2904 3731
l 2905 3732
l 2906 3381
l 2907 3397
l 2907 3733
l 2908 3395
l 2908 3402
l 2908 3734
l 2909 3734
l 2910 3738
l 2911 3407
l 2912 3739
l 2913 3740
l 2916 3408
l 2917 3757
l 2918 3409
l 2919 3442
l 2920 3443
l 2921 3758
l 2922 3759
l 2923 3760
l 2924 3761
l 2925 3762
l 2926 3763
l 2927 3778
l 2928 3779
l 2929 3780
l 2930 3781
l 2931 3782
l 2932 3783
l 2933 3444
l 2934 3445
l 2935 3478
l 2936 3479
l 2937 3784
l 2938 3785
l 2939 3786
l 2940 3787
l 2941 3788
l 2942 3789
l 2943 3802
l 2944 3480
l 2945 3806
l 2946 3485
l 2946 3807
l 2947 3808
l 2948 3504
l 2949 3809
l 2950 3810
l 2951 3811
l 2952 3508
l 2953 3510
l 2954 3817
l 2955 3818
l 2956 3824
l 2957 3824
l 2958 3825
l 2959 3828
l 2960 3832
l 2962 3838
l 2963 3529
l 2963 3530
l 2963 3838
l 2964 3528
l 2965 3839
l 2966 3545
l 2967 3547
l 2968 3554
l 2969 3840
l 2970 3845
l 2971 3552
l 2971 3553
l 2971 3845
l 2972 3555
l 2973 3850
l 2974 3853
l 2975 3855
l 2976 3856
l 2977 3564
l 2978 3859
l 2979 3565
l 2980 3863
l 2981 3578
l 2981 3581
l 2981 3864
l 2982 3579
l 2983 3865
l 2984 3866
l 2985 3592
l 2986 3593
l 2987 3871
l 2988 3873
l 2989 3877
l 2990 3876
l 2991 3877
l 2992 3883
l 2993 3606
l 2993 3609
l 2993 3883
l 2994 3605
l 2995 3884
l 2996 3610
l 2997 3885
l 2998 3886
l 2999 3621
l 3000 3620
l 3000 3622
l 3000 3889
l 3001 3889
l 3002 3899
l 3003 3633
l 3004 3899
l 3005 3902
l 3006 3634
l 3007 3635
l 3007 3637
l 3007 3638
l 3008 3639
l 3009 3640
l 3010 3641
l 3011 3642
l 3011 3643
l 3011 3645
l 3012 3646
l 3013 3649
l 3014 3650
l 3015 3653
l 3017 3656
l 3018 3657
l 3019 3660
l 3020 3661
l 3021 3658
l 3021 3662
l 3022 3666
l 3023 3667
l 3024 3668
l 3025 3669
l 3026 3670
l 3027 3677
l 3028 3675
l 3028 3676
l 3028 3678
l 3029 3679
l 3030 3684
l 3031 3685
l 3032 3686
l 3033 3687
l 3034 3689
l 3035 3690
l 3036 3691
l 3037 3692
l 3038 3693
l 3039 3694
l 3040 3695
l 3040 3696
l 3040 3700
l 3041 3697
l 3042 3698
l 3043 3701
l 3044 3704
l 3045 3708
l 3046 3709
l 3047 3706
l 3047 3707
l 3047 3710
l 3048 3711
l 3049 3714
l 3050 3715
l 3051 3716
l 3052 3717
l 3053 3718
l 3054 3719
l 3055 3722
l 3056 3723
l 3057 3724
l 3058 3727
l 3059 3728
l 3060 3729
l 3061 3736
l 3062 3737
l 3063 3741
l 3064 3734
l 3064 3735
l 3064 3742
l 3065 3743
l 3066 3744
l 3067 3745
l 3068 3746
l 3069 3747
l 3070 3748
l 3071 3749
l 3072 3750
l 3073 3751
l 3074 3752
l 3075 3753
l 3076 3764
l 3077 3765
l 3078 3766
l 3079 3767
l 3080 3768
l 3081 3769
l 3082 3770
l 3083 3771
l 3084 3772
l 3085 3773
l 3086 3774
l 3087 3775
l 3088 3776
l 3089 3777
l 3090 3790
l 3091 3791
l 3092 3792
l 3093 3793
l 3094 3794
l 3095 3795
l 3096 3796
l 3097 3797
l 3098 3798
l 3099 3799
l 3100 3800
l 3101 3801
l 3102 3803
l 3103 3804
l 3104 3805
l 3105 3812
l 3106 3813
l 3107 3814
l 3108 3815
l 3109 3816
l 3110 3819
l 3111 3820
l 3112 3821
l 3113 3823
l 3113 3824
l 3114 3826
l 3115 3827
l 3116 3829
l 3117 3830
l 3117 3831
l 3117 3832
l 3118 3833
l 3119 3834
l 3119 3837
l 3119 3838
l 3120 3835
l 3121 3836
l 3123 3842
l 3124 3843
l 3125 3846
l 3126 3844
l 3126 3845
l 3126 3847
l 3127 3848
l 3128 3849
l 3129 3851
l 3130 3852
l 3131 3854
l 3132 3857
l 3133 3858
l 3134 3860
l 3135 3861
l 3136 3862
l 3137 3867
l 3138 3868
l 3139 3869
l 3140 3874
l 3140 3877
l 3141 3872
l 3142 3875
l 3143 3878
l 3144 3879
l 3145 3880
l 3145 3882
l 3145 3883
l 3146 3881
l 3147 3887
l 3148 3888
l 3149 3890
l 3150 3891
l 3151 3893
l 3152 3894
l 3153 3895
l 3154 3889
l 3154 3892
l 3155 3897
l 3156 3898
l 3157 3899
l 3157 3901
l 3158 3903
l 3159 3904
l 3160 3905
l 3161 3906
l 3162 3907
l 3163 3908
l 3164 3909
l 3165 3910
l 3166 3911
l 3167 3912
l 3168 3913
l 3169 3914
l 3170 3915
l 3171 3916
l 3172 3917
l 3173 3918
l 3174 3919
l 3175 3920
l 3176 3921
l 3177 3922
l 3178 3923
l 3179 3924
l 3180 3925
l 3181 3926
l 3182 3927
l 3183 3928
l 3184 3929
l 3185 3930
l 3186 3931
l 3187 3932
l 3188 3933
l 3189 3934
l 3190 3935
l 3191 3936
l 3192 3937
l 3193 3938
l 3194 3939
l 3195 3940
l 3196 3941
l 3197 3942
l 3199 3944
l 3201 3946
l 3202 3947
l 3204 3949
l 3205 3950
l 3206 3951
l 3207 3952
l 3208 3953
l 3209 3954
l 3210 3955
l 3211 3956
l 3212 3957
l 3213 3958
l 3214 3959
l 3215 3960
l 3216 3961
l 3217 3962
l 3218 3963
l 3219 3964
l 3220 3965
l 3221 3966
l 3222 3967
l 3223 3968
l 3224 3969
l 3225 3970
l 3226 3971
l 3227 3972
l 3228 3973
l 3229 3974
l 3230 3975
l 3231 3976
l 3232 3977
l 3233 3978
l 3234 3979
l 3235 3980
l 3236 3981
l 3237 3982
l 3238 3983
l 3239 3984
l 3240 3984
l 3240 3985
l 3241 3986
l 3242 3991
l 3243 3988
l 3244 3988
l 3244 3990
l 3245 3993
l 3246 3994
l 3247 3996
l 3248 3995
l 3248 3996
l 3249 3998
l 3249 3999
l 3250 3999
l 3251 3252
l 3253 4266
l 3254 4003
l 3255 4004
l 3255 4011
l 3255 4012
l 3256 4008
l 3257 4009
l 3258 4010
l 3260 4011
l 3261 4009
l 3262 4009
l 3262 4015
l 3263 4019
l 3264 4024
l 3265 4025
l 3266 4025
l 3267 4027
l 3268 4028
l 3269 4029
l 3270 4030
l 3270 4033
l 3270 4036
l 3271 4032
l 3272 4036
l 3273 4035
l 3274 4036
l 3275 4039
l 3276 4039
l 3277 4041
l 3278 4042
l 3279 4039
l 3279 4040
l 3279 4043
l 3280 4044
l 3281 4045
l 3282 4046
l 3283 4050
l 3284 4051
l 3285 4054
l 3286 4055
l 3287 4054
l 3288 4057
l 3289 4054
l 3289 4056
l 3290 4058
l 3291 4060
l 3292 4058
l 3292 4059
l 3292 4061
l 3293 4062
l 3294 4071
l 3295 4074
l 3296 4075
l 3297 4076
l 3298 4077
l 3299 4078
l 3300 4079
l 3302 4080
l 3303 4082
l 3304 4080
l 3304 4081
l 3304 4085
l 3305 4086
l 3306 4090
l 3307 4091
l 3308 4090
l 3309 4096
l 3310 4097
l 3312 4101
l 3313 4104
l 3314 4105
l 3315 4106
l 3316 4107
l 3317 4108
l 3318 4109
l 3319 4110
l 3320 4111
l 3321 4112
l 3322 4117
l 3323 4118
l 3324 4123
l 3325 4125
l 3326 4126
l 3327 4127
l 3328 4128
l 3329 4129
l 3330 4132
l 3331 4142
l 3331 4150
l 3331 4151
l 3332 4148
l 3333 4149
l 3334 4150
l 3334 4157
l 3334 4158
l 3335 4150
l 3336 4152
l 3337 4153
l 3339 4155
l 3340 4156
l 3341 4157
l 3342 4157
l 3343 4156
l 3344 4156
l 3344 4159
l 3344 4160
l 3345 4161
l 3346 4162
l 3347 4163
l 3348 4164
l 3349 4165
l 3350 4166
l 3351 4160
l 3352 4160
l 3352 4167
l 3352 4168
l 3353 4170
l 3354 4168
l 3356 4177
l 3357 4178
l 3359 4182
l 3360 4181
l 3361 4186
l 3362 4192
l 3362 4194
l 3362 4196
l 3363 4196
l 3365 4197
l 3366 4197
l 3367 4197
l 3367 4198
l 3368 4199
l 3369 4200
l 3370 4201
l 3371 4203
l 3372 4204
l 3373 4211
l 3374 4212
l 3375 4213
l 3376 4214
l 3377 4215
l 3378 4218
l 3379 4219
l 3380 4220
l 3381 4224
l 3382 4226
l 3383 4226
l 3384 4227
l 3385 4228
l 3386 4229
l 3387 4230
l 3388 4225
l 3388 4226
l 3389 4232
l 3390 4233
l 3391 4234
l 3392 4235
l 3393 4236
l 3394 4237
l 3395 4231
l 3395 4238
l 3395 4239
l 3396 4231
l 3397 4240
l 3398 4241
l 3399 4242
l 3400 4243
l 3401 4244
l 3402 4238
l 3403 4247
l 3404 4248
l 3405 4249
l 3406 4250
l 3407 4255
l 3408 4274
l 3409 4276
l 3410 4277
l 3411 4278
l 3412 4279
l 3413 4280
l 3414 4281
l 3415 4282
l 3416 4283
l 3417 4284
l 3418 4285
l 3419 4286
l 3420 4287
l 3421 4288
l 3422 4289
l 3423 4290
l 3424 4291
l 3425 4292
l 3426 4293
l 3427 4294
l 3428 4295
l 3429 4296
l 3430 4297
l 3431 4298
l 3432 4299
l 3433 4300
l 3434 4301
l 3435 4302
l 3436 4303
l 3437 4304
l 3438 4305
l 3439 4306
l 3440 4307
l 3441 4308
l 3442 4309
l 3443 4310
l 3444 4337
l 3445 4338
l 3446 4339
l 3447 4340
l 3448 4341
l 3449 4342
l 3450 4343
l 3451 4344
l 3452 4345
l 3453 4346
l 3454 4347
l 3455 4348
l 3456 4349
l 3457 4350
l 3458 4351
l 3459 4352
l 3460 4353
l 3461 4354
l 3462 4355
l 3463 4356
l 3464 4357
l 3465 4358
l 3466 4359
l 3467 4360
l 3468 4361
l 3469 4362
l 3470 4363
l 3471 4364
l 3472 4365
l 3473 4366
l 3474 4367
l 3475 4368
l 3476 4369
l 3477 4370
l 3478 4371
l 3479 4372
l 3480 4392
l 3481 4396
l 3482 4397
l 3483 4398
l 3484 4399
l 3486 4402
l 3487 4403
l 3488 4404
l 3489 4405
l 3490 4407
l 3491 4412
l 3491 4413
l 3492 4408
l 3493 4409
l 3494 4410
l 3495 4411
l 3496 4412
l 3497 4412
l 3498 4414
l 3499 4415
l 3500 4416
l 3501 4417
l 3502 4418
l 3503 4419
l 3504 4420
l 3505 4424
l 3506 4425
l 3509 4432
l 3510 4433
l 3511 4440
l 3512 4442
l 3513 4444
l 3514 4445
l 3516 4446
l 3517 4446
l 3517 4447
l 3517 4448
l 3518 4449
l 3519 4451
l 3520 4459
l 3521 4460
l 3523 4464
l 3524 4469
l 3525 4470
l 3526 4471
l 3526 4472
l 3526 4479
l 3527 4479
l 3528 4473
l 3529 4476
l 3530 4476
l 3530 4483
l 3530 4484
l 3531 4477
l 3532 4478
l 3533 4479
l 3534 4480
l 3535 4481
l 3536 4482
l 3537 4484
l 3538 4485
l 3538 4489
l 3539 4489
l 3540 4487
l 3542 4488
l 3543 4489
l 3544 4490
l 3545 4491
l 3546 4492
l 3548 4495
l 3549 4486
l 3549 4487
l 3549 4495
l 3550 4496
l 3551 4497
l 3552 4499
l 3553 4494
l 3553 4495
l 3553 4499
l 3554 4500
l 3555 4509
l 3556 4513
l 3557 4514
l 3558 4515
l 3559 4516
l 3560 4517
l 3561 4518
l 3562 4520
l 3563 4521
l 3564 4528
l 3565 4531
l 3566 4532
l 3568 4534
l 3569 4535
l 3570 4537
l 3571 4539
l 3572 4541
l 3573 4542
l 3574 4545
l 3575 4546
l 3576 4547
l 3577 4548
l 3578 4552
l 3579 4550
l 3580 4551
l 3581 4556
l 3581 4558
l 3582 4555
l 3583 4558
l 3584 4558
l 3585 4559
l 3586 4560
l 3587 4561
l 3588 4562
l 3589 4563
l 3590 4564
l 3591 4565
l 3592 4566
l 3593 4569
l 3594 4578
l 3595 4579
l 3595 4581
l 3595 4582
l 3596 4580
l 3597 4582
l 3598 4584
l 3598 4587
l 3599 4583
l 3600 4587
l 3601 4586
l 3602 4587
l 3603 4592
l 3604 4593
l 3605 4594
l 3606 4599
l 3607 4597
l 3608 4598
l 3609 4599
l 3610 4600
l 3611 4601
l 3612 4604
l 3613 4605
l 3613 4606
l 3613 4610
l 3614 4610
l 3615 4609
l 3616 4609
l 3617 4610
l 3618 4608
l 3618 4609
l 3618 4612
l 3619 4612
l 3620 4612
l 3620 4613
l 3622 4614
l 3623 4622
l 3624 4625
l 3624 4629
l 3624 4630
l 3625 4627
l 3626 4628
l 3627 4630
l 3629 4631
l 3630 4627
l 3630 4634
l 3631 4627
l 3632 4635
l 3633 4636
l 3634 4000
l 3635 4001
l 3635 4005
l 3635 4006
l 3636 4002
l 3638 4005
l 3639 4007
l 3640 4013
l 3641 4014
l 3643 4016
l 3644 4018
l 3645 4016
l 3645 4017
l 3645 4020
l 3646 4021
l 3647 4022
l 3648 4023
l 3648 4025
l 3648 4026
l 3649 4031
l 3650 4034
l 3651 4037
l 3652 4038
l 3653 4048
l 3654 4049
l 3656 4053
l 3657 4063
l 3658 4064
l 3659 4065
l 3660 4066
l 3661 4067
l 3662 4064
l 3663 4069
l 3664 4064
l 3664 4068
l 3665 4070
l 3666 4072
l 3667 4073
l 3668 4083
l 3669 4084
l 3670 4087
l 3671 4088
l 3672 4089
l 3673 4092
l 3674 4094
l 3675 4090
l 3675 4093
l 3676 4095
l 3677 4100
l 3678 4095
l 3678 4099
l 3678 4102
l 3679 4103
l 3680 4113
l 3681 4114
l 3682 4115
l 3683 4116
l 3684 4119
l 3685 4120
l 3686 4121
l 3687 4122
l 3688 4124
l 3689 4130
l 3690 4131
l 3691 4133
l 3692 4134
l 3693 4135
l 3694 4136
l 3695 4143
l 3696 4137
l 3696 4138
l 3696 4143
l 3697 4139
l 3698 4140
l 3699 4141
l 3700 4143
l 3701 4144
l 3702 4145
l 3703 4146
l 3704 4147
l 3705 4169
l 3706 4168
l 3706 4171
l 3707 4172
l 3708 4174
l 3709 4175
l 3710 4172
l 3710 4173
l 3710 4179
l 3711 4180
l 3712 4181
l 3712 4183
l 3712 4184
l 3713 4185
l 3714 4187
l 3715 4188
l 3716 4189
l 3717 4190
l 3718 4191
l 3719 4193
l 3720 4195
l 3721 4202
l 3722 4205
l 3723 4206
l 3724 4207
l 3725 4208
l 3726 4209
l 3727 4210
l 3728 4216
l 3729 4217
l 3730 4221
l 3731 4222
l 3732 4223
l 3734 4238
l 3734 4245
l 3734 4246
l 3735 4245
l 3736 4252
l 3737 4253
l 3738 4254
l 3739 4256
l 3740 4257
l 3741 4258
l 3742 4245
l 3742 4251
l 3742 4259
l 3743 4260
l 3744 4261
l 3745 4262
l 3746 4263
l 3747 4264
l 3748 4265
l 3749 4267
l 3750 4268
l 3751 4269
l 3752 4270
l 3753 4271
l 3757 4275
l 3758 4311
l 3759 4312
l 3760 4313
l 3761 4314
l 3762 4315
l 3763 4316
l 3764 4317
l 3765 4318
l 3766 4319
l 3767 4320
l 3768 4321
l 3769 4322
l 3770 4323
l 3771 4324
l 3772 4325
l 3773 4326
l 3774 4327
l 3775 4328
l 3776 4329
l 3777 4330
l 3778 4331
l 3779 4332
l 3780 4333
l 3781 4334
l 3782 4335
l 3783 4336
l 3784 4373
l 3785 4374
l 3786 4375
l 3787 4376
l 3788 4377
l 3789 4378
l 3790 4379
l 3791 4380
l 3792 4381
l 3793 4382
l 3794 4383
l 3795 4384
l 3796 4385
l 3797 4386
l 3798 4387
l 3799 4388
l 3800 4389
l 3801 4390
l 3802 4391
l 3803 4393
l 3804 4394
l 3805 4395
l 3806 4400
l 3808 4406
l 3809 4421
l 3810 4422
l 3811 4423
l 3812 4426
l 3813 4427
l 3814 4428
l 3815 4429
l 3816 4434
l 3817 4435
l 3818 4436
l 3819 4437
l 3820 4438
l 3821 4439
l 3822 4441
l 3822 4443
l 3823 4443
l 3824 4443
l 3825 4450
l 3826 4452
l 3827 4453
l 3828 4454
l 3829 4455
l 3830 4456
l 3830 4457
l 3830 4458
l 3831 4458
l 3833 4462
l 3834 4463
l 3834 4467
l 3834 4468
l 3835 4465
l 3836 4466
l 3837 4468
l 3838 4468
l 3838 4475
l 3838 4476
l 3839 4474
l 3840 4501
l 3842 4503
l 3843 4504
l 3844 4506
l 3845 4498
l 3845 4499
l 3845 4506
l 3846 4507
l 3847 4505
l 3847 4506
l 3847 4508
l 3848 4510
l 3849 4511
l 3850 4512
l 3851 4519
l 3852 4522
l 3853 4523
l 3854 4524
l 3855 4525
l 3856 4526
l 3857 4527
l 3858 4529
l 3859 4530
l 3860 4536
l 3861 4538
l 3862 4540
l 3863 4543
l 3864 4544
l 3864 4549
l 3864 4552
l 3865 4553
l 3866 4554
l 3867 4557
l 3868 4567
l 3869 4568
l 3870 4573
l 3870 4576
l 3871 4570
l 3872 4571
l 3873 4572
l 3874 4576
l 3875 4574
l 3876 4575
l 3877 4576
l 3878 4577
l 3879 4585
l 3880 4588
l 3880 4590
l 3880 4591
l 3881 4589
l 3882 4591
l 3883 4591
l 3883 4596
l 3883 4599
l 3884 4595
l 3885 4602
l 3886 4603
l 3887 4607
l 3888 4611
l 3889 4614
l 3889 4616
l 3889 4617
l 3890 4618
l 3891 4619
l 3892 4616
l 3893 4621
l 3894 4623
l 3895 4624
l 3896 4616
l 3896 4620
l 3897 4626
l 3898 4632
l 3899 4633
l 3900 4633
l 3900 4637
l 3901 4633
l 3902 4638
l 3985 4639
l 3987 4640
l 3989 4641
l 3990 4642
l 3992 4643
l 3993 4644
l 3994 4645
l 3995 4646
l 3997 4647
l 3998 4648
l 4649 4671
l 4650 4752
l 4651 4752
l 4652 4754
l 4653 4753
l 4654 4756
l 4655 4755
l 4656 4756
l 4657 4757
l 4658 4757
l 4659 4758
l 4660 4759
l 4661 4759
l 4662 4760
l 4663 4761
l 4664 4762
l 4665 4763
l 4666 4764
l 4667 4763
l 4668 4764
l 4669 4765
l 4670 4766
l 4672 4673
l 4672 4674
l 4673 4675
l 4674 4676
l 4675 4677
l 4676 4678
l 4677 4679
l 4678 4680
l 4679 4681
l 4680 4682
l 4681 4683
l 4682 4684
l 4683 4685
l 4684 4686
l 4685 4687
l 4686 4688
l 4687 4689
l 4688 4690
l 4689 4691
l 4690 4692
l 4691 4693
l 4692 4694
l 4693 4695
l 4694 4696
l 4695 4697
l 4696 4698
l 4697 4699
l 4698 4700
l 4699 4701
l 4700 4702
l 4701 4703
l 4702 4704
l 4703 4705
l 4704 4706
l 4705 4707
l 4706 4708
l 4707 4709
l 4708 4710
l 4709 4711
l 4710 4712
l 4711 4713
l 4712 4714
l 4713 4715
l 4714 4716
l 4715 4717
l 4716 4718
l 4717 4719
l 4718 4720
l 4719 4721
l 4720 4722
l 4721 4723
l 4722 4724
l 4723 4725
l 4724 4726
l 4725 4727
l 4726 4728
l 4727 4729
l 4728 4730
l 4729 4731
l 4730 4732
l 4731 4733
l 4732 4734
l 4733 4735
l 4734 4736
l 4735 4737
l 4736 4738
l 4737 4739
l 4738 4740
l 4739 4741
l 4740 4742
l 4741 4743
l 4742 4744
l 4743 4745
l 4744 4746
l 4745 4747
l 4746 4748
l 4747 4749
l 4748 4750
l 4749 4751
l 4750 4751
l 4767 4783
l 4768 4785
l 4769 4786
l 4770 4788
l 4771 4789
l 4772 4790
l 4773 4791
l 4774 4792
l 4775 4793
l 4776 4794
l 4777 4795
l 4778 4796
l 4779 4797
l 4780 4798
l 4781 4799
l 4782 4800
l 4783 4843
l 4784 4875
l 4785 4878
l 4786 4886
l 4787 4908
l 4788 4916
l 4789 4957
l 4790 5118
l 4801 4802
l 4801 4803
l 4802 4804
l 4803 4806
l 4804 4805
l 4805 4808
l 4806 4807
l 4807 4810
l 4808 4809
l 4809 4812
l 4810 4811
l 4811 4814
l 4812 4813
l 4813 4815
l 4814 4816
l 4815 4817
l 4816 4818
l 4817 4828
l 4818 4827
l 4827 4834
l 4828 4833
l 4833 4839
l 4834 4840
l 4839 4843
l 4840 4844
l 4843 4848
l 4844 4849
l 4848 4853
l 4849 4854
l 4853 4857
l 4854 4858
l 4857 4861
l 4858 4862
l 4861 4866
l 4862 4867
l 4866 4870
l 4867 4871
l 4870 4874
l 4871 4875
l 4874 4878
l 4875 4879
l 4878 4882
l 4879 4883
l 4882 4886
l 4883 4887
l 4886 4890
l 4887 4891
l 4890 4894
l 4891 4895
l 4894 4898
l 4895 4899
l 4898 4902
l 4899 4904
l 4902 4907
l 4904 4908
l 4907 4911
l 4908 4912
l 4911 4915
l 4912 4916
l 4915 4919
l 4916 4920
l 4919 4923
l 4920 4924
l 4923 4927
l 4924 4928
l 4927 4931
l 4928 4932
l 4931 4935
l 4932 4936
l 4935 4939
l 4936 4940
l 4939 4943
l 4940 4944
l 4943 4947
l 4944 4948
l 4947 4951
l 4948 4953
l 4951 4956
l 4953 4957
l 4956 4960
l 4957 4961
l 4960 4964
l 4961 4966
l 4964 4969
l 4966 4970
l 4969 4973
l 4970 4974
l 4973 4977
l 4974 4978
l 4977 4981
l 4978 4982
l 4981 4985
l 4982 4986
l 4985 4989
l 4986 4990
l 4989 4993
l 4990 4994
l 4993 4997
l 4994 4998
l 4997 5001
l 4998 5002
l 5001 5005
l 5002 5006
l 5005 5009
l 5006 5010
l 5009 5013
l 5010 5015
l 5013 5018
l 5015 5019
l 5018 5023
l 5019 5024
l 5023 5027
l 5024 5028
l 5027 5031
l 5028 5032
l 5031 5035
l 5032 5036
l 5035 5039
l 5036 5040
l 5039 5043
l 5040 5044
l 5043 5047
l 5044 5048
l 5047 5052
l 5048 5053
l 5052 5057
l 5053 5058
l 5057 5061
l 5058 5062
l 5061 5065
l 5062 5066
l 5065 5070
l 5066 5071
l 5070 5075
l 5071 5076
l 5075 5079
l 5076 5080
l 5079 5085
l 5080 5086
l 5085 5091
l 5086 5092
l 5091 5101
l 5092 5102
l 5101 5103
l 5102 5104
l 5103 5105
l 5104 5106
l 5105 5107
l 5106 5108
l 5107 5109
l 5108 5110
l 5109 5112
l 5110 5111
l 5111 5114
l 5112 5113
l 5113 5117
l 5114 5115
l 5115 5118
l 5116 5117
l 5116 5118
l 5119 5120
l 5119 5121
l 5120 5122
l 5121 5123
l 5122 5124
l 5123 5125
l 5124 5126
l 5125 5127
l 5126 5131
l 5127 5132
l 5128 5129
l 5128 5130
l 5129 5133
l 5130 5134
l 5131 5137
l 5132 5138
l 5133 5135
l 5134 5136
l 5135 5139
l 5136 5140
l 5137 5143
l 5138 5144
l 5139 5141
l 5140 5142
l 5141 5145
l 5142 5146
l 5143 5147
l 5144 5148
l 5145 5149
l 5146 5150
l 5147 5151
l 5148 5152
l 5149 5153
l 5150 5154
l 5151 5155
l 5152 5156
l 5153 5157
l 5154 5158
l 5155 5161
l 5156 5162
l 5157 5159
l 5158 5160
l 5159 5163
l 5160 5164
l 5161 5165
l 5162 5166
l 5163 5167
l 5164 5168
l 5165 5169
l 5166 5170
l 5167 5171
l 5168 5172
l 5169 5173
l 5170 5174
l 5171 5175
l 5172 5176
l 5173 5177
l 5174 5178
l 5175 5179
l 5176 5180
l 5177 5181
l 5178 5182
l 5179 5183
l 5180 5184
l 5181 5185
l 5182 5186
l 5183 5187
l 5184 5188
l 5185 5189
l 5186 5190
l 5187 5191
l 5188 5192
l 5189 5193
l 5190 5194
l 5191 5195
l 5192 5196
l 5193 5197
l 5194 5198
l 5195 5199
l 5196 5200
l 5197 5201
l 5198 5202
l 5199 5203
l 5200 5204
l 5201 5205
l 5202 5206
l 5203 5207
l 5204 5208
l 5205 5209
l 5206 5210
l 5207 5211
l 5208 5212
l 5209 5213
l 5210 5214
l 5211 5215
l 5212 5216
l 5213 5217
l 5214 5218
l 5215 5219
l 5216 5220
l 5217 5221
l 5218 5222
l 5219 5223
l 5220 5224
l 5221 5225
l 5222 5226
l 5223 5227
l 5224 5228
l 5225 5229
l 5226 5230
l 5227 5231
l 5228 5232
l 5229 5233
l 5230 5234
l 5231 5235
l 5232 5236
l 5233 5237
l 5234 5240
l 5235 5238
l 5236 5239
l 5237 5243
l 5238 5241
l 5239 5242
l 5240 5244
l 5241 5245
l 5242 5246
l 5243 5247
l 5244 5248
l 5245 5249
l 5246 5250
l 5247 5251
l 5248 5252
l 5249 5253
l 5250 5254
l 5251 5255
l 5252 5256
l 5253 5257
l 5254 5258
l 5255 5259
l 5256 5260
l 5257 5261
l 5258 5262
l 5259 5263
l 5260 5264
l 5261 5265
l 5262 5266
l 5263 5267
l 5264 5268
l 5265 5269
l 5266 5270
l 5267 5271
l 5268 5272
l 5269 5273
l 5270 5274
l 5271 5275
l 5272 5276
l 5273 5277
l 5274 5278
l 5275 5279
l 5276 5280
l 5277 5281
l 5278 5282
l 5279 5283
l 5280 5284
l 5281 5285
l 5282 5286
l 5283 5287
l 5284 5288
l 5285 5289
l 5286 5290
l 5287 5291
l 5288 5292
l 5289 5293
l 5290 5294
l 5291 5295
l 5292 5296
l 5293 5297
l 5294 5298
l 5295 5299
l 5296 5300
l 5297 5301
l 5298 5302
l 5299 5303
l 5300 5304
l 5301 5305
l 5302 5306
l 5303 5307
l 5304 5308
l 5305 5309
l 5306 5310
l 5307 5311
l 5308 5312
l 5309 5313
l 5310 5314
l 5311 5315
l 5312 5316
l 5313 5317
l 5314 5318
l 5315 5321
l 5316 5322
l 5317 5319
l 5318 5320
l 5319 5323
l 5320 5324
l 5321 5325
l 5322 5326
l 5323 5327
l 5324 5328
l 5325 5329
l 5326 5330
l 5327 5331
l 5328 5332
l 5329 5333
l 5330 5334
l 5331 5335
l 5332 5336
l 5333 5339
l 5334 5340
l 5335 5337
l 5336 5338
l 5337 5341
l 5338 5342
l 5339 5343
l 5340 5346
l 5341 5344
l 5342 5345
l 5343 5350
l 5344 5347
l 5345 5348
l 5346 5351
l 5347 5349
l 5348 5349
l 5350 5352
l 5351 5353
l 5352 5354
l 5353 5355
l 5354 5356
l 5355 5357
l 5356 5358
l 5357 5358
l 5359 5361
l 5359 5437
l 5360 5362
l 5360 5435
l 5361 5439
l 5362 5436
l 5363 5365
l 5363 5441
l 5364 5366
l 5364 5438
l 5365 5443
l 5366 5440
l 5367 5369
l 5367 5445
l 5368 5370
l 5368 5442
l 5369 5447
l 5370 5444
l 5371 5373
l 5371 5449
l 5372 5374
l 5372 5446
l 5373 5451
l 5374 5448
l 5375 5450
l 5376 5452
l 5377 5379
l 5377 5455
l 5378 5380
l 5378 5453
l 5379 5457
l 5380 5454
l 5381 5382
l 5381 5456
l 5382 5458
l 5383 5384
l 5383 5460
l 5384 5462
l 5385 5386
l 5385 5465
l 5386 5467
l 5387 5388
l 5387 5464
l 5388 5466
l 5389 5391
l 5389 5468
l 5390 5471
l 5391 5393
l 5392 5394
l 5392 5473
l 5393 5470
l 5394 5475
l 5395 5396
l 5395 5477
l 5396 5479
l 5397 5398
l 5397 5481
l 5398 5483
l 5399 5400
l 5399 5485
l 5400 5487
l 5401 5402
l 5401 5489
l 5402 5491
l 5403 5404
l 5403 5493
l 5404 5495
l 5405 5406
l 5405 5497
l 5406 5499
l 5407 5408
l 5407 5501
l 5408 5503
l 5409 5410
l 5409 5500
l 5410 5411
l 5411 5504
l 5412 5414
l 5412 5505
l 5413 5415
l 5413 5508
l 5414 5506
l 5415 5510
l 5416 5418
l 5416 5507
l 5417 5419
l 5417 5512
l 5418 5420
l 5419 5514
l 5420 5511
l 5421 5423
l 5421 5513
l 5422 5424
l 5422 5517
l 5423 5425
l 5424 5519
l 5425 5516
l 5426 5428
l 5426 5521
l 5427 5429
l 5427 5518
l 5428 5523
l 5429 5520
l 5430 5432
l 5430 5522
l 5431 5433
l 5431 5526
l 5432 5434
l 5433 5528
l 5434 5525
l 5435 5436
l 5437 5439
l 5438 5440
l 5441 5443
l 5442 5444
l 5445 5447
l 5446 5448
l 5447 5449
l 5449 5451
l 5450 5452
l 5453 5454
l 5455 5457
l 5456 5458
l 5459 5461
l 5459 5572
l 5461 5574
l 5463 5464
l 5463 5573
l 5465 5467
l 5466 5577
l 5468 5469
l 5469 5470
l 5470 5472
l 5472 5585
l 5473 5475
l 5474 5587
l 5476 5478
l 5476 5589
l 5478 5591
l 5479 5596
l 5480 5482
l 5480 5593
l 5481 5483
l 5482 5595
l 5484 5486
l 5484 5597
l 5485 5487
l 5486 5599
l 5488 5490
l 5488 5601
l 5489 5491
l 5490 5603
l 5492 5494
l 5492 5605
l 5493 5610
l 5494 5607
l 5495 5612
l 5496 5498
l 5496 5609
l 5497 5499
l 5498 5611
l 5500 5613
l 5501 5503
l 5502 5504
l 5505 5506
l 5507 5623
l 5508 5510
l 5509 5511
l 5509 5625
l 5513 5515
l 5515 5516
l 5517 5638
l 5518 5635
l 5519 5640
l 5520 5637
l 5521 5523
l 5522 5524
l 5524 5525
l 5526 5648
l 5527 5529
l 5527 5645
l 5528 5650
l 5529 5647
l 5530 5652
l 5531 5533
l 5531 5649
l 5532 5654
l 5533 5651
l 5534 5536
l 5534 5656
l 5535 5537
l 5535 5653
l 5536 5658
l 5537 5655
l 5538 5540
l 5538 5660
l 5539 5541
l 5539 5657
l 5540 5661
l 5541 5659
l 5542 5543
l 5542 5544
l 5543 5545
l 5544 5546
l 5545 5547
l 5546 5548
l 5546 5662
l 5547 5549
l 5548 5550
l 5548 5663
l 5549 5551
l 5550 5552
l 5550 5664
l 5551 5553
l 5552 5554
l 5553 5555
l 5554 5556
l 5555 5557
l 5556 5558
l 5557 5559
l 5558 5560
l 5559 5561
l 5560 5562
l 5561 5563
l 5561 5668
l 5562 5564
l 5563 5565
l 5563 5669
l 5564 5566
l 5565 5567
l 5566 5568
l 5567 5569
l 5568 5570
l 5569 5571
l 5570 5572
l 5571 5573
l 5573 5575
l 5574 5576
l 5575 5577
l 5576 5578
l 5577 5579
l 5578 5580
l 5579 5581
l 5580 5582
l 5581 5583
l 5582 5584
l 5583 5585
l 5584 5586
l 5584 5673
l 5586 5588
l 5587 5589
l 5588 5590
l 5590 5592
l 5591 5593
l 5592 5594
l 5593 5595
l 5593 5674
l 5595 5597
l 5595 5675
l 5596 5598
l 5596 5677
l 5597 5599
l 5597 5676
l 5598 5600
l 5599 5601
l 5600 5602
l 5601 5603
l 5602 5604
l 5603 5605
l 5604 5606
l 5605 5607
l 5606 5608
l 5607 5609
l 5608 5610
l 5609 5611
l 5610 5612
l 5611 5613
l 5612 5614
l 5613 5615
l 5614 5616
l 5615 5617
l 5616 5618
l 5617 5619
l 5618 5620
l 5619 5621
l 5620 5622
l 5620 5682
l 5621 5623
l 5622 5624
l 5624 5626
l 5625 5627
l 5626 5628
l 5627 5629
l 5628 5630
l 5629 5631
l 5630 5632
l 5631 5633
l 5632 5634
l 5633 5635
l 5634 5636
l 5636 5638
l 5637 5639
l 5638 5640
l 5639 5641
l 5640 5642
l 5641 5643
l 5642 5644
l 5643 5645
l 5644 5646
l 5645 5647
l 5646 5648
l 5647 5649
l 5648 5650
l 5649 5651
l 5650 5652
l 5651 5653
l 5652 5654
l 5652 5687
l 5653 5655
l 5654 5656
l 5654 5688
l 5655 5657
l 5656 5658
l 5656 5689
l 5657 5659
l 5658 5660
l 5659 5661
l 5660 5661
l 5665 5667
l 5666 5668
l 5666 5714
l 5669 5722
l 5670 5744
l 5671 5672
l 5672 5777
l 5674 5675
l 5678 5679
l 5679 5843
l 5680 5681
l 5681 5851
l 5682 5683
l 5684 5897
l 5685 5686
l 5687 5688
l 5690 5691
l 5690 5692
l 5691 5693
l 5692 5694
l 5693 5695
l 5694 5696
l 5695 5697
l 5696 5698
l 5697 5704
l 5698 5705
l 5699 5700
l 5699 5701
l 5700 5702
l 5701 5703
l 5702 5706
l 5703 5707
l 5704 5708
l 5705 5711
l 5706 5709
l 5707 5710
l 5707 5930
l 5708 5714
l 5709 5712
l 5710 5713
l 5711 5715
l 5712 5716
l 5713 5717
l 5714 5718
l 5715 5719
l 5716 5720
l 5717 5721
l 5718 5722
l 5719 5723
l 5720 5724
l 5721 5725
l 5722 5726
l 5723 5727
l 5724 5728
l 5725 5729
l 5726 5732
l 5727 5733
l 5728 5730
l 5729 5731
l 5730 5734
l 5731 5735
l 5732 5736
l 5733 5737
l 5734 5738
l 5735 5739
l 5735 5933
l 5736 5740
l 5737 5741
l 5738 5742
l 5739 5743
l 5740 5744
l 5741 5745
l 5742 5746
l 5743 5747
l 5744 5748
l 5745 5749
l 5746 5750
l 5747 5751
l 5748 5752
l 5749 5753
l 5750 5754
l 5751 5755
l 5752 5756
l 5753 5757
l 5754 5758
l 5755 5759
l 5756 5760
l 5757 5761
l 5758 5762
l 5759 5763
l 5760 5764
l 5761 5765
l 5762 5766
l 5763 5767
l 5763 5935
l 5764 5768
l 5765 5769
l 5766 5770
l 5767 5771
l 5768 5772
l 5769 5773
l 5770 5774
l 5771 5775
l 5772 5776
l 5773 5777
l 5774 5778
l 5775 5779
l 5776 5780
l 5777 5781
l 5778 5782
l 5779 5783
l 5780 5784
l 5781 5785
l 5782 5786
l 5783 5787
l 5784 5788
l 5785 5789
l 5786 5790
l 5787 5791
l 5788 5792
l 5789 5793
l 5790 5794
l 5791 5795
l 5792 5796
l 5793 5797
l 5794 5798
l 5795 5799
l 5796 5800
l 5797 5801
l 5798 5802
l 5799 5803
l 5800 5804
l 5801 5805
l 5802 5806
l 5803 5807
l 5804 5808
l 5805 5811
l 5806 5809
l 5807 5810
l 5808 5814
l 5809 5812
l 5810 5813
l 5811 5815
l 5812 5816
l 5813 5817
l 5814 5818
l 5815 5819
l 5816 5820
l 5817 5821
l 5818 5822
l 5819 5823
l 5820 5824
l 5821 5825
l 5822 5826
l 5823 5827
l 5824 5828
l 5825 5829
l 5826 5830
l 5827 5831
l 5828 5832
l 5829 5833
l 5830 5834
l 5831 5835
l 5832 5836
l 5833 5837
l 5834 5838
l 5835 5839
l 5836 5840
l 5837 5841
l 5838 5842
l 5839 5843
l 5840 5844
l 5841 5845
l 5842 5846
l 5843 5847
l 5844 5848
l 5845 5849
l 5846 5850
l 5847 5851
l 5848 5852
l 5849 5853
l 5850 5854
l 5851 5855
l 5852 5856
l 5853 5857
l 5854 5858
l 5855 5859
l 5856 5860
l 5857 5861
l 5858 5862
l 5859 5863
l 5860 5864
l 5861 5865
l 5862 5866
l 5863 5867
l 5864 5868
l 5865 5869
l 5866 5870
l 5867 5871
l 5868 5872
l 5869 5873
l 5870 5874
l 5871 5875
l 5872 5876
l 5873 5877
l 5874 5878
l 5875 5879
l 5876 5880
l 5877 5881
l 5878 5882
l 5879 5883
l 5880 5884
l 5881 5885
l 5882 5886
l 5883 5887
l 5884 5888
l 5885 5889
l 5886 5890
l 5887 5893
l 5888 5891
l 5889 5892
l 5890 5896
l 5891 5894
l 5892 5895
l 5893 5897
l 5894 5898
l 5894 5946
l 5895 5899
l 5896 5900
l 5897 5901
l 5898 5902
l 5899 5903
l 5900 5904
l 5901 5905
l 5902 5906
l 5903 5907
l 5904 5908
l 5905 5911
l 5906 5909
l 5907 5910
l 5908 5914
l 5909 5912
l 5910 5913
l 5910 5951
l 5911 5917
l 5912 5915
l 5913 5916
l 5914 5921
l 5915 5918
l 5916 5919
l 5917 5922
l 5918 5920
l 5919 5920
l 5921 5923
l 5922 5924
l 5923 5925
l 5924 5926
l 5925 5927
l 5926 5928
l 5927 5929
l 5928 5929
l 5930 5931
l 5932 5969
l 5934 5987
l 5935 5992
l 5936 5993
l 5937 5938
l 5939 5940
l 5941 6032
l 5942 6034
l 5943 6035
l 5944 5945
l 5947 5948
l 5949 5950
l 5950 5951
l 5952 5953
l 5952 5954
l 5953 5955
l 5954 5956
l 5955 5957
l 5956 5958
l 5957 5959
l 5958 5960
l 5959 5961
l 5960 5962
l 5961 5963
l 5962 5964
l 5963 5965
l 5964 5966
l 5965 5967
l 5966 5968
l 5967 5969
l 5968 5970
l 5969 5971
l 5970 5972
l 5971 5973
l 5972 5974
l 5973 5975
l 5974 5976
l 5975 5977
l 5976 5978
l 5977 5979
l 5978 5980
l 5980 5982
l 5981 5983
l 5983 5985
l 5984 5986
l 5985 5987
l 5986 5988
l 5987 5989
l 5988 5990
l 5989 5991
l 5990 5992
l 5991 5993
l 5992 5994
l 5993 5995
l 5994 5996
l 5995 5997
l 5996 5998
l 5997 5999
l 5998 6000
l 5999 6001
l 6000 6002
l 6001 6003
l 6002 6004
l 6003 6005
l 6004 6006
l 6005 6007
l 6006 6008
l 6007 6009
l 6008 6010
l 6009 6011
l 6010 6012
l 6011 6013
l 6012 6014
l 6013 6015
l 6014 6016
l 6015 6017
l 6016 6018
l 6017 6019
l 6018 6020
l 6019 6021
l 6020 6022
l 6021 6023
l 6022 6024
l 6023 6025
l 6024 6026
l 6025 6027
l 6026 6028
l 6027 6029
l 6028 6030
l 6029 6031
l 6030 6032
l 6031 6033
l 6032 6034
l 6033 6035
l 6034 6036
l 6035 6037
l 6036 6038
l 6037 6039
l 6038 6040
l 6039 6041
l 6040 6042
l 6041 6043
l 6042 6044
l 6043 6045
l 6044 6046
l 6045 6047
l 6046 6048
l 6047 6049
l 6048 6050
l 6049 6051
l 6050 6052
l 6051 6053
l 6052 6054
l 6053 6055
l 6054 6056
l 6055 6057
l 6056 6058
l 6057 6059
l 6058 6060
l 6059 6061
l 6060 6062
l 6061 6063
l 6062 6064
l 6063 6065
l 6064 6066
l 6065 6067
l 6066 6068
l 6067 6069
l 6068 6070
l 6069 6071
l 6070 6071
l 6072 6073
l 6072 6074
l 6073 6075
l 6074 6076
l 6075 6077
l 6076 6078
l 6077 6079
l 6077 6192
l 6078 6080
l 6079 6081
l 6080 6082
l 6081 6083
l 6082 6084
l 6082 6195
l 6083 6085
l 6084 6086
l 6085 6087
l 6086 6088
l 6087 6089
l 6088 6090
l 6088 6198
l 6089 6091
l 6090 6092
l 6091 6093
l 6092 6094
l 6093 6095
l 6094 6096
l 6095 6097
l 6096 6098
l 6097 6099
l 6098 6100
l 6099 6101
l 6100 6102
l 6101 6103
l 6102 6104
l 6103 6105
l 6104 6106
l 6105 6107
l 6106 6108
l 6107 6109
l 6108 6110
l 6109 6111
l 6110 6112
l 6111 6113
l 6112 6114
l 6113 6115
l 6114 6116
l 6114 6202
l 6115 6117
l 6116 6118
l 6117 6119
l 6118 6120
l 6119 6121
l 6120 6122
l 6121 6123
l 6122 6124
l 6123 6125
l 6124 6126
l 6125 6127
l 6126 6128
l 6127 6129
l 6128 6130
l 6129 6131
l 6130 6132
l 6131 6133
l 6132 6134
l 6133 6135
l 6134 6136
l 6135 6137
l 6136 6138
l 6136 6208
l 6137 6139
l 6138 6140
l 6139 6141
l 6140 6142
l 6141 6143
l 6142 6144
l 6143 6145
l 6144 6146
l 6145 6147
l 6146 6148
l 6147 6149
l 6148 6150
l 6149 6151
l 6150 6152
l 6151 6153
l 6152 6154
l 6153 6155
l 6153 6214
l 6154 6156
l 6155 6157
l 6156 6158
l 6157 6159
l 6158 6160
l 6159 6161
l 6159 6215
l 6160 6162
l 6161 6163
l 6161 6216
l 6162 6164
l 6163 6165
l 6164 6166
l 6165 6167
l 6166 6168
l 6167 6169
l 6168 6170
l 6169 6171
l 6170 6172
l 6171 6173
l 6171 6217
l 6172 6174
l 6173 6175
l 6174 6176
l 6175 6177
l 6176 6178
l 6177 6179
l 6178 6180
l 6179 6181
l 6180 6182
l 6181 6183
l 6182 6184
l 6183 6185
l 6184 6186
l 6185 6187
l 6186 6188
l 6187 6189
l 6188 6190
l 6189 6191
l 6190 6191
l 6193 6194
l 6194 6223
l 6195 6196
l 6196 6197
l 6199 6200
l 6200 6201
l 6202 6203
l 6203 6204
l 6205 6206
l 6206 6261
l 6207 6208
l 6209 6211
l 6210 6213
l 6212 6288
l 6215 6216
l 6218 6315
l 6219 6220
l 6220 6221
l 6222 6317
l 6224 6226
l 6225 6227
l 6228 6229
l 6230 6231
l 6230 6232
l 6231 6233
l 6232 6234
l 6233 6235
l 6234 6236
l 6235 6237
l 6236 6238
l 6237 6239
l 6238 6240
l 6239 6241
l 6240 6242
l 6241 6243
l 6242 6244
l 6243 6245
l 6244 6246
l 6245 6247
l 6246 6248
l 6247 6250
l 6248 6251
l 6249 6254
l 6250 6252
l 6251 6253
l 6252 6255
l 6253 6256
l 6255 6257
l 6256 6258
l 6257 6259
l 6258 6260
l 6259 6262
l 6260 6263
l 6262 6264
l 6263 6265
l 6264 6266
l 6265 6267
l 6266 6268
l 6267 6269
l 6268 6270
l 6269 6271
l 6270 6272
l 6271 6273
l 6272 6274
l 6273 6275
l 6274 6276
l 6275 6277
l 6276 6278
l 6277 6279
l 6278 6280
l 6279 6281
l 6280 6282
l 6281 6283
l 6282 6284
l 6283 6285
l 6284 6286
l 6285 6287
l 6286 6289
l 6287 6290
l 6288 6291
l 6289 6292
l 6290 6293
l 6292 6294
l 6293 6295
l 6294 6296
l 6295 6297
l 6296 6298
l 6297 6299
l 6298 6300
l 6299 6301
l 6300 6302
l 6301 6303
l 6302 6304
l 6303 6305
l 6304 6306
l 6305 6307
l 6306 6308
l 6307 6309
l 6308 6310
l 6309 6311
l 6310 6312
l 6311 6313
l 6312 6314
l 6313 6314
l 6315 6316
l 6318 6319
l 6318 6321
l 6319 6322
l 6320 6323
l 6320 6324
l 6321 6325
l 6322 6328
l 6323 6326
l 6324 6327
l 6325 6329
l 6326 6330
l 6327 6331
l 6328 6332
l 6329 6333
l 6330 6334
l 6331 6335
l 6332 6336
l 6333 6337
l 6334 6338
l 6335 6339
l 6336 6340
l 6337 6341
l 6338 6342
l 6339 6343
l 6340 6344
l 6341 6345
l 6342 6346
l 6343 6347
l 6344 6348
l 6345 6349
l 6346 6350
l 6347 6351
l 6348 6352
l 6348 6571
l 6349 6353
l 6350 6354
l 6351 6355
l 6352 6356
l 6352 6573
l 6353 6357
l 6354 6358
l 6355 6359
l 6356 6360
l 6357 6361
l 6358 6362
l 6359 6363
l 6360 6364
l 6361 6365
l 6362 6366
l 6363 6367
l 6364 6368
l 6365 6369
l 6366 6370
l 6367 6371
l 6368 6372
l 6369 6373
l 6370 6374
l 6371 6375
l 6372 6376
l 6373 6377
l 6374 6378
l 6375 6379
l 6376 6380
l 6377 6381
l 6378 6382
l 6379 6383
l 6380 6384
l 6381 6385
l 6382 6386
l 6383 6387
l 6384 6388
l 6385 6389
l 6386 6390
l 6387 6391
l 6388 6392
l 6389 6393
l 6390 6394
l 6391 6395
l 6392 6396
l 6393 6397
l 6394 6398
l 6395 6399
l 6396 6400
l 6397 6403
l 6398 6401
l 6399 6402
l 6400 6404
l 6401 6406
l 6402 6407
l 6403 6405
l 6403 6602
l 6404 6408
l 6405 6411
l 6405 6604
l 6406 6409
l 6407 6410
l 6408 6412
l 6409 6413
l 6410 6414
l 6411 6415
l 6412 6416
l 6413 6417
l 6414 6418
l 6415 6419
l 6416 6420
l 6417 6421
l 6418 6422
l 6419 6423
l 6420 6424
l 6421 6425
l 6422 6426
l 6423 6427
l 6424 6428
l 6425 6429
l 6426 6430
l 6427 6431
l 6428 6432
l 6428 6611
l 6429 6433
l 6430 6434
l 6431 6435
l 6432 6436
l 6433 6437
l 6434 6438
l 6435 6439
l 6436 6440
l 6437 6441
l 6438 6442
l 6439 6443
l 6440 6444
l 6441 6445
l 6442 6446
l 6443 6447
l 6444 6450
l 6445 6448
l 6446 6449
l 6447 6451
l 6448 6453
l 6449 6454
l 6450 6452
l 6451 6455
l 6452 6456
l 6453 6457
l 6454 6458
l 6455 6459
l 6456 6460
l 6457 6461
l 6458 6462
l 6459 6463
l 6460 6464
l 6461 6465
l 6462 6466
l 6463 6467
l 6464 6470
l 6465 6468
l 6466 6469
l 6467 6471
l 6468 6472
l 6469 6473
l 6470 6474
l 6471 6475
l 6472 6476
l 6473 6477
l 6474 6478
l 6475 6479
l 6476 6481
l 6477 6482
l 6478 6480
l 6478 6635
l 6479 6483
l 6480 6486
l 6481 6484
l 6482 6485
l 6483 6487
l 6484 6488
l 6485 6489
l 6486 6490
l 6487 6491
l 6488 6492
l 6489 6493
l 6490 6494
l 6491 6495
l 6492 6496
l 6493 6497
l 6494 6498
l 6495 6499
l 6496 6500
l 6497 6501
l 6498 6502
l 6499 6503
l 6500 6504
l 6501 6505
l 6502 6506
l 6503 6507
l 6504 6508
l 6505 6509
l 6506 6510
l 6507 6511
l 6508 6512
l 6509 6513
l 6510 6514
l 6511 6515
l 6512 6516
l 6513 6517
l 6514 6518
l 6515 6519
l 6516 6520
l 6517 6521
l 6518 6522
l 6518 6655
l 6519 6523
l 6520 6524
l 6521 6525
l 6522 6526
l 6523 6527
l 6524 6528
l 6525 6529
l 6526 6530
l 6527 6531
l 6528 6532
l 6529 6533
l 6530 6534
l 6531 6535
l 6532 6536
l 6533 6537
l 6534 6538
l 6534 6663
l 6535 6539
l 6536 6540
l 6537 6541
l 6538 6542
l 6539 6543
l 6540 6544
l 6541 6545
l 6542 6546
l 6543 6547
l 6544 6548
l 6545 6549
l 6546 6552
l 6547 6553
l 6547 6674
l 6548 6550
l 6549 6551
l 6550 6555
l 6551 6555
l 6552 6554
l 6553 6556
l 6554 6557
l 6556 6557
l 6558 6559
l 6558 6560
l 6559 6561
l 6560 6562
l 6561 6563
l 6562 6564
l 6563 6565
l 6564 6566
l 6565 6567
l 6566 6568
l 6567 6569
l 6568 6570
l 6569 6571
l 6570 6572
l 6571 6573
l 6572 6574
l 6573 6575
l 6574 6576
l 6575 6577
l 6576 6578
l 6577 6579
l 6578 6580
l 6579 6581
l 6580 6582
l 6581 6583
l 6582 6584
l 6583 6585
l 6584 6586
l 6585 6587
l 6586 6588
l 6587 6589
l 6588 6590
l 6589 6591
l 6590 6592
l 6591 6593
l 6592 6594
l 6593 6595
l 6594 6596
l 6595 6597
l 6596 6598
l 6597 6599
l 6598 6600
l 6599 6601
l 6600 6602
l 6601 6603
l 6602 6604
l 6603 6605
l 6604 6606
l 6605 6607
l 6606 6608
l 6607 6609
l 6608 6610
l 6609 6611
l 6610 6612
l 6611 6613
l 6612 6614
l 6613 6615
l 6614 6616
l 6615 6617
l 6616 6618
l 6617 6619
l 6618 6620
l 6619 6621
l 6620 6622
l 6621 6623
l 6622 6624
l 6623 6625
l 6624 6626
l 6625 6627
l 6626 6628
l 6627 6629
l 6628 6630
l 6629 6631
l 6630 6632
l 6631 6633
l 6632 6634
l 6633 6635
l 6634 6636
l 6635 6637
l 6636 6638
l 6637 6639
l 6638 6640
l 6639 6641
l 6640 6642
l 6641 6643
l 6642 6644
l 6643 6645
l 6644 6646
l 6645 6647
l 6646 6648
l 6647 6649
l 6648 6650
l 6649 6651
l 6650 6652
l 6651 6653
l 6652 6654
l 6653 6655
l 6654 6656
l 6655 6657
l 6656 6658
l 6657 6659
l 6658 6660
l 6659 6661
l 6660 6662
l 6661 6663
l 6662 6664
l 6663 6665
l 6664 6666
l 6665 6667
l 6666 6668
l 6667 6669
l 6668 6670
l 6669 6671
l 6670 6672
l 6671 6673
l 6672 6674
l 6673 6675
l 6674 6676
l 6675 6677
l 6676 6677
l 6678 6679
l 6678 6680
l 6679 6681
l 6680 6682
l 6681 6683
l 6682 6684
l 6683 6685
l 6684 6686
l 6685 6687
l 6686 6688
l 6687 6689
l 6688 6690
l 6689 6691
l 6690 6692
l 6691 6693
l 6692 6694
l 6692 6814
l 6693 6695
l 6694 6696
l 6695 6697
l 6696 6698
l 6697 6699
l 6698 6700
l 6699 6701
l 6700 6702
l 6701 6703
l 6702 6704
l 6703 6705
l 6704 6706
l 6705 6707
l 6706 6708
l 6707 6709
l 6707 6825
l 6708 6710
l 6709 6711
l 6710 6712
l 6710 6832
l 6711 6713
l 6712 6714
l 6713 6715
l 6714 6716
l 6715 6717
l 6716 6718
l 6717 6719
l 6718 6720
l 6719 6721
l 6720 6722
l 6721 6723
l 6722 6724
l 6722 6844
l 6723 6725
l 6724 6726
l 6725 6727
l 6726 6728
l 6727 6729
l 6728 6730
l 6729 6731
l 6730 6732
l 6731 6733
l 6732 6734
l 6733 6735
l 6734 6736
l 6735 6737
l 6736 6738
l 6737 6739
l 6738 6740
l 6739 6741
l 6740 6742
l 6741 6743
l 6742 6744
l 6743 6745
l 6744 6746
l 6745 6747
l 6746 6748
l 6747 6749
l 6748 6750
l 6749 6751
l 6750 6752
l 6751 6753
l 6752 6754
l 6753 6755
l 6754 6756
l 6755 6757
l 6756 6758
l 6757 6759
l 6758 6760
l 6759 6761
l 6760 6762
l 6761 6763
l 6762 6764
l 6763 6765
l 6764 6766
l 6764 6886
l 6765 6767
l 6766 6768
l 6767 6769
l 6767 6885
l 6768 6770
l 6769 6771
l 6769 6887
l 6770 6772
l 6771 6773
l 6772 6774
l 6773 6775
l 6774 6776
l 6775 6777
l 6776 6778
l 6777 6779
l 6778 6780
l 6779 6781
l 6780 6782
l 6781 6783
l 6782 6784
l 6783 6785
l 6784 6786
l 6785 6787
l 6786 6788
l 6787 6789
l 6788 6790
l 6789 6791
l 6790 6792
l 6791 6793
l 6792 6794
l 6793 6795
l 6794 6796
l 6795 6797
l 6796 6797
l 6798 6799
l 6798 6800
l 6799 6801
l 6800 6802
l 6801 6803
l 6802 6804
l 6803 6805
l 6804 6806
l 6805 6807
l 6806 6808
l 6807 6809
l 6808 6810
l 6809 6811
l 6810 6812
l 6811 6813
l 6812 6814
l 6813 6815
l 6814 6816
l 6815 6817
l 6816 6818
l 6817 6819
l 6818 6820
l 6819 6821
l 6820 6822
l 6821 6823
l 6822 6824
l 6823 6825
l 6824 6826
l 6825 6827
l 6826 6828
l 6827 6829
l 6828 6830
l 6829 6831
l 6830 6832
l 6831 6833
l 6832 6834
l 6833 6835
l 6834 6836
l 6835 6837
l 6836 6838
l 6837 6839
l 6838 6840
l 6839 6841
l 6840 6842
l 6841 6843
l 6842 6844
l 6843 6845
l 6844 6846
l 6845 6847
l 6846 6848
l 6847 6849
l 6848 6850
l 6849 6851
l 6850 6852
l 6851 6853
l 6852 6854
l 6853 6855
l 6854 6856
l 6855 6857
l 6856 6858
l 6857 6859
l 6858 6860
l 6859 6861
l 6860 6862
l 6861 6863
l 6862 6864
l 6863 6865
l 6864 6866
l 6865 6867
l 6866 6868
l 6867 6869
l 6868 6870
l 6869 6871
l 6870 6872
l 6871 6873
l 6872 6874
l 6873 6875
l 6874 6876
l 6875 6877
l 6876 6878
l 6877 6879
l 6878 6880
l 6879 6881
l 6880 6882
l 6881 6883
l 6882 6884
l 6883 6885
l 6884 6886
l 6885 6887
l 6886 6888
l 6887 6889
l 6888 6890
l 6889 6891
l 6890 6892
l 6891 6893
l 6892 6894
l 6893 6895
l 6894 6896
l 6895 6897
l 6896 6898
l 6897 6899
l 6898 6900
l 6899 6901
l 6900 6902
l 6901 6903
l 6902 6904
l 6903 6905
l 6904 6906
l 6905 6907
l 6906 6908
l 6907 6909
l 6908 6910
l 6909 6911
l 6910 6912
l 6911 6913
l 6912 6914
l 6913 6915
l 6914 6916
l 6915 6917
l 6916 6917
l 6918 6919
l 6918 6920
l 6919 6921
l 6920 6922
l 6921 6923
l 6922 6924
l 6923 6925
l 6924 6926
l 6924 7040
l 6925 6927
l 6926 6928
l 6926 7041
l 6927 6929
l 6928 6930
l 6929 6931
l 6930 6932
l 6931 6933
l 6932 6934
l 6933 6935
l 6934 6936
l 6935 6937
l 6936 6938
l 6937 6939
l 6938 6940
l 6939 6941
l 6940 6942
l 6941 6943
l 6942 6944
l 6943 6945
l 6944 6946
l 6945 6947
l 6946 6948
l 6947 6949
l 6948 6950
l 6949 6951
l 6950 6952
l 6951 6953
l 6952 6954
l 6953 6955
l 6954 6956
l 6955 6957
l 6956 6958
l 6957 6959
l 6958 6960
l 6959 6961
l 6960 6962
l 6961 6963
l 6962 6964
l 6963 6965
l 6964 6966
l 6965 6967
l 6966 6968
l 6967 6969
l 6968 6970
l 6968 7048
l 6969 6971
l 6970 6972
l 6970 7049
l 6971 6973
l 6972 6974
l 6973 6975
l 6974 6976
l 6975 6977
l 6976 6978
l 6977 6979
l 6978 6980
l 6979 6981
l 6980 6982
l 6981 6983
l 6982 6984
l 6983 6985
l 6984 6986
l 6985 6987
l 6986 6988
l 6987 6989
l 6988 6990
l 6989 6991
l 6990 6992
l 6991 6993
l 6992 6994
l 6993 6995
l 6994 6996
l 6995 6997
l 6996 6998
l 6997 6999
l 6998 7000
l 6999 7001
l 7000 7002
l 7001 7003
l 7002 7004
l 7003 7005
l 7004 7006
l 7005 7007
l 7006 7008
l 7007 7009
l 7008 7010
l 7009 7011
l 7010 7012
l 7011 7013
l 7012 7014
l 7013 7015
l 7014 7016
l 7015 7017
l 7016 7018
l 7017 7019
l 7018 7020
l 7019 7021
l 7020 7022
l 7021 7023
l 7022 7024
l 7023 7025
l 7024 7026
l 7025 7027
l 7026 7028
l 7027 7029
l 7028 7030
l 7029 7031
l 7030 7032
l 7031 7033
l 7031 7055
l 7032 7034
l 7033 7035
l 7033 7056
l 7034 7036
l 7035 7037
l 7036 7037
l 7038 7060
l 7039 7062
l 7042 7091
l 7043 7093
l 7044 7045
l 7044 7098
l 7045 7100
l 7046 7104
l 7047 7106
l 7050 7051
l 7052 7143
l 7053 7054
l 7053 7167
l 7054 7169
l 7055 7056
l 7057 7058
l 7057 7059
l 7058 7060
l 7059 7061
l 7060 7062
l 7061 7063
l 7062 7064
l 7063 7065
l 7064 7066
l 7065 7067
l 7066 7068
l 7067 7069
l 7068 7070
l 7069 7071
l 7070 7072
l 7071 7073
l 7072 7074
l 7073 7075
l 7074 7076
l 7075 7077
l 7076 7078
l 7077 7079
l 7078 7080
l 7079 7081
l 7080 7082
l 7081 7083
l 7082 7084
l 7083 7085
l 7084 7086
l 7085 7087
l 7086 7088
l 7087 7089
l 7088 7090
l 7089 7091
l 7090 7092
l 7091 7093
l 7092 7094
l 7093 7095
l 7094 7096
l 7095 7097
l 7096 7098
l 7097 7099
l 7098 7100
l 7099 7101
l 7100 7102
l 7101 7103
l 7102 7104
l 7103 7105
l 7104 7106
l 7105 7107
l 7106 7108
l 7107 7109
l 7108 7110
l 7109 7111
l 7110 7112
l 7111 7113
l 7112 7114
l 7113 7115
l 7114 7116
l 7115 7117
l 7116 7118
l 7117 7119
l 7118 7120
l 7119 7121
l 7120 7122
l 7121 7123
l 7122 7124
l 7123 7125
l 7124 7126
l 7125 7127
l 7126 7128
l 7127 7129
l 7128 7130
l 7129 7131
l 7130 7132
l 7131 7133
l 7132 7134
l 7133 7135
l 7134 7136
l 7135 7137
l 7136 7138
l 7137 7139
l 7138 7140
l 7139 7141
l 7140 7142
l 7141 7143
l 7142 7144
l 7143 7145
l 7144 7146
l 7145 7147
l 7146 7148
l 7147 7149
l 7148 7150
l 7149 7151
l 7150 7152
l 7151 7153
l 7152 7154
l 7153 7155
l 7154 7156
l 7155 7157
l 7156 7158
l 7157 7159
l 7158 7160
l 7159 7161
l 7160 7162
l 7161 7163
l 7162 7164
l 7163 7165
l 7164 7166
l 7165 7167
l 7166 7168
l 7167 7169
l 7168 7170
l 7169 7171
l 7170 7172
l 7171 7173
l 7172 7174
l 7173 7175
l 7174 7176
l 7175 7176
l 7177 7179
l 7178 7180
l 7181 7182
l 7183 7184
l 7184 7186
l 7185 7187
l 7187 7188
l 7188 7190
l 7189 7191
l 7192 7194
l 7193 7195
l 7194 7196
l 7197 7198
l 7199 7201
l 7200 7202
l 7201 7203
l 7203 7205
l 7204 7206
l 7205 7207
l 7208 7209
l 7210 7212
l 7211 7213
l 7214 7215
l 7215 7216
l 7217 7219
l 7218 7220
l 7221 7222
l 7222 7224
l 7223 7225
l 7224 7226
l 7226 7227
l 7228 7229
l 7230 7231
l 7230 7235
l 7231 7232
l 7232 7249
l 7232 7250
l 7233 7252
l 7233 7253
l 7234 7256
l 7234 7257
l 7235 7259
l 7235 7260
l 7236 7262
l 7237 7264
l 7237 7265
l 7238 7270
l 7239 7266
l 7239 7267
l 7239 7271
l 7239 7272
l 7240 7271
l 7240 7272
l 7240 7275
l 7240 7279
l 7241 7243
l 7241 7259
l 7242 7244
l 7242 7260
l 7243 7249
l 7244 7250
l 7245 7274
l 7245 7279
l 7246 7280
l 7247 7281
l 7247 7282
l 7248 7276
l 7248 7277
l 7249 7295
l 7250 7296
l 7251 7283
l 7251 7284
l 7253 7298
l 7254 7297
l 7254 7301
l 7255 7298
l 7255 7304
l 7256 7297
l 7256 7303
l 7257 7304
l 7258 7285
l 7258 7286
l 7259 7306
l 7260 7307
l 7261 7299
l 7262 7300
l 7263 7288
l 7263 7289
l 7264 7309
l 7265 7308
l 7266 7310
l 7267 7316
l 7268 7311
l 7269 7312
l 7269 7325
l 7272 7315
l 7272 7316
l 7273 7324
l 7273 7325
l 7275 7323
l 7276 7324
l 7278 7320
l 7278 7321
l 7280 7327
l 7281 7328
l 7282 7329
l 7283 7330
l 7284 7331
l 7286 7333
l 7287 7336
l 7288 7337
l 7288 7338
l 7289 7348
l 7290 7292
l 7290 7306
l 7291 7293
l 7291 7307
l 7292 7295
l 7293 7296
l 7294 7335
l 7294 7349
l 7295 7448
l 7296 7449
l 7297 7453
l 7298 7454
l 7299 7450
l 7300 7451
l 7301 7450
l 7302 7452
l 7303 7453
l 7303 7455
l 7304 7456
l 7305 7339
l 7305 7349
l 7306 7461
l 7307 7462
l 7308 7471
l 7309 7472
l 7310 7473
l 7312 7469
l 7313 7470
l 7313 7471
l 7315 7474
l 7317 7350
l 7317 7351
l 7317 7366
l 7318 7319
l 7319 7354
l 7319 7355
l 7320 7473
l 7321 7473
l 7321 7481
l 7321 7499
l 7322 7477
l 7322 7478
l 7323 7479
l 7323 7480
l 7324 7495
l 7325 7495
l 7326 7488
l 7328 7490
l 7329 7491
l 7330 7478
l 7330 7497
l 7331 7479
l 7332 7508
l 7334 7367
l 7334 7368
l 7338 7506
l 7338 7510
l 7339 7417
l 7340 8304
l 7341 8305
l 7342 8306
l 7343 8307
l 7344 8308
l 7345 8309
l 7346 8310
l 7347 8311
l 7348 7511
l 7349 7423
l 7350 7418
l 7351 7419
l 7352 7354
l 7353 7355
l 7356 8486
l 7357 8487
l 7358 8488
l 7359 8489
l 7360 8490
l 7361 8491
l 7362 8492
l 7363 8493
l 7364 8494
l 7365 8495
l 7367 7424
l 7369 7468
l 7370 7371
l 7374 7375
l 7376 7377
l 7378 7379
l 7380 7584
l 7380 7588
l 7381 7414
l 7381 7609
l 7382 7383
l 7382 7388
l 7382 7582
l 7384 7584
l 7384 7588
l 7385 7585
l 7386 7615
l 7387 7586
l 7388 7587
l 7389 7588
l 7392 7393
l 7392 7591
l 7394 7592
l 7395 7590
l 7396 7631
l 7397 7593
l 7397 7617
l 7398 7594
l 7398 7632
l 7400 7596
l 7401 7402
l 7401 7597
l 7403 7598
l 7403 7599
l 7405 7600
l 7406 7601
l 7408 7603
l 7409 7604
l 7409 7618
l 7410 7605
l 7410 7619
l 7411 7602
l 7411 7606
l 7412 7607
l 7413 7609
l 7413 7610
l 7415 7609
l 7416 7620
l 7417 7621
l 7417 7636
l 7418 7624
l 7419 7627
l 7420 7422
l 7421 7423
l 7421 7624
l 7421 7626
l 7422 7634
l 7423 7635
l 7424 7625
l 7425 7649
l 7426 7430
l 7427 7431
l 7428 7432
l 7429 7433
l 7434 7444
l 7435 7445
l 7436 7439
l 7437 7440
l 7438 7441
l 7442 7446
l 7442 7461
l 7443 7447
l 7443 7462
l 7446 7448
l 7447 7449
l 7448 7786
l 7449 7787
l 7450 7793
l 7452 7795
l 7455 7796
l 7456 7797
l 7457 7464
l 7458 7465
l 7459 7466
l 7460 7467
l 7461 7780
l 7462 7781
l 7463 7483
l 7470 7763
l 7471 7763
l 7471 7765
l 7472 7764
l 7473 7766
l 7474 7767
l 7475 7476
l 7475 7486
l 7476 7487
l 7477 7772
l 7479 7770
l 7479 7773
l 7480 7773
l 7480 7778
l 7481 7775
l 7482 7777
l 7482 7778
l 7483 7484
l 7483 7485
l 7486 7487
l 7489 7790
l 7490 7788
l 7491 7791
l 7492 7505
l 7493 7686
l 7494 7687
l 7495 7761
l 7496 7688
l 7497 7769
l 7498 7689
l 7499 7776
l 7500 7779
l 7501 7690
l 7502 7691
l 7503 7692
l 7504 7693
l 7506 7789
l 7507 7792
l 7508 7799
l 7509 7800
l 7511 7792
l 7512 7886
l 7513 7887
l 7514 7888
l 7515 7889
l 7516 7890
l 7517 7891
l 7518 7892
l 7519 7893
l 7520 7894
l 7521 7532
l 7522 7533
l 7523 7534
l 7524 7997
l 7525 7529
l 7525 7998
l 7526 7999
l 7527 8000
l 7528 8001
l 7529 8002
l 7530 8003
l 7531 8004
l 7535 7538
l 7536 7537
l 7537 7540
l 7539 7540
l 7541 7542
l 7543 7550
l 7544 7907
l 7545 8159
l 7546 7547
l 7548 8160
l 7549 8161
l 7550 7910
l 7551 8162
l 7552 8163
l 7553 7563
l 7553 7911
l 7554 8166
l 7555 8167
l 7556 7912
l 7557 7562
l 7558 7559
l 7560 8168
l 7561 8169
l 7562 7566
l 7564 8170
l 7565 7918
l 7566 7569
l 7567 7568
l 7567 7576
l 7568 7577
l 7569 7573
l 7570 7571
l 7570 7572
l 7572 7574
l 7573 7575
l 7573 7948
l 7574 7575
l 7575 7963
l 7576 7577
l 7578 7611
l 7579 7612
l 7580 7613
l 7581 7614
l 7620 7758
l 7621 7760
l 7622 7637
l 7623 7638
l 7624 7750
l 7625 7751
l 7626 7635
l 7626 7752
l 7627 7634
l 7627 7753
l 7628 7639
l 7629 7899
l 7630 7867
l 7633 7885
l 7634 7757
l 7634 7759
l 7635 7754
l 7635 7756
l 7636 7759
l 7636 7760
l 7640 7646
l 7641 7642
l 7642 7648
l 7643 7863
l 7643 7866
l 7644 7865
l 7645 7877
l 7645 7881
l 7647 7648
l 7649 7748
l 7650 7749
l 7651 7652
l 7651 7655
l 7651 7857
l 7652 7896
l 7653 7858
l 7653 7861
l 7653 7862
l 7654 7859
l 7655 7897
l 7656 7860
l 7657 7862
l 7658 7864
l 7659 7866
l 7660 7869
l 7661 7866
l 7662 7867
l 7663 7868
l 7664 7869
l 7665 7870
l 7665 7900
l 7666 7871
l 7667 7872
l 7668 7873
l 7670 7879
l 7672 7877
l 7673 7878
l 7674 7879
l 7675 7880
l 7676 7882
l 7677 7883
l 7678 7884
l 7679 7885
l 7680 7681
l 7682 7855
l 7683 7856
l 7684 7853
l 7685 7854
l 7686 7740
l 7687 7741
l 7688 7742
l 7689 7743
l 7690 7744
l 7691 7745
l 7692 7746
l 7693 7747
l 7694 7830
l 7695 7836
l 7696 7827
l 7697 7828
l 7698 7829
l 7699 7831
l 7700 7832
l 7700 7836
l 7701 7836
l 7702 7852
l 7703 7834
l 7703 7837
l 7704 7835
l 7705 7852
l 7706 7838
l 7707 7839
l 7709 7841
l 7710 7842
l 7711 7843
l 7712 7844
l 7713 7845
l 7714 7841
l 7714 7847
l 7715 7845
l 7716 7846
l 7717 7847
l 7718 7848
l 7719 7849
l 7720 7850
l 7721 7851
l 7722 7814
l 7723 7815
l 7724 7816
l 7725 7817
l 7726 7818
l 7727 7810
l 7728 7811
l 7729 7812
l 7730 7813
l 7731 7806
l 7732 7807
l 7733 7808
l 7734 7809
l 7735 7801
l 7736 7802
l 7737 7803
l 7738 7804
l 7739 7805
l 7740 7819
l 7741 7820
l 7742 7821
l 7743 7822
l 7744 7823
l 7745 7824
l 7746 7825
l 7747 7826
l 7750 7973
l 7751 7974
l 7752 7754
l 7752 7975
l 7753 7755
l 7753 7976
l 7754 7982
l 7757 7977
l 7757 7984
l 7758 7982
l 7758 7983
l 7759 7984
l 7763 8083
l 7763 8108
l 7763 8110
l 7764 8109
l 7765 8085
l 7765 8110
l 7766 8111
l 7767 8085
l 7768 8084
l 7768 8112
l 7770 8068
l 7772 8067
l 7773 8068
l 7774 8087
l 7775 8069
l 7776 8070
l 7779 8054
l 7780 7782
l 7780 8132
l 7781 7783
l 7781 8133
l 7782 7784
l 7783 7785
l 7784 7786
l 7785 7787
l 7786 8142
l 7787 8143
l 7788 8077
l 7790 8078
l 7791 8079
l 7792 8064
l 7792 8066
l 7793 8144
l 7794 8145
l 7795 8147
l 7796 8149
l 7797 8150
l 7798 8122
l 7799 8080
l 7800 8081
l 7819 8036
l 7820 8037
l 7821 8038
l 7822 8039
l 7823 8040
l 7824 8041
l 7825 8042
l 7826 8043
l 7895 7901
l 7898 8220
l 7902 8214
l 7903 8215
l 7904 8213
l 7905 8228
l 7906 7910
l 7908 7909
l 7911 7917
l 7913 7916
l 7914 7915
l 7916 7924
l 7919 7920
l 7920 7965
l 7921 8213
l 7923 8216
l 7924 7940
l 7925 8218
l 7926 8213
l 7926 8217
l 7927 8219
l 7929 8222
l 7930 8223
l 7931 7932
l 7931 7933
l 7934 8225
l 7935 8227
l 7936 8228
l 7937 8223
l 7937 8229
l 7938 8230
l 7940 7948
l 7941 7942
l 7941 7947
l 7943 8233
l 7945 8234
l 7946 8235
l 7947 7962
l 7948 7963
l 7949 8237
l 7949 8238
l 7950 8257
l 7951 8239
l 7953 8241
l 7954 8242
l 7956 8244
l 7958 8246
l 7959 8247
l 7960 8248
l 7961 8249
l 7962 7963
l 7964 7965
l 7966 7967
l 7968 8197
l 7969 7978
l 7970 7979
l 7971 7980
l 7972 7981
l 7973 8209
l 7974 8210
l 7974 8212
l 7975 7982
l 7976 7977
l 7976 8212
l 7977 8250
l 7983 8259
l 7983 8269
l 7984 8260
l 7985 7990
l 7986 7987
l 7986 7988
l 7987 7989
l 7988 7989
l 7991 7992
l 7991 7993
l 7992 7994
l 7993 7994
l 7995 7996
l 7998 8002
l 8005 8006
l 8006 8007
l 8007 8008
l 8008 8009
l 8010 8396
l 8011 8405
l 8012 8397
l 8013 8399
l 8014 8402
l 8015 8028
l 8016 8029
l 8017 8030
l 8018 8394
l 8019 8395
l 8020 8398
l 8021 8400
l 8022 8406
l 8023 8025
l 8024 8026
l 8025 8027
l 8026 8031
l 8027 8032
l 8031 8033
l 8032 8034
l 8033 8035
l 8044 8060
l 8045 8061
l 8046 8062
l 8047 8063
l 8048 8051
l 8049 8050
l 8049 8056
l 8050 8057
l 8051 8055
l 8052 8336
l 8052 8339
l 8053 8326
l 8055 8058
l 8056 8057
l 8058 8059
l 8064 8313
l 8065 8312
l 8065 8327
l 8065 8328
l 8066 8313
l 8067 8325
l 8069 8340
l 8069 8349
l 8070 8340
l 8071 8072
l 8071 8073
l 8072 8074
l 8073 8075
l 8075 8091
l 8075 8436
l 8076 8342
l 8077 8343
l 8079 8344
l 8081 8331
l 8082 8335
l 8084 8347
l 8084 8356
l 8085 8350
l 8085 8355
l 8086 8349
l 8087 8350
l 8088 8089
l 8090 8115
l 8090 8434
l 8091 8435
l 8092 8118
l 8092 8119
l 8092 8437
l 8093 8096
l 8094 8097
l 8095 8098
l 8099 8471
l 8100 8472
l 8101 8473
l 8102 8474
l 8103 8475
l 8104 8476
l 8105 8477
l 8106 8478
l 8107 8479
l 8108 8353
l 8109 8352
l 8110 8355
l 8111 8352
l 8111 8354
l 8112 8354
l 8113 8430
l 8114 8116
l 8114 8430
l 8115 8430
l 8115 8431
l 8116 8432
l 8117 8432
l 8118 8432
l 8118 8433
l 8120 8434
l 8121 8437
l 8123 8136
l 8124 8137
l 8125 8138
l 8126 8154
l 8127 8153
l 8128 8131
l 8129 8130
l 8129 8175
l 8130 8154
l 8132 8176
l 8132 8374
l 8133 8177
l 8133 8375
l 8135 8139
l 8140 8141
l 8142 8178
l 8142 8388
l 8143 8179
l 8144 8376
l 8146 8376
l 8146 8390
l 8147 8391
l 8148 8393
l 8149 8378
l 8149 8392
l 8150 8379
l 8151 8157
l 8152 8158
l 8153 8154
l 8154 8164
l 8155 8372
l 8156 8287
l 8164 8367
l 8165 8368
l 8171 8174
l 8171 8370
l 8172 8384
l 8173 8175
l 8173 8386
l 8174 8371
l 8175 8372
l 8176 8178
l 8177 8179
l 8180 8182
l 8181 8183
l 8182 8184
l 8183 8185
l 8184 8186
l 8185 8187
l 8186 8188
l 8189 8193
l 8190 8194
l 8191 8195
l 8192 8196
l 8198 8289
l 8199 8201
l 8200 8202
l 8201 8203
l 8202 8204
l 8203 8205
l 8204 8206
l 8205 8207
l 8206 8208
l 8209 8291
l 8210 8290
l 8211 8259
l 8211 8291
l 8211 8292
l 8212 8250
l 8213 8214
l 8223 8224
l 8231 8251
l 8234 8235
l 8234 8237
l 8249 8258
l 8250 8298
l 8251 8252
l 8252 8254
l 8253 8255
l 8256 8263
l 8259 8297
l 8260 8316
l 8261 8262
l 8263 8264
l 8265 8266
l 8267 8268
l 8269 8315
l 8270 8272
l 8271 8273
l 8273 8276
l 8274 8278
l 8276 8279
l 8277 8280
l 8278 8281
l 8280 8282
l 8281 8283
l 8282 8284
l 8283 8285
l 8284 8286
l 8288 8314
l 8289 8332
l 8289 8338
l 8290 8338
l 8291 8314
l 8291 8332
l 8292 8295
l 8292 8345
l 8293 8296
l 8293 8345
l 8294 8299
l 8297 8346
l 8298 8351
l 8299 8300
l 8300 8302
l 8301 8303
l 8312 8459
l 8315 8346
l 8315 8351
l 8316 8351
l 8317 8461
l 8318 8462
l 8319 8321
l 8320 8322
l 8321 8323
l 8322 8324
l 8325 8463
l 8327 8467
l 8328 8464
l 8329 8468
l 8330 8469
l 8333 8351
l 8333 8373
l 8334 8351
l 8334 8373
l 8335 8480
l 8336 8481
l 8337 8484
l 8340 8482
l 8341 8496
l 8342 8497
l 8343 8498
l 8344 8499
l 8345 8346
l 8347 8500
l 8348 8483
l 8350 8483
l 8352 8501
l 8353 8502
l 8355 8505
l 8356 8500
l 8356 8504
l 8357 8359
l 8358 8360
l 8359 8361
l 8360 8362
l 8361 8363
l 8362 8364
l 8363 8365
l 8364 8366
l 8367 8384
l 8368 8369
l 8370 8371
l 8372 8386
l 8374 8417
l 8374 8508
l 8375 8418
l 8375 8509
l 8377 8514
l 8378 8515
l 8379 8516
l 8380 8401
l 8381 8384
l 8382 8387
l 8383 8387
l 8385 8404
l 8386 8404
l 8388 8423
l 8388 8517
l 8389 8424
l 8390 8519
l 8391 8520
l 8392 8521
l 8401 8404
l 8403 8404
l 8407 8409
l 8408 8410
l 8409 8411
l 8410 8412
l 8411 8413
l 8412 8414
l 8413 8415
l 8414 8416
l 8417 8423
l 8418 8424
l 8419 8421
l 8420 8422
l 8425 8426
l 8426 8427
l 8427 8428
l 8428 8429
l 8431 8434
l 8433 8444
l 8438 8440
l 8439 8445
l 8441 8444
l 8442 8443
l 8442 8444
l 8444 8445
l 8446 8448
l 8447 8449
l 8449 8451
l 8450 8452
l 8451 8453
l 8452 8454
l 8453 8455
l 8456 8457
l 8457 8458
l 8459 8507
l 8460 8507
l 8461 8506
l 8462 8506
l 8463 8511
l 8464 8512
l 8465 8507
l 8466 8506
l 8467 8512
l 8468 8507
l 8469 8522
l 8470 8522
l 8480 8523
l 8481 8523
l 8482 8525
l 8484 8524
l 8485 8524
l 8496 8526
l 8497 8526
l 8498 8527
l 8499 8527
l 8501 8533
l 8502 8528
l 8502 8534
l 8503 8533
l 8503 8534
l 8504 8535
l 8505 8535
l 8508 8529
l 8508 8536
l 8509 8530
l 8509 8536
l 8510 8537
l 8513 8538
l 8515 8539
l 8516 8539
l 8517 8531
l 8518 8532
l 8518 8540
l 8519 8541
l 8520 8541
l 8529 8531
l 8530 8532
l 8536 8542
l 8540 8543
l 8542 8543
